tick,energy,eats,distance,conn_1_6_weight,conn_2_7_weight,conn_3_8_weight,conn_4_9_weight,food_north_sensed,food_east_sensed,food_south_sensed,food_west_sensed
0,30,0,0,0.050000,0.050000,0.050000,0.050000,0,0,0,0
1,29,0,0,0.050000,0.050000,0.050000,0.050000,0,0,0,0
2,27,0,1,0.050000,0.060918,0.060918,0.050000,0,1,1,0
3,25,0,2,0.050000,0.068758,0.061490,0.050000,0,1,0,0
4,29,1,2,0.050000,0.082658,0.061490,0.050000,0,1,0,0
5,27,1,3,0.050000,0.083416,0.061490,0.057051,0,0,0,1
6,25,1,4,0.050000,0.083416,0.061490,0.057589,0,0,0,0
7,23,1,5,0.050000,0.083416,0.074722,0.057589,0,0,1,0
8,21,1,6,0.050000,0.092183,0.083416,0.057589,0,1,1,0
9,29,2,6,0.050000,0.112232,0.101770,0.057589,0,1,1,0
10,27,2,7,0.050000,0.113229,0.102684,0.057589,0,0,0,0
11,29,3,7,0.050000,0.113229,0.102684,0.057589,0,0,0,0
12,27,3,8,0.060918,0.135995,0.102684,0.057589,1,1,0,0
13,25,3,9,0.061490,0.137170,0.102684,0.057589,0,0,0,0
14,23,3,10,0.074722,0.163867,0.102684,0.057589,1,1,0,0
15,21,3,11,0.083416,0.165237,0.102684,0.057589,1,0,0,0
16,29,4,11,0.093864,0.165237,0.102684,0.057589,1,0,0,0
17,27,4,12,0.114233,0.196166,0.123623,0.057589,1,1,1,0
18,26,4,12,0.138353,0.233069,0.149395,0.057589,1,1,1,0
19,24,4,13,0.153234,0.234857,0.165237,0.057589,1,0,1,0
20,29,5,13,0.183894,0.234857,0.197743,0.057589,1,0,1,0
21,27,5,14,0.185395,0.255143,0.199329,0.063829,0,1,0,1
22,29,6,14,0.185395,0.299044,0.199329,0.078239,0,1,0,1
23,27,6,15,0.185395,0.301140,0.226015,0.078960,0,0,1,0
24,25,6,16,0.185395,0.301140,0.227764,0.078960,0,0,0,0
25,29,7,16,0.185395,0.301140,0.227764,0.078960,0,0,0,0
26,27,7,17,0.185395,0.301140,0.227764,0.078960,0,0,0,0
27,25,7,18,0.185395,0.301140,0.227764,0.078960,0,0,0,0
28,23,7,19,0.185395,0.301140,0.227764,0.078960,0,0,0,0
29,21,7,20,0.185395,0.301140,0.227764,0.078960,0,0,0,0
30,19,7,21,0.185395,0.301140,0.227764,0.078960,0,0,0,0
31,17,7,22,0.185395,0.333555,0.227764,0.090530,0,1,0,1
32,15,7,23,0.185395,0.335778,0.227764,0.091353,0,0,0,0
33,29,8,23,0.185395,0.335778,0.227764,0.091353,0,0,0,0
34,27,8,24,0.219113,0.335778,0.227764,0.110263,1,0,0,1
35,25,8,25,0.220824,0.360698,0.227764,0.122548,0,1,0,1
36,29,9,25,0.220824,0.410336,0.227764,0.146880,0,1,0,1
37,27,9,26,0.220824,0.412756,0.227764,0.148133,0,0,0,0
38,29,10,26,0.220824,0.412756,0.227764,0.148133,0,0,0,0
39,27,10,27,0.220824,0.444559,0.227764,0.148133,0,1,0,0
40,25,10,28,0.220824,0.447029,0.227764,0.169403,0,0,0,1
41,23,10,29,0.220824,0.447029,0.227764,0.202531,0,0,0,1
42,21,10,30,0.220824,0.447029,0.227764,0.231291,0,0,0,1
43,19,10,31,0.220824,0.484321,0.227764,0.233069,0,1,0,0
44,17,10,32,0.220824,0.486819,0.247635,0.233069,0,0,1,0
45,29,11,32,0.220824,0.486819,0.272579,0.233069,0,0,1,0
46,27,11,33,0.220824,0.514312,0.274561,0.233069,0,1,0,0
47,25,11,34,0.220824,0.516810,0.274561,0.233069,0,0,0,0
48,29,12,34,0.220824,0.516810,0.274561,0.233069,0,0,0,0
49,27,12,35,0.258954,0.516810,0.274561,0.233069,1,0,0,0
50,26,12,35,0.284609,0.516810,0.274561,0.233069,1,0,0,0
51,24,12,36,0.286645,0.516810,0.274561,0.257044,0,0,0,1
52,29,13,36,0.286645,0.516810,0.274561,0.286645,0,0,0,1
53,27,13,37,0.309608,0.516810,0.274561,0.288690,1,0,0,0
54,29,14,37,0.335778,0.516810,0.274561,0.288690,1,0,0,0
55,27,14,38,0.338008,0.516810,0.274561,0.288690,0,0,0,0
56,25,14,39,0.363004,0.544209,0.274561,0.288690,1,1,0,0
57,23,14,40,0.365317,0.546689,0.274561,0.288690,0,0,0,0
58,29,15,40,0.365317,0.546689,0.274561,0.288690,0,0,0,0
59,27,15,41,0.365317,0.546689,0.274561,0.326931,0,0,0,1
60,25,15,42,0.365317,0.546689,0.274561,0.329131,0,0,0,0
61,23,15,43,0.365317,0.578686,0.274561,0.329131,0,1,0,0
62,21,15,44,0.365317,0.581125,0.274561,0.329131,0,0,0,0
63,29,16,44,0.365317,0.581125,0.274561,0.329131,0,0,0,0
64,27,16,45,0.365317,0.581125,0.274561,0.329131,0,0,0,0
65,25,16,46,0.365317,0.581125,0.274561,0.329131,0,0,0,0
66,23,16,47,0.395915,0.581125,0.274561,0.329131,1,0,0,0
67,21,16,48,0.398306,0.581125,0.274561,0.329131,0,0,0,0
68,29,17,48,0.398306,0.581125,0.274561,0.329131,0,0,0,0
69,27,17,49,0.398306,0.581125,0.274561,0.329131,0,0,0,0
70,25,17,50,0.398306,0.581125,0.274561,0.329131,0,0,0,0
71,23,17,51,0.424916,0.581125,0.274561,0.329131,1,0,0,0
72,21,17,52,0.427359,0.581125,0.274561,0.329131,0,0,0,0
73,29,18,52,0.427359,0.581125,0.274561,0.329131,0,0,0,0
74,27,18,53,0.427359,0.607662,0.274561,0.329131,0,1,0,0
75,25,18,54,0.427359,0.610046,0.274561,0.329131,0,0,0,0
76,29,19,54,0.427359,0.610046,0.274561,0.329131,0,0,0,0
77,27,19,55,0.427359,0.610046,0.274561,0.329131,0,0,0,0
78,25,19,56,0.456931,0.638222,0.299044,0.329131,1,1,1,0
79,23,19,57,0.459413,0.665486,0.301140,0.329131,0,1,0,0
80,21,19,58,0.486819,0.667712,0.301140,0.353820,1,0,0,1
81,29,20,58,0.519307,0.667712,0.301140,0.384034,1,0,0,1
82,27,20,59,0.521803,0.667712,0.301140,0.386399,0,0,0,0
83,29,21,59,0.521803,0.667712,0.301140,0.386399,0,0,0,0
84,27,21,60,0.551643,0.667712,0.326931,0.415180,1,0,1,1
85,25,21,61,0.581125,0.667712,0.329131,0.417608,1,0,0,0
86,29,22,61,0.617167,0.667712,0.329131,0.417608,1,0,0,0
87,27,22,62,0.645129,0.691694,0.329131,0.444559,1,1,0,1
88,29,23,62,0.672142,0.716730,0.329131,0.474341,1,1,0,1
89,27,23,63,0.674345,0.718760,0.329131,0.476834,0,0,0,0
90,29,24,63,0.674345,0.718760,0.329131,0.476834,0,0,0,0
91,27,24,64,0.698067,0.740501,0.329131,0.476834,1,1,0,0
92,25,24,65,0.722794,0.742422,0.329131,0.476834,1,0,0,0
93,29,25,65,0.746237,0.742422,0.329131,0.476834,1,0,0,0
94,27,25,66,0.768339,0.762942,0.329131,0.504315,1,1,0,1
95,29,26,66,0.789064,0.784012,0.329131,0.534267,1,1,0,1
96,27,26,67,0.808400,0.785706,0.329131,0.536755,1,0,0,0
97,29,27,67,0.826358,0.785706,0.329131,0.536755,1,0,0,0
98,27,27,68,0.827793,0.803696,0.329131,0.536755,0,1,0,0
99,29,28,68,0.827793,0.821997,0.329131,0.536755,0,1,0,0
100,27,28,69,0.827793,0.823460,0.329131,0.536755,0,0,0,0
101,25,28,70,0.842962,0.838936,0.329131,0.536755,1,1,0,0
102,23,28,71,0.844286,0.840287,0.329131,0.536755,0,0,0,0
103,29,29,71,0.844286,0.840287,0.329131,0.536755,0,0,0,0
104,27,29,72,0.844286,0.840287,0.329131,0.536755,0,0,0,0
105,25,29,73,0.858253,0.840287,0.329131,0.536755,1,0,0,0
106,23,29,74,0.859470,0.840287,0.329131,0.536755,0,0,0,0
107,29,30,74,0.859470,0.840287,0.329131,0.536755,0,0,0,0
108,27,30,75,0.859470,0.840287,0.329131,0.536755,0,0,0,0
109,25,30,76,0.859470,0.840287,0.329131,0.536755,0,0,0,0
110,23,30,77,0.859470,0.854551,0.329131,0.536755,0,1,0,0
111,21,30,78,0.859470,0.855794,0.329131,0.536755,0,0,0,0
112,19,30,79,0.859470,0.868891,0.329131,0.536755,0,1,0,0
113,17,30,80,0.859470,0.870030,0.329131,0.536755,0,0,0,0
114,29,31,80,0.859470,0.870030,0.329131,0.536755,0,0,0,0
115,27,31,81,0.872283,0.870030,0.329131,0.536755,1,0,0,0
116,25,31,82,0.873397,0.870030,0.329131,0.563983,0,0,0,1
117,29,32,82,0.873397,0.870030,0.329131,0.593254,0,0,0,1
118,27,32,83,0.873397,0.870030,0.329131,0.595667,0,0,0,0
119,29,33,83,0.873397,0.870030,0.329131,0.595667,0,0,0,0
120,27,33,84,0.885112,0.870030,0.353820,0.595667,1,0,1,0
121,25,33,85,0.886129,0.870030,0.356106,0.595667,0,0,0,0
122,29,34,85,0.886129,0.870030,0.356106,0.595667,0,0,0,0
123,27,34,86,0.886129,0.870030,0.391146,0.595667,0,0,1,0
124,25,34,87,0.886129,0.870030,0.393528,0.595667,0,0,0,0
125,23,34,88,0.886129,0.882014,0.420040,0.595667,0,1,1,0
126,21,34,89,0.886129,0.883054,0.422476,0.595667,0,0,0,0
127,29,35,89,0.886129,0.883054,0.422476,0.595667,0,0,0,0
128,27,35,90,0.886129,0.883054,0.454452,0.595667,0,0,1,0
129,25,35,91,0.886129,0.883054,0.456931,0.595667,0,0,0,0
130,29,36,91,0.886129,0.883054,0.456931,0.595667,0,0,0,0
131,27,36,92,0.886129,0.883054,0.456931,0.595667,0,0,0,0
132,25,36,93,0.886129,0.883054,0.456931,0.595667,0,0,0,0
133,23,36,94,0.886129,0.883054,0.456931,0.595667,0,0,0,0
134,21,36,95,0.886129,0.883054,0.456931,0.595667,0,0,0,0
135,19,36,96,0.886129,0.883054,0.456931,0.595667,0,0,0,0
136,17,36,97,0.886129,0.883054,0.486819,0.595667,0,0,1,0
137,15,36,98,0.886129,0.883054,0.526793,0.595667,0,0,1,0
138,29,37,98,0.886129,0.883054,0.561520,0.595667,0,0,1,0
139,27,37,99,0.886129,0.883054,0.563983,0.595667,0,0,0,0
140,29,38,99,0.886129,0.883054,0.563983,0.595667,0,0,0,0
141,27,38,100,0.886129,0.883054,0.598076,0.595667,0,0,1,0
142,25,38,101,0.886129,0.883054,0.600480,0.595667,0,0,0,0
143,29,39,101,0.886129,0.883054,0.600480,0.595667,0,0,0,0
144,27,39,102,0.886129,0.883054,0.600480,0.595667,0,0,0,0
145,25,39,103,0.886129,0.883054,0.626584,0.621887,0,0,1,1
146,23,39,104,0.886129,0.883054,0.628923,0.624238,0,0,0,0
147,29,40,104,0.886129,0.883054,0.628923,0.624238,0,0,0,0
148,27,40,105,0.886129,0.883054,0.654246,0.624238,0,0,1,0
149,25,40,106,0.886129,0.883054,0.656508,0.624238,0,0,0,0
150,29,41,106,0.886129,0.883054,0.656508,0.624238,0,0,0,0
151,27,41,107,0.886129,0.883054,0.656508,0.624238,0,0,0,0
152,25,41,108,0.886129,0.883054,0.656508,0.649701,0,0,0,1
153,23,41,109,0.886129,0.883054,0.656508,0.651977,0,0,0,0
154,21,41,110,0.886129,0.883054,0.656508,0.651977,0,0,0,0
155,19,41,111,0.886129,0.883054,0.656508,0.651977,0,0,0,0
156,17,41,112,0.886129,0.883054,0.656508,0.651977,0,0,0,0
157,15,41,113,0.886129,0.893985,0.656508,0.651977,0,1,0,0
158,13,41,114,0.886129,0.904874,0.656508,0.651977,0,1,0,0
159,29,42,114,0.886129,0.914752,0.656508,0.651977,0,1,0,0
160,27,42,115,0.886129,0.915531,0.656508,0.651977,0,0,0,0
161,29,43,115,0.886129,0.915531,0.656508,0.651977,0,0,0,0
162,27,43,116,0.886129,0.915531,0.656508,0.651977,0,0,0,0
163,25,43,117,0.886129,0.915531,0.680910,0.651977,0,0,1,0
164,23,43,118,0.886129,0.915531,0.683083,0.676541,0,0,0,1
165,29,44,118,0.886129,0.915531,0.683083,0.702274,0,0,0,1
166,27,44,119,0.886129,0.915531,0.683083,0.704365,0,0,0,0
167,29,45,119,0.886129,0.915531,0.683083,0.704365,0,0,0,0
168,27,45,120,0.886129,0.915531,0.683083,0.704365,0,0,0,0
169,25,45,121,0.886129,0.915531,0.683083,0.704365,0,0,0,0
170,23,45,122,0.886129,0.915531,0.683083,0.704365,0,0,0,0
171,21,45,123,0.886129,0.915531,0.706447,0.704365,0,0,1,0
172,19,45,124,0.886129,0.915531,0.708521,0.704365,0,0,0,0
173,29,46,124,0.886129,0.915531,0.708521,0.704365,0,0,0,0
174,27,46,125,0.886129,0.915531,0.708521,0.704365,0,0,0,0
175,25,46,126,0.886129,0.923691,0.708521,0.704365,0,1,0,0
176,23,46,127,0.886129,0.924396,0.708521,0.704365,0,0,0,0
177,29,47,127,0.886129,0.924396,0.708521,0.704365,0,0,0,0
178,27,47,128,0.896806,0.931764,0.730754,0.704365,1,1,1,0
179,25,47,129,0.907435,0.932400,0.732722,0.704365,1,0,0,0
180,23,47,130,0.917072,0.939039,0.753756,0.726792,1,1,1,1
181,21,47,131,0.925788,0.939612,0.755612,0.728778,1,0,0,0
182,29,48,131,0.933655,0.939612,0.755612,0.728778,1,0,0,0
183,27,48,132,0.940742,0.945585,0.755612,0.750015,1,1,0,1
184,29,49,132,0.947115,0.951464,0.755612,0.771889,1,1,0,1
185,27,49,133,0.952837,0.956738,0.755612,0.773650,1,1,0,0
186,29,50,133,0.957968,0.961462,0.755612,0.773650,1,1,0,0
187,27,50,134,0.958371,0.965689,0.755612,0.773650,0,1,0,0
188,29,51,134,0.958371,0.970056,0.755612,0.773650,0,1,0,0
189,27,51,135,0.958371,0.970347,0.775401,0.773650,0,0,1,0
190,29,52,135,0.958371,0.970347,0.795663,0.773650,0,0,1,0
191,27,52,136,0.958371,0.973367,0.814539,0.773650,0,1,1,0
192,29,53,136,0.958371,0.976320,0.832041,0.773650,0,1,1,0
193,27,53,137,0.958371,0.976551,0.833439,0.773650,0,0,0,0
194,29,54,137,0.958371,0.976551,0.833439,0.773650,0,0,0,0
195,27,54,138,0.962563,0.978953,0.848203,0.773650,1,1,1,0
196,25,54,139,0.962924,0.979159,0.849490,0.773650,0,0,0,0
197,29,55,139,0.962924,0.979159,0.849490,0.773650,0,0,0,0
198,27,55,140,0.962924,0.979159,0.863067,0.792383,0,0,1,1
199,25,55,141,0.962924,0.979159,0.876690,0.794028,0,0,1,0
200,29,56,141,0.962924,0.979159,0.889132,0.794028,0,0,1,0
201,27,56,142,0.962924,0.979159,0.890118,0.811489,0,0,0,1
202,29,57,142,0.962924,0.979159,0.890118,0.829218,0,0,0,1
203,27,57,143,0.962924,0.979159,0.890118,0.830635,0,0,0,0
204,29,58,143,0.962924,0.979159,0.890118,0.830635,0,0,0,0
205,27,58,144,0.966674,0.979159,0.890118,0.845601,1,0,0,1
206,25,58,145,0.970347,0.979159,0.890118,0.846906,1,0,0,0
207,23,58,146,0.973626,0.979159,0.900464,0.860678,1,0,1,1
208,29,59,146,0.976551,0.981299,0.910754,0.874503,1,1,1,1
209,27,59,147,0.976780,0.981483,0.911567,0.875600,0,0,0,0
210,29,60,147,0.976780,0.981483,0.911567,0.875600,0,0,0,0
211,27,60,148,0.976780,0.983389,0.920076,0.875600,0,1,1,0
212,25,60,149,0.976780,0.983552,0.920811,0.875600,0,0,0,0
213,29,61,149,0.976780,0.983552,0.920811,0.875600,0,0,0,0
214,27,61,150,0.976780,0.983552,0.928501,0.875600,0,0,1,0
215,25,61,151,0.976780,0.983552,0.929165,0.875600,0,0,0,0
216,23,61,152,0.979159,0.983552,0.929165,0.875600,1,0,0,0
217,29,62,152,0.981483,0.983552,0.929165,0.875600,1,0,0,0
218,27,62,153,0.981665,0.983552,0.929165,0.875600,0,0,0,0
219,29,63,153,0.981665,0.983552,0.929165,0.875600,0,0,0,0
220,27,63,154,0.983552,0.983552,0.929165,0.875600,1,0,0,0
221,25,63,155,0.983714,0.983552,0.929165,0.875600,0,0,0,0
222,29,64,155,0.983714,0.983552,0.929165,0.875600,0,0,0,0
223,27,64,156,0.985393,0.985248,0.929165,0.887138,1,1,0,1
224,25,64,157,0.985537,0.985393,0.929165,0.898649,0,0,0,1
225,29,65,157,0.985537,0.985393,0.929165,0.909108,0,0,0,1
226,27,65,158,0.987031,0.985393,0.936100,0.918586,1,0,1,1
227,29,66,158,0.988487,0.985393,0.942942,0.927156,1,0,1,1
228,27,66,159,0.988601,0.985393,0.943480,0.934888,0,0,0,1
229,29,67,159,0.988601,0.985393,0.943480,0.941852,0,0,0,1
230,27,67,160,0.988601,0.985393,0.949092,0.942399,0,0,1,0
231,29,68,160,0.988601,0.985393,0.954611,0.942399,0,0,1,0
232,27,68,161,0.988601,0.985393,0.959557,0.942399,0,0,1,0
233,29,69,161,0.988601,0.985393,0.963985,0.942399,0,0,1,0
234,27,69,162,0.988601,0.986902,0.967944,0.948112,0,1,1,1
235,25,69,163,0.988601,0.988372,0.968255,0.948604,0,1,0,0
236,29,70,163,0.988601,0.989680,0.968255,0.948604,0,1,0,0
237,27,70,164,0.988601,0.990841,0.971481,0.948604,0,1,1,0
238,29,71,164,0.988601,0.991873,0.974639,0.948604,0,1,1,0
239,27,71,165,0.988601,0.991954,0.974886,0.948604,0,0,0,0
240,29,72,165,0.988601,0.991954,0.974886,0.948604,0,0,0,0
241,27,72,166,0.988601,0.991954,0.977454,0.948604,0,0,1,0
242,25,72,167,0.988601,0.991954,0.977675,0.948604,0,0,0,0
243,29,73,167,0.988601,0.991954,0.977675,0.948604,0,0,0,0
244,27,73,168,0.988601,0.992790,0.979964,0.948604,0,1,1,0
245,25,73,169,0.988601,0.992862,0.980160,0.948604,0,0,0,0
246,29,74,169,0.988601,0.992862,0.980160,0.948604,0,0,0,0
247,27,74,170,0.988601,0.992862,0.982200,0.948604,0,0,1,0
248,25,74,171,0.988601,0.992862,0.984190,0.948604,0,0,1,0
249,29,75,171,0.988601,0.992862,0.985960,0.948604,0,0,1,0
250,27,75,172,0.988601,0.992862,0.986099,0.953732,0,0,0,1
251,29,76,172,0.988601,0.992862,0.986099,0.958770,0,0,0,1
252,27,76,173,0.988601,0.992862,0.986099,0.959165,0,0,0,0
253,29,77,173,0.988601,0.992862,0.986099,0.959165,0,0,0,0
254,27,77,174,0.989782,0.992862,0.987535,0.959165,1,0,1,0
255,25,77,175,0.989883,0.992862,0.987659,0.959165,0,0,0,0
256,29,78,175,0.989883,0.992862,0.987659,0.959165,0,0,0,0
257,27,78,176,0.990932,0.992862,0.987659,0.959165,1,0,0,0
258,25,78,177,0.991954,0.992862,0.987659,0.959165,1,0,0,0
259,29,79,177,0.992862,0.992862,0.987659,0.959165,1,0,0,0
260,27,79,178,0.993667,0.993604,0.987659,0.959165,1,1,0,0
261,25,79,179,0.994383,0.993667,0.987659,0.963281,1,0,0,1
262,23,79,180,0.995018,0.994326,0.988936,0.967315,1,1,1,1
263,29,80,180,0.995581,0.994968,0.990180,0.970919,1,1,1,1
264,27,80,181,0.995625,0.995018,0.990278,0.974137,0,0,0,1
265,29,81,181,0.995625,0.995018,0.990278,0.977007,0,0,0,1
266,27,81,182,0.995625,0.995018,0.991286,0.977232,0,0,1,0
267,25,81,183,0.996081,0.995018,0.992269,0.977232,1,0,1,0
268,29,82,183,0.996525,0.995018,0.993141,0.977232,1,0,1,0
269,27,82,184,0.996560,0.995537,0.993209,0.979566,0,1,0,1
270,29,83,184,0.996560,0.996042,0.993209,0.981845,0,1,0,1
271,27,83,185,0.996560,0.996081,0.993209,0.982023,0,0,0,0
272,29,84,185,0.996560,0.996081,0.993209,0.982023,0,0,0,0
273,27,84,186,0.996560,0.996490,0.993915,0.983874,0,1,1,1
274,25,84,187,0.996560,0.996525,0.994603,0.984033,0,0,1,0
275,29,85,187,0.996560,0.996525,0.995213,0.984033,0,0,1,0
276,27,85,188,0.996560,0.996525,0.995261,0.985680,0,0,0,1
277,29,86,188,0.996560,0.996525,0.995261,0.987286,0,0,0,1
278,27,86,189,0.996560,0.996525,0.995261,0.987411,0,0,0,0
279,29,87,189,0.996560,0.996525,0.995261,0.987411,0,0,0,0
280,27,87,190,0.996560,0.996525,0.995261,0.987411,0,0,0,0
281,25,87,191,0.996560,0.996525,0.995261,0.987411,0,0,0,0
282,23,87,192,0.996560,0.996888,0.995261,0.988714,0,1,0,1
283,21,87,193,0.996560,0.996919,0.995261,0.988825,0,0,0,0
284,29,88,193,0.996560,0.996919,0.995261,0.988825,0,0,0,0
285,27,88,194,0.996919,0.996919,0.995261,0.988825,1,0,0,0
286,25,88,195,0.996949,0.996919,0.995261,0.988825,0,0,0,0
287,29,89,195,0.996949,0.996919,0.995261,0.988825,0,0,0,0
288,27,89,196,0.997268,0.996919,0.995261,0.989983,1,0,0,1
289,25,89,197,0.997295,0.996919,0.995261,0.991111,0,0,0,1
290,29,90,197,0.997295,0.996919,0.995261,0.992113,0,0,0,1
291,27,90,198,0.997295,0.996919,0.995261,0.993003,0,0,0,1
292,25,90,199,0.997577,0.996919,0.995261,0.993793,1,0,0,1
293,29,91,199,0.997852,0.996919,0.995261,0.994494,1,0,0,1
294,27,91,200,0.998096,0.996919,0.995755,0.995116,1,0,1,1
295,29,92,200,0.998312,0.996919,0.996235,0.995669,1,0,1,1
296,27,92,201,0.998328,0.996919,0.996273,0.995712,0,0,0,0
297,29,93,201,0.998328,0.996919,0.996273,0.995712,0,0,0,0
298,27,93,202,0.998503,0.996919,0.996661,0.995712,1,0,1,0
299,25,93,203,0.998518,0.996919,0.996695,0.995712,0,0,0,0
300,29,94,203,0.998518,0.996919,0.996695,0.995712,0,0,0,0
301,27,94,204,0.998518,0.997240,0.997040,0.995712,0,1,1,0
302,25,94,205,0.998518,0.997553,0.997069,0.995712,0,1,0,0
303,23,94,206,0.998673,0.997577,0.997069,0.996159,1,0,0,1
304,29,95,206,0.998824,0.997577,0.997069,0.996594,1,0,0,1
305,27,95,207,0.998835,0.997577,0.997069,0.996628,0,0,0,0
306,29,96,207,0.998835,0.997577,0.997069,0.996628,0,0,0,0
307,27,96,208,0.998835,0.997577,0.997069,0.996980,0,0,0,1
308,25,96,209,0.998835,0.997577,0.997069,0.997010,0,0,0,0
309,23,96,210,0.998835,0.997830,0.997069,0.997010,0,1,0,0
310,21,96,211,0.998835,0.997852,0.997069,0.997010,0,0,0,0
311,29,97,211,0.998835,0.997852,0.997069,0.997010,0,0,0,0
312,27,97,212,0.998835,0.997852,0.997069,0.997010,0,0,0,0
313,25,97,213,0.998835,0.997852,0.997069,0.997010,0,0,0,0
314,23,97,214,0.998835,0.997852,0.997069,0.997010,0,0,0,0
315,21,97,215,0.998835,0.997852,0.997069,0.997010,0,0,0,0
316,19,97,216,0.998835,0.997852,0.997069,0.997010,0,0,0,0
317,17,97,217,0.998835,0.997852,0.997069,0.997010,0,0,0,0
318,15,97,218,0.998835,0.997852,0.997069,0.997010,0,0,0,0
319,13,97,219,0.998835,0.997852,0.997069,0.997010,0,0,0,0
320,11,97,220,0.998835,0.997852,0.997069,0.997322,0,0,0,1
321,9,97,221,0.998835,0.997852,0.997069,0.997349,0,0,0,0
322,29,98,221,0.998835,0.997852,0.997069,0.997349,0,0,0,0
323,27,98,222,0.998835,0.997852,0.997069,0.997349,0,0,0,0
324,25,98,223,0.998835,0.997852,0.997069,0.997349,0,0,0,0
325,23,98,224,0.998835,0.997852,0.997069,0.997349,0,0,0,0
326,21,98,225,0.998835,0.998076,0.997069,0.997349,0,1,0,0
327,19,98,226,0.998835,0.998096,0.997069,0.997349,0,0,0,0
328,29,99,226,0.998835,0.998096,0.997069,0.997349,0,0,0,0
329,27,99,227,0.998835,0.998295,0.997069,0.997349,0,1,0,0
330,25,99,228,0.998835,0.998312,0.997069,0.997349,0,0,0,0
331,29,100,228,0.998835,0.998312,0.997069,0.997349,0,0,0,0
332,27,100,229,0.998957,0.998312,0.997069,0.997349,1,0,0,0
333,25,100,230,0.998968,0.998312,0.997069,0.997349,0,0,0,0
334,29,101,230,0.998968,0.998312,0.997069,0.997349,0,0,0,0
335,27,101,231,0.998968,0.998312,0.997069,0.997349,0,0,0,0
336,25,101,232,0.998968,0.998312,0.997069,0.997625,0,0,0,1
337,23,101,233,0.998968,0.998312,0.997069,0.997649,0,0,0,0
338,29,102,233,0.998968,0.998312,0.997069,0.997649,0,0,0,0
339,27,102,234,0.998968,0.998312,0.997069,0.997649,0,0,0,0
340,25,102,235,0.998968,0.998312,0.997069,0.997649,0,0,0,0
341,23,102,236,0.998968,0.998312,0.997069,0.997649,0,0,0,0
342,21,102,237,0.998968,0.998488,0.997069,0.997649,0,1,0,0
343,19,102,238,0.998968,0.998503,0.997069,0.997649,0,0,0,0
344,29,103,238,0.998968,0.998503,0.997069,0.997649,0,0,0,0
345,27,103,239,0.998968,0.998660,0.997069,0.997649,0,1,0,0
346,25,103,240,0.998968,0.998673,0.997069,0.997649,0,0,0,0
347,29,104,240,0.998968,0.998673,0.997069,0.997649,0,0,0,0
348,27,104,241,0.998968,0.998673,0.997069,0.997649,0,0,0,0
349,25,104,242,0.998968,0.998673,0.997069,0.997649,0,0,0,0
350,23,104,243,0.998968,0.998673,0.997069,0.997649,0,0,0,0
351,21,104,244,0.998968,0.998812,0.997069,0.997649,0,1,0,0
352,19,104,245,0.998968,0.998947,0.997069,0.997649,0,1,0,0
353,29,105,245,0.998968,0.999066,0.997069,0.997649,0,1,0,0
354,27,105,246,0.998968,0.999075,0.997069,0.997649,0,0,0,0
355,29,106,246,0.998968,0.999075,0.997069,0.997649,0,0,0,0
356,27,106,247,0.998968,0.999172,0.997069,0.997649,0,1,0,0
357,25,106,248,0.999075,0.999180,0.997069,0.997649,1,0,0,0
358,29,107,248,0.999180,0.999180,0.997069,0.997649,1,0,0,0
359,27,107,249,0.999189,0.999180,0.997069,0.997649,0,0,0,0
360,25,107,250,0.999189,0.999180,0.997069,0.997649,0,0,0,0
361,23,107,251,0.999189,0.999180,0.997069,0.997649,0,0,0,0
362,21,107,252,0.999189,0.999180,0.997069,0.997649,0,0,0,0
363,19,107,253,0.999189,0.999180,0.997069,0.997649,0,0,0,0
364,17,107,254,0.999189,0.999180,0.997069,0.997649,0,0,0,0
365,15,107,255,0.999189,0.999180,0.997069,0.997649,0,0,0,0
366,13,107,256,0.999189,0.999180,0.997069,0.997649,0,0,0,0
367,11,107,257,0.999189,0.999180,0.997069,0.997649,0,0,0,0
368,9,107,258,0.999189,0.999180,0.997069,0.997649,0,0,0,0
369,7,107,259,0.999189,0.999180,0.997069,0.997649,0,0,0,0
370,5,107,260,0.999189,0.999180,0.997069,0.997649,0,0,0,0
371,3,107,261,0.999189,0.999180,0.997069,0.997895,0,0,0,1
372,1,107,262,0.999189,0.999180,0.997069,0.998133,0,0,0,1
373,29,108,262,0.999189,0.999180,0.997069,0.998345,0,0,0,1
374,27,108,263,0.999189,0.999180,0.997069,0.998362,0,0,0,0
375,29,109,263,0.999189,0.999180,0.997069,0.998362,0,0,0,0
376,27,109,264,0.999189,0.999180,0.997069,0.998362,0,0,0,0
377,25,109,265,0.999189,0.999266,0.997069,0.998362,0,1,0,0
378,23,109,266,0.999273,0.999273,0.997069,0.998362,1,0,0,0
379,29,110,266,0.999356,0.999273,0.997069,0.998362,1,0,0,0
380,27,110,267,0.999362,0.999273,0.997069,0.998362,0,0,0,0
381,29,111,267,0.999362,0.999273,0.997069,0.998362,0,0,0,0
382,27,111,268,0.999362,0.999273,0.997069,0.998362,0,0,0,0
383,25,111,269,0.999362,0.999349,0.997069,0.998362,0,1,0,0
384,23,111,270,0.999362,0.999356,0.997069,0.998362,0,0,0,0
385,29,112,270,0.999362,0.999356,0.997069,0.998362,0,0,0,0
386,27,112,271,0.999362,0.999423,0.997069,0.998362,0,1,0,0
387,25,112,272,0.999362,0.999489,0.997069,0.998362,0,1,0,0
388,29,113,272,0.999362,0.999547,0.997069,0.998362,0,1,0,0
389,27,113,273,0.999362,0.999551,0.997069,0.998362,0,0,0,0
390,29,114,273,0.999362,0.999551,0.997069,0.998362,0,0,0,0
391,27,114,274,0.999362,0.999551,0.997069,0.998362,0,0,0,0
392,25,114,275,0.999362,0.999551,0.997069,0.998362,0,0,0,0
393,23,114,276,0.999362,0.999551,0.997069,0.998362,0,0,0,0
394,21,114,277,0.999362,0.999551,0.997069,0.998362,0,0,0,0
395,19,114,278,0.999362,0.999551,0.997069,0.998362,0,0,0,0
396,17,114,279,0.999362,0.999551,0.997069,0.998362,0,0,0,0
397,15,114,280,0.999362,0.999551,0.997069,0.998362,0,0,0,0
398,13,114,281,0.999362,0.999551,0.997375,0.998362,0,0,1,0
399,11,114,282,0.999362,0.999598,0.997401,0.998362,0,1,0,0
400,29,115,282,0.999362,0.999644,0.997401,0.998362,0,1,0,0
401,27,115,283,0.999362,0.999648,0.997673,0.998362,0,0,1,0
402,29,116,283,0.999362,0.999648,0.997936,0.998362,0,0,1,0
403,27,116,284,0.999362,0.999684,0.998171,0.998362,0,1,1,0
404,29,117,284,0.999362,0.999720,0.998378,0.998362,0,1,1,0
405,27,117,285,0.999362,0.999723,0.998394,0.998362,0,0,0,0
406,29,118,285,0.999362,0.999723,0.998394,0.998362,0,0,0,0
407,27,118,286,0.999362,0.999723,0.998562,0.998362,0,0,1,0
408,25,118,287,0.999362,0.999723,0.998576,0.998362,0,0,0,0
409,23,118,288,0.999362,0.999723,0.998576,0.998533,0,0,0,1
410,21,118,289,0.999362,0.999723,0.998725,0.998548,0,0,1,0
411,29,119,289,0.999362,0.999723,0.998870,0.998548,0,0,1,0
412,27,119,290,0.999362,0.999723,0.998881,0.998548,0,0,0,0
413,25,119,291,0.999362,0.999723,0.998998,0.998548,0,0,1,0
414,23,119,292,0.999362,0.999723,0.999008,0.998548,0,0,0,0
415,21,119,293,0.999362,0.999723,0.999008,0.998548,0,0,0,0
416,19,119,294,0.999362,0.999723,0.999008,0.998548,0,0,0,0
417,17,119,295,0.999362,0.999723,0.999112,0.998548,0,0,1,0
418,15,119,296,0.999362,0.999723,0.999121,0.998548,0,0,0,0
419,29,120,296,0.999362,0.999723,0.999121,0.998548,0,0,0,0
420,27,120,297,0.999362,0.999723,0.999213,0.998699,0,0,1,1
421,25,120,298,0.999429,0.999723,0.999302,0.998712,1,0,1,0
422,29,121,298,0.999494,0.999723,0.999381,0.998712,1,0,1,0
423,27,121,299,0.999499,0.999752,0.999452,0.998712,0,1,1,0
424,29,122,299,0.999499,0.999780,0.999514,0.998712,0,1,1,0
425,27,122,300,0.999499,0.999782,0.999519,0.998712,0,0,0,0
426,29,123,300,0.999499,0.999782,0.999519,0.998712,0,0,0,0
427,27,123,301,0.999499,0.999782,0.999519,0.998712,0,0,0,0
428,25,123,302,0.999499,0.999782,0.999519,0.998712,0,0,0,0
429,23,123,303,0.999499,0.999782,0.999519,0.998847,0,0,0,1
430,21,123,304,0.999551,0.999782,0.999519,0.998858,1,0,0,0
431,29,124,304,0.999602,0.999782,0.999519,0.998858,1,0,0,0
432,27,124,305,0.999606,0.999782,0.999519,0.998858,0,0,0,0
433,29,125,305,0.999606,0.999782,0.999519,0.998858,0,0,0,0
434,27,125,306,0.999606,0.999782,0.999519,0.998858,0,0,0,0
435,25,125,307,0.999606,0.999782,0.999519,0.998858,0,0,0,0
436,23,125,308,0.999606,0.999782,0.999519,0.998858,0,0,0,0
437,21,125,309,0.999606,0.999782,0.999519,0.998858,0,0,0,0
438,19,125,310,0.999606,0.999782,0.999519,0.998858,0,0,0,0
439,17,125,311,0.999606,0.999782,0.999519,0.998978,0,0,0,1
440,15,125,312,0.999606,0.999782,0.999519,0.999094,0,0,0,1
441,13,125,313,0.999606,0.999782,0.999519,0.999103,0,0,0,0
442,11,125,314,0.999606,0.999782,0.999569,0.999103,0,0,1,0
443,9,125,315,0.999606,0.999805,0.999618,0.999103,0,1,1,0
444,29,126,315,0.999606,0.999827,0.999661,0.999103,0,1,1,0
445,27,126,316,0.999606,0.999829,0.999665,0.999103,0,0,0,0
446,29,127,316,0.999606,0.999829,0.999665,0.999103,0,0,0,0
447,27,127,317,0.999648,0.999847,0.999665,0.999103,1,1,0,0
448,25,127,318,0.999651,0.999848,0.999665,0.999103,0,0,0,0
449,29,128,318,0.999651,0.999848,0.999665,0.999103,0,0,0,0
450,27,128,319,0.999651,0.999864,0.999700,0.999103,0,1,1,0
451,25,128,320,0.999651,0.999866,0.999734,0.999103,0,0,1,0
452,29,129,320,0.999651,0.999866,0.999764,0.999103,0,0,1,0
453,27,129,321,0.999651,0.999866,0.999767,0.999103,0,0,0,0
454,25,129,322,0.999651,0.999866,0.999791,0.999103,0,0,1,0
455,23,129,323,0.999651,0.999866,0.999793,0.999103,0,0,0,0
456,29,130,323,0.999651,0.999866,0.999793,0.999103,0,0,0,0
457,27,130,324,0.999651,0.999866,0.999793,0.999103,0,0,0,0
458,25,130,325,0.999651,0.999880,0.999793,0.999103,0,1,0,0
459,23,130,326,0.999651,0.999881,0.999793,0.999103,0,0,0,0
460,29,131,326,0.999651,0.999881,0.999793,0.999103,0,0,0,0
461,27,131,327,0.999651,0.999881,0.999793,0.999103,0,0,0,0
462,25,131,328,0.999651,0.999881,0.999793,0.999103,0,0,0,0
463,23,131,329,0.999651,0.999881,0.999793,0.999103,0,0,0,0
464,21,131,330,0.999651,0.999881,0.999793,0.999103,0,0,0,0
465,19,131,331,0.999651,0.999881,0.999793,0.999103,0,0,0,0
466,17,131,332,0.999651,0.999881,0.999793,0.999103,0,0,0,0
467,15,131,333,0.999651,0.999881,0.999793,0.999103,0,0,0,0
468,13,131,334,0.999651,0.999881,0.999793,0.999103,0,0,0,0
469,11,131,335,0.999651,0.999881,0.999793,0.999103,0,0,0,0
470,9,131,336,0.999651,0.999881,0.999815,0.999197,0,0,1,1
471,7,131,337,0.999651,0.999881,0.999817,0.999205,0,0,0,0
472,29,132,337,0.999651,0.999881,0.999817,0.999205,0,0,0,0
473,27,132,338,0.999688,0.999881,0.999817,0.999288,1,0,0,1
474,25,132,339,0.999691,0.999881,0.999817,0.999369,0,0,0,1
475,29,133,339,0.999691,0.999881,0.999817,0.999440,0,0,0,1
476,27,133,340,0.999691,0.999881,0.999836,0.999446,0,0,1,0
477,25,133,341,0.999723,0.999881,0.999854,0.999446,1,0,1,0
478,29,134,341,0.999754,0.999881,0.999871,0.999446,1,0,1,0
479,27,134,342,0.999757,0.999881,0.999872,0.999446,0,0,0,0
480,29,135,342,0.999757,0.999881,0.999872,0.999446,0,0,0,0
481,27,135,343,0.999757,0.999881,0.999872,0.999446,0,0,0,0
482,25,135,344,0.999757,0.999881,0.999872,0.999446,0,0,0,0
483,23,135,345,0.999757,0.999881,0.999872,0.999446,0,0,0,0
484,21,135,346,0.999757,0.999881,0.999872,0.999446,0,0,0,0
485,19,135,347,0.999757,0.999881,0.999886,0.999504,0,0,1,1
486,17,135,348,0.999757,0.999893,0.999899,0.999560,0,1,1,1
487,29,136,348,0.999757,0.999905,0.999910,0.999610,0,1,1,1
488,27,136,349,0.999757,0.999916,0.999920,0.999614,0,1,1,0
489,29,137,349,0.999757,0.999926,0.999929,0.999614,0,1,1,0
490,27,137,350,0.999782,0.999926,0.999930,0.999614,1,0,0,0
491,29,138,350,0.999807,0.999926,0.999930,0.999614,1,0,0,0
492,27,138,351,0.999809,0.999926,0.999930,0.999614,0,0,0,0
493,29,139,351,0.999809,0.999926,0.999930,0.999614,0,0,0,0
494,27,139,352,0.999809,0.999926,0.999930,0.999614,0,0,0,0
495,25,139,353,0.999829,0.999926,0.999930,0.999614,1,0,0,0
496,23,139,354,0.999848,0.999926,0.999930,0.999614,1,0,0,0
497,29,140,354,0.999866,0.999926,0.999930,0.999614,1,0,0,0
498,27,140,355,0.999881,0.999926,0.999930,0.999614,1,0,0,0
499,29,141,355,0.999894,0.999926,0.999930,0.999614,1,0,0,0
500,27,141,356,0.999906,0.999934,0.999930,0.999614,1,1,0,0
501,25,141,357,0.999907,0.999935,0.999930,0.999655,0,0,0,1
502,29,142,357,0.999907,0.999935,0.999930,0.999694,0,0,0,1
503,27,142,358,0.999907,0.999935,0.999930,0.999697,0,0,0,0
504,29,143,358,0.999907,0.999935,0.999930,0.999697,0,0,0,0
505,27,143,359,0.999907,0.999935,0.999930,0.999697,0,0,0,0
506,25,143,360,0.999907,0.999942,0.999930,0.999697,0,1,0,0
507,23,143,361,0.999907,0.999942,0.999930,0.999697,0,0,0,0
508,29,144,361,0.999907,0.999942,0.999930,0.999697,0,0,0,0
509,27,144,362,0.999907,0.999942,0.999937,0.999697,0,0,1,0
510,25,144,363,0.999907,0.999942,0.999938,0.999697,0,0,0,0
511,29,145,363,0.999907,0.999942,0.999938,0.999697,0,0,0,0
512,27,145,364,0.999907,0.999942,0.999938,0.999697,0,0,0,0
513,25,145,365,0.999907,0.999942,0.999945,0.999697,0,0,1,0
514,23,145,366,0.999907,0.999948,0.999945,0.999697,0,1,0,0
515,29,146,366,0.999907,0.999954,0.999945,0.999697,0,1,0,0
516,27,146,367,0.999907,0.999955,0.999945,0.999697,0,0,0,0
517,25,146,368,0.999907,0.999955,0.999945,0.999729,0,0,0,1
518,23,146,369,0.999907,0.999955,0.999945,0.999731,0,0,0,0
519,29,147,369,0.999907,0.999955,0.999945,0.999731,0,0,0,0
520,27,147,370,0.999907,0.999955,0.999945,0.999731,0,0,0,0
521,25,147,371,0.999907,0.999955,0.999945,0.999731,0,0,0,0
522,23,147,372,0.999907,0.999955,0.999945,0.999731,0,0,0,0
523,21,147,373,0.999907,0.999955,0.999945,0.999731,0,0,0,0
524,19,147,374,0.999907,0.999955,0.999945,0.999731,0,0,0,0
525,17,147,375,0.999907,0.999955,0.999945,0.999731,0,0,0,0
526,15,147,376,0.999907,0.999955,0.999945,0.999731,0,0,0,0
527,13,147,377,0.999907,0.999955,0.999945,0.999731,0,0,0,0
528,11,147,378,0.999917,0.999959,0.999945,0.999731,1,1,0,0
529,9,147,379,0.999918,0.999960,0.999945,0.999731,0,0,0,0
530,29,148,379,0.999918,0.999960,0.999945,0.999731,0,0,0,0
531,27,148,380,0.999926,0.999960,0.999945,0.999731,1,0,0,0
532,25,148,381,0.999935,0.999960,0.999945,0.999731,1,0,0,0
533,29,149,381,0.999942,0.999960,0.999945,0.999731,1,0,0,0
534,27,149,382,0.999943,0.999960,0.999945,0.999731,0,0,0,0
535,29,150,382,0.999943,0.999960,0.999945,0.999731,0,0,0,0
536,27,150,383,0.999943,0.999960,0.999945,0.999731,0,0,0,0
537,25,150,384,0.999943,0.999960,0.999945,0.999731,0,0,0,0
538,23,150,385,0.999943,0.999960,0.999945,0.999731,0,0,0,0
539,21,150,386,0.999943,0.999960,0.999945,0.999731,0,0,0,0
540,19,150,387,0.999943,0.999960,0.999945,0.999731,0,0,0,0
541,17,150,388,0.999943,0.999960,0.999945,0.999731,0,0,0,0
542,15,150,389,0.999943,0.999960,0.999945,0.999731,0,0,0,0
543,13,150,390,0.999943,0.999960,0.999945,0.999731,0,0,0,0
544,11,150,391,0.999949,0.999960,0.999945,0.999731,1,0,0,0
545,9,150,392,0.999949,0.999960,0.999945,0.999731,0,0,0,0
546,29,151,392,0.999949,0.999960,0.999945,0.999731,0,0,0,0
547,27,151,393,0.999949,0.999960,0.999945,0.999731,0,0,0,0
548,25,151,394,0.999949,0.999960,0.999951,0.999731,0,0,1,0
549,23,151,395,0.999949,0.999960,0.999951,0.999759,0,0,0,1
550,29,152,395,0.999949,0.999960,0.999951,0.999787,0,0,0,1
551,27,152,396,0.999949,0.999960,0.999951,0.999789,0,0,0,0
552,29,153,396,0.999949,0.999960,0.999951,0.999789,0,0,0,0
553,27,153,397,0.999949,0.999960,0.999956,0.999789,0,0,1,0
554,25,153,398,0.999949,0.999960,0.999957,0.999789,0,0,0,0
555,29,154,398,0.999949,0.999960,0.999957,0.999789,0,0,0,0
556,27,154,399,0.999949,0.999960,0.999957,0.999789,0,0,0,0
557,25,154,400,0.999949,0.999960,0.999957,0.999789,0,0,0,0
558,23,154,401,0.999949,0.999960,0.999961,0.999789,0,0,1,0
559,21,154,402,0.999949,0.999960,0.999966,0.999789,0,0,1,0
560,29,155,402,0.999949,0.999960,0.999970,0.999789,0,0,1,0
561,27,155,403,0.999949,0.999960,0.999970,0.999789,0,0,0,0
562,29,156,403,0.999949,0.999960,0.999970,0.999789,0,0,0,0
563,27,156,404,0.999949,0.999964,0.999970,0.999789,0,1,0,0
564,25,156,405,0.999949,0.999964,0.999970,0.999789,0,0,0,0
565,23,156,406,0.999949,0.999968,0.999970,0.999789,0,1,0,0
566,21,156,407,0.999949,0.999968,0.999970,0.999789,0,0,0,0
567,29,157,407,0.999949,0.999968,0.999970,0.999789,0,0,0,0
568,27,157,408,0.999949,0.999968,0.999970,0.999789,0,0,0,0
569,25,157,409,0.999949,0.999968,0.999970,0.999789,0,0,0,0
570,23,157,410,0.999949,0.999968,0.999973,0.999789,0,0,1,0
571,21,157,411,0.999949,0.999968,0.999973,0.999789,0,0,0,0
572,29,158,411,0.999949,0.999968,0.999973,0.999789,0,0,0,0
573,27,158,412,0.999949,0.999968,0.999973,0.999789,0,0,0,0
574,25,158,413,0.999949,0.999968,0.999976,0.999789,0,0,1,0
575,23,158,414,0.999949,0.999968,0.999976,0.999789,0,0,0,0
576,29,159,414,0.999949,0.999968,0.999976,0.999789,0,0,0,0
577,27,159,415,0.999949,0.999968,0.999976,0.999789,0,0,0,0
578,25,159,416,0.999949,0.999968,0.999976,0.999789,0,0,0,0
579,23,159,417,0.999949,0.999968,0.999976,0.999789,0,0,0,0
580,21,159,418,0.999955,0.999968,0.999976,0.999789,1,0,0,0
581,19,159,419,0.999955,0.999968,0.999976,0.999789,0,0,0,0
582,29,160,419,0.999955,0.999968,0.999976,0.999789,0,0,0,0
583,27,160,420,0.999955,0.999968,0.999976,0.999789,0,0,0,0
584,25,160,421,0.999955,0.999968,0.999976,0.999789,0,0,0,0
585,23,160,422,0.999955,0.999968,0.999976,0.999789,0,0,0,0
586,21,160,423,0.999955,0.999968,0.999976,0.999789,0,0,0,0
587,19,160,424,0.999955,0.999968,0.999979,0.999811,0,0,1,1
588,17,160,425,0.999955,0.999968,0.999979,0.999813,0,0,0,0
589,29,161,425,0.999955,0.999968,0.999979,0.999813,0,0,0,0
590,27,161,426,0.999955,0.999968,0.999979,0.999813,0,0,0,0
591,25,161,427,0.999955,0.999968,0.999979,0.999813,0,0,0,0
592,23,161,428,0.999955,0.999968,0.999981,0.999813,0,0,1,0
593,21,161,429,0.999955,0.999968,0.999981,0.999813,0,0,0,0
594,29,162,429,0.999955,0.999968,0.999981,0.999813,0,0,0,0
595,27,162,430,0.999955,0.999968,0.999981,0.999813,0,0,0,0
596,25,162,431,0.999955,0.999968,0.999981,0.999813,0,0,0,0
597,23,162,432,0.999955,0.999968,0.999981,0.999832,0,0,0,1
598,21,162,433,0.999960,0.999968,0.999981,0.999834,1,0,0,0
599,29,163,433,0.999964,0.999968,0.999981,0.999834,1,0,0,0
600,27,163,434,0.999965,0.999968,0.999981,0.999851,0,0,0,1
601,25,163,435,0.999968,0.999972,0.999981,0.999853,1,1,0,0
602,23,163,436,0.999969,0.999972,0.999981,0.999853,0,0,0,0
603,29,164,436,0.999969,0.999972,0.999981,0.999853,0,0,0,0
604,27,164,437,0.999972,0.999972,0.999981,0.999853,1,0,0,0
605,25,164,438,0.999972,0.999972,0.999981,0.999853,0,0,0,0
606,23,164,439,0.999972,0.999972,0.999981,0.999853,0,0,0,0
607,21,164,440,0.999972,0.999972,0.999981,0.999853,0,0,0,0
608,19,164,441,0.999972,0.999972,0.999981,0.999853,0,0,0,0
609,17,164,442,0.999975,0.999972,0.999981,0.999853,1,0,0,0
610,15,164,443,0.999975,0.999972,0.999981,0.999868,0,0,0,1
611,29,165,443,0.999975,0.999972,0.999981,0.999883,0,0,0,1
612,27,165,444,0.999975,0.999972,0.999981,0.999884,0,0,0,0
613,29,166,444,0.999975,0.999972,0.999981,0.999884,0,0,0,0
614,27,166,445,0.999975,0.999972,0.999981,0.999884,0,0,0,0
615,25,166,446,0.999975,0.999972,0.999981,0.999884,0,0,0,0
616,23,166,447,0.999978,0.999972,0.999981,0.999884,1,0,0,0
617,21,166,448,0.999978,0.999972,0.999981,0.999884,0,0,0,0
618,29,167,448,0.999978,0.999972,0.999981,0.999884,0,0,0,0
619,27,167,449,0.999978,0.999975,0.999981,0.999884,0,1,0,0
620,25,167,450,0.999978,0.999975,0.999983,0.999884,0,0,1,0
621,23,167,451,0.999980,0.999975,0.999984,0.999884,1,0,0,0
622,21,167,452,0.999981,0.999975,0.999985,0.999884,0,0,1,0
623,19,167,453,0.999983,0.999975,0.999985,0.999884,1,0,0,0
624,17,167,454,0.999983,0.999975,0.999987,0.999884,0,0,1,0
625,29,168,454,0.999983,0.999975,0.999988,0.999884,0,0,1,0
626,27,168,455,0.999983,0.999975,0.999989,0.999884,0,0,0,0
627,29,169,455,0.999983,0.999975,0.999989,0.999884,0,0,0,0
628,27,169,456,0.999983,0.999975,0.999989,0.999884,0,0,0,0
629,25,169,457,0.999983,0.999975,0.999989,0.999884,0,0,0,0
630,23,169,458,0.999983,0.999975,0.999990,0.999884,0,0,1,0
631,21,169,459,0.999983,0.999975,0.999990,0.999897,0,0,0,1
632,29,170,459,0.999983,0.999975,0.999990,0.999908,0,0,0,1
633,27,170,460,0.999983,0.999975,0.999990,0.999909,0,0,0,0
634,29,171,460,0.999983,0.999975,0.999990,0.999909,0,0,0,0
635,27,171,461,0.999983,0.999975,0.999990,0.999909,0,0,0,0
636,25,171,462,0.999983,0.999975,0.999990,0.999909,0,0,0,0
637,23,171,463,0.999983,0.999975,0.999990,0.999909,0,0,0,0
638,21,171,464,0.999983,0.999975,0.999990,0.999909,0,0,0,0
639,19,171,465,0.999983,0.999975,0.999991,0.999909,0,0,1,0
640,17,171,466,0.999983,0.999975,0.999991,0.999909,0,0,0,0
641,29,172,466,0.999983,0.999975,0.999991,0.999909,0,0,0,0
642,27,172,467,0.999983,0.999975,0.999991,0.999919,0,0,0,1
643,25,172,468,0.999983,0.999975,0.999991,0.999928,0,0,0,1
644,29,173,468,0.999983,0.999975,0.999991,0.999936,0,0,0,1
645,27,173,469,0.999985,0.999975,0.999991,0.999937,1,0,0,0
646,29,174,469,0.999986,0.999975,0.999991,0.999937,1,0,0,0
647,27,174,470,0.999988,0.999975,0.999991,0.999943,1,0,0,1
648,29,175,470,0.999989,0.999975,0.999991,0.999950,1,0,0,1
649,27,175,471,0.999991,0.999975,0.999991,0.999956,1,0,0,1
650,29,176,471,0.999992,0.999975,0.999991,0.999961,1,0,0,1
651,27,176,472,0.999992,0.999978,0.999991,0.999965,0,1,0,1
652,25,176,473,0.999992,0.999980,0.999991,0.999969,0,1,0,1
653,23,176,474,0.999992,0.999983,0.999991,0.999973,0,1,0,1
654,29,177,474,0.999992,0.999985,0.999991,0.999976,0,1,0,1
655,27,177,475,0.999993,0.999985,0.999992,0.999976,1,0,1,0
656,29,178,475,0.999993,0.999985,0.999993,0.999976,1,0,1,0
657,27,178,476,0.999993,0.999985,0.999993,0.999976,0,0,0,0
658,29,179,476,0.999993,0.999985,0.999993,0.999976,0,0,0,0
659,27,179,477,0.999993,0.999985,0.999993,0.999976,0,0,0,0
660,25,179,478,0.999993,0.999985,0.999993,0.999976,0,0,0,0
661,23,179,479,0.999993,0.999986,0.999993,0.999976,0,1,0,0
662,21,179,480,0.999994,0.999986,0.999993,0.999976,1,0,0,0
663,19,179,481,0.999995,0.999986,0.999994,0.999976,1,0,1,0
664,29,180,481,0.999995,0.999986,0.999994,0.999976,1,0,1,0
665,27,180,482,0.999995,0.999986,0.999994,0.999976,0,0,0,0
666,29,181,482,0.999995,0.999986,0.999994,0.999976,0,0,0,0
667,27,181,483,0.999995,0.999986,0.999994,0.999976,0,0,0,0
668,25,181,484,0.999995,0.999986,0.999994,0.999976,0,0,0,0
669,23,181,485,0.999995,0.999986,0.999994,0.999976,0,0,0,0
670,21,181,486,0.999995,0.999986,0.999994,0.999976,0,0,0,0
671,19,181,487,0.999995,0.999986,0.999994,0.999976,0,0,0,0
672,17,181,488,0.999995,0.999986,0.999995,0.999976,0,0,1,0
673,29,182,488,0.999995,0.999986,0.999996,0.999976,0,0,1,0
674,27,182,489,0.999995,0.999988,0.999996,0.999976,0,1,1,0
675,29,183,489,0.999995,0.999989,0.999997,0.999976,0,1,1,0
676,27,183,490,0.999995,0.999990,0.999997,0.999976,0,1,1,0
677,29,184,490,0.999995,0.999992,0.999997,0.999976,0,1,1,0
678,27,184,491,0.999995,0.999992,0.999997,0.999978,0,1,0,1
679,29,185,491,0.999995,0.999993,0.999997,0.999981,0,1,0,1
680,27,185,492,0.999996,0.999993,0.999998,0.999981,1,0,1,0
681,29,186,492,0.999996,0.999993,0.999998,0.999981,1,0,1,0
682,27,186,493,0.999996,0.999994,0.999998,0.999981,0,1,0,0
683,29,187,493,0.999996,0.999995,0.999998,0.999981,0,1,0,0
684,27,187,494,0.999997,0.999995,0.999998,0.999981,1,0,0,0
685,29,188,494,0.999997,0.999995,0.999998,0.999981,1,0,0,0
686,27,188,495,0.999997,0.999995,0.999998,0.999981,0,1,0,0
687,25,188,496,0.999997,0.999996,0.999998,0.999981,0,1,0,0
688,29,189,496,0.999997,0.999996,0.999998,0.999981,0,1,0,0
689,27,189,497,0.999997,0.999996,0.999998,0.999981,0,0,0,0
690,29,190,497,0.999997,0.999996,0.999998,0.999981,0,0,0,0
691,27,190,498,0.999997,0.999996,0.999998,0.999981,0,0,0,0
692,25,190,499,0.999997,0.999996,0.999998,0.999981,0,0,0,0
693,23,190,500,0.999997,0.999996,0.999998,0.999983,0,0,0,1
694,21,190,501,0.999997,0.999996,0.999998,0.999983,0,0,0,0
695,29,191,501,0.999997,0.999996,0.999998,0.999983,0,0,0,0
696,27,191,502,0.999997,0.999996,0.999998,0.999983,0,0,0,0
697,25,191,503,0.999997,0.999996,0.999998,0.999983,0,0,0,0
698,23,191,504,0.999997,0.999996,0.999998,0.999983,0,0,0,0
699,21,191,505,0.999997,0.999996,0.999998,0.999983,0,0,1,0
700,19,191,506,0.999997,0.999996,0.999998,0.999985,0,0,0,1
701,29,192,506,0.999997,0.999996,0.999998,0.999987,0,0,0,1
702,27,192,507,0.999997,0.999996,0.999998,0.999988,0,0,1,1
703,29,193,507,0.999997,0.999996,0.999999,0.999990,0,0,1,1
704,27,193,508,0.999997,0.999996,0.999999,0.999991,0,0,1,1
705,29,194,508,0.999997,0.999996,0.999999,0.999992,0,0,1,1
706,27,194,509,0.999997,0.999996,0.999999,0.999993,1,0,0,1
707,29,195,509,0.999998,0.999996,0.999999,0.999994,1,0,0,1
708,27,195,510,0.999998,0.999996,0.999999,0.999994,0,0,0,1
709,29,196,510,0.999998,0.999996,0.999999,0.999995,0,0,0,1
710,27,196,511,0.999998,0.999996,0.999999,0.999995,1,0,1,0
711,29,197,511,0.999998,0.999996,0.999999,0.999995,1,0,1,0
712,27,197,512,0.999998,0.999996,0.999999,0.999995,0,0,0,0
713,29,198,512,0.999998,0.999996,0.999999,0.999995,0,0,0,0
714,27,198,513,0.999998,0.999996,0.999999,0.999995,0,0,0,0
715,25,198,514,0.999998,0.999996,0.999999,0.999995,0,0,0,0
716,23,198,515,0.999998,0.999996,0.999999,0.999995,0,0,0,0
717,21,198,516,0.999998,0.999997,0.999999,0.999995,0,1,1,0
718,19,198,517,0.999998,0.999997,0.999999,0.999995,0,0,1,0
719,29,199,517,0.999998,0.999997,0.999999,0.999995,0,0,1,0
720,27,199,518,0.999998,0.999997,0.999999,0.999996,0,0,0,1
721,29,200,518,0.999998,0.999997,0.999999,0.999996,0,0,0,1
722,27,200,519,0.999998,0.999997,0.999999,0.999996,0,0,1,0
723,29,201,519,0.999998,0.999997,0.999999,0.999996,0,0,1,1
724,27,201,520,0.999998,0.999997,1.000000,0.999997,0,0,1,1
725,29,202,520,0.999998,0.999997,1.000000,0.999997,0,0,1,1
726,27,202,521,0.999998,0.999997,1.000000,0.999998,1,0,0,1
727,29,203,521,0.999999,0.999997,1.000000,0.999998,1,0,0,1
728,27,203,522,0.999999,0.999997,1.000000,0.999998,1,0,0,0
729,29,204,522,0.999999,0.999997,1.000000,0.999998,1,0,0,0
730,27,204,523,0.999999,0.999997,1.000000,0.999998,1,1,0,0
731,29,205,523,0.999999,0.999997,1.000000,0.999998,1,1,0,0
732,27,205,524,0.999999,0.999997,1.000000,0.999998,0,0,0,0
733,29,206,524,0.999999,0.999997,1.000000,0.999998,0,0,0,0
734,27,206,525,0.999999,0.999997,1.000000,0.999998,0,0,0,0
735,25,206,526,0.999999,0.999997,1.000000,0.999998,0,0,1,0
736,23,206,527,0.999999,0.999998,1.000000,0.999998,0,1,0,0
737,29,207,527,0.999999,0.999998,1.000000,0.999998,0,1,0,0
738,27,207,528,0.999999,0.999998,1.000000,0.999998,0,0,0,0
739,29,208,528,0.999999,0.999998,1.000000,0.999998,0,0,0,0
740,27,208,529,0.999999,0.999998,1.000000,0.999998,0,1,0,0
741,25,208,530,0.999999,0.999998,1.000000,0.999998,0,0,0,0
742,23,208,531,0.999999,0.999998,1.000000,0.999998,1,0,0,1
743,21,208,532,0.999999,0.999998,1.000000,0.999998,1,0,0,1
744,29,209,532,0.999999,0.999998,1.000000,0.999998,1,0,0,1
745,27,209,533,0.999999,0.999998,1.000000,0.999998,0,0,1,0
746,29,210,533,0.999999,0.999998,1.000000,0.999998,0,0,1,0
747,27,210,534,0.999999,0.999998,1.000000,0.999999,0,0,0,1
748,29,211,534,0.999999,0.999998,1.000000,0.999999,0,0,0,1
749,27,211,535,0.999999,0.999998,1.000000,0.999999,1,0,0,1
750,29,212,535,1.000000,0.999998,1.000000,0.999999,1,0,0,1
751,27,212,536,1.000000,0.999998,1.000000,0.999999,0,0,0,1
752,25,212,537,1.000000,0.999998,1.000000,0.999999,1,1,1,0
753,29,213,537,1.000000,0.999999,1.000000,0.999999,1,1,1,0
754,27,213,538,1.000000,0.999999,1.000000,0.999999,0,0,0,0
755,29,214,538,1.000000,0.999999,1.000000,0.999999,0,0,0,0
756,27,214,539,1.000000,0.999999,1.000000,0.999999,0,0,0,0
757,25,214,540,1.000000,0.999999,1.000000,0.999999,0,0,0,1
758,23,214,541,1.000000,0.999999,1.000000,0.999999,0,0,0,0
759,29,215,541,1.000000,0.999999,1.000000,0.999999,0,0,0,0
760,27,215,542,1.000000,0.999999,1.000000,0.999999,0,0,0,0
761,25,215,543,1.000000,0.999999,1.000000,0.999999,0,0,0,0
762,23,215,544,1.000000,0.999999,1.000000,0.999999,0,0,0,0
763,21,215,545,1.000000,0.999999,1.000000,0.999999,0,0,0,0
764,19,215,546,1.000000,0.999999,1.000000,0.999999,1,0,0,0
765,17,215,547,1.000000,0.999999,1.000000,0.999999,0,0,0,0
766,29,216,547,1.000000,0.999999,1.000000,0.999999,0,0,0,0
767,27,216,548,1.000000,0.999999,1.000000,0.999999,0,0,0,0
768,25,216,549,1.000000,0.999999,1.000000,0.999999,0,0,0,0
769,23,216,550,1.000000,0.999999,1.000000,0.999999,0,0,0,0
770,21,216,551,1.000000,0.999999,1.000000,0.999999,0,0,0,0
771,19,216,552,1.000000,0.999999,1.000000,0.999999,0,0,0,0
772,17,216,553,1.000000,0.999999,1.000000,0.999999,0,0,0,0
773,15,216,554,1.000000,0.999999,1.000000,0.999999,0,0,0,1
774,13,216,555,1.000000,0.999999,1.000000,0.999999,0,0,1,0
775,29,217,555,1.000000,0.999999,1.000000,0.999999,0,0,1,0
776,27,217,556,1.000000,0.999999,1.000000,0.999999,0,0,0,0
777,25,217,557,1.000000,0.999999,1.000000,0.999999,0,0,0,0
778,23,217,558,1.000000,0.999999,1.000000,0.999999,1,0,0,0
779,21,217,559,1.000000,0.999999,1.000000,0.999999,0,0,0,0
780,29,218,559,1.000000,0.999999,1.000000,0.999999,0,0,0,0
781,27,218,560,1.000000,0.999999,1.000000,0.999999,0,0,0,0
782,25,218,561,1.000000,0.999999,1.000000,0.999999,0,0,0,1
783,23,218,562,1.000000,0.999999,1.000000,0.999999,0,0,0,0
784,29,219,562,1.000000,0.999999,1.000000,0.999999,0,0,0,0
785,27,219,563,1.000000,0.999999,1.000000,0.999999,0,0,0,0
786,25,219,564,1.000000,0.999999,1.000000,0.999999,0,0,0,0
787,23,219,565,1.000000,0.999999,1.000000,0.999999,0,0,0,1
788,21,219,566,1.000000,0.999999,1.000000,0.999999,0,0,0,0
789,29,220,566,1.000000,0.999999,1.000000,0.999999,0,0,0,0
790,27,220,567,1.000000,0.999999,1.000000,0.999999,1,0,0,0
791,25,220,568,1.000000,0.999999,1.000000,0.999999,0,0,0,0
792,29,221,568,1.000000,0.999999,1.000000,0.999999,0,0,0,0
793,27,221,569,1.000000,0.999999,1.000000,0.999999,0,0,0,0
794,25,221,570,1.000000,0.999999,1.000000,0.999999,0,0,0,0
795,23,221,571,1.000000,0.999999,1.000000,0.999999,0,0,0,0
796,21,221,572,1.000000,0.999999,1.000000,0.999999,0,0,0,0
797,19,221,573,1.000000,0.999999,1.000000,0.999999,0,0,0,0
798,17,221,574,1.000000,0.999999,1.000000,0.999999,0,0,0,0
799,15,221,575,1.000000,0.999999,1.000000,0.999999,0,0,0,0
800,13,221,576,1.000000,0.999999,1.000000,0.999999,0,0,0,0
801,11,221,577,1.000000,0.999999,1.000000,0.999999,0,0,0,0
802,9,221,578,1.000000,0.999999,1.000000,0.999999,0,0,0,0
803,7,221,579,1.000000,0.999999,1.000000,0.999999,0,1,0,0
804,5,221,580,1.000000,0.999999,1.000000,0.999999,0,0,0,0
805,29,222,580,1.000000,0.999999,1.000000,0.999999,0,0,0,0
806,27,222,581,1.000000,0.999999,1.000000,0.999999,0,0,0,0
807,25,222,582,1.000000,0.999999,1.000000,0.999999,0,0,0,0
808,23,222,583,1.000000,0.999999,1.000000,0.999999,0,1,0,0
809,21,222,584,1.000000,0.999999,1.000000,0.999999,0,0,0,0
810,29,223,584,1.000000,0.999999,1.000000,0.999999,0,0,0,0
811,27,223,585,1.000000,0.999999,1.000000,0.999999,0,0,0,0
812,25,223,586,1.000000,0.999999,1.000000,0.999999,0,1,0,0
813,23,223,587,1.000000,0.999999,1.000000,0.999999,0,0,0,0
814,29,224,587,1.000000,0.999999,1.000000,0.999999,0,0,0,0
815,27,224,588,1.000000,0.999999,1.000000,0.999999,1,0,0,0
816,25,224,589,1.000000,0.999999,1.000000,1.000000,0,0,0,1
817,23,224,590,1.000000,0.999999,1.000000,1.000000,0,0,0,0
818,29,225,590,1.000000,0.999999,1.000000,1.000000,0,0,0,0
819,27,225,591,1.000000,0.999999,1.000000,1.000000,0,0,0,1
820,25,225,592,1.000000,0.999999,1.000000,1.000000,0,0,0,0
821,29,226,592,1.000000,0.999999,1.000000,1.000000,0,0,0,0
822,27,226,593,1.000000,0.999999,1.000000,1.000000,0,0,0,1
823,25,226,594,1.000000,0.999999,1.000000,1.000000,0,0,1,0
824,29,227,594,1.000000,0.999999,1.000000,1.000000,0,0,1,0
825,27,227,595,1.000000,0.999999,1.000000,1.000000,0,0,0,0
826,29,228,595,1.000000,0.999999,1.000000,1.000000,0,0,0,0
827,27,228,596,1.000000,0.999999,1.000000,1.000000,0,0,0,0
828,25,228,597,1.000000,0.999999,1.000000,1.000000,0,0,0,0
829,23,228,598,1.000000,0.999999,1.000000,1.000000,0,0,0,0
830,21,228,599,1.000000,0.999999,1.000000,1.000000,0,0,0,0
831,19,228,600,1.000000,0.999999,1.000000,1.000000,1,0,1,0
832,17,228,601,1.000000,0.999999,1.000000,1.000000,1,0,0,0
833,29,229,601,1.000000,0.999999,1.000000,1.000000,1,0,0,0
834,27,229,602,1.000000,0.999999,1.000000,1.000000,1,1,0,1
835,29,230,602,1.000000,0.999999,1.000000,1.000000,1,1,0,1
836,27,230,603,1.000000,0.999999,1.000000,1.000000,0,0,0,1
837,25,230,604,1.000000,0.999999,1.000000,1.000000,1,1,1,0
838,29,231,604,1.000000,0.999999,1.000000,1.000000,1,1,1,0
839,27,231,605,1.000000,0.999999,1.000000,1.000000,0,0,0,0
840,29,232,605,1.000000,0.999999,1.000000,1.000000,0,0,0,0
841,27,232,606,1.000000,0.999999,1.000000,1.000000,0,0,1,0
842,25,232,607,1.000000,0.999999,1.000000,1.000000,0,0,0,0
843,29,233,607,1.000000,0.999999,1.000000,1.000000,0,0,0,0
844,27,233,608,1.000000,0.999999,1.000000,1.000000,0,0,0,0
845,25,233,609,1.000000,0.999999,1.000000,1.000000,0,0,0,0
846,23,233,610,1.000000,0.999999,1.000000,1.000000,1,1,0,0
847,21,233,611,1.000000,0.999999,1.000000,1.000000,0,0,0,0
848,29,234,611,1.000000,0.999999,1.000000,1.000000,0,0,0,0
849,27,234,612,1.000000,1.000000,1.000000,1.000000,0,1,0,0
850,25,234,613,1.000000,1.000000,1.000000,1.000000,0,1,0,0
851,29,235,613,1.000000,1.000000,1.000000,1.000000,0,1,0,0
852,27,235,614,1.000000,1.000000,1.000000,1.000000,1,1,1,0
853,25,235,615,1.000000,1.000000,1.000000,1.000000,1,0,0,0
854,29,236,615,1.000000,1.000000,1.000000,1.000000,1,0,0,0
855,27,236,616,1.000000,1.000000,1.000000,1.000000,0,0,1,0
856,25,236,617,1.000000,1.000000,1.000000,1.000000,0,0,1,0
857,29,237,617,1.000000,1.000000,1.000000,1.000000,0,0,1,0
858,27,237,618,1.000000,1.000000,1.000000,1.000000,0,0,0,1
859,25,237,619,1.000000,1.000000,1.000000,1.000000,0,1,0,0
860,29,238,619,1.000000,1.000000,1.000000,1.000000,0,1,0,0
861,27,238,620,1.000000,1.000000,1.000000,1.000000,0,0,0,0
862,29,239,620,1.000000,1.000000,1.000000,1.000000,0,0,0,0
863,27,239,621,1.000000,1.000000,1.000000,1.000000,0,0,0,0
864,25,239,622,1.000000,1.000000,1.000000,1.000000,0,0,1,0
865,23,239,623,1.000000,1.000000,1.000000,1.000000,0,0,0,1
866,29,240,623,1.000000,1.000000,1.000000,1.000000,0,0,0,1
867,27,240,624,1.000000,1.000000,1.000000,1.000000,0,0,0,0
868,29,241,624,1.000000,1.000000,1.000000,1.000000,0,0,0,0
869,27,241,625,1.000000,1.000000,1.000000,1.000000,0,0,0,0
870,25,241,626,1.000000,1.000000,1.000000,1.000000,0,0,0,1
871,23,241,627,1.000000,1.000000,1.000000,1.000000,0,0,1,1
872,29,242,627,1.000000,1.000000,1.000000,1.000000,0,0,1,1
873,27,242,628,1.000000,1.000000,1.000000,1.000000,0,0,0,1
874,25,242,629,1.000000,1.000000,1.000000,1.000000,1,1,0,0
875,29,243,629,1.000000,1.000000,1.000000,1.000000,1,1,0,0
876,27,243,630,1.000000,1.000000,1.000000,1.000000,0,0,0,0
877,29,244,630,1.000000,1.000000,1.000000,1.000000,0,0,0,0
878,27,244,631,1.000000,1.000000,1.000000,1.000000,0,0,0,1
879,25,244,632,1.000000,1.000000,1.000000,1.000000,0,0,0,0
880,29,245,632,1.000000,1.000000,1.000000,1.000000,0,0,0,0
881,27,245,633,1.000000,1.000000,1.000000,1.000000,0,0,0,0
882,25,245,634,1.000000,1.000000,1.000000,1.000000,0,0,0,0
883,23,245,635,1.000000,1.000000,1.000000,1.000000,0,0,0,0
884,21,245,636,1.000000,1.000000,1.000000,1.000000,0,0,0,0
885,19,245,637,1.000000,1.000000,1.000000,1.000000,0,0,0,0
886,17,245,638,1.000000,1.000000,1.000000,1.000000,0,0,1,0
887,15,245,639,1.000000,1.000000,1.000000,1.000000,0,0,0,0
888,29,246,639,1.000000,1.000000,1.000000,1.000000,0,0,0,0
889,27,246,640,1.000000,1.000000,1.000000,1.000000,1,0,1,0
890,25,246,641,1.000000,1.000000,1.000000,1.000000,0,1,0,0
891,23,246,642,1.000000,1.000000,1.000000,1.000000,1,0,0,1
892,29,247,642,1.000000,1.000000,1.000000,1.000000,1,0,0,1
893,27,247,643,1.000000,1.000000,1.000000,1.000000,0,0,0,1
894,29,248,643,1.000000,1.000000,1.000000,1.000000,0,0,0,1
895,27,248,644,1.000000,1.000000,1.000000,1.000000,0,0,1,0
896,29,249,644,1.000000,1.000000,1.000000,1.000000,0,0,1,0
897,27,249,645,1.000000,1.000000,1.000000,1.000000,0,0,0,1
898,25,249,646,1.000000,1.000000,1.000000,1.000000,0,0,0,0
899,29,250,646,1.000000,1.000000,1.000000,1.000000,0,0,0,0
900,27,250,647,1.000000,1.000000,1.000000,1.000000,0,0,0,0
901,25,250,648,1.000000,1.000000,1.000000,1.000000,1,0,0,0
902,23,250,649,1.000000,1.000000,1.000000,1.000000,0,1,0,0
903,29,251,649,1.000000,1.000000,1.000000,1.000000,0,1,0,0
904,27,251,650,1.000000,1.000000,1.000000,1.000000,1,0,0,0
905,29,252,650,1.000000,1.000000,1.000000,1.000000,1,0,0,0
906,27,252,651,1.000000,1.000000,1.000000,1.000000,1,0,0,0
907,29,253,651,1.000000,1.000000,1.000000,1.000000,1,0,0,0
908,27,253,652,1.000000,1.000000,1.000000,1.000000,0,0,0,0
909,29,254,652,1.000000,1.000000,1.000000,1.000000,0,0,0,0
910,27,254,653,1.000000,1.000000,1.000000,1.000000,1,0,0,0
911,25,254,654,1.000000,1.000000,1.000000,1.000000,0,0,0,0
912,29,255,654,1.000000,1.000000,1.000000,1.000000,0,0,0,0
913,27,255,655,1.000000,1.000000,1.000000,1.000000,0,0,0,1
914,25,255,656,1.000000,1.000000,1.000000,1.000000,0,0,0,0
915,29,256,656,1.000000,1.000000,1.000000,1.000000,0,0,0,0
916,27,256,657,1.000000,1.000000,1.000000,1.000000,0,0,0,1
917,25,256,658,1.000000,1.000000,1.000000,1.000000,0,0,0,0
918,29,257,658,1.000000,1.000000,1.000000,1.000000,0,0,0,0
919,27,257,659,1.000000,1.000000,1.000000,1.000000,1,0,0,0
920,25,257,660,1.000000,1.000000,1.000000,1.000000,0,0,0,1
921,29,258,660,1.000000,1.000000,1.000000,1.000000,0,0,0,1
922,27,258,661,1.000000,1.000000,1.000000,1.000000,0,0,0,0
923,29,259,661,1.000000,1.000000,1.000000,1.000000,0,0,0,0
924,27,259,662,1.000000,1.000000,1.000000,1.000000,0,0,0,0
925,25,259,663,1.000000,1.000000,1.000000,1.000000,0,0,0,0
926,23,259,664,1.000000,1.000000,1.000000,1.000000,0,0,0,0
927,21,259,665,1.000000,1.000000,1.000000,1.000000,0,0,1,0
928,19,259,666,1.000000,1.000000,1.000000,1.000000,0,0,0,0
929,29,260,666,1.000000,1.000000,1.000000,1.000000,0,0,0,0
930,27,260,667,1.000000,1.000000,1.000000,1.000000,0,0,0,0
931,25,260,668,1.000000,1.000000,1.000000,1.000000,0,0,0,1
932,23,260,669,1.000000,1.000000,1.000000,1.000000,0,0,1,0
933,29,261,669,1.000000,1.000000,1.000000,1.000000,0,0,1,0
934,27,261,670,1.000000,1.000000,1.000000,1.000000,0,0,1,0
935,29,262,670,1.000000,1.000000,1.000000,1.000000,0,0,1,0
936,27,262,671,1.000000,1.000000,1.000000,1.000000,0,0,0,0
937,29,263,671,1.000000,1.000000,1.000000,1.000000,0,0,0,0
938,27,263,672,1.000000,1.000000,1.000000,1.000000,0,0,0,1
939,25,263,673,1.000000,1.000000,1.000000,1.000000,0,0,0,0
940,29,264,673,1.000000,1.000000,1.000000,1.000000,0,0,0,0
941,27,264,674,1.000000,1.000000,1.000000,1.000000,0,0,0,0
942,25,264,675,1.000000,1.000000,1.000000,1.000000,0,1,0,1
943,23,264,676,1.000000,1.000000,1.000000,1.000000,0,0,1,0
944,29,265,676,1.000000,1.000000,1.000000,1.000000,0,0,1,0
945,27,265,677,1.000000,1.000000,1.000000,1.000000,0,0,0,0
946,25,265,678,1.000000,1.000000,1.000000,1.000000,0,0,0,0
947,23,265,679,1.000000,1.000000,1.000000,1.000000,0,0,0,0
948,21,265,680,1.000000,1.000000,1.000000,1.000000,0,0,0,0
949,19,265,681,1.000000,1.000000,1.000000,1.000000,0,0,0,0
950,17,265,682,1.000000,1.000000,1.000000,1.000000,0,1,1,0
951,15,265,683,1.000000,1.000000,1.000000,1.000000,0,0,0,0
952,29,266,683,1.000000,1.000000,1.000000,1.000000,0,0,0,0
953,27,266,684,1.000000,1.000000,1.000000,1.000000,0,0,1,1
954,25,266,685,1.000000,1.000000,1.000000,1.000000,0,0,1,0
955,29,267,685,1.000000,1.000000,1.000000,1.000000,0,0,1,0
956,27,267,686,1.000000,1.000000,1.000000,1.000000,0,0,0,0
957,29,268,686,1.000000,1.000000,1.000000,1.000000,0,0,0,0
958,27,268,687,1.000000,1.000000,1.000000,1.000000,0,0,1,0
959,25,268,688,1.000000,1.000000,1.000000,1.000000,0,0,0,1
960,29,269,688,1.000000,1.000000,1.000000,1.000000,0,0,0,1
961,27,269,689,1.000000,1.000000,1.000000,1.000000,0,0,0,0
962,29,270,689,1.000000,1.000000,1.000000,1.000000,0,0,0,0
963,27,270,690,1.000000,1.000000,1.000000,1.000000,0,0,0,0
964,25,270,691,1.000000,1.000000,1.000000,1.000000,0,0,0,0
965,23,270,692,1.000000,1.000000,1.000000,1.000000,0,0,0,0
966,21,270,693,1.000000,1.000000,1.000000,1.000000,0,0,1,0
967,19,270,694,1.000000,1.000000,1.000000,1.000000,0,0,1,1
968,29,271,694,1.000000,1.000000,1.000000,1.000000,0,0,1,1
969,27,271,695,1.000000,1.000000,1.000000,1.000000,0,0,0,1
970,29,272,695,1.000000,1.000000,1.000000,1.000000,0,0,0,1
971,27,272,696,1.000000,1.000000,1.000000,1.000000,1,0,0,1
972,29,273,696,1.000000,1.000000,1.000000,1.000000,1,0,0,1
973,27,273,697,1.000000,1.000000,1.000000,1.000000,0,0,0,0
974,29,274,697,1.000000,1.000000,1.000000,1.000000,0,0,0,0
975,27,274,698,1.000000,1.000000,1.000000,1.000000,0,0,0,1
976,25,274,699,1.000000,1.000000,1.000000,1.000000,0,0,1,0
977,23,274,700,1.000000,1.000000,1.000000,1.000000,1,0,0,1
978,29,275,700,1.000000,1.000000,1.000000,1.000000,1,0,0,1
979,27,275,701,1.000000,1.000000,1.000000,1.000000,0,0,0,0
980,29,276,701,1.000000,1.000000,1.000000,1.000000,0,0,0,0
981,27,276,702,1.000000,1.000000,1.000000,1.000000,0,0,0,0
982,25,276,703,1.000000,1.000000,1.000000,1.000000,0,0,0,0
983,23,276,704,1.000000,1.000000,1.000000,1.000000,0,0,0,0
984,21,276,705,1.000000,1.000000,1.000000,1.000000,0,0,0,0
985,19,276,706,1.000000,1.000000,1.000000,1.000000,0,0,0,1
986,17,276,707,1.000000,1.000000,1.000000,1.000000,0,0,0,0
987,15,276,708,1.000000,1.000000,1.000000,1.000000,1,0,1,0
988,13,276,709,1.000000,1.000000,1.000000,1.000000,0,0,0,0
989,29,277,709,1.000000,1.000000,1.000000,1.000000,0,0,0,0
990,27,277,710,1.000000,1.000000,1.000000,1.000000,0,0,0,0
991,25,277,711,1.000000,1.000000,1.000000,1.000000,0,0,0,0
992,23,277,712,1.000000,1.000000,1.000000,1.000000,0,0,0,0
993,29,278,712,1.000000,1.000000,1.000000,1.000000,0,0,0,0
994,27,278,713,1.000000,1.000000,1.000000,1.000000,0,1,0,0
995,25,278,714,1.000000,1.000000,1.000000,1.000000,1,1,0,1
996,29,279,714,1.000000,1.000000,1.000000,1.000000,1,1,0,1
997,27,279,715,1.000000,1.000000,1.000000,1.000000,0,0,0,0
998,29,280,715,1.000000,1.000000,1.000000,1.000000,0,0,0,0
999,27,280,716,1.000000,1.000000,1.000000,1.000000,1,0,1,1
1000,25,280,717,1.000000,1.000000,1.000000,1.000000,0,0,0,0
1001,29,281,717,1.000000,1.000000,1.000000,1.000000,0,0,0,0
1002,27,281,718,1.000000,1.000000,1.000000,1.000000,0,1,0,0
1003,25,281,719,1.000000,1.000000,1.000000,1.000000,0,1,0,0
1004,29,282,719,1.000000,1.000000,1.000000,1.000000,0,1,0,0
1005,27,282,720,1.000000,1.000000,1.000000,1.000000,0,0,1,0
1006,25,282,721,1.000000,1.000000,1.000000,1.000000,1,0,0,0
1007,29,283,721,1.000000,1.000000,1.000000,1.000000,1,0,0,0
1008,27,283,722,1.000000,1.000000,1.000000,1.000000,0,0,0,0
1009,29,284,722,1.000000,1.000000,1.000000,1.000000,0,0,0,0
1010,27,284,723,1.000000,1.000000,1.000000,1.000000,0,1,0,0
1011,25,284,724,1.000000,1.000000,1.000000,1.000000,1,0,0,0
1012,29,285,724,1.000000,1.000000,1.000000,1.000000,1,0,0,0
1013,27,285,725,1.000000,1.000000,1.000000,1.000000,0,0,0,0
1014,29,286,725,1.000000,1.000000,1.000000,1.000000,0,0,0,0
1015,27,286,726,1.000000,1.000000,1.000000,1.000000,0,0,0,0
1016,25,286,727,1.000000,1.000000,1.000000,1.000000,1,0,0,1
1017,23,286,728,1.000000,1.000000,1.000000,1.000000,1,0,0,0
1018,29,287,728,1.000000,1.000000,1.000000,1.000000,1,0,0,0
1019,27,287,729,1.000000,1.000000,1.000000,1.000000,0,0,0,0
1020,29,288,729,1.000000,1.000000,1.000000,1.000000,0,0,0,0
1021,27,288,730,1.000000,1.000000,1.000000,1.000000,0,0,0,0
1022,25,288,731,1.000000,1.000000,1.000000,1.000000,0,0,1,0
1023,23,288,732,1.000000,1.000000,1.000000,1.000000,0,0,0,1
1024,29,289,732,1.000000,1.000000,1.000000,1.000000,0,0,0,1
1025,27,289,733,1.000000,1.000000,1.000000,1.000000,0,0,0,0
1026,29,290,733,1.000000,1.000000,1.000000,1.000000,0,0,0,0
1027,27,290,734,1.000000,1.000000,1.000000,1.000000,0,0,1,1
1028,25,290,735,1.000000,1.000000,1.000000,1.000000,1,0,0,0
1029,29,291,735,1.000000,1.000000,1.000000,1.000000,1,0,0,0
1030,27,291,736,1.000000,1.000000,1.000000,1.000000,0,0,1,0
1031,25,291,737,1.000000,1.000000,1.000000,1.000000,0,0,1,0
1032,29,292,737,1.000000,1.000000,1.000000,1.000000,0,0,1,0
1033,27,292,738,1.000000,1.000000,1.000000,1.000000,0,1,0,1
1034,29,293,738,1.000000,1.000000,1.000000,1.000000,0,1,0,1
1035,27,293,739,1.000000,1.000000,1.000000,1.000000,0,1,0,0
1036,29,294,739,1.000000,1.000000,1.000000,1.000000,0,1,0,0
1037,27,294,740,1.000000,1.000000,1.000000,1.000000,0,0,1,0
1038,25,294,741,1.000000,1.000000,1.000000,1.000000,1,0,0,0
1039,29,295,741,1.000000,1.000000,1.000000,1.000000,1,0,0,0
1040,27,295,742,1.000000,1.000000,1.000000,1.000000,0,0,0,0
1041,29,296,742,1.000000,1.000000,1.000000,1.000000,0,0,0,0
1042,27,296,743,1.000000,1.000000,1.000000,1.000000,0,0,0,0
1043,25,296,744,1.000000,1.000000,1.000000,1.000000,0,0,0,0
1044,23,296,745,1.000000,1.000000,1.000000,1.000000,1,0,0,0
1045,21,296,746,1.000000,1.000000,1.000000,1.000000,0,0,0,1
1046,29,297,746,1.000000,1.000000,1.000000,1.000000,0,0,0,1
1047,27,297,747,1.000000,1.000000,1.000000,1.000000,0,0,0,0
1048,29,298,747,1.000000,1.000000,1.000000,1.000000,0,0,0,0
1049,27,298,748,1.000000,1.000000,1.000000,1.000000,0,0,0,0
1050,25,298,749,1.000000,1.000000,1.000000,1.000000,0,0,0,0
1051,23,298,750,1.000000,1.000000,1.000000,1.000000,0,0,1,1
1052,21,298,751,1.000000,1.000000,1.000000,1.000000,0,0,1,0
1053,29,299,751,1.000000,1.000000,1.000000,1.000000,0,0,1,0
1054,27,299,752,1.000000,1.000000,1.000000,1.000000,0,1,0,1
1055,29,300,752,1.000000,1.000000,1.000000,1.000000,0,1,0,1
1056,27,300,753,1.000000,1.000000,1.000000,1.000000,0,1,0,0
1057,29,301,753,1.000000,1.000000,1.000000,1.000000,0,1,0,0
1058,27,301,754,1.000000,1.000000,1.000000,1.000000,0,0,1,0
1059,29,302,754,1.000000,1.000000,1.000000,1.000000,0,0,1,0
1060,27,302,755,1.000000,1.000000,1.000000,1.000000,0,0,0,0
1061,29,303,755,1.000000,1.000000,1.000000,1.000000,0,0,0,0
1062,27,303,756,1.000000,1.000000,1.000000,1.000000,0,0,0,0
1063,25,303,757,1.000000,1.000000,1.000000,1.000000,0,0,0,0
1064,23,303,758,1.000000,1.000000,1.000000,1.000000,0,0,0,1
1065,21,303,759,1.000000,1.000000,1.000000,1.000000,0,0,1,0
1066,29,304,759,1.000000,1.000000,1.000000,1.000000,0,0,1,0
1067,27,304,760,1.000000,1.000000,1.000000,1.000000,0,0,0,1
1068,29,305,760,1.000000,1.000000,1.000000,1.000000,0,0,0,1
1069,27,305,761,1.000000,1.000000,1.000000,1.000000,0,0,0,0
1070,29,306,761,1.000000,1.000000,1.000000,1.000000,0,0,0,0
1071,27,306,762,1.000000,1.000000,1.000000,1.000000,0,0,0,0
1072,25,306,763,1.000000,1.000000,1.000000,1.000000,1,0,0,0
1073,23,306,764,1.000000,1.000000,1.000000,1.000000,1,1,0,0
1074,29,307,764,1.000000,1.000000,1.000000,1.000000,1,1,0,0
1075,27,307,765,1.000000,1.000000,1.000000,1.000000,0,1,0,0
1076,29,308,765,1.000000,1.000000,1.000000,1.000000,0,1,0,0
1077,27,308,766,1.000000,1.000000,1.000000,1.000000,0,0,1,0
1078,29,309,766,1.000000,1.000000,1.000000,1.000000,0,0,1,0
1079,27,309,767,1.000000,1.000000,1.000000,1.000000,0,0,0,0
1080,29,310,767,1.000000,1.000000,1.000000,1.000000,0,0,0,0
1081,27,310,768,1.000000,1.000000,1.000000,1.000000,0,0,0,0
1082,25,310,769,1.000000,1.000000,1.000000,1.000000,0,0,0,0
1083,23,310,770,1.000000,1.000000,1.000000,1.000000,0,0,0,0
1084,21,310,771,1.000000,1.000000,1.000000,1.000000,0,0,0,0
1085,19,310,772,1.000000,1.000000,1.000000,1.000000,0,0,1,0
1086,17,310,773,1.000000,1.000000,1.000000,1.000000,0,0,1,0
1087,29,311,773,1.000000,1.000000,1.000000,1.000000,0,0,1,0
1088,27,311,774,1.000000,1.000000,1.000000,1.000000,0,0,1,1
1089,29,312,774,1.000000,1.000000,1.000000,1.000000,0,0,1,1
1090,27,312,775,1.000000,1.000000,1.000000,1.000000,0,0,0,0
1091,29,313,775,1.000000,1.000000,1.000000,1.000000,0,0,0,0
1092,27,313,776,1.000000,1.000000,1.000000,1.000000,0,0,1,0
1093,25,313,777,1.000000,1.000000,1.000000,1.000000,0,1,0,0
1094,29,314,777,1.000000,1.000000,1.000000,1.000000,0,1,0,0
1095,27,314,778,1.000000,1.000000,1.000000,1.000000,0,0,0,0
1096,29,315,778,1.000000,1.000000,1.000000,1.000000,0,0,0,0
1097,27,315,779,1.000000,1.000000,1.000000,1.000000,0,0,0,0
1098,25,315,780,1.000000,1.000000,1.000000,1.000000,0,0,1,0
1099,23,315,781,1.000000,1.000000,1.000000,1.000000,0,0,0,0
1100,29,316,781,1.000000,1.000000,1.000000,1.000000,0,0,0,0
1101,27,316,782,1.000000,1.000000,1.000000,1.000000,0,0,0,1
1102,25,316,783,1.000000,1.000000,1.000000,1.000000,0,0,1,0
1103,29,317,783,1.000000,1.000000,1.000000,1.000000,0,0,1,0
1104,27,317,784,1.000000,1.000000,1.000000,1.000000,0,0,0,1
1105,25,317,785,1.000000,1.000000,1.000000,1.000000,0,0,0,0
1106,29,318,785,1.000000,1.000000,1.000000,1.000000,0,0,0,0
1107,27,318,786,1.000000,1.000000,1.000000,1.000000,0,0,0,0
1108,25,318,787,1.000000,1.000000,1.000000,1.000000,0,0,0,0
1109,23,318,788,1.000000,1.000000,1.000000,1.000000,0,0,0,0
1110,21,318,789,1.000000,1.000000,1.000000,1.000000,0,0,0,0
1111,19,318,790,1.000000,1.000000,1.000000,1.000000,0,0,0,0
1112,17,318,791,1.000000,1.000000,1.000000,1.000000,0,0,0,0
1113,15,318,792,1.000000,1.000000,1.000000,1.000000,0,0,0,0
1114,13,318,793,1.000000,1.000000,1.000000,1.000000,0,0,0,0
1115,11,318,794,1.000000,1.000000,1.000000,1.000000,0,0,0,0
1116,9,318,795,1.000000,1.000000,1.000000,1.000000,0,0,0,0
1117,7,318,796,1.000000,1.000000,1.000000,1.000000,1,0,0,0
1118,5,318,797,1.000000,1.000000,1.000000,1.000000,1,1,0,0
1119,29,319,797,1.000000,1.000000,1.000000,1.000000,1,1,0,0
1120,27,319,798,1.000000,1.000000,1.000000,1.000000,1,0,0,1
1121,29,320,798,1.000000,1.000000,1.000000,1.000000,1,0,0,1
1122,27,320,799,1.000000,1.000000,1.000000,1.000000,0,0,0,0
1123,29,321,799,1.000000,1.000000,1.000000,1.000000,0,0,0,0
1124,27,321,800,1.000000,1.000000,1.000000,1.000000,0,1,0,0
1125,25,321,801,1.000000,1.000000,1.000000,1.000000,0,0,1,0
1126,23,321,802,1.000000,1.000000,1.000000,1.000000,0,0,0,0
1127,29,322,802,1.000000,1.000000,1.000000,1.000000,0,0,0,0
1128,27,322,803,1.000000,1.000000,1.000000,1.000000,0,0,0,0
1129,25,322,804,1.000000,1.000000,1.000000,1.000000,0,0,0,0
1130,23,322,805,1.000000,1.000000,1.000000,1.000000,0,0,0,0
1131,21,322,806,1.000000,1.000000,1.000000,1.000000,1,0,0,0
1132,19,322,807,1.000000,1.000000,1.000000,1.000000,1,0,0,0
1133,17,322,808,1.000000,1.000000,1.000000,1.000000,1,0,0,1
1134,15,322,809,1.000000,1.000000,1.000000,1.000000,0,1,0,0
1135,29,323,809,1.000000,1.000000,1.000000,1.000000,0,1,0,0
1136,27,323,810,1.000000,1.000000,1.000000,1.000000,1,0,0,0
1137,29,324,810,1.000000,1.000000,1.000000,1.000000,1,0,0,0
1138,27,324,811,1.000000,1.000000,1.000000,1.000000,0,0,0,0
1139,29,325,811,1.000000,1.000000,1.000000,1.000000,0,0,0,0
1140,27,325,812,1.000000,1.000000,1.000000,1.000000,0,1,0,0
1141,25,325,813,1.000000,1.000000,1.000000,1.000000,0,1,0,0
1142,29,326,813,1.000000,1.000000,1.000000,1.000000,0,1,0,0
1143,27,326,814,1.000000,1.000000,1.000000,1.000000,1,0,1,0
1144,29,327,814,1.000000,1.000000,1.000000,1.000000,1,0,1,0
1145,27,327,815,1.000000,1.000000,1.000000,1.000000,0,0,0,0
1146,29,328,815,1.000000,1.000000,1.000000,1.000000,0,0,0,0
1147,27,328,816,1.000000,1.000000,1.000000,1.000000,0,1,0,0
1148,25,328,817,1.000000,1.000000,1.000000,1.000000,0,1,0,0
1149,29,329,817,1.000000,1.000000,1.000000,1.000000,0,1,0,0
1150,27,329,818,1.000000,1.000000,1.000000,1.000000,1,1,1,0
1151,29,330,818,1.000000,1.000000,1.000000,1.000000,1,1,1,0
1152,27,330,819,1.000000,1.000000,1.000000,1.000000,1,0,0,0
1153,25,330,820,1.000000,1.000000,1.000000,1.000000,0,0,1,1
1154,29,331,820,1.000000,1.000000,1.000000,1.000000,0,0,1,1
1155,27,331,821,1.000000,1.000000,1.000000,1.000000,0,0,0,0
1156,29,332,821,1.000000,1.000000,1.000000,1.000000,0,0,0,0
1157,27,332,822,1.000000,1.000000,1.000000,1.000000,0,0,0,1
1158,25,332,823,1.000000,1.000000,1.000000,1.000000,0,0,0,0
1159,29,333,823,1.000000,1.000000,1.000000,1.000000,0,0,0,0
1160,27,333,824,1.000000,1.000000,1.000000,1.000000,1,0,0,0
1161,25,333,825,1.000000,1.000000,1.000000,1.000000,0,0,0,0
1162,29,334,825,1.000000,1.000000,1.000000,1.000000,0,0,0,0
1163,27,334,826,1.000000,1.000000,1.000000,1.000000,0,0,1,0
1164,25,334,827,1.000000,1.000000,1.000000,1.000000,0,0,0,0
1165,29,335,827,1.000000,1.000000,1.000000,1.000000,0,1,0,0
1166,27,335,828,1.000000,1.000000,1.000000,1.000000,0,0,0,0
1167,29,336,828,1.000000,1.000000,1.000000,1.000000,0,0,0,0
1168,27,336,829,1.000000,1.000000,1.000000,1.000000,0,0,0,0
1169,25,336,830,1.000000,1.000000,1.000000,1.000000,0,0,1,0
1170,23,336,831,1.000000,1.000000,1.000000,1.000000,0,0,1,0
1171,21,336,832,1.000000,1.000000,1.000000,1.000000,1,0,1,1
1172,19,336,833,1.000000,1.000000,1.000000,1.000000,0,1,0,0
1173,29,337,833,1.000000,1.000000,1.000000,1.000000,0,1,0,0
1174,27,337,834,1.000000,1.000000,1.000000,1.000000,0,0,1,0
1175,25,337,835,1.000000,1.000000,1.000000,1.000000,0,0,1,0
1176,29,338,835,1.000000,1.000000,1.000000,1.000000,0,0,1,0
1177,27,338,836,1.000000,1.000000,1.000000,1.000000,0,0,0,1
1178,29,339,836,1.000000,1.000000,1.000000,1.000000,0,0,0,1
1179,27,339,837,1.000000,1.000000,1.000000,1.000000,0,0,0,0
1180,29,340,837,1.000000,1.000000,1.000000,1.000000,0,0,0,0
1181,27,340,838,1.000000,1.000000,1.000000,1.000000,0,0,0,0
1182,25,340,839,1.000000,1.000000,1.000000,1.000000,0,0,0,1
1183,23,340,840,1.000000,1.000000,1.000000,1.000000,0,0,0,1
1184,29,341,840,1.000000,1.000000,1.000000,1.000000,0,0,0,1
1185,27,341,841,1.000000,1.000000,1.000000,1.000000,1,0,0,0
1186,29,342,841,1.000000,1.000000,1.000000,1.000000,1,0,0,0
1187,27,342,842,1.000000,1.000000,1.000000,1.000000,1,0,0,1
1188,29,343,842,1.000000,1.000000,1.000000,1.000000,1,0,0,1
1189,27,343,843,1.000000,1.000000,1.000000,1.000000,0,0,0,0
1190,29,344,843,1.000000,1.000000,1.000000,1.000000,0,0,0,0
1191,27,344,844,1.000000,1.000000,1.000000,1.000000,0,1,0,1
1192,25,344,845,1.000000,1.000000,1.000000,1.000000,0,0,0,0
1193,29,345,845,1.000000,1.000000,1.000000,1.000000,0,0,0,0
1194,27,345,846,1.000000,1.000000,1.000000,1.000000,0,0,0,0
1195,25,345,847,1.000000,1.000000,1.000000,1.000000,0,0,0,0
1196,23,345,848,1.000000,1.000000,1.000000,1.000000,0,1,0,0
1197,21,345,849,1.000000,1.000000,1.000000,1.000000,0,0,0,0
1198,29,346,849,1.000000,1.000000,1.000000,1.000000,0,0,0,0
1199,27,346,850,1.000000,1.000000,1.000000,1.000000,1,0,0,0
1200,25,346,851,1.000000,1.000000,1.000000,1.000000,1,0,0,0
1201,29,347,851,1.000000,1.000000,1.000000,1.000000,1,0,0,0
1202,27,347,852,1.000000,1.000000,1.000000,1.000000,0,0,0,1
1203,29,348,852,1.000000,1.000000,1.000000,1.000000,0,0,0,1
1204,27,348,853,1.000000,1.000000,1.000000,1.000000,0,0,0,1
1205,25,348,854,1.000000,1.000000,1.000000,1.000000,1,1,0,1
1206,29,349,854,1.000000,1.000000,1.000000,1.000000,1,1,0,1
1207,27,349,855,1.000000,1.000000,1.000000,1.000000,0,0,0,0
1208,29,350,855,1.000000,1.000000,1.000000,1.000000,0,0,0,0
1209,27,350,856,1.000000,1.000000,1.000000,1.000000,1,0,0,1
1210,25,350,857,1.000000,1.000000,1.000000,1.000000,0,0,1,0
1211,29,351,857,1.000000,1.000000,1.000000,1.000000,0,0,1,0
1212,27,351,858,1.000000,1.000000,1.000000,1.000000,0,0,0,1
1213,25,351,859,1.000000,1.000000,1.000000,1.000000,0,1,0,0
1214,29,352,859,1.000000,1.000000,1.000000,1.000000,0,1,0,0
1215,27,352,860,1.000000,1.000000,1.000000,1.000000,0,0,0,0
1216,29,353,860,1.000000,1.000000,1.000000,1.000000,0,0,0,0
1217,27,353,861,1.000000,1.000000,1.000000,1.000000,0,0,0,0
1218,25,353,862,1.000000,1.000000,1.000000,1.000000,1,0,0,0
1219,23,353,863,1.000000,1.000000,1.000000,1.000000,0,0,0,0
1220,29,354,863,1.000000,1.000000,1.000000,1.000000,0,0,1,0
1221,27,354,864,1.000000,1.000000,1.000000,1.000000,0,0,0,0
1222,29,355,864,1.000000,1.000000,1.000000,1.000000,0,1,0,0
1223,27,355,865,1.000000,1.000000,1.000000,1.000000,0,0,0,0
1224,25,355,866,1.000000,1.000000,1.000000,1.000000,1,0,0,1
1225,23,355,867,1.000000,1.000000,1.000000,1.000000,1,0,0,0
1226,21,355,868,1.000000,1.000000,1.000000,1.000000,1,0,1,0
1227,29,356,868,1.000000,1.000000,1.000000,1.000000,1,0,1,0
1228,27,356,869,1.000000,1.000000,1.000000,1.000000,0,0,0,0
1229,29,357,869,1.000000,1.000000,1.000000,1.000000,0,0,0,0
1230,27,357,870,1.000000,1.000000,1.000000,1.000000,0,0,0,1
1231,25,357,871,1.000000,1.000000,1.000000,1.000000,0,0,0,0
1232,29,358,871,1.000000,1.000000,1.000000,1.000000,0,0,0,0
1233,27,358,872,1.000000,1.000000,1.000000,1.000000,0,0,0,0
1234,25,358,873,1.000000,1.000000,1.000000,1.000000,0,0,0,0
1235,23,358,874,1.000000,1.000000,1.000000,1.000000,0,0,0,0
1236,21,358,875,1.000000,1.000000,1.000000,1.000000,0,0,0,0
1237,19,358,876,1.000000,1.000000,1.000000,1.000000,0,0,1,1
1238,17,358,877,1.000000,1.000000,1.000000,1.000000,0,0,0,0
1239,29,359,877,1.000000,1.000000,1.000000,1.000000,0,0,0,0
1240,27,359,878,1.000000,1.000000,1.000000,1.000000,0,0,0,0
1241,25,359,879,1.000000,1.000000,1.000000,1.000000,0,0,0,1
1242,23,359,880,1.000000,1.000000,1.000000,1.000000,0,0,0,0
1243,29,360,880,1.000000,1.000000,1.000000,1.000000,0,0,0,0
1244,27,360,881,1.000000,1.000000,1.000000,1.000000,0,0,0,1
1245,25,360,882,1.000000,1.000000,1.000000,1.000000,0,0,0,0
1246,29,361,882,1.000000,1.000000,1.000000,1.000000,0,0,0,0
1247,27,361,883,1.000000,1.000000,1.000000,1.000000,1,0,0,0
1248,25,361,884,1.000000,1.000000,1.000000,1.000000,0,0,0,0
1249,23,361,885,1.000000,1.000000,1.000000,1.000000,0,0,0,0
1250,21,361,886,1.000000,1.000000,1.000000,1.000000,0,0,0,0
1251,19,361,887,1.000000,1.000000,1.000000,1.000000,0,0,0,0
1252,17,361,888,1.000000,1.000000,1.000000,1.000000,0,0,0,0
1253,15,361,889,1.000000,1.000000,1.000000,1.000000,0,0,0,0
1254,13,361,890,1.000000,1.000000,1.000000,1.000000,0,0,0,0
1255,11,361,891,1.000000,1.000000,1.000000,1.000000,0,0,0,0
1256,9,361,892,1.000000,1.000000,1.000000,1.000000,0,0,0,0
1257,7,361,893,1.000000,1.000000,1.000000,1.000000,0,0,0,0
1258,5,361,894,1.000000,1.000000,1.000000,1.000000,0,0,0,0
1259,3,361,895,1.000000,1.000000,1.000000,1.000000,0,0,1,1
1260,1,361,896,1.000000,1.000000,1.000000,1.000000,0,0,0,0
1261,29,362,896,1.000000,1.000000,1.000000,1.000000,0,0,0,0
1262,27,362,897,1.000000,1.000000,1.000000,1.000000,0,1,0,0
1263,25,362,898,1.000000,1.000000,1.000000,1.000000,0,0,0,0
1264,29,363,898,1.000000,1.000000,1.000000,1.000000,0,0,0,0
1265,27,363,899,1.000000,1.000000,1.000000,1.000000,0,0,0,0
1266,25,363,900,1.000000,1.000000,1.000000,1.000000,0,0,1,0
1267,23,363,901,1.000000,1.000000,1.000000,1.000000,0,0,0,0
1268,29,364,901,1.000000,1.000000,1.000000,1.000000,0,0,0,0
1269,27,364,902,1.000000,1.000000,1.000000,1.000000,0,0,0,0
1270,25,364,903,1.000000,1.000000,1.000000,1.000000,0,0,0,0
1271,23,364,904,1.000000,1.000000,1.000000,1.000000,0,0,0,0
1272,21,364,905,1.000000,1.000000,1.000000,1.000000,1,0,0,0
1273,19,364,906,1.000000,1.000000,1.000000,1.000000,1,0,0,0
1274,29,365,906,1.000000,1.000000,1.000000,1.000000,1,0,0,0
1275,27,365,907,1.000000,1.000000,1.000000,1.000000,0,0,0,0
1276,29,366,907,1.000000,1.000000,1.000000,1.000000,0,0,0,0
1277,27,366,908,1.000000,1.000000,1.000000,1.000000,0,0,0,0
1278,25,366,909,1.000000,1.000000,1.000000,1.000000,0,1,0,0
1279,23,366,910,1.000000,1.000000,1.000000,1.000000,0,0,0,0
1280,29,367,910,1.000000,1.000000,1.000000,1.000000,0,0,0,0
1281,27,367,911,1.000000,1.000000,1.000000,1.000000,0,0,1,0
1282,25,367,912,1.000000,1.000000,1.000000,1.000000,0,0,0,0
1283,29,368,912,1.000000,1.000000,1.000000,1.000000,0,0,0,0
1284,27,368,913,1.000000,1.000000,1.000000,1.000000,0,0,0,0
1285,25,368,914,1.000000,1.000000,1.000000,1.000000,0,0,0,0
1286,23,368,915,1.000000,1.000000,1.000000,1.000000,0,1,0,0
1287,21,368,916,1.000000,1.000000,1.000000,1.000000,0,0,0,0
1288,29,369,916,1.000000,1.000000,1.000000,1.000000,0,0,0,0
1289,27,369,917,1.000000,1.000000,1.000000,1.000000,0,0,0,0
1290,25,369,918,1.000000,1.000000,1.000000,1.000000,0,0,0,0
1291,23,369,919,1.000000,1.000000,1.000000,1.000000,0,0,0,0
1292,21,369,920,1.000000,1.000000,1.000000,1.000000,0,0,0,0
1293,19,369,921,1.000000,1.000000,1.000000,1.000000,0,0,0,0
1294,17,369,922,1.000000,1.000000,1.000000,1.000000,0,0,0,0
1295,15,369,923,1.000000,1.000000,1.000000,1.000000,0,0,0,0
1296,13,369,924,1.000000,1.000000,1.000000,1.000000,0,0,0,0
1297,11,369,925,1.000000,1.000000,1.000000,1.000000,0,0,0,0
1298,9,369,926,1.000000,1.000000,1.000000,1.000000,1,0,0,0
1299,7,369,927,1.000000,1.000000,1.000000,1.000000,0,0,0,0
1300,29,370,927,1.000000,1.000000,1.000000,1.000000,0,0,0,0
1301,27,370,928,1.000000,1.000000,1.000000,1.000000,0,1,0,0
1302,25,370,929,1.000000,1.000000,1.000000,1.000000,0,1,0,0
1303,29,371,929,1.000000,1.000000,1.000000,1.000000,0,1,0,0
1304,27,371,930,1.000000,1.000000,1.000000,1.000000,1,0,0,0
1305,29,372,930,1.000000,1.000000,1.000000,1.000000,1,0,0,0
1306,27,372,931,1.000000,1.000000,1.000000,1.000000,0,1,0,0
1307,29,373,931,1.000000,1.000000,1.000000,1.000000,0,1,0,0
1308,27,373,932,1.000000,1.000000,1.000000,1.000000,1,1,0,0
1309,29,374,932,1.000000,1.000000,1.000000,1.000000,1,1,0,0
1310,27,374,933,1.000000,1.000000,1.000000,1.000000,0,0,0,0
1311,29,375,933,1.000000,1.000000,1.000000,1.000000,0,0,0,0
1312,27,375,934,1.000000,1.000000,1.000000,1.000000,1,0,0,1
1313,25,375,935,1.000000,1.000000,1.000000,1.000000,1,0,0,0
1314,23,375,936,1.000000,1.000000,1.000000,1.000000,1,0,1,0
1315,29,376,936,1.000000,1.000000,1.000000,1.000000,1,0,1,0
1316,27,376,937,1.000000,1.000000,1.000000,1.000000,0,0,0,0
1317,29,377,937,1.000000,1.000000,1.000000,1.000000,0,0,0,0
1318,27,377,938,1.000000,1.000000,1.000000,1.000000,0,0,0,0
1319,25,377,939,1.000000,1.000000,1.000000,1.000000,0,0,0,0
1320,23,377,940,1.000000,1.000000,1.000000,1.000000,0,0,0,0
1321,21,377,941,1.000000,1.000000,1.000000,1.000000,0,0,0,1
1322,19,377,942,1.000000,1.000000,1.000000,1.000000,0,0,0,0
1323,29,378,942,1.000000,1.000000,1.000000,1.000000,0,0,0,0
1324,27,378,943,1.000000,1.000000,1.000000,1.000000,0,0,0,0
1325,25,378,944,1.000000,1.000000,1.000000,1.000000,0,0,1,0
1326,23,378,945,1.000000,1.000000,1.000000,1.000000,0,0,0,0
1327,29,379,945,1.000000,1.000000,1.000000,1.000000,0,0,0,0
1328,27,379,946,1.000000,1.000000,1.000000,1.000000,0,0,0,0
1329,25,379,947,1.000000,1.000000,1.000000,1.000000,0,0,0,0
1330,23,379,948,1.000000,1.000000,1.000000,1.000000,0,0,0,0
1331,21,379,949,1.000000,1.000000,1.000000,1.000000,0,0,0,0
1332,19,379,950,1.000000,1.000000,1.000000,1.000000,0,0,1,0
1333,17,379,951,1.000000,1.000000,1.000000,1.000000,0,0,1,0
1334,29,380,951,1.000000,1.000000,1.000000,1.000000,0,0,1,0
1335,27,380,952,1.000000,1.000000,1.000000,1.000000,0,0,1,0
1336,25,380,953,1.000000,1.000000,1.000000,1.000000,1,0,0,0
1337,29,381,953,1.000000,1.000000,1.000000,1.000000,1,0,0,0
1338,27,381,954,1.000000,1.000000,1.000000,1.000000,0,0,0,0
1339,29,382,954,1.000000,1.000000,1.000000,1.000000,0,0,0,0
1340,27,382,955,1.000000,1.000000,1.000000,1.000000,0,0,0,0
1341,25,382,956,1.000000,1.000000,1.000000,1.000000,0,0,0,0
1342,23,382,957,1.000000,1.000000,1.000000,1.000000,0,0,0,0
1343,21,382,958,1.000000,1.000000,1.000000,1.000000,0,0,0,0
1344,19,382,959,1.000000,1.000000,1.000000,1.000000,0,0,0,0
1345,17,382,960,1.000000,1.000000,1.000000,1.000000,0,1,1,0
1346,15,382,961,1.000000,1.000000,1.000000,1.000000,0,1,0,0
1347,29,383,961,1.000000,1.000000,1.000000,1.000000,0,1,0,0
1348,27,383,962,1.000000,1.000000,1.000000,1.000000,0,0,1,1
1349,25,383,963,1.000000,1.000000,1.000000,1.000000,0,1,0,1
1350,29,384,963,1.000000,1.000000,1.000000,1.000000,0,1,0,1
1351,27,384,964,1.000000,1.000000,1.000000,1.000000,0,0,1,0
1352,29,385,964,1.000000,1.000000,1.000000,1.000000,0,0,1,0
1353,27,385,965,1.000000,1.000000,1.000000,1.000000,0,0,0,0
1354,29,386,965,1.000000,1.000000,1.000000,1.000000,0,0,0,0
1355,27,386,966,1.000000,1.000000,1.000000,1.000000,0,0,0,0
1356,25,386,967,1.000000,1.000000,1.000000,1.000000,1,0,0,1
1357,23,386,968,1.000000,1.000000,1.000000,1.000000,1,0,0,1
1358,21,386,969,1.000000,1.000000,1.000000,1.000000,0,0,1,0
1359,29,387,969,1.000000,1.000000,1.000000,1.000000,0,0,1,0
1360,27,387,970,1.000000,1.000000,1.000000,1.000000,0,0,0,1
1361,29,388,970,1.000000,1.000000,1.000000,1.000000,0,0,0,1
1362,27,388,971,1.000000,1.000000,1.000000,1.000000,0,0,1,0
1363,29,389,971,1.000000,1.000000,1.000000,1.000000,0,0,1,0
1364,27,389,972,1.000000,1.000000,1.000000,1.000000,0,0,0,1
1365,29,390,972,1.000000,1.000000,1.000000,1.000000,0,0,0,1
1366,27,390,973,1.000000,1.000000,1.000000,1.000000,0,0,0,0
1367,29,391,973,1.000000,1.000000,1.000000,1.000000,0,0,0,0
1368,27,391,974,1.000000,1.000000,1.000000,1.000000,0,0,1,0
1369,25,391,975,1.000000,1.000000,1.000000,1.000000,0,0,0,0
1370,29,392,975,1.000000,1.000000,1.000000,1.000000,0,0,0,0
1371,27,392,976,1.000000,1.000000,1.000000,1.000000,0,1,0,0
1372,25,392,977,1.000000,1.000000,1.000000,1.000000,0,1,0,0
1373,29,393,977,1.000000,1.000000,1.000000,1.000000,0,1,0,0
1374,27,393,978,1.000000,1.000000,1.000000,1.000000,1,0,1,0
1375,29,394,978,1.000000,1.000000,1.000000,1.000000,1,0,1,0
1376,27,394,979,1.000000,1.000000,1.000000,1.000000,0,0,0,0
1377,29,395,979,1.000000,1.000000,1.000000,1.000000,0,0,0,0
1378,27,395,980,1.000000,1.000000,1.000000,1.000000,0,0,0,0
1379,25,395,981,1.000000,1.000000,1.000000,1.000000,0,0,0,0
1380,23,395,982,1.000000,1.000000,1.000000,1.000000,1,1,0,0
1381,21,395,983,1.000000,1.000000,1.000000,1.000000,0,1,0,1
1382,19,395,984,1.000000,1.000000,1.000000,1.000000,1,1,0,1
1383,29,396,984,1.000000,1.000000,1.000000,1.000000,1,1,0,1
1384,27,396,985,1.000000,1.000000,1.000000,1.000000,0,1,0,0
1385,29,397,985,1.000000,1.000000,1.000000,1.000000,0,1,0,0
1386,27,397,986,1.000000,1.000000,1.000000,1.000000,0,0,1,0
1387,29,398,986,1.000000,1.000000,1.000000,1.000000,0,0,1,0
1388,27,398,987,1.000000,1.000000,1.000000,1.000000,0,0,0,0
1389,29,399,987,1.000000,1.000000,1.000000,1.000000,0,0,0,0
1390,27,399,988,1.000000,1.000000,1.000000,1.000000,0,0,0,0
1391,25,399,989,1.000000,1.000000,1.000000,1.000000,1,0,0,0
1392,23,399,990,1.000000,1.000000,1.000000,1.000000,1,0,0,0
1393,29,400,990,1.000000,1.000000,1.000000,1.000000,1,0,0,0
1394,27,400,991,1.000000,1.000000,1.000000,1.000000,0,0,0,0
1395,29,401,991,1.000000,1.000000,1.000000,1.000000,0,0,0,0
1396,27,401,992,1.000000,1.000000,1.000000,1.000000,0,0,0,0
1397,25,401,993,1.000000,1.000000,1.000000,1.000000,0,0,0,0
1398,23,401,994,1.000000,1.000000,1.000000,1.000000,0,0,0,0
1399,21,401,995,1.000000,1.000000,1.000000,1.000000,0,0,0,0
1400,19,401,996,1.000000,1.000000,1.000000,1.000000,0,0,0,0
1401,17,401,997,1.000000,1.000000,1.000000,1.000000,0,0,0,0
1402,15,401,998,1.000000,1.000000,1.000000,1.000000,0,0,0,0
1403,13,401,999,1.000000,1.000000,1.000000,1.000000,1,0,0,1
1404,11,401,1000,1.000000,1.000000,1.000000,1.000000,0,0,0,1
1405,29,402,1000,1.000000,1.000000,1.000000,1.000000,0,0,0,1
1406,27,402,1001,1.000000,1.000000,1.000000,1.000000,0,0,0,0
1407,29,403,1001,1.000000,1.000000,1.000000,1.000000,0,0,0,0
1408,27,403,1002,1.000000,1.000000,1.000000,1.000000,0,0,0,0
1409,25,403,1003,1.000000,1.000000,1.000000,1.000000,0,0,0,0
1410,23,403,1004,1.000000,1.000000,1.000000,1.000000,0,0,1,1
1411,21,403,1005,1.000000,1.000000,1.000000,1.000000,1,0,0,0
1412,29,404,1005,1.000000,1.000000,1.000000,1.000000,1,0,0,0
1413,27,404,1006,1.000000,1.000000,1.000000,1.000000,1,0,0,0
1414,25,404,1007,1.000000,1.000000,1.000000,1.000000,0,0,1,0
1415,29,405,1007,1.000000,1.000000,1.000000,1.000000,0,0,1,0
1416,27,405,1008,1.000000,1.000000,1.000000,1.000000,0,0,0,0
1417,29,406,1008,1.000000,1.000000,1.000000,1.000000,0,0,0,0
1418,27,406,1009,1.000000,1.000000,1.000000,1.000000,0,0,0,0
1419,25,406,1010,1.000000,1.000000,1.000000,1.000000,0,0,0,0
1420,23,406,1011,1.000000,1.000000,1.000000,1.000000,0,0,0,0
1421,21,406,1012,1.000000,1.000000,1.000000,1.000000,0,0,1,0
1422,19,406,1013,1.000000,1.000000,1.000000,1.000000,0,0,0,0
1423,29,407,1013,1.000000,1.000000,1.000000,1.000000,0,0,0,0
1424,27,407,1014,1.000000,1.000000,1.000000,1.000000,0,1,1,0
1425,25,407,1015,1.000000,1.000000,1.000000,1.000000,0,1,1,0
1426,29,408,1015,1.000000,1.000000,1.000000,1.000000,0,1,1,0
1427,27,408,1016,1.000000,1.000000,1.000000,1.000000,0,0,0,1
1428,29,409,1016,1.000000,1.000000,1.000000,1.000000,0,0,0,1
1429,27,409,1017,1.000000,1.000000,1.000000,1.000000,0,0,0,0
1430,29,410,1017,1.000000,1.000000,1.000000,1.000000,0,0,0,0
1431,27,410,1018,1.000000,1.000000,1.000000,1.000000,0,0,0,1
1432,25,410,1019,1.000000,1.000000,1.000000,1.000000,0,0,0,0
1433,23,410,1020,1.000000,1.000000,1.000000,1.000000,0,0,1,0
1434,21,410,1021,1.000000,1.000000,1.000000,1.000000,0,0,0,0
1435,29,411,1021,1.000000,1.000000,1.000000,1.000000,0,0,0,0
1436,27,411,1022,1.000000,1.000000,1.000000,1.000000,0,0,0,0
1437,25,411,1023,1.000000,1.000000,1.000000,1.000000,0,0,0,0
1438,23,411,1024,1.000000,1.000000,1.000000,1.000000,0,1,0,0
1439,21,411,1025,1.000000,1.000000,1.000000,1.000000,0,0,0,0
1440,29,412,1025,1.000000,1.000000,1.000000,1.000000,0,0,0,0
1441,27,412,1026,1.000000,1.000000,1.000000,1.000000,0,1,0,0
1442,25,412,1027,1.000000,1.000000,1.000000,1.000000,1,0,0,0
1443,29,413,1027,1.000000,1.000000,1.000000,1.000000,1,0,0,0
1444,27,413,1028,1.000000,1.000000,1.000000,1.000000,1,0,0,0
1445,25,413,1029,1.000000,1.000000,1.000000,1.000000,0,0,1,0
1446,29,414,1029,1.000000,1.000000,1.000000,1.000000,0,0,1,0
1447,27,414,1030,1.000000,1.000000,1.000000,1.000000,0,0,0,0
1448,25,414,1031,1.000000,1.000000,1.000000,1.000000,1,0,0,0
1449,23,414,1032,1.000000,1.000000,1.000000,1.000000,0,0,0,0
1450,29,415,1032,1.000000,1.000000,1.000000,1.000000,0,0,0,0
1451,27,415,1033,1.000000,1.000000,1.000000,1.000000,0,0,0,0
1452,25,415,1034,1.000000,1.000000,1.000000,1.000000,0,0,0,0
1453,23,415,1035,1.000000,1.000000,1.000000,1.000000,0,0,0,0
1454,21,415,1036,1.000000,1.000000,1.000000,1.000000,0,0,0,1
1455,19,415,1037,1.000000,1.000000,1.000000,1.000000,0,0,0,0
1456,29,416,1037,1.000000,1.000000,1.000000,1.000000,0,0,0,0
1457,27,416,1038,1.000000,1.000000,1.000000,1.000000,0,0,0,0
1458,25,416,1039,1.000000,1.000000,1.000000,1.000000,0,1,0,0
1459,23,416,1040,1.000000,1.000000,1.000000,1.000000,0,0,0,0
1460,29,417,1040,1.000000,1.000000,1.000000,1.000000,0,0,0,0
1461,27,417,1041,1.000000,1.000000,1.000000,1.000000,0,0,0,0
1462,25,417,1042,1.000000,1.000000,1.000000,1.000000,0,1,0,0
1463,23,417,1043,1.000000,1.000000,1.000000,1.000000,0,0,0,0
1464,21,417,1044,1.000000,1.000000,1.000000,1.000000,0,1,0,0
1465,19,417,1045,1.000000,1.000000,1.000000,1.000000,1,0,0,0
1466,29,418,1045,1.000000,1.000000,1.000000,1.000000,1,0,0,0
1467,27,418,1046,1.000000,1.000000,1.000000,1.000000,1,0,0,0
1468,29,419,1046,1.000000,1.000000,1.000000,1.000000,1,0,0,0
1469,27,419,1047,1.000000,1.000000,1.000000,1.000000,0,0,0,0
1470,29,420,1047,1.000000,1.000000,1.000000,1.000000,0,0,0,0
1471,27,420,1048,1.000000,1.000000,1.000000,1.000000,0,1,0,0
1472,25,420,1049,1.000000,1.000000,1.000000,1.000000,0,0,0,0
1473,29,421,1049,1.000000,1.000000,1.000000,1.000000,0,0,0,0
1474,27,421,1050,1.000000,1.000000,1.000000,1.000000,0,0,0,0
1475,25,421,1051,1.000000,1.000000,1.000000,1.000000,0,0,0,1
1476,23,421,1052,1.000000,1.000000,1.000000,1.000000,0,0,0,0
1477,29,422,1052,1.000000,1.000000,1.000000,1.000000,0,0,0,0
1478,27,422,1053,1.000000,1.000000,1.000000,1.000000,0,0,0,0
1479,25,422,1054,1.000000,1.000000,1.000000,1.000000,0,0,0,0
1480,23,422,1055,1.000000,1.000000,1.000000,1.000000,1,0,0,0
1481,21,422,1056,1.000000,1.000000,1.000000,1.000000,1,0,0,0
1482,29,423,1056,1.000000,1.000000,1.000000,1.000000,1,0,0,0
1483,27,423,1057,1.000000,1.000000,1.000000,1.000000,0,0,0,0
1484,25,423,1058,1.000000,1.000000,1.000000,1.000000,0,0,0,0
1485,23,423,1059,1.000000,1.000000,1.000000,1.000000,0,0,0,0
1486,21,423,1060,1.000000,1.000000,1.000000,1.000000,1,0,0,1
1487,19,423,1061,1.000000,1.000000,1.000000,1.000000,1,0,0,1
1488,17,423,1062,1.000000,1.000000,1.000000,1.000000,1,1,0,1
1489,29,424,1062,1.000000,1.000000,1.000000,1.000000,1,1,0,1
1490,27,424,1063,1.000000,1.000000,1.000000,1.000000,0,0,1,0
1491,25,424,1064,1.000000,1.000000,1.000000,1.000000,1,0,0,0
1492,29,425,1064,1.000000,1.000000,1.000000,1.000000,1,0,0,0
1493,27,425,1065,1.000000,1.000000,1.000000,1.000000,0,0,0,0
1494,29,426,1065,1.000000,1.000000,1.000000,1.000000,0,0,0,0
1495,27,426,1066,1.000000,1.000000,1.000000,1.000000,1,1,0,0
1496,25,426,1067,1.000000,1.000000,1.000000,1.000000,1,1,0,0
1497,29,427,1067,1.000000,1.000000,1.000000,1.000000,1,1,0,0
1498,27,427,1068,1.000000,1.000000,1.000000,1.000000,0,0,0,0
1499,29,428,1068,1.000000,1.000000,1.000000,1.000000,0,0,0,0
1500,27,428,1069,1.000000,1.000000,1.000000,1.000000,0,0,0,1
1501,25,428,1070,1.000000,1.000000,1.000000,1.000000,1,0,0,0
1502,29,429,1070,1.000000,1.000000,1.000000,1.000000,1,0,0,0
1503,27,429,1071,1.000000,1.000000,1.000000,1.000000,0,0,0,0
1504,29,430,1071,1.000000,1.000000,1.000000,1.000000,0,0,0,0
1505,27,430,1072,1.000000,1.000000,1.000000,1.000000,0,0,0,0
1506,25,430,1073,1.000000,1.000000,1.000000,1.000000,0,0,0,0
1507,23,430,1074,1.000000,1.000000,1.000000,1.000000,0,0,0,0
1508,21,430,1075,1.000000,1.000000,1.000000,1.000000,0,0,0,0
1509,19,430,1076,1.000000,1.000000,1.000000,1.000000,0,0,0,0
1510,17,430,1077,1.000000,1.000000,1.000000,1.000000,0,0,0,0
1511,15,430,1078,1.000000,1.000000,1.000000,1.000000,0,0,0,0
1512,13,430,1079,1.000000,1.000000,1.000000,1.000000,0,0,1,0
1513,11,430,1080,1.000000,1.000000,1.000000,1.000000,0,1,1,1
1514,29,431,1080,1.000000,1.000000,1.000000,1.000000,0,1,1,1
1515,27,431,1081,1.000000,1.000000,1.000000,1.000000,1,0,1,0
1516,29,432,1081,1.000000,1.000000,1.000000,1.000000,1,0,1,0
1517,27,432,1082,1.000000,1.000000,1.000000,1.000000,0,1,0,1
1518,29,433,1082,1.000000,1.000000,1.000000,1.000000,0,1,0,1
1519,27,433,1083,1.000000,1.000000,1.000000,1.000000,0,0,1,0
1520,29,434,1083,1.000000,1.000000,1.000000,1.000000,0,0,1,0
1521,27,434,1084,1.000000,1.000000,1.000000,1.000000,0,0,0,0
1522,29,435,1084,1.000000,1.000000,1.000000,1.000000,0,0,0,0
1523,27,435,1085,1.000000,1.000000,1.000000,1.000000,0,1,0,0
1524,25,435,1086,1.000000,1.000000,1.000000,1.000000,0,0,0,0
1525,29,436,1086,1.000000,1.000000,1.000000,1.000000,0,0,0,0
1526,27,436,1087,1.000000,1.000000,1.000000,1.000000,0,0,0,0
1527,25,436,1088,1.000000,1.000000,1.000000,1.000000,0,1,0,0
1528,23,436,1089,1.000000,1.000000,1.000000,1.000000,0,1,0,1
1529,21,436,1090,1.000000,1.000000,1.000000,1.000000,1,0,1,0
1530,29,437,1090,1.000000,1.000000,1.000000,1.000000,1,0,1,0
1531,27,437,1091,1.000000,1.000000,1.000000,1.000000,0,0,0,0
1532,29,438,1091,1.000000,1.000000,1.000000,1.000000,0,0,0,0
1533,27,438,1092,1.000000,1.000000,1.000000,1.000000,0,0,0,0
1534,25,438,1093,1.000000,1.000000,1.000000,1.000000,0,0,0,0
1535,23,438,1094,1.000000,1.000000,1.000000,1.000000,0,0,0,0
1536,21,438,1095,1.000000,1.000000,1.000000,1.000000,0,1,0,0
1537,19,438,1096,1.000000,1.000000,1.000000,1.000000,0,0,1,0
1538,29,439,1096,1.000000,1.000000,1.000000,1.000000,0,0,1,0
1539,27,439,1097,1.000000,1.000000,1.000000,1.000000,0,0,0,0
1540,29,440,1097,1.000000,1.000000,1.000000,1.000000,0,0,0,0
1541,27,440,1098,1.000000,1.000000,1.000000,1.000000,0,0,0,0
1542,25,440,1099,1.000000,1.000000,1.000000,1.000000,0,0,0,0
1543,23,440,1100,1.000000,1.000000,1.000000,1.000000,0,0,0,0
1544,21,440,1101,1.000000,1.000000,1.000000,1.000000,0,0,0,0
1545,19,440,1102,1.000000,1.000000,1.000000,1.000000,0,0,0,0
1546,17,440,1103,1.000000,1.000000,1.000000,1.000000,0,0,0,0
1547,15,440,1104,1.000000,1.000000,1.000000,1.000000,0,0,0,1
1548,13,440,1105,1.000000,1.000000,1.000000,1.000000,0,0,0,0
1549,29,441,1105,1.000000,1.000000,1.000000,1.000000,0,0,0,0
1550,27,441,1106,1.000000,1.000000,1.000000,1.000000,0,0,0,0
1551,25,441,1107,1.000000,1.000000,1.000000,1.000000,0,0,0,0
1552,23,441,1108,1.000000,1.000000,1.000000,1.000000,0,1,0,0
1553,21,441,1109,1.000000,1.000000,1.000000,1.000000,0,0,0,0
1554,29,442,1109,1.000000,1.000000,1.000000,1.000000,0,0,0,0
1555,27,442,1110,1.000000,1.000000,1.000000,1.000000,1,0,0,0
1556,25,442,1111,1.000000,1.000000,1.000000,1.000000,0,0,0,0
1557,29,443,1111,1.000000,1.000000,1.000000,1.000000,0,0,0,0
1558,27,443,1112,1.000000,1.000000,1.000000,1.000000,0,1,0,0
1559,25,443,1113,1.000000,1.000000,1.000000,1.000000,0,0,1,0
1560,29,444,1113,1.000000,1.000000,1.000000,1.000000,0,0,1,0
1561,27,444,1114,1.000000,1.000000,1.000000,1.000000,0,0,1,0
1562,29,445,1114,1.000000,1.000000,1.000000,1.000000,0,0,1,0
1563,27,445,1115,1.000000,1.000000,1.000000,1.000000,0,0,0,0
1564,29,446,1115,1.000000,1.000000,1.000000,1.000000,0,0,0,0
1565,27,446,1116,1.000000,1.000000,1.000000,1.000000,0,0,0,0
1566,25,446,1117,1.000000,1.000000,1.000000,1.000000,0,1,0,0
1567,23,446,1118,1.000000,1.000000,1.000000,1.000000,0,0,0,0
1568,21,446,1119,1.000000,1.000000,1.000000,1.000000,0,0,0,0
1569,19,446,1120,1.000000,1.000000,1.000000,1.000000,0,0,0,0
1570,17,446,1121,1.000000,1.000000,1.000000,1.000000,0,0,0,0
1571,15,446,1122,1.000000,1.000000,1.000000,1.000000,0,0,0,0
1572,13,446,1123,1.000000,1.000000,1.000000,1.000000,0,0,1,0
1573,11,446,1124,1.000000,1.000000,1.000000,1.000000,0,0,0,0
1574,29,447,1124,1.000000,1.000000,1.000000,1.000000,0,0,0,0
1575,27,447,1125,1.000000,1.000000,1.000000,1.000000,0,0,0,0
1576,25,447,1126,1.000000,1.000000,1.000000,1.000000,0,0,0,1
1577,23,447,1127,1.000000,1.000000,1.000000,1.000000,0,0,1,0
1578,29,448,1127,1.000000,1.000000,1.000000,1.000000,0,0,1,0
1579,27,448,1128,1.000000,1.000000,1.000000,1.000000,0,0,0,0
1580,25,448,1129,1.000000,1.000000,1.000000,1.000000,0,0,1,0
1581,23,448,1130,1.000000,1.000000,1.000000,1.000000,0,0,0,0
1582,21,448,1131,1.000000,1.000000,1.000000,1.000000,0,0,0,1
1583,19,448,1132,1.000000,1.000000,1.000000,1.000000,0,0,1,0
1584,17,448,1133,1.000000,1.000000,1.000000,1.000000,1,0,0,0
1585,29,449,1133,1.000000,1.000000,1.000000,1.000000,1,0,0,0
1586,27,449,1134,1.000000,1.000000,1.000000,1.000000,0,0,0,0
1587,29,450,1134,1.000000,1.000000,1.000000,1.000000,0,0,0,0
1588,27,450,1135,1.000000,1.000000,1.000000,1.000000,0,0,0,0
1589,25,450,1136,1.000000,1.000000,1.000000,1.000000,0,0,0,0
1590,23,450,1137,1.000000,1.000000,1.000000,1.000000,0,1,0,0
1591,21,450,1138,1.000000,1.000000,1.000000,1.000000,0,0,0,0
1592,19,450,1139,1.000000,1.000000,1.000000,1.000000,0,0,0,0
1593,29,451,1139,1.000000,1.000000,1.000000,1.000000,0,0,0,0
1594,27,451,1140,1.000000,1.000000,1.000000,1.000000,0,0,0,0
1595,25,451,1141,1.000000,1.000000,1.000000,1.000000,0,0,0,0
1596,23,451,1142,1.000000,1.000000,1.000000,1.000000,0,0,0,1
1597,21,451,1143,1.000000,1.000000,1.000000,1.000000,0,0,0,0
1598,29,452,1143,1.000000,1.000000,1.000000,1.000000,0,0,0,0
1599,27,452,1144,1.000000,1.000000,1.000000,1.000000,0,0,0,0
1600,25,452,1145,1.000000,1.000000,1.000000,1.000000,0,0,0,0
1601,23,452,1146,1.000000,1.000000,1.000000,1.000000,0,0,0,0
1602,21,452,1147,1.000000,1.000000,1.000000,1.000000,0,0,0,0
1603,19,452,1148,1.000000,1.000000,1.000000,1.000000,0,0,0,0
1604,17,452,1149,1.000000,1.000000,1.000000,1.000000,0,0,0,0
1605,15,452,1150,1.000000,1.000000,1.000000,1.000000,0,0,0,1
1606,13,452,1151,1.000000,1.000000,1.000000,1.000000,0,0,0,0
1607,29,453,1151,1.000000,1.000000,1.000000,1.000000,0,0,0,0
1608,27,453,1152,1.000000,1.000000,1.000000,1.000000,0,0,0,1
1609,25,453,1153,1.000000,1.000000,1.000000,1.000000,0,0,0,0
1610,29,454,1153,1.000000,1.000000,1.000000,1.000000,0,0,0,0
1611,27,454,1154,1.000000,1.000000,1.000000,1.000000,0,0,0,1
1612,25,454,1155,1.000000,1.000000,1.000000,1.000000,0,0,1,0
1613,29,455,1155,1.000000,1.000000,1.000000,1.000000,0,0,1,0
1614,27,455,1156,1.000000,1.000000,1.000000,1.000000,0,0,1,0
1615,29,456,1156,1.000000,1.000000,1.000000,1.000000,0,0,1,0
1616,27,456,1157,1.000000,1.000000,1.000000,1.000000,0,0,0,0
1617,29,457,1157,1.000000,1.000000,1.000000,1.000000,0,0,0,0
1618,27,457,1158,1.000000,1.000000,1.000000,1.000000,0,0,0,0
1619,25,457,1159,1.000000,1.000000,1.000000,1.000000,0,0,0,0
1620,23,457,1160,1.000000,1.000000,1.000000,1.000000,0,0,0,1
1621,21,457,1161,1.000000,1.000000,1.000000,1.000000,0,0,1,0
1622,29,458,1161,1.000000,1.000000,1.000000,1.000000,0,0,1,0
1623,27,458,1162,1.000000,1.000000,1.000000,1.000000,0,0,1,0
1624,29,459,1162,1.000000,1.000000,1.000000,1.000000,0,0,1,0
1625,27,459,1163,1.000000,1.000000,1.000000,1.000000,0,0,0,0
1626,29,460,1163,1.000000,1.000000,1.000000,1.000000,0,0,0,0
1627,27,460,1164,1.000000,1.000000,1.000000,1.000000,0,1,1,0
1628,25,460,1165,1.000000,1.000000,1.000000,1.000000,0,1,0,0
1629,29,461,1165,1.000000,1.000000,1.000000,1.000000,0,1,0,0
1630,27,461,1166,1.000000,1.000000,1.000000,1.000000,0,0,0,0
1631,29,462,1166,1.000000,1.000000,1.000000,1.000000,0,0,0,0
1632,27,462,1167,1.000000,1.000000,1.000000,1.000000,0,0,0,0
1633,25,462,1168,1.000000,1.000000,1.000000,1.000000,0,0,0,0
1634,23,462,1169,1.000000,1.000000,1.000000,1.000000,0,0,0,0
1635,21,462,1170,1.000000,1.000000,1.000000,1.000000,0,0,1,1
1636,19,462,1171,1.000000,1.000000,1.000000,1.000000,0,1,0,1
1637,29,463,1171,1.000000,1.000000,1.000000,1.000000,0,1,0,1
1638,27,463,1172,1.000000,1.000000,1.000000,1.000000,0,0,1,0
1639,29,464,1172,1.000000,1.000000,1.000000,1.000000,0,0,1,0
1640,27,464,1173,1.000000,1.000000,1.000000,1.000000,0,0,0,0
1641,29,465,1173,1.000000,1.000000,1.000000,1.000000,0,0,0,0
1642,27,465,1174,1.000000,1.000000,1.000000,1.000000,0,0,0,0
1643,25,465,1175,1.000000,1.000000,1.000000,1.000000,0,1,0,0
1644,23,465,1176,1.000000,1.000000,1.000000,1.000000,1,0,0,0
1645,21,465,1177,1.000000,1.000000,1.000000,1.000000,0,0,1,0
1646,29,466,1177,1.000000,1.000000,1.000000,1.000000,0,0,1,0
1647,27,466,1178,1.000000,1.000000,1.000000,1.000000,0,0,0,0
1648,29,467,1178,1.000000,1.000000,1.000000,1.000000,0,0,0,0
1649,27,467,1179,1.000000,1.000000,1.000000,1.000000,0,0,0,0
1650,25,467,1180,1.000000,1.000000,1.000000,1.000000,0,1,1,0
1651,23,467,1181,1.000000,1.000000,1.000000,1.000000,0,1,0,0
1652,29,468,1181,1.000000,1.000000,1.000000,1.000000,0,1,0,0
1653,27,468,1182,1.000000,1.000000,1.000000,1.000000,1,0,1,0
1654,25,468,1183,1.000000,1.000000,1.000000,1.000000,0,0,1,0
1655,23,468,1184,1.000000,1.000000,1.000000,1.000000,1,0,1,0
1656,29,469,1184,1.000000,1.000000,1.000000,1.000000,1,0,1,0
1657,27,469,1185,1.000000,1.000000,1.000000,1.000000,0,0,0,0
1658,29,470,1185,1.000000,1.000000,1.000000,1.000000,0,0,0,0
1659,27,470,1186,1.000000,1.000000,1.000000,1.000000,0,0,0,0
1660,25,470,1187,1.000000,1.000000,1.000000,1.000000,0,0,0,0
1661,23,470,1188,1.000000,1.000000,1.000000,1.000000,0,0,0,1
1662,21,470,1189,1.000000,1.000000,1.000000,1.000000,0,0,1,0
1663,29,471,1189,1.000000,1.000000,1.000000,1.000000,0,0,1,0
1664,27,471,1190,1.000000,1.000000,1.000000,1.000000,0,0,0,1
1665,29,472,1190,1.000000,1.000000,1.000000,1.000000,0,0,0,1
1666,27,472,1191,1.000000,1.000000,1.000000,1.000000,0,0,0,0
1667,29,473,1191,1.000000,1.000000,1.000000,1.000000,0,0,0,0
1668,27,473,1192,1.000000,1.000000,1.000000,1.000000,0,0,0,0
1669,25,473,1193,1.000000,1.000000,1.000000,1.000000,0,0,0,0
1670,23,473,1194,1.000000,1.000000,1.000000,1.000000,0,0,0,0
1671,21,473,1195,1.000000,1.000000,1.000000,1.000000,0,0,0,0
1672,19,473,1196,1.000000,1.000000,1.000000,1.000000,0,0,0,0
1673,17,473,1197,1.000000,1.000000,1.000000,1.000000,0,0,0,0
1674,15,473,1198,1.000000,1.000000,1.000000,1.000000,0,0,0,0
1675,13,473,1199,1.000000,1.000000,1.000000,1.000000,0,0,0,0
1676,11,473,1200,1.000000,1.000000,1.000000,1.000000,0,0,0,0
1677,9,473,1201,1.000000,1.000000,1.000000,1.000000,0,0,0,0
1678,7,473,1202,1.000000,1.000000,1.000000,1.000000,1,0,0,0
1679,5,473,1203,1.000000,1.000000,1.000000,1.000000,1,0,0,0
1680,29,474,1203,1.000000,1.000000,1.000000,1.000000,1,0,0,0
1681,27,474,1204,1.000000,1.000000,1.000000,1.000000,1,0,0,1
1682,29,475,1204,1.000000,1.000000,1.000000,1.000000,1,0,0,1
1683,27,475,1205,1.000000,1.000000,1.000000,1.000000,0,0,0,0
1684,29,476,1205,1.000000,1.000000,1.000000,1.000000,0,0,0,0
1685,27,476,1206,1.000000,1.000000,1.000000,1.000000,0,0,0,1
1686,25,476,1207,1.000000,1.000000,1.000000,1.000000,0,0,0,0
1687,29,477,1207,1.000000,1.000000,1.000000,1.000000,0,0,0,0
1688,27,477,1208,1.000000,1.000000,1.000000,1.000000,0,0,0,0
1689,25,477,1209,1.000000,1.000000,1.000000,1.000000,0,0,0,0
1690,23,477,1210,1.000000,1.000000,1.000000,1.000000,1,1,0,0
1691,21,477,1211,1.000000,1.000000,1.000000,1.000000,1,0,0,0
1692,29,478,1211,1.000000,1.000000,1.000000,1.000000,1,0,0,0
1693,27,478,1212,1.000000,1.000000,1.000000,1.000000,1,1,0,1
1694,29,479,1212,1.000000,1.000000,1.000000,1.000000,1,1,0,1
1695,27,479,1213,1.000000,1.000000,1.000000,1.000000,0,1,0,0
1696,29,480,1213,1.000000,1.000000,1.000000,1.000000,0,1,0,0
1697,27,480,1214,1.000000,1.000000,1.000000,1.000000,0,0,1,0
1698,25,480,1215,1.000000,1.000000,1.000000,1.000000,1,0,0,0
1699,29,481,1215,1.000000,1.000000,1.000000,1.000000,1,0,0,0
1700,27,481,1216,1.000000,1.000000,1.000000,1.000000,0,0,0,0
1701,29,482,1216,1.000000,1.000000,1.000000,1.000000,0,0,0,0
1702,27,482,1217,1.000000,1.000000,1.000000,1.000000,0,0,0,0
1703,25,482,1218,1.000000,1.000000,1.000000,1.000000,0,0,0,0
1704,23,482,1219,1.000000,1.000000,1.000000,1.000000,0,0,0,0
1705,21,482,1220,1.000000,1.000000,1.000000,1.000000,0,0,0,0
1706,19,482,1221,1.000000,1.000000,1.000000,1.000000,0,0,0,0
1707,17,482,1222,1.000000,1.000000,1.000000,1.000000,0,0,0,0
1708,15,482,1223,1.000000,1.000000,1.000000,1.000000,0,0,0,1
1709,13,482,1224,1.000000,1.000000,1.000000,1.000000,0,0,0,1
1710,29,483,1224,1.000000,1.000000,1.000000,1.000000,0,0,0,1
1711,27,483,1225,1.000000,1.000000,1.000000,1.000000,0,0,0,0
1712,29,484,1225,1.000000,1.000000,1.000000,1.000000,0,0,0,0
1713,27,484,1226,1.000000,1.000000,1.000000,1.000000,0,0,0,0
1714,25,484,1227,1.000000,1.000000,1.000000,1.000000,0,0,0,0
1715,23,484,1228,1.000000,1.000000,1.000000,1.000000,1,0,0,0
1716,21,484,1229,1.000000,1.000000,1.000000,1.000000,0,0,0,0
1717,29,485,1229,1.000000,1.000000,1.000000,1.000000,0,0,0,0
1718,27,485,1230,1.000000,1.000000,1.000000,1.000000,0,0,0,0
1719,25,485,1231,1.000000,1.000000,1.000000,1.000000,0,0,0,0
1720,23,485,1232,1.000000,1.000000,1.000000,1.000000,1,0,0,0
1721,21,485,1233,1.000000,1.000000,1.000000,1.000000,1,0,0,0
1722,29,486,1233,1.000000,1.000000,1.000000,1.000000,1,0,0,0
1723,27,486,1234,1.000000,1.000000,1.000000,1.000000,0,1,0,0
1724,29,487,1234,1.000000,1.000000,1.000000,1.000000,0,1,0,0
1725,27,487,1235,1.000000,1.000000,1.000000,1.000000,0,0,0,0
1726,25,487,1236,1.000000,1.000000,1.000000,1.000000,1,0,1,0
1727,23,487,1237,1.000000,1.000000,1.000000,1.000000,1,0,0,0
1728,29,488,1237,1.000000,1.000000,1.000000,1.000000,1,0,0,0
1729,27,488,1238,1.000000,1.000000,1.000000,1.000000,1,0,0,0
1730,29,489,1238,1.000000,1.000000,1.000000,1.000000,1,0,0,0
1731,27,489,1239,1.000000,1.000000,1.000000,1.000000,0,0,0,0
1732,29,490,1239,1.000000,1.000000,1.000000,1.000000,0,0,0,0
1733,27,490,1240,1.000000,1.000000,1.000000,1.000000,0,0,0,0
1734,25,490,1241,1.000000,1.000000,1.000000,1.000000,0,0,1,0
1735,23,490,1242,1.000000,1.000000,1.000000,1.000000,0,0,0,0
1736,29,491,1242,1.000000,1.000000,1.000000,1.000000,0,0,0,0
1737,27,491,1243,1.000000,1.000000,1.000000,1.000000,0,0,0,0
1738,25,491,1244,1.000000,1.000000,1.000000,1.000000,0,0,0,0
1739,23,491,1245,1.000000,1.000000,1.000000,1.000000,0,0,0,0
1740,21,491,1246,1.000000,1.000000,1.000000,1.000000,1,1,0,0
1741,19,491,1247,1.000000,1.000000,1.000000,1.000000,0,0,0,0
1742,29,492,1247,1.000000,1.000000,1.000000,1.000000,0,0,0,0
1743,27,492,1248,1.000000,1.000000,1.000000,1.000000,0,1,0,0
1744,25,492,1249,1.000000,1.000000,1.000000,1.000000,0,1,0,0
1745,29,493,1249,1.000000,1.000000,1.000000,1.000000,0,1,0,0
1746,27,493,1250,1.000000,1.000000,1.000000,1.000000,0,0,0,0
1747,29,494,1250,1.000000,1.000000,1.000000,1.000000,0,0,0,0
1748,27,494,1251,1.000000,1.000000,1.000000,1.000000,0,0,1,0
1749,25,494,1252,1.000000,1.000000,1.000000,1.000000,0,0,0,0
1750,29,495,1252,1.000000,1.000000,1.000000,1.000000,0,0,0,0
1751,27,495,1253,1.000000,1.000000,1.000000,1.000000,0,1,0,1
1752,25,495,1254,1.000000,1.000000,1.000000,1.000000,0,0,0,0
1753,29,496,1254,1.000000,1.000000,1.000000,1.000000,0,0,0,0
1754,27,496,1255,1.000000,1.000000,1.000000,1.000000,0,0,0,0
1755,25,496,1256,1.000000,1.000000,1.000000,1.000000,0,0,0,0
1756,23,496,1257,1.000000,1.000000,1.000000,1.000000,0,0,0,0
1757,21,496,1258,1.000000,1.000000,1.000000,1.000000,0,0,0,0
1758,19,496,1259,1.000000,1.000000,1.000000,1.000000,0,0,0,0
1759,17,496,1260,1.000000,1.000000,1.000000,1.000000,0,0,0,1
1760,15,496,1261,1.000000,1.000000,1.000000,1.000000,0,0,0,0
1761,29,497,1261,1.000000,1.000000,1.000000,1.000000,0,1,0,0
1762,27,497,1262,1.000000,1.000000,1.000000,1.000000,0,0,0,0
1763,29,498,1262,1.000000,1.000000,1.000000,1.000000,0,0,0,0
1764,27,498,1263,1.000000,1.000000,1.000000,1.000000,0,0,1,0
1765,25,498,1264,1.000000,1.000000,1.000000,1.000000,0,0,0,0
1766,29,499,1264,1.000000,1.000000,1.000000,1.000000,0,0,0,0
1767,27,499,1265,1.000000,1.000000,1.000000,1.000000,0,0,1,0
1768,25,499,1266,1.000000,1.000000,1.000000,1.000000,0,0,0,0
1769,29,500,1266,1.000000,1.000000,1.000000,1.000000,0,0,0,0
1770,27,500,1267,1.000000,1.000000,1.000000,1.000000,0,0,0,0
1771,25,500,1268,1.000000,1.000000,1.000000,1.000000,0,0,0,0
1772,23,500,1269,1.000000,1.000000,1.000000,1.000000,0,1,0,0
1773,21,500,1270,1.000000,1.000000,1.000000,1.000000,0,0,0,0
1774,29,501,1270,1.000000,1.000000,1.000000,1.000000,0,0,0,0
1775,27,501,1271,1.000000,1.000000,1.000000,1.000000,0,0,1,0
1776,25,501,1272,1.000000,1.000000,1.000000,1.000000,0,1,0,0
1777,23,501,1273,1.000000,1.000000,1.000000,1.000000,0,0,0,0
1778,29,502,1273,1.000000,1.000000,1.000000,1.000000,0,0,0,0
1779,27,502,1274,1.000000,1.000000,1.000000,1.000000,0,0,0,0
1780,25,502,1275,1.000000,1.000000,1.000000,1.000000,0,0,0,0
1781,23,502,1276,1.000000,1.000000,1.000000,1.000000,0,1,0,0
1782,21,502,1277,1.000000,1.000000,1.000000,1.000000,0,1,0,0
1783,29,503,1277,1.000000,1.000000,1.000000,1.000000,0,1,0,0
1784,27,503,1278,1.000000,1.000000,1.000000,1.000000,1,0,0,0
1785,29,504,1278,1.000000,1.000000,1.000000,1.000000,1,0,0,0
1786,27,504,1279,1.000000,1.000000,1.000000,1.000000,0,0,0,0
1787,29,505,1279,1.000000,1.000000,1.000000,1.000000,0,0,0,0
1788,27,505,1280,1.000000,1.000000,1.000000,1.000000,1,0,0,0
1789,25,505,1281,1.000000,1.000000,1.000000,1.000000,0,0,0,0
1790,23,505,1282,1.000000,1.000000,1.000000,1.000000,0,1,0,0
1791,21,505,1283,1.000000,1.000000,1.000000,1.000000,1,0,0,0
1792,29,506,1283,1.000000,1.000000,1.000000,1.000000,1,0,0,0
1793,27,506,1284,1.000000,1.000000,1.000000,1.000000,0,0,0,0
1794,25,506,1285,1.000000,1.000000,1.000000,1.000000,1,0,0,0
1795,23,506,1286,1.000000,1.000000,1.000000,1.000000,0,0,0,0
1796,29,507,1286,1.000000,1.000000,1.000000,1.000000,0,0,0,0
1797,27,507,1287,1.000000,1.000000,1.000000,1.000000,0,0,0,0
1798,25,507,1288,1.000000,1.000000,1.000000,1.000000,0,0,0,0
1799,23,507,1289,1.000000,1.000000,1.000000,1.000000,0,0,1,0
1800,21,507,1290,1.000000,1.000000,1.000000,1.000000,0,0,0,0
1801,29,508,1290,1.000000,1.000000,1.000000,1.000000,0,0,0,0
1802,27,508,1291,1.000000,1.000000,1.000000,1.000000,0,0,0,0
1803,25,508,1292,1.000000,1.000000,1.000000,1.000000,0,0,0,0
1804,23,508,1293,1.000000,1.000000,1.000000,1.000000,0,0,0,0
1805,21,508,1294,1.000000,1.000000,1.000000,1.000000,0,0,0,0
1806,19,508,1295,1.000000,1.000000,1.000000,1.000000,0,0,0,0
1807,17,508,1296,1.000000,1.000000,1.000000,1.000000,1,0,0,0
1808,15,508,1297,1.000000,1.000000,1.000000,1.000000,0,0,0,0
1809,29,509,1297,1.000000,1.000000,1.000000,1.000000,0,0,0,0
1810,27,509,1298,1.000000,1.000000,1.000000,1.000000,0,0,0,0
1811,25,509,1299,1.000000,1.000000,1.000000,1.000000,0,1,0,0
1812,23,509,1300,1.000000,1.000000,1.000000,1.000000,0,0,0,0
1813,29,510,1300,1.000000,1.000000,1.000000,1.000000,0,0,0,0
1814,27,510,1301,1.000000,1.000000,1.000000,1.000000,1,1,0,0
1815,25,510,1302,1.000000,1.000000,1.000000,1.000000,0,0,0,0
1816,29,511,1302,1.000000,1.000000,1.000000,1.000000,0,0,0,0
1817,27,511,1303,1.000000,1.000000,1.000000,1.000000,0,0,1,0
1818,25,511,1304,1.000000,1.000000,1.000000,1.000000,0,0,0,0
1819,29,512,1304,1.000000,1.000000,1.000000,1.000000,0,0,0,0
1820,27,512,1305,1.000000,1.000000,1.000000,1.000000,0,0,0,0
1821,25,512,1306,1.000000,1.000000,1.000000,1.000000,0,0,0,0
1822,23,512,1307,1.000000,1.000000,1.000000,1.000000,0,0,1,0
1823,21,512,1308,1.000000,1.000000,1.000000,1.000000,0,0,0,0
1824,29,513,1308,1.000000,1.000000,1.000000,1.000000,0,0,0,0
1825,27,513,1309,1.000000,1.000000,1.000000,1.000000,0,0,0,0
1826,25,513,1310,1.000000,1.000000,1.000000,1.000000,0,0,0,0
1827,23,513,1311,1.000000,1.000000,1.000000,1.000000,0,0,0,0
1828,21,513,1312,1.000000,1.000000,1.000000,1.000000,0,0,1,0
1829,19,513,1313,1.000000,1.000000,1.000000,1.000000,0,0,0,0
1830,29,514,1313,1.000000,1.000000,1.000000,1.000000,0,0,0,0
1831,27,514,1314,1.000000,1.000000,1.000000,1.000000,0,1,1,1
1832,25,514,1315,1.000000,1.000000,1.000000,1.000000,0,0,0,0
1833,29,515,1315,1.000000,1.000000,1.000000,1.000000,0,0,0,0
1834,27,515,1316,1.000000,1.000000,1.000000,1.000000,1,0,1,1
1835,25,515,1317,1.000000,1.000000,1.000000,1.000000,1,0,0,0
1836,29,516,1317,1.000000,1.000000,1.000000,1.000000,1,0,0,0
1837,27,516,1318,1.000000,1.000000,1.000000,1.000000,0,1,0,0
1838,25,516,1319,1.000000,1.000000,1.000000,1.000000,0,0,0,1
1839,29,517,1319,1.000000,1.000000,1.000000,1.000000,0,0,0,1
1840,27,517,1320,1.000000,1.000000,1.000000,1.000000,0,0,0,0
1841,29,518,1320,1.000000,1.000000,1.000000,1.000000,0,0,0,0
1842,27,518,1321,1.000000,1.000000,1.000000,1.000000,1,0,0,0
1843,25,518,1322,1.000000,1.000000,1.000000,1.000000,0,0,0,0
1844,23,518,1323,1.000000,1.000000,1.000000,1.000000,0,0,0,0
1845,21,518,1324,1.000000,1.000000,1.000000,1.000000,0,0,0,0
1846,19,518,1325,1.000000,1.000000,1.000000,1.000000,1,0,0,0
1847,17,518,1326,1.000000,1.000000,1.000000,1.000000,0,0,0,0
1848,29,519,1326,1.000000,1.000000,1.000000,1.000000,0,0,0,0
1849,27,519,1327,1.000000,1.000000,1.000000,1.000000,0,0,0,0
1850,25,519,1328,1.000000,1.000000,1.000000,1.000000,0,0,0,0
1851,23,519,1329,1.000000,1.000000,1.000000,1.000000,0,0,0,0
1852,21,519,1330,1.000000,1.000000,1.000000,1.000000,0,0,0,0
1853,19,519,1331,1.000000,1.000000,1.000000,1.000000,0,0,0,0
1854,17,519,1332,1.000000,1.000000,1.000000,1.000000,0,0,0,0
1855,15,519,1333,1.000000,1.000000,1.000000,1.000000,0,1,0,0
1856,13,519,1334,1.000000,1.000000,1.000000,1.000000,0,0,0,0
1857,11,519,1335,1.000000,1.000000,1.000000,1.000000,0,0,0,0
1858,9,519,1336,1.000000,1.000000,1.000000,1.000000,0,1,1,0
1859,7,519,1337,1.000000,1.000000,1.000000,1.000000,0,0,0,0
1860,29,520,1337,1.000000,1.000000,1.000000,1.000000,0,0,0,0
1861,27,520,1338,1.000000,1.000000,1.000000,1.000000,0,1,1,1
1862,25,520,1339,1.000000,1.000000,1.000000,1.000000,0,0,0,1
1863,29,521,1339,1.000000,1.000000,1.000000,1.000000,0,0,0,1
1864,27,521,1340,1.000000,1.000000,1.000000,1.000000,0,0,1,0
1865,29,522,1340,1.000000,1.000000,1.000000,1.000000,0,0,1,0
1866,27,522,1341,1.000000,1.000000,1.000000,1.000000,0,0,0,0
1867,29,523,1341,1.000000,1.000000,1.000000,1.000000,0,0,0,0
1868,27,523,1342,1.000000,1.000000,1.000000,1.000000,0,1,1,0
1869,25,523,1343,1.000000,1.000000,1.000000,1.000000,0,0,1,0
1870,29,524,1343,1.000000,1.000000,1.000000,1.000000,0,0,1,0
1871,27,524,1344,1.000000,1.000000,1.000000,1.000000,0,0,1,0
1872,29,525,1344,1.000000,1.000000,1.000000,1.000000,0,0,1,0
1873,27,525,1345,1.000000,1.000000,1.000000,1.000000,0,0,0,0
1874,29,526,1345,1.000000,1.000000,1.000000,1.000000,0,0,0,0
1875,27,526,1346,1.000000,1.000000,1.000000,1.000000,0,0,1,0
1876,25,526,1347,1.000000,1.000000,1.000000,1.000000,0,0,0,1
1877,29,527,1347,1.000000,1.000000,1.000000,1.000000,0,0,0,1
1878,27,527,1348,1.000000,1.000000,1.000000,1.000000,0,0,1,0
1879,29,528,1348,1.000000,1.000000,1.000000,1.000000,0,0,1,0
1880,27,528,1349,1.000000,1.000000,1.000000,1.000000,0,0,0,0
1881,29,529,1349,1.000000,1.000000,1.000000,1.000000,0,0,0,0
1882,27,529,1350,1.000000,1.000000,1.000000,1.000000,0,0,1,0
1883,25,529,1351,1.000000,1.000000,1.000000,1.000000,0,0,0,0
1884,29,530,1351,1.000000,1.000000,1.000000,1.000000,0,0,0,0
1885,27,530,1352,1.000000,1.000000,1.000000,1.000000,0,0,0,0
1886,25,530,1353,1.000000,1.000000,1.000000,1.000000,0,1,1,0
1887,23,530,1354,1.000000,1.000000,1.000000,1.000000,1,0,1,0
1888,29,531,1354,1.000000,1.000000,1.000000,1.000000,1,0,1,0
1889,27,531,1355,1.000000,1.000000,1.000000,1.000000,0,0,0,0
1890,29,532,1355,1.000000,1.000000,1.000000,1.000000,0,0,0,0
1891,27,532,1356,1.000000,1.000000,1.000000,1.000000,1,0,0,1
1892,25,532,1357,1.000000,1.000000,1.000000,1.000000,0,0,0,0
1893,29,533,1357,1.000000,1.000000,1.000000,1.000000,0,0,0,1
1894,27,533,1358,1.000000,1.000000,1.000000,1.000000,0,0,0,0
1895,29,534,1358,1.000000,1.000000,1.000000,1.000000,0,0,1,0
1896,27,534,1359,1.000000,1.000000,1.000000,1.000000,0,0,0,0
1897,29,535,1359,1.000000,1.000000,1.000000,1.000000,0,0,0,0
1898,27,535,1360,1.000000,1.000000,1.000000,1.000000,0,0,1,0
1899,25,535,1361,1.000000,1.000000,1.000000,1.000000,0,0,0,0
1900,29,536,1361,1.000000,1.000000,1.000000,1.000000,0,0,0,0
1901,27,536,1362,1.000000,1.000000,1.000000,1.000000,0,0,0,0
1902,25,536,1363,1.000000,1.000000,1.000000,1.000000,0,0,0,1
1903,23,536,1364,1.000000,1.000000,1.000000,1.000000,0,0,0,0
1904,21,536,1365,1.000000,1.000000,1.000000,1.000000,0,0,0,1
1905,19,536,1366,1.000000,1.000000,1.000000,1.000000,0,0,0,0
1906,29,537,1366,1.000000,1.000000,1.000000,1.000000,0,0,0,0
1907,27,537,1367,1.000000,1.000000,1.000000,1.000000,0,0,1,0
1908,25,537,1368,1.000000,1.000000,1.000000,1.000000,0,0,0,0
1909,29,538,1368,1.000000,1.000000,1.000000,1.000000,0,0,0,0
1910,27,538,1369,1.000000,1.000000,1.000000,1.000000,0,0,1,0
1911,25,538,1370,1.000000,1.000000,1.000000,1.000000,0,0,1,0
1912,29,539,1370,1.000000,1.000000,1.000000,1.000000,0,0,1,0
1913,27,539,1371,1.000000,1.000000,1.000000,1.000000,0,0,0,1
1914,29,540,1371,1.000000,1.000000,1.000000,1.000000,0,0,0,1
1915,27,540,1372,1.000000,1.000000,1.000000,1.000000,0,0,0,1
1916,25,540,1373,1.000000,1.000000,1.000000,1.000000,1,1,1,1
1917,29,541,1373,1.000000,1.000000,1.000000,1.000000,1,1,1,1
1918,27,541,1374,1.000000,1.000000,1.000000,1.000000,0,0,0,0
1919,29,542,1374,1.000000,1.000000,1.000000,1.000000,0,0,0,0
1920,27,542,1375,1.000000,1.000000,1.000000,1.000000,0,0,0,0
1921,25,542,1376,1.000000,1.000000,1.000000,1.000000,0,0,0,0
1922,23,542,1377,1.000000,1.000000,1.000000,1.000000,0,0,1,0
1923,21,542,1378,1.000000,1.000000,1.000000,1.000000,0,0,0,0
1924,29,543,1378,1.000000,1.000000,1.000000,1.000000,0,0,0,0
1925,27,543,1379,1.000000,1.000000,1.000000,1.000000,0,0,0,0
1926,25,543,1380,1.000000,1.000000,1.000000,1.000000,0,0,0,0
1927,29,544,1380,1.000000,1.000000,1.000000,1.000000,0,0,0,0
1928,27,544,1381,1.000000,1.000000,1.000000,1.000000,0,1,0,0
1929,25,544,1382,1.000000,1.000000,1.000000,1.000000,0,0,0,0
1930,29,545,1382,1.000000,1.000000,1.000000,1.000000,0,0,0,0
1931,27,545,1383,1.000000,1.000000,1.000000,1.000000,0,0,0,0
1932,25,545,1384,1.000000,1.000000,1.000000,1.000000,0,0,1,0
1933,23,545,1385,1.000000,1.000000,1.000000,1.000000,0,0,0,0
1934,29,546,1385,1.000000,1.000000,1.000000,1.000000,0,0,0,0
1935,27,546,1386,1.000000,1.000000,1.000000,1.000000,0,0,0,1
1936,25,546,1387,1.000000,1.000000,1.000000,1.000000,1,0,1,1
1937,29,547,1387,1.000000,1.000000,1.000000,1.000000,1,0,1,1
1938,27,547,1388,1.000000,1.000000,1.000000,1.000000,0,0,0,0
1939,29,548,1388,1.000000,1.000000,1.000000,1.000000,0,0,0,0
1940,27,548,1389,1.000000,1.000000,1.000000,1.000000,0,1,1,1
1941,25,548,1390,1.000000,1.000000,1.000000,1.000000,0,0,0,0
1942,29,549,1390,1.000000,1.000000,1.000000,1.000000,0,0,0,0
1943,27,549,1391,1.000000,1.000000,1.000000,1.000000,0,1,0,0
1944,25,549,1392,1.000000,1.000000,1.000000,1.000000,0,0,0,0
1945,29,550,1392,1.000000,1.000000,1.000000,1.000000,0,0,0,0
1946,27,550,1393,1.000000,1.000000,1.000000,1.000000,1,1,0,0
1947,25,550,1394,1.000000,1.000000,1.000000,1.000000,0,1,1,0
1948,29,551,1394,1.000000,1.000000,1.000000,1.000000,0,1,1,0
1949,27,551,1395,1.000000,1.000000,1.000000,1.000000,0,0,0,0
1950,29,552,1395,1.000000,1.000000,1.000000,1.000000,0,0,0,0
1951,27,552,1396,1.000000,1.000000,1.000000,1.000000,0,1,0,0
1952,25,552,1397,1.000000,1.000000,1.000000,1.000000,1,1,1,0
1953,29,553,1397,1.000000,1.000000,1.000000,1.000000,1,1,1,0
1954,27,553,1398,1.000000,1.000000,1.000000,1.000000,0,1,1,0
1955,29,554,1398,1.000000,1.000000,1.000000,1.000000,0,1,1,0
1956,27,554,1399,1.000000,1.000000,1.000000,1.000000,1,0,0,0
1957,25,554,1400,1.000000,1.000000,1.000000,1.000000,1,0,1,0
1958,29,555,1400,1.000000,1.000000,1.000000,1.000000,1,0,1,0
1959,27,555,1401,1.000000,1.000000,1.000000,1.000000,1,0,0,1
1960,29,556,1401,1.000000,1.000000,1.000000,1.000000,1,0,0,1
1961,27,556,1402,1.000000,1.000000,1.000000,1.000000,1,0,0,0
1962,29,557,1402,1.000000,1.000000,1.000000,1.000000,1,0,0,0
1963,27,557,1403,1.000000,1.000000,1.000000,1.000000,0,0,0,0
1964,29,558,1403,1.000000,1.000000,1.000000,1.000000,0,0,0,0
1965,27,558,1404,1.000000,1.000000,1.000000,1.000000,1,0,0,1
1966,25,558,1405,1.000000,1.000000,1.000000,1.000000,1,0,0,0
1967,29,559,1405,1.000000,1.000000,1.000000,1.000000,1,0,0,0
1968,27,559,1406,1.000000,1.000000,1.000000,1.000000,1,0,0,0
1969,29,560,1406,1.000000,1.000000,1.000000,1.000000,1,0,0,0
1970,27,560,1407,1.000000,1.000000,1.000000,1.000000,0,0,0,0
1971,29,561,1407,1.000000,1.000000,1.000000,1.000000,0,0,0,0
1972,27,561,1408,1.000000,1.000000,1.000000,1.000000,1,0,0,0
1973,25,561,1409,1.000000,1.000000,1.000000,1.000000,0,0,0,0
1974,29,562,1409,1.000000,1.000000,1.000000,1.000000,0,0,0,0
1975,27,562,1410,1.000000,1.000000,1.000000,1.000000,1,1,0,1
1976,25,562,1411,1.000000,1.000000,1.000000,1.000000,0,0,0,0
1977,29,563,1411,1.000000,1.000000,1.000000,1.000000,0,0,0,0
1978,27,563,1412,1.000000,1.000000,1.000000,1.000000,0,0,1,0
1979,25,563,1413,1.000000,1.000000,1.000000,1.000000,0,0,0,0
1980,29,564,1413,1.000000,1.000000,1.000000,1.000000,0,0,0,0
1981,27,564,1414,1.000000,1.000000,1.000000,1.000000,0,0,0,1
1982,25,564,1415,1.000000,1.000000,1.000000,1.000000,0,0,0,1
1983,29,565,1415,1.000000,1.000000,1.000000,1.000000,0,0,0,1
1984,27,565,1416,1.000000,1.000000,1.000000,1.000000,0,0,1,0
1985,29,566,1416,1.000000,1.000000,1.000000,1.000000,0,0,1,0
1986,27,566,1417,1.000000,1.000000,1.000000,1.000000,0,0,0,0
1987,29,567,1417,1.000000,1.000000,1.000000,1.000000,0,0,0,0
1988,27,567,1418,1.000000,1.000000,1.000000,1.000000,0,1,0,0
1989,25,567,1419,1.000000,1.000000,1.000000,1.000000,0,0,1,0
1990,29,568,1419,1.000000,1.000000,1.000000,1.000000,0,0,1,0
1991,27,568,1420,1.000000,1.000000,1.000000,1.000000,0,0,1,0
1992,29,569,1420,1.000000,1.000000,1.000000,1.000000,0,0,1,0
1993,27,569,1421,1.000000,1.000000,1.000000,1.000000,0,0,0,0
1994,29,570,1421,1.000000,1.000000,1.000000,1.000000,0,0,0,0
1995,27,570,1422,1.000000,1.000000,1.000000,1.000000,0,0,0,0
1996,25,570,1423,1.000000,1.000000,1.000000,1.000000,0,0,1,0
1997,23,570,1424,1.000000,1.000000,1.000000,1.000000,0,1,1,0
1998,29,571,1424,1.000000,1.000000,1.000000,1.000000,0,1,1,0
1999,27,571,1425,1.000000,1.000000,1.000000,1.000000,0,1,0,0
2000,29,572,1425,1.000000,1.000000,1.000000,1.000000,0,1,0,0
