tick,energy,eats,distance,conn_1_6_weight,conn_2_7_weight,conn_3_8_weight,conn_4_9_weight,food_north_sensed,food_east_sensed,food_south_sensed,food_west_sensed
0,30,0,0,0.050000,0.050000,0.050000,0.050000,0,0,0,0
1,29,0,0,0.050000,0.050000,0.050000,0.055466,0,0,0,1
2,29,1,0,0.050000,0.050000,0.050000,0.068123,0,0,0,1
3,27,1,1,0.050000,0.050000,0.050000,0.068758,0,0,0,0
4,25,1,2,0.050000,0.050000,0.050000,0.068758,0,0,0,0
5,23,1,3,0.050000,0.050000,0.050000,0.068758,0,0,0,0
6,21,1,4,0.050000,0.050000,0.050000,0.068758,0,0,0,0
7,19,1,5,0.050000,0.050000,0.050000,0.068758,0,0,0,0
8,17,1,6,0.050000,0.060918,0.050000,0.068758,0,1,0,0
9,15,1,7,0.050000,0.061490,0.050000,0.068758,0,0,0,0
10,13,1,8,0.050000,0.068758,0.050000,0.068758,0,1,0,0
11,11,1,9,0.050000,0.069398,0.055466,0.068758,0,0,1,0
12,29,2,9,0.050000,0.069398,0.068123,0.068758,0,0,1,0
13,27,2,10,0.050000,0.076814,0.076111,0.068758,0,1,1,0
14,29,3,10,0.050000,0.093864,0.093020,0.068758,0,1,1,0
15,27,3,11,0.050000,0.094714,0.093864,0.068758,0,0,0,0
16,29,4,11,0.050000,0.094714,0.093864,0.068758,0,0,0,0
17,27,4,12,0.050000,0.094714,0.112232,0.068758,0,0,1,0
18,25,4,13,0.050000,0.094714,0.128006,0.068758,0,0,1,0
19,23,4,14,0.050000,0.094714,0.129122,0.068758,0,0,0,0
20,21,4,15,0.050000,0.094714,0.144400,0.068758,0,0,1,0
21,19,4,16,0.050000,0.094714,0.145636,0.068758,0,0,0,0
22,17,4,17,0.050000,0.094714,0.145636,0.068758,0,0,0,0
23,15,4,18,0.050000,0.094714,0.145636,0.068758,0,0,0,0
24,13,4,19,0.050000,0.094714,0.169403,0.068758,0,0,1,0
25,11,4,20,0.050000,0.105471,0.170810,0.068758,0,1,0,0
26,29,5,20,0.050000,0.118327,0.170810,0.068758,0,1,0,0
27,27,5,21,0.050000,0.119370,0.170810,0.068758,0,0,0,0
28,25,5,22,0.060918,0.143174,0.202531,0.068758,1,1,1,0
29,23,5,23,0.061490,0.158478,0.204146,0.068758,0,1,0,0
30,29,6,23,0.061490,0.175087,0.204146,0.068758,0,1,0,0
31,27,6,24,0.061490,0.176531,0.204146,0.068758,0,0,0,0
32,25,6,25,0.061490,0.176531,0.204146,0.080420,0,0,0,1
33,23,6,26,0.061490,0.176531,0.204146,0.081160,0,0,0,0
34,21,6,27,0.061490,0.176531,0.229523,0.081160,0,0,1,0
35,19,6,28,0.061490,0.193041,0.231291,0.081160,0,1,0,0
36,29,7,28,0.061490,0.214038,0.231291,0.081160,0,1,0,0
37,27,7,29,0.061490,0.215720,0.231291,0.081160,0,0,0,0
38,25,7,30,0.061490,0.215720,0.231291,0.081160,0,0,0,0
39,23,7,31,0.061490,0.215720,0.231291,0.098186,0,0,0,1
40,21,7,32,0.061490,0.215720,0.251370,0.099071,0,0,1,0
41,29,8,32,0.061490,0.215720,0.276553,0.099071,0,0,1,0
42,27,8,33,0.074722,0.215720,0.278554,0.119370,1,0,0,1
43,26,8,33,0.091353,0.215720,0.278554,0.144400,1,0,0,1
44,24,8,34,0.092183,0.253252,0.322553,0.145636,0,1,1,0
45,23,8,34,0.092183,0.292806,0.367635,0.145636,0,1,1,0
46,21,8,35,0.092183,0.294877,0.369960,0.145636,0,0,0,0
47,29,9,35,0.092183,0.294877,0.369960,0.145636,0,0,0,0
48,27,9,36,0.092183,0.340246,0.369960,0.145636,0,1,0,0
49,25,9,37,0.092183,0.342490,0.369960,0.145636,0,0,0,0
50,29,10,37,0.092183,0.342490,0.369960,0.145636,0,0,0,0
51,27,10,38,0.092183,0.342490,0.369960,0.145636,0,0,0,0
52,25,10,39,0.092183,0.342490,0.369960,0.145636,0,0,0,0
53,23,10,40,0.092183,0.342490,0.369960,0.161154,0,0,0,1
54,21,10,41,0.092183,0.342490,0.369960,0.162506,0,0,0,0
55,29,11,41,0.092183,0.342490,0.369960,0.162506,0,0,0,0
56,27,11,42,0.103606,0.342490,0.369960,0.162506,1,0,0,0
57,25,11,43,0.104534,0.342490,0.369960,0.162506,0,0,0,0
58,23,11,44,0.104534,0.342490,0.410336,0.186905,0,0,1,1
59,21,11,45,0.104534,0.342490,0.412756,0.188425,0,0,0,0
60,29,12,45,0.104534,0.342490,0.412756,0.188425,0,0,0,0
61,27,12,46,0.104534,0.372291,0.412756,0.188425,0,1,0,0
62,25,12,47,0.104534,0.403104,0.412756,0.188425,0,1,0,0
63,23,12,48,0.115245,0.432257,0.412756,0.188425,1,1,0,0
64,29,13,48,0.130247,0.466869,0.412756,0.188425,1,1,0,0
65,27,13,49,0.144400,0.496815,0.412756,0.188425,1,1,0,0
66,29,14,49,0.159812,0.526793,0.412756,0.188425,1,1,0,0
67,27,14,50,0.161154,0.581125,0.464382,0.188425,0,1,1,0
68,29,15,50,0.161154,0.610046,0.494315,0.188425,0,1,1,0
69,27,15,51,0.161154,0.612425,0.496815,0.188425,0,0,0,0
70,29,16,51,0.161154,0.612425,0.496815,0.188425,0,0,0,0
71,27,16,52,0.161154,0.612425,0.496815,0.205770,0,0,0,1
72,25,16,53,0.161154,0.612425,0.496815,0.207405,0,0,0,0
73,29,17,53,0.161154,0.612425,0.496815,0.207405,0,0,0,0
74,27,17,54,0.161154,0.612425,0.524299,0.207405,0,0,1,0
75,25,17,55,0.161154,0.612425,0.526793,0.207405,0,0,0,0
76,29,18,55,0.161154,0.612425,0.526793,0.207405,0,0,0,0
77,27,18,56,0.161154,0.612425,0.526793,0.207405,0,0,0,0
78,25,18,57,0.161154,0.612425,0.526793,0.207405,0,0,0,0
79,23,18,58,0.161154,0.612425,0.526793,0.207405,0,0,0,0
80,21,18,59,0.161154,0.612425,0.526793,0.207405,0,0,0,0
81,19,18,60,0.161154,0.612425,0.526793,0.207405,0,0,0,0
82,17,18,61,0.161154,0.612425,0.526793,0.207405,0,0,0,0
83,15,18,62,0.161154,0.612425,0.526793,0.207405,0,0,0,0
84,13,18,63,0.177985,0.612425,0.526793,0.207405,1,0,0,0
85,11,18,64,0.196166,0.612425,0.526793,0.207405,1,0,0,0
86,9,18,65,0.197743,0.612425,0.526793,0.207405,0,0,0,0
87,7,18,66,0.227764,0.612425,0.526793,0.207405,1,0,0,0
88,5,18,67,0.249498,0.612425,0.526793,0.207405,1,0,0,0
89,29,19,67,0.274561,0.612425,0.526793,0.207405,1,0,0,0
90,27,19,68,0.276553,0.612425,0.526793,0.243937,0,0,0,1
91,25,19,69,0.276553,0.612425,0.526793,0.245781,0,0,0,0
92,23,19,70,0.276553,0.612425,0.554117,0.245781,0,0,1,0
93,21,19,71,0.276553,0.612425,0.588415,0.245781,0,0,1,0
94,29,20,71,0.276553,0.612425,0.617167,0.245781,0,0,1,0
95,27,20,72,0.276553,0.612425,0.619530,0.266685,0,0,0,1
96,29,21,72,0.276553,0.612425,0.619530,0.299044,0,0,0,1
97,27,21,73,0.276553,0.612425,0.619530,0.301140,0,0,0,0
98,25,21,74,0.276553,0.612425,0.619530,0.301140,0,0,0,0
99,23,21,75,0.276553,0.612425,0.619530,0.301140,0,0,0,0
100,21,21,76,0.305357,0.612425,0.619530,0.301140,1,0,0,0
101,19,21,77,0.307478,0.612425,0.619530,0.301140,0,0,0,0
102,29,22,77,0.307478,0.612425,0.619530,0.301140,0,0,0,0
103,27,22,78,0.307478,0.612425,0.619530,0.338008,0,0,0,1
104,25,22,79,0.333555,0.612425,0.619530,0.340246,1,0,0,0
105,23,22,80,0.360698,0.638222,0.619530,0.340246,1,1,0,0
106,21,22,81,0.391146,0.640531,0.619530,0.340246,1,0,0,0
107,29,23,81,0.427359,0.640531,0.619530,0.340246,1,0,0,0
108,27,23,82,0.429807,0.665486,0.619530,0.365317,0,1,0,1
109,29,24,82,0.429807,0.691694,0.619530,0.393528,0,1,0,1
110,27,24,83,0.429807,0.693827,0.619530,0.395915,0,0,0,0
111,29,25,83,0.429807,0.693827,0.619530,0.395915,0,0,0,0
112,27,25,84,0.429807,0.693827,0.619530,0.422476,0,0,0,1
113,25,25,85,0.471849,0.693827,0.619530,0.466869,1,0,0,1
114,23,25,86,0.474341,0.693827,0.645129,0.496815,0,0,1,1
115,29,26,86,0.474341,0.693827,0.672142,0.526793,0,0,1,1
116,27,26,87,0.474341,0.693827,0.674345,0.556587,0,0,0,1
117,29,27,87,0.474341,0.693827,0.674345,0.585989,0,0,0,1
118,27,27,88,0.501815,0.693827,0.674345,0.588415,1,0,0,0
119,29,28,88,0.531777,0.693827,0.674345,0.588415,1,0,0,0
120,27,28,89,0.534267,0.693827,0.674345,0.588415,0,0,0,0
121,29,29,89,0.534267,0.693827,0.674345,0.588415,0,0,0,0
122,27,29,90,0.561520,0.693827,0.674345,0.588415,1,0,0,0
123,25,29,91,0.563983,0.693827,0.674345,0.588415,0,0,0,0
124,29,30,91,0.563983,0.693827,0.674345,0.588415,0,0,0,0
125,27,30,92,0.602879,0.693827,0.674345,0.588415,1,0,0,0
126,25,30,93,0.605273,0.693827,0.674345,0.614799,0,0,0,1
127,29,31,93,0.605273,0.693827,0.674345,0.645129,0,0,0,1
128,27,31,94,0.605273,0.693827,0.674345,0.647419,0,0,0,0
129,29,32,94,0.605273,0.693827,0.674345,0.647419,0,0,0,0
130,27,32,95,0.605273,0.693827,0.674345,0.672142,0,0,0,1
131,25,32,96,0.605273,0.693827,0.674345,0.674345,0,0,0,0
132,29,33,96,0.605273,0.693827,0.674345,0.674345,0,0,0,0
133,27,33,97,0.605273,0.693827,0.698067,0.674345,0,0,1,0
134,25,33,98,0.605273,0.693827,0.722794,0.674345,0,0,1,0
135,23,33,99,0.631257,0.693827,0.724798,0.674345,1,0,0,0
136,29,34,99,0.658763,0.693827,0.724798,0.674345,1,0,0,0
137,27,34,100,0.661011,0.693827,0.724798,0.674345,0,0,0,0
138,29,35,100,0.661011,0.693827,0.724798,0.674345,0,0,0,0
139,27,35,101,0.661011,0.693827,0.724798,0.674345,0,0,0,0
140,25,35,102,0.661011,0.693827,0.724798,0.674345,0,0,0,0
141,23,35,103,0.661011,0.693827,0.724798,0.674345,0,0,0,0
142,21,35,104,0.661011,0.693827,0.724798,0.674345,0,0,0,0
143,19,35,105,0.661011,0.693827,0.724798,0.674345,0,0,0,0
144,17,35,106,0.661011,0.693827,0.724798,0.674345,0,0,0,0
145,15,35,107,0.661011,0.693827,0.724798,0.674345,0,0,0,0
146,13,35,108,0.661011,0.693827,0.724798,0.674345,0,0,0,0
147,11,35,109,0.661011,0.716730,0.724798,0.698067,0,1,0,1
148,9,35,110,0.661011,0.718760,0.724798,0.700175,0,0,0,0
149,29,36,110,0.661011,0.718760,0.724798,0.700175,0,0,0,0
150,27,36,111,0.661011,0.718760,0.724798,0.700175,0,0,0,0
151,25,36,112,0.661011,0.718760,0.724798,0.700175,0,0,0,0
152,23,36,113,0.661011,0.718760,0.724798,0.700175,0,0,0,0
153,21,36,114,0.685248,0.718760,0.724798,0.700175,1,0,0,0
154,19,36,115,0.710586,0.718760,0.746237,0.700175,1,0,1,0
155,17,36,116,0.712643,0.740501,0.748131,0.722794,0,1,0,1
156,29,37,116,0.712643,0.762942,0.748131,0.746237,0,1,0,1
157,27,37,117,0.712643,0.764750,0.748131,0.748131,0,0,0,0
158,29,38,117,0.712643,0.764750,0.748131,0.748131,0,0,0,0
159,27,38,118,0.734680,0.764750,0.748131,0.748131,1,0,0,0
160,25,38,119,0.757459,0.764750,0.748131,0.748131,1,0,0,0
161,29,39,119,0.778874,0.764750,0.748131,0.748131,1,0,0,0
162,27,39,120,0.798905,0.764750,0.748131,0.748131,1,0,0,0
163,29,40,120,0.817550,0.764750,0.748131,0.748131,1,0,0,0
164,27,40,121,0.819042,0.764750,0.748131,0.748131,0,0,0,0
165,29,41,121,0.819042,0.764750,0.748131,0.748131,0,0,0,0
166,27,41,122,0.834827,0.764750,0.748131,0.748131,1,0,0,0
167,25,41,123,0.850769,0.764750,0.748131,0.748131,1,0,0,0
168,23,41,124,0.865422,0.764750,0.768339,0.748131,1,0,1,0
169,29,42,124,0.878844,0.764750,0.789064,0.748131,1,0,1,0
170,27,42,125,0.879908,0.764750,0.790728,0.748131,0,0,0,0
171,29,43,125,0.879908,0.764750,0.790728,0.748131,0,0,0,0
172,27,43,126,0.891096,0.764750,0.790728,0.748131,1,0,0,0
173,25,43,127,0.892067,0.764750,0.790728,0.748131,0,0,0,0
174,29,44,127,0.892067,0.764750,0.790728,0.748131,0,0,0,0
175,27,44,128,0.892067,0.764750,0.790728,0.748131,0,0,0,0
176,25,44,129,0.892067,0.764750,0.790728,0.748131,0,0,0,0
177,23,44,130,0.902249,0.784012,0.790728,0.748131,1,1,0,0
178,21,44,131,0.903131,0.785706,0.790728,0.748131,0,0,0,0
179,29,45,131,0.903131,0.785706,0.790728,0.748131,0,0,0,0
180,27,45,132,0.903131,0.785706,0.790728,0.748131,0,0,0,0
181,25,45,133,0.903131,0.803696,0.808400,0.748131,0,1,1,0
182,23,45,134,0.903131,0.805274,0.809949,0.768339,0,0,0,1
183,29,46,134,0.903131,0.805274,0.809949,0.789064,0,0,0,1
184,27,46,135,0.903131,0.805274,0.809949,0.790728,0,0,0,0
185,29,47,135,0.903131,0.805274,0.809949,0.790728,0,0,0,0
186,27,47,136,0.903131,0.805274,0.809949,0.790728,0,0,0,0
187,25,47,137,0.903131,0.805274,0.809949,0.790728,0,0,0,0
188,23,47,138,0.903131,0.805274,0.809949,0.790728,0,0,0,0
189,21,47,139,0.903131,0.805274,0.809949,0.790728,0,0,0,0
190,19,47,140,0.903131,0.805274,0.809949,0.808400,0,0,0,1
191,17,47,141,0.903131,0.805274,0.826358,0.809949,0,0,1,0
192,29,48,141,0.903131,0.805274,0.842962,0.809949,0,0,1,0
193,27,48,142,0.903131,0.805274,0.858253,0.809949,0,0,1,0
194,29,49,142,0.903131,0.805274,0.872283,0.809949,0,0,1,0
195,27,49,143,0.903131,0.805274,0.873397,0.809949,0,0,0,0
196,29,50,143,0.903131,0.805274,0.873397,0.809949,0,0,0,0
197,27,50,144,0.903131,0.805274,0.873397,0.809949,0,0,0,0
198,25,50,145,0.903131,0.805274,0.873397,0.809949,0,0,0,0
199,23,50,146,0.903131,0.805274,0.885112,0.809949,0,0,1,0
200,21,50,147,0.903131,0.805274,0.896806,0.809949,0,0,1,0
201,19,50,148,0.912373,0.805274,0.907435,0.809949,1,0,1,0
202,29,51,148,0.921540,0.805274,0.917072,0.809949,1,0,1,0
203,27,51,149,0.922263,0.821997,0.917832,0.809949,0,1,0,0
204,29,52,149,0.922263,0.838936,0.917832,0.809949,0,1,0,0
205,27,52,150,0.922263,0.840287,0.917832,0.809949,0,0,0,0
206,25,52,151,0.922263,0.854551,0.917832,0.809949,0,1,0,0
207,23,52,152,0.922263,0.868891,0.917832,0.809949,0,1,0,0
208,29,53,152,0.922263,0.882014,0.917832,0.809949,0,1,0,0
209,27,53,153,0.922263,0.883054,0.917832,0.809949,0,0,0,0
210,29,54,153,0.922263,0.883054,0.917832,0.809949,0,0,0,0
211,27,54,154,0.929823,0.883054,0.917832,0.809949,1,0,0,0
212,25,54,155,0.937292,0.883054,0.917832,0.809949,1,0,0,0
213,29,55,155,0.944014,0.883054,0.917832,0.809949,1,0,0,0
214,27,55,156,0.950054,0.883054,0.917832,0.809949,1,0,0,0
215,25,55,157,0.950528,0.883054,0.925788,0.809949,0,0,1,0
216,23,55,158,0.955473,0.883054,0.926475,0.809949,1,0,0,0
217,29,56,158,0.960330,0.883054,0.926475,0.809949,1,0,0,0
218,27,56,159,0.960711,0.883054,0.926475,0.809949,0,0,0,0
219,29,57,159,0.960711,0.883054,0.926475,0.809949,0,0,0,0
220,27,57,160,0.964676,0.883054,0.926475,0.809949,1,0,0,0
221,25,57,161,0.968562,0.883054,0.926475,0.809949,1,0,0,0
222,29,58,161,0.972033,0.883054,0.926475,0.809949,1,0,0,0
223,27,58,162,0.975131,0.883054,0.926475,0.809949,1,0,0,0
224,29,59,162,0.977893,0.883054,0.926475,0.809949,1,0,0,0
225,27,59,163,0.978109,0.883054,0.926475,0.809949,0,0,0,0
226,29,60,163,0.978109,0.883054,0.926475,0.809949,0,0,0,0
227,27,60,164,0.978109,0.893985,0.926475,0.809949,0,1,0,0
228,25,60,165,0.978109,0.894933,0.926475,0.809949,0,0,0,0
229,23,60,166,0.978109,0.904874,0.926475,0.809949,0,1,0,0
230,21,60,167,0.978109,0.905734,0.926475,0.809949,0,0,0,0
231,29,61,167,0.978109,0.905734,0.926475,0.809949,0,0,0,0
232,27,61,168,0.978109,0.914752,0.926475,0.809949,0,1,0,0
233,25,61,169,0.978109,0.915531,0.926475,0.809949,0,0,0,0
234,23,61,170,0.978109,0.915531,0.926475,0.809949,0,0,0,0
235,21,61,171,0.978109,0.915531,0.926475,0.809949,0,0,0,0
236,19,61,172,0.978109,0.915531,0.926475,0.809949,0,0,0,0
237,17,61,173,0.978109,0.915531,0.926475,0.809949,0,0,0,0
238,15,61,174,0.978109,0.915531,0.926475,0.809949,0,0,0,0
239,13,61,175,0.978109,0.915531,0.926475,0.809949,0,0,0,0
240,11,61,176,0.978109,0.915531,0.926475,0.826358,0,0,0,1
241,9,61,177,0.978109,0.915531,0.933655,0.827793,0,0,1,0
242,29,62,177,0.978109,0.915531,0.940742,0.827793,0,0,1,0
243,27,62,178,0.978109,0.915531,0.947115,0.827793,0,0,1,0
244,25,62,179,0.980355,0.915531,0.947616,0.827793,1,0,0,0
245,29,63,179,0.982548,0.915531,0.947616,0.827793,1,0,0,0
246,27,63,180,0.982719,0.915531,0.947616,0.827793,0,0,0,0
247,29,64,180,0.982719,0.915531,0.947616,0.827793,0,0,0,0
248,27,64,181,0.982719,0.915531,0.947616,0.827793,0,0,0,0
249,25,64,182,0.982719,0.915531,0.947616,0.827793,0,0,0,0
250,23,64,183,0.984499,0.915531,0.947616,0.842962,1,0,0,1
251,21,64,184,0.984652,0.915531,0.947616,0.844286,0,0,0,0
252,29,65,184,0.984652,0.915531,0.947616,0.844286,0,0,0,0
253,27,65,185,0.984652,0.915531,0.947616,0.844286,0,0,0,0
254,25,65,186,0.984652,0.915531,0.947616,0.858253,0,0,0,1
255,23,65,187,0.984652,0.915531,0.947616,0.872283,0,0,0,1
256,29,66,187,0.984652,0.915531,0.947616,0.885112,0,0,0,1
257,27,66,188,0.986236,0.915531,0.947616,0.886129,1,0,0,0
258,25,66,189,0.987780,0.915531,0.952837,0.886129,1,0,1,0
259,29,67,189,0.989154,0.915531,0.957968,0.886129,1,0,1,0
260,27,67,190,0.989261,0.915531,0.958371,0.886129,0,0,0,0
261,29,68,190,0.989261,0.915531,0.958371,0.886129,0,0,0,0
262,27,68,191,0.989261,0.915531,0.958371,0.886129,0,0,0,0
263,25,68,192,0.989261,0.915531,0.958371,0.896806,0,0,0,1
264,23,68,193,0.990374,0.915531,0.958371,0.897731,1,0,0,0
265,29,69,193,0.991458,0.915531,0.958371,0.897731,1,0,0,0
266,27,69,194,0.991543,0.915531,0.958371,0.907435,0,0,0,1
267,29,70,194,0.991543,0.915531,0.958371,0.917072,0,0,0,1
268,27,70,195,0.991543,0.915531,0.958371,0.917832,0,0,0,0
269,29,71,195,0.991543,0.915531,0.958371,0.917832,0,0,0,0
270,27,71,196,0.991543,0.915531,0.958371,0.917832,0,0,0,0
271,25,71,197,0.991543,0.915531,0.958371,0.917832,0,0,0,0
272,23,71,198,0.991543,0.915531,0.958371,0.917832,0,0,0,0
273,21,71,199,0.991543,0.915531,0.958371,0.917832,0,0,0,0
274,19,71,200,0.991543,0.915531,0.958371,0.917832,0,0,0,0
275,17,71,201,0.991543,0.915531,0.958371,0.917832,0,0,0,0
276,15,71,202,0.991543,0.915531,0.958371,0.917832,0,0,0,0
277,13,71,203,0.991543,0.915531,0.958371,0.917832,0,0,0,0
278,11,71,204,0.991543,0.915531,0.958371,0.917832,0,0,0,0
279,9,71,205,0.991543,0.915531,0.958371,0.917832,0,0,0,0
280,7,71,206,0.991543,0.915531,0.958371,0.917832,0,0,0,0
281,5,71,207,0.991543,0.915531,0.958371,0.917832,0,0,0,0
282,3,71,208,0.991543,0.915531,0.962563,0.917832,0,0,1,0
283,1,71,209,0.991543,0.923691,0.962924,0.917832,0,1,0,0
284,29,72,209,0.991543,0.931764,0.962924,0.917832,0,1,0,0
285,27,72,210,0.991543,0.932400,0.962924,0.917832,0,0,0,0
286,29,73,210,0.991543,0.932400,0.962924,0.917832,0,0,0,0
287,27,73,211,0.991543,0.939039,0.962924,0.917832,0,1,0,0
288,25,73,212,0.991543,0.939612,0.962924,0.917832,0,0,0,0
289,29,74,212,0.991543,0.939612,0.962924,0.917832,0,0,0,0
290,27,74,213,0.991543,0.939612,0.962924,0.917832,0,0,0,0
291,25,74,214,0.991543,0.939612,0.962924,0.917832,0,0,0,0
292,23,74,215,0.991543,0.939612,0.962924,0.917832,0,0,0,0
293,21,74,216,0.991543,0.939612,0.962924,0.917832,0,0,0,0
294,19,74,217,0.991543,0.945585,0.962924,0.917832,0,1,0,0
295,17,74,218,0.992421,0.946100,0.962924,0.917832,1,0,0,0
296,15,74,219,0.993276,0.946100,0.962924,0.917832,1,0,0,0
297,29,75,219,0.994036,0.946100,0.962924,0.917832,1,0,0,0
298,27,75,220,0.994095,0.946100,0.962924,0.925788,0,0,0,1
299,29,76,220,0.994095,0.946100,0.962924,0.933655,0,0,0,1
300,27,76,221,0.994095,0.946100,0.962924,0.934274,0,0,0,0
301,29,77,221,0.994095,0.946100,0.962924,0.934274,0,0,0,0
302,27,77,222,0.994095,0.946100,0.962924,0.934274,0,0,0,0
303,25,77,223,0.994095,0.946100,0.962924,0.934274,0,0,0,0
304,23,77,224,0.994095,0.946100,0.962924,0.934274,0,0,0,0
305,21,77,225,0.994095,0.946100,0.962924,0.934274,0,0,0,0
306,19,77,226,0.994095,0.946100,0.962924,0.934274,0,0,0,0
307,17,77,227,0.994095,0.946100,0.962924,0.934274,0,0,0,0
308,15,77,228,0.994095,0.946100,0.966674,0.934274,0,0,1,0
309,13,77,229,0.994095,0.951464,0.966996,0.934274,0,1,0,0
310,29,78,229,0.994095,0.956738,0.966996,0.934274,0,1,0,0
311,27,78,230,0.994095,0.957152,0.966996,0.934274,0,0,0,0
312,29,79,230,0.994095,0.957152,0.966996,0.934274,0,0,0,0
313,27,79,231,0.994095,0.961462,0.966996,0.934274,0,1,0,0
314,25,79,232,0.994095,0.961832,0.966996,0.934274,0,0,0,0
315,29,80,232,0.994095,0.961832,0.966996,0.934274,0,0,0,0
316,27,80,233,0.994095,0.961832,0.966996,0.934274,0,0,0,0
317,25,80,234,0.994095,0.961832,0.966996,0.934274,0,0,0,0
318,23,80,235,0.994095,0.961832,0.970347,0.934274,0,0,1,0
319,21,80,236,0.994095,0.961832,0.970634,0.934274,0,0,0,0
320,29,81,236,0.994095,0.961832,0.970634,0.934274,0,0,0,0
321,27,81,237,0.994095,0.961832,0.970634,0.934274,0,0,0,0
322,25,81,238,0.994095,0.961832,0.970634,0.934274,0,0,0,0
323,23,81,239,0.994095,0.961832,0.970634,0.934274,0,0,0,0
324,21,81,240,0.994095,0.961832,0.970634,0.934274,0,0,0,0
325,19,81,241,0.994095,0.961832,0.970634,0.934274,0,0,0,0
326,17,81,242,0.994095,0.961832,0.973626,0.934274,0,0,1,0
327,15,81,243,0.994095,0.961832,0.973883,0.934274,0,0,0,0
328,29,82,243,0.994095,0.961832,0.973883,0.934274,0,0,0,0
329,27,82,244,0.994095,0.961832,0.973883,0.934274,0,0,0,0
330,25,82,245,0.994095,0.961832,0.973883,0.940742,0,0,0,1
331,23,82,246,0.994710,0.961832,0.976551,0.947115,1,0,1,1
332,29,83,246,0.995308,0.961832,0.979159,0.952837,1,0,1,1
333,27,83,247,0.995355,0.961832,0.979364,0.953287,0,0,0,0
334,29,84,247,0.995355,0.961832,0.979364,0.953287,0,0,0,0
335,27,84,248,0.995355,0.961832,0.979364,0.957968,0,0,0,1
336,25,84,249,0.995355,0.961832,0.979364,0.958371,0,0,0,0
337,29,85,249,0.995355,0.961832,0.979364,0.958371,0,0,0,0
338,27,85,250,0.995355,0.961832,0.979364,0.958371,0,0,0,0
339,25,85,251,0.995355,0.961832,0.979364,0.958371,0,0,0,0
340,23,85,252,0.995355,0.961832,0.979364,0.958371,0,0,0,0
341,21,85,253,0.995355,0.961832,0.979364,0.958371,0,0,0,0
342,19,85,254,0.995355,0.965689,0.979364,0.958371,0,1,0,0
343,17,85,255,0.995355,0.969467,0.981483,0.958371,0,1,1,0
344,29,86,255,0.995355,0.972841,0.983552,0.958371,0,1,1,0
345,27,86,256,0.995839,0.973105,0.983714,0.958371,1,0,0,0
346,29,87,256,0.996310,0.973105,0.983714,0.958371,1,0,0,0
347,27,87,257,0.996728,0.973105,0.983714,0.958371,1,0,0,0
348,29,88,257,0.997098,0.973105,0.983714,0.958371,1,0,0,0
349,27,88,258,0.997427,0.973105,0.983714,0.962563,1,0,0,1
350,29,89,258,0.997719,0.973105,0.983714,0.966674,1,0,0,1
351,27,89,259,0.997742,0.973105,0.983714,0.966996,0,0,0,0
352,29,90,259,0.997742,0.973105,0.983714,0.966996,0,0,0,0
353,27,90,260,0.997977,0.975851,0.983714,0.966996,1,1,0,0
354,25,90,261,0.997998,0.976087,0.983714,0.966996,0,0,0,0
355,29,91,261,0.997998,0.976087,0.983714,0.966996,0,0,0,0
356,27,91,262,0.997998,0.976087,0.983714,0.966996,0,0,0,0
357,25,91,263,0.998207,0.976087,0.983714,0.966996,1,0,0,0
358,23,91,264,0.998225,0.976087,0.983714,0.966996,0,0,0,0
359,29,92,264,0.998225,0.976087,0.983714,0.966996,0,0,0,0
360,27,92,265,0.998225,0.976087,0.983714,0.966996,0,0,0,0
361,25,92,266,0.998225,0.976087,0.983714,0.966996,0,0,0,0
362,23,92,267,0.998410,0.978535,0.983714,0.966996,1,1,0,0
363,21,92,268,0.998591,0.978745,0.985393,0.966996,1,0,1,0
364,29,93,268,0.998751,0.978745,0.987031,0.966996,1,0,1,0
365,27,93,269,0.998763,0.978745,0.987159,0.966996,0,0,0,0
366,29,94,269,0.998763,0.978745,0.987159,0.966996,0,0,0,0
367,27,94,270,0.998763,0.978745,0.987159,0.966996,0,0,0,0
368,25,94,271,0.998763,0.978745,0.987159,0.966996,0,0,0,0
369,23,94,272,0.998892,0.978745,0.987159,0.966996,1,0,0,0
370,21,94,273,0.999018,0.978745,0.987159,0.970347,1,0,0,1
371,29,95,273,0.999130,0.978745,0.987159,0.973626,1,0,0,1
372,27,95,274,0.999138,0.978745,0.987159,0.973883,0,0,0,0
373,29,96,274,0.999138,0.978745,0.987159,0.973883,0,0,0,0
374,27,96,275,0.999138,0.978745,0.987159,0.976551,0,0,0,1
375,25,96,276,0.999138,0.978745,0.987159,0.976780,0,0,0,0
376,29,97,276,0.999138,0.978745,0.987159,0.976780,0,0,0,0
377,27,97,277,0.999138,0.978745,0.987159,0.976780,0,0,0,0
378,25,97,278,0.999138,0.978745,0.987159,0.976780,0,0,0,0
379,23,97,279,0.999138,0.978745,0.987159,0.976780,0,0,0,0
380,21,97,280,0.999138,0.978745,0.987159,0.976780,0,0,0,0
381,19,97,281,0.999228,0.978745,0.988487,0.976780,1,0,1,0
382,17,97,282,0.999236,0.978745,0.988601,0.976780,0,0,0,0
383,29,98,282,0.999236,0.978745,0.988601,0.976780,0,0,0,0
384,27,98,283,0.999316,0.978745,0.988601,0.976780,1,0,0,0
385,25,98,284,0.999323,0.978745,0.988601,0.976780,0,0,0,0
386,29,99,284,0.999323,0.978745,0.988601,0.976780,0,0,0,0
387,27,99,285,0.999323,0.978745,0.988601,0.976780,0,0,0,0
388,25,99,286,0.999323,0.978745,0.988601,0.979159,0,0,0,1
389,23,99,287,0.999323,0.978745,0.989782,0.981483,0,0,1,1
390,29,100,287,0.999323,0.978745,0.990932,0.983552,0,0,1,1
391,27,100,288,0.999323,0.978745,0.991022,0.983714,0,0,0,0
392,29,101,288,0.999323,0.978745,0.991022,0.983714,0,0,0,0
393,27,101,289,0.999323,0.978745,0.991954,0.983714,0,0,1,0
394,25,101,290,0.999323,0.978745,0.992862,0.983714,0,0,1,0
395,29,102,290,0.999323,0.978745,0.993667,0.983714,0,0,1,0
396,27,102,291,0.999323,0.978745,0.993730,0.983714,0,0,0,0
397,25,102,292,0.999323,0.978745,0.993730,0.983714,0,0,0,0
398,23,102,293,0.999323,0.978745,0.993730,0.983714,0,0,0,0
399,21,102,294,0.999323,0.980927,0.993730,0.983714,0,1,0,0
400,19,102,295,0.999323,0.981114,0.994383,0.983714,0,0,1,0
401,17,102,296,0.999394,0.981114,0.995018,0.983714,1,0,1,0
402,29,103,296,0.999462,0.981114,0.995581,0.983714,1,0,1,0
403,27,103,297,0.999468,0.983057,0.995625,0.983714,0,1,0,0
404,29,104,297,0.999468,0.984953,0.995625,0.983714,0,1,0,0
405,27,104,298,0.999468,0.986639,0.995625,0.983714,0,1,0,0
406,29,105,298,0.999468,0.988139,0.995625,0.983714,0,1,0,0
407,27,105,299,0.999468,0.988256,0.995625,0.983714,0,0,0,0
408,29,106,299,0.999468,0.988256,0.995625,0.983714,0,0,0,0
409,27,106,300,0.999524,0.988256,0.995625,0.983714,1,0,0,0
410,25,106,301,0.999578,0.988256,0.995625,0.983714,1,0,0,0
411,29,107,301,0.999626,0.988256,0.995625,0.983714,1,0,0,0
412,27,107,302,0.999668,0.988256,0.995625,0.983714,1,0,0,0
413,29,108,302,0.999706,0.988256,0.995625,0.983714,1,0,0,0
414,27,108,303,0.999709,0.988256,0.995625,0.983714,0,0,0,0
415,29,109,303,0.999709,0.988256,0.995625,0.983714,0,0,0,0
416,27,109,304,0.999709,0.988256,0.995625,0.983714,0,0,0,0
417,25,109,305,0.999709,0.988256,0.995625,0.983714,0,0,0,0
418,23,109,306,0.999709,0.988256,0.995625,0.983714,0,0,0,0
419,21,109,307,0.999709,0.988256,0.995625,0.983714,0,0,0,0
420,19,109,308,0.999709,0.989472,0.995625,0.983714,0,1,0,0
421,17,109,309,0.999709,0.990657,0.995625,0.983714,0,1,0,0
422,29,110,309,0.999709,0.991710,0.995625,0.983714,0,1,0,0
423,27,110,310,0.999709,0.991792,0.995625,0.983714,0,0,0,0
424,29,111,310,0.999709,0.991792,0.995625,0.983714,0,0,0,0
425,27,111,311,0.999709,0.992645,0.996081,0.983714,0,1,1,0
426,25,111,312,0.999709,0.992718,0.996120,0.983714,0,0,0,0
427,29,112,312,0.999709,0.992718,0.996120,0.983714,0,0,0,0
428,27,112,313,0.999709,0.992718,0.996525,0.983714,0,0,1,0
429,25,112,314,0.999709,0.992718,0.996560,0.983714,0,0,0,0
430,29,113,314,0.999709,0.992718,0.996560,0.983714,0,0,0,0
431,27,113,315,0.999709,0.992718,0.996560,0.983714,0,0,0,0
432,25,113,316,0.999709,0.993475,0.996919,0.983714,0,1,1,0
433,23,113,317,0.999739,0.993540,0.996949,0.983714,1,0,0,0
434,29,114,317,0.999769,0.993540,0.996949,0.983714,1,0,0,0
435,27,114,318,0.999771,0.993540,0.996949,0.983714,0,0,0,0
436,29,115,318,0.999771,0.993540,0.996949,0.983714,0,0,0,0
437,27,115,319,0.999771,0.993540,0.996949,0.983714,0,0,0,0
438,25,115,320,0.999771,0.993540,0.996949,0.983714,0,0,0,0
439,23,115,321,0.999771,0.993540,0.996949,0.983714,0,0,0,0
440,21,115,322,0.999771,0.993540,0.997268,0.983714,0,0,1,0
441,19,115,323,0.999771,0.993540,0.997295,0.983714,0,0,0,0
442,29,116,323,0.999771,0.993540,0.997295,0.983714,0,0,0,0
443,27,116,324,0.999771,0.993540,0.997295,0.983714,0,0,0,0
444,25,116,325,0.999771,0.993540,0.997295,0.983714,0,0,0,0
445,23,116,326,0.999771,0.993540,0.997295,0.983714,0,0,0,0
446,21,116,327,0.999771,0.993540,0.997295,0.983714,0,0,0,0
447,19,116,328,0.999771,0.993540,0.997295,0.985821,0,0,0,1
448,17,116,329,0.999771,0.993540,0.997295,0.985960,0,0,0,0
449,15,116,330,0.999795,0.993540,0.997295,0.985960,1,0,0,0
450,13,116,331,0.999818,0.993540,0.997295,0.985960,1,0,0,0
451,29,117,331,0.999839,0.993540,0.997295,0.985960,1,0,0,0
452,27,117,332,0.999841,0.993540,0.997295,0.985960,0,0,0,0
453,29,118,332,0.999841,0.993540,0.997295,0.985960,0,0,0,0
454,27,118,333,0.999857,0.993540,0.997295,0.987411,1,0,0,1
455,25,118,334,0.999859,0.993540,0.997295,0.987535,0,0,0,0
456,29,119,334,0.999859,0.993540,0.997295,0.987535,0,0,0,0
457,27,119,335,0.999874,0.993540,0.997577,0.987535,1,0,1,0
458,25,119,336,0.999875,0.993540,0.997602,0.988825,0,0,0,1
459,23,119,337,0.999875,0.994212,0.997602,0.988936,0,1,0,0
460,29,120,337,0.999875,0.994866,0.997602,0.988936,0,1,0,0
461,27,120,338,0.999875,0.994917,0.997602,0.988936,0,0,0,0
462,29,121,338,0.999875,0.994917,0.997602,0.988936,0,0,0,0
463,27,121,339,0.999875,0.994917,0.997852,0.988936,0,0,1,0
464,25,121,340,0.999875,0.994917,0.997873,0.988936,0,0,0,0
465,29,122,340,0.999875,0.994917,0.997873,0.988936,0,0,0,0
466,27,122,341,0.999875,0.994917,0.997873,0.988936,0,0,0,0
467,25,122,342,0.999875,0.994917,0.997873,0.988936,0,0,0,0
468,23,122,343,0.999875,0.994917,0.997873,0.988936,0,0,0,0
469,21,122,344,0.999875,0.994917,0.997873,0.988936,0,0,0,0
470,19,122,345,0.999875,0.995447,0.997873,0.988936,0,1,0,0
471,17,122,346,0.999875,0.995492,0.997873,0.988936,0,0,0,0
472,29,123,346,0.999875,0.995492,0.997873,0.988936,0,0,0,0
473,27,123,347,0.999888,0.995962,0.997873,0.988936,1,1,0,0
474,25,123,348,0.999889,0.996002,0.997873,0.988936,0,0,0,0
475,29,124,348,0.999889,0.996002,0.997873,0.988936,0,0,0,0
476,27,124,349,0.999889,0.996419,0.998096,0.988936,0,1,1,0
477,25,124,350,0.999889,0.996455,0.998115,0.988936,0,0,0,0
478,29,125,350,0.999889,0.996455,0.998115,0.988936,0,0,0,0
479,27,125,351,0.999889,0.996455,0.998312,0.988936,0,0,1,0
480,25,125,352,0.999889,0.996455,0.998503,0.988936,0,0,1,0
481,23,125,353,0.999901,0.996455,0.998518,0.988936,1,0,0,0
482,29,126,353,0.999912,0.996455,0.998518,0.988936,1,0,0,0
483,27,126,354,0.999913,0.996455,0.998518,0.988936,0,0,0,0
484,29,127,354,0.999913,0.996455,0.998518,0.988936,0,0,0,0
485,27,127,355,0.999913,0.996455,0.998518,0.988936,0,0,0,0
486,25,127,356,0.999913,0.996455,0.998518,0.988936,0,0,0,0
487,23,127,357,0.999913,0.996455,0.998518,0.988936,0,0,0,0
488,21,127,358,0.999913,0.996455,0.998673,0.988936,0,0,1,0
489,19,127,359,0.999913,0.996455,0.998686,0.988936,0,0,0,0
490,29,128,359,0.999913,0.996455,0.998686,0.988936,0,0,0,0
491,27,128,360,0.999913,0.996455,0.998824,0.990082,0,0,1,1
492,25,128,361,0.999913,0.996455,0.998835,0.990180,0,0,0,0
493,29,129,361,0.999913,0.996455,0.998835,0.990180,0,0,0,0
494,27,129,362,0.999913,0.996455,0.998835,0.990180,0,0,0,0
495,25,129,363,0.999913,0.996455,0.998835,0.990180,0,0,0,0
496,23,129,364,0.999913,0.996455,0.998835,0.990180,0,0,0,0
497,21,129,365,0.999913,0.996825,0.998835,0.990180,0,1,0,0
498,19,129,366,0.999913,0.996856,0.998835,0.990180,0,0,0,0
499,29,130,366,0.999913,0.996856,0.998835,0.990180,0,0,0,0
500,27,130,367,0.999913,0.996856,0.998835,0.990180,0,0,0,0
501,25,130,368,0.999913,0.996856,0.998835,0.990180,0,0,0,0
502,23,130,369,0.999913,0.996856,0.998835,0.990180,0,0,0,0
503,21,130,370,0.999913,0.996856,0.998957,0.990180,0,0,1,0
504,19,130,371,0.999913,0.996856,0.998968,0.990180,0,0,0,0
505,29,131,371,0.999913,0.996856,0.998968,0.990180,0,0,0,0
506,27,131,372,0.999922,0.996856,0.998968,0.990180,1,0,0,0
507,25,131,373,0.999923,0.996856,0.998968,0.990180,0,0,0,0
508,29,132,373,0.999923,0.996856,0.998968,0.990180,0,0,0,0
509,27,132,374,0.999923,0.997184,0.998968,0.990180,0,1,0,0
510,25,132,375,0.999931,0.997212,0.998968,0.990180,1,0,0,0
511,23,132,376,0.999931,0.997212,0.999075,0.990180,0,0,1,0
512,29,133,376,0.999931,0.997212,0.999180,0.990180,0,0,1,0
513,27,133,377,0.999931,0.997212,0.999189,0.990180,0,0,0,0
514,29,134,377,0.999931,0.997212,0.999189,0.990180,0,0,0,0
515,27,134,378,0.999931,0.997212,0.999189,0.990180,0,0,0,0
516,25,134,379,0.999931,0.997212,0.999189,0.990180,0,0,0,0
517,23,134,380,0.999931,0.997212,0.999189,0.990180,0,0,0,0
518,21,134,381,0.999931,0.997212,0.999189,0.990180,0,0,0,0
519,19,134,382,0.999931,0.997212,0.999189,0.990180,0,0,0,0
520,17,134,383,0.999931,0.997212,0.999189,0.990180,0,0,0,0
521,15,134,384,0.999931,0.997212,0.999189,0.990180,0,0,0,0
522,13,134,385,0.999931,0.997503,0.999189,0.991199,0,1,0,1
523,11,134,386,0.999931,0.997528,0.999189,0.991286,0,0,0,0
524,29,135,386,0.999931,0.997528,0.999189,0.991286,0,0,0,0
525,27,135,387,0.999931,0.997528,0.999273,0.991286,0,0,1,0
526,25,135,388,0.999931,0.997528,0.999356,0.992191,0,0,1,1
527,29,136,388,0.999931,0.997528,0.999429,0.993072,0,0,1,1
528,27,136,389,0.999931,0.997528,0.999494,0.993141,0,0,1,0
529,29,137,389,0.999931,0.997528,0.999551,0.993141,0,0,1,0
530,27,137,390,0.999931,0.997786,0.999556,0.993141,0,1,0,0
531,29,138,390,0.999931,0.998037,0.999556,0.993141,0,1,0,0
532,27,138,391,0.999931,0.998260,0.999556,0.993141,0,1,0,0
533,29,139,391,0.999931,0.998457,0.999556,0.993141,0,1,0,0
534,27,139,392,0.999931,0.998632,0.999602,0.993141,0,1,1,0
535,29,140,392,0.999931,0.998788,0.999648,0.993141,0,1,1,0
536,27,140,393,0.999931,0.998800,0.999651,0.993141,0,0,0,0
537,29,141,393,0.999931,0.998800,0.999651,0.993141,0,0,0,0
538,27,141,394,0.999931,0.998925,0.999651,0.993141,0,1,0,0
539,25,141,395,0.999931,0.998936,0.999651,0.993141,0,0,0,0
540,29,142,395,0.999931,0.998936,0.999651,0.993141,0,0,0,0
541,27,142,396,0.999931,0.998936,0.999651,0.993141,0,0,0,0
542,25,142,397,0.999931,0.998936,0.999651,0.993141,0,0,0,0
543,23,142,398,0.999931,0.999047,0.999651,0.993141,0,1,0,0
544,21,142,399,0.999931,0.999155,0.999651,0.993141,0,1,0,0
545,29,143,399,0.999931,0.999251,0.999651,0.993141,0,1,0,0
546,27,143,400,0.999931,0.999336,0.999651,0.993141,0,1,0,0
547,25,143,401,0.999931,0.999343,0.999688,0.993141,0,0,1,0
548,29,144,401,0.999931,0.999343,0.999723,0.993141,0,0,1,0
549,27,144,402,0.999931,0.999343,0.999754,0.993141,0,0,1,0
550,29,145,402,0.999931,0.999343,0.999782,0.993141,0,0,1,0
551,27,145,403,0.999931,0.999343,0.999785,0.993141,0,0,0,0
552,29,146,403,0.999931,0.999343,0.999785,0.993141,0,0,0,0
553,27,146,404,0.999931,0.999343,0.999785,0.993141,0,0,0,0
554,25,146,405,0.999931,0.999343,0.999785,0.993141,0,0,0,0
555,23,146,406,0.999931,0.999343,0.999785,0.993141,0,0,0,0
556,21,146,407,0.999931,0.999343,0.999785,0.993141,0,0,0,0
557,19,146,408,0.999931,0.999343,0.999785,0.993141,0,0,0,0
558,17,146,409,0.999931,0.999343,0.999785,0.993141,0,0,0,0
559,15,146,410,0.999931,0.999343,0.999807,0.993141,0,0,1,0
560,13,146,411,0.999931,0.999343,0.999809,0.993141,0,0,0,0
561,11,146,412,0.999931,0.999343,0.999809,0.993854,0,0,0,1
562,9,146,413,0.999931,0.999343,0.999809,0.993915,0,0,0,0
563,29,147,413,0.999931,0.999343,0.999809,0.993915,0,0,0,0
564,27,147,414,0.999939,0.999343,0.999809,0.993915,1,0,0,0
565,29,148,414,0.999946,0.999343,0.999809,0.993915,1,0,0,0
566,27,148,415,0.999946,0.999343,0.999809,0.993915,0,0,0,0
567,29,149,415,0.999946,0.999343,0.999809,0.993915,0,0,0,0
568,27,149,416,0.999946,0.999343,0.999809,0.993915,0,0,0,0
569,25,149,417,0.999946,0.999343,0.999809,0.993915,0,0,0,0
570,23,149,418,0.999946,0.999343,0.999829,0.993915,0,0,1,0
571,21,149,419,0.999946,0.999343,0.999831,0.993915,0,0,0,0
572,29,150,419,0.999946,0.999343,0.999831,0.993915,0,0,0,0
573,27,150,420,0.999946,0.999343,0.999831,0.993915,0,0,0,0
574,25,150,421,0.999946,0.999343,0.999831,0.993915,0,0,0,0
575,23,150,422,0.999946,0.999343,0.999831,0.993915,0,0,0,0
576,21,150,423,0.999946,0.999343,0.999831,0.993915,0,0,0,0
577,19,150,424,0.999946,0.999343,0.999831,0.994549,0,0,0,1
578,17,150,425,0.999946,0.999343,0.999831,0.994603,0,0,0,0
579,29,151,425,0.999946,0.999412,0.999831,0.994603,0,1,0,0
580,27,151,426,0.999946,0.999418,0.999831,0.994603,0,0,0,0
581,29,152,426,0.999954,0.999418,0.999831,0.994603,1,0,0,0
582,27,152,427,0.999955,0.999418,0.999831,0.994603,0,0,0,0
583,29,153,427,0.999955,0.999418,0.999831,0.994603,0,0,0,0
584,27,153,428,0.999955,0.999418,0.999831,0.994603,0,0,0,0
585,25,153,429,0.999955,0.999418,0.999831,0.995165,0,0,0,1
586,23,153,430,0.999955,0.999418,0.999831,0.995213,0,0,0,0
587,29,154,430,0.999955,0.999418,0.999831,0.995213,0,0,0,0
588,27,154,431,0.999955,0.999418,0.999831,0.995213,0,0,0,0
589,25,154,432,0.999955,0.999418,0.999831,0.995213,0,0,0,0
590,23,154,433,0.999955,0.999418,0.999831,0.995213,0,0,0,0
591,21,154,434,0.999955,0.999418,0.999831,0.995213,0,0,0,0
592,19,154,435,0.999955,0.999418,0.999831,0.995712,0,0,0,1
593,17,154,436,0.999955,0.999418,0.999831,0.995755,0,0,0,0
594,29,155,436,0.999955,0.999418,0.999831,0.995755,0,0,0,0
595,27,155,437,0.999955,0.999418,0.999831,0.995755,0,0,0,0
596,25,155,438,0.999955,0.999418,0.999831,0.995755,0,0,0,0
597,23,155,439,0.999955,0.999418,0.999831,0.995755,0,0,0,0
598,21,155,440,0.999955,0.999418,0.999831,0.995755,0,0,0,0
599,19,155,441,0.999955,0.999418,0.999848,0.995755,0,0,1,0
600,17,155,442,0.999955,0.999418,0.999866,0.996197,0,0,1,1
601,15,155,443,0.999959,0.999478,0.999867,0.996628,1,1,0,1
602,29,156,443,0.999964,0.999538,0.999867,0.997010,1,1,0,1
603,27,156,444,0.999968,0.999542,0.999867,0.997040,1,0,0,0
604,29,157,444,0.999972,0.999542,0.999867,0.997040,1,0,0,0
605,27,157,445,0.999972,0.999590,0.999867,0.997040,0,1,0,0
606,29,158,445,0.999972,0.999637,0.999867,0.997040,0,1,0,0
607,27,158,446,0.999972,0.999640,0.999867,0.997040,0,0,0,0
608,29,159,446,0.999972,0.999640,0.999867,0.997040,0,0,0,0
609,27,159,447,0.999975,0.999640,0.999881,0.997040,1,0,1,0
610,25,159,448,0.999975,0.999678,0.999894,0.997040,0,1,1,0
611,29,160,448,0.999975,0.999715,0.999906,0.997040,0,1,1,0
612,27,160,449,0.999975,0.999717,0.999907,0.997040,0,0,0,0
613,29,161,449,0.999975,0.999717,0.999907,0.997040,0,0,0,0
614,27,161,450,0.999975,0.999747,0.999907,0.997040,0,1,0,0
615,25,161,451,0.999975,0.999750,0.999907,0.997040,0,0,0,0
616,23,161,452,0.999975,0.999776,0.999907,0.997349,0,1,0,1
617,21,161,453,0.999975,0.999778,0.999907,0.997375,0,0,0,0
618,29,162,453,0.999975,0.999778,0.999907,0.997649,0,0,0,1
619,27,162,454,0.999975,0.999778,0.999907,0.997673,0,0,0,0
620,29,163,454,0.999978,0.999778,0.999907,0.997673,1,0,0,0
621,27,163,455,0.999978,0.999778,0.999907,0.997673,0,0,0,0
622,29,164,455,0.999978,0.999801,0.999907,0.997673,0,1,0,0
623,27,164,456,0.999978,0.999803,0.999907,0.997673,0,0,0,0
624,29,165,456,0.999978,0.999803,0.999907,0.997673,0,0,0,0
625,27,165,457,0.999978,0.999824,0.999907,0.997673,0,1,0,0
626,25,165,458,0.999978,0.999844,0.999907,0.997673,0,1,0,0
627,29,166,458,0.999978,0.999862,0.999917,0.997673,0,1,1,0
628,27,166,459,0.999978,0.999863,0.999918,0.997673,0,0,0,0
629,29,167,459,0.999978,0.999863,0.999918,0.997673,0,0,0,0
630,27,167,460,0.999978,0.999863,0.999918,0.997916,0,0,0,1
631,25,167,461,0.999978,0.999863,0.999918,0.997936,0,0,0,0
632,29,168,461,0.999978,0.999863,0.999918,0.997936,0,0,0,0
633,27,168,462,0.999978,0.999863,0.999918,0.997936,0,0,0,0
634,25,168,463,0.999978,0.999863,0.999918,0.997936,0,0,0,0
635,23,168,464,0.999978,0.999863,0.999918,0.997936,0,0,0,0
636,21,168,465,0.999978,0.999863,0.999918,0.997936,0,0,0,0
637,19,168,466,0.999980,0.999877,0.999918,0.997936,1,1,0,0
638,17,168,467,0.999983,0.999878,0.999918,0.997936,1,0,0,0
639,15,168,468,0.999985,0.999878,0.999926,0.998152,1,0,1,1
640,29,169,468,0.999986,0.999878,0.999935,0.998362,1,0,1,1
641,27,169,469,0.999986,0.999878,0.999935,0.998378,0,0,0,0
642,29,170,469,0.999986,0.999878,0.999935,0.998378,0,0,0,0
643,27,170,470,0.999986,0.999878,0.999935,0.998378,0,0,0,0
644,25,170,471,0.999986,0.999878,0.999935,0.998378,0,0,0,0
645,23,170,472,0.999986,0.999878,0.999935,0.998378,0,0,0,0
646,21,170,473,0.999986,0.999878,0.999935,0.998378,0,0,0,0
647,19,170,474,0.999988,0.999878,0.999935,0.998548,1,0,0,1
648,17,170,475,0.999988,0.999878,0.999935,0.998562,0,0,0,0
649,29,171,475,0.999988,0.999878,0.999935,0.998562,0,0,0,0
650,27,171,476,0.999988,0.999878,0.999935,0.998562,0,0,0,0
651,25,171,477,0.999989,0.999878,0.999935,0.998562,1,0,0,0
652,23,171,478,0.999989,0.999878,0.999935,0.998562,0,0,0,0
653,29,172,478,0.999989,0.999878,0.999935,0.998562,0,0,0,0
654,27,172,479,0.999990,0.999878,0.999935,0.998562,1,0,0,0
655,25,172,480,0.999991,0.999878,0.999935,0.998562,0,0,0,0
656,29,173,480,0.999991,0.999878,0.999935,0.998562,0,0,0,0
657,27,173,481,0.999991,0.999878,0.999935,0.998562,0,0,0,0
658,25,173,482,0.999991,0.999878,0.999935,0.998562,0,0,0,0
659,23,173,483,0.999991,0.999878,0.999942,0.998562,0,0,1,0
660,21,173,484,0.999991,0.999878,0.999943,0.998562,0,0,0,0
661,29,174,484,0.999991,0.999878,0.999943,0.998562,0,0,0,0
662,27,174,485,0.999991,0.999878,0.999943,0.998562,0,0,0,0
663,25,174,486,0.999991,0.999878,0.999943,0.998562,0,0,0,0
664,23,174,487,0.999991,0.999878,0.999943,0.998562,0,0,0,0
665,21,174,488,0.999991,0.999878,0.999943,0.998562,0,0,0,0
666,19,174,489,0.999991,0.999878,0.999943,0.998562,0,0,0,0
667,17,174,490,0.999991,0.999878,0.999943,0.998562,0,0,0,0
668,15,174,491,0.999991,0.999878,0.999943,0.998562,0,0,0,0
669,13,174,492,0.999991,0.999878,0.999943,0.998562,0,0,0,0
670,11,174,493,0.999991,0.999891,0.999943,0.998562,0,1,0,0
671,9,174,494,0.999991,0.999892,0.999943,0.998562,0,0,0,0
672,29,175,494,0.999991,0.999892,0.999943,0.998562,0,0,0,0
673,27,175,495,0.999991,0.999892,0.999943,0.998562,0,0,0,0
674,25,175,496,0.999991,0.999892,0.999943,0.998562,0,0,0,0
675,23,175,497,0.999991,0.999892,0.999943,0.998712,0,0,0,1
676,21,175,498,0.999991,0.999892,0.999943,0.998725,0,0,0,0
677,29,176,498,0.999991,0.999892,0.999943,0.998725,0,0,0,0
678,27,176,499,0.999991,0.999892,0.999943,0.998858,0,0,0,1
679,25,176,500,0.999991,0.999892,0.999943,0.998870,0,0,0,0
680,29,177,500,0.999991,0.999892,0.999943,0.998870,0,0,0,0
681,27,177,501,0.999991,0.999892,0.999943,0.998870,0,0,0,0
682,25,177,502,0.999991,0.999892,0.999943,0.998870,0,0,0,0
683,23,177,503,0.999991,0.999892,0.999943,0.998870,0,0,0,0
684,21,177,504,0.999991,0.999892,0.999943,0.998870,0,0,0,0
685,19,177,505,0.999991,0.999892,0.999943,0.998870,0,0,0,0
686,17,177,506,0.999992,0.999892,0.999943,0.998870,1,0,0,0
687,15,177,507,0.999992,0.999892,0.999943,0.998870,0,0,0,0
688,29,178,507,0.999992,0.999892,0.999943,0.998870,0,0,0,0
689,27,178,508,0.999992,0.999892,0.999943,0.998870,1,0,0,0
690,25,178,509,0.999993,0.999892,0.999943,0.998870,0,0,0,0
691,29,179,509,0.999993,0.999892,0.999943,0.998870,0,0,0,0
692,27,179,510,0.999993,0.999892,0.999943,0.998870,0,0,0,0
693,25,179,511,0.999993,0.999892,0.999943,0.998870,0,0,0,0
694,23,179,512,0.999993,0.999892,0.999943,0.998988,0,0,0,1
695,21,179,513,0.999993,0.999892,0.999943,0.999103,0,0,0,1
696,29,180,513,0.999993,0.999892,0.999943,0.999205,0,0,0,1
697,27,180,514,0.999993,0.999892,0.999943,0.999295,0,0,0,1
698,29,181,514,0.999993,0.999892,0.999943,0.999375,0,0,0,1
699,27,181,515,0.999993,0.999892,0.999943,0.999381,1,0,0,0
700,25,181,516,0.999994,0.999892,0.999949,0.999381,1,0,1,0
701,29,182,516,0.999995,0.999892,0.999955,0.999381,1,0,1,0
702,27,182,517,0.999995,0.999892,0.999955,0.999381,0,0,0,0
703,29,183,517,0.999995,0.999892,0.999955,0.999381,0,0,0,0
704,27,183,518,0.999995,0.999892,0.999960,0.999381,0,0,1,0
705,25,183,519,0.999995,0.999892,0.999960,0.999381,0,0,0,0
706,29,184,519,0.999995,0.999892,0.999960,0.999381,0,0,0,0
707,27,184,520,0.999995,0.999892,0.999960,0.999381,0,0,0,0
708,25,184,521,0.999995,0.999892,0.999960,0.999381,0,0,0,0
709,23,184,522,0.999995,0.999892,0.999960,0.999381,0,0,0,0
710,21,184,523,0.999995,0.999892,0.999960,0.999381,0,0,0,0
711,19,184,524,0.999995,0.999904,0.999960,0.999381,0,1,0,0
712,17,184,525,0.999995,0.999905,0.999960,0.999446,0,0,0,1
713,29,185,525,0.999995,0.999905,0.999960,0.999509,0,0,0,1
714,27,185,526,0.999995,0.999905,0.999960,0.999514,0,0,0,0
715,29,186,526,0.999995,0.999905,0.999960,0.999514,0,0,0,0
716,27,186,527,0.999995,0.999905,0.999960,0.999514,1,0,0,0
717,25,186,528,0.999996,0.999905,0.999960,0.999514,1,0,0,0
718,23,186,529,0.999996,0.999905,0.999964,0.999514,0,0,1,0
719,29,187,529,0.999996,0.999905,0.999968,0.999514,0,0,1,0
720,27,187,530,0.999996,0.999905,0.999972,0.999514,0,0,1,0
721,29,188,530,0.999996,0.999905,0.999975,0.999514,0,0,1,0
722,27,188,531,0.999996,0.999905,0.999975,0.999514,0,0,0,0
723,29,189,531,0.999996,0.999905,0.999975,0.999514,0,0,0,0
724,27,189,532,0.999996,0.999905,0.999975,0.999514,0,0,0,0
725,25,189,533,0.999996,0.999905,0.999978,0.999514,0,0,1,0
726,23,189,534,0.999996,0.999915,0.999978,0.999514,0,1,0,0
727,29,190,534,0.999996,0.999924,0.999978,0.999514,0,1,0,0
728,27,190,535,0.999996,0.999925,0.999978,0.999514,0,0,0,0
729,25,190,536,0.999996,0.999925,0.999980,0.999514,0,0,1,0
730,23,190,537,0.999996,0.999925,0.999981,0.999514,0,0,0,0
731,29,191,537,0.999996,0.999925,0.999981,0.999514,0,0,0,0
732,27,191,538,0.999996,0.999925,0.999981,0.999514,0,0,0,0
733,25,191,539,0.999996,0.999925,0.999983,0.999514,0,0,1,0
734,23,191,540,0.999996,0.999925,0.999983,0.999514,0,0,0,0
735,21,191,541,0.999996,0.999925,0.999983,0.999514,0,0,0,0
736,19,191,542,0.999996,0.999925,0.999983,0.999565,0,0,0,1
737,17,191,543,0.999996,0.999925,0.999983,0.999569,1,0,0,0
738,29,192,543,0.999997,0.999925,0.999983,0.999569,1,0,0,0
739,27,192,544,0.999997,0.999925,0.999983,0.999569,0,0,0,0
740,29,193,544,0.999997,0.999925,0.999983,0.999569,0,0,0,0
741,27,193,545,0.999997,0.999933,0.999983,0.999569,0,1,0,0
742,25,193,546,0.999997,0.999934,0.999983,0.999569,0,0,0,0
743,23,193,547,0.999997,0.999934,0.999983,0.999569,0,0,0,0
744,21,193,548,0.999997,0.999934,0.999983,0.999569,1,0,0,0
745,19,193,549,0.999997,0.999934,0.999983,0.999569,1,0,0,0
746,29,194,549,0.999998,0.999934,0.999983,0.999569,1,0,0,0
747,27,194,550,0.999998,0.999934,0.999983,0.999569,1,0,0,0
748,29,195,550,0.999998,0.999934,0.999983,0.999569,1,0,0,0
749,27,195,551,0.999998,0.999934,0.999983,0.999614,1,0,0,1
750,29,196,551,0.999999,0.999934,0.999983,0.999658,1,0,0,1
751,27,196,552,0.999999,0.999934,0.999983,0.999661,0,0,0,0
752,29,197,552,0.999999,0.999934,0.999983,0.999661,0,0,0,0
753,27,197,553,0.999999,0.999934,0.999985,0.999661,0,0,1,0
754,25,197,554,0.999999,0.999934,0.999985,0.999661,0,0,0,0
755,29,198,554,0.999999,0.999934,0.999985,0.999661,0,0,0,0
756,27,198,555,0.999999,0.999934,0.999985,0.999661,0,0,0,0
757,25,198,556,0.999999,0.999934,0.999985,0.999661,0,0,0,0
758,23,198,557,0.999999,0.999934,0.999985,0.999661,0,0,0,0
759,21,198,558,0.999999,0.999934,0.999985,0.999661,0,0,0,0
760,19,198,559,0.999999,0.999934,0.999985,0.999697,0,0,0,1
761,17,198,560,0.999999,0.999934,0.999985,0.999700,0,0,0,0
762,29,199,560,0.999999,0.999934,0.999985,0.999700,0,0,0,0
763,27,199,561,0.999999,0.999934,0.999985,0.999700,0,0,0,0
764,25,199,562,0.999999,0.999940,0.999985,0.999700,0,1,0,0
765,23,199,563,0.999999,0.999941,0.999986,0.999700,0,0,1,0
766,21,199,564,0.999999,0.999941,0.999988,0.999700,1,0,1,0
767,29,200,564,0.999999,0.999941,0.999989,0.999700,1,0,1,0
768,27,200,565,0.999999,0.999941,0.999989,0.999700,0,0,0,0
769,29,201,565,0.999999,0.999941,0.999989,0.999700,0,0,0,0
770,27,201,566,0.999999,0.999941,0.999989,0.999700,0,0,0,0
771,25,201,567,0.999999,0.999941,0.999989,0.999700,0,0,0,0
772,23,201,568,0.999999,0.999941,0.999989,0.999700,0,0,0,0
773,21,201,569,0.999999,0.999941,0.999989,0.999700,0,0,0,0
774,19,201,570,0.999999,0.999941,0.999989,0.999731,0,0,0,1
775,17,201,571,0.999999,0.999941,0.999989,0.999762,1,0,0,1
776,15,201,572,0.999999,0.999941,0.999989,0.999764,0,0,0,0
777,29,202,572,0.999999,0.999941,0.999989,0.999764,0,0,0,0
778,27,202,573,0.999999,0.999941,0.999989,0.999764,0,0,0,0
779,25,202,574,0.999999,0.999941,0.999989,0.999764,1,0,0,0
780,23,202,575,0.999999,0.999941,0.999989,0.999789,0,0,0,1
781,29,203,575,0.999999,0.999941,0.999989,0.999813,0,0,0,1
782,27,203,576,0.999999,0.999941,0.999989,0.999815,1,0,0,0
783,29,204,576,0.999999,0.999941,0.999989,0.999815,1,0,0,0
784,27,204,577,0.999999,0.999941,0.999989,0.999815,1,0,0,0
785,29,205,577,0.999999,0.999941,0.999989,0.999815,1,0,0,0
786,27,205,578,0.999999,0.999941,0.999989,0.999815,0,0,0,0
787,29,206,578,0.999999,0.999941,0.999989,0.999815,0,0,0,0
788,27,206,579,0.999999,0.999941,0.999989,0.999834,0,0,0,1
789,25,206,580,0.999999,0.999941,0.999991,0.999853,0,0,1,1
790,29,207,580,0.999999,0.999941,0.999992,0.999870,0,0,1,1
791,27,207,581,0.999999,0.999941,0.999992,0.999871,0,0,0,0
792,29,208,581,0.999999,0.999941,0.999992,0.999871,0,0,0,0
793,27,208,582,0.999999,0.999941,0.999992,0.999871,0,0,0,0
794,25,208,583,1.000000,0.999941,0.999992,0.999871,1,0,0,0
795,23,208,584,1.000000,0.999941,0.999992,0.999871,0,0,0,0
796,29,209,584,1.000000,0.999941,0.999992,0.999871,0,0,0,0
797,27,209,585,1.000000,0.999941,0.999992,0.999871,0,0,0,0
798,25,209,586,1.000000,0.999941,0.999992,0.999871,0,0,0,0
799,23,209,587,1.000000,0.999941,0.999992,0.999871,0,0,0,0
800,21,209,588,1.000000,0.999941,0.999992,0.999871,0,0,0,0
801,19,209,589,1.000000,0.999941,0.999992,0.999871,0,0,0,0
802,17,209,590,1.000000,0.999941,0.999992,0.999871,0,0,0,0
803,15,209,591,1.000000,0.999941,0.999992,0.999871,0,0,0,0
804,13,209,592,1.000000,0.999941,0.999992,0.999871,0,0,0,0
805,11,209,593,1.000000,0.999941,0.999992,0.999871,0,0,0,0
806,9,209,594,1.000000,0.999941,0.999992,0.999871,0,0,0,0
807,7,209,595,1.000000,0.999947,0.999992,0.999871,0,1,0,0
808,5,209,596,1.000000,0.999953,0.999992,0.999871,0,1,0,0
809,29,210,596,1.000000,0.999959,0.999992,0.999871,0,1,0,0
810,27,210,597,1.000000,0.999959,0.999992,0.999871,0,0,0,0
811,29,211,597,1.000000,0.999959,0.999992,0.999871,0,0,0,0
812,27,211,598,1.000000,0.999959,0.999992,0.999871,0,0,0,0
813,25,211,599,1.000000,0.999959,0.999992,0.999871,0,0,0,0
814,23,211,600,1.000000,0.999959,0.999992,0.999871,0,0,0,0
815,21,211,601,1.000000,0.999959,0.999992,0.999871,0,0,0,0
816,19,211,602,1.000000,0.999959,0.999992,0.999871,0,0,0,0
817,17,211,603,1.000000,0.999959,0.999992,0.999871,0,0,0,0
818,15,211,604,1.000000,0.999959,0.999992,0.999871,0,0,0,0
819,13,211,605,1.000000,0.999959,0.999992,0.999871,0,0,0,0
820,11,211,606,1.000000,0.999959,0.999992,0.999871,0,0,0,0
821,9,211,607,1.000000,0.999959,0.999992,0.999871,0,0,0,0
822,7,211,608,1.000000,0.999959,0.999992,0.999871,0,0,0,0
823,5,211,609,1.000000,0.999963,0.999992,0.999871,0,1,0,0
824,3,211,610,1.000000,0.999964,0.999992,0.999871,0,0,0,0
825,29,212,610,1.000000,0.999967,0.999992,0.999871,0,1,0,0
826,27,212,611,1.000000,0.999968,0.999992,0.999871,0,0,0,0
827,29,213,611,1.000000,0.999968,0.999992,0.999871,0,0,0,0
828,27,213,612,1.000000,0.999968,0.999992,0.999871,0,0,0,0
829,25,213,613,1.000000,0.999968,0.999992,0.999871,0,0,0,0
830,23,213,614,1.000000,0.999968,0.999992,0.999871,0,0,0,0
831,21,213,615,1.000000,0.999968,0.999992,0.999871,0,0,0,0
832,19,213,616,1.000000,0.999968,0.999992,0.999871,0,0,0,0
833,17,213,617,1.000000,0.999968,0.999992,0.999871,0,0,0,0
834,15,213,618,1.000000,0.999971,0.999992,0.999871,0,1,0,0
835,13,213,619,1.000000,0.999971,0.999992,0.999871,0,0,0,0
836,11,213,620,1.000000,0.999971,0.999992,0.999871,0,0,0,0
837,9,213,621,1.000000,0.999971,0.999992,0.999871,0,0,0,0
838,7,213,622,1.000000,0.999971,0.999992,0.999871,1,0,0,0
839,5,213,623,1.000000,0.999971,0.999992,0.999871,0,0,0,0
840,29,214,623,1.000000,0.999971,0.999992,0.999871,0,0,0,0
841,27,214,624,1.000000,0.999971,0.999992,0.999871,0,0,0,0
842,25,214,625,1.000000,0.999971,0.999992,0.999871,0,0,0,0
843,23,214,626,1.000000,0.999971,0.999992,0.999871,0,0,0,0
844,21,214,627,1.000000,0.999971,0.999992,0.999871,0,0,0,0
845,19,214,628,1.000000,0.999971,0.999992,0.999871,0,0,0,0
846,17,214,629,1.000000,0.999971,0.999992,0.999871,0,0,0,0
847,15,214,630,1.000000,0.999971,0.999993,0.999871,0,0,1,0
848,13,214,631,1.000000,0.999971,0.999993,0.999884,0,0,0,1
849,29,215,631,1.000000,0.999971,0.999993,0.999898,0,0,0,1
850,27,215,632,1.000000,0.999971,0.999993,0.999899,0,0,0,0
851,29,216,632,1.000000,0.999971,0.999993,0.999899,0,0,0,0
852,27,216,633,1.000000,0.999971,0.999993,0.999899,0,0,0,0
853,25,216,634,1.000000,0.999971,0.999993,0.999899,0,0,0,0
854,23,216,635,1.000000,0.999971,0.999993,0.999899,0,0,1,0
855,21,216,636,1.000000,0.999971,0.999994,0.999899,0,0,1,0
856,29,217,636,1.000000,0.999971,0.999995,0.999899,0,0,1,0
857,27,217,637,1.000000,0.999971,0.999995,0.999899,0,0,1,0
858,29,218,637,1.000000,0.999971,0.999996,0.999899,0,0,1,0
859,27,218,638,1.000000,0.999974,0.999996,0.999899,0,1,0,0
860,29,219,638,1.000000,0.999977,0.999996,0.999899,0,1,0,0
861,27,219,639,1.000000,0.999978,0.999996,0.999899,0,0,0,0
862,25,219,640,1.000000,0.999978,0.999996,0.999909,0,0,0,1
863,23,219,641,1.000000,0.999978,0.999996,0.999910,1,0,0,0
864,29,220,641,1.000000,0.999978,0.999996,0.999910,1,0,0,0
865,27,220,642,1.000000,0.999978,0.999996,0.999920,0,0,0,1
866,29,221,642,1.000000,0.999978,0.999996,0.999929,0,0,0,1
867,27,221,643,1.000000,0.999978,0.999996,0.999929,0,0,0,0
868,29,222,643,1.000000,0.999978,0.999996,0.999929,0,0,0,0
869,27,222,644,1.000000,0.999978,0.999996,0.999929,0,0,0,0
870,25,222,645,1.000000,0.999978,0.999996,0.999929,0,0,0,0
871,23,222,646,1.000000,0.999978,0.999996,0.999929,1,0,0,0
872,21,222,647,1.000000,0.999978,0.999996,0.999929,1,0,0,0
873,29,223,647,1.000000,0.999978,0.999996,0.999929,1,0,0,0
874,27,223,648,1.000000,0.999978,0.999996,0.999929,0,0,0,0
875,29,224,648,1.000000,0.999978,0.999996,0.999929,0,0,0,0
876,27,224,649,1.000000,0.999980,0.999996,0.999929,0,1,0,0
877,25,224,650,1.000000,0.999980,0.999996,0.999929,0,0,0,0
878,29,225,650,1.000000,0.999980,0.999996,0.999929,0,0,0,0
879,27,225,651,1.000000,0.999980,0.999996,0.999929,0,0,0,0
880,25,225,652,1.000000,0.999980,0.999996,0.999929,0,0,0,0
881,23,225,653,1.000000,0.999980,0.999996,0.999929,0,0,0,0
882,21,225,654,1.000000,0.999980,0.999996,0.999929,1,0,0,0
883,19,225,655,1.000000,0.999980,0.999996,0.999929,0,0,0,0
884,29,226,655,1.000000,0.999980,0.999996,0.999929,0,0,0,0
885,27,226,656,1.000000,0.999980,0.999996,0.999929,1,0,0,0
886,25,226,657,1.000000,0.999982,0.999996,0.999929,0,1,0,0
887,23,226,658,1.000000,0.999984,0.999996,0.999929,0,1,0,0
888,29,227,658,1.000000,0.999986,0.999996,0.999929,0,1,0,0
889,27,227,659,1.000000,0.999986,0.999996,0.999929,0,0,0,0
890,29,228,659,1.000000,0.999986,0.999996,0.999929,0,0,0,0
891,27,228,660,1.000000,0.999988,0.999996,0.999929,1,1,0,0
892,25,228,661,1.000000,0.999989,0.999996,0.999929,0,1,0,0
893,29,229,661,1.000000,0.999990,0.999996,0.999929,0,1,0,0
894,27,229,662,1.000000,0.999991,0.999996,0.999929,0,1,1,0
895,25,229,663,1.000000,0.999991,0.999996,0.999929,1,0,0,0
896,29,230,663,1.000000,0.999991,0.999996,0.999929,1,0,0,0
897,27,230,664,1.000000,0.999992,0.999996,0.999929,0,1,0,0
898,25,230,665,1.000000,0.999992,0.999996,0.999937,1,0,0,1
899,23,230,666,1.000000,0.999992,0.999997,0.999937,1,0,1,0
900,29,231,666,1.000000,0.999992,0.999997,0.999937,1,0,1,0
901,27,231,667,1.000000,0.999992,0.999997,0.999944,0,0,0,1
902,25,231,668,1.000000,0.999993,0.999997,0.999945,0,1,0,0
903,29,232,668,1.000000,0.999994,0.999997,0.999945,0,1,0,0
904,27,232,669,1.000000,0.999994,0.999997,0.999945,0,0,0,0
905,29,233,669,1.000000,0.999994,0.999997,0.999945,0,0,0,0
906,27,233,670,1.000000,0.999994,0.999997,0.999945,1,0,0,0
907,25,233,671,1.000000,0.999994,0.999997,0.999950,0,0,0,1
908,29,234,671,1.000000,0.999994,0.999997,0.999956,0,0,0,1
909,27,234,672,1.000000,0.999994,0.999997,0.999956,1,0,0,0
910,29,235,672,1.000000,0.999994,0.999997,0.999956,1,0,0,0
911,27,235,673,1.000000,0.999994,0.999997,0.999956,1,0,0,0
912,29,236,673,1.000000,0.999994,0.999997,0.999956,1,0,0,0
913,27,236,674,1.000000,0.999995,0.999997,0.999961,1,1,0,1
914,25,236,675,1.000000,0.999995,0.999997,0.999961,0,0,1,0
915,29,237,675,1.000000,0.999995,0.999998,0.999961,0,0,1,0
916,27,237,676,1.000000,0.999995,0.999998,0.999965,0,1,0,1
917,29,238,676,1.000000,0.999996,0.999998,0.999969,0,1,0,1
918,27,238,677,1.000000,0.999996,0.999998,0.999970,0,0,0,0
919,29,239,677,1.000000,0.999996,0.999998,0.999970,0,0,0,0
920,27,239,678,1.000000,0.999996,0.999998,0.999973,0,0,0,1
921,25,239,679,1.000000,0.999996,0.999998,0.999973,0,0,0,0
922,29,240,679,1.000000,0.999996,0.999998,0.999973,0,0,0,0
923,27,240,680,1.000000,0.999996,0.999998,0.999973,0,0,0,0
924,25,240,681,1.000000,0.999996,0.999998,0.999973,0,0,0,0
925,23,240,682,1.000000,0.999996,0.999998,0.999973,0,0,0,0
926,21,240,683,1.000000,0.999996,0.999998,0.999973,0,0,0,0
927,19,240,684,1.000000,0.999996,0.999998,0.999976,0,0,0,1
928,17,240,685,1.000000,0.999996,0.999998,0.999976,0,0,0,0
929,15,240,686,1.000000,0.999996,0.999998,0.999976,0,1,0,0
930,13,240,687,1.000000,0.999996,0.999998,0.999976,0,0,0,0
931,29,241,687,1.000000,0.999996,0.999998,0.999976,0,0,1,0
932,27,241,688,1.000000,0.999996,0.999998,0.999976,0,0,1,0
933,25,241,689,1.000000,0.999996,0.999998,0.999976,1,0,1,0
934,29,242,689,1.000000,0.999996,0.999999,0.999976,1,0,1,0
935,27,242,690,1.000000,0.999997,0.999999,0.999976,0,1,0,0
936,29,243,690,1.000000,0.999997,0.999999,0.999979,0,1,0,1
937,27,243,691,1.000000,0.999997,0.999999,0.999979,0,0,0,0
938,29,244,691,1.000000,0.999997,0.999999,0.999979,0,0,0,0
939,27,244,692,1.000000,0.999997,0.999999,0.999979,0,1,0,0
940,25,244,693,1.000000,0.999997,0.999999,0.999979,0,0,0,0
941,23,244,694,1.000000,0.999997,0.999999,0.999981,0,0,0,1
942,21,244,695,1.000000,0.999997,0.999999,0.999981,0,0,0,0
943,29,245,695,1.000000,0.999997,0.999999,0.999981,0,0,0,0
944,27,245,696,1.000000,0.999997,0.999999,0.999981,0,0,1,0
945,25,245,697,1.000000,0.999997,0.999999,0.999981,0,0,1,0
946,29,246,697,1.000000,0.999997,0.999999,0.999981,0,0,1,0
947,27,246,698,1.000000,0.999997,0.999999,0.999981,0,0,0,0
948,29,247,698,1.000000,0.999997,0.999999,0.999981,0,0,0,0
949,27,247,699,1.000000,0.999997,0.999999,0.999981,0,0,0,0
950,25,247,700,1.000000,0.999997,0.999999,0.999983,0,0,0,1
951,23,247,701,1.000000,0.999997,0.999999,0.999985,1,0,1,1
952,29,248,701,1.000000,0.999997,0.999999,0.999987,1,0,1,1
953,27,248,702,1.000000,0.999997,0.999999,0.999987,0,0,0,0
954,29,249,702,1.000000,0.999997,0.999999,0.999987,0,0,0,0
955,27,249,703,1.000000,0.999997,0.999999,0.999987,0,0,1,0
956,25,249,704,1.000000,0.999997,0.999999,0.999987,0,0,0,0
957,29,250,704,1.000000,0.999997,0.999999,0.999987,0,0,0,0
958,27,250,705,1.000000,0.999997,0.999999,0.999987,0,0,0,0
959,25,250,706,1.000000,0.999997,0.999999,0.999987,0,0,0,0
960,23,250,707,1.000000,0.999998,0.999999,0.999987,0,1,0,0
961,21,250,708,1.000000,0.999998,0.999999,0.999987,0,0,1,0
962,29,251,708,1.000000,0.999998,0.999999,0.999987,0,0,1,0
963,27,251,709,1.000000,0.999998,0.999999,0.999987,0,0,0,0
964,29,252,709,1.000000,0.999998,0.999999,0.999987,0,0,0,0
965,27,252,710,1.000000,0.999998,0.999999,0.999987,0,0,0,0
966,25,252,711,1.000000,0.999998,0.999999,0.999987,0,1,0,0
967,23,252,712,1.000000,0.999998,0.999999,0.999987,0,1,0,0
968,29,253,712,1.000000,0.999998,0.999999,0.999987,0,1,0,0
969,27,253,713,1.000000,0.999998,0.999999,0.999987,0,0,0,0
970,29,254,713,1.000000,0.999998,0.999999,0.999987,0,0,0,0
971,27,254,714,1.000000,0.999999,0.999999,0.999987,1,1,0,0
972,25,254,715,1.000000,0.999999,0.999999,0.999987,1,0,0,0
973,23,254,716,1.000000,0.999999,1.000000,0.999988,0,1,1,1
974,29,255,716,1.000000,0.999999,1.000000,0.999990,0,1,1,1
975,27,255,717,1.000000,0.999999,1.000000,0.999990,0,0,0,0
976,29,256,717,1.000000,0.999999,1.000000,0.999990,0,0,0,0
977,27,256,718,1.000000,0.999999,1.000000,0.999990,0,1,0,0
978,25,256,719,1.000000,0.999999,1.000000,0.999990,0,0,0,0
979,29,257,719,1.000000,0.999999,1.000000,0.999990,0,0,0,0
980,27,257,720,1.000000,0.999999,1.000000,0.999990,1,0,0,0
981,25,257,721,1.000000,0.999999,1.000000,0.999990,1,0,0,0
982,29,258,721,1.000000,0.999999,1.000000,0.999990,1,0,0,0
983,27,258,722,1.000000,0.999999,1.000000,0.999990,0,0,0,0
984,25,258,723,1.000000,0.999999,1.000000,0.999990,1,0,0,0
985,23,258,724,1.000000,0.999999,1.000000,0.999990,1,0,0,0
986,29,259,724,1.000000,0.999999,1.000000,0.999990,1,0,0,0
987,27,259,725,1.000000,0.999999,1.000000,0.999991,0,0,0,1
988,29,260,725,1.000000,0.999999,1.000000,0.999992,0,0,0,1
989,27,260,726,1.000000,0.999999,1.000000,0.999992,1,0,0,0
990,29,261,726,1.000000,0.999999,1.000000,0.999992,1,0,0,0
991,27,261,727,1.000000,0.999999,1.000000,0.999992,1,0,0,0
992,29,262,727,1.000000,0.999999,1.000000,0.999992,1,0,0,0
993,27,262,728,1.000000,0.999999,1.000000,0.999993,1,1,0,1
994,29,263,728,1.000000,0.999999,1.000000,0.999994,1,1,0,1
995,27,263,729,1.000000,0.999999,1.000000,0.999994,0,0,0,0
996,29,264,729,1.000000,0.999999,1.000000,0.999994,0,0,0,0
997,27,264,730,1.000000,0.999999,1.000000,0.999994,1,0,0,1
998,25,264,731,1.000000,0.999999,1.000000,0.999994,0,0,0,0
999,29,265,731,1.000000,0.999999,1.000000,0.999994,0,0,0,0
1000,27,265,732,1.000000,0.999999,1.000000,0.999994,1,0,0,0
1001,25,265,733,1.000000,0.999999,1.000000,0.999994,0,0,0,0
1002,29,266,733,1.000000,0.999999,1.000000,0.999994,0,0,0,0
1003,27,266,734,1.000000,0.999999,1.000000,0.999994,0,0,0,0
1004,25,266,735,1.000000,0.999999,1.000000,0.999994,0,0,0,0
1005,23,266,736,1.000000,0.999999,1.000000,0.999994,0,0,1,0
1006,21,266,737,1.000000,0.999999,1.000000,0.999994,0,0,0,0
1007,29,267,737,1.000000,0.999999,1.000000,0.999994,0,0,0,0
1008,27,267,738,1.000000,0.999999,1.000000,0.999994,0,0,1,0
1009,25,267,739,1.000000,0.999999,1.000000,0.999994,0,0,1,0
1010,29,268,739,1.000000,0.999999,1.000000,0.999994,0,0,1,0
1011,27,268,740,1.000000,0.999999,1.000000,0.999994,0,0,0,0
1012,29,269,740,1.000000,0.999999,1.000000,0.999994,0,0,0,0
1013,27,269,741,1.000000,0.999999,1.000000,0.999994,0,0,1,0
1014,25,269,742,1.000000,0.999999,1.000000,0.999994,0,1,0,0
1015,29,270,742,1.000000,0.999999,1.000000,0.999994,0,1,0,0
1016,27,270,743,1.000000,0.999999,1.000000,0.999994,0,0,0,0
1017,29,271,743,1.000000,0.999999,1.000000,0.999994,0,0,0,0
1018,27,271,744,1.000000,0.999999,1.000000,0.999994,0,0,0,0
1019,25,271,745,1.000000,0.999999,1.000000,0.999994,0,0,1,0
1020,23,271,746,1.000000,0.999999,1.000000,0.999994,0,0,0,0
1021,29,272,746,1.000000,0.999999,1.000000,0.999994,0,0,0,0
1022,27,272,747,1.000000,0.999999,1.000000,0.999994,0,0,0,0
1023,25,272,748,1.000000,0.999999,1.000000,0.999994,0,0,0,0
1024,23,272,749,1.000000,0.999999,1.000000,0.999994,0,0,0,0
1025,21,272,750,1.000000,0.999999,1.000000,0.999994,0,0,0,0
1026,19,272,751,1.000000,0.999999,1.000000,0.999994,0,0,0,0
1027,17,272,752,1.000000,0.999999,1.000000,0.999994,0,0,0,0
1028,15,272,753,1.000000,0.999999,1.000000,0.999994,0,0,0,0
1029,13,272,754,1.000000,0.999999,1.000000,0.999994,0,0,0,0
1030,11,272,755,1.000000,0.999999,1.000000,0.999995,0,0,0,1
1031,9,272,756,1.000000,0.999999,1.000000,0.999995,0,0,0,0
1032,29,273,756,1.000000,0.999999,1.000000,0.999995,0,0,0,0
1033,27,273,757,1.000000,0.999999,1.000000,0.999996,0,0,0,1
1034,25,273,758,1.000000,0.999999,1.000000,0.999996,0,0,1,0
1035,29,274,758,1.000000,0.999999,1.000000,0.999996,0,0,1,0
1036,27,274,759,1.000000,0.999999,1.000000,0.999996,0,0,0,0
1037,25,274,760,1.000000,0.999999,1.000000,0.999996,0,0,1,0
1038,23,274,761,1.000000,0.999999,1.000000,0.999996,0,0,0,0
1039,29,275,761,1.000000,0.999999,1.000000,0.999996,0,0,0,0
1040,27,275,762,1.000000,0.999999,1.000000,0.999996,0,0,0,0
1041,25,275,763,1.000000,0.999999,1.000000,0.999996,0,1,0,0
1042,23,275,764,1.000000,0.999999,1.000000,0.999996,0,0,0,0
1043,29,276,764,1.000000,0.999999,1.000000,0.999996,0,0,0,0
1044,27,276,765,1.000000,0.999999,1.000000,0.999996,0,0,0,0
1045,25,276,766,1.000000,0.999999,1.000000,0.999996,0,0,0,0
1046,23,276,767,1.000000,0.999999,1.000000,0.999996,0,0,1,0
1047,21,276,768,1.000000,0.999999,1.000000,0.999996,0,0,1,1
1048,29,277,768,1.000000,0.999999,1.000000,0.999997,0,0,1,1
1049,27,277,769,1.000000,0.999999,1.000000,0.999997,0,0,0,0
1050,29,278,769,1.000000,0.999999,1.000000,0.999997,0,0,0,0
1051,27,278,770,1.000000,1.000000,1.000000,0.999997,0,1,0,0
1052,25,278,771,1.000000,1.000000,1.000000,0.999997,1,0,1,0
1053,29,279,771,1.000000,1.000000,1.000000,0.999997,1,0,1,0
1054,27,279,772,1.000000,1.000000,1.000000,0.999997,0,0,0,0
1055,29,280,772,1.000000,1.000000,1.000000,0.999997,0,0,0,0
1056,27,280,773,1.000000,1.000000,1.000000,0.999997,0,0,0,0
1057,25,280,774,1.000000,1.000000,1.000000,0.999997,0,0,0,1
1058,23,280,775,1.000000,1.000000,1.000000,0.999997,0,0,0,0
1059,29,281,775,1.000000,1.000000,1.000000,0.999997,0,0,0,0
1060,27,281,776,1.000000,1.000000,1.000000,0.999997,0,0,0,0
1061,25,281,777,1.000000,1.000000,1.000000,0.999997,0,0,0,0
1062,23,281,778,1.000000,1.000000,1.000000,0.999997,0,0,0,0
1063,21,281,779,1.000000,1.000000,1.000000,0.999997,1,0,0,0
1064,19,281,780,1.000000,1.000000,1.000000,0.999997,0,0,1,0
1065,29,282,780,1.000000,1.000000,1.000000,0.999997,0,0,1,0
1066,27,282,781,1.000000,1.000000,1.000000,0.999997,0,0,0,0
1067,29,283,781,1.000000,1.000000,1.000000,0.999997,0,0,0,0
1068,27,283,782,1.000000,1.000000,1.000000,0.999997,0,0,0,0
1069,25,283,783,1.000000,1.000000,1.000000,0.999997,1,0,0,0
1070,23,283,784,1.000000,1.000000,1.000000,0.999997,0,0,0,0
1071,29,284,784,1.000000,1.000000,1.000000,0.999997,0,0,0,0
1072,27,284,785,1.000000,1.000000,1.000000,0.999997,1,0,0,0
1073,25,284,786,1.000000,1.000000,1.000000,0.999997,0,0,0,0
1074,29,285,786,1.000000,1.000000,1.000000,0.999997,0,0,0,0
1075,27,285,787,1.000000,1.000000,1.000000,0.999997,0,0,0,0
1076,25,285,788,1.000000,1.000000,1.000000,0.999997,0,0,0,0
1077,23,285,789,1.000000,1.000000,1.000000,0.999997,0,0,0,0
1078,21,285,790,1.000000,1.000000,1.000000,0.999997,0,0,0,0
1079,19,285,791,1.000000,1.000000,1.000000,0.999997,0,0,0,0
1080,17,285,792,1.000000,1.000000,1.000000,0.999997,0,0,0,0
1081,15,285,793,1.000000,1.000000,1.000000,0.999997,1,0,0,0
1082,13,285,794,1.000000,1.000000,1.000000,0.999997,0,0,0,0
1083,29,286,794,1.000000,1.000000,1.000000,0.999997,0,0,0,0
1084,27,286,795,1.000000,1.000000,1.000000,0.999997,0,0,0,0
1085,25,286,796,1.000000,1.000000,1.000000,0.999997,0,0,0,0
1086,23,286,797,1.000000,1.000000,1.000000,0.999997,1,0,0,0
1087,21,286,798,1.000000,1.000000,1.000000,0.999997,0,1,0,0
1088,29,287,798,1.000000,1.000000,1.000000,0.999997,0,1,0,0
1089,27,287,799,1.000000,1.000000,1.000000,0.999997,0,0,0,0
1090,29,288,799,1.000000,1.000000,1.000000,0.999997,0,0,0,0
1091,27,288,800,1.000000,1.000000,1.000000,0.999997,0,0,0,0
1092,25,288,801,1.000000,1.000000,1.000000,0.999997,0,0,0,0
1093,23,288,802,1.000000,1.000000,1.000000,0.999997,0,0,0,1
1094,21,288,803,1.000000,1.000000,1.000000,0.999997,0,0,0,0
1095,29,289,803,1.000000,1.000000,1.000000,0.999997,0,0,0,0
1096,27,289,804,1.000000,1.000000,1.000000,0.999997,0,0,0,0
1097,25,289,805,1.000000,1.000000,1.000000,0.999997,0,0,0,0
1098,23,289,806,1.000000,1.000000,1.000000,0.999997,0,0,0,0
1099,21,289,807,1.000000,1.000000,1.000000,0.999998,0,1,0,1
1100,19,289,808,1.000000,1.000000,1.000000,0.999998,0,0,1,0
1101,29,290,808,1.000000,1.000000,1.000000,0.999998,0,0,1,0
1102,27,290,809,1.000000,1.000000,1.000000,0.999998,0,0,0,0
1103,29,291,809,1.000000,1.000000,1.000000,0.999998,0,0,0,0
1104,27,291,810,1.000000,1.000000,1.000000,0.999998,0,0,0,0
1105,25,291,811,1.000000,1.000000,1.000000,0.999998,1,0,0,1
1106,23,291,812,1.000000,1.000000,1.000000,0.999998,0,0,0,0
1107,29,292,812,1.000000,1.000000,1.000000,0.999998,0,0,0,0
1108,27,292,813,1.000000,1.000000,1.000000,0.999998,0,0,0,0
1109,25,292,814,1.000000,1.000000,1.000000,0.999998,0,0,0,0
1110,23,292,815,1.000000,1.000000,1.000000,0.999998,0,0,0,0
1111,21,292,816,1.000000,1.000000,1.000000,0.999998,0,0,0,0
1112,19,292,817,1.000000,1.000000,1.000000,0.999998,1,1,0,0
1113,17,292,818,1.000000,1.000000,1.000000,0.999998,0,0,0,0
1114,29,293,818,1.000000,1.000000,1.000000,0.999998,0,0,0,0
1115,27,293,819,1.000000,1.000000,1.000000,0.999998,0,0,1,0
1116,25,293,820,1.000000,1.000000,1.000000,0.999998,0,0,0,0
1117,29,294,820,1.000000,1.000000,1.000000,0.999998,0,0,0,0
1118,27,294,821,1.000000,1.000000,1.000000,0.999998,0,0,0,0
1119,25,294,822,1.000000,1.000000,1.000000,0.999998,0,0,0,0
1120,23,294,823,1.000000,1.000000,1.000000,0.999998,0,0,1,0
1121,21,294,824,1.000000,1.000000,1.000000,0.999998,0,0,1,0
1122,29,295,824,1.000000,1.000000,1.000000,0.999998,0,0,1,0
1123,27,295,825,1.000000,1.000000,1.000000,0.999998,0,0,0,0
1124,29,296,825,1.000000,1.000000,1.000000,0.999998,0,0,0,0
1125,27,296,826,1.000000,1.000000,1.000000,0.999998,0,0,0,0
1126,25,296,827,1.000000,1.000000,1.000000,0.999998,0,0,0,0
1127,23,296,828,1.000000,1.000000,1.000000,0.999998,0,0,1,0
1128,21,296,829,1.000000,1.000000,1.000000,0.999998,0,1,0,0
1129,29,297,829,1.000000,1.000000,1.000000,0.999998,0,1,0,0
1130,27,297,830,1.000000,1.000000,1.000000,0.999998,0,0,1,0
1131,29,298,830,1.000000,1.000000,1.000000,0.999998,0,0,1,0
1132,27,298,831,1.000000,1.000000,1.000000,0.999998,0,0,0,0
1133,29,299,831,1.000000,1.000000,1.000000,0.999998,0,0,0,0
1134,27,299,832,1.000000,1.000000,1.000000,0.999998,0,1,0,0
1135,25,299,833,1.000000,1.000000,1.000000,0.999998,1,0,1,0
1136,29,300,833,1.000000,1.000000,1.000000,0.999998,1,0,1,0
1137,27,300,834,1.000000,1.000000,1.000000,0.999998,0,0,0,0
1138,29,301,834,1.000000,1.000000,1.000000,0.999998,0,0,0,0
1139,27,301,835,1.000000,1.000000,1.000000,0.999998,0,0,1,0
1140,25,301,836,1.000000,1.000000,1.000000,0.999998,0,1,0,0
1141,29,302,836,1.000000,1.000000,1.000000,0.999998,0,1,0,0
1142,27,302,837,1.000000,1.000000,1.000000,0.999998,0,0,0,0
1143,29,303,837,1.000000,1.000000,1.000000,0.999998,0,0,0,0
1144,27,303,838,1.000000,1.000000,1.000000,0.999998,0,0,0,0
1145,25,303,839,1.000000,1.000000,1.000000,0.999998,0,0,0,0
1146,23,303,840,1.000000,1.000000,1.000000,0.999998,0,0,0,0
1147,21,303,841,1.000000,1.000000,1.000000,0.999998,0,0,0,0
1148,19,303,842,1.000000,1.000000,1.000000,0.999998,0,0,0,0
1149,17,303,843,1.000000,1.000000,1.000000,0.999998,0,0,0,0
1150,15,303,844,1.000000,1.000000,1.000000,0.999998,1,0,0,0
1151,13,303,845,1.000000,1.000000,1.000000,0.999998,0,0,0,0
1152,29,304,845,1.000000,1.000000,1.000000,0.999998,1,0,0,0
1153,27,304,846,1.000000,1.000000,1.000000,0.999998,0,0,0,0
1154,29,305,846,1.000000,1.000000,1.000000,0.999998,0,0,0,0
1155,27,305,847,1.000000,1.000000,1.000000,0.999998,0,0,0,1
1156,25,305,848,1.000000,1.000000,1.000000,0.999998,0,0,0,1
1157,23,305,849,1.000000,1.000000,1.000000,0.999998,1,0,0,0
1158,21,305,850,1.000000,1.000000,1.000000,0.999998,0,0,1,1
1159,29,306,850,1.000000,1.000000,1.000000,0.999999,0,0,1,1
1160,27,306,851,1.000000,1.000000,1.000000,0.999999,0,0,0,0
1161,29,307,851,1.000000,1.000000,1.000000,0.999999,0,0,0,0
1162,27,307,852,1.000000,1.000000,1.000000,0.999999,1,0,0,0
1163,25,307,853,1.000000,1.000000,1.000000,0.999999,0,0,0,0
1164,29,308,853,1.000000,1.000000,1.000000,0.999999,0,0,0,0
1165,27,308,854,1.000000,1.000000,1.000000,0.999999,0,0,0,0
1166,25,308,855,1.000000,1.000000,1.000000,0.999999,1,0,0,0
1167,23,308,856,1.000000,1.000000,1.000000,0.999999,0,0,0,0
1168,29,309,856,1.000000,1.000000,1.000000,0.999999,0,0,0,0
1169,27,309,857,1.000000,1.000000,1.000000,0.999999,0,0,0,0
1170,25,309,858,1.000000,1.000000,1.000000,0.999999,0,0,0,0
1171,23,309,859,1.000000,1.000000,1.000000,0.999999,0,0,0,0
1172,21,309,860,1.000000,1.000000,1.000000,0.999999,0,0,0,0
1173,19,309,861,1.000000,1.000000,1.000000,0.999999,1,0,0,0
1174,17,309,862,1.000000,1.000000,1.000000,0.999999,0,0,0,0
1175,29,310,862,1.000000,1.000000,1.000000,0.999999,0,0,1,0
1176,27,310,863,1.000000,1.000000,1.000000,0.999999,0,0,0,0
1177,29,311,863,1.000000,1.000000,1.000000,0.999999,0,0,0,0
1178,27,311,864,1.000000,1.000000,1.000000,0.999999,0,1,0,0
1179,25,311,865,1.000000,1.000000,1.000000,0.999999,1,0,1,0
1180,29,312,865,1.000000,1.000000,1.000000,0.999999,1,0,1,0
1181,27,312,866,1.000000,1.000000,1.000000,0.999999,0,0,0,0
1182,29,313,866,1.000000,1.000000,1.000000,0.999999,0,0,0,0
1183,27,313,867,1.000000,1.000000,1.000000,0.999999,0,0,0,0
1184,25,313,868,1.000000,1.000000,1.000000,0.999999,0,0,0,0
1185,23,313,869,1.000000,1.000000,1.000000,0.999999,0,0,0,0
1186,21,313,870,1.000000,1.000000,1.000000,0.999999,0,0,0,0
1187,19,313,871,1.000000,1.000000,1.000000,0.999999,0,0,0,0
1188,17,313,872,1.000000,1.000000,1.000000,0.999999,0,0,0,0
1189,15,313,873,1.000000,1.000000,1.000000,0.999999,0,0,0,1
1190,13,313,874,1.000000,1.000000,1.000000,0.999999,0,0,0,0
1191,11,313,875,1.000000,1.000000,1.000000,0.999999,0,0,0,0
1192,9,313,876,1.000000,1.000000,1.000000,0.999999,0,0,0,0
1193,7,313,877,1.000000,1.000000,1.000000,0.999999,0,0,0,0
1194,5,313,878,1.000000,1.000000,1.000000,0.999999,0,0,1,0
1195,3,313,879,1.000000,1.000000,1.000000,0.999999,0,0,1,0
1196,29,314,879,1.000000,1.000000,1.000000,0.999999,1,0,1,0
1197,27,314,880,1.000000,1.000000,1.000000,0.999999,0,0,0,0
1198,29,315,880,1.000000,1.000000,1.000000,0.999999,0,0,0,0
1199,27,315,881,1.000000,1.000000,1.000000,0.999999,0,0,0,1
1200,25,315,882,1.000000,1.000000,1.000000,0.999999,0,0,0,0
1201,23,315,883,1.000000,1.000000,1.000000,0.999999,0,0,0,0
1202,21,315,884,1.000000,1.000000,1.000000,0.999999,0,0,0,0
1203,19,315,885,1.000000,1.000000,1.000000,0.999999,0,0,0,0
1204,17,315,886,1.000000,1.000000,1.000000,0.999999,0,0,0,0
1205,15,315,887,1.000000,1.000000,1.000000,0.999999,0,0,0,1
1206,13,315,888,1.000000,1.000000,1.000000,0.999999,0,0,0,0
1207,29,316,888,1.000000,1.000000,1.000000,0.999999,0,0,0,0
1208,27,316,889,1.000000,1.000000,1.000000,0.999999,0,0,0,0
1209,25,316,890,1.000000,1.000000,1.000000,0.999999,0,0,0,0
1210,23,316,891,1.000000,1.000000,1.000000,0.999999,0,0,0,0
1211,21,316,892,1.000000,1.000000,1.000000,0.999999,1,0,0,0
1212,19,316,893,1.000000,1.000000,1.000000,0.999999,0,0,0,0
1213,17,316,894,1.000000,1.000000,1.000000,0.999999,1,0,0,0
1214,15,316,895,1.000000,1.000000,1.000000,0.999999,0,0,0,0
1215,29,317,895,1.000000,1.000000,1.000000,0.999999,0,0,0,0
1216,27,317,896,1.000000,1.000000,1.000000,0.999999,1,0,0,0
1217,25,317,897,1.000000,1.000000,1.000000,0.999999,1,0,0,0
1218,29,318,897,1.000000,1.000000,1.000000,0.999999,1,0,0,0
1219,27,318,898,1.000000,1.000000,1.000000,0.999999,1,0,0,0
1220,25,318,899,1.000000,1.000000,1.000000,0.999999,1,0,1,1
1221,29,319,899,1.000000,1.000000,1.000000,0.999999,1,0,1,1
1222,27,319,900,1.000000,1.000000,1.000000,0.999999,0,0,0,0
1223,29,320,900,1.000000,1.000000,1.000000,0.999999,0,0,0,0
1224,27,320,901,1.000000,1.000000,1.000000,0.999999,0,0,0,0
1225,25,320,902,1.000000,1.000000,1.000000,0.999999,0,0,0,1
1226,23,320,903,1.000000,1.000000,1.000000,0.999999,0,0,0,0
1227,29,321,903,1.000000,1.000000,1.000000,0.999999,0,0,0,0
1228,27,321,904,1.000000,1.000000,1.000000,0.999999,0,0,0,1
1229,25,321,905,1.000000,1.000000,1.000000,0.999999,0,0,0,0
1230,29,322,905,1.000000,1.000000,1.000000,0.999999,0,0,0,0
1231,27,322,906,1.000000,1.000000,1.000000,0.999999,0,0,0,0
1232,25,322,907,1.000000,1.000000,1.000000,0.999999,0,0,0,0
1233,23,322,908,1.000000,1.000000,1.000000,0.999999,0,0,0,0
1234,21,322,909,1.000000,1.000000,1.000000,0.999999,0,0,0,0
1235,19,322,910,1.000000,1.000000,1.000000,0.999999,0,0,0,0
1236,17,322,911,1.000000,1.000000,1.000000,0.999999,0,0,1,0
1237,15,322,912,1.000000,1.000000,1.000000,0.999999,0,1,0,0
1238,29,323,912,1.000000,1.000000,1.000000,0.999999,0,1,0,0
1239,27,323,913,1.000000,1.000000,1.000000,0.999999,1,0,1,0
1240,29,324,913,1.000000,1.000000,1.000000,0.999999,1,0,1,0
1241,27,324,914,1.000000,1.000000,1.000000,0.999999,0,0,0,0
1242,29,325,914,1.000000,1.000000,1.000000,0.999999,0,0,0,0
1243,27,325,915,1.000000,1.000000,1.000000,0.999999,0,0,0,0
1244,25,325,916,1.000000,1.000000,1.000000,0.999999,0,0,0,0
1245,23,325,917,1.000000,1.000000,1.000000,0.999999,0,0,0,0
1246,21,325,918,1.000000,1.000000,1.000000,0.999999,0,1,1,0
1247,19,325,919,1.000000,1.000000,1.000000,0.999999,0,0,1,0
1248,17,325,920,1.000000,1.000000,1.000000,0.999999,1,0,0,0
1249,29,326,920,1.000000,1.000000,1.000000,0.999999,1,0,0,0
1250,27,326,921,1.000000,1.000000,1.000000,0.999999,0,0,0,0
1251,29,327,921,1.000000,1.000000,1.000000,0.999999,0,0,0,0
1252,27,327,922,1.000000,1.000000,1.000000,0.999999,1,0,0,0
1253,25,327,923,1.000000,1.000000,1.000000,0.999999,0,0,0,0
1254,29,328,923,1.000000,1.000000,1.000000,0.999999,0,0,0,0
1255,27,328,924,1.000000,1.000000,1.000000,0.999999,0,0,0,0
1256,25,328,925,1.000000,1.000000,1.000000,0.999999,0,0,0,0
1257,23,328,926,1.000000,1.000000,1.000000,0.999999,1,1,0,0
1258,21,328,927,1.000000,1.000000,1.000000,0.999999,0,1,0,0
1259,29,329,927,1.000000,1.000000,1.000000,0.999999,0,1,0,0
1260,27,329,928,1.000000,1.000000,1.000000,0.999999,1,1,1,0
1261,29,330,928,1.000000,1.000000,1.000000,0.999999,1,1,1,0
1262,27,330,929,1.000000,1.000000,1.000000,0.999999,0,0,0,0
1263,29,331,929,1.000000,1.000000,1.000000,0.999999,0,0,0,0
1264,27,331,930,1.000000,1.000000,1.000000,0.999999,0,0,1,1
1265,25,331,931,1.000000,1.000000,1.000000,0.999999,0,0,1,0
1266,29,332,931,1.000000,1.000000,1.000000,0.999999,0,0,1,0
1267,27,332,932,1.000000,1.000000,1.000000,0.999999,0,1,0,0
1268,29,333,932,1.000000,1.000000,1.000000,0.999999,0,1,0,0
1269,27,333,933,1.000000,1.000000,1.000000,0.999999,0,0,1,0
1270,29,334,933,1.000000,1.000000,1.000000,0.999999,0,0,1,0
1271,27,334,934,1.000000,1.000000,1.000000,0.999999,0,0,1,0
1272,29,335,934,1.000000,1.000000,1.000000,0.999999,0,0,1,0
1273,27,335,935,1.000000,1.000000,1.000000,1.000000,0,0,0,1
1274,29,336,935,1.000000,1.000000,1.000000,1.000000,0,0,0,1
1275,27,336,936,1.000000,1.000000,1.000000,1.000000,0,0,1,1
1276,29,337,936,1.000000,1.000000,1.000000,1.000000,0,0,1,1
1277,27,337,937,1.000000,1.000000,1.000000,1.000000,0,0,0,0
1278,29,338,937,1.000000,1.000000,1.000000,1.000000,0,0,0,0
1279,27,338,938,1.000000,1.000000,1.000000,1.000000,0,0,1,0
1280,25,338,939,1.000000,1.000000,1.000000,1.000000,0,1,0,0
1281,23,338,940,1.000000,1.000000,1.000000,1.000000,0,0,0,1
1282,29,339,940,1.000000,1.000000,1.000000,1.000000,0,0,0,1
1283,27,339,941,1.000000,1.000000,1.000000,1.000000,0,0,0,0
1284,29,340,941,1.000000,1.000000,1.000000,1.000000,0,0,0,0
1285,27,340,942,1.000000,1.000000,1.000000,1.000000,0,0,0,0
1286,25,340,943,1.000000,1.000000,1.000000,1.000000,0,0,0,0
1287,23,340,944,1.000000,1.000000,1.000000,1.000000,0,0,1,0
1288,21,340,945,1.000000,1.000000,1.000000,1.000000,0,0,0,0
1289,19,340,946,1.000000,1.000000,1.000000,1.000000,0,0,0,0
1290,17,340,947,1.000000,1.000000,1.000000,1.000000,0,0,0,0
1291,15,340,948,1.000000,1.000000,1.000000,1.000000,0,0,0,0
1292,13,340,949,1.000000,1.000000,1.000000,1.000000,0,0,0,0
1293,11,340,950,1.000000,1.000000,1.000000,1.000000,0,0,0,0
1294,9,340,951,1.000000,1.000000,1.000000,1.000000,0,0,0,0
1295,7,340,952,1.000000,1.000000,1.000000,1.000000,0,0,0,0
1296,5,340,953,1.000000,1.000000,1.000000,1.000000,0,0,0,1
1297,3,340,954,1.000000,1.000000,1.000000,1.000000,0,0,0,0
1298,29,341,954,1.000000,1.000000,1.000000,1.000000,0,0,0,1
1299,27,341,955,1.000000,1.000000,1.000000,1.000000,0,0,0,0
1300,29,342,955,1.000000,1.000000,1.000000,1.000000,0,0,0,0
1301,27,342,956,1.000000,1.000000,1.000000,1.000000,1,0,0,0
1302,25,342,957,1.000000,1.000000,1.000000,1.000000,1,0,0,0
1303,29,343,957,1.000000,1.000000,1.000000,1.000000,1,0,0,0
1304,27,343,958,1.000000,1.000000,1.000000,1.000000,0,1,0,1
1305,29,344,958,1.000000,1.000000,1.000000,1.000000,0,1,0,1
1306,27,344,959,1.000000,1.000000,1.000000,1.000000,0,0,0,0
1307,29,345,959,1.000000,1.000000,1.000000,1.000000,0,0,0,0
1308,27,345,960,1.000000,1.000000,1.000000,1.000000,0,0,0,1
1309,25,345,961,1.000000,1.000000,1.000000,1.000000,0,0,0,1
1310,29,346,961,1.000000,1.000000,1.000000,1.000000,0,0,0,1
1311,27,346,962,1.000000,1.000000,1.000000,1.000000,0,0,0,0
1312,25,346,963,1.000000,1.000000,1.000000,1.000000,0,0,0,1
1313,23,346,964,1.000000,1.000000,1.000000,1.000000,0,0,0,0
1314,29,347,964,1.000000,1.000000,1.000000,1.000000,0,0,0,0
1315,27,347,965,1.000000,1.000000,1.000000,1.000000,0,0,0,0
1316,25,347,966,1.000000,1.000000,1.000000,1.000000,0,1,0,0
1317,23,347,967,1.000000,1.000000,1.000000,1.000000,0,1,0,0
1318,29,348,967,1.000000,1.000000,1.000000,1.000000,0,1,0,0
1319,27,348,968,1.000000,1.000000,1.000000,1.000000,1,0,0,0
1320,25,348,969,1.000000,1.000000,1.000000,1.000000,1,0,0,0
1321,29,349,969,1.000000,1.000000,1.000000,1.000000,1,0,0,0
1322,27,349,970,1.000000,1.000000,1.000000,1.000000,0,1,0,1
1323,25,349,971,1.000000,1.000000,1.000000,1.000000,1,0,0,1
1324,29,350,971,1.000000,1.000000,1.000000,1.000000,1,0,0,1
1325,27,350,972,1.000000,1.000000,1.000000,1.000000,0,0,0,1
1326,29,351,972,1.000000,1.000000,1.000000,1.000000,0,0,0,1
1327,27,351,973,1.000000,1.000000,1.000000,1.000000,0,0,0,0
1328,29,352,973,1.000000,1.000000,1.000000,1.000000,0,0,0,0
1329,27,352,974,1.000000,1.000000,1.000000,1.000000,0,0,1,0
1330,25,352,975,1.000000,1.000000,1.000000,1.000000,0,0,0,1
1331,29,353,975,1.000000,1.000000,1.000000,1.000000,0,0,0,1
1332,27,353,976,1.000000,1.000000,1.000000,1.000000,0,0,0,0
1333,25,353,977,1.000000,1.000000,1.000000,1.000000,1,0,1,0
1334,23,353,978,1.000000,1.000000,1.000000,1.000000,0,0,0,0
1335,29,354,978,1.000000,1.000000,1.000000,1.000000,0,0,0,0
1336,27,354,979,1.000000,1.000000,1.000000,1.000000,0,0,0,0
1337,25,354,980,1.000000,1.000000,1.000000,1.000000,0,0,0,0
1338,23,354,981,1.000000,1.000000,1.000000,1.000000,0,0,0,0
1339,21,354,982,1.000000,1.000000,1.000000,1.000000,0,0,0,0
1340,19,354,983,1.000000,1.000000,1.000000,1.000000,0,0,0,0
1341,17,354,984,1.000000,1.000000,1.000000,1.000000,0,1,0,0
1342,15,354,985,1.000000,1.000000,1.000000,1.000000,0,1,0,0
1343,29,355,985,1.000000,1.000000,1.000000,1.000000,0,1,0,0
1344,27,355,986,1.000000,1.000000,1.000000,1.000000,0,0,0,0
1345,29,356,986,1.000000,1.000000,1.000000,1.000000,0,0,0,0
1346,27,356,987,1.000000,1.000000,1.000000,1.000000,0,0,0,0
1347,25,356,988,1.000000,1.000000,1.000000,1.000000,0,0,0,0
1348,23,356,989,1.000000,1.000000,1.000000,1.000000,0,0,0,0
1349,21,356,990,1.000000,1.000000,1.000000,1.000000,0,0,0,0
1350,19,356,991,1.000000,1.000000,1.000000,1.000000,0,0,0,0
1351,17,356,992,1.000000,1.000000,1.000000,1.000000,0,0,0,0
1352,15,356,993,1.000000,1.000000,1.000000,1.000000,0,0,0,0
1353,13,356,994,1.000000,1.000000,1.000000,1.000000,0,0,0,0
1354,11,356,995,1.000000,1.000000,1.000000,1.000000,0,0,0,0
1355,9,356,996,1.000000,1.000000,1.000000,1.000000,1,0,0,0
1356,7,356,997,1.000000,1.000000,1.000000,1.000000,1,0,0,0
1357,29,357,997,1.000000,1.000000,1.000000,1.000000,1,0,0,0
1358,27,357,998,1.000000,1.000000,1.000000,1.000000,0,1,0,1
1359,29,358,998,1.000000,1.000000,1.000000,1.000000,0,1,0,1
1360,27,358,999,1.000000,1.000000,1.000000,1.000000,1,0,0,0
1361,29,359,999,1.000000,1.000000,1.000000,1.000000,1,0,0,0
1362,27,359,1000,1.000000,1.000000,1.000000,1.000000,1,0,0,0
1363,29,360,1000,1.000000,1.000000,1.000000,1.000000,1,0,0,0
1364,27,360,1001,1.000000,1.000000,1.000000,1.000000,0,0,0,1
1365,29,361,1001,1.000000,1.000000,1.000000,1.000000,0,0,0,1
1366,27,361,1002,1.000000,1.000000,1.000000,1.000000,1,0,0,0
1367,29,362,1002,1.000000,1.000000,1.000000,1.000000,1,0,0,0
1368,27,362,1003,1.000000,1.000000,1.000000,1.000000,1,0,0,0
1369,29,363,1003,1.000000,1.000000,1.000000,1.000000,1,0,0,0
1370,27,363,1004,1.000000,1.000000,1.000000,1.000000,1,1,0,1
1371,29,364,1004,1.000000,1.000000,1.000000,1.000000,1,1,0,1
1372,27,364,1005,1.000000,1.000000,1.000000,1.000000,0,0,0,0
1373,25,364,1006,1.000000,1.000000,1.000000,1.000000,0,0,1,0
1374,23,364,1007,1.000000,1.000000,1.000000,1.000000,0,0,0,0
1375,29,365,1007,1.000000,1.000000,1.000000,1.000000,0,0,0,0
1376,27,365,1008,1.000000,1.000000,1.000000,1.000000,0,0,1,0
1377,25,365,1009,1.000000,1.000000,1.000000,1.000000,0,0,0,0
1378,29,366,1009,1.000000,1.000000,1.000000,1.000000,0,0,0,0
1379,27,366,1010,1.000000,1.000000,1.000000,1.000000,0,0,0,0
1380,25,366,1011,1.000000,1.000000,1.000000,1.000000,0,0,0,0
1381,23,366,1012,1.000000,1.000000,1.000000,1.000000,0,0,0,0
1382,21,366,1013,1.000000,1.000000,1.000000,1.000000,0,0,0,0
1383,19,366,1014,1.000000,1.000000,1.000000,1.000000,0,0,1,1
1384,17,366,1015,1.000000,1.000000,1.000000,1.000000,0,0,1,0
1385,29,367,1015,1.000000,1.000000,1.000000,1.000000,1,0,1,0
1386,27,367,1016,1.000000,1.000000,1.000000,1.000000,0,1,0,0
1387,29,368,1016,1.000000,1.000000,1.000000,1.000000,0,1,0,0
1388,27,368,1017,1.000000,1.000000,1.000000,1.000000,0,0,1,0
1389,29,369,1017,1.000000,1.000000,1.000000,1.000000,0,0,1,0
1390,27,369,1018,1.000000,1.000000,1.000000,1.000000,0,0,1,0
1391,25,369,1019,1.000000,1.000000,1.000000,1.000000,1,0,0,1
1392,29,370,1019,1.000000,1.000000,1.000000,1.000000,1,0,0,1
1393,27,370,1020,1.000000,1.000000,1.000000,1.000000,0,0,1,1
1394,29,371,1020,1.000000,1.000000,1.000000,1.000000,0,0,1,1
1395,27,371,1021,1.000000,1.000000,1.000000,1.000000,0,0,0,0
1396,29,372,1021,1.000000,1.000000,1.000000,1.000000,0,0,0,0
1397,27,372,1022,1.000000,1.000000,1.000000,1.000000,0,0,1,0
1398,25,372,1023,1.000000,1.000000,1.000000,1.000000,0,0,0,1
1399,29,373,1023,1.000000,1.000000,1.000000,1.000000,0,0,0,1
1400,27,373,1024,1.000000,1.000000,1.000000,1.000000,0,0,0,0
1401,29,374,1024,1.000000,1.000000,1.000000,1.000000,0,0,0,0
1402,27,374,1025,1.000000,1.000000,1.000000,1.000000,0,0,0,0
1403,25,374,1026,1.000000,1.000000,1.000000,1.000000,0,1,0,0
1404,23,374,1027,1.000000,1.000000,1.000000,1.000000,0,0,0,0
1405,29,375,1027,1.000000,1.000000,1.000000,1.000000,0,0,0,0
1406,27,375,1028,1.000000,1.000000,1.000000,1.000000,0,1,0,0
1407,25,375,1029,1.000000,1.000000,1.000000,1.000000,1,0,0,0
1408,29,376,1029,1.000000,1.000000,1.000000,1.000000,1,0,0,1
1409,27,376,1030,1.000000,1.000000,1.000000,1.000000,0,0,0,0
1410,29,377,1030,1.000000,1.000000,1.000000,1.000000,0,0,0,1
1411,27,377,1031,1.000000,1.000000,1.000000,1.000000,0,0,0,0
1412,29,378,1031,1.000000,1.000000,1.000000,1.000000,0,0,0,0
1413,27,378,1032,1.000000,1.000000,1.000000,1.000000,0,0,0,0
1414,25,378,1033,1.000000,1.000000,1.000000,1.000000,0,1,0,0
1415,23,378,1034,1.000000,1.000000,1.000000,1.000000,1,1,0,0
1416,29,379,1034,1.000000,1.000000,1.000000,1.000000,1,1,0,0
1417,27,379,1035,1.000000,1.000000,1.000000,1.000000,1,0,0,0
1418,29,380,1035,1.000000,1.000000,1.000000,1.000000,1,0,0,0
1419,27,380,1036,1.000000,1.000000,1.000000,1.000000,1,1,0,1
1420,29,381,1036,1.000000,1.000000,1.000000,1.000000,1,1,0,1
1421,27,381,1037,1.000000,1.000000,1.000000,1.000000,0,0,0,0
1422,29,382,1037,1.000000,1.000000,1.000000,1.000000,0,0,0,0
1423,27,382,1038,1.000000,1.000000,1.000000,1.000000,1,1,0,0
1424,25,382,1039,1.000000,1.000000,1.000000,1.000000,0,0,0,0
1425,29,383,1039,1.000000,1.000000,1.000000,1.000000,0,0,0,0
1426,27,383,1040,1.000000,1.000000,1.000000,1.000000,0,0,0,0
1427,25,383,1041,1.000000,1.000000,1.000000,1.000000,0,0,1,0
1428,23,383,1042,1.000000,1.000000,1.000000,1.000000,0,0,0,0
1429,29,384,1042,1.000000,1.000000,1.000000,1.000000,0,0,0,0
1430,27,384,1043,1.000000,1.000000,1.000000,1.000000,0,0,0,0
1431,25,384,1044,1.000000,1.000000,1.000000,1.000000,0,0,0,1
1432,23,384,1045,1.000000,1.000000,1.000000,1.000000,0,0,1,1
1433,29,385,1045,1.000000,1.000000,1.000000,1.000000,0,0,1,1
1434,27,385,1046,1.000000,1.000000,1.000000,1.000000,0,0,1,0
1435,29,386,1046,1.000000,1.000000,1.000000,1.000000,0,0,1,0
1436,27,386,1047,1.000000,1.000000,1.000000,1.000000,0,1,0,0
1437,25,386,1048,1.000000,1.000000,1.000000,1.000000,0,0,0,0
1438,29,387,1048,1.000000,1.000000,1.000000,1.000000,0,0,0,0
1439,27,387,1049,1.000000,1.000000,1.000000,1.000000,0,0,0,0
1440,25,387,1050,1.000000,1.000000,1.000000,1.000000,0,0,0,0
1441,23,387,1051,1.000000,1.000000,1.000000,1.000000,0,0,0,0
1442,21,387,1052,1.000000,1.000000,1.000000,1.000000,0,0,0,0
1443,19,387,1053,1.000000,1.000000,1.000000,1.000000,0,0,1,0
1444,17,387,1054,1.000000,1.000000,1.000000,1.000000,0,0,0,1
1445,29,388,1054,1.000000,1.000000,1.000000,1.000000,0,0,0,1
1446,27,388,1055,1.000000,1.000000,1.000000,1.000000,0,0,0,0
1447,29,389,1055,1.000000,1.000000,1.000000,1.000000,0,0,0,0
1448,27,389,1056,1.000000,1.000000,1.000000,1.000000,0,0,0,0
1449,25,389,1057,1.000000,1.000000,1.000000,1.000000,0,0,0,0
1450,23,389,1058,1.000000,1.000000,1.000000,1.000000,0,0,0,0
1451,21,389,1059,1.000000,1.000000,1.000000,1.000000,0,0,0,0
1452,19,389,1060,1.000000,1.000000,1.000000,1.000000,0,0,0,0
1453,17,389,1061,1.000000,1.000000,1.000000,1.000000,0,0,0,1
1454,15,389,1062,1.000000,1.000000,1.000000,1.000000,0,0,0,0
1455,29,390,1062,1.000000,1.000000,1.000000,1.000000,0,0,0,0
1456,27,390,1063,1.000000,1.000000,1.000000,1.000000,1,0,0,0
1457,25,390,1064,1.000000,1.000000,1.000000,1.000000,0,0,0,0
1458,23,390,1065,1.000000,1.000000,1.000000,1.000000,0,0,0,0
1459,21,390,1066,1.000000,1.000000,1.000000,1.000000,1,0,0,0
1460,19,390,1067,1.000000,1.000000,1.000000,1.000000,0,0,0,0
1461,17,390,1068,1.000000,1.000000,1.000000,1.000000,1,0,0,0
1462,15,390,1069,1.000000,1.000000,1.000000,1.000000,0,0,1,0
1463,13,390,1070,1.000000,1.000000,1.000000,1.000000,0,0,0,0
1464,29,391,1070,1.000000,1.000000,1.000000,1.000000,0,0,0,0
1465,27,391,1071,1.000000,1.000000,1.000000,1.000000,0,0,0,0
1466,25,391,1072,1.000000,1.000000,1.000000,1.000000,0,0,0,0
1467,23,391,1073,1.000000,1.000000,1.000000,1.000000,0,0,0,0
1468,21,391,1074,1.000000,1.000000,1.000000,1.000000,0,0,0,0
1469,19,391,1075,1.000000,1.000000,1.000000,1.000000,0,0,0,0
1470,17,391,1076,1.000000,1.000000,1.000000,1.000000,0,0,0,0
1471,15,391,1077,1.000000,1.000000,1.000000,1.000000,0,0,1,1
1472,13,391,1078,1.000000,1.000000,1.000000,1.000000,0,0,1,0
1473,29,392,1078,1.000000,1.000000,1.000000,1.000000,0,0,1,0
1474,27,392,1079,1.000000,1.000000,1.000000,1.000000,0,0,0,0
1475,29,393,1079,1.000000,1.000000,1.000000,1.000000,0,0,0,0
1476,27,393,1080,1.000000,1.000000,1.000000,1.000000,0,0,0,0
1477,25,393,1081,1.000000,1.000000,1.000000,1.000000,0,0,0,0
1478,23,393,1082,1.000000,1.000000,1.000000,1.000000,0,0,0,0
1479,29,394,1082,1.000000,1.000000,1.000000,1.000000,0,0,0,0
1480,27,394,1083,1.000000,1.000000,1.000000,1.000000,0,0,0,0
1481,25,394,1084,1.000000,1.000000,1.000000,1.000000,0,0,0,0
1482,23,394,1085,1.000000,1.000000,1.000000,1.000000,0,0,0,0
1483,21,394,1086,1.000000,1.000000,1.000000,1.000000,0,0,0,0
1484,19,394,1087,1.000000,1.000000,1.000000,1.000000,0,0,1,0
1485,17,394,1088,1.000000,1.000000,1.000000,1.000000,0,0,0,0
1486,29,395,1088,1.000000,1.000000,1.000000,1.000000,0,0,0,0
1487,27,395,1089,1.000000,1.000000,1.000000,1.000000,0,0,0,0
1488,25,395,1090,1.000000,1.000000,1.000000,1.000000,0,0,0,0
1489,23,395,1091,1.000000,1.000000,1.000000,1.000000,0,0,0,0
1490,21,395,1092,1.000000,1.000000,1.000000,1.000000,0,0,0,0
1491,19,395,1093,1.000000,1.000000,1.000000,1.000000,0,0,0,0
1492,17,395,1094,1.000000,1.000000,1.000000,1.000000,0,0,0,0
1493,15,395,1095,1.000000,1.000000,1.000000,1.000000,0,0,0,0
1494,13,395,1096,1.000000,1.000000,1.000000,1.000000,0,0,0,0
1495,11,395,1097,1.000000,1.000000,1.000000,1.000000,0,0,1,0
1496,9,395,1098,1.000000,1.000000,1.000000,1.000000,0,1,0,0
1497,29,396,1098,1.000000,1.000000,1.000000,1.000000,0,1,0,0
1498,27,396,1099,1.000000,1.000000,1.000000,1.000000,0,0,0,0
1499,29,397,1099,1.000000,1.000000,1.000000,1.000000,0,0,0,0
1500,27,397,1100,1.000000,1.000000,1.000000,1.000000,0,0,0,0
1501,25,397,1101,1.000000,1.000000,1.000000,1.000000,0,1,1,0
1502,23,397,1102,1.000000,1.000000,1.000000,1.000000,0,0,0,0
1503,29,398,1102,1.000000,1.000000,1.000000,1.000000,0,0,0,0
1504,27,398,1103,1.000000,1.000000,1.000000,1.000000,0,0,0,0
1505,25,398,1104,1.000000,1.000000,1.000000,1.000000,0,0,0,1
1506,23,398,1105,1.000000,1.000000,1.000000,1.000000,0,0,0,1
1507,29,399,1105,1.000000,1.000000,1.000000,1.000000,0,0,0,1
1508,27,399,1106,1.000000,1.000000,1.000000,1.000000,0,0,0,0
1509,25,399,1107,1.000000,1.000000,1.000000,1.000000,0,0,0,0
1510,23,399,1108,1.000000,1.000000,1.000000,1.000000,0,0,0,0
1511,21,399,1109,1.000000,1.000000,1.000000,1.000000,0,1,0,0
1512,19,399,1110,1.000000,1.000000,1.000000,1.000000,1,0,1,0
1513,29,400,1110,1.000000,1.000000,1.000000,1.000000,1,0,1,0
1514,27,400,1111,1.000000,1.000000,1.000000,1.000000,0,0,0,0
1515,29,401,1111,1.000000,1.000000,1.000000,1.000000,0,0,0,0
1516,27,401,1112,1.000000,1.000000,1.000000,1.000000,1,0,0,0
1517,25,401,1113,1.000000,1.000000,1.000000,1.000000,0,0,0,0
1518,29,402,1113,1.000000,1.000000,1.000000,1.000000,0,0,0,0
1519,27,402,1114,1.000000,1.000000,1.000000,1.000000,0,0,0,0
1520,25,402,1115,1.000000,1.000000,1.000000,1.000000,0,0,0,0
1521,23,402,1116,1.000000,1.000000,1.000000,1.000000,0,0,1,0
1522,21,402,1117,1.000000,1.000000,1.000000,1.000000,0,0,0,0
1523,29,403,1117,1.000000,1.000000,1.000000,1.000000,0,0,0,0
1524,27,403,1118,1.000000,1.000000,1.000000,1.000000,0,0,1,0
1525,25,403,1119,1.000000,1.000000,1.000000,1.000000,0,0,0,0
1526,29,404,1119,1.000000,1.000000,1.000000,1.000000,0,0,0,0
1527,27,404,1120,1.000000,1.000000,1.000000,1.000000,0,0,0,0
1528,25,404,1121,1.000000,1.000000,1.000000,1.000000,0,0,0,0
1529,23,404,1122,1.000000,1.000000,1.000000,1.000000,0,0,0,0
1530,21,404,1123,1.000000,1.000000,1.000000,1.000000,0,0,0,0
1531,19,404,1124,1.000000,1.000000,1.000000,1.000000,0,0,0,0
1532,17,404,1125,1.000000,1.000000,1.000000,1.000000,0,0,0,0
1533,15,404,1126,1.000000,1.000000,1.000000,1.000000,0,0,0,1
1534,13,404,1127,1.000000,1.000000,1.000000,1.000000,0,0,1,0
1535,29,405,1127,1.000000,1.000000,1.000000,1.000000,0,0,1,0
1536,27,405,1128,1.000000,1.000000,1.000000,1.000000,0,0,0,0
1537,25,405,1129,1.000000,1.000000,1.000000,1.000000,0,0,0,0
1538,23,405,1130,1.000000,1.000000,1.000000,1.000000,0,0,0,0
1539,21,405,1131,1.000000,1.000000,1.000000,1.000000,1,0,0,1
1540,19,405,1132,1.000000,1.000000,1.000000,1.000000,0,0,0,0
1541,29,406,1132,1.000000,1.000000,1.000000,1.000000,0,0,0,0
1542,27,406,1133,1.000000,1.000000,1.000000,1.000000,0,0,0,0
1543,25,406,1134,1.000000,1.000000,1.000000,1.000000,0,0,0,0
1544,23,406,1135,1.000000,1.000000,1.000000,1.000000,0,0,1,0
1545,21,406,1136,1.000000,1.000000,1.000000,1.000000,0,0,0,0
1546,19,406,1137,1.000000,1.000000,1.000000,1.000000,0,0,0,1
1547,17,406,1138,1.000000,1.000000,1.000000,1.000000,0,0,0,0
1548,29,407,1138,1.000000,1.000000,1.000000,1.000000,0,0,0,0
1549,27,407,1139,1.000000,1.000000,1.000000,1.000000,0,0,0,0
1550,25,407,1140,1.000000,1.000000,1.000000,1.000000,0,0,0,0
1551,23,407,1141,1.000000,1.000000,1.000000,1.000000,0,0,0,0
1552,21,407,1142,1.000000,1.000000,1.000000,1.000000,0,0,0,0
1553,19,407,1143,1.000000,1.000000,1.000000,1.000000,0,0,0,0
1554,17,407,1144,1.000000,1.000000,1.000000,1.000000,0,0,0,0
1555,15,407,1145,1.000000,1.000000,1.000000,1.000000,0,0,0,1
1556,13,407,1146,1.000000,1.000000,1.000000,1.000000,0,0,0,0
1557,29,408,1146,1.000000,1.000000,1.000000,1.000000,0,0,0,0
1558,27,408,1147,1.000000,1.000000,1.000000,1.000000,0,0,0,0
1559,25,408,1148,1.000000,1.000000,1.000000,1.000000,0,0,1,0
1560,23,408,1149,1.000000,1.000000,1.000000,1.000000,0,0,1,0
1561,29,409,1149,1.000000,1.000000,1.000000,1.000000,0,0,1,0
1562,27,409,1150,1.000000,1.000000,1.000000,1.000000,0,0,1,0
1563,29,410,1150,1.000000,1.000000,1.000000,1.000000,0,0,1,0
1564,27,410,1151,1.000000,1.000000,1.000000,1.000000,0,0,0,0
1565,29,411,1151,1.000000,1.000000,1.000000,1.000000,0,0,0,0
1566,27,411,1152,1.000000,1.000000,1.000000,1.000000,0,0,0,0
1567,25,411,1153,1.000000,1.000000,1.000000,1.000000,0,0,0,0
1568,23,411,1154,1.000000,1.000000,1.000000,1.000000,0,0,0,0
1569,21,411,1155,1.000000,1.000000,1.000000,1.000000,0,0,0,1
1570,19,411,1156,1.000000,1.000000,1.000000,1.000000,0,0,0,0
1571,29,412,1156,1.000000,1.000000,1.000000,1.000000,0,0,0,0
1572,27,412,1157,1.000000,1.000000,1.000000,1.000000,0,0,0,1
1573,25,412,1158,1.000000,1.000000,1.000000,1.000000,0,0,0,0
1574,29,413,1158,1.000000,1.000000,1.000000,1.000000,0,0,0,0
1575,27,413,1159,1.000000,1.000000,1.000000,1.000000,0,0,0,0
1576,25,413,1160,1.000000,1.000000,1.000000,1.000000,0,0,0,0
1577,23,413,1161,1.000000,1.000000,1.000000,1.000000,0,0,0,0
1578,21,413,1162,1.000000,1.000000,1.000000,1.000000,0,0,1,1
1579,19,413,1163,1.000000,1.000000,1.000000,1.000000,0,0,0,1
1580,29,414,1163,1.000000,1.000000,1.000000,1.000000,0,0,0,1
1581,27,414,1164,1.000000,1.000000,1.000000,1.000000,1,0,0,0
1582,29,415,1164,1.000000,1.000000,1.000000,1.000000,1,0,0,0
1583,27,415,1165,1.000000,1.000000,1.000000,1.000000,1,0,0,0
1584,29,416,1165,1.000000,1.000000,1.000000,1.000000,1,0,0,0
1585,27,416,1166,1.000000,1.000000,1.000000,1.000000,0,0,0,0
1586,29,417,1166,1.000000,1.000000,1.000000,1.000000,0,0,0,0
1587,27,417,1167,1.000000,1.000000,1.000000,1.000000,0,0,0,1
1588,25,417,1168,1.000000,1.000000,1.000000,1.000000,0,0,1,1
1589,23,417,1169,1.000000,1.000000,1.000000,1.000000,1,0,0,0
1590,29,418,1169,1.000000,1.000000,1.000000,1.000000,1,0,0,0
1591,27,418,1170,1.000000,1.000000,1.000000,1.000000,0,0,0,1
1592,25,418,1171,1.000000,1.000000,1.000000,1.000000,0,1,0,0
1593,23,418,1172,1.000000,1.000000,1.000000,1.000000,0,0,0,1
1594,29,419,1172,1.000000,1.000000,1.000000,1.000000,0,0,0,1
1595,27,419,1173,1.000000,1.000000,1.000000,1.000000,0,0,0,0
1596,29,420,1173,1.000000,1.000000,1.000000,1.000000,0,0,0,0
1597,27,420,1174,1.000000,1.000000,1.000000,1.000000,0,0,0,0
1598,25,420,1175,1.000000,1.000000,1.000000,1.000000,0,0,0,0
1599,23,420,1176,1.000000,1.000000,1.000000,1.000000,0,0,0,0
1600,21,420,1177,1.000000,1.000000,1.000000,1.000000,0,0,0,0
1601,19,420,1178,1.000000,1.000000,1.000000,1.000000,0,0,0,0
1602,17,420,1179,1.000000,1.000000,1.000000,1.000000,0,0,1,1
1603,15,420,1180,1.000000,1.000000,1.000000,1.000000,0,0,0,0
1604,29,421,1180,1.000000,1.000000,1.000000,1.000000,0,0,0,0
1605,27,421,1181,1.000000,1.000000,1.000000,1.000000,1,0,0,0
1606,25,421,1182,1.000000,1.000000,1.000000,1.000000,0,0,0,1
1607,29,422,1182,1.000000,1.000000,1.000000,1.000000,0,0,0,1
1608,27,422,1183,1.000000,1.000000,1.000000,1.000000,0,0,0,0
1609,29,423,1183,1.000000,1.000000,1.000000,1.000000,0,0,0,0
1610,27,423,1184,1.000000,1.000000,1.000000,1.000000,0,0,0,0
1611,25,423,1185,1.000000,1.000000,1.000000,1.000000,0,0,0,1
1612,23,423,1186,1.000000,1.000000,1.000000,1.000000,0,0,0,0
1613,29,424,1186,1.000000,1.000000,1.000000,1.000000,0,0,0,0
1614,27,424,1187,1.000000,1.000000,1.000000,1.000000,0,0,0,0
1615,25,424,1188,1.000000,1.000000,1.000000,1.000000,0,0,0,0
1616,23,424,1189,1.000000,1.000000,1.000000,1.000000,0,0,0,0
1617,21,424,1190,1.000000,1.000000,1.000000,1.000000,0,0,0,0
1618,19,424,1191,1.000000,1.000000,1.000000,1.000000,0,0,0,1
1619,17,424,1192,1.000000,1.000000,1.000000,1.000000,1,0,0,1
1620,29,425,1192,1.000000,1.000000,1.000000,1.000000,1,0,0,1
1621,27,425,1193,1.000000,1.000000,1.000000,1.000000,0,0,0,1
1622,29,426,1193,1.000000,1.000000,1.000000,1.000000,0,0,0,1
1623,27,426,1194,1.000000,1.000000,1.000000,1.000000,0,0,1,0
1624,29,427,1194,1.000000,1.000000,1.000000,1.000000,0,0,1,0
1625,27,427,1195,1.000000,1.000000,1.000000,1.000000,0,0,0,0
1626,29,428,1195,1.000000,1.000000,1.000000,1.000000,0,0,0,0
1627,27,428,1196,1.000000,1.000000,1.000000,1.000000,0,0,0,0
1628,25,428,1197,1.000000,1.000000,1.000000,1.000000,0,0,0,0
1629,23,428,1198,1.000000,1.000000,1.000000,1.000000,0,0,0,0
1630,21,428,1199,1.000000,1.000000,1.000000,1.000000,1,0,0,0
1631,19,428,1200,1.000000,1.000000,1.000000,1.000000,1,0,0,0
1632,29,429,1200,1.000000,1.000000,1.000000,1.000000,1,0,0,0
1633,27,429,1201,1.000000,1.000000,1.000000,1.000000,0,0,0,0
1634,29,430,1201,1.000000,1.000000,1.000000,1.000000,0,0,0,0
1635,27,430,1202,1.000000,1.000000,1.000000,1.000000,0,1,0,0
1636,25,430,1203,1.000000,1.000000,1.000000,1.000000,1,0,0,0
1637,29,431,1203,1.000000,1.000000,1.000000,1.000000,1,0,0,0
1638,27,431,1204,1.000000,1.000000,1.000000,1.000000,0,0,0,0
1639,29,432,1204,1.000000,1.000000,1.000000,1.000000,0,0,0,0
1640,27,432,1205,1.000000,1.000000,1.000000,1.000000,0,0,0,0
1641,25,432,1206,1.000000,1.000000,1.000000,1.000000,0,0,0,0
1642,23,432,1207,1.000000,1.000000,1.000000,1.000000,0,0,0,0
1643,21,432,1208,1.000000,1.000000,1.000000,1.000000,0,0,1,0
1644,19,432,1209,1.000000,1.000000,1.000000,1.000000,0,0,1,1
1645,29,433,1209,1.000000,1.000000,1.000000,1.000000,0,0,1,1
1646,27,433,1210,1.000000,1.000000,1.000000,1.000000,0,0,0,1
1647,29,434,1210,1.000000,1.000000,1.000000,1.000000,0,0,0,1
1648,27,434,1211,1.000000,1.000000,1.000000,1.000000,1,0,0,0
1649,25,434,1212,1.000000,1.000000,1.000000,1.000000,0,0,1,0
1650,29,435,1212,1.000000,1.000000,1.000000,1.000000,0,0,1,0
1651,27,435,1213,1.000000,1.000000,1.000000,1.000000,0,0,0,0
1652,29,436,1213,1.000000,1.000000,1.000000,1.000000,0,0,0,0
1653,27,436,1214,1.000000,1.000000,1.000000,1.000000,0,0,0,0
1654,25,436,1215,1.000000,1.000000,1.000000,1.000000,0,0,0,0
1655,23,436,1216,1.000000,1.000000,1.000000,1.000000,0,1,0,0
1656,21,436,1217,1.000000,1.000000,1.000000,1.000000,0,1,0,0
1657,29,437,1217,1.000000,1.000000,1.000000,1.000000,0,1,0,0
1658,27,437,1218,1.000000,1.000000,1.000000,1.000000,0,0,0,0
1659,29,438,1218,1.000000,1.000000,1.000000,1.000000,0,0,0,0
1660,27,438,1219,1.000000,1.000000,1.000000,1.000000,0,0,0,0
1661,25,438,1220,1.000000,1.000000,1.000000,1.000000,0,0,0,0
1662,23,438,1221,1.000000,1.000000,1.000000,1.000000,0,0,0,0
1663,21,438,1222,1.000000,1.000000,1.000000,1.000000,0,1,0,0
1664,19,438,1223,1.000000,1.000000,1.000000,1.000000,0,1,0,0
1665,29,439,1223,1.000000,1.000000,1.000000,1.000000,0,1,0,0
1666,27,439,1224,1.000000,1.000000,1.000000,1.000000,0,0,1,0
1667,29,440,1224,1.000000,1.000000,1.000000,1.000000,0,0,1,0
1668,27,440,1225,1.000000,1.000000,1.000000,1.000000,0,0,0,0
1669,29,441,1225,1.000000,1.000000,1.000000,1.000000,0,0,0,0
1670,27,441,1226,1.000000,1.000000,1.000000,1.000000,0,0,0,0
1671,25,441,1227,1.000000,1.000000,1.000000,1.000000,0,1,0,0
1672,23,441,1228,1.000000,1.000000,1.000000,1.000000,0,0,1,0
1673,29,442,1228,1.000000,1.000000,1.000000,1.000000,0,0,1,0
1674,27,442,1229,1.000000,1.000000,1.000000,1.000000,0,0,1,0
1675,29,443,1229,1.000000,1.000000,1.000000,1.000000,0,0,1,0
1676,27,443,1230,1.000000,1.000000,1.000000,1.000000,0,1,0,0
1677,29,444,1230,1.000000,1.000000,1.000000,1.000000,0,1,0,0
1678,27,444,1231,1.000000,1.000000,1.000000,1.000000,0,0,0,0
1679,29,445,1231,1.000000,1.000000,1.000000,1.000000,0,0,0,0
1680,27,445,1232,1.000000,1.000000,1.000000,1.000000,0,0,0,0
1681,25,445,1233,1.000000,1.000000,1.000000,1.000000,0,1,1,0
1682,23,445,1234,1.000000,1.000000,1.000000,1.000000,0,0,1,0
1683,21,445,1235,1.000000,1.000000,1.000000,1.000000,1,0,1,1
1684,29,446,1235,1.000000,1.000000,1.000000,1.000000,1,0,1,1
1685,27,446,1236,1.000000,1.000000,1.000000,1.000000,0,0,1,0
1686,29,447,1236,1.000000,1.000000,1.000000,1.000000,0,0,1,0
1687,27,447,1237,1.000000,1.000000,1.000000,1.000000,0,0,0,0
1688,29,448,1237,1.000000,1.000000,1.000000,1.000000,0,0,0,0
1689,27,448,1238,1.000000,1.000000,1.000000,1.000000,0,0,0,0
1690,25,448,1239,1.000000,1.000000,1.000000,1.000000,0,0,0,0
1691,23,448,1240,1.000000,1.000000,1.000000,1.000000,0,0,0,0
1692,21,448,1241,1.000000,1.000000,1.000000,1.000000,0,0,0,0
1693,19,448,1242,1.000000,1.000000,1.000000,1.000000,0,0,0,0
1694,17,448,1243,1.000000,1.000000,1.000000,1.000000,0,0,1,0
1695,15,448,1244,1.000000,1.000000,1.000000,1.000000,0,0,0,0
1696,29,449,1244,1.000000,1.000000,1.000000,1.000000,0,0,0,0
1697,27,449,1245,1.000000,1.000000,1.000000,1.000000,0,1,0,0
1698,25,449,1246,1.000000,1.000000,1.000000,1.000000,0,1,0,0
1699,29,450,1246,1.000000,1.000000,1.000000,1.000000,0,1,0,0
1700,27,450,1247,1.000000,1.000000,1.000000,1.000000,0,0,0,0
1701,29,451,1247,1.000000,1.000000,1.000000,1.000000,0,0,0,0
1702,27,451,1248,1.000000,1.000000,1.000000,1.000000,0,1,0,0
1703,25,451,1249,1.000000,1.000000,1.000000,1.000000,0,0,0,0
1704,29,452,1249,1.000000,1.000000,1.000000,1.000000,0,0,0,0
1705,27,452,1250,1.000000,1.000000,1.000000,1.000000,0,0,0,0
1706,25,452,1251,1.000000,1.000000,1.000000,1.000000,0,0,0,0
1707,23,452,1252,1.000000,1.000000,1.000000,1.000000,1,1,0,0
1708,21,452,1253,1.000000,1.000000,1.000000,1.000000,0,0,0,0
1709,29,453,1253,1.000000,1.000000,1.000000,1.000000,0,0,0,0
1710,27,453,1254,1.000000,1.000000,1.000000,1.000000,0,1,1,0
1711,25,453,1255,1.000000,1.000000,1.000000,1.000000,0,0,0,0
1712,29,454,1255,1.000000,1.000000,1.000000,1.000000,0,0,0,0
1713,27,454,1256,1.000000,1.000000,1.000000,1.000000,0,0,0,0
1714,25,454,1257,1.000000,1.000000,1.000000,1.000000,0,0,0,0
1715,23,454,1258,1.000000,1.000000,1.000000,1.000000,0,0,0,0
1716,21,454,1259,1.000000,1.000000,1.000000,1.000000,0,0,0,0
1717,19,454,1260,1.000000,1.000000,1.000000,1.000000,0,0,0,1
1718,17,454,1261,1.000000,1.000000,1.000000,1.000000,0,0,0,1
1719,29,455,1261,1.000000,1.000000,1.000000,1.000000,0,0,0,1
1720,27,455,1262,1.000000,1.000000,1.000000,1.000000,0,0,0,1
1721,29,456,1262,1.000000,1.000000,1.000000,1.000000,0,0,0,1
1722,27,456,1263,1.000000,1.000000,1.000000,1.000000,1,0,0,0
1723,29,457,1263,1.000000,1.000000,1.000000,1.000000,1,0,0,0
1724,27,457,1264,1.000000,1.000000,1.000000,1.000000,1,0,0,0
1725,29,458,1264,1.000000,1.000000,1.000000,1.000000,1,0,0,0
1726,27,458,1265,1.000000,1.000000,1.000000,1.000000,0,0,0,0
1727,29,459,1265,1.000000,1.000000,1.000000,1.000000,0,0,0,0
1728,27,459,1266,1.000000,1.000000,1.000000,1.000000,0,0,0,0
1729,25,459,1267,1.000000,1.000000,1.000000,1.000000,0,0,0,0
1730,23,459,1268,1.000000,1.000000,1.000000,1.000000,0,0,0,0
1731,21,459,1269,1.000000,1.000000,1.000000,1.000000,0,0,0,0
1732,19,459,1270,1.000000,1.000000,1.000000,1.000000,1,0,0,0
1733,17,459,1271,1.000000,1.000000,1.000000,1.000000,1,0,0,0
1734,29,460,1271,1.000000,1.000000,1.000000,1.000000,1,0,0,0
1735,27,460,1272,1.000000,1.000000,1.000000,1.000000,1,0,0,0
1736,29,461,1272,1.000000,1.000000,1.000000,1.000000,1,0,0,0
1737,27,461,1273,1.000000,1.000000,1.000000,1.000000,0,0,0,0
1738,29,462,1273,1.000000,1.000000,1.000000,1.000000,0,0,0,0
1739,27,462,1274,1.000000,1.000000,1.000000,1.000000,1,0,0,0
1740,25,462,1275,1.000000,1.000000,1.000000,1.000000,1,0,0,0
1741,29,463,1275,1.000000,1.000000,1.000000,1.000000,1,0,0,0
1742,27,463,1276,1.000000,1.000000,1.000000,1.000000,1,0,0,0
1743,29,464,1276,1.000000,1.000000,1.000000,1.000000,1,0,0,0
1744,27,464,1277,1.000000,1.000000,1.000000,1.000000,0,0,0,0
1745,29,465,1277,1.000000,1.000000,1.000000,1.000000,0,0,0,0
1746,27,465,1278,1.000000,1.000000,1.000000,1.000000,0,0,0,0
1747,25,465,1279,1.000000,1.000000,1.000000,1.000000,1,0,0,1
1748,23,465,1280,1.000000,1.000000,1.000000,1.000000,0,0,0,0
1749,29,466,1280,1.000000,1.000000,1.000000,1.000000,0,0,0,0
1750,27,466,1281,1.000000,1.000000,1.000000,1.000000,0,0,0,0
1751,25,466,1282,1.000000,1.000000,1.000000,1.000000,0,0,0,0
1752,23,466,1283,1.000000,1.000000,1.000000,1.000000,0,0,0,1
1753,21,466,1284,1.000000,1.000000,1.000000,1.000000,0,0,0,0
1754,29,467,1284,1.000000,1.000000,1.000000,1.000000,0,0,0,0
1755,27,467,1285,1.000000,1.000000,1.000000,1.000000,0,0,1,0
1756,25,467,1286,1.000000,1.000000,1.000000,1.000000,0,0,0,0
1757,29,468,1286,1.000000,1.000000,1.000000,1.000000,0,0,0,0
1758,27,468,1287,1.000000,1.000000,1.000000,1.000000,0,0,0,0
1759,25,468,1288,1.000000,1.000000,1.000000,1.000000,0,0,0,0
1760,23,468,1289,1.000000,1.000000,1.000000,1.000000,0,0,0,0
1761,21,468,1290,1.000000,1.000000,1.000000,1.000000,0,0,0,0
1762,19,468,1291,1.000000,1.000000,1.000000,1.000000,0,0,0,0
1763,17,468,1292,1.000000,1.000000,1.000000,1.000000,1,0,0,0
1764,15,468,1293,1.000000,1.000000,1.000000,1.000000,0,0,0,1
1765,29,469,1293,1.000000,1.000000,1.000000,1.000000,0,0,0,1
1766,27,469,1294,1.000000,1.000000,1.000000,1.000000,0,0,0,0
1767,29,470,1294,1.000000,1.000000,1.000000,1.000000,0,0,0,0
1768,27,470,1295,1.000000,1.000000,1.000000,1.000000,0,0,0,0
1769,25,470,1296,1.000000,1.000000,1.000000,1.000000,0,0,0,0
1770,23,470,1297,1.000000,1.000000,1.000000,1.000000,0,0,0,1
1771,21,470,1298,1.000000,1.000000,1.000000,1.000000,0,0,1,0
1772,29,471,1298,1.000000,1.000000,1.000000,1.000000,0,0,1,0
1773,27,471,1299,1.000000,1.000000,1.000000,1.000000,0,0,1,0
1774,29,472,1299,1.000000,1.000000,1.000000,1.000000,0,0,1,0
1775,27,472,1300,1.000000,1.000000,1.000000,1.000000,0,1,0,0
1776,29,473,1300,1.000000,1.000000,1.000000,1.000000,0,1,0,0
1777,27,473,1301,1.000000,1.000000,1.000000,1.000000,0,0,0,0
1778,29,474,1301,1.000000,1.000000,1.000000,1.000000,0,0,0,0
1779,27,474,1302,1.000000,1.000000,1.000000,1.000000,0,0,0,0
1780,25,474,1303,1.000000,1.000000,1.000000,1.000000,0,0,0,0
1781,23,474,1304,1.000000,1.000000,1.000000,1.000000,0,0,0,0
1782,21,474,1305,1.000000,1.000000,1.000000,1.000000,0,0,0,0
1783,19,474,1306,1.000000,1.000000,1.000000,1.000000,0,0,0,0
1784,17,474,1307,1.000000,1.000000,1.000000,1.000000,0,0,1,0
1785,15,474,1308,1.000000,1.000000,1.000000,1.000000,0,0,0,0
1786,29,475,1308,1.000000,1.000000,1.000000,1.000000,0,0,0,0
1787,27,475,1309,1.000000,1.000000,1.000000,1.000000,0,0,0,1
1788,25,475,1310,1.000000,1.000000,1.000000,1.000000,0,0,1,0
1789,29,476,1310,1.000000,1.000000,1.000000,1.000000,0,0,1,0
1790,27,476,1311,1.000000,1.000000,1.000000,1.000000,0,0,1,1
1791,29,477,1311,1.000000,1.000000,1.000000,1.000000,0,0,1,1
1792,27,477,1312,1.000000,1.000000,1.000000,1.000000,0,0,0,0
1793,29,478,1312,1.000000,1.000000,1.000000,1.000000,0,0,0,0
1794,27,478,1313,1.000000,1.000000,1.000000,1.000000,0,0,0,0
1795,25,478,1314,1.000000,1.000000,1.000000,1.000000,0,0,0,0
1796,23,478,1315,1.000000,1.000000,1.000000,1.000000,0,0,0,1
1797,21,478,1316,1.000000,1.000000,1.000000,1.000000,0,0,0,0
1798,29,479,1316,1.000000,1.000000,1.000000,1.000000,0,0,0,0
1799,27,479,1317,1.000000,1.000000,1.000000,1.000000,0,0,0,0
1800,25,479,1318,1.000000,1.000000,1.000000,1.000000,0,0,0,1
1801,23,479,1319,1.000000,1.000000,1.000000,1.000000,0,0,1,0
1802,29,480,1319,1.000000,1.000000,1.000000,1.000000,0,0,1,0
1803,27,480,1320,1.000000,1.000000,1.000000,1.000000,0,0,1,1
1804,29,481,1320,1.000000,1.000000,1.000000,1.000000,0,0,1,1
1805,27,481,1321,1.000000,1.000000,1.000000,1.000000,0,0,1,0
1806,29,482,1321,1.000000,1.000000,1.000000,1.000000,0,0,1,0
1807,27,482,1322,1.000000,1.000000,1.000000,1.000000,0,0,0,1
1808,29,483,1322,1.000000,1.000000,1.000000,1.000000,0,0,0,1
1809,27,483,1323,1.000000,1.000000,1.000000,1.000000,0,0,1,0
1810,29,484,1323,1.000000,1.000000,1.000000,1.000000,0,0,1,0
1811,27,484,1324,1.000000,1.000000,1.000000,1.000000,0,0,1,0
1812,29,485,1324,1.000000,1.000000,1.000000,1.000000,0,0,1,0
1813,27,485,1325,1.000000,1.000000,1.000000,1.000000,0,0,0,1
1814,29,486,1325,1.000000,1.000000,1.000000,1.000000,0,0,0,1
1815,27,486,1326,1.000000,1.000000,1.000000,1.000000,0,0,1,0
1816,29,487,1326,1.000000,1.000000,1.000000,1.000000,0,0,1,0
1817,27,487,1327,1.000000,1.000000,1.000000,1.000000,0,0,0,0
1818,29,488,1327,1.000000,1.000000,1.000000,1.000000,0,0,0,0
1819,27,488,1328,1.000000,1.000000,1.000000,1.000000,0,0,0,0
1820,25,488,1329,1.000000,1.000000,1.000000,1.000000,0,0,0,0
1821,23,488,1330,1.000000,1.000000,1.000000,1.000000,0,0,0,0
1822,21,488,1331,1.000000,1.000000,1.000000,1.000000,0,0,0,0
1823,19,488,1332,1.000000,1.000000,1.000000,1.000000,0,0,0,0
1824,17,488,1333,1.000000,1.000000,1.000000,1.000000,0,0,0,0
1825,15,488,1334,1.000000,1.000000,1.000000,1.000000,0,0,0,0
1826,13,488,1335,1.000000,1.000000,1.000000,1.000000,0,0,0,0
1827,11,488,1336,1.000000,1.000000,1.000000,1.000000,0,0,0,0
1828,9,488,1337,1.000000,1.000000,1.000000,1.000000,1,0,0,0
1829,7,488,1338,1.000000,1.000000,1.000000,1.000000,1,0,1,0
1830,5,488,1339,1.000000,1.000000,1.000000,1.000000,1,0,0,1
1831,29,489,1339,1.000000,1.000000,1.000000,1.000000,1,0,0,1
1832,27,489,1340,1.000000,1.000000,1.000000,1.000000,1,0,0,0
1833,29,490,1340,1.000000,1.000000,1.000000,1.000000,1,0,0,0
1834,27,490,1341,1.000000,1.000000,1.000000,1.000000,0,1,0,0
1835,29,491,1341,1.000000,1.000000,1.000000,1.000000,0,1,0,0
1836,27,491,1342,1.000000,1.000000,1.000000,1.000000,1,0,0,0
1837,29,492,1342,1.000000,1.000000,1.000000,1.000000,1,0,0,0
1838,27,492,1343,1.000000,1.000000,1.000000,1.000000,1,0,0,0
1839,29,493,1343,1.000000,1.000000,1.000000,1.000000,1,0,0,0
1840,27,493,1344,1.000000,1.000000,1.000000,1.000000,1,0,0,0
1841,25,493,1345,1.000000,1.000000,1.000000,1.000000,0,1,0,0
1842,29,494,1345,1.000000,1.000000,1.000000,1.000000,0,1,0,0
1843,27,494,1346,1.000000,1.000000,1.000000,1.000000,1,0,0,0
1844,29,495,1346,1.000000,1.000000,1.000000,1.000000,1,0,0,0
1845,27,495,1347,1.000000,1.000000,1.000000,1.000000,0,0,0,0
1846,29,496,1347,1.000000,1.000000,1.000000,1.000000,0,0,0,0
1847,27,496,1348,1.000000,1.000000,1.000000,1.000000,0,0,0,0
1848,25,496,1349,1.000000,1.000000,1.000000,1.000000,0,1,0,0
1849,23,496,1350,1.000000,1.000000,1.000000,1.000000,0,0,0,0
1850,29,497,1350,1.000000,1.000000,1.000000,1.000000,0,0,0,0
1851,27,497,1351,1.000000,1.000000,1.000000,1.000000,0,0,0,0
1852,25,497,1352,1.000000,1.000000,1.000000,1.000000,0,0,0,0
1853,23,497,1353,1.000000,1.000000,1.000000,1.000000,0,0,0,0
1854,21,497,1354,1.000000,1.000000,1.000000,1.000000,0,0,0,0
1855,19,497,1355,1.000000,1.000000,1.000000,1.000000,0,0,0,0
1856,17,497,1356,1.000000,1.000000,1.000000,1.000000,0,0,0,0
1857,15,497,1357,1.000000,1.000000,1.000000,1.000000,0,0,0,0
1858,13,497,1358,1.000000,1.000000,1.000000,1.000000,0,0,0,0
1859,11,497,1359,1.000000,1.000000,1.000000,1.000000,0,0,0,0
1860,9,497,1360,1.000000,1.000000,1.000000,1.000000,0,0,0,1
1861,7,497,1361,1.000000,1.000000,1.000000,1.000000,0,0,0,0
1862,5,497,1362,1.000000,1.000000,1.000000,1.000000,0,0,0,1
1863,3,497,1363,1.000000,1.000000,1.000000,1.000000,0,0,1,0
1864,29,498,1363,1.000000,1.000000,1.000000,1.000000,0,0,1,0
1865,27,498,1364,1.000000,1.000000,1.000000,1.000000,0,0,1,1
1866,25,498,1365,1.000000,1.000000,1.000000,1.000000,0,1,0,0
1867,29,499,1365,1.000000,1.000000,1.000000,1.000000,0,1,0,0
1868,27,499,1366,1.000000,1.000000,1.000000,1.000000,0,0,1,0
1869,29,500,1366,1.000000,1.000000,1.000000,1.000000,0,0,1,0
1870,27,500,1367,1.000000,1.000000,1.000000,1.000000,0,0,1,0
1871,29,501,1367,1.000000,1.000000,1.000000,1.000000,0,0,1,0
1872,27,501,1368,1.000000,1.000000,1.000000,1.000000,0,0,0,1
1873,29,502,1368,1.000000,1.000000,1.000000,1.000000,0,0,0,1
1874,27,502,1369,1.000000,1.000000,1.000000,1.000000,0,1,0,1
1875,25,502,1370,1.000000,1.000000,1.000000,1.000000,1,0,1,0
1876,29,503,1370,1.000000,1.000000,1.000000,1.000000,1,0,1,0
1877,27,503,1371,1.000000,1.000000,1.000000,1.000000,0,0,0,1
1878,29,504,1371,1.000000,1.000000,1.000000,1.000000,0,0,0,1
1879,27,504,1372,1.000000,1.000000,1.000000,1.000000,0,0,1,0
1880,25,504,1373,1.000000,1.000000,1.000000,1.000000,1,0,0,0
1881,29,505,1373,1.000000,1.000000,1.000000,1.000000,1,0,0,0
1882,27,505,1374,1.000000,1.000000,1.000000,1.000000,0,0,0,1
1883,25,505,1375,1.000000,1.000000,1.000000,1.000000,0,0,1,1
1884,29,506,1375,1.000000,1.000000,1.000000,1.000000,0,0,1,1
1885,27,506,1376,1.000000,1.000000,1.000000,1.000000,0,0,0,0
1886,29,507,1376,1.000000,1.000000,1.000000,1.000000,0,0,0,0
1887,27,507,1377,1.000000,1.000000,1.000000,1.000000,0,0,0,1
1888,25,507,1378,1.000000,1.000000,1.000000,1.000000,0,0,0,1
1889,29,508,1378,1.000000,1.000000,1.000000,1.000000,0,0,0,1
1890,27,508,1379,1.000000,1.000000,1.000000,1.000000,0,0,1,0
1891,25,508,1380,1.000000,1.000000,1.000000,1.000000,1,0,0,0
1892,29,509,1380,1.000000,1.000000,1.000000,1.000000,1,0,0,0
1893,27,509,1381,1.000000,1.000000,1.000000,1.000000,0,0,0,0
1894,25,509,1382,1.000000,1.000000,1.000000,1.000000,0,0,0,1
1895,23,509,1383,1.000000,1.000000,1.000000,1.000000,0,0,0,0
1896,29,510,1383,1.000000,1.000000,1.000000,1.000000,0,0,0,0
1897,27,510,1384,1.000000,1.000000,1.000000,1.000000,1,0,0,0
1898,25,510,1385,1.000000,1.000000,1.000000,1.000000,0,0,0,1
1899,29,511,1385,1.000000,1.000000,1.000000,1.000000,0,0,0,1
1900,27,511,1386,1.000000,1.000000,1.000000,1.000000,0,0,0,0
1901,29,512,1386,1.000000,1.000000,1.000000,1.000000,0,0,0,0
1902,27,512,1387,1.000000,1.000000,1.000000,1.000000,1,0,0,0
1903,25,512,1388,1.000000,1.000000,1.000000,1.000000,0,0,0,1
1904,23,512,1389,1.000000,1.000000,1.000000,1.000000,1,1,0,0
1905,29,513,1389,1.000000,1.000000,1.000000,1.000000,1,1,0,0
1906,27,513,1390,1.000000,1.000000,1.000000,1.000000,0,0,0,0
1907,29,514,1390,1.000000,1.000000,1.000000,1.000000,0,0,0,0
1908,27,514,1391,1.000000,1.000000,1.000000,1.000000,0,0,1,0
1909,25,514,1392,1.000000,1.000000,1.000000,1.000000,0,0,0,0
1910,29,515,1392,1.000000,1.000000,1.000000,1.000000,0,0,0,0
1911,27,515,1393,1.000000,1.000000,1.000000,1.000000,0,0,0,0
1912,25,515,1394,1.000000,1.000000,1.000000,1.000000,0,0,0,0
1913,23,515,1395,1.000000,1.000000,1.000000,1.000000,0,0,1,0
1914,21,515,1396,1.000000,1.000000,1.000000,1.000000,0,0,1,0
1915,19,515,1397,1.000000,1.000000,1.000000,1.000000,1,1,0,1
1916,17,515,1398,1.000000,1.000000,1.000000,1.000000,0,1,0,0
1917,29,516,1398,1.000000,1.000000,1.000000,1.000000,0,1,0,0
1918,27,516,1399,1.000000,1.000000,1.000000,1.000000,1,1,0,0
1919,29,517,1399,1.000000,1.000000,1.000000,1.000000,1,1,0,0
1920,27,517,1400,1.000000,1.000000,1.000000,1.000000,0,0,1,0
1921,25,517,1401,1.000000,1.000000,1.000000,1.000000,1,1,1,0
1922,29,518,1401,1.000000,1.000000,1.000000,1.000000,1,1,1,0
1923,27,518,1402,1.000000,1.000000,1.000000,1.000000,0,0,1,0
1924,29,519,1402,1.000000,1.000000,1.000000,1.000000,0,0,1,0
1925,27,519,1403,1.000000,1.000000,1.000000,1.000000,0,0,0,1
1926,29,520,1403,1.000000,1.000000,1.000000,1.000000,0,0,0,1
1927,27,520,1404,1.000000,1.000000,1.000000,1.000000,0,0,0,0
1928,29,521,1404,1.000000,1.000000,1.000000,1.000000,0,0,0,0
1929,27,521,1405,1.000000,1.000000,1.000000,1.000000,0,0,0,0
1930,25,521,1406,1.000000,1.000000,1.000000,1.000000,0,0,0,1
1931,23,521,1407,1.000000,1.000000,1.000000,1.000000,0,0,0,0
1932,29,522,1407,1.000000,1.000000,1.000000,1.000000,0,0,0,0
1933,27,522,1408,1.000000,1.000000,1.000000,1.000000,0,0,0,1
1934,25,522,1409,1.000000,1.000000,1.000000,1.000000,0,0,0,0
1935,29,523,1409,1.000000,1.000000,1.000000,1.000000,0,0,0,0
1936,27,523,1410,1.000000,1.000000,1.000000,1.000000,0,0,0,0
1937,25,523,1411,1.000000,1.000000,1.000000,1.000000,0,0,1,1
1938,23,523,1412,1.000000,1.000000,1.000000,1.000000,0,0,0,1
1939,29,524,1412,1.000000,1.000000,1.000000,1.000000,0,0,0,1
1940,27,524,1413,1.000000,1.000000,1.000000,1.000000,0,0,1,0
1941,25,524,1414,1.000000,1.000000,1.000000,1.000000,1,0,0,0
1942,29,525,1414,1.000000,1.000000,1.000000,1.000000,1,0,0,0
1943,27,525,1415,1.000000,1.000000,1.000000,1.000000,0,0,0,0
1944,29,526,1415,1.000000,1.000000,1.000000,1.000000,0,0,0,0
1945,27,526,1416,1.000000,1.000000,1.000000,1.000000,0,0,0,0
1946,25,526,1417,1.000000,1.000000,1.000000,1.000000,0,1,1,0
1947,23,526,1418,1.000000,1.000000,1.000000,1.000000,0,0,1,0
1948,29,527,1418,1.000000,1.000000,1.000000,1.000000,0,0,1,0
1949,27,527,1419,1.000000,1.000000,1.000000,1.000000,0,0,0,0
1950,29,528,1419,1.000000,1.000000,1.000000,1.000000,0,0,0,0
1951,27,528,1420,1.000000,1.000000,1.000000,1.000000,0,0,1,0
1952,25,528,1421,1.000000,1.000000,1.000000,1.000000,0,0,0,0
1953,29,529,1421,1.000000,1.000000,1.000000,1.000000,0,0,0,0
1954,27,529,1422,1.000000,1.000000,1.000000,1.000000,0,0,0,0
1955,25,529,1423,1.000000,1.000000,1.000000,1.000000,0,0,0,0
1956,23,529,1424,1.000000,1.000000,1.000000,1.000000,0,0,0,0
1957,21,529,1425,1.000000,1.000000,1.000000,1.000000,1,0,0,0
1958,19,529,1426,1.000000,1.000000,1.000000,1.000000,0,0,0,0
1959,29,530,1426,1.000000,1.000000,1.000000,1.000000,0,0,0,0
1960,27,530,1427,1.000000,1.000000,1.000000,1.000000,0,0,0,0
1961,25,530,1428,1.000000,1.000000,1.000000,1.000000,0,0,0,0
1962,23,530,1429,1.000000,1.000000,1.000000,1.000000,0,0,0,0
1963,21,530,1430,1.000000,1.000000,1.000000,1.000000,0,0,0,0
1964,19,530,1431,1.000000,1.000000,1.000000,1.000000,0,0,0,0
1965,17,530,1432,1.000000,1.000000,1.000000,1.000000,0,1,0,0
1966,15,530,1433,1.000000,1.000000,1.000000,1.000000,0,0,0,0
1967,29,531,1433,1.000000,1.000000,1.000000,1.000000,0,0,0,0
1968,27,531,1434,1.000000,1.000000,1.000000,1.000000,1,0,0,0
1969,25,531,1435,1.000000,1.000000,1.000000,1.000000,0,0,0,0
1970,29,532,1435,1.000000,1.000000,1.000000,1.000000,0,0,0,0
1971,27,532,1436,1.000000,1.000000,1.000000,1.000000,0,0,0,0
1972,25,532,1437,1.000000,1.000000,1.000000,1.000000,0,0,0,0
1973,23,532,1438,1.000000,1.000000,1.000000,1.000000,0,0,0,0
1974,21,532,1439,1.000000,1.000000,1.000000,1.000000,0,0,0,0
1975,19,532,1440,1.000000,1.000000,1.000000,1.000000,0,0,0,0
1976,17,532,1441,1.000000,1.000000,1.000000,1.000000,0,0,0,0
1977,15,532,1442,1.000000,1.000000,1.000000,1.000000,0,0,0,0
1978,13,532,1443,1.000000,1.000000,1.000000,1.000000,0,0,0,0
1979,11,532,1444,1.000000,1.000000,1.000000,1.000000,0,0,0,0
1980,9,532,1445,1.000000,1.000000,1.000000,1.000000,0,0,0,0
1981,7,532,1446,1.000000,1.000000,1.000000,1.000000,0,0,0,1
1982,5,532,1447,1.000000,1.000000,1.000000,1.000000,0,0,0,0
1983,29,533,1447,1.000000,1.000000,1.000000,1.000000,0,0,0,0
1984,27,533,1448,1.000000,1.000000,1.000000,1.000000,0,0,0,0
1985,25,533,1449,1.000000,1.000000,1.000000,1.000000,0,0,1,1
1986,23,533,1450,1.000000,1.000000,1.000000,1.000000,0,0,0,0
1987,29,534,1450,1.000000,1.000000,1.000000,1.000000,0,0,0,0
1988,27,534,1451,1.000000,1.000000,1.000000,1.000000,0,0,0,1
1989,25,534,1452,1.000000,1.000000,1.000000,1.000000,0,0,1,0
1990,29,535,1452,1.000000,1.000000,1.000000,1.000000,0,0,1,0
1991,27,535,1453,1.000000,1.000000,1.000000,1.000000,0,0,0,0
1992,29,536,1453,1.000000,1.000000,1.000000,1.000000,0,0,0,0
1993,27,536,1454,1.000000,1.000000,1.000000,1.000000,0,0,0,0
1994,25,536,1455,1.000000,1.000000,1.000000,1.000000,0,0,0,0
1995,23,536,1456,1.000000,1.000000,1.000000,1.000000,0,1,1,0
1996,21,536,1457,1.000000,1.000000,1.000000,1.000000,0,1,0,0
1997,29,537,1457,1.000000,1.000000,1.000000,1.000000,0,1,0,0
1998,27,537,1458,1.000000,1.000000,1.000000,1.000000,1,1,0,0
1999,29,538,1458,1.000000,1.000000,1.000000,1.000000,1,1,0,0
2000,27,538,1459,1.000000,1.000000,1.000000,1.000000,1,0,1,0
