tick,energy,eats,distance,conn_1_6_weight,conn_2_7_weight,conn_3_8_weight,conn_4_9_weight,food_north_sensed,food_east_sensed,food_south_sensed,food_west_sensed
0,30,0,0,0.050000,0.050000,0.050000,0.050000,0,0,0,0
1,29,0,0,0.060918,0.050000,0.050000,0.050000,1,0,0,0
2,27,0,1,0.061490,0.055990,0.050000,0.050000,0,1,0,0
3,29,1,1,0.061490,0.062650,0.050000,0.050000,0,1,0,0
4,27,1,2,0.068123,0.063237,0.050000,0.050000,1,0,0,0
5,29,2,2,0.081906,0.063237,0.050000,0.050000,1,0,0,0
6,27,2,3,0.082658,0.063237,0.050000,0.050000,0,0,0,0
7,29,3,3,0.082658,0.063237,0.050000,0.050000,0,0,0,0
8,27,3,4,0.082658,0.063237,0.050000,0.050000,0,0,0,0
9,25,3,5,0.082658,0.063237,0.056518,0.050000,0,0,1,0
10,23,3,6,0.082658,0.071352,0.057051,0.050000,0,1,0,0
11,21,3,7,0.082658,0.087303,0.057051,0.060918,0,1,0,1
12,19,3,8,0.082658,0.106414,0.057051,0.074722,0,1,0,1
13,17,3,9,0.082658,0.107365,0.057051,0.075414,0,0,0,0
14,15,3,10,0.082658,0.107365,0.069398,0.075414,0,0,1,0
15,13,3,11,0.082658,0.107365,0.077523,0.075414,0,0,1,0
16,11,3,12,0.082658,0.107365,0.094714,0.075414,0,0,1,0
17,9,3,13,0.082658,0.119370,0.095571,0.084180,0,1,0,1
18,29,4,13,0.082658,0.144400,0.095571,0.102684,0,1,0,1
19,28,4,13,0.082658,0.173652,0.095571,0.124707,0,1,0,1
20,27,4,13,0.082658,0.207405,0.095571,0.150666,0,1,0,1
21,25,4,14,0.082658,0.209049,0.095571,0.151945,0,0,0,0
22,29,5,14,0.082658,0.209049,0.095571,0.151945,0,0,0,0
23,27,5,15,0.082658,0.209049,0.095571,0.166617,0,0,0,1
24,25,5,16,0.082658,0.209049,0.106414,0.168005,0,0,1,0
25,29,6,16,0.082658,0.209049,0.119370,0.168005,0,0,1,0
26,27,6,17,0.082658,0.209049,0.120422,0.168005,0,0,0,0
27,25,6,18,0.082658,0.209049,0.120422,0.168005,0,0,0,0
28,23,6,19,0.099964,0.209049,0.120422,0.199329,1,0,0,1
29,21,6,20,0.100863,0.209049,0.120422,0.200925,0,0,0,0
30,29,7,20,0.100863,0.209049,0.120422,0.200925,0,0,0,0
31,27,7,21,0.118327,0.240276,0.120422,0.231291,1,1,0,1
32,25,7,22,0.119370,0.242102,0.120422,0.233069,0,0,0,0
33,29,8,22,0.119370,0.242102,0.120422,0.233069,0,0,0,0
34,27,8,23,0.119370,0.242102,0.120422,0.233069,0,0,0,0
35,25,8,24,0.119370,0.242102,0.120422,0.233069,0,0,0,0
36,23,8,25,0.119370,0.242102,0.120422,0.233069,0,0,0,0
37,21,8,26,0.119370,0.242102,0.120422,0.272579,0,0,0,1
38,19,8,27,0.119370,0.242102,0.120422,0.274561,0,0,0,0
39,17,8,28,0.119370,0.242102,0.120422,0.303244,0,0,0,1
40,15,8,29,0.119370,0.242102,0.120422,0.305357,0,0,0,0
41,13,8,30,0.119370,0.242102,0.120422,0.305357,0,0,0,0
42,11,8,31,0.119370,0.282582,0.120422,0.351540,0,1,0,1
43,9,8,32,0.119370,0.284609,0.120422,0.353820,0,0,0,0
44,7,8,33,0.119370,0.309608,0.120422,0.381674,0,1,0,1
45,5,8,34,0.119370,0.311745,0.120422,0.412756,0,0,0,1
46,29,9,34,0.119370,0.311745,0.120422,0.444559,0,0,0,1
47,27,9,35,0.119370,0.311745,0.120422,0.474341,0,0,0,1
48,25,9,36,0.119370,0.311745,0.132521,0.476834,0,0,1,0
49,29,10,36,0.119370,0.311745,0.158478,0.476834,0,0,1,0
50,27,10,37,0.119370,0.311745,0.159812,0.476834,0,0,0,0
51,29,11,37,0.119370,0.311745,0.159812,0.476834,0,0,0,0
52,27,11,38,0.119370,0.311745,0.159812,0.476834,0,0,0,0
53,25,11,39,0.119370,0.311745,0.159812,0.476834,0,0,0,0
54,23,11,40,0.119370,0.311745,0.159812,0.476834,0,0,0,0
55,21,11,41,0.119370,0.311745,0.159812,0.476834,0,0,0,0
56,19,11,42,0.119370,0.311745,0.159812,0.504315,0,0,0,1
57,17,11,43,0.131379,0.311745,0.159812,0.506815,1,0,0,0
58,29,12,43,0.146880,0.311745,0.159812,0.506815,1,0,0,0
59,27,12,44,0.148133,0.311745,0.159812,0.506815,0,0,0,0
60,25,12,45,0.148133,0.342490,0.159812,0.506815,0,1,0,0
61,23,12,46,0.148133,0.344742,0.159812,0.506815,0,0,0,0
62,21,12,47,0.148133,0.393528,0.159812,0.506815,0,1,0,0
63,19,12,48,0.148133,0.395915,0.159812,0.506815,0,0,0,0
64,17,12,49,0.148133,0.422476,0.159812,0.506815,0,1,0,0
65,15,12,50,0.148133,0.424916,0.159812,0.506815,0,0,0,0
66,29,13,50,0.148133,0.424916,0.159812,0.506815,0,0,0,0
67,27,13,51,0.148133,0.424916,0.159812,0.506815,0,0,0,0
68,25,13,52,0.148133,0.424916,0.159812,0.506815,0,0,0,0
69,23,13,53,0.163867,0.424916,0.159812,0.506815,1,0,0,0
70,21,13,54,0.165237,0.424916,0.159812,0.506815,0,0,0,0
71,19,13,55,0.182403,0.424916,0.159812,0.506815,1,0,0,0
72,17,13,56,0.183894,0.424916,0.159812,0.506815,0,0,0,0
73,29,14,56,0.183894,0.424916,0.159812,0.506815,0,0,0,0
74,27,14,57,0.183894,0.424916,0.159812,0.506815,0,0,0,0
75,25,14,58,0.183894,0.424916,0.159812,0.506815,0,0,0,0
76,23,14,59,0.204146,0.424916,0.159812,0.506815,1,0,0,0
77,21,14,60,0.205770,0.424916,0.159812,0.506815,0,0,0,0
78,29,15,60,0.205770,0.424916,0.159812,0.506815,0,0,0,0
79,27,15,61,0.205770,0.424916,0.159812,0.506815,0,0,0,0
80,25,15,62,0.205770,0.459413,0.159812,0.506815,0,1,0,0
81,23,15,63,0.205770,0.461896,0.159812,0.506815,0,0,0,0
82,29,16,63,0.205770,0.461896,0.159812,0.506815,0,0,0,0
83,27,16,64,0.205770,0.489317,0.175087,0.506815,0,1,1,0
84,25,16,65,0.205770,0.491816,0.176531,0.506815,0,0,0,0
85,29,17,65,0.205770,0.491816,0.176531,0.506815,0,0,0,0
86,27,17,66,0.226015,0.491816,0.176531,0.506815,1,0,0,0
87,25,17,67,0.227764,0.491816,0.176531,0.506815,0,0,0,0
88,23,17,68,0.247635,0.491816,0.176531,0.506815,1,0,0,0
89,21,17,69,0.249498,0.519307,0.176531,0.506815,0,1,0,0
90,19,17,70,0.249498,0.521803,0.176531,0.506815,0,0,0,0
91,29,18,70,0.249498,0.521803,0.176531,0.506815,0,0,0,0
92,27,18,71,0.249498,0.521803,0.176531,0.506815,0,0,0,0
93,25,18,72,0.249498,0.521803,0.176531,0.506815,0,0,0,0
94,23,18,73,0.249498,0.521803,0.176531,0.506815,0,0,0,0
95,21,18,74,0.249498,0.521803,0.209049,0.506815,0,0,1,0
96,19,18,75,0.249498,0.521803,0.229523,0.506815,0,0,1,0
97,29,19,75,0.249498,0.521803,0.258954,0.506815,0,0,1,0
98,27,19,76,0.249498,0.521803,0.260872,0.506815,0,0,0,0
99,25,19,77,0.249498,0.521803,0.260872,0.506815,0,0,0,0
100,23,19,78,0.249498,0.521803,0.260872,0.506815,0,0,0,0
101,21,19,79,0.249498,0.521803,0.260872,0.506815,0,0,0,0
102,19,19,80,0.290744,0.521803,0.303244,0.506815,1,0,1,0
103,17,19,81,0.292806,0.521803,0.305357,0.506815,0,0,0,0
104,29,20,81,0.292806,0.521803,0.305357,0.506815,0,0,0,0
105,27,20,82,0.292806,0.521803,0.305357,0.506815,0,0,0,0
106,25,20,83,0.292806,0.521803,0.305357,0.546689,0,0,0,1
107,23,20,84,0.292806,0.521803,0.305357,0.549167,0,0,0,0
108,29,21,84,0.292806,0.521803,0.305357,0.549167,0,0,0,0
109,27,21,85,0.292806,0.521803,0.305357,0.576245,0,0,0,1
110,25,21,86,0.292806,0.521803,0.305357,0.605273,0,0,0,1
111,29,22,86,0.292806,0.521803,0.305357,0.633585,0,0,0,1
112,27,22,87,0.292806,0.521803,0.305357,0.635907,0,0,0,0
113,29,23,87,0.292806,0.521803,0.305357,0.635907,0,0,0,0
114,27,23,88,0.292806,0.521803,0.305357,0.635907,0,0,0,0
115,25,23,89,0.338008,0.521803,0.305357,0.635907,1,0,0,0
116,23,23,90,0.365317,0.521803,0.305357,0.661011,1,0,0,1
117,29,24,90,0.395915,0.521803,0.305357,0.689553,1,0,0,1
118,27,24,91,0.424916,0.521803,0.305357,0.691694,1,0,0,0
119,29,25,91,0.464382,0.521803,0.305357,0.691694,1,0,0,0
120,27,25,92,0.466869,0.549167,0.305357,0.691694,0,1,0,0
121,29,26,92,0.466869,0.578686,0.305357,0.691694,0,1,0,0
122,27,26,93,0.466869,0.581125,0.305357,0.691694,0,0,0,0
123,29,27,93,0.466869,0.581125,0.305357,0.691694,0,0,0,0
124,27,27,94,0.494315,0.581125,0.305357,0.691694,1,0,0,0
125,25,27,95,0.531777,0.581125,0.305357,0.720781,1,0,0,1
126,29,28,95,0.561520,0.581125,0.305357,0.744334,1,0,0,1
127,27,28,96,0.563983,0.581125,0.305357,0.746237,0,0,0,0
128,29,29,96,0.563983,0.581125,0.305357,0.746237,0,0,0,0
129,27,29,97,0.590837,0.581125,0.329131,0.746237,1,0,1,0
130,25,29,98,0.593254,0.581125,0.331339,0.746237,0,0,0,0
131,29,30,98,0.593254,0.581125,0.331339,0.746237,0,0,0,0
132,27,30,99,0.593254,0.581125,0.331339,0.766549,0,0,0,1
133,25,30,100,0.593254,0.581125,0.331339,0.768339,0,0,0,0
134,29,31,100,0.593254,0.581125,0.331339,0.768339,0,0,0,0
135,27,31,101,0.593254,0.581125,0.331339,0.768339,0,0,0,0
136,25,31,102,0.593254,0.581125,0.331339,0.768339,0,0,0,0
137,23,31,103,0.593254,0.581125,0.331339,0.768339,0,0,0,0
138,21,31,104,0.593254,0.581125,0.331339,0.768339,0,0,0,0
139,19,31,105,0.593254,0.581125,0.331339,0.768339,0,0,0,0
140,17,31,106,0.593254,0.581125,0.331339,0.768339,0,0,0,0
141,15,31,107,0.593254,0.581125,0.331339,0.768339,0,0,0,0
142,13,31,108,0.593254,0.581125,0.331339,0.768339,0,0,0,0
143,11,31,109,0.593254,0.581125,0.331339,0.768339,0,0,0,0
144,9,31,110,0.619530,0.607662,0.331339,0.768339,1,1,0,0
145,7,31,111,0.621887,0.610046,0.331339,0.768339,0,0,0,0
146,29,32,111,0.621887,0.610046,0.331339,0.768339,0,0,0,0
147,27,32,112,0.621887,0.610046,0.331339,0.787389,0,0,0,1
148,25,32,113,0.621887,0.610046,0.331339,0.806842,0,0,0,1
149,29,33,113,0.621887,0.610046,0.331339,0.824914,0,0,0,1
150,27,33,114,0.621887,0.610046,0.331339,0.826358,0,0,0,0
151,29,34,114,0.621887,0.610046,0.331339,0.826358,0,0,0,0
152,27,34,115,0.621887,0.610046,0.331339,0.841629,0,0,0,1
153,25,34,116,0.621887,0.610046,0.331339,0.842962,0,0,0,0
154,29,35,116,0.621887,0.610046,0.331339,0.842962,0,0,0,0
155,27,35,117,0.621887,0.610046,0.331339,0.842962,0,0,0,0
156,25,35,118,0.621887,0.610046,0.331339,0.842962,0,0,0,0
157,23,35,119,0.621887,0.610046,0.331339,0.842962,0,0,0,0
158,21,35,120,0.621887,0.610046,0.331339,0.842962,0,0,0,0
159,19,35,121,0.621887,0.610046,0.331339,0.842962,0,0,0,0
160,17,35,122,0.621887,0.645129,0.331339,0.842962,0,1,0,0
161,15,35,123,0.621887,0.647419,0.331339,0.842962,0,0,0,0
162,29,36,123,0.621887,0.647419,0.331339,0.842962,0,0,0,0
163,27,36,124,0.621887,0.647419,0.331339,0.842962,0,0,0,0
164,25,36,125,0.621887,0.672142,0.356106,0.842962,0,1,1,0
165,23,36,126,0.621887,0.674345,0.358399,0.842962,0,0,0,0
166,29,37,126,0.621887,0.674345,0.358399,0.842962,0,0,0,0
167,27,37,127,0.621887,0.674345,0.358399,0.842962,0,0,0,0
168,25,37,128,0.621887,0.674345,0.358399,0.842962,0,0,0,0
169,23,37,129,0.621887,0.674345,0.400703,0.842962,0,0,1,0
170,21,37,130,0.621887,0.674345,0.403104,0.842962,0,0,0,0
171,19,37,131,0.621887,0.674345,0.403104,0.842962,0,0,0,0
172,17,37,132,0.647419,0.674345,0.403104,0.842962,1,0,0,0
173,15,37,133,0.649701,0.674345,0.403104,0.842962,0,0,0,0
174,29,38,133,0.649701,0.674345,0.403104,0.842962,0,0,0,0
175,27,38,134,0.649701,0.674345,0.403104,0.842962,0,0,0,0
176,25,38,135,0.649701,0.674345,0.403104,0.842962,0,0,0,0
177,23,38,136,0.649701,0.674345,0.432257,0.842962,0,0,1,0
178,21,38,137,0.649701,0.674345,0.434712,0.842962,0,0,0,0
179,19,38,138,0.649701,0.698067,0.434712,0.842962,0,1,0,0
180,17,38,139,0.649701,0.700175,0.434712,0.842962,0,0,0,0
181,29,39,139,0.649701,0.700175,0.434712,0.842962,0,0,0,0
182,27,39,140,0.649701,0.700175,0.434712,0.842962,0,0,0,0
183,25,39,141,0.649701,0.722794,0.461896,0.842962,0,1,1,0
184,23,39,142,0.649701,0.724798,0.464382,0.842962,0,0,0,0
185,29,40,142,0.649701,0.724798,0.464382,0.842962,0,0,0,0
186,27,40,143,0.649701,0.724798,0.464382,0.842962,0,0,0,0
187,25,40,144,0.649701,0.746237,0.464382,0.842962,0,1,0,0
188,23,40,145,0.649701,0.748131,0.464382,0.842962,0,0,0,0
189,21,40,146,0.674345,0.748131,0.464382,0.842962,1,0,0,0
190,19,40,147,0.676541,0.748131,0.464382,0.842962,0,0,0,0
191,29,41,147,0.676541,0.748131,0.464382,0.842962,0,0,0,0
192,27,41,148,0.676541,0.748131,0.464382,0.842962,0,0,0,0
193,25,41,149,0.676541,0.748131,0.464382,0.842962,0,0,0,0
194,23,41,150,0.676541,0.748131,0.464382,0.842962,0,0,0,0
195,21,41,151,0.676541,0.748131,0.464382,0.842962,0,0,0,0
196,29,42,151,0.676541,0.748131,0.464382,0.842962,0,0,0,0
197,27,42,152,0.676541,0.748131,0.464382,0.842962,0,0,0,0
198,25,42,153,0.676541,0.748131,0.464382,0.842962,0,0,0,0
199,23,42,154,0.676541,0.748131,0.464382,0.842962,0,0,0,0
200,21,42,155,0.676541,0.768339,0.464382,0.842962,0,1,0,0
201,19,42,156,0.676541,0.770119,0.464382,0.842962,0,0,0,0
202,17,42,157,0.676541,0.770119,0.464382,0.842962,0,0,0,0
203,15,42,158,0.676541,0.770119,0.494315,0.842962,0,0,1,0
204,13,42,159,0.676541,0.770119,0.496815,0.842962,0,0,0,0
205,29,43,159,0.676541,0.770119,0.496815,0.842962,0,0,0,0
206,27,43,160,0.676541,0.770119,0.524299,0.842962,0,0,1,0
207,25,43,161,0.676541,0.770119,0.526793,0.842962,0,0,0,0
208,29,44,161,0.676541,0.770119,0.526793,0.842962,0,0,0,0
209,27,44,162,0.676541,0.770119,0.526793,0.842962,0,0,0,0
210,25,44,163,0.676541,0.770119,0.526793,0.842962,0,0,0,0
211,23,44,164,0.676541,0.770119,0.526793,0.842962,0,0,0,0
212,21,44,165,0.676541,0.789064,0.526793,0.842962,0,1,0,0
213,19,44,166,0.676541,0.790728,0.526793,0.842962,0,0,0,0
214,17,44,167,0.676541,0.790728,0.526793,0.842962,0,0,0,0
215,15,44,168,0.676541,0.790728,0.526793,0.842962,0,0,0,0
216,13,44,169,0.676541,0.790728,0.526793,0.842962,0,0,0,0
217,11,44,170,0.676541,0.790728,0.554117,0.857028,0,0,1,1
218,9,44,171,0.676541,0.790728,0.556587,0.858253,0,0,0,0
219,29,45,171,0.676541,0.790728,0.556587,0.858253,0,0,0,0
220,27,45,172,0.676541,0.790728,0.556587,0.858253,0,0,0,0
221,25,45,173,0.700175,0.790728,0.556587,0.871161,1,0,0,1
222,23,45,174,0.702274,0.790728,0.556587,0.872283,0,0,0,0
223,29,46,174,0.702274,0.790728,0.556587,0.872283,0,0,0,0
224,27,46,175,0.702274,0.790728,0.598076,0.872283,0,0,1,0
225,25,46,176,0.702274,0.790728,0.600480,0.884087,0,0,0,1
226,23,46,177,0.702274,0.808400,0.600480,0.885112,0,1,0,0
227,29,47,177,0.702274,0.826358,0.600480,0.885112,0,1,0,0
228,27,47,178,0.702274,0.827793,0.600480,0.885112,0,0,0,0
229,29,48,178,0.702274,0.827793,0.600480,0.885112,0,0,0,0
230,27,48,179,0.702274,0.827793,0.600480,0.885112,0,0,0,0
231,25,48,180,0.702274,0.827793,0.600480,0.885112,0,0,0,0
232,23,48,181,0.702274,0.827793,0.600480,0.885112,0,0,0,0
233,21,48,182,0.702274,0.827793,0.600480,0.885112,0,0,0,0
234,19,48,183,0.702274,0.827793,0.626584,0.895873,0,0,1,1
235,17,48,184,0.702274,0.827793,0.628923,0.896806,0,0,0,0
236,29,49,184,0.702274,0.827793,0.628923,0.896806,0,0,0,0
237,27,49,185,0.702274,0.827793,0.628923,0.896806,0,0,0,0
238,25,49,186,0.702274,0.827793,0.628923,0.896806,0,0,0,0
239,23,49,187,0.702274,0.827793,0.628923,0.896806,0,0,0,0
240,21,49,188,0.702274,0.827793,0.628923,0.896806,0,0,0,0
241,19,49,189,0.724798,0.827793,0.628923,0.896806,1,0,0,0
242,17,49,190,0.726792,0.827793,0.628923,0.896806,0,0,0,0
243,15,49,191,0.726792,0.842962,0.628923,0.896806,0,1,0,0
244,13,49,192,0.726792,0.844286,0.628923,0.896806,0,0,0,0
245,29,50,192,0.726792,0.844286,0.628923,0.896806,0,0,0,0
246,27,50,193,0.726792,0.844286,0.628923,0.896806,0,0,0,0
247,25,50,194,0.726792,0.844286,0.658763,0.896806,0,0,1,0
248,23,50,195,0.726792,0.844286,0.661011,0.896806,0,0,0,0
249,29,51,195,0.726792,0.844286,0.661011,0.896806,0,0,0,0
250,27,51,196,0.726792,0.844286,0.661011,0.896806,0,0,0,0
251,25,51,197,0.726792,0.844286,0.661011,0.896806,0,0,0,0
252,23,51,198,0.726792,0.844286,0.661011,0.896806,0,0,0,0
253,21,51,199,0.726792,0.844286,0.661011,0.896806,0,0,0,0
254,19,51,200,0.726792,0.844286,0.661011,0.896806,0,0,0,0
255,17,51,201,0.726792,0.858253,0.661011,0.896806,0,1,0,0
256,15,51,202,0.726792,0.859470,0.661011,0.896806,0,0,0,0
257,29,52,202,0.726792,0.859470,0.661011,0.896806,0,0,0,0
258,27,52,203,0.726792,0.872283,0.661011,0.896806,0,1,0,0
259,25,52,204,0.726792,0.873397,0.661011,0.896806,0,0,0,0
260,23,52,205,0.726792,0.873397,0.685248,0.896806,0,0,1,0
261,21,52,206,0.726792,0.873397,0.710586,0.896806,0,0,1,0
262,19,52,207,0.748131,0.873397,0.712643,0.896806,1,0,0,0
263,29,53,207,0.770119,0.873397,0.712643,0.896806,1,0,0,0
264,27,53,208,0.771889,0.873397,0.712643,0.896806,0,0,0,0
265,29,54,208,0.771889,0.873397,0.712643,0.896806,0,0,0,0
266,27,54,209,0.771889,0.873397,0.712643,0.896806,0,0,0,0
267,25,54,210,0.771889,0.873397,0.734680,0.896806,0,0,1,0
268,23,54,211,0.771889,0.885112,0.736630,0.896806,0,1,0,0
269,29,55,211,0.771889,0.896806,0.736630,0.896806,0,1,0,0
270,27,55,212,0.771889,0.897731,0.736630,0.896806,0,0,0,0
271,29,56,212,0.771889,0.897731,0.736630,0.896806,0,0,0,0
272,27,56,213,0.771889,0.907435,0.736630,0.896806,0,1,0,0
273,25,56,214,0.771889,0.908275,0.736630,0.896806,0,0,0,0
274,29,57,214,0.771889,0.908275,0.736630,0.896806,0,0,0,0
275,27,57,215,0.771889,0.908275,0.736630,0.896806,0,0,0,0
276,25,57,216,0.771889,0.908275,0.736630,0.896806,0,0,0,0
277,23,57,217,0.771889,0.908275,0.736630,0.896806,0,0,0,0
278,21,57,218,0.771889,0.908275,0.736630,0.896806,0,0,0,0
279,19,57,219,0.771889,0.908275,0.736630,0.896806,0,0,0,0
280,17,57,220,0.771889,0.917072,0.736630,0.896806,0,1,0,0
281,15,57,221,0.771889,0.925788,0.736630,0.896806,0,1,0,0
282,29,58,221,0.771889,0.933655,0.736630,0.896806,0,1,0,0
283,27,58,222,0.771889,0.934274,0.736630,0.896806,0,0,0,0
284,29,59,222,0.771889,0.934274,0.736630,0.896806,0,0,0,0
285,27,59,223,0.771889,0.934274,0.757459,0.896806,0,0,1,0
286,25,59,224,0.771889,0.934274,0.759296,0.896806,0,0,0,0
287,29,60,224,0.771889,0.934274,0.759296,0.896806,0,0,0,0
288,27,60,225,0.771889,0.934274,0.759296,0.896806,0,0,0,0
289,25,60,226,0.771889,0.934274,0.759296,0.896806,0,0,0,0
290,23,60,227,0.771889,0.934274,0.759296,0.896806,0,0,0,0
291,21,60,228,0.771889,0.934274,0.778874,0.896806,0,0,1,0
292,19,60,229,0.771889,0.934274,0.780597,0.896806,0,0,0,0
293,29,61,229,0.771889,0.934274,0.780597,0.896806,0,0,0,0
294,27,61,230,0.771889,0.934274,0.780597,0.896806,0,0,0,0
295,25,61,231,0.771889,0.934274,0.780597,0.896806,0,0,0,0
296,23,61,232,0.771889,0.934274,0.780597,0.896806,0,0,0,0
297,21,61,233,0.771889,0.934274,0.798905,0.896806,0,0,1,0
298,19,61,234,0.771889,0.934274,0.800512,0.896806,0,0,0,0
299,29,62,234,0.771889,0.934274,0.800512,0.896806,0,0,0,0
300,27,62,235,0.771889,0.934274,0.800512,0.896806,0,0,0,0
301,25,62,236,0.771889,0.934274,0.817550,0.896806,0,0,1,0
302,23,62,237,0.771889,0.934274,0.819042,0.896806,0,0,0,0
303,21,62,238,0.771889,0.934274,0.819042,0.896806,0,0,0,0
304,19,62,239,0.771889,0.934274,0.819042,0.896806,0,0,0,0
305,17,62,240,0.771889,0.934274,0.834827,0.896806,0,0,1,0
306,15,62,241,0.771889,0.934274,0.836206,0.896806,0,0,0,0
307,29,63,241,0.771889,0.934274,0.836206,0.896806,0,0,0,0
308,27,63,242,0.771889,0.934274,0.836206,0.896806,0,0,0,0
309,25,63,243,0.771889,0.934274,0.850769,0.896806,0,0,1,0
310,23,63,244,0.771889,0.940742,0.865422,0.896806,0,1,1,0
311,21,63,245,0.771889,0.947115,0.878844,0.906588,0,1,1,1
312,29,64,245,0.771889,0.952837,0.891096,0.916305,0,1,1,1
313,27,64,246,0.771889,0.953287,0.902249,0.917072,0,0,1,0
314,29,65,246,0.771889,0.953287,0.912373,0.917072,0,0,1,0
315,27,65,247,0.771889,0.957968,0.921540,0.917072,0,1,1,0
316,29,66,247,0.771889,0.962563,0.929823,0.917072,0,1,1,0
317,27,66,248,0.771889,0.962924,0.937292,0.917072,0,0,1,0
318,29,67,248,0.771889,0.962924,0.944014,0.917072,0,0,1,0
319,27,67,249,0.771889,0.966674,0.944542,0.917072,0,1,0,0
320,29,68,249,0.771889,0.970347,0.944542,0.917072,0,1,0,0
321,27,68,250,0.771889,0.973626,0.944542,0.917072,0,1,0,0
322,29,69,250,0.771889,0.976551,0.944542,0.917072,0,1,0,0
323,27,69,251,0.790728,0.976780,0.944542,0.917072,1,0,0,0
324,29,70,251,0.809949,0.976780,0.944542,0.917072,1,0,0,0
325,27,70,252,0.827793,0.976780,0.944542,0.917072,1,0,0,0
326,29,71,252,0.844286,0.976780,0.944542,0.917072,1,0,0,0
327,27,71,253,0.859470,0.979159,0.944542,0.925095,1,1,0,1
328,29,72,253,0.873397,0.981483,0.944542,0.933030,1,1,0,1
329,27,72,254,0.886129,0.983552,0.944542,0.940179,1,1,0,1
330,29,73,254,0.897731,0.985393,0.944542,0.946610,1,1,0,1
331,27,73,255,0.898649,0.987031,0.950054,0.947115,0,1,1,0
332,29,74,255,0.898649,0.988487,0.955473,0.947115,0,1,1,0
333,27,74,256,0.898649,0.988601,0.955899,0.947115,0,0,0,0
334,29,75,256,0.898649,0.988601,0.955899,0.947115,0,0,0,0
335,27,75,257,0.898649,0.989782,0.955899,0.947115,0,1,0,0
336,25,75,258,0.908275,0.990932,0.955899,0.947115,1,1,0,0
337,29,76,258,0.917832,0.991954,0.955899,0.947115,1,1,0,0
338,27,76,259,0.926475,0.992862,0.955899,0.947115,1,1,0,0
339,29,77,259,0.934274,0.993667,0.955899,0.947115,1,1,0,0
340,27,77,260,0.934888,0.993730,0.960330,0.947115,0,0,1,0
341,29,78,260,0.934888,0.993730,0.964676,0.947115,0,0,1,0
342,27,78,261,0.934888,0.993730,0.965017,0.947115,0,0,0,0
343,29,79,261,0.934888,0.993730,0.965017,0.947115,0,0,0,0
344,27,79,262,0.934888,0.993730,0.968562,0.947115,0,0,1,0
345,25,79,263,0.934888,0.993730,0.968866,0.947115,0,0,0,0
346,29,80,263,0.934888,0.993730,0.968866,0.947115,0,0,0,0
347,27,80,264,0.934888,0.993730,0.968866,0.947115,0,0,0,0
348,25,80,265,0.934888,0.993730,0.972033,0.952384,0,0,1,1
349,23,80,266,0.934888,0.993730,0.972305,0.952837,0,0,0,0
350,29,81,266,0.934888,0.993730,0.972305,0.952837,0,0,0,0
351,27,81,267,0.934888,0.993730,0.975131,0.952837,0,0,1,0
352,25,81,268,0.934888,0.993730,0.975373,0.952837,0,0,0,0
353,29,82,268,0.934888,0.993730,0.975373,0.952837,0,0,0,0
354,27,82,269,0.934888,0.993730,0.977893,0.952837,0,0,1,0
355,25,82,270,0.934888,0.993730,0.980355,0.952837,0,0,1,0
356,29,83,270,0.934888,0.993730,0.982548,0.952837,0,0,1,0
357,27,83,271,0.934888,0.993730,0.984499,0.952837,0,0,1,0
358,25,83,272,0.941299,0.994383,0.984652,0.952837,1,1,0,0
359,29,84,272,0.947616,0.995018,0.984652,0.952837,1,1,0,0
360,27,84,273,0.948112,0.995067,0.984652,0.952837,0,0,0,0
361,29,85,273,0.948112,0.995067,0.984652,0.952837,0,0,0,0
362,27,85,274,0.948112,0.995581,0.984652,0.952837,0,1,0,0
363,25,85,275,0.948112,0.995625,0.984652,0.952837,0,0,0,0
364,29,86,275,0.948112,0.995625,0.984652,0.952837,0,0,0,0
365,27,86,276,0.948112,0.996081,0.984652,0.952837,0,1,0,0
366,25,86,277,0.948112,0.996120,0.984652,0.952837,0,0,0,0
367,29,87,277,0.948112,0.996120,0.984652,0.952837,0,0,0,0
368,27,87,278,0.948112,0.996525,0.984652,0.952837,0,1,0,0
369,25,87,279,0.948112,0.996560,0.984652,0.952837,0,0,0,0
370,23,87,280,0.948112,0.996919,0.984652,0.952837,0,1,0,0
371,21,87,281,0.948112,0.996949,0.984652,0.952837,0,0,0,0
372,29,88,281,0.948112,0.996949,0.984652,0.952837,0,0,0,0
373,27,88,282,0.948112,0.996949,0.984652,0.952837,0,0,0,0
374,25,88,283,0.948112,0.996949,0.984652,0.952837,0,0,0,0
375,23,88,284,0.948112,0.996949,0.984652,0.952837,0,0,0,0
376,21,88,285,0.948112,0.996949,0.986236,0.952837,0,0,1,0
377,19,88,286,0.948112,0.997268,0.986372,0.952837,0,1,0,0
378,29,89,286,0.948112,0.997577,0.986372,0.952837,0,1,0,0
379,27,89,287,0.948112,0.997602,0.986372,0.952837,0,0,0,0
380,29,90,287,0.948112,0.997602,0.986372,0.952837,0,0,0,0
381,27,90,288,0.948112,0.997602,0.986372,0.952837,0,0,0,0
382,25,90,289,0.948112,0.997602,0.986372,0.952837,0,0,0,0
383,23,90,290,0.948112,0.997852,0.987780,0.952837,0,1,1,0
384,21,90,291,0.948112,0.998096,0.989154,0.952837,0,1,1,0
385,29,91,291,0.948112,0.998312,0.990374,0.952837,0,1,1,0
386,27,91,292,0.948112,0.998328,0.991458,0.952837,0,0,1,0
387,29,92,292,0.948112,0.998328,0.992421,0.952837,0,0,1,0
388,27,92,293,0.948112,0.998328,0.992496,0.957562,0,0,0,1
389,29,93,293,0.948112,0.998328,0.992496,0.962200,0,0,0,1
390,27,93,294,0.948112,0.998328,0.992496,0.966348,0,0,0,1
391,25,93,295,0.948112,0.998503,0.993276,0.966674,0,1,1,0
392,23,93,296,0.953287,0.998518,0.993343,0.966674,1,0,0,0
393,21,93,297,0.953732,0.998673,0.994036,0.966674,0,1,1,0
394,29,94,297,0.953732,0.998824,0.994710,0.966674,0,1,1,0
395,27,94,298,0.953732,0.998835,0.994762,0.966674,0,0,0,0
396,29,95,298,0.953732,0.998835,0.994762,0.966674,0,0,0,0
397,27,95,299,0.953732,0.998957,0.994762,0.966674,0,1,0,0
398,25,95,300,0.953732,0.998968,0.994762,0.966674,0,0,0,0
399,29,96,300,0.958371,0.998968,0.994762,0.966674,1,0,0,0
400,27,96,301,0.958770,0.998968,0.994762,0.966674,0,0,0,0
401,29,97,301,0.958770,0.999075,0.994762,0.966674,0,1,0,0
402,27,97,302,0.958770,0.999085,0.994762,0.966674,0,0,0,0
403,29,98,302,0.958770,0.999085,0.995308,0.966674,0,0,1,0
404,27,98,303,0.958770,0.999180,0.995355,0.966674,0,1,0,0
405,25,98,304,0.958770,0.999189,0.995355,0.966674,0,0,0,0
406,29,99,304,0.958770,0.999189,0.995355,0.966674,0,0,0,0
407,27,99,305,0.958770,0.999189,0.995355,0.966674,0,0,0,0
408,25,99,306,0.958770,0.999189,0.995355,0.970056,0,0,0,1
409,23,99,307,0.958770,0.999189,0.995355,0.970347,0,0,0,0
410,21,99,308,0.958770,0.999189,0.995355,0.970347,0,0,0,0
411,19,99,309,0.958770,0.999189,0.995355,0.970347,0,0,0,0
412,17,99,310,0.958770,0.999189,0.995355,0.970347,0,0,0,0
413,15,99,311,0.958770,0.999189,0.995355,0.970347,0,0,0,0
414,13,99,312,0.958770,0.999189,0.995355,0.973367,0,0,0,1
415,11,99,313,0.958770,0.999189,0.995355,0.973626,0,0,0,0
416,29,100,313,0.958770,0.999189,0.995355,0.973626,0,0,0,0
417,27,100,314,0.962924,0.999189,0.995355,0.973626,1,0,0,0
418,25,100,315,0.966996,0.999189,0.995355,0.976320,1,0,0,1
419,23,100,316,0.970634,0.999273,0.995355,0.978953,1,1,0,1
420,29,101,316,0.973883,0.999356,0.995355,0.981299,1,1,0,1
421,27,101,317,0.976780,0.999362,0.995355,0.981483,1,0,0,0
422,29,102,317,0.979364,0.999362,0.995355,0.981483,1,0,0,0
423,27,102,318,0.979566,0.999362,0.995355,0.983389,0,0,0,1
424,29,103,318,0.979566,0.999362,0.995355,0.985248,0,0,0,1
425,27,103,319,0.979566,0.999362,0.995355,0.985393,0,0,0,0
426,29,104,319,0.979566,0.999362,0.995355,0.985393,0,0,0,0
427,27,104,320,0.981665,0.999362,0.995355,0.985393,1,0,0,0
428,25,104,321,0.981845,0.999429,0.995355,0.985393,0,1,0,0
429,29,105,321,0.981845,0.999494,0.995355,0.985393,0,1,0,0
430,27,105,322,0.983714,0.999499,0.995355,0.985393,1,0,0,0
431,29,106,322,0.985537,0.999499,0.995355,0.985393,1,0,0,0
432,27,106,323,0.985680,0.999551,0.995355,0.985393,0,1,0,0
433,29,107,323,0.985680,0.999602,0.995355,0.985393,0,1,0,0
434,27,107,324,0.985680,0.999606,0.995355,0.985393,0,0,0,0
435,29,108,324,0.985680,0.999606,0.995355,0.985393,0,0,0,0
436,27,108,325,0.985680,0.999606,0.995355,0.985393,0,0,0,0
437,25,108,326,0.987159,0.999606,0.995355,0.985393,1,0,0,0
438,23,108,327,0.987286,0.999606,0.995355,0.986902,0,0,0,1
439,29,109,327,0.987286,0.999606,0.995355,0.988372,0,0,0,1
440,27,109,328,0.987286,0.999606,0.995355,0.989680,0,0,0,1
441,29,110,328,0.987286,0.999606,0.995355,0.990841,0,0,0,1
442,27,110,329,0.987286,0.999606,0.995355,0.991873,0,0,0,1
443,25,110,330,0.987286,0.999606,0.995355,0.991954,0,0,0,0
444,23,110,331,0.987286,0.999606,0.995355,0.991954,0,0,0,0
445,21,110,332,0.987286,0.999648,0.995355,0.991954,0,1,0,0
446,19,110,333,0.987286,0.999688,0.995839,0.991954,0,1,1,0
447,29,111,333,0.987286,0.999723,0.996310,0.991954,0,1,1,0
448,27,111,334,0.987286,0.999726,0.996347,0.991954,0,0,0,0
449,25,111,335,0.988601,0.999726,0.996347,0.992790,1,0,0,1
450,23,111,336,0.988714,0.999726,0.996347,0.992862,0,0,0,0
451,29,112,336,0.988714,0.999726,0.996347,0.992862,0,0,0,0
452,27,112,337,0.988714,0.999726,0.996347,0.992862,0,0,0,0
453,25,112,338,0.989883,0.999726,0.996347,0.992862,1,0,0,0
454,23,112,339,0.991022,0.999726,0.996347,0.992862,1,0,0,0
455,29,113,339,0.992034,0.999726,0.996347,0.992862,1,0,0,0
456,27,113,340,0.992113,0.999726,0.996347,0.992862,0,0,0,0
457,29,114,340,0.992113,0.999726,0.996347,0.992862,0,0,0,0
458,27,114,341,0.992932,0.999726,0.996347,0.992862,1,0,0,0
459,25,114,342,0.993730,0.999726,0.996347,0.992862,1,0,0,0
460,23,114,343,0.993793,0.999726,0.996728,0.993604,0,0,1,1
461,29,115,343,0.993793,0.999726,0.997098,0.994326,0,0,1,1
462,27,115,344,0.993793,0.999726,0.997127,0.994383,0,0,0,0
463,29,116,344,0.993793,0.999726,0.997127,0.994383,0,0,0,0
464,27,116,345,0.993793,0.999726,0.997127,0.994968,0,0,0,1
465,25,116,346,0.994439,0.999726,0.997127,0.995018,1,0,0,0
466,29,117,346,0.995067,0.999726,0.997127,0.995018,1,0,0,0
467,27,117,347,0.995625,0.999726,0.997127,0.995537,1,0,0,1
468,29,118,347,0.996120,0.999726,0.997127,0.996042,1,0,0,1
469,27,118,348,0.996159,0.999754,0.997127,0.996081,0,1,0,0
470,25,118,349,0.996159,0.999757,0.997127,0.996490,0,0,0,1
471,29,119,349,0.996159,0.999757,0.997127,0.996888,0,0,0,1
472,27,119,350,0.996159,0.999757,0.997127,0.996919,0,0,0,0
473,25,119,351,0.996159,0.999757,0.997427,0.996919,0,0,1,0
474,23,119,352,0.996159,0.999757,0.997453,0.996919,0,0,0,0
475,29,120,352,0.996159,0.999757,0.997453,0.996919,0,0,0,0
476,27,120,353,0.996159,0.999757,0.997719,0.997240,0,0,1,1
477,25,120,354,0.996159,0.999757,0.997742,0.997268,0,0,0,0
478,29,121,354,0.996159,0.999757,0.997742,0.997268,0,0,0,0
479,27,121,355,0.996159,0.999757,0.997742,0.997553,0,0,0,1
480,25,121,356,0.996159,0.999757,0.997977,0.997577,0,0,1,0
481,29,122,356,0.996159,0.999757,0.998207,0.997577,0,0,1,0
482,27,122,357,0.996159,0.999757,0.998410,0.997577,0,0,1,0
483,29,123,357,0.996159,0.999757,0.998591,0.997577,0,0,1,0
484,27,123,358,0.996159,0.999757,0.998605,0.997577,0,0,0,0
485,29,124,358,0.996159,0.999757,0.998605,0.997577,0,0,0,0
486,27,124,359,0.996159,0.999757,0.998605,0.997830,0,0,0,1
487,25,124,360,0.996159,0.999757,0.998605,0.998076,0,0,0,1
488,23,124,361,0.996560,0.999782,0.998751,0.998096,1,1,1,0
489,29,125,361,0.996949,0.999807,0.998892,0.998096,1,1,1,0
490,27,125,362,0.996980,0.999809,0.998903,0.998096,0,0,0,0
491,29,126,362,0.996980,0.999809,0.998903,0.998096,0,0,0,0
492,27,126,363,0.996980,0.999809,0.999018,0.998096,0,0,1,0
493,25,126,364,0.996980,0.999809,0.999028,0.998096,0,0,0,0
494,23,126,365,0.997295,0.999809,0.999028,0.998096,1,0,0,0
495,21,126,366,0.997322,0.999809,0.999028,0.998096,0,0,0,0
496,29,127,366,0.997322,0.999809,0.999028,0.998096,0,0,0,0
497,27,127,367,0.997322,0.999809,0.999028,0.998096,0,0,0,0
498,25,127,368,0.997322,0.999809,0.999028,0.998096,0,0,0,0
499,23,127,369,0.997602,0.999809,0.999028,0.998096,1,0,0,0
500,21,127,370,0.997873,0.999809,0.999028,0.998096,1,0,0,0
501,29,128,370,0.998115,0.999809,0.999028,0.998096,1,0,0,0
502,27,128,371,0.998328,0.999809,0.999028,0.998096,1,0,0,0
503,29,129,371,0.998518,0.999809,0.999028,0.998096,1,0,0,0
504,27,129,372,0.998533,0.999809,0.999028,0.998096,0,0,0,0
505,25,129,373,0.998533,0.999809,0.999130,0.998096,0,0,1,0
506,23,129,374,0.998533,0.999809,0.999228,0.998096,0,0,1,0
507,29,130,374,0.998533,0.999809,0.999316,0.998096,0,0,1,0
508,27,130,375,0.998533,0.999809,0.999394,0.998096,0,0,1,0
509,29,131,375,0.998533,0.999809,0.999462,0.998096,0,0,1,0
510,27,131,376,0.998533,0.999809,0.999468,0.998096,0,0,0,0
511,29,132,376,0.998533,0.999809,0.999468,0.998096,0,0,0,0
512,27,132,377,0.998533,0.999809,0.999468,0.998096,0,0,0,0
513,25,132,378,0.998533,0.999809,0.999468,0.998295,0,0,0,1
514,23,132,379,0.998533,0.999809,0.999468,0.998312,0,0,0,0
515,21,132,380,0.998533,0.999809,0.999468,0.998312,0,0,0,0
516,19,132,381,0.998533,0.999809,0.999468,0.998312,0,0,0,0
517,17,132,382,0.998533,0.999809,0.999542,0.998312,0,0,1,0
518,15,132,383,0.998533,0.999829,0.999594,0.998312,0,1,1,0
519,29,133,383,0.998533,0.999848,0.999640,0.998312,0,1,1,0
520,27,133,384,0.998533,0.999850,0.999644,0.998488,0,0,0,1
521,29,134,384,0.998533,0.999850,0.999644,0.998660,0,0,0,1
522,27,134,385,0.998533,0.999850,0.999681,0.998812,0,0,1,1
523,29,135,385,0.998533,0.999850,0.999717,0.998947,0,0,1,1
524,27,135,386,0.998533,0.999850,0.999720,0.998957,0,0,0,0
525,29,136,386,0.998533,0.999850,0.999720,0.998957,0,0,0,0
526,27,136,387,0.998533,0.999850,0.999720,0.999066,0,0,0,1
527,25,136,388,0.998533,0.999850,0.999720,0.999075,0,0,0,0
528,29,137,388,0.998533,0.999850,0.999720,0.999075,0,0,0,0
529,27,137,389,0.998533,0.999850,0.999720,0.999172,0,0,0,1
530,25,137,390,0.998533,0.999850,0.999720,0.999180,0,0,0,0
531,29,138,390,0.998533,0.999850,0.999720,0.999180,0,0,0,0
532,27,138,391,0.998686,0.999850,0.999720,0.999180,1,0,0,0
533,25,138,392,0.998699,0.999850,0.999720,0.999180,0,0,0,0
534,29,139,392,0.998699,0.999850,0.999720,0.999180,0,0,0,0
535,27,139,393,0.998699,0.999850,0.999720,0.999180,0,0,0,0
536,25,139,394,0.998699,0.999850,0.999720,0.999180,0,0,0,0
537,23,139,395,0.998699,0.999850,0.999720,0.999180,0,0,0,0
538,21,139,396,0.998699,0.999850,0.999720,0.999180,0,0,0,0
539,19,139,397,0.998699,0.999866,0.999720,0.999180,0,1,0,0
540,17,139,398,0.998699,0.999881,0.999720,0.999180,0,1,0,0
541,29,140,398,0.998699,0.999894,0.999720,0.999180,0,1,0,0
542,27,140,399,0.998699,0.999895,0.999720,0.999180,0,0,0,0
543,29,141,399,0.998699,0.999895,0.999720,0.999180,0,0,0,0
544,27,141,400,0.998699,0.999895,0.999720,0.999180,0,0,0,0
545,25,141,401,0.998699,0.999906,0.999720,0.999180,0,1,0,0
546,23,141,402,0.998835,0.999907,0.999720,0.999180,1,0,0,0
547,21,141,403,0.998968,0.999917,0.999750,0.999180,1,1,1,0
548,29,142,403,0.999085,0.999926,0.999778,0.999180,1,1,1,0
549,27,142,404,0.999094,0.999927,0.999780,0.999180,0,0,0,0
550,29,143,404,0.999094,0.999927,0.999780,0.999180,0,0,0,0
551,27,143,405,0.999094,0.999927,0.999803,0.999180,0,0,1,0
552,25,143,406,0.999094,0.999935,0.999805,0.999266,0,1,0,1
553,29,144,406,0.999094,0.999942,0.999805,0.999349,0,1,0,1
554,27,144,407,0.999094,0.999943,0.999805,0.999356,0,0,0,0
555,25,144,408,0.999094,0.999943,0.999805,0.999423,0,0,0,1
556,23,144,409,0.999094,0.999943,0.999805,0.999429,0,0,0,0
557,29,145,409,0.999094,0.999943,0.999805,0.999429,0,0,0,0
558,27,145,410,0.999094,0.999943,0.999805,0.999489,0,0,0,1
559,25,145,411,0.999094,0.999943,0.999826,0.999494,0,0,1,0
560,29,146,411,0.999094,0.999943,0.999845,0.999494,0,0,1,0
561,27,146,412,0.999094,0.999943,0.999847,0.999547,0,0,0,1
562,29,147,412,0.999094,0.999943,0.999847,0.999598,0,0,0,1
563,27,147,413,0.999094,0.999943,0.999863,0.999644,0,0,1,1
564,25,147,414,0.999189,0.999943,0.999864,0.999648,1,0,0,0
565,29,148,414,0.999281,0.999943,0.999864,0.999648,1,0,0,0
566,27,148,415,0.999288,0.999943,0.999864,0.999684,0,0,0,1
567,29,149,415,0.999288,0.999943,0.999864,0.999720,0,0,0,1
568,27,149,416,0.999288,0.999943,0.999864,0.999723,0,0,0,0
569,29,150,416,0.999288,0.999943,0.999864,0.999723,0,0,0,0
570,27,150,417,0.999288,0.999943,0.999864,0.999723,0,0,0,0
571,25,150,418,0.999288,0.999943,0.999864,0.999723,0,0,0,0
572,23,150,419,0.999288,0.999943,0.999864,0.999723,0,0,0,0
573,21,150,420,0.999288,0.999943,0.999864,0.999752,0,0,0,1
574,19,150,421,0.999288,0.999943,0.999864,0.999754,0,0,0,0
575,29,151,421,0.999288,0.999943,0.999864,0.999754,0,0,0,0
576,27,151,422,0.999362,0.999943,0.999864,0.999780,1,0,0,1
577,25,151,423,0.999369,0.999943,0.999864,0.999782,0,0,0,0
578,29,152,423,0.999369,0.999943,0.999864,0.999782,0,0,0,0
579,27,152,424,0.999369,0.999943,0.999864,0.999805,0,0,0,1
580,25,152,425,0.999369,0.999943,0.999864,0.999827,0,0,0,1
581,29,153,425,0.999369,0.999943,0.999864,0.999847,0,0,0,1
582,27,153,426,0.999369,0.999943,0.999864,0.999864,0,0,0,1
583,25,153,427,0.999435,0.999943,0.999878,0.999866,1,0,1,0
584,29,154,427,0.999499,0.999943,0.999892,0.999866,1,0,1,0
585,27,154,428,0.999504,0.999943,0.999893,0.999866,0,0,0,0
586,29,155,428,0.999504,0.999943,0.999893,0.999866,0,0,0,0
587,27,155,429,0.999556,0.999943,0.999893,0.999866,1,0,0,0
588,25,155,430,0.999560,0.999943,0.999893,0.999866,0,0,0,0
589,29,156,430,0.999560,0.999943,0.999893,0.999866,0,0,0,0
590,27,156,431,0.999560,0.999943,0.999893,0.999866,0,0,0,0
591,25,156,432,0.999560,0.999943,0.999893,0.999866,0,0,0,0
592,23,156,433,0.999560,0.999943,0.999893,0.999866,0,0,0,0
593,21,156,434,0.999560,0.999943,0.999893,0.999866,0,0,0,0
594,19,156,435,0.999560,0.999943,0.999905,0.999866,0,0,1,0
595,17,156,436,0.999560,0.999949,0.999905,0.999866,0,1,0,0
596,29,157,436,0.999560,0.999955,0.999905,0.999866,0,1,0,0
597,27,157,437,0.999560,0.999955,0.999905,0.999866,0,0,0,0
598,29,158,437,0.999560,0.999955,0.999905,0.999866,0,0,0,0
599,27,158,438,0.999560,0.999960,0.999905,0.999880,0,1,0,1
600,25,158,439,0.999606,0.999960,0.999905,0.999881,1,0,0,0
601,29,159,439,0.999651,0.999960,0.999905,0.999881,1,0,0,0
602,27,159,440,0.999655,0.999960,0.999905,0.999881,0,0,0,0
603,29,160,440,0.999655,0.999960,0.999905,0.999881,0,0,0,0
604,27,160,441,0.999655,0.999960,0.999905,0.999893,0,0,0,1
605,25,160,442,0.999655,0.999960,0.999905,0.999894,0,0,0,0
606,29,161,442,0.999655,0.999960,0.999905,0.999894,0,0,0,0
607,27,161,443,0.999655,0.999960,0.999905,0.999905,0,0,0,1
608,25,161,444,0.999655,0.999960,0.999905,0.999906,0,0,0,0
609,29,162,444,0.999655,0.999960,0.999905,0.999906,0,0,0,0
610,27,162,445,0.999691,0.999960,0.999905,0.999916,1,0,0,1
611,25,162,446,0.999726,0.999960,0.999905,0.999926,1,0,0,1
612,29,163,446,0.999757,0.999960,0.999905,0.999934,1,0,0,1
613,27,163,447,0.999759,0.999964,0.999905,0.999942,0,1,0,1
614,25,163,448,0.999785,0.999968,0.999905,0.999948,1,1,0,1
615,29,164,448,0.999809,0.999972,0.999905,0.999954,1,1,0,1
616,27,164,449,0.999811,0.999972,0.999905,0.999959,0,0,0,1
617,29,165,449,0.999811,0.999972,0.999905,0.999964,0,0,0,1
618,27,165,450,0.999831,0.999972,0.999915,0.999968,1,0,1,1
619,29,166,450,0.999850,0.999972,0.999925,0.999972,1,0,1,1
620,27,166,451,0.999851,0.999972,0.999934,0.999975,0,0,1,1
621,25,166,452,0.999867,0.999975,0.999934,0.999978,1,1,0,1
622,29,167,452,0.999882,0.999978,0.999934,0.999980,1,1,0,1
623,27,167,453,0.999883,0.999978,0.999934,0.999983,0,0,0,1
624,29,168,453,0.999883,0.999978,0.999934,0.999985,0,0,0,1
625,27,168,454,0.999883,0.999978,0.999941,0.999985,0,0,1,0
626,25,168,455,0.999895,0.999978,0.999948,0.999985,1,0,1,0
627,29,169,455,0.999907,0.999978,0.999954,0.999985,1,0,1,0
628,27,169,456,0.999908,0.999978,0.999954,0.999985,0,0,0,0
629,29,170,456,0.999908,0.999978,0.999954,0.999985,0,0,0,0
630,27,170,457,0.999908,0.999978,0.999954,0.999985,0,0,0,0
631,25,170,458,0.999918,0.999978,0.999954,0.999986,1,0,0,1
632,23,170,459,0.999919,0.999978,0.999954,0.999986,0,0,0,0
633,29,171,459,0.999919,0.999978,0.999954,0.999986,0,0,0,0
634,27,171,460,0.999919,0.999978,0.999954,0.999988,0,0,0,1
635,25,171,461,0.999919,0.999978,0.999954,0.999988,0,0,0,0
636,23,171,462,0.999919,0.999978,0.999954,0.999988,0,0,0,0
637,21,171,463,0.999919,0.999978,0.999954,0.999988,0,0,0,0
638,19,171,464,0.999919,0.999978,0.999954,0.999988,0,0,0,0
639,17,171,465,0.999919,0.999978,0.999954,0.999988,0,0,0,0
640,15,171,466,0.999919,0.999978,0.999959,0.999989,0,0,1,1
641,13,171,467,0.999919,0.999978,0.999959,0.999989,0,0,0,0
642,29,172,467,0.999919,0.999978,0.999959,0.999989,0,0,0,0
643,27,172,468,0.999919,0.999978,0.999964,0.999989,0,0,1,0
644,25,172,469,0.999919,0.999978,0.999968,0.999989,0,0,1,0
645,29,173,469,0.999919,0.999978,0.999971,0.999989,0,0,1,0
646,27,173,470,0.999919,0.999978,0.999972,0.999989,0,0,0,0
647,25,173,471,0.999919,0.999978,0.999975,0.999989,0,0,1,0
648,23,173,472,0.999919,0.999980,0.999978,0.999989,0,1,1,0
649,29,174,472,0.999919,0.999983,0.999980,0.999989,0,1,1,0
650,27,174,473,0.999919,0.999985,0.999982,0.999989,0,1,1,0
651,29,175,473,0.999919,0.999986,0.999984,0.999989,0,1,1,0
652,27,175,474,0.999919,0.999987,0.999986,0.999989,0,0,1,0
653,25,175,475,0.999927,0.999988,0.999986,0.999989,1,1,0,0
654,29,176,475,0.999935,0.999989,0.999986,0.999989,1,1,0,0
655,27,176,476,0.999936,0.999991,0.999986,0.999989,0,1,0,0
656,29,177,476,0.999936,0.999992,0.999986,0.999989,0,1,0,0
657,27,177,477,0.999943,0.999992,0.999986,0.999989,1,0,0,0
658,29,178,477,0.999949,0.999992,0.999986,0.999989,1,0,0,0
659,27,178,478,0.999955,0.999992,0.999986,0.999989,1,0,0,0
660,29,179,478,0.999960,0.999992,0.999986,0.999989,1,0,0,0
661,27,179,479,0.999965,0.999993,0.999986,0.999990,1,1,0,1
662,29,180,479,0.999969,0.999993,0.999986,0.999992,1,1,0,1
663,27,180,480,0.999972,0.999993,0.999986,0.999992,1,0,0,0
664,25,180,481,0.999973,0.999994,0.999988,0.999992,0,1,1,1
665,29,181,481,0.999973,0.999995,0.999989,0.999993,0,1,1,1
666,27,181,482,0.999975,0.999995,0.999989,0.999994,1,0,0,1
667,29,182,482,0.999978,0.999995,0.999989,0.999995,1,0,0,1
668,27,182,483,0.999978,0.999995,0.999990,0.999995,0,0,1,1
669,29,183,483,0.999978,0.999995,0.999991,0.999996,0,0,1,1
670,27,183,484,0.999978,0.999995,0.999992,0.999996,0,0,0,1
671,25,183,485,0.999981,0.999995,0.999992,0.999996,1,1,1,0
672,29,184,485,0.999983,0.999996,0.999993,0.999996,1,1,1,0
673,27,184,486,0.999983,0.999996,0.999994,0.999996,0,0,1,0
674,29,185,486,0.999983,0.999996,0.999995,0.999996,0,0,1,0
675,27,185,487,0.999983,0.999996,0.999995,0.999996,0,1,0,0
676,29,186,487,0.999983,0.999997,0.999995,0.999996,0,1,0,0
677,27,186,488,0.999983,0.999997,0.999995,0.999996,0,1,0,0
678,29,187,488,0.999983,0.999997,0.999995,0.999996,0,1,0,0
679,27,187,489,0.999985,0.999998,0.999995,0.999996,1,0,0,0
680,29,188,489,0.999987,0.999998,0.999995,0.999996,1,0,0,0
681,27,188,490,0.999988,0.999998,0.999995,0.999996,1,0,0,0
682,25,188,491,0.999989,0.999998,0.999995,0.999997,1,1,1,1
683,29,189,491,0.999991,0.999998,0.999996,0.999997,1,1,1,1
684,27,189,492,0.999992,0.999998,0.999996,0.999997,1,0,0,0
685,29,190,492,0.999993,0.999998,0.999996,0.999997,1,0,0,0
686,27,190,493,0.999993,0.999998,0.999996,0.999997,0,1,0,1
687,29,191,493,0.999993,0.999998,0.999996,0.999998,0,1,0,1
688,27,191,494,0.999993,0.999999,0.999996,0.999998,1,1,0,0
689,29,192,494,0.999994,0.999999,0.999996,0.999998,1,1,0,0
690,27,192,495,0.999994,0.999999,0.999996,0.999998,0,0,0,0
691,29,193,495,0.999994,0.999999,0.999996,0.999998,0,0,0,0
692,27,193,496,0.999994,0.999999,0.999996,0.999998,0,0,0,0
693,25,193,497,0.999994,0.999999,0.999996,0.999998,0,0,0,1
694,23,193,498,0.999994,0.999999,0.999996,0.999998,0,0,1,0
695,21,193,499,0.999995,0.999999,0.999997,0.999998,1,0,1,0
696,29,194,499,0.999995,0.999999,0.999997,0.999998,1,0,1,0
697,27,194,500,0.999996,0.999999,0.999997,0.999998,0,0,0,0
698,29,195,500,0.999996,0.999999,0.999997,0.999998,0,0,0,0
699,27,195,501,0.999996,0.999999,0.999997,0.999998,0,0,0,1
700,25,195,502,0.999996,0.999999,0.999997,0.999998,1,0,0,1
701,29,196,502,0.999996,0.999999,0.999997,0.999999,1,0,0,1
702,27,196,503,0.999996,0.999999,0.999997,0.999999,0,0,0,0
703,29,197,503,0.999996,0.999999,0.999997,0.999999,0,0,0,0
704,27,197,504,0.999997,0.999999,0.999997,0.999999,1,0,0,0
705,25,197,505,0.999997,0.999999,0.999997,0.999999,0,0,0,0
706,29,198,505,0.999997,0.999999,0.999997,0.999999,0,0,0,0
707,27,198,506,0.999997,0.999999,0.999997,0.999999,0,0,0,0
708,25,198,507,0.999997,0.999999,0.999997,0.999999,0,0,0,0
709,23,198,508,0.999997,0.999999,0.999997,0.999999,0,0,0,1
710,21,198,509,0.999997,0.999999,0.999997,0.999999,0,0,0,0
711,29,199,509,0.999997,0.999999,0.999997,0.999999,0,0,0,0
712,27,199,510,0.999997,0.999999,0.999997,0.999999,0,0,1,0
713,25,199,511,0.999997,0.999999,0.999997,0.999999,0,0,0,0
714,29,200,511,0.999997,0.999999,0.999997,0.999999,0,0,0,0
715,27,200,512,0.999997,0.999999,0.999997,0.999999,0,0,0,0
716,25,200,513,0.999997,0.999999,0.999997,0.999999,0,0,0,1
717,23,200,514,0.999997,0.999999,0.999997,0.999999,0,0,0,0
718,29,201,514,0.999997,0.999999,0.999997,0.999999,0,0,0,0
719,27,201,515,0.999997,0.999999,0.999997,0.999999,0,0,0,0
720,25,201,516,0.999997,0.999999,0.999997,0.999999,0,0,0,0
721,23,201,517,0.999997,0.999999,0.999997,0.999999,0,0,0,0
722,21,201,518,0.999997,0.999999,0.999997,0.999999,0,0,0,0
723,19,201,519,0.999997,0.999999,0.999998,0.999999,0,1,1,1
724,17,201,520,0.999997,0.999999,0.999998,0.999999,0,0,0,1
725,29,202,520,0.999997,0.999999,0.999998,0.999999,0,0,0,1
726,27,202,521,0.999997,0.999999,0.999998,0.999999,0,0,0,1
727,25,202,522,0.999997,0.999999,0.999998,0.999999,0,0,1,0
728,29,203,522,0.999997,0.999999,0.999998,0.999999,0,0,1,0
729,27,203,523,0.999997,0.999999,0.999998,0.999999,0,0,0,0
730,29,204,523,0.999997,0.999999,0.999998,0.999999,0,0,0,0
731,27,204,524,0.999997,0.999999,0.999998,0.999999,0,0,0,0
732,25,204,525,0.999997,0.999999,0.999998,0.999999,0,0,0,0
733,23,204,526,0.999997,0.999999,0.999998,0.999999,0,0,0,1
734,21,204,527,0.999997,0.999999,0.999998,0.999999,1,0,0,0
735,29,205,527,0.999998,0.999999,0.999998,0.999999,1,0,0,0
736,27,205,528,0.999998,0.999999,0.999998,0.999999,0,0,0,1
737,29,206,528,0.999998,0.999999,0.999998,1.000000,0,0,0,1
738,27,206,529,0.999998,0.999999,0.999998,1.000000,0,0,0,0
739,29,207,529,0.999998,0.999999,0.999998,1.000000,0,0,0,0
740,27,207,530,0.999998,0.999999,0.999998,1.000000,0,0,0,1
741,25,207,531,0.999998,0.999999,0.999998,1.000000,0,0,0,1
742,23,207,532,0.999998,0.999999,0.999998,1.000000,0,0,0,0
743,21,207,533,0.999998,0.999999,0.999998,1.000000,0,1,0,0
744,19,207,534,0.999998,0.999999,0.999998,1.000000,0,0,1,0
745,17,207,535,0.999998,0.999999,0.999998,1.000000,1,1,0,0
746,29,208,535,0.999998,0.999999,0.999998,1.000000,1,1,0,0
747,27,208,536,0.999998,0.999999,0.999998,1.000000,0,0,0,0
748,29,209,536,0.999998,0.999999,0.999998,1.000000,0,0,0,0
749,27,209,537,0.999998,0.999999,0.999999,1.000000,0,0,1,0
750,25,209,538,0.999998,0.999999,0.999999,1.000000,0,0,0,0
751,29,210,538,0.999998,0.999999,0.999999,1.000000,0,0,0,0
752,27,210,539,0.999998,0.999999,0.999999,1.000000,0,0,0,0
753,25,210,540,0.999998,0.999999,0.999999,1.000000,0,0,0,0
754,23,210,541,0.999998,0.999999,0.999999,1.000000,0,0,0,0
755,21,210,542,0.999998,0.999999,0.999999,1.000000,0,0,0,0
756,19,210,543,0.999998,0.999999,0.999999,1.000000,0,0,0,0
757,17,210,544,0.999998,0.999999,0.999999,1.000000,0,0,0,0
758,15,210,545,0.999998,0.999999,0.999999,1.000000,0,0,0,1
759,13,210,546,0.999998,0.999999,0.999999,1.000000,1,1,0,1
760,11,210,547,0.999998,0.999999,0.999999,1.000000,0,0,1,1
761,29,211,547,0.999998,0.999999,0.999999,1.000000,0,0,1,1
762,27,211,548,0.999998,0.999999,0.999999,1.000000,0,0,0,0
763,29,212,548,0.999998,0.999999,0.999999,1.000000,0,0,0,0
764,27,212,549,0.999998,0.999999,0.999999,1.000000,0,0,0,0
765,25,212,550,0.999998,0.999999,0.999999,1.000000,0,0,0,0
766,23,212,551,0.999998,0.999999,0.999999,1.000000,0,0,0,0
767,21,212,552,0.999998,0.999999,0.999999,1.000000,0,0,0,0
768,19,212,553,0.999998,0.999999,0.999999,1.000000,0,0,0,0
769,17,212,554,0.999998,0.999999,0.999999,1.000000,0,0,0,0
770,15,212,555,0.999998,0.999999,0.999999,1.000000,0,0,0,0
771,13,212,556,0.999998,0.999999,0.999999,1.000000,1,1,0,0
772,11,212,557,0.999999,0.999999,0.999999,1.000000,1,0,0,0
773,29,213,557,0.999999,0.999999,0.999999,1.000000,1,0,0,0
774,27,213,558,0.999999,0.999999,0.999999,1.000000,0,0,0,1
775,25,213,559,0.999999,0.999999,0.999999,1.000000,0,1,0,0
776,29,214,559,0.999999,1.000000,0.999999,1.000000,0,1,0,0
777,27,214,560,0.999999,1.000000,0.999999,1.000000,0,0,0,0
778,29,215,560,0.999999,1.000000,0.999999,1.000000,0,0,0,0
779,27,215,561,0.999999,1.000000,0.999999,1.000000,1,0,0,0
780,25,215,562,0.999999,1.000000,0.999999,1.000000,0,0,0,0
781,29,216,562,0.999999,1.000000,0.999999,1.000000,0,0,0,0
782,27,216,563,0.999999,1.000000,0.999999,1.000000,0,0,0,0
783,25,216,564,0.999999,1.000000,0.999999,1.000000,0,0,0,0
784,23,216,565,0.999999,1.000000,0.999999,1.000000,0,0,0,0
785,21,216,566,0.999999,1.000000,0.999999,1.000000,0,0,0,0
786,19,216,567,0.999999,1.000000,0.999999,1.000000,0,0,0,0
787,17,216,568,0.999999,1.000000,0.999999,1.000000,1,0,0,0
788,15,216,569,0.999999,1.000000,0.999999,1.000000,0,0,0,0
789,13,216,570,0.999999,1.000000,0.999999,1.000000,0,0,0,1
790,11,216,571,0.999999,1.000000,0.999999,1.000000,0,0,0,0
791,29,217,571,0.999999,1.000000,0.999999,1.000000,0,0,0,0
792,27,217,572,0.999999,1.000000,0.999999,1.000000,0,0,0,0
793,25,217,573,0.999999,1.000000,0.999999,1.000000,0,0,1,0
794,23,217,574,0.999999,1.000000,0.999999,1.000000,0,0,1,0
795,29,218,574,0.999999,1.000000,0.999999,1.000000,0,0,1,0
796,27,218,575,0.999999,1.000000,0.999999,1.000000,0,1,0,0
797,29,219,575,0.999999,1.000000,0.999999,1.000000,0,1,0,0
798,27,219,576,0.999999,1.000000,0.999999,1.000000,0,0,0,0
799,29,220,576,0.999999,1.000000,0.999999,1.000000,0,0,0,0
800,27,220,577,0.999999,1.000000,0.999999,1.000000,0,1,0,0
801,25,220,578,0.999999,1.000000,0.999999,1.000000,0,0,0,0
802,29,221,578,0.999999,1.000000,0.999999,1.000000,0,0,0,0
803,27,221,579,0.999999,1.000000,0.999999,1.000000,0,1,0,0
804,25,221,580,0.999999,1.000000,0.999999,1.000000,0,0,0,0
805,29,222,580,0.999999,1.000000,0.999999,1.000000,0,0,0,0
806,27,222,581,0.999999,1.000000,0.999999,1.000000,0,0,0,0
807,25,222,582,0.999999,1.000000,0.999999,1.000000,0,0,1,0
808,23,222,583,0.999999,1.000000,0.999999,1.000000,0,0,0,0
809,29,223,583,0.999999,1.000000,0.999999,1.000000,0,0,0,0
810,27,223,584,0.999999,1.000000,0.999999,1.000000,0,0,0,0
811,25,223,585,0.999999,1.000000,0.999999,1.000000,0,0,0,0
812,23,223,586,0.999999,1.000000,0.999999,1.000000,0,0,0,0
813,21,223,587,0.999999,1.000000,0.999999,1.000000,1,1,0,0
814,19,223,588,0.999999,1.000000,0.999999,1.000000,0,0,0,0
815,29,224,588,0.999999,1.000000,0.999999,1.000000,0,0,0,0
816,27,224,589,0.999999,1.000000,0.999999,1.000000,0,0,1,1
817,25,224,590,0.999999,1.000000,0.999999,1.000000,0,0,0,0
818,29,225,590,0.999999,1.000000,0.999999,1.000000,0,0,0,0
819,27,225,591,0.999999,1.000000,0.999999,1.000000,0,1,0,0
820,25,225,592,0.999999,1.000000,0.999999,1.000000,0,0,0,0
821,29,226,592,0.999999,1.000000,0.999999,1.000000,0,0,0,0
822,27,226,593,0.999999,1.000000,0.999999,1.000000,0,1,0,0
823,25,226,594,0.999999,1.000000,0.999999,1.000000,0,0,0,0
824,29,227,594,0.999999,1.000000,0.999999,1.000000,0,0,0,0
825,27,227,595,0.999999,1.000000,0.999999,1.000000,0,0,0,0
826,25,227,596,0.999999,1.000000,0.999999,1.000000,0,0,0,0
827,23,227,597,0.999999,1.000000,0.999999,1.000000,0,0,0,0
828,21,227,598,0.999999,1.000000,0.999999,1.000000,0,0,0,0
829,19,227,599,0.999999,1.000000,0.999999,1.000000,0,0,1,0
830,17,227,600,0.999999,1.000000,0.999999,1.000000,0,0,0,0
831,29,228,600,0.999999,1.000000,0.999999,1.000000,0,0,0,0
832,27,228,601,0.999999,1.000000,0.999999,1.000000,0,0,0,0
833,25,228,602,0.999999,1.000000,0.999999,1.000000,0,0,0,0
834,23,228,603,0.999999,1.000000,0.999999,1.000000,0,0,0,0
835,21,228,604,0.999999,1.000000,0.999999,1.000000,0,1,0,0
836,19,228,605,0.999999,1.000000,0.999999,1.000000,1,0,0,0
837,29,229,605,0.999999,1.000000,0.999999,1.000000,1,0,0,0
838,27,229,606,0.999999,1.000000,0.999999,1.000000,0,0,0,0
839,29,230,606,0.999999,1.000000,0.999999,1.000000,0,0,0,0
840,27,230,607,0.999999,1.000000,0.999999,1.000000,0,0,0,0
841,25,230,608,0.999999,1.000000,0.999999,1.000000,1,0,0,0
842,23,230,609,0.999999,1.000000,0.999999,1.000000,0,1,0,0
843,29,231,609,0.999999,1.000000,0.999999,1.000000,0,1,0,0
844,27,231,610,0.999999,1.000000,0.999999,1.000000,1,0,0,0
845,29,232,610,1.000000,1.000000,0.999999,1.000000,1,0,0,0
846,27,232,611,1.000000,1.000000,0.999999,1.000000,0,1,0,0
847,25,232,612,1.000000,1.000000,1.000000,1.000000,0,1,1,0
848,29,233,612,1.000000,1.000000,1.000000,1.000000,0,1,1,0
849,27,233,613,1.000000,1.000000,1.000000,1.000000,0,1,1,0
850,29,234,613,1.000000,1.000000,1.000000,1.000000,0,1,1,0
851,27,234,614,1.000000,1.000000,1.000000,1.000000,1,1,0,0
852,29,235,614,1.000000,1.000000,1.000000,1.000000,1,1,0,0
853,27,235,615,1.000000,1.000000,1.000000,1.000000,1,1,1,0
854,29,236,615,1.000000,1.000000,1.000000,1.000000,1,1,1,0
855,27,236,616,1.000000,1.000000,1.000000,1.000000,0,0,1,0
856,25,236,617,1.000000,1.000000,1.000000,1.000000,1,0,0,1
857,29,237,617,1.000000,1.000000,1.000000,1.000000,1,0,0,1
858,27,237,618,1.000000,1.000000,1.000000,1.000000,0,0,0,1
859,29,238,618,1.000000,1.000000,1.000000,1.000000,0,0,0,1
860,27,238,619,1.000000,1.000000,1.000000,1.000000,1,0,0,0
861,29,239,619,1.000000,1.000000,1.000000,1.000000,1,0,0,0
862,27,239,620,1.000000,1.000000,1.000000,1.000000,0,0,0,0
863,29,240,620,1.000000,1.000000,1.000000,1.000000,0,0,0,0
864,27,240,621,1.000000,1.000000,1.000000,1.000000,0,1,0,0
865,25,240,622,1.000000,1.000000,1.000000,1.000000,0,0,0,0
866,29,241,622,1.000000,1.000000,1.000000,1.000000,0,0,0,0
867,27,241,623,1.000000,1.000000,1.000000,1.000000,1,0,0,0
868,25,241,624,1.000000,1.000000,1.000000,1.000000,1,1,0,1
869,29,242,624,1.000000,1.000000,1.000000,1.000000,1,1,0,1
870,27,242,625,1.000000,1.000000,1.000000,1.000000,1,0,0,0
871,25,242,626,1.000000,1.000000,1.000000,1.000000,0,1,1,0
872,23,242,627,1.000000,1.000000,1.000000,1.000000,0,1,0,1
873,29,243,627,1.000000,1.000000,1.000000,1.000000,0,1,0,1
874,27,243,628,1.000000,1.000000,1.000000,1.000000,1,1,1,0
875,29,244,628,1.000000,1.000000,1.000000,1.000000,1,1,1,0
876,27,244,629,1.000000,1.000000,1.000000,1.000000,0,1,0,0
877,29,245,629,1.000000,1.000000,1.000000,1.000000,0,1,0,0
878,27,245,630,1.000000,1.000000,1.000000,1.000000,0,0,1,0
879,25,245,631,1.000000,1.000000,1.000000,1.000000,0,0,0,1
880,29,246,631,1.000000,1.000000,1.000000,1.000000,1,0,0,1
881,27,246,632,1.000000,1.000000,1.000000,1.000000,0,0,0,0
882,29,247,632,1.000000,1.000000,1.000000,1.000000,0,0,0,0
883,27,247,633,1.000000,1.000000,1.000000,1.000000,0,1,0,1
884,25,247,634,1.000000,1.000000,1.000000,1.000000,0,0,0,1
885,23,247,635,1.000000,1.000000,1.000000,1.000000,1,1,1,0
886,29,248,635,1.000000,1.000000,1.000000,1.000000,1,1,1,0
887,27,248,636,1.000000,1.000000,1.000000,1.000000,0,1,0,0
888,29,249,636,1.000000,1.000000,1.000000,1.000000,0,1,0,0
889,27,249,637,1.000000,1.000000,1.000000,1.000000,0,1,1,0
890,29,250,637,1.000000,1.000000,1.000000,1.000000,0,1,1,0
891,27,250,638,1.000000,1.000000,1.000000,1.000000,1,1,1,0
892,29,251,638,1.000000,1.000000,1.000000,1.000000,1,1,1,0
893,27,251,639,1.000000,1.000000,1.000000,1.000000,0,1,1,0
894,29,252,639,1.000000,1.000000,1.000000,1.000000,0,1,1,0
895,27,252,640,1.000000,1.000000,1.000000,1.000000,0,0,0,1
896,29,253,640,1.000000,1.000000,1.000000,1.000000,0,0,0,1
897,27,253,641,1.000000,1.000000,1.000000,1.000000,0,0,1,1
898,29,254,641,1.000000,1.000000,1.000000,1.000000,0,0,1,1
899,27,254,642,1.000000,1.000000,1.000000,1.000000,0,0,1,0
900,29,255,642,1.000000,1.000000,1.000000,1.000000,0,0,1,0
901,27,255,643,1.000000,1.000000,1.000000,1.000000,0,0,0,1
902,29,256,643,1.000000,1.000000,1.000000,1.000000,0,0,0,1
903,27,256,644,1.000000,1.000000,1.000000,1.000000,0,0,0,1
904,29,257,644,1.000000,1.000000,1.000000,1.000000,0,0,0,1
905,27,257,645,1.000000,1.000000,1.000000,1.000000,1,0,0,0
906,29,258,645,1.000000,1.000000,1.000000,1.000000,1,0,0,0
907,27,258,646,1.000000,1.000000,1.000000,1.000000,1,0,0,0
908,29,259,646,1.000000,1.000000,1.000000,1.000000,1,0,0,0
909,27,259,647,1.000000,1.000000,1.000000,1.000000,1,1,0,0
910,29,260,647,1.000000,1.000000,1.000000,1.000000,1,1,0,0
911,27,260,648,1.000000,1.000000,1.000000,1.000000,0,1,0,0
912,29,261,648,1.000000,1.000000,1.000000,1.000000,0,1,0,0
913,27,261,649,1.000000,1.000000,1.000000,1.000000,0,1,1,0
914,29,262,649,1.000000,1.000000,1.000000,1.000000,0,1,1,0
915,27,262,650,1.000000,1.000000,1.000000,1.000000,1,1,1,0
916,29,263,650,1.000000,1.000000,1.000000,1.000000,1,1,1,0
917,27,263,651,1.000000,1.000000,1.000000,1.000000,0,0,0,0
918,29,264,651,1.000000,1.000000,1.000000,1.000000,0,0,0,0
919,27,264,652,1.000000,1.000000,1.000000,1.000000,0,1,1,0
920,25,264,653,1.000000,1.000000,1.000000,1.000000,0,1,1,0
921,29,265,653,1.000000,1.000000,1.000000,1.000000,0,1,1,0
922,27,265,654,1.000000,1.000000,1.000000,1.000000,1,1,0,0
923,29,266,654,1.000000,1.000000,1.000000,1.000000,1,1,0,0
924,27,266,655,1.000000,1.000000,1.000000,1.000000,1,0,0,0
925,29,267,655,1.000000,1.000000,1.000000,1.000000,1,0,0,0
926,27,267,656,1.000000,1.000000,1.000000,1.000000,0,0,0,1
927,29,268,656,1.000000,1.000000,1.000000,1.000000,0,0,0,1
928,27,268,657,1.000000,1.000000,1.000000,1.000000,1,0,0,0
929,29,269,657,1.000000,1.000000,1.000000,1.000000,1,0,0,0
930,27,269,658,1.000000,1.000000,1.000000,1.000000,0,0,0,0
931,29,270,658,1.000000,1.000000,1.000000,1.000000,0,0,0,0
932,27,270,659,1.000000,1.000000,1.000000,1.000000,1,1,0,0
933,25,270,660,1.000000,1.000000,1.000000,1.000000,1,0,0,0
934,29,271,660,1.000000,1.000000,1.000000,1.000000,1,0,0,0
935,27,271,661,1.000000,1.000000,1.000000,1.000000,0,0,0,1
936,29,272,661,1.000000,1.000000,1.000000,1.000000,0,0,0,1
937,27,272,662,1.000000,1.000000,1.000000,1.000000,1,0,0,0
938,29,273,662,1.000000,1.000000,1.000000,1.000000,1,0,0,0
939,27,273,663,1.000000,1.000000,1.000000,1.000000,0,0,0,0
940,29,274,663,1.000000,1.000000,1.000000,1.000000,0,0,0,0
941,27,274,664,1.000000,1.000000,1.000000,1.000000,0,0,0,0
942,25,274,665,1.000000,1.000000,1.000000,1.000000,0,0,0,0
943,23,274,666,1.000000,1.000000,1.000000,1.000000,0,0,0,0
944,21,274,667,1.000000,1.000000,1.000000,1.000000,0,0,0,0
945,19,274,668,1.000000,1.000000,1.000000,1.000000,0,0,0,0
946,17,274,669,1.000000,1.000000,1.000000,1.000000,0,0,0,0
947,15,274,670,1.000000,1.000000,1.000000,1.000000,0,0,0,0
948,13,274,671,1.000000,1.000000,1.000000,1.000000,0,0,1,0
949,11,274,672,1.000000,1.000000,1.000000,1.000000,0,0,0,0
950,29,275,672,1.000000,1.000000,1.000000,1.000000,1,0,0,0
951,27,275,673,1.000000,1.000000,1.000000,1.000000,0,0,0,0
952,29,276,673,1.000000,1.000000,1.000000,1.000000,0,0,0,1
953,27,276,674,1.000000,1.000000,1.000000,1.000000,0,0,0,0
954,29,277,674,1.000000,1.000000,1.000000,1.000000,1,0,0,0
955,27,277,675,1.000000,1.000000,1.000000,1.000000,0,0,1,0
956,25,277,676,1.000000,1.000000,1.000000,1.000000,0,0,1,0
957,29,278,676,1.000000,1.000000,1.000000,1.000000,0,0,1,0
958,27,278,677,1.000000,1.000000,1.000000,1.000000,0,1,1,0
959,29,279,677,1.000000,1.000000,1.000000,1.000000,0,1,1,0
960,27,279,678,1.000000,1.000000,1.000000,1.000000,0,1,0,1
961,29,280,678,1.000000,1.000000,1.000000,1.000000,0,1,0,1
962,27,280,679,1.000000,1.000000,1.000000,1.000000,1,0,0,0
963,29,281,679,1.000000,1.000000,1.000000,1.000000,1,0,0,0
964,27,281,680,1.000000,1.000000,1.000000,1.000000,0,0,0,0
965,29,282,680,1.000000,1.000000,1.000000,1.000000,0,0,0,0
966,27,282,681,1.000000,1.000000,1.000000,1.000000,0,1,0,0
967,25,282,682,1.000000,1.000000,1.000000,1.000000,1,0,0,0
968,29,283,682,1.000000,1.000000,1.000000,1.000000,1,0,0,0
969,27,283,683,1.000000,1.000000,1.000000,1.000000,0,0,0,1
970,29,284,683,1.000000,1.000000,1.000000,1.000000,0,0,0,1
971,27,284,684,1.000000,1.000000,1.000000,1.000000,1,0,0,0
972,25,284,685,1.000000,1.000000,1.000000,1.000000,0,0,1,0
973,29,285,685,1.000000,1.000000,1.000000,1.000000,0,0,1,0
974,27,285,686,1.000000,1.000000,1.000000,1.000000,0,0,0,0
975,29,286,686,1.000000,1.000000,1.000000,1.000000,0,0,0,0
976,27,286,687,1.000000,1.000000,1.000000,1.000000,0,0,0,0
977,25,286,688,1.000000,1.000000,1.000000,1.000000,1,0,0,0
978,23,286,689,1.000000,1.000000,1.000000,1.000000,0,0,0,1
979,29,287,689,1.000000,1.000000,1.000000,1.000000,0,0,0,1
980,27,287,690,1.000000,1.000000,1.000000,1.000000,0,0,0,0
981,29,288,690,1.000000,1.000000,1.000000,1.000000,0,0,0,0
982,27,288,691,1.000000,1.000000,1.000000,1.000000,0,0,0,0
983,25,288,692,1.000000,1.000000,1.000000,1.000000,0,0,0,0
984,23,288,693,1.000000,1.000000,1.000000,1.000000,0,0,0,0
985,21,288,694,1.000000,1.000000,1.000000,1.000000,0,0,0,0
986,19,288,695,1.000000,1.000000,1.000000,1.000000,1,0,0,0
987,17,288,696,1.000000,1.000000,1.000000,1.000000,0,0,0,0
988,29,289,696,1.000000,1.000000,1.000000,1.000000,0,0,0,0
989,27,289,697,1.000000,1.000000,1.000000,1.000000,0,0,0,1
990,25,289,698,1.000000,1.000000,1.000000,1.000000,0,0,0,0
991,29,290,698,1.000000,1.000000,1.000000,1.000000,0,0,0,0
992,27,290,699,1.000000,1.000000,1.000000,1.000000,0,0,0,0
993,25,290,700,1.000000,1.000000,1.000000,1.000000,0,0,0,1
994,23,290,701,1.000000,1.000000,1.000000,1.000000,0,0,0,0
995,29,291,701,1.000000,1.000000,1.000000,1.000000,0,0,0,0
996,27,291,702,1.000000,1.000000,1.000000,1.000000,0,0,0,0
997,25,291,703,1.000000,1.000000,1.000000,1.000000,0,0,0,0
998,23,291,704,1.000000,1.000000,1.000000,1.000000,0,0,0,0
999,21,291,705,1.000000,1.000000,1.000000,1.000000,0,0,0,0
1000,19,291,706,1.000000,1.000000,1.000000,1.000000,0,0,0,0
1001,17,291,707,1.000000,1.000000,1.000000,1.000000,1,0,0,0
1002,15,291,708,1.000000,1.000000,1.000000,1.000000,1,0,0,1
1003,29,292,708,1.000000,1.000000,1.000000,1.000000,1,0,0,1
1004,27,292,709,1.000000,1.000000,1.000000,1.000000,0,0,0,0
1005,29,293,709,1.000000,1.000000,1.000000,1.000000,0,0,0,0
1006,27,293,710,1.000000,1.000000,1.000000,1.000000,0,1,0,0
1007,25,293,711,1.000000,1.000000,1.000000,1.000000,0,0,0,0
1008,23,293,712,1.000000,1.000000,1.000000,1.000000,0,0,0,0
1009,21,293,713,1.000000,1.000000,1.000000,1.000000,1,0,0,0
1010,19,293,714,1.000000,1.000000,1.000000,1.000000,1,0,0,1
1011,29,294,714,1.000000,1.000000,1.000000,1.000000,1,0,0,1
1012,27,294,715,1.000000,1.000000,1.000000,1.000000,0,0,0,1
1013,29,295,715,1.000000,1.000000,1.000000,1.000000,0,0,0,1
1014,27,295,716,1.000000,1.000000,1.000000,1.000000,0,0,1,0
1015,29,296,716,1.000000,1.000000,1.000000,1.000000,0,0,1,0
1016,27,296,717,1.000000,1.000000,1.000000,1.000000,0,0,0,0
1017,29,297,717,1.000000,1.000000,1.000000,1.000000,0,0,0,0
1018,27,297,718,1.000000,1.000000,1.000000,1.000000,0,0,0,0
1019,25,297,719,1.000000,1.000000,1.000000,1.000000,0,0,0,0
1020,23,297,720,1.000000,1.000000,1.000000,1.000000,1,0,0,0
1021,21,297,721,1.000000,1.000000,1.000000,1.000000,1,0,0,1
1022,29,298,721,1.000000,1.000000,1.000000,1.000000,1,0,0,1
1023,27,298,722,1.000000,1.000000,1.000000,1.000000,0,0,0,0
1024,29,299,722,1.000000,1.000000,1.000000,1.000000,0,0,0,0
1025,27,299,723,1.000000,1.000000,1.000000,1.000000,1,0,0,0
1026,25,299,724,1.000000,1.000000,1.000000,1.000000,0,0,0,0
1027,29,300,724,1.000000,1.000000,1.000000,1.000000,0,0,0,0
1028,27,300,725,1.000000,1.000000,1.000000,1.000000,0,0,0,0
1029,25,300,726,1.000000,1.000000,1.000000,1.000000,1,1,0,0
1030,23,300,727,1.000000,1.000000,1.000000,1.000000,0,0,0,0
1031,29,301,727,1.000000,1.000000,1.000000,1.000000,0,0,0,0
1032,27,301,728,1.000000,1.000000,1.000000,1.000000,1,0,0,0
1033,25,301,729,1.000000,1.000000,1.000000,1.000000,0,0,0,0
1034,29,302,729,1.000000,1.000000,1.000000,1.000000,0,0,0,0
1035,27,302,730,1.000000,1.000000,1.000000,1.000000,1,0,0,0
1036,25,302,731,1.000000,1.000000,1.000000,1.000000,0,0,0,0
1037,23,302,732,1.000000,1.000000,1.000000,1.000000,0,0,1,0
1038,21,302,733,1.000000,1.000000,1.000000,1.000000,0,0,0,0
1039,29,303,733,1.000000,1.000000,1.000000,1.000000,0,0,0,0
1040,27,303,734,1.000000,1.000000,1.000000,1.000000,0,0,0,0
1041,25,303,735,1.000000,1.000000,1.000000,1.000000,0,0,0,0
1042,23,303,736,1.000000,1.000000,1.000000,1.000000,0,0,0,1
1043,21,303,737,1.000000,1.000000,1.000000,1.000000,0,0,0,0
1044,29,304,737,1.000000,1.000000,1.000000,1.000000,0,0,0,0
1045,27,304,738,1.000000,1.000000,1.000000,1.000000,0,0,0,0
1046,25,304,739,1.000000,1.000000,1.000000,1.000000,0,0,0,0
1047,23,304,740,1.000000,1.000000,1.000000,1.000000,0,0,0,0
1048,21,304,741,1.000000,1.000000,1.000000,1.000000,0,0,0,0
1049,29,305,741,1.000000,1.000000,1.000000,1.000000,0,0,0,0
1050,27,305,742,1.000000,1.000000,1.000000,1.000000,0,0,0,0
1051,25,305,743,1.000000,1.000000,1.000000,1.000000,1,0,0,0
1052,23,305,744,1.000000,1.000000,1.000000,1.000000,0,0,0,1
1053,29,306,744,1.000000,1.000000,1.000000,1.000000,0,0,0,1
1054,27,306,745,1.000000,1.000000,1.000000,1.000000,0,0,0,0
1055,29,307,745,1.000000,1.000000,1.000000,1.000000,0,0,0,0
1056,27,307,746,1.000000,1.000000,1.000000,1.000000,0,0,0,0
1057,25,307,747,1.000000,1.000000,1.000000,1.000000,0,0,0,0
1058,23,307,748,1.000000,1.000000,1.000000,1.000000,0,0,0,0
1059,21,307,749,1.000000,1.000000,1.000000,1.000000,0,1,1,0
1060,19,307,750,1.000000,1.000000,1.000000,1.000000,0,0,1,0
1061,17,307,751,1.000000,1.000000,1.000000,1.000000,1,0,0,1
1062,29,308,751,1.000000,1.000000,1.000000,1.000000,1,0,0,1
1063,27,308,752,1.000000,1.000000,1.000000,1.000000,0,0,0,0
1064,29,309,752,1.000000,1.000000,1.000000,1.000000,0,0,0,0
1065,27,309,753,1.000000,1.000000,1.000000,1.000000,0,1,0,1
1066,25,309,754,1.000000,1.000000,1.000000,1.000000,0,0,0,0
1067,29,310,754,1.000000,1.000000,1.000000,1.000000,0,0,0,0
1068,27,310,755,1.000000,1.000000,1.000000,1.000000,0,1,0,0
1069,25,310,756,1.000000,1.000000,1.000000,1.000000,0,0,0,0
1070,29,311,756,1.000000,1.000000,1.000000,1.000000,0,0,0,0
1071,27,311,757,1.000000,1.000000,1.000000,1.000000,0,0,0,0
1072,25,311,758,1.000000,1.000000,1.000000,1.000000,0,1,0,0
1073,23,311,759,1.000000,1.000000,1.000000,1.000000,0,0,0,0
1074,29,312,759,1.000000,1.000000,1.000000,1.000000,0,0,0,0
1075,27,312,760,1.000000,1.000000,1.000000,1.000000,0,1,0,0
1076,25,312,761,1.000000,1.000000,1.000000,1.000000,0,0,0,0
1077,29,313,761,1.000000,1.000000,1.000000,1.000000,0,0,0,0
1078,27,313,762,1.000000,1.000000,1.000000,1.000000,1,1,0,0
1079,25,313,763,1.000000,1.000000,1.000000,1.000000,0,0,0,0
1080,29,314,763,1.000000,1.000000,1.000000,1.000000,0,0,0,0
1081,27,314,764,1.000000,1.000000,1.000000,1.000000,0,0,0,1
1082,25,314,765,1.000000,1.000000,1.000000,1.000000,0,0,0,0
1083,29,315,765,1.000000,1.000000,1.000000,1.000000,0,0,0,0
1084,27,315,766,1.000000,1.000000,1.000000,1.000000,0,0,0,0
1085,25,315,767,1.000000,1.000000,1.000000,1.000000,0,0,0,0
1086,23,315,768,1.000000,1.000000,1.000000,1.000000,0,0,0,0
1087,21,315,769,1.000000,1.000000,1.000000,1.000000,1,0,0,1
1088,19,315,770,1.000000,1.000000,1.000000,1.000000,0,0,0,0
1089,29,316,770,1.000000,1.000000,1.000000,1.000000,0,0,0,0
1090,27,316,771,1.000000,1.000000,1.000000,1.000000,0,0,0,0
1091,25,316,772,1.000000,1.000000,1.000000,1.000000,0,0,0,0
1092,23,316,773,1.000000,1.000000,1.000000,1.000000,0,0,0,1
1093,21,316,774,1.000000,1.000000,1.000000,1.000000,0,0,1,0
1094,29,317,774,1.000000,1.000000,1.000000,1.000000,0,0,1,0
1095,27,317,775,1.000000,1.000000,1.000000,1.000000,0,0,0,1
1096,29,318,775,1.000000,1.000000,1.000000,1.000000,0,0,0,1
1097,27,318,776,1.000000,1.000000,1.000000,1.000000,0,0,0,0
1098,29,319,776,1.000000,1.000000,1.000000,1.000000,0,0,0,0
1099,27,319,777,1.000000,1.000000,1.000000,1.000000,0,0,0,0
1100,25,319,778,1.000000,1.000000,1.000000,1.000000,0,0,0,0
1101,23,319,779,1.000000,1.000000,1.000000,1.000000,0,0,1,1
1102,21,319,780,1.000000,1.000000,1.000000,1.000000,0,0,0,0
1103,29,320,780,1.000000,1.000000,1.000000,1.000000,0,0,0,0
1104,27,320,781,1.000000,1.000000,1.000000,1.000000,0,0,0,0
1105,25,320,782,1.000000,1.000000,1.000000,1.000000,0,0,0,0
1106,23,320,783,1.000000,1.000000,1.000000,1.000000,1,0,0,0
1107,21,320,784,1.000000,1.000000,1.000000,1.000000,0,0,0,0
1108,29,321,784,1.000000,1.000000,1.000000,1.000000,0,0,0,0
1109,27,321,785,1.000000,1.000000,1.000000,1.000000,0,1,0,0
1110,25,321,786,1.000000,1.000000,1.000000,1.000000,0,0,1,0
1111,23,321,787,1.000000,1.000000,1.000000,1.000000,1,0,0,0
1112,29,322,787,1.000000,1.000000,1.000000,1.000000,1,0,0,1
1113,27,322,788,1.000000,1.000000,1.000000,1.000000,0,0,0,0
1114,29,323,788,1.000000,1.000000,1.000000,1.000000,0,0,0,0
1115,27,323,789,1.000000,1.000000,1.000000,1.000000,0,0,1,0
1116,25,323,790,1.000000,1.000000,1.000000,1.000000,0,1,1,0
1117,23,323,791,1.000000,1.000000,1.000000,1.000000,1,1,0,0
1118,29,324,791,1.000000,1.000000,1.000000,1.000000,1,1,0,0
1119,27,324,792,1.000000,1.000000,1.000000,1.000000,1,0,0,0
1120,29,325,792,1.000000,1.000000,1.000000,1.000000,1,0,0,0
1121,27,325,793,1.000000,1.000000,1.000000,1.000000,0,0,0,1
1122,29,326,793,1.000000,1.000000,1.000000,1.000000,0,0,0,1
1123,27,326,794,1.000000,1.000000,1.000000,1.000000,0,0,0,0
1124,29,327,794,1.000000,1.000000,1.000000,1.000000,0,0,0,0
1125,27,327,795,1.000000,1.000000,1.000000,1.000000,0,0,0,0
1126,25,327,796,1.000000,1.000000,1.000000,1.000000,0,0,0,0
1127,23,327,797,1.000000,1.000000,1.000000,1.000000,0,0,0,0
1128,21,327,798,1.000000,1.000000,1.000000,1.000000,0,1,0,0
1129,19,327,799,1.000000,1.000000,1.000000,1.000000,0,0,0,0
1130,17,327,800,1.000000,1.000000,1.000000,1.000000,0,0,0,0
1131,15,327,801,1.000000,1.000000,1.000000,1.000000,0,0,0,0
1132,13,327,802,1.000000,1.000000,1.000000,1.000000,0,1,0,0
1133,11,327,803,1.000000,1.000000,1.000000,1.000000,0,1,0,0
1134,29,328,803,1.000000,1.000000,1.000000,1.000000,0,1,0,0
1135,27,328,804,1.000000,1.000000,1.000000,1.000000,1,0,0,0
1136,29,329,804,1.000000,1.000000,1.000000,1.000000,1,0,0,0
1137,27,329,805,1.000000,1.000000,1.000000,1.000000,0,0,0,0
1138,25,329,806,1.000000,1.000000,1.000000,1.000000,0,0,0,0
1139,23,329,807,1.000000,1.000000,1.000000,1.000000,0,0,1,0
1140,21,329,808,1.000000,1.000000,1.000000,1.000000,0,0,0,1
1141,29,330,808,1.000000,1.000000,1.000000,1.000000,0,0,0,1
1142,27,330,809,1.000000,1.000000,1.000000,1.000000,0,0,0,0
1143,29,331,809,1.000000,1.000000,1.000000,1.000000,0,0,0,0
1144,27,331,810,1.000000,1.000000,1.000000,1.000000,0,0,0,0
1145,25,331,811,1.000000,1.000000,1.000000,1.000000,0,0,0,0
1146,23,331,812,1.000000,1.000000,1.000000,1.000000,0,0,0,0
1147,21,331,813,1.000000,1.000000,1.000000,1.000000,0,0,1,0
1148,19,331,814,1.000000,1.000000,1.000000,1.000000,0,0,0,0
1149,29,332,814,1.000000,1.000000,1.000000,1.000000,0,0,0,0
1150,27,332,815,1.000000,1.000000,1.000000,1.000000,0,0,0,0
1151,25,332,816,1.000000,1.000000,1.000000,1.000000,0,0,0,0
1152,23,332,817,1.000000,1.000000,1.000000,1.000000,0,0,0,0
1153,21,332,818,1.000000,1.000000,1.000000,1.000000,0,0,0,0
1154,19,332,819,1.000000,1.000000,1.000000,1.000000,0,0,0,0
1155,17,332,820,1.000000,1.000000,1.000000,1.000000,0,0,0,0
1156,29,333,820,1.000000,1.000000,1.000000,1.000000,0,0,0,0
1157,27,333,821,1.000000,1.000000,1.000000,1.000000,0,0,0,0
1158,25,333,822,1.000000,1.000000,1.000000,1.000000,1,0,0,0
1159,23,333,823,1.000000,1.000000,1.000000,1.000000,0,1,0,0
1160,29,334,823,1.000000,1.000000,1.000000,1.000000,0,1,0,0
1161,27,334,824,1.000000,1.000000,1.000000,1.000000,1,0,0,0
1162,25,334,825,1.000000,1.000000,1.000000,1.000000,0,0,1,0
1163,23,334,826,1.000000,1.000000,1.000000,1.000000,1,0,0,0
1164,29,335,826,1.000000,1.000000,1.000000,1.000000,1,0,0,0
1165,27,335,827,1.000000,1.000000,1.000000,1.000000,0,0,0,0
1166,29,336,827,1.000000,1.000000,1.000000,1.000000,0,0,0,0
1167,27,336,828,1.000000,1.000000,1.000000,1.000000,0,0,0,0
1168,25,336,829,1.000000,1.000000,1.000000,1.000000,0,1,0,0
1169,23,336,830,1.000000,1.000000,1.000000,1.000000,0,0,0,0
1170,29,337,830,1.000000,1.000000,1.000000,1.000000,0,0,0,0
1171,27,337,831,1.000000,1.000000,1.000000,1.000000,0,0,1,0
1172,25,337,832,1.000000,1.000000,1.000000,1.000000,0,0,0,0
1173,29,338,832,1.000000,1.000000,1.000000,1.000000,0,0,0,0
1174,27,338,833,1.000000,1.000000,1.000000,1.000000,0,0,1,0
1175,25,338,834,1.000000,1.000000,1.000000,1.000000,0,0,0,0
1176,29,339,834,1.000000,1.000000,1.000000,1.000000,0,0,0,0
1177,27,339,835,1.000000,1.000000,1.000000,1.000000,0,0,0,0
1178,25,339,836,1.000000,1.000000,1.000000,1.000000,0,1,0,0
1179,23,339,837,1.000000,1.000000,1.000000,1.000000,0,0,0,0
1180,29,340,837,1.000000,1.000000,1.000000,1.000000,0,0,0,0
1181,27,340,838,1.000000,1.000000,1.000000,1.000000,0,0,0,0
1182,25,340,839,1.000000,1.000000,1.000000,1.000000,0,0,0,0
1183,23,340,840,1.000000,1.000000,1.000000,1.000000,0,0,0,0
1184,21,340,841,1.000000,1.000000,1.000000,1.000000,0,0,0,0
1185,19,340,842,1.000000,1.000000,1.000000,1.000000,0,0,0,0
1186,17,340,843,1.000000,1.000000,1.000000,1.000000,1,0,0,0
1187,15,340,844,1.000000,1.000000,1.000000,1.000000,0,0,0,0
1188,29,341,844,1.000000,1.000000,1.000000,1.000000,0,0,0,0
1189,27,341,845,1.000000,1.000000,1.000000,1.000000,0,0,0,0
1190,25,341,846,1.000000,1.000000,1.000000,1.000000,0,0,0,0
1191,23,341,847,1.000000,1.000000,1.000000,1.000000,0,0,0,0
1192,21,341,848,1.000000,1.000000,1.000000,1.000000,0,0,0,0
1193,19,341,849,1.000000,1.000000,1.000000,1.000000,0,0,0,0
1194,17,341,850,1.000000,1.000000,1.000000,1.000000,1,0,0,0
1195,15,341,851,1.000000,1.000000,1.000000,1.000000,1,0,0,0
1196,29,342,851,1.000000,1.000000,1.000000,1.000000,1,0,0,0
1197,27,342,852,1.000000,1.000000,1.000000,1.000000,0,0,0,0
1198,29,343,852,1.000000,1.000000,1.000000,1.000000,0,0,0,0
1199,27,343,853,1.000000,1.000000,1.000000,1.000000,1,0,0,0
1200,25,343,854,1.000000,1.000000,1.000000,1.000000,0,0,0,0
1201,29,344,854,1.000000,1.000000,1.000000,1.000000,0,0,0,0
1202,27,344,855,1.000000,1.000000,1.000000,1.000000,0,0,0,0
1203,25,344,856,1.000000,1.000000,1.000000,1.000000,0,0,0,0
1204,23,344,857,1.000000,1.000000,1.000000,1.000000,0,0,0,0
1205,21,344,858,1.000000,1.000000,1.000000,1.000000,0,0,0,0
1206,19,344,859,1.000000,1.000000,1.000000,1.000000,0,0,0,0
1207,17,344,860,1.000000,1.000000,1.000000,1.000000,1,0,0,0
1208,15,344,861,1.000000,1.000000,1.000000,1.000000,1,0,0,0
1209,29,345,861,1.000000,1.000000,1.000000,1.000000,1,0,0,0
1210,27,345,862,1.000000,1.000000,1.000000,1.000000,0,1,0,0
1211,25,345,863,1.000000,1.000000,1.000000,1.000000,0,0,0,0
1212,29,346,863,1.000000,1.000000,1.000000,1.000000,0,0,0,0
1213,27,346,864,1.000000,1.000000,1.000000,1.000000,0,0,0,0
1214,25,346,865,1.000000,1.000000,1.000000,1.000000,0,1,0,0
1215,23,346,866,1.000000,1.000000,1.000000,1.000000,0,0,0,0
1216,29,347,866,1.000000,1.000000,1.000000,1.000000,0,0,0,0
1217,27,347,867,1.000000,1.000000,1.000000,1.000000,0,0,0,0
1218,25,347,868,1.000000,1.000000,1.000000,1.000000,0,0,1,0
1219,23,347,869,1.000000,1.000000,1.000000,1.000000,0,0,0,0
1220,29,348,869,1.000000,1.000000,1.000000,1.000000,0,0,0,0
1221,27,348,870,1.000000,1.000000,1.000000,1.000000,0,1,1,0
1222,25,348,871,1.000000,1.000000,1.000000,1.000000,0,0,0,0
1223,29,349,871,1.000000,1.000000,1.000000,1.000000,0,0,0,0
1224,27,349,872,1.000000,1.000000,1.000000,1.000000,1,0,0,0
1225,25,349,873,1.000000,1.000000,1.000000,1.000000,0,0,0,0
1226,23,349,874,1.000000,1.000000,1.000000,1.000000,0,0,0,1
1227,21,349,875,1.000000,1.000000,1.000000,1.000000,0,0,1,0
1228,29,350,875,1.000000,1.000000,1.000000,1.000000,0,0,1,0
1229,27,350,876,1.000000,1.000000,1.000000,1.000000,0,0,0,0
1230,29,351,876,1.000000,1.000000,1.000000,1.000000,0,0,0,0
1231,27,351,877,1.000000,1.000000,1.000000,1.000000,0,0,0,0
1232,25,351,878,1.000000,1.000000,1.000000,1.000000,0,0,0,0
1233,23,351,879,1.000000,1.000000,1.000000,1.000000,0,1,0,0
1234,21,351,880,1.000000,1.000000,1.000000,1.000000,0,0,0,0
1235,29,352,880,1.000000,1.000000,1.000000,1.000000,0,0,0,0
1236,27,352,881,1.000000,1.000000,1.000000,1.000000,0,1,0,0
1237,25,352,882,1.000000,1.000000,1.000000,1.000000,0,0,0,0
1238,29,353,882,1.000000,1.000000,1.000000,1.000000,0,0,0,0
1239,27,353,883,1.000000,1.000000,1.000000,1.000000,0,1,0,0
1240,25,353,884,1.000000,1.000000,1.000000,1.000000,0,0,0,0
1241,29,354,884,1.000000,1.000000,1.000000,1.000000,0,0,0,0
1242,27,354,885,1.000000,1.000000,1.000000,1.000000,0,0,0,0
1243,25,354,886,1.000000,1.000000,1.000000,1.000000,0,0,0,0
1244,23,354,887,1.000000,1.000000,1.000000,1.000000,0,1,0,0
1245,21,354,888,1.000000,1.000000,1.000000,1.000000,0,0,1,0
1246,19,354,889,1.000000,1.000000,1.000000,1.000000,0,0,1,0
1247,17,354,890,1.000000,1.000000,1.000000,1.000000,1,1,0,1
1248,29,355,890,1.000000,1.000000,1.000000,1.000000,1,1,0,1
1249,27,355,891,1.000000,1.000000,1.000000,1.000000,0,0,0,0
1250,29,356,891,1.000000,1.000000,1.000000,1.000000,0,0,0,0
1251,27,356,892,1.000000,1.000000,1.000000,1.000000,0,0,1,1
1252,25,356,893,1.000000,1.000000,1.000000,1.000000,0,0,0,1
1253,29,357,893,1.000000,1.000000,1.000000,1.000000,0,0,0,1
1254,27,357,894,1.000000,1.000000,1.000000,1.000000,1,0,0,0
1255,29,358,894,1.000000,1.000000,1.000000,1.000000,1,0,0,0
1256,27,358,895,1.000000,1.000000,1.000000,1.000000,0,0,0,0
1257,29,359,895,1.000000,1.000000,1.000000,1.000000,0,0,0,0
1258,27,359,896,1.000000,1.000000,1.000000,1.000000,0,0,0,0
1259,25,359,897,1.000000,1.000000,1.000000,1.000000,0,0,0,0
1260,23,359,898,1.000000,1.000000,1.000000,1.000000,0,0,0,0
1261,21,359,899,1.000000,1.000000,1.000000,1.000000,0,0,0,0
1262,19,359,900,1.000000,1.000000,1.000000,1.000000,0,0,0,0
1263,17,359,901,1.000000,1.000000,1.000000,1.000000,0,0,0,1
1264,15,359,902,1.000000,1.000000,1.000000,1.000000,0,0,0,1
1265,29,360,902,1.000000,1.000000,1.000000,1.000000,0,0,0,1
1266,27,360,903,1.000000,1.000000,1.000000,1.000000,0,0,0,1
1267,29,361,903,1.000000,1.000000,1.000000,1.000000,0,0,0,1
1268,27,361,904,1.000000,1.000000,1.000000,1.000000,1,0,0,0
1269,29,362,904,1.000000,1.000000,1.000000,1.000000,1,0,0,0
1270,27,362,905,1.000000,1.000000,1.000000,1.000000,0,0,0,0
1271,29,363,905,1.000000,1.000000,1.000000,1.000000,0,0,0,0
1272,27,363,906,1.000000,1.000000,1.000000,1.000000,0,0,0,0
1273,25,363,907,1.000000,1.000000,1.000000,1.000000,0,0,0,0
1274,23,363,908,1.000000,1.000000,1.000000,1.000000,0,0,0,0
1275,21,363,909,1.000000,1.000000,1.000000,1.000000,0,0,0,0
1276,19,363,910,1.000000,1.000000,1.000000,1.000000,0,0,0,0
1277,17,363,911,1.000000,1.000000,1.000000,1.000000,0,0,0,0
1278,15,363,912,1.000000,1.000000,1.000000,1.000000,0,0,0,0
1279,13,363,913,1.000000,1.000000,1.000000,1.000000,0,1,0,0
1280,11,363,914,1.000000,1.000000,1.000000,1.000000,0,0,0,0
1281,29,364,914,1.000000,1.000000,1.000000,1.000000,0,0,0,1
1282,27,364,915,1.000000,1.000000,1.000000,1.000000,0,0,0,0
1283,29,365,915,1.000000,1.000000,1.000000,1.000000,0,0,0,1
1284,27,365,916,1.000000,1.000000,1.000000,1.000000,0,0,0,0
1285,29,366,916,1.000000,1.000000,1.000000,1.000000,1,0,0,0
1286,27,366,917,1.000000,1.000000,1.000000,1.000000,0,0,0,0
1287,29,367,917,1.000000,1.000000,1.000000,1.000000,0,0,0,0
1288,27,367,918,1.000000,1.000000,1.000000,1.000000,0,0,0,1
1289,25,367,919,1.000000,1.000000,1.000000,1.000000,0,0,0,0
1290,23,367,920,1.000000,1.000000,1.000000,1.000000,0,0,0,1
1291,21,367,921,1.000000,1.000000,1.000000,1.000000,0,0,0,0
1292,29,368,921,1.000000,1.000000,1.000000,1.000000,0,0,0,0
1293,27,368,922,1.000000,1.000000,1.000000,1.000000,0,0,0,0
1294,25,368,923,1.000000,1.000000,1.000000,1.000000,0,0,0,0
1295,23,368,924,1.000000,1.000000,1.000000,1.000000,0,0,0,0
1296,21,368,925,1.000000,1.000000,1.000000,1.000000,0,0,0,0
1297,19,368,926,1.000000,1.000000,1.000000,1.000000,0,0,0,0
1298,17,368,927,1.000000,1.000000,1.000000,1.000000,0,0,0,0
1299,15,368,928,1.000000,1.000000,1.000000,1.000000,0,0,0,1
1300,13,368,929,1.000000,1.000000,1.000000,1.000000,0,1,0,1
1301,11,368,930,1.000000,1.000000,1.000000,1.000000,1,0,0,0
1302,9,368,931,1.000000,1.000000,1.000000,1.000000,0,0,1,1
1303,29,369,931,1.000000,1.000000,1.000000,1.000000,0,0,1,1
1304,27,369,932,1.000000,1.000000,1.000000,1.000000,0,0,0,0
1305,29,370,932,1.000000,1.000000,1.000000,1.000000,0,0,0,0
1306,27,370,933,1.000000,1.000000,1.000000,1.000000,0,1,0,0
1307,25,370,934,1.000000,1.000000,1.000000,1.000000,0,0,0,0
1308,29,371,934,1.000000,1.000000,1.000000,1.000000,0,0,0,0
1309,27,371,935,1.000000,1.000000,1.000000,1.000000,0,0,0,0
1310,25,371,936,1.000000,1.000000,1.000000,1.000000,0,0,0,0
1311,23,371,937,1.000000,1.000000,1.000000,1.000000,0,0,0,0
1312,21,371,938,1.000000,1.000000,1.000000,1.000000,0,0,0,0
1313,19,371,939,1.000000,1.000000,1.000000,1.000000,0,0,0,0
1314,17,371,940,1.000000,1.000000,1.000000,1.000000,0,0,1,0
1315,15,371,941,1.000000,1.000000,1.000000,1.000000,0,0,0,0
1316,13,371,942,1.000000,1.000000,1.000000,1.000000,0,0,1,0
1317,11,371,943,1.000000,1.000000,1.000000,1.000000,0,0,0,0
1318,29,372,943,1.000000,1.000000,1.000000,1.000000,0,0,0,0
1319,27,372,944,1.000000,1.000000,1.000000,1.000000,0,0,1,0
1320,25,372,945,1.000000,1.000000,1.000000,1.000000,0,1,0,0
1321,23,372,946,1.000000,1.000000,1.000000,1.000000,0,0,1,0
1322,29,373,946,1.000000,1.000000,1.000000,1.000000,0,0,1,0
1323,27,373,947,1.000000,1.000000,1.000000,1.000000,0,1,1,0
1324,25,373,948,1.000000,1.000000,1.000000,1.000000,1,0,0,0
1325,29,374,948,1.000000,1.000000,1.000000,1.000000,1,0,0,0
1326,27,374,949,1.000000,1.000000,1.000000,1.000000,0,1,0,0
1327,29,375,949,1.000000,1.000000,1.000000,1.000000,0,1,0,0
1328,27,375,950,1.000000,1.000000,1.000000,1.000000,0,0,0,0
1329,29,376,950,1.000000,1.000000,1.000000,1.000000,0,0,0,0
1330,27,376,951,1.000000,1.000000,1.000000,1.000000,0,1,0,0
1331,25,376,952,1.000000,1.000000,1.000000,1.000000,1,0,0,0
1332,29,377,952,1.000000,1.000000,1.000000,1.000000,1,0,0,0
1333,27,377,953,1.000000,1.000000,1.000000,1.000000,1,0,0,0
1334,29,378,953,1.000000,1.000000,1.000000,1.000000,1,0,0,0
1335,27,378,954,1.000000,1.000000,1.000000,1.000000,0,0,0,0
1336,29,379,954,1.000000,1.000000,1.000000,1.000000,0,0,0,0
1337,27,379,955,1.000000,1.000000,1.000000,1.000000,0,0,0,0
1338,25,379,956,1.000000,1.000000,1.000000,1.000000,0,0,0,0
1339,23,379,957,1.000000,1.000000,1.000000,1.000000,0,0,0,0
1340,21,379,958,1.000000,1.000000,1.000000,1.000000,0,0,0,0
1341,19,379,959,1.000000,1.000000,1.000000,1.000000,0,0,0,1
1342,17,379,960,1.000000,1.000000,1.000000,1.000000,0,0,1,0
1343,29,380,960,1.000000,1.000000,1.000000,1.000000,0,0,1,0
1344,27,380,961,1.000000,1.000000,1.000000,1.000000,0,1,1,0
1345,29,381,961,1.000000,1.000000,1.000000,1.000000,0,1,1,0
1346,27,381,962,1.000000,1.000000,1.000000,1.000000,0,0,0,0
1347,29,382,962,1.000000,1.000000,1.000000,1.000000,0,0,0,0
1348,27,382,963,1.000000,1.000000,1.000000,1.000000,0,1,0,0
1349,25,382,964,1.000000,1.000000,1.000000,1.000000,1,0,0,0
1350,29,383,964,1.000000,1.000000,1.000000,1.000000,1,0,0,0
1351,27,383,965,1.000000,1.000000,1.000000,1.000000,1,0,0,0
1352,29,384,965,1.000000,1.000000,1.000000,1.000000,1,0,0,0
1353,27,384,966,1.000000,1.000000,1.000000,1.000000,0,0,0,0
1354,29,385,966,1.000000,1.000000,1.000000,1.000000,0,0,0,0
1355,27,385,967,1.000000,1.000000,1.000000,1.000000,0,0,0,0
1356,25,385,968,1.000000,1.000000,1.000000,1.000000,0,0,0,0
1357,23,385,969,1.000000,1.000000,1.000000,1.000000,0,0,0,0
1358,21,385,970,1.000000,1.000000,1.000000,1.000000,0,0,0,0
1359,19,385,971,1.000000,1.000000,1.000000,1.000000,0,0,0,0
1360,17,385,972,1.000000,1.000000,1.000000,1.000000,0,0,0,0
1361,15,385,973,1.000000,1.000000,1.000000,1.000000,0,0,0,0
1362,13,385,974,1.000000,1.000000,1.000000,1.000000,0,0,0,0
1363,11,385,975,1.000000,1.000000,1.000000,1.000000,0,0,0,0
1364,9,385,976,1.000000,1.000000,1.000000,1.000000,0,0,0,0
1365,7,385,977,1.000000,1.000000,1.000000,1.000000,0,0,0,0
1366,5,385,978,1.000000,1.000000,1.000000,1.000000,0,0,0,0
1367,3,385,979,1.000000,1.000000,1.000000,1.000000,0,0,0,0
1368,1,385,980,1.000000,1.000000,1.000000,1.000000,0,0,1,0
1369,29,386,980,1.000000,1.000000,1.000000,1.000000,0,0,1,0
1370,27,386,981,1.000000,1.000000,1.000000,1.000000,0,0,1,0
1371,29,387,981,1.000000,1.000000,1.000000,1.000000,0,0,1,0
1372,27,387,982,1.000000,1.000000,1.000000,1.000000,0,0,0,0
1373,25,387,983,1.000000,1.000000,1.000000,1.000000,0,1,0,0
1374,23,387,984,1.000000,1.000000,1.000000,1.000000,0,0,0,0
1375,29,388,984,1.000000,1.000000,1.000000,1.000000,0,0,0,0
1376,27,388,985,1.000000,1.000000,1.000000,1.000000,1,0,0,0
1377,25,388,986,1.000000,1.000000,1.000000,1.000000,1,0,0,0
1378,23,388,987,1.000000,1.000000,1.000000,1.000000,0,0,0,1
1379,29,389,987,1.000000,1.000000,1.000000,1.000000,0,0,0,1
1380,27,389,988,1.000000,1.000000,1.000000,1.000000,1,0,0,1
1381,29,390,988,1.000000,1.000000,1.000000,1.000000,1,0,0,1
1382,27,390,989,1.000000,1.000000,1.000000,1.000000,0,0,0,1
1383,29,391,989,1.000000,1.000000,1.000000,1.000000,0,0,0,1
1384,27,391,990,1.000000,1.000000,1.000000,1.000000,1,0,0,0
1385,29,392,990,1.000000,1.000000,1.000000,1.000000,1,0,0,0
1386,27,392,991,1.000000,1.000000,1.000000,1.000000,0,0,0,0
1387,29,393,991,1.000000,1.000000,1.000000,1.000000,0,0,0,0
1388,27,393,992,1.000000,1.000000,1.000000,1.000000,0,0,0,0
1389,25,393,993,1.000000,1.000000,1.000000,1.000000,0,0,0,0
1390,23,393,994,1.000000,1.000000,1.000000,1.000000,0,0,0,0
1391,21,393,995,1.000000,1.000000,1.000000,1.000000,0,0,0,0
1392,19,393,996,1.000000,1.000000,1.000000,1.000000,0,0,0,0
1393,17,393,997,1.000000,1.000000,1.000000,1.000000,0,0,0,0
1394,15,393,998,1.000000,1.000000,1.000000,1.000000,0,0,1,0
1395,13,393,999,1.000000,1.000000,1.000000,1.000000,0,0,0,0
1396,11,393,1000,1.000000,1.000000,1.000000,1.000000,0,0,0,1
1397,9,393,1001,1.000000,1.000000,1.000000,1.000000,0,0,0,0
1398,29,394,1001,1.000000,1.000000,1.000000,1.000000,0,0,0,0
1399,27,394,1002,1.000000,1.000000,1.000000,1.000000,0,0,0,0
1400,25,394,1003,1.000000,1.000000,1.000000,1.000000,0,0,0,0
1401,23,394,1004,1.000000,1.000000,1.000000,1.000000,0,0,0,0
1402,21,394,1005,1.000000,1.000000,1.000000,1.000000,0,0,0,0
1403,19,394,1006,1.000000,1.000000,1.000000,1.000000,0,0,1,0
1404,17,394,1007,1.000000,1.000000,1.000000,1.000000,0,0,0,1
1405,29,395,1007,1.000000,1.000000,1.000000,1.000000,0,0,0,1
1406,27,395,1008,1.000000,1.000000,1.000000,1.000000,0,0,0,0
1407,29,396,1008,1.000000,1.000000,1.000000,1.000000,0,0,0,0
1408,27,396,1009,1.000000,1.000000,1.000000,1.000000,0,0,0,0
1409,25,396,1010,1.000000,1.000000,1.000000,1.000000,0,0,0,0
1410,23,396,1011,1.000000,1.000000,1.000000,1.000000,0,0,0,0
1411,21,396,1012,1.000000,1.000000,1.000000,1.000000,0,1,0,0
1412,19,396,1013,1.000000,1.000000,1.000000,1.000000,1,1,1,0
1413,29,397,1013,1.000000,1.000000,1.000000,1.000000,1,1,1,0
1414,27,397,1014,1.000000,1.000000,1.000000,1.000000,0,0,0,0
1415,29,398,1014,1.000000,1.000000,1.000000,1.000000,0,0,0,0
1416,27,398,1015,1.000000,1.000000,1.000000,1.000000,0,1,1,0
1417,25,398,1016,1.000000,1.000000,1.000000,1.000000,0,0,0,0
1418,29,399,1016,1.000000,1.000000,1.000000,1.000000,0,0,0,0
1419,27,399,1017,1.000000,1.000000,1.000000,1.000000,1,0,0,0
1420,25,399,1018,1.000000,1.000000,1.000000,1.000000,0,0,0,0
1421,23,399,1019,1.000000,1.000000,1.000000,1.000000,1,0,0,1
1422,21,399,1020,1.000000,1.000000,1.000000,1.000000,1,0,0,0
1423,29,400,1020,1.000000,1.000000,1.000000,1.000000,1,0,0,0
1424,27,400,1021,1.000000,1.000000,1.000000,1.000000,1,0,0,0
1425,29,401,1021,1.000000,1.000000,1.000000,1.000000,1,0,0,0
1426,27,401,1022,1.000000,1.000000,1.000000,1.000000,0,0,0,0
1427,29,402,1022,1.000000,1.000000,1.000000,1.000000,0,0,0,0
1428,27,402,1023,1.000000,1.000000,1.000000,1.000000,0,0,0,0
1429,25,402,1024,1.000000,1.000000,1.000000,1.000000,0,0,0,0
1430,23,402,1025,1.000000,1.000000,1.000000,1.000000,0,0,0,0
1431,21,402,1026,1.000000,1.000000,1.000000,1.000000,0,0,0,0
1432,19,402,1027,1.000000,1.000000,1.000000,1.000000,0,0,1,1
1433,17,402,1028,1.000000,1.000000,1.000000,1.000000,0,0,1,0
1434,29,403,1028,1.000000,1.000000,1.000000,1.000000,0,0,1,0
1435,27,403,1029,1.000000,1.000000,1.000000,1.000000,0,1,1,0
1436,29,404,1029,1.000000,1.000000,1.000000,1.000000,0,1,1,0
1437,27,404,1030,1.000000,1.000000,1.000000,1.000000,0,0,0,0
1438,29,405,1030,1.000000,1.000000,1.000000,1.000000,0,0,0,0
1439,27,405,1031,1.000000,1.000000,1.000000,1.000000,1,0,0,0
1440,25,405,1032,1.000000,1.000000,1.000000,1.000000,0,0,0,0
1441,29,406,1032,1.000000,1.000000,1.000000,1.000000,0,0,0,0
1442,27,406,1033,1.000000,1.000000,1.000000,1.000000,0,1,0,0
1443,25,406,1034,1.000000,1.000000,1.000000,1.000000,1,0,0,0
1444,29,407,1034,1.000000,1.000000,1.000000,1.000000,1,0,0,0
1445,27,407,1035,1.000000,1.000000,1.000000,1.000000,1,0,0,0
1446,29,408,1035,1.000000,1.000000,1.000000,1.000000,1,0,0,0
1447,27,408,1036,1.000000,1.000000,1.000000,1.000000,0,0,0,0
1448,29,409,1036,1.000000,1.000000,1.000000,1.000000,0,0,0,0
1449,27,409,1037,1.000000,1.000000,1.000000,1.000000,0,0,0,0
1450,25,409,1038,1.000000,1.000000,1.000000,1.000000,0,0,0,0
1451,23,409,1039,1.000000,1.000000,1.000000,1.000000,0,1,0,0
1452,21,409,1040,1.000000,1.000000,1.000000,1.000000,0,0,0,0
1453,29,410,1040,1.000000,1.000000,1.000000,1.000000,0,0,0,0
1454,27,410,1041,1.000000,1.000000,1.000000,1.000000,0,0,0,0
1455,25,410,1042,1.000000,1.000000,1.000000,1.000000,0,0,0,0
1456,23,410,1043,1.000000,1.000000,1.000000,1.000000,0,1,0,0
1457,21,410,1044,1.000000,1.000000,1.000000,1.000000,0,1,0,0
1458,29,411,1044,1.000000,1.000000,1.000000,1.000000,0,1,0,0
1459,27,411,1045,1.000000,1.000000,1.000000,1.000000,1,0,1,0
1460,29,412,1045,1.000000,1.000000,1.000000,1.000000,1,0,1,0
1461,27,412,1046,1.000000,1.000000,1.000000,1.000000,0,1,0,0
1462,29,413,1046,1.000000,1.000000,1.000000,1.000000,0,1,0,0
1463,27,413,1047,1.000000,1.000000,1.000000,1.000000,0,0,0,0
1464,29,414,1047,1.000000,1.000000,1.000000,1.000000,0,0,0,0
1465,27,414,1048,1.000000,1.000000,1.000000,1.000000,0,0,0,0
1466,25,414,1049,1.000000,1.000000,1.000000,1.000000,0,0,1,0
1467,23,414,1050,1.000000,1.000000,1.000000,1.000000,0,1,1,0
1468,21,414,1051,1.000000,1.000000,1.000000,1.000000,0,0,1,1
1469,29,415,1051,1.000000,1.000000,1.000000,1.000000,0,0,1,1
1470,27,415,1052,1.000000,1.000000,1.000000,1.000000,0,0,0,0
1471,29,416,1052,1.000000,1.000000,1.000000,1.000000,0,0,0,0
1472,27,416,1053,1.000000,1.000000,1.000000,1.000000,0,0,0,0
1473,25,416,1054,1.000000,1.000000,1.000000,1.000000,0,0,0,1
1474,23,416,1055,1.000000,1.000000,1.000000,1.000000,0,0,1,1
1475,21,416,1056,1.000000,1.000000,1.000000,1.000000,1,0,0,0
1476,29,417,1056,1.000000,1.000000,1.000000,1.000000,1,0,0,0
1477,27,417,1057,1.000000,1.000000,1.000000,1.000000,0,0,0,1
1478,29,418,1057,1.000000,1.000000,1.000000,1.000000,0,0,0,1
1479,27,418,1058,1.000000,1.000000,1.000000,1.000000,1,0,0,0
1480,29,419,1058,1.000000,1.000000,1.000000,1.000000,1,0,0,0
1481,27,419,1059,1.000000,1.000000,1.000000,1.000000,1,0,0,1
1482,29,420,1059,1.000000,1.000000,1.000000,1.000000,1,0,0,1
1483,27,420,1060,1.000000,1.000000,1.000000,1.000000,0,0,0,0
1484,29,421,1060,1.000000,1.000000,1.000000,1.000000,0,0,0,0
1485,27,421,1061,1.000000,1.000000,1.000000,1.000000,1,0,0,0
1486,25,421,1062,1.000000,1.000000,1.000000,1.000000,0,0,0,0
1487,29,422,1062,1.000000,1.000000,1.000000,1.000000,0,0,0,0
1488,27,422,1063,1.000000,1.000000,1.000000,1.000000,1,0,0,0
1489,25,422,1064,1.000000,1.000000,1.000000,1.000000,1,1,0,1
1490,23,422,1065,1.000000,1.000000,1.000000,1.000000,0,0,1,0
1491,29,423,1065,1.000000,1.000000,1.000000,1.000000,0,0,1,0
1492,27,423,1066,1.000000,1.000000,1.000000,1.000000,0,1,0,1
1493,29,424,1066,1.000000,1.000000,1.000000,1.000000,0,1,0,1
1494,27,424,1067,1.000000,1.000000,1.000000,1.000000,0,0,0,0
1495,29,425,1067,1.000000,1.000000,1.000000,1.000000,0,0,0,0
1496,27,425,1068,1.000000,1.000000,1.000000,1.000000,0,0,0,1
1497,25,425,1069,1.000000,1.000000,1.000000,1.000000,0,0,0,1
1498,29,426,1069,1.000000,1.000000,1.000000,1.000000,0,0,0,1
1499,27,426,1070,1.000000,1.000000,1.000000,1.000000,0,0,0,0
1500,25,426,1071,1.000000,1.000000,1.000000,1.000000,0,0,0,1
1501,23,426,1072,1.000000,1.000000,1.000000,1.000000,0,0,0,1
1502,21,426,1073,1.000000,1.000000,1.000000,1.000000,0,0,1,0
1503,29,427,1073,1.000000,1.000000,1.000000,1.000000,0,0,1,0
1504,27,427,1074,1.000000,1.000000,1.000000,1.000000,0,0,0,0
1505,29,428,1074,1.000000,1.000000,1.000000,1.000000,0,0,0,0
1506,27,428,1075,1.000000,1.000000,1.000000,1.000000,0,0,0,0
1507,25,428,1076,1.000000,1.000000,1.000000,1.000000,0,0,0,0
1508,23,428,1077,1.000000,1.000000,1.000000,1.000000,0,0,0,0
1509,21,428,1078,1.000000,1.000000,1.000000,1.000000,0,0,0,0
1510,19,428,1079,1.000000,1.000000,1.000000,1.000000,0,0,0,0
1511,17,428,1080,1.000000,1.000000,1.000000,1.000000,0,0,0,0
1512,15,428,1081,1.000000,1.000000,1.000000,1.000000,0,0,0,0
1513,13,428,1082,1.000000,1.000000,1.000000,1.000000,0,0,0,0
1514,11,428,1083,1.000000,1.000000,1.000000,1.000000,0,0,0,0
1515,9,428,1084,1.000000,1.000000,1.000000,1.000000,0,0,0,0
1516,7,428,1085,1.000000,1.000000,1.000000,1.000000,0,0,0,0
1517,5,428,1086,1.000000,1.000000,1.000000,1.000000,1,1,0,0
1518,3,428,1087,1.000000,1.000000,1.000000,1.000000,0,1,0,0
1519,29,429,1087,1.000000,1.000000,1.000000,1.000000,0,1,0,1
1520,27,429,1088,1.000000,1.000000,1.000000,1.000000,1,0,0,0
1521,29,430,1088,1.000000,1.000000,1.000000,1.000000,1,0,0,0
1522,27,430,1089,1.000000,1.000000,1.000000,1.000000,0,0,0,0
1523,29,431,1089,1.000000,1.000000,1.000000,1.000000,0,0,0,0
1524,27,431,1090,1.000000,1.000000,1.000000,1.000000,0,0,0,0
1525,25,431,1091,1.000000,1.000000,1.000000,1.000000,1,0,0,0
1526,23,431,1092,1.000000,1.000000,1.000000,1.000000,0,0,0,0
1527,29,432,1092,1.000000,1.000000,1.000000,1.000000,0,0,0,0
1528,27,432,1093,1.000000,1.000000,1.000000,1.000000,1,0,0,0
1529,25,432,1094,1.000000,1.000000,1.000000,1.000000,0,0,0,0
1530,29,433,1094,1.000000,1.000000,1.000000,1.000000,0,0,0,0
1531,27,433,1095,1.000000,1.000000,1.000000,1.000000,0,1,0,0
1532,25,433,1096,1.000000,1.000000,1.000000,1.000000,0,0,0,0
1533,29,434,1096,1.000000,1.000000,1.000000,1.000000,0,0,0,0
1534,27,434,1097,1.000000,1.000000,1.000000,1.000000,0,0,0,0
1535,25,434,1098,1.000000,1.000000,1.000000,1.000000,0,0,0,0
1536,23,434,1099,1.000000,1.000000,1.000000,1.000000,0,0,0,0
1537,21,434,1100,1.000000,1.000000,1.000000,1.000000,0,0,0,0
1538,19,434,1101,1.000000,1.000000,1.000000,1.000000,0,0,0,0
1539,17,434,1102,1.000000,1.000000,1.000000,1.000000,1,1,0,0
1540,15,434,1103,1.000000,1.000000,1.000000,1.000000,0,0,0,0
1541,29,435,1103,1.000000,1.000000,1.000000,1.000000,0,0,0,0
1542,27,435,1104,1.000000,1.000000,1.000000,1.000000,1,0,0,0
1543,25,435,1105,1.000000,1.000000,1.000000,1.000000,0,0,0,0
1544,29,436,1105,1.000000,1.000000,1.000000,1.000000,0,0,0,0
1545,27,436,1106,1.000000,1.000000,1.000000,1.000000,0,0,0,0
1546,25,436,1107,1.000000,1.000000,1.000000,1.000000,0,0,0,1
1547,23,436,1108,1.000000,1.000000,1.000000,1.000000,0,0,1,0
1548,29,437,1108,1.000000,1.000000,1.000000,1.000000,0,0,1,0
1549,27,437,1109,1.000000,1.000000,1.000000,1.000000,0,0,0,0
1550,29,438,1109,1.000000,1.000000,1.000000,1.000000,0,0,0,0
1551,27,438,1110,1.000000,1.000000,1.000000,1.000000,0,0,0,1
1552,25,438,1111,1.000000,1.000000,1.000000,1.000000,0,0,0,0
1553,29,439,1111,1.000000,1.000000,1.000000,1.000000,0,0,0,0
1554,27,439,1112,1.000000,1.000000,1.000000,1.000000,0,0,0,0
1555,25,439,1113,1.000000,1.000000,1.000000,1.000000,0,1,1,0
1556,23,439,1114,1.000000,1.000000,1.000000,1.000000,0,0,0,0
1557,29,440,1114,1.000000,1.000000,1.000000,1.000000,0,0,0,0
1558,27,440,1115,1.000000,1.000000,1.000000,1.000000,0,0,1,0
1559,25,440,1116,1.000000,1.000000,1.000000,1.000000,0,0,0,0
1560,29,441,1116,1.000000,1.000000,1.000000,1.000000,0,0,0,0
1561,27,441,1117,1.000000,1.000000,1.000000,1.000000,0,0,0,0
1562,25,441,1118,1.000000,1.000000,1.000000,1.000000,0,0,1,0
1563,23,441,1119,1.000000,1.000000,1.000000,1.000000,0,0,1,0
1564,29,442,1119,1.000000,1.000000,1.000000,1.000000,0,0,1,0
1565,27,442,1120,1.000000,1.000000,1.000000,1.000000,0,0,0,0
1566,25,442,1121,1.000000,1.000000,1.000000,1.000000,0,1,0,0
1567,23,442,1122,1.000000,1.000000,1.000000,1.000000,0,1,0,0
1568,21,442,1123,1.000000,1.000000,1.000000,1.000000,1,0,1,1
1569,29,443,1123,1.000000,1.000000,1.000000,1.000000,1,0,1,1
1570,27,443,1124,1.000000,1.000000,1.000000,1.000000,0,1,0,0
1571,25,443,1125,1.000000,1.000000,1.000000,1.000000,0,0,1,1
1572,23,443,1126,1.000000,1.000000,1.000000,1.000000,0,1,0,0
1573,29,444,1126,1.000000,1.000000,1.000000,1.000000,0,1,0,0
1574,27,444,1127,1.000000,1.000000,1.000000,1.000000,0,0,1,0
1575,29,445,1127,1.000000,1.000000,1.000000,1.000000,0,0,1,0
1576,27,445,1128,1.000000,1.000000,1.000000,1.000000,0,0,0,0
1577,25,445,1129,1.000000,1.000000,1.000000,1.000000,0,1,0,1
1578,23,445,1130,1.000000,1.000000,1.000000,1.000000,0,0,0,0
1579,29,446,1130,1.000000,1.000000,1.000000,1.000000,0,0,0,0
1580,27,446,1131,1.000000,1.000000,1.000000,1.000000,0,0,0,1
1581,25,446,1132,1.000000,1.000000,1.000000,1.000000,0,0,0,0
1582,29,447,1132,1.000000,1.000000,1.000000,1.000000,0,0,0,0
1583,27,447,1133,1.000000,1.000000,1.000000,1.000000,0,0,1,0
1584,25,447,1134,1.000000,1.000000,1.000000,1.000000,0,1,0,0
1585,29,448,1134,1.000000,1.000000,1.000000,1.000000,0,1,0,0
1586,27,448,1135,1.000000,1.000000,1.000000,1.000000,0,0,0,0
1587,29,449,1135,1.000000,1.000000,1.000000,1.000000,0,0,1,0
1588,27,449,1136,1.000000,1.000000,1.000000,1.000000,0,0,0,0
1589,29,450,1136,1.000000,1.000000,1.000000,1.000000,0,1,0,0
1590,27,450,1137,1.000000,1.000000,1.000000,1.000000,0,0,1,0
1591,29,451,1137,1.000000,1.000000,1.000000,1.000000,0,0,1,0
1592,27,451,1138,1.000000,1.000000,1.000000,1.000000,0,0,0,0
1593,29,452,1138,1.000000,1.000000,1.000000,1.000000,0,0,0,0
1594,27,452,1139,1.000000,1.000000,1.000000,1.000000,0,0,0,0
1595,25,452,1140,1.000000,1.000000,1.000000,1.000000,0,0,0,0
1596,23,452,1141,1.000000,1.000000,1.000000,1.000000,0,0,0,0
1597,21,452,1142,1.000000,1.000000,1.000000,1.000000,0,0,0,0
1598,19,452,1143,1.000000,1.000000,1.000000,1.000000,0,0,0,0
1599,17,452,1144,1.000000,1.000000,1.000000,1.000000,0,0,0,0
1600,15,452,1145,1.000000,1.000000,1.000000,1.000000,1,0,0,0
1601,13,452,1146,1.000000,1.000000,1.000000,1.000000,0,1,0,0
1602,11,452,1147,1.000000,1.000000,1.000000,1.000000,0,0,0,0
1603,29,453,1147,1.000000,1.000000,1.000000,1.000000,0,0,0,0
1604,27,453,1148,1.000000,1.000000,1.000000,1.000000,0,0,0,0
1605,25,453,1149,1.000000,1.000000,1.000000,1.000000,1,0,0,0
1606,23,453,1150,1.000000,1.000000,1.000000,1.000000,0,0,0,0
1607,21,453,1151,1.000000,1.000000,1.000000,1.000000,0,0,0,0
1608,19,453,1152,1.000000,1.000000,1.000000,1.000000,0,0,0,0
1609,17,453,1153,1.000000,1.000000,1.000000,1.000000,0,0,0,0
1610,15,453,1154,1.000000,1.000000,1.000000,1.000000,0,0,0,0
1611,13,453,1155,1.000000,1.000000,1.000000,1.000000,0,0,0,0
1612,11,453,1156,1.000000,1.000000,1.000000,1.000000,0,0,0,0
1613,9,453,1157,1.000000,1.000000,1.000000,1.000000,1,0,0,0
1614,7,453,1158,1.000000,1.000000,1.000000,1.000000,0,0,0,0
1615,29,454,1158,1.000000,1.000000,1.000000,1.000000,0,0,0,0
1616,27,454,1159,1.000000,1.000000,1.000000,1.000000,1,0,0,1
1617,25,454,1160,1.000000,1.000000,1.000000,1.000000,0,0,0,0
1618,29,455,1160,1.000000,1.000000,1.000000,1.000000,0,0,0,0
1619,27,455,1161,1.000000,1.000000,1.000000,1.000000,0,0,1,0
1620,25,455,1162,1.000000,1.000000,1.000000,1.000000,0,0,0,0
1621,29,456,1162,1.000000,1.000000,1.000000,1.000000,0,0,0,0
1622,27,456,1163,1.000000,1.000000,1.000000,1.000000,0,0,0,0
1623,25,456,1164,1.000000,1.000000,1.000000,1.000000,0,0,0,0
1624,23,456,1165,1.000000,1.000000,1.000000,1.000000,0,0,0,0
1625,21,456,1166,1.000000,1.000000,1.000000,1.000000,1,0,0,0
1626,19,456,1167,1.000000,1.000000,1.000000,1.000000,1,0,0,0
1627,29,457,1167,1.000000,1.000000,1.000000,1.000000,1,0,0,0
1628,27,457,1168,1.000000,1.000000,1.000000,1.000000,0,0,0,0
1629,29,458,1168,1.000000,1.000000,1.000000,1.000000,0,0,0,0
1630,27,458,1169,1.000000,1.000000,1.000000,1.000000,0,0,0,0
1631,25,458,1170,1.000000,1.000000,1.000000,1.000000,0,0,0,0
1632,23,458,1171,1.000000,1.000000,1.000000,1.000000,0,0,0,0
1633,21,458,1172,1.000000,1.000000,1.000000,1.000000,0,0,0,0
1634,19,458,1173,1.000000,1.000000,1.000000,1.000000,0,0,0,0
1635,17,458,1174,1.000000,1.000000,1.000000,1.000000,0,0,0,0
1636,15,458,1175,1.000000,1.000000,1.000000,1.000000,0,1,0,0
1637,13,458,1176,1.000000,1.000000,1.000000,1.000000,0,1,0,0
1638,29,459,1176,1.000000,1.000000,1.000000,1.000000,0,1,0,0
1639,27,459,1177,1.000000,1.000000,1.000000,1.000000,0,0,0,0
1640,29,460,1177,1.000000,1.000000,1.000000,1.000000,0,0,0,0
1641,27,460,1178,1.000000,1.000000,1.000000,1.000000,0,0,0,0
1642,25,460,1179,1.000000,1.000000,1.000000,1.000000,0,0,0,0
1643,23,460,1180,1.000000,1.000000,1.000000,1.000000,1,0,0,0
1644,21,460,1181,1.000000,1.000000,1.000000,1.000000,0,1,0,0
1645,29,461,1181,1.000000,1.000000,1.000000,1.000000,0,1,0,0
1646,27,461,1182,1.000000,1.000000,1.000000,1.000000,0,0,0,0
1647,25,461,1183,1.000000,1.000000,1.000000,1.000000,0,1,0,0
1648,23,461,1184,1.000000,1.000000,1.000000,1.000000,0,0,0,0
1649,29,462,1184,1.000000,1.000000,1.000000,1.000000,0,0,0,0
1650,27,462,1185,1.000000,1.000000,1.000000,1.000000,0,0,0,0
1651,25,462,1186,1.000000,1.000000,1.000000,1.000000,0,0,0,0
1652,23,462,1187,1.000000,1.000000,1.000000,1.000000,1,1,0,0
1653,21,462,1188,1.000000,1.000000,1.000000,1.000000,1,0,0,1
1654,29,463,1188,1.000000,1.000000,1.000000,1.000000,1,0,0,1
1655,27,463,1189,1.000000,1.000000,1.000000,1.000000,0,0,0,0
1656,29,464,1189,1.000000,1.000000,1.000000,1.000000,0,0,0,0
1657,27,464,1190,1.000000,1.000000,1.000000,1.000000,0,0,0,0
1658,25,464,1191,1.000000,1.000000,1.000000,1.000000,0,0,0,0
1659,23,464,1192,1.000000,1.000000,1.000000,1.000000,0,1,0,0
1660,21,464,1193,1.000000,1.000000,1.000000,1.000000,0,0,0,0
1661,19,464,1194,1.000000,1.000000,1.000000,1.000000,1,1,1,0
1662,17,464,1195,1.000000,1.000000,1.000000,1.000000,0,0,0,0
1663,29,465,1195,1.000000,1.000000,1.000000,1.000000,0,0,0,0
1664,27,465,1196,1.000000,1.000000,1.000000,1.000000,1,1,0,0
1665,25,465,1197,1.000000,1.000000,1.000000,1.000000,0,0,0,0
1666,29,466,1197,1.000000,1.000000,1.000000,1.000000,0,0,0,0
1667,27,466,1198,1.000000,1.000000,1.000000,1.000000,0,0,0,0
1668,25,466,1199,1.000000,1.000000,1.000000,1.000000,0,0,0,0
1669,23,466,1200,1.000000,1.000000,1.000000,1.000000,0,0,0,0
1670,21,466,1201,1.000000,1.000000,1.000000,1.000000,0,0,0,1
1671,19,466,1202,1.000000,1.000000,1.000000,1.000000,0,0,0,0
1672,29,467,1202,1.000000,1.000000,1.000000,1.000000,0,0,0,0
1673,27,467,1203,1.000000,1.000000,1.000000,1.000000,0,0,0,0
1674,25,467,1204,1.000000,1.000000,1.000000,1.000000,0,0,0,0
1675,23,467,1205,1.000000,1.000000,1.000000,1.000000,0,0,0,0
1676,21,467,1206,1.000000,1.000000,1.000000,1.000000,1,0,0,0
1677,19,467,1207,1.000000,1.000000,1.000000,1.000000,0,1,0,0
1678,29,468,1207,1.000000,1.000000,1.000000,1.000000,0,1,0,0
1679,27,468,1208,1.000000,1.000000,1.000000,1.000000,0,0,0,0
1680,29,469,1208,1.000000,1.000000,1.000000,1.000000,0,0,0,0
1681,27,469,1209,1.000000,1.000000,1.000000,1.000000,0,0,0,0
1682,25,469,1210,1.000000,1.000000,1.000000,1.000000,0,0,0,0
1683,23,469,1211,1.000000,1.000000,1.000000,1.000000,0,0,0,0
1684,21,469,1212,1.000000,1.000000,1.000000,1.000000,0,0,0,0
1685,19,469,1213,1.000000,1.000000,1.000000,1.000000,0,0,0,0
1686,17,469,1214,1.000000,1.000000,1.000000,1.000000,1,0,0,0
1687,15,469,1215,1.000000,1.000000,1.000000,1.000000,0,1,0,1
1688,29,470,1215,1.000000,1.000000,1.000000,1.000000,0,1,0,1
1689,27,470,1216,1.000000,1.000000,1.000000,1.000000,0,0,0,0
1690,29,471,1216,1.000000,1.000000,1.000000,1.000000,0,0,0,0
1691,27,471,1217,1.000000,1.000000,1.000000,1.000000,0,0,0,0
1692,25,471,1218,1.000000,1.000000,1.000000,1.000000,0,1,0,0
1693,23,471,1219,1.000000,1.000000,1.000000,1.000000,0,0,0,0
1694,21,471,1220,1.000000,1.000000,1.000000,1.000000,0,1,0,0
1695,19,471,1221,1.000000,1.000000,1.000000,1.000000,0,0,0,0
1696,29,472,1221,1.000000,1.000000,1.000000,1.000000,0,0,0,0
1697,27,472,1222,1.000000,1.000000,1.000000,1.000000,0,0,0,0
1698,25,472,1223,1.000000,1.000000,1.000000,1.000000,0,0,0,0
1699,23,472,1224,1.000000,1.000000,1.000000,1.000000,0,0,0,0
1700,21,472,1225,1.000000,1.000000,1.000000,1.000000,0,0,0,0
1701,19,472,1226,1.000000,1.000000,1.000000,1.000000,1,0,0,0
1702,17,472,1227,1.000000,1.000000,1.000000,1.000000,0,0,0,0
1703,15,472,1228,1.000000,1.000000,1.000000,1.000000,1,1,0,0
1704,13,472,1229,1.000000,1.000000,1.000000,1.000000,0,0,0,0
1705,29,473,1229,1.000000,1.000000,1.000000,1.000000,0,0,0,0
1706,27,473,1230,1.000000,1.000000,1.000000,1.000000,0,0,0,0
1707,25,473,1231,1.000000,1.000000,1.000000,1.000000,0,0,0,0
1708,23,473,1232,1.000000,1.000000,1.000000,1.000000,1,0,0,0
1709,21,473,1233,1.000000,1.000000,1.000000,1.000000,0,1,0,0
1710,29,474,1233,1.000000,1.000000,1.000000,1.000000,0,1,0,0
1711,27,474,1234,1.000000,1.000000,1.000000,1.000000,1,0,0,0
1712,29,475,1234,1.000000,1.000000,1.000000,1.000000,1,0,0,0
1713,27,475,1235,1.000000,1.000000,1.000000,1.000000,0,0,0,0
1714,29,476,1235,1.000000,1.000000,1.000000,1.000000,0,0,0,0
1715,27,476,1236,1.000000,1.000000,1.000000,1.000000,0,0,0,0
1716,25,476,1237,1.000000,1.000000,1.000000,1.000000,0,0,0,0
1717,23,476,1238,1.000000,1.000000,1.000000,1.000000,0,0,0,0
1718,21,476,1239,1.000000,1.000000,1.000000,1.000000,0,0,0,1
1719,19,476,1240,1.000000,1.000000,1.000000,1.000000,0,0,0,0
1720,29,477,1240,1.000000,1.000000,1.000000,1.000000,0,0,0,0
1721,27,477,1241,1.000000,1.000000,1.000000,1.000000,0,0,0,1
1722,25,477,1242,1.000000,1.000000,1.000000,1.000000,0,0,0,1
1723,23,477,1243,1.000000,1.000000,1.000000,1.000000,0,1,0,0
1724,21,477,1244,1.000000,1.000000,1.000000,1.000000,0,0,0,1
1725,29,478,1244,1.000000,1.000000,1.000000,1.000000,0,0,0,1
1726,27,478,1245,1.000000,1.000000,1.000000,1.000000,0,0,0,0
1727,29,479,1245,1.000000,1.000000,1.000000,1.000000,0,0,0,0
1728,27,479,1246,1.000000,1.000000,1.000000,1.000000,0,0,0,0
1729,25,479,1247,1.000000,1.000000,1.000000,1.000000,0,0,0,0
1730,23,479,1248,1.000000,1.000000,1.000000,1.000000,0,0,0,0
1731,21,479,1249,1.000000,1.000000,1.000000,1.000000,0,0,0,0
1732,19,479,1250,1.000000,1.000000,1.000000,1.000000,0,0,0,0
1733,17,479,1251,1.000000,1.000000,1.000000,1.000000,0,0,0,0
1734,15,479,1252,1.000000,1.000000,1.000000,1.000000,1,0,1,0
1735,13,479,1253,1.000000,1.000000,1.000000,1.000000,0,0,0,0
1736,29,480,1253,1.000000,1.000000,1.000000,1.000000,0,0,0,0
1737,27,480,1254,1.000000,1.000000,1.000000,1.000000,0,0,0,1
1738,25,480,1255,1.000000,1.000000,1.000000,1.000000,0,0,0,1
1739,29,481,1255,1.000000,1.000000,1.000000,1.000000,0,0,0,1
1740,27,481,1256,1.000000,1.000000,1.000000,1.000000,1,0,0,0
1741,29,482,1256,1.000000,1.000000,1.000000,1.000000,1,0,0,0
1742,27,482,1257,1.000000,1.000000,1.000000,1.000000,0,0,0,0
1743,29,483,1257,1.000000,1.000000,1.000000,1.000000,0,0,0,0
1744,27,483,1258,1.000000,1.000000,1.000000,1.000000,0,1,0,1
1745,25,483,1259,1.000000,1.000000,1.000000,1.000000,0,0,0,0
1746,29,484,1259,1.000000,1.000000,1.000000,1.000000,0,0,0,0
1747,27,484,1260,1.000000,1.000000,1.000000,1.000000,0,1,0,0
1748,25,484,1261,1.000000,1.000000,1.000000,1.000000,0,0,0,0
1749,29,485,1261,1.000000,1.000000,1.000000,1.000000,0,0,0,0
1750,27,485,1262,1.000000,1.000000,1.000000,1.000000,0,0,0,0
1751,25,485,1263,1.000000,1.000000,1.000000,1.000000,0,0,0,0
1752,23,485,1264,1.000000,1.000000,1.000000,1.000000,0,0,0,0
1753,21,485,1265,1.000000,1.000000,1.000000,1.000000,0,0,0,0
1754,19,485,1266,1.000000,1.000000,1.000000,1.000000,0,0,0,1
1755,17,485,1267,1.000000,1.000000,1.000000,1.000000,0,0,0,0
1756,29,486,1267,1.000000,1.000000,1.000000,1.000000,0,0,0,0
1757,27,486,1268,1.000000,1.000000,1.000000,1.000000,0,0,0,0
1758,25,486,1269,1.000000,1.000000,1.000000,1.000000,0,0,0,0
1759,23,486,1270,1.000000,1.000000,1.000000,1.000000,0,0,0,0
1760,21,486,1271,1.000000,1.000000,1.000000,1.000000,0,0,0,0
1761,19,486,1272,1.000000,1.000000,1.000000,1.000000,0,0,0,0
1762,17,486,1273,1.000000,1.000000,1.000000,1.000000,1,0,0,0
1763,15,486,1274,1.000000,1.000000,1.000000,1.000000,0,0,0,0
1764,13,486,1275,1.000000,1.000000,1.000000,1.000000,0,0,0,1
1765,11,486,1276,1.000000,1.000000,1.000000,1.000000,1,0,1,0
1766,29,487,1276,1.000000,1.000000,1.000000,1.000000,1,0,1,0
1767,27,487,1277,1.000000,1.000000,1.000000,1.000000,0,0,0,0
1768,29,488,1277,1.000000,1.000000,1.000000,1.000000,0,0,0,0
1769,27,488,1278,1.000000,1.000000,1.000000,1.000000,1,0,0,0
1770,25,488,1279,1.000000,1.000000,1.000000,1.000000,0,0,0,0
1771,29,489,1279,1.000000,1.000000,1.000000,1.000000,0,0,0,0
1772,27,489,1280,1.000000,1.000000,1.000000,1.000000,0,0,0,0
1773,25,489,1281,1.000000,1.000000,1.000000,1.000000,0,0,0,0
1774,23,489,1282,1.000000,1.000000,1.000000,1.000000,0,0,0,0
1775,21,489,1283,1.000000,1.000000,1.000000,1.000000,0,0,0,0
1776,19,489,1284,1.000000,1.000000,1.000000,1.000000,1,0,0,0
1777,17,489,1285,1.000000,1.000000,1.000000,1.000000,0,0,0,0
1778,15,489,1286,1.000000,1.000000,1.000000,1.000000,0,0,0,0
1779,13,489,1287,1.000000,1.000000,1.000000,1.000000,0,1,0,0
1780,11,489,1288,1.000000,1.000000,1.000000,1.000000,0,1,0,0
1781,9,489,1289,1.000000,1.000000,1.000000,1.000000,1,0,1,0
1782,29,490,1289,1.000000,1.000000,1.000000,1.000000,1,0,1,0
1783,27,490,1290,1.000000,1.000000,1.000000,1.000000,0,0,0,0
1784,29,491,1290,1.000000,1.000000,1.000000,1.000000,0,0,0,0
1785,27,491,1291,1.000000,1.000000,1.000000,1.000000,1,0,0,0
1786,25,491,1292,1.000000,1.000000,1.000000,1.000000,0,1,0,0
1787,29,492,1292,1.000000,1.000000,1.000000,1.000000,0,1,0,0
1788,27,492,1293,1.000000,1.000000,1.000000,1.000000,0,0,0,0
1789,29,493,1293,1.000000,1.000000,1.000000,1.000000,0,0,0,0
1790,27,493,1294,1.000000,1.000000,1.000000,1.000000,0,1,0,0
1791,25,493,1295,1.000000,1.000000,1.000000,1.000000,0,0,0,0
1792,29,494,1295,1.000000,1.000000,1.000000,1.000000,0,0,0,0
1793,27,494,1296,1.000000,1.000000,1.000000,1.000000,0,0,0,0
1794,25,494,1297,1.000000,1.000000,1.000000,1.000000,0,0,0,0
1795,23,494,1298,1.000000,1.000000,1.000000,1.000000,0,0,0,0
1796,21,494,1299,1.000000,1.000000,1.000000,1.000000,0,0,0,0
1797,19,494,1300,1.000000,1.000000,1.000000,1.000000,0,0,0,0
1798,17,494,1301,1.000000,1.000000,1.000000,1.000000,0,0,0,0
1799,15,494,1302,1.000000,1.000000,1.000000,1.000000,0,1,1,0
1800,13,494,1303,1.000000,1.000000,1.000000,1.000000,0,0,0,0
1801,29,495,1303,1.000000,1.000000,1.000000,1.000000,0,0,0,0
1802,27,495,1304,1.000000,1.000000,1.000000,1.000000,0,0,0,0
1803,25,495,1305,1.000000,1.000000,1.000000,1.000000,1,0,0,0
1804,23,495,1306,1.000000,1.000000,1.000000,1.000000,0,1,0,0
1805,29,496,1306,1.000000,1.000000,1.000000,1.000000,0,1,0,0
1806,27,496,1307,1.000000,1.000000,1.000000,1.000000,1,0,0,0
1807,25,496,1308,1.000000,1.000000,1.000000,1.000000,0,0,1,0
1808,29,497,1308,1.000000,1.000000,1.000000,1.000000,0,0,1,0
1809,27,497,1309,1.000000,1.000000,1.000000,1.000000,0,0,0,0
1810,29,498,1309,1.000000,1.000000,1.000000,1.000000,0,0,0,0
1811,27,498,1310,1.000000,1.000000,1.000000,1.000000,0,0,0,0
1812,25,498,1311,1.000000,1.000000,1.000000,1.000000,0,1,0,0
1813,23,498,1312,1.000000,1.000000,1.000000,1.000000,1,0,0,0
1814,29,499,1312,1.000000,1.000000,1.000000,1.000000,1,0,0,0
1815,27,499,1313,1.000000,1.000000,1.000000,1.000000,0,0,0,0
1816,29,500,1313,1.000000,1.000000,1.000000,1.000000,0,0,0,0
1817,27,500,1314,1.000000,1.000000,1.000000,1.000000,0,0,0,0
1818,25,500,1315,1.000000,1.000000,1.000000,1.000000,0,0,0,0
1819,23,500,1316,1.000000,1.000000,1.000000,1.000000,0,0,0,0
1820,21,500,1317,1.000000,1.000000,1.000000,1.000000,0,0,0,0
1821,19,500,1318,1.000000,1.000000,1.000000,1.000000,0,0,0,0
1822,17,500,1319,1.000000,1.000000,1.000000,1.000000,0,0,0,0
1823,15,500,1320,1.000000,1.000000,1.000000,1.000000,0,0,0,0
1824,13,500,1321,1.000000,1.000000,1.000000,1.000000,0,0,0,0
1825,11,500,1322,1.000000,1.000000,1.000000,1.000000,0,0,0,0
1826,9,500,1323,1.000000,1.000000,1.000000,1.000000,0,0,0,0
1827,7,500,1324,1.000000,1.000000,1.000000,1.000000,0,0,0,0
1828,5,500,1325,1.000000,1.000000,1.000000,1.000000,0,0,0,0
1829,3,500,1326,1.000000,1.000000,1.000000,1.000000,0,0,0,0
1830,1,500,1327,1.000000,1.000000,1.000000,1.000000,1,0,0,0
1831,0,500,1328,1.000000,1.000000,1.000000,1.000000,0,0,0,0
