tick,energy,eats,distance,conn_1_6_weight,conn_2_7_weight,conn_3_8_weight,conn_4_9_weight,food_north_sensed,food_east_sensed,food_south_sensed,food_west_sensed
0,30,0,0,0.050000,0.050000,0.050000,0.050000,0,0,0,0
1,29,0,0,0.050000,0.057051,0.050000,0.050000,0,1,0,0
2,27,0,1,0.058680,0.057589,0.050000,0.050000,1,0,0,0
3,25,0,2,0.059232,0.068123,0.050000,0.050000,0,1,0,0
4,23,0,3,0.059232,0.068758,0.050000,0.050000,0,0,0,0
5,21,0,4,0.059232,0.068758,0.050000,0.050000,0,0,0,0
6,19,0,5,0.059232,0.068758,0.050000,0.056518,0,0,0,1
7,17,0,6,0.059232,0.068758,0.055466,0.057051,0,0,1,0
8,29,1,6,0.059232,0.068758,0.064427,0.057051,0,0,1,0
9,27,1,7,0.059232,0.068758,0.065030,0.057051,0,0,0,0
10,29,2,7,0.059232,0.068758,0.065030,0.057051,0,0,0,0
11,27,2,8,0.059232,0.068758,0.074037,0.057051,0,0,1,0
12,25,2,9,0.059232,0.068758,0.074722,0.057051,0,0,0,0
13,29,3,9,0.059232,0.068758,0.074722,0.057051,0,0,0,0
14,27,3,10,0.059232,0.068758,0.074722,0.057051,0,0,0,0
15,25,3,11,0.059232,0.068758,0.074722,0.057051,0,0,0,0
16,23,3,12,0.059232,0.068758,0.074722,0.057051,0,0,0,0
17,21,3,13,0.059232,0.068758,0.074722,0.057051,0,0,0,0
18,19,3,14,0.059232,0.068758,0.084180,0.057051,0,0,1,0
19,17,3,15,0.059232,0.068758,0.084951,0.057051,0,0,0,0
20,15,3,16,0.059232,0.068758,0.084951,0.057051,0,0,0,0
21,13,3,17,0.059232,0.068758,0.084951,0.066251,0,0,0,1
22,11,3,18,0.059232,0.068758,0.084951,0.076111,0,0,0,1
23,9,3,19,0.066870,0.068758,0.084951,0.076814,1,0,0,0
24,7,3,20,0.067494,0.068758,0.084951,0.076814,0,0,0,0
25,5,3,21,0.067494,0.068758,0.084951,0.090530,0,0,0,1
26,3,3,22,0.074722,0.068758,0.084951,0.100863,1,0,0,1
27,29,4,22,0.091353,0.068758,0.084951,0.122548,1,0,0,1
28,27,4,23,0.092183,0.068758,0.084951,0.148133,0,0,0,1
29,25,4,24,0.092183,0.068758,0.084951,0.149395,0,0,0,0
30,23,4,25,0.092183,0.068758,0.084951,0.149395,0,0,0,0
31,21,4,26,0.092183,0.068758,0.084951,0.149395,0,0,0,0
32,19,4,27,0.092183,0.068758,0.084951,0.177985,0,0,0,1
33,17,4,28,0.092183,0.068758,0.084951,0.179448,0,0,0,0
34,15,4,29,0.092183,0.068758,0.084951,0.179448,0,0,0,0
35,13,4,30,0.111244,0.068758,0.084951,0.212365,1,0,0,1
36,11,4,31,0.112232,0.068758,0.093864,0.214038,0,0,1,0
37,29,5,31,0.112232,0.068758,0.106414,0.214038,0,0,1,0
38,27,5,32,0.134828,0.068758,0.107365,0.214038,1,0,0,0
39,25,5,33,0.135995,0.068758,0.107365,0.233069,0,0,0,1
40,23,5,34,0.151945,0.068758,0.107365,0.234857,1,0,0,0
41,21,5,35,0.153234,0.068758,0.107365,0.262801,0,0,0,1
42,19,5,36,0.153234,0.068758,0.107365,0.264738,0,0,0,0
43,17,5,37,0.153234,0.068758,0.107365,0.264738,0,0,0,0
44,15,5,38,0.153234,0.083416,0.129122,0.264738,0,1,1,0
45,14,5,38,0.153234,0.101770,0.155838,0.264738,0,1,1,0
46,12,5,39,0.153234,0.102684,0.157154,0.264738,0,0,0,0
47,10,5,40,0.153234,0.102684,0.157154,0.264738,0,0,0,0
48,8,5,41,0.182403,0.102684,0.157154,0.307478,1,0,0,1
49,6,5,42,0.183894,0.102684,0.157154,0.309608,0,0,0,0
50,4,5,43,0.217412,0.102684,0.157154,0.356106,1,0,0,1
51,2,5,44,0.238460,0.102684,0.157154,0.358399,1,0,0,0
52,29,6,44,0.260872,0.102684,0.157154,0.358399,1,0,0,0
53,27,6,45,0.262801,0.113229,0.157154,0.358399,0,1,0,0
54,29,7,45,0.262801,0.125798,0.157154,0.358399,0,1,0,0
55,27,7,46,0.284609,0.126898,0.157154,0.358399,1,0,0,0
56,29,8,46,0.322553,0.126898,0.157154,0.358399,1,0,0,0
57,27,8,47,0.324738,0.126898,0.157154,0.358399,0,0,0,0
58,29,9,47,0.324738,0.126898,0.157154,0.358399,0,0,0,0
59,27,9,48,0.324738,0.126898,0.157154,0.358399,0,0,0,0
60,25,9,49,0.324738,0.145636,0.157154,0.358399,0,1,0,0
61,23,9,50,0.324738,0.146880,0.157154,0.358399,0,0,0,0
62,21,9,51,0.363004,0.146880,0.157154,0.398306,1,0,0,1
63,19,9,52,0.365317,0.146880,0.157154,0.400703,0,0,0,0
64,29,10,52,0.365317,0.146880,0.157154,0.400703,0,0,0,0
65,27,10,53,0.391146,0.146880,0.157154,0.400703,1,0,0,0
66,25,10,54,0.393528,0.146880,0.157154,0.400703,0,0,0,0
67,23,10,55,0.393528,0.146880,0.157154,0.400703,0,0,0,0
68,21,10,56,0.393528,0.146880,0.183894,0.400703,0,0,1,0
69,19,10,57,0.393528,0.146880,0.185395,0.400703,0,0,0,0
70,17,10,58,0.393528,0.146880,0.185395,0.400703,0,0,0,0
71,15,10,59,0.393528,0.146880,0.202531,0.400703,0,0,1,0
72,13,10,60,0.420040,0.146880,0.204146,0.427359,1,0,0,1
73,11,10,61,0.422476,0.146880,0.222545,0.429807,0,0,1,0
74,29,11,61,0.422476,0.146880,0.247635,0.429807,0,0,1,0
75,27,11,62,0.422476,0.146880,0.290744,0.429807,0,0,1,0
76,25,11,63,0.422476,0.146880,0.292806,0.461896,0,0,0,1
77,23,11,64,0.422476,0.146880,0.292806,0.464382,0,0,0,0
78,29,12,64,0.422476,0.146880,0.292806,0.464382,0,0,0,0
79,27,12,65,0.422476,0.146880,0.292806,0.464382,0,0,0,0
80,25,12,66,0.422476,0.146880,0.316044,0.464382,0,0,1,0
81,23,12,67,0.422476,0.161154,0.342490,0.464382,0,1,1,0
82,29,13,67,0.422476,0.193041,0.393528,0.464382,0,1,1,0
83,27,13,68,0.422476,0.194598,0.395915,0.464382,0,0,0,0
84,29,14,68,0.422476,0.194598,0.395915,0.464382,0,0,0,0
85,27,14,69,0.422476,0.194598,0.395915,0.464382,0,0,0,0
86,25,14,70,0.422476,0.194598,0.395915,0.464382,0,0,0,0
87,23,14,71,0.422476,0.194598,0.395915,0.464382,0,0,0,0
88,21,14,72,0.422476,0.194598,0.395915,0.464382,0,0,0,0
89,19,14,73,0.422476,0.194598,0.395915,0.464382,0,0,0,0
90,17,14,74,0.422476,0.226015,0.395915,0.464382,0,1,0,0
91,15,14,75,0.422476,0.227764,0.395915,0.464382,0,0,0,0
92,13,14,76,0.464382,0.227764,0.395915,0.464382,1,0,0,0
93,11,14,77,0.466869,0.227764,0.395915,0.464382,0,0,0,0
94,9,14,78,0.499315,0.227764,0.395915,0.464382,1,0,0,0
95,7,14,79,0.501815,0.227764,0.395915,0.464382,0,0,0,0
96,29,15,79,0.501815,0.227764,0.395915,0.464382,0,0,0,0
97,27,15,80,0.501815,0.227764,0.395915,0.464382,0,0,0,0
98,25,15,81,0.501815,0.227764,0.395915,0.464382,0,0,0,0
99,23,15,82,0.501815,0.227764,0.395915,0.464382,0,0,0,0
100,21,15,83,0.501815,0.227764,0.395915,0.494315,0,0,0,1
101,19,15,84,0.501815,0.227764,0.395915,0.524299,0,0,0,1
102,29,16,84,0.501815,0.227764,0.395915,0.559055,0,0,0,1
103,27,16,85,0.539242,0.227764,0.395915,0.561520,1,0,0,0
104,29,17,85,0.568897,0.227764,0.395915,0.561520,1,0,0,0
105,27,17,86,0.571350,0.227764,0.395915,0.588415,0,0,0,1
106,29,18,86,0.571350,0.227764,0.395915,0.617167,0,0,0,1
107,27,18,87,0.571350,0.227764,0.395915,0.619530,0,0,0,0
108,29,19,87,0.571350,0.227764,0.395915,0.619530,0,0,0,0
109,27,19,88,0.571350,0.227764,0.395915,0.619530,0,0,0,0
110,25,19,89,0.571350,0.227764,0.424916,0.619530,0,0,1,0
111,23,19,90,0.571350,0.227764,0.456931,0.619530,0,0,1,0
112,21,19,91,0.571350,0.227764,0.486819,0.645129,0,0,1,1
113,29,20,91,0.571350,0.227764,0.516810,0.672142,0,0,1,1
114,27,20,92,0.571350,0.227764,0.568897,0.716730,0,0,1,1
115,25,20,93,0.598076,0.247635,0.571350,0.740501,1,1,0,1
116,23,20,94,0.600480,0.249498,0.598076,0.762942,0,0,1,1
117,29,21,94,0.600480,0.249498,0.626584,0.784012,0,0,1,1
118,27,21,95,0.600480,0.270605,0.628923,0.803696,0,1,0,1
119,25,21,96,0.626584,0.294877,0.628923,0.821997,1,1,0,1
120,23,21,97,0.628923,0.296956,0.654246,0.823460,0,0,1,0
121,29,22,97,0.628923,0.296956,0.683083,0.823460,0,0,1,0
122,27,22,98,0.628923,0.320375,0.685248,0.838936,0,1,0,1
123,29,23,98,0.628923,0.347001,0.685248,0.854551,0,1,0,1
124,27,23,99,0.628923,0.349267,0.685248,0.868891,0,0,0,1
125,29,24,99,0.628923,0.349267,0.685248,0.882014,0,0,0,1
126,27,24,100,0.654246,0.349267,0.685248,0.883054,1,0,0,0
127,29,25,100,0.680910,0.349267,0.685248,0.883054,1,0,0,0
128,27,25,101,0.706447,0.349267,0.685248,0.883054,1,0,0,0
129,29,26,101,0.730754,0.349267,0.685248,0.883054,1,0,0,0
130,27,26,102,0.753756,0.349267,0.685248,0.883054,1,0,0,0
131,29,27,102,0.775401,0.349267,0.685248,0.883054,1,0,0,0
132,27,27,103,0.795663,0.349267,0.685248,0.883054,1,0,0,0
133,25,27,104,0.814539,0.349267,0.708521,0.883054,1,0,1,0
134,29,28,104,0.832041,0.349267,0.732722,0.883054,1,0,1,0
135,27,28,105,0.833439,0.349267,0.734680,0.883054,0,0,0,0
136,29,29,105,0.833439,0.349267,0.734680,0.883054,0,0,0,0
137,27,29,106,0.833439,0.349267,0.734680,0.893985,0,0,0,1
138,25,29,107,0.833439,0.349267,0.734680,0.894933,0,0,0,0
139,29,30,107,0.833439,0.349267,0.734680,0.894933,0,0,0,0
140,27,30,108,0.833439,0.349267,0.734680,0.894933,0,0,0,0
141,25,30,109,0.848203,0.349267,0.734680,0.894933,1,0,0,0
142,23,30,110,0.863067,0.349267,0.734680,0.894933,1,0,0,0
143,29,31,110,0.877771,0.349267,0.734680,0.894933,1,0,0,0
144,27,31,111,0.878844,0.349267,0.734680,0.894933,0,0,0,0
145,29,32,111,0.878844,0.349267,0.734680,0.894933,0,0,0,0
146,27,32,112,0.878844,0.349267,0.734680,0.894933,0,0,0,0
147,25,32,113,0.878844,0.349267,0.734680,0.894933,0,0,0,0
148,23,32,114,0.878844,0.374628,0.734680,0.894933,0,1,0,0
149,21,32,115,0.878844,0.403104,0.734680,0.894933,0,1,0,0
150,29,33,115,0.878844,0.432257,0.734680,0.894933,0,1,0,0
151,27,33,116,0.878844,0.434712,0.755612,0.894933,0,0,1,0
152,29,34,116,0.878844,0.434712,0.777143,0.894933,0,0,1,0
153,27,34,117,0.878844,0.461896,0.778874,0.894933,0,1,0,0
154,29,35,117,0.878844,0.494315,0.778874,0.894933,0,1,0,0
155,27,35,118,0.878844,0.496815,0.778874,0.894933,0,0,0,0
156,29,36,118,0.878844,0.496815,0.778874,0.894933,0,0,0,0
157,27,36,119,0.878844,0.496815,0.778874,0.894933,0,0,0,0
158,25,36,120,0.878844,0.524299,0.778874,0.894933,0,1,0,0
159,23,36,121,0.878844,0.526793,0.778874,0.894933,0,0,0,0
160,29,37,121,0.878844,0.526793,0.778874,0.894933,0,0,0,0
161,27,37,122,0.878844,0.526793,0.778874,0.894933,0,0,0,0
162,25,37,123,0.878844,0.526793,0.778874,0.894933,0,0,0,0
163,23,37,124,0.878844,0.526793,0.778874,0.894933,0,0,0,0
164,21,37,125,0.878844,0.526793,0.778874,0.894933,0,0,0,0
165,19,37,126,0.878844,0.526793,0.778874,0.894933,0,0,0,0
166,17,37,127,0.878844,0.526793,0.778874,0.894933,0,0,0,0
167,15,37,128,0.878844,0.526793,0.778874,0.904874,0,0,0,1
168,13,37,129,0.890118,0.526793,0.778874,0.905734,1,0,0,0
169,29,38,129,0.901360,0.526793,0.778874,0.905734,1,0,0,0
170,27,38,130,0.911567,0.526793,0.778874,0.914752,1,0,0,1
171,25,38,131,0.912373,0.554117,0.778874,0.923691,0,1,0,1
172,23,38,132,0.920811,0.583559,0.797289,0.924396,1,1,1,0
173,29,39,132,0.929165,0.612425,0.816049,0.924396,1,1,1,0
174,27,39,133,0.936699,0.614799,0.817550,0.931764,1,0,0,1
175,29,40,133,0.943480,0.614799,0.817550,0.939039,1,0,0,1
176,27,40,134,0.944014,0.640531,0.817550,0.939612,0,1,0,0
177,29,41,134,0.944014,0.667712,0.817550,0.939612,0,1,0,0
178,27,41,135,0.944014,0.669930,0.817550,0.939612,0,0,0,0
179,29,42,135,0.944014,0.669930,0.817550,0.939612,0,0,0,0
180,27,42,136,0.944014,0.669930,0.833439,0.939612,0,0,1,0
181,25,42,137,0.944014,0.693827,0.834827,0.939612,0,1,0,0
182,23,42,138,0.944014,0.695951,0.834827,0.945585,0,0,0,1
183,29,43,138,0.944014,0.695951,0.849490,0.951464,0,0,1,1
184,27,43,139,0.944014,0.695951,0.850769,0.951926,0,0,0,0
185,29,44,139,0.944014,0.695951,0.850769,0.951926,0,0,0,0
186,27,44,140,0.944014,0.695951,0.864249,0.951926,0,0,1,0
187,25,44,141,0.944014,0.695951,0.865422,0.951926,0,0,0,0
188,29,45,141,0.944014,0.695951,0.865422,0.951926,0,0,0,0
189,27,45,142,0.944014,0.695951,0.865422,0.951926,0,0,0,0
190,25,45,143,0.949575,0.718760,0.865422,0.951926,1,1,0,0
191,23,45,144,0.955044,0.720781,0.865422,0.951926,1,0,0,0
192,29,46,144,0.959945,0.720781,0.865422,0.951926,1,0,0,0
193,27,46,145,0.964332,0.720781,0.865422,0.951926,1,0,0,0
194,29,47,145,0.968255,0.720781,0.865422,0.951926,1,0,0,0
195,27,47,146,0.971758,0.720781,0.865422,0.951926,1,0,0,0
196,29,48,146,0.974886,0.720781,0.865422,0.951926,1,0,0,0
197,27,48,147,0.977675,0.720781,0.865422,0.951926,1,0,0,0
198,29,49,147,0.980160,0.720781,0.865422,0.951926,1,0,0,0
199,27,49,148,0.980355,0.720781,0.865422,0.951926,0,0,0,0
200,29,50,148,0.980355,0.720781,0.865422,0.951926,0,0,0,0
201,27,50,149,0.980355,0.720781,0.865422,0.951926,0,0,0,0
202,25,50,150,0.980355,0.720781,0.865422,0.951926,0,0,0,0
203,23,50,151,0.980355,0.720781,0.865422,0.951926,0,0,0,0
204,21,50,152,0.980355,0.720781,0.865422,0.956738,0,0,0,1
205,19,50,153,0.980355,0.720781,0.865422,0.961462,0,0,0,1
206,29,51,153,0.980355,0.720781,0.865422,0.965689,0,0,0,1
207,27,51,154,0.980355,0.720781,0.877771,0.966020,0,0,1,0
208,29,52,154,0.980355,0.720781,0.890118,0.966020,0,0,1,0
209,27,52,155,0.980355,0.720781,0.901360,0.969467,0,0,1,1
210,29,53,155,0.980355,0.720781,0.911567,0.972841,0,0,1,1
211,27,53,156,0.980355,0.742422,0.920811,0.973105,0,1,1,0
212,29,54,156,0.980355,0.764750,0.929165,0.973105,0,1,1,0
213,27,54,157,0.980355,0.766549,0.929823,0.975851,0,0,0,1
214,29,55,157,0.980355,0.766549,0.929823,0.978535,0,0,0,1
215,27,55,158,0.980355,0.766549,0.929823,0.978745,0,0,0,0
216,29,56,158,0.980355,0.766549,0.929823,0.978745,0,0,0,0
217,27,56,159,0.980355,0.766549,0.929823,0.980927,0,0,0,1
218,25,56,160,0.980355,0.766549,0.929823,0.981114,0,0,0,0
219,29,57,160,0.980355,0.766549,0.929823,0.981114,0,0,0,0
220,27,57,161,0.980355,0.766549,0.929823,0.983057,0,0,0,1
221,25,57,162,0.980355,0.766549,0.929823,0.983224,0,0,0,0
222,29,58,162,0.980355,0.766549,0.929823,0.983224,0,0,0,0
223,27,58,163,0.980355,0.766549,0.929823,0.983224,0,0,0,0
224,25,58,164,0.980355,0.766549,0.929823,0.983224,0,0,0,0
225,23,58,165,0.980355,0.766549,0.929823,0.983224,0,0,0,0
226,21,58,166,0.980355,0.766549,0.929823,0.983224,0,0,0,0
227,19,58,167,0.980355,0.766549,0.929823,0.983224,0,0,0,0
228,17,58,168,0.980355,0.766549,0.929823,0.983224,0,0,0,0
229,15,58,169,0.982548,0.766549,0.929823,0.983224,1,0,0,0
230,13,58,170,0.982719,0.766549,0.929823,0.984953,0,0,0,1
231,11,58,171,0.982719,0.785706,0.929823,0.985101,0,1,0,0
232,29,59,171,0.982719,0.805274,0.929823,0.985101,0,1,0,0
233,27,59,172,0.982719,0.806842,0.929823,0.985101,0,0,0,0
234,29,60,172,0.982719,0.806842,0.929823,0.985101,0,0,0,0
235,27,60,173,0.982719,0.823460,0.936699,0.985101,0,1,1,0
236,25,60,174,0.982719,0.840287,0.937292,0.985101,0,1,0,0
237,29,61,174,0.982719,0.855794,0.937292,0.985101,0,1,0,0
238,27,61,175,0.984499,0.857028,0.937292,0.985101,1,0,0,0
239,29,62,175,0.986236,0.857028,0.937292,0.985101,1,0,0,0
240,27,62,176,0.987780,0.870030,0.937292,0.985101,1,1,0,0
241,29,63,176,0.989154,0.883054,0.937292,0.985101,1,1,0,0
242,27,63,177,0.990374,0.884087,0.937292,0.986639,1,0,0,1
243,29,64,177,0.991458,0.884087,0.937292,0.988139,1,0,0,1
244,27,64,178,0.991543,0.884087,0.937292,0.988256,0,0,0,0
245,29,65,178,0.991543,0.884087,0.937292,0.988256,0,0,0,0
246,27,65,179,0.991543,0.884087,0.937292,0.988256,0,0,0,0
247,25,65,180,0.991543,0.884087,0.937292,0.988256,0,0,0,0
248,23,65,181,0.991543,0.884087,0.937292,0.988256,0,0,0,0
249,21,65,182,0.992421,0.884087,0.937292,0.989472,1,0,0,1
250,19,65,183,0.993276,0.884087,0.937292,0.989576,1,0,0,0
251,29,66,183,0.994036,0.884087,0.937292,0.989576,1,0,0,0
252,27,66,184,0.994710,0.894933,0.937292,0.990657,1,1,0,1
253,25,66,185,0.995308,0.895873,0.943480,0.990750,1,0,1,0
254,29,67,185,0.995839,0.895873,0.949575,0.990750,1,0,1,0
255,27,67,186,0.996310,0.895873,0.950054,0.990750,1,0,0,0
256,29,68,186,0.996728,0.895873,0.950054,0.990750,1,0,0,0
257,27,68,187,0.997098,0.905734,0.950054,0.990750,1,1,0,0
258,29,69,187,0.997427,0.915531,0.950054,0.990750,1,1,0,0
259,27,69,188,0.997719,0.916305,0.950054,0.990750,1,0,0,0
260,29,70,188,0.997977,0.916305,0.950054,0.990750,1,0,0,0
261,27,70,189,0.998207,0.916305,0.955044,0.990750,1,0,1,0
262,25,70,190,0.998225,0.916305,0.955473,0.991710,0,0,0,1
263,29,71,190,0.998225,0.916305,0.955473,0.992645,0,0,0,1
264,27,71,191,0.998410,0.916305,0.955473,0.992718,1,0,0,0
265,25,71,192,0.998426,0.916305,0.959945,0.993475,0,0,1,1
266,29,72,192,0.998426,0.916305,0.964332,0.994212,0,0,1,1
267,27,72,193,0.998591,0.916305,0.964676,0.994269,1,0,0,0
268,29,73,193,0.998751,0.916305,0.964676,0.994269,1,0,0,0
269,27,73,194,0.998892,0.916305,0.964676,0.994269,1,0,0,0
270,25,73,195,0.998903,0.924396,0.968255,0.994269,0,1,1,0
271,29,74,195,0.998903,0.932400,0.971758,0.994269,0,1,1,0
272,27,74,196,0.998903,0.933030,0.972033,0.994269,0,0,0,0
273,29,75,196,0.998903,0.933030,0.972033,0.994269,0,0,0,0
274,27,75,197,0.999018,0.933030,0.972033,0.994269,1,0,0,0
275,25,75,198,0.999028,0.933030,0.972033,0.994269,0,0,0,0
276,29,76,198,0.999028,0.933030,0.972033,0.994269,0,0,0,0
277,27,76,199,0.999028,0.933030,0.972033,0.994269,0,0,0,0
278,25,76,200,0.999028,0.933030,0.972033,0.994269,0,0,0,0
279,23,76,201,0.999028,0.933030,0.972033,0.994269,0,0,0,0
280,21,76,202,0.999028,0.933030,0.972033,0.994269,0,0,0,0
281,19,76,203,0.999028,0.933030,0.972033,0.994269,0,0,0,0
282,17,76,204,0.999028,0.933030,0.972033,0.994269,0,0,0,0
283,15,76,205,0.999028,0.933030,0.972033,0.994269,0,0,0,0
284,13,76,206,0.999028,0.933030,0.974886,0.994269,0,0,1,0
285,11,76,207,0.999028,0.939612,0.975131,0.994269,0,1,0,0
286,9,76,208,0.999028,0.940179,0.977675,0.994866,0,0,1,1
287,29,77,208,0.999028,0.940179,0.980160,0.995447,0,0,1,1
288,27,77,209,0.999028,0.946100,0.982374,0.995492,0,1,1,0
289,29,78,209,0.999028,0.951926,0.984345,0.995492,0,1,1,0
290,27,78,210,0.999028,0.952384,0.984499,0.995492,0,0,0,0
291,29,79,210,0.999028,0.952384,0.984499,0.995492,0,0,0,0
292,27,79,211,0.999028,0.957152,0.984499,0.995492,0,1,0,0
293,25,79,212,0.999028,0.957562,0.984499,0.995492,0,0,0,0
294,29,80,212,0.999028,0.957562,0.984499,0.995492,0,0,0,0
295,27,80,213,0.999028,0.957562,0.986099,0.995492,0,0,1,0
296,25,80,214,0.999028,0.957562,0.987659,0.995492,0,0,1,0
297,29,81,214,0.999028,0.957562,0.989045,0.995492,0,0,1,0
298,27,81,215,0.999028,0.957562,0.989154,0.995492,0,0,0,0
299,25,81,216,0.999028,0.957562,0.989154,0.995492,0,0,0,0
300,23,81,217,0.999028,0.957562,0.990278,0.995492,0,0,1,0
301,21,81,218,0.999028,0.957562,0.991373,0.995492,0,0,1,0
302,29,82,218,0.999028,0.957562,0.992345,0.995492,0,0,1,0
303,27,82,219,0.999028,0.961832,0.993209,0.995492,0,1,1,0
304,29,83,219,0.999028,0.966020,0.993976,0.995492,0,1,1,0
305,27,83,220,0.999028,0.966348,0.994036,0.995492,0,0,0,0
306,29,84,220,0.999028,0.966348,0.994036,0.995492,0,0,0,0
307,27,84,221,0.999028,0.966348,0.994036,0.995492,0,0,0,0
308,25,84,222,0.999130,0.966348,0.994036,0.995492,1,0,0,0
309,23,84,223,0.999138,0.969763,0.994036,0.995492,0,1,0,0
310,29,85,223,0.999138,0.973105,0.994036,0.995492,0,1,0,0
311,27,85,224,0.999138,0.976087,0.994036,0.995492,0,1,0,0
312,29,86,224,0.999138,0.978745,0.994036,0.995492,0,1,0,0
313,27,86,225,0.999138,0.978953,0.994036,0.995492,0,0,0,0
314,29,87,225,0.999138,0.978953,0.994036,0.995492,0,0,0,0
315,27,87,226,0.999138,0.978953,0.994036,0.995492,0,0,0,0
316,25,87,227,0.999138,0.978953,0.994036,0.995492,0,0,0,0
317,23,87,228,0.999138,0.978953,0.994036,0.995492,0,0,0,0
318,21,87,229,0.999138,0.978953,0.994036,0.995492,0,0,0,0
319,19,87,230,0.999138,0.978953,0.994036,0.995492,0,0,0,0
320,17,87,231,0.999138,0.978953,0.994036,0.995492,0,0,0,0
321,15,87,232,0.999138,0.978953,0.994036,0.995492,0,0,0,0
322,13,87,233,0.999228,0.978953,0.994036,0.995492,1,0,0,0
323,11,87,234,0.999236,0.978953,0.994036,0.995492,0,0,0,0
324,29,88,234,0.999236,0.978953,0.994036,0.995492,0,0,0,0
325,27,88,235,0.999236,0.978953,0.994036,0.995492,0,0,0,0
326,25,88,236,0.999236,0.978953,0.994036,0.995492,0,0,0,0
327,23,88,237,0.999236,0.978953,0.994036,0.995492,0,0,0,0
328,21,88,238,0.999236,0.978953,0.994036,0.995492,0,0,0,0
329,19,88,239,0.999236,0.978953,0.994036,0.995492,0,0,0,0
330,17,88,240,0.999236,0.978953,0.994036,0.995492,0,0,0,0
331,15,88,241,0.999236,0.978953,0.994657,0.995962,0,0,1,1
332,13,88,242,0.999236,0.978953,0.995261,0.996002,0,0,1,0
333,11,88,243,0.999316,0.981114,0.995308,0.996002,1,1,0,0
334,29,89,243,0.999394,0.983224,0.995308,0.996002,1,1,0,0
335,27,89,244,0.999400,0.985101,0.995308,0.996002,0,1,0,0
336,29,90,244,0.999400,0.986771,0.995308,0.996002,0,1,0,0
337,27,90,245,0.999400,0.986902,0.995308,0.996002,0,0,0,0
338,29,91,245,0.999400,0.986902,0.995308,0.996002,0,0,0,0
339,27,91,246,0.999400,0.986902,0.995308,0.996002,0,0,0,0
340,25,91,247,0.999462,0.986902,0.995308,0.996002,1,0,0,0
341,23,91,248,0.999468,0.986902,0.995308,0.996002,0,0,0,0
342,29,92,248,0.999468,0.986902,0.995308,0.996002,0,0,0,0
343,27,92,249,0.999468,0.986902,0.995308,0.996419,0,0,0,1
344,25,92,250,0.999468,0.986902,0.995308,0.996455,0,0,0,0
345,29,93,250,0.999468,0.986902,0.995308,0.996455,0,0,0,0
346,27,93,251,0.999468,0.986902,0.995797,0.996825,0,0,1,1
347,25,93,252,0.999468,0.986902,0.995839,0.997184,0,0,0,1
348,29,94,252,0.999468,0.986902,0.995839,0.997503,0,0,0,1
349,27,94,253,0.999524,0.986902,0.996273,0.997528,1,0,1,0
350,25,94,254,0.999528,0.986902,0.996695,0.997786,0,0,1,1
351,23,94,255,0.999578,0.988256,0.996728,0.997809,1,1,0,0
352,29,95,255,0.999626,0.989576,0.996728,0.997809,1,1,0,0
353,27,95,256,0.999668,0.989680,0.996728,0.997809,1,0,0,0
354,29,96,256,0.999706,0.989680,0.996728,0.997809,1,0,0,0
355,27,96,257,0.999709,0.990750,0.996728,0.997809,0,1,0,0
356,25,96,258,0.999709,0.990841,0.996728,0.998037,0,0,0,1
357,29,97,258,0.999709,0.990841,0.996728,0.998260,0,0,0,1
358,27,97,259,0.999709,0.990841,0.996728,0.998277,0,0,0,0
359,29,98,259,0.999709,0.990841,0.996728,0.998277,0,0,0,0
360,27,98,260,0.999709,0.990841,0.996728,0.998277,0,0,0,0
361,25,98,261,0.999709,0.990841,0.996728,0.998277,0,0,0,0
362,23,98,262,0.999709,0.990841,0.996728,0.998277,0,0,0,0
363,21,98,263,0.999739,0.990841,0.996728,0.998277,1,0,0,0
364,19,98,264,0.999742,0.990841,0.996728,0.998457,0,0,0,1
365,17,98,265,0.999742,0.991792,0.996728,0.998632,0,1,0,1
366,29,99,265,0.999742,0.992718,0.996728,0.998788,0,1,0,1
367,27,99,266,0.999742,0.992790,0.996728,0.998800,0,0,0,0
368,29,100,266,0.999742,0.992790,0.996728,0.998800,0,0,0,0
369,27,100,267,0.999742,0.992790,0.996728,0.998800,0,0,0,0
370,25,100,268,0.999742,0.992790,0.996728,0.998800,0,0,0,0
371,23,100,269,0.999769,0.993540,0.996728,0.998925,1,1,0,1
372,21,100,270,0.999771,0.993604,0.996728,0.998936,0,0,0,0
373,29,101,270,0.999771,0.993604,0.996728,0.998936,0,0,0,0
374,27,101,271,0.999771,0.994269,0.996728,0.998936,0,1,0,0
375,25,101,272,0.999771,0.994326,0.996728,0.998936,0,0,0,0
376,29,102,272,0.999771,0.994326,0.996728,0.998936,0,0,0,0
377,27,102,273,0.999771,0.994326,0.996728,0.998936,0,0,0,0
378,25,102,274,0.999771,0.994326,0.996728,0.998936,0,0,0,0
379,23,102,275,0.999771,0.994326,0.996728,0.998936,0,0,0,0
380,21,102,276,0.999795,0.994326,0.996728,0.998936,1,0,0,0
381,19,102,277,0.999818,0.994326,0.996728,0.999047,1,0,0,1
382,29,103,277,0.999839,0.994326,0.996728,0.999155,1,0,0,1
383,27,103,278,0.999841,0.994326,0.996728,0.999164,0,0,0,0
384,29,104,278,0.999841,0.994326,0.996728,0.999164,0,0,0,0
385,27,104,279,0.999857,0.994326,0.996728,0.999251,1,0,0,1
386,25,104,280,0.999859,0.994326,0.996728,0.999259,0,0,0,0
387,29,105,280,0.999859,0.994326,0.996728,0.999259,0,0,0,0
388,27,105,281,0.999859,0.994326,0.997069,0.999336,0,0,1,1
389,25,105,282,0.999859,0.994326,0.997098,0.999412,0,0,0,1
390,29,106,282,0.999859,0.994326,0.997098,0.999478,0,0,0,1
391,27,106,283,0.999874,0.994326,0.997401,0.999484,1,0,1,0
392,29,107,283,0.999888,0.994326,0.997696,0.999484,1,0,1,0
393,27,107,284,0.999889,0.994326,0.997719,0.999484,0,0,0,0
394,29,108,284,0.999889,0.994326,0.997719,0.999484,0,0,0,0
395,27,108,285,0.999901,0.994326,0.997719,0.999484,1,0,0,0
396,25,108,286,0.999902,0.994326,0.997719,0.999484,0,0,0,0
397,29,109,286,0.999902,0.994326,0.997719,0.999484,0,0,0,0
398,27,109,287,0.999902,0.994326,0.997719,0.999484,0,0,0,0
399,25,109,288,0.999902,0.994326,0.997719,0.999484,0,0,0,0
400,23,109,289,0.999902,0.994326,0.997719,0.999484,0,0,0,0
401,21,109,290,0.999902,0.994917,0.997719,0.999538,0,1,0,1
402,19,109,291,0.999902,0.994968,0.997719,0.999542,0,0,0,0
403,29,110,291,0.999902,0.994968,0.997719,0.999542,0,0,0,0
404,27,110,292,0.999902,0.994968,0.997719,0.999542,0,0,0,0
405,25,110,293,0.999902,0.994968,0.997719,0.999542,0,0,0,0
406,23,110,294,0.999902,0.994968,0.997719,0.999542,0,0,0,0
407,21,110,295,0.999902,0.994968,0.997719,0.999542,0,0,0,0
408,19,110,296,0.999902,0.994968,0.997719,0.999542,0,0,0,0
409,17,110,297,0.999902,0.994968,0.997719,0.999590,0,0,0,1
410,15,110,298,0.999902,0.994968,0.997719,0.999637,0,0,0,1
411,29,111,298,0.999902,0.994968,0.997719,0.999678,0,0,0,1
412,27,111,299,0.999902,0.994968,0.997719,0.999681,0,0,0,0
413,29,112,299,0.999902,0.994968,0.997719,0.999681,0,0,0,0
414,27,112,300,0.999902,0.994968,0.997957,0.999715,0,0,1,1
415,25,112,301,0.999902,0.994968,0.998189,0.999717,0,0,1,0
416,29,113,301,0.999902,0.994968,0.998394,0.999717,0,0,1,0
417,27,113,302,0.999902,0.994968,0.998576,0.999717,0,0,1,0
418,29,114,302,0.999902,0.994968,0.998738,0.999717,0,0,1,0
419,27,114,303,0.999902,0.994968,0.998881,0.999747,0,0,1,1
420,29,115,303,0.999902,0.994968,0.999008,0.999776,0,0,1,1
421,27,115,304,0.999902,0.994968,0.999018,0.999801,0,0,0,1
422,25,115,305,0.999912,0.995492,0.999018,0.999803,1,1,0,0
423,29,116,305,0.999922,0.996002,0.999018,0.999803,1,1,0,0
424,27,116,306,0.999923,0.996042,0.999018,0.999803,0,0,0,0
425,29,117,306,0.999923,0.996042,0.999018,0.999803,0,0,0,0
426,27,117,307,0.999923,0.996455,0.999018,0.999803,0,1,0,0
427,25,117,308,0.999923,0.996490,0.999018,0.999803,0,0,0,0
428,29,118,308,0.999923,0.996490,0.999018,0.999803,0,0,0,0
429,27,118,309,0.999923,0.996490,0.999121,0.999803,0,0,1,0
430,25,118,310,0.999923,0.996490,0.999130,0.999803,0,0,0,0
431,23,118,311,0.999923,0.996490,0.999130,0.999803,0,0,0,0
432,21,118,312,0.999923,0.996490,0.999130,0.999803,0,0,0,0
433,19,118,313,0.999923,0.996490,0.999221,0.999803,0,0,1,0
434,17,118,314,0.999923,0.996490,0.999228,0.999803,0,0,0,0
435,29,119,314,0.999923,0.996490,0.999228,0.999803,0,0,0,0
436,27,119,315,0.999923,0.996490,0.999228,0.999803,0,0,0,0
437,25,119,316,0.999923,0.996490,0.999309,0.999803,0,0,1,0
438,23,119,317,0.999923,0.996856,0.999388,0.999824,0,1,1,1
439,29,120,317,0.999923,0.997212,0.999457,0.999844,0,1,1,1
440,27,120,318,0.999923,0.997240,0.999462,0.999845,0,0,0,0
441,29,121,318,0.999923,0.997240,0.999462,0.999845,0,0,0,0
442,27,121,319,0.999931,0.997240,0.999462,0.999845,1,0,0,0
443,25,121,320,0.999931,0.997240,0.999462,0.999845,0,0,0,0
444,29,122,320,0.999931,0.997240,0.999462,0.999845,0,0,0,0
445,27,122,321,0.999931,0.997240,0.999462,0.999845,0,0,0,0
446,25,122,322,0.999931,0.997240,0.999462,0.999845,0,0,0,0
447,23,122,323,0.999931,0.997528,0.999462,0.999845,0,1,0,0
448,21,122,324,0.999931,0.997553,0.999462,0.999845,0,0,0,0
449,19,122,325,0.999931,0.997553,0.999462,0.999862,0,0,0,1
450,17,122,326,0.999931,0.997553,0.999462,0.999863,0,0,0,0
451,15,122,327,0.999939,0.997553,0.999462,0.999863,1,0,0,0
452,13,122,328,0.999939,0.997553,0.999462,0.999877,0,0,0,1
453,29,123,328,0.999939,0.997553,0.999462,0.999891,0,0,0,1
454,27,123,329,0.999939,0.997553,0.999462,0.999892,0,0,0,0
455,29,124,329,0.999939,0.997553,0.999462,0.999892,0,0,0,0
456,27,124,330,0.999939,0.997553,0.999462,0.999892,0,0,0,0
457,25,124,331,0.999939,0.997553,0.999462,0.999904,0,0,0,1
458,23,124,332,0.999939,0.997553,0.999462,0.999905,0,0,0,0
459,29,125,332,0.999939,0.997553,0.999462,0.999905,0,0,0,0
460,27,125,333,0.999939,0.997553,0.999462,0.999905,0,0,0,0
461,25,125,334,0.999939,0.997553,0.999462,0.999905,0,0,0,0
462,23,125,335,0.999939,0.997553,0.999462,0.999905,0,0,0,0
463,21,125,336,0.999939,0.997553,0.999462,0.999905,0,0,0,0
464,19,125,337,0.999939,0.997553,0.999462,0.999905,0,0,0,0
465,17,125,338,0.999939,0.997553,0.999462,0.999905,0,0,0,0
466,15,125,339,0.999939,0.997553,0.999462,0.999905,0,0,0,0
467,13,125,340,0.999939,0.997553,0.999462,0.999905,0,0,0,0
468,11,125,341,0.999939,0.997553,0.999519,0.999905,0,0,1,0
469,9,125,342,0.999939,0.997553,0.999524,0.999915,0,0,0,1
470,29,126,342,0.999939,0.997553,0.999524,0.999924,0,0,0,1
471,27,126,343,0.999939,0.997553,0.999524,0.999925,0,0,0,0
472,29,127,343,0.999939,0.997553,0.999524,0.999925,0,0,0,0
473,27,127,344,0.999939,0.997553,0.999524,0.999925,0,0,0,0
474,25,127,345,0.999946,0.997553,0.999524,0.999925,1,0,0,0
475,23,127,346,0.999947,0.997553,0.999524,0.999925,0,0,0,0
476,29,128,346,0.999947,0.997553,0.999524,0.999925,0,0,0,0
477,27,128,347,0.999947,0.997553,0.999524,0.999925,0,0,0,0
478,25,128,348,0.999947,0.997553,0.999524,0.999925,0,0,0,0
479,23,128,349,0.999947,0.997809,0.999524,0.999925,0,1,0,0
480,21,128,350,0.999947,0.997830,0.999524,0.999925,0,0,0,0
481,29,129,350,0.999947,0.997830,0.999524,0.999925,0,0,0,0
482,27,129,351,0.999947,0.997830,0.999573,0.999925,0,0,1,0
483,25,129,352,0.999947,0.998057,0.999578,0.999925,0,1,0,0
484,29,130,352,0.999947,0.998277,0.999578,0.999925,0,1,0,0
485,27,130,353,0.999947,0.998473,0.999622,0.999925,0,1,1,0
486,29,131,353,0.999947,0.998646,0.999665,0.999925,0,1,1,0
487,27,131,354,0.999947,0.998800,0.999668,0.999925,0,1,0,0
488,29,132,354,0.999947,0.998936,0.999668,0.999925,0,1,0,0
489,27,132,355,0.999952,0.998947,0.999703,0.999925,1,0,1,0
490,25,132,356,0.999958,0.998947,0.999737,0.999925,1,0,1,0
491,29,133,356,0.999963,0.998947,0.999767,0.999925,1,0,1,0
492,27,133,357,0.999963,0.999057,0.999769,0.999933,0,1,0,1
493,25,133,358,0.999963,0.999066,0.999769,0.999940,0,0,0,1
494,29,134,358,0.999963,0.999066,0.999769,0.999947,0,0,0,1
495,27,134,359,0.999963,0.999066,0.999769,0.999953,0,0,0,1
496,25,134,360,0.999963,0.999164,0.999769,0.999954,0,1,0,0
497,29,135,360,0.999963,0.999259,0.999769,0.999954,0,1,0,0
498,27,135,361,0.999963,0.999266,0.999769,0.999954,0,0,0,0
499,29,136,361,0.999963,0.999266,0.999769,0.999954,0,0,0,0
500,27,136,362,0.999967,0.999266,0.999769,0.999954,1,0,0,0
501,25,136,363,0.999971,0.999266,0.999769,0.999954,1,0,0,0
502,29,137,363,0.999974,0.999266,0.999769,0.999959,1,0,0,1
503,27,137,364,0.999974,0.999266,0.999769,0.999963,0,0,0,1
504,29,138,364,0.999974,0.999266,0.999769,0.999967,0,0,0,1
505,27,138,365,0.999974,0.999266,0.999793,0.999971,0,0,1,1
506,29,139,365,0.999974,0.999266,0.999817,0.999974,0,0,1,1
507,27,139,366,0.999974,0.999266,0.999818,0.999975,0,0,0,0
508,29,140,366,0.999974,0.999266,0.999818,0.999975,0,0,0,0
509,27,140,367,0.999974,0.999266,0.999818,0.999977,0,0,0,1
510,25,140,368,0.999974,0.999266,0.999818,0.999978,0,0,0,0
511,29,141,368,0.999974,0.999266,0.999818,0.999978,0,0,0,0
512,27,141,369,0.999974,0.999266,0.999818,0.999978,0,0,0,0
513,25,141,370,0.999974,0.999266,0.999818,0.999978,0,0,0,0
514,23,141,371,0.999974,0.999266,0.999818,0.999978,0,0,0,0
515,21,141,372,0.999974,0.999266,0.999818,0.999978,0,0,0,0
516,19,141,373,0.999974,0.999266,0.999818,0.999978,0,0,0,0
517,17,141,374,0.999974,0.999343,0.999818,0.999978,0,1,0,0
518,15,141,375,0.999977,0.999349,0.999837,0.999978,1,0,1,0
519,29,142,375,0.999979,0.999349,0.999856,0.999978,1,0,1,0
520,27,142,376,0.999980,0.999349,0.999857,0.999980,0,0,0,1
521,29,143,376,0.999980,0.999349,0.999857,0.999982,0,0,0,1
522,27,143,377,0.999980,0.999349,0.999872,0.999982,0,0,1,0
523,29,144,377,0.999980,0.999349,0.999887,0.999982,0,0,1,0
524,27,144,378,0.999980,0.999349,0.999888,0.999982,0,0,0,0
525,29,145,378,0.999980,0.999349,0.999888,0.999982,0,0,0,0
526,27,145,379,0.999980,0.999349,0.999900,0.999982,0,0,1,0
527,25,145,380,0.999980,0.999349,0.999911,0.999982,0,0,1,0
528,29,146,380,0.999980,0.999349,0.999921,0.999982,0,0,1,0
529,27,146,381,0.999980,0.999418,0.999922,0.999984,0,1,0,1
530,25,146,382,0.999980,0.999484,0.999922,0.999984,0,1,0,0
531,29,147,382,0.999980,0.999542,0.999922,0.999984,0,1,0,0
532,27,147,383,0.999980,0.999547,0.999922,0.999984,0,0,0,0
533,25,147,384,0.999980,0.999547,0.999922,0.999984,0,0,0,0
534,23,147,385,0.999980,0.999547,0.999930,0.999984,0,0,1,0
535,21,147,386,0.999980,0.999547,0.999938,0.999984,0,0,1,0
536,29,148,386,0.999980,0.999547,0.999945,0.999984,0,0,1,0
537,27,148,387,0.999980,0.999547,0.999951,0.999984,0,0,1,0
538,25,148,388,0.999980,0.999594,0.999952,0.999986,0,1,0,1
539,29,149,388,0.999980,0.999640,0.999952,0.999988,0,1,0,1
540,27,149,389,0.999980,0.999644,0.999952,0.999988,0,0,0,0
541,29,150,389,0.999980,0.999644,0.999952,0.999988,0,0,0,0
542,27,150,390,0.999980,0.999644,0.999957,0.999988,0,0,1,0
543,25,150,391,0.999980,0.999681,0.999962,0.999988,0,1,1,0
544,29,151,391,0.999980,0.999717,0.999966,0.999988,0,1,1,0
545,27,151,392,0.999980,0.999720,0.999966,0.999988,0,0,0,0
546,29,152,392,0.999980,0.999720,0.999966,0.999988,0,0,0,0
547,27,152,393,0.999980,0.999720,0.999966,0.999989,0,0,0,1
548,25,152,394,0.999980,0.999720,0.999966,0.999990,0,0,0,1
549,29,153,394,0.999980,0.999720,0.999966,0.999991,0,0,0,1
550,27,153,395,0.999980,0.999720,0.999970,0.999992,0,0,1,1
551,29,154,395,0.999980,0.999720,0.999973,0.999993,0,0,1,1
552,27,154,396,0.999980,0.999720,0.999974,0.999993,0,0,0,0
553,29,155,396,0.999980,0.999720,0.999974,0.999993,0,0,0,0
554,27,155,397,0.999982,0.999720,0.999974,0.999993,1,0,0,0
555,25,155,398,0.999982,0.999720,0.999974,0.999993,0,0,0,0
556,29,156,398,0.999982,0.999720,0.999974,0.999993,0,0,0,0
557,27,156,399,0.999982,0.999720,0.999974,0.999993,0,0,0,0
558,25,156,400,0.999984,0.999750,0.999974,0.999993,1,1,0,0
559,23,156,401,0.999986,0.999752,0.999974,0.999994,1,0,0,1
560,29,157,401,0.999987,0.999752,0.999974,0.999995,1,0,0,1
561,27,157,402,0.999987,0.999752,0.999974,0.999995,0,0,0,0
562,29,158,402,0.999987,0.999752,0.999974,0.999995,0,0,0,0
563,27,158,403,0.999987,0.999752,0.999976,0.999995,0,0,1,0
564,25,158,404,0.999987,0.999752,0.999977,0.999995,0,0,0,1
565,29,159,404,0.999987,0.999752,0.999977,0.999996,0,0,0,1
566,27,159,405,0.999987,0.999752,0.999979,0.999996,0,0,1,0
567,29,160,405,0.999987,0.999752,0.999981,0.999996,0,0,1,0
568,27,160,406,0.999987,0.999752,0.999982,0.999996,0,0,0,0
569,29,161,406,0.999987,0.999752,0.999982,0.999996,0,0,0,0
570,27,161,407,0.999987,0.999752,0.999982,0.999996,0,0,0,0
571,25,161,408,0.999987,0.999752,0.999982,0.999996,0,0,0,0
572,23,161,409,0.999987,0.999752,0.999982,0.999996,0,0,0,0
573,21,161,410,0.999987,0.999752,0.999982,0.999996,0,0,0,0
574,19,161,411,0.999987,0.999752,0.999982,0.999996,0,0,0,0
575,17,161,412,0.999987,0.999752,0.999984,0.999996,0,0,1,0
576,15,161,413,0.999989,0.999752,0.999984,0.999996,1,0,0,0
577,29,162,413,0.999990,0.999752,0.999984,0.999996,1,0,0,0
578,27,162,414,0.999990,0.999752,0.999984,0.999996,0,0,0,0
579,29,163,414,0.999990,0.999752,0.999984,0.999996,0,0,0,0
580,27,163,415,0.999990,0.999752,0.999984,0.999996,0,0,0,0
581,25,163,416,0.999990,0.999752,0.999985,0.999996,0,0,1,0
582,23,163,417,0.999990,0.999778,0.999987,0.999996,0,1,1,0
583,21,163,418,0.999990,0.999780,0.999987,0.999996,0,0,0,1
584,19,163,419,0.999990,0.999803,0.999989,0.999996,0,1,1,0
585,29,164,419,0.999990,0.999826,0.999990,0.999996,0,1,1,0
586,27,164,420,0.999990,0.999827,0.999990,0.999997,0,0,0,1
587,29,165,420,0.999990,0.999827,0.999990,0.999997,0,0,0,1
588,27,165,421,0.999990,0.999827,0.999991,0.999997,0,0,1,1
589,29,166,421,0.999990,0.999827,0.999992,0.999998,0,0,1,1
590,27,166,422,0.999990,0.999827,0.999992,0.999998,0,0,0,0
591,29,167,422,0.999990,0.999827,0.999992,0.999998,0,0,0,0
592,27,167,423,0.999990,0.999827,0.999993,0.999998,0,0,1,0
593,25,167,424,0.999990,0.999827,0.999993,0.999998,0,0,0,0
594,29,168,424,0.999990,0.999827,0.999993,0.999998,0,0,0,0
595,27,168,425,0.999990,0.999827,0.999993,0.999998,0,0,0,0
596,25,168,426,0.999990,0.999827,0.999994,0.999998,0,0,1,0
597,23,168,427,0.999990,0.999827,0.999994,0.999998,0,0,0,0
598,29,169,427,0.999990,0.999827,0.999994,0.999998,0,0,0,0
599,27,169,428,0.999990,0.999827,0.999994,0.999998,0,0,0,0
600,25,169,429,0.999990,0.999827,0.999994,0.999998,0,0,0,0
601,23,169,430,0.999990,0.999827,0.999994,0.999998,0,0,0,0
602,21,169,431,0.999990,0.999827,0.999994,0.999998,0,0,0,0
603,19,169,432,0.999990,0.999827,0.999994,0.999998,0,0,0,0
604,17,169,433,0.999990,0.999827,0.999994,0.999998,0,0,0,0
605,15,169,434,0.999990,0.999827,0.999994,0.999998,0,0,0,0
606,13,169,435,0.999991,0.999827,0.999994,0.999998,1,0,0,0
607,11,169,436,0.999991,0.999827,0.999994,0.999998,0,0,0,0
608,29,170,436,0.999991,0.999827,0.999994,0.999998,0,0,0,0
609,27,170,437,0.999991,0.999827,0.999994,0.999998,0,0,0,0
610,25,170,438,0.999991,0.999827,0.999994,0.999998,0,0,0,0
611,23,170,439,0.999991,0.999845,0.999994,0.999998,0,1,0,0
612,21,170,440,0.999991,0.999847,0.999994,0.999998,0,0,0,0
613,19,170,441,0.999991,0.999847,0.999994,0.999998,0,0,0,0
614,17,170,442,0.999991,0.999847,0.999994,0.999998,0,0,0,0
615,15,170,443,0.999992,0.999847,0.999994,0.999998,1,0,0,0
616,13,170,444,0.999993,0.999847,0.999994,0.999998,1,0,0,0
617,29,171,444,0.999994,0.999847,0.999994,0.999998,1,0,0,0
618,27,171,445,0.999995,0.999847,0.999994,0.999998,1,0,0,0
619,29,172,445,0.999995,0.999847,0.999994,0.999998,1,0,0,0
620,27,172,446,0.999995,0.999847,0.999994,0.999998,0,0,0,0
621,29,173,446,0.999995,0.999847,0.999994,0.999998,0,0,0,0
622,27,173,447,0.999995,0.999847,0.999994,0.999998,0,0,0,1
623,25,173,448,0.999995,0.999847,0.999994,0.999998,0,0,0,0
624,29,174,448,0.999995,0.999847,0.999994,0.999998,0,0,0,0
625,27,174,449,0.999995,0.999847,0.999994,0.999998,0,0,0,1
626,25,174,450,0.999995,0.999847,0.999994,0.999998,0,0,0,1
627,23,174,451,0.999995,0.999863,0.999994,0.999998,0,1,1,0
628,29,175,451,0.999995,0.999878,0.999995,0.999998,0,1,1,0
629,27,175,452,0.999995,0.999880,0.999995,0.999998,0,0,0,0
630,29,176,452,0.999995,0.999880,0.999995,0.999998,0,0,0,0
631,27,176,453,0.999995,0.999880,0.999995,0.999998,0,0,0,0
632,25,176,454,0.999995,0.999880,0.999995,0.999998,0,0,0,0
633,23,176,455,0.999995,0.999880,0.999995,0.999998,0,0,0,0
634,21,176,456,0.999995,0.999880,0.999995,0.999998,0,0,0,0
635,19,176,457,0.999995,0.999880,0.999995,0.999998,0,0,0,0
636,17,176,458,0.999995,0.999880,0.999995,0.999998,0,0,0,0
637,15,176,459,0.999995,0.999880,0.999995,0.999998,0,0,0,0
638,13,176,460,0.999995,0.999880,0.999995,0.999998,0,0,0,0
639,11,176,461,0.999995,0.999880,0.999995,0.999999,0,0,0,1
640,9,176,462,0.999995,0.999880,0.999996,0.999999,0,0,1,0
641,29,177,462,0.999995,0.999880,0.999996,0.999999,0,0,1,0
642,27,177,463,0.999995,0.999880,0.999996,0.999999,0,0,0,1
643,29,178,463,0.999995,0.999880,0.999996,0.999999,0,0,0,1
644,27,178,464,0.999995,0.999880,0.999996,0.999999,0,0,0,1
645,29,179,464,0.999995,0.999880,0.999996,0.999999,0,0,0,1
646,27,179,465,0.999995,0.999880,0.999997,0.999999,0,0,1,0
647,29,180,465,0.999995,0.999880,0.999997,0.999999,0,0,1,0
648,27,180,466,0.999995,0.999880,0.999997,0.999999,0,0,0,0
649,29,181,466,0.999995,0.999880,0.999997,0.999999,0,0,0,0
650,27,181,467,0.999995,0.999880,0.999997,0.999999,0,0,1,0
651,25,181,468,0.999995,0.999892,0.999997,0.999999,0,1,0,0
652,29,182,468,0.999995,0.999905,0.999997,0.999999,0,1,0,0
653,27,182,469,0.999995,0.999915,0.999998,0.999999,0,1,1,0
654,29,183,469,0.999995,0.999925,0.999998,0.999999,0,1,1,0
655,27,183,470,0.999996,0.999926,0.999998,0.999999,1,0,0,0
656,29,184,470,0.999996,0.999926,0.999998,0.999999,1,0,0,0
657,27,184,471,0.999996,0.999934,0.999998,0.999999,0,1,0,0
658,29,185,471,0.999996,0.999941,0.999998,0.999999,0,1,0,0
659,27,185,472,0.999996,0.999942,0.999998,0.999999,0,0,0,0
660,29,186,472,0.999996,0.999942,0.999998,0.999999,0,0,0,0
661,27,186,473,0.999996,0.999942,0.999998,0.999999,0,0,0,0
662,25,186,474,0.999997,0.999942,0.999998,0.999999,1,0,0,0
663,23,186,475,0.999997,0.999942,0.999998,0.999999,1,0,0,1
664,29,187,475,0.999997,0.999942,0.999998,0.999999,1,0,0,1
665,27,187,476,0.999997,0.999942,0.999998,0.999999,0,0,0,0
666,29,188,476,0.999997,0.999942,0.999998,0.999999,0,0,0,0
667,27,188,477,0.999997,0.999942,0.999998,0.999999,0,0,0,0
668,25,188,478,0.999998,0.999942,0.999998,0.999999,1,0,0,0
669,23,188,479,0.999998,0.999948,0.999998,0.999999,1,1,0,1
670,29,189,479,0.999998,0.999954,0.999998,0.999999,1,1,0,1
671,27,189,480,0.999998,0.999954,0.999998,0.999999,1,0,0,0
672,29,190,480,0.999999,0.999954,0.999998,0.999999,1,0,0,0
673,27,190,481,0.999999,0.999954,0.999998,1.000000,1,0,0,1
674,29,191,481,0.999999,0.999954,0.999998,1.000000,1,0,0,1
675,27,191,482,0.999999,0.999954,0.999998,1.000000,0,0,0,1
676,29,192,482,0.999999,0.999954,0.999998,1.000000,0,0,0,1
677,27,192,483,0.999999,0.999954,0.999998,1.000000,0,0,1,1
678,25,192,484,0.999999,0.999959,0.999998,1.000000,0,1,0,0
679,23,192,485,0.999999,0.999959,0.999998,1.000000,0,0,1,1
680,29,193,485,0.999999,0.999959,0.999999,1.000000,0,0,1,1
681,27,193,486,0.999999,0.999959,0.999999,1.000000,0,0,0,0
682,29,194,486,0.999999,0.999959,0.999999,1.000000,0,0,0,0
683,27,194,487,0.999999,0.999959,0.999999,1.000000,1,0,0,0
684,25,194,488,0.999999,0.999959,0.999999,1.000000,0,0,0,0
685,29,195,488,0.999999,0.999959,0.999999,1.000000,0,0,0,0
686,27,195,489,0.999999,0.999959,0.999999,1.000000,0,0,0,0
687,25,195,490,0.999999,0.999959,0.999999,1.000000,0,0,0,0
688,23,195,491,0.999999,0.999959,0.999999,1.000000,0,0,0,0
689,21,195,492,0.999999,0.999959,0.999999,1.000000,0,0,0,0
690,19,195,493,0.999999,0.999959,0.999999,1.000000,0,0,0,0
691,17,195,494,0.999999,0.999959,0.999999,1.000000,0,0,0,0
692,15,195,495,0.999999,0.999959,0.999999,1.000000,0,0,0,0
693,13,195,496,0.999999,0.999959,0.999999,1.000000,0,0,0,0
694,11,195,497,0.999999,0.999959,0.999999,1.000000,0,0,0,0
695,9,195,498,0.999999,0.999959,0.999999,1.000000,0,0,0,0
696,7,195,499,0.999999,0.999964,0.999999,1.000000,0,1,0,0
697,5,195,500,0.999999,0.999968,0.999999,1.000000,0,1,0,0
698,29,196,500,0.999999,0.999971,0.999999,1.000000,0,1,0,0
699,27,196,501,0.999999,0.999972,0.999999,1.000000,1,0,0,0
700,25,196,502,0.999999,0.999972,0.999999,1.000000,0,0,0,0
701,29,197,502,0.999999,0.999972,0.999999,1.000000,0,0,0,0
702,27,197,503,0.999999,0.999972,0.999999,1.000000,0,0,0,0
703,25,197,504,0.999999,0.999972,0.999999,1.000000,0,0,0,0
704,23,197,505,0.999999,0.999972,0.999999,1.000000,0,0,1,0
705,21,197,506,0.999999,0.999972,0.999999,1.000000,0,0,0,1
706,29,198,506,0.999999,0.999972,0.999999,1.000000,0,0,0,1
707,27,198,507,0.999999,0.999972,0.999999,1.000000,0,0,0,0
708,25,198,508,0.999999,0.999972,0.999999,1.000000,0,0,0,1
709,23,198,509,0.999999,0.999972,0.999999,1.000000,0,0,0,0
710,21,198,510,0.999999,0.999972,0.999999,1.000000,0,0,0,1
711,19,198,511,0.999999,0.999972,0.999999,1.000000,0,0,0,0
712,29,199,511,0.999999,0.999972,0.999999,1.000000,0,0,0,0
713,27,199,512,0.999999,0.999972,0.999999,1.000000,0,0,0,0
714,25,199,513,0.999999,0.999972,0.999999,1.000000,0,0,0,0
715,23,199,514,0.999999,0.999972,0.999999,1.000000,0,0,0,0
716,21,199,515,0.999999,0.999972,0.999999,1.000000,0,0,0,0
717,19,199,516,0.999999,0.999972,0.999999,1.000000,0,0,0,0
718,17,199,517,0.999999,0.999972,0.999999,1.000000,0,0,0,0
719,15,199,518,0.999999,0.999972,0.999999,1.000000,0,0,1,0
720,13,199,519,0.999999,0.999972,0.999999,1.000000,0,0,0,0
721,29,200,519,0.999999,0.999972,0.999999,1.000000,0,0,0,0
722,27,200,520,0.999999,0.999972,0.999999,1.000000,0,0,0,0
723,25,200,521,0.999999,0.999972,0.999999,1.000000,1,0,0,0
724,23,200,522,0.999999,0.999972,0.999999,1.000000,0,0,0,0
725,29,201,522,0.999999,0.999972,0.999999,1.000000,0,0,0,0
726,27,201,523,0.999999,0.999972,0.999999,1.000000,0,0,0,0
727,25,201,524,0.999999,0.999972,0.999999,1.000000,0,0,0,0
728,23,201,525,0.999999,0.999972,0.999999,1.000000,1,0,0,1
729,21,201,526,0.999999,0.999972,0.999999,1.000000,0,0,0,1
730,29,202,526,0.999999,0.999972,0.999999,1.000000,0,0,0,1
731,27,202,527,0.999999,0.999972,0.999999,1.000000,0,0,0,0
732,29,203,527,0.999999,0.999972,0.999999,1.000000,0,0,0,0
733,27,203,528,0.999999,0.999972,0.999999,1.000000,0,0,0,1
734,25,203,529,0.999999,0.999972,0.999999,1.000000,0,0,0,1
735,29,204,529,0.999999,0.999972,0.999999,1.000000,0,0,0,1
736,27,204,530,0.999999,0.999972,0.999999,1.000000,1,0,0,0
737,29,205,530,0.999999,0.999972,0.999999,1.000000,1,0,0,0
738,27,205,531,1.000000,0.999972,0.999999,1.000000,1,0,0,0
739,29,206,531,1.000000,0.999972,0.999999,1.000000,1,0,0,0
740,27,206,532,1.000000,0.999972,0.999999,1.000000,1,0,0,0
741,25,206,533,1.000000,0.999972,0.999999,1.000000,0,0,1,1
742,29,207,533,1.000000,0.999972,0.999999,1.000000,0,0,1,1
743,27,207,534,1.000000,0.999972,0.999999,1.000000,0,0,0,0
744,29,208,534,1.000000,0.999972,0.999999,1.000000,0,0,0,0
745,27,208,535,1.000000,0.999972,0.999999,1.000000,0,0,0,1
746,25,208,536,1.000000,0.999972,0.999999,1.000000,0,0,0,1
747,29,209,536,1.000000,0.999972,0.999999,1.000000,0,0,0,1
748,27,209,537,1.000000,0.999972,0.999999,1.000000,0,0,0,0
749,29,210,537,1.000000,0.999972,0.999999,1.000000,0,0,0,0
750,27,210,538,1.000000,0.999972,0.999999,1.000000,0,0,1,0
751,25,210,539,1.000000,0.999972,0.999999,1.000000,0,0,0,0
752,29,211,539,1.000000,0.999972,0.999999,1.000000,0,0,0,0
753,27,211,540,1.000000,0.999975,0.999999,1.000000,0,1,1,1
754,25,211,541,1.000000,0.999975,0.999999,1.000000,0,0,0,0
755,29,212,541,1.000000,0.999975,0.999999,1.000000,0,0,0,0
756,27,212,542,1.000000,0.999975,0.999999,1.000000,0,0,0,1
757,25,212,543,1.000000,0.999975,0.999999,1.000000,0,0,0,0
758,29,213,543,1.000000,0.999975,0.999999,1.000000,0,0,0,0
759,27,213,544,1.000000,0.999975,0.999999,1.000000,0,0,0,0
760,25,213,545,1.000000,0.999975,0.999999,1.000000,0,0,0,0
761,23,213,546,1.000000,0.999975,0.999999,1.000000,0,0,1,1
762,21,213,547,1.000000,0.999975,0.999999,1.000000,0,0,0,0
763,29,214,547,1.000000,0.999975,0.999999,1.000000,0,0,0,0
764,27,214,548,1.000000,0.999975,0.999999,1.000000,1,0,0,0
765,25,214,549,1.000000,0.999975,0.999999,1.000000,0,0,0,0
766,29,215,549,1.000000,0.999975,0.999999,1.000000,0,0,0,0
767,27,215,550,1.000000,0.999975,0.999999,1.000000,0,0,0,0
768,25,215,551,1.000000,0.999975,0.999999,1.000000,0,0,0,0
769,23,215,552,1.000000,0.999975,0.999999,1.000000,0,0,0,0
770,21,215,553,1.000000,0.999975,0.999999,1.000000,0,0,0,0
771,19,215,554,1.000000,0.999978,0.999999,1.000000,0,1,0,0
772,17,215,555,1.000000,0.999978,0.999999,1.000000,0,0,0,0
773,29,216,555,1.000000,0.999978,0.999999,1.000000,0,0,0,0
774,27,216,556,1.000000,0.999978,0.999999,1.000000,1,0,0,0
775,25,216,557,1.000000,0.999978,0.999999,1.000000,0,0,0,0
776,29,217,557,1.000000,0.999978,0.999999,1.000000,0,0,0,0
777,27,217,558,1.000000,0.999978,0.999999,1.000000,1,0,0,1
778,25,217,559,1.000000,0.999978,0.999999,1.000000,0,0,0,0
779,29,218,559,1.000000,0.999978,0.999999,1.000000,0,0,0,0
780,27,218,560,1.000000,0.999978,0.999999,1.000000,1,0,0,0
781,25,218,561,1.000000,0.999980,0.999999,1.000000,1,1,0,0
782,29,219,561,1.000000,0.999982,0.999999,1.000000,1,1,0,0
783,27,219,562,1.000000,0.999983,0.999999,1.000000,0,0,0,0
784,29,220,562,1.000000,0.999983,0.999999,1.000000,0,0,0,0
785,27,220,563,1.000000,0.999983,0.999999,1.000000,1,0,0,0
786,25,220,564,1.000000,0.999983,0.999999,1.000000,0,0,0,0
787,29,221,564,1.000000,0.999983,0.999999,1.000000,0,0,0,0
788,27,221,565,1.000000,0.999983,0.999999,1.000000,0,0,0,0
789,25,221,566,1.000000,0.999983,0.999999,1.000000,1,0,0,0
790,23,221,567,1.000000,0.999984,0.999999,1.000000,1,1,0,0
791,29,222,567,1.000000,0.999986,0.999999,1.000000,1,1,0,0
792,27,222,568,1.000000,0.999986,0.999999,1.000000,0,0,0,0
793,29,223,568,1.000000,0.999986,0.999999,1.000000,0,0,0,0
794,27,223,569,1.000000,0.999986,0.999999,1.000000,0,0,1,0
795,25,223,570,1.000000,0.999986,0.999999,1.000000,0,0,0,0
796,29,224,570,1.000000,0.999986,0.999999,1.000000,0,0,0,0
797,27,224,571,1.000000,0.999988,0.999999,1.000000,0,1,0,0
798,25,224,572,1.000000,0.999989,0.999999,1.000000,0,1,0,0
799,29,225,572,1.000000,0.999991,0.999999,1.000000,0,1,0,0
800,27,225,573,1.000000,0.999991,0.999999,1.000000,0,0,0,0
801,29,226,573,1.000000,0.999991,0.999999,1.000000,0,0,0,0
802,27,226,574,1.000000,0.999992,1.000000,1.000000,1,1,1,0
803,25,226,575,1.000000,0.999993,1.000000,1.000000,0,1,0,0
804,29,227,575,1.000000,0.999993,1.000000,1.000000,0,1,0,0
805,27,227,576,1.000000,0.999994,1.000000,1.000000,1,0,0,0
806,25,227,577,1.000000,0.999994,1.000000,1.000000,1,0,1,0
807,29,228,577,1.000000,0.999994,1.000000,1.000000,1,0,1,0
808,27,228,578,1.000000,0.999994,1.000000,1.000000,0,0,0,0
809,29,229,578,1.000000,0.999994,1.000000,1.000000,0,0,0,0
810,27,229,579,1.000000,0.999994,1.000000,1.000000,0,0,0,0
811,25,229,580,1.000000,0.999994,1.000000,1.000000,0,0,0,0
812,23,229,581,1.000000,0.999994,1.000000,1.000000,0,0,0,0
813,21,229,582,1.000000,0.999994,1.000000,1.000000,1,0,0,0
814,19,229,583,1.000000,0.999994,1.000000,1.000000,0,0,0,0
815,29,230,583,1.000000,0.999994,1.000000,1.000000,0,0,0,0
816,27,230,584,1.000000,0.999994,1.000000,1.000000,0,0,0,0
817,25,230,585,1.000000,0.999994,1.000000,1.000000,0,0,0,0
818,23,230,586,1.000000,0.999994,1.000000,1.000000,0,0,0,0
819,21,230,587,1.000000,0.999994,1.000000,1.000000,0,1,0,0
820,19,230,588,1.000000,0.999995,1.000000,1.000000,1,1,0,0
821,29,231,588,1.000000,0.999996,1.000000,1.000000,1,1,0,0
822,27,231,589,1.000000,0.999996,1.000000,1.000000,0,0,0,0
823,29,232,589,1.000000,0.999996,1.000000,1.000000,0,0,0,0
824,27,232,590,1.000000,0.999996,1.000000,1.000000,0,0,0,0
825,25,232,591,1.000000,0.999996,1.000000,1.000000,0,0,0,0
826,23,232,592,1.000000,0.999996,1.000000,1.000000,0,0,0,0
827,21,232,593,1.000000,0.999996,1.000000,1.000000,0,0,0,0
828,19,232,594,1.000000,0.999996,1.000000,1.000000,0,0,0,0
829,17,232,595,1.000000,0.999996,1.000000,1.000000,0,0,0,0
830,15,232,596,1.000000,0.999996,1.000000,1.000000,0,0,0,0
831,13,232,597,1.000000,0.999996,1.000000,1.000000,0,0,0,0
832,11,232,598,1.000000,0.999996,1.000000,1.000000,0,0,0,1
833,9,232,599,1.000000,0.999996,1.000000,1.000000,0,0,0,0
834,29,233,599,1.000000,0.999996,1.000000,1.000000,0,0,0,0
835,27,233,600,1.000000,0.999996,1.000000,1.000000,0,0,0,0
836,25,233,601,1.000000,0.999996,1.000000,1.000000,0,0,0,0
837,23,233,602,1.000000,0.999996,1.000000,1.000000,0,0,0,0
838,21,233,603,1.000000,0.999996,1.000000,1.000000,0,0,0,0
839,19,233,604,1.000000,0.999996,1.000000,1.000000,0,0,0,1
840,17,233,605,1.000000,0.999996,1.000000,1.000000,0,0,0,1
841,29,234,605,1.000000,0.999996,1.000000,1.000000,0,0,0,1
842,27,234,606,1.000000,0.999996,1.000000,1.000000,1,0,1,0
843,25,234,607,1.000000,0.999996,1.000000,1.000000,0,0,1,0
844,29,235,607,1.000000,0.999996,1.000000,1.000000,0,0,1,0
845,27,235,608,1.000000,0.999996,1.000000,1.000000,0,0,1,0
846,29,236,608,1.000000,0.999996,1.000000,1.000000,0,0,1,0
847,27,236,609,1.000000,0.999996,1.000000,1.000000,0,0,1,0
848,29,237,609,1.000000,0.999996,1.000000,1.000000,0,0,1,0
849,27,237,610,1.000000,0.999996,1.000000,1.000000,0,0,1,1
850,29,238,610,1.000000,0.999996,1.000000,1.000000,0,0,1,1
851,27,238,611,1.000000,0.999996,1.000000,1.000000,0,0,0,0
852,29,239,611,1.000000,0.999996,1.000000,1.000000,0,0,0,0
853,27,239,612,1.000000,0.999996,1.000000,1.000000,0,1,1,1
854,25,239,613,1.000000,0.999996,1.000000,1.000000,0,0,1,0
855,29,240,613,1.000000,0.999996,1.000000,1.000000,0,0,1,0
856,27,240,614,1.000000,0.999996,1.000000,1.000000,0,0,0,1
857,29,241,614,1.000000,0.999996,1.000000,1.000000,0,0,0,1
858,27,241,615,1.000000,0.999996,1.000000,1.000000,0,0,0,0
859,29,242,615,1.000000,0.999996,1.000000,1.000000,0,0,0,0
860,27,242,616,1.000000,0.999996,1.000000,1.000000,0,0,1,0
861,25,242,617,1.000000,0.999996,1.000000,1.000000,0,0,1,1
862,29,243,617,1.000000,0.999996,1.000000,1.000000,0,0,1,1
863,27,243,618,1.000000,0.999996,1.000000,1.000000,0,0,1,0
864,29,244,618,1.000000,0.999996,1.000000,1.000000,0,0,1,0
865,27,244,619,1.000000,0.999996,1.000000,1.000000,0,0,1,0
866,29,245,619,1.000000,0.999996,1.000000,1.000000,0,0,1,0
867,27,245,620,1.000000,0.999996,1.000000,1.000000,0,1,0,0
868,25,245,621,1.000000,0.999997,1.000000,1.000000,0,0,0,1
869,29,246,621,1.000000,0.999997,1.000000,1.000000,0,0,0,1
870,27,246,622,1.000000,0.999997,1.000000,1.000000,0,1,0,0
871,25,246,623,1.000000,0.999997,1.000000,1.000000,0,1,0,0
872,29,247,623,1.000000,0.999998,1.000000,1.000000,0,1,0,0
873,27,247,624,1.000000,0.999998,1.000000,1.000000,0,0,0,0
874,29,248,624,1.000000,0.999998,1.000000,1.000000,0,0,0,0
875,27,248,625,1.000000,0.999998,1.000000,1.000000,0,0,1,0
876,25,248,626,1.000000,0.999998,1.000000,1.000000,0,0,0,0
877,29,249,626,1.000000,0.999998,1.000000,1.000000,0,0,0,0
878,27,249,627,1.000000,0.999998,1.000000,1.000000,0,0,0,0
879,25,249,628,1.000000,0.999998,1.000000,1.000000,0,0,1,0
880,23,249,629,1.000000,0.999998,1.000000,1.000000,0,0,0,1
881,29,250,629,1.000000,0.999998,1.000000,1.000000,0,0,0,1
882,27,250,630,1.000000,0.999998,1.000000,1.000000,0,0,0,0
883,29,251,630,1.000000,0.999998,1.000000,1.000000,0,0,0,0
884,27,251,631,1.000000,0.999998,1.000000,1.000000,0,0,0,1
885,25,251,632,1.000000,0.999998,1.000000,1.000000,0,0,0,1
886,29,252,632,1.000000,0.999998,1.000000,1.000000,0,0,0,1
887,27,252,633,1.000000,0.999998,1.000000,1.000000,0,0,0,0
888,29,253,633,1.000000,0.999998,1.000000,1.000000,0,0,0,0
889,27,253,634,1.000000,0.999998,1.000000,1.000000,0,0,0,0
890,25,253,635,1.000000,0.999998,1.000000,1.000000,0,0,0,0
891,23,253,636,1.000000,0.999998,1.000000,1.000000,1,0,0,0
892,21,253,637,1.000000,0.999998,1.000000,1.000000,0,0,0,0
893,29,254,637,1.000000,0.999998,1.000000,1.000000,0,0,0,0
894,27,254,638,1.000000,0.999998,1.000000,1.000000,1,0,0,0
895,25,254,639,1.000000,0.999998,1.000000,1.000000,0,0,0,0
896,29,255,639,1.000000,0.999998,1.000000,1.000000,0,0,0,0
897,27,255,640,1.000000,0.999998,1.000000,1.000000,1,0,0,1
898,25,255,641,1.000000,0.999998,1.000000,1.000000,0,0,0,0
899,29,256,641,1.000000,0.999998,1.000000,1.000000,0,0,0,0
900,27,256,642,1.000000,0.999998,1.000000,1.000000,0,1,0,1
901,25,256,643,1.000000,0.999998,1.000000,1.000000,0,0,0,0
902,29,257,643,1.000000,0.999998,1.000000,1.000000,0,0,0,0
903,27,257,644,1.000000,0.999998,1.000000,1.000000,0,1,0,0
904,25,257,645,1.000000,0.999998,1.000000,1.000000,0,1,0,0
905,29,258,645,1.000000,0.999998,1.000000,1.000000,0,1,0,0
906,27,258,646,1.000000,0.999999,1.000000,1.000000,0,1,0,0
907,29,259,646,1.000000,0.999999,1.000000,1.000000,0,1,0,0
908,27,259,647,1.000000,0.999999,1.000000,1.000000,0,0,1,0
909,29,260,647,1.000000,0.999999,1.000000,1.000000,0,0,1,0
910,27,260,648,1.000000,0.999999,1.000000,1.000000,0,0,1,0
911,29,261,648,1.000000,0.999999,1.000000,1.000000,0,0,1,0
912,27,261,649,1.000000,0.999999,1.000000,1.000000,0,0,1,0
913,29,262,649,1.000000,0.999999,1.000000,1.000000,0,0,1,0
914,27,262,650,1.000000,0.999999,1.000000,1.000000,0,1,0,0
915,29,263,650,1.000000,0.999999,1.000000,1.000000,0,1,0,0
916,27,263,651,1.000000,0.999999,1.000000,1.000000,0,0,0,0
917,29,264,651,1.000000,0.999999,1.000000,1.000000,0,0,0,0
918,27,264,652,1.000000,0.999999,1.000000,1.000000,0,1,0,0
919,25,264,653,1.000000,0.999999,1.000000,1.000000,0,1,0,0
920,23,264,654,1.000000,0.999999,1.000000,1.000000,0,0,0,1
921,29,265,654,1.000000,0.999999,1.000000,1.000000,0,0,0,1
922,27,265,655,1.000000,0.999999,1.000000,1.000000,0,0,0,0
923,29,266,655,1.000000,0.999999,1.000000,1.000000,0,0,0,0
924,27,266,656,1.000000,0.999999,1.000000,1.000000,0,0,0,0
925,25,266,657,1.000000,0.999999,1.000000,1.000000,0,1,0,0
926,23,266,658,1.000000,0.999999,1.000000,1.000000,0,0,0,0
927,21,266,659,1.000000,0.999999,1.000000,1.000000,0,0,0,0
928,19,266,660,1.000000,0.999999,1.000000,1.000000,0,0,0,0
929,17,266,661,1.000000,0.999999,1.000000,1.000000,0,0,0,0
930,15,266,662,1.000000,0.999999,1.000000,1.000000,0,0,0,0
931,13,266,663,1.000000,0.999999,1.000000,1.000000,0,0,0,1
932,11,266,664,1.000000,0.999999,1.000000,1.000000,1,0,0,1
933,29,267,664,1.000000,0.999999,1.000000,1.000000,1,0,0,1
934,27,267,665,1.000000,0.999999,1.000000,1.000000,1,0,0,0
935,29,268,665,1.000000,0.999999,1.000000,1.000000,1,0,0,0
936,27,268,666,1.000000,0.999999,1.000000,1.000000,1,0,0,1
937,29,269,666,1.000000,0.999999,1.000000,1.000000,1,0,0,1
938,27,269,667,1.000000,0.999999,1.000000,1.000000,0,0,0,0
939,29,270,667,1.000000,0.999999,1.000000,1.000000,0,0,0,0
940,27,270,668,1.000000,0.999999,1.000000,1.000000,0,0,1,0
941,25,270,669,1.000000,0.999999,1.000000,1.000000,0,0,0,1
942,23,270,670,1.000000,0.999999,1.000000,1.000000,0,1,0,0
943,21,270,671,1.000000,0.999999,1.000000,1.000000,0,0,0,1
944,29,271,671,1.000000,0.999999,1.000000,1.000000,0,0,0,1
945,27,271,672,1.000000,0.999999,1.000000,1.000000,0,0,0,0
946,29,272,672,1.000000,0.999999,1.000000,1.000000,0,0,0,0
947,27,272,673,1.000000,0.999999,1.000000,1.000000,0,0,0,1
948,25,272,674,1.000000,0.999999,1.000000,1.000000,0,0,0,1
949,29,273,674,1.000000,0.999999,1.000000,1.000000,0,0,0,1
950,27,273,675,1.000000,0.999999,1.000000,1.000000,1,0,0,0
951,25,273,676,1.000000,0.999999,1.000000,1.000000,0,0,1,0
952,29,274,676,1.000000,0.999999,1.000000,1.000000,0,0,1,0
953,27,274,677,1.000000,0.999999,1.000000,1.000000,0,0,0,0
954,29,275,677,1.000000,0.999999,1.000000,1.000000,0,0,0,0
955,27,275,678,1.000000,0.999999,1.000000,1.000000,0,0,0,0
956,25,275,679,1.000000,0.999999,1.000000,1.000000,0,0,1,1
957,23,275,680,1.000000,0.999999,1.000000,1.000000,0,0,1,0
958,29,276,680,1.000000,0.999999,1.000000,1.000000,0,0,1,0
959,27,276,681,1.000000,0.999999,1.000000,1.000000,0,1,0,0
960,29,277,681,1.000000,1.000000,1.000000,1.000000,0,1,0,0
961,27,277,682,1.000000,1.000000,1.000000,1.000000,0,0,0,0
962,29,278,682,1.000000,1.000000,1.000000,1.000000,0,0,0,0
963,27,278,683,1.000000,1.000000,1.000000,1.000000,0,0,0,0
964,25,278,684,1.000000,1.000000,1.000000,1.000000,0,0,0,0
965,23,278,685,1.000000,1.000000,1.000000,1.000000,0,0,0,0
966,21,278,686,1.000000,1.000000,1.000000,1.000000,0,1,1,0
967,19,278,687,1.000000,1.000000,1.000000,1.000000,0,1,0,0
968,29,279,687,1.000000,1.000000,1.000000,1.000000,0,1,0,0
969,27,279,688,1.000000,1.000000,1.000000,1.000000,0,1,0,0
970,29,280,688,1.000000,1.000000,1.000000,1.000000,0,1,0,0
971,27,280,689,1.000000,1.000000,1.000000,1.000000,0,0,0,0
972,25,280,690,1.000000,1.000000,1.000000,1.000000,0,0,1,0
973,23,280,691,1.000000,1.000000,1.000000,1.000000,0,0,0,0
974,29,281,691,1.000000,1.000000,1.000000,1.000000,0,0,0,0
975,27,281,692,1.000000,1.000000,1.000000,1.000000,0,1,1,1
976,25,281,693,1.000000,1.000000,1.000000,1.000000,0,0,0,0
977,29,282,693,1.000000,1.000000,1.000000,1.000000,0,0,0,0
978,27,282,694,1.000000,1.000000,1.000000,1.000000,0,0,1,1
979,25,282,695,1.000000,1.000000,1.000000,1.000000,0,0,0,0
980,29,283,695,1.000000,1.000000,1.000000,1.000000,0,0,0,0
981,27,283,696,1.000000,1.000000,1.000000,1.000000,0,0,1,1
982,25,283,697,1.000000,1.000000,1.000000,1.000000,0,1,0,0
983,29,284,697,1.000000,1.000000,1.000000,1.000000,0,1,0,0
984,27,284,698,1.000000,1.000000,1.000000,1.000000,1,0,0,0
985,25,284,699,1.000000,1.000000,1.000000,1.000000,0,0,0,0
986,29,285,699,1.000000,1.000000,1.000000,1.000000,0,0,0,0
987,27,285,700,1.000000,1.000000,1.000000,1.000000,1,0,0,0
988,25,285,701,1.000000,1.000000,1.000000,1.000000,0,0,0,0
989,29,286,701,1.000000,1.000000,1.000000,1.000000,0,0,0,0
990,27,286,702,1.000000,1.000000,1.000000,1.000000,0,0,0,0
991,25,286,703,1.000000,1.000000,1.000000,1.000000,0,0,0,0
992,23,286,704,1.000000,1.000000,1.000000,1.000000,1,1,0,1
993,21,286,705,1.000000,1.000000,1.000000,1.000000,0,0,0,0
994,29,287,705,1.000000,1.000000,1.000000,1.000000,0,0,0,0
995,27,287,706,1.000000,1.000000,1.000000,1.000000,1,1,1,0
996,25,287,707,1.000000,1.000000,1.000000,1.000000,0,0,0,0
997,29,288,707,1.000000,1.000000,1.000000,1.000000,0,0,0,0
998,27,288,708,1.000000,1.000000,1.000000,1.000000,1,0,1,0
999,25,288,709,1.000000,1.000000,1.000000,1.000000,0,0,0,0
1000,29,289,709,1.000000,1.000000,1.000000,1.000000,0,0,0,0
1001,27,289,710,1.000000,1.000000,1.000000,1.000000,1,0,0,0
1002,25,289,711,1.000000,1.000000,1.000000,1.000000,0,1,0,0
1003,29,290,711,1.000000,1.000000,1.000000,1.000000,0,1,0,0
1004,27,290,712,1.000000,1.000000,1.000000,1.000000,0,1,0,0
1005,29,291,712,1.000000,1.000000,1.000000,1.000000,0,1,0,0
1006,27,291,713,1.000000,1.000000,1.000000,1.000000,0,0,1,0
1007,29,292,713,1.000000,1.000000,1.000000,1.000000,0,0,1,0
1008,27,292,714,1.000000,1.000000,1.000000,1.000000,0,0,1,0
1009,29,293,714,1.000000,1.000000,1.000000,1.000000,0,0,1,0
1010,27,293,715,1.000000,1.000000,1.000000,1.000000,0,0,1,0
1011,29,294,715,1.000000,1.000000,1.000000,1.000000,0,0,1,0
1012,27,294,716,1.000000,1.000000,1.000000,1.000000,0,1,0,0
1013,29,295,716,1.000000,1.000000,1.000000,1.000000,0,1,0,0
1014,27,295,717,1.000000,1.000000,1.000000,1.000000,0,0,1,0
1015,25,295,718,1.000000,1.000000,1.000000,1.000000,0,1,0,0
1016,29,296,718,1.000000,1.000000,1.000000,1.000000,0,1,0,0
1017,27,296,719,1.000000,1.000000,1.000000,1.000000,0,0,0,0
1018,29,297,719,1.000000,1.000000,1.000000,1.000000,0,0,0,0
1019,27,297,720,1.000000,1.000000,1.000000,1.000000,0,0,0,0
1020,25,297,721,1.000000,1.000000,1.000000,1.000000,0,0,0,0
1021,23,297,722,1.000000,1.000000,1.000000,1.000000,0,0,0,0
1022,21,297,723,1.000000,1.000000,1.000000,1.000000,0,0,0,0
1023,19,297,724,1.000000,1.000000,1.000000,1.000000,0,1,1,0
1024,17,297,725,1.000000,1.000000,1.000000,1.000000,0,0,0,0
1025,29,298,725,1.000000,1.000000,1.000000,1.000000,0,0,0,0
1026,27,298,726,1.000000,1.000000,1.000000,1.000000,0,0,1,0
1027,25,298,727,1.000000,1.000000,1.000000,1.000000,0,0,0,0
1028,29,299,727,1.000000,1.000000,1.000000,1.000000,0,0,0,0
1029,27,299,728,1.000000,1.000000,1.000000,1.000000,0,1,1,0
1030,25,299,729,1.000000,1.000000,1.000000,1.000000,0,0,0,0
1031,29,300,729,1.000000,1.000000,1.000000,1.000000,0,0,0,0
1032,27,300,730,1.000000,1.000000,1.000000,1.000000,0,1,0,0
1033,25,300,731,1.000000,1.000000,1.000000,1.000000,0,1,0,0
1034,29,301,731,1.000000,1.000000,1.000000,1.000000,0,1,0,0
1035,27,301,732,1.000000,1.000000,1.000000,1.000000,1,1,0,0
1036,29,302,732,1.000000,1.000000,1.000000,1.000000,1,1,0,0
1037,27,302,733,1.000000,1.000000,1.000000,1.000000,1,0,0,0
1038,29,303,733,1.000000,1.000000,1.000000,1.000000,1,0,0,0
1039,27,303,734,1.000000,1.000000,1.000000,1.000000,0,0,0,1
1040,29,304,734,1.000000,1.000000,1.000000,1.000000,0,0,0,1
1041,27,304,735,1.000000,1.000000,1.000000,1.000000,0,0,0,0
1042,29,305,735,1.000000,1.000000,1.000000,1.000000,0,0,0,0
1043,27,305,736,1.000000,1.000000,1.000000,1.000000,0,0,0,0
1044,25,305,737,1.000000,1.000000,1.000000,1.000000,0,0,0,0
1045,23,305,738,1.000000,1.000000,1.000000,1.000000,0,0,0,0
1046,21,305,739,1.000000,1.000000,1.000000,1.000000,0,0,0,0
1047,19,305,740,1.000000,1.000000,1.000000,1.000000,0,0,0,0
1048,17,305,741,1.000000,1.000000,1.000000,1.000000,0,0,0,0
1049,15,305,742,1.000000,1.000000,1.000000,1.000000,0,0,0,0
1050,13,305,743,1.000000,1.000000,1.000000,1.000000,0,0,1,0
1051,11,305,744,1.000000,1.000000,1.000000,1.000000,0,0,0,1
1052,29,306,744,1.000000,1.000000,1.000000,1.000000,0,1,0,1
1053,27,306,745,1.000000,1.000000,1.000000,1.000000,0,0,0,0
1054,29,307,745,1.000000,1.000000,1.000000,1.000000,1,0,0,0
1055,27,307,746,1.000000,1.000000,1.000000,1.000000,0,0,0,0
1056,25,307,747,1.000000,1.000000,1.000000,1.000000,1,0,0,0
1057,23,307,748,1.000000,1.000000,1.000000,1.000000,0,0,0,1
1058,29,308,748,1.000000,1.000000,1.000000,1.000000,0,0,0,1
1059,27,308,749,1.000000,1.000000,1.000000,1.000000,0,0,0,0
1060,29,309,749,1.000000,1.000000,1.000000,1.000000,0,0,0,0
1061,27,309,750,1.000000,1.000000,1.000000,1.000000,0,0,0,0
1062,25,309,751,1.000000,1.000000,1.000000,1.000000,0,0,0,0
1063,23,309,752,1.000000,1.000000,1.000000,1.000000,0,1,0,0
1064,21,309,753,1.000000,1.000000,1.000000,1.000000,0,1,1,0
1065,29,310,753,1.000000,1.000000,1.000000,1.000000,0,1,1,0
1066,27,310,754,1.000000,1.000000,1.000000,1.000000,0,0,0,0
1067,29,311,754,1.000000,1.000000,1.000000,1.000000,0,0,0,0
1068,27,311,755,1.000000,1.000000,1.000000,1.000000,0,0,0,0
1069,25,311,756,1.000000,1.000000,1.000000,1.000000,0,0,0,0
1070,23,311,757,1.000000,1.000000,1.000000,1.000000,0,0,1,0
1071,21,311,758,1.000000,1.000000,1.000000,1.000000,0,0,0,0
1072,29,312,758,1.000000,1.000000,1.000000,1.000000,0,0,0,0
1073,27,312,759,1.000000,1.000000,1.000000,1.000000,0,0,0,0
1074,25,312,760,1.000000,1.000000,1.000000,1.000000,0,0,0,0
1075,23,312,761,1.000000,1.000000,1.000000,1.000000,0,0,0,0
1076,21,312,762,1.000000,1.000000,1.000000,1.000000,0,0,1,1
1077,19,312,763,1.000000,1.000000,1.000000,1.000000,0,0,0,1
1078,29,313,763,1.000000,1.000000,1.000000,1.000000,0,0,0,1
1079,27,313,764,1.000000,1.000000,1.000000,1.000000,1,0,0,0
1080,29,314,764,1.000000,1.000000,1.000000,1.000000,1,0,0,0
1081,27,314,765,1.000000,1.000000,1.000000,1.000000,1,0,0,0
1082,29,315,765,1.000000,1.000000,1.000000,1.000000,1,0,0,0
1083,27,315,766,1.000000,1.000000,1.000000,1.000000,0,0,0,0
1084,29,316,766,1.000000,1.000000,1.000000,1.000000,0,0,0,0
1085,27,316,767,1.000000,1.000000,1.000000,1.000000,0,0,0,0
1086,25,316,768,1.000000,1.000000,1.000000,1.000000,0,0,0,0
1087,23,316,769,1.000000,1.000000,1.000000,1.000000,0,0,0,1
1088,21,316,770,1.000000,1.000000,1.000000,1.000000,0,0,0,0
1089,29,317,770,1.000000,1.000000,1.000000,1.000000,0,0,0,0
1090,27,317,771,1.000000,1.000000,1.000000,1.000000,0,0,0,0
1091,25,317,772,1.000000,1.000000,1.000000,1.000000,0,0,0,0
1092,23,317,773,1.000000,1.000000,1.000000,1.000000,0,0,0,1
1093,21,317,774,1.000000,1.000000,1.000000,1.000000,1,0,0,1
1094,29,318,774,1.000000,1.000000,1.000000,1.000000,1,0,0,1
1095,27,318,775,1.000000,1.000000,1.000000,1.000000,0,0,0,0
1096,29,319,775,1.000000,1.000000,1.000000,1.000000,0,0,0,0
1097,27,319,776,1.000000,1.000000,1.000000,1.000000,0,0,0,0
1098,25,319,777,1.000000,1.000000,1.000000,1.000000,0,0,0,0
1099,23,319,778,1.000000,1.000000,1.000000,1.000000,0,0,0,0
1100,21,319,779,1.000000,1.000000,1.000000,1.000000,0,0,0,0
1101,19,319,780,1.000000,1.000000,1.000000,1.000000,0,0,0,1
1102,17,319,781,1.000000,1.000000,1.000000,1.000000,0,0,0,0
1103,29,320,781,1.000000,1.000000,1.000000,1.000000,0,0,0,0
1104,27,320,782,1.000000,1.000000,1.000000,1.000000,0,0,0,0
1105,25,320,783,1.000000,1.000000,1.000000,1.000000,0,0,0,1
1106,23,320,784,1.000000,1.000000,1.000000,1.000000,1,0,0,0
1107,29,321,784,1.000000,1.000000,1.000000,1.000000,1,0,0,0
1108,27,321,785,1.000000,1.000000,1.000000,1.000000,0,0,0,0
1109,29,322,785,1.000000,1.000000,1.000000,1.000000,0,0,0,0
1110,27,322,786,1.000000,1.000000,1.000000,1.000000,0,0,0,0
1111,25,322,787,1.000000,1.000000,1.000000,1.000000,0,0,0,0
1112,23,322,788,1.000000,1.000000,1.000000,1.000000,0,0,0,0
1113,21,322,789,1.000000,1.000000,1.000000,1.000000,0,0,0,1
1114,19,322,790,1.000000,1.000000,1.000000,1.000000,0,0,0,1
1115,29,323,790,1.000000,1.000000,1.000000,1.000000,0,0,0,1
1116,27,323,791,1.000000,1.000000,1.000000,1.000000,0,0,0,0
1117,29,324,791,1.000000,1.000000,1.000000,1.000000,0,0,0,0
1118,27,324,792,1.000000,1.000000,1.000000,1.000000,0,0,0,1
1119,25,324,793,1.000000,1.000000,1.000000,1.000000,0,0,0,0
1120,29,325,793,1.000000,1.000000,1.000000,1.000000,0,0,0,0
1121,27,325,794,1.000000,1.000000,1.000000,1.000000,0,0,0,0
1122,25,325,795,1.000000,1.000000,1.000000,1.000000,0,0,0,0
1123,23,325,796,1.000000,1.000000,1.000000,1.000000,0,0,0,1
1124,21,325,797,1.000000,1.000000,1.000000,1.000000,0,0,0,0
1125,19,325,798,1.000000,1.000000,1.000000,1.000000,0,0,0,0
1126,17,325,799,1.000000,1.000000,1.000000,1.000000,0,0,0,0
1127,15,325,800,1.000000,1.000000,1.000000,1.000000,0,1,0,0
1128,13,325,801,1.000000,1.000000,1.000000,1.000000,0,1,0,0
1129,11,325,802,1.000000,1.000000,1.000000,1.000000,0,0,0,1
1130,29,326,802,1.000000,1.000000,1.000000,1.000000,0,0,0,1
1131,27,326,803,1.000000,1.000000,1.000000,1.000000,0,0,0,0
1132,29,327,803,1.000000,1.000000,1.000000,1.000000,0,0,0,0
1133,27,327,804,1.000000,1.000000,1.000000,1.000000,0,0,0,0
1134,25,327,805,1.000000,1.000000,1.000000,1.000000,0,0,0,0
1135,23,327,806,1.000000,1.000000,1.000000,1.000000,0,0,0,0
1136,21,327,807,1.000000,1.000000,1.000000,1.000000,0,0,1,0
1137,19,327,808,1.000000,1.000000,1.000000,1.000000,0,0,1,0
1138,17,327,809,1.000000,1.000000,1.000000,1.000000,0,0,0,0
1139,15,327,810,1.000000,1.000000,1.000000,1.000000,0,0,1,0
1140,13,327,811,1.000000,1.000000,1.000000,1.000000,0,0,0,0
1141,29,328,811,1.000000,1.000000,1.000000,1.000000,0,0,0,0
1142,27,328,812,1.000000,1.000000,1.000000,1.000000,0,0,0,1
1143,25,328,813,1.000000,1.000000,1.000000,1.000000,0,0,0,0
1144,29,329,813,1.000000,1.000000,1.000000,1.000000,0,0,0,0
1145,27,329,814,1.000000,1.000000,1.000000,1.000000,0,0,0,0
1146,25,329,815,1.000000,1.000000,1.000000,1.000000,0,0,0,0
1147,23,329,816,1.000000,1.000000,1.000000,1.000000,0,0,0,0
1148,21,329,817,1.000000,1.000000,1.000000,1.000000,1,0,0,1
1149,19,329,818,1.000000,1.000000,1.000000,1.000000,0,0,0,0
1150,29,330,818,1.000000,1.000000,1.000000,1.000000,0,0,0,0
1151,27,330,819,1.000000,1.000000,1.000000,1.000000,0,0,0,1
1152,25,330,820,1.000000,1.000000,1.000000,1.000000,0,0,0,0
1153,29,331,820,1.000000,1.000000,1.000000,1.000000,0,0,0,0
1154,27,331,821,1.000000,1.000000,1.000000,1.000000,0,0,0,0
1155,25,331,822,1.000000,1.000000,1.000000,1.000000,0,0,0,0
1156,23,331,823,1.000000,1.000000,1.000000,1.000000,0,0,0,0
1157,21,331,824,1.000000,1.000000,1.000000,1.000000,0,0,0,0
1158,19,331,825,1.000000,1.000000,1.000000,1.000000,0,0,0,0
1159,17,331,826,1.000000,1.000000,1.000000,1.000000,0,0,1,0
1160,15,331,827,1.000000,1.000000,1.000000,1.000000,0,0,0,0
1161,29,332,827,1.000000,1.000000,1.000000,1.000000,0,0,0,0
1162,27,332,828,1.000000,1.000000,1.000000,1.000000,0,0,0,1
1163,25,332,829,1.000000,1.000000,1.000000,1.000000,0,0,0,0
1164,29,333,829,1.000000,1.000000,1.000000,1.000000,0,0,0,0
1165,27,333,830,1.000000,1.000000,1.000000,1.000000,0,0,0,0
1166,25,333,831,1.000000,1.000000,1.000000,1.000000,0,0,0,0
1167,23,333,832,1.000000,1.000000,1.000000,1.000000,0,0,0,0
1168,21,333,833,1.000000,1.000000,1.000000,1.000000,0,0,1,0
1169,19,333,834,1.000000,1.000000,1.000000,1.000000,0,0,0,0
1170,29,334,834,1.000000,1.000000,1.000000,1.000000,0,0,0,0
1171,27,334,835,1.000000,1.000000,1.000000,1.000000,0,0,0,0
1172,25,334,836,1.000000,1.000000,1.000000,1.000000,0,0,0,0
1173,23,334,837,1.000000,1.000000,1.000000,1.000000,0,0,0,0
1174,21,334,838,1.000000,1.000000,1.000000,1.000000,0,0,0,0
1175,19,334,839,1.000000,1.000000,1.000000,1.000000,0,0,1,0
1176,17,334,840,1.000000,1.000000,1.000000,1.000000,0,0,1,0
1177,29,335,840,1.000000,1.000000,1.000000,1.000000,0,0,1,0
1178,27,335,841,1.000000,1.000000,1.000000,1.000000,0,0,0,0
1179,29,336,841,1.000000,1.000000,1.000000,1.000000,0,0,0,0
1180,27,336,842,1.000000,1.000000,1.000000,1.000000,0,0,0,0
1181,25,336,843,1.000000,1.000000,1.000000,1.000000,0,0,0,0
1182,23,336,844,1.000000,1.000000,1.000000,1.000000,0,1,0,0
1183,21,336,845,1.000000,1.000000,1.000000,1.000000,0,0,0,0
1184,19,336,846,1.000000,1.000000,1.000000,1.000000,0,0,0,0
1185,17,336,847,1.000000,1.000000,1.000000,1.000000,0,0,0,0
1186,15,336,848,1.000000,1.000000,1.000000,1.000000,0,0,1,0
1187,13,336,849,1.000000,1.000000,1.000000,1.000000,0,0,0,0
1188,29,337,849,1.000000,1.000000,1.000000,1.000000,0,0,0,0
1189,27,337,850,1.000000,1.000000,1.000000,1.000000,0,0,0,0
1190,25,337,851,1.000000,1.000000,1.000000,1.000000,0,0,0,0
1191,23,337,852,1.000000,1.000000,1.000000,1.000000,0,1,1,1
1192,21,337,853,1.000000,1.000000,1.000000,1.000000,0,0,0,0
1193,29,338,853,1.000000,1.000000,1.000000,1.000000,0,0,0,0
1194,27,338,854,1.000000,1.000000,1.000000,1.000000,0,0,0,0
1195,25,338,855,1.000000,1.000000,1.000000,1.000000,0,0,0,0
1196,23,338,856,1.000000,1.000000,1.000000,1.000000,0,0,0,0
1197,21,338,857,1.000000,1.000000,1.000000,1.000000,0,1,0,0
1198,19,338,858,1.000000,1.000000,1.000000,1.000000,0,0,0,0
1199,29,339,858,1.000000,1.000000,1.000000,1.000000,0,0,0,0
1200,27,339,859,1.000000,1.000000,1.000000,1.000000,1,1,0,0
1201,25,339,860,1.000000,1.000000,1.000000,1.000000,0,0,0,0
1202,29,340,860,1.000000,1.000000,1.000000,1.000000,0,0,0,0
1203,27,340,861,1.000000,1.000000,1.000000,1.000000,1,0,0,1
1204,25,340,862,1.000000,1.000000,1.000000,1.000000,1,0,0,1
1205,29,341,862,1.000000,1.000000,1.000000,1.000000,1,0,0,1
1206,27,341,863,1.000000,1.000000,1.000000,1.000000,0,0,0,0
1207,29,342,863,1.000000,1.000000,1.000000,1.000000,0,0,0,0
1208,27,342,864,1.000000,1.000000,1.000000,1.000000,1,0,0,0
1209,25,342,865,1.000000,1.000000,1.000000,1.000000,0,0,0,0
1210,29,343,865,1.000000,1.000000,1.000000,1.000000,0,0,0,0
1211,27,343,866,1.000000,1.000000,1.000000,1.000000,0,1,0,0
1212,25,343,867,1.000000,1.000000,1.000000,1.000000,0,1,0,0
1213,29,344,867,1.000000,1.000000,1.000000,1.000000,0,1,0,0
1214,27,344,868,1.000000,1.000000,1.000000,1.000000,0,0,0,0
1215,29,345,868,1.000000,1.000000,1.000000,1.000000,0,0,0,0
1216,27,345,869,1.000000,1.000000,1.000000,1.000000,0,0,0,0
1217,25,345,870,1.000000,1.000000,1.000000,1.000000,0,0,0,0
1218,23,345,871,1.000000,1.000000,1.000000,1.000000,0,0,0,0
1219,21,345,872,1.000000,1.000000,1.000000,1.000000,0,0,0,0
1220,19,345,873,1.000000,1.000000,1.000000,1.000000,0,1,0,0
1221,17,345,874,1.000000,1.000000,1.000000,1.000000,0,0,0,1
1222,29,346,874,1.000000,1.000000,1.000000,1.000000,0,0,0,1
1223,27,346,875,1.000000,1.000000,1.000000,1.000000,0,0,0,0
1224,29,347,875,1.000000,1.000000,1.000000,1.000000,0,0,0,0
1225,27,347,876,1.000000,1.000000,1.000000,1.000000,1,0,0,0
1226,25,347,877,1.000000,1.000000,1.000000,1.000000,0,0,0,0
1227,29,348,877,1.000000,1.000000,1.000000,1.000000,0,0,0,0
1228,27,348,878,1.000000,1.000000,1.000000,1.000000,0,0,0,1
1229,25,348,879,1.000000,1.000000,1.000000,1.000000,1,0,0,0
1230,29,349,879,1.000000,1.000000,1.000000,1.000000,1,0,0,0
1231,27,349,880,1.000000,1.000000,1.000000,1.000000,0,0,1,0
1232,25,349,881,1.000000,1.000000,1.000000,1.000000,0,0,0,0
1233,29,350,881,1.000000,1.000000,1.000000,1.000000,0,0,0,0
1234,27,350,882,1.000000,1.000000,1.000000,1.000000,0,0,0,0
1235,25,350,883,1.000000,1.000000,1.000000,1.000000,0,0,0,0
1236,23,350,884,1.000000,1.000000,1.000000,1.000000,0,0,1,1
1237,21,350,885,1.000000,1.000000,1.000000,1.000000,0,0,0,1
1238,19,350,886,1.000000,1.000000,1.000000,1.000000,1,1,0,1
1239,29,351,886,1.000000,1.000000,1.000000,1.000000,1,1,0,1
1240,27,351,887,1.000000,1.000000,1.000000,1.000000,0,0,0,0
1241,29,352,887,1.000000,1.000000,1.000000,1.000000,0,0,0,0
1242,27,352,888,1.000000,1.000000,1.000000,1.000000,0,1,0,1
1243,25,352,889,1.000000,1.000000,1.000000,1.000000,1,0,0,0
1244,29,353,889,1.000000,1.000000,1.000000,1.000000,1,0,0,0
1245,27,353,890,1.000000,1.000000,1.000000,1.000000,0,1,0,0
1246,25,353,891,1.000000,1.000000,1.000000,1.000000,0,0,0,0
1247,29,354,891,1.000000,1.000000,1.000000,1.000000,0,0,0,0
1248,27,354,892,1.000000,1.000000,1.000000,1.000000,0,0,0,0
1249,25,354,893,1.000000,1.000000,1.000000,1.000000,0,0,0,0
1250,23,354,894,1.000000,1.000000,1.000000,1.000000,0,0,0,0
1251,21,354,895,1.000000,1.000000,1.000000,1.000000,0,0,0,0
1252,19,354,896,1.000000,1.000000,1.000000,1.000000,0,0,0,0
1253,17,354,897,1.000000,1.000000,1.000000,1.000000,0,0,1,0
1254,15,354,898,1.000000,1.000000,1.000000,1.000000,0,1,0,0
1255,29,355,898,1.000000,1.000000,1.000000,1.000000,0,1,0,1
1256,27,355,899,1.000000,1.000000,1.000000,1.000000,0,0,0,0
1257,29,356,899,1.000000,1.000000,1.000000,1.000000,0,0,0,0
1258,27,356,900,1.000000,1.000000,1.000000,1.000000,0,0,0,1
1259,25,356,901,1.000000,1.000000,1.000000,1.000000,0,0,0,0
1260,29,357,901,1.000000,1.000000,1.000000,1.000000,0,0,0,0
1261,27,357,902,1.000000,1.000000,1.000000,1.000000,1,0,0,1
1262,25,357,903,1.000000,1.000000,1.000000,1.000000,1,0,0,0
1263,29,358,903,1.000000,1.000000,1.000000,1.000000,1,0,0,0
1264,27,358,904,1.000000,1.000000,1.000000,1.000000,0,1,0,0
1265,25,358,905,1.000000,1.000000,1.000000,1.000000,0,0,0,0
1266,29,359,905,1.000000,1.000000,1.000000,1.000000,0,0,0,0
1267,27,359,906,1.000000,1.000000,1.000000,1.000000,0,0,0,0
1268,25,359,907,1.000000,1.000000,1.000000,1.000000,1,0,0,0
1269,23,359,908,1.000000,1.000000,1.000000,1.000000,1,0,0,0
1270,29,360,908,1.000000,1.000000,1.000000,1.000000,1,0,0,0
1271,27,360,909,1.000000,1.000000,1.000000,1.000000,1,0,0,0
1272,29,361,909,1.000000,1.000000,1.000000,1.000000,1,0,0,0
1273,27,361,910,1.000000,1.000000,1.000000,1.000000,1,0,0,0
1274,29,362,910,1.000000,1.000000,1.000000,1.000000,1,0,0,0
1275,27,362,911,1.000000,1.000000,1.000000,1.000000,0,0,0,0
1276,29,363,911,1.000000,1.000000,1.000000,1.000000,0,0,0,0
1277,27,363,912,1.000000,1.000000,1.000000,1.000000,0,0,0,0
1278,25,363,913,1.000000,1.000000,1.000000,1.000000,0,0,0,0
1279,23,363,914,1.000000,1.000000,1.000000,1.000000,0,0,0,0
1280,21,363,915,1.000000,1.000000,1.000000,1.000000,1,0,0,0
1281,19,363,916,1.000000,1.000000,1.000000,1.000000,0,0,0,1
1282,29,364,916,1.000000,1.000000,1.000000,1.000000,0,0,0,1
1283,27,364,917,1.000000,1.000000,1.000000,1.000000,0,0,0,1
1284,29,365,917,1.000000,1.000000,1.000000,1.000000,0,0,0,1
1285,27,365,918,1.000000,1.000000,1.000000,1.000000,1,0,0,0
1286,29,366,918,1.000000,1.000000,1.000000,1.000000,1,0,0,0
1287,27,366,919,1.000000,1.000000,1.000000,1.000000,0,0,0,0
1288,29,367,919,1.000000,1.000000,1.000000,1.000000,0,0,0,0
1289,27,367,920,1.000000,1.000000,1.000000,1.000000,0,0,0,1
1290,25,367,921,1.000000,1.000000,1.000000,1.000000,0,0,0,0
1291,29,368,921,1.000000,1.000000,1.000000,1.000000,0,0,0,0
1292,27,368,922,1.000000,1.000000,1.000000,1.000000,0,0,0,1
1293,25,368,923,1.000000,1.000000,1.000000,1.000000,0,0,0,1
1294,29,369,923,1.000000,1.000000,1.000000,1.000000,0,0,0,1
1295,27,369,924,1.000000,1.000000,1.000000,1.000000,1,0,1,0
1296,29,370,924,1.000000,1.000000,1.000000,1.000000,1,0,1,0
1297,27,370,925,1.000000,1.000000,1.000000,1.000000,0,0,1,0
1298,29,371,925,1.000000,1.000000,1.000000,1.000000,0,0,1,0
1299,27,371,926,1.000000,1.000000,1.000000,1.000000,0,1,1,0
1300,25,371,927,1.000000,1.000000,1.000000,1.000000,1,0,1,0
1301,29,372,927,1.000000,1.000000,1.000000,1.000000,1,0,1,0
1302,27,372,928,1.000000,1.000000,1.000000,1.000000,0,0,1,0
1303,29,373,928,1.000000,1.000000,1.000000,1.000000,0,0,1,0
1304,27,373,929,1.000000,1.000000,1.000000,1.000000,0,1,1,1
1305,29,374,929,1.000000,1.000000,1.000000,1.000000,0,1,1,1
1306,27,374,930,1.000000,1.000000,1.000000,1.000000,0,0,0,0
1307,29,375,930,1.000000,1.000000,1.000000,1.000000,0,0,0,0
1308,27,375,931,1.000000,1.000000,1.000000,1.000000,1,0,0,0
1309,25,375,932,1.000000,1.000000,1.000000,1.000000,0,0,0,0
1310,29,376,932,1.000000,1.000000,1.000000,1.000000,0,0,0,0
1311,27,376,933,1.000000,1.000000,1.000000,1.000000,0,0,0,1
1312,25,376,934,1.000000,1.000000,1.000000,1.000000,0,0,0,0
1313,23,376,935,1.000000,1.000000,1.000000,1.000000,0,0,0,1
1314,21,376,936,1.000000,1.000000,1.000000,1.000000,0,0,0,0
1315,29,377,936,1.000000,1.000000,1.000000,1.000000,0,0,0,0
1316,27,377,937,1.000000,1.000000,1.000000,1.000000,0,0,1,1
1317,25,377,938,1.000000,1.000000,1.000000,1.000000,0,0,0,1
1318,23,377,939,1.000000,1.000000,1.000000,1.000000,1,1,0,0
1319,29,378,939,1.000000,1.000000,1.000000,1.000000,1,1,0,0
1320,27,378,940,1.000000,1.000000,1.000000,1.000000,0,0,0,0
1321,29,379,940,1.000000,1.000000,1.000000,1.000000,0,0,0,0
1322,27,379,941,1.000000,1.000000,1.000000,1.000000,0,0,0,0
1323,25,379,942,1.000000,1.000000,1.000000,1.000000,0,0,0,0
1324,23,379,943,1.000000,1.000000,1.000000,1.000000,0,1,0,0
1325,21,379,944,1.000000,1.000000,1.000000,1.000000,0,0,0,0
1326,29,380,944,1.000000,1.000000,1.000000,1.000000,0,0,0,0
1327,27,380,945,1.000000,1.000000,1.000000,1.000000,1,0,0,0
1328,25,380,946,1.000000,1.000000,1.000000,1.000000,0,1,0,0
1329,23,380,947,1.000000,1.000000,1.000000,1.000000,0,1,0,0
1330,29,381,947,1.000000,1.000000,1.000000,1.000000,0,1,0,0
1331,27,381,948,1.000000,1.000000,1.000000,1.000000,1,0,1,0
1332,29,382,948,1.000000,1.000000,1.000000,1.000000,1,0,1,0
1333,27,382,949,1.000000,1.000000,1.000000,1.000000,0,1,1,0
1334,29,383,949,1.000000,1.000000,1.000000,1.000000,0,1,1,0
1335,27,383,950,1.000000,1.000000,1.000000,1.000000,0,1,0,0
1336,29,384,950,1.000000,1.000000,1.000000,1.000000,0,1,0,0
1337,27,384,951,1.000000,1.000000,1.000000,1.000000,0,0,1,0
1338,29,385,951,1.000000,1.000000,1.000000,1.000000,0,0,1,0
1339,27,385,952,1.000000,1.000000,1.000000,1.000000,0,0,0,0
1340,29,386,952,1.000000,1.000000,1.000000,1.000000,0,0,0,0
1341,27,386,953,1.000000,1.000000,1.000000,1.000000,0,0,0,0
1342,25,386,954,1.000000,1.000000,1.000000,1.000000,0,0,1,1
1343,23,386,955,1.000000,1.000000,1.000000,1.000000,0,0,1,1
1344,29,387,955,1.000000,1.000000,1.000000,1.000000,0,0,1,1
1345,27,387,956,1.000000,1.000000,1.000000,1.000000,0,0,0,0
1346,29,388,956,1.000000,1.000000,1.000000,1.000000,0,0,0,0
1347,27,388,957,1.000000,1.000000,1.000000,1.000000,0,0,0,0
1348,25,388,958,1.000000,1.000000,1.000000,1.000000,0,0,0,0
1349,23,388,959,1.000000,1.000000,1.000000,1.000000,0,1,0,0
1350,21,388,960,1.000000,1.000000,1.000000,1.000000,0,0,1,0
1351,29,389,960,1.000000,1.000000,1.000000,1.000000,0,0,1,0
1352,27,389,961,1.000000,1.000000,1.000000,1.000000,0,0,0,0
1353,29,390,961,1.000000,1.000000,1.000000,1.000000,0,0,0,0
1354,27,390,962,1.000000,1.000000,1.000000,1.000000,0,0,0,0
1355,25,390,963,1.000000,1.000000,1.000000,1.000000,0,1,0,0
1356,23,390,964,1.000000,1.000000,1.000000,1.000000,0,1,0,0
1357,29,391,964,1.000000,1.000000,1.000000,1.000000,0,1,0,0
1358,27,391,965,1.000000,1.000000,1.000000,1.000000,0,0,0,0
1359,29,392,965,1.000000,1.000000,1.000000,1.000000,0,0,0,0
1360,27,392,966,1.000000,1.000000,1.000000,1.000000,0,0,0,1
1361,25,392,967,1.000000,1.000000,1.000000,1.000000,0,0,0,1
1362,23,392,968,1.000000,1.000000,1.000000,1.000000,0,1,0,0
1363,29,393,968,1.000000,1.000000,1.000000,1.000000,0,1,0,0
1364,27,393,969,1.000000,1.000000,1.000000,1.000000,0,0,0,0
1365,29,394,969,1.000000,1.000000,1.000000,1.000000,0,0,0,0
1366,27,394,970,1.000000,1.000000,1.000000,1.000000,0,0,0,0
1367,25,394,971,1.000000,1.000000,1.000000,1.000000,0,0,0,0
1368,23,394,972,1.000000,1.000000,1.000000,1.000000,0,0,0,0
1369,21,394,973,1.000000,1.000000,1.000000,1.000000,0,1,0,0
1370,19,394,974,1.000000,1.000000,1.000000,1.000000,0,0,0,0
1371,29,395,974,1.000000,1.000000,1.000000,1.000000,0,0,0,0
1372,27,395,975,1.000000,1.000000,1.000000,1.000000,0,0,0,0
1373,25,395,976,1.000000,1.000000,1.000000,1.000000,0,0,0,0
1374,23,395,977,1.000000,1.000000,1.000000,1.000000,0,0,1,0
1375,21,395,978,1.000000,1.000000,1.000000,1.000000,0,0,1,0
1376,29,396,978,1.000000,1.000000,1.000000,1.000000,0,0,1,0
1377,27,396,979,1.000000,1.000000,1.000000,1.000000,0,0,1,0
1378,29,397,979,1.000000,1.000000,1.000000,1.000000,0,0,1,0
1379,27,397,980,1.000000,1.000000,1.000000,1.000000,0,0,0,0
1380,29,398,980,1.000000,1.000000,1.000000,1.000000,0,0,0,0
1381,27,398,981,1.000000,1.000000,1.000000,1.000000,0,0,0,0
1382,25,398,982,1.000000,1.000000,1.000000,1.000000,0,0,0,0
1383,23,398,983,1.000000,1.000000,1.000000,1.000000,0,0,0,0
1384,21,398,984,1.000000,1.000000,1.000000,1.000000,0,0,0,0
1385,19,398,985,1.000000,1.000000,1.000000,1.000000,0,0,0,0
1386,17,398,986,1.000000,1.000000,1.000000,1.000000,0,0,0,0
1387,15,398,987,1.000000,1.000000,1.000000,1.000000,0,0,0,1
1388,13,398,988,1.000000,1.000000,1.000000,1.000000,0,0,1,0
1389,29,399,988,1.000000,1.000000,1.000000,1.000000,0,0,1,0
1390,27,399,989,1.000000,1.000000,1.000000,1.000000,0,0,1,0
1391,29,400,989,1.000000,1.000000,1.000000,1.000000,0,0,1,0
1392,27,400,990,1.000000,1.000000,1.000000,1.000000,0,0,1,0
1393,29,401,990,1.000000,1.000000,1.000000,1.000000,0,0,1,0
1394,27,401,991,1.000000,1.000000,1.000000,1.000000,0,0,1,0
1395,29,402,991,1.000000,1.000000,1.000000,1.000000,0,0,1,0
1396,27,402,992,1.000000,1.000000,1.000000,1.000000,0,0,1,0
1397,29,403,992,1.000000,1.000000,1.000000,1.000000,0,0,1,0
1398,27,403,993,1.000000,1.000000,1.000000,1.000000,0,1,0,0
1399,29,404,993,1.000000,1.000000,1.000000,1.000000,0,1,0,0
1400,27,404,994,1.000000,1.000000,1.000000,1.000000,0,1,0,0
1401,29,405,994,1.000000,1.000000,1.000000,1.000000,0,1,0,0
1402,27,405,995,1.000000,1.000000,1.000000,1.000000,1,1,0,0
1403,25,405,996,1.000000,1.000000,1.000000,1.000000,1,1,0,1
1404,29,406,996,1.000000,1.000000,1.000000,1.000000,1,1,0,1
1405,27,406,997,1.000000,1.000000,1.000000,1.000000,1,1,0,0
1406,29,407,997,1.000000,1.000000,1.000000,1.000000,1,1,0,0
1407,27,407,998,1.000000,1.000000,1.000000,1.000000,0,0,0,1
1408,29,408,998,1.000000,1.000000,1.000000,1.000000,0,0,0,1
1409,27,408,999,1.000000,1.000000,1.000000,1.000000,0,0,0,1
1410,29,409,999,1.000000,1.000000,1.000000,1.000000,0,0,0,1
1411,27,409,1000,1.000000,1.000000,1.000000,1.000000,0,0,1,0
1412,29,410,1000,1.000000,1.000000,1.000000,1.000000,0,0,1,0
1413,27,410,1001,1.000000,1.000000,1.000000,1.000000,0,0,0,0
1414,29,411,1001,1.000000,1.000000,1.000000,1.000000,0,0,0,0
1415,27,411,1002,1.000000,1.000000,1.000000,1.000000,0,0,0,1
1416,29,412,1002,1.000000,1.000000,1.000000,1.000000,0,0,0,1
1417,27,412,1003,1.000000,1.000000,1.000000,1.000000,1,0,0,0
1418,29,413,1003,1.000000,1.000000,1.000000,1.000000,1,0,0,0
1419,27,413,1004,1.000000,1.000000,1.000000,1.000000,1,0,0,0
1420,29,414,1004,1.000000,1.000000,1.000000,1.000000,1,0,0,0
1421,27,414,1005,1.000000,1.000000,1.000000,1.000000,1,0,0,0
1422,29,415,1005,1.000000,1.000000,1.000000,1.000000,1,0,0,0
1423,27,415,1006,1.000000,1.000000,1.000000,1.000000,0,0,0,0
1424,25,415,1007,1.000000,1.000000,1.000000,1.000000,0,0,0,0
1425,23,415,1008,1.000000,1.000000,1.000000,1.000000,0,1,0,0
1426,21,415,1009,1.000000,1.000000,1.000000,1.000000,0,1,1,1
1427,29,416,1009,1.000000,1.000000,1.000000,1.000000,0,1,1,1
1428,27,416,1010,1.000000,1.000000,1.000000,1.000000,0,0,1,0
1429,29,417,1010,1.000000,1.000000,1.000000,1.000000,0,0,1,0
1430,27,417,1011,1.000000,1.000000,1.000000,1.000000,0,1,0,1
1431,29,418,1011,1.000000,1.000000,1.000000,1.000000,0,1,0,1
1432,27,418,1012,1.000000,1.000000,1.000000,1.000000,0,1,0,0
1433,29,419,1012,1.000000,1.000000,1.000000,1.000000,0,1,0,0
1434,27,419,1013,1.000000,1.000000,1.000000,1.000000,1,1,0,0
1435,29,420,1013,1.000000,1.000000,1.000000,1.000000,1,1,0,0
1436,27,420,1014,1.000000,1.000000,1.000000,1.000000,0,0,0,0
1437,29,421,1014,1.000000,1.000000,1.000000,1.000000,0,0,0,0
1438,27,421,1015,1.000000,1.000000,1.000000,1.000000,0,0,0,0
1439,25,421,1016,1.000000,1.000000,1.000000,1.000000,0,0,0,0
1440,23,421,1017,1.000000,1.000000,1.000000,1.000000,0,0,1,0
1441,21,421,1018,1.000000,1.000000,1.000000,1.000000,0,0,0,1
1442,29,422,1018,1.000000,1.000000,1.000000,1.000000,0,0,0,1
1443,27,422,1019,1.000000,1.000000,1.000000,1.000000,0,0,1,0
1444,29,423,1019,1.000000,1.000000,1.000000,1.000000,0,0,1,0
1445,27,423,1020,1.000000,1.000000,1.000000,1.000000,0,0,0,0
1446,29,424,1020,1.000000,1.000000,1.000000,1.000000,0,0,0,0
1447,27,424,1021,1.000000,1.000000,1.000000,1.000000,0,0,0,0
1448,25,424,1022,1.000000,1.000000,1.000000,1.000000,0,0,0,0
1449,23,424,1023,1.000000,1.000000,1.000000,1.000000,0,0,0,0
1450,21,424,1024,1.000000,1.000000,1.000000,1.000000,0,0,1,1
1451,19,424,1025,1.000000,1.000000,1.000000,1.000000,0,0,1,0
1452,29,425,1025,1.000000,1.000000,1.000000,1.000000,0,0,1,0
1453,27,425,1026,1.000000,1.000000,1.000000,1.000000,0,0,1,0
1454,25,425,1027,1.000000,1.000000,1.000000,1.000000,0,0,0,1
1455,29,426,1027,1.000000,1.000000,1.000000,1.000000,0,0,0,1
1456,27,426,1028,1.000000,1.000000,1.000000,1.000000,0,0,0,0
1457,29,427,1028,1.000000,1.000000,1.000000,1.000000,0,0,0,0
1458,27,427,1029,1.000000,1.000000,1.000000,1.000000,0,0,0,0
1459,25,427,1030,1.000000,1.000000,1.000000,1.000000,0,0,0,0
1460,23,427,1031,1.000000,1.000000,1.000000,1.000000,0,0,1,0
1461,21,427,1032,1.000000,1.000000,1.000000,1.000000,0,0,0,0
1462,19,427,1033,1.000000,1.000000,1.000000,1.000000,0,0,1,0
1463,17,427,1034,1.000000,1.000000,1.000000,1.000000,0,0,0,0
1464,15,427,1035,1.000000,1.000000,1.000000,1.000000,0,0,0,0
1465,13,427,1036,1.000000,1.000000,1.000000,1.000000,0,0,0,0
1466,11,427,1037,1.000000,1.000000,1.000000,1.000000,0,0,0,1
1467,9,427,1038,1.000000,1.000000,1.000000,1.000000,0,0,0,0
1468,29,428,1038,1.000000,1.000000,1.000000,1.000000,0,0,0,0
1469,27,428,1039,1.000000,1.000000,1.000000,1.000000,0,0,0,0
1470,25,428,1040,1.000000,1.000000,1.000000,1.000000,0,0,0,0
1471,23,428,1041,1.000000,1.000000,1.000000,1.000000,0,0,0,0
1472,21,428,1042,1.000000,1.000000,1.000000,1.000000,0,0,1,1
1473,19,428,1043,1.000000,1.000000,1.000000,1.000000,0,0,0,0
1474,29,429,1043,1.000000,1.000000,1.000000,1.000000,0,0,0,0
1475,27,429,1044,1.000000,1.000000,1.000000,1.000000,1,0,0,0
1476,25,429,1045,1.000000,1.000000,1.000000,1.000000,0,0,0,0
1477,29,430,1045,1.000000,1.000000,1.000000,1.000000,0,0,0,0
1478,27,430,1046,1.000000,1.000000,1.000000,1.000000,0,0,0,0
1479,25,430,1047,1.000000,1.000000,1.000000,1.000000,0,0,0,0
1480,23,430,1048,1.000000,1.000000,1.000000,1.000000,0,0,0,0
1481,21,430,1049,1.000000,1.000000,1.000000,1.000000,0,0,0,0
1482,19,430,1050,1.000000,1.000000,1.000000,1.000000,0,0,0,0
1483,17,430,1051,1.000000,1.000000,1.000000,1.000000,0,0,0,0
1484,15,430,1052,1.000000,1.000000,1.000000,1.000000,0,0,0,0
1485,13,430,1053,1.000000,1.000000,1.000000,1.000000,0,1,0,0
1486,11,430,1054,1.000000,1.000000,1.000000,1.000000,0,0,0,0
1487,29,431,1054,1.000000,1.000000,1.000000,1.000000,0,0,0,0
1488,27,431,1055,1.000000,1.000000,1.000000,1.000000,0,0,0,0
1489,25,431,1056,1.000000,1.000000,1.000000,1.000000,0,0,0,0
1490,23,431,1057,1.000000,1.000000,1.000000,1.000000,0,0,0,0
1491,21,431,1058,1.000000,1.000000,1.000000,1.000000,0,0,0,0
1492,19,431,1059,1.000000,1.000000,1.000000,1.000000,0,0,0,0
1493,17,431,1060,1.000000,1.000000,1.000000,1.000000,0,0,1,1
1494,15,431,1061,1.000000,1.000000,1.000000,1.000000,0,0,0,0
1495,29,432,1061,1.000000,1.000000,1.000000,1.000000,0,0,0,0
1496,27,432,1062,1.000000,1.000000,1.000000,1.000000,0,0,0,0
1497,25,432,1063,1.000000,1.000000,1.000000,1.000000,0,0,0,0
1498,23,432,1064,1.000000,1.000000,1.000000,1.000000,0,0,1,0
1499,21,432,1065,1.000000,1.000000,1.000000,1.000000,0,0,0,0
1500,29,433,1065,1.000000,1.000000,1.000000,1.000000,0,0,0,0
1501,27,433,1066,1.000000,1.000000,1.000000,1.000000,0,0,0,0
1502,25,433,1067,1.000000,1.000000,1.000000,1.000000,0,0,0,0
1503,23,433,1068,1.000000,1.000000,1.000000,1.000000,0,0,0,0
1504,21,433,1069,1.000000,1.000000,1.000000,1.000000,0,0,0,0
1505,19,433,1070,1.000000,1.000000,1.000000,1.000000,0,0,0,0
1506,17,433,1071,1.000000,1.000000,1.000000,1.000000,0,0,1,0
1507,15,433,1072,1.000000,1.000000,1.000000,1.000000,0,0,0,0
1508,29,434,1072,1.000000,1.000000,1.000000,1.000000,0,0,0,0
1509,27,434,1073,1.000000,1.000000,1.000000,1.000000,0,1,1,0
1510,25,434,1074,1.000000,1.000000,1.000000,1.000000,0,0,1,0
1511,29,435,1074,1.000000,1.000000,1.000000,1.000000,0,0,1,0
1512,27,435,1075,1.000000,1.000000,1.000000,1.000000,0,0,0,1
1513,29,436,1075,1.000000,1.000000,1.000000,1.000000,0,0,0,1
1514,27,436,1076,1.000000,1.000000,1.000000,1.000000,0,0,0,0
1515,29,437,1076,1.000000,1.000000,1.000000,1.000000,0,0,0,0
1516,27,437,1077,1.000000,1.000000,1.000000,1.000000,0,0,0,0
1517,25,437,1078,1.000000,1.000000,1.000000,1.000000,0,0,0,0
1518,23,437,1079,1.000000,1.000000,1.000000,1.000000,0,0,0,0
1519,21,437,1080,1.000000,1.000000,1.000000,1.000000,0,0,0,0
1520,19,437,1081,1.000000,1.000000,1.000000,1.000000,0,0,0,0
1521,17,437,1082,1.000000,1.000000,1.000000,1.000000,0,1,0,0
1522,15,437,1083,1.000000,1.000000,1.000000,1.000000,0,1,0,0
1523,29,438,1083,1.000000,1.000000,1.000000,1.000000,0,1,0,0
1524,27,438,1084,1.000000,1.000000,1.000000,1.000000,1,0,0,0
1525,29,439,1084,1.000000,1.000000,1.000000,1.000000,1,0,0,0
1526,27,439,1085,1.000000,1.000000,1.000000,1.000000,0,0,0,0
1527,29,440,1085,1.000000,1.000000,1.000000,1.000000,0,0,0,0
1528,27,440,1086,1.000000,1.000000,1.000000,1.000000,0,0,0,0
1529,25,440,1087,1.000000,1.000000,1.000000,1.000000,0,0,0,0
1530,23,440,1088,1.000000,1.000000,1.000000,1.000000,0,0,0,0
1531,21,440,1089,1.000000,1.000000,1.000000,1.000000,0,0,0,0
1532,19,440,1090,1.000000,1.000000,1.000000,1.000000,0,0,0,0
1533,17,440,1091,1.000000,1.000000,1.000000,1.000000,0,0,0,0
1534,15,440,1092,1.000000,1.000000,1.000000,1.000000,0,0,0,0
1535,13,440,1093,1.000000,1.000000,1.000000,1.000000,0,0,0,0
1536,11,440,1094,1.000000,1.000000,1.000000,1.000000,0,0,0,0
1537,9,440,1095,1.000000,1.000000,1.000000,1.000000,1,0,0,0
1538,7,440,1096,1.000000,1.000000,1.000000,1.000000,0,0,0,0
1539,29,441,1096,1.000000,1.000000,1.000000,1.000000,0,0,0,0
1540,27,441,1097,1.000000,1.000000,1.000000,1.000000,0,0,0,0
1541,25,441,1098,1.000000,1.000000,1.000000,1.000000,0,1,0,0
1542,23,441,1099,1.000000,1.000000,1.000000,1.000000,0,0,0,0
1543,29,442,1099,1.000000,1.000000,1.000000,1.000000,0,0,0,0
1544,27,442,1100,1.000000,1.000000,1.000000,1.000000,0,0,1,0
1545,25,442,1101,1.000000,1.000000,1.000000,1.000000,0,0,1,0
1546,29,443,1101,1.000000,1.000000,1.000000,1.000000,0,0,1,0
1547,27,443,1102,1.000000,1.000000,1.000000,1.000000,0,0,0,0
1548,25,443,1103,1.000000,1.000000,1.000000,1.000000,0,0,1,0
1549,23,443,1104,1.000000,1.000000,1.000000,1.000000,0,0,0,1
1550,29,444,1104,1.000000,1.000000,1.000000,1.000000,0,0,0,1
1551,27,444,1105,1.000000,1.000000,1.000000,1.000000,0,0,0,0
1552,29,445,1105,1.000000,1.000000,1.000000,1.000000,0,0,0,0
1553,27,445,1106,1.000000,1.000000,1.000000,1.000000,0,0,0,0
1554,25,445,1107,1.000000,1.000000,1.000000,1.000000,0,0,0,0
1555,23,445,1108,1.000000,1.000000,1.000000,1.000000,0,0,0,0
1556,21,445,1109,1.000000,1.000000,1.000000,1.000000,0,0,0,0
1557,19,445,1110,1.000000,1.000000,1.000000,1.000000,0,0,0,0
1558,17,445,1111,1.000000,1.000000,1.000000,1.000000,0,0,0,0
1559,15,445,1112,1.000000,1.000000,1.000000,1.000000,0,0,1,0
1560,13,445,1113,1.000000,1.000000,1.000000,1.000000,0,0,0,0
1561,29,446,1113,1.000000,1.000000,1.000000,1.000000,0,0,0,0
1562,27,446,1114,1.000000,1.000000,1.000000,1.000000,0,0,0,0
1563,25,446,1115,1.000000,1.000000,1.000000,1.000000,0,0,0,0
1564,23,446,1116,1.000000,1.000000,1.000000,1.000000,0,0,0,0
1565,21,446,1117,1.000000,1.000000,1.000000,1.000000,0,0,0,1
1566,19,446,1118,1.000000,1.000000,1.000000,1.000000,0,0,0,0
1567,17,446,1119,1.000000,1.000000,1.000000,1.000000,0,0,0,0
1568,15,446,1120,1.000000,1.000000,1.000000,1.000000,0,0,0,0
1569,13,446,1121,1.000000,1.000000,1.000000,1.000000,0,0,0,0
1570,11,446,1122,1.000000,1.000000,1.000000,1.000000,0,0,1,0
1571,9,446,1123,1.000000,1.000000,1.000000,1.000000,0,0,0,1
1572,29,447,1123,1.000000,1.000000,1.000000,1.000000,0,0,0,1
1573,27,447,1124,1.000000,1.000000,1.000000,1.000000,0,0,0,0
1574,29,448,1124,1.000000,1.000000,1.000000,1.000000,0,0,0,0
1575,27,448,1125,1.000000,1.000000,1.000000,1.000000,0,0,0,0
1576,25,448,1126,1.000000,1.000000,1.000000,1.000000,0,0,0,0
1577,23,448,1127,1.000000,1.000000,1.000000,1.000000,0,0,0,0
1578,21,448,1128,1.000000,1.000000,1.000000,1.000000,0,0,0,0
1579,19,448,1129,1.000000,1.000000,1.000000,1.000000,0,1,0,1
1580,17,448,1130,1.000000,1.000000,1.000000,1.000000,0,0,1,0
1581,29,449,1130,1.000000,1.000000,1.000000,1.000000,0,0,1,0
1582,27,449,1131,1.000000,1.000000,1.000000,1.000000,0,0,0,0
1583,29,450,1131,1.000000,1.000000,1.000000,1.000000,0,0,0,0
1584,27,450,1132,1.000000,1.000000,1.000000,1.000000,0,0,0,0
1585,25,450,1133,1.000000,1.000000,1.000000,1.000000,0,0,0,0
1586,23,450,1134,1.000000,1.000000,1.000000,1.000000,0,0,0,0
1587,21,450,1135,1.000000,1.000000,1.000000,1.000000,0,0,0,0
1588,19,450,1136,1.000000,1.000000,1.000000,1.000000,0,0,0,0
1589,17,450,1137,1.000000,1.000000,1.000000,1.000000,0,0,0,0
1590,15,450,1138,1.000000,1.000000,1.000000,1.000000,0,0,0,0
1591,13,450,1139,1.000000,1.000000,1.000000,1.000000,0,0,0,1
1592,11,450,1140,1.000000,1.000000,1.000000,1.000000,0,0,1,0
1593,9,450,1141,1.000000,1.000000,1.000000,1.000000,1,0,0,1
1594,29,451,1141,1.000000,1.000000,1.000000,1.000000,1,0,0,1
1595,27,451,1142,1.000000,1.000000,1.000000,1.000000,0,0,0,0
1596,25,451,1143,1.000000,1.000000,1.000000,1.000000,0,1,1,0
1597,23,451,1144,1.000000,1.000000,1.000000,1.000000,0,0,0,0
1598,29,452,1144,1.000000,1.000000,1.000000,1.000000,0,0,0,0
1599,27,452,1145,1.000000,1.000000,1.000000,1.000000,0,0,1,0
1600,25,452,1146,1.000000,1.000000,1.000000,1.000000,0,0,0,0
1601,29,453,1146,1.000000,1.000000,1.000000,1.000000,0,0,0,0
1602,27,453,1147,1.000000,1.000000,1.000000,1.000000,0,0,0,0
1603,25,453,1148,1.000000,1.000000,1.000000,1.000000,0,0,0,0
1604,23,453,1149,1.000000,1.000000,1.000000,1.000000,0,0,0,1
1605,21,453,1150,1.000000,1.000000,1.000000,1.000000,0,0,1,1
1606,29,454,1150,1.000000,1.000000,1.000000,1.000000,0,0,1,1
1607,27,454,1151,1.000000,1.000000,1.000000,1.000000,1,0,0,0
1608,29,455,1151,1.000000,1.000000,1.000000,1.000000,1,0,0,0
1609,27,455,1152,1.000000,1.000000,1.000000,1.000000,0,0,1,0
1610,25,455,1153,1.000000,1.000000,1.000000,1.000000,0,0,0,0
1611,29,456,1153,1.000000,1.000000,1.000000,1.000000,0,0,0,0
1612,27,456,1154,1.000000,1.000000,1.000000,1.000000,0,0,0,0
1613,25,456,1155,1.000000,1.000000,1.000000,1.000000,0,0,0,0
1614,23,456,1156,1.000000,1.000000,1.000000,1.000000,0,0,0,0
1615,21,456,1157,1.000000,1.000000,1.000000,1.000000,0,0,0,0
1616,19,456,1158,1.000000,1.000000,1.000000,1.000000,0,0,0,0
1617,17,456,1159,1.000000,1.000000,1.000000,1.000000,1,0,0,0
1618,15,456,1160,1.000000,1.000000,1.000000,1.000000,1,0,0,0
1619,29,457,1160,1.000000,1.000000,1.000000,1.000000,1,0,0,0
1620,27,457,1161,1.000000,1.000000,1.000000,1.000000,0,0,0,1
1621,29,458,1161,1.000000,1.000000,1.000000,1.000000,0,0,0,1
1622,27,458,1162,1.000000,1.000000,1.000000,1.000000,1,0,0,0
1623,29,459,1162,1.000000,1.000000,1.000000,1.000000,1,0,0,0
1624,27,459,1163,1.000000,1.000000,1.000000,1.000000,0,0,0,0
1625,29,460,1163,1.000000,1.000000,1.000000,1.000000,0,0,0,0
1626,27,460,1164,1.000000,1.000000,1.000000,1.000000,0,1,0,1
1627,25,460,1165,1.000000,1.000000,1.000000,1.000000,0,0,0,0
1628,29,461,1165,1.000000,1.000000,1.000000,1.000000,0,0,0,0
1629,27,461,1166,1.000000,1.000000,1.000000,1.000000,1,0,0,0
1630,25,461,1167,1.000000,1.000000,1.000000,1.000000,0,0,0,0
1631,29,462,1167,1.000000,1.000000,1.000000,1.000000,0,0,0,0
1632,27,462,1168,1.000000,1.000000,1.000000,1.000000,0,0,0,1
1633,25,462,1169,1.000000,1.000000,1.000000,1.000000,0,0,0,0
1634,29,463,1169,1.000000,1.000000,1.000000,1.000000,0,0,0,0
1635,27,463,1170,1.000000,1.000000,1.000000,1.000000,0,0,0,1
1636,25,463,1171,1.000000,1.000000,1.000000,1.000000,0,0,1,0
1637,29,464,1171,1.000000,1.000000,1.000000,1.000000,0,0,1,0
1638,27,464,1172,1.000000,1.000000,1.000000,1.000000,0,0,1,0
1639,25,464,1173,1.000000,1.000000,1.000000,1.000000,1,0,0,0
1640,29,465,1173,1.000000,1.000000,1.000000,1.000000,1,0,0,0
1641,27,465,1174,1.000000,1.000000,1.000000,1.000000,0,0,0,0
1642,29,466,1174,1.000000,1.000000,1.000000,1.000000,0,0,0,0
1643,27,466,1175,1.000000,1.000000,1.000000,1.000000,0,0,0,0
1644,25,466,1176,1.000000,1.000000,1.000000,1.000000,0,0,0,0
1645,23,466,1177,1.000000,1.000000,1.000000,1.000000,0,0,0,0
1646,21,466,1178,1.000000,1.000000,1.000000,1.000000,0,1,0,1
1647,19,466,1179,1.000000,1.000000,1.000000,1.000000,0,0,0,0
1648,29,467,1179,1.000000,1.000000,1.000000,1.000000,0,0,0,0
1649,27,467,1180,1.000000,1.000000,1.000000,1.000000,0,1,1,0
1650,25,467,1181,1.000000,1.000000,1.000000,1.000000,0,0,1,0
1651,29,468,1181,1.000000,1.000000,1.000000,1.000000,0,0,1,0
1652,27,468,1182,1.000000,1.000000,1.000000,1.000000,0,1,0,0
1653,25,468,1183,1.000000,1.000000,1.000000,1.000000,0,0,1,1
1654,29,469,1183,1.000000,1.000000,1.000000,1.000000,0,0,1,1
1655,27,469,1184,1.000000,1.000000,1.000000,1.000000,0,0,0,0
1656,29,470,1184,1.000000,1.000000,1.000000,1.000000,0,0,0,0
1657,27,470,1185,1.000000,1.000000,1.000000,1.000000,1,0,0,1
1658,25,470,1186,1.000000,1.000000,1.000000,1.000000,0,0,0,0
1659,29,471,1186,1.000000,1.000000,1.000000,1.000000,0,0,0,0
1660,27,471,1187,1.000000,1.000000,1.000000,1.000000,0,0,0,1
1661,25,471,1188,1.000000,1.000000,1.000000,1.000000,0,0,0,1
1662,29,472,1188,1.000000,1.000000,1.000000,1.000000,0,0,0,1
1663,27,472,1189,1.000000,1.000000,1.000000,1.000000,1,0,1,0
1664,29,473,1189,1.000000,1.000000,1.000000,1.000000,1,0,1,0
1665,27,473,1190,1.000000,1.000000,1.000000,1.000000,0,0,1,0
1666,29,474,1190,1.000000,1.000000,1.000000,1.000000,0,0,1,0
1667,27,474,1191,1.000000,1.000000,1.000000,1.000000,0,1,0,0
1668,25,474,1192,1.000000,1.000000,1.000000,1.000000,0,0,1,1
1669,23,474,1193,1.000000,1.000000,1.000000,1.000000,1,0,0,0
1670,29,475,1193,1.000000,1.000000,1.000000,1.000000,1,0,0,0
1671,27,475,1194,1.000000,1.000000,1.000000,1.000000,0,0,0,1
1672,25,475,1195,1.000000,1.000000,1.000000,1.000000,0,1,0,0
1673,29,476,1195,1.000000,1.000000,1.000000,1.000000,0,1,0,0
1674,27,476,1196,1.000000,1.000000,1.000000,1.000000,0,0,0,0
1675,29,477,1196,1.000000,1.000000,1.000000,1.000000,0,0,0,0
1676,27,477,1197,1.000000,1.000000,1.000000,1.000000,1,0,0,0
1677,25,477,1198,1.000000,1.000000,1.000000,1.000000,0,0,0,0
1678,29,478,1198,1.000000,1.000000,1.000000,1.000000,0,0,0,1
1679,27,478,1199,1.000000,1.000000,1.000000,1.000000,1,0,0,0
1680,29,479,1199,1.000000,1.000000,1.000000,1.000000,1,0,1,0
1681,27,479,1200,1.000000,1.000000,1.000000,1.000000,0,0,0,0
1682,29,480,1200,1.000000,1.000000,1.000000,1.000000,0,0,0,0
1683,27,480,1201,1.000000,1.000000,1.000000,1.000000,0,0,0,0
1684,25,480,1202,1.000000,1.000000,1.000000,1.000000,0,0,1,0
1685,23,480,1203,1.000000,1.000000,1.000000,1.000000,0,0,0,0
1686,29,481,1203,1.000000,1.000000,1.000000,1.000000,0,0,0,0
1687,27,481,1204,1.000000,1.000000,1.000000,1.000000,0,0,0,0
1688,25,481,1205,1.000000,1.000000,1.000000,1.000000,0,1,1,0
1689,23,481,1206,1.000000,1.000000,1.000000,1.000000,0,0,1,0
1690,29,482,1206,1.000000,1.000000,1.000000,1.000000,0,0,1,0
1691,27,482,1207,1.000000,1.000000,1.000000,1.000000,0,0,0,1
1692,29,483,1207,1.000000,1.000000,1.000000,1.000000,0,0,0,1
1693,27,483,1208,1.000000,1.000000,1.000000,1.000000,0,0,0,0
1694,29,484,1208,1.000000,1.000000,1.000000,1.000000,0,0,0,0
1695,27,484,1209,1.000000,1.000000,1.000000,1.000000,0,0,0,0
1696,25,484,1210,1.000000,1.000000,1.000000,1.000000,0,0,0,0
1697,23,484,1211,1.000000,1.000000,1.000000,1.000000,0,0,0,0
1698,21,484,1212,1.000000,1.000000,1.000000,1.000000,0,0,0,0
1699,19,484,1213,1.000000,1.000000,1.000000,1.000000,0,0,0,0
1700,17,484,1214,1.000000,1.000000,1.000000,1.000000,0,0,0,0
1701,15,484,1215,1.000000,1.000000,1.000000,1.000000,0,1,0,0
1702,13,484,1216,1.000000,1.000000,1.000000,1.000000,0,0,1,0
1703,29,485,1216,1.000000,1.000000,1.000000,1.000000,0,0,1,0
1704,27,485,1217,1.000000,1.000000,1.000000,1.000000,0,1,0,0
1705,25,485,1218,1.000000,1.000000,1.000000,1.000000,0,0,0,0
1706,29,486,1218,1.000000,1.000000,1.000000,1.000000,0,0,0,0
1707,27,486,1219,1.000000,1.000000,1.000000,1.000000,0,0,0,0
1708,25,486,1220,1.000000,1.000000,1.000000,1.000000,1,0,0,0
1709,23,486,1221,1.000000,1.000000,1.000000,1.000000,0,0,0,1
1710,29,487,1221,1.000000,1.000000,1.000000,1.000000,0,0,0,1
1711,27,487,1222,1.000000,1.000000,1.000000,1.000000,0,0,0,0
1712,29,488,1222,1.000000,1.000000,1.000000,1.000000,0,0,0,0
1713,27,488,1223,1.000000,1.000000,1.000000,1.000000,0,0,0,0
1714,25,488,1224,1.000000,1.000000,1.000000,1.000000,0,0,0,0
1715,23,488,1225,1.000000,1.000000,1.000000,1.000000,0,0,0,0
1716,21,488,1226,1.000000,1.000000,1.000000,1.000000,0,0,0,0
1717,19,488,1227,1.000000,1.000000,1.000000,1.000000,0,0,1,0
1718,17,488,1228,1.000000,1.000000,1.000000,1.000000,0,0,1,0
1719,29,489,1228,1.000000,1.000000,1.000000,1.000000,0,0,1,0
1720,27,489,1229,1.000000,1.000000,1.000000,1.000000,0,0,0,0
1721,29,490,1229,1.000000,1.000000,1.000000,1.000000,0,0,0,0
1722,27,490,1230,1.000000,1.000000,1.000000,1.000000,0,0,1,0
1723,25,490,1231,1.000000,1.000000,1.000000,1.000000,0,1,1,0
1724,29,491,1231,1.000000,1.000000,1.000000,1.000000,0,1,1,0
1725,27,491,1232,1.000000,1.000000,1.000000,1.000000,0,1,0,0
1726,25,491,1233,1.000000,1.000000,1.000000,1.000000,1,0,0,1
1727,29,492,1233,1.000000,1.000000,1.000000,1.000000,1,0,0,1
1728,27,492,1234,1.000000,1.000000,1.000000,1.000000,0,0,0,0
1729,29,493,1234,1.000000,1.000000,1.000000,1.000000,0,0,0,0
1730,27,493,1235,1.000000,1.000000,1.000000,1.000000,0,0,0,1
1731,25,493,1236,1.000000,1.000000,1.000000,1.000000,0,1,1,0
1732,23,493,1237,1.000000,1.000000,1.000000,1.000000,0,0,0,0
1733,29,494,1237,1.000000,1.000000,1.000000,1.000000,0,0,0,0
1734,27,494,1238,1.000000,1.000000,1.000000,1.000000,0,0,1,0
1735,25,494,1239,1.000000,1.000000,1.000000,1.000000,0,0,0,0
1736,29,495,1239,1.000000,1.000000,1.000000,1.000000,0,0,0,0
1737,27,495,1240,1.000000,1.000000,1.000000,1.000000,0,0,0,0
1738,25,495,1241,1.000000,1.000000,1.000000,1.000000,0,0,0,0
1739,23,495,1242,1.000000,1.000000,1.000000,1.000000,0,0,0,0
1740,21,495,1243,1.000000,1.000000,1.000000,1.000000,0,0,0,0
1741,19,495,1244,1.000000,1.000000,1.000000,1.000000,0,0,0,0
1742,17,495,1245,1.000000,1.000000,1.000000,1.000000,0,0,0,0
1743,15,495,1246,1.000000,1.000000,1.000000,1.000000,0,0,0,0
1744,13,495,1247,1.000000,1.000000,1.000000,1.000000,0,0,0,0
1745,11,495,1248,1.000000,1.000000,1.000000,1.000000,0,0,0,0
1746,9,495,1249,1.000000,1.000000,1.000000,1.000000,0,0,0,0
1747,7,495,1250,1.000000,1.000000,1.000000,1.000000,1,0,0,0
1748,5,495,1251,1.000000,1.000000,1.000000,1.000000,0,0,0,0
1749,29,496,1251,1.000000,1.000000,1.000000,1.000000,0,0,0,0
1750,27,496,1252,1.000000,1.000000,1.000000,1.000000,0,1,0,1
1751,25,496,1253,1.000000,1.000000,1.000000,1.000000,1,0,0,1
1752,29,497,1253,1.000000,1.000000,1.000000,1.000000,1,0,0,1
1753,27,497,1254,1.000000,1.000000,1.000000,1.000000,0,0,0,0
1754,29,498,1254,1.000000,1.000000,1.000000,1.000000,0,0,0,0
1755,27,498,1255,1.000000,1.000000,1.000000,1.000000,0,0,0,1
1756,25,498,1256,1.000000,1.000000,1.000000,1.000000,0,0,0,1
1757,29,499,1256,1.000000,1.000000,1.000000,1.000000,0,0,0,1
1758,27,499,1257,1.000000,1.000000,1.000000,1.000000,0,0,1,0
1759,29,500,1257,1.000000,1.000000,1.000000,1.000000,0,0,1,0
1760,27,500,1258,1.000000,1.000000,1.000000,1.000000,0,0,0,1
1761,29,501,1258,1.000000,1.000000,1.000000,1.000000,0,0,0,1
1762,27,501,1259,1.000000,1.000000,1.000000,1.000000,0,0,1,0
1763,25,501,1260,1.000000,1.000000,1.000000,1.000000,1,0,0,1
1764,23,501,1261,1.000000,1.000000,1.000000,1.000000,0,1,0,1
1765,29,502,1261,1.000000,1.000000,1.000000,1.000000,0,1,0,1
1766,27,502,1262,1.000000,1.000000,1.000000,1.000000,1,0,0,0
1767,25,502,1263,1.000000,1.000000,1.000000,1.000000,0,0,1,0
1768,29,503,1263,1.000000,1.000000,1.000000,1.000000,0,0,1,0
1769,27,503,1264,1.000000,1.000000,1.000000,1.000000,0,0,0,0
1770,29,504,1264,1.000000,1.000000,1.000000,1.000000,0,0,0,0
1771,27,504,1265,1.000000,1.000000,1.000000,1.000000,0,0,0,0
1772,25,504,1266,1.000000,1.000000,1.000000,1.000000,0,0,0,0
1773,23,504,1267,1.000000,1.000000,1.000000,1.000000,0,0,1,0
1774,21,504,1268,1.000000,1.000000,1.000000,1.000000,0,0,0,0
1775,19,504,1269,1.000000,1.000000,1.000000,1.000000,1,0,1,0
1776,17,504,1270,1.000000,1.000000,1.000000,1.000000,0,0,0,0
1777,29,505,1270,1.000000,1.000000,1.000000,1.000000,0,0,0,0
1778,27,505,1271,1.000000,1.000000,1.000000,1.000000,0,0,0,0
1779,25,505,1272,1.000000,1.000000,1.000000,1.000000,1,0,0,0
1780,23,505,1273,1.000000,1.000000,1.000000,1.000000,0,0,0,0
1781,29,506,1273,1.000000,1.000000,1.000000,1.000000,0,0,0,0
1782,27,506,1274,1.000000,1.000000,1.000000,1.000000,1,1,0,0
1783,25,506,1275,1.000000,1.000000,1.000000,1.000000,0,0,0,0
1784,29,507,1275,1.000000,1.000000,1.000000,1.000000,0,0,0,0
1785,27,507,1276,1.000000,1.000000,1.000000,1.000000,0,1,0,1
1786,25,507,1277,1.000000,1.000000,1.000000,1.000000,0,0,0,0
1787,29,508,1277,1.000000,1.000000,1.000000,1.000000,0,0,0,0
1788,27,508,1278,1.000000,1.000000,1.000000,1.000000,0,0,0,0
1789,25,508,1279,1.000000,1.000000,1.000000,1.000000,0,0,0,0
1790,23,508,1280,1.000000,1.000000,1.000000,1.000000,0,0,0,0
1791,21,508,1281,1.000000,1.000000,1.000000,1.000000,0,0,0,0
1792,19,508,1282,1.000000,1.000000,1.000000,1.000000,1,0,0,0
1793,17,508,1283,1.000000,1.000000,1.000000,1.000000,1,0,0,1
1794,29,509,1283,1.000000,1.000000,1.000000,1.000000,1,0,0,1
1795,27,509,1284,1.000000,1.000000,1.000000,1.000000,0,0,0,1
1796,25,509,1285,1.000000,1.000000,1.000000,1.000000,0,1,1,0
1797,29,510,1285,1.000000,1.000000,1.000000,1.000000,0,1,1,0
1798,27,510,1286,1.000000,1.000000,1.000000,1.000000,0,0,0,1
1799,29,511,1286,1.000000,1.000000,1.000000,1.000000,0,0,0,1
1800,27,511,1287,1.000000,1.000000,1.000000,1.000000,0,0,1,1
1801,25,511,1288,1.000000,1.000000,1.000000,1.000000,1,0,0,1
1802,29,512,1288,1.000000,1.000000,1.000000,1.000000,1,0,0,1
1803,27,512,1289,1.000000,1.000000,1.000000,1.000000,0,0,0,0
1804,29,513,1289,1.000000,1.000000,1.000000,1.000000,0,0,0,0
1805,27,513,1290,1.000000,1.000000,1.000000,1.000000,0,0,0,0
1806,25,513,1291,1.000000,1.000000,1.000000,1.000000,0,0,1,0
1807,23,513,1292,1.000000,1.000000,1.000000,1.000000,0,0,0,0
1808,29,514,1292,1.000000,1.000000,1.000000,1.000000,0,0,0,0
1809,27,514,1293,1.000000,1.000000,1.000000,1.000000,0,0,0,1
1810,25,514,1294,1.000000,1.000000,1.000000,1.000000,0,0,1,0
1811,23,514,1295,1.000000,1.000000,1.000000,1.000000,1,0,0,0
1812,29,515,1295,1.000000,1.000000,1.000000,1.000000,1,0,0,0
1813,27,515,1296,1.000000,1.000000,1.000000,1.000000,0,1,0,0
1814,25,515,1297,1.000000,1.000000,1.000000,1.000000,0,0,0,0
1815,29,516,1297,1.000000,1.000000,1.000000,1.000000,0,0,0,0
1816,27,516,1298,1.000000,1.000000,1.000000,1.000000,0,1,0,0
1817,25,516,1299,1.000000,1.000000,1.000000,1.000000,0,0,0,0
1818,29,517,1299,1.000000,1.000000,1.000000,1.000000,0,0,0,0
1819,27,517,1300,1.000000,1.000000,1.000000,1.000000,1,0,0,0
1820,25,517,1301,1.000000,1.000000,1.000000,1.000000,0,0,0,0
1821,29,518,1301,1.000000,1.000000,1.000000,1.000000,0,0,0,0
1822,27,518,1302,1.000000,1.000000,1.000000,1.000000,0,0,0,0
1823,25,518,1303,1.000000,1.000000,1.000000,1.000000,0,0,0,0
1824,23,518,1304,1.000000,1.000000,1.000000,1.000000,0,0,0,0
1825,21,518,1305,1.000000,1.000000,1.000000,1.000000,0,0,0,0
1826,19,518,1306,1.000000,1.000000,1.000000,1.000000,0,0,0,0
1827,17,518,1307,1.000000,1.000000,1.000000,1.000000,0,0,0,0
1828,15,518,1308,1.000000,1.000000,1.000000,1.000000,0,0,0,0
1829,13,518,1309,1.000000,1.000000,1.000000,1.000000,0,0,0,0
1830,11,518,1310,1.000000,1.000000,1.000000,1.000000,0,0,0,0
1831,9,518,1311,1.000000,1.000000,1.000000,1.000000,0,0,0,0
1832,7,518,1312,1.000000,1.000000,1.000000,1.000000,0,1,0,1
1833,5,518,1313,1.000000,1.000000,1.000000,1.000000,0,0,0,0
1834,29,519,1313,1.000000,1.000000,1.000000,1.000000,0,0,0,0
1835,27,519,1314,1.000000,1.000000,1.000000,1.000000,0,1,0,0
1836,25,519,1315,1.000000,1.000000,1.000000,1.000000,0,0,0,0
1837,29,520,1315,1.000000,1.000000,1.000000,1.000000,0,0,0,0
1838,27,520,1316,1.000000,1.000000,1.000000,1.000000,0,0,0,0
1839,25,520,1317,1.000000,1.000000,1.000000,1.000000,0,0,0,0
1840,23,520,1318,1.000000,1.000000,1.000000,1.000000,0,0,0,0
1841,21,520,1319,1.000000,1.000000,1.000000,1.000000,0,0,0,0
1842,19,520,1320,1.000000,1.000000,1.000000,1.000000,0,0,0,0
1843,17,520,1321,1.000000,1.000000,1.000000,1.000000,0,0,0,0
1844,15,520,1322,1.000000,1.000000,1.000000,1.000000,0,0,0,0
1845,13,520,1323,1.000000,1.000000,1.000000,1.000000,0,0,0,0
1846,11,520,1324,1.000000,1.000000,1.000000,1.000000,0,0,0,0
1847,9,520,1325,1.000000,1.000000,1.000000,1.000000,0,1,0,0
1848,7,520,1326,1.000000,1.000000,1.000000,1.000000,0,0,0,0
1849,29,521,1326,1.000000,1.000000,1.000000,1.000000,0,0,0,0
1850,27,521,1327,1.000000,1.000000,1.000000,1.000000,1,0,0,0
1851,25,521,1328,1.000000,1.000000,1.000000,1.000000,0,0,0,0
1852,29,522,1328,1.000000,1.000000,1.000000,1.000000,0,0,0,0
1853,27,522,1329,1.000000,1.000000,1.000000,1.000000,0,0,0,0
1854,25,522,1330,1.000000,1.000000,1.000000,1.000000,0,0,0,0
1855,23,522,1331,1.000000,1.000000,1.000000,1.000000,0,0,0,0
1856,21,522,1332,1.000000,1.000000,1.000000,1.000000,0,0,0,0
1857,19,522,1333,1.000000,1.000000,1.000000,1.000000,0,0,0,0
1858,17,522,1334,1.000000,1.000000,1.000000,1.000000,1,0,0,1
1859,15,522,1335,1.000000,1.000000,1.000000,1.000000,0,0,0,0
1860,29,523,1335,1.000000,1.000000,1.000000,1.000000,0,0,0,0
1861,27,523,1336,1.000000,1.000000,1.000000,1.000000,0,0,0,0
1862,25,523,1337,1.000000,1.000000,1.000000,1.000000,0,0,0,0
1863,23,523,1338,1.000000,1.000000,1.000000,1.000000,0,0,0,0
1864,21,523,1339,1.000000,1.000000,1.000000,1.000000,0,0,0,0
1865,19,523,1340,1.000000,1.000000,1.000000,1.000000,0,0,0,0
1866,17,523,1341,1.000000,1.000000,1.000000,1.000000,0,0,0,0
1867,15,523,1342,1.000000,1.000000,1.000000,1.000000,0,0,0,0
1868,13,523,1343,1.000000,1.000000,1.000000,1.000000,0,0,0,0
1869,11,523,1344,1.000000,1.000000,1.000000,1.000000,0,0,0,0
1870,9,523,1345,1.000000,1.000000,1.000000,1.000000,0,1,1,0
1871,7,523,1346,1.000000,1.000000,1.000000,1.000000,0,0,0,0
1872,29,524,1346,1.000000,1.000000,1.000000,1.000000,0,0,0,0
1873,27,524,1347,1.000000,1.000000,1.000000,1.000000,0,0,0,0
1874,25,524,1348,1.000000,1.000000,1.000000,1.000000,0,0,0,1
1875,23,524,1349,1.000000,1.000000,1.000000,1.000000,0,0,0,0
1876,29,525,1349,1.000000,1.000000,1.000000,1.000000,0,0,0,0
1877,27,525,1350,1.000000,1.000000,1.000000,1.000000,0,0,0,0
1878,25,525,1351,1.000000,1.000000,1.000000,1.000000,0,0,0,0
1879,23,525,1352,1.000000,1.000000,1.000000,1.000000,0,0,0,0
1880,21,525,1353,1.000000,1.000000,1.000000,1.000000,0,0,0,0
1881,19,525,1354,1.000000,1.000000,1.000000,1.000000,0,0,1,0
1882,17,525,1355,1.000000,1.000000,1.000000,1.000000,0,0,0,1
1883,15,525,1356,1.000000,1.000000,1.000000,1.000000,0,0,0,0
1884,29,526,1356,1.000000,1.000000,1.000000,1.000000,0,0,0,0
1885,27,526,1357,1.000000,1.000000,1.000000,1.000000,0,0,0,0
1886,25,526,1358,1.000000,1.000000,1.000000,1.000000,0,1,0,0
1887,23,526,1359,1.000000,1.000000,1.000000,1.000000,0,0,1,0
1888,29,527,1359,1.000000,1.000000,1.000000,1.000000,0,0,1,0
1889,27,527,1360,1.000000,1.000000,1.000000,1.000000,0,0,0,0
1890,29,528,1360,1.000000,1.000000,1.000000,1.000000,0,0,0,0
1891,27,528,1361,1.000000,1.000000,1.000000,1.000000,0,0,1,0
1892,25,528,1362,1.000000,1.000000,1.000000,1.000000,0,0,0,0
1893,29,529,1362,1.000000,1.000000,1.000000,1.000000,0,0,0,0
1894,27,529,1363,1.000000,1.000000,1.000000,1.000000,0,0,0,0
1895,25,529,1364,1.000000,1.000000,1.000000,1.000000,0,0,0,0
1896,23,529,1365,1.000000,1.000000,1.000000,1.000000,0,1,0,0
1897,21,529,1366,1.000000,1.000000,1.000000,1.000000,0,0,0,0
1898,29,530,1366,1.000000,1.000000,1.000000,1.000000,0,0,0,0
1899,27,530,1367,1.000000,1.000000,1.000000,1.000000,0,0,0,0
1900,25,530,1368,1.000000,1.000000,1.000000,1.000000,0,0,0,0
1901,23,530,1369,1.000000,1.000000,1.000000,1.000000,0,1,0,0
1902,21,530,1370,1.000000,1.000000,1.000000,1.000000,0,1,0,0
1903,29,531,1370,1.000000,1.000000,1.000000,1.000000,0,1,0,0
1904,27,531,1371,1.000000,1.000000,1.000000,1.000000,1,0,0,0
1905,29,532,1371,1.000000,1.000000,1.000000,1.000000,1,0,0,0
1906,27,532,1372,1.000000,1.000000,1.000000,1.000000,0,1,0,0
1907,25,532,1373,1.000000,1.000000,1.000000,1.000000,0,0,0,1
1908,29,533,1373,1.000000,1.000000,1.000000,1.000000,0,0,0,1
1909,27,533,1374,1.000000,1.000000,1.000000,1.000000,0,0,0,0
1910,29,534,1374,1.000000,1.000000,1.000000,1.000000,0,0,0,0
1911,27,534,1375,1.000000,1.000000,1.000000,1.000000,0,0,0,0
1912,25,534,1376,1.000000,1.000000,1.000000,1.000000,0,0,0,0
1913,23,534,1377,1.000000,1.000000,1.000000,1.000000,0,0,0,0
1914,21,534,1378,1.000000,1.000000,1.000000,1.000000,0,0,1,0
1915,19,534,1379,1.000000,1.000000,1.000000,1.000000,0,0,0,0
1916,29,535,1379,1.000000,1.000000,1.000000,1.000000,0,0,0,0
1917,27,535,1380,1.000000,1.000000,1.000000,1.000000,0,0,0,0
1918,25,535,1381,1.000000,1.000000,1.000000,1.000000,0,1,0,0
1919,23,535,1382,1.000000,1.000000,1.000000,1.000000,0,0,0,0
1920,29,536,1382,1.000000,1.000000,1.000000,1.000000,0,0,0,0
1921,27,536,1383,1.000000,1.000000,1.000000,1.000000,0,0,0,0
1922,25,536,1384,1.000000,1.000000,1.000000,1.000000,0,0,0,0
1923,23,536,1385,1.000000,1.000000,1.000000,1.000000,0,0,0,0
1924,21,536,1386,1.000000,1.000000,1.000000,1.000000,0,0,0,0
1925,19,536,1387,1.000000,1.000000,1.000000,1.000000,0,0,0,0
1926,17,536,1388,1.000000,1.000000,1.000000,1.000000,0,0,0,0
1927,15,536,1389,1.000000,1.000000,1.000000,1.000000,0,0,0,0
1928,13,536,1390,1.000000,1.000000,1.000000,1.000000,0,0,0,0
1929,11,536,1391,1.000000,1.000000,1.000000,1.000000,0,0,0,0
1930,9,536,1392,1.000000,1.000000,1.000000,1.000000,0,1,0,0
1931,7,536,1393,1.000000,1.000000,1.000000,1.000000,0,0,0,0
1932,5,536,1394,1.000000,1.000000,1.000000,1.000000,0,0,0,0
1933,3,536,1395,1.000000,1.000000,1.000000,1.000000,0,0,0,0
1934,1,536,1396,1.000000,1.000000,1.000000,1.000000,0,0,0,0
1935,0,536,1397,1.000000,1.000000,1.000000,1.000000,1,0,0,0
