tick,energy,eats,distance,conn_1_6_weight,conn_2_7_weight,conn_3_8_weight,conn_4_9_weight,food_north_sensed,food_east_sensed,food_south_sensed,food_west_sensed
0,30,0,0,0.050000,0.050000,0.050000,0.050000,0,0,0,0
1,29,0,0,0.050000,0.060918,0.050000,0.050000,0,1,0,0
2,27,0,1,0.050000,0.061490,0.050000,0.050000,0,0,0,0
3,25,0,2,0.050000,0.061490,0.050000,0.055990,0,0,0,1
4,23,0,3,0.050000,0.061490,0.060918,0.068758,0,0,1,1
5,22,0,3,0.050000,0.061490,0.074722,0.084180,0,0,1,1
6,20,0,4,0.050000,0.061490,0.075414,0.101770,0,0,0,1
7,18,0,5,0.050000,0.070695,0.075414,0.102684,0,1,0,0
8,16,0,6,0.055466,0.071352,0.083416,0.102684,1,0,1,0
9,29,1,6,0.068123,0.071352,0.101770,0.102684,1,0,1,0
10,27,1,7,0.068758,0.071352,0.115245,0.102684,0,0,1,0
11,25,1,8,0.083416,0.071352,0.139545,0.102684,1,0,1,0
12,23,1,9,0.084180,0.078960,0.154532,0.102684,0,1,1,0
13,29,2,9,0.084180,0.096436,0.185395,0.102684,0,1,1,0
14,27,2,10,0.100863,0.097307,0.186905,0.102684,1,0,0,0
15,25,2,11,0.101770,0.117292,0.220824,0.102684,0,1,1,0
16,23,2,12,0.101770,0.118327,0.242102,0.102684,0,0,1,0
17,29,3,12,0.101770,0.118327,0.276553,0.102684,0,0,1,0
18,27,3,13,0.112232,0.118327,0.278554,0.102684,1,0,0,0
19,25,3,14,0.113229,0.118327,0.278554,0.102684,0,0,0,0
20,29,4,14,0.113229,0.118327,0.278554,0.102684,0,0,0,0
21,27,4,15,0.113229,0.118327,0.278554,0.102684,0,0,0,0
22,25,4,16,0.135995,0.141955,0.278554,0.102684,1,1,0,0
23,23,4,17,0.137170,0.143174,0.278554,0.120422,0,0,0,1
24,21,4,18,0.137170,0.170810,0.278554,0.145636,0,1,0,1
25,20,4,18,0.137170,0.204146,0.278554,0.175087,0,1,0,1
26,18,4,19,0.137170,0.205770,0.303244,0.176531,0,0,1,0
27,29,5,19,0.137170,0.205770,0.331339,0.176531,0,0,1,0
28,27,5,20,0.137170,0.205770,0.333555,0.176531,0,0,0,0
29,25,5,21,0.137170,0.205770,0.333555,0.176531,0,0,0,0
30,23,5,22,0.137170,0.205770,0.333555,0.200925,0,0,0,1
31,21,5,23,0.137170,0.205770,0.333555,0.202531,0,0,0,0
32,19,5,24,0.137170,0.205770,0.333555,0.220824,0,0,0,1
33,17,5,25,0.137170,0.205770,0.333555,0.222545,0,0,0,0
34,15,5,26,0.137170,0.205770,0.333555,0.260872,0,0,0,1
35,13,5,27,0.137170,0.205770,0.333555,0.262801,0,0,0,0
36,11,5,28,0.150666,0.205770,0.333555,0.262801,1,0,0,0
37,9,5,29,0.151945,0.205770,0.333555,0.262801,0,0,0,0
38,7,5,30,0.180921,0.205770,0.333555,0.262801,1,0,0,0
39,5,5,31,0.182403,0.205770,0.333555,0.262801,0,0,0,0
40,3,5,32,0.182403,0.205770,0.367635,0.262801,0,0,1,0
41,1,5,33,0.182403,0.205770,0.369960,0.262801,0,0,0,0
42,29,6,33,0.182403,0.205770,0.369960,0.262801,0,0,0,0
43,27,6,34,0.182403,0.205770,0.369960,0.262801,0,0,0,0
44,25,6,35,0.182403,0.205770,0.369960,0.262801,0,0,0,0
45,23,6,36,0.215720,0.205770,0.369960,0.262801,1,0,0,0
46,21,6,37,0.217412,0.205770,0.369960,0.284609,0,0,0,1
47,29,7,37,0.217412,0.205770,0.369960,0.329131,0,0,0,1
48,27,7,38,0.217412,0.205770,0.369960,0.331339,0,0,0,0
49,25,7,39,0.217412,0.205770,0.369960,0.331339,0,0,0,0
50,23,7,40,0.217412,0.205770,0.369960,0.331339,0,0,0,0
51,21,7,41,0.217412,0.205770,0.369960,0.331339,0,0,0,0
52,19,7,42,0.217412,0.205770,0.369960,0.331339,0,0,0,0
53,17,7,43,0.217412,0.205770,0.369960,0.331339,0,0,0,0
54,15,7,44,0.217412,0.205770,0.369960,0.331339,0,0,0,0
55,13,7,45,0.217412,0.205770,0.369960,0.358399,0,0,0,1
56,11,7,46,0.217412,0.205770,0.369960,0.386399,0,0,0,1
57,29,8,46,0.217412,0.205770,0.369960,0.422476,0,0,0,1
58,27,8,47,0.236654,0.205770,0.369960,0.424916,1,0,0,0
59,29,9,47,0.264738,0.205770,0.369960,0.424916,1,0,0,0
60,27,9,48,0.266685,0.205770,0.369960,0.424916,0,0,0,0
61,25,9,49,0.266685,0.205770,0.369960,0.424916,0,0,0,0
62,23,9,50,0.266685,0.205770,0.369960,0.424916,0,0,0,0
63,21,9,51,0.266685,0.205770,0.369960,0.424916,0,0,0,0
64,19,9,52,0.266685,0.205770,0.369960,0.424916,0,0,0,0
65,17,9,53,0.266685,0.224275,0.369960,0.424916,0,1,0,0
66,15,9,54,0.266685,0.260872,0.369960,0.424916,0,1,0,0
67,13,9,55,0.266685,0.290744,0.369960,0.424916,0,1,0,0
68,11,9,56,0.266685,0.338008,0.369960,0.424916,0,1,0,0
69,9,9,57,0.266685,0.340246,0.369960,0.424916,0,0,0,0
70,7,9,58,0.266685,0.340246,0.369960,0.424916,0,0,0,0
71,5,9,59,0.294877,0.340246,0.403104,0.459413,1,0,1,1
72,3,9,60,0.296956,0.340246,0.405510,0.461896,0,0,0,0
73,29,10,60,0.296956,0.340246,0.447029,0.461896,0,0,1,0
74,27,10,61,0.296956,0.365317,0.449501,0.461896,0,1,0,0
75,29,11,61,0.296956,0.393528,0.449501,0.461896,0,1,0,0
76,27,11,62,0.296956,0.395915,0.449501,0.461896,0,0,0,0
77,29,12,62,0.296956,0.395915,0.449501,0.461896,0,0,0,0
78,27,12,63,0.296956,0.395915,0.449501,0.461896,0,0,0,0
79,25,12,64,0.296956,0.395915,0.449501,0.461896,0,0,0,0
80,23,12,65,0.296956,0.395915,0.449501,0.461896,0,0,0,0
81,21,12,66,0.296956,0.395915,0.449501,0.461896,0,0,0,0
82,19,12,67,0.296956,0.395915,0.449501,0.461896,0,0,0,0
83,17,12,68,0.296956,0.395915,0.449501,0.461896,0,0,0,0
84,15,12,69,0.296956,0.395915,0.449501,0.461896,0,0,0,0
85,13,12,70,0.296956,0.395915,0.449501,0.461896,0,0,0,0
86,11,12,71,0.296956,0.395915,0.449501,0.461896,0,0,0,0
87,9,12,72,0.296956,0.395915,0.449501,0.461896,0,0,0,0
88,7,12,73,0.342490,0.395915,0.449501,0.461896,1,0,0,0
89,5,12,74,0.344742,0.422476,0.449501,0.461896,0,1,0,0
90,3,12,75,0.369960,0.424916,0.449501,0.461896,1,0,0,0
91,29,13,75,0.412756,0.466869,0.449501,0.461896,1,1,0,0
92,27,13,76,0.415180,0.469358,0.449501,0.461896,0,0,0,0
93,29,14,76,0.415180,0.469358,0.449501,0.461896,0,0,0,0
94,27,14,77,0.415180,0.469358,0.449501,0.461896,0,0,0,0
95,25,14,78,0.415180,0.469358,0.449501,0.461896,0,0,0,0
96,23,14,79,0.442093,0.469358,0.449501,0.489317,1,0,0,1
97,21,14,80,0.444559,0.469358,0.449501,0.491816,0,0,0,0
98,29,15,80,0.444559,0.469358,0.449501,0.491816,0,0,0,0
99,27,15,81,0.471849,0.469358,0.449501,0.519307,1,0,0,1
100,25,15,82,0.474341,0.469358,0.449501,0.521803,0,0,0,0
101,29,16,82,0.474341,0.469358,0.449501,0.521803,0,0,0,0
102,27,16,83,0.474341,0.469358,0.449501,0.521803,0,0,0,0
103,25,16,84,0.501815,0.469358,0.449501,0.521803,1,0,0,0
104,23,16,85,0.504315,0.469358,0.449501,0.521803,0,0,0,0
105,29,17,85,0.504315,0.469358,0.449501,0.521803,0,0,0,0
106,27,17,86,0.504315,0.469358,0.449501,0.521803,0,0,0,0
107,25,17,87,0.504315,0.469358,0.449501,0.521803,0,0,0,0
108,23,17,88,0.504315,0.469358,0.449501,0.521803,0,0,0,0
109,21,17,89,0.504315,0.469358,0.449501,0.521803,0,0,0,0
110,19,17,90,0.504315,0.469358,0.449501,0.521803,0,0,0,0
111,17,17,91,0.504315,0.469358,0.449501,0.521803,0,0,0,0
112,15,17,92,0.504315,0.469358,0.449501,0.521803,0,0,0,0
113,13,17,93,0.504315,0.469358,0.449501,0.549167,0,0,0,1
114,11,17,94,0.504315,0.469358,0.449501,0.551643,0,0,0,0
115,9,17,95,0.504315,0.469358,0.476834,0.578686,0,0,1,1
116,7,17,96,0.504315,0.469358,0.479329,0.607662,0,0,0,1
117,29,18,96,0.504315,0.469358,0.479329,0.635907,0,0,0,1
118,27,18,97,0.531777,0.469358,0.479329,0.663252,1,0,0,1
119,29,19,97,0.561520,0.469358,0.479329,0.689553,1,0,0,1
120,27,19,98,0.563983,0.469358,0.479329,0.691694,0,0,0,0
121,29,20,98,0.563983,0.469358,0.479329,0.691694,0,0,0,0
122,27,20,99,0.563983,0.499315,0.479329,0.691694,0,1,0,0
123,25,20,100,0.563983,0.501815,0.479329,0.691694,0,0,0,0
124,29,21,100,0.563983,0.501815,0.479329,0.691694,0,0,0,0
125,27,21,101,0.563983,0.501815,0.479329,0.691694,0,0,0,0
126,25,21,102,0.563983,0.501815,0.479329,0.691694,0,0,0,0
127,23,21,103,0.563983,0.501815,0.479329,0.691694,0,0,0,0
128,21,21,104,0.563983,0.501815,0.479329,0.691694,0,0,0,0
129,19,21,105,0.563983,0.501815,0.479329,0.691694,0,0,0,0
130,17,21,106,0.563983,0.501815,0.479329,0.691694,0,0,0,0
131,15,21,107,0.563983,0.501815,0.506815,0.714691,0,0,1,1
132,13,21,108,0.563983,0.501815,0.509314,0.716730,0,0,0,0
133,29,22,108,0.563983,0.501815,0.509314,0.716730,0,0,0,0
134,27,22,109,0.563983,0.501815,0.539242,0.716730,0,0,1,0
135,25,22,110,0.563983,0.501815,0.541726,0.716730,0,0,0,0
136,29,23,110,0.563983,0.501815,0.541726,0.716730,0,0,0,0
137,27,23,111,0.563983,0.501815,0.541726,0.716730,0,0,0,0
138,25,23,112,0.563983,0.534267,0.541726,0.716730,0,1,0,0
139,23,23,113,0.563983,0.536755,0.541726,0.716730,0,0,0,0
140,29,24,113,0.563983,0.536755,0.541726,0.716730,0,0,0,0
141,27,24,114,0.563983,0.536755,0.541726,0.716730,0,0,0,0
142,25,24,115,0.563983,0.563983,0.541726,0.716730,0,1,0,0
143,23,24,116,0.563983,0.566442,0.541726,0.716730,0,0,0,0
144,29,25,116,0.563983,0.566442,0.541726,0.716730,0,0,0,0
145,27,25,117,0.563983,0.566442,0.541726,0.716730,0,0,0,0
146,25,25,118,0.563983,0.566442,0.541726,0.716730,0,0,0,0
147,23,25,119,0.563983,0.566442,0.541726,0.716730,0,0,0,0
148,21,25,120,0.563983,0.566442,0.541726,0.716730,0,0,0,0
149,19,25,121,0.563983,0.566442,0.541726,0.716730,0,0,0,0
150,17,25,122,0.563983,0.566442,0.541726,0.716730,0,0,0,0
151,15,25,123,0.563983,0.566442,0.541726,0.716730,0,0,0,0
152,13,25,124,0.590837,0.566442,0.541726,0.716730,1,0,0,0
153,11,25,125,0.619530,0.593254,0.541726,0.716730,1,1,0,0
154,9,25,126,0.621887,0.595667,0.568897,0.716730,0,0,1,0
155,29,26,126,0.621887,0.595667,0.598076,0.716730,0,0,1,0
156,27,26,127,0.621887,0.624238,0.600480,0.716730,0,1,0,0
157,29,27,127,0.621887,0.651977,0.600480,0.716730,0,1,0,0
158,27,27,128,0.621887,0.654246,0.600480,0.716730,0,0,0,0
159,29,28,128,0.621887,0.654246,0.600480,0.716730,0,0,0,0
160,27,28,129,0.621887,0.654246,0.600480,0.716730,0,0,0,0
161,25,28,130,0.621887,0.678730,0.600480,0.716730,0,1,0,0
162,23,28,131,0.621887,0.680910,0.626584,0.716730,0,0,1,0
163,29,29,131,0.621887,0.680910,0.654246,0.716730,0,0,1,0
164,27,29,132,0.621887,0.680910,0.680910,0.716730,0,0,1,0
165,29,30,132,0.621887,0.680910,0.706447,0.716730,0,0,1,0
166,27,30,133,0.621887,0.704365,0.708521,0.716730,0,1,0,0
167,29,31,133,0.621887,0.728778,0.708521,0.716730,0,1,0,0
168,27,31,134,0.621887,0.730754,0.730754,0.716730,0,0,1,0
169,29,32,134,0.621887,0.730754,0.753756,0.716730,0,0,1,0
170,27,32,135,0.621887,0.751890,0.755612,0.716730,0,1,0,0
171,29,33,135,0.621887,0.773650,0.755612,0.716730,0,1,0,0
172,27,33,136,0.621887,0.794028,0.755612,0.716730,0,1,0,0
173,29,34,136,0.621887,0.813018,0.755612,0.716730,0,1,0,0
174,27,34,137,0.647419,0.814539,0.775401,0.716730,1,0,1,0
175,29,35,137,0.674345,0.814539,0.795663,0.716730,1,0,1,0
176,27,35,138,0.676541,0.814539,0.797289,0.716730,0,0,0,0
177,29,36,138,0.676541,0.814539,0.797289,0.716730,0,0,0,0
178,27,36,139,0.676541,0.814539,0.797289,0.716730,0,0,0,0
179,25,36,140,0.676541,0.814539,0.797289,0.716730,0,0,0,0
180,23,36,141,0.676541,0.814539,0.797289,0.716730,0,0,0,0
181,21,36,142,0.676541,0.814539,0.797289,0.716730,0,0,0,0
182,19,36,143,0.676541,0.814539,0.814539,0.716730,0,0,1,0
183,17,36,144,0.676541,0.814539,0.816049,0.716730,0,0,0,0
184,29,37,144,0.676541,0.814539,0.816049,0.716730,0,0,0,0
185,27,37,145,0.676541,0.814539,0.816049,0.716730,0,0,0,0
186,25,37,146,0.676541,0.814539,0.816049,0.716730,0,0,0,0
187,23,37,147,0.676541,0.814539,0.816049,0.716730,0,0,0,0
188,21,37,148,0.676541,0.814539,0.816049,0.738570,0,0,0,1
189,19,37,149,0.676541,0.814539,0.832041,0.740501,0,0,1,0
190,29,38,149,0.676541,0.814539,0.848203,0.740501,0,0,1,0
191,27,38,150,0.676541,0.814539,0.849490,0.740501,0,0,0,0
192,29,39,150,0.676541,0.814539,0.849490,0.740501,0,0,0,0
193,27,39,151,0.676541,0.830635,0.849490,0.740501,0,1,0,0
194,25,39,152,0.676541,0.832041,0.849490,0.740501,0,0,0,0
195,29,40,152,0.676541,0.832041,0.849490,0.740501,0,0,0,0
196,27,40,153,0.676541,0.846906,0.849490,0.740501,0,1,0,0
197,25,40,154,0.676541,0.861877,0.849490,0.740501,0,1,0,0
198,29,41,154,0.676541,0.875600,0.849490,0.740501,0,1,0,0
199,27,41,155,0.700175,0.888139,0.863067,0.740501,1,1,1,0
200,25,41,156,0.702274,0.889132,0.876690,0.740501,0,0,1,0
201,29,42,156,0.702274,0.889132,0.889132,0.740501,0,0,1,0
202,27,42,157,0.702274,0.899560,0.900464,0.740501,0,1,1,0
203,29,43,157,0.702274,0.909934,0.910754,0.740501,0,1,1,0
204,27,43,158,0.702274,0.919334,0.911567,0.740501,0,1,0,0
205,25,43,159,0.724798,0.927831,0.911567,0.761123,1,1,0,1
206,23,43,160,0.726792,0.928501,0.920076,0.762942,0,0,1,0
207,29,44,160,0.726792,0.928501,0.928501,0.762942,0,0,1,0
208,27,44,161,0.726792,0.935497,0.929165,0.782309,0,1,0,1
209,29,45,161,0.726792,0.942399,0.929165,0.802109,0,1,0,1
210,27,45,162,0.726792,0.942942,0.929165,0.803696,0,0,0,0
211,29,46,162,0.726792,0.942942,0.929165,0.803696,0,0,0,0
212,27,46,163,0.726792,0.942942,0.929165,0.803696,0,0,0,0
213,25,46,164,0.726792,0.942942,0.929165,0.803696,0,0,0,0
214,23,46,165,0.726792,0.942942,0.929165,0.803696,0,0,0,0
215,21,46,166,0.748131,0.942942,0.929165,0.803696,1,0,0,0
216,19,46,167,0.750015,0.942942,0.929165,0.803696,0,0,0,0
217,29,47,167,0.750015,0.942942,0.929165,0.803696,0,0,0,0
218,27,47,168,0.750015,0.942942,0.929165,0.803696,0,0,0,0
219,25,47,169,0.750015,0.942942,0.929165,0.803696,0,0,0,0
220,23,47,170,0.750015,0.942942,0.929165,0.803696,0,0,0,0
221,21,47,171,0.750015,0.942942,0.929165,0.803696,0,0,0,0
222,19,47,172,0.750015,0.942942,0.929165,0.803696,0,0,0,0
223,17,47,173,0.750015,0.942942,0.929165,0.803696,0,0,0,0
224,15,47,174,0.750015,0.942942,0.929165,0.803696,0,0,0,0
225,13,47,175,0.750015,0.942942,0.929165,0.820524,0,0,0,1
226,11,47,176,0.750015,0.942942,0.929165,0.837576,0,0,0,1
227,29,48,176,0.750015,0.942942,0.929165,0.853299,0,0,0,1
228,27,48,177,0.770119,0.942942,0.929165,0.867743,1,0,0,1
229,29,49,177,0.790728,0.942942,0.929165,0.880965,1,0,0,1
230,27,49,178,0.792383,0.942942,0.929165,0.893030,0,0,0,1
231,25,49,179,0.809949,0.948604,0.936100,0.904006,1,1,1,1
232,29,50,179,0.827793,0.954173,0.942942,0.913965,1,1,1,1
233,27,50,180,0.829218,0.954611,0.943480,0.914752,0,0,0,0
234,29,51,180,0.829218,0.954611,0.943480,0.914752,0,0,0,0
235,27,51,181,0.844286,0.954611,0.943480,0.914752,1,0,0,0
236,25,51,182,0.845601,0.954611,0.949092,0.914752,0,0,1,0
237,23,51,183,0.845601,0.954611,0.949575,0.914752,0,0,0,0
238,29,52,183,0.845601,0.954611,0.949575,0.914752,0,0,0,0
239,27,52,184,0.845601,0.954611,0.954611,0.914752,0,0,1,0
240,25,52,185,0.845601,0.954611,0.955044,0.914752,0,0,0,0
241,29,53,185,0.845601,0.954611,0.955044,0.914752,0,0,0,0
242,27,53,186,0.845601,0.954611,0.955044,0.922980,0,0,0,1
243,25,53,187,0.845601,0.954611,0.955044,0.931123,0,0,0,1
244,23,53,188,0.859470,0.959165,0.955044,0.931764,1,1,0,0
245,29,54,188,0.873397,0.963634,0.955044,0.931764,1,1,0,0
246,27,54,189,0.874503,0.963985,0.955044,0.931764,0,0,0,0
247,29,55,189,0.874503,0.963985,0.955044,0.931764,0,0,0,0
248,27,55,190,0.874503,0.963985,0.955044,0.931764,0,0,0,0
249,25,55,191,0.874503,0.963985,0.955044,0.931764,0,0,0,0
250,23,55,192,0.874503,0.963985,0.955044,0.938462,0,0,0,1
251,21,55,193,0.874503,0.963985,0.955044,0.939039,0,0,0,0
252,29,56,193,0.874503,0.963985,0.955044,0.939039,0,0,0,0
253,27,56,194,0.874503,0.967631,0.955044,0.945066,0,1,0,1
254,25,56,195,0.886129,0.967944,0.955044,0.945585,1,0,0,0
255,29,57,195,0.897731,0.967944,0.955044,0.945585,1,0,0,0
256,27,57,196,0.898649,0.967944,0.955044,0.945585,0,0,0,0
257,29,58,196,0.898649,0.967944,0.955044,0.945585,0,0,0,0
258,27,58,197,0.898649,0.971202,0.955044,0.945585,0,1,0,0
259,25,58,198,0.908275,0.971481,0.955044,0.945585,1,0,0,0
260,29,59,198,0.917832,0.971481,0.955044,0.945585,1,0,0,0
261,27,59,199,0.918586,0.971481,0.955044,0.945585,0,0,0,0
262,29,60,199,0.918586,0.971481,0.955044,0.945585,0,0,0,0
263,27,60,200,0.918586,0.971481,0.955044,0.945585,0,0,0,0
264,25,60,201,0.918586,0.971481,0.955044,0.945585,0,0,0,0
265,23,60,202,0.918586,0.971481,0.955044,0.945585,0,0,0,0
266,21,60,203,0.918586,0.971481,0.955044,0.950998,0,0,0,1
267,19,60,204,0.918586,0.971481,0.955044,0.951464,0,0,0,0
268,29,61,204,0.918586,0.971481,0.955044,0.951464,0,0,0,0
269,27,61,205,0.918586,0.971481,0.955044,0.956320,0,0,0,1
270,25,61,206,0.918586,0.971481,0.955044,0.961088,0,0,0,1
271,29,62,206,0.918586,0.971481,0.955044,0.965354,0,0,0,1
272,27,62,207,0.918586,0.971481,0.955044,0.965689,0,0,0,0
273,29,63,207,0.918586,0.971481,0.955044,0.965689,0,0,0,0
274,27,63,208,0.918586,0.971481,0.955044,0.965689,0,0,0,0
275,25,63,209,0.918586,0.971481,0.955044,0.965689,0,0,0,0
276,23,63,210,0.918586,0.971481,0.955044,0.965689,0,0,0,0
277,21,63,211,0.918586,0.971481,0.955044,0.965689,0,0,0,0
278,19,63,212,0.918586,0.971481,0.955044,0.965689,0,0,0,0
279,17,63,213,0.918586,0.971481,0.955044,0.965689,0,0,0,0
280,15,63,214,0.918586,0.971481,0.955044,0.965689,0,0,0,0
281,13,63,215,0.918586,0.971481,0.955044,0.965689,0,0,0,0
282,11,63,216,0.918586,0.971481,0.955044,0.965689,0,0,0,0
283,9,63,217,0.926475,0.971481,0.955044,0.965689,1,0,0,0
284,7,63,218,0.927156,0.971481,0.955044,0.965689,0,0,0,0
285,29,64,218,0.927156,0.971481,0.955044,0.965689,0,0,0,0
286,27,64,219,0.927156,0.971481,0.955044,0.969168,0,0,0,1
287,25,64,220,0.927156,0.971481,0.955044,0.972574,0,0,0,1
288,29,65,220,0.927156,0.971481,0.955044,0.975613,0,0,0,1
289,27,65,221,0.927156,0.971481,0.955044,0.975851,0,0,0,0
290,29,66,221,0.927156,0.971481,0.955044,0.975851,0,0,0,0
291,27,66,222,0.927156,0.971481,0.955044,0.975851,0,0,0,0
292,25,66,223,0.927156,0.971481,0.955044,0.975851,0,0,0,0
293,23,66,224,0.927156,0.971481,0.955044,0.975851,0,0,0,0
294,21,66,225,0.927156,0.971481,0.955044,0.975851,0,0,0,0
295,19,66,226,0.927156,0.974389,0.955044,0.975851,0,1,0,0
296,17,66,227,0.927156,0.974639,0.959557,0.975851,0,0,1,0
297,29,67,227,0.927156,0.974639,0.963985,0.975851,0,0,1,0
298,27,67,228,0.927156,0.974639,0.964332,0.975851,0,0,0,0
299,29,68,228,0.927156,0.974639,0.964332,0.975851,0,0,0,0
300,27,68,229,0.927156,0.974639,0.964332,0.978323,0,0,0,1
301,25,68,230,0.927156,0.974639,0.964332,0.978535,0,0,0,0
302,23,68,231,0.927156,0.974639,0.964332,0.980738,0,0,0,1
303,21,68,232,0.927156,0.974639,0.967944,0.980927,0,0,1,0
304,29,69,232,0.927156,0.974639,0.971481,0.980927,0,0,1,0
305,27,69,233,0.927156,0.974639,0.971758,0.980927,0,0,0,0
306,29,70,233,0.927156,0.974639,0.971758,0.980927,0,0,0,0
307,27,70,234,0.927156,0.977232,0.971758,0.980927,0,1,0,0
308,25,70,235,0.927156,0.977454,0.974639,0.980927,0,0,1,0
309,29,71,235,0.927156,0.977454,0.977454,0.980927,0,0,1,0
310,27,71,236,0.927156,0.979766,0.977675,0.980927,0,1,0,0
311,29,72,236,0.927156,0.982023,0.977675,0.980927,0,1,0,0
312,27,72,237,0.927156,0.982200,0.977675,0.980927,0,0,0,0
313,29,73,237,0.927156,0.982200,0.977675,0.980927,0,0,0,0
314,27,73,238,0.934274,0.982200,0.977675,0.980927,1,0,0,0
315,25,73,239,0.934888,0.982200,0.977675,0.980927,0,0,0,0
316,29,74,239,0.934888,0.982200,0.977675,0.980927,0,0,0,0
317,27,74,240,0.934888,0.982200,0.977675,0.982889,0,0,0,1
318,25,74,241,0.934888,0.982200,0.977675,0.983057,0,0,0,0
319,29,75,241,0.934888,0.982200,0.977675,0.983057,0,0,0,0
320,27,75,242,0.934888,0.982200,0.977675,0.983057,0,0,0,0
321,25,75,243,0.934888,0.984033,0.977675,0.984803,0,1,0,1
322,23,75,244,0.941299,0.984190,0.977675,0.984953,1,0,0,0
323,29,76,244,0.947616,0.984190,0.977675,0.984953,1,0,0,0
324,27,76,245,0.948112,0.984190,0.977675,0.984953,0,0,0,0
325,29,77,245,0.948112,0.984190,0.977675,0.984953,0,0,0,0
326,27,77,246,0.948112,0.984190,0.977675,0.984953,0,0,0,0
327,25,77,247,0.948112,0.984190,0.977675,0.984953,0,0,0,0
328,23,77,248,0.948112,0.984190,0.977675,0.984953,0,0,0,0
329,21,77,249,0.948112,0.984190,0.979964,0.984953,0,0,1,0
330,19,77,250,0.948112,0.984190,0.982200,0.984953,0,0,1,0
331,17,77,251,0.953287,0.984190,0.982374,0.984953,1,0,0,0
332,29,78,251,0.958371,0.984190,0.982374,0.984953,1,0,0,0
333,27,78,252,0.958770,0.984190,0.982374,0.984953,0,0,0,0
334,29,79,252,0.958770,0.984190,0.982374,0.984953,0,0,0,0
335,27,79,253,0.958770,0.984190,0.982374,0.984953,0,0,0,0
336,25,79,254,0.958770,0.985821,0.984190,0.984953,0,1,1,0
337,23,79,255,0.958770,0.985960,0.985960,0.984953,0,0,1,0
338,29,80,255,0.958770,0.985960,0.987535,0.984953,0,0,1,0
339,27,80,256,0.958770,0.987411,0.987659,0.984953,0,1,0,0
340,29,81,256,0.958770,0.988825,0.987659,0.984953,0,1,0,0
341,27,81,257,0.958770,0.988936,0.987659,0.984953,0,0,0,0
342,29,82,257,0.958770,0.988936,0.987659,0.984953,0,0,0,0
343,27,82,258,0.958770,0.988936,0.988936,0.984953,0,0,1,0
344,25,82,259,0.958770,0.988936,0.989045,0.984953,0,0,0,0
345,23,82,260,0.958770,0.988936,0.989045,0.984953,0,0,0,0
346,21,82,261,0.958770,0.988936,0.989045,0.984953,0,0,0,0
347,19,82,262,0.962924,0.988936,0.989045,0.984953,1,0,0,0
348,17,82,263,0.963281,0.988936,0.989045,0.984953,0,0,0,0
349,29,83,263,0.963281,0.988936,0.989045,0.984953,0,0,0,0
350,27,83,264,0.966996,0.988936,0.989045,0.984953,1,0,0,0
351,25,83,265,0.967315,0.988936,0.989045,0.984953,0,0,0,0
352,29,84,265,0.967315,0.988936,0.989045,0.984953,0,0,0,0
353,27,84,266,0.967315,0.988936,0.989045,0.984953,0,0,0,0
354,25,84,267,0.967315,0.988936,0.989045,0.984953,0,0,0,0
355,23,84,268,0.967315,0.988936,0.989045,0.984953,0,0,0,0
356,21,84,269,0.967315,0.988936,0.989045,0.984953,0,0,0,0
357,19,84,270,0.967315,0.988936,0.990180,0.986506,0,0,1,1
358,17,84,271,0.970634,0.988936,0.990278,0.986639,1,0,0,0
359,29,85,271,0.973883,0.988936,0.990278,0.986639,1,0,0,0
360,27,85,272,0.974137,0.988936,0.990278,0.986639,0,0,0,0
361,29,86,272,0.974137,0.988936,0.990278,0.986639,0,0,0,0
362,27,86,273,0.974137,0.990082,0.990278,0.986639,0,1,0,0
363,25,86,274,0.976780,0.990180,0.990278,0.986639,1,0,0,0
364,29,87,274,0.979364,0.990180,0.990278,0.986639,1,0,0,0
365,27,87,275,0.979566,0.990180,0.990278,0.986639,0,0,0,0
366,29,88,275,0.979566,0.990180,0.990278,0.986639,0,0,0,0
367,27,88,276,0.979566,0.990180,0.990278,0.986639,0,0,0,0
368,25,88,277,0.979566,0.990180,0.990278,0.986639,0,0,0,0
369,23,88,278,0.979566,0.990180,0.990278,0.986639,0,0,0,0
370,21,88,279,0.979566,0.990180,0.990278,0.986639,0,0,0,0
371,19,88,280,0.979566,0.990180,0.990278,0.986639,0,0,0,0
372,17,88,281,0.979566,0.990180,0.990278,0.986639,0,0,0,0
373,15,88,282,0.979566,0.990180,0.991286,0.986639,0,0,1,0
374,13,88,283,0.979566,0.990180,0.991373,0.986639,0,0,0,0
375,29,89,283,0.979566,0.990180,0.991373,0.986639,0,0,0,0
376,27,89,284,0.979566,0.991199,0.992269,0.988021,0,1,1,1
377,25,89,285,0.979566,0.991286,0.992345,0.988139,0,0,0,0
378,29,90,285,0.979566,0.991286,0.992345,0.988139,0,0,0,0
379,27,90,286,0.979566,0.991286,0.992345,0.989367,0,0,0,1
380,25,90,287,0.979566,0.991286,0.992345,0.990564,0,0,0,1
381,29,91,287,0.979566,0.991286,0.992345,0.991627,0,0,0,1
382,27,91,288,0.981665,0.991286,0.992345,0.991710,1,0,0,0
383,29,92,288,0.983714,0.991286,0.992345,0.991710,1,0,0,0
384,27,92,289,0.983874,0.991286,0.992345,0.991710,0,0,0,0
385,29,93,289,0.983874,0.991286,0.992345,0.991710,0,0,0,0
386,27,93,290,0.985537,0.991286,0.992345,0.991710,1,0,0,0
387,25,93,291,0.987159,0.991286,0.992345,0.991710,1,0,0,0
388,29,94,291,0.988601,0.991286,0.992345,0.991710,1,0,0,0
389,27,94,292,0.988714,0.991286,0.992345,0.991710,0,0,0,0
390,29,95,292,0.988714,0.991286,0.992345,0.991710,0,0,0,0
391,27,95,293,0.989883,0.991286,0.992345,0.991710,1,0,0,0
392,25,95,294,0.991022,0.991286,0.992345,0.991710,1,0,0,0
393,23,95,295,0.991111,0.991286,0.993141,0.991710,0,0,1,0
394,29,96,295,0.991111,0.991286,0.993915,0.991710,0,0,1,0
395,27,96,296,0.991111,0.991286,0.993976,0.991710,0,0,0,0
396,29,97,296,0.991111,0.991286,0.993976,0.991710,0,0,0,0
397,27,97,297,0.991111,0.992191,0.993976,0.991710,0,1,0,0
398,25,97,298,0.991111,0.992269,0.993976,0.991710,0,0,0,0
399,29,98,298,0.991111,0.992269,0.993976,0.991710,0,0,0,0
400,27,98,299,0.991111,0.992269,0.993976,0.991710,0,0,0,0
401,25,98,300,0.991111,0.992269,0.994603,0.991710,0,0,1,0
402,23,98,301,0.991111,0.993072,0.994657,0.991710,0,1,0,0
403,21,98,302,0.991111,0.993854,0.994657,0.991710,0,1,0,0
404,19,98,303,0.992034,0.994549,0.995213,0.992571,1,1,1,1
405,29,99,303,0.992932,0.995165,0.995755,0.993409,1,1,1,1
406,27,99,304,0.993003,0.995213,0.995797,0.993475,0,0,0,0
407,29,100,304,0.993003,0.995213,0.995797,0.993475,0,0,0,0
408,27,100,305,0.993003,0.995213,0.995797,0.993475,0,0,0,0
409,25,100,306,0.993003,0.995213,0.995797,0.993475,0,0,0,0
410,23,100,307,0.993730,0.995712,0.995797,0.993475,1,1,0,0
411,21,100,308,0.993793,0.995755,0.995797,0.993475,0,0,0,0
412,29,101,308,0.993793,0.995755,0.995797,0.993475,0,0,0,0
413,27,101,309,0.993793,0.996197,0.995797,0.994154,0,1,0,1
414,25,101,310,0.993793,0.996235,0.995797,0.994212,0,0,0,0
415,29,102,310,0.993793,0.996235,0.995797,0.994212,0,0,0,0
416,27,102,311,0.993793,0.996235,0.995797,0.994212,0,0,0,0
417,25,102,312,0.993793,0.996235,0.996235,0.994212,0,0,1,0
418,23,102,313,0.993793,0.996235,0.996273,0.994212,0,0,0,0
419,29,103,313,0.993793,0.996235,0.996273,0.994212,0,0,0,0
420,27,103,314,0.993793,0.996235,0.996661,0.994814,0,0,1,1
421,25,103,315,0.994439,0.996235,0.996695,0.994866,1,0,0,0
422,29,104,315,0.995067,0.996235,0.996695,0.994866,1,0,0,0
423,27,104,316,0.995116,0.996235,0.996695,0.995401,0,0,0,1
424,25,104,317,0.995625,0.996235,0.996695,0.995447,1,0,0,0
425,23,104,318,0.995669,0.996235,0.996695,0.995447,0,0,0,0
426,29,105,318,0.995669,0.996235,0.996695,0.995447,0,0,0,0
427,27,105,319,0.996120,0.996235,0.996695,0.995447,1,0,0,0
428,25,105,320,0.996560,0.996235,0.996695,0.995447,1,0,0,0
429,29,106,320,0.996949,0.996235,0.996695,0.995447,1,0,0,0
430,27,106,321,0.996980,0.996235,0.996695,0.995447,0,0,0,0
431,29,107,321,0.996980,0.996235,0.996695,0.995447,0,0,0,0
432,27,107,322,0.996980,0.996235,0.996695,0.995447,0,0,0,0
433,25,107,323,0.996980,0.996235,0.996695,0.995447,0,0,0,0
434,23,107,324,0.996980,0.996235,0.996695,0.995447,0,0,0,0
435,21,107,325,0.996980,0.996235,0.996695,0.995447,0,0,0,0
436,19,107,326,0.996980,0.996235,0.997040,0.995447,0,0,1,0
437,17,107,327,0.996980,0.996235,0.997069,0.995447,0,0,0,0
438,29,108,327,0.996980,0.996235,0.997069,0.995447,0,0,0,0
439,27,108,328,0.996980,0.996235,0.997069,0.995447,0,0,0,0
440,25,108,329,0.997295,0.996235,0.997069,0.995447,1,0,0,0
441,23,108,330,0.997322,0.996235,0.997069,0.995447,0,0,0,0
442,29,109,330,0.997322,0.996235,0.997069,0.995447,0,0,0,0
443,27,109,331,0.997322,0.996235,0.997069,0.995447,0,0,0,0
444,25,109,332,0.997322,0.996628,0.997069,0.995447,0,1,0,0
445,23,109,333,0.997322,0.996661,0.997375,0.995447,0,0,1,0
446,29,110,333,0.997322,0.996661,0.997673,0.995447,0,0,1,0
447,27,110,334,0.997322,0.997010,0.997696,0.995447,0,1,0,0
448,29,111,334,0.997322,0.997349,0.997696,0.995447,0,1,0,0
449,27,111,335,0.997322,0.997375,0.997696,0.995447,0,0,0,0
450,29,112,335,0.997322,0.997375,0.997696,0.995447,0,0,0,0
451,27,112,336,0.997602,0.997649,0.997696,0.995447,1,1,0,0
452,25,112,337,0.997625,0.997673,0.997696,0.995447,0,0,0,0
453,29,113,337,0.997625,0.997673,0.997696,0.995447,0,0,0,0
454,27,113,338,0.997625,0.997673,0.997696,0.995447,0,0,0,0
455,25,113,339,0.997625,0.997916,0.997696,0.995921,0,1,0,1
456,23,113,340,0.997873,0.997936,0.997696,0.995962,1,0,0,0
457,29,114,340,0.998115,0.997936,0.997696,0.995962,1,0,0,0
458,27,114,341,0.998133,0.997936,0.997696,0.995962,0,0,0,0
459,29,115,341,0.998133,0.997936,0.997696,0.995962,0,0,0,0
460,27,115,342,0.998133,0.997936,0.997696,0.995962,0,0,0,0
461,25,115,343,0.998133,0.997936,0.997696,0.995962,0,0,0,0
462,23,115,344,0.998133,0.997936,0.997696,0.995962,0,0,0,0
463,21,115,345,0.998133,0.997936,0.997696,0.995962,0,0,0,0
464,19,115,346,0.998133,0.997936,0.997696,0.995962,0,0,0,0
465,17,115,347,0.998328,0.997936,0.997696,0.995962,1,0,0,0
466,15,115,348,0.998345,0.997936,0.997696,0.996383,0,0,0,1
467,29,116,348,0.998345,0.997936,0.997696,0.996793,0,0,0,1
468,27,116,349,0.998345,0.997936,0.997696,0.996825,0,0,0,0
469,29,117,349,0.998345,0.997936,0.997696,0.996825,0,0,0,0
470,27,117,350,0.998345,0.997936,0.997696,0.996825,0,0,0,0
471,25,117,351,0.998518,0.997936,0.997696,0.996825,1,0,0,0
472,23,117,352,0.998533,0.997936,0.997696,0.996825,0,0,0,0
473,29,118,352,0.998533,0.997936,0.997696,0.996825,0,0,0,0
474,27,118,353,0.998533,0.997936,0.997696,0.996825,0,0,0,0
475,25,118,354,0.998686,0.997936,0.997696,0.996825,1,0,0,0
476,23,118,355,0.998699,0.997936,0.997696,0.996825,0,0,0,0
477,29,119,355,0.998699,0.997936,0.997696,0.996825,0,0,0,0
478,27,119,356,0.998699,0.997936,0.997696,0.996825,0,0,0,0
479,25,119,357,0.998699,0.997936,0.997696,0.996825,0,0,0,0
480,23,119,358,0.998699,0.997936,0.997696,0.996825,0,0,0,0
481,21,119,359,0.998699,0.998152,0.997696,0.996825,0,1,0,0
482,19,119,360,0.998699,0.998171,0.997696,0.996825,0,0,0,0
483,29,120,360,0.998699,0.998171,0.997696,0.997156,0,0,0,1
484,27,120,361,0.998699,0.998171,0.997696,0.997184,0,0,0,0
485,29,121,361,0.998699,0.998171,0.997696,0.997184,0,0,0,0
486,27,121,362,0.998699,0.998171,0.997696,0.997478,0,0,0,1
487,25,121,363,0.998699,0.998171,0.997696,0.997503,0,0,0,0
488,23,121,364,0.998699,0.998171,0.997696,0.997503,0,0,0,0
489,21,121,365,0.998699,0.998171,0.997696,0.997503,0,0,0,0
490,19,121,366,0.998699,0.998171,0.997696,0.997503,0,0,0,0
491,17,121,367,0.998699,0.998171,0.997696,0.997503,0,0,0,0
492,15,121,368,0.998699,0.998171,0.997696,0.997503,0,0,0,0
493,13,121,369,0.998699,0.998171,0.997696,0.997503,0,0,0,0
494,11,121,370,0.998699,0.998171,0.997696,0.997764,0,0,0,1
495,9,121,371,0.998835,0.998171,0.997696,0.997786,1,0,0,0
496,29,122,371,0.998968,0.998171,0.997696,0.997786,1,0,0,0
497,27,122,372,0.998978,0.998171,0.997696,0.998018,0,0,0,1
498,29,123,372,0.998978,0.998171,0.997696,0.998242,0,0,0,1
499,27,123,373,0.999085,0.998171,0.997696,0.998260,1,0,0,0
500,29,124,373,0.999189,0.998171,0.997696,0.998260,1,0,0,0
501,27,124,374,0.999197,0.998171,0.997696,0.998260,0,0,0,0
502,29,125,374,0.999197,0.998171,0.997696,0.998260,0,0,0,0
503,27,125,375,0.999197,0.998362,0.997696,0.998442,0,1,0,1
504,25,125,376,0.999197,0.998378,0.997696,0.998457,0,0,0,0
505,29,126,376,0.999197,0.998378,0.997696,0.998457,0,0,0,0
506,27,126,377,0.999197,0.998378,0.997696,0.998457,0,0,0,0
507,25,126,378,0.999197,0.998378,0.997696,0.998457,0,0,0,0
508,23,126,379,0.999197,0.998378,0.997696,0.998619,0,0,0,1
509,21,126,380,0.999197,0.998378,0.997696,0.998775,0,0,0,1
510,29,127,380,0.999197,0.998378,0.997696,0.998914,0,0,0,1
511,27,127,381,0.999197,0.998378,0.997936,0.999038,0,0,1,1
512,29,128,381,0.999197,0.998378,0.998171,0.999147,0,0,1,1
513,27,128,382,0.999197,0.998378,0.998189,0.999155,0,0,0,0
514,29,129,382,0.999197,0.998378,0.998189,0.999155,0,0,0,0
515,27,129,383,0.999197,0.998378,0.998378,0.999155,0,0,1,0
516,25,129,384,0.999197,0.998378,0.998394,0.999155,0,0,0,0
517,29,130,384,0.999197,0.998378,0.998394,0.999155,0,0,0,0
518,27,130,385,0.999197,0.998378,0.998562,0.999155,0,0,1,0
519,25,130,386,0.999197,0.998548,0.998576,0.999155,0,1,0,0
520,29,131,386,0.999197,0.998712,0.998576,0.999155,0,1,0,0
521,27,131,387,0.999197,0.998725,0.998576,0.999155,0,0,0,0
522,29,132,387,0.999197,0.998725,0.998576,0.999155,0,0,0,0
523,27,132,388,0.999197,0.998725,0.998576,0.999155,0,0,0,0
524,25,132,389,0.999197,0.998725,0.998576,0.999155,0,0,0,0
525,23,132,390,0.999281,0.998725,0.998576,0.999155,1,0,0,0
526,21,132,391,0.999362,0.998725,0.998576,0.999155,1,0,0,0
527,29,133,391,0.999435,0.998725,0.998576,0.999155,1,0,0,0
528,27,133,392,0.999440,0.998725,0.998576,0.999244,0,0,0,1
529,25,133,393,0.999499,0.998858,0.998576,0.999251,1,1,0,0
530,29,134,393,0.999556,0.998988,0.998576,0.999251,1,1,0,0
531,27,134,394,0.999560,0.998998,0.998576,0.999251,0,0,0,0
532,29,135,394,0.999560,0.998998,0.998576,0.999251,0,0,0,0
533,27,135,395,0.999606,0.998998,0.998576,0.999251,1,0,0,0
534,25,135,396,0.999610,0.998998,0.998576,0.999251,0,0,0,0
535,29,136,396,0.999610,0.998998,0.998576,0.999251,0,0,0,0
536,27,136,397,0.999610,0.998998,0.998576,0.999251,0,0,0,0
537,25,136,398,0.999610,0.998998,0.998576,0.999251,0,0,0,0
538,23,136,399,0.999610,0.998998,0.998576,0.999251,0,0,0,0
539,21,136,400,0.999651,0.998998,0.998576,0.999251,1,0,0,0
540,19,136,401,0.999691,0.999103,0.998576,0.999330,1,1,0,1
541,29,137,401,0.999726,0.999205,0.998576,0.999406,1,1,0,1
542,27,137,402,0.999729,0.999213,0.998576,0.999412,0,0,0,0
543,29,138,402,0.999729,0.999213,0.998576,0.999412,0,0,0,0
544,27,138,403,0.999729,0.999213,0.998725,0.999412,0,0,1,0
545,25,138,404,0.999729,0.999213,0.998738,0.999412,0,0,0,0
546,29,139,404,0.999729,0.999213,0.998738,0.999412,0,0,0,0
547,27,139,405,0.999729,0.999295,0.998738,0.999412,0,1,0,0
548,25,139,406,0.999729,0.999302,0.998738,0.999412,0,0,0,0
549,29,140,406,0.999729,0.999302,0.998738,0.999412,0,0,0,0
550,27,140,407,0.999729,0.999302,0.998738,0.999412,0,0,0,0
551,25,140,408,0.999729,0.999302,0.998738,0.999412,0,0,0,0
552,23,140,409,0.999729,0.999302,0.998738,0.999412,0,0,0,0
553,21,140,410,0.999729,0.999302,0.998738,0.999412,0,0,0,0
554,19,140,411,0.999729,0.999302,0.998738,0.999412,0,0,0,0
555,17,140,412,0.999757,0.999302,0.998738,0.999412,1,0,0,0
556,15,140,413,0.999759,0.999302,0.998738,0.999473,0,0,0,1
557,29,141,413,0.999759,0.999302,0.998738,0.999533,0,0,0,1
558,27,141,414,0.999759,0.999302,0.998738,0.999538,0,0,0,0
559,29,142,414,0.999759,0.999302,0.998738,0.999538,0,0,0,0
560,27,142,415,0.999759,0.999302,0.998870,0.999538,0,0,1,0
561,25,142,416,0.999759,0.999302,0.998881,0.999538,0,0,0,0
562,23,142,417,0.999759,0.999375,0.998881,0.999538,0,1,0,0
563,21,142,418,0.999759,0.999381,0.998881,0.999538,0,0,0,0
564,29,143,418,0.999759,0.999381,0.998881,0.999538,0,0,0,0
565,27,143,419,0.999759,0.999381,0.998881,0.999538,0,0,0,0
566,25,143,420,0.999759,0.999381,0.998998,0.999538,0,0,1,0
567,23,143,421,0.999759,0.999381,0.999112,0.999538,0,0,1,0
568,29,144,421,0.999759,0.999381,0.999213,0.999538,0,0,1,0
569,27,144,422,0.999759,0.999381,0.999221,0.999538,0,0,0,0
570,29,145,422,0.999759,0.999381,0.999221,0.999538,0,0,0,0
571,27,145,423,0.999759,0.999446,0.999302,0.999538,0,1,1,0
572,25,145,424,0.999759,0.999452,0.999309,0.999538,0,0,0,0
573,29,146,424,0.999759,0.999452,0.999309,0.999538,0,0,0,0
574,27,146,425,0.999759,0.999452,0.999309,0.999538,0,0,0,0
575,25,146,426,0.999759,0.999452,0.999309,0.999538,0,0,0,0
576,23,146,427,0.999759,0.999452,0.999381,0.999538,0,0,1,0
577,21,146,428,0.999759,0.999452,0.999388,0.999538,0,0,0,0
578,29,147,428,0.999759,0.999452,0.999388,0.999538,0,0,0,0
579,27,147,429,0.999759,0.999452,0.999388,0.999538,0,0,0,0
580,25,147,430,0.999759,0.999452,0.999388,0.999538,0,0,0,0
581,23,147,431,0.999759,0.999452,0.999388,0.999538,0,0,0,0
582,21,147,432,0.999759,0.999452,0.999388,0.999538,0,0,0,0
583,19,147,433,0.999759,0.999452,0.999388,0.999538,0,0,0,0
584,17,147,434,0.999759,0.999452,0.999388,0.999538,0,0,0,0
585,15,147,435,0.999759,0.999519,0.999388,0.999538,0,1,0,0
586,13,147,436,0.999759,0.999524,0.999388,0.999538,0,0,0,0
587,29,148,436,0.999759,0.999524,0.999388,0.999538,0,0,0,0
588,27,148,437,0.999759,0.999524,0.999388,0.999586,0,0,0,1
589,25,148,438,0.999759,0.999524,0.999388,0.999590,0,0,0,0
590,23,148,439,0.999785,0.999524,0.999388,0.999590,1,0,0,0
591,21,148,440,0.999787,0.999524,0.999388,0.999590,0,0,0,0
592,29,149,440,0.999787,0.999524,0.999388,0.999590,0,0,0,0
593,27,149,441,0.999787,0.999524,0.999452,0.999633,0,0,1,1
594,25,149,442,0.999787,0.999524,0.999457,0.999637,0,0,0,0
595,29,150,442,0.999787,0.999524,0.999457,0.999637,0,0,0,0
596,27,150,443,0.999787,0.999524,0.999457,0.999637,0,0,0,0
597,25,150,444,0.999787,0.999524,0.999514,0.999637,0,0,1,0
598,23,150,445,0.999787,0.999573,0.999569,0.999675,0,1,1,1
599,29,151,445,0.999787,0.999622,0.999618,0.999712,0,1,1,1
600,27,151,446,0.999787,0.999626,0.999622,0.999715,0,0,0,0
601,29,152,446,0.999787,0.999626,0.999622,0.999715,0,0,0,0
602,27,152,447,0.999787,0.999626,0.999622,0.999715,0,0,0,0
603,25,152,448,0.999787,0.999626,0.999622,0.999715,0,0,0,0
604,23,152,449,0.999787,0.999665,0.999661,0.999715,0,1,1,0
605,21,152,450,0.999787,0.999668,0.999665,0.999715,0,0,0,0
606,29,153,450,0.999787,0.999668,0.999665,0.999715,0,0,0,0
607,27,153,451,0.999809,0.999668,0.999700,0.999715,1,0,1,0
608,25,153,452,0.999811,0.999668,0.999703,0.999715,0,0,0,0
609,29,154,452,0.999811,0.999668,0.999703,0.999715,0,0,0,0
610,27,154,453,0.999811,0.999668,0.999703,0.999715,0,0,0,0
611,25,154,454,0.999811,0.999668,0.999703,0.999715,0,0,0,0
612,23,154,455,0.999831,0.999668,0.999703,0.999744,1,0,0,1
613,21,154,456,0.999832,0.999668,0.999703,0.999747,0,0,0,0
614,29,155,456,0.999832,0.999668,0.999703,0.999747,0,0,0,0
615,27,155,457,0.999832,0.999668,0.999703,0.999747,0,0,0,0
616,25,155,458,0.999832,0.999668,0.999703,0.999747,0,0,0,0
617,23,155,459,0.999832,0.999668,0.999703,0.999773,0,0,0,1
618,21,155,460,0.999832,0.999668,0.999703,0.999776,0,0,0,0
619,29,156,460,0.999832,0.999668,0.999703,0.999776,0,0,0,0
620,27,156,461,0.999832,0.999668,0.999703,0.999799,0,0,0,1
621,25,156,462,0.999850,0.999668,0.999703,0.999801,1,0,0,0
622,29,157,462,0.999867,0.999668,0.999703,0.999801,1,0,0,0
623,27,157,463,0.999868,0.999668,0.999703,0.999801,0,0,0,0
624,29,158,463,0.999868,0.999668,0.999703,0.999801,0,0,0,0
625,27,158,464,0.999868,0.999668,0.999703,0.999801,0,0,0,0
626,25,158,465,0.999868,0.999668,0.999703,0.999801,0,0,0,0
627,23,158,466,0.999868,0.999668,0.999703,0.999822,0,0,0,1
628,21,158,467,0.999868,0.999668,0.999734,0.999842,0,0,1,1
629,19,158,468,0.999868,0.999668,0.999737,0.999844,0,0,0,0
630,29,159,468,0.999868,0.999668,0.999737,0.999844,0,0,0,0
631,27,159,469,0.999868,0.999668,0.999737,0.999860,0,0,0,1
632,25,159,470,0.999882,0.999668,0.999737,0.999862,1,0,0,0
633,23,159,471,0.999895,0.999668,0.999764,0.999862,1,0,1,0
634,29,160,471,0.999907,0.999668,0.999791,0.999862,1,0,1,0
635,27,160,472,0.999908,0.999668,0.999793,0.999862,0,0,0,0
636,29,161,472,0.999908,0.999668,0.999793,0.999862,0,0,0,0
637,27,161,473,0.999908,0.999668,0.999793,0.999862,0,0,0,0
638,25,161,474,0.999908,0.999703,0.999793,0.999862,0,1,0,0
639,23,161,475,0.999908,0.999706,0.999815,0.999862,0,0,1,0
640,29,162,475,0.999908,0.999706,0.999836,0.999862,0,0,1,0
641,27,162,476,0.999908,0.999706,0.999837,0.999862,0,0,0,0
642,29,163,476,0.999908,0.999706,0.999837,0.999862,0,0,0,0
643,27,163,477,0.999908,0.999737,0.999854,0.999862,0,1,1,0
644,25,163,478,0.999908,0.999739,0.999856,0.999862,0,0,0,0
645,29,164,478,0.999908,0.999739,0.999856,0.999862,0,0,0,0
646,27,164,479,0.999908,0.999739,0.999871,0.999862,0,0,1,0
647,25,164,480,0.999908,0.999739,0.999872,0.999862,0,0,0,0
648,29,165,480,0.999908,0.999739,0.999872,0.999862,0,0,0,0
649,27,165,481,0.999908,0.999739,0.999872,0.999862,0,0,0,0
650,25,165,482,0.999908,0.999739,0.999872,0.999862,0,0,0,0
651,23,165,483,0.999908,0.999739,0.999872,0.999862,0,0,0,0
652,21,165,484,0.999908,0.999739,0.999872,0.999862,0,0,0,0
653,19,165,485,0.999908,0.999739,0.999872,0.999876,0,0,0,1
654,17,165,486,0.999908,0.999739,0.999872,0.999877,0,0,0,0
655,29,166,486,0.999908,0.999739,0.999872,0.999877,0,0,0,0
656,27,166,487,0.999908,0.999739,0.999872,0.999877,0,0,0,0
657,25,166,488,0.999908,0.999739,0.999872,0.999877,0,0,0,0
658,23,166,489,0.999908,0.999767,0.999872,0.999877,0,1,0,0
659,21,166,490,0.999908,0.999793,0.999872,0.999877,0,1,0,0
660,29,167,490,0.999908,0.999817,0.999872,0.999877,0,1,0,0
661,27,167,491,0.999908,0.999837,0.999886,0.999877,0,1,1,0
662,29,168,491,0.999908,0.999856,0.999899,0.999877,0,1,1,0
663,27,168,492,0.999908,0.999857,0.999900,0.999877,0,0,0,0
664,29,169,492,0.999908,0.999857,0.999900,0.999877,0,0,0,0
665,27,169,493,0.999918,0.999857,0.999910,0.999877,1,0,1,0
666,25,169,494,0.999919,0.999857,0.999911,0.999877,0,0,0,0
667,29,170,494,0.999919,0.999857,0.999911,0.999877,0,0,0,0
668,27,170,495,0.999919,0.999857,0.999911,0.999877,0,0,0,0
669,25,170,496,0.999919,0.999857,0.999911,0.999877,0,0,0,0
670,23,170,497,0.999919,0.999872,0.999920,0.999890,0,1,1,1
671,21,170,498,0.999919,0.999874,0.999921,0.999891,0,0,0,0
672,29,171,498,0.999919,0.999874,0.999921,0.999891,0,0,0,0
673,27,171,499,0.999919,0.999887,0.999921,0.999891,0,1,0,0
674,25,171,500,0.999919,0.999888,0.999921,0.999891,0,0,0,0
675,29,172,500,0.999919,0.999888,0.999921,0.999891,0,0,0,0
676,27,172,501,0.999919,0.999888,0.999921,0.999891,0,0,0,0
677,25,172,502,0.999919,0.999888,0.999921,0.999891,0,0,0,0
678,23,172,503,0.999927,0.999900,0.999921,0.999891,1,1,0,0
679,21,172,504,0.999935,0.999901,0.999921,0.999891,1,0,0,0
680,29,173,504,0.999943,0.999901,0.999921,0.999891,1,0,0,0
681,27,173,505,0.999943,0.999911,0.999921,0.999903,0,1,0,1
682,29,174,505,0.999943,0.999921,0.999921,0.999914,0,1,0,1
683,27,174,506,0.999943,0.999922,0.999921,0.999915,0,0,0,0
684,29,175,506,0.999943,0.999922,0.999921,0.999915,0,0,0,0
685,27,175,507,0.999943,0.999922,0.999921,0.999915,0,0,0,0
686,25,175,508,0.999943,0.999922,0.999921,0.999915,0,0,0,0
687,23,175,509,0.999943,0.999922,0.999921,0.999915,0,0,0,0
688,21,175,510,0.999949,0.999930,0.999921,0.999915,1,1,0,0
689,19,175,511,0.999955,0.999938,0.999921,0.999915,1,1,0,0
690,29,176,511,0.999960,0.999945,0.999921,0.999915,1,1,0,0
691,27,176,512,0.999961,0.999946,0.999929,0.999915,0,0,1,0
692,29,177,512,0.999961,0.999946,0.999937,0.999915,0,0,1,0
693,27,177,513,0.999961,0.999946,0.999938,0.999915,0,0,0,0
694,29,178,513,0.999961,0.999946,0.999938,0.999915,0,0,0,0
695,27,178,514,0.999961,0.999946,0.999938,0.999915,0,0,0,0
696,25,178,515,0.999965,0.999946,0.999938,0.999915,1,0,0,0
697,23,178,516,0.999965,0.999946,0.999938,0.999915,0,0,0,0
698,29,179,516,0.999965,0.999946,0.999938,0.999915,0,0,0,0
699,27,179,517,0.999969,0.999946,0.999938,0.999915,1,0,0,0
700,25,179,518,0.999969,0.999946,0.999938,0.999915,0,0,0,0
701,29,180,518,0.999969,0.999946,0.999938,0.999915,0,0,0,0
702,27,180,519,0.999969,0.999946,0.999938,0.999915,0,0,0,0
703,25,180,520,0.999969,0.999946,0.999938,0.999915,0,0,0,0
704,23,180,521,0.999969,0.999946,0.999938,0.999923,0,0,0,1
705,21,180,522,0.999969,0.999946,0.999938,0.999924,0,0,0,0
706,29,181,522,0.999969,0.999946,0.999938,0.999924,0,0,0,0
707,27,181,523,0.999969,0.999946,0.999938,0.999924,0,0,0,0
708,25,181,524,0.999969,0.999946,0.999938,0.999924,0,0,0,0
709,23,181,525,0.999969,0.999946,0.999938,0.999924,0,0,0,0
710,21,181,526,0.999969,0.999946,0.999938,0.999924,0,0,0,0
711,19,181,527,0.999969,0.999946,0.999938,0.999924,0,0,0,0
712,17,181,528,0.999969,0.999946,0.999945,0.999924,0,0,1,0
713,29,182,528,0.999969,0.999946,0.999951,0.999924,0,0,1,0
714,27,182,529,0.999969,0.999951,0.999951,0.999924,0,1,0,0
715,29,183,529,0.999969,0.999957,0.999951,0.999924,0,1,0,0
716,27,183,530,0.999969,0.999957,0.999951,0.999924,0,0,0,0
717,25,183,531,0.999969,0.999957,0.999951,0.999932,0,0,0,1
718,23,183,532,0.999969,0.999957,0.999951,0.999940,0,0,0,1
719,29,184,532,0.999969,0.999957,0.999951,0.999947,0,0,0,1
720,27,184,533,0.999969,0.999957,0.999956,0.999953,0,0,1,1
721,29,185,533,0.999969,0.999957,0.999961,0.999958,0,0,1,1
722,27,185,534,0.999969,0.999957,0.999962,0.999959,0,0,0,0
723,29,186,534,0.999969,0.999957,0.999962,0.999959,0,0,0,0
724,27,186,535,0.999969,0.999957,0.999966,0.999959,0,0,1,0
725,25,186,536,0.999969,0.999957,0.999966,0.999959,0,0,0,0
726,29,187,536,0.999969,0.999957,0.999966,0.999959,0,0,0,0
727,27,187,537,0.999969,0.999957,0.999970,0.999963,0,0,1,1
728,25,187,538,0.999969,0.999957,0.999970,0.999963,0,0,0,0
729,29,188,538,0.999969,0.999957,0.999970,0.999963,0,0,0,0
730,27,188,539,0.999969,0.999957,0.999970,0.999963,0,0,0,0
731,25,188,540,0.999969,0.999957,0.999970,0.999963,0,0,0,0
732,23,188,541,0.999972,0.999957,0.999970,0.999963,1,0,0,0
733,21,188,542,0.999973,0.999957,0.999970,0.999963,0,0,0,0
734,29,189,542,0.999973,0.999957,0.999970,0.999963,0,0,0,0
735,27,189,543,0.999973,0.999957,0.999970,0.999963,0,0,0,0
736,25,189,544,0.999973,0.999957,0.999970,0.999963,0,0,0,0
737,23,189,545,0.999973,0.999957,0.999970,0.999963,0,0,0,0
738,21,189,546,0.999973,0.999957,0.999970,0.999963,0,0,0,0
739,19,189,547,0.999973,0.999957,0.999970,0.999963,0,0,0,0
740,17,189,548,0.999973,0.999957,0.999970,0.999963,0,0,0,0
741,15,189,549,0.999973,0.999957,0.999970,0.999963,0,0,0,0
742,13,189,550,0.999973,0.999957,0.999970,0.999967,0,0,0,1
743,11,189,551,0.999973,0.999957,0.999973,0.999971,0,0,1,1
744,29,190,551,0.999973,0.999957,0.999976,0.999974,0,0,1,1
745,27,190,552,0.999973,0.999957,0.999976,0.999974,0,0,0,0
746,29,191,552,0.999973,0.999957,0.999976,0.999974,0,0,0,0
747,27,191,553,0.999975,0.999957,0.999979,0.999974,1,0,1,0
748,25,191,554,0.999976,0.999957,0.999979,0.999974,0,0,0,0
749,29,192,554,0.999976,0.999957,0.999979,0.999974,0,0,0,0
750,27,192,555,0.999976,0.999957,0.999979,0.999974,0,0,0,0
751,25,192,556,0.999976,0.999957,0.999979,0.999974,0,0,0,0
752,23,192,557,0.999976,0.999957,0.999979,0.999974,0,0,0,0
753,21,192,558,0.999976,0.999957,0.999979,0.999974,0,0,0,0
754,19,192,559,0.999976,0.999957,0.999979,0.999974,0,0,0,0
755,17,192,560,0.999976,0.999957,0.999979,0.999974,0,0,0,0
756,15,192,561,0.999978,0.999962,0.999981,0.999974,1,1,1,0
757,13,192,562,0.999981,0.999962,0.999981,0.999974,1,0,0,0
758,11,192,563,0.999981,0.999966,0.999983,0.999977,0,1,1,1
759,29,193,563,0.999981,0.999970,0.999985,0.999980,0,1,1,1
760,27,193,564,0.999981,0.999970,0.999985,0.999980,0,0,0,0
761,29,194,564,0.999981,0.999970,0.999985,0.999980,0,0,0,0
762,27,194,565,0.999983,0.999970,0.999987,0.999980,1,0,1,0
763,25,194,566,0.999983,0.999970,0.999987,0.999980,0,0,0,0
764,29,195,566,0.999983,0.999970,0.999987,0.999980,0,0,0,0
765,27,195,567,0.999983,0.999973,0.999987,0.999980,0,1,0,0
766,25,195,568,0.999983,0.999974,0.999987,0.999980,0,0,0,0
767,23,195,569,0.999983,0.999974,0.999987,0.999980,0,0,0,0
768,21,195,570,0.999983,0.999974,0.999987,0.999980,0,0,0,0
769,19,195,571,0.999983,0.999974,0.999987,0.999980,0,0,0,0
770,17,195,572,0.999983,0.999974,0.999987,0.999980,0,0,0,0
771,15,195,573,0.999983,0.999974,0.999987,0.999982,0,0,0,1
772,13,195,574,0.999985,0.999974,0.999987,0.999982,1,0,0,0
773,11,195,575,0.999985,0.999974,0.999988,0.999984,0,0,1,1
774,29,196,575,0.999985,0.999974,0.999990,0.999986,0,0,1,1
775,27,196,576,0.999985,0.999974,0.999990,0.999986,0,0,0,0
776,29,197,576,0.999985,0.999974,0.999990,0.999986,0,0,0,0
777,27,197,577,0.999985,0.999974,0.999990,0.999986,0,0,0,0
778,25,197,578,0.999985,0.999974,0.999990,0.999986,0,0,0,0
779,23,197,579,0.999985,0.999976,0.999990,0.999986,0,1,0,0
780,21,197,580,0.999985,0.999977,0.999991,0.999986,0,0,1,0
781,29,198,580,0.999985,0.999977,0.999992,0.999986,0,0,1,0
782,27,198,581,0.999985,0.999977,0.999992,0.999986,0,0,0,0
783,29,199,581,0.999985,0.999977,0.999992,0.999986,0,0,0,0
784,27,199,582,0.999985,0.999977,0.999992,0.999986,0,0,0,0
785,25,199,583,0.999985,0.999977,0.999992,0.999986,0,0,0,0
786,23,199,584,0.999985,0.999977,0.999992,0.999986,0,0,0,0
787,21,199,585,0.999985,0.999977,0.999992,0.999986,0,0,0,0
788,19,199,586,0.999985,0.999977,0.999992,0.999986,0,0,0,0
789,17,199,587,0.999985,0.999977,0.999992,0.999986,0,0,0,0
790,15,199,588,0.999985,0.999977,0.999992,0.999986,0,0,0,0
791,13,199,589,0.999987,0.999977,0.999992,0.999987,1,0,0,1
792,11,199,590,0.999987,0.999977,0.999992,0.999988,0,0,0,0
793,29,200,590,0.999987,0.999977,0.999992,0.999988,0,0,0,0
794,27,200,591,0.999987,0.999977,0.999992,0.999989,0,0,0,1
795,25,200,592,0.999987,0.999977,0.999992,0.999989,0,0,0,0
796,29,201,592,0.999987,0.999977,0.999992,0.999989,0,0,0,0
797,27,201,593,0.999987,0.999977,0.999992,0.999990,0,0,0,1
798,25,201,594,0.999987,0.999977,0.999993,0.999990,0,0,1,0
799,23,201,595,0.999988,0.999977,0.999993,0.999990,1,0,0,0
800,29,202,595,0.999989,0.999977,0.999993,0.999990,1,0,0,0
801,27,202,596,0.999990,0.999977,0.999993,0.999990,0,0,0,0
802,29,203,596,0.999990,0.999977,0.999993,0.999990,0,0,0,0
803,27,203,597,0.999990,0.999977,0.999993,0.999991,0,0,0,1
804,25,203,598,0.999990,0.999977,0.999993,0.999991,0,0,0,0
805,29,204,598,0.999990,0.999977,0.999993,0.999991,0,0,0,0
806,27,204,599,0.999990,0.999977,0.999993,0.999991,0,0,0,0
807,25,204,600,0.999990,0.999977,0.999993,0.999991,0,0,0,0
808,23,204,601,0.999990,0.999977,0.999993,0.999992,0,0,0,1
809,21,204,602,0.999990,0.999977,0.999993,0.999992,0,0,0,0
810,29,205,602,0.999990,0.999977,0.999993,0.999992,0,0,0,0
811,27,205,603,0.999990,0.999977,0.999993,0.999992,0,0,0,0
812,25,205,604,0.999991,0.999977,0.999993,0.999992,1,0,0,0
813,23,205,605,0.999991,0.999977,0.999993,0.999992,0,0,0,0
814,29,206,605,0.999991,0.999977,0.999993,0.999992,0,0,0,0
815,27,206,606,0.999991,0.999977,0.999993,0.999992,0,0,0,0
816,25,206,607,0.999991,0.999977,0.999993,0.999993,0,0,0,1
817,23,206,608,0.999991,0.999977,0.999993,0.999994,0,0,0,1
818,29,207,608,0.999991,0.999977,0.999993,0.999995,0,0,0,1
819,27,207,609,0.999992,0.999977,0.999993,0.999995,1,0,0,0
820,25,207,610,0.999993,0.999977,0.999994,0.999995,1,0,1,0
821,29,208,610,0.999993,0.999977,0.999994,0.999995,1,0,1,0
822,27,208,611,0.999994,0.999977,0.999994,0.999995,0,0,0,0
823,29,209,611,0.999994,0.999977,0.999994,0.999995,0,0,0,0
824,27,209,612,0.999994,0.999977,0.999994,0.999995,0,0,0,0
825,25,209,613,0.999994,0.999977,0.999994,0.999995,0,0,0,0
826,23,209,614,0.999994,0.999977,0.999995,0.999995,0,0,1,0
827,21,209,615,0.999994,0.999977,0.999995,0.999995,0,0,0,1
828,19,209,616,0.999994,0.999979,0.999996,0.999995,0,1,1,0
829,17,209,617,0.999994,0.999979,0.999996,0.999995,1,0,0,0
830,29,210,617,0.999995,0.999979,0.999996,0.999995,1,0,0,0
831,27,210,618,0.999995,0.999981,0.999996,0.999995,0,1,0,0
832,29,211,618,0.999995,0.999984,0.999996,0.999995,0,1,0,0
833,27,211,619,0.999995,0.999984,0.999996,0.999995,0,0,0,0
834,29,212,619,0.999995,0.999984,0.999996,0.999995,0,0,0,0
835,27,212,620,0.999995,0.999984,0.999996,0.999995,0,0,0,0
836,25,212,621,0.999995,0.999984,0.999996,0.999995,0,0,0,0
837,23,212,622,0.999995,0.999984,0.999996,0.999995,0,0,0,0
838,21,212,623,0.999995,0.999984,0.999996,0.999995,1,0,0,0
839,19,212,624,0.999996,0.999984,0.999996,0.999996,0,0,0,1
840,29,213,624,0.999996,0.999984,0.999996,0.999996,0,0,0,1
841,27,213,625,0.999996,0.999984,0.999996,0.999996,1,0,0,0
842,29,214,625,0.999996,0.999984,0.999996,0.999996,1,0,0,0
843,27,214,626,0.999997,0.999984,0.999996,0.999996,1,0,0,0
844,29,215,626,0.999997,0.999984,0.999996,0.999996,1,0,0,0
845,27,215,627,0.999997,0.999984,0.999996,0.999996,0,0,0,0
846,29,216,627,0.999997,0.999984,0.999996,0.999996,0,0,0,0
847,27,216,628,0.999997,0.999985,0.999996,0.999996,0,1,0,0
848,25,216,629,0.999997,0.999986,0.999996,0.999996,0,0,0,0
849,29,217,629,0.999997,0.999986,0.999996,0.999996,0,0,0,0
850,27,217,630,0.999997,0.999986,0.999996,0.999996,0,0,0,0
851,25,217,631,0.999997,0.999986,0.999996,0.999996,0,0,0,0
852,23,217,632,0.999997,0.999986,0.999996,0.999996,0,0,0,0
853,21,217,633,0.999997,0.999986,0.999996,0.999996,0,0,0,0
854,19,217,634,0.999997,0.999986,0.999996,0.999996,0,0,0,0
855,17,217,635,0.999997,0.999986,0.999996,0.999996,0,0,0,0
856,15,217,636,0.999997,0.999987,0.999996,0.999996,0,1,1,0
857,13,217,637,0.999997,0.999989,0.999996,0.999996,0,1,0,0
858,29,218,637,0.999998,0.999990,0.999996,0.999996,1,1,0,0
859,27,218,638,0.999998,0.999990,0.999996,0.999996,0,0,0,0
860,29,219,638,0.999998,0.999990,0.999996,0.999996,1,0,0,0
861,27,219,639,0.999998,0.999990,0.999996,0.999996,0,0,0,0
862,29,220,639,0.999998,0.999990,0.999996,0.999996,0,0,0,0
863,27,220,640,0.999998,0.999991,0.999996,0.999996,0,1,0,0
864,25,220,641,0.999998,0.999991,0.999996,0.999996,0,0,0,0
865,29,221,641,0.999998,0.999991,0.999996,0.999996,0,0,0,0
866,27,221,642,0.999998,0.999991,0.999996,0.999996,0,0,0,0
867,25,221,643,0.999998,0.999991,0.999997,0.999996,0,0,1,0
868,23,221,644,0.999998,0.999991,0.999997,0.999996,0,0,0,0
869,29,222,644,0.999998,0.999991,0.999997,0.999996,0,0,0,0
870,27,222,645,0.999998,0.999991,0.999997,0.999996,0,0,0,0
871,25,222,646,0.999998,0.999991,0.999997,0.999996,0,0,0,0
872,23,222,647,0.999998,0.999991,0.999997,0.999996,0,0,0,0
873,21,222,648,0.999998,0.999991,0.999997,0.999996,0,0,1,0
874,19,222,649,0.999998,0.999991,0.999997,0.999997,0,0,0,1
875,29,223,649,0.999998,0.999991,0.999997,0.999997,0,0,0,1
876,27,223,650,0.999998,0.999991,0.999997,0.999997,0,0,1,0
877,29,224,650,0.999998,0.999991,0.999998,0.999997,0,0,1,0
878,27,224,651,0.999998,0.999991,0.999998,0.999997,0,0,0,0
879,29,225,651,0.999998,0.999991,0.999998,0.999997,0,0,0,0
880,27,225,652,0.999998,0.999991,0.999998,0.999997,0,0,0,0
881,25,225,653,0.999998,0.999991,0.999998,0.999997,0,0,0,0
882,23,225,654,0.999998,0.999991,0.999998,0.999997,0,0,0,1
883,21,225,655,0.999998,0.999991,0.999998,0.999998,0,0,0,1
884,29,226,655,0.999998,0.999991,0.999998,0.999998,0,0,0,1
885,27,226,656,0.999998,0.999991,0.999998,0.999998,1,0,0,1
886,25,226,657,0.999998,0.999991,0.999998,0.999998,0,0,0,0
887,29,227,657,0.999998,0.999991,0.999998,0.999998,0,0,0,0
888,27,227,658,0.999998,0.999991,0.999998,0.999998,0,0,1,0
889,25,227,659,0.999998,0.999991,0.999998,0.999998,0,0,1,0
890,29,228,659,0.999998,0.999991,0.999998,0.999998,0,0,1,0
891,27,228,660,0.999998,0.999991,0.999998,0.999998,0,0,0,0
892,29,229,660,0.999998,0.999991,0.999998,0.999998,0,0,0,0
893,27,229,661,0.999998,0.999991,0.999998,0.999998,0,0,0,0
894,25,229,662,0.999998,0.999991,0.999998,0.999998,0,0,0,0
895,23,229,663,0.999998,0.999991,0.999998,0.999998,0,0,0,0
896,21,229,664,0.999998,0.999991,0.999998,0.999998,1,0,0,0
897,19,229,665,0.999998,0.999992,0.999998,0.999998,1,1,0,0
898,29,230,665,0.999999,0.999993,0.999998,0.999998,1,1,0,0
899,27,230,666,0.999999,0.999993,0.999998,0.999998,0,0,0,0
900,29,231,666,0.999999,0.999993,0.999998,0.999998,0,0,0,0
901,27,231,667,0.999999,0.999993,0.999999,0.999998,0,0,1,0
902,25,231,668,0.999999,0.999994,0.999999,0.999998,0,1,1,0
903,29,232,668,0.999999,0.999994,0.999999,0.999998,0,1,1,0
904,27,232,669,0.999999,0.999995,0.999999,0.999998,0,0,0,0
905,29,233,669,0.999999,0.999995,0.999999,0.999998,0,0,0,0
906,27,233,670,0.999999,0.999995,0.999999,0.999998,0,0,0,0
907,25,233,671,0.999999,0.999995,0.999999,0.999998,0,0,0,0
908,23,233,672,0.999999,0.999995,0.999999,0.999998,0,0,0,0
909,21,233,673,0.999999,0.999995,0.999999,0.999998,0,0,0,0
910,19,233,674,0.999999,0.999995,0.999999,0.999998,0,1,0,0
911,17,233,675,0.999999,0.999995,0.999999,0.999998,0,0,0,0
912,29,234,675,0.999999,0.999995,0.999999,0.999998,0,0,0,0
913,27,234,676,0.999999,0.999996,0.999999,0.999998,0,1,0,0
914,25,234,677,0.999999,0.999996,0.999999,0.999998,0,0,1,0
915,29,235,677,0.999999,0.999996,0.999999,0.999998,0,0,1,0
916,27,235,678,0.999999,0.999996,0.999999,0.999998,0,1,0,0
917,29,236,678,0.999999,0.999997,0.999999,0.999998,0,1,0,0
918,27,236,679,0.999999,0.999997,0.999999,0.999998,0,0,1,0
919,29,237,679,0.999999,0.999997,0.999999,0.999998,0,0,1,0
920,27,237,680,0.999999,0.999997,0.999999,0.999998,0,1,1,0
921,29,238,680,0.999999,0.999997,0.999999,0.999998,0,1,1,0
922,27,238,681,0.999999,0.999998,0.999999,0.999998,0,1,0,0
923,29,239,681,0.999999,0.999998,0.999999,0.999998,0,1,0,0
924,27,239,682,0.999999,0.999998,0.999999,0.999998,1,0,0,0
925,29,240,682,0.999999,0.999998,0.999999,0.999998,1,0,0,0
926,27,240,683,0.999999,0.999998,0.999999,0.999998,0,0,0,0
927,29,241,683,0.999999,0.999998,0.999999,0.999998,0,0,0,0
928,27,241,684,0.999999,0.999998,0.999999,0.999998,1,0,0,0
929,25,241,685,0.999999,0.999998,0.999999,0.999998,1,0,0,0
930,23,241,686,0.999999,0.999998,1.000000,0.999998,0,0,1,0
931,29,242,686,0.999999,0.999998,1.000000,0.999998,0,0,1,0
932,27,242,687,0.999999,0.999998,1.000000,0.999998,0,0,0,0
933,29,243,687,0.999999,0.999998,1.000000,0.999998,0,0,0,0
934,27,243,688,0.999999,0.999998,1.000000,0.999998,0,0,0,0
935,25,243,689,0.999999,0.999998,1.000000,0.999998,0,0,0,0
936,23,243,690,0.999999,0.999998,1.000000,0.999998,1,0,0,0
937,21,243,691,0.999999,0.999998,1.000000,0.999998,0,0,0,0
938,29,244,691,0.999999,0.999998,1.000000,0.999998,0,0,0,0
939,27,244,692,0.999999,0.999998,1.000000,0.999998,0,0,0,0
940,25,244,693,0.999999,0.999998,1.000000,0.999998,0,0,0,1
941,23,244,694,0.999999,0.999998,1.000000,0.999998,0,0,0,0
942,21,244,695,0.999999,0.999998,1.000000,0.999999,0,0,0,1
943,19,244,696,0.999999,0.999998,1.000000,0.999999,0,0,0,0
944,17,244,697,0.999999,0.999998,1.000000,0.999999,0,0,0,1
945,15,244,698,0.999999,0.999998,1.000000,0.999999,0,0,0,0
946,29,245,698,0.999999,0.999998,1.000000,0.999999,0,0,0,0
947,27,245,699,0.999999,0.999998,1.000000,0.999999,0,0,0,0
948,25,245,700,0.999999,0.999998,1.000000,0.999999,0,0,0,0
949,23,245,701,0.999999,0.999998,1.000000,0.999999,0,0,0,0
950,21,245,702,0.999999,0.999998,1.000000,0.999999,0,0,0,0
951,19,245,703,0.999999,0.999998,1.000000,0.999999,0,0,0,0
952,17,245,704,0.999999,0.999998,1.000000,0.999999,1,0,0,0
953,15,245,705,0.999999,0.999998,1.000000,0.999999,0,0,0,0
954,29,246,705,0.999999,0.999998,1.000000,0.999999,0,0,0,0
955,27,246,706,0.999999,0.999998,1.000000,0.999999,0,0,0,0
956,25,246,707,0.999999,0.999998,1.000000,0.999999,0,1,0,0
957,23,246,708,0.999999,0.999998,1.000000,0.999999,0,1,0,0
958,29,247,708,0.999999,0.999999,1.000000,0.999999,0,1,0,0
959,27,247,709,0.999999,0.999999,1.000000,0.999999,0,0,1,0
960,29,248,709,0.999999,0.999999,1.000000,0.999999,0,0,1,0
961,27,248,710,0.999999,0.999999,1.000000,0.999999,0,0,0,0
962,29,249,710,0.999999,0.999999,1.000000,0.999999,0,0,0,0
963,27,249,711,0.999999,0.999999,1.000000,0.999999,0,0,0,0
964,25,249,712,0.999999,0.999999,1.000000,0.999999,0,0,0,0
965,23,249,713,0.999999,0.999999,1.000000,0.999999,0,1,0,0
966,21,249,714,0.999999,0.999999,1.000000,0.999999,0,0,1,0
967,29,250,714,0.999999,0.999999,1.000000,0.999999,0,0,1,0
968,27,250,715,0.999999,0.999999,1.000000,0.999999,0,0,0,0
969,25,250,716,0.999999,0.999999,1.000000,0.999999,0,0,1,0
970,23,250,717,0.999999,0.999999,1.000000,0.999999,0,0,1,0
971,29,251,717,0.999999,0.999999,1.000000,0.999999,0,0,1,0
972,27,251,718,0.999999,0.999999,1.000000,0.999999,0,0,0,0
973,29,252,718,0.999999,0.999999,1.000000,0.999999,0,0,0,0
974,27,252,719,0.999999,0.999999,1.000000,0.999999,0,0,0,0
975,25,252,720,0.999999,0.999999,1.000000,0.999999,0,0,0,0
976,23,252,721,0.999999,0.999999,1.000000,0.999999,0,0,0,0
977,21,252,722,0.999999,0.999999,1.000000,0.999999,0,0,0,0
978,19,252,723,0.999999,0.999999,1.000000,0.999999,0,0,0,1
979,17,252,724,0.999999,0.999999,1.000000,0.999999,0,0,1,0
980,29,253,724,0.999999,0.999999,1.000000,0.999999,0,0,1,0
981,27,253,725,0.999999,0.999999,1.000000,0.999999,0,0,0,0
982,29,254,725,0.999999,0.999999,1.000000,0.999999,0,0,0,0
983,27,254,726,0.999999,0.999999,1.000000,0.999999,0,0,1,1
984,25,254,727,0.999999,0.999999,1.000000,0.999999,0,0,1,1
985,29,255,727,0.999999,0.999999,1.000000,0.999999,0,0,1,1
986,27,255,728,0.999999,0.999999,1.000000,0.999999,0,1,1,0
987,25,255,729,0.999999,0.999999,1.000000,0.999999,1,1,0,0
988,29,256,729,0.999999,0.999999,1.000000,0.999999,1,1,0,0
989,27,256,730,0.999999,0.999999,1.000000,0.999999,0,1,0,0
990,29,257,730,0.999999,0.999999,1.000000,0.999999,0,1,0,0
991,27,257,731,0.999999,0.999999,1.000000,0.999999,0,0,1,0
992,29,258,731,0.999999,0.999999,1.000000,0.999999,0,0,1,0
993,27,258,732,0.999999,0.999999,1.000000,0.999999,0,0,0,0
994,29,259,732,0.999999,0.999999,1.000000,0.999999,0,0,0,0
995,27,259,733,0.999999,0.999999,1.000000,0.999999,0,0,0,0
996,25,259,734,0.999999,0.999999,1.000000,0.999999,0,0,0,0
997,23,259,735,0.999999,0.999999,1.000000,0.999999,0,0,1,1
998,21,259,736,0.999999,0.999999,1.000000,0.999999,0,0,1,0
999,29,260,736,0.999999,0.999999,1.000000,0.999999,0,0,1,0
1000,27,260,737,0.999999,0.999999,1.000000,0.999999,0,0,0,0
1001,29,261,737,0.999999,0.999999,1.000000,0.999999,0,0,0,0
1002,27,261,738,0.999999,0.999999,1.000000,0.999999,0,0,0,0
1003,25,261,739,1.000000,0.999999,1.000000,0.999999,1,0,0,0
1004,23,261,740,1.000000,0.999999,1.000000,0.999999,0,0,0,0
1005,29,262,740,1.000000,0.999999,1.000000,0.999999,0,0,0,0
1006,27,262,741,1.000000,0.999999,1.000000,0.999999,0,0,0,0
1007,25,262,742,1.000000,0.999999,1.000000,0.999999,0,0,0,0
1008,23,262,743,1.000000,0.999999,1.000000,0.999999,0,0,0,0
1009,21,262,744,1.000000,0.999999,1.000000,0.999999,0,0,0,0
1010,19,262,745,1.000000,0.999999,1.000000,0.999999,0,0,0,0
1011,17,262,746,1.000000,0.999999,1.000000,0.999999,0,0,0,0
1012,15,262,747,1.000000,0.999999,1.000000,0.999999,0,0,0,0
1013,13,262,748,1.000000,0.999999,1.000000,0.999999,0,0,0,0
1014,11,262,749,1.000000,0.999999,1.000000,0.999999,0,0,0,0
1015,9,262,750,1.000000,0.999999,1.000000,0.999999,0,0,0,0
1016,7,262,751,1.000000,0.999999,1.000000,0.999999,0,0,0,0
1017,5,262,752,1.000000,0.999999,1.000000,0.999999,0,1,0,0
1018,3,262,753,1.000000,0.999999,1.000000,0.999999,1,0,0,0
1019,29,263,753,1.000000,0.999999,1.000000,0.999999,1,0,0,0
1020,27,263,754,1.000000,0.999999,1.000000,0.999999,0,0,0,0
1021,29,264,754,1.000000,0.999999,1.000000,0.999999,0,0,0,0
1022,27,264,755,1.000000,0.999999,1.000000,0.999999,0,0,0,0
1023,25,264,756,1.000000,0.999999,1.000000,0.999999,0,0,0,0
1024,23,264,757,1.000000,0.999999,1.000000,0.999999,0,0,0,0
1025,21,264,758,1.000000,0.999999,1.000000,0.999999,0,0,0,0
1026,19,264,759,1.000000,0.999999,1.000000,0.999999,0,0,0,0
1027,17,264,760,1.000000,0.999999,1.000000,0.999999,0,0,0,0
1028,15,264,761,1.000000,0.999999,1.000000,0.999999,0,0,0,0
1029,13,264,762,1.000000,0.999999,1.000000,0.999999,0,0,0,0
1030,11,264,763,1.000000,0.999999,1.000000,0.999999,0,0,0,0
1031,9,264,764,1.000000,0.999999,1.000000,0.999999,0,0,0,0
1032,7,264,765,1.000000,0.999999,1.000000,0.999999,0,1,0,0
1033,5,264,766,1.000000,0.999999,1.000000,0.999999,0,0,0,0
1034,29,265,766,1.000000,0.999999,1.000000,0.999999,0,0,0,0
1035,27,265,767,1.000000,0.999999,1.000000,0.999999,0,0,0,0
1036,25,265,768,1.000000,1.000000,1.000000,0.999999,0,1,0,0
1037,23,265,769,1.000000,1.000000,1.000000,0.999999,1,1,0,0
1038,29,266,769,1.000000,1.000000,1.000000,0.999999,1,1,0,0
1039,27,266,770,1.000000,1.000000,1.000000,0.999999,1,0,0,0
1040,29,267,770,1.000000,1.000000,1.000000,0.999999,1,0,0,0
1041,27,267,771,1.000000,1.000000,1.000000,0.999999,0,0,0,1
1042,29,268,771,1.000000,1.000000,1.000000,0.999999,0,0,0,1
1043,27,268,772,1.000000,1.000000,1.000000,0.999999,1,0,0,0
1044,29,269,772,1.000000,1.000000,1.000000,0.999999,1,0,0,0
1045,27,269,773,1.000000,1.000000,1.000000,1.000000,0,0,0,1
1046,29,270,773,1.000000,1.000000,1.000000,1.000000,0,0,0,1
1047,27,270,774,1.000000,1.000000,1.000000,1.000000,1,0,0,0
1048,29,271,774,1.000000,1.000000,1.000000,1.000000,1,0,0,0
1049,27,271,775,1.000000,1.000000,1.000000,1.000000,0,0,0,0
1050,29,272,775,1.000000,1.000000,1.000000,1.000000,0,0,0,0
1051,27,272,776,1.000000,1.000000,1.000000,1.000000,0,0,0,0
1052,25,272,777,1.000000,1.000000,1.000000,1.000000,0,0,0,0
1053,23,272,778,1.000000,1.000000,1.000000,1.000000,1,0,0,0
1054,21,272,779,1.000000,1.000000,1.000000,1.000000,0,0,0,0
1055,29,273,779,1.000000,1.000000,1.000000,1.000000,0,0,0,0
1056,27,273,780,1.000000,1.000000,1.000000,1.000000,0,0,0,0
1057,25,273,781,1.000000,1.000000,1.000000,1.000000,0,0,0,0
1058,23,273,782,1.000000,1.000000,1.000000,1.000000,0,0,0,0
1059,21,273,783,1.000000,1.000000,1.000000,1.000000,0,0,0,0
1060,19,273,784,1.000000,1.000000,1.000000,1.000000,0,0,0,0
1061,17,273,785,1.000000,1.000000,1.000000,1.000000,0,0,1,0
1062,15,273,786,1.000000,1.000000,1.000000,1.000000,0,0,0,0
1063,13,273,787,1.000000,1.000000,1.000000,1.000000,0,0,0,0
1064,11,273,788,1.000000,1.000000,1.000000,1.000000,0,0,0,0
1065,9,273,789,1.000000,1.000000,1.000000,1.000000,0,0,0,0
1066,7,273,790,1.000000,1.000000,1.000000,1.000000,0,0,0,0
1067,5,273,791,1.000000,1.000000,1.000000,1.000000,0,0,0,1
1068,3,273,792,1.000000,1.000000,1.000000,1.000000,0,0,0,0
1069,29,274,792,1.000000,1.000000,1.000000,1.000000,0,0,0,0
1070,27,274,793,1.000000,1.000000,1.000000,1.000000,0,0,0,0
1071,25,274,794,1.000000,1.000000,1.000000,1.000000,0,0,0,0
1072,23,274,795,1.000000,1.000000,1.000000,1.000000,1,0,0,0
1073,21,274,796,1.000000,1.000000,1.000000,1.000000,1,1,0,0
1074,29,275,796,1.000000,1.000000,1.000000,1.000000,1,1,0,0
1075,27,275,797,1.000000,1.000000,1.000000,1.000000,1,0,0,0
1076,29,276,797,1.000000,1.000000,1.000000,1.000000,1,0,0,0
1077,27,276,798,1.000000,1.000000,1.000000,1.000000,1,1,0,1
1078,29,277,798,1.000000,1.000000,1.000000,1.000000,1,1,0,1
1079,27,277,799,1.000000,1.000000,1.000000,1.000000,1,0,0,0
1080,29,278,799,1.000000,1.000000,1.000000,1.000000,1,0,0,0
1081,27,278,800,1.000000,1.000000,1.000000,1.000000,0,0,0,1
1082,25,278,801,1.000000,1.000000,1.000000,1.000000,0,1,0,1
1083,29,279,801,1.000000,1.000000,1.000000,1.000000,0,1,0,1
1084,27,279,802,1.000000,1.000000,1.000000,1.000000,0,0,1,0
1085,29,280,802,1.000000,1.000000,1.000000,1.000000,0,0,1,0
1086,27,280,803,1.000000,1.000000,1.000000,1.000000,0,1,0,0
1087,25,280,804,1.000000,1.000000,1.000000,1.000000,0,0,0,0
1088,29,281,804,1.000000,1.000000,1.000000,1.000000,0,0,0,0
1089,27,281,805,1.000000,1.000000,1.000000,1.000000,0,0,0,0
1090,25,281,806,1.000000,1.000000,1.000000,1.000000,0,0,1,0
1091,23,281,807,1.000000,1.000000,1.000000,1.000000,0,0,1,0
1092,21,281,808,1.000000,1.000000,1.000000,1.000000,1,1,0,0
1093,19,281,809,1.000000,1.000000,1.000000,1.000000,1,0,0,1
1094,29,282,809,1.000000,1.000000,1.000000,1.000000,1,0,0,1
1095,27,282,810,1.000000,1.000000,1.000000,1.000000,0,1,0,1
1096,29,283,810,1.000000,1.000000,1.000000,1.000000,0,1,0,1
1097,27,283,811,1.000000,1.000000,1.000000,1.000000,0,0,1,0
1098,29,284,811,1.000000,1.000000,1.000000,1.000000,0,0,1,0
1099,27,284,812,1.000000,1.000000,1.000000,1.000000,0,0,0,0
1100,25,284,813,1.000000,1.000000,1.000000,1.000000,1,0,1,0
1101,23,284,814,1.000000,1.000000,1.000000,1.000000,0,0,0,0
1102,29,285,814,1.000000,1.000000,1.000000,1.000000,0,0,0,0
1103,27,285,815,1.000000,1.000000,1.000000,1.000000,1,0,0,0
1104,25,285,816,1.000000,1.000000,1.000000,1.000000,0,0,0,0
1105,23,285,817,1.000000,1.000000,1.000000,1.000000,0,0,0,0
1106,21,285,818,1.000000,1.000000,1.000000,1.000000,0,0,1,0
1107,19,285,819,1.000000,1.000000,1.000000,1.000000,0,0,0,0
1108,29,286,819,1.000000,1.000000,1.000000,1.000000,0,0,0,0
1109,27,286,820,1.000000,1.000000,1.000000,1.000000,0,0,0,0
1110,25,286,821,1.000000,1.000000,1.000000,1.000000,0,0,0,0
1111,23,286,822,1.000000,1.000000,1.000000,1.000000,0,0,0,0
1112,21,286,823,1.000000,1.000000,1.000000,1.000000,0,0,0,0
1113,19,286,824,1.000000,1.000000,1.000000,1.000000,0,0,0,0
1114,17,286,825,1.000000,1.000000,1.000000,1.000000,0,0,0,0
1115,15,286,826,1.000000,1.000000,1.000000,1.000000,0,1,0,0
1116,13,286,827,1.000000,1.000000,1.000000,1.000000,0,0,0,0
1117,29,287,827,1.000000,1.000000,1.000000,1.000000,0,0,0,0
1118,27,287,828,1.000000,1.000000,1.000000,1.000000,0,1,0,0
1119,25,287,829,1.000000,1.000000,1.000000,1.000000,0,0,1,0
1120,29,288,829,1.000000,1.000000,1.000000,1.000000,0,0,1,0
1121,27,288,830,1.000000,1.000000,1.000000,1.000000,0,1,0,0
1122,29,289,830,1.000000,1.000000,1.000000,1.000000,0,1,0,0
1123,27,289,831,1.000000,1.000000,1.000000,1.000000,0,0,1,0
1124,29,290,831,1.000000,1.000000,1.000000,1.000000,0,0,1,0
1125,27,290,832,1.000000,1.000000,1.000000,1.000000,0,1,1,0
1126,25,290,833,1.000000,1.000000,1.000000,1.000000,0,0,1,1
1127,29,291,833,1.000000,1.000000,1.000000,1.000000,0,0,1,1
1128,27,291,834,1.000000,1.000000,1.000000,1.000000,0,0,0,1
1129,29,292,834,1.000000,1.000000,1.000000,1.000000,0,0,0,1
1130,27,292,835,1.000000,1.000000,1.000000,1.000000,1,0,0,0
1131,29,293,835,1.000000,1.000000,1.000000,1.000000,1,0,0,0
1132,27,293,836,1.000000,1.000000,1.000000,1.000000,0,0,0,0
1133,25,293,837,1.000000,1.000000,1.000000,1.000000,0,0,1,0
1134,23,293,838,1.000000,1.000000,1.000000,1.000000,0,0,0,0
1135,29,294,838,1.000000,1.000000,1.000000,1.000000,0,0,0,0
1136,27,294,839,1.000000,1.000000,1.000000,1.000000,0,1,0,0
1137,25,294,840,1.000000,1.000000,1.000000,1.000000,0,0,1,0
1138,29,295,840,1.000000,1.000000,1.000000,1.000000,0,0,1,0
1139,27,295,841,1.000000,1.000000,1.000000,1.000000,0,0,0,0
1140,29,296,841,1.000000,1.000000,1.000000,1.000000,0,0,0,0
1141,27,296,842,1.000000,1.000000,1.000000,1.000000,0,0,0,0
1142,25,296,843,1.000000,1.000000,1.000000,1.000000,0,0,0,0
1143,23,296,844,1.000000,1.000000,1.000000,1.000000,0,0,1,0
1144,21,296,845,1.000000,1.000000,1.000000,1.000000,0,0,0,0
1145,29,297,845,1.000000,1.000000,1.000000,1.000000,0,0,0,0
1146,27,297,846,1.000000,1.000000,1.000000,1.000000,0,0,0,0
1147,25,297,847,1.000000,1.000000,1.000000,1.000000,0,0,0,0
1148,23,297,848,1.000000,1.000000,1.000000,1.000000,0,0,0,0
1149,21,297,849,1.000000,1.000000,1.000000,1.000000,0,0,0,0
1150,19,297,850,1.000000,1.000000,1.000000,1.000000,0,0,0,0
1151,17,297,851,1.000000,1.000000,1.000000,1.000000,0,0,0,0
1152,15,297,852,1.000000,1.000000,1.000000,1.000000,0,0,0,0
1153,13,297,853,1.000000,1.000000,1.000000,1.000000,0,0,0,0
1154,11,297,854,1.000000,1.000000,1.000000,1.000000,1,0,0,0
1155,9,297,855,1.000000,1.000000,1.000000,1.000000,1,0,0,0
1156,29,298,855,1.000000,1.000000,1.000000,1.000000,1,0,0,0
1157,27,298,856,1.000000,1.000000,1.000000,1.000000,0,0,0,0
1158,29,299,856,1.000000,1.000000,1.000000,1.000000,0,0,0,0
1159,27,299,857,1.000000,1.000000,1.000000,1.000000,0,1,0,0
1160,25,299,858,1.000000,1.000000,1.000000,1.000000,0,0,0,0
1161,29,300,858,1.000000,1.000000,1.000000,1.000000,0,0,0,0
1162,27,300,859,1.000000,1.000000,1.000000,1.000000,0,0,0,0
1163,25,300,860,1.000000,1.000000,1.000000,1.000000,0,0,0,0
1164,23,300,861,1.000000,1.000000,1.000000,1.000000,0,0,0,0
1165,21,300,862,1.000000,1.000000,1.000000,1.000000,0,0,0,0
1166,19,300,863,1.000000,1.000000,1.000000,1.000000,0,0,0,0
1167,17,300,864,1.000000,1.000000,1.000000,1.000000,0,0,0,0
1168,15,300,865,1.000000,1.000000,1.000000,1.000000,0,0,0,0
1169,13,300,866,1.000000,1.000000,1.000000,1.000000,0,0,0,1
1170,11,300,867,1.000000,1.000000,1.000000,1.000000,0,0,0,0
1171,9,300,868,1.000000,1.000000,1.000000,1.000000,0,0,0,1
1172,7,300,869,1.000000,1.000000,1.000000,1.000000,0,0,0,0
1173,29,301,869,1.000000,1.000000,1.000000,1.000000,0,0,0,0
1174,27,301,870,1.000000,1.000000,1.000000,1.000000,1,0,0,0
1175,25,301,871,1.000000,1.000000,1.000000,1.000000,1,0,0,0
1176,23,301,872,1.000000,1.000000,1.000000,1.000000,0,0,1,0
1177,29,302,872,1.000000,1.000000,1.000000,1.000000,0,0,1,0
1178,27,302,873,1.000000,1.000000,1.000000,1.000000,0,0,0,0
1179,29,303,873,1.000000,1.000000,1.000000,1.000000,0,0,0,0
1180,27,303,874,1.000000,1.000000,1.000000,1.000000,0,0,0,0
1181,25,303,875,1.000000,1.000000,1.000000,1.000000,0,0,0,0
1182,23,303,876,1.000000,1.000000,1.000000,1.000000,0,0,0,0
1183,21,303,877,1.000000,1.000000,1.000000,1.000000,0,0,0,1
1184,19,303,878,1.000000,1.000000,1.000000,1.000000,0,0,0,0
1185,29,304,878,1.000000,1.000000,1.000000,1.000000,0,0,0,0
1186,27,304,879,1.000000,1.000000,1.000000,1.000000,0,0,0,0
1187,25,304,880,1.000000,1.000000,1.000000,1.000000,0,0,0,0
1188,23,304,881,1.000000,1.000000,1.000000,1.000000,0,0,0,0
1189,21,304,882,1.000000,1.000000,1.000000,1.000000,0,0,0,0
1190,19,304,883,1.000000,1.000000,1.000000,1.000000,0,0,0,0
1191,17,304,884,1.000000,1.000000,1.000000,1.000000,0,1,0,0
1192,15,304,885,1.000000,1.000000,1.000000,1.000000,1,1,0,0
1193,29,305,885,1.000000,1.000000,1.000000,1.000000,1,1,0,0
1194,27,305,886,1.000000,1.000000,1.000000,1.000000,1,1,0,0
1195,29,306,886,1.000000,1.000000,1.000000,1.000000,1,1,0,0
1196,27,306,887,1.000000,1.000000,1.000000,1.000000,0,0,0,1
1197,29,307,887,1.000000,1.000000,1.000000,1.000000,0,0,0,1
1198,27,307,888,1.000000,1.000000,1.000000,1.000000,1,0,0,0
1199,29,308,888,1.000000,1.000000,1.000000,1.000000,1,0,0,0
1200,27,308,889,1.000000,1.000000,1.000000,1.000000,0,0,0,0
1201,29,309,889,1.000000,1.000000,1.000000,1.000000,0,0,0,0
1202,27,309,890,1.000000,1.000000,1.000000,1.000000,0,0,0,0
1203,25,309,891,1.000000,1.000000,1.000000,1.000000,0,0,0,0
1204,23,309,892,1.000000,1.000000,1.000000,1.000000,0,0,0,0
1205,21,309,893,1.000000,1.000000,1.000000,1.000000,0,0,0,0
1206,19,309,894,1.000000,1.000000,1.000000,1.000000,0,0,0,0
1207,17,309,895,1.000000,1.000000,1.000000,1.000000,0,0,0,0
1208,15,309,896,1.000000,1.000000,1.000000,1.000000,0,0,0,0
1209,13,309,897,1.000000,1.000000,1.000000,1.000000,0,0,0,0
1210,11,309,898,1.000000,1.000000,1.000000,1.000000,0,0,0,1
1211,9,309,899,1.000000,1.000000,1.000000,1.000000,0,0,0,0
1212,29,310,899,1.000000,1.000000,1.000000,1.000000,0,0,0,0
1213,27,310,900,1.000000,1.000000,1.000000,1.000000,0,0,0,0
1214,25,310,901,1.000000,1.000000,1.000000,1.000000,0,1,0,0
1215,23,310,902,1.000000,1.000000,1.000000,1.000000,0,0,0,0
1216,29,311,902,1.000000,1.000000,1.000000,1.000000,0,0,0,0
1217,27,311,903,1.000000,1.000000,1.000000,1.000000,0,0,0,0
1218,25,311,904,1.000000,1.000000,1.000000,1.000000,0,0,0,0
1219,23,311,905,1.000000,1.000000,1.000000,1.000000,0,0,0,0
1220,21,311,906,1.000000,1.000000,1.000000,1.000000,1,1,0,0
1221,19,311,907,1.000000,1.000000,1.000000,1.000000,0,0,0,0
1222,29,312,907,1.000000,1.000000,1.000000,1.000000,0,0,0,0
1223,27,312,908,1.000000,1.000000,1.000000,1.000000,0,0,0,0
1224,25,312,909,1.000000,1.000000,1.000000,1.000000,0,0,0,0
1225,23,312,910,1.000000,1.000000,1.000000,1.000000,0,0,0,0
1226,21,312,911,1.000000,1.000000,1.000000,1.000000,0,0,0,0
1227,19,312,912,1.000000,1.000000,1.000000,1.000000,0,0,0,0
1228,17,312,913,1.000000,1.000000,1.000000,1.000000,0,0,0,0
1229,15,312,914,1.000000,1.000000,1.000000,1.000000,1,0,0,0
1230,13,312,915,1.000000,1.000000,1.000000,1.000000,1,1,0,0
1231,29,313,915,1.000000,1.000000,1.000000,1.000000,1,1,0,0
1232,27,313,916,1.000000,1.000000,1.000000,1.000000,1,0,0,0
1233,29,314,916,1.000000,1.000000,1.000000,1.000000,1,0,0,0
1234,27,314,917,1.000000,1.000000,1.000000,1.000000,1,0,0,0
1235,25,314,918,1.000000,1.000000,1.000000,1.000000,0,0,1,1
1236,23,314,919,1.000000,1.000000,1.000000,1.000000,1,0,0,0
1237,29,315,919,1.000000,1.000000,1.000000,1.000000,1,0,0,0
1238,27,315,920,1.000000,1.000000,1.000000,1.000000,0,0,0,1
1239,29,316,920,1.000000,1.000000,1.000000,1.000000,0,0,0,1
1240,27,316,921,1.000000,1.000000,1.000000,1.000000,0,0,0,0
1241,29,317,921,1.000000,1.000000,1.000000,1.000000,0,0,0,0
1242,27,317,922,1.000000,1.000000,1.000000,1.000000,0,0,0,0
1243,25,317,923,1.000000,1.000000,1.000000,1.000000,0,0,0,1
1244,23,317,924,1.000000,1.000000,1.000000,1.000000,0,0,0,0
1245,29,318,924,1.000000,1.000000,1.000000,1.000000,0,0,0,0
1246,27,318,925,1.000000,1.000000,1.000000,1.000000,1,0,0,0
1247,25,318,926,1.000000,1.000000,1.000000,1.000000,0,0,0,0
1248,29,319,926,1.000000,1.000000,1.000000,1.000000,0,0,0,0
1249,27,319,927,1.000000,1.000000,1.000000,1.000000,0,0,0,0
1250,25,319,928,1.000000,1.000000,1.000000,1.000000,0,0,0,0
1251,23,319,929,1.000000,1.000000,1.000000,1.000000,0,0,0,0
1252,21,319,930,1.000000,1.000000,1.000000,1.000000,0,0,0,0
1253,19,319,931,1.000000,1.000000,1.000000,1.000000,0,1,0,0
1254,17,319,932,1.000000,1.000000,1.000000,1.000000,0,0,1,0
1255,29,320,932,1.000000,1.000000,1.000000,1.000000,0,0,1,1
1256,27,320,933,1.000000,1.000000,1.000000,1.000000,0,0,0,0
1257,29,321,933,1.000000,1.000000,1.000000,1.000000,0,0,0,0
1258,27,321,934,1.000000,1.000000,1.000000,1.000000,0,0,0,0
1259,25,321,935,1.000000,1.000000,1.000000,1.000000,0,0,0,0
1260,23,321,936,1.000000,1.000000,1.000000,1.000000,0,0,0,0
1261,21,321,937,1.000000,1.000000,1.000000,1.000000,1,0,0,0
1262,19,321,938,1.000000,1.000000,1.000000,1.000000,0,0,0,0
1263,29,322,938,1.000000,1.000000,1.000000,1.000000,0,0,0,0
1264,27,322,939,1.000000,1.000000,1.000000,1.000000,0,0,0,0
1265,25,322,940,1.000000,1.000000,1.000000,1.000000,0,0,0,0
1266,23,322,941,1.000000,1.000000,1.000000,1.000000,0,0,0,1
1267,21,322,942,1.000000,1.000000,1.000000,1.000000,0,0,0,0
1268,29,323,942,1.000000,1.000000,1.000000,1.000000,0,0,0,0
1269,27,323,943,1.000000,1.000000,1.000000,1.000000,0,0,0,0
1270,25,323,944,1.000000,1.000000,1.000000,1.000000,0,0,0,0
1271,23,323,945,1.000000,1.000000,1.000000,1.000000,1,0,0,0
1272,21,323,946,1.000000,1.000000,1.000000,1.000000,1,0,0,0
1273,29,324,946,1.000000,1.000000,1.000000,1.000000,1,0,0,0
1274,27,324,947,1.000000,1.000000,1.000000,1.000000,0,0,0,1
1275,29,325,947,1.000000,1.000000,1.000000,1.000000,0,0,0,1
1276,27,325,948,1.000000,1.000000,1.000000,1.000000,0,0,0,0
1277,29,326,948,1.000000,1.000000,1.000000,1.000000,0,0,0,0
1278,27,326,949,1.000000,1.000000,1.000000,1.000000,0,0,0,0
1279,25,326,950,1.000000,1.000000,1.000000,1.000000,1,0,0,0
1280,23,326,951,1.000000,1.000000,1.000000,1.000000,0,0,0,1
1281,29,327,951,1.000000,1.000000,1.000000,1.000000,0,0,0,1
1282,27,327,952,1.000000,1.000000,1.000000,1.000000,0,0,0,0
1283,29,328,952,1.000000,1.000000,1.000000,1.000000,0,0,0,0
1284,27,328,953,1.000000,1.000000,1.000000,1.000000,0,0,0,0
1285,25,328,954,1.000000,1.000000,1.000000,1.000000,0,0,0,0
1286,23,328,955,1.000000,1.000000,1.000000,1.000000,0,0,0,0
1287,21,328,956,1.000000,1.000000,1.000000,1.000000,0,0,0,0
1288,19,328,957,1.000000,1.000000,1.000000,1.000000,0,0,0,0
1289,17,328,958,1.000000,1.000000,1.000000,1.000000,0,0,0,0
1290,15,328,959,1.000000,1.000000,1.000000,1.000000,0,0,0,0
1291,13,328,960,1.000000,1.000000,1.000000,1.000000,0,0,0,0
1292,11,328,961,1.000000,1.000000,1.000000,1.000000,0,1,0,0
1293,9,328,962,1.000000,1.000000,1.000000,1.000000,0,1,0,0
1294,29,329,962,1.000000,1.000000,1.000000,1.000000,0,1,0,0
1295,27,329,963,1.000000,1.000000,1.000000,1.000000,0,0,1,0
1296,29,330,963,1.000000,1.000000,1.000000,1.000000,0,0,1,0
1297,27,330,964,1.000000,1.000000,1.000000,1.000000,0,0,0,0
1298,29,331,964,1.000000,1.000000,1.000000,1.000000,0,0,0,0
1299,27,331,965,1.000000,1.000000,1.000000,1.000000,0,0,0,0
1300,25,331,966,1.000000,1.000000,1.000000,1.000000,0,0,0,0
1301,23,331,967,1.000000,1.000000,1.000000,1.000000,0,0,0,0
1302,21,331,968,1.000000,1.000000,1.000000,1.000000,0,0,0,1
1303,19,331,969,1.000000,1.000000,1.000000,1.000000,0,0,0,0
1304,29,332,969,1.000000,1.000000,1.000000,1.000000,0,0,0,0
1305,27,332,970,1.000000,1.000000,1.000000,1.000000,0,0,1,0
1306,25,332,971,1.000000,1.000000,1.000000,1.000000,0,0,0,0
1307,29,333,971,1.000000,1.000000,1.000000,1.000000,0,0,0,0
1308,27,333,972,1.000000,1.000000,1.000000,1.000000,0,1,0,0
1309,25,333,973,1.000000,1.000000,1.000000,1.000000,0,0,0,0
1310,23,333,974,1.000000,1.000000,1.000000,1.000000,0,0,0,1
1311,21,333,975,1.000000,1.000000,1.000000,1.000000,0,0,1,1
1312,19,333,976,1.000000,1.000000,1.000000,1.000000,1,0,0,0
1313,29,334,976,1.000000,1.000000,1.000000,1.000000,1,0,0,0
1314,27,334,977,1.000000,1.000000,1.000000,1.000000,0,0,0,1
1315,29,335,977,1.000000,1.000000,1.000000,1.000000,0,0,0,1
1316,27,335,978,1.000000,1.000000,1.000000,1.000000,0,0,0,0
1317,29,336,978,1.000000,1.000000,1.000000,1.000000,0,0,0,0
1318,27,336,979,1.000000,1.000000,1.000000,1.000000,0,0,0,0
1319,25,336,980,1.000000,1.000000,1.000000,1.000000,0,0,0,0
1320,23,336,981,1.000000,1.000000,1.000000,1.000000,0,0,0,0
1321,21,336,982,1.000000,1.000000,1.000000,1.000000,1,0,0,0
1322,19,336,983,1.000000,1.000000,1.000000,1.000000,0,0,0,0
1323,29,337,983,1.000000,1.000000,1.000000,1.000000,0,0,0,0
1324,27,337,984,1.000000,1.000000,1.000000,1.000000,0,0,0,0
1325,25,337,985,1.000000,1.000000,1.000000,1.000000,0,0,0,0
1326,23,337,986,1.000000,1.000000,1.000000,1.000000,0,0,0,0
1327,21,337,987,1.000000,1.000000,1.000000,1.000000,0,0,0,0
1328,19,337,988,1.000000,1.000000,1.000000,1.000000,0,0,0,0
1329,17,337,989,1.000000,1.000000,1.000000,1.000000,0,0,0,1
1330,15,337,990,1.000000,1.000000,1.000000,1.000000,0,0,0,0
1331,29,338,990,1.000000,1.000000,1.000000,1.000000,0,0,0,0
1332,27,338,991,1.000000,1.000000,1.000000,1.000000,0,0,0,0
1333,25,338,992,1.000000,1.000000,1.000000,1.000000,0,0,0,0
1334,23,338,993,1.000000,1.000000,1.000000,1.000000,0,0,0,0
1335,21,338,994,1.000000,1.000000,1.000000,1.000000,1,0,0,0
1336,19,338,995,1.000000,1.000000,1.000000,1.000000,0,0,0,0
1337,29,339,995,1.000000,1.000000,1.000000,1.000000,0,0,0,0
1338,27,339,996,1.000000,1.000000,1.000000,1.000000,0,0,0,0
1339,25,339,997,1.000000,1.000000,1.000000,1.000000,1,0,0,0
1340,23,339,998,1.000000,1.000000,1.000000,1.000000,0,0,0,0
1341,29,340,998,1.000000,1.000000,1.000000,1.000000,0,0,0,0
1342,27,340,999,1.000000,1.000000,1.000000,1.000000,0,0,0,0
1343,25,340,1000,1.000000,1.000000,1.000000,1.000000,1,0,0,0
1344,23,340,1001,1.000000,1.000000,1.000000,1.000000,1,0,0,0
1345,29,341,1001,1.000000,1.000000,1.000000,1.000000,1,0,0,0
1346,27,341,1002,1.000000,1.000000,1.000000,1.000000,0,0,0,0
1347,29,342,1002,1.000000,1.000000,1.000000,1.000000,0,0,0,0
1348,27,342,1003,1.000000,1.000000,1.000000,1.000000,0,0,0,1
1349,25,342,1004,1.000000,1.000000,1.000000,1.000000,0,1,0,1
1350,23,342,1005,1.000000,1.000000,1.000000,1.000000,0,1,0,0
1351,29,343,1005,1.000000,1.000000,1.000000,1.000000,0,1,0,0
1352,27,343,1006,1.000000,1.000000,1.000000,1.000000,1,0,1,0
1353,29,344,1006,1.000000,1.000000,1.000000,1.000000,1,0,1,0
1354,27,344,1007,1.000000,1.000000,1.000000,1.000000,0,0,0,0
1355,29,345,1007,1.000000,1.000000,1.000000,1.000000,0,0,0,0
1356,27,345,1008,1.000000,1.000000,1.000000,1.000000,0,0,0,0
1357,25,345,1009,1.000000,1.000000,1.000000,1.000000,0,0,0,0
1358,23,345,1010,1.000000,1.000000,1.000000,1.000000,0,1,0,0
1359,21,345,1011,1.000000,1.000000,1.000000,1.000000,1,1,0,0
1360,29,346,1011,1.000000,1.000000,1.000000,1.000000,1,1,0,0
1361,27,346,1012,1.000000,1.000000,1.000000,1.000000,0,0,0,0
1362,29,347,1012,1.000000,1.000000,1.000000,1.000000,0,0,0,0
1363,27,347,1013,1.000000,1.000000,1.000000,1.000000,0,0,0,1
1364,25,347,1014,1.000000,1.000000,1.000000,1.000000,0,0,0,1
1365,29,348,1014,1.000000,1.000000,1.000000,1.000000,0,0,0,1
1366,27,348,1015,1.000000,1.000000,1.000000,1.000000,1,0,0,0
1367,29,349,1015,1.000000,1.000000,1.000000,1.000000,1,0,0,0
1368,27,349,1016,1.000000,1.000000,1.000000,1.000000,0,0,0,0
1369,29,350,1016,1.000000,1.000000,1.000000,1.000000,0,0,0,0
1370,27,350,1017,1.000000,1.000000,1.000000,1.000000,1,0,0,0
1371,25,350,1018,1.000000,1.000000,1.000000,1.000000,0,0,0,0
1372,29,351,1018,1.000000,1.000000,1.000000,1.000000,0,0,0,0
1373,27,351,1019,1.000000,1.000000,1.000000,1.000000,0,1,0,0
1374,25,351,1020,1.000000,1.000000,1.000000,1.000000,0,1,1,0
1375,29,352,1020,1.000000,1.000000,1.000000,1.000000,0,1,1,0
1376,27,352,1021,1.000000,1.000000,1.000000,1.000000,0,1,1,0
1377,25,352,1022,1.000000,1.000000,1.000000,1.000000,0,0,0,1
1378,29,353,1022,1.000000,1.000000,1.000000,1.000000,0,0,0,1
1379,27,353,1023,1.000000,1.000000,1.000000,1.000000,0,0,1,0
1380,29,354,1023,1.000000,1.000000,1.000000,1.000000,0,0,1,0
1381,27,354,1024,1.000000,1.000000,1.000000,1.000000,0,0,0,1
1382,25,354,1025,1.000000,1.000000,1.000000,1.000000,0,1,0,0
1383,29,355,1025,1.000000,1.000000,1.000000,1.000000,0,1,0,0
1384,27,355,1026,1.000000,1.000000,1.000000,1.000000,0,0,0,0
1385,29,356,1026,1.000000,1.000000,1.000000,1.000000,0,0,0,0
1386,27,356,1027,1.000000,1.000000,1.000000,1.000000,0,0,0,0
1387,25,356,1028,1.000000,1.000000,1.000000,1.000000,0,0,0,0
1388,23,356,1029,1.000000,1.000000,1.000000,1.000000,0,0,0,0
1389,21,356,1030,1.000000,1.000000,1.000000,1.000000,0,0,0,0
1390,19,356,1031,1.000000,1.000000,1.000000,1.000000,0,1,0,1
1391,17,356,1032,1.000000,1.000000,1.000000,1.000000,0,0,0,0
1392,29,357,1032,1.000000,1.000000,1.000000,1.000000,0,0,0,0
1393,27,357,1033,1.000000,1.000000,1.000000,1.000000,0,0,0,0
1394,25,357,1034,1.000000,1.000000,1.000000,1.000000,1,0,1,0
1395,23,357,1035,1.000000,1.000000,1.000000,1.000000,0,1,0,0
1396,29,358,1035,1.000000,1.000000,1.000000,1.000000,0,1,0,0
1397,27,358,1036,1.000000,1.000000,1.000000,1.000000,1,1,0,0
1398,25,358,1037,1.000000,1.000000,1.000000,1.000000,0,0,1,0
1399,23,358,1038,1.000000,1.000000,1.000000,1.000000,1,1,0,0
1400,29,359,1038,1.000000,1.000000,1.000000,1.000000,1,1,0,0
1401,27,359,1039,1.000000,1.000000,1.000000,1.000000,0,0,0,0
1402,29,360,1039,1.000000,1.000000,1.000000,1.000000,0,0,0,0
1403,27,360,1040,1.000000,1.000000,1.000000,1.000000,0,0,0,0
1404,25,360,1041,1.000000,1.000000,1.000000,1.000000,0,1,0,0
1405,23,360,1042,1.000000,1.000000,1.000000,1.000000,0,0,0,0
1406,29,361,1042,1.000000,1.000000,1.000000,1.000000,0,0,0,0
1407,27,361,1043,1.000000,1.000000,1.000000,1.000000,0,0,0,0
1408,25,361,1044,1.000000,1.000000,1.000000,1.000000,0,0,0,0
1409,23,361,1045,1.000000,1.000000,1.000000,1.000000,0,0,0,0
1410,21,361,1046,1.000000,1.000000,1.000000,1.000000,0,0,1,0
1411,19,361,1047,1.000000,1.000000,1.000000,1.000000,0,0,0,0
1412,29,362,1047,1.000000,1.000000,1.000000,1.000000,0,0,0,0
1413,27,362,1048,1.000000,1.000000,1.000000,1.000000,0,0,1,0
1414,25,362,1049,1.000000,1.000000,1.000000,1.000000,0,1,1,1
1415,29,363,1049,1.000000,1.000000,1.000000,1.000000,0,1,1,1
1416,27,363,1050,1.000000,1.000000,1.000000,1.000000,0,0,0,0
1417,29,364,1050,1.000000,1.000000,1.000000,1.000000,0,0,0,0
1418,27,364,1051,1.000000,1.000000,1.000000,1.000000,1,0,0,0
1419,25,364,1052,1.000000,1.000000,1.000000,1.000000,1,0,0,0
1420,29,365,1052,1.000000,1.000000,1.000000,1.000000,1,0,0,0
1421,27,365,1053,1.000000,1.000000,1.000000,1.000000,1,0,0,0
1422,25,365,1054,1.000000,1.000000,1.000000,1.000000,1,1,0,0
1423,29,366,1054,1.000000,1.000000,1.000000,1.000000,1,1,0,0
1424,27,366,1055,1.000000,1.000000,1.000000,1.000000,0,0,0,0
1425,29,367,1055,1.000000,1.000000,1.000000,1.000000,0,0,0,0
1426,27,367,1056,1.000000,1.000000,1.000000,1.000000,0,0,0,0
1427,25,367,1057,1.000000,1.000000,1.000000,1.000000,0,0,0,0
1428,23,367,1058,1.000000,1.000000,1.000000,1.000000,0,0,1,0
1429,21,367,1059,1.000000,1.000000,1.000000,1.000000,0,0,0,0
1430,29,368,1059,1.000000,1.000000,1.000000,1.000000,0,0,0,0
1431,27,368,1060,1.000000,1.000000,1.000000,1.000000,0,0,0,1
1432,25,368,1061,1.000000,1.000000,1.000000,1.000000,0,0,0,0
1433,29,369,1061,1.000000,1.000000,1.000000,1.000000,0,0,0,0
1434,27,369,1062,1.000000,1.000000,1.000000,1.000000,0,0,0,0
1435,25,369,1063,1.000000,1.000000,1.000000,1.000000,0,0,0,0
1436,23,369,1064,1.000000,1.000000,1.000000,1.000000,0,0,0,0
1437,21,369,1065,1.000000,1.000000,1.000000,1.000000,0,1,0,0
1438,19,369,1066,1.000000,1.000000,1.000000,1.000000,0,0,0,0
1439,29,370,1066,1.000000,1.000000,1.000000,1.000000,1,0,0,0
1440,27,370,1067,1.000000,1.000000,1.000000,1.000000,0,0,0,0
1441,29,371,1067,1.000000,1.000000,1.000000,1.000000,0,0,0,0
1442,27,371,1068,1.000000,1.000000,1.000000,1.000000,0,0,0,0
1443,25,371,1069,1.000000,1.000000,1.000000,1.000000,0,0,0,0
1444,23,371,1070,1.000000,1.000000,1.000000,1.000000,0,0,1,0
1445,21,371,1071,1.000000,1.000000,1.000000,1.000000,0,1,1,1
1446,29,372,1071,1.000000,1.000000,1.000000,1.000000,0,1,1,1
1447,27,372,1072,1.000000,1.000000,1.000000,1.000000,0,0,0,0
1448,29,373,1072,1.000000,1.000000,1.000000,1.000000,0,0,0,0
1449,27,373,1073,1.000000,1.000000,1.000000,1.000000,1,0,0,0
1450,25,373,1074,1.000000,1.000000,1.000000,1.000000,1,0,0,0
1451,29,374,1074,1.000000,1.000000,1.000000,1.000000,1,0,0,0
1452,27,374,1075,1.000000,1.000000,1.000000,1.000000,0,0,0,0
1453,29,375,1075,1.000000,1.000000,1.000000,1.000000,0,0,0,1
1454,27,375,1076,1.000000,1.000000,1.000000,1.000000,0,0,0,1
1455,29,376,1076,1.000000,1.000000,1.000000,1.000000,1,0,0,1
1456,27,376,1077,1.000000,1.000000,1.000000,1.000000,0,0,0,0
1457,29,377,1077,1.000000,1.000000,1.000000,1.000000,0,0,0,0
1458,27,377,1078,1.000000,1.000000,1.000000,1.000000,0,0,0,0
1459,25,377,1079,1.000000,1.000000,1.000000,1.000000,0,0,0,0
1460,23,377,1080,1.000000,1.000000,1.000000,1.000000,0,0,0,0
1461,21,377,1081,1.000000,1.000000,1.000000,1.000000,0,0,0,0
1462,19,377,1082,1.000000,1.000000,1.000000,1.000000,0,0,0,0
1463,17,377,1083,1.000000,1.000000,1.000000,1.000000,0,0,0,0
1464,15,377,1084,1.000000,1.000000,1.000000,1.000000,0,0,0,1
1465,13,377,1085,1.000000,1.000000,1.000000,1.000000,0,0,0,0
1466,29,378,1085,1.000000,1.000000,1.000000,1.000000,0,0,0,0
1467,27,378,1086,1.000000,1.000000,1.000000,1.000000,0,0,0,0
1468,25,378,1087,1.000000,1.000000,1.000000,1.000000,0,0,0,0
1469,23,378,1088,1.000000,1.000000,1.000000,1.000000,0,0,0,0
1470,21,378,1089,1.000000,1.000000,1.000000,1.000000,0,0,0,0
1471,19,378,1090,1.000000,1.000000,1.000000,1.000000,0,1,0,0
1472,17,378,1091,1.000000,1.000000,1.000000,1.000000,0,0,1,0
1473,15,378,1092,1.000000,1.000000,1.000000,1.000000,1,1,0,0
1474,29,379,1092,1.000000,1.000000,1.000000,1.000000,1,1,0,0
1475,27,379,1093,1.000000,1.000000,1.000000,1.000000,0,0,0,0
1476,29,380,1093,1.000000,1.000000,1.000000,1.000000,0,0,0,0
1477,27,380,1094,1.000000,1.000000,1.000000,1.000000,0,0,1,0
1478,25,380,1095,1.000000,1.000000,1.000000,1.000000,0,0,1,0
1479,29,381,1095,1.000000,1.000000,1.000000,1.000000,0,0,1,0
1480,27,381,1096,1.000000,1.000000,1.000000,1.000000,0,0,0,0
1481,29,382,1096,1.000000,1.000000,1.000000,1.000000,0,0,0,0
1482,27,382,1097,1.000000,1.000000,1.000000,1.000000,0,0,0,1
1483,25,382,1098,1.000000,1.000000,1.000000,1.000000,0,0,0,1
1484,23,382,1099,1.000000,1.000000,1.000000,1.000000,0,1,1,1
1485,29,383,1099,1.000000,1.000000,1.000000,1.000000,0,1,1,1
1486,27,383,1100,1.000000,1.000000,1.000000,1.000000,0,0,0,1
1487,29,384,1100,1.000000,1.000000,1.000000,1.000000,0,0,0,1
1488,27,384,1101,1.000000,1.000000,1.000000,1.000000,1,0,0,0
1489,29,385,1101,1.000000,1.000000,1.000000,1.000000,1,0,0,0
1490,27,385,1102,1.000000,1.000000,1.000000,1.000000,0,0,0,0
1491,29,386,1102,1.000000,1.000000,1.000000,1.000000,0,0,0,0
1492,27,386,1103,1.000000,1.000000,1.000000,1.000000,0,0,0,1
1493,25,386,1104,1.000000,1.000000,1.000000,1.000000,0,0,0,0
1494,29,387,1104,1.000000,1.000000,1.000000,1.000000,0,0,0,0
1495,27,387,1105,1.000000,1.000000,1.000000,1.000000,0,0,0,1
1496,25,387,1106,1.000000,1.000000,1.000000,1.000000,0,0,0,0
1497,29,388,1106,1.000000,1.000000,1.000000,1.000000,0,0,0,0
1498,27,388,1107,1.000000,1.000000,1.000000,1.000000,0,0,0,0
1499,25,388,1108,1.000000,1.000000,1.000000,1.000000,0,0,0,0
1500,23,388,1109,1.000000,1.000000,1.000000,1.000000,0,0,0,0
1501,21,388,1110,1.000000,1.000000,1.000000,1.000000,0,0,0,0
1502,19,388,1111,1.000000,1.000000,1.000000,1.000000,0,0,0,0
1503,17,388,1112,1.000000,1.000000,1.000000,1.000000,0,0,0,0
1504,15,388,1113,1.000000,1.000000,1.000000,1.000000,1,0,0,0
1505,13,388,1114,1.000000,1.000000,1.000000,1.000000,1,0,0,0
1506,11,388,1115,1.000000,1.000000,1.000000,1.000000,0,1,0,1
1507,29,389,1115,1.000000,1.000000,1.000000,1.000000,0,1,0,1
1508,27,389,1116,1.000000,1.000000,1.000000,1.000000,0,0,0,0
1509,25,389,1117,1.000000,1.000000,1.000000,1.000000,0,0,1,0
1510,23,389,1118,1.000000,1.000000,1.000000,1.000000,0,0,0,0
1511,29,390,1118,1.000000,1.000000,1.000000,1.000000,0,0,0,0
1512,27,390,1119,1.000000,1.000000,1.000000,1.000000,0,0,0,0
1513,25,390,1120,1.000000,1.000000,1.000000,1.000000,0,0,0,0
1514,23,390,1121,1.000000,1.000000,1.000000,1.000000,0,0,0,0
1515,21,390,1122,1.000000,1.000000,1.000000,1.000000,0,0,0,0
1516,19,390,1123,1.000000,1.000000,1.000000,1.000000,0,0,0,0
1517,17,390,1124,1.000000,1.000000,1.000000,1.000000,0,0,0,0
1518,15,390,1125,1.000000,1.000000,1.000000,1.000000,0,0,0,0
1519,13,390,1126,1.000000,1.000000,1.000000,1.000000,0,1,0,0
1520,11,390,1127,1.000000,1.000000,1.000000,1.000000,0,0,0,0
1521,29,391,1127,1.000000,1.000000,1.000000,1.000000,0,0,0,0
1522,27,391,1128,1.000000,1.000000,1.000000,1.000000,0,0,0,0
1523,25,391,1129,1.000000,1.000000,1.000000,1.000000,0,0,0,1
1524,23,391,1130,1.000000,1.000000,1.000000,1.000000,1,0,0,0
1525,29,392,1130,1.000000,1.000000,1.000000,1.000000,1,0,0,0
1526,27,392,1131,1.000000,1.000000,1.000000,1.000000,0,0,0,0
1527,29,393,1131,1.000000,1.000000,1.000000,1.000000,0,0,0,0
1528,27,393,1132,1.000000,1.000000,1.000000,1.000000,0,0,0,0
1529,25,393,1133,1.000000,1.000000,1.000000,1.000000,0,0,0,0
1530,23,393,1134,1.000000,1.000000,1.000000,1.000000,1,0,0,0
1531,21,393,1135,1.000000,1.000000,1.000000,1.000000,0,0,0,0
1532,19,393,1136,1.000000,1.000000,1.000000,1.000000,0,0,1,0
1533,17,393,1137,1.000000,1.000000,1.000000,1.000000,0,0,0,0
1534,15,393,1138,1.000000,1.000000,1.000000,1.000000,0,0,0,0
1535,13,393,1139,1.000000,1.000000,1.000000,1.000000,0,0,0,0
1536,11,393,1140,1.000000,1.000000,1.000000,1.000000,0,1,0,0
1537,9,393,1141,1.000000,1.000000,1.000000,1.000000,0,0,0,0
1538,29,394,1141,1.000000,1.000000,1.000000,1.000000,0,0,0,0
1539,27,394,1142,1.000000,1.000000,1.000000,1.000000,0,0,0,0
1540,25,394,1143,1.000000,1.000000,1.000000,1.000000,1,0,0,1
1541,23,394,1144,1.000000,1.000000,1.000000,1.000000,0,0,0,0
1542,29,395,1144,1.000000,1.000000,1.000000,1.000000,0,0,0,0
1543,27,395,1145,1.000000,1.000000,1.000000,1.000000,0,0,1,1
1544,25,395,1146,1.000000,1.000000,1.000000,1.000000,0,0,0,0
1545,29,396,1146,1.000000,1.000000,1.000000,1.000000,0,0,0,0
1546,27,396,1147,1.000000,1.000000,1.000000,1.000000,0,0,1,0
1547,25,396,1148,1.000000,1.000000,1.000000,1.000000,0,0,0,0
1548,29,397,1148,1.000000,1.000000,1.000000,1.000000,0,0,0,0
1549,27,397,1149,1.000000,1.000000,1.000000,1.000000,0,0,0,0
1550,25,397,1150,1.000000,1.000000,1.000000,1.000000,0,0,0,0
1551,23,397,1151,1.000000,1.000000,1.000000,1.000000,0,0,0,0
1552,21,397,1152,1.000000,1.000000,1.000000,1.000000,0,1,0,0
1553,19,397,1153,1.000000,1.000000,1.000000,1.000000,0,0,0,0
1554,29,398,1153,1.000000,1.000000,1.000000,1.000000,0,0,0,0
1555,27,398,1154,1.000000,1.000000,1.000000,1.000000,0,0,0,0
1556,25,398,1155,1.000000,1.000000,1.000000,1.000000,0,0,0,0
1557,23,398,1156,1.000000,1.000000,1.000000,1.000000,0,0,0,0
1558,21,398,1157,1.000000,1.000000,1.000000,1.000000,0,0,0,0
1559,19,398,1158,1.000000,1.000000,1.000000,1.000000,0,0,0,0
1560,17,398,1159,1.000000,1.000000,1.000000,1.000000,0,0,0,0
1561,15,398,1160,1.000000,1.000000,1.000000,1.000000,0,0,0,0
1562,13,398,1161,1.000000,1.000000,1.000000,1.000000,1,0,0,0
1563,11,398,1162,1.000000,1.000000,1.000000,1.000000,0,0,0,0
1564,29,399,1162,1.000000,1.000000,1.000000,1.000000,0,0,0,0
1565,27,399,1163,1.000000,1.000000,1.000000,1.000000,1,0,0,1
1566,25,399,1164,1.000000,1.000000,1.000000,1.000000,0,0,0,0
1567,29,400,1164,1.000000,1.000000,1.000000,1.000000,0,0,0,0
1568,27,400,1165,1.000000,1.000000,1.000000,1.000000,0,1,0,0
1569,25,400,1166,1.000000,1.000000,1.000000,1.000000,0,0,0,0
1570,23,400,1167,1.000000,1.000000,1.000000,1.000000,0,1,0,0
1571,21,400,1168,1.000000,1.000000,1.000000,1.000000,0,0,0,0
1572,29,401,1168,1.000000,1.000000,1.000000,1.000000,0,0,0,0
1573,27,401,1169,1.000000,1.000000,1.000000,1.000000,0,0,0,0
1574,25,401,1170,1.000000,1.000000,1.000000,1.000000,0,0,0,0
1575,23,401,1171,1.000000,1.000000,1.000000,1.000000,0,0,0,0
1576,21,401,1172,1.000000,1.000000,1.000000,1.000000,0,0,0,0
1577,19,401,1173,1.000000,1.000000,1.000000,1.000000,0,0,0,0
1578,17,401,1174,1.000000,1.000000,1.000000,1.000000,0,0,0,0
1579,15,401,1175,1.000000,1.000000,1.000000,1.000000,0,0,0,0
1580,13,401,1176,1.000000,1.000000,1.000000,1.000000,0,0,0,0
1581,11,401,1177,1.000000,1.000000,1.000000,1.000000,0,0,0,0
1582,9,401,1178,1.000000,1.000000,1.000000,1.000000,0,0,1,0
1583,7,401,1179,1.000000,1.000000,1.000000,1.000000,0,0,1,0
1584,29,402,1179,1.000000,1.000000,1.000000,1.000000,0,0,1,0
1585,27,402,1180,1.000000,1.000000,1.000000,1.000000,0,0,0,0
1586,29,403,1180,1.000000,1.000000,1.000000,1.000000,0,0,0,0
1587,27,403,1181,1.000000,1.000000,1.000000,1.000000,0,1,1,0
1588,25,403,1182,1.000000,1.000000,1.000000,1.000000,0,0,0,0
1589,29,404,1182,1.000000,1.000000,1.000000,1.000000,0,0,0,0
1590,27,404,1183,1.000000,1.000000,1.000000,1.000000,0,0,0,1
1591,25,404,1184,1.000000,1.000000,1.000000,1.000000,0,0,1,0
1592,29,405,1184,1.000000,1.000000,1.000000,1.000000,0,0,1,0
1593,27,405,1185,1.000000,1.000000,1.000000,1.000000,0,0,1,1
1594,29,406,1185,1.000000,1.000000,1.000000,1.000000,0,0,1,1
1595,27,406,1186,1.000000,1.000000,1.000000,1.000000,0,0,0,0
1596,29,407,1186,1.000000,1.000000,1.000000,1.000000,0,0,0,0
1597,27,407,1187,1.000000,1.000000,1.000000,1.000000,0,0,0,1
1598,25,407,1188,1.000000,1.000000,1.000000,1.000000,0,0,0,0
1599,29,408,1188,1.000000,1.000000,1.000000,1.000000,0,0,0,0
1600,27,408,1189,1.000000,1.000000,1.000000,1.000000,0,0,0,0
1601,25,408,1190,1.000000,1.000000,1.000000,1.000000,0,0,0,0
1602,23,408,1191,1.000000,1.000000,1.000000,1.000000,0,0,0,0
1603,21,408,1192,1.000000,1.000000,1.000000,1.000000,0,0,0,0
1604,19,408,1193,1.000000,1.000000,1.000000,1.000000,1,0,0,0
1605,17,408,1194,1.000000,1.000000,1.000000,1.000000,0,0,0,0
1606,29,409,1194,1.000000,1.000000,1.000000,1.000000,0,0,0,0
1607,27,409,1195,1.000000,1.000000,1.000000,1.000000,0,0,1,0
1608,25,409,1196,1.000000,1.000000,1.000000,1.000000,0,0,1,0
1609,29,410,1196,1.000000,1.000000,1.000000,1.000000,0,0,1,0
1610,27,410,1197,1.000000,1.000000,1.000000,1.000000,0,0,1,0
1611,25,410,1198,1.000000,1.000000,1.000000,1.000000,1,0,0,0
1612,29,411,1198,1.000000,1.000000,1.000000,1.000000,1,0,0,0
1613,27,411,1199,1.000000,1.000000,1.000000,1.000000,0,0,0,1
1614,29,412,1199,1.000000,1.000000,1.000000,1.000000,0,0,0,1
1615,27,412,1200,1.000000,1.000000,1.000000,1.000000,0,0,0,0
1616,29,413,1200,1.000000,1.000000,1.000000,1.000000,0,0,0,0
1617,27,413,1201,1.000000,1.000000,1.000000,1.000000,0,0,0,0
1618,25,413,1202,1.000000,1.000000,1.000000,1.000000,0,0,0,0
1619,23,413,1203,1.000000,1.000000,1.000000,1.000000,0,0,0,0
1620,21,413,1204,1.000000,1.000000,1.000000,1.000000,0,0,0,0
1621,19,413,1205,1.000000,1.000000,1.000000,1.000000,0,1,0,0
1622,17,413,1206,1.000000,1.000000,1.000000,1.000000,0,0,1,0
1623,29,414,1206,1.000000,1.000000,1.000000,1.000000,0,0,1,0
1624,27,414,1207,1.000000,1.000000,1.000000,1.000000,0,1,0,0
1625,25,414,1208,1.000000,1.000000,1.000000,1.000000,1,0,0,0
1626,29,415,1208,1.000000,1.000000,1.000000,1.000000,1,0,0,0
1627,27,415,1209,1.000000,1.000000,1.000000,1.000000,0,0,0,0
1628,29,416,1209,1.000000,1.000000,1.000000,1.000000,0,0,0,0
1629,27,416,1210,1.000000,1.000000,1.000000,1.000000,0,0,0,0
1630,25,416,1211,1.000000,1.000000,1.000000,1.000000,0,0,0,0
1631,23,416,1212,1.000000,1.000000,1.000000,1.000000,0,0,0,1
1632,21,416,1213,1.000000,1.000000,1.000000,1.000000,0,0,0,0
1633,29,417,1213,1.000000,1.000000,1.000000,1.000000,0,0,0,0
1634,27,417,1214,1.000000,1.000000,1.000000,1.000000,0,0,0,0
1635,25,417,1215,1.000000,1.000000,1.000000,1.000000,0,0,1,0
1636,23,417,1216,1.000000,1.000000,1.000000,1.000000,0,0,0,1
1637,29,418,1216,1.000000,1.000000,1.000000,1.000000,0,0,0,1
1638,27,418,1217,1.000000,1.000000,1.000000,1.000000,0,0,1,0
1639,29,419,1217,1.000000,1.000000,1.000000,1.000000,0,0,1,0
1640,27,419,1218,1.000000,1.000000,1.000000,1.000000,0,0,1,0
1641,29,420,1218,1.000000,1.000000,1.000000,1.000000,0,0,1,0
1642,27,420,1219,1.000000,1.000000,1.000000,1.000000,0,0,1,0
1643,29,421,1219,1.000000,1.000000,1.000000,1.000000,0,0,1,0
1644,27,421,1220,1.000000,1.000000,1.000000,1.000000,0,1,0,0
1645,29,422,1220,1.000000,1.000000,1.000000,1.000000,0,1,0,0
1646,27,422,1221,1.000000,1.000000,1.000000,1.000000,0,0,1,0
1647,29,423,1221,1.000000,1.000000,1.000000,1.000000,0,0,1,0
1648,27,423,1222,1.000000,1.000000,1.000000,1.000000,0,1,0,0
1649,29,424,1222,1.000000,1.000000,1.000000,1.000000,0,1,0,0
1650,27,424,1223,1.000000,1.000000,1.000000,1.000000,0,0,0,0
1651,29,425,1223,1.000000,1.000000,1.000000,1.000000,0,0,0,0
1652,27,425,1224,1.000000,1.000000,1.000000,1.000000,0,0,0,0
1653,25,425,1225,1.000000,1.000000,1.000000,1.000000,0,0,0,0
1654,23,425,1226,1.000000,1.000000,1.000000,1.000000,0,0,1,0
1655,21,425,1227,1.000000,1.000000,1.000000,1.000000,0,0,0,0
1656,29,426,1227,1.000000,1.000000,1.000000,1.000000,0,0,0,0
1657,27,426,1228,1.000000,1.000000,1.000000,1.000000,0,0,1,0
1658,25,426,1229,1.000000,1.000000,1.000000,1.000000,0,0,1,0
1659,29,427,1229,1.000000,1.000000,1.000000,1.000000,0,0,1,0
1660,27,427,1230,1.000000,1.000000,1.000000,1.000000,0,0,0,0
1661,29,428,1230,1.000000,1.000000,1.000000,1.000000,0,0,0,0
1662,27,428,1231,1.000000,1.000000,1.000000,1.000000,0,0,0,1
1663,25,428,1232,1.000000,1.000000,1.000000,1.000000,0,0,0,0
1664,29,429,1232,1.000000,1.000000,1.000000,1.000000,0,0,0,0
1665,27,429,1233,1.000000,1.000000,1.000000,1.000000,0,0,0,0
1666,25,429,1234,1.000000,1.000000,1.000000,1.000000,1,0,0,0
1667,23,429,1235,1.000000,1.000000,1.000000,1.000000,0,0,0,1
1668,21,429,1236,1.000000,1.000000,1.000000,1.000000,0,0,0,0
1669,19,429,1237,1.000000,1.000000,1.000000,1.000000,0,0,0,1
1670,17,429,1238,1.000000,1.000000,1.000000,1.000000,0,0,1,0
1671,29,430,1238,1.000000,1.000000,1.000000,1.000000,0,0,1,0
1672,27,430,1239,1.000000,1.000000,1.000000,1.000000,0,0,0,0
1673,29,431,1239,1.000000,1.000000,1.000000,1.000000,0,0,0,0
1674,27,431,1240,1.000000,1.000000,1.000000,1.000000,0,0,0,0
1675,25,431,1241,1.000000,1.000000,1.000000,1.000000,0,0,0,0
1676,23,431,1242,1.000000,1.000000,1.000000,1.000000,0,0,0,0
1677,21,431,1243,1.000000,1.000000,1.000000,1.000000,0,0,0,0
1678,19,431,1244,1.000000,1.000000,1.000000,1.000000,1,0,0,0
1679,17,431,1245,1.000000,1.000000,1.000000,1.000000,0,0,0,0
1680,29,432,1245,1.000000,1.000000,1.000000,1.000000,0,0,0,0
1681,27,432,1246,1.000000,1.000000,1.000000,1.000000,0,1,0,0
1682,25,432,1247,1.000000,1.000000,1.000000,1.000000,0,0,0,0
1683,29,433,1247,1.000000,1.000000,1.000000,1.000000,0,0,0,0
1684,27,433,1248,1.000000,1.000000,1.000000,1.000000,0,0,0,0
1685,25,433,1249,1.000000,1.000000,1.000000,1.000000,0,0,0,0
1686,23,433,1250,1.000000,1.000000,1.000000,1.000000,0,0,0,0
1687,21,433,1251,1.000000,1.000000,1.000000,1.000000,1,0,0,0
1688,19,433,1252,1.000000,1.000000,1.000000,1.000000,0,0,0,0
1689,29,434,1252,1.000000,1.000000,1.000000,1.000000,0,0,0,0
1690,27,434,1253,1.000000,1.000000,1.000000,1.000000,1,1,0,0
1691,25,434,1254,1.000000,1.000000,1.000000,1.000000,1,1,0,0
1692,29,435,1254,1.000000,1.000000,1.000000,1.000000,1,1,0,0
1693,27,435,1255,1.000000,1.000000,1.000000,1.000000,0,0,0,0
1694,29,436,1255,1.000000,1.000000,1.000000,1.000000,0,0,0,0
1695,27,436,1256,1.000000,1.000000,1.000000,1.000000,1,0,0,0
1696,25,436,1257,1.000000,1.000000,1.000000,1.000000,0,0,0,0
1697,23,436,1258,1.000000,1.000000,1.000000,1.000000,1,0,0,0
1698,21,436,1259,1.000000,1.000000,1.000000,1.000000,0,0,0,1
1699,29,437,1259,1.000000,1.000000,1.000000,1.000000,0,0,0,1
1700,27,437,1260,1.000000,1.000000,1.000000,1.000000,1,0,0,0
1701,29,438,1260,1.000000,1.000000,1.000000,1.000000,1,0,0,0
1702,27,438,1261,1.000000,1.000000,1.000000,1.000000,1,0,0,0
1703,29,439,1261,1.000000,1.000000,1.000000,1.000000,1,0,0,0
1704,27,439,1262,1.000000,1.000000,1.000000,1.000000,1,0,0,0
1705,29,440,1262,1.000000,1.000000,1.000000,1.000000,1,0,0,0
1706,27,440,1263,1.000000,1.000000,1.000000,1.000000,0,1,0,0
1707,29,441,1263,1.000000,1.000000,1.000000,1.000000,0,1,0,0
1708,27,441,1264,1.000000,1.000000,1.000000,1.000000,0,0,0,0
1709,29,442,1264,1.000000,1.000000,1.000000,1.000000,0,0,0,0
1710,27,442,1265,1.000000,1.000000,1.000000,1.000000,0,0,0,0
1711,25,442,1266,1.000000,1.000000,1.000000,1.000000,0,0,0,0
1712,23,442,1267,1.000000,1.000000,1.000000,1.000000,0,0,1,0
1713,21,442,1268,1.000000,1.000000,1.000000,1.000000,0,0,0,0
1714,29,443,1268,1.000000,1.000000,1.000000,1.000000,0,0,0,0
1715,27,443,1269,1.000000,1.000000,1.000000,1.000000,0,0,0,0
1716,25,443,1270,1.000000,1.000000,1.000000,1.000000,0,0,0,0
1717,23,443,1271,1.000000,1.000000,1.000000,1.000000,0,0,0,0
1718,21,443,1272,1.000000,1.000000,1.000000,1.000000,0,0,0,0
1719,19,443,1273,1.000000,1.000000,1.000000,1.000000,0,0,0,0
1720,17,443,1274,1.000000,1.000000,1.000000,1.000000,0,0,0,0
1721,15,443,1275,1.000000,1.000000,1.000000,1.000000,0,0,0,0
1722,13,443,1276,1.000000,1.000000,1.000000,1.000000,0,0,0,0
1723,11,443,1277,1.000000,1.000000,1.000000,1.000000,0,0,0,0
1724,9,443,1278,1.000000,1.000000,1.000000,1.000000,0,0,0,0
1725,7,443,1279,1.000000,1.000000,1.000000,1.000000,0,1,0,0
1726,5,443,1280,1.000000,1.000000,1.000000,1.000000,0,0,0,0
1727,29,444,1280,1.000000,1.000000,1.000000,1.000000,0,0,0,0
1728,27,444,1281,1.000000,1.000000,1.000000,1.000000,0,0,0,0
1729,25,444,1282,1.000000,1.000000,1.000000,1.000000,0,0,0,0
1730,23,444,1283,1.000000,1.000000,1.000000,1.000000,0,0,0,0
1731,21,444,1284,1.000000,1.000000,1.000000,1.000000,0,0,0,0
1732,19,444,1285,1.000000,1.000000,1.000000,1.000000,1,0,0,0
1733,17,444,1286,1.000000,1.000000,1.000000,1.000000,0,0,0,1
1734,29,445,1286,1.000000,1.000000,1.000000,1.000000,0,0,0,1
1735,27,445,1287,1.000000,1.000000,1.000000,1.000000,0,0,0,1
1736,29,446,1287,1.000000,1.000000,1.000000,1.000000,0,0,0,1
1737,27,446,1288,1.000000,1.000000,1.000000,1.000000,0,0,0,0
1738,29,447,1288,1.000000,1.000000,1.000000,1.000000,0,0,0,0
1739,27,447,1289,1.000000,1.000000,1.000000,1.000000,0,0,0,1
1740,25,447,1290,1.000000,1.000000,1.000000,1.000000,1,0,0,0
1741,29,448,1290,1.000000,1.000000,1.000000,1.000000,1,0,0,0
1742,27,448,1291,1.000000,1.000000,1.000000,1.000000,0,0,0,0
1743,29,449,1291,1.000000,1.000000,1.000000,1.000000,0,0,0,0
1744,27,449,1292,1.000000,1.000000,1.000000,1.000000,0,0,0,0
1745,25,449,1293,1.000000,1.000000,1.000000,1.000000,0,0,0,0
1746,23,449,1294,1.000000,1.000000,1.000000,1.000000,0,0,0,0
1747,21,449,1295,1.000000,1.000000,1.000000,1.000000,1,0,0,0
1748,19,449,1296,1.000000,1.000000,1.000000,1.000000,0,0,0,0
1749,29,450,1296,1.000000,1.000000,1.000000,1.000000,0,0,0,0
1750,27,450,1297,1.000000,1.000000,1.000000,1.000000,0,0,0,0
1751,25,450,1298,1.000000,1.000000,1.000000,1.000000,0,1,0,0
1752,23,450,1299,1.000000,1.000000,1.000000,1.000000,0,0,0,0
1753,21,450,1300,1.000000,1.000000,1.000000,1.000000,0,0,0,0
1754,19,450,1301,1.000000,1.000000,1.000000,1.000000,0,0,1,0
1755,17,450,1302,1.000000,1.000000,1.000000,1.000000,0,1,0,0
1756,29,451,1302,1.000000,1.000000,1.000000,1.000000,0,1,0,0
1757,27,451,1303,1.000000,1.000000,1.000000,1.000000,0,1,0,0
1758,29,452,1303,1.000000,1.000000,1.000000,1.000000,0,1,0,0
1759,27,452,1304,1.000000,1.000000,1.000000,1.000000,0,0,0,0
1760,25,452,1305,1.000000,1.000000,1.000000,1.000000,0,1,0,0
1761,23,452,1306,1.000000,1.000000,1.000000,1.000000,0,0,0,0
1762,29,453,1306,1.000000,1.000000,1.000000,1.000000,0,0,0,0
1763,27,453,1307,1.000000,1.000000,1.000000,1.000000,0,0,0,0
1764,25,453,1308,1.000000,1.000000,1.000000,1.000000,1,0,0,0
1765,23,453,1309,1.000000,1.000000,1.000000,1.000000,0,0,0,0
1766,29,454,1309,1.000000,1.000000,1.000000,1.000000,0,0,0,0
1767,27,454,1310,1.000000,1.000000,1.000000,1.000000,0,0,0,0
1768,25,454,1311,1.000000,1.000000,1.000000,1.000000,0,0,0,0
1769,23,454,1312,1.000000,1.000000,1.000000,1.000000,0,0,0,0
1770,21,454,1313,1.000000,1.000000,1.000000,1.000000,0,0,0,0
1771,19,454,1314,1.000000,1.000000,1.000000,1.000000,0,0,0,0
1772,17,454,1315,1.000000,1.000000,1.000000,1.000000,1,0,0,0
1773,15,454,1316,1.000000,1.000000,1.000000,1.000000,0,0,0,0
1774,29,455,1316,1.000000,1.000000,1.000000,1.000000,0,0,0,0
1775,27,455,1317,1.000000,1.000000,1.000000,1.000000,1,0,0,1
1776,25,455,1318,1.000000,1.000000,1.000000,1.000000,0,0,0,0
1777,29,456,1318,1.000000,1.000000,1.000000,1.000000,0,0,0,0
1778,27,456,1319,1.000000,1.000000,1.000000,1.000000,0,0,1,1
1779,25,456,1320,1.000000,1.000000,1.000000,1.000000,1,0,0,0
1780,29,457,1320,1.000000,1.000000,1.000000,1.000000,1,0,0,0
1781,27,457,1321,1.000000,1.000000,1.000000,1.000000,0,0,1,0
1782,25,457,1322,1.000000,1.000000,1.000000,1.000000,0,0,0,0
1783,29,458,1322,1.000000,1.000000,1.000000,1.000000,0,0,0,0
1784,27,458,1323,1.000000,1.000000,1.000000,1.000000,0,0,1,0
1785,25,458,1324,1.000000,1.000000,1.000000,1.000000,0,0,0,0
1786,29,459,1324,1.000000,1.000000,1.000000,1.000000,0,0,0,0
1787,27,459,1325,1.000000,1.000000,1.000000,1.000000,0,0,0,0
1788,25,459,1326,1.000000,1.000000,1.000000,1.000000,0,0,1,0
1789,23,459,1327,1.000000,1.000000,1.000000,1.000000,0,0,1,0
1790,29,460,1327,1.000000,1.000000,1.000000,1.000000,0,0,1,0
1791,27,460,1328,1.000000,1.000000,1.000000,1.000000,0,0,0,0
1792,29,461,1328,1.000000,1.000000,1.000000,1.000000,0,0,0,0
1793,27,461,1329,1.000000,1.000000,1.000000,1.000000,0,0,0,0
1794,25,461,1330,1.000000,1.000000,1.000000,1.000000,0,0,0,0
1795,23,461,1331,1.000000,1.000000,1.000000,1.000000,0,0,0,1
1796,21,461,1332,1.000000,1.000000,1.000000,1.000000,0,0,1,0
1797,29,462,1332,1.000000,1.000000,1.000000,1.000000,0,0,1,0
1798,27,462,1333,1.000000,1.000000,1.000000,1.000000,0,0,0,0
1799,29,463,1333,1.000000,1.000000,1.000000,1.000000,0,0,0,0
1800,27,463,1334,1.000000,1.000000,1.000000,1.000000,0,0,0,0
1801,25,463,1335,1.000000,1.000000,1.000000,1.000000,0,0,0,0
1802,23,463,1336,1.000000,1.000000,1.000000,1.000000,0,0,0,0
1803,21,463,1337,1.000000,1.000000,1.000000,1.000000,0,0,1,0
1804,19,463,1338,1.000000,1.000000,1.000000,1.000000,0,0,0,1
1805,29,464,1338,1.000000,1.000000,1.000000,1.000000,0,0,0,1
1806,27,464,1339,1.000000,1.000000,1.000000,1.000000,0,0,1,0
1807,25,464,1340,1.000000,1.000000,1.000000,1.000000,1,0,1,0
1808,29,465,1340,1.000000,1.000000,1.000000,1.000000,1,0,1,0
1809,27,465,1341,1.000000,1.000000,1.000000,1.000000,0,0,1,0
1810,29,466,1341,1.000000,1.000000,1.000000,1.000000,0,0,1,0
1811,27,466,1342,1.000000,1.000000,1.000000,1.000000,0,1,0,0
1812,29,467,1342,1.000000,1.000000,1.000000,1.000000,0,1,0,0
1813,27,467,1343,1.000000,1.000000,1.000000,1.000000,0,0,0,0
1814,25,467,1344,1.000000,1.000000,1.000000,1.000000,0,0,0,0
1815,23,467,1345,1.000000,1.000000,1.000000,1.000000,0,0,0,0
1816,21,467,1346,1.000000,1.000000,1.000000,1.000000,0,0,0,0
1817,19,467,1347,1.000000,1.000000,1.000000,1.000000,0,0,0,0
1818,17,467,1348,1.000000,1.000000,1.000000,1.000000,0,0,0,0
1819,15,467,1349,1.000000,1.000000,1.000000,1.000000,0,0,0,0
1820,13,467,1350,1.000000,1.000000,1.000000,1.000000,1,1,0,0
1821,11,467,1351,1.000000,1.000000,1.000000,1.000000,1,0,0,0
1822,29,468,1351,1.000000,1.000000,1.000000,1.000000,1,0,0,0
1823,27,468,1352,1.000000,1.000000,1.000000,1.000000,0,0,0,0
1824,29,469,1352,1.000000,1.000000,1.000000,1.000000,0,0,0,0
1825,27,469,1353,1.000000,1.000000,1.000000,1.000000,0,0,0,0
1826,25,469,1354,1.000000,1.000000,1.000000,1.000000,0,0,0,0
1827,23,469,1355,1.000000,1.000000,1.000000,1.000000,0,0,0,0
1828,21,469,1356,1.000000,1.000000,1.000000,1.000000,0,0,0,0
1829,19,469,1357,1.000000,1.000000,1.000000,1.000000,0,0,0,0
1830,17,469,1358,1.000000,1.000000,1.000000,1.000000,0,0,0,0
1831,15,469,1359,1.000000,1.000000,1.000000,1.000000,0,0,0,0
1832,13,469,1360,1.000000,1.000000,1.000000,1.000000,0,0,0,0
1833,11,469,1361,1.000000,1.000000,1.000000,1.000000,1,1,0,0
1834,9,469,1362,1.000000,1.000000,1.000000,1.000000,0,1,0,0
1835,29,470,1362,1.000000,1.000000,1.000000,1.000000,0,1,0,0
1836,27,470,1363,1.000000,1.000000,1.000000,1.000000,1,0,1,0
1837,29,471,1363,1.000000,1.000000,1.000000,1.000000,1,0,1,0
1838,27,471,1364,1.000000,1.000000,1.000000,1.000000,0,0,0,0
1839,29,472,1364,1.000000,1.000000,1.000000,1.000000,0,0,0,0
1840,27,472,1365,1.000000,1.000000,1.000000,1.000000,1,0,0,0
1841,25,472,1366,1.000000,1.000000,1.000000,1.000000,0,0,0,0
1842,29,473,1366,1.000000,1.000000,1.000000,1.000000,0,0,0,0
1843,27,473,1367,1.000000,1.000000,1.000000,1.000000,0,0,0,0
1844,25,473,1368,1.000000,1.000000,1.000000,1.000000,0,0,0,0
1845,23,473,1369,1.000000,1.000000,1.000000,1.000000,0,0,0,0
1846,21,473,1370,1.000000,1.000000,1.000000,1.000000,0,0,0,0
1847,19,473,1371,1.000000,1.000000,1.000000,1.000000,0,0,0,0
1848,17,473,1372,1.000000,1.000000,1.000000,1.000000,0,0,0,0
1849,15,473,1373,1.000000,1.000000,1.000000,1.000000,0,0,0,1
1850,13,473,1374,1.000000,1.000000,1.000000,1.000000,0,0,0,0
1851,29,474,1374,1.000000,1.000000,1.000000,1.000000,0,0,0,0
1852,27,474,1375,1.000000,1.000000,1.000000,1.000000,0,0,0,0
1853,25,474,1376,1.000000,1.000000,1.000000,1.000000,0,0,0,0
1854,23,474,1377,1.000000,1.000000,1.000000,1.000000,0,0,0,0
1855,21,474,1378,1.000000,1.000000,1.000000,1.000000,0,0,0,0
1856,19,474,1379,1.000000,1.000000,1.000000,1.000000,0,0,1,0
1857,17,474,1380,1.000000,1.000000,1.000000,1.000000,0,0,0,0
1858,29,475,1380,1.000000,1.000000,1.000000,1.000000,0,0,0,0
1859,27,475,1381,1.000000,1.000000,1.000000,1.000000,0,0,0,0
1860,25,475,1382,1.000000,1.000000,1.000000,1.000000,0,0,0,0
1861,23,475,1383,1.000000,1.000000,1.000000,1.000000,0,0,0,0
1862,21,475,1384,1.000000,1.000000,1.000000,1.000000,0,0,0,0
1863,19,475,1385,1.000000,1.000000,1.000000,1.000000,0,0,0,0
1864,17,475,1386,1.000000,1.000000,1.000000,1.000000,0,0,0,0
1865,15,475,1387,1.000000,1.000000,1.000000,1.000000,0,1,0,0
1866,13,475,1388,1.000000,1.000000,1.000000,1.000000,0,0,1,0
1867,29,476,1388,1.000000,1.000000,1.000000,1.000000,0,0,1,0
1868,27,476,1389,1.000000,1.000000,1.000000,1.000000,0,0,0,0
1869,29,477,1389,1.000000,1.000000,1.000000,1.000000,0,0,0,0
1870,27,477,1390,1.000000,1.000000,1.000000,1.000000,0,1,0,0
1871,25,477,1391,1.000000,1.000000,1.000000,1.000000,0,1,1,0
1872,29,478,1391,1.000000,1.000000,1.000000,1.000000,0,1,1,0
1873,27,478,1392,1.000000,1.000000,1.000000,1.000000,0,0,0,0
1874,29,479,1392,1.000000,1.000000,1.000000,1.000000,0,0,0,0
1875,27,479,1393,1.000000,1.000000,1.000000,1.000000,0,1,0,1
1876,25,479,1394,1.000000,1.000000,1.000000,1.000000,0,0,0,0
1877,29,480,1394,1.000000,1.000000,1.000000,1.000000,0,0,0,0
1878,27,480,1395,1.000000,1.000000,1.000000,1.000000,0,0,0,0
1879,25,480,1396,1.000000,1.000000,1.000000,1.000000,0,0,0,0
1880,23,480,1397,1.000000,1.000000,1.000000,1.000000,0,0,0,0
1881,21,480,1398,1.000000,1.000000,1.000000,1.000000,0,0,0,0
1882,19,480,1399,1.000000,1.000000,1.000000,1.000000,0,0,0,0
1883,17,480,1400,1.000000,1.000000,1.000000,1.000000,0,0,0,0
1884,15,480,1401,1.000000,1.000000,1.000000,1.000000,0,1,0,0
1885,13,480,1402,1.000000,1.000000,1.000000,1.000000,0,0,1,0
1886,29,481,1402,1.000000,1.000000,1.000000,1.000000,0,0,1,0
1887,27,481,1403,1.000000,1.000000,1.000000,1.000000,0,1,0,0
1888,29,482,1403,1.000000,1.000000,1.000000,1.000000,0,1,0,0
1889,27,482,1404,1.000000,1.000000,1.000000,1.000000,0,0,0,0
1890,29,483,1404,1.000000,1.000000,1.000000,1.000000,0,0,0,0
1891,27,483,1405,1.000000,1.000000,1.000000,1.000000,0,0,0,0
1892,25,483,1406,1.000000,1.000000,1.000000,1.000000,0,0,0,0
1893,23,483,1407,1.000000,1.000000,1.000000,1.000000,0,0,0,0
1894,21,483,1408,1.000000,1.000000,1.000000,1.000000,0,0,0,0
1895,19,483,1409,1.000000,1.000000,1.000000,1.000000,0,0,0,0
1896,17,483,1410,1.000000,1.000000,1.000000,1.000000,0,0,0,0
1897,15,483,1411,1.000000,1.000000,1.000000,1.000000,0,0,0,0
1898,13,483,1412,1.000000,1.000000,1.000000,1.000000,0,0,0,0
1899,11,483,1413,1.000000,1.000000,1.000000,1.000000,0,0,0,0
1900,9,483,1414,1.000000,1.000000,1.000000,1.000000,0,0,0,0
1901,7,483,1415,1.000000,1.000000,1.000000,1.000000,0,0,0,0
1902,5,483,1416,1.000000,1.000000,1.000000,1.000000,0,1,0,0
1903,3,483,1417,1.000000,1.000000,1.000000,1.000000,1,0,0,0
1904,29,484,1417,1.000000,1.000000,1.000000,1.000000,1,1,0,0
1905,27,484,1418,1.000000,1.000000,1.000000,1.000000,0,0,0,0
1906,29,485,1418,1.000000,1.000000,1.000000,1.000000,0,0,0,0
1907,27,485,1419,1.000000,1.000000,1.000000,1.000000,0,1,0,0
1908,25,485,1420,1.000000,1.000000,1.000000,1.000000,0,0,1,0
1909,29,486,1420,1.000000,1.000000,1.000000,1.000000,0,0,1,0
1910,27,486,1421,1.000000,1.000000,1.000000,1.000000,0,1,0,0
1911,29,487,1421,1.000000,1.000000,1.000000,1.000000,0,1,0,0
1912,27,487,1422,1.000000,1.000000,1.000000,1.000000,0,1,0,0
1913,29,488,1422,1.000000,1.000000,1.000000,1.000000,0,1,0,0
1914,27,488,1423,1.000000,1.000000,1.000000,1.000000,0,0,0,0
1915,25,488,1424,1.000000,1.000000,1.000000,1.000000,0,0,0,1
1916,23,488,1425,1.000000,1.000000,1.000000,1.000000,0,0,1,0
1917,29,489,1425,1.000000,1.000000,1.000000,1.000000,0,0,1,0
1918,27,489,1426,1.000000,1.000000,1.000000,1.000000,0,0,1,1
1919,29,490,1426,1.000000,1.000000,1.000000,1.000000,0,0,1,1
1920,27,490,1427,1.000000,1.000000,1.000000,1.000000,0,0,0,0
1921,29,491,1427,1.000000,1.000000,1.000000,1.000000,0,0,0,0
1922,27,491,1428,1.000000,1.000000,1.000000,1.000000,0,0,0,1
1923,25,491,1429,1.000000,1.000000,1.000000,1.000000,0,0,0,0
1924,29,492,1429,1.000000,1.000000,1.000000,1.000000,0,0,0,0
1925,27,492,1430,1.000000,1.000000,1.000000,1.000000,0,0,0,0
1926,25,492,1431,1.000000,1.000000,1.000000,1.000000,0,0,1,1
1927,23,492,1432,1.000000,1.000000,1.000000,1.000000,0,0,1,0
1928,29,493,1432,1.000000,1.000000,1.000000,1.000000,0,0,1,0
1929,27,493,1433,1.000000,1.000000,1.000000,1.000000,0,0,0,0
1930,29,494,1433,1.000000,1.000000,1.000000,1.000000,0,0,0,0
1931,27,494,1434,1.000000,1.000000,1.000000,1.000000,0,0,0,0
1932,25,494,1435,1.000000,1.000000,1.000000,1.000000,0,0,0,0
1933,23,494,1436,1.000000,1.000000,1.000000,1.000000,0,0,0,0
1934,21,494,1437,1.000000,1.000000,1.000000,1.000000,0,0,0,0
1935,19,494,1438,1.000000,1.000000,1.000000,1.000000,1,0,0,0
1936,17,494,1439,1.000000,1.000000,1.000000,1.000000,1,0,0,0
1937,29,495,1439,1.000000,1.000000,1.000000,1.000000,1,0,0,0
1938,27,495,1440,1.000000,1.000000,1.000000,1.000000,1,0,0,1
1939,29,496,1440,1.000000,1.000000,1.000000,1.000000,1,0,0,1
1940,27,496,1441,1.000000,1.000000,1.000000,1.000000,0,0,0,0
1941,29,497,1441,1.000000,1.000000,1.000000,1.000000,0,0,0,0
1942,27,497,1442,1.000000,1.000000,1.000000,1.000000,0,0,1,0
1943,25,497,1443,1.000000,1.000000,1.000000,1.000000,0,0,0,0
1944,29,498,1443,1.000000,1.000000,1.000000,1.000000,0,0,0,0
1945,27,498,1444,1.000000,1.000000,1.000000,1.000000,0,0,0,1
1946,25,498,1445,1.000000,1.000000,1.000000,1.000000,0,0,1,0
1947,29,499,1445,1.000000,1.000000,1.000000,1.000000,0,0,1,0
1948,27,499,1446,1.000000,1.000000,1.000000,1.000000,0,0,0,0
1949,29,500,1446,1.000000,1.000000,1.000000,1.000000,0,0,0,0
1950,27,500,1447,1.000000,1.000000,1.000000,1.000000,0,0,1,0
1951,25,500,1448,1.000000,1.000000,1.000000,1.000000,0,0,1,0
1952,29,501,1448,1.000000,1.000000,1.000000,1.000000,0,0,1,0
1953,27,501,1449,1.000000,1.000000,1.000000,1.000000,0,0,0,0
1954,29,502,1449,1.000000,1.000000,1.000000,1.000000,0,0,0,0
1955,27,502,1450,1.000000,1.000000,1.000000,1.000000,0,0,0,0
1956,25,502,1451,1.000000,1.000000,1.000000,1.000000,0,0,0,0
1957,23,502,1452,1.000000,1.000000,1.000000,1.000000,0,0,0,0
1958,21,502,1453,1.000000,1.000000,1.000000,1.000000,0,0,1,0
1959,19,502,1454,1.000000,1.000000,1.000000,1.000000,0,0,0,0
1960,29,503,1454,1.000000,1.000000,1.000000,1.000000,0,0,0,0
1961,27,503,1455,1.000000,1.000000,1.000000,1.000000,0,0,0,0
1962,25,503,1456,1.000000,1.000000,1.000000,1.000000,0,0,0,0
1963,23,503,1457,1.000000,1.000000,1.000000,1.000000,0,0,0,0
1964,21,503,1458,1.000000,1.000000,1.000000,1.000000,0,0,0,0
1965,19,503,1459,1.000000,1.000000,1.000000,1.000000,0,0,0,0
1966,17,503,1460,1.000000,1.000000,1.000000,1.000000,0,0,0,0
1967,15,503,1461,1.000000,1.000000,1.000000,1.000000,0,0,0,0
1968,13,503,1462,1.000000,1.000000,1.000000,1.000000,1,0,0,0
1969,11,503,1463,1.000000,1.000000,1.000000,1.000000,1,0,0,0
1970,29,504,1463,1.000000,1.000000,1.000000,1.000000,1,0,0,0
1971,27,504,1464,1.000000,1.000000,1.000000,1.000000,0,0,0,0
1972,29,505,1464,1.000000,1.000000,1.000000,1.000000,0,0,0,0
1973,27,505,1465,1.000000,1.000000,1.000000,1.000000,0,0,0,0
1974,25,505,1466,1.000000,1.000000,1.000000,1.000000,0,0,0,0
1975,23,505,1467,1.000000,1.000000,1.000000,1.000000,0,0,0,1
1976,21,505,1468,1.000000,1.000000,1.000000,1.000000,1,0,0,0
1977,29,506,1468,1.000000,1.000000,1.000000,1.000000,1,0,0,0
1978,27,506,1469,1.000000,1.000000,1.000000,1.000000,0,0,0,0
1979,29,507,1469,1.000000,1.000000,1.000000,1.000000,0,0,0,0
1980,27,507,1470,1.000000,1.000000,1.000000,1.000000,1,0,0,0
1981,25,507,1471,1.000000,1.000000,1.000000,1.000000,0,0,0,0
1982,29,508,1471,1.000000,1.000000,1.000000,1.000000,0,0,0,0
1983,27,508,1472,1.000000,1.000000,1.000000,1.000000,0,0,0,0
1984,25,508,1473,1.000000,1.000000,1.000000,1.000000,0,0,0,0
1985,23,508,1474,1.000000,1.000000,1.000000,1.000000,0,0,0,0
1986,21,508,1475,1.000000,1.000000,1.000000,1.000000,0,0,0,0
1987,19,508,1476,1.000000,1.000000,1.000000,1.000000,0,0,0,0
1988,17,508,1477,1.000000,1.000000,1.000000,1.000000,0,0,0,0
1989,15,508,1478,1.000000,1.000000,1.000000,1.000000,0,0,1,0
1990,13,508,1479,1.000000,1.000000,1.000000,1.000000,0,0,0,0
1991,29,509,1479,1.000000,1.000000,1.000000,1.000000,0,0,0,0
1992,27,509,1480,1.000000,1.000000,1.000000,1.000000,0,0,0,0
1993,25,509,1481,1.000000,1.000000,1.000000,1.000000,0,0,0,0
1994,23,509,1482,1.000000,1.000000,1.000000,1.000000,0,0,0,0
1995,21,509,1483,1.000000,1.000000,1.000000,1.000000,0,0,1,0
1996,19,509,1484,1.000000,1.000000,1.000000,1.000000,0,0,0,0
1997,29,510,1484,1.000000,1.000000,1.000000,1.000000,0,0,0,0
1998,27,510,1485,1.000000,1.000000,1.000000,1.000000,0,1,0,0
1999,25,510,1486,1.000000,1.000000,1.000000,1.000000,1,0,0,0
2000,29,511,1486,1.000000,1.000000,1.000000,1.000000,1,0,0,0
