tick,energy,eats,distance,conn_1_6_weight,conn_2_7_weight,conn_3_8_weight,conn_4_9_weight,food_north_sensed,food_east_sensed,food_south_sensed,food_west_sensed
0,30,0,0,0.050000,0.050000,0.050000,0.050000,0,0,0,0
1,29,0,0,0.050000,0.055990,0.050000,0.050000,0,1,0,0
2,27,0,1,0.060918,0.056518,0.060918,0.050000,1,0,1,0
3,25,0,2,0.061490,0.056518,0.061490,0.055466,0,0,0,1
4,29,1,2,0.061490,0.056518,0.061490,0.066251,0,0,0,1
5,27,1,3,0.061490,0.068758,0.061490,0.066870,0,1,0,0
6,26,1,3,0.061490,0.084180,0.061490,0.066870,0,1,0,0
7,24,1,4,0.061490,0.093864,0.068123,0.066870,0,1,1,0
8,29,2,4,0.061490,0.114233,0.083416,0.066870,0,1,1,0
9,27,2,5,0.061490,0.115245,0.084180,0.066870,0,0,0,0
10,29,3,5,0.061490,0.115245,0.084180,0.066870,0,0,0,0
11,27,3,6,0.061490,0.115245,0.084180,0.066870,0,0,0,0
12,25,3,7,0.061490,0.115245,0.084180,0.066870,0,0,0,0
13,23,3,8,0.061490,0.115245,0.084180,0.076814,0,0,0,1
14,21,3,9,0.061490,0.115245,0.084180,0.077523,0,0,0,0
15,19,3,10,0.061490,0.130247,0.084180,0.077523,0,1,0,0
16,17,3,11,0.061490,0.131379,0.084180,0.077523,0,0,0,0
17,15,3,12,0.061490,0.131379,0.084180,0.086512,0,0,0,1
18,13,3,13,0.061490,0.144400,0.084180,0.087303,0,1,0,0
19,29,4,13,0.061490,0.168005,0.084180,0.087303,0,1,0,0
20,27,4,14,0.061490,0.169403,0.084180,0.087303,0,0,0,0
21,29,5,14,0.061490,0.169403,0.084180,0.087303,0,0,0,0
22,27,5,15,0.061490,0.169403,0.093020,0.087303,0,0,1,0
23,25,5,16,0.061490,0.169403,0.093864,0.087303,0,0,0,0
24,23,5,17,0.061490,0.200925,0.093864,0.087303,0,1,0,0
25,21,5,18,0.061490,0.226015,0.093864,0.087303,0,1,0,0
26,19,5,19,0.061490,0.258954,0.093864,0.087303,0,1,0,0
27,17,5,20,0.061490,0.260872,0.093864,0.087303,0,0,0,0
28,15,5,21,0.073357,0.260872,0.093864,0.087303,1,0,0,0
29,13,5,22,0.083416,0.260872,0.093864,0.087303,1,0,0,0
30,11,5,23,0.084180,0.260872,0.093864,0.097307,0,0,0,1
31,29,6,23,0.084180,0.260872,0.093864,0.109289,0,0,0,1
32,27,6,24,0.084180,0.260872,0.093864,0.110263,0,0,0,0
33,25,6,25,0.101770,0.260872,0.093864,0.110263,1,0,0,0
34,23,6,26,0.102684,0.260872,0.093864,0.110263,0,0,0,0
35,29,7,26,0.102684,0.260872,0.093864,0.110263,0,0,0,0
36,27,7,27,0.102684,0.260872,0.093864,0.110263,0,0,0,0
37,25,7,28,0.102684,0.282582,0.093864,0.110263,0,1,0,0
38,23,7,29,0.102684,0.284609,0.110263,0.110263,0,0,1,0
39,21,7,30,0.114233,0.284609,0.111244,0.110263,1,0,0,0
40,19,7,31,0.115245,0.329131,0.133670,0.132521,0,1,1,1
41,17,7,32,0.115245,0.331339,0.134828,0.133670,0,0,0,0
42,29,8,32,0.115245,0.331339,0.134828,0.133670,0,0,0,0
43,27,8,33,0.115245,0.331339,0.153234,0.133670,0,0,1,0
44,25,8,34,0.115245,0.331339,0.169403,0.133670,0,0,1,0
45,29,9,34,0.115245,0.331339,0.194598,0.133670,0,0,1,0
46,27,9,35,0.115245,0.331339,0.196166,0.133670,0,0,0,0
47,25,9,36,0.115245,0.331339,0.196166,0.133670,0,0,0,0
48,23,9,37,0.128006,0.331339,0.196166,0.133670,1,0,0,0
49,21,9,38,0.129122,0.358399,0.196166,0.133670,0,1,0,0
50,19,9,39,0.129122,0.386399,0.196166,0.133670,0,1,0,0
51,29,10,39,0.129122,0.432257,0.196166,0.133670,0,1,0,0
52,27,10,40,0.129122,0.434712,0.196166,0.133670,0,0,0,0
53,29,11,40,0.129122,0.434712,0.196166,0.133670,0,0,0,0
54,27,11,41,0.129122,0.434712,0.196166,0.133670,0,0,0,0
55,25,11,42,0.129122,0.434712,0.196166,0.133670,0,0,0,0
56,23,11,43,0.129122,0.434712,0.196166,0.133670,0,0,0,0
57,21,11,44,0.129122,0.434712,0.196166,0.133670,0,0,0,0
58,19,11,45,0.129122,0.434712,0.196166,0.133670,0,0,0,0
59,17,11,46,0.129122,0.434712,0.196166,0.133670,0,0,0,0
60,15,11,47,0.129122,0.461896,0.196166,0.133670,0,1,0,0
61,13,11,48,0.129122,0.494315,0.196166,0.133670,0,1,0,0
62,29,12,48,0.129122,0.526793,0.196166,0.133670,0,1,0,0
63,27,12,49,0.129122,0.529285,0.196166,0.133670,0,0,0,0
64,29,13,49,0.129122,0.529285,0.196166,0.133670,0,0,0,0
65,27,13,50,0.151945,0.529285,0.196166,0.133670,1,0,0,0
66,25,13,51,0.153234,0.529285,0.196166,0.133670,0,0,0,0
67,23,13,52,0.153234,0.529285,0.196166,0.133670,0,0,0,0
68,21,13,53,0.153234,0.529285,0.196166,0.133670,0,0,0,0
69,19,13,54,0.153234,0.556587,0.196166,0.133670,0,1,0,0
70,17,13,55,0.153234,0.559055,0.196166,0.133670,0,0,0,0
71,29,14,55,0.153234,0.559055,0.196166,0.133670,0,0,0,0
72,27,14,56,0.153234,0.559055,0.196166,0.133670,0,0,0,0
73,25,14,57,0.153234,0.559055,0.196166,0.133670,0,0,0,0
74,23,14,58,0.153234,0.559055,0.196166,0.133670,0,0,0,0
75,21,14,59,0.153234,0.559055,0.196166,0.133670,0,0,0,0
76,19,14,60,0.153234,0.559055,0.196166,0.133670,0,0,0,0
77,17,14,61,0.153234,0.559055,0.196166,0.133670,0,0,0,0
78,15,14,62,0.153234,0.559055,0.196166,0.133670,0,0,0,0
79,13,14,63,0.153234,0.559055,0.196166,0.133670,0,0,0,0
80,11,14,64,0.153234,0.559055,0.214038,0.133670,0,0,1,0
81,9,14,65,0.153234,0.559055,0.215720,0.133670,0,0,0,0
82,29,15,65,0.153234,0.559055,0.215720,0.133670,0,0,0,0
83,27,15,66,0.153234,0.559055,0.215720,0.133670,0,0,0,0
84,25,15,67,0.153234,0.559055,0.215720,0.153234,0,0,0,1
85,23,15,68,0.175087,0.559055,0.215720,0.154532,1,0,0,0
86,21,15,69,0.176531,0.559055,0.215720,0.154532,0,0,0,0
87,29,16,69,0.176531,0.559055,0.215720,0.154532,0,0,0,0
88,27,16,70,0.197743,0.559055,0.215720,0.154532,1,0,0,0
89,25,16,71,0.199329,0.559055,0.215720,0.154532,0,0,0,0
90,29,17,71,0.199329,0.559055,0.215720,0.154532,0,0,0,0
91,27,17,72,0.234857,0.559055,0.215720,0.154532,1,0,0,0
92,25,17,73,0.236654,0.559055,0.215720,0.154532,0,0,0,0
93,23,17,74,0.236654,0.588415,0.215720,0.154532,0,1,0,0
94,21,17,75,0.236654,0.617167,0.215720,0.154532,0,1,0,0
95,29,18,75,0.236654,0.645129,0.215720,0.154532,0,1,0,0
96,27,18,76,0.236654,0.647419,0.215720,0.154532,0,0,0,0
97,29,19,76,0.236654,0.647419,0.215720,0.154532,0,0,0,0
98,27,19,77,0.236654,0.647419,0.215720,0.154532,0,0,0,0
99,25,19,78,0.236654,0.647419,0.215720,0.154532,0,0,0,0
100,23,19,79,0.236654,0.647419,0.215720,0.154532,0,0,0,0
101,21,19,80,0.236654,0.672142,0.215720,0.154532,0,1,0,0
102,19,19,81,0.236654,0.674345,0.215720,0.154532,0,0,0,0
103,29,20,81,0.236654,0.674345,0.215720,0.154532,0,0,0,0
104,27,20,82,0.236654,0.674345,0.215720,0.154532,0,0,0,0
105,25,20,83,0.236654,0.674345,0.215720,0.154532,0,0,0,0
106,23,20,84,0.236654,0.674345,0.215720,0.154532,0,0,0,0
107,21,20,85,0.236654,0.674345,0.215720,0.154532,0,0,0,0
108,19,20,86,0.236654,0.674345,0.215720,0.154532,0,0,0,0
109,17,20,87,0.236654,0.674345,0.215720,0.154532,0,0,0,0
110,29,21,87,0.236654,0.674345,0.215720,0.154532,0,0,0,0
111,27,21,88,0.236654,0.674345,0.215720,0.154532,0,0,0,0
112,29,22,88,0.236654,0.674345,0.215720,0.154532,0,0,0,0
113,27,22,89,0.236654,0.674345,0.215720,0.154532,0,0,0,0
114,25,22,90,0.236654,0.674345,0.215720,0.154532,0,0,0,0
115,23,22,91,0.257044,0.698067,0.215720,0.154532,1,1,0,0
116,21,22,92,0.258954,0.722794,0.215720,0.154532,0,1,0,0
117,29,23,92,0.258954,0.746237,0.215720,0.154532,0,1,0,0
118,27,23,93,0.301140,0.748131,0.215720,0.154532,1,0,0,0
119,25,23,94,0.303244,0.748131,0.215720,0.154532,0,0,0,0
120,29,24,94,0.303244,0.748131,0.215720,0.154532,0,0,0,0
121,27,24,95,0.331339,0.748131,0.215720,0.154532,1,0,0,0
122,25,24,96,0.333555,0.748131,0.215720,0.154532,0,0,0,0
123,29,25,96,0.333555,0.748131,0.215720,0.154532,0,0,0,0
124,27,25,97,0.333555,0.748131,0.215720,0.154532,0,0,0,0
125,25,25,98,0.333555,0.748131,0.215720,0.154532,0,0,0,0
126,23,25,99,0.381674,0.748131,0.215720,0.183894,1,0,0,1
127,21,25,100,0.384034,0.748131,0.215720,0.185395,0,0,0,0
128,29,26,100,0.384034,0.748131,0.215720,0.185395,0,0,0,0
129,27,26,101,0.384034,0.748131,0.215720,0.185395,0,0,0,0
130,25,26,102,0.384034,0.748131,0.215720,0.185395,0,0,0,0
131,23,26,103,0.384034,0.768339,0.215720,0.185395,0,1,0,0
132,21,26,104,0.384034,0.770119,0.215720,0.185395,0,0,0,0
133,29,27,104,0.384034,0.770119,0.215720,0.185395,0,0,0,0
134,27,27,105,0.384034,0.770119,0.215720,0.185395,0,0,0,0
135,25,27,106,0.384034,0.770119,0.215720,0.185395,0,0,0,0
136,23,27,107,0.384034,0.770119,0.215720,0.185395,0,0,0,0
137,21,27,108,0.384034,0.770119,0.215720,0.185395,0,0,0,0
138,19,27,109,0.415180,0.770119,0.215720,0.185395,1,0,0,0
139,17,27,110,0.417608,0.789064,0.215720,0.185395,0,1,0,0
140,29,28,110,0.417608,0.808400,0.215720,0.185395,0,1,0,0
141,27,28,111,0.417608,0.809949,0.215720,0.185395,0,0,0,0
142,29,29,111,0.417608,0.809949,0.215720,0.185395,0,0,0,0
143,27,29,112,0.417608,0.809949,0.215720,0.185395,0,0,0,0
144,25,29,113,0.449501,0.809949,0.215720,0.185395,1,0,0,0
145,23,29,114,0.451975,0.809949,0.215720,0.185395,0,0,0,0
146,21,29,115,0.479329,0.826358,0.215720,0.185395,1,1,0,0
147,19,29,116,0.481825,0.827793,0.215720,0.185395,0,0,0,0
148,29,30,116,0.481825,0.827793,0.215720,0.185395,0,0,0,0
149,27,30,117,0.481825,0.827793,0.215720,0.185395,0,0,0,0
150,25,30,118,0.481825,0.827793,0.215720,0.185395,0,0,0,0
151,23,30,119,0.481825,0.827793,0.215720,0.185395,0,0,0,0
152,21,30,120,0.481825,0.827793,0.215720,0.185395,0,0,0,0
153,19,30,121,0.481825,0.827793,0.215720,0.185395,0,0,0,0
154,17,30,122,0.481825,0.827793,0.215720,0.185395,0,0,0,0
155,15,30,123,0.481825,0.827793,0.215720,0.185395,0,0,0,0
156,13,30,124,0.481825,0.827793,0.215720,0.185395,0,0,0,0
157,11,30,125,0.529285,0.827793,0.215720,0.185395,1,0,0,0
158,9,30,126,0.531777,0.827793,0.215720,0.202531,0,0,0,1
159,29,31,126,0.531777,0.827793,0.215720,0.240276,0,0,0,1
160,27,31,127,0.531777,0.827793,0.215720,0.242102,0,0,0,0
161,25,31,128,0.531777,0.827793,0.215720,0.282582,0,0,0,1
162,24,31,128,0.531777,0.827793,0.215720,0.313891,0,0,0,1
163,22,31,129,0.531777,0.827793,0.215720,0.316044,0,0,0,0
164,29,32,129,0.531777,0.827793,0.215720,0.316044,0,0,0,0
165,27,32,130,0.531777,0.827793,0.215720,0.316044,0,0,0,0
166,25,32,131,0.578686,0.827793,0.215720,0.316044,1,0,0,0
167,23,32,132,0.581125,0.827793,0.215720,0.342490,0,0,0,1
168,29,33,132,0.581125,0.827793,0.215720,0.372291,0,0,0,1
169,27,33,133,0.607662,0.827793,0.215720,0.374628,1,0,0,0
170,25,33,134,0.610046,0.827793,0.234857,0.374628,0,0,1,0
171,29,34,134,0.610046,0.827793,0.262801,0.374628,0,0,1,0
172,27,34,135,0.635907,0.827793,0.264738,0.374628,1,0,0,0
173,25,34,136,0.638222,0.827793,0.264738,0.374628,0,0,0,0
174,29,35,136,0.638222,0.827793,0.264738,0.374628,0,0,0,0
175,27,35,137,0.638222,0.827793,0.264738,0.374628,0,0,0,0
176,25,35,138,0.638222,0.827793,0.307478,0.374628,0,0,1,0
177,23,35,139,0.638222,0.827793,0.309608,0.374628,0,0,0,0
178,21,35,140,0.638222,0.827793,0.309608,0.374628,0,0,0,0
179,19,35,141,0.638222,0.827793,0.309608,0.374628,0,0,0,0
180,17,35,142,0.638222,0.827793,0.338008,0.374628,0,0,1,0
181,15,35,143,0.638222,0.827793,0.340246,0.374628,0,0,0,0
182,29,36,143,0.638222,0.842962,0.340246,0.374628,0,1,0,0
183,27,36,144,0.638222,0.844286,0.340246,0.374628,0,0,0,0
184,29,37,144,0.638222,0.844286,0.340246,0.374628,0,0,0,0
185,27,37,145,0.638222,0.844286,0.372291,0.374628,0,0,1,0
186,25,37,146,0.638222,0.844286,0.374628,0.400703,0,0,0,1
187,29,38,146,0.638222,0.844286,0.374628,0.439629,0,0,0,1
188,27,38,147,0.638222,0.844286,0.405510,0.442093,0,0,1,0
189,25,38,148,0.638222,0.844286,0.407921,0.442093,0,0,0,0
190,23,38,149,0.638222,0.844286,0.407921,0.442093,0,0,0,0
191,21,38,150,0.638222,0.844286,0.407921,0.442093,0,0,0,0
192,19,38,151,0.638222,0.844286,0.407921,0.442093,0,0,0,0
193,17,38,152,0.638222,0.844286,0.407921,0.442093,0,0,0,0
194,15,38,153,0.638222,0.844286,0.407921,0.442093,0,0,0,0
195,13,38,154,0.638222,0.844286,0.407921,0.442093,0,0,0,0
196,11,38,155,0.638222,0.844286,0.407921,0.442093,0,0,0,0
197,9,38,156,0.638222,0.844286,0.407921,0.442093,0,0,0,0
198,7,38,157,0.638222,0.844286,0.407921,0.469358,0,0,0,1
199,5,38,158,0.638222,0.844286,0.407921,0.499315,0,0,0,1
200,29,39,158,0.638222,0.844286,0.407921,0.534267,0,0,0,1
201,27,39,159,0.663252,0.844286,0.407921,0.536755,1,0,0,0
202,29,40,159,0.691694,0.844286,0.407921,0.536755,1,0,0,0
203,27,40,160,0.693827,0.844286,0.407921,0.536755,0,0,0,0
204,29,41,160,0.693827,0.844286,0.407921,0.536755,0,0,0,0
205,27,41,161,0.693827,0.858253,0.407921,0.536755,0,1,0,0
206,25,41,162,0.693827,0.859470,0.407921,0.536755,0,0,0,0
207,29,42,162,0.693827,0.859470,0.407921,0.536755,0,0,0,0
208,27,42,163,0.693827,0.859470,0.407921,0.536755,0,0,0,0
209,25,42,164,0.693827,0.859470,0.407921,0.536755,0,0,0,0
210,23,42,165,0.693827,0.859470,0.407921,0.536755,0,0,0,0
211,21,42,166,0.693827,0.859470,0.407921,0.536755,0,0,0,0
212,19,42,167,0.693827,0.859470,0.407921,0.536755,0,0,0,0
213,17,42,168,0.693827,0.859470,0.407921,0.536755,0,0,0,0
214,15,42,169,0.693827,0.872283,0.407921,0.536755,0,1,0,0
215,13,42,170,0.693827,0.873397,0.407921,0.536755,0,0,0,0
216,29,43,170,0.693827,0.873397,0.407921,0.563983,0,0,0,1
217,27,43,171,0.693827,0.873397,0.407921,0.566442,0,0,0,0
218,29,44,171,0.716730,0.873397,0.407921,0.566442,1,0,0,0
219,27,44,172,0.718760,0.873397,0.407921,0.566442,0,0,0,0
220,29,45,172,0.718760,0.873397,0.407921,0.566442,0,0,0,0
221,27,45,173,0.718760,0.873397,0.407921,0.595667,0,0,0,1
222,25,45,174,0.718760,0.873397,0.407921,0.598076,0,0,0,0
223,29,46,174,0.718760,0.873397,0.407921,0.598076,0,0,0,0
224,27,46,175,0.718760,0.873397,0.407921,0.598076,0,0,0,0
225,25,46,176,0.740501,0.873397,0.407921,0.598076,1,0,0,0
226,23,46,177,0.742422,0.885112,0.407921,0.624238,0,1,0,1
227,21,46,178,0.742422,0.896806,0.407921,0.626584,0,1,0,0
228,29,47,178,0.742422,0.907435,0.407921,0.626584,0,1,0,0
229,27,47,179,0.742422,0.917072,0.407921,0.626584,0,1,0,0
230,29,48,179,0.742422,0.925788,0.407921,0.626584,0,1,0,0
231,27,48,180,0.742422,0.926475,0.407921,0.626584,0,0,0,0
232,29,49,180,0.742422,0.926475,0.407921,0.626584,0,0,0,0
233,27,49,181,0.742422,0.926475,0.407921,0.626584,0,0,0,0
234,25,49,182,0.742422,0.926475,0.407921,0.626584,0,0,0,0
235,23,49,183,0.742422,0.926475,0.407921,0.651977,0,0,0,1
236,21,49,184,0.742422,0.926475,0.407921,0.654246,0,0,0,0
237,29,50,184,0.742422,0.926475,0.407921,0.654246,0,0,0,0
238,27,50,185,0.742422,0.926475,0.407921,0.654246,0,0,0,0
239,25,50,186,0.742422,0.926475,0.407921,0.654246,0,0,0,0
240,23,50,187,0.742422,0.926475,0.407921,0.654246,0,0,0,0
241,21,50,188,0.742422,0.926475,0.407921,0.654246,0,0,0,0
242,19,50,189,0.762942,0.933655,0.407921,0.654246,1,1,0,0
243,17,50,190,0.784012,0.934274,0.407921,0.654246,1,0,0,0
244,29,51,190,0.803696,0.934274,0.407921,0.654246,1,0,0,0
245,27,51,191,0.805274,0.940742,0.407921,0.678730,0,1,0,1
246,29,52,191,0.805274,0.947115,0.407921,0.704365,0,1,0,1
247,27,52,192,0.805274,0.947616,0.407921,0.706447,0,0,0,0
248,29,53,192,0.805274,0.947616,0.407921,0.706447,0,0,0,0
249,27,53,193,0.805274,0.947616,0.442093,0.706447,0,0,1,0
250,25,53,194,0.805274,0.952837,0.444559,0.706447,0,1,0,0
251,29,54,194,0.805274,0.957968,0.444559,0.706447,0,1,0,0
252,27,54,195,0.805274,0.958371,0.444559,0.706447,0,0,0,0
253,29,55,195,0.805274,0.958371,0.444559,0.706447,0,0,0,0
254,27,55,196,0.805274,0.958371,0.444559,0.706447,0,0,0,0
255,25,55,197,0.805274,0.958371,0.444559,0.706447,0,0,0,0
256,23,55,198,0.805274,0.958371,0.444559,0.706447,0,0,0,0
257,21,55,199,0.805274,0.958371,0.444559,0.706447,0,0,0,0
258,19,55,200,0.805274,0.958371,0.444559,0.706447,0,0,0,0
259,17,55,201,0.805274,0.958371,0.444559,0.728778,0,0,0,1
260,15,55,202,0.805274,0.958371,0.444559,0.730754,0,0,0,0
261,29,56,202,0.805274,0.958371,0.444559,0.730754,0,0,0,0
262,27,56,203,0.805274,0.958371,0.471849,0.751890,0,0,1,1
263,25,56,204,0.805274,0.958371,0.474341,0.773650,0,0,0,1
264,29,57,204,0.805274,0.958371,0.474341,0.794028,0,0,0,1
265,27,57,205,0.821997,0.958371,0.474341,0.795663,1,0,0,0
266,25,57,206,0.823460,0.958371,0.501815,0.795663,0,0,1,0
267,29,58,206,0.823460,0.958371,0.536755,0.795663,0,0,1,0
268,27,58,207,0.823460,0.958371,0.539242,0.795663,0,0,0,0
269,29,59,207,0.823460,0.958371,0.539242,0.795663,0,0,0,0
270,27,59,208,0.823460,0.958371,0.566442,0.795663,0,0,1,0
271,25,59,209,0.823460,0.958371,0.568897,0.795663,0,0,0,0
272,23,59,210,0.823460,0.958371,0.568897,0.795663,0,0,0,0
273,21,59,211,0.823460,0.958371,0.568897,0.795663,0,0,0,0
274,19,59,212,0.823460,0.958371,0.568897,0.795663,0,0,0,0
275,17,59,213,0.823460,0.958371,0.568897,0.795663,0,0,0,0
276,15,59,214,0.823460,0.958371,0.568897,0.795663,0,0,0,0
277,13,59,215,0.823460,0.958371,0.595667,0.795663,0,0,1,0
278,11,59,216,0.823460,0.958371,0.598076,0.813018,0,0,0,1
279,9,59,217,0.823460,0.962563,0.598076,0.814539,0,1,0,0
280,29,60,217,0.823460,0.966674,0.598076,0.814539,0,1,0,0
281,27,60,218,0.823460,0.966996,0.598076,0.814539,0,0,0,0
282,29,61,218,0.823460,0.966996,0.598076,0.814539,0,0,0,0
283,27,61,219,0.823460,0.966996,0.626584,0.814539,0,0,1,0
284,25,61,220,0.823460,0.966996,0.628923,0.814539,0,0,0,0
285,29,62,220,0.823460,0.966996,0.628923,0.814539,0,0,0,0
286,27,62,221,0.823460,0.966996,0.628923,0.814539,0,0,0,0
287,25,62,222,0.823460,0.970347,0.628923,0.814539,0,1,0,0
288,23,62,223,0.823460,0.970634,0.628923,0.814539,0,0,0,0
289,29,63,223,0.823460,0.970634,0.628923,0.814539,0,0,0,0
290,27,63,224,0.823460,0.970634,0.628923,0.814539,0,0,0,0
291,25,63,225,0.823460,0.970634,0.628923,0.814539,0,0,0,0
292,23,63,226,0.823460,0.970634,0.628923,0.814539,0,0,0,0
293,21,63,227,0.823460,0.970634,0.628923,0.814539,0,0,0,0
294,19,63,228,0.823460,0.970634,0.628923,0.814539,0,0,0,0
295,17,63,229,0.823460,0.970634,0.628923,0.814539,0,0,0,0
296,15,63,230,0.823460,0.970634,0.628923,0.814539,0,0,0,0
297,13,63,231,0.823460,0.970634,0.628923,0.814539,0,0,0,0
298,11,63,232,0.823460,0.970634,0.628923,0.830635,0,0,0,1
299,9,63,233,0.838936,0.970634,0.628923,0.832041,1,0,0,0
300,29,64,233,0.854551,0.970634,0.628923,0.832041,1,0,0,0
301,27,64,234,0.868891,0.970634,0.628923,0.832041,1,0,0,0
302,29,65,234,0.882014,0.970634,0.628923,0.832041,1,0,0,0
303,27,65,235,0.883054,0.970634,0.628923,0.832041,0,0,0,0
304,29,66,235,0.883054,0.970634,0.628923,0.832041,0,0,0,0
305,27,66,236,0.883054,0.973626,0.628923,0.832041,0,1,0,0
306,25,66,237,0.883054,0.976551,0.628923,0.832041,0,1,0,0
307,29,67,237,0.883054,0.979159,0.628923,0.832041,0,1,0,0
308,27,67,238,0.883054,0.979364,0.628923,0.832041,0,0,0,0
309,29,68,238,0.883054,0.979364,0.628923,0.832041,0,0,0,0
310,27,68,239,0.893985,0.979364,0.628923,0.832041,1,0,0,0
311,25,68,240,0.894933,0.979364,0.628923,0.846906,0,0,0,1
312,29,69,240,0.894933,0.979364,0.628923,0.861877,0,0,0,1
313,27,69,241,0.904874,0.979364,0.628923,0.863067,1,0,0,0
314,29,70,241,0.914752,0.979364,0.628923,0.863067,1,0,0,0
315,27,70,242,0.915531,0.979364,0.628923,0.863067,0,0,0,0
316,29,71,242,0.915531,0.979364,0.628923,0.863067,0,0,0,0
317,27,71,243,0.915531,0.979364,0.628923,0.875600,0,0,0,1
318,25,71,244,0.915531,0.979364,0.628923,0.876690,0,0,0,0
319,29,72,244,0.915531,0.979364,0.628923,0.876690,0,0,0,0
320,27,72,245,0.915531,0.979364,0.628923,0.888139,0,0,0,1
321,25,72,246,0.915531,0.979364,0.654246,0.889132,0,0,1,0
322,23,72,247,0.915531,0.979364,0.656508,0.889132,0,0,0,0
323,29,73,247,0.915531,0.979364,0.656508,0.889132,0,0,0,0
324,27,73,248,0.915531,0.979364,0.656508,0.899560,0,0,0,1
325,25,73,249,0.915531,0.979364,0.680910,0.900464,0,0,1,0
326,29,74,249,0.915531,0.979364,0.706447,0.900464,0,0,1,0
327,27,74,250,0.915531,0.979364,0.730754,0.900464,0,0,1,0
328,29,75,250,0.915531,0.979364,0.753756,0.900464,0,0,1,0
329,27,75,251,0.915531,0.979364,0.755612,0.900464,0,0,0,0
330,29,76,251,0.915531,0.979364,0.755612,0.900464,0,0,0,0
331,27,76,252,0.915531,0.979364,0.755612,0.900464,0,0,0,0
332,25,76,253,0.915531,0.979364,0.755612,0.900464,0,0,0,0
333,23,76,254,0.915531,0.979364,0.755612,0.900464,0,0,0,0
334,21,76,255,0.915531,0.979364,0.755612,0.900464,0,0,0,0
335,19,76,256,0.915531,0.979364,0.755612,0.900464,0,0,0,0
336,17,76,257,0.915531,0.979364,0.755612,0.900464,0,0,0,0
337,15,76,258,0.915531,0.979364,0.755612,0.900464,0,0,0,0
338,13,76,259,0.915531,0.979364,0.755612,0.900464,0,0,0,0
339,11,76,260,0.923691,0.981483,0.755612,0.900464,1,1,0,0
340,9,76,261,0.924396,0.981665,0.755612,0.900464,0,0,0,0
341,29,77,261,0.924396,0.981665,0.755612,0.900464,0,0,0,0
342,27,77,262,0.924396,0.981665,0.755612,0.900464,0,0,0,0
343,25,77,263,0.931764,0.981665,0.755612,0.900464,1,0,0,0
344,23,77,264,0.932400,0.981665,0.755612,0.909934,0,0,0,1
345,29,78,264,0.932400,0.981665,0.755612,0.919334,0,0,0,1
346,27,78,265,0.932400,0.981665,0.755612,0.920076,0,0,0,0
347,29,79,265,0.932400,0.981665,0.755612,0.920076,0,0,0,0
348,27,79,266,0.932400,0.981665,0.755612,0.920076,0,0,0,0
349,25,79,267,0.932400,0.981665,0.755612,0.920076,0,0,0,0
350,23,79,268,0.932400,0.981665,0.755612,0.920076,0,0,0,0
351,21,79,269,0.932400,0.981665,0.755612,0.920076,0,0,0,0
352,19,79,270,0.932400,0.981665,0.755612,0.920076,0,0,0,0
353,17,79,271,0.932400,0.983552,0.755612,0.920076,0,1,0,0
354,15,79,272,0.932400,0.983714,0.755612,0.920076,0,0,0,0
355,29,80,272,0.932400,0.983714,0.755612,0.920076,0,0,0,0
356,27,80,273,0.932400,0.983714,0.755612,0.920076,0,0,0,0
357,25,80,274,0.932400,0.983714,0.755612,0.920076,0,0,0,0
358,23,80,275,0.932400,0.983714,0.755612,0.920076,0,0,0,0
359,21,80,276,0.932400,0.983714,0.755612,0.920076,0,0,0,0
360,19,80,277,0.932400,0.983714,0.755612,0.920076,0,0,0,0
361,17,80,278,0.939039,0.983714,0.755612,0.920076,1,0,0,0
362,15,80,279,0.945585,0.983714,0.755612,0.920076,1,0,0,0
363,13,80,280,0.946100,0.983714,0.755612,0.927831,0,0,0,1
364,29,81,280,0.946100,0.983714,0.755612,0.935497,0,0,0,1
365,27,81,281,0.946100,0.983714,0.755612,0.942399,0,0,0,1
366,29,82,281,0.946100,0.983714,0.755612,0.948604,0,0,0,1
367,27,82,282,0.946100,0.983714,0.755612,0.949092,0,0,0,0
368,29,83,282,0.946100,0.983714,0.755612,0.949092,0,0,0,0
369,27,83,283,0.946100,0.983714,0.755612,0.949092,0,0,0,0
370,25,83,284,0.946100,0.983714,0.755612,0.949092,0,0,0,0
371,23,83,285,0.946100,0.983714,0.755612,0.949092,0,0,0,0
372,21,83,286,0.946100,0.983714,0.755612,0.949092,0,0,0,0
373,19,83,287,0.946100,0.983714,0.775401,0.949092,0,0,1,0
374,17,83,288,0.946100,0.983714,0.777143,0.949092,0,0,0,0
375,15,83,289,0.946100,0.983714,0.795663,0.949092,0,0,1,0
376,13,83,290,0.946100,0.983714,0.797289,0.949092,0,0,0,0
377,29,84,290,0.946100,0.983714,0.797289,0.949092,0,0,0,0
378,27,84,291,0.946100,0.983714,0.797289,0.954173,0,0,0,1
379,25,84,292,0.946100,0.983714,0.797289,0.959165,0,0,0,1
380,23,84,293,0.946100,0.985393,0.797289,0.959557,0,1,0,0
381,29,85,293,0.946100,0.987031,0.797289,0.959557,0,1,0,0
382,27,85,294,0.946100,0.987159,0.797289,0.959557,0,0,0,0
383,29,86,294,0.946100,0.987159,0.797289,0.959557,0,0,0,0
384,27,86,295,0.946100,0.987159,0.797289,0.959557,0,0,0,0
385,25,86,296,0.946100,0.987159,0.814539,0.959557,0,0,1,0
386,23,86,297,0.946100,0.987159,0.832041,0.959557,0,0,1,0
387,29,87,297,0.946100,0.987159,0.848203,0.959557,0,0,1,0
388,27,87,298,0.946100,0.987159,0.863067,0.959557,0,0,1,0
389,29,88,298,0.946100,0.987159,0.876690,0.959557,0,0,1,0
390,27,88,299,0.946100,0.987159,0.877771,0.959557,0,0,0,0
391,29,89,299,0.946100,0.987159,0.877771,0.959557,0,0,0,0
392,27,89,300,0.946100,0.987159,0.877771,0.959557,0,0,0,0
393,25,89,301,0.946100,0.987159,0.877771,0.959557,0,0,0,0
394,23,89,302,0.946100,0.987159,0.877771,0.959557,0,0,0,0
395,21,89,303,0.946100,0.987159,0.877771,0.959557,0,0,0,0
396,19,89,304,0.946100,0.987159,0.877771,0.959557,0,0,0,0
397,17,89,305,0.951464,0.987159,0.877771,0.959557,1,0,0,0
398,15,89,306,0.951926,0.987159,0.877771,0.963634,0,0,0,1
399,13,89,307,0.956738,0.988487,0.877771,0.967631,1,1,0,1
400,29,90,307,0.961462,0.989782,0.877771,0.971202,1,1,0,1
401,27,90,308,0.961832,0.989883,0.877771,0.974389,0,0,0,1
402,29,91,308,0.961832,0.989883,0.877771,0.977232,0,0,0,1
403,27,91,309,0.965689,0.989883,0.889132,0.979766,1,0,1,1
404,29,92,309,0.969467,0.989883,0.900464,0.982023,1,0,1,1
405,27,92,310,0.969763,0.989883,0.901360,0.982200,0,0,0,0
406,29,93,310,0.969763,0.989883,0.901360,0.982200,0,0,0,0
407,27,93,311,0.969763,0.990932,0.901360,0.982200,0,1,0,0
408,25,93,312,0.969763,0.991022,0.910754,0.982200,0,0,1,0
409,29,94,312,0.969763,0.991022,0.920076,0.982200,0,0,1,0
410,27,94,313,0.969763,0.991022,0.920811,0.982200,0,0,0,0
411,29,95,313,0.969763,0.991022,0.920811,0.982200,0,0,0,0
412,27,95,314,0.969763,0.991022,0.920811,0.982200,0,0,0,0
413,25,95,315,0.969763,0.991954,0.920811,0.982200,0,1,0,0
414,23,95,316,0.969763,0.992034,0.920811,0.984033,0,0,0,1
415,29,96,316,0.969763,0.992034,0.920811,0.985821,0,0,0,1
416,27,96,317,0.972841,0.992034,0.920811,0.985960,1,0,0,0
417,25,96,318,0.973105,0.992034,0.928501,0.985960,0,0,1,0
418,29,97,318,0.973105,0.992034,0.936100,0.987411,0,0,1,1
419,27,97,319,0.973105,0.992034,0.936699,0.987535,0,0,0,0
420,29,98,319,0.973105,0.992034,0.936699,0.987535,0,0,0,0
421,27,98,320,0.975851,0.992034,0.936699,0.987535,1,0,0,0
422,25,98,321,0.978535,0.992034,0.936699,0.988825,1,0,0,1
423,29,99,321,0.980927,0.992034,0.942942,0.990082,1,0,1,1
424,27,99,322,0.981114,0.992034,0.943480,0.990180,0,0,0,0
425,29,100,322,0.981114,0.992034,0.943480,0.990180,0,0,0,0
426,27,100,323,0.983057,0.992862,0.943480,0.990180,1,1,0,0
427,25,100,324,0.983224,0.992932,0.943480,0.991199,0,0,0,1
428,23,100,325,0.984953,0.993667,0.943480,0.991286,1,1,0,0
429,21,100,326,0.985101,0.993730,0.949092,0.991286,0,0,1,0
430,29,101,326,0.985101,0.993730,0.954611,0.991286,0,0,1,0
431,27,101,327,0.985101,0.994383,0.955044,0.991286,0,1,0,0
432,29,102,327,0.985101,0.995018,0.955044,0.991286,0,1,0,0
433,27,102,328,0.985101,0.995067,0.955044,0.991286,0,0,0,0
434,29,103,328,0.985101,0.995067,0.955044,0.991286,0,0,0,0
435,27,103,329,0.985101,0.995067,0.959557,0.991286,0,0,1,0
436,25,103,330,0.985101,0.995067,0.959945,0.991286,0,0,0,0
437,29,104,330,0.985101,0.995067,0.959945,0.991286,0,0,0,0
438,27,104,331,0.985101,0.995067,0.963985,0.991286,0,0,1,0
439,25,104,332,0.985101,0.995067,0.967944,0.992191,0,0,1,1
440,29,105,332,0.985101,0.995067,0.971481,0.993072,0,0,1,1
441,27,105,333,0.986639,0.995067,0.974639,0.993854,1,0,1,1
442,29,106,333,0.988139,0.995067,0.977454,0.994549,1,0,1,1
443,27,106,334,0.988256,0.995581,0.979964,0.994603,0,1,1,0
444,25,106,335,0.988256,0.996081,0.980160,0.995165,0,1,0,1
445,23,106,336,0.988256,0.996525,0.982200,0.995213,0,1,1,0
446,29,107,336,0.988256,0.996919,0.984190,0.995213,0,1,1,0
447,27,107,337,0.988256,0.997268,0.984345,0.995213,0,1,0,0
448,29,108,337,0.988256,0.997577,0.984345,0.995213,0,1,0,0
449,27,108,338,0.988256,0.997602,0.984345,0.995213,0,0,0,0
450,29,109,338,0.988256,0.997602,0.984345,0.995213,0,0,0,0
451,27,109,339,0.988256,0.997602,0.984345,0.995213,0,0,0,0
452,25,109,340,0.988256,0.997602,0.984345,0.995213,0,0,0,0
453,23,109,341,0.988256,0.997602,0.984345,0.995213,0,0,0,0
454,21,109,342,0.988256,0.997852,0.984345,0.995213,0,1,0,0
455,19,109,343,0.989472,0.997873,0.984345,0.995213,1,0,0,0
456,29,110,343,0.990657,0.997873,0.984345,0.995213,1,0,0,0
457,27,110,344,0.991710,0.997873,0.984345,0.995213,1,0,0,0
458,29,111,344,0.992645,0.997873,0.984345,0.995213,1,0,0,0
459,27,111,345,0.992718,0.997873,0.984345,0.995213,0,0,0,0
460,29,112,345,0.992718,0.997873,0.984345,0.995213,0,0,0,0
461,27,112,346,0.992718,0.997873,0.984345,0.995213,0,0,0,0
462,25,112,347,0.992718,0.997873,0.984345,0.995213,0,0,0,0
463,23,112,348,0.992718,0.997873,0.984345,0.995213,0,0,0,0
464,21,112,349,0.992718,0.997873,0.985960,0.995712,0,0,1,1
465,19,112,350,0.992718,0.997873,0.987535,0.996197,0,0,1,1
466,29,113,350,0.992718,0.997873,0.988936,0.996628,0,0,1,1
467,27,113,351,0.992718,0.998096,0.989045,0.997010,0,1,0,1
468,29,114,351,0.992718,0.998312,0.989045,0.997349,0,1,0,1
469,27,114,352,0.992718,0.998328,0.989045,0.997375,0,0,0,0
470,29,115,352,0.992718,0.998328,0.989045,0.997375,0,0,0,0
471,27,115,353,0.992718,0.998328,0.989045,0.997649,0,0,0,1
472,25,115,354,0.993475,0.998328,0.990180,0.997673,1,0,1,0
473,29,116,354,0.994212,0.998328,0.991286,0.997673,1,0,1,0
474,27,116,355,0.994866,0.998328,0.991373,0.997916,1,0,0,1
475,29,117,355,0.995447,0.998328,0.991373,0.998152,1,0,0,1
476,27,117,356,0.995492,0.998328,0.991373,0.998171,0,0,0,0
477,29,118,356,0.995492,0.998328,0.991373,0.998171,0,0,0,0
478,27,118,357,0.995492,0.998328,0.991373,0.998171,0,0,0,0
479,25,118,358,0.995492,0.998328,0.991373,0.998171,0,0,0,0
480,23,118,359,0.995962,0.998328,0.991373,0.998362,1,0,0,1
481,21,118,360,0.996002,0.998328,0.991373,0.998378,0,0,0,0
482,29,119,360,0.996002,0.998328,0.991373,0.998378,0,0,0,0
483,27,119,361,0.996002,0.998328,0.991373,0.998378,0,0,0,0
484,25,119,362,0.996002,0.998503,0.991373,0.998378,0,1,0,0
485,23,119,363,0.996419,0.998673,0.991373,0.998378,1,1,0,0
486,29,120,363,0.996825,0.998824,0.991373,0.998378,1,1,0,0
487,27,120,364,0.996856,0.998835,0.991373,0.998378,0,0,0,0
488,29,121,364,0.996856,0.998835,0.991373,0.998378,0,0,0,0
489,27,121,365,0.996856,0.998957,0.991373,0.998378,0,1,0,0
490,25,121,366,0.996856,0.998968,0.991373,0.998378,0,0,0,0
491,23,121,367,0.996856,0.999075,0.991373,0.998378,0,1,0,0
492,21,121,368,0.996856,0.999085,0.991373,0.998378,0,0,0,0
493,29,122,368,0.996856,0.999085,0.991373,0.998378,0,0,0,0
494,27,122,369,0.996856,0.999085,0.991373,0.998378,0,0,0,0
495,25,122,370,0.996856,0.999085,0.991373,0.998378,0,0,0,0
496,23,122,371,0.996856,0.999085,0.991373,0.998378,0,0,0,0
497,21,122,372,0.997184,0.999085,0.991373,0.998378,1,0,0,0
498,19,122,373,0.997503,0.999085,0.991373,0.998378,1,0,0,0
499,29,123,373,0.997786,0.999085,0.991373,0.998378,1,0,0,0
500,27,123,374,0.997809,0.999085,0.991373,0.998378,0,0,0,0
501,25,123,375,0.998037,0.999085,0.991373,0.998378,1,0,0,0
502,23,123,376,0.998057,0.999085,0.991373,0.998378,0,0,0,0
503,29,124,376,0.998057,0.999085,0.991373,0.998378,0,0,0,0
504,27,124,377,0.998057,0.999085,0.991373,0.998378,0,0,0,0
505,25,124,378,0.998057,0.999085,0.991373,0.998378,0,0,0,0
506,23,124,379,0.998057,0.999085,0.991373,0.998378,0,0,0,0
507,21,124,380,0.998057,0.999085,0.992269,0.998378,0,0,1,0
508,19,124,381,0.998057,0.999085,0.992345,0.998548,0,0,0,1
509,29,125,381,0.998057,0.999085,0.992345,0.998712,0,0,0,1
510,27,125,382,0.998057,0.999085,0.992345,0.998858,0,0,0,1
511,29,126,382,0.998057,0.999085,0.992345,0.998988,0,0,0,1
512,27,126,383,0.998057,0.999085,0.993141,0.999103,0,0,1,1
513,29,127,383,0.998057,0.999085,0.993915,0.999205,0,0,1,1
514,27,127,384,0.998057,0.999085,0.993976,0.999213,0,0,0,0
515,29,128,384,0.998057,0.999085,0.993976,0.999213,0,0,0,0
516,27,128,385,0.998057,0.999180,0.993976,0.999213,0,1,0,0
517,25,128,386,0.998057,0.999189,0.994603,0.999213,0,0,1,0
518,29,129,386,0.998057,0.999189,0.995213,0.999213,0,0,1,0
519,27,129,387,0.998057,0.999273,0.995261,0.999213,0,1,0,0
520,29,130,387,0.998057,0.999356,0.995261,0.999213,0,1,0,0
521,27,130,388,0.998057,0.999362,0.995261,0.999213,0,0,0,0
522,29,131,388,0.998057,0.999362,0.995261,0.999213,0,0,0,0
523,27,131,389,0.998057,0.999362,0.995755,0.999213,0,0,1,0
524,25,131,390,0.998057,0.999362,0.995797,0.999213,0,0,0,0
525,29,132,390,0.998057,0.999362,0.995797,0.999213,0,0,0,0
526,27,132,391,0.998057,0.999362,0.995797,0.999213,0,0,0,0
527,25,132,392,0.998057,0.999362,0.995797,0.999213,0,0,0,0
528,23,132,393,0.998057,0.999362,0.995797,0.999213,0,0,0,0
529,21,132,394,0.998057,0.999362,0.995797,0.999213,0,0,0,0
530,19,132,395,0.998057,0.999362,0.996235,0.999213,0,0,1,0
531,17,132,396,0.998057,0.999362,0.996273,0.999213,0,0,0,0
532,15,132,397,0.998057,0.999362,0.996273,0.999213,0,0,0,0
533,13,132,398,0.998057,0.999362,0.996273,0.999213,0,0,0,0
534,11,132,399,0.998057,0.999362,0.996273,0.999213,0,0,0,0
535,9,132,400,0.998260,0.999362,0.996273,0.999295,1,0,0,1
536,7,132,401,0.998277,0.999362,0.996273,0.999302,0,0,0,0
537,29,133,401,0.998277,0.999362,0.996273,0.999302,0,0,0,0
538,27,133,402,0.998277,0.999362,0.996273,0.999302,0,0,0,0
539,25,133,403,0.998277,0.999362,0.996661,0.999302,0,0,1,0
540,23,133,404,0.998277,0.999362,0.997040,0.999302,0,0,1,0
541,29,134,404,0.998277,0.999362,0.997375,0.999302,0,0,1,0
542,27,134,405,0.998277,0.999362,0.997673,0.999302,0,0,1,0
543,29,135,405,0.998277,0.999362,0.997936,0.999302,0,0,1,0
544,27,135,406,0.998277,0.999362,0.997957,0.999375,0,0,0,1
545,29,136,406,0.998277,0.999362,0.997957,0.999446,0,0,0,1
546,27,136,407,0.998277,0.999362,0.997957,0.999452,0,0,0,0
547,29,137,407,0.998277,0.999362,0.997957,0.999452,0,0,0,0
548,27,137,408,0.998277,0.999362,0.997957,0.999452,0,0,0,0
549,25,137,409,0.998277,0.999362,0.997957,0.999452,0,0,0,0
550,23,137,410,0.998457,0.999362,0.998171,0.999452,1,0,1,0
551,21,137,411,0.998473,0.999362,0.998378,0.999452,0,0,1,0
552,29,138,411,0.998473,0.999362,0.998562,0.999452,0,0,1,0
553,27,138,412,0.998473,0.999362,0.998576,0.999509,0,0,0,1
554,29,139,412,0.998473,0.999362,0.998576,0.999565,0,0,0,1
555,27,139,413,0.998473,0.999362,0.998576,0.999569,0,0,0,0
556,29,140,413,0.998473,0.999362,0.998576,0.999569,0,0,0,0
557,27,140,414,0.998473,0.999362,0.998576,0.999569,0,0,0,0
558,25,140,415,0.998473,0.999362,0.998576,0.999569,0,0,0,0
559,23,140,416,0.998473,0.999362,0.998576,0.999569,0,0,0,0
560,21,140,417,0.998473,0.999362,0.998576,0.999569,0,0,0,0
561,19,140,418,0.998473,0.999362,0.998576,0.999569,0,0,0,0
562,17,140,419,0.998473,0.999362,0.998725,0.999614,0,0,1,1
563,15,140,420,0.998473,0.999362,0.998738,0.999618,0,0,0,0
564,29,141,420,0.998473,0.999362,0.998738,0.999618,0,0,0,0
565,27,141,421,0.998473,0.999362,0.998738,0.999618,0,0,0,0
566,25,141,422,0.998473,0.999362,0.998738,0.999618,0,0,0,0
567,23,141,423,0.998473,0.999362,0.998738,0.999618,0,0,0,0
568,21,141,424,0.998473,0.999362,0.998738,0.999618,0,0,0,0
569,19,141,425,0.998473,0.999362,0.998738,0.999618,0,0,0,0
570,17,141,426,0.998473,0.999362,0.998738,0.999618,0,0,0,0
571,15,141,427,0.998473,0.999362,0.998738,0.999618,0,0,0,0
572,13,141,428,0.998632,0.999362,0.998738,0.999618,1,0,0,0
573,11,141,429,0.998646,0.999429,0.998738,0.999618,0,1,0,0
574,29,142,429,0.998646,0.999494,0.998738,0.999618,0,1,0,0
575,27,142,430,0.998788,0.999499,0.998738,0.999618,1,0,0,0
576,29,143,430,0.998925,0.999499,0.998738,0.999618,1,0,0,0
577,27,143,431,0.998936,0.999499,0.998738,0.999618,0,0,0,0
578,29,144,431,0.998936,0.999499,0.998738,0.999618,0,0,0,0
579,27,144,432,0.998936,0.999499,0.998738,0.999618,0,0,0,0
580,25,144,433,0.998936,0.999499,0.998738,0.999618,0,0,0,0
581,23,144,434,0.998936,0.999499,0.998738,0.999618,0,0,0,0
582,21,144,435,0.998936,0.999499,0.998738,0.999618,0,0,0,0
583,19,144,436,0.999047,0.999499,0.998738,0.999618,1,0,0,0
584,17,144,437,0.999057,0.999551,0.998738,0.999618,0,1,0,0
585,29,145,437,0.999057,0.999602,0.998738,0.999618,0,1,0,0
586,27,145,438,0.999155,0.999606,0.998738,0.999618,1,0,0,0
587,29,146,438,0.999251,0.999606,0.998738,0.999618,1,0,0,0
588,27,146,439,0.999336,0.999606,0.998738,0.999618,1,0,0,0
589,29,147,439,0.999412,0.999606,0.998738,0.999618,1,0,0,0
590,27,147,440,0.999418,0.999606,0.998738,0.999618,0,0,0,0
591,29,148,440,0.999418,0.999606,0.998738,0.999618,0,0,0,0
592,27,148,441,0.999418,0.999606,0.998738,0.999618,0,0,0,0
593,25,148,442,0.999418,0.999606,0.998738,0.999618,0,0,0,0
594,23,148,443,0.999418,0.999606,0.998738,0.999618,0,0,0,0
595,21,148,444,0.999418,0.999606,0.998738,0.999618,0,0,0,0
596,19,148,445,0.999418,0.999606,0.998738,0.999658,0,0,0,1
597,17,148,446,0.999418,0.999606,0.998870,0.999697,0,0,1,1
598,15,148,447,0.999478,0.999606,0.998881,0.999700,1,0,0,0
599,13,148,448,0.999484,0.999606,0.998998,0.999731,0,0,1,1
600,29,149,448,0.999484,0.999606,0.999112,0.999762,0,0,1,1
601,27,149,449,0.999538,0.999606,0.999121,0.999764,1,0,0,0
602,29,150,449,0.999590,0.999606,0.999121,0.999764,1,0,0,0
603,27,150,450,0.999594,0.999606,0.999121,0.999764,0,0,0,0
604,29,151,450,0.999594,0.999606,0.999121,0.999764,0,0,0,0
605,27,151,451,0.999594,0.999606,0.999121,0.999764,0,0,0,0
606,25,151,452,0.999594,0.999606,0.999121,0.999764,0,0,0,0
607,23,151,453,0.999594,0.999606,0.999121,0.999764,0,0,0,0
608,21,151,454,0.999594,0.999606,0.999121,0.999764,0,0,0,0
609,19,151,455,0.999594,0.999606,0.999121,0.999764,0,0,0,0
610,17,151,456,0.999594,0.999606,0.999121,0.999764,0,0,0,0
611,15,151,457,0.999594,0.999606,0.999121,0.999764,0,0,0,0
612,13,151,458,0.999594,0.999606,0.999121,0.999764,0,0,0,0
613,11,151,459,0.999594,0.999606,0.999121,0.999764,0,0,0,0
614,9,151,460,0.999594,0.999606,0.999213,0.999764,0,0,1,0
615,29,152,460,0.999594,0.999606,0.999302,0.999764,0,0,1,0
616,27,152,461,0.999594,0.999606,0.999309,0.999764,0,0,0,0
617,29,153,461,0.999594,0.999606,0.999309,0.999764,0,0,0,0
618,27,153,462,0.999637,0.999606,0.999381,0.999764,1,0,1,0
619,25,153,463,0.999640,0.999606,0.999388,0.999789,0,0,0,1
620,29,154,463,0.999640,0.999606,0.999388,0.999813,0,0,0,1
621,27,154,464,0.999678,0.999606,0.999388,0.999815,1,0,0,0
622,25,154,465,0.999681,0.999606,0.999388,0.999834,0,0,0,1
623,23,154,466,0.999681,0.999606,0.999452,0.999836,0,0,1,0
624,29,155,466,0.999681,0.999606,0.999514,0.999836,0,0,1,0
625,27,155,467,0.999681,0.999606,0.999519,0.999836,0,0,0,0
626,29,156,467,0.999681,0.999606,0.999519,0.999836,0,0,0,0
627,27,156,468,0.999681,0.999606,0.999519,0.999836,0,0,0,0
628,25,156,469,0.999681,0.999606,0.999519,0.999836,0,0,0,0
629,23,156,470,0.999681,0.999606,0.999519,0.999836,0,0,0,0
630,21,156,471,0.999681,0.999606,0.999519,0.999836,0,0,0,0
631,19,156,472,0.999681,0.999606,0.999519,0.999836,0,0,0,0
632,17,156,473,0.999681,0.999606,0.999519,0.999836,0,0,0,0
633,15,156,474,0.999681,0.999648,0.999519,0.999836,0,1,0,0
634,13,156,475,0.999681,0.999688,0.999519,0.999836,0,1,0,0
635,29,157,475,0.999681,0.999723,0.999519,0.999836,0,1,0,0
636,27,157,476,0.999715,0.999726,0.999519,0.999836,1,0,0,0
637,25,157,477,0.999717,0.999726,0.999569,0.999836,0,0,1,0
638,29,158,477,0.999717,0.999726,0.999618,0.999836,0,0,1,0
639,27,158,478,0.999717,0.999726,0.999622,0.999836,0,0,0,0
640,29,159,478,0.999717,0.999726,0.999622,0.999836,0,0,0,0
641,27,159,479,0.999717,0.999726,0.999622,0.999836,0,0,0,0
642,25,159,480,0.999717,0.999726,0.999622,0.999836,0,0,0,0
643,23,159,481,0.999717,0.999726,0.999622,0.999836,0,0,0,0
644,21,159,482,0.999717,0.999726,0.999622,0.999836,0,0,0,0
645,19,159,483,0.999717,0.999726,0.999622,0.999836,0,0,0,0
646,17,159,484,0.999717,0.999754,0.999622,0.999853,0,1,0,1
647,15,159,485,0.999717,0.999757,0.999622,0.999854,0,0,0,0
648,29,160,485,0.999717,0.999757,0.999622,0.999854,0,0,0,0
649,27,160,486,0.999717,0.999782,0.999622,0.999854,0,1,0,0
650,25,160,487,0.999717,0.999807,0.999622,0.999854,0,1,0,0
651,29,161,487,0.999717,0.999829,0.999622,0.999854,0,1,0,0
652,27,161,488,0.999747,0.999831,0.999622,0.999854,1,0,0,0
653,29,162,488,0.999776,0.999831,0.999622,0.999854,1,0,0,0
654,27,162,489,0.999801,0.999831,0.999622,0.999854,1,0,0,0
655,29,163,489,0.999824,0.999831,0.999622,0.999854,1,0,0,0
656,27,163,490,0.999826,0.999848,0.999622,0.999854,0,1,0,0
657,25,163,491,0.999826,0.999850,0.999661,0.999854,0,0,1,0
658,29,164,491,0.999826,0.999850,0.999700,0.999854,0,0,1,0
659,27,164,492,0.999826,0.999850,0.999703,0.999854,0,0,0,0
660,29,165,492,0.999826,0.999850,0.999703,0.999854,0,0,0,0
661,27,165,493,0.999826,0.999850,0.999703,0.999854,0,0,0,0
662,25,165,494,0.999826,0.999850,0.999703,0.999854,0,0,0,0
663,23,165,495,0.999826,0.999850,0.999734,0.999854,0,0,1,0
664,21,165,496,0.999826,0.999850,0.999737,0.999854,0,0,0,0
665,29,166,496,0.999826,0.999850,0.999737,0.999854,0,0,0,0
666,27,166,497,0.999826,0.999850,0.999737,0.999854,0,0,0,0
667,25,166,498,0.999826,0.999850,0.999737,0.999854,0,0,0,0
668,23,166,499,0.999826,0.999850,0.999737,0.999854,0,0,0,0
669,21,166,500,0.999844,0.999850,0.999737,0.999854,1,0,0,0
670,19,166,501,0.999845,0.999866,0.999737,0.999854,0,1,0,0
671,29,167,501,0.999845,0.999881,0.999737,0.999854,0,1,0,0
672,27,167,502,0.999862,0.999882,0.999737,0.999854,1,0,0,0
673,29,168,502,0.999877,0.999882,0.999737,0.999854,1,0,0,0
674,27,168,503,0.999891,0.999882,0.999737,0.999854,1,0,0,0
675,25,168,504,0.999892,0.999882,0.999764,0.999854,0,0,1,0
676,29,169,504,0.999892,0.999882,0.999791,0.999854,0,0,1,0
677,27,169,505,0.999892,0.999882,0.999793,0.999854,0,0,0,0
678,29,170,505,0.999892,0.999882,0.999793,0.999854,0,0,0,0
679,27,170,506,0.999892,0.999882,0.999793,0.999854,0,0,0,0
680,25,170,507,0.999892,0.999882,0.999793,0.999854,0,0,0,0
681,23,170,508,0.999892,0.999882,0.999793,0.999854,0,0,0,0
682,21,170,509,0.999892,0.999882,0.999793,0.999854,0,0,0,0
683,19,170,510,0.999892,0.999882,0.999793,0.999854,0,0,0,0
684,17,170,511,0.999892,0.999882,0.999793,0.999854,0,0,0,0
685,15,170,512,0.999892,0.999882,0.999793,0.999854,0,0,0,0
686,13,170,513,0.999892,0.999882,0.999793,0.999870,0,0,0,1
687,11,170,514,0.999892,0.999882,0.999815,0.999884,0,0,1,1
688,9,170,515,0.999904,0.999894,0.999817,0.999886,1,1,0,0
689,29,171,515,0.999915,0.999906,0.999817,0.999886,1,1,0,0
690,27,171,516,0.999915,0.999907,0.999836,0.999886,0,0,1,0
691,25,171,517,0.999924,0.999907,0.999837,0.999886,1,0,0,0
692,23,171,518,0.999925,0.999907,0.999854,0.999886,0,0,1,0
693,29,172,518,0.999925,0.999907,0.999871,0.999886,0,0,1,0
694,27,172,519,0.999925,0.999907,0.999872,0.999886,0,0,0,0
695,29,173,519,0.999925,0.999907,0.999872,0.999886,0,0,0,0
696,27,173,520,0.999925,0.999917,0.999872,0.999898,0,1,0,1
697,25,173,521,0.999925,0.999918,0.999872,0.999909,0,0,0,1
698,29,174,521,0.999925,0.999918,0.999872,0.999920,0,0,0,1
699,27,174,522,0.999925,0.999918,0.999886,0.999920,0,0,1,0
700,25,174,523,0.999933,0.999918,0.999887,0.999920,1,0,0,0
701,29,175,523,0.999940,0.999918,0.999887,0.999920,1,0,0,0
702,27,175,524,0.999941,0.999918,0.999887,0.999920,0,0,0,0
703,29,176,524,0.999941,0.999918,0.999887,0.999920,0,0,0,0
704,27,176,525,0.999941,0.999918,0.999887,0.999920,0,0,0,0
705,25,176,526,0.999941,0.999926,0.999887,0.999920,0,1,0,0
706,23,176,527,0.999941,0.999927,0.999887,0.999920,0,0,0,0
707,21,176,528,0.999941,0.999935,0.999887,0.999920,0,1,0,0
708,19,176,529,0.999941,0.999935,0.999887,0.999920,0,0,0,0
709,29,177,529,0.999941,0.999935,0.999887,0.999920,0,0,0,0
710,27,177,530,0.999941,0.999942,0.999887,0.999920,0,1,0,0
711,25,177,531,0.999941,0.999949,0.999887,0.999920,0,1,0,0
712,29,178,531,0.999941,0.999955,0.999887,0.999920,0,1,0,0
713,27,178,532,0.999947,0.999955,0.999887,0.999920,1,0,0,0
714,29,179,532,0.999953,0.999955,0.999887,0.999920,1,0,0,0
715,27,179,533,0.999959,0.999955,0.999887,0.999920,1,0,0,0
716,25,179,534,0.999959,0.999955,0.999899,0.999920,0,0,1,0
717,29,180,534,0.999959,0.999955,0.999910,0.999920,0,0,1,0
718,27,180,535,0.999959,0.999955,0.999911,0.999920,0,0,0,0
719,25,180,536,0.999959,0.999955,0.999920,0.999920,0,0,1,0
720,23,180,537,0.999959,0.999955,0.999921,0.999920,0,0,0,0
721,29,181,537,0.999959,0.999955,0.999921,0.999920,0,0,0,0
722,27,181,538,0.999959,0.999955,0.999921,0.999920,0,0,0,0
723,25,181,539,0.999959,0.999960,0.999929,0.999920,0,1,1,0
724,23,181,540,0.999959,0.999960,0.999930,0.999920,0,0,0,0
725,29,182,540,0.999959,0.999960,0.999930,0.999920,0,0,0,0
726,27,182,541,0.999963,0.999960,0.999930,0.999920,1,0,0,0
727,25,182,542,0.999967,0.999960,0.999930,0.999920,1,0,0,0
728,29,183,542,0.999971,0.999960,0.999930,0.999920,1,0,0,0
729,27,183,543,0.999971,0.999960,0.999930,0.999920,0,0,0,0
730,29,184,543,0.999971,0.999960,0.999930,0.999920,0,0,0,0
731,27,184,544,0.999971,0.999960,0.999930,0.999920,0,0,0,0
732,25,184,545,0.999971,0.999960,0.999930,0.999929,0,0,0,1
733,23,184,546,0.999971,0.999960,0.999930,0.999937,0,0,0,1
734,29,185,546,0.999971,0.999960,0.999930,0.999944,0,0,0,1
735,27,185,547,0.999971,0.999960,0.999930,0.999945,0,0,0,0
736,29,186,547,0.999971,0.999960,0.999930,0.999945,0,0,0,0
737,27,186,548,0.999974,0.999960,0.999930,0.999945,1,0,0,0
738,25,186,549,0.999977,0.999960,0.999930,0.999945,1,0,0,0
739,23,186,550,0.999978,0.999960,0.999937,0.999945,0,0,1,0
740,29,187,550,0.999978,0.999960,0.999945,0.999945,0,0,1,0
741,27,187,551,0.999978,0.999960,0.999945,0.999945,0,0,0,0
742,29,188,551,0.999978,0.999960,0.999945,0.999945,0,0,0,0
743,27,188,552,0.999978,0.999960,0.999945,0.999945,0,0,0,0
744,25,188,553,0.999978,0.999964,0.999951,0.999945,0,1,1,0
745,23,188,554,0.999980,0.999965,0.999951,0.999945,1,0,0,0
746,29,189,554,0.999982,0.999965,0.999951,0.999945,1,0,0,0
747,27,189,555,0.999982,0.999965,0.999951,0.999945,0,0,0,0
748,29,190,555,0.999982,0.999965,0.999951,0.999945,0,0,0,0
749,27,190,556,0.999982,0.999965,0.999951,0.999945,0,0,0,0
750,25,190,557,0.999982,0.999968,0.999951,0.999945,0,1,0,0
751,23,190,558,0.999982,0.999969,0.999951,0.999945,0,0,0,0
752,29,191,558,0.999982,0.999969,0.999951,0.999945,0,0,0,0
753,27,191,559,0.999982,0.999969,0.999956,0.999945,0,0,1,0
754,25,191,560,0.999982,0.999969,0.999957,0.999945,0,0,0,0
755,29,192,560,0.999982,0.999969,0.999957,0.999945,0,0,0,0
756,27,192,561,0.999982,0.999969,0.999957,0.999950,0,0,0,1
757,25,192,562,0.999982,0.999969,0.999957,0.999951,0,0,0,0
758,23,192,563,0.999982,0.999969,0.999957,0.999951,0,0,0,0
759,21,192,564,0.999982,0.999972,0.999957,0.999951,0,1,0,0
760,19,192,565,0.999984,0.999973,0.999957,0.999951,1,0,0,0
761,17,192,566,0.999986,0.999975,0.999961,0.999951,1,1,1,0
762,15,192,567,0.999988,0.999978,0.999962,0.999956,1,1,0,1
763,29,193,567,0.999989,0.999981,0.999962,0.999961,1,1,0,1
764,27,193,568,0.999989,0.999981,0.999962,0.999965,0,0,0,1
765,29,194,568,0.999989,0.999981,0.999962,0.999969,0,0,0,1
766,27,194,569,0.999989,0.999981,0.999966,0.999970,0,0,1,0
767,25,194,570,0.999989,0.999981,0.999966,0.999970,0,0,0,0
768,29,195,570,0.999989,0.999981,0.999966,0.999970,0,0,0,0
769,27,195,571,0.999989,0.999983,0.999966,0.999970,0,1,0,0
770,25,195,572,0.999990,0.999983,0.999970,0.999970,1,0,1,0
771,29,196,572,0.999991,0.999983,0.999973,0.999970,1,0,1,0
772,27,196,573,0.999991,0.999983,0.999973,0.999970,0,0,0,0
773,25,196,574,0.999991,0.999985,0.999973,0.999970,0,1,0,0
774,23,196,575,0.999991,0.999985,0.999973,0.999970,0,0,0,0
775,29,197,575,0.999991,0.999985,0.999973,0.999970,0,0,0,0
776,27,197,576,0.999991,0.999985,0.999973,0.999970,0,0,0,0
777,25,197,577,0.999991,0.999985,0.999973,0.999970,0,0,0,0
778,23,197,578,0.999992,0.999985,0.999973,0.999970,1,0,0,0
779,21,197,579,0.999992,0.999985,0.999973,0.999970,0,0,0,0
780,29,198,579,0.999992,0.999985,0.999973,0.999970,0,0,0,0
781,27,198,580,0.999992,0.999987,0.999973,0.999970,0,1,0,0
782,25,198,581,0.999992,0.999987,0.999973,0.999970,0,0,0,0
783,29,199,581,0.999992,0.999987,0.999973,0.999970,0,0,0,0
784,27,199,582,0.999992,0.999987,0.999976,0.999970,0,0,1,0
785,25,199,583,0.999992,0.999987,0.999979,0.999970,0,0,1,0
786,29,200,583,0.999992,0.999987,0.999981,0.999970,0,0,1,0
787,27,200,584,0.999992,0.999987,0.999983,0.999970,0,0,1,0
788,29,201,584,0.999992,0.999987,0.999985,0.999970,0,0,1,0
789,27,201,585,0.999992,0.999987,0.999985,0.999970,0,0,0,0
790,29,202,585,0.999992,0.999987,0.999985,0.999970,0,0,0,0
791,27,202,586,0.999992,0.999987,0.999985,0.999970,0,0,0,0
792,25,202,587,0.999992,0.999987,0.999985,0.999970,0,0,0,0
793,23,202,588,0.999992,0.999987,0.999985,0.999970,0,0,0,0
794,21,202,589,0.999992,0.999987,0.999985,0.999970,0,0,0,0
795,19,202,590,0.999992,0.999987,0.999985,0.999970,0,0,0,0
796,17,202,591,0.999992,0.999987,0.999985,0.999970,0,0,0,0
797,15,202,592,0.999992,0.999987,0.999985,0.999970,0,0,0,0
798,13,202,593,0.999992,0.999987,0.999985,0.999970,0,0,0,0
799,11,202,594,0.999992,0.999987,0.999985,0.999970,0,0,0,0
800,9,202,595,0.999992,0.999987,0.999985,0.999970,0,0,0,0
801,7,202,596,0.999992,0.999987,0.999985,0.999973,0,0,0,1
802,5,202,597,0.999993,0.999987,0.999985,0.999973,1,0,0,0
803,29,203,597,0.999994,0.999987,0.999985,0.999973,1,0,0,0
804,27,203,598,0.999995,0.999987,0.999985,0.999973,1,0,0,0
805,29,204,598,0.999995,0.999987,0.999985,0.999973,1,0,0,0
806,27,204,599,0.999995,0.999987,0.999985,0.999973,0,0,0,0
807,29,205,599,0.999995,0.999987,0.999985,0.999973,0,0,0,0
808,27,205,600,0.999995,0.999987,0.999985,0.999973,0,0,0,0
809,25,205,601,0.999995,0.999987,0.999985,0.999973,0,0,0,0
810,23,205,602,0.999995,0.999987,0.999985,0.999973,0,0,0,0
811,21,205,603,0.999995,0.999987,0.999985,0.999973,0,0,0,0
812,19,205,604,0.999995,0.999987,0.999985,0.999973,0,0,0,0
813,17,205,605,0.999995,0.999987,0.999985,0.999973,0,0,0,0
814,15,205,606,0.999995,0.999987,0.999985,0.999973,0,0,0,0
815,13,205,607,0.999995,0.999987,0.999985,0.999976,0,0,0,1
816,11,205,608,0.999995,0.999987,0.999985,0.999979,0,0,0,1
817,29,206,608,0.999995,0.999987,0.999985,0.999981,0,0,0,1
818,27,206,609,0.999996,0.999987,0.999985,0.999983,1,0,0,1
819,29,207,609,0.999996,0.999987,0.999985,0.999985,1,0,0,1
820,27,207,610,0.999996,0.999987,0.999985,0.999987,0,0,0,1
821,29,208,610,0.999996,0.999987,0.999985,0.999988,0,0,0,1
822,27,208,611,0.999997,0.999987,0.999987,0.999990,1,0,1,1
823,29,209,611,0.999997,0.999987,0.999988,0.999991,1,0,1,1
824,27,209,612,0.999997,0.999987,0.999989,0.999991,0,0,0,0
825,29,210,612,0.999997,0.999987,0.999989,0.999991,0,0,0,0
826,27,210,613,0.999997,0.999987,0.999989,0.999991,0,0,0,0
827,25,210,614,0.999997,0.999987,0.999989,0.999991,0,0,0,0
828,23,210,615,0.999997,0.999988,0.999989,0.999991,0,1,0,0
829,21,210,616,0.999997,0.999988,0.999989,0.999991,0,0,0,0
830,19,210,617,0.999997,0.999988,0.999989,0.999992,0,0,0,1
831,17,210,618,0.999997,0.999988,0.999989,0.999992,0,0,0,0
832,29,211,618,0.999997,0.999988,0.999989,0.999992,0,0,0,0
833,27,211,619,0.999997,0.999988,0.999989,0.999993,0,0,0,1
834,25,211,620,0.999997,0.999988,0.999989,0.999993,0,0,0,0
835,29,212,620,0.999997,0.999988,0.999989,0.999993,0,0,0,0
836,27,212,621,0.999997,0.999988,0.999989,0.999994,0,0,0,1
837,25,212,622,0.999997,0.999988,0.999989,0.999994,1,0,0,0
838,29,213,622,0.999998,0.999988,0.999989,0.999994,1,0,0,0
839,27,213,623,0.999998,0.999988,0.999989,0.999994,0,0,0,0
840,29,214,623,0.999998,0.999988,0.999989,0.999994,0,0,0,0
841,27,214,624,0.999998,0.999988,0.999989,0.999994,0,0,0,0
842,25,214,625,0.999998,0.999989,0.999989,0.999994,0,1,0,0
843,23,214,626,0.999998,0.999990,0.999989,0.999994,0,0,0,0
844,29,215,626,0.999998,0.999990,0.999989,0.999994,0,0,0,0
845,27,215,627,0.999998,0.999990,0.999989,0.999994,0,0,0,0
846,25,215,628,0.999998,0.999990,0.999989,0.999994,0,0,0,0
847,23,215,629,0.999998,0.999990,0.999989,0.999994,0,0,0,0
848,21,215,630,0.999998,0.999990,0.999989,0.999994,0,0,0,0
849,19,215,631,0.999998,0.999990,0.999989,0.999994,0,0,0,0
850,17,215,632,0.999998,0.999990,0.999989,0.999994,0,0,0,0
851,15,215,633,0.999998,0.999990,0.999989,0.999994,0,0,0,0
852,13,215,634,0.999998,0.999990,0.999989,0.999994,0,0,0,0
853,11,215,635,0.999998,0.999991,0.999989,0.999994,0,1,0,1
854,9,215,636,0.999998,0.999991,0.999989,0.999994,1,0,0,0
855,7,215,637,0.999998,0.999991,0.999990,0.999994,0,0,1,0
856,29,216,637,0.999998,0.999991,0.999991,0.999994,0,0,1,0
857,27,216,638,0.999998,0.999991,0.999991,0.999994,0,0,0,0
858,25,216,639,0.999998,0.999991,0.999992,0.999994,0,0,1,0
859,23,216,640,0.999998,0.999991,0.999992,0.999994,0,0,0,0
860,29,217,640,0.999998,0.999991,0.999992,0.999994,0,0,0,0
861,27,217,641,0.999998,0.999991,0.999992,0.999995,0,0,0,1
862,25,217,642,0.999998,0.999991,0.999992,0.999995,0,0,0,0
863,29,218,642,0.999998,0.999991,0.999992,0.999995,0,0,0,0
864,27,218,643,0.999998,0.999991,0.999992,0.999996,0,0,0,1
865,25,218,644,0.999998,0.999991,0.999992,0.999996,0,0,0,0
866,23,218,645,0.999998,0.999991,0.999992,0.999996,0,0,0,0
867,21,218,646,0.999998,0.999991,0.999992,0.999996,0,0,0,0
868,19,218,647,0.999998,0.999991,0.999992,0.999996,0,0,0,0
869,17,218,648,0.999998,0.999991,0.999992,0.999996,0,0,0,0
870,15,218,649,0.999998,0.999991,0.999992,0.999996,0,0,0,0
871,13,218,650,0.999998,0.999991,0.999992,0.999996,0,0,0,0
872,11,218,651,0.999998,0.999991,0.999992,0.999996,0,0,0,0
873,9,218,652,0.999998,0.999991,0.999992,0.999996,0,0,0,0
874,7,218,653,0.999998,0.999991,0.999992,0.999996,1,0,0,0
875,5,218,654,0.999998,0.999991,0.999992,0.999996,1,0,0,1
876,29,219,654,0.999999,0.999991,0.999992,0.999997,1,0,0,1
877,27,219,655,0.999999,0.999991,0.999992,0.999997,1,0,0,0
878,29,220,655,0.999999,0.999991,0.999992,0.999997,1,0,0,0
879,27,220,656,0.999999,0.999991,0.999992,0.999997,0,0,0,0
880,29,221,656,0.999999,0.999991,0.999992,0.999997,0,0,0,0
881,27,221,657,0.999999,0.999991,0.999992,0.999997,0,0,0,0
882,25,221,658,0.999999,0.999991,0.999992,0.999997,0,0,0,0
883,23,221,659,0.999999,0.999991,0.999992,0.999997,0,0,0,0
884,21,221,660,0.999999,0.999992,0.999992,0.999997,0,1,0,0
885,19,221,661,0.999999,0.999992,0.999992,0.999997,0,0,0,0
886,29,222,661,0.999999,0.999992,0.999992,0.999997,0,0,0,0
887,27,222,662,0.999999,0.999992,0.999992,0.999997,0,0,0,0
888,25,222,663,0.999999,0.999992,0.999992,0.999997,1,0,0,0
889,23,222,664,0.999999,0.999992,0.999992,0.999997,0,0,0,0
890,29,223,664,0.999999,0.999992,0.999992,0.999997,0,0,0,0
891,27,223,665,0.999999,0.999992,0.999992,0.999997,0,0,0,0
892,25,223,666,0.999999,0.999992,0.999992,0.999997,0,0,0,0
893,23,223,667,0.999999,0.999993,0.999992,0.999997,0,1,0,0
894,21,223,668,0.999999,0.999993,0.999992,0.999997,0,1,0,0
895,29,224,668,0.999999,0.999994,0.999992,0.999997,0,1,0,0
896,27,224,669,0.999999,0.999994,0.999992,0.999997,0,0,0,0
897,29,225,669,0.999999,0.999994,0.999992,0.999997,0,0,0,0
898,27,225,670,0.999999,0.999995,0.999992,0.999997,0,1,0,0
899,25,225,671,0.999999,0.999995,0.999992,0.999997,0,0,0,0
900,23,225,672,0.999999,0.999995,0.999993,0.999997,0,0,1,0
901,21,225,673,0.999999,0.999995,0.999993,0.999997,0,0,0,0
902,29,226,673,0.999999,0.999995,0.999993,0.999997,0,0,0,0
903,27,226,674,0.999999,0.999995,0.999994,0.999997,0,0,1,0
904,25,226,675,0.999999,0.999995,0.999994,0.999997,0,0,0,0
905,23,226,676,0.999999,0.999995,0.999994,0.999997,0,1,0,0
906,21,226,677,0.999999,0.999996,0.999994,0.999997,1,1,0,0
907,29,227,677,0.999999,0.999996,0.999994,0.999997,1,1,0,0
908,27,227,678,0.999999,0.999996,0.999994,0.999997,0,0,0,0
909,29,228,678,0.999999,0.999996,0.999994,0.999997,0,0,0,0
910,27,228,679,0.999999,0.999996,0.999994,0.999997,1,0,0,1
911,25,228,680,0.999999,0.999997,0.999994,0.999997,0,1,0,1
912,23,228,681,0.999999,0.999997,0.999994,0.999998,0,0,0,1
913,29,229,681,0.999999,0.999997,0.999994,0.999998,0,0,0,1
914,27,229,682,0.999999,0.999997,0.999994,0.999998,0,0,0,1
915,25,229,683,0.999999,0.999997,0.999994,0.999998,0,1,1,1
916,29,230,683,0.999999,0.999998,0.999995,0.999998,0,1,1,1
917,27,230,684,0.999999,0.999998,0.999995,0.999999,0,0,0,0
918,29,231,684,0.999999,0.999998,0.999995,0.999999,0,0,0,0
919,27,231,685,0.999999,0.999998,0.999995,0.999999,0,0,0,0
920,25,231,686,0.999999,0.999998,0.999995,0.999999,0,0,0,0
921,23,231,687,0.999999,0.999998,0.999996,0.999999,0,0,1,1
922,21,231,688,0.999999,0.999998,0.999996,0.999999,0,0,1,0
923,29,232,688,0.999999,0.999998,0.999997,0.999999,0,0,1,0
924,27,232,689,0.999999,0.999998,0.999997,0.999999,0,0,0,1
925,25,232,690,0.999999,0.999998,0.999997,0.999999,0,0,0,0
926,29,233,690,0.999999,0.999998,0.999997,0.999999,0,0,0,0
927,27,233,691,0.999999,0.999998,0.999997,0.999999,0,0,0,0
928,25,233,692,0.999999,0.999998,0.999997,0.999999,0,0,1,1
929,23,233,693,0.999999,0.999998,0.999997,0.999999,0,0,0,0
930,29,234,693,0.999999,0.999998,0.999997,0.999999,0,0,0,0
931,27,234,694,0.999999,0.999998,0.999997,0.999999,0,1,0,0
932,25,234,695,0.999999,0.999998,0.999997,0.999999,0,1,0,0
933,29,235,695,0.999999,0.999998,0.999997,0.999999,0,1,0,0
934,27,235,696,0.999999,0.999998,0.999997,0.999999,0,0,0,0
935,29,236,696,0.999999,0.999998,0.999997,0.999999,0,0,0,0
936,27,236,697,0.999999,0.999998,0.999997,0.999999,1,0,0,0
937,25,236,698,0.999999,0.999998,0.999997,0.999999,0,1,0,1
938,29,237,698,0.999999,0.999999,0.999997,0.999999,0,1,0,1
939,27,237,699,0.999999,0.999999,0.999997,0.999999,0,0,1,0
940,29,238,699,0.999999,0.999999,0.999998,0.999999,0,0,1,1
941,27,238,700,0.999999,0.999999,0.999998,0.999999,0,0,0,0
942,29,239,700,0.999999,0.999999,0.999998,0.999999,0,0,0,0
943,27,239,701,0.999999,0.999999,0.999998,0.999999,0,0,0,0
944,25,239,702,0.999999,0.999999,0.999998,0.999999,0,0,1,1
945,23,239,703,0.999999,0.999999,0.999998,0.999999,0,0,0,1
946,29,240,703,0.999999,0.999999,0.999998,0.999999,0,0,0,1
947,27,240,704,0.999999,0.999999,0.999998,0.999999,0,0,1,0
948,25,240,705,0.999999,0.999999,0.999998,0.999999,0,0,0,0
949,29,241,705,0.999999,0.999999,0.999998,0.999999,0,0,0,0
950,27,241,706,0.999999,0.999999,0.999998,0.999999,0,0,1,0
951,25,241,707,0.999999,0.999999,0.999998,0.999999,0,0,0,0
952,29,242,707,0.999999,0.999999,0.999998,0.999999,0,0,0,0
953,27,242,708,0.999999,0.999999,0.999998,0.999999,0,0,0,0
954,25,242,709,0.999999,0.999999,0.999998,0.999999,0,0,0,0
955,23,242,710,0.999999,0.999999,0.999998,0.999999,0,0,0,0
956,21,242,711,0.999999,0.999999,0.999999,0.999999,0,0,1,0
957,19,242,712,0.999999,0.999999,0.999999,0.999999,0,0,1,0
958,29,243,712,0.999999,0.999999,0.999999,0.999999,0,0,1,0
959,27,243,713,0.999999,0.999999,0.999999,0.999999,0,0,0,0
960,25,243,714,0.999999,0.999999,0.999999,0.999999,0,0,1,0
961,23,243,715,0.999999,0.999999,0.999999,0.999999,0,0,1,0
962,29,244,715,0.999999,0.999999,0.999999,0.999999,0,0,1,0
963,27,244,716,0.999999,0.999999,0.999999,1.000000,0,0,0,1
964,29,245,716,0.999999,0.999999,0.999999,1.000000,0,0,0,1
965,27,245,717,0.999999,0.999999,0.999999,1.000000,0,0,0,0
966,29,246,717,0.999999,0.999999,0.999999,1.000000,0,0,0,0
967,27,246,718,0.999999,0.999999,0.999999,1.000000,0,0,0,0
968,25,246,719,0.999999,0.999999,0.999999,1.000000,0,0,0,0
969,23,246,720,0.999999,0.999999,0.999999,1.000000,0,0,0,0
970,21,246,721,0.999999,0.999999,0.999999,1.000000,0,0,0,0
971,19,246,722,0.999999,0.999999,0.999999,1.000000,0,0,0,1
972,17,246,723,0.999999,0.999999,0.999999,1.000000,0,0,0,0
973,29,247,723,0.999999,0.999999,0.999999,1.000000,0,0,0,0
974,27,247,724,0.999999,0.999999,0.999999,1.000000,0,0,1,0
975,25,247,725,0.999999,0.999999,0.999999,1.000000,0,0,1,0
976,29,248,725,0.999999,0.999999,0.999999,1.000000,0,0,1,0
977,27,248,726,0.999999,0.999999,0.999999,1.000000,0,0,0,1
978,29,249,726,0.999999,0.999999,0.999999,1.000000,0,0,0,1
979,27,249,727,0.999999,0.999999,0.999999,1.000000,0,0,0,0
980,29,250,727,0.999999,0.999999,0.999999,1.000000,0,0,0,0
981,27,250,728,0.999999,0.999999,0.999999,1.000000,0,0,0,0
982,25,250,729,0.999999,0.999999,0.999999,1.000000,0,0,1,0
983,23,250,730,0.999999,0.999999,1.000000,1.000000,0,0,0,0
984,29,251,730,0.999999,0.999999,1.000000,1.000000,0,0,0,0
985,27,251,731,0.999999,0.999999,1.000000,1.000000,0,0,0,0
986,25,251,732,0.999999,0.999999,1.000000,1.000000,0,0,0,0
987,23,251,733,0.999999,0.999999,1.000000,1.000000,0,0,0,0
988,21,251,734,0.999999,0.999999,1.000000,1.000000,0,0,0,0
989,19,251,735,0.999999,0.999999,1.000000,1.000000,0,0,0,0
990,17,251,736,0.999999,0.999999,1.000000,1.000000,0,0,0,0
991,15,251,737,0.999999,0.999999,1.000000,1.000000,0,0,0,0
992,13,251,738,0.999999,0.999999,1.000000,1.000000,1,0,0,0
993,29,252,738,1.000000,0.999999,1.000000,1.000000,1,0,0,0
994,27,252,739,1.000000,0.999999,1.000000,1.000000,0,0,0,0
995,29,253,739,1.000000,0.999999,1.000000,1.000000,0,0,0,0
996,27,253,740,1.000000,0.999999,1.000000,1.000000,1,0,0,0
997,25,253,741,1.000000,0.999999,1.000000,1.000000,0,0,0,0
998,23,253,742,1.000000,0.999999,1.000000,1.000000,1,0,0,0
999,21,253,743,1.000000,0.999999,1.000000,1.000000,0,0,0,0
1000,29,254,743,1.000000,0.999999,1.000000,1.000000,0,0,0,0
1001,27,254,744,1.000000,0.999999,1.000000,1.000000,0,0,0,0
1002,25,254,745,1.000000,0.999999,1.000000,1.000000,0,0,0,0
1003,23,254,746,1.000000,0.999999,1.000000,1.000000,0,0,0,0
1004,21,254,747,1.000000,0.999999,1.000000,1.000000,0,0,0,0
1005,19,254,748,1.000000,0.999999,1.000000,1.000000,0,0,0,0
1006,17,254,749,1.000000,0.999999,1.000000,1.000000,0,0,0,0
1007,15,254,750,1.000000,0.999999,1.000000,1.000000,1,0,0,1
1008,13,254,751,1.000000,0.999999,1.000000,1.000000,1,0,0,0
1009,29,255,751,1.000000,0.999999,1.000000,1.000000,1,0,0,0
1010,27,255,752,1.000000,0.999999,1.000000,1.000000,0,1,0,0
1011,29,256,752,1.000000,0.999999,1.000000,1.000000,0,1,0,0
1012,27,256,753,1.000000,0.999999,1.000000,1.000000,0,0,0,0
1013,29,257,753,1.000000,0.999999,1.000000,1.000000,0,0,0,0
1014,27,257,754,1.000000,0.999999,1.000000,1.000000,1,1,0,0
1015,25,257,755,1.000000,0.999999,1.000000,1.000000,1,1,0,0
1016,29,258,755,1.000000,0.999999,1.000000,1.000000,1,1,0,0
1017,27,258,756,1.000000,0.999999,1.000000,1.000000,0,0,0,0
1018,29,259,756,1.000000,0.999999,1.000000,1.000000,0,0,0,0
1019,27,259,757,1.000000,0.999999,1.000000,1.000000,0,0,0,1
1020,25,259,758,1.000000,0.999999,1.000000,1.000000,0,0,0,1
1021,29,260,758,1.000000,0.999999,1.000000,1.000000,0,0,0,1
1022,27,260,759,1.000000,0.999999,1.000000,1.000000,1,0,1,1
1023,29,261,759,1.000000,0.999999,1.000000,1.000000,1,0,1,1
1024,27,261,760,1.000000,0.999999,1.000000,1.000000,0,0,1,0
1025,29,262,760,1.000000,0.999999,1.000000,1.000000,0,0,1,0
1026,27,262,761,1.000000,0.999999,1.000000,1.000000,0,0,1,0
1027,29,263,761,1.000000,0.999999,1.000000,1.000000,0,0,1,0
1028,27,263,762,1.000000,0.999999,1.000000,1.000000,0,0,1,0
1029,29,264,762,1.000000,0.999999,1.000000,1.000000,0,0,1,0
1030,27,264,763,1.000000,0.999999,1.000000,1.000000,0,0,0,0
1031,29,265,763,1.000000,0.999999,1.000000,1.000000,0,0,0,0
1032,27,265,764,1.000000,0.999999,1.000000,1.000000,0,0,0,0
1033,25,265,765,1.000000,0.999999,1.000000,1.000000,0,0,1,0
1034,23,265,766,1.000000,0.999999,1.000000,1.000000,0,0,0,0
1035,29,266,766,1.000000,0.999999,1.000000,1.000000,0,0,0,0
1036,27,266,767,1.000000,0.999999,1.000000,1.000000,0,0,1,0
1037,25,266,768,1.000000,0.999999,1.000000,1.000000,0,0,0,0
1038,29,267,768,1.000000,0.999999,1.000000,1.000000,0,0,0,0
1039,27,267,769,1.000000,0.999999,1.000000,1.000000,0,0,0,0
1040,25,267,770,1.000000,0.999999,1.000000,1.000000,0,0,0,0
1041,23,267,771,1.000000,0.999999,1.000000,1.000000,0,0,0,0
1042,21,267,772,1.000000,0.999999,1.000000,1.000000,0,0,0,0
1043,19,267,773,1.000000,0.999999,1.000000,1.000000,0,0,0,0
1044,17,267,774,1.000000,0.999999,1.000000,1.000000,1,0,0,0
1045,15,267,775,1.000000,0.999999,1.000000,1.000000,0,0,0,0
1046,13,267,776,1.000000,0.999999,1.000000,1.000000,0,0,0,0
1047,11,267,777,1.000000,0.999999,1.000000,1.000000,0,0,0,0
1048,9,267,778,1.000000,0.999999,1.000000,1.000000,0,1,0,0
1049,7,267,779,1.000000,0.999999,1.000000,1.000000,0,1,0,0
1050,29,268,779,1.000000,0.999999,1.000000,1.000000,0,1,0,0
1051,27,268,780,1.000000,0.999999,1.000000,1.000000,1,0,0,0
1052,29,269,780,1.000000,0.999999,1.000000,1.000000,1,0,0,0
1053,27,269,781,1.000000,0.999999,1.000000,1.000000,0,0,0,0
1054,29,270,781,1.000000,0.999999,1.000000,1.000000,0,0,0,0
1055,27,270,782,1.000000,0.999999,1.000000,1.000000,0,0,0,0
1056,25,270,783,1.000000,0.999999,1.000000,1.000000,0,0,0,0
1057,23,270,784,1.000000,0.999999,1.000000,1.000000,0,0,0,0
1058,21,270,785,1.000000,0.999999,1.000000,1.000000,0,0,0,0
1059,19,270,786,1.000000,0.999999,1.000000,1.000000,1,0,0,0
1060,17,270,787,1.000000,0.999999,1.000000,1.000000,1,0,0,0
1061,29,271,787,1.000000,0.999999,1.000000,1.000000,1,0,0,0
1062,27,271,788,1.000000,1.000000,1.000000,1.000000,0,1,0,0
1063,29,272,788,1.000000,1.000000,1.000000,1.000000,0,1,0,0
1064,27,272,789,1.000000,1.000000,1.000000,1.000000,0,0,0,0
1065,25,272,790,1.000000,1.000000,1.000000,1.000000,1,1,1,0
1066,23,272,791,1.000000,1.000000,1.000000,1.000000,1,0,0,0
1067,29,273,791,1.000000,1.000000,1.000000,1.000000,1,0,0,0
1068,27,273,792,1.000000,1.000000,1.000000,1.000000,0,0,0,1
1069,29,274,792,1.000000,1.000000,1.000000,1.000000,0,0,0,1
1070,27,274,793,1.000000,1.000000,1.000000,1.000000,1,0,0,0
1071,29,275,793,1.000000,1.000000,1.000000,1.000000,1,0,0,0
1072,27,275,794,1.000000,1.000000,1.000000,1.000000,0,0,0,0
1073,29,276,794,1.000000,1.000000,1.000000,1.000000,0,0,0,0
1074,27,276,795,1.000000,1.000000,1.000000,1.000000,0,0,0,1
1075,25,276,796,1.000000,1.000000,1.000000,1.000000,0,0,0,1
1076,29,277,796,1.000000,1.000000,1.000000,1.000000,0,0,0,1
1077,27,277,797,1.000000,1.000000,1.000000,1.000000,1,0,1,1
1078,25,277,798,1.000000,1.000000,1.000000,1.000000,1,0,1,1
1079,29,278,798,1.000000,1.000000,1.000000,1.000000,1,0,1,1
1080,27,278,799,1.000000,1.000000,1.000000,1.000000,0,0,0,0
1081,29,279,799,1.000000,1.000000,1.000000,1.000000,0,0,0,0
1082,27,279,800,1.000000,1.000000,1.000000,1.000000,0,0,0,0
1083,25,279,801,1.000000,1.000000,1.000000,1.000000,0,0,0,0
1084,23,279,802,1.000000,1.000000,1.000000,1.000000,0,0,1,1
1085,21,279,803,1.000000,1.000000,1.000000,1.000000,0,0,1,0
1086,29,280,803,1.000000,1.000000,1.000000,1.000000,0,0,1,0
1087,27,280,804,1.000000,1.000000,1.000000,1.000000,0,1,0,0
1088,29,281,804,1.000000,1.000000,1.000000,1.000000,0,1,0,0
1089,27,281,805,1.000000,1.000000,1.000000,1.000000,0,0,1,0
1090,29,282,805,1.000000,1.000000,1.000000,1.000000,0,1,1,0
1091,27,282,806,1.000000,1.000000,1.000000,1.000000,0,0,1,0
1092,29,283,806,1.000000,1.000000,1.000000,1.000000,0,0,1,0
1093,27,283,807,1.000000,1.000000,1.000000,1.000000,0,0,1,0
1094,29,284,807,1.000000,1.000000,1.000000,1.000000,0,0,1,0
1095,27,284,808,1.000000,1.000000,1.000000,1.000000,0,0,1,0
1096,29,285,808,1.000000,1.000000,1.000000,1.000000,0,0,1,0
1097,27,285,809,1.000000,1.000000,1.000000,1.000000,0,0,0,0
1098,29,286,809,1.000000,1.000000,1.000000,1.000000,0,0,0,0
1099,27,286,810,1.000000,1.000000,1.000000,1.000000,0,1,0,0
1100,25,286,811,1.000000,1.000000,1.000000,1.000000,1,0,0,0
1101,29,287,811,1.000000,1.000000,1.000000,1.000000,1,0,0,0
1102,27,287,812,1.000000,1.000000,1.000000,1.000000,0,1,0,0
1103,29,288,812,1.000000,1.000000,1.000000,1.000000,0,1,0,0
1104,27,288,813,1.000000,1.000000,1.000000,1.000000,0,0,0,0
1105,29,289,813,1.000000,1.000000,1.000000,1.000000,0,0,0,0
1106,27,289,814,1.000000,1.000000,1.000000,1.000000,1,1,0,0
1107,25,289,815,1.000000,1.000000,1.000000,1.000000,1,0,0,0
1108,29,290,815,1.000000,1.000000,1.000000,1.000000,1,0,0,0
1109,27,290,816,1.000000,1.000000,1.000000,1.000000,0,0,0,1
1110,25,290,817,1.000000,1.000000,1.000000,1.000000,1,1,0,0
1111,29,291,817,1.000000,1.000000,1.000000,1.000000,1,1,0,0
1112,27,291,818,1.000000,1.000000,1.000000,1.000000,0,0,0,0
1113,29,292,818,1.000000,1.000000,1.000000,1.000000,0,0,0,0
1114,27,292,819,1.000000,1.000000,1.000000,1.000000,0,0,0,0
1115,25,292,820,1.000000,1.000000,1.000000,1.000000,0,0,0,0
1116,23,292,821,1.000000,1.000000,1.000000,1.000000,0,0,0,0
1117,21,292,822,1.000000,1.000000,1.000000,1.000000,1,0,0,0
1118,19,292,823,1.000000,1.000000,1.000000,1.000000,0,0,0,0
1119,29,293,823,1.000000,1.000000,1.000000,1.000000,0,0,0,0
1120,27,293,824,1.000000,1.000000,1.000000,1.000000,0,0,0,0
1121,25,293,825,1.000000,1.000000,1.000000,1.000000,0,0,0,0
1122,23,293,826,1.000000,1.000000,1.000000,1.000000,0,0,0,0
1123,21,293,827,1.000000,1.000000,1.000000,1.000000,0,1,0,0
1124,19,293,828,1.000000,1.000000,1.000000,1.000000,1,0,0,0
1125,17,293,829,1.000000,1.000000,1.000000,1.000000,0,0,0,0
1126,29,294,829,1.000000,1.000000,1.000000,1.000000,0,0,0,0
1127,27,294,830,1.000000,1.000000,1.000000,1.000000,0,1,0,1
1128,25,294,831,1.000000,1.000000,1.000000,1.000000,0,0,0,0
1129,29,295,831,1.000000,1.000000,1.000000,1.000000,0,0,0,0
1130,27,295,832,1.000000,1.000000,1.000000,1.000000,0,1,0,0
1131,25,295,833,1.000000,1.000000,1.000000,1.000000,0,0,0,0
1132,23,295,834,1.000000,1.000000,1.000000,1.000000,1,0,1,0
1133,21,295,835,1.000000,1.000000,1.000000,1.000000,0,0,0,0
1134,29,296,835,1.000000,1.000000,1.000000,1.000000,0,0,0,0
1135,27,296,836,1.000000,1.000000,1.000000,1.000000,0,0,0,0
1136,25,296,837,1.000000,1.000000,1.000000,1.000000,0,0,1,0
1137,23,296,838,1.000000,1.000000,1.000000,1.000000,0,1,0,0
1138,29,297,838,1.000000,1.000000,1.000000,1.000000,0,1,0,0
1139,27,297,839,1.000000,1.000000,1.000000,1.000000,0,0,0,0
1140,25,297,840,1.000000,1.000000,1.000000,1.000000,0,0,0,0
1141,23,297,841,1.000000,1.000000,1.000000,1.000000,1,0,0,0
1142,21,297,842,1.000000,1.000000,1.000000,1.000000,0,1,0,0
1143,29,298,842,1.000000,1.000000,1.000000,1.000000,0,1,0,0
1144,27,298,843,1.000000,1.000000,1.000000,1.000000,0,0,0,0
1145,29,299,843,1.000000,1.000000,1.000000,1.000000,0,0,0,0
1146,27,299,844,1.000000,1.000000,1.000000,1.000000,0,0,0,0
1147,25,299,845,1.000000,1.000000,1.000000,1.000000,0,0,0,0
1148,23,299,846,1.000000,1.000000,1.000000,1.000000,0,0,0,1
1149,21,299,847,1.000000,1.000000,1.000000,1.000000,0,0,0,0
1150,29,300,847,1.000000,1.000000,1.000000,1.000000,0,0,0,0
1151,27,300,848,1.000000,1.000000,1.000000,1.000000,0,0,1,1
1152,25,300,849,1.000000,1.000000,1.000000,1.000000,0,0,0,0
1153,29,301,849,1.000000,1.000000,1.000000,1.000000,0,0,0,0
1154,27,301,850,1.000000,1.000000,1.000000,1.000000,0,1,1,0
1155,25,301,851,1.000000,1.000000,1.000000,1.000000,0,0,0,0
1156,29,302,851,1.000000,1.000000,1.000000,1.000000,0,0,0,0
1157,27,302,852,1.000000,1.000000,1.000000,1.000000,0,0,0,0
1158,25,302,853,1.000000,1.000000,1.000000,1.000000,0,1,0,0
1159,23,302,854,1.000000,1.000000,1.000000,1.000000,0,0,0,0
1160,21,302,855,1.000000,1.000000,1.000000,1.000000,1,0,0,0
1161,19,302,856,1.000000,1.000000,1.000000,1.000000,0,0,0,0
1162,29,303,856,1.000000,1.000000,1.000000,1.000000,0,0,0,0
1163,27,303,857,1.000000,1.000000,1.000000,1.000000,0,0,0,0
1164,25,303,858,1.000000,1.000000,1.000000,1.000000,0,0,0,0
1165,23,303,859,1.000000,1.000000,1.000000,1.000000,0,1,0,0
1166,21,303,860,1.000000,1.000000,1.000000,1.000000,0,0,0,0
1167,19,303,861,1.000000,1.000000,1.000000,1.000000,0,0,0,1
1168,17,303,862,1.000000,1.000000,1.000000,1.000000,0,0,1,1
1169,29,304,862,1.000000,1.000000,1.000000,1.000000,0,0,1,1
1170,27,304,863,1.000000,1.000000,1.000000,1.000000,1,0,0,0
1171,29,305,863,1.000000,1.000000,1.000000,1.000000,1,0,0,0
1172,27,305,864,1.000000,1.000000,1.000000,1.000000,0,0,0,0
1173,29,306,864,1.000000,1.000000,1.000000,1.000000,0,0,0,0
1174,27,306,865,1.000000,1.000000,1.000000,1.000000,0,0,0,1
1175,25,306,866,1.000000,1.000000,1.000000,1.000000,0,0,0,0
1176,23,306,867,1.000000,1.000000,1.000000,1.000000,0,0,0,1
1177,21,306,868,1.000000,1.000000,1.000000,1.000000,0,0,0,1
1178,29,307,868,1.000000,1.000000,1.000000,1.000000,0,0,0,1
1179,27,307,869,1.000000,1.000000,1.000000,1.000000,1,0,1,1
1180,29,308,869,1.000000,1.000000,1.000000,1.000000,1,0,1,1
1181,27,308,870,1.000000,1.000000,1.000000,1.000000,1,0,0,0
1182,29,309,870,1.000000,1.000000,1.000000,1.000000,1,0,0,0
1183,27,309,871,1.000000,1.000000,1.000000,1.000000,0,1,0,0
1184,29,310,871,1.000000,1.000000,1.000000,1.000000,0,1,0,0
1185,27,310,872,1.000000,1.000000,1.000000,1.000000,1,0,0,0
1186,29,311,872,1.000000,1.000000,1.000000,1.000000,1,0,0,0
1187,27,311,873,1.000000,1.000000,1.000000,1.000000,0,0,0,0
1188,29,312,873,1.000000,1.000000,1.000000,1.000000,0,0,0,0
1189,27,312,874,1.000000,1.000000,1.000000,1.000000,1,0,0,1
1190,25,312,875,1.000000,1.000000,1.000000,1.000000,1,1,0,0
1191,29,313,875,1.000000,1.000000,1.000000,1.000000,1,1,0,0
1192,27,313,876,1.000000,1.000000,1.000000,1.000000,0,0,0,0
1193,29,314,876,1.000000,1.000000,1.000000,1.000000,0,0,0,0
1194,27,314,877,1.000000,1.000000,1.000000,1.000000,1,0,0,1
1195,25,314,878,1.000000,1.000000,1.000000,1.000000,0,1,0,0
1196,29,315,878,1.000000,1.000000,1.000000,1.000000,0,1,0,0
1197,27,315,879,1.000000,1.000000,1.000000,1.000000,1,0,0,0
1198,29,316,879,1.000000,1.000000,1.000000,1.000000,1,0,0,0
1199,27,316,880,1.000000,1.000000,1.000000,1.000000,0,0,0,0
1200,29,317,880,1.000000,1.000000,1.000000,1.000000,0,0,0,0
1201,27,317,881,1.000000,1.000000,1.000000,1.000000,0,0,0,0
1202,25,317,882,1.000000,1.000000,1.000000,1.000000,0,0,0,0
1203,23,317,883,1.000000,1.000000,1.000000,1.000000,1,0,0,0
1204,21,317,884,1.000000,1.000000,1.000000,1.000000,0,0,0,0
1205,29,318,884,1.000000,1.000000,1.000000,1.000000,0,0,0,0
1206,27,318,885,1.000000,1.000000,1.000000,1.000000,1,0,0,0
1207,25,318,886,1.000000,1.000000,1.000000,1.000000,0,0,0,1
1208,29,319,886,1.000000,1.000000,1.000000,1.000000,0,0,0,1
1209,27,319,887,1.000000,1.000000,1.000000,1.000000,0,0,0,0
1210,29,320,887,1.000000,1.000000,1.000000,1.000000,0,0,0,0
1211,27,320,888,1.000000,1.000000,1.000000,1.000000,0,0,0,0
1212,25,320,889,1.000000,1.000000,1.000000,1.000000,0,0,0,0
1213,23,320,890,1.000000,1.000000,1.000000,1.000000,0,0,0,0
1214,21,320,891,1.000000,1.000000,1.000000,1.000000,0,0,0,0
1215,19,320,892,1.000000,1.000000,1.000000,1.000000,0,0,0,0
1216,17,320,893,1.000000,1.000000,1.000000,1.000000,0,1,0,0
1217,15,320,894,1.000000,1.000000,1.000000,1.000000,0,1,0,0
1218,29,321,894,1.000000,1.000000,1.000000,1.000000,0,1,0,0
1219,27,321,895,1.000000,1.000000,1.000000,1.000000,1,0,1,0
1220,29,322,895,1.000000,1.000000,1.000000,1.000000,1,0,1,0
1221,27,322,896,1.000000,1.000000,1.000000,1.000000,0,1,0,0
1222,29,323,896,1.000000,1.000000,1.000000,1.000000,0,1,0,0
1223,27,323,897,1.000000,1.000000,1.000000,1.000000,0,0,0,0
1224,25,323,898,1.000000,1.000000,1.000000,1.000000,0,0,0,0
1225,23,323,899,1.000000,1.000000,1.000000,1.000000,0,0,0,0
1226,21,323,900,1.000000,1.000000,1.000000,1.000000,0,0,0,0
1227,19,323,901,1.000000,1.000000,1.000000,1.000000,0,0,0,0
1228,17,323,902,1.000000,1.000000,1.000000,1.000000,0,0,0,0
1229,15,323,903,1.000000,1.000000,1.000000,1.000000,0,0,0,0
1230,13,323,904,1.000000,1.000000,1.000000,1.000000,1,1,0,1
1231,11,323,905,1.000000,1.000000,1.000000,1.000000,1,0,0,0
1232,29,324,905,1.000000,1.000000,1.000000,1.000000,1,0,0,0
1233,27,324,906,1.000000,1.000000,1.000000,1.000000,0,1,0,0
1234,29,325,906,1.000000,1.000000,1.000000,1.000000,0,1,0,0
1235,27,325,907,1.000000,1.000000,1.000000,1.000000,0,0,0,0
1236,25,325,908,1.000000,1.000000,1.000000,1.000000,0,0,0,0
1237,23,325,909,1.000000,1.000000,1.000000,1.000000,0,0,0,0
1238,21,325,910,1.000000,1.000000,1.000000,1.000000,0,0,0,1
1239,19,325,911,1.000000,1.000000,1.000000,1.000000,1,0,0,0
1240,29,326,911,1.000000,1.000000,1.000000,1.000000,1,0,0,0
1241,27,326,912,1.000000,1.000000,1.000000,1.000000,1,0,0,0
1242,29,327,912,1.000000,1.000000,1.000000,1.000000,1,0,0,0
1243,27,327,913,1.000000,1.000000,1.000000,1.000000,1,0,0,0
1244,29,328,913,1.000000,1.000000,1.000000,1.000000,1,0,0,0
1245,27,328,914,1.000000,1.000000,1.000000,1.000000,0,0,0,0
1246,29,329,914,1.000000,1.000000,1.000000,1.000000,0,0,0,0
1247,27,329,915,1.000000,1.000000,1.000000,1.000000,1,0,0,0
1248,25,329,916,1.000000,1.000000,1.000000,1.000000,1,1,0,0
1249,29,330,916,1.000000,1.000000,1.000000,1.000000,1,1,0,0
1250,27,330,917,1.000000,1.000000,1.000000,1.000000,0,1,0,1
1251,29,331,917,1.000000,1.000000,1.000000,1.000000,0,1,0,1
1252,27,331,918,1.000000,1.000000,1.000000,1.000000,1,0,0,1
1253,29,332,918,1.000000,1.000000,1.000000,1.000000,1,0,0,1
1254,27,332,919,1.000000,1.000000,1.000000,1.000000,1,0,0,0
1255,29,333,919,1.000000,1.000000,1.000000,1.000000,1,0,0,0
1256,27,333,920,1.000000,1.000000,1.000000,1.000000,1,1,0,0
1257,25,333,921,1.000000,1.000000,1.000000,1.000000,0,0,0,1
1258,29,334,921,1.000000,1.000000,1.000000,1.000000,0,0,0,1
1259,27,334,922,1.000000,1.000000,1.000000,1.000000,1,0,0,0
1260,29,335,922,1.000000,1.000000,1.000000,1.000000,1,0,0,0
1261,27,335,923,1.000000,1.000000,1.000000,1.000000,1,0,0,0
1262,29,336,923,1.000000,1.000000,1.000000,1.000000,1,0,0,0
1263,27,336,924,1.000000,1.000000,1.000000,1.000000,0,1,0,0
1264,29,337,924,1.000000,1.000000,1.000000,1.000000,0,1,0,0
1265,27,337,925,1.000000,1.000000,1.000000,1.000000,0,0,0,0
1266,29,338,925,1.000000,1.000000,1.000000,1.000000,0,0,0,0
1267,27,338,926,1.000000,1.000000,1.000000,1.000000,0,0,1,0
1268,25,338,927,1.000000,1.000000,1.000000,1.000000,0,0,0,0
1269,23,338,928,1.000000,1.000000,1.000000,1.000000,0,1,0,1
1270,21,338,929,1.000000,1.000000,1.000000,1.000000,0,0,0,0
1271,29,339,929,1.000000,1.000000,1.000000,1.000000,0,0,0,0
1272,27,339,930,1.000000,1.000000,1.000000,1.000000,0,1,0,0
1273,25,339,931,1.000000,1.000000,1.000000,1.000000,0,0,0,0
1274,29,340,931,1.000000,1.000000,1.000000,1.000000,0,0,0,0
1275,27,340,932,1.000000,1.000000,1.000000,1.000000,0,1,0,0
1276,25,340,933,1.000000,1.000000,1.000000,1.000000,0,0,0,0
1277,23,340,934,1.000000,1.000000,1.000000,1.000000,0,1,0,0
1278,21,340,935,1.000000,1.000000,1.000000,1.000000,0,0,0,0
1279,29,341,935,1.000000,1.000000,1.000000,1.000000,0,0,0,0
1280,27,341,936,1.000000,1.000000,1.000000,1.000000,0,0,0,0
1281,25,341,937,1.000000,1.000000,1.000000,1.000000,0,0,0,0
1282,23,341,938,1.000000,1.000000,1.000000,1.000000,0,0,0,0
1283,21,341,939,1.000000,1.000000,1.000000,1.000000,0,0,0,0
1284,19,341,940,1.000000,1.000000,1.000000,1.000000,0,0,0,0
1285,17,341,941,1.000000,1.000000,1.000000,1.000000,0,0,0,0
1286,29,342,941,1.000000,1.000000,1.000000,1.000000,0,0,0,0
1287,27,342,942,1.000000,1.000000,1.000000,1.000000,0,0,0,0
1288,25,342,943,1.000000,1.000000,1.000000,1.000000,0,0,0,0
1289,23,342,944,1.000000,1.000000,1.000000,1.000000,0,1,0,0
1290,21,342,945,1.000000,1.000000,1.000000,1.000000,0,0,0,0
1291,29,343,945,1.000000,1.000000,1.000000,1.000000,0,0,0,0
1292,27,343,946,1.000000,1.000000,1.000000,1.000000,0,0,0,0
1293,25,343,947,1.000000,1.000000,1.000000,1.000000,0,0,0,0
1294,23,343,948,1.000000,1.000000,1.000000,1.000000,1,0,0,0
1295,21,343,949,1.000000,1.000000,1.000000,1.000000,0,0,0,0
1296,19,343,950,1.000000,1.000000,1.000000,1.000000,0,0,0,0
1297,17,343,951,1.000000,1.000000,1.000000,1.000000,0,0,1,0
1298,15,343,952,1.000000,1.000000,1.000000,1.000000,0,0,0,0
1299,29,344,952,1.000000,1.000000,1.000000,1.000000,0,0,0,0
1300,27,344,953,1.000000,1.000000,1.000000,1.000000,0,0,0,0
1301,25,344,954,1.000000,1.000000,1.000000,1.000000,0,0,0,1
1302,23,344,955,1.000000,1.000000,1.000000,1.000000,0,0,0,0
1303,29,345,955,1.000000,1.000000,1.000000,1.000000,0,0,0,0
1304,27,345,956,1.000000,1.000000,1.000000,1.000000,0,0,0,0
1305,25,345,957,1.000000,1.000000,1.000000,1.000000,0,0,0,0
1306,23,345,958,1.000000,1.000000,1.000000,1.000000,0,1,0,0
1307,21,345,959,1.000000,1.000000,1.000000,1.000000,0,0,0,0
1308,19,345,960,1.000000,1.000000,1.000000,1.000000,0,0,0,0
1309,17,345,961,1.000000,1.000000,1.000000,1.000000,0,0,0,1
1310,15,345,962,1.000000,1.000000,1.000000,1.000000,0,0,1,1
1311,29,346,962,1.000000,1.000000,1.000000,1.000000,0,0,1,1
1312,27,346,963,1.000000,1.000000,1.000000,1.000000,0,0,0,1
1313,29,347,963,1.000000,1.000000,1.000000,1.000000,0,0,0,1
1314,27,347,964,1.000000,1.000000,1.000000,1.000000,1,0,0,0
1315,25,347,965,1.000000,1.000000,1.000000,1.000000,0,0,1,1
1316,29,348,965,1.000000,1.000000,1.000000,1.000000,0,0,1,1
1317,27,348,966,1.000000,1.000000,1.000000,1.000000,0,0,0,0
1318,29,349,966,1.000000,1.000000,1.000000,1.000000,0,0,0,0
1319,27,349,967,1.000000,1.000000,1.000000,1.000000,0,0,0,0
1320,25,349,968,1.000000,1.000000,1.000000,1.000000,0,0,0,0
1321,23,349,969,1.000000,1.000000,1.000000,1.000000,0,0,0,1
1322,21,349,970,1.000000,1.000000,1.000000,1.000000,0,0,1,0
1323,29,350,970,1.000000,1.000000,1.000000,1.000000,0,0,1,0
1324,27,350,971,1.000000,1.000000,1.000000,1.000000,0,0,1,0
1325,29,351,971,1.000000,1.000000,1.000000,1.000000,0,0,1,0
1326,27,351,972,1.000000,1.000000,1.000000,1.000000,0,0,1,0
1327,29,352,972,1.000000,1.000000,1.000000,1.000000,0,0,1,0
1328,27,352,973,1.000000,1.000000,1.000000,1.000000,0,0,0,0
1329,29,353,973,1.000000,1.000000,1.000000,1.000000,0,0,0,0
1330,27,353,974,1.000000,1.000000,1.000000,1.000000,0,0,1,0
1331,25,353,975,1.000000,1.000000,1.000000,1.000000,0,0,1,0
1332,29,354,975,1.000000,1.000000,1.000000,1.000000,0,0,1,0
1333,27,354,976,1.000000,1.000000,1.000000,1.000000,0,0,0,0
1334,25,354,977,1.000000,1.000000,1.000000,1.000000,0,0,0,1
1335,23,354,978,1.000000,1.000000,1.000000,1.000000,0,0,1,1
1336,29,355,978,1.000000,1.000000,1.000000,1.000000,0,0,1,1
1337,27,355,979,1.000000,1.000000,1.000000,1.000000,0,0,1,0
1338,29,356,979,1.000000,1.000000,1.000000,1.000000,0,0,1,0
1339,27,356,980,1.000000,1.000000,1.000000,1.000000,0,0,0,0
1340,29,357,980,1.000000,1.000000,1.000000,1.000000,0,0,0,0
1341,27,357,981,1.000000,1.000000,1.000000,1.000000,0,0,0,0
1342,25,357,982,1.000000,1.000000,1.000000,1.000000,0,0,0,0
1343,23,357,983,1.000000,1.000000,1.000000,1.000000,0,0,0,0
1344,21,357,984,1.000000,1.000000,1.000000,1.000000,1,0,0,0
1345,19,357,985,1.000000,1.000000,1.000000,1.000000,0,0,0,0
1346,29,358,985,1.000000,1.000000,1.000000,1.000000,0,0,0,0
1347,27,358,986,1.000000,1.000000,1.000000,1.000000,0,0,0,0
1348,25,358,987,1.000000,1.000000,1.000000,1.000000,0,0,0,0
1349,23,358,988,1.000000,1.000000,1.000000,1.000000,0,0,0,1
1350,21,358,989,1.000000,1.000000,1.000000,1.000000,0,0,0,0
1351,29,359,989,1.000000,1.000000,1.000000,1.000000,0,0,0,0
1352,27,359,990,1.000000,1.000000,1.000000,1.000000,0,0,0,0
1353,25,359,991,1.000000,1.000000,1.000000,1.000000,0,0,0,0
1354,23,359,992,1.000000,1.000000,1.000000,1.000000,0,0,0,0
1355,21,359,993,1.000000,1.000000,1.000000,1.000000,0,0,0,0
1356,19,359,994,1.000000,1.000000,1.000000,1.000000,1,0,0,0
1357,17,359,995,1.000000,1.000000,1.000000,1.000000,0,0,0,0
1358,29,360,995,1.000000,1.000000,1.000000,1.000000,0,0,0,0
1359,27,360,996,1.000000,1.000000,1.000000,1.000000,0,0,0,1
1360,25,360,997,1.000000,1.000000,1.000000,1.000000,0,0,0,1
1361,29,361,997,1.000000,1.000000,1.000000,1.000000,0,0,0,1
1362,27,361,998,1.000000,1.000000,1.000000,1.000000,0,0,0,1
1363,25,361,999,1.000000,1.000000,1.000000,1.000000,0,1,1,0
1364,29,362,999,1.000000,1.000000,1.000000,1.000000,0,1,1,0
1365,27,362,1000,1.000000,1.000000,1.000000,1.000000,0,0,0,0
1366,29,363,1000,1.000000,1.000000,1.000000,1.000000,0,0,0,0
1367,27,363,1001,1.000000,1.000000,1.000000,1.000000,1,0,0,0
1368,25,363,1002,1.000000,1.000000,1.000000,1.000000,0,0,0,0
1369,23,363,1003,1.000000,1.000000,1.000000,1.000000,1,0,0,0
1370,21,363,1004,1.000000,1.000000,1.000000,1.000000,0,0,0,0
1371,19,363,1005,1.000000,1.000000,1.000000,1.000000,0,0,0,0
1372,17,363,1006,1.000000,1.000000,1.000000,1.000000,0,0,0,1
1373,15,363,1007,1.000000,1.000000,1.000000,1.000000,0,0,0,0
1374,13,363,1008,1.000000,1.000000,1.000000,1.000000,0,0,0,1
1375,11,363,1009,1.000000,1.000000,1.000000,1.000000,0,0,0,0
1376,29,364,1009,1.000000,1.000000,1.000000,1.000000,0,0,0,0
1377,27,364,1010,1.000000,1.000000,1.000000,1.000000,0,0,0,0
1378,25,364,1011,1.000000,1.000000,1.000000,1.000000,0,0,1,0
1379,23,364,1012,1.000000,1.000000,1.000000,1.000000,0,0,0,0
1380,29,365,1012,1.000000,1.000000,1.000000,1.000000,0,0,0,0
1381,27,365,1013,1.000000,1.000000,1.000000,1.000000,0,0,0,0
1382,25,365,1014,1.000000,1.000000,1.000000,1.000000,0,0,0,0
1383,23,365,1015,1.000000,1.000000,1.000000,1.000000,0,0,0,0
1384,21,365,1016,1.000000,1.000000,1.000000,1.000000,0,0,0,0
1385,19,365,1017,1.000000,1.000000,1.000000,1.000000,1,0,0,1
1386,17,365,1018,1.000000,1.000000,1.000000,1.000000,0,0,0,0
1387,29,366,1018,1.000000,1.000000,1.000000,1.000000,0,0,0,0
1388,27,366,1019,1.000000,1.000000,1.000000,1.000000,0,1,0,0
1389,25,366,1020,1.000000,1.000000,1.000000,1.000000,1,0,0,0
1390,29,367,1020,1.000000,1.000000,1.000000,1.000000,1,0,0,0
1391,27,367,1021,1.000000,1.000000,1.000000,1.000000,0,1,0,0
1392,25,367,1022,1.000000,1.000000,1.000000,1.000000,0,1,0,1
1393,29,368,1022,1.000000,1.000000,1.000000,1.000000,0,1,0,1
1394,27,368,1023,1.000000,1.000000,1.000000,1.000000,0,0,0,0
1395,29,369,1023,1.000000,1.000000,1.000000,1.000000,0,0,0,0
1396,27,369,1024,1.000000,1.000000,1.000000,1.000000,0,1,0,0
1397,25,369,1025,1.000000,1.000000,1.000000,1.000000,0,0,0,0
1398,29,370,1025,1.000000,1.000000,1.000000,1.000000,0,0,0,0
1399,27,370,1026,1.000000,1.000000,1.000000,1.000000,0,1,0,0
1400,25,370,1027,1.000000,1.000000,1.000000,1.000000,0,0,0,0
1401,29,371,1027,1.000000,1.000000,1.000000,1.000000,0,0,0,0
1402,27,371,1028,1.000000,1.000000,1.000000,1.000000,1,0,1,0
1403,25,371,1029,1.000000,1.000000,1.000000,1.000000,0,0,0,0
1404,29,372,1029,1.000000,1.000000,1.000000,1.000000,0,0,0,0
1405,27,372,1030,1.000000,1.000000,1.000000,1.000000,0,0,0,0
1406,25,372,1031,1.000000,1.000000,1.000000,1.000000,0,0,0,0
1407,23,372,1032,1.000000,1.000000,1.000000,1.000000,0,0,0,0
1408,21,372,1033,1.000000,1.000000,1.000000,1.000000,0,0,0,0
1409,19,372,1034,1.000000,1.000000,1.000000,1.000000,0,0,0,0
1410,17,372,1035,1.000000,1.000000,1.000000,1.000000,0,0,0,1
1411,15,372,1036,1.000000,1.000000,1.000000,1.000000,0,0,0,1
1412,13,372,1037,1.000000,1.000000,1.000000,1.000000,0,1,1,0
1413,29,373,1037,1.000000,1.000000,1.000000,1.000000,0,1,1,0
1414,27,373,1038,1.000000,1.000000,1.000000,1.000000,0,0,0,0
1415,29,374,1038,1.000000,1.000000,1.000000,1.000000,0,0,0,0
1416,27,374,1039,1.000000,1.000000,1.000000,1.000000,0,1,0,0
1417,25,374,1040,1.000000,1.000000,1.000000,1.000000,0,1,0,0
1418,29,375,1040,1.000000,1.000000,1.000000,1.000000,0,1,0,0
1419,27,375,1041,1.000000,1.000000,1.000000,1.000000,0,0,0,0
1420,29,376,1041,1.000000,1.000000,1.000000,1.000000,0,0,0,0
1421,27,376,1042,1.000000,1.000000,1.000000,1.000000,0,0,0,0
1422,25,376,1043,1.000000,1.000000,1.000000,1.000000,0,0,0,0
1423,23,376,1044,1.000000,1.000000,1.000000,1.000000,0,0,1,0
1424,21,376,1045,1.000000,1.000000,1.000000,1.000000,0,0,0,0
1425,29,377,1045,1.000000,1.000000,1.000000,1.000000,0,0,0,0
1426,27,377,1046,1.000000,1.000000,1.000000,1.000000,0,0,0,0
1427,25,377,1047,1.000000,1.000000,1.000000,1.000000,0,0,0,0
1428,23,377,1048,1.000000,1.000000,1.000000,1.000000,0,0,0,0
1429,21,377,1049,1.000000,1.000000,1.000000,1.000000,1,0,0,1
1430,19,377,1050,1.000000,1.000000,1.000000,1.000000,0,0,0,0
1431,29,378,1050,1.000000,1.000000,1.000000,1.000000,0,0,0,0
1432,27,378,1051,1.000000,1.000000,1.000000,1.000000,1,0,0,0
1433,25,378,1052,1.000000,1.000000,1.000000,1.000000,0,0,0,0
1434,29,379,1052,1.000000,1.000000,1.000000,1.000000,0,0,0,0
1435,27,379,1053,1.000000,1.000000,1.000000,1.000000,0,1,0,0
1436,25,379,1054,1.000000,1.000000,1.000000,1.000000,1,0,0,0
1437,29,380,1054,1.000000,1.000000,1.000000,1.000000,1,0,0,0
1438,27,380,1055,1.000000,1.000000,1.000000,1.000000,0,1,0,0
1439,29,381,1055,1.000000,1.000000,1.000000,1.000000,0,1,0,0
1440,27,381,1056,1.000000,1.000000,1.000000,1.000000,0,1,0,0
1441,29,382,1056,1.000000,1.000000,1.000000,1.000000,0,1,0,0
1442,27,382,1057,1.000000,1.000000,1.000000,1.000000,0,0,0,0
1443,29,383,1057,1.000000,1.000000,1.000000,1.000000,0,0,0,0
1444,27,383,1058,1.000000,1.000000,1.000000,1.000000,0,0,0,0
1445,25,383,1059,1.000000,1.000000,1.000000,1.000000,0,0,0,0
1446,23,383,1060,1.000000,1.000000,1.000000,1.000000,0,0,0,0
1447,21,383,1061,1.000000,1.000000,1.000000,1.000000,0,0,0,0
1448,19,383,1062,1.000000,1.000000,1.000000,1.000000,1,1,0,0
1449,17,383,1063,1.000000,1.000000,1.000000,1.000000,0,0,0,0
1450,29,384,1063,1.000000,1.000000,1.000000,1.000000,0,0,0,0
1451,27,384,1064,1.000000,1.000000,1.000000,1.000000,0,1,0,0
1452,25,384,1065,1.000000,1.000000,1.000000,1.000000,0,0,0,0
1453,29,385,1065,1.000000,1.000000,1.000000,1.000000,0,0,0,0
1454,27,385,1066,1.000000,1.000000,1.000000,1.000000,0,0,0,0
1455,25,385,1067,1.000000,1.000000,1.000000,1.000000,0,0,0,0
1456,23,385,1068,1.000000,1.000000,1.000000,1.000000,1,0,0,0
1457,21,385,1069,1.000000,1.000000,1.000000,1.000000,0,0,0,0
1458,29,386,1069,1.000000,1.000000,1.000000,1.000000,0,0,0,0
1459,27,386,1070,1.000000,1.000000,1.000000,1.000000,1,0,0,0
1460,25,386,1071,1.000000,1.000000,1.000000,1.000000,0,0,0,0
1461,29,387,1071,1.000000,1.000000,1.000000,1.000000,0,0,0,0
1462,27,387,1072,1.000000,1.000000,1.000000,1.000000,0,0,0,0
1463,25,387,1073,1.000000,1.000000,1.000000,1.000000,0,0,0,0
1464,23,387,1074,1.000000,1.000000,1.000000,1.000000,0,0,1,0
1465,21,387,1075,1.000000,1.000000,1.000000,1.000000,0,0,0,1
1466,19,387,1076,1.000000,1.000000,1.000000,1.000000,0,1,0,1
1467,29,388,1076,1.000000,1.000000,1.000000,1.000000,0,1,0,1
1468,27,388,1077,1.000000,1.000000,1.000000,1.000000,0,0,1,0
1469,29,389,1077,1.000000,1.000000,1.000000,1.000000,0,0,1,0
1470,27,389,1078,1.000000,1.000000,1.000000,1.000000,0,0,0,0
1471,29,390,1078,1.000000,1.000000,1.000000,1.000000,0,0,0,0
1472,27,390,1079,1.000000,1.000000,1.000000,1.000000,0,0,0,0
1473,25,390,1080,1.000000,1.000000,1.000000,1.000000,0,0,0,0
1474,23,390,1081,1.000000,1.000000,1.000000,1.000000,0,0,0,0
1475,21,390,1082,1.000000,1.000000,1.000000,1.000000,0,0,0,0
1476,19,390,1083,1.000000,1.000000,1.000000,1.000000,0,0,0,0
1477,17,390,1084,1.000000,1.000000,1.000000,1.000000,0,0,0,0
1478,15,390,1085,1.000000,1.000000,1.000000,1.000000,0,0,0,0
1479,13,390,1086,1.000000,1.000000,1.000000,1.000000,0,0,0,0
1480,11,390,1087,1.000000,1.000000,1.000000,1.000000,1,1,0,0
1481,9,390,1088,1.000000,1.000000,1.000000,1.000000,0,1,0,0
1482,7,390,1089,1.000000,1.000000,1.000000,1.000000,1,1,0,1
1483,29,391,1089,1.000000,1.000000,1.000000,1.000000,1,1,0,1
1484,27,391,1090,1.000000,1.000000,1.000000,1.000000,0,0,0,0
1485,29,392,1090,1.000000,1.000000,1.000000,1.000000,0,0,0,0
1486,27,392,1091,1.000000,1.000000,1.000000,1.000000,0,1,0,1
1487,25,392,1092,1.000000,1.000000,1.000000,1.000000,1,0,0,0
1488,29,393,1092,1.000000,1.000000,1.000000,1.000000,1,0,0,0
1489,27,393,1093,1.000000,1.000000,1.000000,1.000000,0,0,0,0
1490,25,393,1094,1.000000,1.000000,1.000000,1.000000,0,1,0,0
1491,23,393,1095,1.000000,1.000000,1.000000,1.000000,0,0,0,0
1492,29,394,1095,1.000000,1.000000,1.000000,1.000000,0,0,0,0
1493,27,394,1096,1.000000,1.000000,1.000000,1.000000,0,0,0,0
1494,25,394,1097,1.000000,1.000000,1.000000,1.000000,0,0,0,1
1495,23,394,1098,1.000000,1.000000,1.000000,1.000000,0,0,0,1
1496,29,395,1098,1.000000,1.000000,1.000000,1.000000,0,0,0,1
1497,27,395,1099,1.000000,1.000000,1.000000,1.000000,0,0,0,0
1498,29,396,1099,1.000000,1.000000,1.000000,1.000000,0,0,0,0
1499,27,396,1100,1.000000,1.000000,1.000000,1.000000,1,0,0,0
1500,25,396,1101,1.000000,1.000000,1.000000,1.000000,1,0,0,0
1501,29,397,1101,1.000000,1.000000,1.000000,1.000000,1,0,0,0
1502,27,397,1102,1.000000,1.000000,1.000000,1.000000,0,0,0,0
1503,29,398,1102,1.000000,1.000000,1.000000,1.000000,0,0,0,0
1504,27,398,1103,1.000000,1.000000,1.000000,1.000000,1,0,0,0
1505,25,398,1104,1.000000,1.000000,1.000000,1.000000,0,0,0,0
1506,29,399,1104,1.000000,1.000000,1.000000,1.000000,0,0,0,0
1507,27,399,1105,1.000000,1.000000,1.000000,1.000000,0,0,0,0
1508,25,399,1106,1.000000,1.000000,1.000000,1.000000,0,0,0,0
1509,23,399,1107,1.000000,1.000000,1.000000,1.000000,0,0,0,0
1510,21,399,1108,1.000000,1.000000,1.000000,1.000000,0,0,0,0
1511,19,399,1109,1.000000,1.000000,1.000000,1.000000,0,0,0,0
1512,17,399,1110,1.000000,1.000000,1.000000,1.000000,0,0,0,0
1513,15,399,1111,1.000000,1.000000,1.000000,1.000000,0,1,0,0
1514,13,399,1112,1.000000,1.000000,1.000000,1.000000,0,0,1,0
1515,29,400,1112,1.000000,1.000000,1.000000,1.000000,0,0,1,0
1516,27,400,1113,1.000000,1.000000,1.000000,1.000000,0,0,0,0
1517,29,401,1113,1.000000,1.000000,1.000000,1.000000,0,0,0,0
1518,27,401,1114,1.000000,1.000000,1.000000,1.000000,0,0,0,0
1519,25,401,1115,1.000000,1.000000,1.000000,1.000000,0,0,0,0
1520,23,401,1116,1.000000,1.000000,1.000000,1.000000,0,0,0,0
1521,21,401,1117,1.000000,1.000000,1.000000,1.000000,0,0,0,0
1522,19,401,1118,1.000000,1.000000,1.000000,1.000000,0,0,0,0
1523,17,401,1119,1.000000,1.000000,1.000000,1.000000,0,0,0,0
1524,15,401,1120,1.000000,1.000000,1.000000,1.000000,0,0,0,0
1525,13,401,1121,1.000000,1.000000,1.000000,1.000000,0,0,0,0
1526,11,401,1122,1.000000,1.000000,1.000000,1.000000,0,0,0,0
1527,9,401,1123,1.000000,1.000000,1.000000,1.000000,0,0,0,0
1528,7,401,1124,1.000000,1.000000,1.000000,1.000000,0,0,0,0
1529,5,401,1125,1.000000,1.000000,1.000000,1.000000,1,0,0,0
1530,3,401,1126,1.000000,1.000000,1.000000,1.000000,0,0,0,0
1531,29,402,1126,1.000000,1.000000,1.000000,1.000000,0,0,1,0
1532,27,402,1127,1.000000,1.000000,1.000000,1.000000,0,0,0,0
1533,29,403,1127,1.000000,1.000000,1.000000,1.000000,0,0,0,0
1534,27,403,1128,1.000000,1.000000,1.000000,1.000000,0,0,0,0
1535,25,403,1129,1.000000,1.000000,1.000000,1.000000,0,0,0,0
1536,23,403,1130,1.000000,1.000000,1.000000,1.000000,0,0,0,0
1537,21,403,1131,1.000000,1.000000,1.000000,1.000000,0,0,0,0
1538,19,403,1132,1.000000,1.000000,1.000000,1.000000,0,0,0,0
1539,17,403,1133,1.000000,1.000000,1.000000,1.000000,0,0,0,1
1540,15,403,1134,1.000000,1.000000,1.000000,1.000000,0,0,1,0
1541,29,404,1134,1.000000,1.000000,1.000000,1.000000,0,0,1,0
1542,27,404,1135,1.000000,1.000000,1.000000,1.000000,0,0,0,0
1543,29,405,1135,1.000000,1.000000,1.000000,1.000000,0,0,0,0
1544,27,405,1136,1.000000,1.000000,1.000000,1.000000,0,0,1,0
1545,25,405,1137,1.000000,1.000000,1.000000,1.000000,0,1,0,0
1546,29,406,1137,1.000000,1.000000,1.000000,1.000000,0,1,0,0
1547,27,406,1138,1.000000,1.000000,1.000000,1.000000,0,0,0,0
1548,29,407,1138,1.000000,1.000000,1.000000,1.000000,0,0,0,0
1549,27,407,1139,1.000000,1.000000,1.000000,1.000000,0,0,0,0
1550,25,407,1140,1.000000,1.000000,1.000000,1.000000,0,1,0,0
1551,23,407,1141,1.000000,1.000000,1.000000,1.000000,0,0,1,0
1552,29,408,1141,1.000000,1.000000,1.000000,1.000000,0,0,1,0
1553,27,408,1142,1.000000,1.000000,1.000000,1.000000,0,0,0,0
1554,25,408,1143,1.000000,1.000000,1.000000,1.000000,0,0,1,0
1555,23,408,1144,1.000000,1.000000,1.000000,1.000000,0,0,0,0
1556,21,408,1145,1.000000,1.000000,1.000000,1.000000,1,1,0,0
1557,19,408,1146,1.000000,1.000000,1.000000,1.000000,0,1,0,0
1558,29,409,1146,1.000000,1.000000,1.000000,1.000000,0,1,0,0
1559,27,409,1147,1.000000,1.000000,1.000000,1.000000,1,1,0,0
1560,29,410,1147,1.000000,1.000000,1.000000,1.000000,1,1,0,0
1561,27,410,1148,1.000000,1.000000,1.000000,1.000000,0,0,0,0
1562,29,411,1148,1.000000,1.000000,1.000000,1.000000,0,0,0,0
1563,27,411,1149,1.000000,1.000000,1.000000,1.000000,0,1,0,0
1564,25,411,1150,1.000000,1.000000,1.000000,1.000000,0,0,0,0
1565,29,412,1150,1.000000,1.000000,1.000000,1.000000,0,0,0,0
1566,27,412,1151,1.000000,1.000000,1.000000,1.000000,0,0,0,0
1567,25,412,1152,1.000000,1.000000,1.000000,1.000000,0,0,1,0
1568,23,412,1153,1.000000,1.000000,1.000000,1.000000,0,0,0,0
1569,29,413,1153,1.000000,1.000000,1.000000,1.000000,0,0,0,0
1570,27,413,1154,1.000000,1.000000,1.000000,1.000000,0,0,1,0
1571,25,413,1155,1.000000,1.000000,1.000000,1.000000,0,0,0,0
1572,29,414,1155,1.000000,1.000000,1.000000,1.000000,0,0,0,0
1573,27,414,1156,1.000000,1.000000,1.000000,1.000000,0,0,1,0
1574,25,414,1157,1.000000,1.000000,1.000000,1.000000,0,0,0,0
1575,23,414,1158,1.000000,1.000000,1.000000,1.000000,0,0,0,0
1576,21,414,1159,1.000000,1.000000,1.000000,1.000000,0,0,0,0
1577,19,414,1160,1.000000,1.000000,1.000000,1.000000,0,0,1,0
1578,17,414,1161,1.000000,1.000000,1.000000,1.000000,0,0,0,1
1579,29,415,1161,1.000000,1.000000,1.000000,1.000000,0,0,0,1
1580,27,415,1162,1.000000,1.000000,1.000000,1.000000,0,0,0,1
1581,29,416,1162,1.000000,1.000000,1.000000,1.000000,0,0,0,1
1582,27,416,1163,1.000000,1.000000,1.000000,1.000000,0,0,1,0
1583,29,417,1163,1.000000,1.000000,1.000000,1.000000,0,0,1,0
1584,27,417,1164,1.000000,1.000000,1.000000,1.000000,0,0,0,0
1585,29,418,1164,1.000000,1.000000,1.000000,1.000000,0,0,0,0
1586,27,418,1165,1.000000,1.000000,1.000000,1.000000,0,0,0,0
1587,25,418,1166,1.000000,1.000000,1.000000,1.000000,0,0,0,0
1588,23,418,1167,1.000000,1.000000,1.000000,1.000000,0,0,0,0
1589,21,418,1168,1.000000,1.000000,1.000000,1.000000,0,0,0,0
1590,19,418,1169,1.000000,1.000000,1.000000,1.000000,0,0,0,0
1591,17,418,1170,1.000000,1.000000,1.000000,1.000000,0,0,0,0
1592,15,418,1171,1.000000,1.000000,1.000000,1.000000,0,0,0,0
1593,13,418,1172,1.000000,1.000000,1.000000,1.000000,1,0,0,0
1594,11,418,1173,1.000000,1.000000,1.000000,1.000000,0,0,0,0
1595,29,419,1173,1.000000,1.000000,1.000000,1.000000,0,0,0,1
1596,27,419,1174,1.000000,1.000000,1.000000,1.000000,0,0,0,0
1597,29,420,1174,1.000000,1.000000,1.000000,1.000000,0,0,0,1
1598,27,420,1175,1.000000,1.000000,1.000000,1.000000,0,0,0,0
1599,29,421,1175,1.000000,1.000000,1.000000,1.000000,0,0,1,0
1600,27,421,1176,1.000000,1.000000,1.000000,1.000000,0,0,0,0
1601,29,422,1176,1.000000,1.000000,1.000000,1.000000,0,0,0,0
1602,27,422,1177,1.000000,1.000000,1.000000,1.000000,0,0,0,0
1603,25,422,1178,1.000000,1.000000,1.000000,1.000000,0,0,1,0
1604,23,422,1179,1.000000,1.000000,1.000000,1.000000,0,0,0,0
1605,29,423,1179,1.000000,1.000000,1.000000,1.000000,0,0,0,0
1606,27,423,1180,1.000000,1.000000,1.000000,1.000000,0,0,0,0
1607,25,423,1181,1.000000,1.000000,1.000000,1.000000,0,0,0,0
1608,23,423,1182,1.000000,1.000000,1.000000,1.000000,0,0,0,0
1609,21,423,1183,1.000000,1.000000,1.000000,1.000000,0,0,1,0
1610,19,423,1184,1.000000,1.000000,1.000000,1.000000,0,0,0,0
1611,29,424,1184,1.000000,1.000000,1.000000,1.000000,0,0,0,0
1612,27,424,1185,1.000000,1.000000,1.000000,1.000000,0,1,0,1
1613,25,424,1186,1.000000,1.000000,1.000000,1.000000,0,0,1,0
1614,29,425,1186,1.000000,1.000000,1.000000,1.000000,0,0,1,0
1615,27,425,1187,1.000000,1.000000,1.000000,1.000000,0,0,0,0
1616,25,425,1188,1.000000,1.000000,1.000000,1.000000,0,0,0,0
1617,23,425,1189,1.000000,1.000000,1.000000,1.000000,1,0,0,1
1618,21,425,1190,1.000000,1.000000,1.000000,1.000000,0,0,0,0
1619,29,426,1190,1.000000,1.000000,1.000000,1.000000,0,0,0,0
1620,27,426,1191,1.000000,1.000000,1.000000,1.000000,0,0,0,0
1621,25,426,1192,1.000000,1.000000,1.000000,1.000000,0,0,0,0
1622,23,426,1193,1.000000,1.000000,1.000000,1.000000,0,0,0,0
1623,21,426,1194,1.000000,1.000000,1.000000,1.000000,0,0,0,0
1624,19,426,1195,1.000000,1.000000,1.000000,1.000000,0,0,0,0
1625,17,426,1196,1.000000,1.000000,1.000000,1.000000,0,0,0,0
1626,15,426,1197,1.000000,1.000000,1.000000,1.000000,0,0,0,1
1627,13,426,1198,1.000000,1.000000,1.000000,1.000000,1,0,0,1
1628,29,427,1198,1.000000,1.000000,1.000000,1.000000,1,0,0,1
1629,27,427,1199,1.000000,1.000000,1.000000,1.000000,1,0,0,0
1630,29,428,1199,1.000000,1.000000,1.000000,1.000000,1,0,0,0
1631,27,428,1200,1.000000,1.000000,1.000000,1.000000,0,1,0,0
1632,29,429,1200,1.000000,1.000000,1.000000,1.000000,0,1,0,0
1633,27,429,1201,1.000000,1.000000,1.000000,1.000000,0,0,0,0
1634,29,430,1201,1.000000,1.000000,1.000000,1.000000,0,0,0,0
1635,27,430,1202,1.000000,1.000000,1.000000,1.000000,0,0,0,0
1636,25,430,1203,1.000000,1.000000,1.000000,1.000000,0,0,0,0
1637,23,430,1204,1.000000,1.000000,1.000000,1.000000,0,0,0,1
1638,21,430,1205,1.000000,1.000000,1.000000,1.000000,0,0,0,0
1639,19,430,1206,1.000000,1.000000,1.000000,1.000000,0,0,0,0
1640,17,430,1207,1.000000,1.000000,1.000000,1.000000,0,0,0,0
1641,15,430,1208,1.000000,1.000000,1.000000,1.000000,0,0,0,0
1642,13,430,1209,1.000000,1.000000,1.000000,1.000000,0,1,1,0
1643,11,430,1210,1.000000,1.000000,1.000000,1.000000,0,0,0,0
1644,29,431,1210,1.000000,1.000000,1.000000,1.000000,0,0,0,0
1645,27,431,1211,1.000000,1.000000,1.000000,1.000000,0,0,0,0
1646,25,431,1212,1.000000,1.000000,1.000000,1.000000,0,0,0,0
1647,23,431,1213,1.000000,1.000000,1.000000,1.000000,0,0,0,0
1648,21,431,1214,1.000000,1.000000,1.000000,1.000000,0,0,0,0
1649,19,431,1215,1.000000,1.000000,1.000000,1.000000,0,0,0,0
1650,17,431,1216,1.000000,1.000000,1.000000,1.000000,1,0,0,1
1651,15,431,1217,1.000000,1.000000,1.000000,1.000000,0,0,0,1
1652,13,431,1218,1.000000,1.000000,1.000000,1.000000,0,1,1,0
1653,11,431,1219,1.000000,1.000000,1.000000,1.000000,0,0,0,1
1654,29,432,1219,1.000000,1.000000,1.000000,1.000000,0,0,0,1
1655,27,432,1220,1.000000,1.000000,1.000000,1.000000,0,0,1,0
1656,29,433,1220,1.000000,1.000000,1.000000,1.000000,0,0,1,0
1657,27,433,1221,1.000000,1.000000,1.000000,1.000000,0,0,1,0
1658,29,434,1221,1.000000,1.000000,1.000000,1.000000,0,0,1,0
1659,27,434,1222,1.000000,1.000000,1.000000,1.000000,0,0,0,1
1660,25,434,1223,1.000000,1.000000,1.000000,1.000000,0,1,0,0
1661,23,434,1224,1.000000,1.000000,1.000000,1.000000,0,0,0,1
1662,29,435,1224,1.000000,1.000000,1.000000,1.000000,0,0,0,1
1663,27,435,1225,1.000000,1.000000,1.000000,1.000000,0,0,0,0
1664,25,435,1226,1.000000,1.000000,1.000000,1.000000,0,0,0,0
1665,23,435,1227,1.000000,1.000000,1.000000,1.000000,0,0,0,0
1666,21,435,1228,1.000000,1.000000,1.000000,1.000000,0,0,0,0
1667,19,435,1229,1.000000,1.000000,1.000000,1.000000,0,0,1,0
1668,17,435,1230,1.000000,1.000000,1.000000,1.000000,0,0,0,0
1669,29,436,1230,1.000000,1.000000,1.000000,1.000000,0,0,0,0
1670,27,436,1231,1.000000,1.000000,1.000000,1.000000,0,1,0,0
1671,25,436,1232,1.000000,1.000000,1.000000,1.000000,1,0,0,0
1672,29,437,1232,1.000000,1.000000,1.000000,1.000000,1,0,0,0
1673,27,437,1233,1.000000,1.000000,1.000000,1.000000,0,0,0,0
1674,25,437,1234,1.000000,1.000000,1.000000,1.000000,0,1,0,0
1675,23,437,1235,1.000000,1.000000,1.000000,1.000000,0,0,0,0
1676,29,438,1235,1.000000,1.000000,1.000000,1.000000,0,0,0,0
1677,27,438,1236,1.000000,1.000000,1.000000,1.000000,0,0,0,0
1678,25,438,1237,1.000000,1.000000,1.000000,1.000000,0,0,1,0
1679,23,438,1238,1.000000,1.000000,1.000000,1.000000,0,0,0,0
1680,29,439,1238,1.000000,1.000000,1.000000,1.000000,0,0,0,0
1681,27,439,1239,1.000000,1.000000,1.000000,1.000000,0,0,1,0
1682,25,439,1240,1.000000,1.000000,1.000000,1.000000,0,0,1,0
1683,23,439,1241,1.000000,1.000000,1.000000,1.000000,1,0,0,0
1684,29,440,1241,1.000000,1.000000,1.000000,1.000000,1,0,0,0
1685,27,440,1242,1.000000,1.000000,1.000000,1.000000,0,0,0,0
1686,29,441,1242,1.000000,1.000000,1.000000,1.000000,0,0,0,0
1687,27,441,1243,1.000000,1.000000,1.000000,1.000000,0,0,0,0
1688,25,441,1244,1.000000,1.000000,1.000000,1.000000,0,0,0,1
1689,23,441,1245,1.000000,1.000000,1.000000,1.000000,0,0,0,0
1690,29,442,1245,1.000000,1.000000,1.000000,1.000000,0,0,0,0
1691,27,442,1246,1.000000,1.000000,1.000000,1.000000,0,0,0,0
1692,25,442,1247,1.000000,1.000000,1.000000,1.000000,0,1,0,0
1693,23,442,1248,1.000000,1.000000,1.000000,1.000000,0,0,0,0
1694,29,443,1248,1.000000,1.000000,1.000000,1.000000,0,0,0,0
1695,27,443,1249,1.000000,1.000000,1.000000,1.000000,0,0,0,0
1696,25,443,1250,1.000000,1.000000,1.000000,1.000000,0,0,0,0
1697,23,443,1251,1.000000,1.000000,1.000000,1.000000,0,0,0,0
1698,21,443,1252,1.000000,1.000000,1.000000,1.000000,0,0,0,0
1699,19,443,1253,1.000000,1.000000,1.000000,1.000000,0,0,0,0
1700,17,443,1254,1.000000,1.000000,1.000000,1.000000,0,0,0,0
1701,15,443,1255,1.000000,1.000000,1.000000,1.000000,1,0,0,1
1702,13,443,1256,1.000000,1.000000,1.000000,1.000000,0,0,0,0
1703,29,444,1256,1.000000,1.000000,1.000000,1.000000,0,0,0,0
1704,27,444,1257,1.000000,1.000000,1.000000,1.000000,0,0,0,0
1705,25,444,1258,1.000000,1.000000,1.000000,1.000000,0,0,0,0
1706,23,444,1259,1.000000,1.000000,1.000000,1.000000,0,1,0,0
1707,21,444,1260,1.000000,1.000000,1.000000,1.000000,0,0,0,0
1708,29,445,1260,1.000000,1.000000,1.000000,1.000000,0,0,0,0
1709,27,445,1261,1.000000,1.000000,1.000000,1.000000,0,0,1,0
1710,25,445,1262,1.000000,1.000000,1.000000,1.000000,0,0,0,0
1711,29,446,1262,1.000000,1.000000,1.000000,1.000000,0,0,0,0
1712,27,446,1263,1.000000,1.000000,1.000000,1.000000,0,0,0,0
1713,25,446,1264,1.000000,1.000000,1.000000,1.000000,0,0,0,0
1714,23,446,1265,1.000000,1.000000,1.000000,1.000000,1,0,0,0
1715,21,446,1266,1.000000,1.000000,1.000000,1.000000,1,0,0,1
1716,29,447,1266,1.000000,1.000000,1.000000,1.000000,1,0,0,1
1717,27,447,1267,1.000000,1.000000,1.000000,1.000000,0,0,0,0
1718,29,448,1267,1.000000,1.000000,1.000000,1.000000,0,0,0,0
1719,27,448,1268,1.000000,1.000000,1.000000,1.000000,0,0,0,0
1720,25,448,1269,1.000000,1.000000,1.000000,1.000000,0,0,0,0
1721,23,448,1270,1.000000,1.000000,1.000000,1.000000,1,0,0,0
1722,21,448,1271,1.000000,1.000000,1.000000,1.000000,1,0,0,0
1723,29,449,1271,1.000000,1.000000,1.000000,1.000000,1,0,0,0
1724,27,449,1272,1.000000,1.000000,1.000000,1.000000,1,0,0,0
1725,25,449,1273,1.000000,1.000000,1.000000,1.000000,0,0,0,1
1726,29,450,1273,1.000000,1.000000,1.000000,1.000000,0,0,0,1
1727,27,450,1274,1.000000,1.000000,1.000000,1.000000,0,0,0,0
1728,29,451,1274,1.000000,1.000000,1.000000,1.000000,0,0,0,0
1729,27,451,1275,1.000000,1.000000,1.000000,1.000000,0,0,0,0
1730,25,451,1276,1.000000,1.000000,1.000000,1.000000,0,0,0,1
1731,23,451,1277,1.000000,1.000000,1.000000,1.000000,0,0,0,0
1732,29,452,1277,1.000000,1.000000,1.000000,1.000000,0,0,0,0
1733,27,452,1278,1.000000,1.000000,1.000000,1.000000,0,0,1,0
1734,25,452,1279,1.000000,1.000000,1.000000,1.000000,0,1,0,0
1735,23,452,1280,1.000000,1.000000,1.000000,1.000000,0,0,0,1
1736,29,453,1280,1.000000,1.000000,1.000000,1.000000,0,0,0,1
1737,27,453,1281,1.000000,1.000000,1.000000,1.000000,0,0,0,0
1738,29,454,1281,1.000000,1.000000,1.000000,1.000000,0,0,0,0
1739,27,454,1282,1.000000,1.000000,1.000000,1.000000,0,1,0,0
1740,25,454,1283,1.000000,1.000000,1.000000,1.000000,0,0,0,0
1741,29,455,1283,1.000000,1.000000,1.000000,1.000000,0,0,0,0
1742,27,455,1284,1.000000,1.000000,1.000000,1.000000,0,0,0,0
1743,25,455,1285,1.000000,1.000000,1.000000,1.000000,0,0,0,0
1744,23,455,1286,1.000000,1.000000,1.000000,1.000000,0,0,0,0
1745,21,455,1287,1.000000,1.000000,1.000000,1.000000,1,0,0,0
1746,19,455,1288,1.000000,1.000000,1.000000,1.000000,0,1,0,0
1747,29,456,1288,1.000000,1.000000,1.000000,1.000000,0,1,0,0
1748,27,456,1289,1.000000,1.000000,1.000000,1.000000,0,0,0,0
1749,25,456,1290,1.000000,1.000000,1.000000,1.000000,0,1,0,0
1750,23,456,1291,1.000000,1.000000,1.000000,1.000000,0,0,0,0
1751,29,457,1291,1.000000,1.000000,1.000000,1.000000,0,0,0,0
1752,27,457,1292,1.000000,1.000000,1.000000,1.000000,0,0,1,0
1753,25,457,1293,1.000000,1.000000,1.000000,1.000000,0,0,0,0
1754,29,458,1293,1.000000,1.000000,1.000000,1.000000,0,0,0,0
1755,27,458,1294,1.000000,1.000000,1.000000,1.000000,0,0,0,0
1756,25,458,1295,1.000000,1.000000,1.000000,1.000000,0,0,0,0
1757,23,458,1296,1.000000,1.000000,1.000000,1.000000,0,0,0,0
1758,21,458,1297,1.000000,1.000000,1.000000,1.000000,1,1,0,0
1759,19,458,1298,1.000000,1.000000,1.000000,1.000000,0,1,0,0
1760,29,459,1298,1.000000,1.000000,1.000000,1.000000,0,1,0,0
1761,27,459,1299,1.000000,1.000000,1.000000,1.000000,1,1,0,0
1762,29,460,1299,1.000000,1.000000,1.000000,1.000000,1,1,0,0
1763,27,460,1300,1.000000,1.000000,1.000000,1.000000,0,0,0,0
1764,29,461,1300,1.000000,1.000000,1.000000,1.000000,0,0,0,0
1765,27,461,1301,1.000000,1.000000,1.000000,1.000000,1,0,0,0
1766,25,461,1302,1.000000,1.000000,1.000000,1.000000,0,0,0,0
1767,29,462,1302,1.000000,1.000000,1.000000,1.000000,0,0,0,0
1768,27,462,1303,1.000000,1.000000,1.000000,1.000000,0,0,0,0
1769,25,462,1304,1.000000,1.000000,1.000000,1.000000,0,0,0,0
1770,23,462,1305,1.000000,1.000000,1.000000,1.000000,0,0,0,0
1771,21,462,1306,1.000000,1.000000,1.000000,1.000000,0,0,0,0
1772,19,462,1307,1.000000,1.000000,1.000000,1.000000,0,0,0,0
1773,17,462,1308,1.000000,1.000000,1.000000,1.000000,0,0,0,0
1774,15,462,1309,1.000000,1.000000,1.000000,1.000000,0,0,0,0
1775,13,462,1310,1.000000,1.000000,1.000000,1.000000,0,0,0,0
1776,11,462,1311,1.000000,1.000000,1.000000,1.000000,0,0,0,0
1777,9,462,1312,1.000000,1.000000,1.000000,1.000000,0,0,1,0
1778,7,462,1313,1.000000,1.000000,1.000000,1.000000,0,0,1,0
1779,5,462,1314,1.000000,1.000000,1.000000,1.000000,0,0,0,1
1780,3,462,1315,1.000000,1.000000,1.000000,1.000000,0,1,0,1
1781,29,463,1315,1.000000,1.000000,1.000000,1.000000,1,1,0,1
1782,27,463,1316,1.000000,1.000000,1.000000,1.000000,0,0,0,0
1783,29,464,1316,1.000000,1.000000,1.000000,1.000000,0,0,0,0
1784,27,464,1317,1.000000,1.000000,1.000000,1.000000,1,0,0,0
1785,25,464,1318,1.000000,1.000000,1.000000,1.000000,1,0,0,0
1786,23,464,1319,1.000000,1.000000,1.000000,1.000000,0,0,1,0
1787,29,465,1319,1.000000,1.000000,1.000000,1.000000,0,0,1,0
1788,27,465,1320,1.000000,1.000000,1.000000,1.000000,0,0,0,0
1789,29,466,1320,1.000000,1.000000,1.000000,1.000000,0,0,0,0
1790,27,466,1321,1.000000,1.000000,1.000000,1.000000,0,0,0,0
1791,25,466,1322,1.000000,1.000000,1.000000,1.000000,0,0,0,0
1792,23,466,1323,1.000000,1.000000,1.000000,1.000000,0,0,0,0
1793,21,466,1324,1.000000,1.000000,1.000000,1.000000,0,0,0,0
1794,19,466,1325,1.000000,1.000000,1.000000,1.000000,0,0,0,0
1795,17,466,1326,1.000000,1.000000,1.000000,1.000000,0,0,0,0
1796,15,466,1327,1.000000,1.000000,1.000000,1.000000,0,1,0,0
1797,13,466,1328,1.000000,1.000000,1.000000,1.000000,0,0,1,0
1798,29,467,1328,1.000000,1.000000,1.000000,1.000000,0,0,1,0
1799,27,467,1329,1.000000,1.000000,1.000000,1.000000,0,1,0,1
1800,29,468,1329,1.000000,1.000000,1.000000,1.000000,0,1,0,1
1801,27,468,1330,1.000000,1.000000,1.000000,1.000000,0,0,0,0
1802,29,469,1330,1.000000,1.000000,1.000000,1.000000,0,0,0,0
1803,27,469,1331,1.000000,1.000000,1.000000,1.000000,0,0,0,0
1804,25,469,1332,1.000000,1.000000,1.000000,1.000000,0,0,0,0
1805,23,469,1333,1.000000,1.000000,1.000000,1.000000,0,0,0,0
1806,21,469,1334,1.000000,1.000000,1.000000,1.000000,0,0,0,0
1807,19,469,1335,1.000000,1.000000,1.000000,1.000000,0,0,0,1
1808,17,469,1336,1.000000,1.000000,1.000000,1.000000,0,0,0,0
1809,29,470,1336,1.000000,1.000000,1.000000,1.000000,0,0,0,0
1810,27,470,1337,1.000000,1.000000,1.000000,1.000000,0,0,0,1
1811,25,470,1338,1.000000,1.000000,1.000000,1.000000,1,0,0,0
1812,29,471,1338,1.000000,1.000000,1.000000,1.000000,1,0,0,0
1813,27,471,1339,1.000000,1.000000,1.000000,1.000000,0,0,0,0
1814,29,472,1339,1.000000,1.000000,1.000000,1.000000,0,0,0,0
1815,27,472,1340,1.000000,1.000000,1.000000,1.000000,0,0,0,0
1816,25,472,1341,1.000000,1.000000,1.000000,1.000000,1,0,0,0
1817,23,472,1342,1.000000,1.000000,1.000000,1.000000,0,0,0,1
1818,29,473,1342,1.000000,1.000000,1.000000,1.000000,0,0,0,1
1819,27,473,1343,1.000000,1.000000,1.000000,1.000000,0,0,0,0
1820,29,474,1343,1.000000,1.000000,1.000000,1.000000,0,0,0,0
1821,27,474,1344,1.000000,1.000000,1.000000,1.000000,0,0,1,0
1822,25,474,1345,1.000000,1.000000,1.000000,1.000000,0,0,0,0
1823,29,475,1345,1.000000,1.000000,1.000000,1.000000,0,0,0,0
1824,27,475,1346,1.000000,1.000000,1.000000,1.000000,0,0,0,0
1825,25,475,1347,1.000000,1.000000,1.000000,1.000000,1,0,0,0
1826,23,475,1348,1.000000,1.000000,1.000000,1.000000,1,0,0,1
1827,21,475,1349,1.000000,1.000000,1.000000,1.000000,1,0,1,0
1828,29,476,1349,1.000000,1.000000,1.000000,1.000000,1,0,1,0
1829,27,476,1350,1.000000,1.000000,1.000000,1.000000,0,0,0,1
1830,29,477,1350,1.000000,1.000000,1.000000,1.000000,0,0,0,1
1831,27,477,1351,1.000000,1.000000,1.000000,1.000000,0,0,0,0
1832,29,478,1351,1.000000,1.000000,1.000000,1.000000,0,0,0,0
1833,27,478,1352,1.000000,1.000000,1.000000,1.000000,0,0,0,1
1834,25,478,1353,1.000000,1.000000,1.000000,1.000000,0,0,1,0
1835,23,478,1354,1.000000,1.000000,1.000000,1.000000,1,0,0,0
1836,29,479,1354,1.000000,1.000000,1.000000,1.000000,1,0,0,0
1837,27,479,1355,1.000000,1.000000,1.000000,1.000000,0,0,0,0
1838,29,480,1355,1.000000,1.000000,1.000000,1.000000,0,0,0,0
1839,27,480,1356,1.000000,1.000000,1.000000,1.000000,1,0,0,0
1840,25,480,1357,1.000000,1.000000,1.000000,1.000000,0,0,0,0
1841,29,481,1357,1.000000,1.000000,1.000000,1.000000,0,0,0,0
1842,27,481,1358,1.000000,1.000000,1.000000,1.000000,1,0,0,0
1843,25,481,1359,1.000000,1.000000,1.000000,1.000000,0,0,0,0
1844,29,482,1359,1.000000,1.000000,1.000000,1.000000,0,0,0,0
1845,27,482,1360,1.000000,1.000000,1.000000,1.000000,0,0,0,0
1846,25,482,1361,1.000000,1.000000,1.000000,1.000000,0,0,0,0
1847,23,482,1362,1.000000,1.000000,1.000000,1.000000,0,0,0,0
1848,21,482,1363,1.000000,1.000000,1.000000,1.000000,0,1,0,0
1849,19,482,1364,1.000000,1.000000,1.000000,1.000000,0,0,1,0
1850,29,483,1364,1.000000,1.000000,1.000000,1.000000,0,0,1,0
1851,27,483,1365,1.000000,1.000000,1.000000,1.000000,0,0,1,0
1852,29,484,1365,1.000000,1.000000,1.000000,1.000000,0,0,1,0
1853,27,484,1366,1.000000,1.000000,1.000000,1.000000,0,0,0,1
1854,25,484,1367,1.000000,1.000000,1.000000,1.000000,0,1,0,0
1855,29,485,1367,1.000000,1.000000,1.000000,1.000000,0,1,0,0
1856,27,485,1368,1.000000,1.000000,1.000000,1.000000,0,0,0,0
1857,29,486,1368,1.000000,1.000000,1.000000,1.000000,0,0,0,0
1858,27,486,1369,1.000000,1.000000,1.000000,1.000000,0,0,0,0
1859,25,486,1370,1.000000,1.000000,1.000000,1.000000,0,0,0,0
1860,23,486,1371,1.000000,1.000000,1.000000,1.000000,0,0,0,0
1861,21,486,1372,1.000000,1.000000,1.000000,1.000000,0,1,0,0
1862,19,486,1373,1.000000,1.000000,1.000000,1.000000,0,1,0,0
1863,29,487,1373,1.000000,1.000000,1.000000,1.000000,0,1,0,0
1864,27,487,1374,1.000000,1.000000,1.000000,1.000000,0,0,0,0
1865,29,488,1374,1.000000,1.000000,1.000000,1.000000,0,0,0,0
1866,27,488,1375,1.000000,1.000000,1.000000,1.000000,0,0,0,0
1867,25,488,1376,1.000000,1.000000,1.000000,1.000000,0,0,0,0
1868,23,488,1377,1.000000,1.000000,1.000000,1.000000,0,0,0,0
1869,21,488,1378,1.000000,1.000000,1.000000,1.000000,0,1,0,0
1870,19,488,1379,1.000000,1.000000,1.000000,1.000000,0,0,1,0
1871,29,489,1379,1.000000,1.000000,1.000000,1.000000,0,0,1,0
1872,27,489,1380,1.000000,1.000000,1.000000,1.000000,0,0,0,0
1873,29,490,1380,1.000000,1.000000,1.000000,1.000000,0,0,0,0
1874,27,490,1381,1.000000,1.000000,1.000000,1.000000,0,1,1,0
1875,25,490,1382,1.000000,1.000000,1.000000,1.000000,0,0,1,0
1876,29,491,1382,1.000000,1.000000,1.000000,1.000000,0,0,1,0
1877,27,491,1383,1.000000,1.000000,1.000000,1.000000,0,1,0,1
1878,25,491,1384,1.000000,1.000000,1.000000,1.000000,0,0,0,1
1879,29,492,1384,1.000000,1.000000,1.000000,1.000000,0,0,0,1
1880,27,492,1385,1.000000,1.000000,1.000000,1.000000,0,0,0,1
1881,29,493,1385,1.000000,1.000000,1.000000,1.000000,0,0,0,1
1882,27,493,1386,1.000000,1.000000,1.000000,1.000000,0,0,0,0
1883,29,494,1386,1.000000,1.000000,1.000000,1.000000,0,0,0,0
1884,27,494,1387,1.000000,1.000000,1.000000,1.000000,0,0,0,0
1885,25,494,1388,1.000000,1.000000,1.000000,1.000000,1,0,0,0
1886,23,494,1389,1.000000,1.000000,1.000000,1.000000,0,0,0,0
1887,21,494,1390,1.000000,1.000000,1.000000,1.000000,0,0,1,0
1888,19,494,1391,1.000000,1.000000,1.000000,1.000000,0,0,1,0
1889,29,495,1391,1.000000,1.000000,1.000000,1.000000,0,0,1,0
1890,27,495,1392,1.000000,1.000000,1.000000,1.000000,0,0,0,0
1891,25,495,1393,1.000000,1.000000,1.000000,1.000000,0,0,0,1
1892,23,495,1394,1.000000,1.000000,1.000000,1.000000,0,0,0,1
1893,29,496,1394,1.000000,1.000000,1.000000,1.000000,0,0,0,1
1894,27,496,1395,1.000000,1.000000,1.000000,1.000000,0,0,0,0
1895,29,497,1395,1.000000,1.000000,1.000000,1.000000,0,0,0,0
1896,27,497,1396,1.000000,1.000000,1.000000,1.000000,1,0,0,0
1897,25,497,1397,1.000000,1.000000,1.000000,1.000000,1,0,0,0
1898,29,498,1397,1.000000,1.000000,1.000000,1.000000,1,0,0,0
1899,27,498,1398,1.000000,1.000000,1.000000,1.000000,0,0,0,0
1900,29,499,1398,1.000000,1.000000,1.000000,1.000000,0,0,0,0
1901,27,499,1399,1.000000,1.000000,1.000000,1.000000,1,0,0,0
1902,25,499,1400,1.000000,1.000000,1.000000,1.000000,0,0,0,0
1903,23,499,1401,1.000000,1.000000,1.000000,1.000000,1,0,0,0
1904,21,499,1402,1.000000,1.000000,1.000000,1.000000,0,0,0,0
1905,29,500,1402,1.000000,1.000000,1.000000,1.000000,0,0,0,0
1906,27,500,1403,1.000000,1.000000,1.000000,1.000000,0,0,0,0
1907,25,500,1404,1.000000,1.000000,1.000000,1.000000,0,0,0,0
1908,23,500,1405,1.000000,1.000000,1.000000,1.000000,0,0,0,0
1909,21,500,1406,1.000000,1.000000,1.000000,1.000000,0,0,0,0
1910,19,500,1407,1.000000,1.000000,1.000000,1.000000,0,0,0,0
1911,17,500,1408,1.000000,1.000000,1.000000,1.000000,0,1,0,0
1912,15,500,1409,1.000000,1.000000,1.000000,1.000000,1,0,0,0
1913,13,500,1410,1.000000,1.000000,1.000000,1.000000,0,0,1,0
1914,29,501,1410,1.000000,1.000000,1.000000,1.000000,0,0,1,0
1915,27,501,1411,1.000000,1.000000,1.000000,1.000000,0,0,0,0
1916,29,502,1411,1.000000,1.000000,1.000000,1.000000,0,0,0,0
1917,27,502,1412,1.000000,1.000000,1.000000,1.000000,0,0,0,0
1918,25,502,1413,1.000000,1.000000,1.000000,1.000000,0,0,0,0
1919,23,502,1414,1.000000,1.000000,1.000000,1.000000,0,0,0,0
1920,21,502,1415,1.000000,1.000000,1.000000,1.000000,0,0,0,0
1921,19,502,1416,1.000000,1.000000,1.000000,1.000000,0,0,0,0
1922,17,502,1417,1.000000,1.000000,1.000000,1.000000,0,0,0,0
1923,15,502,1418,1.000000,1.000000,1.000000,1.000000,0,0,0,0
1924,13,502,1419,1.000000,1.000000,1.000000,1.000000,0,0,1,1
1925,11,502,1420,1.000000,1.000000,1.000000,1.000000,0,0,0,0
1926,29,503,1420,1.000000,1.000000,1.000000,1.000000,0,0,0,0
1927,27,503,1421,1.000000,1.000000,1.000000,1.000000,0,0,0,0
1928,25,503,1422,1.000000,1.000000,1.000000,1.000000,0,0,0,0
1929,23,503,1423,1.000000,1.000000,1.000000,1.000000,0,0,0,0
1930,21,503,1424,1.000000,1.000000,1.000000,1.000000,0,0,0,0
1931,19,503,1425,1.000000,1.000000,1.000000,1.000000,0,0,0,0
1932,17,503,1426,1.000000,1.000000,1.000000,1.000000,0,0,0,0
1933,15,503,1427,1.000000,1.000000,1.000000,1.000000,0,0,0,0
1934,13,503,1428,1.000000,1.000000,1.000000,1.000000,1,0,0,0
1935,11,503,1429,1.000000,1.000000,1.000000,1.000000,0,0,0,1
1936,29,504,1429,1.000000,1.000000,1.000000,1.000000,0,0,0,1
1937,27,504,1430,1.000000,1.000000,1.000000,1.000000,1,0,0,0
1938,29,505,1430,1.000000,1.000000,1.000000,1.000000,1,0,0,0
1939,27,505,1431,1.000000,1.000000,1.000000,1.000000,0,0,0,1
1940,29,506,1431,1.000000,1.000000,1.000000,1.000000,0,0,0,1
1941,27,506,1432,1.000000,1.000000,1.000000,1.000000,1,0,0,0
1942,29,507,1432,1.000000,1.000000,1.000000,1.000000,1,0,0,0
1943,27,507,1433,1.000000,1.000000,1.000000,1.000000,0,0,0,0
1944,25,507,1434,1.000000,1.000000,1.000000,1.000000,1,0,0,0
1945,23,507,1435,1.000000,1.000000,1.000000,1.000000,0,0,0,1
1946,29,508,1435,1.000000,1.000000,1.000000,1.000000,0,0,0,1
1947,27,508,1436,1.000000,1.000000,1.000000,1.000000,0,0,0,0
1948,29,509,1436,1.000000,1.000000,1.000000,1.000000,0,0,0,0
1949,27,509,1437,1.000000,1.000000,1.000000,1.000000,0,0,0,0
1950,25,509,1438,1.000000,1.000000,1.000000,1.000000,0,0,0,0
1951,23,509,1439,1.000000,1.000000,1.000000,1.000000,0,0,0,0
1952,21,509,1440,1.000000,1.000000,1.000000,1.000000,0,0,0,1
1953,19,509,1441,1.000000,1.000000,1.000000,1.000000,0,0,0,0
1954,29,510,1441,1.000000,1.000000,1.000000,1.000000,0,0,0,0
1955,27,510,1442,1.000000,1.000000,1.000000,1.000000,0,0,0,0
1956,25,510,1443,1.000000,1.000000,1.000000,1.000000,0,0,0,0
1957,23,510,1444,1.000000,1.000000,1.000000,1.000000,0,0,0,0
1958,21,510,1445,1.000000,1.000000,1.000000,1.000000,0,0,0,0
1959,19,510,1446,1.000000,1.000000,1.000000,1.000000,0,0,0,1
1960,17,510,1447,1.000000,1.000000,1.000000,1.000000,0,0,0,0
1961,29,511,1447,1.000000,1.000000,1.000000,1.000000,0,0,0,0
1962,27,511,1448,1.000000,1.000000,1.000000,1.000000,0,0,0,0
1963,25,511,1449,1.000000,1.000000,1.000000,1.000000,0,0,0,0
1964,23,511,1450,1.000000,1.000000,1.000000,1.000000,0,0,1,0
1965,21,511,1451,1.000000,1.000000,1.000000,1.000000,0,1,0,0
1966,29,512,1451,1.000000,1.000000,1.000000,1.000000,0,1,0,0
1967,27,512,1452,1.000000,1.000000,1.000000,1.000000,0,0,1,0
1968,29,513,1452,1.000000,1.000000,1.000000,1.000000,0,0,1,0
1969,27,513,1453,1.000000,1.000000,1.000000,1.000000,0,0,1,0
1970,29,514,1453,1.000000,1.000000,1.000000,1.000000,0,0,1,0
1971,27,514,1454,1.000000,1.000000,1.000000,1.000000,0,0,0,0
1972,29,515,1454,1.000000,1.000000,1.000000,1.000000,0,0,0,0
1973,27,515,1455,1.000000,1.000000,1.000000,1.000000,0,0,0,0
1974,25,515,1456,1.000000,1.000000,1.000000,1.000000,0,0,0,0
1975,23,515,1457,1.000000,1.000000,1.000000,1.000000,0,0,1,0
1976,21,515,1458,1.000000,1.000000,1.000000,1.000000,0,0,1,1
1977,29,516,1458,1.000000,1.000000,1.000000,1.000000,0,0,1,1
1978,27,516,1459,1.000000,1.000000,1.000000,1.000000,0,0,0,1
1979,29,517,1459,1.000000,1.000000,1.000000,1.000000,0,0,0,1
1980,27,517,1460,1.000000,1.000000,1.000000,1.000000,1,0,1,1
1981,29,518,1460,1.000000,1.000000,1.000000,1.000000,1,0,1,1
1982,27,518,1461,1.000000,1.000000,1.000000,1.000000,0,0,0,0
1983,29,519,1461,1.000000,1.000000,1.000000,1.000000,0,0,0,0
1984,27,519,1462,1.000000,1.000000,1.000000,1.000000,1,0,1,0
1985,25,519,1463,1.000000,1.000000,1.000000,1.000000,0,0,0,0
1986,29,520,1463,1.000000,1.000000,1.000000,1.000000,0,0,0,0
1987,27,520,1464,1.000000,1.000000,1.000000,1.000000,0,0,0,0
1988,25,520,1465,1.000000,1.000000,1.000000,1.000000,1,0,0,0
1989,23,520,1466,1.000000,1.000000,1.000000,1.000000,0,0,0,0
1990,29,521,1466,1.000000,1.000000,1.000000,1.000000,0,0,0,0
1991,27,521,1467,1.000000,1.000000,1.000000,1.000000,0,0,0,0
1992,25,521,1468,1.000000,1.000000,1.000000,1.000000,0,0,0,0
1993,23,521,1469,1.000000,1.000000,1.000000,1.000000,0,0,0,0
1994,21,521,1470,1.000000,1.000000,1.000000,1.000000,0,0,0,0
1995,19,521,1471,1.000000,1.000000,1.000000,1.000000,0,0,0,0
1996,17,521,1472,1.000000,1.000000,1.000000,1.000000,0,1,0,0
1997,15,521,1473,1.000000,1.000000,1.000000,1.000000,0,1,0,0
1998,29,522,1473,1.000000,1.000000,1.000000,1.000000,0,1,0,0
1999,27,522,1474,1.000000,1.000000,1.000000,1.000000,0,0,0,0
2000,29,523,1474,1.000000,1.000000,1.000000,1.000000,0,0,0,0
