tick,energy,eats,distance,conn_1_6_weight,conn_2_7_weight,conn_3_8_weight,conn_4_9_weight,food_north_sensed,food_east_sensed,food_south_sensed,food_west_sensed
0,30,0,0,0.050000,0.050000,0.050000,0.050000,0,0,0,0
1,29,0,0,0.055466,0.055466,0.050000,0.055466,1,1,0,1
2,29,1,0,0.068123,0.068123,0.050000,0.068123,1,1,0,1
3,27,1,1,0.068758,0.076111,0.050000,0.068758,0,1,0,0
4,25,1,2,0.076111,0.076814,0.050000,0.068758,1,0,0,0
5,29,2,2,0.093020,0.076814,0.050000,0.068758,1,0,0,0
6,27,2,3,0.093864,0.093020,0.050000,0.068758,0,1,0,0
7,25,2,4,0.093864,0.093864,0.050000,0.068758,0,0,0,0
8,23,2,5,0.093864,0.093864,0.050000,0.068758,0,0,0,0
9,21,2,6,0.093864,0.093864,0.050000,0.068758,0,0,0,0
10,19,2,7,0.093864,0.113229,0.060918,0.068758,0,1,1,0
11,17,2,8,0.093864,0.114233,0.061490,0.076111,0,0,0,1
12,29,3,8,0.093864,0.114233,0.061490,0.087303,0,0,0,1
13,27,3,9,0.093864,0.137170,0.074722,0.088100,0,1,1,0
14,25,3,10,0.093864,0.138353,0.075414,0.097307,0,0,0,1
15,29,4,10,0.093864,0.138353,0.075414,0.109289,0,0,0,1
16,27,4,11,0.093864,0.138353,0.088903,0.110263,0,0,1,0
17,25,4,12,0.093864,0.138353,0.089713,0.110263,0,0,0,0
18,29,5,12,0.093864,0.138353,0.089713,0.110263,0,0,0,0
19,27,5,13,0.093864,0.151945,0.089713,0.110263,0,1,0,0
20,25,5,14,0.093864,0.153234,0.099071,0.110263,0,0,1,0
21,23,5,15,0.093864,0.153234,0.110263,0.110263,0,0,1,0
22,29,6,15,0.093864,0.153234,0.123623,0.110263,0,0,1,0
23,27,6,16,0.093864,0.153234,0.124707,0.110263,0,0,0,0
24,25,6,17,0.110263,0.153234,0.124707,0.110263,1,0,0,0
25,23,6,18,0.111244,0.153234,0.124707,0.110263,0,0,0,0
26,21,6,19,0.111244,0.153234,0.124707,0.110263,0,0,0,0
27,19,6,20,0.111244,0.153234,0.124707,0.110263,0,0,0,0
28,17,6,21,0.111244,0.153234,0.144400,0.110263,0,0,1,0
29,15,6,22,0.111244,0.153234,0.145636,0.132521,0,0,0,1
30,13,6,23,0.111244,0.153234,0.145636,0.133670,0,0,0,0
31,11,6,24,0.111244,0.153234,0.145636,0.133670,0,0,0,0
32,9,6,25,0.111244,0.170810,0.145636,0.133670,0,1,0,0
33,7,6,26,0.111244,0.172227,0.145636,0.133670,0,0,0,0
34,29,7,26,0.111244,0.172227,0.145636,0.133670,0,0,0,0
35,27,7,27,0.111244,0.172227,0.145636,0.133670,0,0,0,0
36,25,7,28,0.111244,0.172227,0.145636,0.133670,0,0,0,0
37,23,7,29,0.111244,0.172227,0.145636,0.133670,0,0,0,0
38,21,7,30,0.111244,0.172227,0.145636,0.133670,0,0,0,0
39,19,7,31,0.126898,0.172227,0.145636,0.133670,1,0,0,0
40,17,7,32,0.153234,0.172227,0.145636,0.133670,1,0,0,0
41,16,7,32,0.172227,0.172227,0.145636,0.133670,1,0,0,0
42,14,7,33,0.173652,0.188425,0.145636,0.146880,0,1,0,1
43,29,8,33,0.173652,0.224275,0.145636,0.176531,0,1,0,1
44,27,8,34,0.193041,0.226015,0.145636,0.177985,1,0,0,0
45,25,8,35,0.229523,0.264738,0.173652,0.177985,1,1,1,0
46,23,8,36,0.231291,0.266685,0.175087,0.177985,0,0,0,0
47,29,9,36,0.231291,0.266685,0.175087,0.177985,0,0,0,0
48,27,9,37,0.270605,0.309608,0.175087,0.177985,1,1,0,0
49,25,9,38,0.272579,0.311745,0.175087,0.194598,0,0,0,1
50,29,10,38,0.272579,0.311745,0.175087,0.220824,0,0,0,1
51,27,10,39,0.272579,0.342490,0.175087,0.222545,0,1,0,0
52,25,10,40,0.272579,0.344742,0.175087,0.222545,0,0,0,0
53,23,10,41,0.272579,0.344742,0.175087,0.249498,0,0,0,1
54,21,10,42,0.303244,0.344742,0.175087,0.251370,1,0,0,0
55,19,10,43,0.305357,0.344742,0.175087,0.282582,0,0,0,1
56,17,10,44,0.305357,0.344742,0.175087,0.284609,0,0,0,0
57,15,10,45,0.305357,0.344742,0.175087,0.307478,0,0,0,1
58,29,11,45,0.305357,0.344742,0.175087,0.335778,0,0,0,1
59,27,11,46,0.305357,0.344742,0.175087,0.338008,0,0,0,0
60,25,11,47,0.305357,0.379319,0.175087,0.338008,0,1,0,0
61,23,11,48,0.305357,0.381674,0.175087,0.338008,0,0,0,0
62,29,12,48,0.305357,0.381674,0.175087,0.338008,0,0,0,0
63,27,12,49,0.342490,0.381674,0.175087,0.338008,1,0,0,0
64,25,12,50,0.344742,0.407921,0.175087,0.338008,0,1,0,0
65,23,12,51,0.344742,0.447029,0.175087,0.338008,0,1,0,0
66,21,12,52,0.369960,0.476834,0.175087,0.338008,1,1,0,0
67,29,13,52,0.403104,0.511813,0.175087,0.338008,1,1,0,0
68,27,13,53,0.405510,0.551643,0.175087,0.338008,0,1,0,0
69,29,14,53,0.405510,0.581125,0.175087,0.338008,0,1,0,0
70,27,14,54,0.434712,0.612425,0.175087,0.338008,1,1,0,0
71,29,15,54,0.464382,0.640531,0.175087,0.338008,1,1,0,0
72,27,15,55,0.466869,0.642833,0.175087,0.338008,0,0,0,0
73,29,16,55,0.466869,0.642833,0.175087,0.338008,0,0,0,0
74,27,16,56,0.466869,0.642833,0.175087,0.338008,0,0,0,0
75,25,16,57,0.466869,0.642833,0.175087,0.338008,0,0,0,0
76,23,16,58,0.494315,0.667712,0.175087,0.338008,1,1,0,0
77,21,16,59,0.496815,0.669930,0.175087,0.338008,0,0,0,0
78,29,17,59,0.496815,0.669930,0.175087,0.338008,0,0,0,0
79,27,17,60,0.496815,0.669930,0.193041,0.338008,0,0,1,0
80,25,17,61,0.496815,0.669930,0.194598,0.338008,0,0,0,0
81,23,17,62,0.496815,0.669930,0.194598,0.338008,0,0,0,0
82,21,17,63,0.496815,0.669930,0.194598,0.338008,0,0,0,0
83,19,17,64,0.496815,0.669930,0.194598,0.338008,0,0,0,0
84,17,17,65,0.496815,0.669930,0.194598,0.363004,0,0,0,1
85,15,17,66,0.496815,0.669930,0.194598,0.365317,0,0,0,0
86,13,17,67,0.496815,0.669930,0.194598,0.393528,0,0,0,1
87,11,17,68,0.496815,0.669930,0.194598,0.395915,0,0,0,0
88,9,17,69,0.496815,0.669930,0.194598,0.434712,0,0,0,1
89,7,17,70,0.496815,0.669930,0.194598,0.437169,0,0,0,0
90,29,18,70,0.496815,0.669930,0.194598,0.437169,0,0,0,0
91,27,18,71,0.496815,0.669930,0.194598,0.437169,0,0,0,0
92,25,18,72,0.496815,0.669930,0.194598,0.437169,0,0,0,0
93,23,18,73,0.496815,0.669930,0.194598,0.437169,0,0,0,0
94,21,18,74,0.496815,0.693827,0.194598,0.464382,0,1,0,1
95,19,18,75,0.496815,0.695951,0.194598,0.466869,0,0,0,0
96,29,19,75,0.496815,0.695951,0.194598,0.466869,0,0,0,0
97,27,19,76,0.496815,0.718760,0.194598,0.466869,0,1,0,0
98,25,19,77,0.496815,0.720781,0.194598,0.466869,0,0,0,0
99,29,20,77,0.496815,0.720781,0.194598,0.466869,0,0,0,0
100,27,20,78,0.496815,0.720781,0.194598,0.466869,0,0,0,0
101,25,20,79,0.496815,0.720781,0.194598,0.466869,0,0,0,0
102,23,20,80,0.496815,0.720781,0.194598,0.466869,0,0,0,0
103,21,20,81,0.496815,0.720781,0.194598,0.466869,0,0,0,0
104,19,20,82,0.496815,0.720781,0.212365,0.466869,0,0,1,0
105,17,20,83,0.496815,0.720781,0.214038,0.466869,0,0,0,0
106,29,21,83,0.496815,0.720781,0.214038,0.466869,0,0,0,0
107,27,21,84,0.496815,0.720781,0.214038,0.494315,0,0,0,1
108,25,21,85,0.496815,0.720781,0.214038,0.496815,0,0,0,0
109,29,22,85,0.496815,0.720781,0.214038,0.496815,0,0,0,0
110,27,22,86,0.496815,0.720781,0.214038,0.496815,0,0,0,0
111,25,22,87,0.496815,0.720781,0.214038,0.496815,0,0,0,0
112,23,22,88,0.496815,0.720781,0.214038,0.496815,0,0,0,0
113,21,22,89,0.496815,0.720781,0.214038,0.496815,0,0,0,0
114,19,22,90,0.496815,0.742422,0.214038,0.496815,0,1,0,0
115,17,22,91,0.496815,0.744334,0.214038,0.496815,0,0,0,0
116,29,23,91,0.496815,0.744334,0.214038,0.496815,0,0,0,0
117,27,23,92,0.496815,0.744334,0.214038,0.496815,0,0,0,0
118,25,23,93,0.496815,0.744334,0.214038,0.496815,0,0,0,0
119,23,23,94,0.496815,0.744334,0.214038,0.496815,0,0,0,0
120,21,23,95,0.496815,0.744334,0.214038,0.496815,0,0,0,0
121,19,23,96,0.496815,0.744334,0.214038,0.526793,0,0,0,1
122,17,23,97,0.496815,0.744334,0.214038,0.529285,0,0,0,0
123,29,24,97,0.496815,0.744334,0.214038,0.529285,0,0,0,0
124,27,24,98,0.496815,0.764750,0.214038,0.529285,0,1,0,0
125,25,24,99,0.496815,0.766549,0.214038,0.529285,0,0,0,0
126,29,25,99,0.496815,0.766549,0.214038,0.529285,0,0,0,0
127,27,25,100,0.524299,0.766549,0.214038,0.529285,1,0,0,0
128,25,25,101,0.526793,0.766549,0.214038,0.529285,0,0,0,0
129,29,26,101,0.526793,0.766549,0.214038,0.529285,0,0,0,0
130,27,26,102,0.526793,0.766549,0.214038,0.529285,0,0,0,0
131,25,26,103,0.526793,0.766549,0.214038,0.529285,0,0,0,0
132,23,26,104,0.526793,0.766549,0.214038,0.529285,0,0,0,0
133,21,26,105,0.526793,0.766549,0.214038,0.529285,0,0,0,0
134,19,26,106,0.554117,0.766549,0.214038,0.529285,1,0,0,0
135,17,26,107,0.556587,0.766549,0.214038,0.529285,0,0,0,0
136,29,27,107,0.556587,0.766549,0.214038,0.529285,0,0,0,0
137,27,27,108,0.556587,0.766549,0.214038,0.529285,0,0,0,0
138,25,27,109,0.556587,0.766549,0.214038,0.529285,0,0,0,0
139,23,27,110,0.556587,0.766549,0.214038,0.556587,0,0,0,1
140,21,27,111,0.556587,0.766549,0.214038,0.559055,0,0,0,0
141,19,27,112,0.556587,0.766549,0.214038,0.559055,0,0,0,0
142,17,27,113,0.556587,0.766549,0.214038,0.559055,0,0,0,0
143,15,27,114,0.583559,0.766549,0.214038,0.559055,1,0,0,0
144,13,27,115,0.585989,0.766549,0.214038,0.559055,0,0,0,0
145,29,28,115,0.585989,0.766549,0.214038,0.559055,0,0,0,0
146,27,28,116,0.585989,0.766549,0.214038,0.585989,0,0,0,1
147,25,28,117,0.585989,0.766549,0.214038,0.614799,0,0,0,1
148,23,28,118,0.612425,0.785706,0.214038,0.642833,1,1,0,1
149,29,29,118,0.640531,0.805274,0.214038,0.669930,1,1,0,1
150,27,29,119,0.642833,0.806842,0.214038,0.672142,0,0,0,0
151,29,30,119,0.642833,0.806842,0.214038,0.672142,0,0,0,0
152,27,30,120,0.642833,0.806842,0.214038,0.695951,0,0,0,1
153,25,30,121,0.642833,0.806842,0.214038,0.698067,0,0,0,0
154,29,31,121,0.642833,0.806842,0.214038,0.698067,0,0,0,0
155,27,31,122,0.642833,0.806842,0.214038,0.728778,0,0,0,1
156,25,31,123,0.642833,0.806842,0.214038,0.751890,0,0,0,1
157,29,32,123,0.642833,0.806842,0.214038,0.773650,0,0,0,1
158,27,32,124,0.667712,0.806842,0.214038,0.775401,1,0,0,0
159,29,33,124,0.693827,0.806842,0.214038,0.775401,1,0,0,0
160,27,33,125,0.695951,0.806842,0.214038,0.775401,0,0,0,0
161,29,34,125,0.695951,0.806842,0.214038,0.775401,0,0,0,0
162,27,34,126,0.695951,0.806842,0.214038,0.775401,0,0,0,0
163,25,34,127,0.695951,0.806842,0.214038,0.794028,0,0,0,1
164,23,34,128,0.695951,0.806842,0.214038,0.795663,0,0,0,0
165,29,35,128,0.695951,0.806842,0.214038,0.795663,0,0,0,0
166,27,35,129,0.695951,0.806842,0.214038,0.795663,0,0,0,0
167,25,35,130,0.718760,0.806842,0.214038,0.795663,1,0,0,0
168,23,35,131,0.720781,0.823460,0.214038,0.813018,0,1,0,1
169,29,36,131,0.720781,0.840287,0.214038,0.830635,0,1,0,1
170,27,36,132,0.720781,0.841629,0.214038,0.832041,0,0,0,0
171,29,37,132,0.720781,0.841629,0.214038,0.832041,0,0,0,0
172,27,37,133,0.720781,0.841629,0.214038,0.832041,0,0,0,0
173,25,37,134,0.720781,0.841629,0.214038,0.832041,0,0,0,0
174,23,37,135,0.720781,0.841629,0.214038,0.832041,0,0,0,0
175,21,37,136,0.720781,0.855794,0.214038,0.832041,0,1,0,0
176,19,37,137,0.720781,0.857028,0.233069,0.832041,0,0,1,0
177,29,38,137,0.720781,0.857028,0.266685,0.832041,0,0,1,0
178,27,38,138,0.720781,0.857028,0.268640,0.832041,0,0,0,0
179,25,38,139,0.720781,0.857028,0.268640,0.832041,0,0,0,0
180,23,38,140,0.720781,0.857028,0.303244,0.832041,0,0,1,0
181,21,38,141,0.720781,0.857028,0.329131,0.832041,0,0,1,0
182,29,39,141,0.720781,0.857028,0.367635,0.832041,0,0,1,0
183,27,39,142,0.720781,0.857028,0.398306,0.832041,0,0,1,0
184,25,39,143,0.720781,0.857028,0.427359,0.832041,0,0,1,0
185,23,39,144,0.720781,0.857028,0.459413,0.832041,0,0,1,0
186,21,39,145,0.720781,0.857028,0.489317,0.832041,0,0,1,0
187,19,39,146,0.720781,0.870030,0.491816,0.832041,0,1,0,0
188,29,40,146,0.720781,0.883054,0.491816,0.832041,0,1,0,0
189,27,40,147,0.720781,0.894933,0.491816,0.832041,0,1,0,0
190,29,41,147,0.720781,0.905734,0.491816,0.832041,0,1,0,0
191,27,41,148,0.720781,0.915531,0.491816,0.832041,0,1,0,0
192,29,42,148,0.720781,0.924396,0.491816,0.832041,0,1,0,0
193,27,42,149,0.720781,0.925095,0.491816,0.832041,0,0,0,0
194,29,43,149,0.720781,0.925095,0.491816,0.832041,0,0,0,0
195,27,43,150,0.720781,0.925095,0.491816,0.832041,0,0,0,0
196,25,43,151,0.720781,0.925095,0.491816,0.832041,0,0,0,0
197,23,43,152,0.720781,0.925095,0.491816,0.846906,0,0,0,1
198,21,43,153,0.720781,0.932400,0.491816,0.848203,0,1,0,0
199,19,43,154,0.720781,0.933030,0.491816,0.848203,0,0,0,0
200,29,44,154,0.720781,0.933030,0.491816,0.848203,0,0,0,0
201,27,44,155,0.720781,0.933030,0.491816,0.848203,0,0,0,0
202,25,44,156,0.720781,0.933030,0.491816,0.848203,0,0,0,0
203,23,44,157,0.720781,0.933030,0.491816,0.863067,0,0,0,1
204,21,44,158,0.720781,0.933030,0.491816,0.876690,0,0,0,1
205,19,44,159,0.720781,0.939612,0.491816,0.877771,0,1,0,0
206,29,45,159,0.720781,0.946100,0.491816,0.877771,0,1,0,0
207,27,45,160,0.720781,0.946610,0.491816,0.877771,0,0,0,0
208,25,45,161,0.720781,0.951926,0.491816,0.877771,0,1,0,0
209,23,45,162,0.720781,0.952384,0.491816,0.877771,0,0,0,0
210,21,45,163,0.720781,0.957152,0.491816,0.877771,0,1,0,0
211,19,45,164,0.720781,0.957562,0.491816,0.877771,0,0,0,0
212,29,46,164,0.720781,0.957562,0.491816,0.877771,0,0,0,0
213,27,46,165,0.744334,0.957562,0.491816,0.877771,1,0,0,0
214,25,46,166,0.746237,0.961832,0.491816,0.877771,0,1,0,0
215,29,47,166,0.746237,0.966020,0.491816,0.877771,0,1,0,0
216,27,47,167,0.746237,0.966348,0.491816,0.877771,0,0,0,0
217,29,48,167,0.746237,0.966348,0.491816,0.877771,0,0,0,0
218,27,48,168,0.746237,0.969763,0.491816,0.877771,0,1,0,0
219,25,48,169,0.746237,0.970056,0.491816,0.877771,0,0,0,0
220,29,49,169,0.746237,0.970056,0.491816,0.877771,0,0,0,0
221,27,49,170,0.746237,0.970056,0.491816,0.877771,0,0,0,0
222,25,49,171,0.746237,0.970056,0.491816,0.877771,0,0,0,0
223,23,49,172,0.746237,0.970056,0.491816,0.877771,0,0,0,0
224,21,49,173,0.746237,0.970056,0.491816,0.877771,0,0,0,0
225,19,49,174,0.746237,0.970056,0.491816,0.877771,0,0,0,0
226,17,49,175,0.746237,0.973105,0.491816,0.877771,0,1,0,0
227,15,49,176,0.766549,0.973367,0.491816,0.877771,1,0,0,0
228,29,50,176,0.787389,0.973367,0.491816,0.877771,1,0,0,0
229,27,50,177,0.789064,0.973367,0.491816,0.877771,0,0,0,0
230,29,51,177,0.789064,0.973367,0.491816,0.877771,0,0,0,0
231,27,51,178,0.789064,0.973367,0.491816,0.877771,0,0,0,0
232,25,51,179,0.789064,0.973367,0.491816,0.877771,0,0,0,0
233,23,51,180,0.789064,0.973367,0.491816,0.877771,0,0,0,0
234,21,51,181,0.789064,0.973367,0.491816,0.877771,0,0,0,0
235,19,51,182,0.789064,0.973367,0.491816,0.877771,0,0,0,0
236,17,51,183,0.789064,0.973367,0.491816,0.877771,0,0,0,0
237,15,51,184,0.789064,0.973367,0.491816,0.877771,0,0,0,0
238,13,51,185,0.789064,0.973367,0.491816,0.889132,0,0,0,1
239,11,51,186,0.789064,0.973367,0.491816,0.900464,0,0,0,1
240,29,52,186,0.789064,0.973367,0.491816,0.910754,0,0,0,1
241,27,52,187,0.789064,0.973367,0.491816,0.911567,0,0,0,0
242,29,53,187,0.789064,0.973367,0.491816,0.911567,0,0,0,0
243,27,53,188,0.789064,0.973367,0.491816,0.911567,0,0,0,0
244,25,53,189,0.806842,0.973367,0.491816,0.911567,1,0,0,0
245,23,53,190,0.808400,0.973367,0.491816,0.911567,0,0,0,0
246,21,53,191,0.808400,0.973367,0.491816,0.911567,0,0,0,0
247,19,53,192,0.808400,0.973367,0.491816,0.911567,0,0,0,0
248,17,53,193,0.808400,0.976087,0.491816,0.911567,0,1,0,0
249,15,53,194,0.808400,0.976320,0.491816,0.911567,0,0,0,0
250,29,54,194,0.808400,0.976320,0.491816,0.911567,0,0,0,0
251,27,54,195,0.808400,0.976320,0.491816,0.911567,0,0,0,0
252,25,54,196,0.808400,0.976320,0.491816,0.911567,0,0,0,0
253,23,54,197,0.808400,0.976320,0.491816,0.911567,0,0,0,0
254,21,54,198,0.808400,0.976320,0.491816,0.911567,0,0,0,0
255,19,54,199,0.808400,0.976320,0.491816,0.911567,0,0,0,0
256,17,54,200,0.808400,0.976320,0.491816,0.911567,0,0,0,0
257,15,54,201,0.808400,0.976320,0.491816,0.911567,0,0,0,0
258,13,54,202,0.808400,0.976320,0.521803,0.911567,0,0,1,0
259,11,54,203,0.808400,0.976320,0.554117,0.911567,0,0,1,0
260,29,55,203,0.808400,0.976320,0.585989,0.911567,0,0,1,0
261,27,55,204,0.808400,0.978745,0.588415,0.920076,0,1,0,1
262,29,56,204,0.808400,0.981114,0.588415,0.928501,0,1,0,1
263,27,56,205,0.808400,0.981299,0.588415,0.929165,0,0,0,0
264,29,57,205,0.808400,0.981299,0.588415,0.929165,0,0,0,0
265,27,57,206,0.808400,0.983224,0.588415,0.929165,0,1,0,0
266,25,57,207,0.808400,0.983389,0.588415,0.929165,0,0,0,0
267,29,58,207,0.808400,0.983389,0.588415,0.929165,0,0,0,0
268,27,58,208,0.808400,0.985101,0.588415,0.929165,0,1,0,0
269,25,58,209,0.808400,0.985248,0.588415,0.929165,0,0,0,0
270,29,59,209,0.808400,0.985248,0.588415,0.929165,0,0,0,0
271,27,59,210,0.808400,0.985248,0.588415,0.929165,0,0,0,0
272,25,59,211,0.808400,0.985248,0.588415,0.929165,0,0,0,0
273,23,59,212,0.808400,0.985248,0.588415,0.929165,0,0,0,0
274,21,59,213,0.808400,0.985248,0.588415,0.929165,0,0,0,0
275,19,59,214,0.808400,0.985248,0.588415,0.929165,0,0,0,0
276,17,59,215,0.808400,0.985248,0.588415,0.929165,0,0,0,0
277,15,59,216,0.808400,0.985248,0.588415,0.929165,0,0,0,0
278,13,59,217,0.808400,0.985248,0.588415,0.929165,0,0,0,0
279,11,59,218,0.808400,0.986771,0.588415,0.929165,0,1,0,0
280,9,59,219,0.808400,0.986902,0.588415,0.929165,0,0,0,0
281,7,59,220,0.808400,0.986902,0.588415,0.929165,0,0,0,0
282,5,59,221,0.808400,0.986902,0.588415,0.929165,0,0,0,0
283,3,59,222,0.808400,0.988256,0.614799,0.929165,0,1,1,0
284,1,59,223,0.808400,0.988372,0.617167,0.929165,0,0,0,0
285,29,60,223,0.808400,0.988372,0.617167,0.929165,0,0,0,0
286,27,60,224,0.808400,0.988372,0.617167,0.929165,0,0,0,0
287,25,60,225,0.808400,0.988372,0.617167,0.929165,0,0,0,0
288,23,60,226,0.808400,0.988372,0.617167,0.936100,0,0,0,1
289,21,60,227,0.808400,0.988372,0.617167,0.936699,0,0,0,0
290,29,61,227,0.808400,0.988372,0.617167,0.936699,0,0,0,0
291,27,61,228,0.824914,0.988372,0.617167,0.936699,1,0,0,0
292,25,61,229,0.826358,0.988372,0.617167,0.936699,0,0,0,0
293,29,62,229,0.826358,0.988372,0.617167,0.936699,0,0,0,0
294,27,62,230,0.826358,0.988372,0.617167,0.936699,0,0,0,0
295,25,62,231,0.826358,0.988372,0.617167,0.936699,0,0,0,0
296,23,62,232,0.826358,0.988372,0.617167,0.936699,0,0,0,0
297,21,62,233,0.826358,0.988372,0.617167,0.936699,0,0,0,0
298,19,62,234,0.826358,0.988372,0.617167,0.942942,0,0,0,1
299,17,62,235,0.826358,0.988372,0.617167,0.949092,0,0,0,1
300,15,62,236,0.841629,0.989576,0.617167,0.954611,1,1,0,1
301,29,63,236,0.857028,0.990750,0.617167,0.959557,1,1,0,1
302,27,63,237,0.858253,0.990841,0.617167,0.959945,0,0,0,0
303,29,64,237,0.858253,0.990841,0.617167,0.959945,0,0,0,0
304,27,64,238,0.858253,0.990841,0.617167,0.959945,0,0,0,0
305,25,64,239,0.858253,0.990841,0.617167,0.959945,0,0,0,0
306,23,64,240,0.858253,0.990841,0.617167,0.959945,0,0,0,0
307,21,64,241,0.858253,0.990841,0.617167,0.963985,0,0,0,1
308,19,64,242,0.858253,0.990841,0.617167,0.964332,0,0,0,0
309,29,65,242,0.858253,0.990841,0.617167,0.964332,0,0,0,0
310,27,65,243,0.858253,0.990841,0.617167,0.964332,0,0,0,0
311,25,65,244,0.858253,0.991792,0.617167,0.964332,0,1,0,0
312,23,65,245,0.858253,0.991873,0.617167,0.964332,0,0,0,0
313,29,66,245,0.858253,0.991873,0.617167,0.964332,0,0,0,0
314,27,66,246,0.858253,0.991873,0.617167,0.964332,0,0,0,0
315,25,66,247,0.858253,0.991873,0.617167,0.964332,0,0,0,0
316,23,66,248,0.858253,0.991873,0.617167,0.964332,0,0,0,0
317,21,66,249,0.858253,0.991873,0.617167,0.964332,0,0,0,0
318,19,66,250,0.858253,0.991873,0.617167,0.967944,0,0,0,1
319,17,66,251,0.858253,0.991873,0.642833,0.968255,0,0,1,0
320,15,66,252,0.871161,0.991873,0.645129,0.968255,1,0,0,0
321,29,67,252,0.884087,0.991873,0.645129,0.968255,1,0,0,0
322,27,67,253,0.885112,0.991873,0.645129,0.968255,0,0,0,0
323,29,68,253,0.885112,0.991873,0.645129,0.968255,0,0,0,0
324,27,68,254,0.885112,0.991873,0.645129,0.968255,0,0,0,0
325,25,68,255,0.885112,0.991873,0.645129,0.971481,0,0,0,1
326,23,68,256,0.885112,0.991873,0.669930,0.971758,0,0,1,0
327,29,69,256,0.885112,0.991873,0.695951,0.971758,0,0,1,0
328,27,69,257,0.885112,0.991873,0.698067,0.971758,0,0,0,0
329,29,70,257,0.885112,0.991873,0.698067,0.971758,0,0,0,0
330,27,70,258,0.885112,0.991873,0.698067,0.971758,0,0,0,0
331,25,70,259,0.885112,0.991873,0.720781,0.971758,0,0,1,0
332,23,70,260,0.885112,0.991873,0.722794,0.971758,0,0,0,0
333,29,71,260,0.885112,0.991873,0.722794,0.971758,0,0,0,0
334,27,71,261,0.885112,0.991873,0.722794,0.971758,0,0,0,0
335,25,71,262,0.885112,0.991873,0.722794,0.971758,0,0,0,0
336,23,71,263,0.885112,0.991873,0.722794,0.974639,0,0,0,1
337,21,71,264,0.885112,0.991873,0.722794,0.977454,0,0,0,1
338,29,72,264,0.885112,0.991873,0.722794,0.979964,0,0,0,1
339,27,72,265,0.895873,0.991873,0.722794,0.980160,1,0,0,0
340,29,73,265,0.906588,0.991873,0.722794,0.980160,1,0,0,0
341,27,73,266,0.907435,0.991873,0.722794,0.982200,0,0,0,1
342,29,74,266,0.907435,0.991873,0.722794,0.984190,0,0,0,1
343,27,74,267,0.907435,0.991873,0.722794,0.985960,0,0,0,1
344,29,75,267,0.907435,0.991873,0.722794,0.987535,0,0,0,1
345,27,75,268,0.907435,0.991873,0.722794,0.988936,0,0,0,1
346,25,75,269,0.916305,0.992718,0.722794,0.989045,1,1,0,0
347,23,75,270,0.917072,0.992790,0.722794,0.990180,0,0,0,1
348,29,76,270,0.917072,0.992790,0.722794,0.991286,0,0,0,1
349,27,76,271,0.925095,0.992790,0.722794,0.991373,1,0,0,0
350,29,77,271,0.933030,0.992790,0.722794,0.991373,1,0,0,0
351,27,77,272,0.940179,0.992790,0.722794,0.991373,1,0,0,0
352,29,78,272,0.946610,0.992790,0.722794,0.991373,1,0,0,0
353,27,78,273,0.947115,0.992790,0.722794,0.991373,0,0,0,0
354,29,79,273,0.947115,0.992790,0.722794,0.991373,0,0,0,0
355,27,79,274,0.952384,0.992790,0.722794,0.992269,1,0,0,1
356,25,79,275,0.957562,0.992790,0.722794,0.992345,1,0,0,0
357,29,80,275,0.962200,0.992790,0.722794,0.992345,1,0,0,0
358,27,80,276,0.962563,0.992790,0.722794,0.992345,0,0,0,0
359,29,81,276,0.962563,0.992790,0.722794,0.992345,0,0,0,0
360,27,81,277,0.962563,0.992790,0.722794,0.992345,0,0,0,0
361,25,81,278,0.962563,0.992790,0.722794,0.992345,0,0,0,0
362,23,81,279,0.962563,0.992790,0.722794,0.992345,0,0,0,0
363,21,81,280,0.962563,0.992790,0.722794,0.992345,0,0,0,0
364,19,81,281,0.962563,0.992790,0.722794,0.992345,0,0,0,0
365,17,81,282,0.962563,0.992790,0.722794,0.992345,0,0,0,0
366,15,81,283,0.962563,0.993540,0.722794,0.992345,0,1,0,0
367,13,81,284,0.962563,0.994269,0.722794,0.992345,0,1,0,0
368,29,82,284,0.962563,0.994917,0.722794,0.992345,0,1,0,0
369,27,82,285,0.962563,0.994968,0.722794,0.992345,0,0,0,0
370,29,83,285,0.962563,0.994968,0.722794,0.992345,0,0,0,0
371,27,83,286,0.962563,0.994968,0.722794,0.992345,0,0,0,0
372,25,83,287,0.962563,0.994968,0.722794,0.992345,0,0,0,0
373,23,83,288,0.962563,0.994968,0.722794,0.992345,0,0,0,0
374,21,83,289,0.962563,0.995492,0.722794,0.992345,0,1,0,0
375,19,83,290,0.962563,0.996002,0.722794,0.992345,0,1,0,0
376,29,84,290,0.962563,0.996455,0.722794,0.992345,0,1,0,0
377,27,84,291,0.962563,0.996490,0.722794,0.992345,0,0,0,0
378,25,84,292,0.962563,0.996490,0.722794,0.992345,0,0,0,0
379,23,84,293,0.962563,0.996490,0.722794,0.992345,0,0,0,0
380,21,84,294,0.962563,0.996490,0.744334,0.992345,0,0,1,0
381,19,84,295,0.962563,0.996490,0.746237,0.992345,0,0,0,0
382,29,85,295,0.962563,0.996490,0.746237,0.992345,0,0,0,0
383,27,85,296,0.962563,0.996490,0.766549,0.992345,0,0,1,0
384,25,85,297,0.962563,0.996490,0.787389,0.992345,0,0,1,0
385,29,86,297,0.962563,0.996490,0.806842,0.992345,0,0,1,0
386,27,86,298,0.962563,0.996490,0.808400,0.992345,0,0,0,0
387,29,87,298,0.962563,0.996490,0.808400,0.992345,0,0,0,0
388,27,87,299,0.962563,0.996490,0.808400,0.992345,0,0,0,0
389,25,87,300,0.962563,0.996856,0.808400,0.992345,0,1,0,0
390,23,87,301,0.966348,0.996888,0.808400,0.992345,1,0,0,0
391,29,88,301,0.970056,0.996888,0.808400,0.992345,1,0,0,0
392,27,88,302,0.970347,0.996888,0.808400,0.992345,0,0,0,0
393,29,89,302,0.970347,0.996888,0.808400,0.992345,0,0,0,0
394,27,89,303,0.970347,0.997212,0.808400,0.992345,0,1,0,0
395,25,89,304,0.970347,0.997240,0.808400,0.992345,0,0,0,0
396,23,89,305,0.970347,0.997528,0.808400,0.992345,0,1,0,0
397,21,89,306,0.973367,0.997553,0.808400,0.992345,1,0,0,0
398,29,90,306,0.976320,0.997553,0.808400,0.992345,1,0,0,0
399,27,90,307,0.976551,0.997553,0.808400,0.992345,0,0,0,0
400,29,91,307,0.976551,0.997553,0.808400,0.992345,0,0,0,0
401,27,91,308,0.976551,0.997553,0.808400,0.992345,0,0,0,0
402,25,91,309,0.976551,0.997553,0.808400,0.992345,0,0,0,0
403,23,91,310,0.976551,0.997553,0.808400,0.992345,0,0,0,0
404,21,91,311,0.976551,0.997553,0.808400,0.992345,0,0,0,0
405,19,91,312,0.976551,0.997553,0.824914,0.992345,0,0,1,0
406,17,91,313,0.976551,0.997553,0.826358,0.992345,0,0,0,0
407,29,92,313,0.978953,0.997553,0.826358,0.992345,1,0,0,0
408,27,92,314,0.979159,0.997553,0.826358,0.992345,0,0,0,0
409,29,93,314,0.979159,0.997553,0.826358,0.992345,0,0,0,0
410,27,93,315,0.979159,0.997553,0.826358,0.992345,0,0,0,0
411,25,93,316,0.979159,0.997553,0.826358,0.992345,0,0,0,0
412,23,93,317,0.979159,0.997553,0.841629,0.992345,0,0,1,0
413,21,93,318,0.979159,0.997553,0.842962,0.992345,0,0,0,0
414,29,94,318,0.981299,0.997553,0.842962,0.992345,1,0,0,0
415,27,94,319,0.981483,0.997553,0.842962,0.992345,0,0,0,0
416,29,95,319,0.981483,0.997553,0.842962,0.992345,0,0,0,0
417,27,95,320,0.981483,0.997553,0.842962,0.992345,0,0,0,0
418,25,95,321,0.981483,0.997553,0.842962,0.992345,0,0,0,0
419,23,95,322,0.981483,0.997553,0.842962,0.993141,0,0,0,1
420,21,95,323,0.981483,0.997553,0.857028,0.993209,0,0,1,0
421,29,96,323,0.981483,0.997553,0.871161,0.993209,0,0,1,0
422,27,96,324,0.981483,0.997553,0.872283,0.993209,0,0,0,0
423,29,97,324,0.981483,0.997553,0.872283,0.993209,0,0,0,0
424,27,97,325,0.981483,0.997553,0.872283,0.993209,0,0,0,0
425,25,97,326,0.981483,0.997553,0.872283,0.993209,0,0,0,0
426,23,97,327,0.981483,0.997809,0.872283,0.993209,0,1,0,0
427,21,97,328,0.981483,0.997830,0.884087,0.993209,0,0,1,0
428,29,98,328,0.981483,0.997830,0.895873,0.993209,0,0,1,0
429,27,98,329,0.981483,0.997830,0.896806,0.993209,0,0,0,0
430,29,99,329,0.981483,0.997830,0.896806,0.993209,0,0,0,0
431,27,99,330,0.981483,0.997830,0.896806,0.993209,0,0,0,0
432,25,99,331,0.981483,0.998057,0.896806,0.993209,0,1,0,0
433,23,99,332,0.983389,0.998076,0.896806,0.993209,1,0,0,0
434,21,99,333,0.983552,0.998076,0.906588,0.993209,0,0,1,0
435,29,100,333,0.983552,0.998076,0.916305,0.993209,0,0,1,0
436,27,100,334,0.983552,0.998076,0.917072,0.993209,0,0,0,0
437,29,101,334,0.983552,0.998076,0.917072,0.993209,0,0,0,0
438,27,101,335,0.983552,0.998076,0.925095,0.993209,0,0,1,0
439,25,101,336,0.983552,0.998076,0.925788,0.993209,0,0,0,0
440,29,102,336,0.983552,0.998076,0.925788,0.993209,0,0,0,0
441,27,102,337,0.983552,0.998076,0.925788,0.993209,0,0,0,0
442,25,102,338,0.983552,0.998076,0.925788,0.993209,0,0,0,0
443,23,102,339,0.983552,0.998076,0.925788,0.993209,0,0,0,0
444,21,102,340,0.983552,0.998076,0.925788,0.993209,0,0,0,0
445,19,102,341,0.985248,0.998076,0.925788,0.993209,1,0,0,0
446,17,102,342,0.985393,0.998076,0.925788,0.993209,0,0,0,0
447,29,103,342,0.985393,0.998076,0.925788,0.993209,0,0,0,0
448,27,103,343,0.987159,0.998076,0.925788,0.993209,1,0,0,0
449,25,103,344,0.988601,0.998277,0.925788,0.993915,1,1,0,1
450,29,104,344,0.989883,0.998473,0.925788,0.994603,1,1,0,1
451,27,104,345,0.989983,0.998488,0.925788,0.994657,0,0,0,0
452,29,105,345,0.989983,0.998488,0.925788,0.994657,0,0,0,0
453,27,105,346,0.989983,0.998488,0.933030,0.995213,0,0,1,1
454,25,105,347,0.989983,0.998488,0.940179,0.995261,0,0,1,0
455,29,106,347,0.989983,0.998488,0.946610,0.995261,0,0,1,0
456,27,106,348,0.989983,0.998646,0.947115,0.995261,0,1,0,0
457,29,107,348,0.989983,0.998800,0.947115,0.995261,0,1,0,0
458,27,107,349,0.989983,0.998812,0.947115,0.995261,0,0,0,0
459,25,107,350,0.989983,0.998812,0.952384,0.995261,0,0,1,0
460,23,107,351,0.989983,0.998812,0.952837,0.995261,0,0,0,0
461,29,108,351,0.989983,0.998812,0.952837,0.995261,0,0,0,0
462,27,108,352,0.989983,0.998947,0.952837,0.995261,0,1,0,0
463,25,108,353,0.989983,0.998957,0.952837,0.995261,0,0,0,0
464,29,109,353,0.989983,0.998957,0.952837,0.995755,0,0,0,1
465,27,109,354,0.989983,0.998957,0.952837,0.995797,0,0,0,0
466,29,110,354,0.991022,0.998957,0.952837,0.995797,1,0,0,0
467,27,110,355,0.991111,0.998957,0.952837,0.995797,0,0,0,0
468,29,111,355,0.991111,0.998957,0.952837,0.995797,0,0,0,0
469,27,111,356,0.991111,0.998957,0.952837,0.996235,0,0,0,1
470,25,111,357,0.991111,0.998957,0.952837,0.996273,0,0,0,0
471,29,112,357,0.991111,0.998957,0.957562,0.996273,0,0,1,0
472,27,112,358,0.991111,0.998957,0.957968,0.996273,0,0,0,0
473,29,113,358,0.991111,0.998957,0.957968,0.996273,0,0,0,0
474,27,113,359,0.991111,0.998957,0.957968,0.996273,0,0,0,0
475,25,113,360,0.991111,0.998957,0.962563,0.996273,0,0,1,0
476,23,113,361,0.991111,0.998957,0.962924,0.996273,0,0,0,0
477,29,114,361,0.991111,0.998957,0.962924,0.996273,0,0,0,0
478,27,114,362,0.991111,0.998957,0.962924,0.996273,0,0,0,0
479,25,114,363,0.991111,0.998957,0.962924,0.996273,0,0,0,0
480,23,114,364,0.991111,0.998957,0.966674,0.996273,0,0,1,0
481,21,114,365,0.991111,0.998957,0.970347,0.996273,0,0,1,0
482,29,115,365,0.991111,0.998957,0.973626,0.996273,0,0,1,0
483,27,115,366,0.991111,0.998957,0.973883,0.996273,0,0,0,0
484,25,115,367,0.991111,0.998957,0.976551,0.996661,0,0,1,1
485,23,115,368,0.991111,0.998957,0.976780,0.996695,0,0,0,0
486,29,116,368,0.991111,0.998957,0.976780,0.996695,0,0,0,0
487,27,116,369,0.992034,0.998957,0.976780,0.996695,1,0,0,0
488,25,116,370,0.992113,0.998957,0.976780,0.996695,0,0,0,0
489,29,117,370,0.992113,0.998957,0.976780,0.996695,0,0,0,0
490,27,117,371,0.992113,0.998957,0.976780,0.996695,0,0,0,0
491,25,117,372,0.992113,0.998957,0.979159,0.997040,0,0,1,1
492,23,117,373,0.992932,0.998957,0.979364,0.997069,1,0,0,0
493,29,118,373,0.993730,0.998957,0.979364,0.997069,1,0,0,0
494,27,118,374,0.993793,0.998957,0.979364,0.997069,0,0,0,0
495,29,119,374,0.993793,0.998957,0.979364,0.997069,0,0,0,0
496,27,119,375,0.993793,0.998957,0.979364,0.997375,0,0,0,1
497,25,119,376,0.994439,0.998957,0.979364,0.997401,1,0,0,0
498,29,120,376,0.995067,0.998957,0.979364,0.997401,1,0,0,0
499,27,120,377,0.995116,0.998957,0.979364,0.997401,0,0,0,0
500,29,121,377,0.995116,0.998957,0.979364,0.997401,0,0,0,0
501,27,121,378,0.995116,0.998957,0.979364,0.997401,0,0,0,0
502,25,121,379,0.995116,0.998957,0.979364,0.997401,0,0,0,0
503,23,121,380,0.995116,0.998957,0.979364,0.997401,0,0,0,0
504,21,121,381,0.995116,0.998957,0.981483,0.997401,0,0,1,0
505,19,121,382,0.995116,0.998957,0.981665,0.997401,0,0,0,0
506,29,122,382,0.995116,0.998957,0.981665,0.997401,0,0,0,0
507,27,122,383,0.995116,0.998957,0.981665,0.997401,0,0,0,0
508,25,122,384,0.995116,0.998957,0.981665,0.997401,0,0,0,0
509,23,122,385,0.995116,0.999066,0.981665,0.997401,0,1,0,0
510,21,122,386,0.995116,0.999172,0.981665,0.997401,0,1,0,0
511,29,123,386,0.995116,0.999266,0.981665,0.997401,0,1,0,0
512,27,123,387,0.995116,0.999273,0.981665,0.997401,0,0,0,0
513,25,123,388,0.995116,0.999273,0.981665,0.997401,0,0,0,0
514,23,123,389,0.995116,0.999273,0.981665,0.997401,0,0,0,0
515,21,123,390,0.995116,0.999273,0.981665,0.997401,0,0,0,0
516,19,123,391,0.995116,0.999273,0.981665,0.997401,0,0,0,0
517,17,123,392,0.995116,0.999349,0.981665,0.997401,0,1,0,0
518,15,123,393,0.995116,0.999423,0.981665,0.997401,0,1,0,0
519,29,124,393,0.995116,0.999489,0.981665,0.997401,0,1,0,0
520,27,124,394,0.995116,0.999494,0.981665,0.997401,0,0,0,0
521,25,124,395,0.995116,0.999547,0.981665,0.997401,0,1,0,0
522,23,124,396,0.995625,0.999551,0.983552,0.997401,1,0,1,0
523,29,125,396,0.996120,0.999551,0.985393,0.997401,1,0,1,0
524,27,125,397,0.996159,0.999598,0.985537,0.997401,0,1,0,0
525,29,126,397,0.996159,0.999651,0.985537,0.997401,0,1,0,0
526,27,126,398,0.996159,0.999691,0.985537,0.997401,0,1,0,0
527,29,127,398,0.996159,0.999726,0.985537,0.997401,0,1,0,0
528,27,127,399,0.996159,0.999757,0.987031,0.997401,0,1,1,0
529,29,128,399,0.996159,0.999785,0.988487,0.997401,0,1,1,0
530,27,128,400,0.996159,0.999787,0.988601,0.997401,0,0,0,0
531,29,129,400,0.996159,0.999787,0.988601,0.997401,0,0,0,0
532,27,129,401,0.996159,0.999809,0.988601,0.997401,0,1,0,0
533,25,129,402,0.996560,0.999811,0.988601,0.997401,1,0,0,0
534,23,129,403,0.996949,0.999811,0.989782,0.997401,1,0,1,0
535,29,130,403,0.997295,0.999811,0.990932,0.997401,1,0,1,0
536,27,130,404,0.997322,0.999811,0.991022,0.997401,0,0,0,0
537,29,131,404,0.997322,0.999811,0.991022,0.997401,0,0,0,0
538,27,131,405,0.997322,0.999811,0.991022,0.997401,0,0,0,0
539,25,131,406,0.997322,0.999832,0.991022,0.997401,0,1,0,0
540,23,131,407,0.997322,0.999834,0.991022,0.997401,0,0,0,0
541,29,132,407,0.997322,0.999834,0.991022,0.997401,0,0,0,0
542,27,132,408,0.997322,0.999834,0.991022,0.997401,0,0,0,0
543,25,132,409,0.997322,0.999834,0.991954,0.997673,0,0,1,1
544,23,132,410,0.997322,0.999834,0.992034,0.997696,0,0,0,0
545,29,133,410,0.997322,0.999834,0.992034,0.997696,0,0,0,0
546,27,133,411,0.997322,0.999834,0.992034,0.997696,0,0,0,0
547,25,133,412,0.997322,0.999834,0.992034,0.997696,0,0,0,0
548,23,133,413,0.997322,0.999834,0.992034,0.997696,0,0,0,0
549,21,133,414,0.997322,0.999834,0.992034,0.997696,0,0,0,0
550,19,133,415,0.997322,0.999834,0.992034,0.997696,0,0,0,0
551,17,133,416,0.997322,0.999834,0.992034,0.997696,0,0,0,0
552,15,133,417,0.997602,0.999834,0.992034,0.997696,1,0,0,0
553,13,133,418,0.997873,0.999834,0.992034,0.997696,1,0,0,0
554,29,134,418,0.998115,0.999834,0.992034,0.997696,1,0,0,0
555,27,134,419,0.998328,0.999834,0.992034,0.997696,1,0,0,0
556,25,134,420,0.998518,0.999834,0.992034,0.997696,1,0,0,0
557,23,134,421,0.998686,0.999851,0.992034,0.997696,1,1,0,0
558,29,135,421,0.998835,0.999868,0.992034,0.997696,1,1,0,0
559,27,135,422,0.998968,0.999870,0.992034,0.997936,1,0,0,1
560,25,135,423,0.998978,0.999883,0.992862,0.997957,0,1,1,0
561,29,136,423,0.998978,0.999897,0.993667,0.997957,0,1,1,0
562,27,136,424,0.998978,0.999898,0.993730,0.997957,0,0,0,0
563,29,137,424,0.998978,0.999898,0.993730,0.997957,0,0,0,0
564,27,137,425,0.999085,0.999898,0.993730,0.997957,1,0,0,0
565,25,137,426,0.999094,0.999898,0.993730,0.997957,0,0,0,0
566,23,137,427,0.999189,0.999898,0.993730,0.997957,1,0,0,0
567,21,137,428,0.999197,0.999898,0.993730,0.997957,0,0,0,0
568,19,137,429,0.999197,0.999908,0.993730,0.997957,0,1,0,0
569,17,137,430,0.999197,0.999909,0.994383,0.997957,0,0,1,0
570,29,138,430,0.999197,0.999909,0.995018,0.997957,0,0,1,0
571,27,138,431,0.999197,0.999909,0.995581,0.997957,0,0,1,0
572,29,139,431,0.999197,0.999909,0.996081,0.997957,0,0,1,0
573,27,139,432,0.999197,0.999909,0.996120,0.997957,0,0,0,0
574,29,140,432,0.999197,0.999909,0.996120,0.997957,0,0,0,0
575,27,140,433,0.999197,0.999909,0.996120,0.998171,0,0,0,1
576,25,140,434,0.999197,0.999909,0.996120,0.998378,0,0,0,1
577,23,140,435,0.999197,0.999919,0.996525,0.998562,0,1,1,1
578,29,141,435,0.999197,0.999928,0.996919,0.998725,0,1,1,1
579,27,141,436,0.999197,0.999929,0.996949,0.998870,0,0,0,1
580,29,142,436,0.999197,0.999929,0.996949,0.998998,0,0,0,1
581,27,142,437,0.999281,0.999929,0.996949,0.999008,1,0,0,0
582,29,143,437,0.999362,0.999929,0.996949,0.999008,1,0,0,0
583,27,143,438,0.999369,0.999929,0.996949,0.999008,0,0,0,0
584,25,143,439,0.999435,0.999929,0.996949,0.999008,1,0,0,0
585,23,143,440,0.999499,0.999929,0.996949,0.999112,1,0,0,1
586,29,144,440,0.999556,0.999929,0.996949,0.999213,1,0,0,1
587,27,144,441,0.999560,0.999936,0.996949,0.999221,0,1,0,0
588,29,145,441,0.999560,0.999943,0.996949,0.999221,0,1,0,0
589,27,145,442,0.999560,0.999944,0.996949,0.999221,0,0,0,0
590,29,146,442,0.999560,0.999944,0.996949,0.999221,0,0,0,0
591,27,146,443,0.999606,0.999944,0.996949,0.999221,1,0,0,0
592,25,146,444,0.999610,0.999944,0.996949,0.999221,0,0,0,0
593,23,146,445,0.999651,0.999944,0.996949,0.999221,1,0,0,0
594,21,146,446,0.999655,0.999944,0.996949,0.999221,0,0,0,0
595,29,147,446,0.999655,0.999944,0.996949,0.999221,0,0,0,0
596,27,147,447,0.999691,0.999944,0.996949,0.999221,1,0,0,0
597,25,147,448,0.999726,0.999944,0.996949,0.999221,1,0,0,0
598,29,148,448,0.999757,0.999944,0.996949,0.999221,1,0,0,0
599,27,148,449,0.999759,0.999944,0.996949,0.999221,0,0,0,0
600,29,149,449,0.999759,0.999944,0.996949,0.999221,0,0,0,0
601,27,149,450,0.999759,0.999944,0.996949,0.999221,0,0,0,0
602,25,149,451,0.999759,0.999944,0.996949,0.999221,0,0,0,0
603,23,149,452,0.999759,0.999944,0.996949,0.999221,0,0,0,0
604,21,149,453,0.999759,0.999944,0.996949,0.999221,0,0,0,0
605,19,149,454,0.999759,0.999944,0.996949,0.999221,0,0,0,0
606,17,149,455,0.999759,0.999944,0.996949,0.999221,0,0,0,0
607,15,149,456,0.999759,0.999944,0.996949,0.999221,0,0,0,0
608,13,149,457,0.999759,0.999944,0.996949,0.999221,0,0,0,0
609,11,149,458,0.999759,0.999944,0.996949,0.999221,0,0,0,0
610,9,149,459,0.999759,0.999944,0.997268,0.999221,0,0,1,0
611,7,149,460,0.999759,0.999944,0.997295,0.999221,0,0,0,0
612,29,150,460,0.999759,0.999944,0.997295,0.999221,0,0,0,0
613,27,150,461,0.999759,0.999944,0.997295,0.999302,0,0,0,1
614,25,150,462,0.999785,0.999944,0.997295,0.999309,1,0,0,0
615,29,151,462,0.999809,0.999944,0.997295,0.999309,1,0,0,0
616,27,151,463,0.999811,0.999944,0.997295,0.999309,0,0,0,0
617,29,152,463,0.999811,0.999944,0.997295,0.999309,0,0,0,0
618,27,152,464,0.999811,0.999944,0.997295,0.999309,0,0,0,0
619,25,152,465,0.999831,0.999944,0.997295,0.999309,1,0,0,0
620,23,152,466,0.999832,0.999944,0.997295,0.999309,0,0,0,0
621,29,153,466,0.999832,0.999944,0.997295,0.999309,0,0,0,0
622,27,153,467,0.999850,0.999944,0.997295,0.999309,1,0,0,0
623,25,153,468,0.999851,0.999944,0.997295,0.999381,0,0,0,1
624,29,154,468,0.999851,0.999944,0.997295,0.999452,0,0,0,1
625,27,154,469,0.999851,0.999944,0.997295,0.999514,0,0,0,1
626,29,155,469,0.999851,0.999944,0.997295,0.999569,0,0,0,1
627,27,155,470,0.999851,0.999944,0.997295,0.999573,0,0,0,0
628,29,156,470,0.999851,0.999944,0.997295,0.999573,0,0,0,0
629,27,156,471,0.999851,0.999944,0.997295,0.999573,0,0,0,0
630,25,156,472,0.999851,0.999944,0.997295,0.999573,0,0,0,0
631,23,156,473,0.999851,0.999944,0.997295,0.999573,0,0,0,0
632,21,156,474,0.999851,0.999944,0.997295,0.999573,0,0,0,0
633,19,156,475,0.999851,0.999944,0.997295,0.999573,0,0,0,0
634,17,156,476,0.999851,0.999944,0.997295,0.999573,0,0,0,0
635,15,156,477,0.999851,0.999944,0.997295,0.999573,0,0,0,0
636,13,156,478,0.999851,0.999944,0.997295,0.999618,0,0,0,1
637,11,156,479,0.999851,0.999944,0.997295,0.999661,0,0,0,1
638,29,157,479,0.999851,0.999944,0.997295,0.999700,0,0,0,1
639,27,157,480,0.999867,0.999944,0.997295,0.999703,1,0,0,0
640,29,158,480,0.999882,0.999944,0.997295,0.999703,1,0,0,0
641,27,158,481,0.999883,0.999944,0.997295,0.999734,0,0,0,1
642,29,159,481,0.999883,0.999944,0.997295,0.999764,0,0,0,1
643,27,159,482,0.999883,0.999944,0.997295,0.999767,0,0,0,0
644,25,159,483,0.999883,0.999944,0.997295,0.999767,0,0,0,0
645,23,159,484,0.999883,0.999944,0.997295,0.999767,0,0,0,0
646,21,159,485,0.999883,0.999944,0.997577,0.999767,0,0,1,0
647,19,159,486,0.999883,0.999950,0.997602,0.999767,0,1,0,0
648,29,160,486,0.999883,0.999956,0.997602,0.999767,0,1,0,0
649,27,160,487,0.999883,0.999956,0.997602,0.999767,0,0,0,0
650,29,161,487,0.999883,0.999956,0.997602,0.999767,0,0,0,0
651,27,161,488,0.999883,0.999956,0.997602,0.999767,0,0,0,0
652,25,161,489,0.999883,0.999956,0.997602,0.999767,0,0,0,0
653,23,161,490,0.999895,0.999956,0.997602,0.999767,1,0,0,0
654,21,161,491,0.999897,0.999956,0.997602,0.999791,0,0,0,1
655,29,162,491,0.999897,0.999956,0.997602,0.999815,0,0,0,1
656,27,162,492,0.999907,0.999956,0.997602,0.999817,1,0,0,0
657,29,163,492,0.999918,0.999956,0.997602,0.999817,1,0,0,0
658,27,163,493,0.999919,0.999956,0.997602,0.999836,0,0,0,1
659,29,164,493,0.999919,0.999956,0.997602,0.999854,0,0,0,1
660,27,164,494,0.999927,0.999956,0.997602,0.999856,1,0,0,0
661,29,165,494,0.999935,0.999956,0.997602,0.999856,1,0,0,0
662,27,165,495,0.999936,0.999956,0.997602,0.999856,0,0,0,0
663,29,166,495,0.999936,0.999956,0.997602,0.999856,0,0,0,0
664,27,166,496,0.999936,0.999956,0.997602,0.999856,0,0,0,0
665,25,166,497,0.999936,0.999956,0.997602,0.999856,0,0,0,0
666,23,166,498,0.999943,0.999956,0.997602,0.999856,1,0,0,0
667,21,166,499,0.999943,0.999956,0.997602,0.999856,0,0,0,0
668,29,167,499,0.999943,0.999956,0.997602,0.999856,0,0,0,0
669,27,167,500,0.999943,0.999956,0.997602,0.999871,0,0,0,1
670,25,167,501,0.999943,0.999956,0.997602,0.999872,0,0,0,0
671,23,167,502,0.999943,0.999961,0.997602,0.999872,0,1,0,0
672,21,167,503,0.999943,0.999961,0.997602,0.999872,0,0,0,0
673,29,168,503,0.999943,0.999961,0.997602,0.999872,0,0,0,0
674,27,168,504,0.999943,0.999965,0.997602,0.999872,0,1,0,0
675,25,168,505,0.999949,0.999965,0.997602,0.999872,1,0,0,0
676,29,169,505,0.999955,0.999965,0.997602,0.999872,1,0,0,0
677,27,169,506,0.999956,0.999965,0.997602,0.999872,0,0,0,0
678,29,170,506,0.999956,0.999965,0.997602,0.999872,0,0,0,0
679,27,170,507,0.999956,0.999965,0.997602,0.999872,0,0,0,0
680,25,170,508,0.999956,0.999965,0.997602,0.999872,0,0,0,0
681,23,170,509,0.999956,0.999965,0.997602,0.999872,0,0,0,0
682,21,170,510,0.999956,0.999965,0.997602,0.999872,0,0,0,0
683,19,170,511,0.999956,0.999965,0.997602,0.999872,0,0,0,0
684,17,170,512,0.999956,0.999965,0.997602,0.999872,0,0,0,0
685,15,170,513,0.999956,0.999969,0.997602,0.999872,0,1,0,0
686,13,170,514,0.999960,0.999969,0.997602,0.999872,1,0,0,0
687,29,171,514,0.999965,0.999969,0.997602,0.999872,1,0,0,0
688,27,171,515,0.999965,0.999969,0.997602,0.999872,0,0,0,0
689,29,172,515,0.999965,0.999969,0.997602,0.999872,0,0,0,0
690,27,172,516,0.999965,0.999973,0.997602,0.999872,0,1,0,0
691,25,172,517,0.999969,0.999973,0.997602,0.999872,1,0,0,0
692,29,173,517,0.999972,0.999973,0.997602,0.999872,1,0,0,0
693,27,173,518,0.999973,0.999976,0.997602,0.999872,0,1,0,0
694,25,173,519,0.999973,0.999976,0.997602,0.999872,0,0,0,0
695,29,174,519,0.999973,0.999976,0.997602,0.999872,0,0,0,0
696,27,174,520,0.999973,0.999976,0.997852,0.999872,0,0,1,0
697,25,174,521,0.999973,0.999976,0.998096,0.999872,0,0,1,0
698,29,175,521,0.999973,0.999976,0.998312,0.999872,0,0,1,0
699,27,175,522,0.999973,0.999978,0.998328,0.999872,0,1,0,0
700,29,176,522,0.999973,0.999981,0.998328,0.999872,0,1,0,0
701,27,176,523,0.999973,0.999983,0.998328,0.999872,0,1,0,0
702,29,177,523,0.999973,0.999985,0.998328,0.999872,0,1,0,0
703,27,177,524,0.999975,0.999987,0.998328,0.999872,1,1,0,0
704,29,178,524,0.999978,0.999988,0.998328,0.999872,1,1,0,0
705,27,178,525,0.999978,0.999989,0.998503,0.999872,0,0,1,0
706,29,179,525,0.999978,0.999989,0.998673,0.999872,0,0,1,0
707,27,179,526,0.999978,0.999989,0.998686,0.999872,0,0,0,0
708,29,180,526,0.999978,0.999989,0.998686,0.999872,0,0,0,0
709,27,180,527,0.999978,0.999989,0.998686,0.999872,0,0,0,0
710,25,180,528,0.999978,0.999989,0.998686,0.999872,0,0,0,0
711,23,180,529,0.999978,0.999989,0.998686,0.999872,0,0,0,0
712,21,180,530,0.999978,0.999989,0.998686,0.999872,0,0,0,0
713,19,180,531,0.999978,0.999989,0.998686,0.999872,0,0,0,0
714,17,180,532,0.999981,0.999989,0.998686,0.999872,1,0,0,0
715,15,180,533,0.999981,0.999989,0.998686,0.999872,0,0,0,0
716,29,181,533,0.999981,0.999989,0.998686,0.999872,0,0,0,0
717,27,181,534,0.999981,0.999989,0.998686,0.999872,0,0,0,0
718,25,181,535,0.999981,0.999989,0.998686,0.999872,0,0,0,0
719,23,181,536,0.999981,0.999989,0.998686,0.999886,0,0,0,1
720,21,181,537,0.999981,0.999989,0.998686,0.999887,0,0,0,0
721,29,182,537,0.999981,0.999989,0.998686,0.999887,0,0,0,0
722,27,182,538,0.999981,0.999989,0.998824,0.999887,0,0,1,0
723,25,182,539,0.999981,0.999989,0.998957,0.999887,0,0,1,0
724,29,183,539,0.999981,0.999989,0.999075,0.999887,0,0,1,0
725,27,183,540,0.999981,0.999990,0.999085,0.999887,0,1,0,0
726,29,184,540,0.999981,0.999991,0.999085,0.999887,0,1,0,0
727,27,184,541,0.999981,0.999991,0.999085,0.999887,0,0,0,0
728,25,184,542,0.999983,0.999991,0.999085,0.999887,1,0,0,0
729,23,184,543,0.999983,0.999991,0.999085,0.999887,0,0,0,0
730,21,184,544,0.999983,0.999991,0.999180,0.999887,0,0,1,0
731,19,184,545,0.999983,0.999991,0.999273,0.999887,0,0,1,0
732,29,185,545,0.999983,0.999991,0.999356,0.999887,0,0,1,0
733,27,185,546,0.999983,0.999991,0.999429,0.999887,0,0,1,0
734,25,185,547,0.999985,0.999991,0.999435,0.999899,1,0,0,1
735,29,186,547,0.999987,0.999991,0.999435,0.999910,1,0,0,1
736,27,186,548,0.999987,0.999991,0.999435,0.999911,0,0,0,0
737,29,187,548,0.999987,0.999991,0.999435,0.999911,0,0,0,0
738,27,187,549,0.999987,0.999992,0.999435,0.999920,0,1,0,1
739,25,187,550,0.999987,0.999992,0.999435,0.999921,0,0,0,0
740,29,188,550,0.999987,0.999992,0.999435,0.999921,0,0,0,0
741,27,188,551,0.999987,0.999992,0.999435,0.999921,0,0,0,0
742,25,188,552,0.999987,0.999992,0.999435,0.999929,0,0,0,1
743,23,188,553,0.999987,0.999992,0.999494,0.999930,0,0,1,0
744,29,189,553,0.999987,0.999992,0.999551,0.999930,0,0,1,0
745,27,189,554,0.999987,0.999992,0.999556,0.999937,0,0,0,1
746,29,190,554,0.999987,0.999992,0.999556,0.999945,0,0,0,1
747,27,190,555,0.999987,0.999992,0.999602,0.999945,0,0,1,0
748,29,191,555,0.999987,0.999992,0.999648,0.999945,0,0,1,0
749,27,191,556,0.999987,0.999992,0.999651,0.999945,0,0,0,0
750,29,192,556,0.999987,0.999992,0.999651,0.999945,0,0,0,0
751,27,192,557,0.999987,0.999992,0.999651,0.999945,0,0,0,0
752,25,192,558,0.999987,0.999992,0.999651,0.999945,0,0,0,0
753,23,192,559,0.999987,0.999992,0.999651,0.999945,0,0,0,0
754,21,192,560,0.999987,0.999992,0.999651,0.999945,0,0,0,0
755,19,192,561,0.999987,0.999992,0.999651,0.999945,0,0,0,0
756,17,192,562,0.999987,0.999992,0.999688,0.999951,0,0,1,1
757,15,192,563,0.999987,0.999992,0.999723,0.999956,0,0,1,1
758,29,193,563,0.999987,0.999992,0.999754,0.999961,0,0,1,1
759,27,193,564,0.999987,0.999993,0.999757,0.999962,0,1,0,0
760,29,194,564,0.999987,0.999994,0.999757,0.999962,0,1,0,0
761,27,194,565,0.999987,0.999994,0.999757,0.999962,0,0,0,0
762,29,195,565,0.999987,0.999994,0.999757,0.999962,0,0,0,0
763,27,195,566,0.999987,0.999994,0.999782,0.999962,0,0,1,0
764,25,195,567,0.999987,0.999994,0.999785,0.999966,0,0,0,1
765,23,195,568,0.999987,0.999994,0.999785,0.999966,0,1,0,0
766,21,195,569,0.999987,0.999994,0.999785,0.999970,0,0,0,1
767,29,196,569,0.999987,0.999994,0.999785,0.999973,0,0,0,1
768,27,196,570,0.999987,0.999994,0.999785,0.999973,0,0,0,0
769,29,197,570,0.999987,0.999994,0.999785,0.999973,0,0,0,0
770,27,197,571,0.999987,0.999994,0.999785,0.999973,0,0,0,0
771,25,197,572,0.999987,0.999994,0.999785,0.999973,0,0,0,0
772,23,197,573,0.999987,0.999994,0.999785,0.999973,0,0,0,0
773,21,197,574,0.999988,0.999994,0.999785,0.999973,1,0,0,0
774,19,197,575,0.999988,0.999994,0.999807,0.999976,0,0,1,1
775,29,198,575,0.999988,0.999994,0.999829,0.999979,0,0,1,1
776,27,198,576,0.999988,0.999995,0.999831,0.999979,0,1,0,0
777,29,199,576,0.999988,0.999996,0.999831,0.999979,0,1,0,0
778,27,199,577,0.999989,0.999996,0.999831,0.999979,1,0,0,0
779,25,199,578,0.999991,0.999996,0.999831,0.999979,1,0,0,0
780,29,200,578,0.999992,0.999996,0.999831,0.999979,1,0,0,0
781,27,200,579,0.999992,0.999996,0.999831,0.999979,0,0,0,0
782,29,201,579,0.999992,0.999996,0.999831,0.999979,0,0,0,0
783,27,201,580,0.999992,0.999996,0.999831,0.999979,0,0,0,0
784,25,201,581,0.999992,0.999996,0.999831,0.999981,0,0,0,1
785,23,201,582,0.999992,0.999996,0.999831,0.999981,0,0,0,0
786,29,202,582,0.999992,0.999996,0.999831,0.999981,0,0,0,0
787,27,202,583,0.999992,0.999996,0.999831,0.999981,0,0,0,0
788,25,202,584,0.999992,0.999996,0.999831,0.999981,0,0,0,0
789,23,202,585,0.999992,0.999996,0.999831,0.999981,0,0,0,0
790,21,202,586,0.999992,0.999996,0.999831,0.999981,0,1,0,0
791,19,202,587,0.999992,0.999996,0.999848,0.999981,0,0,1,0
792,17,202,588,0.999993,0.999997,0.999850,0.999981,1,1,0,0
793,29,203,588,0.999993,0.999997,0.999850,0.999981,1,1,0,0
794,27,203,589,0.999994,0.999997,0.999850,0.999983,0,0,0,1
795,29,204,589,0.999994,0.999997,0.999850,0.999985,0,0,0,1
796,27,204,590,0.999994,0.999997,0.999850,0.999985,1,0,0,0
797,29,205,590,0.999995,0.999997,0.999850,0.999985,1,0,0,0
798,27,205,591,0.999995,0.999997,0.999850,0.999985,0,0,0,0
799,29,206,591,0.999995,0.999997,0.999850,0.999985,0,0,0,0
800,27,206,592,0.999995,0.999997,0.999850,0.999985,0,0,0,0
801,25,206,593,0.999995,0.999997,0.999850,0.999985,0,0,0,0
802,23,206,594,0.999995,0.999997,0.999850,0.999985,0,0,0,0
803,21,206,595,0.999995,0.999997,0.999850,0.999985,0,0,0,0
804,19,206,596,0.999995,0.999997,0.999850,0.999985,0,1,0,0
805,17,206,597,0.999995,0.999997,0.999850,0.999985,0,0,0,0
806,29,207,597,0.999995,0.999997,0.999850,0.999985,0,0,0,0
807,27,207,598,0.999995,0.999997,0.999850,0.999985,0,0,0,0
808,25,207,599,0.999995,0.999997,0.999866,0.999985,0,0,1,0
809,23,207,600,0.999995,0.999997,0.999867,0.999985,1,0,0,0
810,21,207,601,0.999996,0.999997,0.999881,0.999985,0,0,1,0
811,29,208,601,0.999996,0.999997,0.999894,0.999987,0,0,1,1
812,27,208,602,0.999996,0.999997,0.999895,0.999987,0,0,0,0
813,29,209,602,0.999996,0.999997,0.999895,0.999987,0,0,0,0
814,27,209,603,0.999996,0.999997,0.999906,0.999987,0,0,1,0
815,25,209,604,0.999996,0.999998,0.999907,0.999987,0,1,0,0
816,29,210,604,0.999996,0.999998,0.999907,0.999987,0,1,0,0
817,27,210,605,0.999996,0.999998,0.999907,0.999987,0,0,0,0
818,29,211,605,0.999996,0.999998,0.999907,0.999987,0,0,0,0
819,27,211,606,0.999996,0.999998,0.999907,0.999987,0,0,0,0
820,25,211,607,0.999996,0.999998,0.999907,0.999987,0,0,0,0
821,23,211,608,0.999996,0.999998,0.999907,0.999988,0,0,0,1
822,21,211,609,0.999996,0.999998,0.999907,0.999989,0,0,0,0
823,29,212,609,0.999996,0.999998,0.999907,0.999989,0,0,0,0
824,27,212,610,0.999996,0.999998,0.999907,0.999989,0,0,0,0
825,25,212,611,0.999996,0.999998,0.999907,0.999989,0,0,0,0
826,23,212,612,0.999996,0.999998,0.999907,0.999989,0,0,0,0
827,21,212,613,0.999996,0.999998,0.999907,0.999989,0,0,0,0
828,19,212,614,0.999996,0.999998,0.999907,0.999989,0,0,0,0
829,17,212,615,0.999996,0.999998,0.999907,0.999989,0,0,0,0
830,15,212,616,0.999996,0.999998,0.999907,0.999989,0,0,0,0
831,13,212,617,0.999996,0.999998,0.999907,0.999989,0,0,0,0
832,11,212,618,0.999996,0.999998,0.999917,0.999989,0,0,1,0
833,9,212,619,0.999996,0.999998,0.999918,0.999989,0,0,0,0
834,29,213,619,0.999996,0.999998,0.999918,0.999989,0,0,0,0
835,27,213,620,0.999996,0.999998,0.999926,0.999989,0,0,1,0
836,25,213,621,0.999996,0.999998,0.999935,0.999989,0,0,1,0
837,23,213,622,0.999996,0.999998,0.999935,0.999989,1,0,0,0
838,29,214,622,0.999996,0.999998,0.999935,0.999989,1,0,0,0
839,27,214,623,0.999996,0.999998,0.999935,0.999989,0,0,0,0
840,29,215,623,0.999996,0.999998,0.999935,0.999989,0,0,0,0
841,27,215,624,0.999996,0.999998,0.999935,0.999989,0,0,0,0
842,25,215,625,0.999996,0.999998,0.999935,0.999989,0,0,0,0
843,23,215,626,0.999996,0.999998,0.999935,0.999989,0,0,0,0
844,21,215,627,0.999996,0.999998,0.999935,0.999989,0,0,0,0
845,19,215,628,0.999996,0.999998,0.999935,0.999989,0,0,0,0
846,17,215,629,0.999996,0.999998,0.999935,0.999989,0,0,0,0
847,15,215,630,0.999996,0.999998,0.999935,0.999990,0,0,0,1
848,13,215,631,0.999996,0.999998,0.999935,0.999991,0,0,0,1
849,29,216,631,0.999996,0.999998,0.999935,0.999992,0,0,0,1
850,27,216,632,0.999996,0.999998,0.999935,0.999992,0,0,0,0
851,29,217,632,0.999996,0.999998,0.999935,0.999992,0,0,0,0
852,27,217,633,0.999997,0.999998,0.999935,0.999992,1,0,0,0
853,25,217,634,0.999997,0.999998,0.999935,0.999992,1,0,0,0
854,23,217,635,0.999997,0.999998,0.999935,0.999993,0,0,0,1
855,29,218,635,0.999997,0.999998,0.999935,0.999994,0,0,0,1
856,27,218,636,0.999998,0.999998,0.999935,0.999994,1,0,0,0
857,29,219,636,0.999998,0.999998,0.999935,0.999994,1,0,0,0
858,27,219,637,0.999998,0.999998,0.999935,0.999994,0,0,0,1
859,29,220,637,0.999998,0.999998,0.999935,0.999995,0,0,0,1
860,27,220,638,0.999998,0.999998,0.999935,0.999995,1,0,0,0
861,29,221,638,0.999998,0.999998,0.999935,0.999995,1,0,0,0
862,27,221,639,0.999998,0.999998,0.999935,0.999995,0,0,0,0
863,29,222,639,0.999998,0.999998,0.999935,0.999995,0,0,0,0
864,27,222,640,0.999998,0.999998,0.999935,0.999995,0,0,0,0
865,25,222,641,0.999998,0.999998,0.999935,0.999995,0,0,0,0
866,23,222,642,0.999998,0.999998,0.999935,0.999995,0,0,0,0
867,21,222,643,0.999998,0.999998,0.999935,0.999995,0,0,0,0
868,19,222,644,0.999998,0.999998,0.999935,0.999995,0,0,0,0
869,17,222,645,0.999998,0.999998,0.999935,0.999995,0,0,0,0
870,15,222,646,0.999998,0.999998,0.999935,0.999995,0,0,0,0
871,13,222,647,0.999998,0.999998,0.999935,0.999995,0,0,0,0
872,11,222,648,0.999998,0.999998,0.999935,0.999995,0,0,0,0
873,9,222,649,0.999998,0.999998,0.999935,0.999995,0,0,0,0
874,7,222,650,0.999998,0.999998,0.999935,0.999995,0,0,0,0
875,5,222,651,0.999998,0.999998,0.999943,0.999995,0,0,1,0
876,3,222,652,0.999998,0.999998,0.999943,0.999995,0,1,0,0
877,29,223,652,0.999998,0.999998,0.999943,0.999995,1,1,0,0
878,27,223,653,0.999998,0.999998,0.999949,0.999995,0,0,1,0
879,29,224,653,0.999998,0.999998,0.999955,0.999995,0,0,1,0
880,27,224,654,0.999998,0.999999,0.999956,0.999995,0,1,0,0
881,25,224,655,0.999998,0.999999,0.999956,0.999996,0,0,0,1
882,29,225,655,0.999998,0.999999,0.999956,0.999996,0,0,0,1
883,27,225,656,0.999998,0.999999,0.999956,0.999996,0,0,0,0
884,29,226,656,0.999998,0.999999,0.999956,0.999996,0,0,0,0
885,27,226,657,0.999998,0.999999,0.999956,0.999996,0,0,0,0
886,25,226,658,0.999998,0.999999,0.999956,0.999996,0,0,0,0
887,23,226,659,0.999998,0.999999,0.999956,0.999996,0,1,0,0
888,21,226,660,0.999999,0.999999,0.999956,0.999996,1,0,0,0
889,29,227,660,0.999999,0.999999,0.999956,0.999996,1,0,0,0
890,27,227,661,0.999999,0.999999,0.999956,0.999996,0,1,0,0
891,29,228,661,0.999999,0.999999,0.999956,0.999996,0,1,0,0
892,27,228,662,0.999999,0.999999,0.999956,0.999996,1,0,0,0
893,29,229,662,0.999999,0.999999,0.999956,0.999996,1,0,0,0
894,27,229,663,0.999999,0.999999,0.999956,0.999996,0,0,0,0
895,29,230,663,0.999999,0.999999,0.999956,0.999996,0,0,0,0
896,27,230,664,0.999999,0.999999,0.999956,0.999997,1,0,0,1
897,25,230,665,0.999999,0.999999,0.999956,0.999997,1,0,0,0
898,23,230,666,0.999999,0.999999,0.999960,0.999997,0,0,1,0
899,21,230,667,0.999999,0.999999,0.999961,0.999997,1,0,0,0
900,19,230,668,0.999999,0.999999,0.999965,0.999997,0,0,1,0
901,17,230,669,0.999999,0.999999,0.999965,0.999997,1,0,0,0
902,29,231,669,0.999999,0.999999,0.999965,0.999997,1,0,0,0
903,27,231,670,0.999999,0.999999,0.999965,0.999997,0,0,0,0
904,29,232,670,0.999999,0.999999,0.999965,0.999997,0,0,0,0
905,27,232,671,1.000000,0.999999,0.999965,0.999997,1,0,0,0
906,25,232,672,1.000000,0.999999,0.999965,0.999997,1,0,0,0
907,29,233,672,1.000000,0.999999,0.999965,0.999997,1,0,0,0
908,27,233,673,1.000000,0.999999,0.999965,0.999997,0,0,0,0
909,29,234,673,1.000000,0.999999,0.999965,0.999997,0,0,0,0
910,27,234,674,1.000000,0.999999,0.999965,0.999997,1,1,0,0
911,25,234,675,1.000000,0.999999,0.999965,0.999997,0,0,0,0
912,29,235,675,1.000000,0.999999,0.999965,0.999997,0,0,0,0
913,27,235,676,1.000000,0.999999,0.999965,0.999997,0,0,0,0
914,25,235,677,1.000000,0.999999,0.999965,0.999997,1,1,0,0
915,23,235,678,1.000000,0.999999,0.999965,0.999997,0,1,0,0
916,29,236,678,1.000000,0.999999,0.999965,0.999997,0,1,0,0
917,27,236,679,1.000000,0.999999,0.999965,0.999997,0,0,0,0
918,29,237,679,1.000000,0.999999,0.999965,0.999997,0,0,0,0
919,27,237,680,1.000000,0.999999,0.999965,0.999997,0,1,0,0
920,25,237,681,1.000000,0.999999,0.999969,0.999997,1,0,1,0
921,29,238,681,1.000000,0.999999,0.999972,0.999997,1,0,1,0
922,27,238,682,1.000000,0.999999,0.999973,0.999997,0,0,0,0
923,29,239,682,1.000000,0.999999,0.999973,0.999997,0,0,0,0
924,27,239,683,1.000000,0.999999,0.999973,0.999997,0,1,0,0
925,25,239,684,1.000000,1.000000,0.999973,0.999997,0,0,0,0
926,29,240,684,1.000000,1.000000,0.999973,0.999997,0,0,0,0
927,27,240,685,1.000000,1.000000,0.999973,0.999997,0,0,0,0
928,25,240,686,1.000000,1.000000,0.999973,0.999997,0,0,0,0
929,23,240,687,1.000000,1.000000,0.999973,0.999997,0,0,0,0
930,21,240,688,1.000000,1.000000,0.999973,0.999997,0,0,0,0
931,19,240,689,1.000000,1.000000,0.999975,0.999997,0,0,1,0
932,17,240,690,1.000000,1.000000,0.999976,0.999997,0,0,0,0
933,29,241,690,1.000000,1.000000,0.999976,0.999997,0,0,0,0
934,27,241,691,1.000000,1.000000,0.999976,0.999997,0,0,0,0
935,25,241,692,1.000000,1.000000,0.999976,0.999997,0,0,0,0
936,23,241,693,1.000000,1.000000,0.999976,0.999997,1,0,0,0
937,21,241,694,1.000000,1.000000,0.999976,0.999997,0,1,0,0
938,29,242,694,1.000000,1.000000,0.999976,0.999997,0,1,0,0
939,27,242,695,1.000000,1.000000,0.999976,0.999997,0,0,0,0
940,29,243,695,1.000000,1.000000,0.999976,0.999997,0,0,0,0
941,27,243,696,1.000000,1.000000,0.999976,0.999997,0,0,0,0
942,25,243,697,1.000000,1.000000,0.999976,0.999997,0,0,0,0
943,23,243,698,1.000000,1.000000,0.999976,0.999997,0,0,0,0
944,21,243,699,1.000000,1.000000,0.999976,0.999997,0,0,0,0
945,19,243,700,1.000000,1.000000,0.999976,0.999997,0,0,0,0
946,17,243,701,1.000000,1.000000,0.999976,0.999997,0,1,0,0
947,15,243,702,1.000000,1.000000,0.999976,0.999997,1,0,0,0
948,29,244,702,1.000000,1.000000,0.999976,0.999997,1,0,0,0
949,27,244,703,1.000000,1.000000,0.999976,0.999997,0,0,0,0
950,29,245,703,1.000000,1.000000,0.999976,0.999997,0,0,0,0
951,27,245,704,1.000000,1.000000,0.999976,0.999997,0,1,0,0
952,25,245,705,1.000000,1.000000,0.999976,0.999997,0,0,0,0
953,29,246,705,1.000000,1.000000,0.999976,0.999997,0,0,0,0
954,27,246,706,1.000000,1.000000,0.999976,0.999997,1,0,0,0
955,25,246,707,1.000000,1.000000,0.999976,0.999997,0,0,0,0
956,23,246,708,1.000000,1.000000,0.999976,0.999997,0,0,0,0
957,21,246,709,1.000000,1.000000,0.999976,0.999997,0,0,0,0
958,19,246,710,1.000000,1.000000,0.999976,0.999997,1,0,0,0
959,17,246,711,1.000000,1.000000,0.999976,0.999997,0,0,0,0
960,29,247,711,1.000000,1.000000,0.999976,0.999997,0,0,0,0
961,27,247,712,1.000000,1.000000,0.999976,0.999997,0,0,0,0
962,25,247,713,1.000000,1.000000,0.999976,0.999997,0,0,0,0
963,23,247,714,1.000000,1.000000,0.999976,0.999997,0,0,0,0
964,21,247,715,1.000000,1.000000,0.999976,0.999997,0,1,0,0
965,19,247,716,1.000000,1.000000,0.999976,0.999997,0,0,0,0
966,29,248,716,1.000000,1.000000,0.999976,0.999997,0,0,0,0
967,27,248,717,1.000000,1.000000,0.999976,0.999997,0,1,0,0
968,25,248,718,1.000000,1.000000,0.999976,0.999997,0,0,0,0
969,29,249,718,1.000000,1.000000,0.999976,0.999997,0,0,0,0
970,27,249,719,1.000000,1.000000,0.999976,0.999997,0,0,0,0
971,25,249,720,1.000000,1.000000,0.999976,0.999997,0,0,0,0
972,23,249,721,1.000000,1.000000,0.999976,0.999997,0,0,0,0
973,21,249,722,1.000000,1.000000,0.999976,0.999997,0,0,0,0
974,19,249,723,1.000000,1.000000,0.999976,0.999997,0,0,0,0
975,17,249,724,1.000000,1.000000,0.999978,0.999997,0,0,1,0
976,15,249,725,1.000000,1.000000,0.999978,0.999997,0,0,0,0
977,29,250,725,1.000000,1.000000,0.999978,0.999997,0,0,0,0
978,27,250,726,1.000000,1.000000,0.999978,0.999997,0,0,0,0
979,25,250,727,1.000000,1.000000,0.999978,0.999997,0,0,0,0
980,23,250,728,1.000000,1.000000,0.999978,0.999997,0,0,0,0
981,21,250,729,1.000000,1.000000,0.999978,0.999997,1,0,0,0
982,19,250,730,1.000000,1.000000,0.999978,0.999997,0,0,0,0
983,29,251,730,1.000000,1.000000,0.999978,0.999997,0,0,0,0
984,27,251,731,1.000000,1.000000,0.999978,0.999997,0,0,0,0
985,25,251,732,1.000000,1.000000,0.999978,0.999997,0,0,0,0
986,23,251,733,1.000000,1.000000,0.999978,0.999997,0,0,0,0
987,21,251,734,1.000000,1.000000,0.999978,0.999997,0,0,0,0
988,19,251,735,1.000000,1.000000,0.999978,0.999997,0,0,0,0
989,17,251,736,1.000000,1.000000,0.999978,0.999997,0,0,0,0
990,15,251,737,1.000000,1.000000,0.999978,0.999997,0,0,0,0
991,13,251,738,1.000000,1.000000,0.999978,0.999997,0,0,0,0
992,11,251,739,1.000000,1.000000,0.999978,0.999997,0,1,0,0
993,9,251,740,1.000000,1.000000,0.999978,0.999997,0,0,0,0
994,29,252,740,1.000000,1.000000,0.999978,0.999997,0,0,0,0
995,27,252,741,1.000000,1.000000,0.999978,0.999997,0,0,0,0
996,25,252,742,1.000000,1.000000,0.999978,0.999997,0,0,0,0
997,23,252,743,1.000000,1.000000,0.999978,0.999997,1,0,0,0
998,21,252,744,1.000000,1.000000,0.999978,0.999997,0,0,0,0
999,29,253,744,1.000000,1.000000,0.999978,0.999997,0,0,0,0
1000,27,253,745,1.000000,1.000000,0.999978,0.999997,0,0,0,0
1001,25,253,746,1.000000,1.000000,0.999978,0.999997,0,0,0,0
1002,23,253,747,1.000000,1.000000,0.999978,0.999997,0,0,0,0
1003,21,253,748,1.000000,1.000000,0.999978,0.999997,0,0,0,0
1004,19,253,749,1.000000,1.000000,0.999978,0.999997,0,0,0,0
1005,17,253,750,1.000000,1.000000,0.999978,0.999997,0,0,0,0
1006,15,253,751,1.000000,1.000000,0.999978,0.999997,1,1,0,0
1007,13,253,752,1.000000,1.000000,0.999978,0.999997,1,0,0,0
1008,29,254,752,1.000000,1.000000,0.999978,0.999997,1,0,0,0
1009,27,254,753,1.000000,1.000000,0.999978,0.999997,1,1,0,1
1010,29,255,753,1.000000,1.000000,0.999978,0.999997,1,1,0,1
1011,27,255,754,1.000000,1.000000,0.999978,0.999998,0,0,0,1
1012,29,256,754,1.000000,1.000000,0.999978,0.999998,0,0,0,1
1013,27,256,755,1.000000,1.000000,0.999981,0.999998,0,0,1,0
1014,29,257,755,1.000000,1.000000,0.999983,0.999998,0,0,1,0
1015,27,257,756,1.000000,1.000000,0.999983,0.999998,0,0,0,0
1016,29,258,756,1.000000,1.000000,0.999983,0.999998,0,0,0,0
1017,27,258,757,1.000000,1.000000,0.999983,0.999998,0,0,0,0
1018,25,258,758,1.000000,1.000000,0.999983,0.999998,1,0,0,0
1019,23,258,759,1.000000,1.000000,0.999983,0.999998,0,0,0,0
1020,21,258,760,1.000000,1.000000,0.999983,0.999998,0,1,0,0
1021,19,258,761,1.000000,1.000000,0.999983,0.999998,0,0,0,0
1022,29,259,761,1.000000,1.000000,0.999983,0.999998,0,0,0,0
1023,27,259,762,1.000000,1.000000,0.999983,0.999998,0,0,0,0
1024,25,259,763,1.000000,1.000000,0.999983,0.999998,0,0,0,1
1025,23,259,764,1.000000,1.000000,0.999983,0.999998,1,0,0,0
1026,29,260,764,1.000000,1.000000,0.999983,0.999998,1,0,0,0
1027,27,260,765,1.000000,1.000000,0.999983,0.999998,0,0,0,0
1028,29,261,765,1.000000,1.000000,0.999983,0.999998,0,0,0,0
1029,27,261,766,1.000000,1.000000,0.999983,0.999998,1,1,0,1
1030,25,261,767,1.000000,1.000000,0.999983,0.999998,0,0,0,0
1031,29,262,767,1.000000,1.000000,0.999983,0.999998,0,0,0,0
1032,27,262,768,1.000000,1.000000,0.999983,0.999998,1,1,0,0
1033,25,262,769,1.000000,1.000000,0.999983,0.999999,0,0,0,1
1034,29,263,769,1.000000,1.000000,0.999983,0.999999,0,0,0,1
1035,27,263,770,1.000000,1.000000,0.999983,0.999999,1,0,0,0
1036,29,264,770,1.000000,1.000000,0.999983,0.999999,1,0,0,0
1037,27,264,771,1.000000,1.000000,0.999983,0.999999,0,0,0,0
1038,29,265,771,1.000000,1.000000,0.999983,0.999999,0,0,0,0
1039,27,265,772,1.000000,1.000000,0.999983,0.999999,0,0,0,0
1040,25,265,773,1.000000,1.000000,0.999983,0.999999,0,0,0,0
1041,23,265,774,1.000000,1.000000,0.999983,0.999999,0,0,0,0
1042,21,265,775,1.000000,1.000000,0.999983,0.999999,0,0,0,0
1043,19,265,776,1.000000,1.000000,0.999983,0.999999,0,0,0,0
1044,17,265,777,1.000000,1.000000,0.999983,0.999999,0,0,0,0
1045,15,265,778,1.000000,1.000000,0.999983,0.999999,0,0,0,0
1046,13,265,779,1.000000,1.000000,0.999983,0.999999,0,0,0,0
1047,11,265,780,1.000000,1.000000,0.999983,0.999999,0,0,0,0
1048,9,265,781,1.000000,1.000000,0.999985,0.999999,0,0,1,0
1049,7,265,782,1.000000,1.000000,0.999987,0.999999,0,0,1,1
1050,29,266,782,1.000000,1.000000,0.999988,0.999999,0,0,1,1
1051,27,266,783,1.000000,1.000000,0.999988,0.999999,0,0,0,0
1052,25,266,784,1.000000,1.000000,0.999988,0.999999,1,1,0,0
1053,23,266,785,1.000000,1.000000,0.999988,0.999999,0,0,0,0
1054,29,267,785,1.000000,1.000000,0.999988,0.999999,0,0,0,0
1055,27,267,786,1.000000,1.000000,0.999988,0.999999,0,0,0,0
1056,25,267,787,1.000000,1.000000,0.999988,0.999999,0,0,0,1
1057,23,267,788,1.000000,1.000000,0.999988,0.999999,0,0,0,0
1058,29,268,788,1.000000,1.000000,0.999988,0.999999,0,0,0,0
1059,27,268,789,1.000000,1.000000,0.999988,0.999999,1,0,0,0
1060,25,268,790,1.000000,1.000000,0.999988,0.999999,1,1,0,0
1061,29,269,790,1.000000,1.000000,0.999988,0.999999,1,1,0,0
1062,27,269,791,1.000000,1.000000,0.999988,0.999999,0,0,0,0
1063,29,270,791,1.000000,1.000000,0.999988,0.999999,0,0,0,0
1064,27,270,792,1.000000,1.000000,0.999988,0.999999,1,0,0,0
1065,25,270,793,1.000000,1.000000,0.999988,0.999999,1,0,0,0
1066,29,271,793,1.000000,1.000000,0.999988,0.999999,1,0,0,0
1067,27,271,794,1.000000,1.000000,0.999988,0.999999,0,0,0,0
1068,29,272,794,1.000000,1.000000,0.999988,0.999999,0,0,0,0
1069,27,272,795,1.000000,1.000000,0.999988,0.999999,0,0,0,0
1070,25,272,796,1.000000,1.000000,0.999988,0.999999,0,0,0,0
1071,23,272,797,1.000000,1.000000,0.999988,0.999999,1,0,0,0
1072,21,272,798,1.000000,1.000000,0.999988,0.999999,0,0,0,0
1073,19,272,799,1.000000,1.000000,0.999989,0.999999,0,0,1,0
1074,17,272,800,1.000000,1.000000,0.999991,0.999999,0,0,1,0
1075,29,273,800,1.000000,1.000000,0.999992,0.999999,0,0,1,0
1076,27,273,801,1.000000,1.000000,0.999992,0.999999,0,0,0,0
1077,29,274,801,1.000000,1.000000,0.999992,0.999999,0,0,0,0
1078,27,274,802,1.000000,1.000000,0.999992,0.999999,0,0,0,0
1079,25,274,803,1.000000,1.000000,0.999992,0.999999,0,0,0,0
1080,23,274,804,1.000000,1.000000,0.999992,0.999999,0,0,0,0
1081,21,274,805,1.000000,1.000000,0.999993,0.999999,0,0,1,0
1082,19,274,806,1.000000,1.000000,0.999993,0.999999,0,0,0,0
1083,29,275,806,1.000000,1.000000,0.999993,0.999999,0,0,0,0
1084,27,275,807,1.000000,1.000000,0.999993,0.999999,0,0,0,0
1085,25,275,808,1.000000,1.000000,0.999993,0.999999,0,0,0,0
1086,23,275,809,1.000000,1.000000,0.999993,0.999999,0,0,0,0
1087,21,275,810,1.000000,1.000000,0.999993,0.999999,0,0,0,0
1088,19,275,811,1.000000,1.000000,0.999993,0.999999,0,0,1,0
1089,17,275,812,1.000000,1.000000,0.999994,0.999999,0,0,0,1
1090,29,276,812,1.000000,1.000000,0.999994,0.999999,0,0,0,1
1091,27,276,813,1.000000,1.000000,0.999994,0.999999,0,0,0,0
1092,29,277,813,1.000000,1.000000,0.999994,0.999999,0,0,0,0
1093,27,277,814,1.000000,1.000000,0.999994,0.999999,0,0,0,0
1094,25,277,815,1.000000,1.000000,0.999994,0.999999,0,0,0,0
1095,23,277,816,1.000000,1.000000,0.999994,0.999999,0,0,0,0
1096,21,277,817,1.000000,1.000000,0.999994,0.999999,0,0,1,0
1097,19,277,818,1.000000,1.000000,0.999994,0.999999,0,0,0,0
1098,29,278,818,1.000000,1.000000,0.999994,0.999999,0,0,0,0
1099,27,278,819,1.000000,1.000000,0.999995,0.999999,0,0,1,0
1100,25,278,820,1.000000,1.000000,0.999996,0.999999,0,0,1,0
1101,29,279,820,1.000000,1.000000,0.999996,0.999999,0,0,1,0
1102,27,279,821,1.000000,1.000000,0.999997,0.999999,0,0,1,0
1103,29,280,821,1.000000,1.000000,0.999997,0.999999,0,0,1,0
1104,27,280,822,1.000000,1.000000,0.999997,0.999999,0,1,0,0
1105,29,281,822,1.000000,1.000000,0.999997,0.999999,0,1,0,0
1106,27,281,823,1.000000,1.000000,0.999997,0.999999,0,0,1,0
1107,29,282,823,1.000000,1.000000,0.999998,0.999999,0,0,1,0
1108,27,282,824,1.000000,1.000000,0.999998,0.999999,0,0,1,0
1109,25,282,825,1.000000,1.000000,0.999998,0.999999,1,0,1,1
1110,29,283,825,1.000000,1.000000,0.999998,0.999999,1,0,1,1
1111,27,283,826,1.000000,1.000000,0.999998,0.999999,0,0,0,0
1112,29,284,826,1.000000,1.000000,0.999998,0.999999,0,0,0,0
1113,27,284,827,1.000000,1.000000,0.999998,1.000000,1,0,0,1
1114,25,284,828,1.000000,1.000000,0.999998,1.000000,0,0,0,1
1115,23,284,829,1.000000,1.000000,0.999998,1.000000,0,1,0,0
1116,21,284,830,1.000000,1.000000,0.999998,1.000000,0,0,0,1
1117,29,285,830,1.000000,1.000000,0.999998,1.000000,0,0,0,1
1118,27,285,831,1.000000,1.000000,0.999998,1.000000,0,0,0,0
1119,29,286,831,1.000000,1.000000,0.999998,1.000000,0,0,0,0
1120,27,286,832,1.000000,1.000000,0.999998,1.000000,0,0,0,1
1121,25,286,833,1.000000,1.000000,0.999998,1.000000,0,0,1,1
1122,29,287,833,1.000000,1.000000,0.999999,1.000000,0,0,1,1
1123,27,287,834,1.000000,1.000000,0.999999,1.000000,0,0,0,0
1124,29,288,834,1.000000,1.000000,0.999999,1.000000,0,0,0,0
1125,27,288,835,1.000000,1.000000,0.999999,1.000000,0,1,0,0
1126,25,288,836,1.000000,1.000000,0.999999,1.000000,0,0,1,0
1127,29,289,836,1.000000,1.000000,0.999999,1.000000,0,0,1,0
1128,27,289,837,1.000000,1.000000,0.999999,1.000000,0,0,0,0
1129,29,290,837,1.000000,1.000000,0.999999,1.000000,0,0,0,0
1130,27,290,838,1.000000,1.000000,0.999999,1.000000,0,0,0,0
1131,25,290,839,1.000000,1.000000,0.999999,1.000000,0,0,0,0
1132,23,290,840,1.000000,1.000000,0.999999,1.000000,0,0,0,0
1133,21,290,841,1.000000,1.000000,0.999999,1.000000,0,0,0,0
1134,19,290,842,1.000000,1.000000,0.999999,1.000000,0,0,0,0
1135,17,290,843,1.000000,1.000000,0.999999,1.000000,0,0,0,0
1136,15,290,844,1.000000,1.000000,0.999999,1.000000,0,0,0,0
1137,13,290,845,1.000000,1.000000,0.999999,1.000000,0,0,0,0
1138,11,290,846,1.000000,1.000000,0.999999,1.000000,0,0,0,0
1139,9,290,847,1.000000,1.000000,0.999999,1.000000,0,0,1,0
1140,7,290,848,1.000000,1.000000,0.999999,1.000000,0,0,0,0
1141,29,291,848,1.000000,1.000000,0.999999,1.000000,0,0,0,0
1142,27,291,849,1.000000,1.000000,0.999999,1.000000,0,0,0,0
1143,25,291,850,1.000000,1.000000,0.999999,1.000000,0,1,0,0
1144,23,291,851,1.000000,1.000000,0.999999,1.000000,0,1,0,0
1145,29,292,851,1.000000,1.000000,0.999999,1.000000,0,1,0,0
1146,27,292,852,1.000000,1.000000,0.999999,1.000000,0,0,0,0
1147,29,293,852,1.000000,1.000000,0.999999,1.000000,0,0,0,0
1148,27,293,853,1.000000,1.000000,0.999999,1.000000,0,0,0,0
1149,25,293,854,1.000000,1.000000,0.999999,1.000000,0,0,0,0
1150,23,293,855,1.000000,1.000000,0.999999,1.000000,0,0,0,0
1151,21,293,856,1.000000,1.000000,0.999999,1.000000,0,0,0,0
1152,19,293,857,1.000000,1.000000,0.999999,1.000000,0,0,0,1
1153,17,293,858,1.000000,1.000000,0.999999,1.000000,0,0,0,0
1154,29,294,858,1.000000,1.000000,0.999999,1.000000,0,0,0,0
1155,27,294,859,1.000000,1.000000,0.999999,1.000000,0,0,0,0
1156,25,294,860,1.000000,1.000000,0.999999,1.000000,0,0,0,0
1157,23,294,861,1.000000,1.000000,0.999999,1.000000,1,0,0,1
1158,21,294,862,1.000000,1.000000,0.999999,1.000000,0,0,0,1
1159,29,295,862,1.000000,1.000000,0.999999,1.000000,0,0,0,1
1160,27,295,863,1.000000,1.000000,0.999999,1.000000,0,0,0,0
1161,29,296,863,1.000000,1.000000,0.999999,1.000000,0,0,0,0
1162,27,296,864,1.000000,1.000000,0.999999,1.000000,1,0,0,0
1163,25,296,865,1.000000,1.000000,0.999999,1.000000,1,0,0,1
1164,29,297,865,1.000000,1.000000,0.999999,1.000000,1,0,0,1
1165,27,297,866,1.000000,1.000000,0.999999,1.000000,1,0,0,0
1166,25,297,867,1.000000,1.000000,0.999999,1.000000,0,0,1,0
1167,29,298,867,1.000000,1.000000,0.999999,1.000000,0,0,1,0
1168,27,298,868,1.000000,1.000000,0.999999,1.000000,0,0,0,0
1169,29,299,868,1.000000,1.000000,0.999999,1.000000,0,0,0,0
1170,27,299,869,1.000000,1.000000,0.999999,1.000000,0,0,0,0
1171,25,299,870,1.000000,1.000000,0.999999,1.000000,0,0,0,0
1172,23,299,871,1.000000,1.000000,0.999999,1.000000,0,0,0,0
1173,21,299,872,1.000000,1.000000,0.999999,1.000000,0,1,0,0
1174,19,299,873,1.000000,1.000000,0.999999,1.000000,1,0,0,0
1175,29,300,873,1.000000,1.000000,0.999999,1.000000,1,0,0,0
1176,27,300,874,1.000000,1.000000,0.999999,1.000000,0,0,0,0
1177,29,301,874,1.000000,1.000000,0.999999,1.000000,0,0,0,0
1178,27,301,875,1.000000,1.000000,0.999999,1.000000,0,0,0,0
1179,25,301,876,1.000000,1.000000,0.999999,1.000000,0,0,0,0
1180,23,301,877,1.000000,1.000000,0.999999,1.000000,0,1,0,0
1181,21,301,878,1.000000,1.000000,0.999999,1.000000,0,0,0,0
1182,19,301,879,1.000000,1.000000,0.999999,1.000000,0,1,0,0
1183,17,301,880,1.000000,1.000000,0.999999,1.000000,0,1,0,0
1184,29,302,880,1.000000,1.000000,0.999999,1.000000,0,1,0,0
1185,27,302,881,1.000000,1.000000,0.999999,1.000000,0,0,0,0
1186,25,302,882,1.000000,1.000000,0.999999,1.000000,0,0,0,0
1187,23,302,883,1.000000,1.000000,0.999999,1.000000,0,0,0,0
1188,21,302,884,1.000000,1.000000,0.999999,1.000000,0,1,0,0
1189,19,302,885,1.000000,1.000000,0.999999,1.000000,0,0,0,0
1190,29,303,885,1.000000,1.000000,0.999999,1.000000,0,0,0,0
1191,27,303,886,1.000000,1.000000,0.999999,1.000000,0,0,0,0
1192,25,303,887,1.000000,1.000000,0.999999,1.000000,0,0,0,0
1193,23,303,888,1.000000,1.000000,0.999999,1.000000,0,0,0,0
1194,21,303,889,1.000000,1.000000,0.999999,1.000000,0,0,1,0
1195,19,303,890,1.000000,1.000000,0.999999,1.000000,0,0,0,1
1196,29,304,890,1.000000,1.000000,0.999999,1.000000,0,0,0,1
1197,27,304,891,1.000000,1.000000,0.999999,1.000000,0,0,0,0
1198,29,305,891,1.000000,1.000000,0.999999,1.000000,0,0,0,0
1199,27,305,892,1.000000,1.000000,0.999999,1.000000,0,0,0,0
1200,25,305,893,1.000000,1.000000,0.999999,1.000000,0,0,0,1
1201,23,305,894,1.000000,1.000000,0.999999,1.000000,0,0,0,0
1202,29,306,894,1.000000,1.000000,0.999999,1.000000,0,0,0,0
1203,27,306,895,1.000000,1.000000,0.999999,1.000000,0,0,1,0
1204,25,306,896,1.000000,1.000000,0.999999,1.000000,0,0,0,0
1205,23,306,897,1.000000,1.000000,0.999999,1.000000,0,0,0,0
1206,21,306,898,1.000000,1.000000,0.999999,1.000000,0,0,0,0
1207,19,306,899,1.000000,1.000000,0.999999,1.000000,0,0,0,0
1208,17,306,900,1.000000,1.000000,0.999999,1.000000,0,0,0,0
1209,15,306,901,1.000000,1.000000,0.999999,1.000000,0,0,0,0
1210,13,306,902,1.000000,1.000000,0.999999,1.000000,0,1,0,0
1211,11,306,903,1.000000,1.000000,0.999999,1.000000,1,0,0,0
1212,29,307,903,1.000000,1.000000,0.999999,1.000000,1,0,0,0
1213,27,307,904,1.000000,1.000000,0.999999,1.000000,0,0,0,0
1214,29,308,904,1.000000,1.000000,0.999999,1.000000,0,0,0,0
1215,27,308,905,1.000000,1.000000,0.999999,1.000000,0,0,0,0
1216,25,308,906,1.000000,1.000000,0.999999,1.000000,0,0,0,0
1217,23,308,907,1.000000,1.000000,0.999999,1.000000,0,0,0,1
1218,21,308,908,1.000000,1.000000,0.999999,1.000000,1,0,0,0
1219,29,309,908,1.000000,1.000000,0.999999,1.000000,1,0,0,0
1220,27,309,909,1.000000,1.000000,0.999999,1.000000,0,0,0,1
1221,29,310,909,1.000000,1.000000,0.999999,1.000000,0,0,0,1
1222,27,310,910,1.000000,1.000000,0.999999,1.000000,0,1,0,1
1223,25,310,911,1.000000,1.000000,1.000000,1.000000,0,0,1,0
1224,29,311,911,1.000000,1.000000,1.000000,1.000000,0,0,1,0
1225,27,311,912,1.000000,1.000000,1.000000,1.000000,0,0,0,1
1226,29,312,912,1.000000,1.000000,1.000000,1.000000,0,0,0,1
1227,27,312,913,1.000000,1.000000,1.000000,1.000000,0,0,0,1
1228,29,313,913,1.000000,1.000000,1.000000,1.000000,0,0,0,1
1229,27,313,914,1.000000,1.000000,1.000000,1.000000,1,0,0,0
1230,29,314,914,1.000000,1.000000,1.000000,1.000000,1,0,0,0
1231,27,314,915,1.000000,1.000000,1.000000,1.000000,0,0,0,1
1232,25,314,916,1.000000,1.000000,1.000000,1.000000,0,0,1,0
1233,29,315,916,1.000000,1.000000,1.000000,1.000000,0,0,1,0
1234,27,315,917,1.000000,1.000000,1.000000,1.000000,0,0,0,0
1235,29,316,917,1.000000,1.000000,1.000000,1.000000,0,0,0,0
1236,27,316,918,1.000000,1.000000,1.000000,1.000000,0,0,0,0
1237,25,316,919,1.000000,1.000000,1.000000,1.000000,0,0,0,0
1238,23,316,920,1.000000,1.000000,1.000000,1.000000,0,0,0,0
1239,21,316,921,1.000000,1.000000,1.000000,1.000000,0,0,0,0
1240,19,316,922,1.000000,1.000000,1.000000,1.000000,0,0,1,1
1241,17,316,923,1.000000,1.000000,1.000000,1.000000,0,0,0,0
1242,29,317,923,1.000000,1.000000,1.000000,1.000000,0,0,0,0
1243,27,317,924,1.000000,1.000000,1.000000,1.000000,0,0,0,1
1244,25,317,925,1.000000,1.000000,1.000000,1.000000,0,0,0,0
1245,29,318,925,1.000000,1.000000,1.000000,1.000000,0,0,0,0
1246,27,318,926,1.000000,1.000000,1.000000,1.000000,0,0,0,1
1247,25,318,927,1.000000,1.000000,1.000000,1.000000,0,0,0,0
1248,29,319,927,1.000000,1.000000,1.000000,1.000000,0,0,0,0
1249,27,319,928,1.000000,1.000000,1.000000,1.000000,1,0,0,0
1250,25,319,929,1.000000,1.000000,1.000000,1.000000,0,0,0,1
1251,29,320,929,1.000000,1.000000,1.000000,1.000000,0,0,0,1
1252,27,320,930,1.000000,1.000000,1.000000,1.000000,0,0,0,0
1253,29,321,930,1.000000,1.000000,1.000000,1.000000,0,0,0,0
1254,27,321,931,1.000000,1.000000,1.000000,1.000000,0,0,0,0
1255,25,321,932,1.000000,1.000000,1.000000,1.000000,0,0,0,0
1256,23,321,933,1.000000,1.000000,1.000000,1.000000,0,0,0,0
1257,21,321,934,1.000000,1.000000,1.000000,1.000000,0,0,0,0
1258,19,321,935,1.000000,1.000000,1.000000,1.000000,0,0,0,0
1259,17,321,936,1.000000,1.000000,1.000000,1.000000,0,1,0,0
1260,15,321,937,1.000000,1.000000,1.000000,1.000000,0,0,0,0
1261,29,322,937,1.000000,1.000000,1.000000,1.000000,0,0,0,0
1262,27,322,938,1.000000,1.000000,1.000000,1.000000,0,0,0,1
1263,25,322,939,1.000000,1.000000,1.000000,1.000000,0,0,0,0
1264,29,323,939,1.000000,1.000000,1.000000,1.000000,0,0,0,0
1265,27,323,940,1.000000,1.000000,1.000000,1.000000,1,0,0,0
1266,25,323,941,1.000000,1.000000,1.000000,1.000000,0,0,0,0
1267,29,324,941,1.000000,1.000000,1.000000,1.000000,0,0,0,1
1268,27,324,942,1.000000,1.000000,1.000000,1.000000,0,0,0,0
1269,29,325,942,1.000000,1.000000,1.000000,1.000000,0,0,0,0
1270,27,325,943,1.000000,1.000000,1.000000,1.000000,0,0,0,0
1271,25,325,944,1.000000,1.000000,1.000000,1.000000,0,0,0,0
1272,23,325,945,1.000000,1.000000,1.000000,1.000000,0,0,0,0
1273,21,325,946,1.000000,1.000000,1.000000,1.000000,0,0,0,0
1274,19,325,947,1.000000,1.000000,1.000000,1.000000,0,0,0,0
1275,17,325,948,1.000000,1.000000,1.000000,1.000000,0,0,0,0
1276,15,325,949,1.000000,1.000000,1.000000,1.000000,0,0,0,0
1277,13,325,950,1.000000,1.000000,1.000000,1.000000,1,0,0,0
1278,11,325,951,1.000000,1.000000,1.000000,1.000000,0,0,0,0
1279,9,325,952,1.000000,1.000000,1.000000,1.000000,1,0,0,0
1280,7,325,953,1.000000,1.000000,1.000000,1.000000,0,0,0,0
1281,29,326,953,1.000000,1.000000,1.000000,1.000000,0,0,0,0
1282,27,326,954,1.000000,1.000000,1.000000,1.000000,0,0,0,1
1283,25,326,955,1.000000,1.000000,1.000000,1.000000,0,0,0,1
1284,29,327,955,1.000000,1.000000,1.000000,1.000000,0,0,0,1
1285,27,327,956,1.000000,1.000000,1.000000,1.000000,0,0,0,0
1286,29,328,956,1.000000,1.000000,1.000000,1.000000,0,0,0,0
1287,27,328,957,1.000000,1.000000,1.000000,1.000000,0,0,0,1
1288,25,328,958,1.000000,1.000000,1.000000,1.000000,1,0,0,0
1289,29,329,958,1.000000,1.000000,1.000000,1.000000,1,0,0,0
1290,27,329,959,1.000000,1.000000,1.000000,1.000000,1,0,0,0
1291,29,330,959,1.000000,1.000000,1.000000,1.000000,1,0,0,0
1292,27,330,960,1.000000,1.000000,1.000000,1.000000,0,0,0,0
1293,29,331,960,1.000000,1.000000,1.000000,1.000000,0,0,0,0
1294,27,331,961,1.000000,1.000000,1.000000,1.000000,0,0,0,0
1295,25,331,962,1.000000,1.000000,1.000000,1.000000,0,0,0,0
1296,23,331,963,1.000000,1.000000,1.000000,1.000000,0,0,1,0
1297,21,331,964,1.000000,1.000000,1.000000,1.000000,0,0,0,0
1298,29,332,964,1.000000,1.000000,1.000000,1.000000,0,0,0,0
1299,27,332,965,1.000000,1.000000,1.000000,1.000000,0,0,0,0
1300,25,332,966,1.000000,1.000000,1.000000,1.000000,0,0,0,0
1301,23,332,967,1.000000,1.000000,1.000000,1.000000,0,0,0,0
1302,21,332,968,1.000000,1.000000,1.000000,1.000000,0,0,0,0
1303,19,332,969,1.000000,1.000000,1.000000,1.000000,0,1,1,0
1304,17,332,970,1.000000,1.000000,1.000000,1.000000,0,0,0,0
1305,29,333,970,1.000000,1.000000,1.000000,1.000000,0,0,0,0
1306,27,333,971,1.000000,1.000000,1.000000,1.000000,0,1,0,0
1307,25,333,972,1.000000,1.000000,1.000000,1.000000,1,0,0,0
1308,29,334,972,1.000000,1.000000,1.000000,1.000000,1,0,0,0
1309,27,334,973,1.000000,1.000000,1.000000,1.000000,1,0,0,0
1310,25,334,974,1.000000,1.000000,1.000000,1.000000,0,0,1,0
1311,29,335,974,1.000000,1.000000,1.000000,1.000000,0,0,1,0
1312,27,335,975,1.000000,1.000000,1.000000,1.000000,0,0,0,0
1313,29,336,975,1.000000,1.000000,1.000000,1.000000,0,0,0,0
1314,27,336,976,1.000000,1.000000,1.000000,1.000000,0,0,0,0
1315,25,336,977,1.000000,1.000000,1.000000,1.000000,0,0,1,0
1316,23,336,978,1.000000,1.000000,1.000000,1.000000,0,0,0,0
1317,29,337,978,1.000000,1.000000,1.000000,1.000000,0,0,0,0
1318,27,337,979,1.000000,1.000000,1.000000,1.000000,0,0,0,0
1319,25,337,980,1.000000,1.000000,1.000000,1.000000,0,0,0,0
1320,23,337,981,1.000000,1.000000,1.000000,1.000000,1,0,1,0
1321,21,337,982,1.000000,1.000000,1.000000,1.000000,0,0,0,0
1322,29,338,982,1.000000,1.000000,1.000000,1.000000,0,0,0,0
1323,27,338,983,1.000000,1.000000,1.000000,1.000000,0,0,1,0
1324,25,338,984,1.000000,1.000000,1.000000,1.000000,0,0,0,0
1325,29,339,984,1.000000,1.000000,1.000000,1.000000,0,0,0,0
1326,27,339,985,1.000000,1.000000,1.000000,1.000000,0,1,0,0
1327,25,339,986,1.000000,1.000000,1.000000,1.000000,0,0,0,0
1328,29,340,986,1.000000,1.000000,1.000000,1.000000,0,0,0,0
1329,27,340,987,1.000000,1.000000,1.000000,1.000000,0,0,0,0
1330,25,340,988,1.000000,1.000000,1.000000,1.000000,0,0,0,0
1331,23,340,989,1.000000,1.000000,1.000000,1.000000,0,0,0,0
1332,21,340,990,1.000000,1.000000,1.000000,1.000000,0,0,0,1
1333,19,340,991,1.000000,1.000000,1.000000,1.000000,0,0,0,0
1334,29,341,991,1.000000,1.000000,1.000000,1.000000,0,0,0,0
1335,27,341,992,1.000000,1.000000,1.000000,1.000000,0,0,0,0
1336,25,341,993,1.000000,1.000000,1.000000,1.000000,0,0,0,0
1337,23,341,994,1.000000,1.000000,1.000000,1.000000,0,0,0,0
1338,21,341,995,1.000000,1.000000,1.000000,1.000000,0,0,0,1
1339,19,341,996,1.000000,1.000000,1.000000,1.000000,0,0,0,0
1340,29,342,996,1.000000,1.000000,1.000000,1.000000,0,0,0,0
1341,27,342,997,1.000000,1.000000,1.000000,1.000000,0,0,0,0
1342,25,342,998,1.000000,1.000000,1.000000,1.000000,0,0,0,0
1343,23,342,999,1.000000,1.000000,1.000000,1.000000,0,0,0,1
1344,21,342,1000,1.000000,1.000000,1.000000,1.000000,0,0,0,0
1345,29,343,1000,1.000000,1.000000,1.000000,1.000000,0,0,0,0
1346,27,343,1001,1.000000,1.000000,1.000000,1.000000,0,0,0,0
1347,25,343,1002,1.000000,1.000000,1.000000,1.000000,0,0,0,0
1348,23,343,1003,1.000000,1.000000,1.000000,1.000000,0,0,1,0
1349,21,343,1004,1.000000,1.000000,1.000000,1.000000,0,0,0,0
1350,29,344,1004,1.000000,1.000000,1.000000,1.000000,0,0,0,0
1351,27,344,1005,1.000000,1.000000,1.000000,1.000000,0,0,1,0
1352,25,344,1006,1.000000,1.000000,1.000000,1.000000,0,0,0,0
1353,29,345,1006,1.000000,1.000000,1.000000,1.000000,0,0,0,0
1354,27,345,1007,1.000000,1.000000,1.000000,1.000000,0,0,0,1
1355,25,345,1008,1.000000,1.000000,1.000000,1.000000,0,0,0,0
1356,29,346,1008,1.000000,1.000000,1.000000,1.000000,0,0,0,0
1357,27,346,1009,1.000000,1.000000,1.000000,1.000000,0,0,0,0
1358,25,346,1010,1.000000,1.000000,1.000000,1.000000,0,0,0,0
1359,23,346,1011,1.000000,1.000000,1.000000,1.000000,0,0,0,0
1360,21,346,1012,1.000000,1.000000,1.000000,1.000000,0,0,0,0
1361,19,346,1013,1.000000,1.000000,1.000000,1.000000,0,1,0,0
1362,17,346,1014,1.000000,1.000000,1.000000,1.000000,0,1,0,0
1363,29,347,1014,1.000000,1.000000,1.000000,1.000000,0,1,0,0
1364,27,347,1015,1.000000,1.000000,1.000000,1.000000,0,1,0,0
1365,29,348,1015,1.000000,1.000000,1.000000,1.000000,0,1,0,0
1366,27,348,1016,1.000000,1.000000,1.000000,1.000000,0,1,0,0
1367,29,349,1016,1.000000,1.000000,1.000000,1.000000,0,1,0,0
1368,27,349,1017,1.000000,1.000000,1.000000,1.000000,0,0,0,0
1369,29,350,1017,1.000000,1.000000,1.000000,1.000000,0,0,0,0
1370,27,350,1018,1.000000,1.000000,1.000000,1.000000,0,0,0,0
1371,25,350,1019,1.000000,1.000000,1.000000,1.000000,0,0,0,0
1372,23,350,1020,1.000000,1.000000,1.000000,1.000000,0,0,0,0
1373,21,350,1021,1.000000,1.000000,1.000000,1.000000,0,0,1,0
1374,19,350,1022,1.000000,1.000000,1.000000,1.000000,0,0,0,0
1375,29,351,1022,1.000000,1.000000,1.000000,1.000000,0,0,0,0
1376,27,351,1023,1.000000,1.000000,1.000000,1.000000,0,0,0,0
1377,25,351,1024,1.000000,1.000000,1.000000,1.000000,0,0,0,0
1378,23,351,1025,1.000000,1.000000,1.000000,1.000000,0,0,0,0
1379,21,351,1026,1.000000,1.000000,1.000000,1.000000,0,0,0,1
1380,19,351,1027,1.000000,1.000000,1.000000,1.000000,0,0,0,1
1381,29,352,1027,1.000000,1.000000,1.000000,1.000000,0,1,0,1
1382,27,352,1028,1.000000,1.000000,1.000000,1.000000,0,0,0,0
1383,29,353,1028,1.000000,1.000000,1.000000,1.000000,0,0,0,0
1384,27,353,1029,1.000000,1.000000,1.000000,1.000000,0,1,0,0
1385,25,353,1030,1.000000,1.000000,1.000000,1.000000,0,1,0,0
1386,23,353,1031,1.000000,1.000000,1.000000,1.000000,0,0,0,1
1387,29,354,1031,1.000000,1.000000,1.000000,1.000000,0,0,0,1
1388,27,354,1032,1.000000,1.000000,1.000000,1.000000,0,0,0,0
1389,25,354,1033,1.000000,1.000000,1.000000,1.000000,0,0,0,1
1390,23,354,1034,1.000000,1.000000,1.000000,1.000000,0,0,0,0
1391,29,355,1034,1.000000,1.000000,1.000000,1.000000,0,0,0,0
1392,27,355,1035,1.000000,1.000000,1.000000,1.000000,0,0,0,0
1393,25,355,1036,1.000000,1.000000,1.000000,1.000000,0,1,0,0
1394,23,355,1037,1.000000,1.000000,1.000000,1.000000,0,0,0,0
1395,21,355,1038,1.000000,1.000000,1.000000,1.000000,0,1,0,0
1396,19,355,1039,1.000000,1.000000,1.000000,1.000000,0,0,0,0
1397,29,356,1039,1.000000,1.000000,1.000000,1.000000,0,0,0,0
1398,27,356,1040,1.000000,1.000000,1.000000,1.000000,0,0,0,0
1399,25,356,1041,1.000000,1.000000,1.000000,1.000000,0,0,0,0
1400,23,356,1042,1.000000,1.000000,1.000000,1.000000,0,0,0,0
1401,21,356,1043,1.000000,1.000000,1.000000,1.000000,0,0,0,0
1402,29,357,1043,1.000000,1.000000,1.000000,1.000000,0,0,0,0
1403,27,357,1044,1.000000,1.000000,1.000000,1.000000,0,0,0,0
1404,25,357,1045,1.000000,1.000000,1.000000,1.000000,0,0,0,0
1405,23,357,1046,1.000000,1.000000,1.000000,1.000000,0,0,0,1
1406,29,358,1046,1.000000,1.000000,1.000000,1.000000,0,0,0,1
1407,27,358,1047,1.000000,1.000000,1.000000,1.000000,0,0,0,1
1408,29,359,1047,1.000000,1.000000,1.000000,1.000000,0,0,0,1
1409,27,359,1048,1.000000,1.000000,1.000000,1.000000,0,0,0,0
1410,29,360,1048,1.000000,1.000000,1.000000,1.000000,0,0,0,0
1411,27,360,1049,1.000000,1.000000,1.000000,1.000000,0,0,0,0
1412,25,360,1050,1.000000,1.000000,1.000000,1.000000,0,0,0,0
1413,23,360,1051,1.000000,1.000000,1.000000,1.000000,0,1,1,1
1414,21,360,1052,1.000000,1.000000,1.000000,1.000000,0,0,0,0
1415,29,361,1052,1.000000,1.000000,1.000000,1.000000,0,0,0,0
1416,27,361,1053,1.000000,1.000000,1.000000,1.000000,0,0,0,0
1417,25,361,1054,1.000000,1.000000,1.000000,1.000000,1,0,0,0
1418,23,361,1055,1.000000,1.000000,1.000000,1.000000,0,0,0,0
1419,29,362,1055,1.000000,1.000000,1.000000,1.000000,0,0,0,0
1420,27,362,1056,1.000000,1.000000,1.000000,1.000000,1,0,0,0
1421,25,362,1057,1.000000,1.000000,1.000000,1.000000,0,0,0,0
1422,29,363,1057,1.000000,1.000000,1.000000,1.000000,0,0,0,0
1423,27,363,1058,1.000000,1.000000,1.000000,1.000000,1,0,0,0
1424,25,363,1059,1.000000,1.000000,1.000000,1.000000,0,0,0,0
1425,29,364,1059,1.000000,1.000000,1.000000,1.000000,0,0,0,0
1426,27,364,1060,1.000000,1.000000,1.000000,1.000000,0,0,0,0
1427,25,364,1061,1.000000,1.000000,1.000000,1.000000,0,1,0,0
1428,23,364,1062,1.000000,1.000000,1.000000,1.000000,0,0,0,0
1429,29,365,1062,1.000000,1.000000,1.000000,1.000000,0,0,0,0
1430,27,365,1063,1.000000,1.000000,1.000000,1.000000,0,0,1,0
1431,25,365,1064,1.000000,1.000000,1.000000,1.000000,0,0,0,0
1432,23,365,1065,1.000000,1.000000,1.000000,1.000000,1,0,0,0
1433,21,365,1066,1.000000,1.000000,1.000000,1.000000,0,0,0,0
1434,29,366,1066,1.000000,1.000000,1.000000,1.000000,0,0,0,0
1435,27,366,1067,1.000000,1.000000,1.000000,1.000000,0,0,0,0
1436,25,366,1068,1.000000,1.000000,1.000000,1.000000,0,0,0,0
1437,23,366,1069,1.000000,1.000000,1.000000,1.000000,0,0,0,0
1438,21,366,1070,1.000000,1.000000,1.000000,1.000000,0,0,0,0
1439,19,366,1071,1.000000,1.000000,1.000000,1.000000,0,0,0,0
1440,17,366,1072,1.000000,1.000000,1.000000,1.000000,0,0,0,1
1441,15,366,1073,1.000000,1.000000,1.000000,1.000000,0,0,0,0
1442,29,367,1073,1.000000,1.000000,1.000000,1.000000,0,0,0,0
1443,27,367,1074,1.000000,1.000000,1.000000,1.000000,0,0,0,0
1444,25,367,1075,1.000000,1.000000,1.000000,1.000000,0,0,0,0
1445,23,367,1076,1.000000,1.000000,1.000000,1.000000,0,0,0,0
1446,21,367,1077,1.000000,1.000000,1.000000,1.000000,0,0,0,0
1447,19,367,1078,1.000000,1.000000,1.000000,1.000000,0,0,0,0
1448,17,367,1079,1.000000,1.000000,1.000000,1.000000,1,1,0,0
1449,15,367,1080,1.000000,1.000000,1.000000,1.000000,0,0,0,0
1450,29,368,1080,1.000000,1.000000,1.000000,1.000000,0,0,0,0
1451,27,368,1081,1.000000,1.000000,1.000000,1.000000,0,0,0,0
1452,25,368,1082,1.000000,1.000000,1.000000,1.000000,0,0,0,0
1453,23,368,1083,1.000000,1.000000,1.000000,1.000000,0,0,1,0
1454,21,368,1084,1.000000,1.000000,1.000000,1.000000,0,0,0,0
1455,29,369,1084,1.000000,1.000000,1.000000,1.000000,0,0,0,0
1456,27,369,1085,1.000000,1.000000,1.000000,1.000000,0,0,0,0
1457,25,369,1086,1.000000,1.000000,1.000000,1.000000,0,0,0,0
1458,23,369,1087,1.000000,1.000000,1.000000,1.000000,0,0,0,0
1459,21,369,1088,1.000000,1.000000,1.000000,1.000000,0,0,0,0
1460,19,369,1089,1.000000,1.000000,1.000000,1.000000,0,1,0,1
1461,17,369,1090,1.000000,1.000000,1.000000,1.000000,0,0,0,0
1462,29,370,1090,1.000000,1.000000,1.000000,1.000000,0,0,0,0
1463,27,370,1091,1.000000,1.000000,1.000000,1.000000,0,1,0,0
1464,25,370,1092,1.000000,1.000000,1.000000,1.000000,0,0,0,0
1465,29,371,1092,1.000000,1.000000,1.000000,1.000000,0,0,0,0
1466,27,371,1093,1.000000,1.000000,1.000000,1.000000,0,0,0,0
1467,25,371,1094,1.000000,1.000000,1.000000,1.000000,0,0,0,0
1468,23,371,1095,1.000000,1.000000,1.000000,1.000000,0,0,0,0
1469,21,371,1096,1.000000,1.000000,1.000000,1.000000,0,0,0,0
1470,29,372,1096,1.000000,1.000000,1.000000,1.000000,0,0,0,0
1471,27,372,1097,1.000000,1.000000,1.000000,1.000000,0,0,0,0
1472,25,372,1098,1.000000,1.000000,1.000000,1.000000,0,0,0,0
1473,23,372,1099,1.000000,1.000000,1.000000,1.000000,0,0,0,0
1474,21,372,1100,1.000000,1.000000,1.000000,1.000000,0,0,1,0
1475,19,372,1101,1.000000,1.000000,1.000000,1.000000,0,0,0,0
1476,29,373,1101,1.000000,1.000000,1.000000,1.000000,0,0,0,0
1477,27,373,1102,1.000000,1.000000,1.000000,1.000000,0,0,0,0
1478,25,373,1103,1.000000,1.000000,1.000000,1.000000,0,0,0,1
1479,23,373,1104,1.000000,1.000000,1.000000,1.000000,0,0,0,0
1480,29,374,1104,1.000000,1.000000,1.000000,1.000000,0,0,0,0
1481,27,374,1105,1.000000,1.000000,1.000000,1.000000,0,0,0,0
1482,25,374,1106,1.000000,1.000000,1.000000,1.000000,0,0,0,0
1483,23,374,1107,1.000000,1.000000,1.000000,1.000000,0,0,0,0
1484,21,374,1108,1.000000,1.000000,1.000000,1.000000,0,0,0,0
1485,19,374,1109,1.000000,1.000000,1.000000,1.000000,0,0,0,0
1486,17,374,1110,1.000000,1.000000,1.000000,1.000000,0,0,0,1
1487,15,374,1111,1.000000,1.000000,1.000000,1.000000,0,0,0,0
1488,29,375,1111,1.000000,1.000000,1.000000,1.000000,0,0,0,0
1489,27,375,1112,1.000000,1.000000,1.000000,1.000000,1,0,0,0
1490,25,375,1113,1.000000,1.000000,1.000000,1.000000,0,0,0,0
1491,29,376,1113,1.000000,1.000000,1.000000,1.000000,0,0,0,0
1492,27,376,1114,1.000000,1.000000,1.000000,1.000000,0,0,0,0
1493,25,376,1115,1.000000,1.000000,1.000000,1.000000,0,1,0,0
1494,23,376,1116,1.000000,1.000000,1.000000,1.000000,0,0,0,0
1495,29,377,1116,1.000000,1.000000,1.000000,1.000000,0,0,0,0
1496,27,377,1117,1.000000,1.000000,1.000000,1.000000,0,1,0,0
1497,25,377,1118,1.000000,1.000000,1.000000,1.000000,0,0,0,0
1498,29,378,1118,1.000000,1.000000,1.000000,1.000000,0,0,0,0
1499,27,378,1119,1.000000,1.000000,1.000000,1.000000,0,0,0,0
1500,25,378,1120,1.000000,1.000000,1.000000,1.000000,0,0,0,0
1501,23,378,1121,1.000000,1.000000,1.000000,1.000000,0,0,0,0
1502,21,378,1122,1.000000,1.000000,1.000000,1.000000,0,0,0,0
1503,19,378,1123,1.000000,1.000000,1.000000,1.000000,0,0,0,0
1504,17,378,1124,1.000000,1.000000,1.000000,1.000000,0,0,0,0
1505,15,378,1125,1.000000,1.000000,1.000000,1.000000,0,0,0,0
1506,13,378,1126,1.000000,1.000000,1.000000,1.000000,0,0,0,0
1507,11,378,1127,1.000000,1.000000,1.000000,1.000000,0,0,0,0
1508,9,378,1128,1.000000,1.000000,1.000000,1.000000,0,0,1,0
1509,7,378,1129,1.000000,1.000000,1.000000,1.000000,0,0,0,0
1510,29,379,1129,1.000000,1.000000,1.000000,1.000000,0,0,0,0
1511,27,379,1130,1.000000,1.000000,1.000000,1.000000,0,0,1,0
1512,25,379,1131,1.000000,1.000000,1.000000,1.000000,0,0,0,0
1513,29,380,1131,1.000000,1.000000,1.000000,1.000000,0,0,0,0
1514,27,380,1132,1.000000,1.000000,1.000000,1.000000,0,0,1,0
1515,25,380,1133,1.000000,1.000000,1.000000,1.000000,0,0,0,1
1516,29,381,1133,1.000000,1.000000,1.000000,1.000000,0,0,0,1
1517,27,381,1134,1.000000,1.000000,1.000000,1.000000,0,0,0,1
1518,29,382,1134,1.000000,1.000000,1.000000,1.000000,0,0,0,1
1519,27,382,1135,1.000000,1.000000,1.000000,1.000000,0,0,0,1
1520,29,383,1135,1.000000,1.000000,1.000000,1.000000,0,0,0,1
1521,27,383,1136,1.000000,1.000000,1.000000,1.000000,0,0,0,0
1522,29,384,1136,1.000000,1.000000,1.000000,1.000000,0,0,0,0
1523,27,384,1137,1.000000,1.000000,1.000000,1.000000,1,0,0,0
1524,25,384,1138,1.000000,1.000000,1.000000,1.000000,0,0,0,0
1525,29,385,1138,1.000000,1.000000,1.000000,1.000000,0,0,0,0
1526,27,385,1139,1.000000,1.000000,1.000000,1.000000,0,0,0,0
1527,25,385,1140,1.000000,1.000000,1.000000,1.000000,0,0,0,0
1528,23,385,1141,1.000000,1.000000,1.000000,1.000000,0,0,0,0
1529,21,385,1142,1.000000,1.000000,1.000000,1.000000,0,0,0,0
1530,19,385,1143,1.000000,1.000000,1.000000,1.000000,0,0,1,0
1531,17,385,1144,1.000000,1.000000,1.000000,1.000000,0,0,0,0
1532,29,386,1144,1.000000,1.000000,1.000000,1.000000,0,0,0,0
1533,27,386,1145,1.000000,1.000000,1.000000,1.000000,0,1,1,0
1534,25,386,1146,1.000000,1.000000,1.000000,1.000000,0,0,0,0
1535,29,387,1146,1.000000,1.000000,1.000000,1.000000,0,0,0,0
1536,27,387,1147,1.000000,1.000000,1.000000,1.000000,0,0,0,1
1537,25,387,1148,1.000000,1.000000,1.000000,1.000000,0,0,0,0
1538,29,388,1148,1.000000,1.000000,1.000000,1.000000,0,0,0,0
1539,27,388,1149,1.000000,1.000000,1.000000,1.000000,0,0,0,0
1540,25,388,1150,1.000000,1.000000,1.000000,1.000000,0,0,0,0
1541,23,388,1151,1.000000,1.000000,1.000000,1.000000,0,0,0,0
1542,21,388,1152,1.000000,1.000000,1.000000,1.000000,0,0,0,0
1543,19,388,1153,1.000000,1.000000,1.000000,1.000000,0,0,1,0
1544,17,388,1154,1.000000,1.000000,1.000000,1.000000,0,0,0,1
1545,29,389,1154,1.000000,1.000000,1.000000,1.000000,0,0,0,1
1546,27,389,1155,1.000000,1.000000,1.000000,1.000000,0,0,0,0
1547,29,390,1155,1.000000,1.000000,1.000000,1.000000,0,0,0,0
1548,27,390,1156,1.000000,1.000000,1.000000,1.000000,1,0,0,0
1549,25,390,1157,1.000000,1.000000,1.000000,1.000000,1,0,0,1
1550,29,391,1157,1.000000,1.000000,1.000000,1.000000,1,0,0,1
1551,27,391,1158,1.000000,1.000000,1.000000,1.000000,0,0,0,0
1552,29,392,1158,1.000000,1.000000,1.000000,1.000000,0,0,0,0
1553,27,392,1159,1.000000,1.000000,1.000000,1.000000,0,0,1,1
1554,25,392,1160,1.000000,1.000000,1.000000,1.000000,0,0,0,1
1555,29,393,1160,1.000000,1.000000,1.000000,1.000000,0,0,0,1
1556,27,393,1161,1.000000,1.000000,1.000000,1.000000,0,0,1,0
1557,29,394,1161,1.000000,1.000000,1.000000,1.000000,0,0,1,0
1558,27,394,1162,1.000000,1.000000,1.000000,1.000000,0,0,1,1
1559,25,394,1163,1.000000,1.000000,1.000000,1.000000,0,1,1,0
1560,29,395,1163,1.000000,1.000000,1.000000,1.000000,0,1,1,0
1561,27,395,1164,1.000000,1.000000,1.000000,1.000000,0,1,0,1
1562,29,396,1164,1.000000,1.000000,1.000000,1.000000,0,1,0,1
1563,27,396,1165,1.000000,1.000000,1.000000,1.000000,0,0,0,1
1564,29,397,1165,1.000000,1.000000,1.000000,1.000000,0,0,0,1
1565,27,397,1166,1.000000,1.000000,1.000000,1.000000,0,0,0,0
1566,29,398,1166,1.000000,1.000000,1.000000,1.000000,0,0,0,0
1567,27,398,1167,1.000000,1.000000,1.000000,1.000000,0,0,0,1
1568,25,398,1168,1.000000,1.000000,1.000000,1.000000,0,0,0,1
1569,29,399,1168,1.000000,1.000000,1.000000,1.000000,0,0,0,1
1570,27,399,1169,1.000000,1.000000,1.000000,1.000000,0,0,0,0
1571,29,400,1169,1.000000,1.000000,1.000000,1.000000,0,0,0,0
1572,27,400,1170,1.000000,1.000000,1.000000,1.000000,0,0,0,0
1573,25,400,1171,1.000000,1.000000,1.000000,1.000000,0,0,0,0
1574,23,400,1172,1.000000,1.000000,1.000000,1.000000,0,0,0,0
1575,21,400,1173,1.000000,1.000000,1.000000,1.000000,0,0,0,0
1576,19,400,1174,1.000000,1.000000,1.000000,1.000000,0,0,0,1
1577,17,400,1175,1.000000,1.000000,1.000000,1.000000,0,0,0,0
1578,29,401,1175,1.000000,1.000000,1.000000,1.000000,0,0,0,0
1579,27,401,1176,1.000000,1.000000,1.000000,1.000000,0,0,0,0
1580,25,401,1177,1.000000,1.000000,1.000000,1.000000,0,0,0,0
1581,23,401,1178,1.000000,1.000000,1.000000,1.000000,0,0,1,0
1582,21,401,1179,1.000000,1.000000,1.000000,1.000000,0,0,0,1
1583,29,402,1179,1.000000,1.000000,1.000000,1.000000,0,0,0,1
1584,27,402,1180,1.000000,1.000000,1.000000,1.000000,0,0,0,1
1585,29,403,1180,1.000000,1.000000,1.000000,1.000000,0,0,0,1
1586,27,403,1181,1.000000,1.000000,1.000000,1.000000,1,0,0,0
1587,29,404,1181,1.000000,1.000000,1.000000,1.000000,1,0,0,0
1588,27,404,1182,1.000000,1.000000,1.000000,1.000000,0,0,0,0
1589,29,405,1182,1.000000,1.000000,1.000000,1.000000,0,0,0,0
1590,27,405,1183,1.000000,1.000000,1.000000,1.000000,0,0,0,0
1591,25,405,1184,1.000000,1.000000,1.000000,1.000000,0,0,0,0
1592,23,405,1185,1.000000,1.000000,1.000000,1.000000,0,0,0,0
1593,21,405,1186,1.000000,1.000000,1.000000,1.000000,0,0,0,0
1594,19,405,1187,1.000000,1.000000,1.000000,1.000000,0,0,0,0
1595,17,405,1188,1.000000,1.000000,1.000000,1.000000,0,0,0,0
1596,15,405,1189,1.000000,1.000000,1.000000,1.000000,0,0,0,0
1597,13,405,1190,1.000000,1.000000,1.000000,1.000000,1,1,0,0
1598,11,405,1191,1.000000,1.000000,1.000000,1.000000,0,0,0,0
1599,9,405,1192,1.000000,1.000000,1.000000,1.000000,1,1,0,0
1600,7,405,1193,1.000000,1.000000,1.000000,1.000000,0,0,0,0
1601,29,406,1193,1.000000,1.000000,1.000000,1.000000,0,0,0,0
1602,27,406,1194,1.000000,1.000000,1.000000,1.000000,0,0,0,0
1603,25,406,1195,1.000000,1.000000,1.000000,1.000000,0,0,0,0
1604,23,406,1196,1.000000,1.000000,1.000000,1.000000,0,0,0,0
1605,21,406,1197,1.000000,1.000000,1.000000,1.000000,0,0,0,0
1606,19,406,1198,1.000000,1.000000,1.000000,1.000000,1,0,0,0
1607,17,406,1199,1.000000,1.000000,1.000000,1.000000,0,0,0,0
1608,29,407,1199,1.000000,1.000000,1.000000,1.000000,0,0,0,0
1609,27,407,1200,1.000000,1.000000,1.000000,1.000000,0,0,0,0
1610,25,407,1201,1.000000,1.000000,1.000000,1.000000,0,0,0,0
1611,23,407,1202,1.000000,1.000000,1.000000,1.000000,0,0,0,0
1612,21,407,1203,1.000000,1.000000,1.000000,1.000000,0,0,0,0
1613,19,407,1204,1.000000,1.000000,1.000000,1.000000,0,0,0,0
1614,17,407,1205,1.000000,1.000000,1.000000,1.000000,0,0,0,0
1615,15,407,1206,1.000000,1.000000,1.000000,1.000000,0,0,0,0
1616,13,407,1207,1.000000,1.000000,1.000000,1.000000,1,0,0,0
1617,11,407,1208,1.000000,1.000000,1.000000,1.000000,0,1,0,0
1618,29,408,1208,1.000000,1.000000,1.000000,1.000000,0,1,0,0
1619,27,408,1209,1.000000,1.000000,1.000000,1.000000,1,0,0,0
1620,25,408,1210,1.000000,1.000000,1.000000,1.000000,0,0,1,0
1621,29,409,1210,1.000000,1.000000,1.000000,1.000000,0,0,1,0
1622,27,409,1211,1.000000,1.000000,1.000000,1.000000,0,0,0,0
1623,29,410,1211,1.000000,1.000000,1.000000,1.000000,0,0,0,0
1624,27,410,1212,1.000000,1.000000,1.000000,1.000000,0,0,0,0
1625,25,410,1213,1.000000,1.000000,1.000000,1.000000,0,0,0,0
1626,23,410,1214,1.000000,1.000000,1.000000,1.000000,0,0,0,1
1627,21,410,1215,1.000000,1.000000,1.000000,1.000000,0,0,0,0
1628,29,411,1215,1.000000,1.000000,1.000000,1.000000,0,0,0,0
1629,27,411,1216,1.000000,1.000000,1.000000,1.000000,0,0,0,0
1630,25,411,1217,1.000000,1.000000,1.000000,1.000000,0,0,0,0
1631,23,411,1218,1.000000,1.000000,1.000000,1.000000,0,0,0,0
1632,21,411,1219,1.000000,1.000000,1.000000,1.000000,0,0,0,0
1633,19,411,1220,1.000000,1.000000,1.000000,1.000000,0,0,0,0
1634,17,411,1221,1.000000,1.000000,1.000000,1.000000,0,0,0,1
1635,15,411,1222,1.000000,1.000000,1.000000,1.000000,0,0,0,0
1636,29,412,1222,1.000000,1.000000,1.000000,1.000000,0,0,0,0
1637,27,412,1223,1.000000,1.000000,1.000000,1.000000,0,0,1,0
1638,25,412,1224,1.000000,1.000000,1.000000,1.000000,0,0,0,1
1639,29,413,1224,1.000000,1.000000,1.000000,1.000000,0,0,0,1
1640,27,413,1225,1.000000,1.000000,1.000000,1.000000,0,0,1,1
1641,29,414,1225,1.000000,1.000000,1.000000,1.000000,0,0,1,1
1642,27,414,1226,1.000000,1.000000,1.000000,1.000000,0,0,0,0
1643,29,415,1226,1.000000,1.000000,1.000000,1.000000,0,0,0,0
1644,27,415,1227,1.000000,1.000000,1.000000,1.000000,0,0,0,1
1645,25,415,1228,1.000000,1.000000,1.000000,1.000000,0,0,0,0
1646,29,416,1228,1.000000,1.000000,1.000000,1.000000,0,0,0,0
1647,27,416,1229,1.000000,1.000000,1.000000,1.000000,0,0,0,0
1648,25,416,1230,1.000000,1.000000,1.000000,1.000000,0,0,0,0
1649,23,416,1231,1.000000,1.000000,1.000000,1.000000,1,0,0,0
1650,21,416,1232,1.000000,1.000000,1.000000,1.000000,0,0,0,0
1651,29,417,1232,1.000000,1.000000,1.000000,1.000000,0,0,0,0
1652,27,417,1233,1.000000,1.000000,1.000000,1.000000,0,0,0,0
1653,25,417,1234,1.000000,1.000000,1.000000,1.000000,0,0,0,0
1654,29,418,1234,1.000000,1.000000,1.000000,1.000000,0,0,0,0
1655,27,418,1235,1.000000,1.000000,1.000000,1.000000,0,0,0,0
1656,25,418,1236,1.000000,1.000000,1.000000,1.000000,0,0,0,0
1657,23,418,1237,1.000000,1.000000,1.000000,1.000000,0,0,0,1
1658,21,418,1238,1.000000,1.000000,1.000000,1.000000,1,0,0,0
1659,29,419,1238,1.000000,1.000000,1.000000,1.000000,1,0,0,0
1660,27,419,1239,1.000000,1.000000,1.000000,1.000000,0,0,0,1
1661,25,419,1240,1.000000,1.000000,1.000000,1.000000,0,0,0,0
1662,29,420,1240,1.000000,1.000000,1.000000,1.000000,0,0,0,0
1663,27,420,1241,1.000000,1.000000,1.000000,1.000000,0,0,0,0
1664,25,420,1242,1.000000,1.000000,1.000000,1.000000,0,0,0,0
1665,23,420,1243,1.000000,1.000000,1.000000,1.000000,0,0,1,0
1666,21,420,1244,1.000000,1.000000,1.000000,1.000000,0,0,1,0
1667,19,420,1245,1.000000,1.000000,1.000000,1.000000,0,1,1,0
1668,17,420,1246,1.000000,1.000000,1.000000,1.000000,1,0,0,0
1669,15,420,1247,1.000000,1.000000,1.000000,1.000000,0,1,1,0
1670,29,421,1247,1.000000,1.000000,1.000000,1.000000,0,1,1,0
1671,27,421,1248,1.000000,1.000000,1.000000,1.000000,0,0,0,0
1672,29,422,1248,1.000000,1.000000,1.000000,1.000000,0,0,0,0
1673,27,422,1249,1.000000,1.000000,1.000000,1.000000,0,0,1,0
1674,25,422,1250,1.000000,1.000000,1.000000,1.000000,0,0,0,0
1675,29,423,1250,1.000000,1.000000,1.000000,1.000000,0,0,0,0
1676,27,423,1251,1.000000,1.000000,1.000000,1.000000,0,0,0,0
1677,25,423,1252,1.000000,1.000000,1.000000,1.000000,0,1,0,0
1678,23,423,1253,1.000000,1.000000,1.000000,1.000000,0,0,0,0
1679,29,424,1253,1.000000,1.000000,1.000000,1.000000,0,0,0,0
1680,27,424,1254,1.000000,1.000000,1.000000,1.000000,0,0,0,0
1681,25,424,1255,1.000000,1.000000,1.000000,1.000000,0,0,0,0
1682,23,424,1256,1.000000,1.000000,1.000000,1.000000,0,1,0,0
1683,21,424,1257,1.000000,1.000000,1.000000,1.000000,0,0,0,0
1684,29,425,1257,1.000000,1.000000,1.000000,1.000000,0,0,0,0
1685,27,425,1258,1.000000,1.000000,1.000000,1.000000,0,0,0,0
1686,25,425,1259,1.000000,1.000000,1.000000,1.000000,0,0,1,0
1687,23,425,1260,1.000000,1.000000,1.000000,1.000000,0,0,1,0
1688,29,426,1260,1.000000,1.000000,1.000000,1.000000,0,0,1,0
1689,27,426,1261,1.000000,1.000000,1.000000,1.000000,0,1,0,0
1690,29,427,1261,1.000000,1.000000,1.000000,1.000000,0,1,0,0
1691,27,427,1262,1.000000,1.000000,1.000000,1.000000,0,0,1,0
1692,25,427,1263,1.000000,1.000000,1.000000,1.000000,0,0,0,0
1693,23,427,1264,1.000000,1.000000,1.000000,1.000000,0,1,0,0
1694,21,427,1265,1.000000,1.000000,1.000000,1.000000,0,0,0,0
1695,29,428,1265,1.000000,1.000000,1.000000,1.000000,0,0,0,0
1696,27,428,1266,1.000000,1.000000,1.000000,1.000000,0,0,0,0
1697,25,428,1267,1.000000,1.000000,1.000000,1.000000,0,0,1,0
1698,23,428,1268,1.000000,1.000000,1.000000,1.000000,0,1,0,0
1699,29,429,1268,1.000000,1.000000,1.000000,1.000000,0,1,0,0
1700,27,429,1269,1.000000,1.000000,1.000000,1.000000,0,1,1,0
1701,29,430,1269,1.000000,1.000000,1.000000,1.000000,0,1,1,0
1702,27,430,1270,1.000000,1.000000,1.000000,1.000000,1,0,0,0
1703,29,431,1270,1.000000,1.000000,1.000000,1.000000,1,0,0,0
1704,27,431,1271,1.000000,1.000000,1.000000,1.000000,0,0,0,0
1705,29,432,1271,1.000000,1.000000,1.000000,1.000000,0,0,0,0
1706,27,432,1272,1.000000,1.000000,1.000000,1.000000,0,0,0,0
1707,25,432,1273,1.000000,1.000000,1.000000,1.000000,0,0,0,0
1708,23,432,1274,1.000000,1.000000,1.000000,1.000000,0,1,0,0
1709,21,432,1275,1.000000,1.000000,1.000000,1.000000,0,1,0,0
1710,29,433,1275,1.000000,1.000000,1.000000,1.000000,0,1,0,0
1711,27,433,1276,1.000000,1.000000,1.000000,1.000000,0,0,0,0
1712,29,434,1276,1.000000,1.000000,1.000000,1.000000,0,0,0,0
1713,27,434,1277,1.000000,1.000000,1.000000,1.000000,0,0,0,0
1714,25,434,1278,1.000000,1.000000,1.000000,1.000000,0,0,0,0
1715,23,434,1279,1.000000,1.000000,1.000000,1.000000,0,0,0,0
1716,21,434,1280,1.000000,1.000000,1.000000,1.000000,1,1,0,0
1717,19,434,1281,1.000000,1.000000,1.000000,1.000000,0,0,0,0
1718,29,435,1281,1.000000,1.000000,1.000000,1.000000,0,0,0,0
1719,27,435,1282,1.000000,1.000000,1.000000,1.000000,0,0,0,0
1720,25,435,1283,1.000000,1.000000,1.000000,1.000000,0,0,0,0
1721,23,435,1284,1.000000,1.000000,1.000000,1.000000,0,0,0,0
1722,21,435,1285,1.000000,1.000000,1.000000,1.000000,0,0,0,0
1723,19,435,1286,1.000000,1.000000,1.000000,1.000000,0,0,0,0
1724,17,435,1287,1.000000,1.000000,1.000000,1.000000,0,0,0,0
1725,15,435,1288,1.000000,1.000000,1.000000,1.000000,0,0,0,0
1726,13,435,1289,1.000000,1.000000,1.000000,1.000000,0,0,0,0
1727,11,435,1290,1.000000,1.000000,1.000000,1.000000,0,0,0,0
1728,9,435,1291,1.000000,1.000000,1.000000,1.000000,0,0,0,0
1729,7,435,1292,1.000000,1.000000,1.000000,1.000000,0,0,0,0
1730,5,435,1293,1.000000,1.000000,1.000000,1.000000,0,0,0,0
1731,3,435,1294,1.000000,1.000000,1.000000,1.000000,0,1,0,0
1732,1,435,1295,1.000000,1.000000,1.000000,1.000000,0,0,0,0
1733,0,435,1296,1.000000,1.000000,1.000000,1.000000,0,0,0,0
