tick,energy,eats,distance,conn_1_6_weight,conn_2_7_weight,conn_3_8_weight,conn_4_9_weight,food_north_sensed,food_east_sensed,food_south_sensed,food_west_sensed
0,30,0,0,0.050000,0.050000,0.050000,0.050000,0,0,0,0
1,29,0,0,0.050000,0.050000,0.055466,0.050000,0,0,1,0
2,29,1,0,0.050000,0.050000,0.065030,0.050000,0,0,1,0
3,27,1,1,0.050000,0.050000,0.065638,0.050000,0,0,0,0
4,25,1,2,0.050000,0.050000,0.065638,0.050000,0,0,0,0
5,23,1,3,0.050000,0.050000,0.074037,0.050000,0,0,1,0
6,21,1,4,0.050000,0.050000,0.074722,0.050000,0,0,0,0
7,19,1,5,0.050000,0.050000,0.074722,0.050000,0,0,0,0
8,17,1,6,0.060918,0.050000,0.074722,0.050000,1,0,0,0
9,16,1,6,0.070695,0.050000,0.074722,0.050000,1,0,0,0
10,14,1,7,0.071352,0.055466,0.074722,0.050000,0,1,0,0
11,29,2,7,0.071352,0.068123,0.074722,0.050000,0,1,0,0
12,27,2,8,0.071352,0.068758,0.074722,0.050000,0,0,0,0
13,25,2,9,0.086512,0.068758,0.074722,0.060918,1,0,0,1
14,23,2,10,0.096436,0.068758,0.074722,0.061490,1,0,0,0
15,29,3,10,0.117292,0.068758,0.074722,0.061490,1,0,0,0
16,27,3,11,0.137170,0.068758,0.074722,0.061490,1,0,0,0
17,25,3,12,0.138353,0.068758,0.074722,0.068123,0,0,0,1
18,29,4,12,0.138353,0.068758,0.074722,0.078960,0,0,0,1
19,27,4,13,0.158478,0.068758,0.074722,0.079687,1,0,0,0
20,25,4,14,0.159812,0.076111,0.074722,0.088100,0,1,0,1
21,29,5,14,0.159812,0.093020,0.074722,0.107365,0,1,0,1
22,28,5,14,0.159812,0.113229,0.074722,0.130247,0,1,0,1
23,26,5,15,0.159812,0.114233,0.074722,0.131379,0,0,0,0
24,24,5,16,0.159812,0.114233,0.074722,0.145636,0,0,0,1
25,22,5,17,0.159812,0.114233,0.074722,0.146880,0,0,0,0
26,20,5,18,0.159812,0.114233,0.074722,0.166617,0,0,0,1
27,18,5,19,0.159812,0.114233,0.074722,0.168005,0,0,0,0
28,16,5,20,0.189954,0.114233,0.090530,0.168005,1,0,1,0
29,14,5,21,0.226015,0.114233,0.110263,0.199329,1,0,1,1
30,12,5,22,0.266685,0.114233,0.133670,0.200925,1,0,1,0
31,10,5,23,0.311745,0.114233,0.161154,0.236654,1,0,1,1
32,8,5,24,0.313891,0.114233,0.162506,0.258954,0,0,0,1
33,29,6,24,0.313891,0.114233,0.162506,0.303244,0,0,0,1
34,28,6,24,0.313891,0.114233,0.162506,0.344742,0,0,0,1
35,26,6,25,0.313891,0.114233,0.162506,0.347001,0,0,0,0
36,29,7,25,0.313891,0.114233,0.162506,0.347001,0,0,0,0
37,27,7,26,0.360698,0.114233,0.162506,0.395915,1,0,0,1
38,25,7,27,0.363004,0.114233,0.162506,0.398306,0,0,0,0
39,23,7,28,0.391146,0.114233,0.179448,0.398306,1,0,1,0
40,21,7,29,0.420040,0.114233,0.180921,0.398306,1,0,0,0
41,29,8,29,0.466869,0.114233,0.180921,0.398306,1,0,0,0
42,27,8,30,0.469358,0.114233,0.180921,0.398306,0,0,0,0
43,25,8,31,0.511813,0.114233,0.207405,0.398306,1,0,1,0
44,23,8,32,0.514312,0.114233,0.209049,0.398306,0,0,0,0
45,29,9,32,0.514312,0.114233,0.209049,0.398306,0,0,0,0
46,27,9,33,0.541726,0.125798,0.209049,0.398306,1,1,0,0
47,25,9,34,0.544209,0.126898,0.209049,0.398306,0,0,0,0
48,29,10,34,0.544209,0.126898,0.209049,0.398306,0,0,0,0
49,27,10,35,0.544209,0.139545,0.209049,0.398306,0,1,0,0
50,25,10,36,0.544209,0.155838,0.209049,0.398306,0,1,0,0
51,29,11,36,0.544209,0.182403,0.209049,0.398306,0,1,0,0
52,27,11,37,0.573799,0.202531,0.209049,0.398306,1,1,0,0
53,29,12,37,0.602879,0.222545,0.209049,0.398306,1,1,0,0
54,27,12,38,0.605273,0.224275,0.209049,0.398306,0,0,0,0
55,29,13,38,0.605273,0.224275,0.209049,0.398306,0,0,0,0
56,27,13,39,0.631257,0.224275,0.227764,0.398306,1,0,1,0
57,25,13,40,0.658763,0.224275,0.229523,0.398306,1,0,0,0
58,23,13,41,0.661011,0.243937,0.249498,0.398306,0,1,1,0
59,29,14,41,0.661011,0.280564,0.286645,0.398306,0,1,1,0
60,27,14,42,0.661011,0.307478,0.288690,0.398306,0,1,0,0
61,29,15,42,0.661011,0.356106,0.288690,0.398306,0,1,0,0
62,28,15,42,0.661011,0.386399,0.288690,0.398306,0,1,0,0
63,26,15,43,0.661011,0.388770,0.311745,0.398306,0,0,1,0
64,29,16,43,0.661011,0.388770,0.351540,0.398306,0,0,1,0
65,27,16,44,0.661011,0.424916,0.353820,0.398306,0,1,0,0
66,25,16,45,0.685248,0.427359,0.353820,0.398306,1,0,0,0
67,29,17,45,0.710586,0.427359,0.353820,0.398306,1,0,0,0
68,27,17,46,0.712643,0.427359,0.353820,0.398306,0,0,0,0
69,29,18,46,0.712643,0.427359,0.353820,0.398306,0,0,0,0
70,27,18,47,0.734680,0.427359,0.353820,0.398306,1,0,0,0
71,25,18,48,0.757459,0.427359,0.353820,0.424916,1,0,0,1
72,29,19,48,0.778874,0.427359,0.353820,0.454452,1,0,0,1
73,27,19,49,0.798905,0.427359,0.353820,0.456931,1,0,0,0
74,29,20,49,0.817550,0.427359,0.353820,0.456931,1,0,0,0
75,27,20,50,0.819042,0.454452,0.353820,0.456931,0,1,0,0
76,29,21,50,0.819042,0.484321,0.353820,0.456931,0,1,0,0
77,27,21,51,0.834827,0.486819,0.353820,0.456931,1,0,0,0
78,29,22,51,0.850769,0.486819,0.353820,0.456931,1,0,0,0
79,27,22,52,0.852038,0.486819,0.353820,0.456931,0,0,0,0
80,29,23,52,0.852038,0.486819,0.353820,0.456931,0,0,0,0
81,27,23,53,0.852038,0.486819,0.353820,0.456931,0,0,0,0
82,25,23,54,0.865422,0.486819,0.353820,0.484321,1,0,0,1
83,23,23,55,0.878844,0.486819,0.353820,0.514312,1,0,0,1
84,29,24,55,0.891096,0.486819,0.353820,0.544209,1,0,0,1
85,27,24,56,0.892067,0.486819,0.379319,0.573799,0,0,1,1
86,25,24,57,0.892067,0.514312,0.407921,0.576245,0,1,1,0
87,29,25,57,0.892067,0.556587,0.449501,0.576245,0,1,1,0
88,27,25,58,0.892067,0.585989,0.451975,0.576245,0,1,0,0
89,29,26,58,0.892067,0.614799,0.451975,0.576245,0,1,0,0
90,27,26,59,0.892067,0.642833,0.451975,0.576245,0,1,0,0
91,25,26,60,0.892067,0.645129,0.451975,0.602879,0,0,0,1
92,23,26,61,0.892067,0.645129,0.451975,0.605273,0,0,0,0
93,29,27,61,0.892067,0.645129,0.451975,0.605273,0,0,0,0
94,27,27,62,0.892067,0.645129,0.451975,0.605273,0,0,0,0
95,25,27,63,0.892067,0.645129,0.451975,0.605273,0,0,0,0
96,23,27,64,0.892067,0.645129,0.451975,0.605273,0,0,0,0
97,21,27,65,0.892067,0.645129,0.451975,0.605273,0,0,0,0
98,19,27,66,0.892067,0.645129,0.451975,0.605273,0,0,0,0
99,17,27,67,0.892067,0.645129,0.451975,0.605273,0,0,0,0
100,15,27,68,0.892067,0.645129,0.451975,0.605273,0,0,0,0
101,13,27,69,0.892067,0.669930,0.451975,0.605273,0,1,0,0
102,29,28,69,0.892067,0.695951,0.451975,0.605273,0,1,0,0
103,27,28,70,0.892067,0.698067,0.451975,0.605273,0,0,0,0
104,25,28,71,0.892067,0.720781,0.479329,0.605273,0,1,1,0
105,23,28,72,0.892067,0.744334,0.509314,0.605273,0,1,1,0
106,29,29,72,0.892067,0.766549,0.539242,0.605273,0,1,1,0
107,27,29,73,0.892067,0.768339,0.541726,0.631257,0,0,0,1
108,25,29,74,0.892067,0.787389,0.541726,0.633585,0,1,0,0
109,29,30,74,0.892067,0.806842,0.541726,0.633585,0,1,0,0
110,27,30,75,0.892067,0.808400,0.541726,0.661011,0,0,0,1
111,25,30,76,0.892067,0.808400,0.541726,0.663252,0,0,0,0
112,29,31,76,0.892067,0.808400,0.541726,0.663252,0,0,0,0
113,27,31,77,0.892067,0.808400,0.541726,0.663252,0,0,0,0
114,25,31,78,0.892067,0.808400,0.541726,0.663252,0,0,0,0
115,23,31,79,0.902249,0.808400,0.541726,0.663252,1,0,0,0
116,21,31,80,0.903131,0.808400,0.541726,0.663252,0,0,0,0
117,29,32,80,0.903131,0.808400,0.541726,0.663252,0,0,0,0
118,27,32,81,0.903131,0.808400,0.541726,0.663252,0,0,0,0
119,25,32,82,0.903131,0.808400,0.541726,0.687405,0,0,0,1
120,23,32,83,0.903131,0.808400,0.541726,0.689553,0,0,0,0
121,21,32,84,0.912373,0.808400,0.541726,0.689553,1,0,0,0
122,19,32,85,0.921540,0.808400,0.541726,0.689553,1,0,0,0
123,29,33,85,0.929823,0.808400,0.541726,0.689553,1,0,0,0
124,27,33,86,0.930476,0.808400,0.541726,0.689553,0,0,0,0
125,29,34,86,0.930476,0.808400,0.541726,0.689553,0,0,0,0
126,27,34,87,0.930476,0.808400,0.541726,0.689553,0,0,0,0
127,25,34,88,0.930476,0.808400,0.541726,0.689553,0,0,0,0
128,23,34,89,0.930476,0.824914,0.568897,0.689553,0,1,1,0
129,21,34,90,0.930476,0.826358,0.571350,0.689553,0,0,0,0
130,29,35,90,0.930476,0.826358,0.571350,0.689553,0,0,0,0
131,27,35,91,0.937292,0.826358,0.571350,0.689553,1,0,0,0
132,25,35,92,0.937879,0.826358,0.571350,0.689553,0,0,0,0
133,29,36,92,0.937879,0.826358,0.571350,0.689553,0,0,0,0
134,27,36,93,0.937879,0.826358,0.571350,0.689553,0,0,0,0
135,25,36,94,0.937879,0.841629,0.571350,0.689553,0,1,0,0
136,23,36,95,0.937879,0.842962,0.571350,0.689553,0,0,0,0
137,21,36,96,0.937879,0.857028,0.571350,0.689553,0,1,0,0
138,19,36,97,0.937879,0.858253,0.571350,0.689553,0,0,0,0
139,29,37,97,0.937879,0.858253,0.571350,0.689553,0,0,0,0
140,27,37,98,0.937879,0.858253,0.598076,0.689553,0,0,1,0
141,25,37,99,0.937879,0.871161,0.626584,0.689553,0,1,1,0
142,29,38,99,0.937879,0.884087,0.654246,0.689553,0,1,1,0
143,27,38,100,0.937879,0.895873,0.656508,0.689553,0,1,0,0
144,29,39,100,0.937879,0.906588,0.656508,0.689553,0,1,0,0
145,27,39,101,0.944014,0.907435,0.656508,0.689553,1,0,0,0
146,29,40,101,0.950054,0.907435,0.656508,0.689553,1,0,0,0
147,27,40,102,0.950528,0.916305,0.656508,0.689553,0,1,0,0
148,29,41,102,0.950528,0.925095,0.656508,0.689553,0,1,0,0
149,27,41,103,0.955473,0.925788,0.656508,0.689553,1,0,0,0
150,29,42,103,0.960330,0.925788,0.656508,0.689553,1,0,0,0
151,27,42,104,0.960711,0.925788,0.656508,0.689553,0,0,0,0
152,29,43,104,0.960711,0.925788,0.656508,0.689553,0,0,0,0
153,27,43,105,0.960711,0.925788,0.656508,0.689553,0,0,0,0
154,25,43,106,0.960711,0.925788,0.656508,0.689553,0,0,0,0
155,23,43,107,0.960711,0.925788,0.656508,0.689553,0,0,0,0
156,21,43,108,0.960711,0.925788,0.680910,0.712643,0,0,1,1
157,19,43,109,0.960711,0.925788,0.683083,0.714691,0,0,0,0
158,29,44,109,0.960711,0.925788,0.683083,0.714691,0,0,0,0
159,27,44,110,0.960711,0.925788,0.683083,0.714691,0,0,0,0
160,25,44,111,0.960711,0.925788,0.683083,0.714691,0,0,0,0
161,23,44,112,0.960711,0.925788,0.706447,0.714691,0,0,1,0
162,21,44,113,0.960711,0.933030,0.730754,0.714691,0,1,1,0
163,29,45,113,0.960711,0.940179,0.753756,0.714691,0,1,1,0
164,27,45,114,0.960711,0.946610,0.755612,0.714691,0,1,0,0
165,29,46,114,0.960711,0.952384,0.755612,0.714691,0,1,0,0
166,27,46,115,0.964676,0.952837,0.755612,0.714691,1,0,0,0
167,29,47,115,0.968562,0.952837,0.755612,0.714691,1,0,0,0
168,27,47,116,0.968866,0.957562,0.755612,0.714691,0,1,0,0
169,29,48,116,0.968866,0.962200,0.755612,0.714691,0,1,0,0
170,27,48,117,0.972033,0.962563,0.755612,0.714691,1,0,0,0
171,25,48,118,0.972305,0.962563,0.775401,0.714691,0,0,1,0
172,29,49,118,0.972305,0.962563,0.795663,0.714691,0,0,1,0
173,27,49,119,0.972305,0.962563,0.797289,0.714691,0,0,0,0
174,29,50,119,0.972305,0.962563,0.797289,0.714691,0,0,0,0
175,27,50,120,0.972305,0.962563,0.797289,0.714691,0,0,0,0
176,25,50,121,0.975131,0.962563,0.797289,0.714691,1,0,0,0
177,23,50,122,0.975373,0.962563,0.797289,0.714691,0,0,0,0
178,21,50,123,0.975373,0.962563,0.797289,0.714691,0,0,0,0
179,19,50,124,0.975373,0.962563,0.797289,0.714691,0,0,0,0
180,17,50,125,0.975373,0.962563,0.797289,0.714691,0,0,0,0
181,15,50,126,0.975373,0.962563,0.797289,0.714691,0,0,0,0
182,13,50,127,0.975373,0.966348,0.797289,0.714691,0,1,0,0
183,11,50,128,0.975373,0.966674,0.797289,0.714691,0,0,0,0
184,29,51,128,0.975373,0.966674,0.797289,0.714691,0,0,0,0
185,27,51,129,0.975373,0.966674,0.797289,0.714691,0,0,0,0
186,25,51,130,0.975373,0.966674,0.797289,0.714691,0,0,0,0
187,23,51,131,0.975373,0.966674,0.797289,0.714691,0,0,0,0
188,21,51,132,0.977893,0.966674,0.797289,0.714691,1,0,0,0
189,19,51,133,0.980355,0.966674,0.797289,0.736630,1,0,0,1
190,29,52,133,0.982548,0.966674,0.797289,0.759296,1,0,0,1
191,27,52,134,0.982719,0.966674,0.797289,0.780597,0,0,0,1
192,29,53,134,0.982719,0.966674,0.797289,0.800512,0,0,0,1
193,27,53,135,0.982719,0.966674,0.814539,0.802109,0,0,1,0
194,29,54,135,0.982719,0.966674,0.832041,0.802109,0,0,1,0
195,27,54,136,0.982719,0.966674,0.848203,0.819042,0,0,1,1
196,29,55,136,0.982719,0.966674,0.863067,0.836206,0,0,1,1
197,27,55,137,0.982719,0.966674,0.876690,0.852038,0,0,1,1
198,29,56,137,0.982719,0.966674,0.889132,0.866587,0,0,1,1
199,27,56,138,0.984499,0.966674,0.890118,0.879908,1,0,0,1
200,29,57,138,0.986236,0.966674,0.890118,0.892067,1,0,0,1
201,27,57,139,0.987780,0.966674,0.890118,0.893030,1,0,0,0
202,29,58,139,0.989154,0.966674,0.890118,0.893030,1,0,0,0
203,27,58,140,0.990374,0.966674,0.890118,0.893030,1,0,0,0
204,29,59,140,0.991458,0.966674,0.890118,0.893030,1,0,0,0
205,27,59,141,0.991543,0.966674,0.890118,0.893030,0,0,0,0
206,29,60,141,0.991543,0.966674,0.890118,0.893030,0,0,0,0
207,27,60,142,0.991543,0.970056,0.890118,0.893030,0,1,0,0
208,25,60,143,0.991543,0.970347,0.890118,0.893030,0,0,0,0
209,29,61,143,0.991543,0.970347,0.890118,0.893030,0,0,0,0
210,27,61,144,0.991543,0.970347,0.890118,0.893030,0,0,0,0
211,25,61,145,0.991543,0.970347,0.890118,0.893030,0,0,0,0
212,23,61,146,0.991543,0.973367,0.890118,0.893030,0,1,0,0
213,21,61,147,0.991543,0.973626,0.890118,0.893030,0,0,0,0
214,29,62,147,0.991543,0.973626,0.890118,0.893030,0,0,0,0
215,27,62,148,0.991543,0.973626,0.890118,0.893030,0,0,0,0
216,25,62,149,0.991543,0.976320,0.890118,0.893030,0,1,0,0
217,23,62,150,0.991543,0.976551,0.890118,0.893030,0,0,0,0
218,29,63,150,0.991543,0.976551,0.890118,0.893030,0,0,0,0
219,27,63,151,0.991543,0.976551,0.890118,0.893030,0,0,0,0
220,25,63,152,0.991543,0.976551,0.890118,0.893030,0,0,0,0
221,23,63,153,0.991543,0.976551,0.890118,0.893030,0,0,0,0
222,21,63,154,0.991543,0.976551,0.890118,0.893030,0,0,0,0
223,19,63,155,0.991543,0.976551,0.890118,0.893030,0,0,0,0
224,17,63,156,0.992421,0.976551,0.890118,0.893030,1,0,0,0
225,15,63,157,0.992496,0.978953,0.890118,0.893030,0,1,0,0
226,13,63,158,0.992496,0.979159,0.890118,0.893030,0,0,0,0
227,29,64,158,0.992496,0.979159,0.890118,0.893030,0,0,0,0
228,27,64,159,0.992496,0.979159,0.890118,0.893030,0,0,0,0
229,25,64,160,0.992496,0.979159,0.890118,0.893030,0,0,0,0
230,23,64,161,0.992496,0.979159,0.890118,0.893030,0,0,0,0
231,21,64,162,0.992496,0.979159,0.890118,0.893030,0,0,0,0
232,19,64,163,0.992496,0.979159,0.890118,0.893030,0,0,0,0
233,17,64,164,0.992496,0.979159,0.890118,0.893030,0,0,0,0
234,15,64,165,0.992496,0.979159,0.890118,0.893030,0,0,0,0
235,13,64,166,0.992496,0.979159,0.900464,0.893030,0,0,1,0
236,11,64,167,0.992496,0.979159,0.910754,0.893030,0,0,1,0
237,29,65,167,0.992496,0.979159,0.920076,0.893030,0,0,1,0
238,27,65,168,0.992496,0.979159,0.920811,0.893030,0,0,0,0
239,29,66,168,0.992496,0.979159,0.920811,0.893030,0,0,0,0
240,27,66,169,0.992496,0.979159,0.920811,0.893030,0,0,0,0
241,25,66,170,0.992496,0.979159,0.920811,0.893030,0,0,0,0
242,23,66,171,0.993276,0.979159,0.920811,0.893030,1,0,0,0
243,21,66,172,0.993343,0.979159,0.920811,0.893030,0,0,0,0
244,29,67,172,0.993343,0.979159,0.920811,0.893030,0,0,0,0
245,27,67,173,0.993343,0.981299,0.920811,0.893030,0,1,0,0
246,25,67,174,0.993343,0.981483,0.920811,0.893030,0,0,0,0
247,29,68,174,0.993343,0.981483,0.920811,0.893030,0,0,0,0
248,27,68,175,0.993343,0.981483,0.920811,0.893030,0,0,0,0
249,25,68,176,0.993343,0.981483,0.920811,0.893030,0,0,0,0
250,23,68,177,0.993343,0.981483,0.920811,0.893030,0,0,0,0
251,21,68,178,0.993343,0.981483,0.928501,0.893030,0,0,1,0
252,19,68,179,0.993343,0.981483,0.929165,0.893030,0,0,0,0
253,17,68,180,0.993343,0.981483,0.929165,0.893030,0,0,0,0
254,15,68,181,0.993343,0.981483,0.929165,0.893030,0,0,0,0
255,13,68,182,0.993343,0.981483,0.929165,0.893030,0,0,0,0
256,11,68,183,0.993343,0.983389,0.929165,0.893030,0,1,0,0
257,9,68,184,0.993343,0.985248,0.929165,0.893030,0,1,0,0
258,29,69,184,0.993343,0.986902,0.929165,0.893030,0,1,0,0
259,27,69,185,0.993343,0.987031,0.929165,0.893030,0,0,0,0
260,29,70,185,0.993343,0.987031,0.929165,0.893030,0,0,0,0
261,27,70,186,0.993343,0.987031,0.929165,0.893030,0,0,0,0
262,25,70,187,0.994036,0.987031,0.929165,0.893030,1,0,0,0
263,23,70,188,0.994095,0.987031,0.929165,0.893030,0,0,0,0
264,29,71,188,0.994095,0.987031,0.929165,0.893030,0,0,0,0
265,27,71,189,0.994710,0.987031,0.929165,0.893030,1,0,0,0
266,25,71,190,0.994762,0.987031,0.929165,0.893030,0,0,0,0
267,29,72,190,0.994762,0.987031,0.929165,0.893030,0,0,0,0
268,27,72,191,0.994762,0.987031,0.929165,0.893030,0,0,0,0
269,25,72,192,0.995308,0.987031,0.929165,0.893030,1,0,0,0
270,23,72,193,0.995355,0.987031,0.929165,0.893030,0,0,0,0
271,29,73,193,0.995355,0.987031,0.929165,0.893030,0,0,0,0
272,27,73,194,0.995355,0.987031,0.929165,0.893030,0,0,0,0
273,25,73,195,0.995355,0.987031,0.929165,0.893030,0,0,0,0
274,23,73,196,0.995355,0.987031,0.929165,0.893030,0,0,0,0
275,21,73,197,0.995355,0.987031,0.929165,0.893030,0,0,0,0
276,19,73,198,0.995839,0.987031,0.936100,0.893030,1,0,1,0
277,17,73,199,0.995880,0.987031,0.936699,0.903131,0,0,0,1
278,29,74,199,0.995880,0.987031,0.936699,0.913172,0,0,0,1
279,27,74,200,0.995880,0.987031,0.936699,0.922263,0,0,0,1
280,29,75,200,0.995880,0.987031,0.936699,0.932400,0,0,0,1
281,27,75,201,0.995880,0.987031,0.936699,0.933030,0,0,0,0
282,29,76,201,0.995880,0.987031,0.936699,0.933030,0,0,0,0
283,27,76,202,0.995880,0.987031,0.936699,0.933030,0,0,0,0
284,25,76,203,0.996310,0.987031,0.936699,0.933030,1,0,0,0
285,23,76,204,0.996728,0.987031,0.936699,0.933030,1,0,0,0
286,29,77,204,0.997098,0.987031,0.936699,0.933030,1,0,0,0
287,27,77,205,0.997127,0.988372,0.936699,0.933030,0,1,0,0
288,29,78,205,0.997127,0.989680,0.936699,0.933030,0,1,0,0
289,27,78,206,0.997427,0.989782,0.936699,0.933030,1,0,0,0
290,29,79,206,0.997719,0.989782,0.936699,0.933030,1,0,0,0
291,27,79,207,0.997977,0.989782,0.936699,0.933030,1,0,0,0
292,25,79,208,0.997998,0.989782,0.942942,0.933030,0,0,1,0
293,23,79,209,0.998207,0.989782,0.943480,0.933030,1,0,0,0
294,29,80,209,0.998410,0.989782,0.943480,0.933030,1,0,0,0
295,27,80,210,0.998426,0.989782,0.943480,0.933030,0,0,0,0
296,29,81,210,0.998426,0.989782,0.943480,0.933030,0,0,0,0
297,27,81,211,0.998426,0.989782,0.943480,0.939612,0,0,0,1
298,25,81,212,0.998426,0.989782,0.943480,0.940179,0,0,0,0
299,29,82,212,0.998426,0.989782,0.943480,0.940179,0,0,0,0
300,27,82,213,0.998426,0.989782,0.943480,0.940179,0,0,0,0
301,25,82,214,0.998426,0.989782,0.943480,0.940179,0,0,0,0
302,23,82,215,0.998426,0.989782,0.943480,0.940179,0,0,0,0
303,21,82,216,0.998426,0.989782,0.943480,0.940179,0,0,0,0
304,19,82,217,0.998426,0.989782,0.943480,0.940179,0,0,0,0
305,17,82,218,0.998591,0.989782,0.943480,0.940179,1,0,0,0
306,15,82,219,0.998605,0.989782,0.943480,0.940179,0,0,0,0
307,29,83,219,0.998605,0.989782,0.943480,0.940179,0,0,0,0
308,27,83,220,0.998605,0.990841,0.943480,0.940179,0,1,0,0
309,25,83,221,0.998751,0.990932,0.943480,0.940179,1,0,0,0
310,29,84,221,0.998892,0.990932,0.943480,0.940179,1,0,0,0
311,27,84,222,0.998903,0.990932,0.943480,0.940179,0,0,0,0
312,29,85,222,0.998903,0.990932,0.943480,0.940179,0,0,0,0
313,27,85,223,0.998903,0.991873,0.943480,0.940179,0,1,0,0
314,25,85,224,0.998903,0.992790,0.943480,0.940179,0,1,0,0
315,29,86,224,0.998903,0.993604,0.943480,0.940179,0,1,0,0
316,27,86,225,0.998903,0.993667,0.943480,0.940179,0,0,0,0
317,25,86,226,0.999018,0.994326,0.949092,0.940179,1,1,1,0
318,23,86,227,0.999130,0.994383,0.949575,0.940179,1,0,0,0
319,29,87,227,0.999228,0.994383,0.949575,0.940179,1,0,0,0
320,27,87,228,0.999236,0.994383,0.949575,0.946100,0,0,0,1
321,29,88,228,0.999236,0.994383,0.949575,0.951926,0,0,0,1
322,27,88,229,0.999236,0.994383,0.949575,0.952384,0,0,0,0
323,29,89,229,0.999236,0.994383,0.949575,0.952384,0,0,0,0
324,27,89,230,0.999236,0.994383,0.949575,0.952384,0,0,0,0
325,25,89,231,0.999236,0.994383,0.949575,0.952384,0,0,0,0
326,23,89,232,0.999236,0.994383,0.949575,0.952384,0,0,0,0
327,21,89,233,0.999236,0.994383,0.949575,0.952384,0,0,0,0
328,19,89,234,0.999236,0.994383,0.949575,0.952384,0,0,0,0
329,17,89,235,0.999236,0.994383,0.949575,0.952384,0,0,0,0
330,15,89,236,0.999316,0.994383,0.949575,0.952384,1,0,0,0
331,13,89,237,0.999323,0.994383,0.949575,0.957152,0,0,0,1
332,29,90,237,0.999323,0.994383,0.949575,0.961832,0,0,0,1
333,27,90,238,0.999394,0.994383,0.949575,0.962200,1,0,0,0
334,25,90,239,0.999400,0.994383,0.954611,0.962200,0,0,1,0
335,29,91,239,0.999400,0.994383,0.959557,0.962200,0,0,1,0
336,27,91,240,0.999400,0.994383,0.959945,0.962200,0,0,0,0
337,29,92,240,0.999400,0.994383,0.959945,0.962200,0,0,0,0
338,27,92,241,0.999400,0.994383,0.963985,0.966020,0,0,1,1
339,25,92,242,0.999462,0.994383,0.964332,0.966348,1,0,0,0
340,29,93,242,0.999524,0.994383,0.964332,0.966348,1,0,0,0
341,27,93,243,0.999528,0.994383,0.964332,0.966348,0,0,0,0
342,29,94,243,0.999528,0.994383,0.964332,0.966348,0,0,0,0
343,27,94,244,0.999528,0.994383,0.964332,0.966348,0,0,0,0
344,25,94,245,0.999528,0.994383,0.964332,0.966348,0,0,0,0
345,23,94,246,0.999528,0.994383,0.964332,0.966348,0,0,0,0
346,21,94,247,0.999578,0.994383,0.964332,0.966348,1,0,0,0
347,19,94,248,0.999582,0.994383,0.964332,0.966348,0,0,0,0
348,29,95,248,0.999582,0.994383,0.964332,0.966348,0,0,0,0
349,27,95,249,0.999626,0.994383,0.964332,0.966348,1,0,0,0
350,25,95,250,0.999668,0.994383,0.964332,0.969763,1,0,0,1
351,29,96,250,0.999706,0.994383,0.964332,0.973105,1,0,0,1
352,27,96,251,0.999709,0.994383,0.964332,0.973367,0,0,0,0
353,29,97,251,0.999709,0.994383,0.964332,0.973367,0,0,0,0
354,27,97,252,0.999739,0.994968,0.964332,0.973367,1,1,0,0
355,25,97,253,0.999742,0.995018,0.964332,0.973367,0,0,0,0
356,29,98,253,0.999742,0.995018,0.964332,0.973367,0,0,0,0
357,27,98,254,0.999769,0.995018,0.964332,0.973367,1,0,0,0
358,25,98,255,0.999771,0.995537,0.964332,0.973367,0,1,0,0
359,23,98,256,0.999771,0.996042,0.964332,0.973367,0,1,0,0
360,29,99,256,0.999771,0.996490,0.964332,0.973367,0,1,0,0
361,27,99,257,0.999771,0.996888,0.964332,0.973367,0,1,0,0
362,29,100,257,0.999771,0.997240,0.964332,0.973367,0,1,0,0
363,27,100,258,0.999771,0.997268,0.964332,0.973367,0,0,0,0
364,29,101,258,0.999771,0.997268,0.964332,0.973367,0,0,0,0
365,27,101,259,0.999771,0.997553,0.964332,0.973367,0,1,0,0
366,25,101,260,0.999771,0.997577,0.967944,0.973367,0,0,1,0
367,29,102,260,0.999771,0.997577,0.971481,0.973367,0,0,1,0
368,27,102,261,0.999771,0.997577,0.971758,0.973367,0,0,0,0
369,25,102,262,0.999771,0.997577,0.974639,0.973367,0,0,1,0
370,23,102,263,0.999771,0.997577,0.974886,0.973367,0,0,0,0
371,29,103,263,0.999771,0.997577,0.974886,0.973367,0,0,0,0
372,27,103,264,0.999771,0.997577,0.974886,0.973367,0,0,0,0
373,25,103,265,0.999771,0.997577,0.974886,0.973367,0,0,0,0
374,23,103,266,0.999771,0.997577,0.974886,0.973367,0,0,0,0
375,21,103,267,0.999771,0.997577,0.974886,0.973367,0,0,0,0
376,19,103,268,0.999771,0.997577,0.974886,0.973367,0,0,0,0
377,17,103,269,0.999771,0.997577,0.974886,0.973367,0,0,0,0
378,15,103,270,0.999771,0.997577,0.974886,0.973367,0,0,0,0
379,13,103,271,0.999795,0.997577,0.974886,0.973367,1,0,0,0
380,11,103,272,0.999797,0.997577,0.974886,0.976087,0,0,0,1
381,29,104,272,0.999797,0.997577,0.974886,0.978745,0,0,0,1
382,27,104,273,0.999797,0.997577,0.974886,0.981114,0,0,0,1
383,29,105,273,0.999797,0.997577,0.974886,0.983224,0,0,0,1
384,27,105,274,0.999797,0.997577,0.974886,0.983389,0,0,0,0
385,29,106,274,0.999797,0.997577,0.974886,0.983389,0,0,0,0
386,27,106,275,0.999797,0.997577,0.974886,0.983389,0,0,0,0
387,25,106,276,0.999797,0.997577,0.974886,0.985101,0,0,0,1
388,23,106,277,0.999797,0.997577,0.974886,0.986771,0,0,0,1
389,29,107,277,0.999797,0.997577,0.974886,0.988256,0,0,0,1
390,27,107,278,0.999797,0.997577,0.977454,0.989576,0,0,1,1
391,29,108,278,0.999797,0.997577,0.979964,0.990750,0,0,1,1
392,27,108,279,0.999797,0.997577,0.980160,0.990841,0,0,0,0
393,29,109,279,0.999797,0.997577,0.980160,0.990841,0,0,0,0
394,27,109,280,0.999818,0.997577,0.982200,0.990841,1,0,1,0
395,25,109,281,0.999820,0.997577,0.982374,0.990841,0,0,0,0
396,29,110,281,0.999820,0.997577,0.982374,0.990841,0,0,0,0
397,27,110,282,0.999839,0.997577,0.982374,0.990841,1,0,0,0
398,25,110,283,0.999841,0.997577,0.982374,0.991792,0,0,0,1
399,29,111,283,0.999841,0.997577,0.982374,0.992718,0,0,0,1
400,27,111,284,0.999841,0.997577,0.982374,0.992790,0,0,0,0
401,29,112,284,0.999841,0.997577,0.982374,0.992790,0,0,0,0
402,27,112,285,0.999841,0.997577,0.982374,0.992790,0,0,0,0
403,25,112,286,0.999841,0.997577,0.982374,0.992790,0,0,0,0
404,23,112,287,0.999841,0.997577,0.982374,0.992790,0,0,0,0
405,21,112,288,0.999857,0.997577,0.982374,0.992790,1,0,0,0
406,19,112,289,0.999859,0.997830,0.982374,0.992790,0,1,0,0
407,29,113,289,0.999859,0.998076,0.982374,0.992790,0,1,0,0
408,27,113,290,0.999859,0.998295,0.982374,0.992790,0,1,0,0
409,29,114,290,0.999859,0.998488,0.982374,0.992790,0,1,0,0
410,27,114,291,0.999859,0.998660,0.982374,0.992790,0,1,0,0
411,29,115,291,0.999859,0.998812,0.982374,0.992790,0,1,0,0
412,27,115,292,0.999859,0.998824,0.982374,0.992790,0,0,0,0
413,29,116,292,0.999859,0.998824,0.982374,0.992790,0,0,0,0
414,27,116,293,0.999859,0.998947,0.982374,0.992790,0,1,0,0
415,25,116,294,0.999859,0.998957,0.982374,0.992790,0,0,0,0
416,29,117,294,0.999859,0.998957,0.982374,0.992790,0,0,0,0
417,27,117,295,0.999859,0.998957,0.982374,0.992790,0,0,0,0
418,25,117,296,0.999859,0.999066,0.982374,0.992790,0,1,0,0
419,23,117,297,0.999859,0.999172,0.982374,0.992790,0,1,0,0
420,29,118,297,0.999859,0.999266,0.982374,0.992790,0,1,0,0
421,27,118,298,0.999874,0.999349,0.982374,0.992790,1,1,0,0
422,29,119,298,0.999888,0.999423,0.982374,0.992790,1,1,0,0
423,27,119,299,0.999889,0.999429,0.982374,0.992790,0,0,0,0
424,29,120,299,0.999889,0.999429,0.982374,0.992790,0,0,0,0
425,27,120,300,0.999889,0.999429,0.982374,0.992790,0,0,0,0
426,25,120,301,0.999889,0.999429,0.982374,0.992790,0,0,0,0
427,23,120,302,0.999889,0.999429,0.982374,0.992790,0,0,0,0
428,21,120,303,0.999889,0.999429,0.982374,0.992790,0,0,0,0
429,19,120,304,0.999889,0.999429,0.982374,0.992790,0,0,0,0
430,17,120,305,0.999889,0.999429,0.982374,0.992790,0,0,0,0
431,15,120,306,0.999889,0.999429,0.982374,0.992790,0,0,0,0
432,13,120,307,0.999889,0.999429,0.982374,0.992790,0,0,0,0
433,11,120,308,0.999901,0.999429,0.982374,0.992790,1,0,0,0
434,9,120,309,0.999902,0.999429,0.982374,0.992790,0,0,0,0
435,29,121,309,0.999902,0.999429,0.982374,0.992790,0,0,0,0
436,27,121,310,0.999902,0.999429,0.982374,0.992790,0,0,0,0
437,25,121,311,0.999902,0.999489,0.982374,0.992790,0,1,0,0
438,23,121,312,0.999912,0.999494,0.982374,0.992790,1,0,0,0
439,29,122,312,0.999922,0.999494,0.982374,0.992790,1,0,0,0
440,27,122,313,0.999923,0.999494,0.982374,0.992790,0,0,0,0
441,25,122,314,0.999931,0.999494,0.982374,0.992790,1,0,0,0
442,23,122,315,0.999931,0.999547,0.982374,0.992790,0,1,0,0
443,29,123,315,0.999931,0.999610,0.982374,0.992790,0,1,0,0
444,27,123,316,0.999931,0.999614,0.982374,0.992790,0,0,0,0
445,29,124,316,0.999931,0.999614,0.982374,0.992790,0,0,0,0
446,27,124,317,0.999931,0.999614,0.982374,0.992790,0,0,0,0
447,25,124,318,0.999931,0.999614,0.982374,0.992790,0,0,0,0
448,23,124,319,0.999931,0.999655,0.982374,0.992790,0,1,0,0
449,21,124,320,0.999931,0.999658,0.982374,0.992790,0,0,0,0
450,29,125,320,0.999931,0.999658,0.982374,0.992790,0,0,0,0
451,27,125,321,0.999931,0.999694,0.982374,0.992790,0,1,0,0
452,25,125,322,0.999931,0.999697,0.982374,0.992790,0,0,0,0
453,29,126,322,0.999931,0.999697,0.982374,0.992790,0,0,0,0
454,27,126,323,0.999939,0.999729,0.982374,0.992790,1,1,0,0
455,25,126,324,0.999939,0.999731,0.982374,0.992790,0,0,0,0
456,29,127,324,0.999939,0.999731,0.982374,0.992790,0,0,0,0
457,27,127,325,0.999939,0.999731,0.982374,0.993540,0,0,0,1
458,25,127,326,0.999946,0.999731,0.982374,0.993604,1,0,0,0
459,29,128,326,0.999952,0.999731,0.982374,0.993604,1,0,0,0
460,27,128,327,0.999957,0.999731,0.982374,0.993604,1,0,0,0
461,29,129,327,0.999962,0.999731,0.982374,0.993604,1,0,0,0
462,27,129,328,0.999963,0.999731,0.982374,0.993604,0,0,0,0
463,29,130,328,0.999963,0.999731,0.982374,0.993604,0,0,0,0
464,27,130,329,0.999966,0.999731,0.982374,0.993604,1,0,0,0
465,25,130,330,0.999967,0.999731,0.982374,0.994269,0,0,0,1
466,29,131,330,0.999967,0.999731,0.982374,0.994917,0,0,0,1
467,27,131,331,0.999967,0.999731,0.982374,0.995492,0,0,0,1
468,25,131,332,0.999967,0.999759,0.982374,0.995537,0,1,0,0
469,23,131,333,0.999967,0.999762,0.982374,0.996002,0,0,0,1
470,21,131,334,0.999967,0.999787,0.982374,0.996042,0,1,0,0
471,29,132,334,0.999967,0.999811,0.982374,0.996042,0,1,0,0
472,27,132,335,0.999967,0.999813,0.982374,0.996042,0,0,0,0
473,29,133,335,0.999967,0.999813,0.982374,0.996042,0,0,0,0
474,27,133,336,0.999967,0.999813,0.982374,0.996042,0,0,0,0
475,25,133,337,0.999967,0.999813,0.982374,0.996042,0,0,0,0
476,23,133,338,0.999967,0.999813,0.982374,0.996042,0,0,0,0
477,21,133,339,0.999967,0.999813,0.982374,0.996455,0,0,0,1
478,19,133,340,0.999970,0.999813,0.982374,0.996490,1,0,0,0
479,29,134,340,0.999974,0.999813,0.982374,0.996490,1,0,0,0
480,27,134,341,0.999974,0.999813,0.982374,0.996490,0,0,0,0
481,29,135,341,0.999974,0.999813,0.982374,0.996490,0,0,0,0
482,27,135,342,0.999977,0.999813,0.982374,0.996490,1,0,0,0
483,25,135,343,0.999977,0.999832,0.982374,0.996490,0,1,0,0
484,23,135,344,0.999977,0.999834,0.982374,0.996856,0,0,0,1
485,29,136,344,0.999977,0.999834,0.982374,0.997212,0,0,0,1
486,27,136,345,0.999977,0.999834,0.982374,0.997240,0,0,0,0
487,25,136,346,0.999977,0.999834,0.984190,0.997528,0,0,1,1
488,23,136,347,0.999979,0.999834,0.984345,0.997553,1,0,0,0
489,29,137,347,0.999982,0.999834,0.984345,0.997553,1,0,0,0
490,27,137,348,0.999984,0.999834,0.984345,0.997553,1,0,0,0
491,29,138,348,0.999986,0.999834,0.984345,0.997553,1,0,0,0
492,27,138,349,0.999986,0.999834,0.984345,0.997553,0,0,0,0
493,29,139,349,0.999986,0.999834,0.984345,0.997553,0,0,0,0
494,27,139,350,0.999986,0.999834,0.984345,0.997553,0,0,0,0
495,25,139,351,0.999986,0.999834,0.984345,0.997553,0,0,0,0
496,23,139,352,0.999986,0.999834,0.984345,0.997553,0,0,0,0
497,21,139,353,0.999986,0.999834,0.984345,0.997553,0,0,0,0
498,19,139,354,0.999986,0.999834,0.984345,0.997553,0,0,0,0
499,17,139,355,0.999986,0.999834,0.984345,0.997553,0,0,0,0
500,15,139,356,0.999986,0.999834,0.984345,0.997553,0,0,0,0
501,13,139,357,0.999986,0.999834,0.984345,0.997553,0,0,0,0
502,11,139,358,0.999986,0.999834,0.984345,0.997553,0,0,0,0
503,9,139,359,0.999986,0.999834,0.984345,0.997553,0,0,0,0
504,7,139,360,0.999986,0.999834,0.984345,0.997553,0,0,0,0
505,5,139,361,0.999986,0.999851,0.984345,0.997553,0,1,0,0
506,3,139,362,0.999986,0.999853,0.984345,0.997553,0,0,0,0
507,29,140,362,0.999986,0.999853,0.984345,0.997553,0,0,0,0
508,27,140,363,0.999986,0.999853,0.984345,0.997553,0,0,0,0
509,25,140,364,0.999986,0.999853,0.985960,0.997553,0,0,1,0
510,23,140,365,0.999986,0.999853,0.987535,0.997553,0,0,1,0
511,21,140,366,0.999987,0.999853,0.988936,0.997553,1,0,1,0
512,29,141,366,0.999989,0.999853,0.990180,0.997553,1,0,1,0
513,27,141,367,0.999989,0.999853,0.990278,0.997553,0,0,0,0
514,29,142,367,0.999989,0.999853,0.990278,0.997553,0,0,0,0
515,27,142,368,0.999989,0.999868,0.990278,0.997553,0,1,0,0
516,25,142,369,0.999989,0.999883,0.990278,0.997553,0,1,0,0
517,29,143,369,0.999989,0.999897,0.990278,0.997553,0,1,0,0
518,27,143,370,0.999989,0.999898,0.990278,0.997553,0,0,0,0
519,29,144,370,0.999989,0.999898,0.990278,0.997553,0,0,0,0
520,27,144,371,0.999989,0.999898,0.990278,0.997553,0,0,0,0
521,25,144,372,0.999989,0.999898,0.990278,0.997553,0,0,0,0
522,23,144,373,0.999989,0.999898,0.990278,0.997553,0,0,0,0
523,21,144,374,0.999989,0.999898,0.990278,0.997553,0,0,0,0
524,19,144,375,0.999989,0.999898,0.990278,0.997553,0,0,0,0
525,17,144,376,0.999989,0.999898,0.990278,0.997553,0,0,0,0
526,15,144,377,0.999989,0.999898,0.990278,0.997553,0,0,0,0
527,13,144,378,0.999989,0.999898,0.990278,0.997553,0,0,0,0
528,11,144,379,0.999989,0.999898,0.991286,0.997553,0,0,1,0
529,9,144,380,0.999989,0.999898,0.991373,0.997553,0,0,0,0
530,7,144,381,0.999989,0.999898,0.991373,0.997553,0,0,0,0
531,5,144,382,0.999989,0.999898,0.991373,0.997553,0,0,0,0
532,3,144,383,0.999989,0.999898,0.992269,0.997553,0,0,1,0
533,1,144,384,0.999989,0.999898,0.992345,0.997553,0,0,0,0
534,29,145,384,0.999989,0.999898,0.992345,0.997553,0,0,0,0
535,27,145,385,0.999989,0.999898,0.992345,0.997809,0,0,0,1
536,25,145,386,0.999989,0.999898,0.992345,0.998057,0,0,0,1
537,29,146,386,0.999989,0.999898,0.992345,0.998277,0,0,0,1
538,27,146,387,0.999989,0.999898,0.992345,0.998295,0,0,0,0
539,29,147,387,0.999989,0.999898,0.992345,0.998295,0,0,0,0
540,27,147,388,0.999990,0.999898,0.992345,0.998295,1,0,0,0
541,25,147,389,0.999991,0.999898,0.992345,0.998295,1,0,0,0
542,29,148,389,0.999992,0.999898,0.992345,0.998295,1,0,0,0
543,27,148,390,0.999993,0.999898,0.992345,0.998295,1,0,0,0
544,29,149,390,0.999994,0.999898,0.992345,0.998295,1,0,0,0
545,27,149,391,0.999994,0.999898,0.992345,0.998295,0,0,0,0
546,29,150,391,0.999994,0.999898,0.992345,0.998295,0,0,0,0
547,27,150,392,0.999994,0.999898,0.992345,0.998295,0,0,0,0
548,25,150,393,0.999995,0.999898,0.992345,0.998295,1,0,0,0
549,23,150,394,0.999995,0.999898,0.992345,0.998295,0,0,0,0
550,29,151,394,0.999995,0.999898,0.992345,0.998295,0,0,0,0
551,27,151,395,0.999995,0.999898,0.992345,0.998295,0,0,0,0
552,25,151,396,0.999995,0.999898,0.992345,0.998295,1,0,0,0
553,23,151,397,0.999995,0.999898,0.992345,0.998295,0,0,0,0
554,29,152,397,0.999995,0.999898,0.992345,0.998295,0,0,0,0
555,27,152,398,0.999996,0.999908,0.992345,0.998295,1,1,0,0
556,25,152,399,0.999996,0.999909,0.992345,0.998295,0,0,0,0
557,29,153,399,0.999996,0.999909,0.992345,0.998295,0,0,0,0
558,27,153,400,0.999996,0.999909,0.992345,0.998295,0,0,0,0
559,25,153,401,0.999996,0.999909,0.992345,0.998295,1,0,0,0
560,23,153,402,0.999997,0.999909,0.992345,0.998295,1,0,0,0
561,29,154,402,0.999997,0.999909,0.992345,0.998295,1,0,0,0
562,27,154,403,0.999997,0.999909,0.992345,0.998295,1,0,0,0
563,29,155,403,0.999998,0.999909,0.992345,0.998295,1,0,0,0
564,27,155,404,0.999998,0.999909,0.992345,0.998295,0,0,0,0
565,25,155,405,0.999998,0.999919,0.992345,0.998295,0,1,0,0
566,23,155,406,0.999998,0.999920,0.992345,0.998295,0,0,0,0
567,21,155,407,0.999998,0.999920,0.993141,0.998295,0,0,1,0
568,19,155,408,0.999998,0.999920,0.993209,0.998473,0,0,0,1
569,29,156,408,0.999998,0.999920,0.993209,0.998646,0,0,0,1
570,27,156,409,0.999998,0.999920,0.993915,0.998660,0,0,1,0
571,25,156,410,0.999998,0.999920,0.994603,0.998660,1,0,1,0
572,29,157,410,0.999998,0.999920,0.995213,0.998660,1,0,1,0
573,27,157,411,0.999998,0.999920,0.995755,0.998660,0,0,1,0
574,29,158,411,0.999998,0.999920,0.996235,0.998660,0,0,1,0
575,27,158,412,0.999998,0.999920,0.996273,0.998800,0,0,0,1
576,25,158,413,0.999998,0.999928,0.996273,0.998812,0,1,0,0
577,29,159,413,0.999998,0.999936,0.996273,0.998812,0,1,0,0
578,27,159,414,0.999998,0.999937,0.996273,0.998812,0,0,0,0
579,29,160,414,0.999998,0.999937,0.996273,0.998812,0,0,0,0
580,27,160,415,0.999998,0.999937,0.996273,0.998812,0,0,0,0
581,25,160,416,0.999998,0.999937,0.996273,0.998936,0,0,0,1
582,23,160,417,0.999998,0.999937,0.996661,0.998947,0,0,1,0
583,29,161,417,0.999998,0.999937,0.997040,0.998947,0,0,1,0
584,27,161,418,0.999998,0.999937,0.997069,0.998947,0,0,0,0
585,29,162,418,0.999998,0.999937,0.997069,0.998947,0,0,0,0
586,27,162,419,0.999998,0.999937,0.997069,0.998947,0,0,0,0
587,25,162,420,0.999998,0.999943,0.997069,0.998947,0,1,0,0
588,23,162,421,0.999998,0.999950,0.997069,0.998947,0,1,0,0
589,29,163,421,0.999998,0.999956,0.997069,0.998947,0,1,0,0
590,27,163,422,0.999998,0.999961,0.997375,0.998947,0,1,1,0
591,25,163,423,0.999998,0.999961,0.997673,0.998947,1,0,1,0
592,29,164,423,0.999999,0.999961,0.997936,0.998947,1,0,1,0
593,27,164,424,0.999999,0.999961,0.997957,0.998947,0,0,0,0
594,29,165,424,0.999999,0.999961,0.997957,0.998947,0,0,0,0
595,27,165,425,0.999999,0.999961,0.997957,0.998947,0,0,0,0
596,25,165,426,0.999999,0.999961,0.997957,0.998947,0,0,0,0
597,23,165,427,0.999999,0.999965,0.997957,0.998947,0,1,0,0
598,21,165,428,0.999999,0.999965,0.997957,0.998947,1,0,0,0
599,29,166,428,0.999999,0.999965,0.997957,0.998947,1,0,0,0
600,27,166,429,0.999999,0.999969,0.997957,0.998947,0,1,0,0
601,29,167,429,0.999999,0.999973,0.997957,0.998947,0,1,0,0
602,27,167,430,0.999999,0.999973,0.997957,0.998947,0,0,0,0
603,29,168,430,0.999999,0.999973,0.997957,0.998947,0,0,0,0
604,27,168,431,0.999999,0.999973,0.997957,0.998947,0,0,0,0
605,25,168,432,0.999999,0.999973,0.997957,0.998947,0,0,0,0
606,23,168,433,0.999999,0.999973,0.997957,0.998947,0,0,0,0
607,21,168,434,0.999999,0.999973,0.997957,0.998947,0,0,0,0
608,19,168,435,0.999999,0.999976,0.997957,0.998947,0,1,0,0
609,17,168,436,0.999999,0.999976,0.997957,0.998947,0,0,0,0
610,15,168,437,0.999999,0.999976,0.997957,0.998947,0,0,0,0
611,13,168,438,0.999999,0.999976,0.997957,0.998947,0,0,0,0
612,11,168,439,0.999999,0.999976,0.997957,0.998947,0,0,0,0
613,9,168,440,0.999999,0.999976,0.997957,0.998947,0,0,0,0
614,7,168,441,0.999999,0.999976,0.997957,0.999057,0,0,0,1
615,5,168,442,0.999999,0.999976,0.997957,0.999066,1,0,0,0
616,29,169,442,0.999999,0.999976,0.997957,0.999066,1,0,0,0
617,27,169,443,0.999999,0.999978,0.997957,0.999066,0,1,0,0
618,25,169,444,0.999999,0.999979,0.997957,0.999164,0,0,0,1
619,29,170,444,0.999999,0.999979,0.997957,0.999259,0,0,0,1
620,27,170,445,0.999999,0.999979,0.997957,0.999266,0,0,0,0
621,29,171,445,0.999999,0.999979,0.997957,0.999266,0,0,0,0
622,27,171,446,0.999999,0.999979,0.997957,0.999266,0,0,0,0
623,25,171,447,0.999999,0.999979,0.997957,0.999266,0,0,0,0
624,23,171,448,0.999999,0.999979,0.997957,0.999266,0,0,0,0
625,21,171,449,0.999999,0.999979,0.997957,0.999343,0,0,0,1
626,19,171,450,0.999999,0.999979,0.998171,0.999418,0,0,1,1
627,29,172,450,0.999999,0.999979,0.998378,0.999484,0,0,1,1
628,27,172,451,0.999999,0.999979,0.998394,0.999489,0,0,0,0
629,29,173,451,0.999999,0.999979,0.998394,0.999489,0,0,0,0
630,27,173,452,0.999999,0.999979,0.998562,0.999489,0,0,1,0
631,25,173,453,0.999999,0.999979,0.998725,0.999489,0,0,1,0
632,29,174,453,0.999999,0.999979,0.998870,0.999489,0,0,1,0
633,27,174,454,0.999999,0.999979,0.998881,0.999542,0,0,0,1
634,29,175,454,0.999999,0.999979,0.998881,0.999594,0,0,0,1
635,27,175,455,0.999999,0.999979,0.998881,0.999640,0,0,0,1
636,29,176,455,0.999999,0.999979,0.998881,0.999681,0,0,0,1
637,27,176,456,0.999999,0.999979,0.998998,0.999684,0,0,1,0
638,29,177,456,0.999999,0.999979,0.999112,0.999684,0,0,1,0
639,27,177,457,0.999999,0.999979,0.999213,0.999684,0,0,1,0
640,29,178,457,0.999999,0.999979,0.999302,0.999684,0,0,1,0
641,27,178,458,0.999999,0.999979,0.999309,0.999717,0,0,0,1
642,29,179,458,0.999999,0.999979,0.999309,0.999750,0,0,0,1
643,27,179,459,0.999999,0.999979,0.999309,0.999752,0,0,0,0
644,29,180,459,0.999999,0.999979,0.999309,0.999752,0,0,0,0
645,27,180,460,0.999999,0.999979,0.999309,0.999752,0,0,0,0
646,25,180,461,0.999999,0.999979,0.999381,0.999752,0,0,1,0
647,23,180,462,0.999999,0.999979,0.999388,0.999752,0,0,0,0
648,29,181,462,0.999999,0.999979,0.999388,0.999752,0,0,0,0
649,27,181,463,0.999999,0.999979,0.999388,0.999752,0,0,0,0
650,25,181,464,0.999999,0.999979,0.999388,0.999752,0,0,0,0
651,23,181,465,0.999999,0.999979,0.999388,0.999752,0,0,0,0
652,21,181,466,0.999999,0.999981,0.999388,0.999752,0,1,0,0
653,19,181,467,0.999999,0.999981,0.999388,0.999752,0,0,0,0
654,29,182,467,0.999999,0.999981,0.999388,0.999752,0,0,0,0
655,27,182,468,0.999999,0.999983,0.999388,0.999752,1,1,0,0
656,25,182,469,0.999999,0.999983,0.999388,0.999752,0,0,0,0
657,29,183,469,0.999999,0.999983,0.999388,0.999752,0,0,0,0
658,27,183,470,0.999999,0.999985,0.999388,0.999752,0,1,0,0
659,25,183,471,0.999999,0.999985,0.999388,0.999752,0,0,0,0
660,29,184,471,0.999999,0.999985,0.999388,0.999752,0,0,0,0
661,27,184,472,0.999999,0.999985,0.999388,0.999752,0,0,0,0
662,25,184,473,0.999999,0.999985,0.999388,0.999752,1,0,0,0
663,23,184,474,0.999999,0.999985,0.999388,0.999752,0,0,0,0
664,29,185,474,0.999999,0.999985,0.999388,0.999752,0,0,0,0
665,27,185,475,0.999999,0.999987,0.999388,0.999752,1,1,0,0
666,25,185,476,0.999999,0.999988,0.999388,0.999752,0,1,0,0
667,29,186,476,0.999999,0.999990,0.999388,0.999752,0,1,0,0
668,27,186,477,0.999999,0.999991,0.999388,0.999752,0,1,0,0
669,25,186,478,0.999999,0.999991,0.999388,0.999752,1,0,0,0
670,29,187,478,1.000000,0.999991,0.999388,0.999752,1,0,0,0
671,27,187,479,1.000000,0.999992,0.999388,0.999752,0,1,0,0
672,25,187,480,1.000000,0.999992,0.999388,0.999778,0,0,0,1
673,29,188,480,1.000000,0.999992,0.999388,0.999803,0,0,0,1
674,27,188,481,1.000000,0.999992,0.999388,0.999805,0,0,0,0
675,25,188,482,1.000000,0.999992,0.999388,0.999805,1,0,0,0
676,23,188,483,1.000000,0.999992,0.999388,0.999805,0,0,0,0
677,29,189,483,1.000000,0.999992,0.999388,0.999805,0,0,0,0
678,27,189,484,1.000000,0.999992,0.999388,0.999805,1,0,0,0
679,25,189,485,1.000000,0.999993,0.999388,0.999805,0,1,0,0
680,29,190,485,1.000000,0.999994,0.999388,0.999805,0,1,0,0
681,27,190,486,1.000000,0.999994,0.999388,0.999805,0,0,0,0
682,29,191,486,1.000000,0.999994,0.999388,0.999805,0,0,0,0
683,27,191,487,1.000000,0.999994,0.999388,0.999805,0,0,0,0
684,25,191,488,1.000000,0.999994,0.999388,0.999805,0,0,0,0
685,23,191,489,1.000000,0.999994,0.999388,0.999805,0,1,0,0
686,21,191,490,1.000000,0.999995,0.999388,0.999805,0,1,0,0
687,19,191,491,1.000000,0.999995,0.999452,0.999805,0,0,1,0
688,29,192,491,1.000000,0.999995,0.999514,0.999805,0,0,1,0
689,27,192,492,1.000000,0.999996,0.999519,0.999805,0,1,0,0
690,29,193,492,1.000000,0.999996,0.999519,0.999805,0,1,0,0
691,27,193,493,1.000000,0.999996,0.999519,0.999805,0,0,0,0
692,25,193,494,1.000000,0.999996,0.999569,0.999805,0,1,1,0
693,23,193,495,1.000000,0.999997,0.999573,0.999805,0,0,0,0
694,29,194,495,1.000000,0.999997,0.999573,0.999805,0,0,0,0
695,27,194,496,1.000000,0.999997,0.999573,0.999805,0,0,0,0
696,25,194,497,1.000000,0.999997,0.999573,0.999805,0,0,0,0
697,23,194,498,1.000000,0.999997,0.999573,0.999805,0,0,0,0
698,21,194,499,1.000000,0.999997,0.999573,0.999805,0,0,0,0
699,19,194,500,1.000000,0.999997,0.999573,0.999805,0,0,0,0
700,17,194,501,1.000000,0.999997,0.999573,0.999826,1,0,0,1
701,15,194,502,1.000000,0.999997,0.999573,0.999845,0,0,0,1
702,29,195,502,1.000000,0.999997,0.999573,0.999863,0,0,0,1
703,27,195,503,1.000000,0.999997,0.999618,0.999878,0,0,1,1
704,29,196,503,1.000000,0.999997,0.999661,0.999892,0,0,1,1
705,27,196,504,1.000000,0.999997,0.999665,0.999893,0,0,0,0
706,29,197,504,1.000000,0.999997,0.999665,0.999893,0,0,0,0
707,27,197,505,1.000000,0.999997,0.999665,0.999893,0,0,0,0
708,25,197,506,1.000000,0.999997,0.999665,0.999905,0,0,0,1
709,23,197,507,1.000000,0.999997,0.999665,0.999905,0,0,0,0
710,29,198,507,1.000000,0.999997,0.999665,0.999905,0,0,0,0
711,27,198,508,1.000000,0.999997,0.999665,0.999905,0,0,0,0
712,25,198,509,1.000000,0.999997,0.999665,0.999905,0,0,0,0
713,23,198,510,1.000000,0.999997,0.999665,0.999905,0,0,0,0
714,21,198,511,1.000000,0.999997,0.999665,0.999905,0,0,0,0
715,19,198,512,1.000000,0.999997,0.999665,0.999905,0,0,0,0
716,17,198,513,1.000000,0.999997,0.999700,0.999905,0,0,1,0
717,15,198,514,1.000000,0.999997,0.999703,0.999905,0,0,0,0
718,29,199,514,1.000000,0.999997,0.999703,0.999905,0,0,0,0
719,27,199,515,1.000000,0.999997,0.999734,0.999905,0,0,1,0
720,25,199,516,1.000000,0.999997,0.999764,0.999905,0,0,1,0
721,29,200,516,1.000000,0.999997,0.999791,0.999905,0,0,1,0
722,27,200,517,1.000000,0.999997,0.999793,0.999905,0,0,0,0
723,29,201,517,1.000000,0.999997,0.999793,0.999905,0,0,0,0
724,27,201,518,1.000000,0.999997,0.999815,0.999905,0,0,1,0
725,25,201,519,1.000000,0.999997,0.999836,0.999915,0,1,1,1
726,29,202,519,1.000000,0.999997,0.999854,0.999925,0,1,1,1
727,27,202,520,1.000000,0.999997,0.999856,0.999926,0,0,0,0
728,29,203,520,1.000000,0.999997,0.999856,0.999926,0,0,0,0
729,27,203,521,1.000000,0.999997,0.999871,0.999926,1,0,1,0
730,25,203,522,1.000000,0.999997,0.999872,0.999926,0,0,0,0
731,29,204,522,1.000000,0.999997,0.999872,0.999926,0,0,0,0
732,27,204,523,1.000000,0.999997,0.999872,0.999926,0,0,0,0
733,25,204,524,1.000000,0.999997,0.999886,0.999926,0,0,1,0
734,23,204,525,1.000000,0.999997,0.999887,0.999926,0,0,0,0
735,29,205,525,1.000000,0.999997,0.999887,0.999926,0,0,0,0
736,27,205,526,1.000000,0.999997,0.999899,0.999926,0,0,1,0
737,25,205,527,1.000000,0.999997,0.999900,0.999926,0,0,0,0
738,29,206,527,1.000000,0.999997,0.999900,0.999926,0,0,0,0
739,27,206,528,1.000000,0.999997,0.999900,0.999926,0,0,0,0
740,25,206,529,1.000000,0.999997,0.999900,0.999926,0,0,0,0
741,23,206,530,1.000000,0.999997,0.999900,0.999926,0,0,0,0
742,21,206,531,1.000000,0.999997,0.999900,0.999926,0,0,0,0
743,19,206,532,1.000000,0.999997,0.999900,0.999926,0,0,0,0
744,17,206,533,1.000000,0.999997,0.999900,0.999926,0,0,0,0
745,15,206,534,1.000000,0.999998,0.999900,0.999926,0,1,0,0
746,13,206,535,1.000000,0.999998,0.999900,0.999926,0,0,0,0
747,29,207,535,1.000000,0.999998,0.999900,0.999926,0,0,0,0
748,27,207,536,1.000000,0.999998,0.999910,0.999926,1,1,1,0
749,25,207,537,1.000000,0.999998,0.999911,0.999926,0,0,0,0
750,29,208,537,1.000000,0.999998,0.999911,0.999926,0,0,0,0
751,27,208,538,1.000000,0.999998,0.999911,0.999934,0,0,0,1
752,25,208,539,1.000000,0.999998,0.999920,0.999934,0,0,1,0
753,23,208,540,1.000000,0.999998,0.999921,0.999934,0,0,0,0
754,29,209,540,1.000000,0.999998,0.999921,0.999934,0,0,0,0
755,27,209,541,1.000000,0.999998,0.999921,0.999934,0,1,0,0
756,25,209,542,1.000000,0.999998,0.999921,0.999934,0,1,0,0
757,29,210,542,1.000000,0.999998,0.999921,0.999934,0,1,0,0
758,27,210,543,1.000000,0.999998,0.999921,0.999934,1,0,0,0
759,29,211,543,1.000000,0.999998,0.999921,0.999934,1,0,0,0
760,27,211,544,1.000000,0.999999,0.999921,0.999934,1,1,0,0
761,29,212,544,1.000000,0.999999,0.999921,0.999934,1,1,0,0
762,27,212,545,1.000000,0.999999,0.999921,0.999934,0,1,0,0
763,29,213,545,1.000000,0.999999,0.999921,0.999934,0,1,0,0
764,27,213,546,1.000000,0.999999,0.999929,0.999934,0,1,1,0
765,29,214,546,1.000000,0.999999,0.999937,0.999934,0,1,1,0
766,27,214,547,1.000000,0.999999,0.999938,0.999934,0,0,0,0
767,29,215,547,1.000000,0.999999,0.999938,0.999934,0,0,0,0
768,27,215,548,1.000000,0.999999,0.999938,0.999934,0,0,0,0
769,25,215,549,1.000000,0.999999,0.999938,0.999941,0,0,0,1
770,23,215,550,1.000000,0.999999,0.999938,0.999942,0,0,0,0
771,29,216,550,1.000000,0.999999,0.999938,0.999942,0,0,0,0
772,27,216,551,1.000000,0.999999,0.999938,0.999942,0,0,0,0
773,25,216,552,1.000000,0.999999,0.999938,0.999948,0,1,0,1
774,23,216,553,1.000000,0.999999,0.999938,0.999948,1,0,0,0
775,21,216,554,1.000000,0.999999,0.999945,0.999948,0,0,1,0
776,29,217,554,1.000000,0.999999,0.999951,0.999948,0,0,1,0
777,27,217,555,1.000000,0.999999,0.999951,0.999948,0,0,0,0
778,29,218,555,1.000000,0.999999,0.999951,0.999948,0,0,0,0
779,27,218,556,1.000000,0.999999,0.999951,0.999948,0,0,0,0
780,25,218,557,1.000000,0.999999,0.999951,0.999948,0,0,0,0
781,23,218,558,1.000000,0.999999,0.999951,0.999948,0,1,0,0
782,21,218,559,1.000000,0.999999,0.999956,0.999948,0,1,1,0
783,29,219,559,1.000000,1.000000,0.999961,0.999948,0,1,1,0
784,27,219,560,1.000000,1.000000,0.999966,0.999948,0,1,1,0
785,29,220,560,1.000000,1.000000,0.999970,0.999948,0,1,1,0
786,27,220,561,1.000000,1.000000,0.999970,0.999948,0,0,0,0
787,29,221,561,1.000000,1.000000,0.999970,0.999948,0,0,0,0
788,27,221,562,1.000000,1.000000,0.999970,0.999948,0,1,0,0
789,25,221,563,1.000000,1.000000,0.999970,0.999948,0,1,0,0
790,29,222,563,1.000000,1.000000,0.999970,0.999948,0,1,0,0
791,27,222,564,1.000000,1.000000,0.999970,0.999948,0,0,0,0
792,29,223,564,1.000000,1.000000,0.999970,0.999948,0,0,0,0
793,27,223,565,1.000000,1.000000,0.999970,0.999948,0,0,0,0
794,25,223,566,1.000000,1.000000,0.999970,0.999948,0,0,0,0
795,23,223,567,1.000000,1.000000,0.999970,0.999948,0,0,0,0
796,21,223,568,1.000000,1.000000,0.999970,0.999948,0,0,0,0
797,19,223,569,1.000000,1.000000,0.999970,0.999948,0,0,0,0
798,17,223,570,1.000000,1.000000,0.999970,0.999948,0,0,0,0
799,15,223,571,1.000000,1.000000,0.999970,0.999948,0,0,0,0
800,13,223,572,1.000000,1.000000,0.999970,0.999948,1,1,0,0
801,11,223,573,1.000000,1.000000,0.999970,0.999954,0,0,0,1
802,29,224,573,1.000000,1.000000,0.999970,0.999959,0,0,0,1
803,27,224,574,1.000000,1.000000,0.999970,0.999959,0,1,0,0
804,25,224,575,1.000000,1.000000,0.999970,0.999959,0,1,0,0
805,29,225,575,1.000000,1.000000,0.999970,0.999959,0,1,0,0
806,27,225,576,1.000000,1.000000,0.999970,0.999959,1,0,0,0
807,29,226,576,1.000000,1.000000,0.999970,0.999959,1,0,0,0
808,27,226,577,1.000000,1.000000,0.999970,0.999959,0,0,0,0
809,29,227,577,1.000000,1.000000,0.999970,0.999959,0,0,0,0
810,27,227,578,1.000000,1.000000,0.999970,0.999959,1,1,0,0
811,25,227,579,1.000000,1.000000,0.999970,0.999959,1,0,0,0
812,29,228,579,1.000000,1.000000,0.999970,0.999959,1,0,0,0
813,27,228,580,1.000000,1.000000,0.999970,0.999959,0,0,0,0
814,29,229,580,1.000000,1.000000,0.999970,0.999959,0,0,0,0
815,27,229,581,1.000000,1.000000,0.999970,0.999964,0,0,0,1
816,25,229,582,1.000000,1.000000,0.999973,0.999964,0,0,1,0
817,29,230,582,1.000000,1.000000,0.999976,0.999964,0,0,1,0
818,27,230,583,1.000000,1.000000,0.999976,0.999964,0,0,0,0
819,29,231,583,1.000000,1.000000,0.999976,0.999964,0,0,0,0
820,27,231,584,1.000000,1.000000,0.999979,0.999964,0,0,1,0
821,25,231,585,1.000000,1.000000,0.999979,0.999968,0,0,0,1
822,29,232,585,1.000000,1.000000,0.999979,0.999971,0,0,0,1
823,27,232,586,1.000000,1.000000,0.999979,0.999972,0,0,0,0
824,29,233,586,1.000000,1.000000,0.999979,0.999972,0,0,0,0
825,27,233,587,1.000000,1.000000,0.999979,0.999975,0,0,0,1
826,25,233,588,1.000000,1.000000,0.999979,0.999975,0,1,0,0
827,23,233,589,1.000000,1.000000,0.999979,0.999975,0,1,0,0
828,21,233,590,1.000000,1.000000,0.999979,0.999978,1,0,0,1
829,29,234,590,1.000000,1.000000,0.999979,0.999980,1,0,0,1
830,27,234,591,1.000000,1.000000,0.999979,0.999980,0,0,0,0
831,29,235,591,1.000000,1.000000,0.999979,0.999980,0,0,0,0
832,27,235,592,1.000000,1.000000,0.999979,0.999980,1,1,0,0
833,25,235,593,1.000000,1.000000,0.999979,0.999980,1,0,0,0
834,29,236,593,1.000000,1.000000,0.999979,0.999980,1,0,0,0
835,27,236,594,1.000000,1.000000,0.999979,0.999980,0,0,0,0
836,29,237,594,1.000000,1.000000,0.999979,0.999980,0,0,0,0
837,27,237,595,1.000000,1.000000,0.999979,0.999980,0,0,0,0
838,25,237,596,1.000000,1.000000,0.999979,0.999982,0,0,0,1
839,23,237,597,1.000000,1.000000,0.999979,0.999983,1,0,0,0
840,29,238,597,1.000000,1.000000,0.999979,0.999983,1,0,0,0
841,27,238,598,1.000000,1.000000,0.999979,0.999983,0,0,0,0
842,29,239,598,1.000000,1.000000,0.999979,0.999983,0,0,0,0
843,27,239,599,1.000000,1.000000,0.999979,0.999983,0,0,0,0
844,25,239,600,1.000000,1.000000,0.999981,0.999983,0,0,1,0
845,23,239,601,1.000000,1.000000,0.999981,0.999984,0,0,0,1
846,29,240,601,1.000000,1.000000,0.999981,0.999986,0,0,0,1
847,27,240,602,1.000000,1.000000,0.999981,0.999986,0,0,0,0
848,25,240,603,1.000000,1.000000,0.999981,0.999988,1,0,0,1
849,23,240,604,1.000000,1.000000,0.999981,0.999988,0,0,0,0
850,21,240,605,1.000000,1.000000,0.999983,0.999989,0,1,1,1
851,19,240,606,1.000000,1.000000,0.999984,0.999989,0,0,0,0
852,29,241,606,1.000000,1.000000,0.999984,0.999989,0,0,0,0
853,27,241,607,1.000000,1.000000,0.999985,0.999990,0,1,1,1
854,25,241,608,1.000000,1.000000,0.999987,0.999990,0,0,1,0
855,29,242,608,1.000000,1.000000,0.999988,0.999990,0,0,1,0
856,27,242,609,1.000000,1.000000,0.999989,0.999990,0,0,0,0
857,29,243,609,1.000000,1.000000,0.999989,0.999990,0,0,0,0
858,27,243,610,1.000000,1.000000,0.999989,0.999990,0,1,0,0
859,25,243,611,1.000000,1.000000,0.999990,0.999990,0,1,1,0
860,29,244,611,1.000000,1.000000,0.999991,0.999990,0,1,1,0
861,27,244,612,1.000000,1.000000,0.999992,0.999990,0,1,1,0
862,25,244,613,1.000000,1.000000,0.999992,0.999991,1,0,0,1
863,29,245,613,1.000000,1.000000,0.999992,0.999992,1,0,0,1
864,27,245,614,1.000000,1.000000,0.999992,0.999992,0,1,0,0
865,29,246,614,1.000000,1.000000,0.999992,0.999992,0,1,0,0
866,27,246,615,1.000000,1.000000,0.999992,0.999992,0,0,0,0
867,29,247,615,1.000000,1.000000,0.999992,0.999992,0,0,0,0
868,27,247,616,1.000000,1.000000,0.999993,0.999992,1,0,1,0
869,25,247,617,1.000000,1.000000,0.999993,0.999992,0,0,0,0
870,29,248,617,1.000000,1.000000,0.999993,0.999992,0,0,0,0
871,27,248,618,1.000000,1.000000,0.999994,0.999992,0,1,1,0
872,25,248,619,1.000000,1.000000,0.999994,0.999992,0,0,0,0
873,29,249,619,1.000000,1.000000,0.999994,0.999992,0,0,0,0
874,27,249,620,1.000000,1.000000,0.999994,0.999992,1,1,0,0
875,25,249,621,1.000000,1.000000,0.999994,0.999992,0,0,1,0
876,29,250,621,1.000000,1.000000,0.999995,0.999992,0,0,1,0
877,27,250,622,1.000000,1.000000,0.999995,0.999993,0,0,0,1
878,25,250,623,1.000000,1.000000,0.999995,0.999993,0,0,0,0
879,29,251,623,1.000000,1.000000,0.999995,0.999993,0,0,0,0
880,27,251,624,1.000000,1.000000,0.999995,0.999993,0,0,0,0
881,25,251,625,1.000000,1.000000,0.999996,0.999993,0,0,1,0
882,23,251,626,1.000000,1.000000,0.999996,0.999993,0,1,0,0
883,29,252,626,1.000000,1.000000,0.999996,0.999993,0,1,0,0
884,27,252,627,1.000000,1.000000,0.999996,0.999993,0,1,0,0
885,29,253,627,1.000000,1.000000,0.999996,0.999993,0,1,0,0
886,27,253,628,1.000000,1.000000,0.999996,0.999993,1,1,1,0
887,25,253,629,1.000000,1.000000,0.999997,0.999994,1,0,1,1
888,29,254,629,1.000000,1.000000,0.999997,0.999995,1,0,1,1
889,27,254,630,1.000000,1.000000,0.999997,0.999995,0,0,0,1
890,25,254,631,1.000000,1.000000,0.999997,0.999995,1,1,1,0
891,29,255,631,1.000000,1.000000,0.999998,0.999995,1,1,1,0
892,27,255,632,1.000000,1.000000,0.999998,0.999995,1,0,0,0
893,29,256,632,1.000000,1.000000,0.999998,0.999995,1,0,0,0
894,27,256,633,1.000000,1.000000,0.999998,0.999995,0,1,0,0
895,29,257,633,1.000000,1.000000,0.999998,0.999995,0,1,0,0
896,27,257,634,1.000000,1.000000,0.999998,0.999995,0,0,0,0
897,29,258,634,1.000000,1.000000,0.999998,0.999995,0,0,0,0
898,27,258,635,1.000000,1.000000,0.999998,0.999995,0,1,0,0
899,25,258,636,1.000000,1.000000,0.999998,0.999995,0,0,0,0
900,29,259,636,1.000000,1.000000,0.999998,0.999995,0,0,0,0
901,27,259,637,1.000000,1.000000,0.999998,0.999995,0,0,0,0
902,25,259,638,1.000000,1.000000,0.999998,0.999996,0,0,0,1
903,23,259,639,1.000000,1.000000,0.999998,0.999996,0,0,0,1
904,29,260,639,1.000000,1.000000,0.999998,0.999997,0,0,0,1
905,27,260,640,1.000000,1.000000,0.999998,0.999997,0,0,0,0
906,29,261,640,1.000000,1.000000,0.999998,0.999997,0,0,0,0
907,27,261,641,1.000000,1.000000,0.999998,0.999997,0,0,0,0
908,25,261,642,1.000000,1.000000,0.999998,0.999997,1,1,0,1
909,23,261,643,1.000000,1.000000,0.999998,0.999997,1,0,0,0
910,29,262,643,1.000000,1.000000,0.999998,0.999997,1,0,0,0
911,27,262,644,1.000000,1.000000,0.999998,0.999997,0,1,0,0
912,29,263,644,1.000000,1.000000,0.999998,0.999997,0,1,0,0
913,27,263,645,1.000000,1.000000,0.999998,0.999997,0,0,0,0
914,29,264,645,1.000000,1.000000,0.999998,0.999997,0,0,0,0
915,27,264,646,1.000000,1.000000,0.999998,0.999997,0,1,0,0
916,25,264,647,1.000000,1.000000,0.999998,0.999997,0,0,0,0
917,29,265,647,1.000000,1.000000,0.999998,0.999997,0,0,0,0
918,27,265,648,1.000000,1.000000,0.999998,0.999997,0,0,1,0
919,25,265,649,1.000000,1.000000,0.999998,0.999997,0,0,0,0
920,29,266,649,1.000000,1.000000,0.999998,0.999997,0,0,0,1
921,27,266,650,1.000000,1.000000,0.999998,0.999997,0,0,0,0
922,29,267,650,1.000000,1.000000,0.999998,0.999997,0,0,0,0
923,27,267,651,1.000000,1.000000,0.999998,0.999997,0,0,0,0
924,25,267,652,1.000000,1.000000,0.999998,0.999997,0,0,0,0
925,23,267,653,1.000000,1.000000,0.999998,0.999997,0,0,0,0
926,21,267,654,1.000000,1.000000,0.999998,0.999997,0,0,0,0
927,19,267,655,1.000000,1.000000,0.999998,0.999997,0,1,1,0
928,17,267,656,1.000000,1.000000,0.999998,0.999998,0,0,1,1
929,29,268,656,1.000000,1.000000,0.999999,0.999998,0,0,1,1
930,27,268,657,1.000000,1.000000,0.999999,0.999998,0,0,1,0
931,29,269,657,1.000000,1.000000,0.999999,0.999998,0,0,1,0
932,27,269,658,1.000000,1.000000,0.999999,0.999998,0,1,1,1
933,29,270,658,1.000000,1.000000,0.999999,0.999998,0,1,1,1
934,27,270,659,1.000000,1.000000,0.999999,0.999998,0,0,1,0
935,29,271,659,1.000000,1.000000,0.999999,0.999998,0,0,1,0
936,27,271,660,1.000000,1.000000,0.999999,0.999999,0,0,0,1
937,29,272,660,1.000000,1.000000,0.999999,0.999999,0,0,0,1
938,27,272,661,1.000000,1.000000,0.999999,0.999999,0,0,1,0
939,29,273,661,1.000000,1.000000,0.999999,0.999999,0,0,1,0
940,27,273,662,1.000000,1.000000,0.999999,0.999999,0,0,0,1
941,25,273,663,1.000000,1.000000,0.999999,0.999999,0,1,0,1
942,29,274,663,1.000000,1.000000,0.999999,0.999999,0,1,0,1
943,27,274,664,1.000000,1.000000,0.999999,0.999999,0,0,0,1
944,25,274,665,1.000000,1.000000,0.999999,0.999999,1,1,1,0
945,23,274,666,1.000000,1.000000,1.000000,0.999999,1,0,0,0
946,29,275,666,1.000000,1.000000,1.000000,0.999999,1,0,0,0
947,27,275,667,1.000000,1.000000,1.000000,0.999999,1,0,1,0
948,25,275,668,1.000000,1.000000,1.000000,0.999999,0,0,0,0
949,29,276,668,1.000000,1.000000,1.000000,0.999999,0,0,0,0
950,27,276,669,1.000000,1.000000,1.000000,0.999999,0,0,0,0
951,25,276,670,1.000000,1.000000,1.000000,0.999999,0,0,0,0
952,23,276,671,1.000000,1.000000,1.000000,0.999999,1,0,0,0
953,21,276,672,1.000000,1.000000,1.000000,0.999999,0,0,0,1
954,29,277,672,1.000000,1.000000,1.000000,0.999999,0,0,0,1
955,27,277,673,1.000000,1.000000,1.000000,0.999999,1,0,0,0
956,29,278,673,1.000000,1.000000,1.000000,0.999999,1,0,0,0
957,27,278,674,1.000000,1.000000,1.000000,0.999999,0,0,0,1
958,29,279,674,1.000000,1.000000,1.000000,1.000000,0,0,0,1
959,27,279,675,1.000000,1.000000,1.000000,1.000000,0,0,0,0
960,29,280,675,1.000000,1.000000,1.000000,1.000000,0,0,0,0
961,27,280,676,1.000000,1.000000,1.000000,1.000000,0,0,0,1
962,25,280,677,1.000000,1.000000,1.000000,1.000000,0,0,1,0
963,29,281,677,1.000000,1.000000,1.000000,1.000000,0,0,1,0
964,27,281,678,1.000000,1.000000,1.000000,1.000000,0,0,0,0
965,25,281,679,1.000000,1.000000,1.000000,1.000000,0,1,0,0
966,23,281,680,1.000000,1.000000,1.000000,1.000000,0,0,0,0
967,29,282,680,1.000000,1.000000,1.000000,1.000000,0,0,0,0
968,27,282,681,1.000000,1.000000,1.000000,1.000000,0,0,0,0
969,25,282,682,1.000000,1.000000,1.000000,1.000000,0,0,0,0
970,23,282,683,1.000000,1.000000,1.000000,1.000000,0,0,0,0
971,21,282,684,1.000000,1.000000,1.000000,1.000000,0,0,0,0
972,19,282,685,1.000000,1.000000,1.000000,1.000000,0,0,0,0
973,17,282,686,1.000000,1.000000,1.000000,1.000000,0,0,0,0
974,15,282,687,1.000000,1.000000,1.000000,1.000000,0,0,0,0
975,13,282,688,1.000000,1.000000,1.000000,1.000000,1,0,0,1
976,11,282,689,1.000000,1.000000,1.000000,1.000000,1,0,0,1
977,29,283,689,1.000000,1.000000,1.000000,1.000000,1,0,0,1
978,27,283,690,1.000000,1.000000,1.000000,1.000000,1,1,0,0
979,29,284,690,1.000000,1.000000,1.000000,1.000000,1,1,0,0
980,27,284,691,1.000000,1.000000,1.000000,1.000000,0,1,0,0
981,25,284,692,1.000000,1.000000,1.000000,1.000000,0,1,1,1
982,29,285,692,1.000000,1.000000,1.000000,1.000000,0,1,1,1
983,27,285,693,1.000000,1.000000,1.000000,1.000000,0,0,0,0
984,29,286,693,1.000000,1.000000,1.000000,1.000000,0,0,0,0
985,27,286,694,1.000000,1.000000,1.000000,1.000000,1,0,0,0
986,25,286,695,1.000000,1.000000,1.000000,1.000000,0,0,0,0
987,29,287,695,1.000000,1.000000,1.000000,1.000000,0,0,0,0
988,27,287,696,1.000000,1.000000,1.000000,1.000000,0,1,0,0
989,25,287,697,1.000000,1.000000,1.000000,1.000000,0,0,0,0
990,29,288,697,1.000000,1.000000,1.000000,1.000000,0,0,0,0
991,27,288,698,1.000000,1.000000,1.000000,1.000000,1,0,1,0
992,25,288,699,1.000000,1.000000,1.000000,1.000000,0,0,0,0
993,29,289,699,1.000000,1.000000,1.000000,1.000000,0,0,0,0
994,27,289,700,1.000000,1.000000,1.000000,1.000000,0,0,0,0
995,25,289,701,1.000000,1.000000,1.000000,1.000000,0,0,0,0
996,23,289,702,1.000000,1.000000,1.000000,1.000000,1,0,0,0
997,21,289,703,1.000000,1.000000,1.000000,1.000000,0,1,0,0
998,29,290,703,1.000000,1.000000,1.000000,1.000000,0,1,0,0
999,27,290,704,1.000000,1.000000,1.000000,1.000000,0,0,0,0
1000,29,291,704,1.000000,1.000000,1.000000,1.000000,0,0,0,0
1001,27,291,705,1.000000,1.000000,1.000000,1.000000,0,0,0,0
1002,25,291,706,1.000000,1.000000,1.000000,1.000000,0,0,1,0
1003,23,291,707,1.000000,1.000000,1.000000,1.000000,0,0,0,0
1004,29,292,707,1.000000,1.000000,1.000000,1.000000,0,0,0,0
1005,27,292,708,1.000000,1.000000,1.000000,1.000000,0,1,0,1
1006,25,292,709,1.000000,1.000000,1.000000,1.000000,0,0,0,0
1007,29,293,709,1.000000,1.000000,1.000000,1.000000,0,0,0,0
1008,27,293,710,1.000000,1.000000,1.000000,1.000000,0,0,1,0
1009,25,293,711,1.000000,1.000000,1.000000,1.000000,0,1,0,0
1010,23,293,712,1.000000,1.000000,1.000000,1.000000,0,0,1,1
1011,29,294,712,1.000000,1.000000,1.000000,1.000000,0,0,1,1
1012,27,294,713,1.000000,1.000000,1.000000,1.000000,0,1,1,0
1013,29,295,713,1.000000,1.000000,1.000000,1.000000,0,1,1,0
1014,27,295,714,1.000000,1.000000,1.000000,1.000000,0,0,0,0
1015,25,295,715,1.000000,1.000000,1.000000,1.000000,1,0,1,1
1016,23,295,716,1.000000,1.000000,1.000000,1.000000,0,0,0,0
1017,29,296,716,1.000000,1.000000,1.000000,1.000000,0,0,0,0
1018,27,296,717,1.000000,1.000000,1.000000,1.000000,1,0,0,0
1019,25,296,718,1.000000,1.000000,1.000000,1.000000,0,0,0,0
1020,29,297,718,1.000000,1.000000,1.000000,1.000000,0,0,0,0
1021,27,297,719,1.000000,1.000000,1.000000,1.000000,0,1,0,0
1022,25,297,720,1.000000,1.000000,1.000000,1.000000,0,1,0,0
1023,23,297,721,1.000000,1.000000,1.000000,1.000000,0,1,0,1
1024,29,298,721,1.000000,1.000000,1.000000,1.000000,0,1,0,1
1025,27,298,722,1.000000,1.000000,1.000000,1.000000,0,0,0,0
1026,29,299,722,1.000000,1.000000,1.000000,1.000000,0,0,0,0
1027,27,299,723,1.000000,1.000000,1.000000,1.000000,1,0,0,1
1028,25,299,724,1.000000,1.000000,1.000000,1.000000,1,1,0,0
1029,29,300,724,1.000000,1.000000,1.000000,1.000000,1,1,0,0
1030,27,300,725,1.000000,1.000000,1.000000,1.000000,0,0,0,0
1031,29,301,725,1.000000,1.000000,1.000000,1.000000,0,0,0,0
1032,27,301,726,1.000000,1.000000,1.000000,1.000000,0,0,0,1
1033,25,301,727,1.000000,1.000000,1.000000,1.000000,0,0,0,0
1034,29,302,727,1.000000,1.000000,1.000000,1.000000,0,0,0,0
1035,27,302,728,1.000000,1.000000,1.000000,1.000000,0,0,1,1
1036,25,302,729,1.000000,1.000000,1.000000,1.000000,0,0,0,0
1037,23,302,730,1.000000,1.000000,1.000000,1.000000,0,0,0,1
1038,21,302,731,1.000000,1.000000,1.000000,1.000000,0,0,0,0
1039,29,303,731,1.000000,1.000000,1.000000,1.000000,0,0,0,0
1040,27,303,732,1.000000,1.000000,1.000000,1.000000,0,0,0,0
1041,25,303,733,1.000000,1.000000,1.000000,1.000000,0,0,1,0
1042,23,303,734,1.000000,1.000000,1.000000,1.000000,0,0,1,1
1043,29,304,734,1.000000,1.000000,1.000000,1.000000,0,0,1,1
1044,27,304,735,1.000000,1.000000,1.000000,1.000000,0,1,1,0
1045,29,305,735,1.000000,1.000000,1.000000,1.000000,0,1,1,0
1046,27,305,736,1.000000,1.000000,1.000000,1.000000,0,0,0,0
1047,29,306,736,1.000000,1.000000,1.000000,1.000000,0,0,0,0
1048,27,306,737,1.000000,1.000000,1.000000,1.000000,1,0,1,0
1049,25,306,738,1.000000,1.000000,1.000000,1.000000,0,0,0,0
1050,29,307,738,1.000000,1.000000,1.000000,1.000000,0,0,0,0
1051,27,307,739,1.000000,1.000000,1.000000,1.000000,0,0,0,0
1052,25,307,740,1.000000,1.000000,1.000000,1.000000,0,0,0,0
1053,23,307,741,1.000000,1.000000,1.000000,1.000000,0,0,0,0
1054,21,307,742,1.000000,1.000000,1.000000,1.000000,0,0,0,0
1055,19,307,743,1.000000,1.000000,1.000000,1.000000,0,0,0,1
1056,17,307,744,1.000000,1.000000,1.000000,1.000000,1,0,0,0
1057,29,308,744,1.000000,1.000000,1.000000,1.000000,1,0,0,0
1058,27,308,745,1.000000,1.000000,1.000000,1.000000,0,0,0,0
1059,29,309,745,1.000000,1.000000,1.000000,1.000000,0,0,0,0
1060,27,309,746,1.000000,1.000000,1.000000,1.000000,0,0,0,0
1061,25,309,747,1.000000,1.000000,1.000000,1.000000,0,0,0,0
1062,23,309,748,1.000000,1.000000,1.000000,1.000000,0,0,0,0
1063,21,309,749,1.000000,1.000000,1.000000,1.000000,0,0,0,0
1064,19,309,750,1.000000,1.000000,1.000000,1.000000,0,0,0,0
1065,17,309,751,1.000000,1.000000,1.000000,1.000000,0,0,0,0
1066,15,309,752,1.000000,1.000000,1.000000,1.000000,0,0,0,0
1067,13,309,753,1.000000,1.000000,1.000000,1.000000,0,0,1,0
1068,11,309,754,1.000000,1.000000,1.000000,1.000000,0,0,1,0
1069,29,310,754,1.000000,1.000000,1.000000,1.000000,0,0,1,0
1070,27,310,755,1.000000,1.000000,1.000000,1.000000,0,0,0,1
1071,29,311,755,1.000000,1.000000,1.000000,1.000000,0,0,0,1
1072,27,311,756,1.000000,1.000000,1.000000,1.000000,0,0,1,0
1073,25,311,757,1.000000,1.000000,1.000000,1.000000,0,0,0,0
1074,29,312,757,1.000000,1.000000,1.000000,1.000000,0,0,0,0
1075,27,312,758,1.000000,1.000000,1.000000,1.000000,0,1,0,0
1076,25,312,759,1.000000,1.000000,1.000000,1.000000,0,0,0,0
1077,29,313,759,1.000000,1.000000,1.000000,1.000000,0,0,0,0
1078,27,313,760,1.000000,1.000000,1.000000,1.000000,0,0,0,0
1079,25,313,761,1.000000,1.000000,1.000000,1.000000,0,0,0,0
1080,23,313,762,1.000000,1.000000,1.000000,1.000000,0,0,0,0
1081,21,313,763,1.000000,1.000000,1.000000,1.000000,0,0,0,0
1082,19,313,764,1.000000,1.000000,1.000000,1.000000,0,0,0,0
1083,17,313,765,1.000000,1.000000,1.000000,1.000000,0,0,1,0
1084,15,313,766,1.000000,1.000000,1.000000,1.000000,0,1,0,0
1085,13,313,767,1.000000,1.000000,1.000000,1.000000,0,1,0,1
1086,29,314,767,1.000000,1.000000,1.000000,1.000000,0,1,0,1
1087,27,314,768,1.000000,1.000000,1.000000,1.000000,0,0,0,0
1088,29,315,768,1.000000,1.000000,1.000000,1.000000,0,0,0,0
1089,27,315,769,1.000000,1.000000,1.000000,1.000000,0,0,0,0
1090,25,315,770,1.000000,1.000000,1.000000,1.000000,0,0,0,0
1091,23,315,771,1.000000,1.000000,1.000000,1.000000,0,0,0,0
1092,21,315,772,1.000000,1.000000,1.000000,1.000000,0,0,0,0
1093,19,315,773,1.000000,1.000000,1.000000,1.000000,0,0,0,1
1094,17,315,774,1.000000,1.000000,1.000000,1.000000,0,0,0,0
1095,29,316,774,1.000000,1.000000,1.000000,1.000000,0,0,0,0
1096,27,316,775,1.000000,1.000000,1.000000,1.000000,0,0,0,0
1097,25,316,776,1.000000,1.000000,1.000000,1.000000,0,0,0,0
1098,23,316,777,1.000000,1.000000,1.000000,1.000000,0,0,0,0
1099,21,316,778,1.000000,1.000000,1.000000,1.000000,0,0,0,0
1100,19,316,779,1.000000,1.000000,1.000000,1.000000,0,0,0,0
1101,17,316,780,1.000000,1.000000,1.000000,1.000000,0,1,0,0
1102,15,316,781,1.000000,1.000000,1.000000,1.000000,1,0,0,0
1103,29,317,781,1.000000,1.000000,1.000000,1.000000,1,0,0,0
1104,27,317,782,1.000000,1.000000,1.000000,1.000000,1,0,0,0
1105,29,318,782,1.000000,1.000000,1.000000,1.000000,1,0,0,0
1106,27,318,783,1.000000,1.000000,1.000000,1.000000,0,1,0,0
1107,29,319,783,1.000000,1.000000,1.000000,1.000000,0,1,0,0
1108,27,319,784,1.000000,1.000000,1.000000,1.000000,0,0,0,0
1109,29,320,784,1.000000,1.000000,1.000000,1.000000,0,0,0,0
1110,27,320,785,1.000000,1.000000,1.000000,1.000000,0,0,0,0
1111,25,320,786,1.000000,1.000000,1.000000,1.000000,0,0,0,0
1112,23,320,787,1.000000,1.000000,1.000000,1.000000,0,0,1,0
1113,21,320,788,1.000000,1.000000,1.000000,1.000000,0,0,0,0
1114,29,321,788,1.000000,1.000000,1.000000,1.000000,0,0,0,0
1115,27,321,789,1.000000,1.000000,1.000000,1.000000,0,0,0,0
1116,25,321,790,1.000000,1.000000,1.000000,1.000000,0,0,0,0
1117,23,321,791,1.000000,1.000000,1.000000,1.000000,0,0,0,0
1118,21,321,792,1.000000,1.000000,1.000000,1.000000,0,0,0,0
1119,19,321,793,1.000000,1.000000,1.000000,1.000000,0,0,0,0
1120,17,321,794,1.000000,1.000000,1.000000,1.000000,0,0,0,0
1121,15,321,795,1.000000,1.000000,1.000000,1.000000,0,0,0,0
1122,13,321,796,1.000000,1.000000,1.000000,1.000000,0,0,0,1
1123,11,321,797,1.000000,1.000000,1.000000,1.000000,0,0,0,0
1124,9,321,798,1.000000,1.000000,1.000000,1.000000,0,0,1,0
1125,7,321,799,1.000000,1.000000,1.000000,1.000000,0,0,0,0
1126,29,322,799,1.000000,1.000000,1.000000,1.000000,0,0,0,0
1127,27,322,800,1.000000,1.000000,1.000000,1.000000,0,0,1,0
1128,25,322,801,1.000000,1.000000,1.000000,1.000000,0,0,1,0
1129,29,323,801,1.000000,1.000000,1.000000,1.000000,0,0,1,0
1130,27,323,802,1.000000,1.000000,1.000000,1.000000,0,0,0,0
1131,29,324,802,1.000000,1.000000,1.000000,1.000000,0,0,0,0
1132,27,324,803,1.000000,1.000000,1.000000,1.000000,0,0,1,0
1133,25,324,804,1.000000,1.000000,1.000000,1.000000,0,0,1,0
1134,29,325,804,1.000000,1.000000,1.000000,1.000000,0,0,1,0
1135,27,325,805,1.000000,1.000000,1.000000,1.000000,0,0,0,0
1136,29,326,805,1.000000,1.000000,1.000000,1.000000,0,0,0,0
1137,27,326,806,1.000000,1.000000,1.000000,1.000000,0,0,0,0
1138,25,326,807,1.000000,1.000000,1.000000,1.000000,0,0,0,0
1139,23,326,808,1.000000,1.000000,1.000000,1.000000,0,0,0,0
1140,21,326,809,1.000000,1.000000,1.000000,1.000000,0,0,0,0
1141,19,326,810,1.000000,1.000000,1.000000,1.000000,0,0,0,0
1142,17,326,811,1.000000,1.000000,1.000000,1.000000,0,0,0,0
1143,15,326,812,1.000000,1.000000,1.000000,1.000000,0,0,0,0
1144,13,326,813,1.000000,1.000000,1.000000,1.000000,0,0,0,0
1145,11,326,814,1.000000,1.000000,1.000000,1.000000,0,0,0,0
1146,9,326,815,1.000000,1.000000,1.000000,1.000000,0,0,0,0
1147,7,326,816,1.000000,1.000000,1.000000,1.000000,0,0,0,0
1148,5,326,817,1.000000,1.000000,1.000000,1.000000,1,0,0,0
1149,3,326,818,1.000000,1.000000,1.000000,1.000000,0,0,0,0
1150,29,327,818,1.000000,1.000000,1.000000,1.000000,0,0,1,0
1151,27,327,819,1.000000,1.000000,1.000000,1.000000,0,0,0,0
1152,29,328,819,1.000000,1.000000,1.000000,1.000000,0,0,0,0
1153,27,328,820,1.000000,1.000000,1.000000,1.000000,0,0,1,0
1154,25,328,821,1.000000,1.000000,1.000000,1.000000,0,0,0,0
1155,29,329,821,1.000000,1.000000,1.000000,1.000000,0,0,0,0
1156,27,329,822,1.000000,1.000000,1.000000,1.000000,0,1,0,0
1157,25,329,823,1.000000,1.000000,1.000000,1.000000,0,1,0,0
1158,23,329,824,1.000000,1.000000,1.000000,1.000000,1,0,0,1
1159,29,330,824,1.000000,1.000000,1.000000,1.000000,1,0,0,1
1160,27,330,825,1.000000,1.000000,1.000000,1.000000,0,1,0,0
1161,29,331,825,1.000000,1.000000,1.000000,1.000000,0,1,0,0
1162,27,331,826,1.000000,1.000000,1.000000,1.000000,1,0,0,0
1163,29,332,826,1.000000,1.000000,1.000000,1.000000,1,0,0,0
1164,27,332,827,1.000000,1.000000,1.000000,1.000000,1,0,0,0
1165,25,332,828,1.000000,1.000000,1.000000,1.000000,0,1,0,1
1166,23,332,829,1.000000,1.000000,1.000000,1.000000,0,1,0,1
1167,29,333,829,1.000000,1.000000,1.000000,1.000000,0,1,0,1
1168,27,333,830,1.000000,1.000000,1.000000,1.000000,0,1,0,0
1169,29,334,830,1.000000,1.000000,1.000000,1.000000,0,1,0,0
1170,27,334,831,1.000000,1.000000,1.000000,1.000000,1,0,0,0
1171,29,335,831,1.000000,1.000000,1.000000,1.000000,1,0,0,0
1172,27,335,832,1.000000,1.000000,1.000000,1.000000,0,0,0,0
1173,29,336,832,1.000000,1.000000,1.000000,1.000000,0,0,0,0
1174,27,336,833,1.000000,1.000000,1.000000,1.000000,0,0,0,0
1175,25,336,834,1.000000,1.000000,1.000000,1.000000,0,0,0,0
1176,23,336,835,1.000000,1.000000,1.000000,1.000000,0,0,0,0
1177,21,336,836,1.000000,1.000000,1.000000,1.000000,0,0,0,0
1178,19,336,837,1.000000,1.000000,1.000000,1.000000,0,0,0,0
1179,17,336,838,1.000000,1.000000,1.000000,1.000000,0,1,0,0
1180,15,336,839,1.000000,1.000000,1.000000,1.000000,0,1,0,0
1181,29,337,839,1.000000,1.000000,1.000000,1.000000,0,1,0,0
1182,27,337,840,1.000000,1.000000,1.000000,1.000000,0,0,0,0
1183,29,338,840,1.000000,1.000000,1.000000,1.000000,0,0,0,0
1184,27,338,841,1.000000,1.000000,1.000000,1.000000,0,0,0,0
1185,25,338,842,1.000000,1.000000,1.000000,1.000000,1,0,0,0
1186,23,338,843,1.000000,1.000000,1.000000,1.000000,0,0,0,1
1187,21,338,844,1.000000,1.000000,1.000000,1.000000,0,1,0,1
1188,29,339,844,1.000000,1.000000,1.000000,1.000000,0,1,0,1
1189,27,339,845,1.000000,1.000000,1.000000,1.000000,1,0,0,0
1190,29,340,845,1.000000,1.000000,1.000000,1.000000,1,0,0,0
1191,27,340,846,1.000000,1.000000,1.000000,1.000000,0,0,0,0
1192,29,341,846,1.000000,1.000000,1.000000,1.000000,0,0,0,0
1193,27,341,847,1.000000,1.000000,1.000000,1.000000,0,0,0,0
1194,25,341,848,1.000000,1.000000,1.000000,1.000000,0,0,0,0
1195,23,341,849,1.000000,1.000000,1.000000,1.000000,0,0,0,0
1196,21,341,850,1.000000,1.000000,1.000000,1.000000,0,1,0,0
1197,19,341,851,1.000000,1.000000,1.000000,1.000000,0,1,0,0
1198,17,341,852,1.000000,1.000000,1.000000,1.000000,0,0,0,1
1199,29,342,852,1.000000,1.000000,1.000000,1.000000,0,0,0,1
1200,27,342,853,1.000000,1.000000,1.000000,1.000000,0,0,0,0
1201,29,343,853,1.000000,1.000000,1.000000,1.000000,0,0,0,0
1202,27,343,854,1.000000,1.000000,1.000000,1.000000,0,0,0,0
1203,25,343,855,1.000000,1.000000,1.000000,1.000000,0,0,0,1
1204,23,343,856,1.000000,1.000000,1.000000,1.000000,0,1,0,1
1205,29,344,856,1.000000,1.000000,1.000000,1.000000,0,1,0,1
1206,27,344,857,1.000000,1.000000,1.000000,1.000000,1,0,0,0
1207,29,345,857,1.000000,1.000000,1.000000,1.000000,1,0,0,0
1208,27,345,858,1.000000,1.000000,1.000000,1.000000,0,0,0,0
1209,29,346,858,1.000000,1.000000,1.000000,1.000000,0,0,0,0
1210,27,346,859,1.000000,1.000000,1.000000,1.000000,0,0,0,0
1211,25,346,860,1.000000,1.000000,1.000000,1.000000,0,0,0,0
1212,23,346,861,1.000000,1.000000,1.000000,1.000000,0,0,0,0
1213,21,346,862,1.000000,1.000000,1.000000,1.000000,0,1,0,0
1214,19,346,863,1.000000,1.000000,1.000000,1.000000,0,0,0,0
1215,29,347,863,1.000000,1.000000,1.000000,1.000000,0,0,0,0
1216,27,347,864,1.000000,1.000000,1.000000,1.000000,0,0,0,0
1217,25,347,865,1.000000,1.000000,1.000000,1.000000,0,0,1,0
1218,23,347,866,1.000000,1.000000,1.000000,1.000000,0,0,0,0
1219,29,348,866,1.000000,1.000000,1.000000,1.000000,0,0,0,0
1220,27,348,867,1.000000,1.000000,1.000000,1.000000,0,0,0,0
1221,25,348,868,1.000000,1.000000,1.000000,1.000000,0,0,0,0
1222,23,348,869,1.000000,1.000000,1.000000,1.000000,0,0,0,0
1223,21,348,870,1.000000,1.000000,1.000000,1.000000,0,0,0,0
1224,19,348,871,1.000000,1.000000,1.000000,1.000000,0,0,0,1
1225,17,348,872,1.000000,1.000000,1.000000,1.000000,0,0,1,0
1226,29,349,872,1.000000,1.000000,1.000000,1.000000,0,0,1,0
1227,27,349,873,1.000000,1.000000,1.000000,1.000000,0,0,0,1
1228,29,350,873,1.000000,1.000000,1.000000,1.000000,0,0,0,1
1229,27,350,874,1.000000,1.000000,1.000000,1.000000,0,0,1,0
1230,25,350,875,1.000000,1.000000,1.000000,1.000000,0,1,0,0
1231,29,351,875,1.000000,1.000000,1.000000,1.000000,0,1,0,0
1232,27,351,876,1.000000,1.000000,1.000000,1.000000,0,0,0,0
1233,29,352,876,1.000000,1.000000,1.000000,1.000000,0,0,0,0
1234,27,352,877,1.000000,1.000000,1.000000,1.000000,1,0,0,0
1235,25,352,878,1.000000,1.000000,1.000000,1.000000,0,0,0,0
1236,29,353,878,1.000000,1.000000,1.000000,1.000000,0,0,0,0
1237,27,353,879,1.000000,1.000000,1.000000,1.000000,0,1,0,0
1238,25,353,880,1.000000,1.000000,1.000000,1.000000,0,0,0,0
1239,29,354,880,1.000000,1.000000,1.000000,1.000000,0,0,0,0
1240,27,354,881,1.000000,1.000000,1.000000,1.000000,0,0,0,0
1241,25,354,882,1.000000,1.000000,1.000000,1.000000,0,0,0,0
1242,23,354,883,1.000000,1.000000,1.000000,1.000000,0,0,0,0
1243,21,354,884,1.000000,1.000000,1.000000,1.000000,1,1,0,0
1244,19,354,885,1.000000,1.000000,1.000000,1.000000,0,0,0,0
1245,29,355,885,1.000000,1.000000,1.000000,1.000000,0,0,0,0
1246,27,355,886,1.000000,1.000000,1.000000,1.000000,1,0,0,0
1247,25,355,887,1.000000,1.000000,1.000000,1.000000,0,0,0,0
1248,29,356,887,1.000000,1.000000,1.000000,1.000000,0,0,0,0
1249,27,356,888,1.000000,1.000000,1.000000,1.000000,0,0,0,0
1250,25,356,889,1.000000,1.000000,1.000000,1.000000,0,0,0,0
1251,23,356,890,1.000000,1.000000,1.000000,1.000000,0,0,0,1
1252,21,356,891,1.000000,1.000000,1.000000,1.000000,0,0,0,0
1253,19,356,892,1.000000,1.000000,1.000000,1.000000,0,0,0,0
1254,17,356,893,1.000000,1.000000,1.000000,1.000000,0,0,1,0
1255,15,356,894,1.000000,1.000000,1.000000,1.000000,0,0,0,0
1256,29,357,894,1.000000,1.000000,1.000000,1.000000,0,0,0,0
1257,27,357,895,1.000000,1.000000,1.000000,1.000000,0,0,0,0
1258,25,357,896,1.000000,1.000000,1.000000,1.000000,0,0,1,0
1259,23,357,897,1.000000,1.000000,1.000000,1.000000,0,0,0,0
1260,21,357,898,1.000000,1.000000,1.000000,1.000000,1,0,1,0
1261,19,357,899,1.000000,1.000000,1.000000,1.000000,0,0,1,0
1262,17,357,900,1.000000,1.000000,1.000000,1.000000,1,0,0,0
1263,29,358,900,1.000000,1.000000,1.000000,1.000000,1,0,0,0
1264,27,358,901,1.000000,1.000000,1.000000,1.000000,0,0,0,0
1265,29,359,901,1.000000,1.000000,1.000000,1.000000,0,0,0,0
1266,27,359,902,1.000000,1.000000,1.000000,1.000000,1,0,0,0
1267,25,359,903,1.000000,1.000000,1.000000,1.000000,0,0,0,0
1268,29,360,903,1.000000,1.000000,1.000000,1.000000,0,0,0,0
1269,27,360,904,1.000000,1.000000,1.000000,1.000000,1,1,0,1
1270,25,360,905,1.000000,1.000000,1.000000,1.000000,1,0,0,0
1271,29,361,905,1.000000,1.000000,1.000000,1.000000,1,0,0,0
1272,27,361,906,1.000000,1.000000,1.000000,1.000000,0,0,0,0
1273,29,362,906,1.000000,1.000000,1.000000,1.000000,0,0,0,0
1274,27,362,907,1.000000,1.000000,1.000000,1.000000,0,0,0,0
1275,25,362,908,1.000000,1.000000,1.000000,1.000000,1,0,0,0
1276,23,362,909,1.000000,1.000000,1.000000,1.000000,0,0,0,0
1277,29,363,909,1.000000,1.000000,1.000000,1.000000,0,0,0,0
1278,27,363,910,1.000000,1.000000,1.000000,1.000000,0,0,0,0
1279,25,363,911,1.000000,1.000000,1.000000,1.000000,0,0,0,1
1280,23,363,912,1.000000,1.000000,1.000000,1.000000,0,0,0,0
1281,29,364,912,1.000000,1.000000,1.000000,1.000000,0,0,0,0
1282,27,364,913,1.000000,1.000000,1.000000,1.000000,0,0,0,0
1283,25,364,914,1.000000,1.000000,1.000000,1.000000,0,0,0,0
1284,23,364,915,1.000000,1.000000,1.000000,1.000000,0,0,0,0
1285,21,364,916,1.000000,1.000000,1.000000,1.000000,0,1,1,0
1286,19,364,917,1.000000,1.000000,1.000000,1.000000,0,0,0,0
1287,29,365,917,1.000000,1.000000,1.000000,1.000000,0,0,0,0
1288,27,365,918,1.000000,1.000000,1.000000,1.000000,0,1,0,0
1289,25,365,919,1.000000,1.000000,1.000000,1.000000,1,0,0,0
1290,29,366,919,1.000000,1.000000,1.000000,1.000000,1,0,0,0
1291,27,366,920,1.000000,1.000000,1.000000,1.000000,0,0,0,0
1292,29,367,920,1.000000,1.000000,1.000000,1.000000,0,0,0,0
1293,27,367,921,1.000000,1.000000,1.000000,1.000000,0,0,0,0
1294,25,367,922,1.000000,1.000000,1.000000,1.000000,0,1,1,0
1295,23,367,923,1.000000,1.000000,1.000000,1.000000,1,1,0,0
1296,29,368,923,1.000000,1.000000,1.000000,1.000000,1,1,0,0
1297,27,368,924,1.000000,1.000000,1.000000,1.000000,0,0,0,0
1298,29,369,924,1.000000,1.000000,1.000000,1.000000,0,0,0,0
1299,27,369,925,1.000000,1.000000,1.000000,1.000000,0,0,0,0
1300,25,369,926,1.000000,1.000000,1.000000,1.000000,0,0,0,0
1301,23,369,927,1.000000,1.000000,1.000000,1.000000,0,0,1,0
1302,21,369,928,1.000000,1.000000,1.000000,1.000000,0,0,0,0
1303,29,370,928,1.000000,1.000000,1.000000,1.000000,0,0,0,0
1304,27,370,929,1.000000,1.000000,1.000000,1.000000,0,0,0,0
1305,25,370,930,1.000000,1.000000,1.000000,1.000000,0,0,0,0
1306,23,370,931,1.000000,1.000000,1.000000,1.000000,0,0,0,0
1307,21,370,932,1.000000,1.000000,1.000000,1.000000,0,0,0,1
1308,19,370,933,1.000000,1.000000,1.000000,1.000000,0,0,0,0
1309,29,371,933,1.000000,1.000000,1.000000,1.000000,0,0,0,0
1310,27,371,934,1.000000,1.000000,1.000000,1.000000,0,1,0,1
1311,25,371,935,1.000000,1.000000,1.000000,1.000000,1,0,0,0
1312,29,372,935,1.000000,1.000000,1.000000,1.000000,1,0,0,0
1313,27,372,936,1.000000,1.000000,1.000000,1.000000,0,0,0,0
1314,29,373,936,1.000000,1.000000,1.000000,1.000000,0,0,0,0
1315,27,373,937,1.000000,1.000000,1.000000,1.000000,0,1,0,0
1316,25,373,938,1.000000,1.000000,1.000000,1.000000,0,0,1,0
1317,23,373,939,1.000000,1.000000,1.000000,1.000000,1,1,0,0
1318,29,374,939,1.000000,1.000000,1.000000,1.000000,1,1,0,0
1319,27,374,940,1.000000,1.000000,1.000000,1.000000,0,0,0,0
1320,29,375,940,1.000000,1.000000,1.000000,1.000000,0,0,0,0
1321,27,375,941,1.000000,1.000000,1.000000,1.000000,1,0,0,0
1322,25,375,942,1.000000,1.000000,1.000000,1.000000,0,0,0,0
1323,29,376,942,1.000000,1.000000,1.000000,1.000000,0,0,0,0
1324,27,376,943,1.000000,1.000000,1.000000,1.000000,0,0,0,0
1325,25,376,944,1.000000,1.000000,1.000000,1.000000,0,0,0,0
1326,23,376,945,1.000000,1.000000,1.000000,1.000000,0,0,0,0
1327,21,376,946,1.000000,1.000000,1.000000,1.000000,0,0,0,0
1328,19,376,947,1.000000,1.000000,1.000000,1.000000,0,0,0,0
1329,17,376,948,1.000000,1.000000,1.000000,1.000000,0,0,0,0
1330,15,376,949,1.000000,1.000000,1.000000,1.000000,0,0,0,0
1331,13,376,950,1.000000,1.000000,1.000000,1.000000,0,0,0,0
1332,11,376,951,1.000000,1.000000,1.000000,1.000000,0,0,0,0
1333,9,376,952,1.000000,1.000000,1.000000,1.000000,0,0,0,0
1334,7,376,953,1.000000,1.000000,1.000000,1.000000,0,0,0,0
1335,5,376,954,1.000000,1.000000,1.000000,1.000000,0,0,0,0
1336,3,376,955,1.000000,1.000000,1.000000,1.000000,0,0,1,0
1337,1,376,956,1.000000,1.000000,1.000000,1.000000,0,0,0,0
1338,29,377,956,1.000000,1.000000,1.000000,1.000000,0,0,0,0
1339,27,377,957,1.000000,1.000000,1.000000,1.000000,0,0,0,0
1340,25,377,958,1.000000,1.000000,1.000000,1.000000,0,1,0,1
1341,23,377,959,1.000000,1.000000,1.000000,1.000000,0,0,0,0
1342,29,378,959,1.000000,1.000000,1.000000,1.000000,0,0,0,0
1343,27,378,960,1.000000,1.000000,1.000000,1.000000,1,0,1,0
1344,25,378,961,1.000000,1.000000,1.000000,1.000000,0,0,0,0
1345,29,379,961,1.000000,1.000000,1.000000,1.000000,0,0,0,0
1346,27,379,962,1.000000,1.000000,1.000000,1.000000,0,0,0,0
1347,25,379,963,1.000000,1.000000,1.000000,1.000000,0,0,0,0
1348,23,379,964,1.000000,1.000000,1.000000,1.000000,0,0,0,0
1349,21,379,965,1.000000,1.000000,1.000000,1.000000,0,0,0,0
1350,19,379,966,1.000000,1.000000,1.000000,1.000000,0,1,0,0
1351,17,379,967,1.000000,1.000000,1.000000,1.000000,0,1,0,0
1352,29,380,967,1.000000,1.000000,1.000000,1.000000,0,1,0,0
1353,27,380,968,1.000000,1.000000,1.000000,1.000000,0,0,0,0
1354,25,380,969,1.000000,1.000000,1.000000,1.000000,1,0,1,0
1355,23,380,970,1.000000,1.000000,1.000000,1.000000,0,1,0,0
1356,29,381,970,1.000000,1.000000,1.000000,1.000000,0,1,0,0
1357,27,381,971,1.000000,1.000000,1.000000,1.000000,0,0,0,0
1358,29,382,971,1.000000,1.000000,1.000000,1.000000,0,0,0,0
1359,27,382,972,1.000000,1.000000,1.000000,1.000000,1,0,0,0
1360,25,382,973,1.000000,1.000000,1.000000,1.000000,0,0,0,0
1361,23,382,974,1.000000,1.000000,1.000000,1.000000,0,0,0,0
1362,21,382,975,1.000000,1.000000,1.000000,1.000000,0,0,1,0
1363,19,382,976,1.000000,1.000000,1.000000,1.000000,0,0,0,0
1364,17,382,977,1.000000,1.000000,1.000000,1.000000,0,0,1,0
1365,15,382,978,1.000000,1.000000,1.000000,1.000000,0,0,1,0
1366,29,383,978,1.000000,1.000000,1.000000,1.000000,0,0,1,0
1367,27,383,979,1.000000,1.000000,1.000000,1.000000,0,1,1,0
1368,29,384,979,1.000000,1.000000,1.000000,1.000000,0,1,1,0
1369,27,384,980,1.000000,1.000000,1.000000,1.000000,0,1,0,1
1370,29,385,980,1.000000,1.000000,1.000000,1.000000,0,1,0,1
1371,27,385,981,1.000000,1.000000,1.000000,1.000000,1,0,1,0
1372,29,386,981,1.000000,1.000000,1.000000,1.000000,1,0,1,0
1373,27,386,982,1.000000,1.000000,1.000000,1.000000,0,0,0,0
1374,29,387,982,1.000000,1.000000,1.000000,1.000000,0,0,0,0
1375,27,387,983,1.000000,1.000000,1.000000,1.000000,0,0,1,0
1376,25,387,984,1.000000,1.000000,1.000000,1.000000,0,0,0,0
1377,29,388,984,1.000000,1.000000,1.000000,1.000000,0,0,0,0
1378,27,388,985,1.000000,1.000000,1.000000,1.000000,0,0,0,0
1379,25,388,986,1.000000,1.000000,1.000000,1.000000,0,0,0,0
1380,23,388,987,1.000000,1.000000,1.000000,1.000000,0,0,1,0
1381,21,388,988,1.000000,1.000000,1.000000,1.000000,0,1,1,0
1382,19,388,989,1.000000,1.000000,1.000000,1.000000,0,0,0,1
1383,17,388,990,1.000000,1.000000,1.000000,1.000000,0,1,1,0
1384,29,389,990,1.000000,1.000000,1.000000,1.000000,0,1,1,0
1385,27,389,991,1.000000,1.000000,1.000000,1.000000,0,0,0,0
1386,29,390,991,1.000000,1.000000,1.000000,1.000000,0,0,0,0
1387,27,390,992,1.000000,1.000000,1.000000,1.000000,0,0,0,0
1388,25,390,993,1.000000,1.000000,1.000000,1.000000,0,0,0,0
1389,23,390,994,1.000000,1.000000,1.000000,1.000000,0,0,0,0
1390,21,390,995,1.000000,1.000000,1.000000,1.000000,0,0,0,0
1391,19,390,996,1.000000,1.000000,1.000000,1.000000,0,0,0,0
1392,17,390,997,1.000000,1.000000,1.000000,1.000000,0,1,0,0
1393,15,390,998,1.000000,1.000000,1.000000,1.000000,0,0,0,0
1394,29,391,998,1.000000,1.000000,1.000000,1.000000,0,0,0,0
1395,27,391,999,1.000000,1.000000,1.000000,1.000000,0,1,0,0
1396,25,391,1000,1.000000,1.000000,1.000000,1.000000,0,1,0,0
1397,23,391,1001,1.000000,1.000000,1.000000,1.000000,1,1,0,0
1398,29,392,1001,1.000000,1.000000,1.000000,1.000000,1,1,0,0
1399,27,392,1002,1.000000,1.000000,1.000000,1.000000,0,1,0,0
1400,29,393,1002,1.000000,1.000000,1.000000,1.000000,0,1,0,0
1401,27,393,1003,1.000000,1.000000,1.000000,1.000000,1,0,0,0
1402,29,394,1003,1.000000,1.000000,1.000000,1.000000,1,0,0,0
1403,27,394,1004,1.000000,1.000000,1.000000,1.000000,0,1,0,0
1404,29,395,1004,1.000000,1.000000,1.000000,1.000000,0,1,0,0
1405,27,395,1005,1.000000,1.000000,1.000000,1.000000,0,1,0,0
1406,29,396,1005,1.000000,1.000000,1.000000,1.000000,0,1,0,0
1407,27,396,1006,1.000000,1.000000,1.000000,1.000000,0,1,1,0
1408,25,396,1007,1.000000,1.000000,1.000000,1.000000,1,1,1,1
1409,29,397,1007,1.000000,1.000000,1.000000,1.000000,1,1,1,1
1410,27,397,1008,1.000000,1.000000,1.000000,1.000000,0,0,1,0
1411,29,398,1008,1.000000,1.000000,1.000000,1.000000,0,0,1,0
1412,27,398,1009,1.000000,1.000000,1.000000,1.000000,0,1,0,0
1413,29,399,1009,1.000000,1.000000,1.000000,1.000000,0,1,0,0
1414,27,399,1010,1.000000,1.000000,1.000000,1.000000,0,0,0,0
1415,29,400,1010,1.000000,1.000000,1.000000,1.000000,0,0,0,0
1416,27,400,1011,1.000000,1.000000,1.000000,1.000000,1,1,0,0
1417,25,400,1012,1.000000,1.000000,1.000000,1.000000,0,1,0,0
1418,29,401,1012,1.000000,1.000000,1.000000,1.000000,0,1,0,0
1419,27,401,1013,1.000000,1.000000,1.000000,1.000000,0,0,0,1
1420,25,401,1014,1.000000,1.000000,1.000000,1.000000,0,0,0,0
1421,29,402,1014,1.000000,1.000000,1.000000,1.000000,0,0,0,0
1422,27,402,1015,1.000000,1.000000,1.000000,1.000000,0,0,0,0
1423,25,402,1016,1.000000,1.000000,1.000000,1.000000,0,1,0,1
1424,23,402,1017,1.000000,1.000000,1.000000,1.000000,0,0,0,1
1425,29,403,1017,1.000000,1.000000,1.000000,1.000000,0,1,0,1
1426,27,403,1018,1.000000,1.000000,1.000000,1.000000,0,0,1,0
1427,29,404,1018,1.000000,1.000000,1.000000,1.000000,0,0,1,0
1428,27,404,1019,1.000000,1.000000,1.000000,1.000000,1,0,1,1
1429,25,404,1020,1.000000,1.000000,1.000000,1.000000,1,0,0,0
1430,29,405,1020,1.000000,1.000000,1.000000,1.000000,1,0,0,0
1431,27,405,1021,1.000000,1.000000,1.000000,1.000000,0,0,0,0
1432,29,406,1021,1.000000,1.000000,1.000000,1.000000,0,0,0,0
1433,27,406,1022,1.000000,1.000000,1.000000,1.000000,0,0,0,0
1434,25,406,1023,1.000000,1.000000,1.000000,1.000000,0,0,0,0
1435,23,406,1024,1.000000,1.000000,1.000000,1.000000,0,0,0,0
1436,21,406,1025,1.000000,1.000000,1.000000,1.000000,0,0,0,0
1437,19,406,1026,1.000000,1.000000,1.000000,1.000000,0,0,0,0
1438,17,406,1027,1.000000,1.000000,1.000000,1.000000,0,0,0,0
1439,15,406,1028,1.000000,1.000000,1.000000,1.000000,0,0,1,0
1440,13,406,1029,1.000000,1.000000,1.000000,1.000000,0,1,0,0
1441,29,407,1029,1.000000,1.000000,1.000000,1.000000,0,1,0,1
1442,27,407,1030,1.000000,1.000000,1.000000,1.000000,0,0,1,0
1443,29,408,1030,1.000000,1.000000,1.000000,1.000000,0,0,1,0
1444,27,408,1031,1.000000,1.000000,1.000000,1.000000,0,0,0,1
1445,25,408,1032,1.000000,1.000000,1.000000,1.000000,0,1,0,1
1446,29,409,1032,1.000000,1.000000,1.000000,1.000000,0,1,0,1
1447,27,409,1033,1.000000,1.000000,1.000000,1.000000,0,0,0,0
1448,29,410,1033,1.000000,1.000000,1.000000,1.000000,0,0,0,0
1449,27,410,1034,1.000000,1.000000,1.000000,1.000000,0,1,1,0
1450,25,410,1035,1.000000,1.000000,1.000000,1.000000,0,0,1,0
1451,29,411,1035,1.000000,1.000000,1.000000,1.000000,0,0,1,0
1452,27,411,1036,1.000000,1.000000,1.000000,1.000000,0,1,0,0
1453,25,411,1037,1.000000,1.000000,1.000000,1.000000,0,0,0,1
1454,29,412,1037,1.000000,1.000000,1.000000,1.000000,0,0,0,1
1455,27,412,1038,1.000000,1.000000,1.000000,1.000000,0,0,0,0
1456,29,413,1038,1.000000,1.000000,1.000000,1.000000,0,0,0,0
1457,27,413,1039,1.000000,1.000000,1.000000,1.000000,0,0,0,0
1458,25,413,1040,1.000000,1.000000,1.000000,1.000000,0,0,0,0
1459,23,413,1041,1.000000,1.000000,1.000000,1.000000,0,0,0,0
1460,21,413,1042,1.000000,1.000000,1.000000,1.000000,1,1,0,0
1461,19,413,1043,1.000000,1.000000,1.000000,1.000000,0,1,0,1
1462,29,414,1043,1.000000,1.000000,1.000000,1.000000,0,1,0,1
1463,27,414,1044,1.000000,1.000000,1.000000,1.000000,0,0,1,0
1464,29,415,1044,1.000000,1.000000,1.000000,1.000000,0,0,1,0
1465,27,415,1045,1.000000,1.000000,1.000000,1.000000,0,0,0,1
1466,29,416,1045,1.000000,1.000000,1.000000,1.000000,0,0,0,1
1467,27,416,1046,1.000000,1.000000,1.000000,1.000000,0,1,1,0
1468,25,416,1047,1.000000,1.000000,1.000000,1.000000,0,0,0,0
1469,29,417,1047,1.000000,1.000000,1.000000,1.000000,0,0,0,0
1470,27,417,1048,1.000000,1.000000,1.000000,1.000000,0,1,0,0
1471,25,417,1049,1.000000,1.000000,1.000000,1.000000,0,0,0,1
1472,29,418,1049,1.000000,1.000000,1.000000,1.000000,0,0,0,1
1473,27,418,1050,1.000000,1.000000,1.000000,1.000000,0,0,0,0
1474,29,419,1050,1.000000,1.000000,1.000000,1.000000,0,0,0,0
1475,27,419,1051,1.000000,1.000000,1.000000,1.000000,0,0,0,0
1476,25,419,1052,1.000000,1.000000,1.000000,1.000000,1,0,0,0
1477,23,419,1053,1.000000,1.000000,1.000000,1.000000,1,1,0,0
1478,29,420,1053,1.000000,1.000000,1.000000,1.000000,1,1,0,0
1479,27,420,1054,1.000000,1.000000,1.000000,1.000000,1,0,0,0
1480,25,420,1055,1.000000,1.000000,1.000000,1.000000,1,1,1,1
1481,23,420,1056,1.000000,1.000000,1.000000,1.000000,0,1,0,1
1482,29,421,1056,1.000000,1.000000,1.000000,1.000000,0,1,0,1
1483,27,421,1057,1.000000,1.000000,1.000000,1.000000,0,0,1,0
1484,29,422,1057,1.000000,1.000000,1.000000,1.000000,0,0,1,0
1485,27,422,1058,1.000000,1.000000,1.000000,1.000000,0,0,0,0
1486,29,423,1058,1.000000,1.000000,1.000000,1.000000,0,0,0,0
1487,27,423,1059,1.000000,1.000000,1.000000,1.000000,0,0,0,0
1488,25,423,1060,1.000000,1.000000,1.000000,1.000000,0,0,0,0
1489,23,423,1061,1.000000,1.000000,1.000000,1.000000,0,0,0,0
1490,21,423,1062,1.000000,1.000000,1.000000,1.000000,0,0,0,0
1491,19,423,1063,1.000000,1.000000,1.000000,1.000000,0,0,0,1
1492,17,423,1064,1.000000,1.000000,1.000000,1.000000,0,0,0,0
1493,15,423,1065,1.000000,1.000000,1.000000,1.000000,0,0,0,0
1494,13,423,1066,1.000000,1.000000,1.000000,1.000000,0,0,0,0
1495,11,423,1067,1.000000,1.000000,1.000000,1.000000,0,0,0,0
1496,9,423,1068,1.000000,1.000000,1.000000,1.000000,0,0,0,0
1497,7,423,1069,1.000000,1.000000,1.000000,1.000000,0,0,0,0
1498,5,423,1070,1.000000,1.000000,1.000000,1.000000,0,1,0,0
1499,3,423,1071,1.000000,1.000000,1.000000,1.000000,0,1,1,0
1500,1,423,1072,1.000000,1.000000,1.000000,1.000000,0,0,1,1
1501,29,424,1072,1.000000,1.000000,1.000000,1.000000,0,0,1,1
1502,27,424,1073,1.000000,1.000000,1.000000,1.000000,0,0,0,0
1503,29,425,1073,1.000000,1.000000,1.000000,1.000000,0,0,0,0
1504,27,425,1074,1.000000,1.000000,1.000000,1.000000,0,0,0,1
1505,25,425,1075,1.000000,1.000000,1.000000,1.000000,0,0,0,0
1506,29,426,1075,1.000000,1.000000,1.000000,1.000000,0,0,0,0
1507,27,426,1076,1.000000,1.000000,1.000000,1.000000,0,0,1,1
1508,25,426,1077,1.000000,1.000000,1.000000,1.000000,0,0,0,0
1509,29,427,1077,1.000000,1.000000,1.000000,1.000000,0,0,0,0
1510,27,427,1078,1.000000,1.000000,1.000000,1.000000,1,0,0,0
1511,25,427,1079,1.000000,1.000000,1.000000,1.000000,0,0,0,1
1512,29,428,1079,1.000000,1.000000,1.000000,1.000000,0,0,0,1
1513,27,428,1080,1.000000,1.000000,1.000000,1.000000,1,0,0,0
1514,29,429,1080,1.000000,1.000000,1.000000,1.000000,1,0,0,0
1515,27,429,1081,1.000000,1.000000,1.000000,1.000000,0,0,0,0
1516,29,430,1081,1.000000,1.000000,1.000000,1.000000,0,0,0,0
1517,27,430,1082,1.000000,1.000000,1.000000,1.000000,1,0,0,0
1518,25,430,1083,1.000000,1.000000,1.000000,1.000000,1,1,0,0
1519,29,431,1083,1.000000,1.000000,1.000000,1.000000,1,1,0,0
1520,27,431,1084,1.000000,1.000000,1.000000,1.000000,1,0,0,0
1521,29,432,1084,1.000000,1.000000,1.000000,1.000000,1,0,0,0
1522,27,432,1085,1.000000,1.000000,1.000000,1.000000,1,1,0,1
1523,29,433,1085,1.000000,1.000000,1.000000,1.000000,1,1,0,1
1524,27,433,1086,1.000000,1.000000,1.000000,1.000000,0,0,0,0
1525,29,434,1086,1.000000,1.000000,1.000000,1.000000,0,0,0,0
1526,27,434,1087,1.000000,1.000000,1.000000,1.000000,0,0,1,0
1527,25,434,1088,1.000000,1.000000,1.000000,1.000000,0,0,0,1
1528,29,435,1088,1.000000,1.000000,1.000000,1.000000,0,0,0,1
1529,27,435,1089,1.000000,1.000000,1.000000,1.000000,0,0,0,1
1530,29,436,1089,1.000000,1.000000,1.000000,1.000000,0,0,0,1
1531,27,436,1090,1.000000,1.000000,1.000000,1.000000,0,0,1,0
1532,29,437,1090,1.000000,1.000000,1.000000,1.000000,0,0,1,0
1533,27,437,1091,1.000000,1.000000,1.000000,1.000000,0,0,0,1
1534,29,438,1091,1.000000,1.000000,1.000000,1.000000,0,0,0,1
1535,27,438,1092,1.000000,1.000000,1.000000,1.000000,0,0,0,1
1536,29,439,1092,1.000000,1.000000,1.000000,1.000000,0,0,0,1
1537,27,439,1093,1.000000,1.000000,1.000000,1.000000,1,0,0,0
1538,29,440,1093,1.000000,1.000000,1.000000,1.000000,1,0,0,0
1539,27,440,1094,1.000000,1.000000,1.000000,1.000000,0,0,0,0
1540,29,441,1094,1.000000,1.000000,1.000000,1.000000,0,0,0,0
1541,27,441,1095,1.000000,1.000000,1.000000,1.000000,0,0,0,1
1542,25,441,1096,1.000000,1.000000,1.000000,1.000000,0,0,0,0
1543,29,442,1096,1.000000,1.000000,1.000000,1.000000,0,0,0,0
1544,27,442,1097,1.000000,1.000000,1.000000,1.000000,0,0,0,0
1545,25,442,1098,1.000000,1.000000,1.000000,1.000000,0,0,0,0
1546,23,442,1099,1.000000,1.000000,1.000000,1.000000,0,1,0,0
1547,21,442,1100,1.000000,1.000000,1.000000,1.000000,1,0,0,0
1548,29,443,1100,1.000000,1.000000,1.000000,1.000000,1,0,0,0
1549,27,443,1101,1.000000,1.000000,1.000000,1.000000,0,0,0,0
1550,29,444,1101,1.000000,1.000000,1.000000,1.000000,0,0,0,0
1551,27,444,1102,1.000000,1.000000,1.000000,1.000000,0,0,0,0
1552,25,444,1103,1.000000,1.000000,1.000000,1.000000,1,0,0,0
1553,23,444,1104,1.000000,1.000000,1.000000,1.000000,1,0,0,0
1554,29,445,1104,1.000000,1.000000,1.000000,1.000000,1,0,0,0
1555,27,445,1105,1.000000,1.000000,1.000000,1.000000,0,0,0,1
1556,29,446,1105,1.000000,1.000000,1.000000,1.000000,0,0,0,1
1557,27,446,1106,1.000000,1.000000,1.000000,1.000000,0,0,0,0
1558,29,447,1106,1.000000,1.000000,1.000000,1.000000,0,0,0,0
1559,27,447,1107,1.000000,1.000000,1.000000,1.000000,0,0,0,0
1560,25,447,1108,1.000000,1.000000,1.000000,1.000000,0,0,0,0
1561,23,447,1109,1.000000,1.000000,1.000000,1.000000,0,1,0,0
1562,21,447,1110,1.000000,1.000000,1.000000,1.000000,0,0,0,0
1563,29,448,1110,1.000000,1.000000,1.000000,1.000000,0,0,0,0
1564,27,448,1111,1.000000,1.000000,1.000000,1.000000,0,0,0,0
1565,25,448,1112,1.000000,1.000000,1.000000,1.000000,0,0,0,0
1566,23,448,1113,1.000000,1.000000,1.000000,1.000000,0,1,1,0
1567,21,448,1114,1.000000,1.000000,1.000000,1.000000,0,0,0,0
1568,29,449,1114,1.000000,1.000000,1.000000,1.000000,0,0,0,0
1569,27,449,1115,1.000000,1.000000,1.000000,1.000000,0,0,0,0
1570,25,449,1116,1.000000,1.000000,1.000000,1.000000,0,0,0,0
1571,23,449,1117,1.000000,1.000000,1.000000,1.000000,1,1,0,0
1572,21,449,1118,1.000000,1.000000,1.000000,1.000000,0,0,0,0
1573,29,450,1118,1.000000,1.000000,1.000000,1.000000,0,0,0,0
1574,27,450,1119,1.000000,1.000000,1.000000,1.000000,1,0,0,0
1575,25,450,1120,1.000000,1.000000,1.000000,1.000000,1,0,0,1
1576,23,450,1121,1.000000,1.000000,1.000000,1.000000,0,1,0,1
1577,29,451,1121,1.000000,1.000000,1.000000,1.000000,0,1,0,1
1578,27,451,1122,1.000000,1.000000,1.000000,1.000000,0,0,0,0
1579,29,452,1122,1.000000,1.000000,1.000000,1.000000,0,0,0,0
1580,27,452,1123,1.000000,1.000000,1.000000,1.000000,0,0,0,0
1581,25,452,1124,1.000000,1.000000,1.000000,1.000000,0,0,0,0
1582,23,452,1125,1.000000,1.000000,1.000000,1.000000,1,0,0,0
1583,21,452,1126,1.000000,1.000000,1.000000,1.000000,1,0,0,0
1584,29,453,1126,1.000000,1.000000,1.000000,1.000000,1,0,0,0
1585,27,453,1127,1.000000,1.000000,1.000000,1.000000,0,0,0,0
1586,29,454,1127,1.000000,1.000000,1.000000,1.000000,0,0,0,0
1587,27,454,1128,1.000000,1.000000,1.000000,1.000000,0,0,0,0
1588,25,454,1129,1.000000,1.000000,1.000000,1.000000,0,0,0,0
1589,23,454,1130,1.000000,1.000000,1.000000,1.000000,0,1,0,0
1590,21,454,1131,1.000000,1.000000,1.000000,1.000000,0,0,0,0
1591,19,454,1132,1.000000,1.000000,1.000000,1.000000,0,1,0,0
1592,17,454,1133,1.000000,1.000000,1.000000,1.000000,1,0,0,0
1593,29,455,1133,1.000000,1.000000,1.000000,1.000000,1,0,0,0
1594,27,455,1134,1.000000,1.000000,1.000000,1.000000,0,0,0,0
1595,29,456,1134,1.000000,1.000000,1.000000,1.000000,0,0,0,0
1596,27,456,1135,1.000000,1.000000,1.000000,1.000000,1,1,0,0
1597,25,456,1136,1.000000,1.000000,1.000000,1.000000,1,1,1,0
1598,29,457,1136,1.000000,1.000000,1.000000,1.000000,1,1,1,0
1599,27,457,1137,1.000000,1.000000,1.000000,1.000000,0,0,0,0
1600,29,458,1137,1.000000,1.000000,1.000000,1.000000,0,0,0,0
1601,27,458,1138,1.000000,1.000000,1.000000,1.000000,0,0,0,0
1602,25,458,1139,1.000000,1.000000,1.000000,1.000000,0,0,0,0
1603,23,458,1140,1.000000,1.000000,1.000000,1.000000,0,0,0,0
1604,21,458,1141,1.000000,1.000000,1.000000,1.000000,0,0,0,0
1605,19,458,1142,1.000000,1.000000,1.000000,1.000000,0,0,0,0
1606,17,458,1143,1.000000,1.000000,1.000000,1.000000,0,0,0,0
1607,15,458,1144,1.000000,1.000000,1.000000,1.000000,1,0,0,0
1608,13,458,1145,1.000000,1.000000,1.000000,1.000000,0,0,0,0
1609,29,459,1145,1.000000,1.000000,1.000000,1.000000,1,0,0,0
1610,27,459,1146,1.000000,1.000000,1.000000,1.000000,0,0,0,0
1611,29,460,1146,1.000000,1.000000,1.000000,1.000000,0,0,0,0
1612,27,460,1147,1.000000,1.000000,1.000000,1.000000,1,1,0,0
1613,25,460,1148,1.000000,1.000000,1.000000,1.000000,1,1,0,0
1614,23,460,1149,1.000000,1.000000,1.000000,1.000000,0,1,0,1
1615,21,460,1150,1.000000,1.000000,1.000000,1.000000,1,1,1,0
1616,29,461,1150,1.000000,1.000000,1.000000,1.000000,1,1,1,0
1617,27,461,1151,1.000000,1.000000,1.000000,1.000000,0,1,0,0
1618,29,462,1151,1.000000,1.000000,1.000000,1.000000,0,1,0,0
1619,27,462,1152,1.000000,1.000000,1.000000,1.000000,0,1,0,0
1620,29,463,1152,1.000000,1.000000,1.000000,1.000000,0,1,0,0
1621,27,463,1153,1.000000,1.000000,1.000000,1.000000,1,0,0,0
1622,29,464,1153,1.000000,1.000000,1.000000,1.000000,1,0,0,0
1623,27,464,1154,1.000000,1.000000,1.000000,1.000000,1,1,0,0
1624,29,465,1154,1.000000,1.000000,1.000000,1.000000,1,1,0,0
1625,27,465,1155,1.000000,1.000000,1.000000,1.000000,1,0,0,0
1626,29,466,1155,1.000000,1.000000,1.000000,1.000000,1,0,0,0
1627,27,466,1156,1.000000,1.000000,1.000000,1.000000,1,0,0,1
1628,29,467,1156,1.000000,1.000000,1.000000,1.000000,1,0,0,1
1629,27,467,1157,1.000000,1.000000,1.000000,1.000000,0,0,0,1
1630,29,468,1157,1.000000,1.000000,1.000000,1.000000,0,0,0,1
1631,27,468,1158,1.000000,1.000000,1.000000,1.000000,0,0,1,0
1632,29,469,1158,1.000000,1.000000,1.000000,1.000000,0,0,1,0
1633,27,469,1159,1.000000,1.000000,1.000000,1.000000,0,0,0,1
1634,29,470,1159,1.000000,1.000000,1.000000,1.000000,0,0,0,1
1635,27,470,1160,1.000000,1.000000,1.000000,1.000000,0,0,0,1
1636,29,471,1160,1.000000,1.000000,1.000000,1.000000,0,0,0,1
1637,27,471,1161,1.000000,1.000000,1.000000,1.000000,1,0,0,0
1638,25,471,1162,1.000000,1.000000,1.000000,1.000000,0,0,1,0
1639,29,472,1162,1.000000,1.000000,1.000000,1.000000,0,0,1,0
1640,27,472,1163,1.000000,1.000000,1.000000,1.000000,1,0,0,1
1641,25,472,1164,1.000000,1.000000,1.000000,1.000000,0,0,0,0
1642,29,473,1164,1.000000,1.000000,1.000000,1.000000,0,0,0,0
1643,27,473,1165,1.000000,1.000000,1.000000,1.000000,0,0,1,0
1644,25,473,1166,1.000000,1.000000,1.000000,1.000000,0,1,1,0
1645,23,473,1167,1.000000,1.000000,1.000000,1.000000,0,0,0,0
1646,29,474,1167,1.000000,1.000000,1.000000,1.000000,0,0,0,0
1647,27,474,1168,1.000000,1.000000,1.000000,1.000000,0,0,0,0
1648,25,474,1169,1.000000,1.000000,1.000000,1.000000,0,1,0,0
1649,23,474,1170,1.000000,1.000000,1.000000,1.000000,0,1,1,0
1650,29,475,1170,1.000000,1.000000,1.000000,1.000000,0,1,1,0
1651,27,475,1171,1.000000,1.000000,1.000000,1.000000,0,0,1,0
1652,29,476,1171,1.000000,1.000000,1.000000,1.000000,0,0,1,0
1653,27,476,1172,1.000000,1.000000,1.000000,1.000000,0,0,1,1
1654,29,477,1172,1.000000,1.000000,1.000000,1.000000,0,0,1,1
1655,27,477,1173,1.000000,1.000000,1.000000,1.000000,0,0,0,1
1656,29,478,1173,1.000000,1.000000,1.000000,1.000000,0,0,0,1
1657,27,478,1174,1.000000,1.000000,1.000000,1.000000,1,0,1,0
1658,29,479,1174,1.000000,1.000000,1.000000,1.000000,1,0,1,0
1659,27,479,1175,1.000000,1.000000,1.000000,1.000000,0,0,0,1
1660,25,479,1176,1.000000,1.000000,1.000000,1.000000,0,1,0,1
1661,29,480,1176,1.000000,1.000000,1.000000,1.000000,0,1,0,1
1662,27,480,1177,1.000000,1.000000,1.000000,1.000000,0,0,0,1
1663,29,481,1177,1.000000,1.000000,1.000000,1.000000,0,0,0,1
1664,27,481,1178,1.000000,1.000000,1.000000,1.000000,1,0,1,0
1665,29,482,1178,1.000000,1.000000,1.000000,1.000000,1,0,1,0
1666,27,482,1179,1.000000,1.000000,1.000000,1.000000,0,0,0,1
1667,29,483,1179,1.000000,1.000000,1.000000,1.000000,0,0,0,1
1668,27,483,1180,1.000000,1.000000,1.000000,1.000000,0,0,0,0
1669,29,484,1180,1.000000,1.000000,1.000000,1.000000,0,0,0,0
1670,27,484,1181,1.000000,1.000000,1.000000,1.000000,0,0,0,1
1671,25,484,1182,1.000000,1.000000,1.000000,1.000000,0,0,1,0
1672,23,484,1183,1.000000,1.000000,1.000000,1.000000,1,0,0,0
1673,29,485,1183,1.000000,1.000000,1.000000,1.000000,1,0,0,0
1674,27,485,1184,1.000000,1.000000,1.000000,1.000000,0,0,0,0
1675,29,486,1184,1.000000,1.000000,1.000000,1.000000,0,0,0,0
1676,27,486,1185,1.000000,1.000000,1.000000,1.000000,0,0,0,0
1677,25,486,1186,1.000000,1.000000,1.000000,1.000000,0,0,0,0
1678,23,486,1187,1.000000,1.000000,1.000000,1.000000,0,0,0,1
1679,21,486,1188,1.000000,1.000000,1.000000,1.000000,0,0,0,0
1680,19,486,1189,1.000000,1.000000,1.000000,1.000000,0,0,0,0
1681,17,486,1190,1.000000,1.000000,1.000000,1.000000,0,0,0,0
1682,15,486,1191,1.000000,1.000000,1.000000,1.000000,0,0,0,0
1683,13,486,1192,1.000000,1.000000,1.000000,1.000000,0,1,0,0
1684,29,487,1192,1.000000,1.000000,1.000000,1.000000,0,1,0,0
1685,27,487,1193,1.000000,1.000000,1.000000,1.000000,0,0,0,0
1686,25,487,1194,1.000000,1.000000,1.000000,1.000000,0,0,0,0
1687,23,487,1195,1.000000,1.000000,1.000000,1.000000,1,1,0,0
1688,21,487,1196,1.000000,1.000000,1.000000,1.000000,0,0,0,0
1689,29,488,1196,1.000000,1.000000,1.000000,1.000000,0,0,0,0
1690,27,488,1197,1.000000,1.000000,1.000000,1.000000,1,0,0,1
1691,25,488,1198,1.000000,1.000000,1.000000,1.000000,0,0,0,1
1692,29,489,1198,1.000000,1.000000,1.000000,1.000000,0,0,0,1
1693,27,489,1199,1.000000,1.000000,1.000000,1.000000,0,0,0,1
1694,25,489,1200,1.000000,1.000000,1.000000,1.000000,1,0,0,1
1695,29,490,1200,1.000000,1.000000,1.000000,1.000000,1,0,0,1
1696,27,490,1201,1.000000,1.000000,1.000000,1.000000,1,0,1,0
1697,29,491,1201,1.000000,1.000000,1.000000,1.000000,1,0,1,0
1698,27,491,1202,1.000000,1.000000,1.000000,1.000000,0,0,0,1
1699,25,491,1203,1.000000,1.000000,1.000000,1.000000,0,1,0,0
1700,29,492,1203,1.000000,1.000000,1.000000,1.000000,0,1,0,0
1701,27,492,1204,1.000000,1.000000,1.000000,1.000000,0,0,0,0
1702,29,493,1204,1.000000,1.000000,1.000000,1.000000,0,0,0,0
1703,27,493,1205,1.000000,1.000000,1.000000,1.000000,0,0,0,0
1704,25,493,1206,1.000000,1.000000,1.000000,1.000000,0,0,0,0
1705,23,493,1207,1.000000,1.000000,1.000000,1.000000,0,0,0,0
1706,21,493,1208,1.000000,1.000000,1.000000,1.000000,0,0,0,0
1707,19,493,1209,1.000000,1.000000,1.000000,1.000000,0,0,0,0
1708,17,493,1210,1.000000,1.000000,1.000000,1.000000,0,0,0,0
1709,15,493,1211,1.000000,1.000000,1.000000,1.000000,0,0,0,0
1710,13,493,1212,1.000000,1.000000,1.000000,1.000000,0,0,0,0
1711,11,493,1213,1.000000,1.000000,1.000000,1.000000,1,1,0,1
1712,9,493,1214,1.000000,1.000000,1.000000,1.000000,0,0,0,0
1713,29,494,1214,1.000000,1.000000,1.000000,1.000000,0,0,0,0
1714,27,494,1215,1.000000,1.000000,1.000000,1.000000,1,0,0,1
1715,25,494,1216,1.000000,1.000000,1.000000,1.000000,0,0,0,1
1716,29,495,1216,1.000000,1.000000,1.000000,1.000000,0,0,0,1
1717,27,495,1217,1.000000,1.000000,1.000000,1.000000,0,0,1,1
1718,29,496,1217,1.000000,1.000000,1.000000,1.000000,0,0,1,1
1719,27,496,1218,1.000000,1.000000,1.000000,1.000000,0,0,0,1
1720,29,497,1218,1.000000,1.000000,1.000000,1.000000,0,0,0,1
1721,27,497,1219,1.000000,1.000000,1.000000,1.000000,1,0,1,0
1722,29,498,1219,1.000000,1.000000,1.000000,1.000000,1,0,1,0
1723,27,498,1220,1.000000,1.000000,1.000000,1.000000,0,0,0,1
1724,29,499,1220,1.000000,1.000000,1.000000,1.000000,0,0,0,1
1725,27,499,1221,1.000000,1.000000,1.000000,1.000000,0,0,0,0
1726,29,500,1221,1.000000,1.000000,1.000000,1.000000,0,0,0,0
1727,27,500,1222,1.000000,1.000000,1.000000,1.000000,1,0,0,0
1728,25,500,1223,1.000000,1.000000,1.000000,1.000000,0,0,0,0
1729,29,501,1223,1.000000,1.000000,1.000000,1.000000,0,0,0,0
1730,27,501,1224,1.000000,1.000000,1.000000,1.000000,0,0,0,0
1731,25,501,1225,1.000000,1.000000,1.000000,1.000000,0,0,0,1
1732,23,501,1226,1.000000,1.000000,1.000000,1.000000,0,0,0,0
1733,29,502,1226,1.000000,1.000000,1.000000,1.000000,0,0,0,0
1734,27,502,1227,1.000000,1.000000,1.000000,1.000000,0,0,0,0
1735,25,502,1228,1.000000,1.000000,1.000000,1.000000,0,0,0,0
1736,23,502,1229,1.000000,1.000000,1.000000,1.000000,0,0,0,0
1737,21,502,1230,1.000000,1.000000,1.000000,1.000000,0,0,0,0
1738,19,502,1231,1.000000,1.000000,1.000000,1.000000,0,1,0,0
1739,17,502,1232,1.000000,1.000000,1.000000,1.000000,1,0,0,0
1740,29,503,1232,1.000000,1.000000,1.000000,1.000000,1,0,0,1
1741,27,503,1233,1.000000,1.000000,1.000000,1.000000,0,0,0,0
1742,29,504,1233,1.000000,1.000000,1.000000,1.000000,0,0,0,0
1743,27,504,1234,1.000000,1.000000,1.000000,1.000000,1,0,0,0
1744,25,504,1235,1.000000,1.000000,1.000000,1.000000,0,0,0,0
1745,29,505,1235,1.000000,1.000000,1.000000,1.000000,0,0,0,0
1746,27,505,1236,1.000000,1.000000,1.000000,1.000000,0,0,0,0
1747,25,505,1237,1.000000,1.000000,1.000000,1.000000,0,0,0,1
1748,23,505,1238,1.000000,1.000000,1.000000,1.000000,0,0,0,0
1749,29,506,1238,1.000000,1.000000,1.000000,1.000000,0,0,0,0
1750,27,506,1239,1.000000,1.000000,1.000000,1.000000,1,0,0,0
1751,25,506,1240,1.000000,1.000000,1.000000,1.000000,0,0,0,0
1752,29,507,1240,1.000000,1.000000,1.000000,1.000000,0,0,0,0
1753,27,507,1241,1.000000,1.000000,1.000000,1.000000,0,0,0,0
1754,25,507,1242,1.000000,1.000000,1.000000,1.000000,0,0,0,0
1755,23,507,1243,1.000000,1.000000,1.000000,1.000000,1,0,0,0
1756,21,507,1244,1.000000,1.000000,1.000000,1.000000,0,0,0,0
1757,29,508,1244,1.000000,1.000000,1.000000,1.000000,0,0,0,0
1758,27,508,1245,1.000000,1.000000,1.000000,1.000000,0,1,0,0
1759,25,508,1246,1.000000,1.000000,1.000000,1.000000,1,0,0,0
1760,29,509,1246,1.000000,1.000000,1.000000,1.000000,1,0,0,0
1761,27,509,1247,1.000000,1.000000,1.000000,1.000000,0,0,0,0
1762,29,510,1247,1.000000,1.000000,1.000000,1.000000,0,0,0,0
1763,27,510,1248,1.000000,1.000000,1.000000,1.000000,0,0,0,0
1764,25,510,1249,1.000000,1.000000,1.000000,1.000000,0,0,1,0
1765,23,510,1250,1.000000,1.000000,1.000000,1.000000,0,1,1,0
1766,29,511,1250,1.000000,1.000000,1.000000,1.000000,0,1,1,0
1767,27,511,1251,1.000000,1.000000,1.000000,1.000000,0,1,1,0
1768,29,512,1251,1.000000,1.000000,1.000000,1.000000,0,1,1,0
1769,27,512,1252,1.000000,1.000000,1.000000,1.000000,0,0,0,0
1770,29,513,1252,1.000000,1.000000,1.000000,1.000000,0,0,0,0
1771,27,513,1253,1.000000,1.000000,1.000000,1.000000,0,1,0,0
1772,25,513,1254,1.000000,1.000000,1.000000,1.000000,0,0,0,0
1773,23,513,1255,1.000000,1.000000,1.000000,1.000000,0,1,0,0
1774,21,513,1256,1.000000,1.000000,1.000000,1.000000,0,1,0,0
1775,29,514,1256,1.000000,1.000000,1.000000,1.000000,0,1,0,0
1776,27,514,1257,1.000000,1.000000,1.000000,1.000000,0,0,0,0
1777,29,515,1257,1.000000,1.000000,1.000000,1.000000,0,0,0,0
1778,27,515,1258,1.000000,1.000000,1.000000,1.000000,0,0,0,0
1779,25,515,1259,1.000000,1.000000,1.000000,1.000000,0,1,0,0
1780,23,515,1260,1.000000,1.000000,1.000000,1.000000,1,0,0,0
1781,21,515,1261,1.000000,1.000000,1.000000,1.000000,0,1,1,0
1782,19,515,1262,1.000000,1.000000,1.000000,1.000000,0,0,0,1
1783,17,515,1263,1.000000,1.000000,1.000000,1.000000,0,1,1,0
1784,29,516,1263,1.000000,1.000000,1.000000,1.000000,0,1,1,0
1785,27,516,1264,1.000000,1.000000,1.000000,1.000000,0,0,0,0
1786,29,517,1264,1.000000,1.000000,1.000000,1.000000,0,0,0,0
1787,27,517,1265,1.000000,1.000000,1.000000,1.000000,1,1,0,0
1788,25,517,1266,1.000000,1.000000,1.000000,1.000000,0,0,0,0
1789,29,518,1266,1.000000,1.000000,1.000000,1.000000,0,0,0,0
1790,27,518,1267,1.000000,1.000000,1.000000,1.000000,0,0,1,0
1791,25,518,1268,1.000000,1.000000,1.000000,1.000000,0,0,0,1
1792,29,519,1268,1.000000,1.000000,1.000000,1.000000,0,0,0,1
1793,27,519,1269,1.000000,1.000000,1.000000,1.000000,0,0,0,0
1794,29,520,1269,1.000000,1.000000,1.000000,1.000000,0,0,0,0
1795,27,520,1270,1.000000,1.000000,1.000000,1.000000,0,0,0,0
1796,25,520,1271,1.000000,1.000000,1.000000,1.000000,0,0,1,1
1797,23,520,1272,1.000000,1.000000,1.000000,1.000000,0,0,0,0
1798,29,521,1272,1.000000,1.000000,1.000000,1.000000,0,0,0,0
1799,27,521,1273,1.000000,1.000000,1.000000,1.000000,0,0,1,1
1800,25,521,1274,1.000000,1.000000,1.000000,1.000000,0,0,0,0
1801,29,522,1274,1.000000,1.000000,1.000000,1.000000,0,0,0,0
1802,27,522,1275,1.000000,1.000000,1.000000,1.000000,1,0,0,1
1803,25,522,1276,1.000000,1.000000,1.000000,1.000000,0,1,0,0
1804,29,523,1276,1.000000,1.000000,1.000000,1.000000,0,1,0,0
1805,27,523,1277,1.000000,1.000000,1.000000,1.000000,0,0,0,0
1806,29,524,1277,1.000000,1.000000,1.000000,1.000000,0,0,0,0
1807,27,524,1278,1.000000,1.000000,1.000000,1.000000,0,0,0,0
1808,25,524,1279,1.000000,1.000000,1.000000,1.000000,0,0,0,0
1809,23,524,1280,1.000000,1.000000,1.000000,1.000000,0,0,0,0
1810,21,524,1281,1.000000,1.000000,1.000000,1.000000,0,0,0,0
1811,19,524,1282,1.000000,1.000000,1.000000,1.000000,1,0,0,0
1812,17,524,1283,1.000000,1.000000,1.000000,1.000000,1,0,0,1
1813,29,525,1283,1.000000,1.000000,1.000000,1.000000,1,0,0,1
1814,27,525,1284,1.000000,1.000000,1.000000,1.000000,0,0,0,0
1815,29,526,1284,1.000000,1.000000,1.000000,1.000000,0,0,0,0
1816,27,526,1285,1.000000,1.000000,1.000000,1.000000,0,0,0,1
1817,25,526,1286,1.000000,1.000000,1.000000,1.000000,0,0,0,0
1818,29,527,1286,1.000000,1.000000,1.000000,1.000000,0,0,0,0
1819,27,527,1287,1.000000,1.000000,1.000000,1.000000,0,0,0,1
1820,25,527,1288,1.000000,1.000000,1.000000,1.000000,0,0,0,1
1821,29,528,1288,1.000000,1.000000,1.000000,1.000000,0,0,0,1
1822,27,528,1289,1.000000,1.000000,1.000000,1.000000,0,0,0,0
1823,29,529,1289,1.000000,1.000000,1.000000,1.000000,0,0,0,0
1824,27,529,1290,1.000000,1.000000,1.000000,1.000000,0,0,0,1
1825,25,529,1291,1.000000,1.000000,1.000000,1.000000,0,0,0,0
1826,23,529,1292,1.000000,1.000000,1.000000,1.000000,0,0,0,1
1827,21,529,1293,1.000000,1.000000,1.000000,1.000000,0,0,0,0
1828,29,530,1293,1.000000,1.000000,1.000000,1.000000,0,0,0,0
1829,27,530,1294,1.000000,1.000000,1.000000,1.000000,1,0,1,1
1830,25,530,1295,1.000000,1.000000,1.000000,1.000000,0,0,0,1
1831,29,531,1295,1.000000,1.000000,1.000000,1.000000,0,0,0,1
1832,27,531,1296,1.000000,1.000000,1.000000,1.000000,1,0,1,0
1833,25,531,1297,1.000000,1.000000,1.000000,1.000000,0,0,1,0
1834,29,532,1297,1.000000,1.000000,1.000000,1.000000,0,0,1,0
1835,27,532,1298,1.000000,1.000000,1.000000,1.000000,0,0,0,0
1836,29,533,1298,1.000000,1.000000,1.000000,1.000000,0,0,0,0
1837,27,533,1299,1.000000,1.000000,1.000000,1.000000,0,0,0,0
1838,25,533,1300,1.000000,1.000000,1.000000,1.000000,1,0,0,0
1839,23,533,1301,1.000000,1.000000,1.000000,1.000000,0,0,0,0
1840,29,534,1301,1.000000,1.000000,1.000000,1.000000,0,0,0,0
1841,27,534,1302,1.000000,1.000000,1.000000,1.000000,1,0,0,1
1842,25,534,1303,1.000000,1.000000,1.000000,1.000000,0,0,0,1
1843,29,535,1303,1.000000,1.000000,1.000000,1.000000,0,0,0,1
1844,27,535,1304,1.000000,1.000000,1.000000,1.000000,0,0,1,0
1845,29,536,1304,1.000000,1.000000,1.000000,1.000000,0,0,1,0
1846,27,536,1305,1.000000,1.000000,1.000000,1.000000,0,0,1,0
1847,29,537,1305,1.000000,1.000000,1.000000,1.000000,0,0,1,0
1848,27,537,1306,1.000000,1.000000,1.000000,1.000000,0,0,0,0
1849,25,537,1307,1.000000,1.000000,1.000000,1.000000,0,0,0,0
1850,23,537,1308,1.000000,1.000000,1.000000,1.000000,1,0,0,1
1851,21,537,1309,1.000000,1.000000,1.000000,1.000000,0,0,0,1
1852,29,538,1309,1.000000,1.000000,1.000000,1.000000,0,0,0,1
1853,27,538,1310,1.000000,1.000000,1.000000,1.000000,0,0,1,1
1854,29,539,1310,1.000000,1.000000,1.000000,1.000000,0,0,1,1
1855,27,539,1311,1.000000,1.000000,1.000000,1.000000,0,0,0,0
1856,29,540,1311,1.000000,1.000000,1.000000,1.000000,0,0,0,0
1857,27,540,1312,1.000000,1.000000,1.000000,1.000000,1,0,1,0
1858,25,540,1313,1.000000,1.000000,1.000000,1.000000,0,0,0,0
1859,29,541,1313,1.000000,1.000000,1.000000,1.000000,0,0,0,0
1860,27,541,1314,1.000000,1.000000,1.000000,1.000000,0,0,0,0
1861,25,541,1315,1.000000,1.000000,1.000000,1.000000,0,0,0,0
1862,23,541,1316,1.000000,1.000000,1.000000,1.000000,0,0,0,0
1863,21,541,1317,1.000000,1.000000,1.000000,1.000000,0,0,0,0
1864,19,541,1318,1.000000,1.000000,1.000000,1.000000,0,1,0,0
1865,17,541,1319,1.000000,1.000000,1.000000,1.000000,1,0,1,0
1866,15,541,1320,1.000000,1.000000,1.000000,1.000000,0,1,1,0
1867,29,542,1320,1.000000,1.000000,1.000000,1.000000,0,1,1,0
1868,27,542,1321,1.000000,1.000000,1.000000,1.000000,0,0,0,0
1869,29,543,1321,1.000000,1.000000,1.000000,1.000000,0,0,0,0
1870,27,543,1322,1.000000,1.000000,1.000000,1.000000,0,0,1,0
1871,25,543,1323,1.000000,1.000000,1.000000,1.000000,0,0,0,0
1872,29,544,1323,1.000000,1.000000,1.000000,1.000000,0,0,0,0
1873,27,544,1324,1.000000,1.000000,1.000000,1.000000,0,1,1,0
1874,25,544,1325,1.000000,1.000000,1.000000,1.000000,0,1,0,0
1875,29,545,1325,1.000000,1.000000,1.000000,1.000000,0,1,0,0
1876,27,545,1326,1.000000,1.000000,1.000000,1.000000,0,0,0,0
1877,29,546,1326,1.000000,1.000000,1.000000,1.000000,0,0,0,0
1878,27,546,1327,1.000000,1.000000,1.000000,1.000000,0,0,0,0
1879,25,546,1328,1.000000,1.000000,1.000000,1.000000,0,0,0,0
1880,23,546,1329,1.000000,1.000000,1.000000,1.000000,0,1,1,0
1881,21,546,1330,1.000000,1.000000,1.000000,1.000000,0,1,0,0
1882,29,547,1330,1.000000,1.000000,1.000000,1.000000,0,1,0,0
1883,27,547,1331,1.000000,1.000000,1.000000,1.000000,1,0,0,0
1884,29,548,1331,1.000000,1.000000,1.000000,1.000000,1,0,0,0
1885,27,548,1332,1.000000,1.000000,1.000000,1.000000,0,0,0,0
1886,29,549,1332,1.000000,1.000000,1.000000,1.000000,0,0,0,0
1887,27,549,1333,1.000000,1.000000,1.000000,1.000000,1,1,0,0
1888,25,549,1334,1.000000,1.000000,1.000000,1.000000,1,0,0,0
1889,29,550,1334,1.000000,1.000000,1.000000,1.000000,1,0,0,0
1890,27,550,1335,1.000000,1.000000,1.000000,1.000000,0,0,0,0
1891,29,551,1335,1.000000,1.000000,1.000000,1.000000,0,0,0,0
1892,27,551,1336,1.000000,1.000000,1.000000,1.000000,1,0,0,0
1893,25,551,1337,1.000000,1.000000,1.000000,1.000000,0,0,0,0
1894,29,552,1337,1.000000,1.000000,1.000000,1.000000,0,0,0,0
1895,27,552,1338,1.000000,1.000000,1.000000,1.000000,0,0,0,0
1896,25,552,1339,1.000000,1.000000,1.000000,1.000000,0,0,0,0
1897,23,552,1340,1.000000,1.000000,1.000000,1.000000,0,0,0,0
1898,21,552,1341,1.000000,1.000000,1.000000,1.000000,0,0,0,0
1899,19,552,1342,1.000000,1.000000,1.000000,1.000000,0,0,0,0
1900,17,552,1343,1.000000,1.000000,1.000000,1.000000,0,0,0,0
1901,15,552,1344,1.000000,1.000000,1.000000,1.000000,0,0,0,0
1902,13,552,1345,1.000000,1.000000,1.000000,1.000000,0,0,0,0
1903,11,552,1346,1.000000,1.000000,1.000000,1.000000,0,0,0,0
1904,9,552,1347,1.000000,1.000000,1.000000,1.000000,0,0,0,0
1905,7,552,1348,1.000000,1.000000,1.000000,1.000000,0,0,0,0
1906,5,552,1349,1.000000,1.000000,1.000000,1.000000,0,0,0,0
1907,3,552,1350,1.000000,1.000000,1.000000,1.000000,0,0,0,0
1908,1,552,1351,1.000000,1.000000,1.000000,1.000000,0,0,0,0
1909,0,552,1352,1.000000,1.000000,1.000000,1.000000,0,0,0,0
