tick,energy,eats,distance,conn_1_6_weight,conn_2_7_weight,conn_3_8_weight,conn_4_9_weight,food_north_sensed,food_east_sensed,food_south_sensed,food_west_sensed
0,30,0,0,0.050000,0.050000,0.050000,0.050000,0,0,0,0
1,29,0,0,0.050000,0.060918,0.050000,0.060918,0,1,0,1
2,27,0,1,0.050000,0.074722,0.060918,0.061490,0,1,1,0
3,26,0,1,0.050000,0.091353,0.074722,0.061490,0,1,1,0
4,24,0,2,0.050000,0.092183,0.083416,0.061490,0,0,1,0
5,29,1,2,0.050000,0.092183,0.093864,0.061490,0,0,1,0
6,27,1,3,0.050000,0.092183,0.094714,0.061490,0,0,0,0
7,25,1,4,0.050000,0.092183,0.094714,0.071352,0,0,0,1
8,23,1,5,0.050000,0.092183,0.094714,0.072015,0,0,0,0
9,21,1,6,0.050000,0.111244,0.094714,0.087303,0,1,0,1
10,19,1,7,0.050000,0.112232,0.094714,0.088100,0,0,0,0
11,29,2,7,0.050000,0.112232,0.094714,0.088100,0,0,0,0
12,27,2,8,0.050000,0.112232,0.114233,0.106414,0,0,1,1
13,25,2,9,0.050000,0.112232,0.115245,0.107365,0,0,0,0
14,23,2,10,0.060918,0.112232,0.138353,0.107365,1,0,1,0
15,21,2,11,0.061490,0.112232,0.153234,0.118327,0,0,1,1
16,29,3,11,0.061490,0.112232,0.183894,0.143174,0,0,1,1
17,27,3,12,0.074722,0.112232,0.185395,0.144400,1,0,0,0
18,26,3,12,0.091353,0.112232,0.185395,0.144400,1,0,0,0
19,24,3,13,0.102684,0.112232,0.185395,0.144400,1,0,0,0
20,29,4,13,0.115245,0.112232,0.185395,0.144400,1,0,0,0
21,27,4,14,0.129122,0.112232,0.185395,0.144400,1,0,0,0
22,25,4,15,0.130247,0.112232,0.185395,0.144400,0,0,0,0
23,23,4,16,0.130247,0.129122,0.185395,0.144400,0,1,0,0
24,21,4,17,0.130247,0.130247,0.185395,0.144400,0,0,0,0
25,29,5,17,0.130247,0.130247,0.185395,0.144400,0,0,0,0
26,27,5,18,0.130247,0.130247,0.185395,0.144400,0,0,0,0
27,25,5,19,0.130247,0.155838,0.219113,0.144400,0,1,1,0
28,23,5,20,0.143174,0.157154,0.220824,0.144400,1,0,0,0
29,29,6,20,0.172227,0.157154,0.220824,0.144400,1,0,0,0
30,27,6,21,0.173652,0.157154,0.220824,0.144400,0,0,0,0
31,25,6,22,0.191493,0.157154,0.220824,0.144400,1,0,0,0
32,23,6,23,0.193041,0.157154,0.220824,0.144400,0,0,0,0
33,29,7,23,0.193041,0.157154,0.220824,0.144400,0,0,0,0
34,27,7,24,0.193041,0.157154,0.220824,0.144400,0,0,0,0
35,25,7,25,0.193041,0.157154,0.220824,0.144400,0,0,0,0
36,23,7,26,0.193041,0.157154,0.220824,0.144400,0,0,0,0
37,21,7,27,0.193041,0.157154,0.220824,0.144400,0,0,0,0
38,19,7,28,0.193041,0.157154,0.220824,0.144400,0,0,0,0
39,17,7,29,0.193041,0.157154,0.249498,0.144400,0,0,1,0
40,15,7,30,0.193041,0.157154,0.274561,0.144400,0,0,1,0
41,29,8,30,0.193041,0.157154,0.309608,0.144400,0,0,1,0
42,27,8,31,0.193041,0.172227,0.311745,0.144400,0,1,0,0
43,29,9,31,0.193041,0.196166,0.311745,0.144400,0,1,0,0
44,27,9,32,0.193041,0.197743,0.311745,0.144400,0,0,0,0
45,29,10,32,0.193041,0.197743,0.311745,0.144400,0,0,0,0
46,27,10,33,0.193041,0.197743,0.311745,0.144400,0,0,0,0
47,25,10,34,0.193041,0.197743,0.358399,0.144400,0,0,1,0
48,23,10,35,0.193041,0.197743,0.360698,0.144400,0,0,0,0
49,29,11,35,0.193041,0.197743,0.360698,0.144400,0,0,0,0
50,27,11,36,0.193041,0.197743,0.360698,0.144400,0,0,0,0
51,25,11,37,0.193041,0.197743,0.360698,0.144400,0,0,0,0
52,23,11,38,0.227764,0.197743,0.360698,0.172227,1,0,0,1
53,21,11,39,0.229523,0.197743,0.360698,0.173652,0,0,0,0
54,19,11,40,0.229523,0.197743,0.360698,0.173652,0,0,0,0
55,17,11,41,0.229523,0.197743,0.360698,0.173652,0,0,0,0
56,15,11,42,0.268640,0.197743,0.410336,0.173652,1,0,1,0
57,13,11,43,0.270605,0.197743,0.412756,0.189954,0,0,0,1
58,29,12,43,0.270605,0.197743,0.412756,0.210702,0,0,0,1
59,27,12,44,0.313891,0.197743,0.412756,0.212365,1,0,0,0
60,26,12,44,0.340246,0.197743,0.412756,0.212365,1,0,0,0
61,24,12,45,0.342490,0.197743,0.412756,0.212365,0,0,0,0
62,22,12,46,0.374628,0.197743,0.412756,0.236654,1,0,0,1
63,20,12,47,0.403104,0.215720,0.412756,0.238460,1,1,0,0
64,29,13,47,0.437169,0.240276,0.412756,0.238460,1,1,0,0
65,27,13,48,0.439629,0.242102,0.412756,0.238460,0,0,0,0
66,29,14,48,0.439629,0.242102,0.412756,0.238460,0,0,0,0
67,27,14,49,0.476834,0.242102,0.449501,0.238460,1,0,1,0
68,25,14,50,0.506815,0.242102,0.451975,0.238460,1,0,0,0
69,29,15,50,0.536755,0.242102,0.451975,0.238460,1,0,0,0
70,27,15,51,0.539242,0.242102,0.451975,0.238460,0,0,0,0
71,29,16,51,0.539242,0.242102,0.451975,0.238460,0,0,0,0
72,27,16,52,0.539242,0.242102,0.451975,0.238460,0,0,0,0
73,25,16,53,0.539242,0.242102,0.451975,0.238460,0,0,0,0
74,23,16,54,0.539242,0.242102,0.451975,0.238460,0,0,0,0
75,21,16,55,0.539242,0.276553,0.451975,0.238460,0,1,0,0
76,19,16,56,0.571350,0.278554,0.451975,0.238460,1,0,0,0
77,29,17,56,0.602879,0.278554,0.451975,0.238460,1,0,0,0
78,27,17,57,0.605273,0.278554,0.451975,0.238460,0,0,0,0
79,29,18,57,0.605273,0.278554,0.451975,0.238460,0,0,0,0
80,27,18,58,0.631257,0.278554,0.451975,0.238460,1,0,0,0
81,25,18,59,0.633585,0.278554,0.451975,0.238460,0,0,0,0
82,23,18,60,0.633585,0.278554,0.451975,0.238460,0,0,0,0
83,21,18,61,0.633585,0.278554,0.451975,0.266685,0,0,0,1
84,19,18,62,0.633585,0.278554,0.451975,0.268640,0,0,0,0
85,17,18,63,0.633585,0.278554,0.451975,0.268640,0,0,0,0
86,15,18,64,0.633585,0.278554,0.451975,0.292806,0,0,0,1
87,13,18,65,0.633585,0.278554,0.451975,0.294877,0,0,0,0
88,11,18,66,0.633585,0.278554,0.479329,0.294877,0,0,1,0
89,9,18,67,0.633585,0.278554,0.511813,0.294877,0,0,1,0
90,29,19,67,0.633585,0.278554,0.541726,0.294877,0,0,1,0
91,27,19,68,0.633585,0.278554,0.544209,0.294877,0,0,0,0
92,29,20,68,0.633585,0.278554,0.544209,0.294877,0,0,0,0
93,27,20,69,0.633585,0.278554,0.544209,0.294877,0,0,0,0
94,25,20,70,0.633585,0.278554,0.544209,0.294877,0,0,0,0
95,23,20,71,0.633585,0.303244,0.544209,0.294877,0,1,0,0
96,21,20,72,0.658763,0.305357,0.544209,0.294877,1,0,0,0
97,29,21,72,0.685248,0.305357,0.544209,0.294877,1,0,0,0
98,27,21,73,0.687405,0.305357,0.544209,0.294877,0,0,0,0
99,29,22,73,0.687405,0.305357,0.544209,0.294877,0,0,0,0
100,27,22,74,0.687405,0.305357,0.544209,0.335778,0,0,0,1
101,25,22,75,0.687405,0.305357,0.544209,0.338008,0,0,0,0
102,23,22,76,0.710586,0.305357,0.544209,0.338008,1,0,0,0
103,21,22,77,0.712643,0.305357,0.544209,0.338008,0,0,0,0
104,29,23,77,0.712643,0.305357,0.544209,0.338008,0,0,0,0
105,27,23,78,0.712643,0.305357,0.544209,0.338008,0,0,0,0
106,25,23,79,0.712643,0.305357,0.544209,0.338008,0,0,0,0
107,23,23,80,0.712643,0.305357,0.544209,0.338008,0,0,0,0
108,21,23,81,0.734680,0.305357,0.544209,0.338008,1,0,0,0
109,19,23,82,0.757459,0.305357,0.544209,0.363004,1,0,0,1
110,29,24,82,0.778874,0.305357,0.544209,0.391146,1,0,0,1
111,27,24,83,0.780597,0.305357,0.544209,0.393528,0,0,0,0
112,29,25,83,0.780597,0.305357,0.544209,0.393528,0,0,0,0
113,27,25,84,0.798905,0.305357,0.544209,0.393528,1,0,0,0
114,25,25,85,0.800512,0.305357,0.544209,0.393528,0,0,0,0
115,23,25,86,0.817550,0.305357,0.544209,0.393528,1,0,0,0
116,21,25,87,0.819042,0.305357,0.544209,0.393528,0,0,0,0
117,29,26,87,0.819042,0.305357,0.544209,0.393528,0,0,0,0
118,27,26,88,0.819042,0.305357,0.544209,0.393528,0,0,0,0
119,25,26,89,0.819042,0.305357,0.544209,0.393528,0,0,0,0
120,23,26,90,0.819042,0.305357,0.544209,0.393528,0,0,0,0
121,21,26,91,0.819042,0.305357,0.544209,0.393528,0,0,0,0
122,19,26,92,0.819042,0.305357,0.544209,0.393528,0,0,0,0
123,17,26,93,0.819042,0.305357,0.544209,0.424916,0,0,0,1
124,15,26,94,0.819042,0.305357,0.544209,0.427359,0,0,0,0
125,29,27,94,0.819042,0.305357,0.544209,0.427359,0,0,0,0
126,27,27,95,0.819042,0.305357,0.544209,0.454452,0,0,0,1
127,25,27,96,0.819042,0.305357,0.544209,0.456931,0,0,0,0
128,29,28,96,0.819042,0.305357,0.544209,0.456931,0,0,0,0
129,27,28,97,0.819042,0.305357,0.544209,0.456931,0,0,0,0
130,25,28,98,0.819042,0.305357,0.544209,0.456931,0,0,0,0
131,23,28,99,0.819042,0.305357,0.544209,0.456931,0,0,0,0
132,21,28,100,0.819042,0.305357,0.544209,0.456931,0,0,0,0
133,19,28,101,0.834827,0.305357,0.544209,0.456931,1,0,0,0
134,17,28,102,0.836206,0.305357,0.544209,0.456931,0,0,0,0
135,29,29,102,0.836206,0.305357,0.544209,0.456931,0,0,0,0
136,27,29,103,0.836206,0.305357,0.544209,0.484321,0,0,0,1
137,25,29,104,0.836206,0.305357,0.544209,0.521803,0,0,0,1
138,29,30,104,0.836206,0.305357,0.544209,0.554117,0,0,0,1
139,27,30,105,0.836206,0.305357,0.544209,0.556587,0,0,0,0
140,25,30,106,0.836206,0.305357,0.544209,0.556587,0,0,0,0
141,23,30,107,0.836206,0.305357,0.544209,0.556587,0,0,0,0
142,21,30,108,0.836206,0.305357,0.544209,0.556587,0,0,0,0
143,19,30,109,0.836206,0.305357,0.544209,0.556587,0,0,0,0
144,17,30,110,0.836206,0.305357,0.544209,0.583559,0,0,0,1
145,15,30,111,0.836206,0.305357,0.544209,0.612425,0,0,0,1
146,29,31,111,0.836206,0.305357,0.544209,0.640531,0,0,0,1
147,27,31,112,0.836206,0.305357,0.544209,0.642833,0,0,0,0
148,29,32,112,0.836206,0.305357,0.544209,0.642833,0,0,0,0
149,27,32,113,0.836206,0.305357,0.544209,0.667712,0,0,0,1
150,25,32,114,0.836206,0.305357,0.544209,0.693827,0,0,0,1
151,23,32,115,0.836206,0.331339,0.544209,0.695951,0,1,0,0
152,29,33,115,0.836206,0.376971,0.544209,0.695951,0,1,0,0
153,27,33,116,0.836206,0.379319,0.573799,0.695951,0,0,1,0
154,25,33,117,0.836206,0.379319,0.576245,0.695951,0,0,0,0
155,29,34,117,0.836206,0.379319,0.576245,0.695951,0,0,0,0
156,27,34,118,0.836206,0.379319,0.576245,0.695951,0,0,0,0
157,25,34,119,0.836206,0.379319,0.576245,0.695951,0,0,0,0
158,23,34,120,0.836206,0.379319,0.576245,0.695951,0,0,0,0
159,21,34,121,0.836206,0.379319,0.576245,0.695951,0,0,0,0
160,19,34,122,0.836206,0.379319,0.576245,0.695951,0,0,0,0
161,17,34,123,0.836206,0.379319,0.576245,0.695951,0,0,0,0
162,15,34,124,0.836206,0.379319,0.576245,0.695951,0,0,0,0
163,13,34,125,0.850769,0.405510,0.576245,0.695951,1,1,0,0
164,11,34,126,0.852038,0.407921,0.576245,0.695951,0,0,0,0
165,29,35,126,0.852038,0.407921,0.576245,0.695951,0,0,0,0
166,27,35,127,0.852038,0.407921,0.602879,0.695951,0,0,1,0
167,25,35,128,0.852038,0.434712,0.605273,0.695951,0,1,0,0
168,29,36,128,0.852038,0.481825,0.605273,0.695951,0,1,0,0
169,27,36,129,0.852038,0.484321,0.605273,0.695951,0,0,0,0
170,25,36,130,0.865422,0.484321,0.605273,0.718760,1,0,0,1
171,23,36,131,0.866587,0.484321,0.605273,0.720781,0,0,0,0
172,29,37,131,0.866587,0.484321,0.605273,0.720781,0,0,0,0
173,27,37,132,0.866587,0.484321,0.605273,0.720781,0,0,0,0
174,25,37,133,0.866587,0.484321,0.605273,0.720781,0,0,0,0
175,23,37,134,0.866587,0.484321,0.605273,0.720781,0,0,0,0
176,21,37,135,0.866587,0.484321,0.631257,0.720781,0,0,1,0
177,19,37,136,0.866587,0.484321,0.633585,0.720781,0,0,0,0
178,29,38,136,0.866587,0.484321,0.633585,0.720781,0,0,0,0
179,27,38,137,0.866587,0.484321,0.633585,0.720781,0,0,0,0
180,25,38,138,0.866587,0.484321,0.633585,0.720781,0,0,0,0
181,23,38,139,0.866587,0.514312,0.661011,0.720781,0,1,1,0
182,21,38,140,0.866587,0.516810,0.663252,0.720781,0,0,0,0
183,29,39,140,0.866587,0.516810,0.663252,0.720781,0,0,0,0
184,27,39,141,0.866587,0.516810,0.663252,0.742422,0,0,0,1
185,25,39,142,0.866587,0.516810,0.663252,0.744334,0,0,0,0
186,29,40,142,0.866587,0.516810,0.663252,0.744334,0,0,0,0
187,27,40,143,0.866587,0.516810,0.663252,0.744334,0,0,0,0
188,25,40,144,0.866587,0.516810,0.663252,0.764750,0,0,0,1
189,23,40,145,0.866587,0.516810,0.663252,0.766549,0,0,0,0
190,21,40,146,0.866587,0.516810,0.663252,0.785706,0,0,0,1
191,19,40,147,0.866587,0.516810,0.663252,0.805274,0,0,0,1
192,17,40,148,0.878844,0.544209,0.687405,0.823460,1,1,1,1
193,29,41,148,0.891096,0.573799,0.712643,0.840287,1,1,1,1
194,27,41,149,0.892067,0.576245,0.714691,0.841629,0,0,0,0
195,29,42,149,0.892067,0.576245,0.714691,0.841629,0,0,0,0
196,27,42,150,0.892067,0.576245,0.714691,0.855794,0,0,0,1
197,25,42,151,0.892067,0.576245,0.714691,0.857028,0,0,0,0
198,29,43,151,0.892067,0.576245,0.714691,0.857028,0,0,0,0
199,27,43,152,0.892067,0.576245,0.714691,0.857028,0,0,0,0
200,25,43,153,0.892067,0.605273,0.714691,0.857028,0,1,0,0
201,23,43,154,0.892067,0.633585,0.714691,0.857028,0,1,0,0
202,29,44,154,0.892067,0.661011,0.714691,0.857028,0,1,0,0
203,27,44,155,0.902249,0.663252,0.714691,0.857028,1,0,0,0
204,29,45,155,0.912373,0.663252,0.714691,0.857028,1,0,0,0
205,27,45,156,0.913172,0.663252,0.714691,0.857028,0,0,0,0
206,29,46,156,0.913172,0.663252,0.714691,0.857028,0,0,0,0
207,27,46,157,0.921540,0.663252,0.714691,0.857028,1,0,0,0
208,25,46,158,0.922263,0.663252,0.714691,0.857028,0,0,0,0
209,29,47,158,0.922263,0.663252,0.714691,0.857028,0,0,0,0
210,27,47,159,0.922263,0.663252,0.714691,0.857028,0,0,0,0
211,25,47,160,0.922263,0.663252,0.714691,0.857028,0,0,0,0
212,23,47,161,0.922263,0.663252,0.714691,0.857028,0,0,0,0
213,21,47,162,0.922263,0.663252,0.714691,0.870030,0,0,0,1
214,19,47,163,0.922263,0.663252,0.714691,0.883054,0,0,0,1
215,29,48,163,0.922263,0.663252,0.714691,0.894933,0,0,0,1
216,27,48,164,0.929823,0.663252,0.736630,0.905734,1,0,1,1
217,29,49,164,0.937292,0.663252,0.759296,0.915531,1,0,1,1
218,27,49,165,0.937879,0.663252,0.761123,0.916305,0,0,0,0
219,29,50,165,0.937879,0.663252,0.761123,0.916305,0,0,0,0
220,27,50,166,0.944014,0.663252,0.780597,0.916305,1,0,1,0
221,25,50,167,0.944542,0.663252,0.782309,0.916305,0,0,0,0
222,29,51,167,0.944542,0.663252,0.782309,0.916305,0,0,0,0
223,27,51,168,0.944542,0.663252,0.782309,0.916305,0,0,0,0
224,25,51,169,0.944542,0.663252,0.782309,0.916305,0,0,0,0
225,23,51,170,0.944542,0.687405,0.782309,0.924396,0,1,0,1
226,21,51,171,0.950054,0.689553,0.782309,0.925095,1,0,0,0
227,29,52,171,0.955473,0.689553,0.782309,0.925095,1,0,0,0
228,27,52,172,0.955899,0.712643,0.782309,0.925095,0,1,0,0
229,29,53,172,0.955899,0.736630,0.782309,0.925095,0,1,0,0
230,27,53,173,0.955899,0.738570,0.782309,0.925095,0,0,0,0
231,29,54,173,0.955899,0.738570,0.782309,0.925095,0,0,0,0
232,27,54,174,0.955899,0.738570,0.782309,0.925095,0,0,0,0
233,25,54,175,0.960330,0.738570,0.782309,0.925095,1,0,0,0
234,23,54,176,0.960711,0.738570,0.782309,0.925095,0,0,0,0
235,29,55,176,0.960711,0.738570,0.782309,0.925095,0,0,0,0
236,27,55,177,0.960711,0.738570,0.782309,0.925095,0,0,0,0
237,25,55,178,0.960711,0.738570,0.782309,0.925095,0,0,0,0
238,23,55,179,0.960711,0.738570,0.782309,0.925095,0,0,0,0
239,21,55,180,0.960711,0.738570,0.782309,0.925095,0,0,0,0
240,19,55,181,0.964676,0.738570,0.782309,0.925095,1,0,0,0
241,17,55,182,0.968562,0.759296,0.782309,0.925095,1,1,0,0
242,29,56,182,0.972033,0.780597,0.782309,0.925095,1,1,0,0
243,27,56,183,0.975131,0.800512,0.782309,0.932400,1,1,0,1
244,29,57,183,0.977893,0.819042,0.782309,0.939612,1,1,0,1
245,27,57,184,0.978109,0.820524,0.782309,0.940179,0,0,0,0
246,29,58,184,0.978109,0.820524,0.782309,0.940179,0,0,0,0
247,27,58,185,0.980355,0.820524,0.800512,0.940179,1,0,1,0
248,25,58,186,0.980547,0.820524,0.802109,0.940179,0,0,0,0
249,29,59,186,0.980547,0.820524,0.802109,0.940179,0,0,0,0
250,27,59,187,0.980547,0.820524,0.802109,0.946100,0,0,0,1
251,25,59,188,0.980547,0.820524,0.802109,0.946610,0,0,0,0
252,29,60,188,0.980547,0.820524,0.802109,0.946610,0,0,0,0
253,27,60,189,0.980547,0.820524,0.802109,0.946610,0,0,0,0
254,25,60,190,0.980547,0.836206,0.802109,0.946610,0,1,0,0
255,23,60,191,0.980547,0.837576,0.802109,0.946610,0,0,0,0
256,21,60,192,0.980547,0.837576,0.802109,0.946610,0,0,0,0
257,19,60,193,0.980547,0.837576,0.802109,0.946610,0,0,0,0
258,17,60,194,0.982548,0.837576,0.802109,0.946610,1,0,0,0
259,15,60,195,0.982719,0.837576,0.802109,0.946610,0,0,0,0
260,29,61,195,0.982719,0.837576,0.802109,0.946610,0,0,0,0
261,27,61,196,0.982719,0.837576,0.802109,0.951926,0,0,0,1
262,25,61,197,0.982719,0.837576,0.802109,0.957152,0,0,0,1
263,23,61,198,0.984499,0.837576,0.802109,0.957562,1,0,0,0
264,29,62,198,0.986372,0.837576,0.802109,0.957562,1,0,0,0
265,27,62,199,0.986506,0.837576,0.802109,0.957562,0,0,0,0
266,29,63,199,0.986506,0.837576,0.802109,0.957562,0,0,0,0
267,27,63,200,0.986506,0.837576,0.802109,0.957562,0,0,0,0
268,25,63,201,0.986506,0.837576,0.802109,0.957562,0,0,0,0
269,23,63,202,0.986506,0.837576,0.802109,0.957562,0,0,0,0
270,21,63,203,0.986506,0.837576,0.819042,0.957562,0,0,1,0
271,19,63,204,0.986506,0.837576,0.820524,0.957562,0,0,0,0
272,29,64,204,0.986506,0.837576,0.820524,0.957562,0,0,0,0
273,27,64,205,0.986506,0.837576,0.838936,0.957562,0,0,1,0
274,25,64,206,0.986506,0.837576,0.840287,0.957562,0,0,0,0
275,29,65,206,0.986506,0.837576,0.840287,0.957562,0,0,0,0
276,27,65,207,0.986506,0.837576,0.854551,0.961832,0,0,1,1
277,25,65,208,0.986506,0.837576,0.868891,0.962200,0,0,1,0
278,23,65,209,0.987901,0.852038,0.882014,0.966020,1,1,1,1
279,29,66,209,0.989261,0.866587,0.893985,0.969763,1,1,1,1
280,27,66,210,0.989367,0.867743,0.894933,0.970056,0,0,0,0
281,29,67,210,0.989367,0.867743,0.894933,0.970056,0,0,0,0
282,27,67,211,0.989367,0.867743,0.904874,0.970056,0,0,1,0
283,25,67,212,0.989367,0.867743,0.905734,0.973105,0,0,0,1
284,29,68,212,0.989367,0.867743,0.905734,0.976087,0,0,0,1
285,27,68,213,0.989367,0.879908,0.905734,0.976320,0,1,0,0
286,25,68,214,0.989367,0.892067,0.905734,0.976320,0,1,0,0
287,23,68,215,0.990469,0.903131,0.905734,0.978745,1,1,0,1
288,29,69,215,0.991543,0.913172,0.905734,0.981114,1,1,0,1
289,27,69,216,0.991627,0.922263,0.905734,0.981299,0,1,0,0
290,29,70,216,0.991627,0.930476,0.905734,0.981299,0,1,0,0
291,27,70,217,0.991627,0.931123,0.905734,0.983224,0,0,0,1
292,25,70,218,0.991627,0.931123,0.905734,0.983389,0,0,0,0
293,29,71,218,0.991627,0.931123,0.905734,0.985101,0,0,0,1
294,27,71,219,0.991627,0.931123,0.914752,0.985248,0,0,1,0
295,25,71,220,0.992496,0.931123,0.915531,0.985248,1,0,0,0
296,29,72,220,0.993343,0.931123,0.915531,0.985248,1,0,0,0
297,27,72,221,0.994095,0.931123,0.915531,0.985248,1,0,0,0
298,29,73,221,0.994762,0.931123,0.915531,0.986771,1,0,0,1
299,27,73,222,0.994814,0.931123,0.915531,0.986902,0,0,0,0
300,29,74,222,0.994814,0.931123,0.915531,0.986902,0,0,0,0
301,27,74,223,0.994814,0.931123,0.915531,0.988256,0,0,0,1
302,25,74,224,0.994814,0.931123,0.915531,0.989576,0,0,0,1
303,29,75,224,0.994814,0.931123,0.915531,0.990750,0,0,0,1
304,27,75,225,0.994814,0.931123,0.915531,0.990841,0,0,0,0
305,29,76,225,0.994814,0.931123,0.915531,0.990841,0,0,0,0
306,27,76,226,0.994814,0.931123,0.915531,0.990841,0,0,0,0
307,25,76,227,0.994814,0.931123,0.915531,0.990841,0,0,0,0
308,23,76,228,0.994814,0.931123,0.915531,0.990841,0,0,0,0
309,21,76,229,0.994814,0.931123,0.915531,0.990841,0,0,0,0
310,19,76,230,0.994814,0.931123,0.915531,0.990841,0,0,0,0
311,17,76,231,0.994814,0.937879,0.915531,0.990841,0,1,0,0
312,15,76,232,0.995355,0.944542,0.915531,0.990841,1,1,0,0
313,29,77,232,0.995880,0.950528,0.915531,0.990841,1,1,0,0
314,27,77,233,0.996347,0.955899,0.915531,0.990841,1,1,0,0
315,25,77,234,0.996383,0.956320,0.923691,0.991792,0,0,1,1
316,23,77,235,0.996760,0.960711,0.924396,0.991873,1,1,0,0
317,29,78,235,0.997127,0.965017,0.924396,0.991873,1,1,0,0
318,27,78,236,0.997156,0.965354,0.924396,0.992718,0,0,0,1
319,29,79,236,0.997156,0.965354,0.924396,0.993540,0,0,0,1
320,27,79,237,0.997453,0.965354,0.924396,0.994269,1,0,0,1
321,29,80,237,0.997742,0.965354,0.924396,0.994917,1,0,0,1
322,27,80,238,0.997764,0.965354,0.924396,0.994968,0,0,0,0
323,25,80,239,0.997764,0.968866,0.931764,0.994968,0,1,1,0
324,23,80,240,0.997764,0.969168,0.932400,0.994968,0,0,0,0
325,29,81,240,0.997764,0.969168,0.932400,0.994968,0,0,0,0
326,27,81,241,0.997998,0.969168,0.932400,0.994968,1,0,0,0
327,25,81,242,0.998018,0.969168,0.932400,0.994968,0,0,0,0
328,29,82,242,0.998018,0.969168,0.932400,0.994968,0,0,0,0
329,27,82,243,0.998225,0.969168,0.932400,0.994968,1,0,0,0
330,25,82,244,0.998242,0.969168,0.932400,0.994968,0,0,0,0
331,29,83,244,0.998242,0.969168,0.932400,0.994968,0,0,0,0
332,27,83,245,0.998242,0.969168,0.932400,0.994968,0,0,0,0
333,25,83,246,0.998242,0.969168,0.932400,0.994968,0,0,0,0
334,23,83,247,0.998242,0.969168,0.932400,0.994968,0,0,0,0
335,21,83,248,0.998242,0.969168,0.932400,0.995492,0,0,0,1
336,19,83,249,0.998242,0.969168,0.932400,0.995537,0,0,0,0
337,17,83,250,0.998242,0.969168,0.932400,0.996002,0,0,0,1
338,15,83,251,0.998242,0.969168,0.932400,0.996042,0,0,0,0
339,29,84,251,0.998242,0.969168,0.932400,0.996042,0,0,0,0
340,27,84,252,0.998242,0.969168,0.939039,0.996042,0,0,1,0
341,25,84,253,0.998242,0.972305,0.939612,0.996042,0,1,0,0
342,29,85,253,0.998242,0.975373,0.939612,0.996042,0,1,0,0
343,27,85,254,0.998242,0.978109,0.939612,0.996042,0,1,0,0
344,29,86,254,0.998242,0.980547,0.939612,0.996042,0,1,0,0
345,27,86,255,0.998242,0.982719,0.939612,0.996042,0,1,0,0
346,25,86,256,0.998426,0.984652,0.939612,0.996042,1,1,0,0
347,29,87,256,0.998605,0.986372,0.939612,0.996042,1,1,0,0
348,27,87,257,0.998763,0.987901,0.939612,0.996042,1,1,0,0
349,29,88,257,0.998903,0.989261,0.939612,0.996042,1,1,0,0
350,27,88,258,0.998914,0.989367,0.945585,0.996042,0,0,1,0
351,29,89,258,0.998914,0.989367,0.951464,0.996042,0,0,1,0
352,27,89,259,0.998914,0.990469,0.951926,0.996042,0,1,0,0
353,29,90,259,0.998914,0.991543,0.951926,0.996042,0,1,0,0
354,27,90,260,0.998914,0.992496,0.951926,0.996042,0,1,0,0
355,25,90,261,0.998914,0.993343,0.951926,0.996455,0,1,0,1
356,29,91,261,0.998914,0.994095,0.951926,0.996856,0,1,0,1
357,27,91,262,0.998914,0.994154,0.951926,0.996888,0,0,0,0
358,29,92,262,0.998914,0.994154,0.951926,0.996888,0,0,0,0
359,27,92,263,0.998914,0.994762,0.951926,0.996888,0,1,0,0
360,25,92,264,0.998914,0.995355,0.951926,0.996888,0,1,0,0
361,29,93,264,0.998914,0.995880,0.951926,0.996888,0,1,0,0
362,27,93,265,0.999028,0.996347,0.951926,0.996888,1,1,0,0
363,29,94,265,0.999138,0.996760,0.951926,0.996888,1,1,0,0
364,27,94,266,0.999147,0.996793,0.951926,0.996888,0,0,0,0
365,29,95,266,0.999147,0.996793,0.951926,0.996888,0,0,0,0
366,27,95,267,0.999147,0.996793,0.951926,0.996888,0,0,0,0
367,25,95,268,0.999236,0.996793,0.951926,0.996888,1,0,0,0
368,23,95,269,0.999244,0.996793,0.951926,0.996888,0,0,0,0
369,21,95,270,0.999244,0.996793,0.951926,0.997212,0,0,0,1
370,19,95,271,0.999323,0.996793,0.951926,0.997528,1,0,0,1
371,29,96,271,0.999400,0.996793,0.951926,0.997809,1,0,0,1
372,27,96,272,0.999468,0.996793,0.951926,0.997830,1,0,0,0
373,29,97,272,0.999528,0.996793,0.951926,0.997830,1,0,0,0
374,27,97,273,0.999582,0.997127,0.951926,0.998057,1,1,0,1
375,29,98,273,0.999629,0.997453,0.951926,0.998277,1,1,0,1
376,27,98,274,0.999633,0.997478,0.951926,0.998473,0,0,0,1
377,29,99,274,0.999633,0.997478,0.951926,0.998646,0,0,0,1
378,27,99,275,0.999671,0.997742,0.951926,0.998660,1,1,0,0
379,25,99,276,0.999675,0.997764,0.951926,0.998660,0,0,0,0
380,29,100,276,0.999675,0.997764,0.951926,0.998660,0,0,0,0
381,27,100,277,0.999675,0.997998,0.951926,0.998660,0,1,0,0
382,25,100,278,0.999675,0.998018,0.951926,0.998660,0,0,0,0
383,23,100,279,0.999709,0.998018,0.951926,0.998660,1,0,0,0
384,21,100,280,0.999712,0.998018,0.951926,0.998660,0,0,0,0
385,29,101,280,0.999712,0.998018,0.951926,0.998660,0,0,0,0
386,27,101,281,0.999742,0.998225,0.951926,0.998660,1,1,0,0
387,25,101,282,0.999744,0.998242,0.951926,0.998660,0,0,0,0
388,29,102,282,0.999744,0.998242,0.951926,0.998660,0,0,0,0
389,27,102,283,0.999744,0.998426,0.951926,0.998660,0,1,0,0
390,25,102,284,0.999744,0.998442,0.951926,0.998660,0,0,0,0
391,29,103,284,0.999744,0.998442,0.951926,0.998660,0,0,0,0
392,27,103,285,0.999744,0.998442,0.951926,0.998660,0,0,0,0
393,25,103,286,0.999744,0.998442,0.951926,0.998660,0,0,0,0
394,23,103,287,0.999744,0.998442,0.951926,0.998660,0,0,0,0
395,21,103,288,0.999744,0.998442,0.951926,0.998660,0,0,0,0
396,19,103,289,0.999744,0.998442,0.951926,0.998660,0,0,0,0
397,17,103,290,0.999771,0.998442,0.951926,0.998660,1,0,0,0
398,15,103,291,0.999773,0.998442,0.951926,0.998660,0,0,0,0
399,29,104,291,0.999773,0.998442,0.951926,0.998660,0,0,0,0
400,27,104,292,0.999797,0.998605,0.951926,0.998660,1,1,0,0
401,25,104,293,0.999820,0.998763,0.951926,0.998660,1,1,0,0
402,29,105,293,0.999841,0.998903,0.951926,0.998660,1,1,0,0
403,27,105,294,0.999842,0.998914,0.951926,0.998800,0,0,0,1
404,29,106,294,0.999842,0.998914,0.951926,0.998936,0,0,0,1
405,27,106,295,0.999859,0.998914,0.951926,0.999057,1,0,0,1
406,29,107,295,0.999875,0.998914,0.951926,0.999164,1,0,0,1
407,27,107,296,0.999876,0.998914,0.951926,0.999172,0,0,0,0
408,29,108,296,0.999876,0.998914,0.951926,0.999172,0,0,0,0
409,27,108,297,0.999876,0.999028,0.951926,0.999172,0,1,0,0
410,25,108,298,0.999876,0.999138,0.951926,0.999172,0,1,0,0
411,29,109,298,0.999876,0.999236,0.951926,0.999172,0,1,0,0
412,27,109,299,0.999876,0.999244,0.951926,0.999172,0,0,0,0
413,29,110,299,0.999876,0.999244,0.951926,0.999172,0,0,0,0
414,27,110,300,0.999876,0.999244,0.951926,0.999172,0,0,0,0
415,25,110,301,0.999876,0.999244,0.951926,0.999172,0,0,0,0
416,23,110,302,0.999876,0.999244,0.951926,0.999172,0,0,0,0
417,21,110,303,0.999876,0.999244,0.951926,0.999172,0,0,0,0
418,19,110,304,0.999876,0.999244,0.951926,0.999172,0,0,0,0
419,17,110,305,0.999876,0.999244,0.951926,0.999172,0,0,0,0
420,15,110,306,0.999876,0.999244,0.951926,0.999172,0,0,0,0
421,13,110,307,0.999876,0.999244,0.956738,0.999259,0,0,1,1
422,11,110,308,0.999876,0.999244,0.957152,0.999266,0,0,0,0
423,29,111,308,0.999876,0.999244,0.957152,0.999266,0,0,0,0
424,27,111,309,0.999876,0.999244,0.961462,0.999266,0,0,1,0
425,25,111,310,0.999876,0.999244,0.961832,0.999266,0,0,0,0
426,29,112,310,0.999876,0.999244,0.961832,0.999266,0,0,0,0
427,27,112,311,0.999876,0.999323,0.965689,0.999266,0,1,1,0
428,25,112,312,0.999876,0.999400,0.966020,0.999266,0,1,0,0
429,29,113,312,0.999876,0.999468,0.966020,0.999266,0,1,0,0
430,27,113,313,0.999889,0.999528,0.966020,0.999266,1,1,0,0
431,29,114,313,0.999902,0.999582,0.966020,0.999266,1,1,0,0
432,27,114,314,0.999903,0.999586,0.966020,0.999266,0,0,0,0
433,29,115,314,0.999903,0.999586,0.966020,0.999266,0,0,0,0
434,27,115,315,0.999903,0.999586,0.966020,0.999266,0,0,0,0
435,25,115,316,0.999903,0.999586,0.966020,0.999266,0,0,0,0
436,23,115,317,0.999903,0.999586,0.966020,0.999266,0,0,0,0
437,21,115,318,0.999903,0.999586,0.966020,0.999266,0,0,0,0
438,19,115,319,0.999903,0.999586,0.966020,0.999349,0,0,0,1
439,17,115,320,0.999903,0.999586,0.966020,0.999356,0,0,0,0
440,29,116,320,0.999903,0.999586,0.966020,0.999356,0,0,0,0
441,27,116,321,0.999903,0.999586,0.966020,0.999423,0,0,0,1
442,25,116,322,0.999903,0.999586,0.966020,0.999429,0,0,0,0
443,29,117,322,0.999903,0.999586,0.966020,0.999429,0,0,0,0
444,27,117,323,0.999903,0.999586,0.966020,0.999429,0,0,0,0
445,25,117,324,0.999903,0.999586,0.966020,0.999429,0,0,0,0
446,23,117,325,0.999903,0.999629,0.966020,0.999429,0,1,0,0
447,21,117,326,0.999903,0.999633,0.966020,0.999429,0,0,0,0
448,29,118,326,0.999903,0.999633,0.966020,0.999429,0,0,0,0
449,27,118,327,0.999903,0.999671,0.966020,0.999429,0,1,0,0
450,25,118,328,0.999903,0.999709,0.966020,0.999429,0,1,0,0
451,23,118,329,0.999913,0.999742,0.966020,0.999489,1,1,0,1
452,21,118,330,0.999914,0.999771,0.966020,0.999494,0,1,0,0
453,29,119,330,0.999914,0.999797,0.966020,0.999494,0,1,0,0
454,27,119,331,0.999923,0.999820,0.966020,0.999494,1,1,0,0
455,29,120,331,0.999931,0.999841,0.966020,0.999494,1,1,0,0
456,27,120,332,0.999932,0.999842,0.969467,0.999494,0,0,1,0
457,29,121,332,0.999932,0.999842,0.972841,0.999494,0,0,1,0
458,27,121,333,0.999939,0.999842,0.973105,0.999494,1,0,0,0
459,25,121,334,0.999940,0.999842,0.973105,0.999494,0,0,0,0
460,29,122,334,0.999940,0.999842,0.973105,0.999494,0,0,0,0
461,27,122,335,0.999940,0.999842,0.973105,0.999494,0,0,0,0
462,25,122,336,0.999940,0.999842,0.973105,0.999494,0,0,0,0
463,23,122,337,0.999940,0.999842,0.975851,0.999494,0,0,1,0
464,21,122,338,0.999940,0.999842,0.976087,0.999494,0,0,0,0
465,19,122,339,0.999940,0.999842,0.976087,0.999494,0,0,0,0
466,17,122,340,0.999940,0.999842,0.976087,0.999494,0,0,0,0
467,15,122,341,0.999940,0.999859,0.976087,0.999494,0,1,0,0
468,13,122,342,0.999940,0.999875,0.976087,0.999494,0,1,0,0
469,29,123,342,0.999940,0.999889,0.976087,0.999494,0,1,0,0
470,27,123,343,0.999940,0.999890,0.976087,0.999494,0,0,0,0
471,29,124,343,0.999940,0.999890,0.976087,0.999494,0,0,0,0
472,27,124,344,0.999940,0.999890,0.976087,0.999494,0,0,0,0
473,25,124,345,0.999940,0.999890,0.978535,0.999547,0,0,1,1
474,23,124,346,0.999940,0.999890,0.978745,0.999598,0,0,0,1
475,29,125,346,0.999940,0.999890,0.978745,0.999644,0,0,0,1
476,27,125,347,0.999946,0.999890,0.978745,0.999648,1,0,0,0
477,29,126,347,0.999952,0.999890,0.978745,0.999648,1,0,0,0
478,27,126,348,0.999953,0.999890,0.978745,0.999684,0,0,0,1
479,29,127,348,0.999953,0.999890,0.978745,0.999720,0,0,0,1
480,27,127,349,0.999958,0.999890,0.978745,0.999752,1,0,0,1
481,29,128,349,0.999963,0.999890,0.978745,0.999780,1,0,0,1
482,27,128,350,0.999963,0.999890,0.978745,0.999782,0,0,0,0
483,29,129,350,0.999963,0.999890,0.978745,0.999782,0,0,0,0
484,27,129,351,0.999963,0.999902,0.978745,0.999782,0,1,0,0
485,25,129,352,0.999963,0.999913,0.978745,0.999782,0,1,0,0
486,23,129,353,0.999963,0.999914,0.978745,0.999805,0,0,0,1
487,29,130,353,0.999963,0.999914,0.978745,0.999827,0,0,0,1
488,27,130,354,0.999963,0.999914,0.978745,0.999829,0,0,0,0
489,29,131,354,0.999963,0.999914,0.978745,0.999829,0,0,0,0
490,27,131,355,0.999963,0.999914,0.978745,0.999829,0,0,0,0
491,25,131,356,0.999963,0.999914,0.978745,0.999829,0,0,0,0
492,23,131,357,0.999963,0.999914,0.978745,0.999829,0,0,0,0
493,21,131,358,0.999963,0.999914,0.978745,0.999829,0,0,0,0
494,19,131,359,0.999963,0.999914,0.978745,0.999829,0,0,0,0
495,17,131,360,0.999967,0.999923,0.978745,0.999829,1,1,0,0
496,15,131,361,0.999967,0.999923,0.978745,0.999829,0,0,0,0
497,29,132,361,0.999967,0.999923,0.978745,0.999829,0,0,0,0
498,27,132,362,0.999967,0.999931,0.978745,0.999829,0,1,0,0
499,25,132,363,0.999967,0.999932,0.978745,0.999829,0,0,0,0
500,23,132,364,0.999967,0.999939,0.978745,0.999829,0,1,0,0
501,21,132,365,0.999967,0.999940,0.978745,0.999829,0,0,0,0
502,29,133,365,0.999967,0.999940,0.978745,0.999829,0,0,0,0
503,27,133,366,0.999967,0.999940,0.978745,0.999847,0,0,0,1
504,25,133,367,0.999967,0.999940,0.978745,0.999864,0,0,0,1
505,29,134,367,0.999967,0.999940,0.978745,0.999880,0,0,0,1
506,27,134,368,0.999967,0.999940,0.978745,0.999881,0,0,0,0
507,29,135,368,0.999967,0.999940,0.978745,0.999881,0,0,0,0
508,27,135,369,0.999967,0.999940,0.978745,0.999881,0,0,0,0
509,25,135,370,0.999967,0.999940,0.978745,0.999881,0,0,0,0
510,23,135,371,0.999967,0.999940,0.978745,0.999881,0,0,0,0
511,21,135,372,0.999967,0.999940,0.978745,0.999881,0,0,0,0
512,19,135,373,0.999967,0.999940,0.980927,0.999893,0,0,1,1
513,17,135,374,0.999967,0.999940,0.983057,0.999894,0,0,1,0
514,29,136,374,0.999967,0.999940,0.984953,0.999894,0,0,1,0
515,27,136,375,0.999967,0.999946,0.985101,0.999905,0,1,0,1
516,29,137,375,0.999967,0.999952,0.985101,0.999916,0,1,0,1
517,27,137,376,0.999967,0.999953,0.985101,0.999917,0,0,0,0
518,29,138,376,0.999967,0.999953,0.985101,0.999917,0,0,0,0
519,27,138,377,0.999967,0.999953,0.985101,0.999917,0,0,0,0
520,25,138,378,0.999967,0.999953,0.986639,0.999917,0,0,1,0
521,23,138,379,0.999967,0.999953,0.986771,0.999917,0,0,0,0
522,21,138,380,0.999967,0.999958,0.986771,0.999917,0,1,0,0
523,19,138,381,0.999967,0.999963,0.986771,0.999926,0,1,0,1
524,17,138,382,0.999967,0.999963,0.988139,0.999926,0,0,1,0
525,29,139,382,0.999967,0.999963,0.989472,0.999926,0,0,1,0
526,27,139,383,0.999967,0.999963,0.989576,0.999934,0,0,0,1
527,29,140,383,0.999967,0.999963,0.989576,0.999942,0,0,0,1
528,27,140,384,0.999967,0.999963,0.989576,0.999942,0,0,0,0
529,29,141,384,0.999967,0.999963,0.989576,0.999942,0,0,0,0
530,27,141,385,0.999967,0.999963,0.989576,0.999942,0,0,0,0
531,25,141,386,0.999971,0.999963,0.989576,0.999942,1,0,0,0
532,23,141,387,0.999971,0.999963,0.989576,0.999942,0,0,0,0
533,21,141,388,0.999971,0.999967,0.989576,0.999942,0,1,0,0
534,19,141,389,0.999971,0.999967,0.989576,0.999942,0,0,0,0
535,29,142,389,0.999971,0.999967,0.989576,0.999942,0,0,0,0
536,27,142,390,0.999971,0.999967,0.989576,0.999942,0,0,0,0
537,25,142,391,0.999971,0.999967,0.990657,0.999942,0,0,1,0
538,23,142,392,0.999971,0.999967,0.990750,0.999942,0,0,0,0
539,29,143,392,0.999971,0.999967,0.990750,0.999942,0,0,0,0
540,27,143,393,0.999971,0.999967,0.990750,0.999942,0,0,0,0
541,25,143,394,0.999971,0.999967,0.990750,0.999942,0,0,0,0
542,23,143,395,0.999971,0.999971,0.990750,0.999942,0,1,0,0
543,21,143,396,0.999971,0.999971,0.990750,0.999942,0,0,0,0
544,19,143,397,0.999974,0.999971,0.990750,0.999942,1,0,0,0
545,17,143,398,0.999974,0.999971,0.990750,0.999942,0,0,0,0
546,29,144,398,0.999974,0.999971,0.990750,0.999942,0,0,0,0
547,27,144,399,0.999974,0.999971,0.990750,0.999942,0,0,0,0
548,25,144,400,0.999974,0.999971,0.990750,0.999942,0,0,0,0
549,23,144,401,0.999974,0.999971,0.990750,0.999942,0,0,0,0
550,21,144,402,0.999974,0.999971,0.990750,0.999942,0,0,0,0
551,19,144,403,0.999974,0.999971,0.991710,0.999942,0,0,1,0
552,17,144,404,0.999974,0.999971,0.992645,0.999942,0,0,1,0
553,29,145,404,0.999974,0.999971,0.993475,0.999942,0,0,1,0
554,27,145,405,0.999974,0.999971,0.993540,0.999948,0,0,0,1
555,29,146,405,0.999974,0.999971,0.993540,0.999954,0,0,0,1
556,27,146,406,0.999974,0.999971,0.993540,0.999955,0,0,0,0
557,29,147,406,0.999974,0.999971,0.993540,0.999955,0,0,0,0
558,27,147,407,0.999974,0.999971,0.993540,0.999955,0,0,0,0
559,25,147,408,0.999974,0.999971,0.993540,0.999955,0,0,0,0
560,23,147,409,0.999974,0.999971,0.993540,0.999955,0,0,0,0
561,21,147,410,0.999977,0.999971,0.993540,0.999955,1,0,0,0
562,19,147,411,0.999977,0.999971,0.993540,0.999955,0,0,0,0
563,29,148,411,0.999977,0.999971,0.993540,0.999955,0,0,0,0
564,27,148,412,0.999977,0.999971,0.993540,0.999955,0,0,0,0
565,25,148,413,0.999977,0.999971,0.994212,0.999955,0,0,1,0
566,23,148,414,0.999977,0.999971,0.994269,0.999955,0,0,0,0
567,29,149,414,0.999977,0.999971,0.994269,0.999955,0,0,0,0
568,27,149,415,0.999977,0.999971,0.994269,0.999955,0,0,0,0
569,25,149,416,0.999977,0.999971,0.994269,0.999955,0,0,0,0
570,23,149,417,0.999977,0.999971,0.994269,0.999955,0,0,0,0
571,21,149,418,0.999977,0.999971,0.994269,0.999955,0,0,0,0
572,19,149,419,0.999979,0.999971,0.994269,0.999955,1,0,0,0
573,17,149,420,0.999980,0.999974,0.994269,0.999955,0,1,0,0
574,29,150,420,0.999980,0.999977,0.994269,0.999955,0,1,0,0
575,27,150,421,0.999982,0.999977,0.994269,0.999955,1,0,0,0
576,29,151,421,0.999984,0.999977,0.994269,0.999955,1,0,0,0
577,27,151,422,0.999984,0.999977,0.994269,0.999955,0,0,0,0
578,29,152,422,0.999984,0.999977,0.994269,0.999955,0,0,0,0
579,27,152,423,0.999984,0.999979,0.994269,0.999955,0,1,0,0
580,25,152,424,0.999986,0.999980,0.994269,0.999955,1,0,0,0
581,29,153,424,0.999987,0.999980,0.994269,0.999955,1,0,0,0
582,27,153,425,0.999987,0.999980,0.994269,0.999955,0,0,0,0
583,29,154,425,0.999987,0.999980,0.994269,0.999955,0,0,0,0
584,27,154,426,0.999987,0.999982,0.994269,0.999955,0,1,0,0
585,25,154,427,0.999987,0.999982,0.994269,0.999955,0,0,0,0
586,29,155,427,0.999987,0.999982,0.994269,0.999955,0,0,0,0
587,27,155,428,0.999989,0.999984,0.994269,0.999955,1,1,0,0
588,25,155,429,0.999990,0.999986,0.994269,0.999959,1,1,0,1
589,23,155,430,0.999990,0.999986,0.994866,0.999964,0,0,1,1
590,21,155,431,0.999991,0.999987,0.994917,0.999968,1,1,0,1
591,29,156,431,0.999992,0.999989,0.994917,0.999972,1,1,0,1
592,27,156,432,0.999992,0.999989,0.994917,0.999972,0,0,0,0
593,29,157,432,0.999992,0.999989,0.994917,0.999972,0,0,0,0
594,27,157,433,0.999992,0.999989,0.995447,0.999975,0,0,1,1
595,25,157,434,0.999992,0.999989,0.995492,0.999975,0,0,0,0
596,29,158,434,0.999992,0.999989,0.995492,0.999975,0,0,0,0
597,27,158,435,0.999992,0.999989,0.995492,0.999978,0,0,0,1
598,25,158,436,0.999992,0.999989,0.995492,0.999978,0,0,0,0
599,23,158,437,0.999992,0.999989,0.995962,0.999978,0,0,1,0
600,21,158,438,0.999992,0.999989,0.996002,0.999978,0,0,0,0
601,29,159,438,0.999992,0.999989,0.996002,0.999978,0,0,0,0
602,27,159,439,0.999992,0.999989,0.996002,0.999978,0,0,0,0
603,25,159,440,0.999992,0.999989,0.996002,0.999978,0,0,0,0
604,23,159,441,0.999992,0.999989,0.996002,0.999978,0,0,0,0
605,21,159,442,0.999992,0.999989,0.996002,0.999978,0,0,0,0
606,19,159,443,0.999992,0.999989,0.996002,0.999978,0,0,0,0
607,17,159,444,0.999992,0.999990,0.996002,0.999978,0,1,0,0
608,15,159,445,0.999993,0.999991,0.996002,0.999978,1,1,0,0
609,29,160,445,0.999994,0.999992,0.996002,0.999978,1,1,0,0
610,27,160,446,0.999994,0.999992,0.996419,0.999978,0,0,1,0
611,25,160,447,0.999995,0.999993,0.996455,0.999978,1,1,0,0
612,29,161,447,0.999995,0.999994,0.996455,0.999978,1,1,0,0
613,27,161,448,0.999995,0.999994,0.996455,0.999978,0,0,0,0
614,29,162,448,0.999995,0.999994,0.996455,0.999978,0,0,0,0
615,27,162,449,0.999996,0.999994,0.996455,0.999980,1,0,0,1
616,25,162,450,0.999996,0.999994,0.996455,0.999980,0,0,0,0
617,29,163,450,0.999996,0.999994,0.996455,0.999980,0,0,0,0
618,27,163,451,0.999996,0.999994,0.996455,0.999983,1,0,0,1
619,25,163,452,0.999996,0.999994,0.996455,0.999983,0,0,0,0
620,29,164,452,0.999996,0.999994,0.996455,0.999983,0,0,0,0
621,27,164,453,0.999997,0.999994,0.996455,0.999983,1,0,0,0
622,25,164,454,0.999997,0.999994,0.996455,0.999983,0,0,0,0
623,29,165,454,0.999997,0.999994,0.996825,0.999983,0,0,1,0
624,27,165,455,0.999997,0.999995,0.996856,0.999983,0,1,0,0
625,25,165,456,0.999997,0.999995,0.996856,0.999983,0,1,0,0
626,29,166,456,0.999997,0.999996,0.996856,0.999983,0,1,0,0
627,27,166,457,0.999997,0.999996,0.996856,0.999983,0,0,0,0
628,25,166,458,0.999997,0.999996,0.997184,0.999985,0,0,1,1
629,23,166,459,0.999997,0.999996,0.997212,0.999985,0,0,0,0
630,29,167,459,0.999997,0.999996,0.997212,0.999985,0,0,0,0
631,27,167,460,0.999997,0.999996,0.997212,0.999985,0,0,0,0
632,25,167,461,0.999997,0.999996,0.997212,0.999986,0,0,0,1
633,23,167,462,0.999997,0.999996,0.997212,0.999986,0,0,0,0
634,29,168,462,0.999997,0.999996,0.997212,0.999986,0,0,0,0
635,27,168,463,0.999997,0.999996,0.997212,0.999986,0,1,0,0
636,25,168,464,0.999997,0.999996,0.997212,0.999986,0,0,0,0
637,29,169,464,0.999997,0.999996,0.997212,0.999986,0,0,0,0
638,27,169,465,0.999997,0.999997,0.997212,0.999986,1,1,0,0
639,25,169,466,0.999997,0.999997,0.997503,0.999986,0,0,1,0
640,23,169,467,0.999997,0.999997,0.997528,0.999986,1,1,0,0
641,29,170,467,0.999998,0.999997,0.997528,0.999986,1,1,0,0
642,27,170,468,0.999998,0.999997,0.997528,0.999986,0,0,0,0
643,29,171,468,0.999998,0.999997,0.997528,0.999986,0,0,0,0
644,27,171,469,0.999998,0.999997,0.997528,0.999986,0,0,0,0
645,25,171,470,0.999998,0.999997,0.997528,0.999986,1,0,0,0
646,23,171,471,0.999998,0.999997,0.997528,0.999988,0,0,0,1
647,29,172,471,0.999998,0.999997,0.997528,0.999989,0,0,0,1
648,27,172,472,0.999998,0.999997,0.997528,0.999989,0,0,0,0
649,29,173,472,0.999998,0.999997,0.997528,0.999989,0,0,0,0
650,27,173,473,0.999998,0.999997,0.997786,0.999990,0,0,1,1
651,25,173,474,0.999998,0.999997,0.997809,0.999992,0,0,0,1
652,29,174,474,0.999998,0.999997,0.997809,0.999992,0,0,0,1
653,27,174,475,0.999998,0.999997,0.997809,0.999993,1,0,0,1
654,29,175,475,0.999998,0.999997,0.997809,0.999994,1,0,0,1
655,27,175,476,0.999998,0.999997,0.997809,0.999994,0,0,0,0
656,29,176,476,0.999998,0.999997,0.997809,0.999994,0,0,0,0
657,27,176,477,0.999998,0.999997,0.997809,0.999994,0,0,0,0
658,25,176,478,0.999998,0.999997,0.998037,0.999994,0,0,1,0
659,23,176,479,0.999998,0.999997,0.998260,0.999994,0,0,1,0
660,29,177,479,0.999998,0.999997,0.998457,0.999994,0,0,1,0
661,27,177,480,0.999998,0.999997,0.998473,0.999994,0,0,0,0
662,29,178,480,0.999998,0.999997,0.998473,0.999994,0,0,0,0
663,27,178,481,0.999998,0.999998,0.998473,0.999994,0,1,0,0
664,25,178,482,0.999998,0.999998,0.998473,0.999994,0,0,0,0
665,29,179,482,0.999998,0.999998,0.998473,0.999994,0,0,0,0
666,27,179,483,0.999998,0.999998,0.998473,0.999994,0,0,0,0
667,25,179,484,0.999998,0.999998,0.998473,0.999995,0,0,0,1
668,23,179,485,0.999998,0.999998,0.998473,0.999995,0,0,0,0
669,29,180,485,0.999998,0.999998,0.998473,0.999995,0,0,0,0
670,27,180,486,0.999999,0.999998,0.998473,0.999995,1,0,0,0
671,25,180,487,0.999999,0.999998,0.998473,0.999995,1,0,0,1
672,23,180,488,0.999999,0.999998,0.998632,0.999995,0,0,1,0
673,29,181,488,0.999999,0.999998,0.998788,0.999995,0,0,1,0
674,27,181,489,0.999999,0.999998,0.998800,0.999996,0,0,0,1
675,29,182,489,0.999999,0.999998,0.998800,0.999996,0,0,0,1
676,27,182,490,0.999999,0.999998,0.998800,0.999996,0,0,0,0
677,29,183,490,0.999999,0.999998,0.998800,0.999996,0,0,0,0
678,27,183,491,0.999999,0.999998,0.998800,0.999996,0,0,0,0
679,25,183,492,0.999999,0.999998,0.998800,0.999996,0,0,0,0
680,23,183,493,0.999999,0.999998,0.998800,0.999996,0,0,0,0
681,21,183,494,0.999999,0.999998,0.998800,0.999996,0,0,0,0
682,19,183,495,0.999999,0.999998,0.998800,0.999996,0,0,0,0
683,17,183,496,0.999999,0.999998,0.998800,0.999997,0,0,0,1
684,15,183,497,0.999999,0.999998,0.998800,0.999997,0,0,0,0
685,29,184,497,0.999999,0.999998,0.998800,0.999997,0,0,0,0
686,27,184,498,0.999999,0.999998,0.998800,0.999997,0,0,0,0
687,25,184,499,0.999999,0.999998,0.998925,0.999997,1,1,1,0
688,23,184,500,0.999999,0.999998,0.998936,0.999997,0,0,0,0
689,29,185,500,0.999999,0.999998,0.998936,0.999997,0,0,0,0
690,27,185,501,0.999999,0.999998,0.998936,0.999997,0,0,0,0
691,25,185,502,0.999999,0.999998,0.999047,0.999997,1,0,1,0
692,23,185,503,0.999999,0.999998,0.999057,0.999997,0,0,0,0
693,29,186,503,0.999999,0.999998,0.999057,0.999997,0,0,0,0
694,27,186,504,0.999999,0.999998,0.999155,0.999997,0,0,1,0
695,25,186,505,0.999999,0.999998,0.999164,0.999997,0,0,0,0
696,29,187,505,0.999999,0.999998,0.999164,0.999997,0,0,0,0
697,27,187,506,0.999999,0.999998,0.999164,0.999997,0,0,0,0
698,25,187,507,0.999999,0.999998,0.999164,0.999997,0,0,0,0
699,23,187,508,0.999999,0.999998,0.999164,0.999997,0,0,0,0
700,21,187,509,0.999999,0.999998,0.999164,0.999997,0,0,0,0
701,19,187,510,0.999999,0.999998,0.999164,0.999997,0,0,0,0
702,17,187,511,0.999999,0.999998,0.999164,0.999997,0,0,0,0
703,15,187,512,0.999999,0.999998,0.999164,0.999997,0,0,0,0
704,13,187,513,0.999999,0.999998,0.999164,0.999997,0,0,0,0
705,11,187,514,0.999999,0.999998,0.999164,0.999997,0,1,0,0
706,9,187,515,0.999999,0.999998,0.999251,0.999997,0,0,1,0
707,29,188,515,0.999999,0.999998,0.999336,0.999997,0,0,1,0
708,27,188,516,0.999999,0.999998,0.999343,0.999997,0,0,0,0
709,29,189,516,0.999999,0.999998,0.999343,0.999997,0,0,0,0
710,27,189,517,0.999999,0.999998,0.999412,0.999997,0,0,1,0
711,25,189,518,0.999999,0.999998,0.999478,0.999997,0,0,1,0
712,29,190,518,0.999999,0.999998,0.999538,0.999997,0,0,1,0
713,27,190,519,0.999999,0.999998,0.999542,0.999997,0,1,0,1
714,29,191,519,0.999999,0.999999,0.999542,0.999997,0,1,0,1
715,27,191,520,0.999999,0.999999,0.999542,0.999998,0,0,0,1
716,29,192,520,0.999999,0.999999,0.999542,0.999998,0,0,0,1
717,27,192,521,0.999999,0.999999,0.999542,0.999998,0,0,0,1
718,29,193,521,0.999999,0.999999,0.999542,0.999998,0,0,0,1
719,27,193,522,0.999999,0.999999,0.999542,0.999999,0,0,0,1
720,29,194,522,0.999999,0.999999,0.999542,0.999999,0,0,0,1
721,27,194,523,0.999999,0.999999,0.999542,0.999999,1,0,0,1
722,29,195,523,0.999999,0.999999,0.999542,0.999999,1,0,0,1
723,27,195,524,0.999999,0.999999,0.999542,0.999999,0,0,0,1
724,29,196,524,0.999999,0.999999,0.999542,0.999999,0,0,0,1
725,27,196,525,0.999999,0.999999,0.999590,0.999999,1,0,1,1
726,29,197,525,0.999999,0.999999,0.999637,0.999999,1,0,1,1
727,27,197,526,0.999999,0.999999,0.999640,0.999999,0,0,0,0
728,29,198,526,0.999999,0.999999,0.999640,0.999999,0,0,0,0
729,27,198,527,0.999999,0.999999,0.999640,0.999999,1,0,0,1
730,25,198,528,0.999999,0.999999,0.999640,0.999999,0,0,0,0
731,29,199,528,0.999999,0.999999,0.999640,0.999999,0,0,0,0
732,27,199,529,0.999999,0.999999,0.999640,1.000000,0,0,0,1
733,25,199,530,0.999999,0.999999,0.999640,1.000000,0,0,0,1
734,23,199,531,0.999999,0.999999,0.999640,1.000000,0,1,0,0
735,29,200,531,0.999999,0.999999,0.999640,1.000000,0,1,0,0
736,27,200,532,0.999999,0.999999,0.999640,1.000000,0,0,0,0
737,29,201,532,0.999999,0.999999,0.999640,1.000000,0,0,0,0
738,27,201,533,0.999999,0.999999,0.999640,1.000000,0,0,0,0
739,25,201,534,0.999999,0.999999,0.999640,1.000000,0,0,0,1
740,23,201,535,0.999999,0.999999,0.999640,1.000000,0,0,0,0
741,29,202,535,0.999999,0.999999,0.999640,1.000000,0,0,0,0
742,27,202,536,1.000000,0.999999,0.999640,1.000000,1,0,0,0
743,25,202,537,1.000000,0.999999,0.999640,1.000000,1,0,0,1
744,23,202,538,1.000000,0.999999,0.999640,1.000000,0,1,0,0
745,29,203,538,1.000000,0.999999,0.999640,1.000000,0,1,0,0
746,27,203,539,1.000000,0.999999,0.999640,1.000000,1,0,0,0
747,29,204,539,1.000000,0.999999,0.999640,1.000000,1,0,0,0
748,27,204,540,1.000000,0.999999,0.999640,1.000000,0,0,0,0
749,29,205,540,1.000000,0.999999,0.999640,1.000000,0,0,0,0
750,27,205,541,1.000000,0.999999,0.999640,1.000000,0,0,0,0
751,25,205,542,1.000000,0.999999,0.999640,1.000000,0,0,0,0
752,23,205,543,1.000000,0.999999,0.999640,1.000000,0,0,0,0
753,21,205,544,1.000000,0.999999,0.999640,1.000000,0,0,0,0
754,19,205,545,1.000000,0.999999,0.999640,1.000000,0,0,0,0
755,17,205,546,1.000000,0.999999,0.999640,1.000000,0,0,0,0
756,15,205,547,1.000000,0.999999,0.999640,1.000000,0,0,0,0
757,13,205,548,1.000000,0.999999,0.999640,1.000000,0,0,0,0
758,11,205,549,1.000000,0.999999,0.999640,1.000000,1,0,0,0
759,9,205,550,1.000000,0.999999,0.999678,1.000000,0,0,1,0
760,7,205,551,1.000000,0.999999,0.999681,1.000000,0,1,0,0
761,5,205,552,1.000000,0.999999,0.999681,1.000000,0,0,0,0
762,29,206,552,1.000000,0.999999,0.999681,1.000000,0,0,0,0
763,27,206,553,1.000000,0.999999,0.999681,1.000000,0,0,0,0
764,25,206,554,1.000000,0.999999,0.999681,1.000000,0,0,0,0
765,23,206,555,1.000000,0.999999,0.999715,1.000000,0,0,1,0
766,21,206,556,1.000000,0.999999,0.999747,1.000000,0,0,1,0
767,29,207,556,1.000000,0.999999,0.999776,1.000000,0,0,1,0
768,27,207,557,1.000000,0.999999,0.999778,1.000000,0,0,0,1
769,29,208,557,1.000000,0.999999,0.999778,1.000000,0,0,0,1
770,27,208,558,1.000000,0.999999,0.999778,1.000000,0,1,0,0
771,25,208,559,1.000000,0.999999,0.999778,1.000000,0,0,0,0
772,29,209,559,1.000000,0.999999,0.999778,1.000000,0,0,0,0
773,27,209,560,1.000000,0.999999,0.999778,1.000000,0,0,0,0
774,25,209,561,1.000000,0.999999,0.999778,1.000000,0,0,0,1
775,23,209,562,1.000000,0.999999,0.999778,1.000000,0,0,0,0
776,29,210,562,1.000000,0.999999,0.999778,1.000000,0,0,0,0
777,27,210,563,1.000000,0.999999,0.999778,1.000000,0,0,0,0
778,25,210,564,1.000000,0.999999,0.999778,1.000000,0,0,0,0
779,23,210,565,1.000000,0.999999,0.999778,1.000000,0,0,0,0
780,21,210,566,1.000000,0.999999,0.999778,1.000000,0,1,0,0
781,19,210,567,1.000000,0.999999,0.999778,1.000000,0,1,0,0
782,29,211,567,1.000000,1.000000,0.999778,1.000000,0,1,0,0
783,27,211,568,1.000000,1.000000,0.999778,1.000000,0,1,0,0
784,29,212,568,1.000000,1.000000,0.999778,1.000000,0,1,0,0
785,27,212,569,1.000000,1.000000,0.999801,1.000000,1,1,1,0
786,29,213,569,1.000000,1.000000,0.999824,1.000000,1,1,1,0
787,27,213,570,1.000000,1.000000,0.999844,1.000000,0,0,1,0
788,25,213,571,1.000000,1.000000,0.999845,1.000000,1,1,0,1
789,29,214,571,1.000000,1.000000,0.999845,1.000000,1,1,0,1
790,27,214,572,1.000000,1.000000,0.999845,1.000000,0,0,0,0
791,29,215,572,1.000000,1.000000,0.999845,1.000000,0,0,0,0
792,27,215,573,1.000000,1.000000,0.999845,1.000000,1,0,0,1
793,25,215,574,1.000000,1.000000,0.999845,1.000000,0,0,0,0
794,29,216,574,1.000000,1.000000,0.999845,1.000000,0,0,0,0
795,27,216,575,1.000000,1.000000,0.999845,1.000000,0,0,0,1
796,25,216,576,1.000000,1.000000,0.999845,1.000000,0,0,0,0
797,29,217,576,1.000000,1.000000,0.999845,1.000000,0,0,0,0
798,27,217,577,1.000000,1.000000,0.999845,1.000000,0,0,0,1
799,25,217,578,1.000000,1.000000,0.999845,1.000000,1,0,0,0
800,29,218,578,1.000000,1.000000,0.999845,1.000000,1,0,0,0
801,27,218,579,1.000000,1.000000,0.999845,1.000000,0,0,0,0
802,25,218,580,1.000000,1.000000,0.999862,1.000000,0,0,1,1
803,23,218,581,1.000000,1.000000,0.999863,1.000000,0,0,0,0
804,29,219,581,1.000000,1.000000,0.999863,1.000000,0,0,0,0
805,27,219,582,1.000000,1.000000,0.999863,1.000000,0,0,0,1
806,25,219,583,1.000000,1.000000,0.999863,1.000000,1,0,0,1
807,29,220,583,1.000000,1.000000,0.999863,1.000000,1,0,0,1
808,27,220,584,1.000000,1.000000,0.999863,1.000000,0,0,0,0
809,29,221,584,1.000000,1.000000,0.999863,1.000000,0,0,0,0
810,27,221,585,1.000000,1.000000,0.999863,1.000000,0,0,0,0
811,25,221,586,1.000000,1.000000,0.999863,1.000000,0,0,0,0
812,23,221,587,1.000000,1.000000,0.999863,1.000000,0,0,0,0
813,21,221,588,1.000000,1.000000,0.999863,1.000000,0,0,0,1
814,19,221,589,1.000000,1.000000,0.999863,1.000000,0,0,0,0
815,29,222,589,1.000000,1.000000,0.999863,1.000000,0,0,0,0
816,27,222,590,1.000000,1.000000,0.999863,1.000000,0,0,0,0
817,25,222,591,1.000000,1.000000,0.999863,1.000000,0,1,0,1
818,23,222,592,1.000000,1.000000,0.999863,1.000000,0,0,0,0
819,29,223,592,1.000000,1.000000,0.999863,1.000000,0,0,0,0
820,27,223,593,1.000000,1.000000,0.999863,1.000000,0,0,0,0
821,25,223,594,1.000000,1.000000,0.999863,1.000000,1,1,0,0
822,23,223,595,1.000000,1.000000,0.999863,1.000000,0,0,0,0
823,21,223,596,1.000000,1.000000,0.999863,1.000000,0,1,0,0
824,19,223,597,1.000000,1.000000,0.999863,1.000000,1,0,0,0
825,29,224,597,1.000000,1.000000,0.999863,1.000000,1,0,0,0
826,27,224,598,1.000000,1.000000,0.999863,1.000000,0,1,0,0
827,25,224,599,1.000000,1.000000,0.999863,1.000000,0,0,0,0
828,29,225,599,1.000000,1.000000,0.999863,1.000000,0,0,0,0
829,27,225,600,1.000000,1.000000,0.999877,1.000000,0,0,1,0
830,25,225,601,1.000000,1.000000,0.999878,1.000000,0,1,0,0
831,29,226,601,1.000000,1.000000,0.999878,1.000000,0,1,0,0
832,27,226,602,1.000000,1.000000,0.999878,1.000000,0,1,0,0
833,29,227,602,1.000000,1.000000,0.999878,1.000000,0,1,0,0
834,27,227,603,1.000000,1.000000,0.999891,1.000000,1,1,1,0
835,29,228,603,1.000000,1.000000,0.999904,1.000000,1,1,1,0
836,27,228,604,1.000000,1.000000,0.999905,1.000000,0,0,0,0
837,29,229,604,1.000000,1.000000,0.999905,1.000000,0,0,0,0
838,27,229,605,1.000000,1.000000,0.999915,1.000000,1,0,1,0
839,25,229,606,1.000000,1.000000,0.999915,1.000000,0,0,0,0
840,29,230,606,1.000000,1.000000,0.999915,1.000000,0,0,0,0
841,27,230,607,1.000000,1.000000,0.999915,1.000000,1,0,0,0
842,25,230,608,1.000000,1.000000,0.999915,1.000000,0,0,0,0
843,29,231,608,1.000000,1.000000,0.999915,1.000000,0,0,0,0
844,27,231,609,1.000000,1.000000,0.999915,1.000000,0,0,0,0
845,25,231,610,1.000000,1.000000,0.999915,1.000000,0,0,0,0
846,23,231,611,1.000000,1.000000,0.999915,1.000000,0,0,0,0
847,21,231,612,1.000000,1.000000,0.999915,1.000000,0,0,0,1
848,19,231,613,1.000000,1.000000,0.999915,1.000000,0,0,0,0
849,29,232,613,1.000000,1.000000,0.999915,1.000000,0,0,0,0
850,27,232,614,1.000000,1.000000,0.999915,1.000000,1,0,0,0
851,25,232,615,1.000000,1.000000,0.999915,1.000000,1,0,0,1
852,29,233,615,1.000000,1.000000,0.999915,1.000000,1,0,0,1
853,27,233,616,1.000000,1.000000,0.999915,1.000000,0,0,0,0
854,29,234,616,1.000000,1.000000,0.999915,1.000000,0,0,0,0
855,27,234,617,1.000000,1.000000,0.999915,1.000000,0,0,0,0
856,25,234,618,1.000000,1.000000,0.999915,1.000000,0,0,0,0
857,23,234,619,1.000000,1.000000,0.999915,1.000000,0,0,0,0
858,21,234,620,1.000000,1.000000,0.999915,1.000000,0,0,0,0
859,19,234,621,1.000000,1.000000,0.999915,1.000000,0,0,0,0
860,17,234,622,1.000000,1.000000,0.999924,1.000000,0,0,1,0
861,15,234,623,1.000000,1.000000,0.999925,1.000000,0,1,0,0
862,29,235,623,1.000000,1.000000,0.999925,1.000000,0,1,0,0
863,27,235,624,1.000000,1.000000,0.999925,1.000000,0,1,0,0
864,29,236,624,1.000000,1.000000,0.999925,1.000000,0,1,0,0
865,27,236,625,1.000000,1.000000,0.999933,1.000000,1,1,1,0
866,29,237,625,1.000000,1.000000,0.999940,1.000000,1,1,1,0
867,27,237,626,1.000000,1.000000,0.999941,1.000000,0,0,0,0
868,29,238,626,1.000000,1.000000,0.999941,1.000000,0,0,0,0
869,27,238,627,1.000000,1.000000,0.999941,1.000000,1,1,0,0
870,25,238,628,1.000000,1.000000,0.999941,1.000000,0,0,0,0
871,29,239,628,1.000000,1.000000,0.999941,1.000000,0,0,0,0
872,27,239,629,1.000000,1.000000,0.999941,1.000000,0,0,0,1
873,25,239,630,1.000000,1.000000,0.999941,1.000000,1,0,0,0
874,29,240,630,1.000000,1.000000,0.999941,1.000000,1,0,0,0
875,27,240,631,1.000000,1.000000,0.999941,1.000000,0,0,0,0
876,29,241,631,1.000000,1.000000,0.999941,1.000000,0,0,0,0
877,27,241,632,1.000000,1.000000,0.999941,1.000000,0,1,0,0
878,25,241,633,1.000000,1.000000,0.999941,1.000000,0,0,0,0
879,29,242,633,1.000000,1.000000,0.999941,1.000000,0,0,0,0
880,27,242,634,1.000000,1.000000,0.999941,1.000000,1,1,0,0
881,25,242,635,1.000000,1.000000,0.999941,1.000000,1,1,0,0
882,23,242,636,1.000000,1.000000,0.999941,1.000000,0,0,0,1
883,29,243,636,1.000000,1.000000,0.999941,1.000000,0,0,0,1
884,27,243,637,1.000000,1.000000,0.999941,1.000000,1,0,0,0
885,25,243,638,1.000000,1.000000,0.999947,1.000000,0,0,1,1
886,23,243,639,1.000000,1.000000,0.999948,1.000000,1,1,0,1
887,29,244,639,1.000000,1.000000,0.999948,1.000000,1,1,0,1
888,27,244,640,1.000000,1.000000,0.999948,1.000000,0,0,0,0
889,29,245,640,1.000000,1.000000,0.999948,1.000000,0,0,0,0
890,27,245,641,1.000000,1.000000,0.999948,1.000000,0,1,0,1
891,25,245,642,1.000000,1.000000,0.999953,1.000000,0,0,1,0
892,29,246,642,1.000000,1.000000,0.999959,1.000000,0,0,1,0
893,27,246,643,1.000000,1.000000,0.999959,1.000000,0,0,0,0
894,29,247,643,1.000000,1.000000,0.999959,1.000000,0,0,0,0
895,27,247,644,1.000000,1.000000,0.999959,1.000000,0,0,0,0
896,25,247,645,1.000000,1.000000,0.999959,1.000000,1,0,0,0
897,23,247,646,1.000000,1.000000,0.999959,1.000000,0,1,0,0
898,21,247,647,1.000000,1.000000,0.999959,1.000000,0,0,0,1
899,29,248,647,1.000000,1.000000,0.999959,1.000000,0,0,0,1
900,27,248,648,1.000000,1.000000,0.999959,1.000000,0,0,0,0
901,29,249,648,1.000000,1.000000,0.999959,1.000000,0,0,0,0
902,27,249,649,1.000000,1.000000,0.999959,1.000000,0,0,0,0
903,25,249,650,1.000000,1.000000,0.999959,1.000000,0,0,0,1
904,23,249,651,1.000000,1.000000,0.999959,1.000000,1,0,0,1
905,29,250,651,1.000000,1.000000,0.999959,1.000000,1,0,0,1
906,27,250,652,1.000000,1.000000,0.999959,1.000000,0,0,0,0
907,29,251,652,1.000000,1.000000,0.999959,1.000000,0,0,0,0
908,27,251,653,1.000000,1.000000,0.999959,1.000000,1,0,0,0
909,25,251,654,1.000000,1.000000,0.999963,1.000000,0,0,1,0
910,23,251,655,1.000000,1.000000,0.999967,1.000000,0,0,1,0
911,21,251,656,1.000000,1.000000,0.999968,1.000000,1,0,0,0
912,29,252,656,1.000000,1.000000,0.999968,1.000000,1,0,0,0
913,27,252,657,1.000000,1.000000,0.999968,1.000000,0,1,0,0
914,25,252,658,1.000000,1.000000,0.999968,1.000000,0,0,0,0
915,29,253,658,1.000000,1.000000,0.999968,1.000000,0,0,0,0
916,27,253,659,1.000000,1.000000,0.999968,1.000000,0,0,0,0
917,25,253,660,1.000000,1.000000,0.999968,1.000000,0,0,0,0
918,23,253,661,1.000000,1.000000,0.999971,1.000000,0,1,1,0
919,21,253,662,1.000000,1.000000,0.999971,1.000000,0,0,0,0
920,29,254,662,1.000000,1.000000,0.999971,1.000000,0,0,0,0
921,27,254,663,1.000000,1.000000,0.999971,1.000000,0,0,0,0
922,25,254,664,1.000000,1.000000,0.999971,1.000000,1,0,0,0
923,23,254,665,1.000000,1.000000,0.999971,1.000000,0,0,0,0
924,29,255,665,1.000000,1.000000,0.999971,1.000000,0,0,0,0
925,27,255,666,1.000000,1.000000,0.999971,1.000000,1,1,0,0
926,25,255,667,1.000000,1.000000,0.999971,1.000000,1,1,0,0
927,29,256,667,1.000000,1.000000,0.999971,1.000000,1,1,0,0
928,27,256,668,1.000000,1.000000,0.999971,1.000000,0,0,0,0
929,29,257,668,1.000000,1.000000,0.999971,1.000000,0,0,0,0
930,27,257,669,1.000000,1.000000,0.999971,1.000000,0,0,0,0
931,25,257,670,1.000000,1.000000,0.999971,1.000000,0,0,0,0
932,23,257,671,1.000000,1.000000,0.999971,1.000000,1,0,0,1
933,21,257,672,1.000000,1.000000,0.999971,1.000000,0,1,0,0
934,29,258,672,1.000000,1.000000,0.999971,1.000000,0,1,0,0
935,27,258,673,1.000000,1.000000,0.999971,1.000000,0,0,0,0
936,29,259,673,1.000000,1.000000,0.999971,1.000000,0,0,0,0
937,27,259,674,1.000000,1.000000,0.999971,1.000000,0,0,0,0
938,25,259,675,1.000000,1.000000,0.999974,1.000000,0,0,1,1
939,23,259,676,1.000000,1.000000,0.999977,1.000000,0,0,1,0
940,29,260,676,1.000000,1.000000,0.999980,1.000000,0,0,1,0
941,27,260,677,1.000000,1.000000,0.999980,1.000000,0,1,0,1
942,29,261,677,1.000000,1.000000,0.999980,1.000000,0,1,0,1
943,27,261,678,1.000000,1.000000,0.999980,1.000000,0,0,0,0
944,29,262,678,1.000000,1.000000,0.999980,1.000000,0,0,0,0
945,27,262,679,1.000000,1.000000,0.999980,1.000000,0,1,0,0
946,25,262,680,1.000000,1.000000,0.999982,1.000000,0,0,1,0
947,29,263,680,1.000000,1.000000,0.999984,1.000000,0,0,1,0
948,27,263,681,1.000000,1.000000,0.999984,1.000000,0,1,0,0
949,29,264,681,1.000000,1.000000,0.999984,1.000000,0,1,0,0
950,27,264,682,1.000000,1.000000,0.999984,1.000000,0,0,0,0
951,25,264,683,1.000000,1.000000,0.999986,1.000000,1,0,1,0
952,23,264,684,1.000000,1.000000,0.999986,1.000000,0,0,0,0
953,29,265,684,1.000000,1.000000,0.999986,1.000000,0,0,0,0
954,27,265,685,1.000000,1.000000,0.999986,1.000000,1,0,0,0
955,25,265,686,1.000000,1.000000,0.999986,1.000000,0,1,0,0
956,29,266,686,1.000000,1.000000,0.999986,1.000000,0,1,0,0
957,27,266,687,1.000000,1.000000,0.999986,1.000000,0,0,0,0
958,29,267,687,1.000000,1.000000,0.999986,1.000000,0,0,0,0
959,27,267,688,1.000000,1.000000,0.999986,1.000000,0,1,0,0
960,25,267,689,1.000000,1.000000,0.999986,1.000000,0,0,0,0
961,29,268,689,1.000000,1.000000,0.999986,1.000000,0,0,0,0
962,27,268,690,1.000000,1.000000,0.999986,1.000000,0,1,0,0
963,25,268,691,1.000000,1.000000,0.999986,1.000000,0,0,0,0
964,29,269,691,1.000000,1.000000,0.999986,1.000000,0,0,0,0
965,27,269,692,1.000000,1.000000,0.999986,1.000000,0,0,0,0
966,25,269,693,1.000000,1.000000,0.999986,1.000000,1,1,0,0
967,23,269,694,1.000000,1.000000,0.999986,1.000000,0,0,0,0
968,29,270,694,1.000000,1.000000,0.999986,1.000000,0,0,0,0
969,27,270,695,1.000000,1.000000,0.999986,1.000000,1,0,0,0
970,25,270,696,1.000000,1.000000,0.999986,1.000000,0,0,0,1
971,29,271,696,1.000000,1.000000,0.999986,1.000000,0,0,0,1
972,27,271,697,1.000000,1.000000,0.999986,1.000000,0,0,0,0
973,29,272,697,1.000000,1.000000,0.999986,1.000000,0,0,0,0
974,27,272,698,1.000000,1.000000,0.999986,1.000000,0,0,0,0
975,25,272,699,1.000000,1.000000,0.999986,1.000000,0,0,0,0
976,23,272,700,1.000000,1.000000,0.999986,1.000000,0,0,0,0
977,21,272,701,1.000000,1.000000,0.999986,1.000000,0,0,0,0
978,19,272,702,1.000000,1.000000,0.999988,1.000000,0,0,1,0
979,17,272,703,1.000000,1.000000,0.999988,1.000000,0,0,0,0
980,29,273,703,1.000000,1.000000,0.999988,1.000000,0,0,0,0
981,27,273,704,1.000000,1.000000,0.999988,1.000000,0,1,0,1
982,25,273,705,1.000000,1.000000,0.999988,1.000000,0,0,0,1
983,29,274,705,1.000000,1.000000,0.999988,1.000000,0,0,0,1
984,27,274,706,1.000000,1.000000,0.999988,1.000000,0,0,0,0
985,29,275,706,1.000000,1.000000,0.999988,1.000000,0,0,0,0
986,27,275,707,1.000000,1.000000,0.999989,1.000000,0,0,1,1
987,25,275,708,1.000000,1.000000,0.999989,1.000000,0,0,0,1
988,29,276,708,1.000000,1.000000,0.999989,1.000000,0,0,0,1
989,27,276,709,1.000000,1.000000,0.999989,1.000000,1,0,0,0
990,29,277,709,1.000000,1.000000,0.999989,1.000000,1,0,0,0
991,27,277,710,1.000000,1.000000,0.999989,1.000000,0,0,0,1
992,29,278,710,1.000000,1.000000,0.999989,1.000000,0,0,0,1
993,27,278,711,1.000000,1.000000,0.999989,1.000000,1,0,0,1
994,29,279,711,1.000000,1.000000,0.999989,1.000000,1,0,0,1
995,27,279,712,1.000000,1.000000,0.999989,1.000000,0,0,0,0
996,29,280,712,1.000000,1.000000,0.999989,1.000000,0,0,0,0
997,27,280,713,1.000000,1.000000,0.999989,1.000000,0,0,0,0
998,25,280,714,1.000000,1.000000,0.999989,1.000000,0,1,0,0
999,23,280,715,1.000000,1.000000,0.999989,1.000000,0,0,0,1
1000,29,281,715,1.000000,1.000000,0.999989,1.000000,0,0,0,1
1001,27,281,716,1.000000,1.000000,0.999989,1.000000,0,1,0,0
1002,25,281,717,1.000000,1.000000,0.999989,1.000000,0,0,0,0
1003,29,282,717,1.000000,1.000000,0.999989,1.000000,0,0,0,0
1004,27,282,718,1.000000,1.000000,0.999989,1.000000,0,0,0,0
1005,25,282,719,1.000000,1.000000,0.999989,1.000000,0,0,0,1
1006,23,282,720,1.000000,1.000000,0.999989,1.000000,0,0,0,0
1007,29,283,720,1.000000,1.000000,0.999989,1.000000,0,0,0,0
1008,27,283,721,1.000000,1.000000,0.999989,1.000000,0,0,0,0
1009,25,283,722,1.000000,1.000000,0.999989,1.000000,1,0,0,0
1010,23,283,723,1.000000,1.000000,0.999989,1.000000,0,0,0,0
1011,21,283,724,1.000000,1.000000,0.999989,1.000000,1,0,0,0
1012,19,283,725,1.000000,1.000000,0.999989,1.000000,0,0,0,0
1013,29,284,725,1.000000,1.000000,0.999989,1.000000,0,0,0,0
1014,27,284,726,1.000000,1.000000,0.999989,1.000000,0,1,0,0
1015,25,284,727,1.000000,1.000000,0.999989,1.000000,0,1,0,0
1016,29,285,727,1.000000,1.000000,0.999989,1.000000,0,1,0,0
1017,27,285,728,1.000000,1.000000,0.999989,1.000000,0,0,0,0
1018,29,286,728,1.000000,1.000000,0.999989,1.000000,0,0,0,0
1019,27,286,729,1.000000,1.000000,0.999989,1.000000,0,0,0,0
1020,25,286,730,1.000000,1.000000,0.999990,1.000000,0,0,1,0
1021,23,286,731,1.000000,1.000000,0.999990,1.000000,0,0,0,0
1022,29,287,731,1.000000,1.000000,0.999990,1.000000,0,0,0,0
1023,27,287,732,1.000000,1.000000,0.999990,1.000000,0,0,0,0
1024,25,287,733,1.000000,1.000000,0.999990,1.000000,0,1,0,0
1025,23,287,734,1.000000,1.000000,0.999990,1.000000,0,0,0,0
1026,29,288,734,1.000000,1.000000,0.999990,1.000000,0,0,0,0
1027,27,288,735,1.000000,1.000000,0.999991,1.000000,1,0,1,0
1028,25,288,736,1.000000,1.000000,0.999991,1.000000,0,1,0,0
1029,23,288,737,1.000000,1.000000,0.999992,1.000000,0,1,1,1
1030,21,288,738,1.000000,1.000000,0.999992,1.000000,0,1,0,0
1031,29,289,738,1.000000,1.000000,0.999992,1.000000,0,1,0,0
1032,27,289,739,1.000000,1.000000,0.999992,1.000000,0,1,0,0
1033,25,289,740,1.000000,1.000000,0.999992,1.000000,0,0,0,1
1034,23,289,741,1.000000,1.000000,0.999992,1.000000,0,0,0,0
1035,21,289,742,1.000000,1.000000,0.999992,1.000000,0,1,0,0
1036,19,289,743,1.000000,1.000000,0.999992,1.000000,0,0,0,0
1037,29,290,743,1.000000,1.000000,0.999992,1.000000,0,0,0,0
1038,27,290,744,1.000000,1.000000,0.999992,1.000000,0,0,0,0
1039,25,290,745,1.000000,1.000000,0.999992,1.000000,1,0,0,0
1040,23,290,746,1.000000,1.000000,0.999992,1.000000,1,1,0,0
1041,29,291,746,1.000000,1.000000,0.999992,1.000000,1,1,0,0
1042,27,291,747,1.000000,1.000000,0.999992,1.000000,0,1,0,0
1043,29,292,747,1.000000,1.000000,0.999992,1.000000,0,1,0,0
1044,27,292,748,1.000000,1.000000,0.999993,1.000000,1,0,1,0
1045,29,293,748,1.000000,1.000000,0.999994,1.000000,1,0,1,0
1046,27,293,749,1.000000,1.000000,0.999994,1.000000,0,0,0,0
1047,29,294,749,1.000000,1.000000,0.999994,1.000000,0,0,0,0
1048,27,294,750,1.000000,1.000000,0.999994,1.000000,1,0,0,0
1049,25,294,751,1.000000,1.000000,0.999994,1.000000,0,1,0,0
1050,29,295,751,1.000000,1.000000,0.999994,1.000000,0,1,0,0
1051,27,295,752,1.000000,1.000000,0.999994,1.000000,0,1,0,0
1052,29,296,752,1.000000,1.000000,0.999994,1.000000,0,1,0,0
1053,27,296,753,1.000000,1.000000,0.999994,1.000000,0,1,0,0
1054,29,297,753,1.000000,1.000000,0.999994,1.000000,0,1,0,0
1055,27,297,754,1.000000,1.000000,0.999994,1.000000,0,0,0,0
1056,29,298,754,1.000000,1.000000,0.999994,1.000000,0,0,0,0
1057,27,298,755,1.000000,1.000000,0.999994,1.000000,0,0,0,0
1058,25,298,756,1.000000,1.000000,0.999994,1.000000,0,0,0,0
1059,23,298,757,1.000000,1.000000,0.999994,1.000000,0,0,0,0
1060,21,298,758,1.000000,1.000000,0.999994,1.000000,0,0,0,0
1061,19,298,759,1.000000,1.000000,0.999994,1.000000,0,0,0,0
1062,17,298,760,1.000000,1.000000,0.999994,1.000000,0,0,0,0
1063,15,298,761,1.000000,1.000000,0.999994,1.000000,0,0,0,0
1064,13,298,762,1.000000,1.000000,0.999994,1.000000,0,0,0,1
1065,11,298,763,1.000000,1.000000,0.999994,1.000000,0,0,0,0
1066,29,299,763,1.000000,1.000000,0.999994,1.000000,0,1,0,0
1067,27,299,764,1.000000,1.000000,0.999994,1.000000,0,0,0,0
1068,25,299,765,1.000000,1.000000,0.999995,1.000000,0,0,1,0
1069,23,299,766,1.000000,1.000000,0.999995,1.000000,0,0,0,0
1070,21,299,767,1.000000,1.000000,0.999995,1.000000,0,0,0,0
1071,19,299,768,1.000000,1.000000,0.999995,1.000000,0,1,0,0
1072,17,299,769,1.000000,1.000000,0.999995,1.000000,0,0,0,0
1073,29,300,769,1.000000,1.000000,0.999995,1.000000,0,0,0,0
1074,27,300,770,1.000000,1.000000,0.999995,1.000000,0,0,0,0
1075,25,300,771,1.000000,1.000000,0.999995,1.000000,0,0,1,0
1076,23,300,772,1.000000,1.000000,0.999995,1.000000,0,1,0,0
1077,29,301,772,1.000000,1.000000,0.999995,1.000000,0,1,0,0
1078,27,301,773,1.000000,1.000000,0.999995,1.000000,0,1,0,0
1079,29,302,773,1.000000,1.000000,0.999995,1.000000,0,1,0,0
1080,27,302,774,1.000000,1.000000,0.999995,1.000000,0,0,0,0
1081,29,303,774,1.000000,1.000000,0.999995,1.000000,0,0,0,0
1082,27,303,775,1.000000,1.000000,0.999995,1.000000,0,0,0,0
1083,25,303,776,1.000000,1.000000,0.999995,1.000000,0,0,0,0
1084,23,303,777,1.000000,1.000000,0.999995,1.000000,0,0,0,0
1085,21,303,778,1.000000,1.000000,0.999995,1.000000,0,0,0,0
1086,19,303,779,1.000000,1.000000,0.999995,1.000000,0,0,0,0
1087,17,303,780,1.000000,1.000000,0.999996,1.000000,0,0,1,0
1088,15,303,781,1.000000,1.000000,0.999996,1.000000,0,0,0,0
1089,29,304,781,1.000000,1.000000,0.999996,1.000000,0,0,0,0
1090,27,304,782,1.000000,1.000000,0.999996,1.000000,0,0,0,0
1091,25,304,783,1.000000,1.000000,0.999996,1.000000,0,0,0,1
1092,23,304,784,1.000000,1.000000,0.999996,1.000000,0,0,0,1
1093,29,305,784,1.000000,1.000000,0.999996,1.000000,0,1,0,1
1094,27,305,785,1.000000,1.000000,0.999996,1.000000,0,0,0,0
1095,29,306,785,1.000000,1.000000,0.999996,1.000000,0,0,0,0
1096,27,306,786,1.000000,1.000000,0.999996,1.000000,0,0,1,0
1097,25,306,787,1.000000,1.000000,0.999997,1.000000,0,0,1,0
1098,29,307,787,1.000000,1.000000,0.999997,1.000000,0,0,1,0
1099,27,307,788,1.000000,1.000000,0.999997,1.000000,0,0,1,1
1100,29,308,788,1.000000,1.000000,0.999998,1.000000,0,0,1,1
1101,27,308,789,1.000000,1.000000,0.999998,1.000000,0,0,0,1
1102,29,309,789,1.000000,1.000000,0.999998,1.000000,0,0,0,1
1103,27,309,790,1.000000,1.000000,0.999998,1.000000,1,0,0,0
1104,25,309,791,1.000000,1.000000,0.999998,1.000000,0,0,1,1
1105,23,309,792,1.000000,1.000000,0.999998,1.000000,1,0,0,0
1106,29,310,792,1.000000,1.000000,0.999998,1.000000,1,0,0,0
1107,27,310,793,1.000000,1.000000,0.999998,1.000000,0,0,0,1
1108,29,311,793,1.000000,1.000000,0.999998,1.000000,0,0,0,1
1109,27,311,794,1.000000,1.000000,0.999998,1.000000,0,0,0,0
1110,29,312,794,1.000000,1.000000,0.999998,1.000000,0,0,0,0
1111,27,312,795,1.000000,1.000000,0.999998,1.000000,1,0,0,0
1112,25,312,796,1.000000,1.000000,0.999998,1.000000,0,0,0,0
1113,29,313,796,1.000000,1.000000,0.999998,1.000000,0,0,0,0
1114,27,313,797,1.000000,1.000000,0.999998,1.000000,1,0,0,0
1115,25,313,798,1.000000,1.000000,0.999998,1.000000,0,0,0,1
1116,29,314,798,1.000000,1.000000,0.999998,1.000000,0,0,0,1
1117,27,314,799,1.000000,1.000000,0.999998,1.000000,0,0,0,0
1118,29,315,799,1.000000,1.000000,0.999998,1.000000,0,0,0,0
1119,27,315,800,1.000000,1.000000,0.999998,1.000000,0,0,0,0
1120,25,315,801,1.000000,1.000000,0.999998,1.000000,0,0,0,0
1121,23,315,802,1.000000,1.000000,0.999998,1.000000,0,1,0,0
1122,21,315,803,1.000000,1.000000,0.999998,1.000000,0,1,0,0
1123,29,316,803,1.000000,1.000000,0.999998,1.000000,0,1,0,0
1124,27,316,804,1.000000,1.000000,0.999998,1.000000,0,0,1,0
1125,29,317,804,1.000000,1.000000,0.999998,1.000000,0,0,1,0
1126,27,317,805,1.000000,1.000000,0.999998,1.000000,0,1,0,0
1127,29,318,805,1.000000,1.000000,0.999998,1.000000,0,1,0,0
1128,27,318,806,1.000000,1.000000,0.999998,1.000000,0,1,0,0
1129,29,319,806,1.000000,1.000000,0.999998,1.000000,0,1,0,0
1130,27,319,807,1.000000,1.000000,0.999998,1.000000,0,0,0,0
1131,29,320,807,1.000000,1.000000,0.999998,1.000000,0,0,0,0
1132,27,320,808,1.000000,1.000000,0.999998,1.000000,0,0,0,0
1133,25,320,809,1.000000,1.000000,0.999998,1.000000,0,0,0,0
1134,23,320,810,1.000000,1.000000,0.999998,1.000000,0,0,0,0
1135,21,320,811,1.000000,1.000000,0.999999,1.000000,0,0,1,0
1136,19,320,812,1.000000,1.000000,0.999999,1.000000,0,0,0,0
1137,29,321,812,1.000000,1.000000,0.999999,1.000000,0,0,0,0
1138,27,321,813,1.000000,1.000000,0.999999,1.000000,0,0,0,0
1139,25,321,814,1.000000,1.000000,0.999999,1.000000,0,0,0,0
1140,23,321,815,1.000000,1.000000,0.999999,1.000000,0,0,0,0
1141,21,321,816,1.000000,1.000000,0.999999,1.000000,0,0,0,0
1142,19,321,817,1.000000,1.000000,0.999999,1.000000,0,0,0,0
1143,17,321,818,1.000000,1.000000,0.999999,1.000000,1,0,0,0
1144,15,321,819,1.000000,1.000000,0.999999,1.000000,0,1,0,0
1145,29,322,819,1.000000,1.000000,0.999999,1.000000,0,1,0,0
1146,27,322,820,1.000000,1.000000,0.999999,1.000000,0,0,0,0
1147,29,323,820,1.000000,1.000000,0.999999,1.000000,0,0,0,0
1148,27,323,821,1.000000,1.000000,0.999999,1.000000,0,1,0,0
1149,25,323,822,1.000000,1.000000,0.999999,1.000000,0,1,0,1
1150,23,323,823,1.000000,1.000000,0.999999,1.000000,1,1,1,0
1151,29,324,823,1.000000,1.000000,0.999999,1.000000,1,1,1,0
1152,27,324,824,1.000000,1.000000,0.999999,1.000000,1,0,1,0
1153,29,325,824,1.000000,1.000000,0.999999,1.000000,1,0,1,0
1154,27,325,825,1.000000,1.000000,0.999999,1.000000,0,0,0,1
1155,29,326,825,1.000000,1.000000,0.999999,1.000000,0,0,0,1
1156,27,326,826,1.000000,1.000000,0.999999,1.000000,0,0,0,0
1157,29,327,826,1.000000,1.000000,0.999999,1.000000,0,0,0,0
1158,27,327,827,1.000000,1.000000,0.999999,1.000000,1,0,0,0
1159,25,327,828,1.000000,1.000000,0.999999,1.000000,0,1,0,0
1160,29,328,828,1.000000,1.000000,0.999999,1.000000,0,1,0,0
1161,27,328,829,1.000000,1.000000,0.999999,1.000000,1,0,0,0
1162,29,329,829,1.000000,1.000000,0.999999,1.000000,1,0,0,0
1163,27,329,830,1.000000,1.000000,0.999999,1.000000,0,1,0,0
1164,29,330,830,1.000000,1.000000,0.999999,1.000000,0,1,0,0
1165,27,330,831,1.000000,1.000000,0.999999,1.000000,0,1,0,0
1166,29,331,831,1.000000,1.000000,0.999999,1.000000,0,1,0,0
1167,27,331,832,1.000000,1.000000,0.999999,1.000000,0,0,1,0
1168,25,331,833,1.000000,1.000000,0.999999,1.000000,1,1,1,0
1169,23,331,834,1.000000,1.000000,0.999999,1.000000,0,0,1,0
1170,21,331,835,1.000000,1.000000,0.999999,1.000000,1,1,1,0
1171,29,332,835,1.000000,1.000000,1.000000,1.000000,1,1,1,0
1172,27,332,836,1.000000,1.000000,1.000000,1.000000,0,0,0,0
1173,29,333,836,1.000000,1.000000,1.000000,1.000000,0,0,0,0
1174,27,333,837,1.000000,1.000000,1.000000,1.000000,0,0,0,0
1175,25,333,838,1.000000,1.000000,1.000000,1.000000,0,0,0,0
1176,23,333,839,1.000000,1.000000,1.000000,1.000000,0,1,0,0
1177,21,333,840,1.000000,1.000000,1.000000,1.000000,0,0,0,0
1178,29,334,840,1.000000,1.000000,1.000000,1.000000,0,0,0,0
1179,27,334,841,1.000000,1.000000,1.000000,1.000000,0,1,0,0
1180,25,334,842,1.000000,1.000000,1.000000,1.000000,0,1,0,0
1181,29,335,842,1.000000,1.000000,1.000000,1.000000,0,1,0,0
1182,27,335,843,1.000000,1.000000,1.000000,1.000000,0,0,0,0
1183,29,336,843,1.000000,1.000000,1.000000,1.000000,0,0,0,0
1184,27,336,844,1.000000,1.000000,1.000000,1.000000,0,1,0,0
1185,25,336,845,1.000000,1.000000,1.000000,1.000000,0,1,0,0
1186,23,336,846,1.000000,1.000000,1.000000,1.000000,1,0,0,1
1187,21,336,847,1.000000,1.000000,1.000000,1.000000,0,0,1,0
1188,29,337,847,1.000000,1.000000,1.000000,1.000000,0,0,1,0
1189,27,337,848,1.000000,1.000000,1.000000,1.000000,0,0,0,1
1190,29,338,848,1.000000,1.000000,1.000000,1.000000,0,0,0,1
1191,27,338,849,1.000000,1.000000,1.000000,1.000000,0,0,0,0
1192,29,339,849,1.000000,1.000000,1.000000,1.000000,0,0,0,0
1193,27,339,850,1.000000,1.000000,1.000000,1.000000,0,0,0,0
1194,25,339,851,1.000000,1.000000,1.000000,1.000000,0,0,0,0
1195,23,339,852,1.000000,1.000000,1.000000,1.000000,1,0,0,0
1196,21,339,853,1.000000,1.000000,1.000000,1.000000,0,0,0,0
1197,29,340,853,1.000000,1.000000,1.000000,1.000000,0,0,0,0
1198,27,340,854,1.000000,1.000000,1.000000,1.000000,0,0,0,0
1199,25,340,855,1.000000,1.000000,1.000000,1.000000,0,0,0,0
1200,23,340,856,1.000000,1.000000,1.000000,1.000000,0,0,0,0
1201,21,340,857,1.000000,1.000000,1.000000,1.000000,0,1,0,0
1202,19,340,858,1.000000,1.000000,1.000000,1.000000,0,0,1,0
1203,29,341,858,1.000000,1.000000,1.000000,1.000000,0,0,1,0
1204,27,341,859,1.000000,1.000000,1.000000,1.000000,0,0,0,0
1205,25,341,860,1.000000,1.000000,1.000000,1.000000,0,0,0,0
1206,23,341,861,1.000000,1.000000,1.000000,1.000000,0,1,0,0
1207,21,341,862,1.000000,1.000000,1.000000,1.000000,0,1,0,0
1208,29,342,862,1.000000,1.000000,1.000000,1.000000,0,1,0,0
1209,27,342,863,1.000000,1.000000,1.000000,1.000000,0,0,1,0
1210,29,343,863,1.000000,1.000000,1.000000,1.000000,0,0,1,0
1211,27,343,864,1.000000,1.000000,1.000000,1.000000,0,0,0,0
1212,29,344,864,1.000000,1.000000,1.000000,1.000000,0,0,0,0
1213,27,344,865,1.000000,1.000000,1.000000,1.000000,0,0,0,0
1214,25,344,866,1.000000,1.000000,1.000000,1.000000,0,0,0,0
1215,23,344,867,1.000000,1.000000,1.000000,1.000000,0,0,0,0
1216,21,344,868,1.000000,1.000000,1.000000,1.000000,0,1,0,0
1217,19,344,869,1.000000,1.000000,1.000000,1.000000,0,0,0,0
1218,29,345,869,1.000000,1.000000,1.000000,1.000000,0,0,0,0
1219,27,345,870,1.000000,1.000000,1.000000,1.000000,0,0,0,0
1220,25,345,871,1.000000,1.000000,1.000000,1.000000,0,0,0,0
1221,23,345,872,1.000000,1.000000,1.000000,1.000000,0,0,0,0
1222,21,345,873,1.000000,1.000000,1.000000,1.000000,0,0,0,0
1223,19,345,874,1.000000,1.000000,1.000000,1.000000,0,0,0,0
1224,17,345,875,1.000000,1.000000,1.000000,1.000000,0,0,1,0
1225,15,345,876,1.000000,1.000000,1.000000,1.000000,0,0,0,0
1226,13,345,877,1.000000,1.000000,1.000000,1.000000,0,1,0,0
1227,11,345,878,1.000000,1.000000,1.000000,1.000000,0,0,1,0
1228,29,346,878,1.000000,1.000000,1.000000,1.000000,0,0,1,0
1229,27,346,879,1.000000,1.000000,1.000000,1.000000,0,0,0,0
1230,29,347,879,1.000000,1.000000,1.000000,1.000000,0,0,0,0
1231,27,347,880,1.000000,1.000000,1.000000,1.000000,0,0,0,0
1232,25,347,881,1.000000,1.000000,1.000000,1.000000,0,0,0,0
1233,23,347,882,1.000000,1.000000,1.000000,1.000000,0,0,0,0
1234,21,347,883,1.000000,1.000000,1.000000,1.000000,0,0,0,0
1235,19,347,884,1.000000,1.000000,1.000000,1.000000,0,0,0,0
1236,17,347,885,1.000000,1.000000,1.000000,1.000000,0,0,1,0
1237,15,347,886,1.000000,1.000000,1.000000,1.000000,0,1,0,0
1238,29,348,886,1.000000,1.000000,1.000000,1.000000,0,1,0,0
1239,27,348,887,1.000000,1.000000,1.000000,1.000000,0,0,0,0
1240,29,349,887,1.000000,1.000000,1.000000,1.000000,0,0,0,0
1241,27,349,888,1.000000,1.000000,1.000000,1.000000,1,0,0,0
1242,25,349,889,1.000000,1.000000,1.000000,1.000000,0,0,0,0
1243,29,350,889,1.000000,1.000000,1.000000,1.000000,0,0,0,0
1244,27,350,890,1.000000,1.000000,1.000000,1.000000,0,0,0,0
1245,25,350,891,1.000000,1.000000,1.000000,1.000000,0,0,0,0
1246,23,350,892,1.000000,1.000000,1.000000,1.000000,1,0,0,0
1247,21,350,893,1.000000,1.000000,1.000000,1.000000,1,1,0,0
1248,29,351,893,1.000000,1.000000,1.000000,1.000000,1,1,0,0
1249,27,351,894,1.000000,1.000000,1.000000,1.000000,1,0,0,1
1250,29,352,894,1.000000,1.000000,1.000000,1.000000,1,0,0,1
1251,27,352,895,1.000000,1.000000,1.000000,1.000000,0,0,0,0
1252,29,353,895,1.000000,1.000000,1.000000,1.000000,0,0,0,0
1253,27,353,896,1.000000,1.000000,1.000000,1.000000,1,0,0,0
1254,25,353,897,1.000000,1.000000,1.000000,1.000000,1,0,0,0
1255,29,354,897,1.000000,1.000000,1.000000,1.000000,1,0,0,0
1256,27,354,898,1.000000,1.000000,1.000000,1.000000,1,0,0,0
1257,29,355,898,1.000000,1.000000,1.000000,1.000000,1,0,0,0
1258,27,355,899,1.000000,1.000000,1.000000,1.000000,0,0,0,1
1259,29,356,899,1.000000,1.000000,1.000000,1.000000,0,0,0,1
1260,27,356,900,1.000000,1.000000,1.000000,1.000000,1,0,0,0
1261,29,357,900,1.000000,1.000000,1.000000,1.000000,1,0,0,0
1262,27,357,901,1.000000,1.000000,1.000000,1.000000,1,0,0,0
1263,29,358,901,1.000000,1.000000,1.000000,1.000000,1,0,0,0
1264,27,358,902,1.000000,1.000000,1.000000,1.000000,0,0,0,0
1265,29,359,902,1.000000,1.000000,1.000000,1.000000,0,0,0,0
1266,27,359,903,1.000000,1.000000,1.000000,1.000000,0,0,0,0
1267,25,359,904,1.000000,1.000000,1.000000,1.000000,0,0,0,0
1268,23,359,905,1.000000,1.000000,1.000000,1.000000,0,0,0,0
1269,21,359,906,1.000000,1.000000,1.000000,1.000000,0,0,0,0
1270,19,359,907,1.000000,1.000000,1.000000,1.000000,0,0,1,0
1271,17,359,908,1.000000,1.000000,1.000000,1.000000,0,0,1,0
1272,29,360,908,1.000000,1.000000,1.000000,1.000000,0,0,1,0
1273,27,360,909,1.000000,1.000000,1.000000,1.000000,0,0,0,0
1274,29,361,909,1.000000,1.000000,1.000000,1.000000,0,0,0,0
1275,27,361,910,1.000000,1.000000,1.000000,1.000000,0,0,0,0
1276,25,361,911,1.000000,1.000000,1.000000,1.000000,0,1,0,0
1277,23,361,912,1.000000,1.000000,1.000000,1.000000,1,1,0,0
1278,29,362,912,1.000000,1.000000,1.000000,1.000000,1,1,0,0
1279,27,362,913,1.000000,1.000000,1.000000,1.000000,1,0,0,0
1280,29,363,913,1.000000,1.000000,1.000000,1.000000,1,0,0,0
1281,27,363,914,1.000000,1.000000,1.000000,1.000000,0,0,0,0
1282,29,364,914,1.000000,1.000000,1.000000,1.000000,0,0,0,0
1283,27,364,915,1.000000,1.000000,1.000000,1.000000,0,0,0,0
1284,25,364,916,1.000000,1.000000,1.000000,1.000000,0,0,0,0
1285,23,364,917,1.000000,1.000000,1.000000,1.000000,0,0,0,0
1286,21,364,918,1.000000,1.000000,1.000000,1.000000,0,0,0,0
1287,29,365,918,1.000000,1.000000,1.000000,1.000000,0,0,0,0
1288,27,365,919,1.000000,1.000000,1.000000,1.000000,0,0,0,0
1289,25,365,920,1.000000,1.000000,1.000000,1.000000,0,0,1,0
1290,23,365,921,1.000000,1.000000,1.000000,1.000000,0,0,0,0
1291,29,366,921,1.000000,1.000000,1.000000,1.000000,0,0,0,0
1292,27,366,922,1.000000,1.000000,1.000000,1.000000,0,0,0,1
1293,25,366,923,1.000000,1.000000,1.000000,1.000000,0,0,0,0
1294,29,367,923,1.000000,1.000000,1.000000,1.000000,0,0,0,0
1295,27,367,924,1.000000,1.000000,1.000000,1.000000,0,0,0,0
1296,25,367,925,1.000000,1.000000,1.000000,1.000000,0,0,0,0
1297,23,367,926,1.000000,1.000000,1.000000,1.000000,0,0,0,0
1298,21,367,927,1.000000,1.000000,1.000000,1.000000,1,0,0,0
1299,19,367,928,1.000000,1.000000,1.000000,1.000000,0,0,0,1
1300,29,368,928,1.000000,1.000000,1.000000,1.000000,0,0,0,1
1301,27,368,929,1.000000,1.000000,1.000000,1.000000,0,0,0,0
1302,29,369,929,1.000000,1.000000,1.000000,1.000000,0,0,0,0
1303,27,369,930,1.000000,1.000000,1.000000,1.000000,0,0,0,1
1304,25,369,931,1.000000,1.000000,1.000000,1.000000,0,0,0,0
1305,29,370,931,1.000000,1.000000,1.000000,1.000000,0,0,0,0
1306,27,370,932,1.000000,1.000000,1.000000,1.000000,0,0,0,0
1307,25,370,933,1.000000,1.000000,1.000000,1.000000,0,0,0,0
1308,23,370,934,1.000000,1.000000,1.000000,1.000000,0,0,0,0
1309,21,370,935,1.000000,1.000000,1.000000,1.000000,0,0,0,0
1310,19,370,936,1.000000,1.000000,1.000000,1.000000,0,0,0,0
1311,17,370,937,1.000000,1.000000,1.000000,1.000000,0,0,0,0
1312,15,370,938,1.000000,1.000000,1.000000,1.000000,0,0,0,0
1313,13,370,939,1.000000,1.000000,1.000000,1.000000,0,0,0,0
1314,11,370,940,1.000000,1.000000,1.000000,1.000000,0,0,0,0
1315,9,370,941,1.000000,1.000000,1.000000,1.000000,0,0,0,0
1316,7,370,942,1.000000,1.000000,1.000000,1.000000,1,0,0,0
1317,5,370,943,1.000000,1.000000,1.000000,1.000000,1,0,0,0
1318,29,371,943,1.000000,1.000000,1.000000,1.000000,1,0,0,0
1319,27,371,944,1.000000,1.000000,1.000000,1.000000,1,0,0,0
1320,29,372,944,1.000000,1.000000,1.000000,1.000000,1,0,0,0
1321,27,372,945,1.000000,1.000000,1.000000,1.000000,0,0,0,0
1322,29,373,945,1.000000,1.000000,1.000000,1.000000,0,0,0,0
1323,27,373,946,1.000000,1.000000,1.000000,1.000000,0,1,0,0
1324,25,373,947,1.000000,1.000000,1.000000,1.000000,1,0,0,0
1325,29,374,947,1.000000,1.000000,1.000000,1.000000,1,0,0,0
1326,27,374,948,1.000000,1.000000,1.000000,1.000000,0,1,0,0
1327,29,375,948,1.000000,1.000000,1.000000,1.000000,0,1,0,0
1328,27,375,949,1.000000,1.000000,1.000000,1.000000,0,0,0,0
1329,29,376,949,1.000000,1.000000,1.000000,1.000000,0,0,0,0
1330,27,376,950,1.000000,1.000000,1.000000,1.000000,1,0,0,0
1331,25,376,951,1.000000,1.000000,1.000000,1.000000,1,0,0,0
1332,23,376,952,1.000000,1.000000,1.000000,1.000000,0,1,1,0
1333,29,377,952,1.000000,1.000000,1.000000,1.000000,0,1,1,0
1334,27,377,953,1.000000,1.000000,1.000000,1.000000,0,0,0,0
1335,29,378,953,1.000000,1.000000,1.000000,1.000000,0,0,0,0
1336,27,378,954,1.000000,1.000000,1.000000,1.000000,0,0,1,0
1337,25,378,955,1.000000,1.000000,1.000000,1.000000,0,0,0,0
1338,29,379,955,1.000000,1.000000,1.000000,1.000000,0,0,0,0
1339,27,379,956,1.000000,1.000000,1.000000,1.000000,0,0,0,0
1340,25,379,957,1.000000,1.000000,1.000000,1.000000,0,0,0,0
1341,23,379,958,1.000000,1.000000,1.000000,1.000000,0,0,0,0
1342,21,379,959,1.000000,1.000000,1.000000,1.000000,0,1,1,0
1343,19,379,960,1.000000,1.000000,1.000000,1.000000,0,0,0,0
1344,29,380,960,1.000000,1.000000,1.000000,1.000000,0,0,0,0
1345,27,380,961,1.000000,1.000000,1.000000,1.000000,0,1,0,1
1346,25,380,962,1.000000,1.000000,1.000000,1.000000,0,0,0,0
1347,29,381,962,1.000000,1.000000,1.000000,1.000000,0,0,0,0
1348,27,381,963,1.000000,1.000000,1.000000,1.000000,0,0,0,0
1349,25,381,964,1.000000,1.000000,1.000000,1.000000,0,0,0,1
1350,23,381,965,1.000000,1.000000,1.000000,1.000000,0,0,0,1
1351,29,382,965,1.000000,1.000000,1.000000,1.000000,0,0,0,1
1352,27,382,966,1.000000,1.000000,1.000000,1.000000,0,0,1,0
1353,29,383,966,1.000000,1.000000,1.000000,1.000000,0,0,1,0
1354,27,383,967,1.000000,1.000000,1.000000,1.000000,0,0,0,0
1355,29,384,967,1.000000,1.000000,1.000000,1.000000,0,0,0,0
1356,27,384,968,1.000000,1.000000,1.000000,1.000000,0,0,0,1
1357,25,384,969,1.000000,1.000000,1.000000,1.000000,0,0,1,0
1358,29,385,969,1.000000,1.000000,1.000000,1.000000,0,0,1,0
1359,27,385,970,1.000000,1.000000,1.000000,1.000000,0,0,1,0
1360,29,386,970,1.000000,1.000000,1.000000,1.000000,0,0,1,0
1361,27,386,971,1.000000,1.000000,1.000000,1.000000,0,0,0,0
1362,29,387,971,1.000000,1.000000,1.000000,1.000000,0,0,0,0
1363,27,387,972,1.000000,1.000000,1.000000,1.000000,0,0,0,0
1364,25,387,973,1.000000,1.000000,1.000000,1.000000,0,0,0,0
1365,23,387,974,1.000000,1.000000,1.000000,1.000000,0,1,0,0
1366,21,387,975,1.000000,1.000000,1.000000,1.000000,0,0,0,0
1367,29,388,975,1.000000,1.000000,1.000000,1.000000,0,0,0,0
1368,27,388,976,1.000000,1.000000,1.000000,1.000000,0,0,0,0
1369,25,388,977,1.000000,1.000000,1.000000,1.000000,0,1,0,0
1370,23,388,978,1.000000,1.000000,1.000000,1.000000,0,0,0,0
1371,29,389,978,1.000000,1.000000,1.000000,1.000000,0,0,0,0
1372,27,389,979,1.000000,1.000000,1.000000,1.000000,0,0,0,0
1373,25,389,980,1.000000,1.000000,1.000000,1.000000,0,0,1,0
1374,23,389,981,1.000000,1.000000,1.000000,1.000000,0,0,0,0
1375,29,390,981,1.000000,1.000000,1.000000,1.000000,0,0,0,0
1376,27,390,982,1.000000,1.000000,1.000000,1.000000,0,0,0,0
1377,25,390,983,1.000000,1.000000,1.000000,1.000000,0,0,0,0
1378,23,390,984,1.000000,1.000000,1.000000,1.000000,0,0,0,1
1379,21,390,985,1.000000,1.000000,1.000000,1.000000,0,0,0,1
1380,19,390,986,1.000000,1.000000,1.000000,1.000000,0,1,0,0
1381,29,391,986,1.000000,1.000000,1.000000,1.000000,0,1,0,0
1382,27,391,987,1.000000,1.000000,1.000000,1.000000,0,0,0,0
1383,29,392,987,1.000000,1.000000,1.000000,1.000000,0,0,0,0
1384,27,392,988,1.000000,1.000000,1.000000,1.000000,0,0,0,0
1385,25,392,989,1.000000,1.000000,1.000000,1.000000,0,0,1,0
1386,23,392,990,1.000000,1.000000,1.000000,1.000000,0,1,0,0
1387,29,393,990,1.000000,1.000000,1.000000,1.000000,0,1,0,0
1388,27,393,991,1.000000,1.000000,1.000000,1.000000,0,0,1,0
1389,29,394,991,1.000000,1.000000,1.000000,1.000000,0,0,1,0
1390,27,394,992,1.000000,1.000000,1.000000,1.000000,0,0,0,0
1391,29,395,992,1.000000,1.000000,1.000000,1.000000,0,0,0,0
1392,27,395,993,1.000000,1.000000,1.000000,1.000000,0,0,0,0
1393,25,395,994,1.000000,1.000000,1.000000,1.000000,0,1,0,0
1394,23,395,995,1.000000,1.000000,1.000000,1.000000,0,0,0,0
1395,29,396,995,1.000000,1.000000,1.000000,1.000000,0,0,0,0
1396,27,396,996,1.000000,1.000000,1.000000,1.000000,0,0,0,0
1397,25,396,997,1.000000,1.000000,1.000000,1.000000,0,0,0,0
1398,23,396,998,1.000000,1.000000,1.000000,1.000000,0,0,0,0
1399,21,396,999,1.000000,1.000000,1.000000,1.000000,0,1,0,0
1400,19,396,1000,1.000000,1.000000,1.000000,1.000000,0,0,1,0
1401,29,397,1000,1.000000,1.000000,1.000000,1.000000,0,0,1,0
1402,27,397,1001,1.000000,1.000000,1.000000,1.000000,0,0,1,0
1403,29,398,1001,1.000000,1.000000,1.000000,1.000000,0,0,1,0
1404,27,398,1002,1.000000,1.000000,1.000000,1.000000,0,0,1,0
1405,29,399,1002,1.000000,1.000000,1.000000,1.000000,0,0,1,0
1406,27,399,1003,1.000000,1.000000,1.000000,1.000000,0,0,0,0
1407,29,400,1003,1.000000,1.000000,1.000000,1.000000,0,0,0,0
1408,27,400,1004,1.000000,1.000000,1.000000,1.000000,0,0,0,0
1409,25,400,1005,1.000000,1.000000,1.000000,1.000000,0,1,0,0
1410,23,400,1006,1.000000,1.000000,1.000000,1.000000,1,1,0,0
1411,21,400,1007,1.000000,1.000000,1.000000,1.000000,1,0,1,1
1412,29,401,1007,1.000000,1.000000,1.000000,1.000000,1,0,1,1
1413,27,401,1008,1.000000,1.000000,1.000000,1.000000,0,0,0,1
1414,29,402,1008,1.000000,1.000000,1.000000,1.000000,0,0,0,1
1415,27,402,1009,1.000000,1.000000,1.000000,1.000000,0,0,1,0
1416,29,403,1009,1.000000,1.000000,1.000000,1.000000,0,0,1,0
1417,27,403,1010,1.000000,1.000000,1.000000,1.000000,0,0,0,0
1418,29,404,1010,1.000000,1.000000,1.000000,1.000000,0,0,0,0
1419,27,404,1011,1.000000,1.000000,1.000000,1.000000,0,1,0,0
1420,25,404,1012,1.000000,1.000000,1.000000,1.000000,0,0,0,0
1421,29,405,1012,1.000000,1.000000,1.000000,1.000000,0,0,0,0
1422,27,405,1013,1.000000,1.000000,1.000000,1.000000,0,0,0,0
1423,25,405,1014,1.000000,1.000000,1.000000,1.000000,0,0,0,0
1424,23,405,1015,1.000000,1.000000,1.000000,1.000000,0,0,0,1
1425,21,405,1016,1.000000,1.000000,1.000000,1.000000,0,0,1,0
1426,29,406,1016,1.000000,1.000000,1.000000,1.000000,0,0,1,0
1427,27,406,1017,1.000000,1.000000,1.000000,1.000000,0,0,0,0
1428,29,407,1017,1.000000,1.000000,1.000000,1.000000,0,0,0,0
1429,27,407,1018,1.000000,1.000000,1.000000,1.000000,0,0,1,1
1430,25,407,1019,1.000000,1.000000,1.000000,1.000000,0,0,0,1
1431,29,408,1019,1.000000,1.000000,1.000000,1.000000,0,0,0,1
1432,27,408,1020,1.000000,1.000000,1.000000,1.000000,1,0,0,0
1433,29,409,1020,1.000000,1.000000,1.000000,1.000000,1,0,0,0
1434,27,409,1021,1.000000,1.000000,1.000000,1.000000,1,0,0,0
1435,29,410,1021,1.000000,1.000000,1.000000,1.000000,1,0,0,0
1436,27,410,1022,1.000000,1.000000,1.000000,1.000000,1,0,0,0
1437,25,410,1023,1.000000,1.000000,1.000000,1.000000,0,1,0,0
1438,29,411,1023,1.000000,1.000000,1.000000,1.000000,0,1,0,0
1439,27,411,1024,1.000000,1.000000,1.000000,1.000000,0,1,0,0
1440,29,412,1024,1.000000,1.000000,1.000000,1.000000,0,1,0,0
1441,27,412,1025,1.000000,1.000000,1.000000,1.000000,0,0,0,0
1442,29,413,1025,1.000000,1.000000,1.000000,1.000000,0,0,0,0
1443,27,413,1026,1.000000,1.000000,1.000000,1.000000,0,0,0,0
1444,25,413,1027,1.000000,1.000000,1.000000,1.000000,0,0,0,0
1445,23,413,1028,1.000000,1.000000,1.000000,1.000000,0,0,1,0
1446,21,413,1029,1.000000,1.000000,1.000000,1.000000,0,0,0,0
1447,29,414,1029,1.000000,1.000000,1.000000,1.000000,0,0,0,1
1448,27,414,1030,1.000000,1.000000,1.000000,1.000000,0,0,0,0
1449,29,415,1030,1.000000,1.000000,1.000000,1.000000,1,0,0,0
1450,27,415,1031,1.000000,1.000000,1.000000,1.000000,0,0,0,0
1451,29,416,1031,1.000000,1.000000,1.000000,1.000000,0,0,0,0
1452,27,416,1032,1.000000,1.000000,1.000000,1.000000,1,0,0,0
1453,25,416,1033,1.000000,1.000000,1.000000,1.000000,0,0,0,0
1454,29,417,1033,1.000000,1.000000,1.000000,1.000000,0,1,0,0
1455,27,417,1034,1.000000,1.000000,1.000000,1.000000,0,0,0,0
1456,29,418,1034,1.000000,1.000000,1.000000,1.000000,0,1,0,0
1457,27,418,1035,1.000000,1.000000,1.000000,1.000000,0,0,0,0
1458,29,419,1035,1.000000,1.000000,1.000000,1.000000,0,0,0,0
1459,27,419,1036,1.000000,1.000000,1.000000,1.000000,0,0,0,0
1460,25,419,1037,1.000000,1.000000,1.000000,1.000000,0,0,0,0
1461,23,419,1038,1.000000,1.000000,1.000000,1.000000,0,0,1,0
1462,21,419,1039,1.000000,1.000000,1.000000,1.000000,0,0,0,0
1463,19,419,1040,1.000000,1.000000,1.000000,1.000000,0,0,1,0
1464,17,419,1041,1.000000,1.000000,1.000000,1.000000,0,0,0,1
1465,15,419,1042,1.000000,1.000000,1.000000,1.000000,1,1,0,0
1466,29,420,1042,1.000000,1.000000,1.000000,1.000000,1,1,0,0
1467,27,420,1043,1.000000,1.000000,1.000000,1.000000,0,0,0,0
1468,25,420,1044,1.000000,1.000000,1.000000,1.000000,1,1,0,0
1469,23,420,1045,1.000000,1.000000,1.000000,1.000000,0,0,0,0
1470,29,421,1045,1.000000,1.000000,1.000000,1.000000,1,0,0,0
1471,27,421,1046,1.000000,1.000000,1.000000,1.000000,0,0,0,1
1472,29,422,1046,1.000000,1.000000,1.000000,1.000000,0,1,0,1
1473,27,422,1047,1.000000,1.000000,1.000000,1.000000,0,0,0,0
1474,29,423,1047,1.000000,1.000000,1.000000,1.000000,0,0,0,0
1475,27,423,1048,1.000000,1.000000,1.000000,1.000000,0,0,0,1
1476,25,423,1049,1.000000,1.000000,1.000000,1.000000,0,0,1,0
1477,29,424,1049,1.000000,1.000000,1.000000,1.000000,0,0,1,0
1478,27,424,1050,1.000000,1.000000,1.000000,1.000000,0,0,0,0
1479,29,425,1050,1.000000,1.000000,1.000000,1.000000,0,0,0,0
1480,27,425,1051,1.000000,1.000000,1.000000,1.000000,0,0,0,0
1481,25,425,1052,1.000000,1.000000,1.000000,1.000000,0,0,0,0
1482,23,425,1053,1.000000,1.000000,1.000000,1.000000,0,0,0,0
1483,21,425,1054,1.000000,1.000000,1.000000,1.000000,0,0,0,0
1484,19,425,1055,1.000000,1.000000,1.000000,1.000000,0,0,1,0
1485,29,426,1055,1.000000,1.000000,1.000000,1.000000,0,0,1,0
1486,27,426,1056,1.000000,1.000000,1.000000,1.000000,0,1,0,0
1487,29,427,1056,1.000000,1.000000,1.000000,1.000000,0,1,0,0
1488,27,427,1057,1.000000,1.000000,1.000000,1.000000,0,0,0,0
1489,29,428,1057,1.000000,1.000000,1.000000,1.000000,0,0,0,0
1490,27,428,1058,1.000000,1.000000,1.000000,1.000000,0,1,1,0
1491,25,428,1059,1.000000,1.000000,1.000000,1.000000,0,0,0,0
1492,29,429,1059,1.000000,1.000000,1.000000,1.000000,0,0,0,0
1493,27,429,1060,1.000000,1.000000,1.000000,1.000000,0,1,0,0
1494,25,429,1061,1.000000,1.000000,1.000000,1.000000,1,0,0,0
1495,29,430,1061,1.000000,1.000000,1.000000,1.000000,1,0,0,0
1496,27,430,1062,1.000000,1.000000,1.000000,1.000000,0,0,0,0
1497,29,431,1062,1.000000,1.000000,1.000000,1.000000,0,0,0,0
1498,27,431,1063,1.000000,1.000000,1.000000,1.000000,0,0,0,0
1499,25,431,1064,1.000000,1.000000,1.000000,1.000000,0,0,1,0
1500,23,431,1065,1.000000,1.000000,1.000000,1.000000,0,1,0,0
1501,21,431,1066,1.000000,1.000000,1.000000,1.000000,0,1,0,1
1502,19,431,1067,1.000000,1.000000,1.000000,1.000000,0,1,0,0
1503,29,432,1067,1.000000,1.000000,1.000000,1.000000,0,1,0,0
1504,27,432,1068,1.000000,1.000000,1.000000,1.000000,0,1,0,0
1505,29,433,1068,1.000000,1.000000,1.000000,1.000000,0,1,0,0
1506,27,433,1069,1.000000,1.000000,1.000000,1.000000,0,0,1,0
1507,29,434,1069,1.000000,1.000000,1.000000,1.000000,0,0,1,0
1508,27,434,1070,1.000000,1.000000,1.000000,1.000000,0,0,0,0
1509,29,435,1070,1.000000,1.000000,1.000000,1.000000,0,0,0,0
1510,27,435,1071,1.000000,1.000000,1.000000,1.000000,0,0,1,0
1511,25,435,1072,1.000000,1.000000,1.000000,1.000000,0,0,1,0
1512,29,436,1072,1.000000,1.000000,1.000000,1.000000,0,0,1,0
1513,27,436,1073,1.000000,1.000000,1.000000,1.000000,0,0,0,0
1514,29,437,1073,1.000000,1.000000,1.000000,1.000000,0,0,0,0
1515,27,437,1074,1.000000,1.000000,1.000000,1.000000,0,0,0,0
1516,25,437,1075,1.000000,1.000000,1.000000,1.000000,0,0,0,0
1517,23,437,1076,1.000000,1.000000,1.000000,1.000000,0,0,0,0
1518,21,437,1077,1.000000,1.000000,1.000000,1.000000,0,0,0,0
1519,19,437,1078,1.000000,1.000000,1.000000,1.000000,0,0,0,0
1520,17,437,1079,1.000000,1.000000,1.000000,1.000000,0,0,0,0
1521,15,437,1080,1.000000,1.000000,1.000000,1.000000,0,1,0,0
1522,13,437,1081,1.000000,1.000000,1.000000,1.000000,0,0,0,0
1523,29,438,1081,1.000000,1.000000,1.000000,1.000000,0,0,0,0
1524,27,438,1082,1.000000,1.000000,1.000000,1.000000,0,0,0,0
1525,25,438,1083,1.000000,1.000000,1.000000,1.000000,0,1,0,0
1526,23,438,1084,1.000000,1.000000,1.000000,1.000000,0,0,0,0
1527,29,439,1084,1.000000,1.000000,1.000000,1.000000,0,0,0,0
1528,27,439,1085,1.000000,1.000000,1.000000,1.000000,0,0,0,0
1529,25,439,1086,1.000000,1.000000,1.000000,1.000000,0,0,0,0
1530,23,439,1087,1.000000,1.000000,1.000000,1.000000,0,0,1,0
1531,21,439,1088,1.000000,1.000000,1.000000,1.000000,0,0,0,0
1532,29,440,1088,1.000000,1.000000,1.000000,1.000000,0,0,0,0
1533,27,440,1089,1.000000,1.000000,1.000000,1.000000,0,0,1,0
1534,25,440,1090,1.000000,1.000000,1.000000,1.000000,0,0,0,0
1535,29,441,1090,1.000000,1.000000,1.000000,1.000000,0,0,0,0
1536,27,441,1091,1.000000,1.000000,1.000000,1.000000,0,0,0,0
1537,25,441,1092,1.000000,1.000000,1.000000,1.000000,0,0,0,0
1538,23,441,1093,1.000000,1.000000,1.000000,1.000000,0,0,0,0
1539,21,441,1094,1.000000,1.000000,1.000000,1.000000,0,0,0,0
1540,19,441,1095,1.000000,1.000000,1.000000,1.000000,0,0,0,0
1541,17,441,1096,1.000000,1.000000,1.000000,1.000000,0,0,0,0
1542,15,441,1097,1.000000,1.000000,1.000000,1.000000,0,0,0,0
1543,13,441,1098,1.000000,1.000000,1.000000,1.000000,0,0,0,0
1544,11,441,1099,1.000000,1.000000,1.000000,1.000000,0,0,0,0
1545,9,441,1100,1.000000,1.000000,1.000000,1.000000,0,0,1,1
1546,7,441,1101,1.000000,1.000000,1.000000,1.000000,0,0,1,0
1547,29,442,1101,1.000000,1.000000,1.000000,1.000000,0,0,1,0
1548,27,442,1102,1.000000,1.000000,1.000000,1.000000,0,0,1,0
1549,29,443,1102,1.000000,1.000000,1.000000,1.000000,0,0,1,0
1550,27,443,1103,1.000000,1.000000,1.000000,1.000000,0,0,0,0
1551,29,444,1103,1.000000,1.000000,1.000000,1.000000,0,0,0,0
1552,27,444,1104,1.000000,1.000000,1.000000,1.000000,0,0,0,0
1553,25,444,1105,1.000000,1.000000,1.000000,1.000000,0,0,0,0
1554,23,444,1106,1.000000,1.000000,1.000000,1.000000,0,0,1,0
1555,21,444,1107,1.000000,1.000000,1.000000,1.000000,0,0,0,0
1556,19,444,1108,1.000000,1.000000,1.000000,1.000000,0,0,0,0
1557,17,444,1109,1.000000,1.000000,1.000000,1.000000,0,0,0,0
1558,15,444,1110,1.000000,1.000000,1.000000,1.000000,0,0,1,0
1559,13,444,1111,1.000000,1.000000,1.000000,1.000000,0,0,0,0
1560,29,445,1111,1.000000,1.000000,1.000000,1.000000,0,0,0,0
1561,27,445,1112,1.000000,1.000000,1.000000,1.000000,0,0,0,0
1562,25,445,1113,1.000000,1.000000,1.000000,1.000000,0,0,1,0
1563,23,445,1114,1.000000,1.000000,1.000000,1.000000,0,1,0,1
1564,29,446,1114,1.000000,1.000000,1.000000,1.000000,0,1,0,1
1565,27,446,1115,1.000000,1.000000,1.000000,1.000000,0,0,0,0
1566,29,447,1115,1.000000,1.000000,1.000000,1.000000,0,0,0,0
1567,27,447,1116,1.000000,1.000000,1.000000,1.000000,0,0,0,1
1568,25,447,1117,1.000000,1.000000,1.000000,1.000000,0,0,0,0
1569,29,448,1117,1.000000,1.000000,1.000000,1.000000,0,0,0,0
1570,27,448,1118,1.000000,1.000000,1.000000,1.000000,0,0,0,0
1571,25,448,1119,1.000000,1.000000,1.000000,1.000000,0,0,0,0
1572,23,448,1120,1.000000,1.000000,1.000000,1.000000,0,0,0,0
1573,21,448,1121,1.000000,1.000000,1.000000,1.000000,0,0,0,0
1574,19,448,1122,1.000000,1.000000,1.000000,1.000000,0,0,0,0
1575,17,448,1123,1.000000,1.000000,1.000000,1.000000,0,0,0,0
1576,15,448,1124,1.000000,1.000000,1.000000,1.000000,0,0,0,0
1577,13,448,1125,1.000000,1.000000,1.000000,1.000000,0,0,0,0
1578,11,448,1126,1.000000,1.000000,1.000000,1.000000,0,0,0,0
1579,29,449,1126,1.000000,1.000000,1.000000,1.000000,0,0,0,0
1580,27,449,1127,1.000000,1.000000,1.000000,1.000000,0,0,0,0
1581,29,450,1127,1.000000,1.000000,1.000000,1.000000,0,0,0,0
1582,27,450,1128,1.000000,1.000000,1.000000,1.000000,0,0,0,0
1583,25,450,1129,1.000000,1.000000,1.000000,1.000000,0,0,0,0
1584,23,450,1130,1.000000,1.000000,1.000000,1.000000,0,0,0,1
1585,21,450,1131,1.000000,1.000000,1.000000,1.000000,0,0,0,0
1586,29,451,1131,1.000000,1.000000,1.000000,1.000000,0,0,0,0
1587,27,451,1132,1.000000,1.000000,1.000000,1.000000,0,0,1,0
1588,25,451,1133,1.000000,1.000000,1.000000,1.000000,0,0,0,0
1589,29,452,1133,1.000000,1.000000,1.000000,1.000000,0,0,0,0
1590,27,452,1134,1.000000,1.000000,1.000000,1.000000,0,0,0,0
1591,25,452,1135,1.000000,1.000000,1.000000,1.000000,0,0,0,0
1592,23,452,1136,1.000000,1.000000,1.000000,1.000000,0,0,0,0
1593,21,452,1137,1.000000,1.000000,1.000000,1.000000,0,1,0,0
1594,19,452,1138,1.000000,1.000000,1.000000,1.000000,0,0,0,0
1595,29,453,1138,1.000000,1.000000,1.000000,1.000000,0,0,0,0
1596,27,453,1139,1.000000,1.000000,1.000000,1.000000,0,0,0,0
1597,25,453,1140,1.000000,1.000000,1.000000,1.000000,0,0,0,0
1598,23,453,1141,1.000000,1.000000,1.000000,1.000000,0,1,0,0
1599,21,453,1142,1.000000,1.000000,1.000000,1.000000,0,1,0,0
1600,29,454,1142,1.000000,1.000000,1.000000,1.000000,0,1,0,0
1601,27,454,1143,1.000000,1.000000,1.000000,1.000000,1,0,0,0
1602,29,455,1143,1.000000,1.000000,1.000000,1.000000,1,0,0,0
1603,27,455,1144,1.000000,1.000000,1.000000,1.000000,1,1,0,0
1604,29,456,1144,1.000000,1.000000,1.000000,1.000000,1,1,0,0
1605,27,456,1145,1.000000,1.000000,1.000000,1.000000,0,1,0,0
1606,29,457,1145,1.000000,1.000000,1.000000,1.000000,0,1,0,0
1607,27,457,1146,1.000000,1.000000,1.000000,1.000000,0,0,1,0
1608,25,457,1147,1.000000,1.000000,1.000000,1.000000,1,0,0,0
1609,29,458,1147,1.000000,1.000000,1.000000,1.000000,1,0,0,0
1610,27,458,1148,1.000000,1.000000,1.000000,1.000000,0,1,0,0
1611,25,458,1149,1.000000,1.000000,1.000000,1.000000,0,0,0,0
1612,29,459,1149,1.000000,1.000000,1.000000,1.000000,0,0,0,0
1613,27,459,1150,1.000000,1.000000,1.000000,1.000000,0,1,0,0
1614,25,459,1151,1.000000,1.000000,1.000000,1.000000,1,1,1,0
1615,29,460,1151,1.000000,1.000000,1.000000,1.000000,1,1,1,0
1616,27,460,1152,1.000000,1.000000,1.000000,1.000000,1,0,0,0
1617,29,461,1152,1.000000,1.000000,1.000000,1.000000,1,0,0,0
1618,27,461,1153,1.000000,1.000000,1.000000,1.000000,0,1,0,0
1619,29,462,1153,1.000000,1.000000,1.000000,1.000000,0,1,0,0
1620,27,462,1154,1.000000,1.000000,1.000000,1.000000,0,0,0,0
1621,29,463,1154,1.000000,1.000000,1.000000,1.000000,0,0,0,0
1622,27,463,1155,1.000000,1.000000,1.000000,1.000000,0,0,1,0
1623,25,463,1156,1.000000,1.000000,1.000000,1.000000,0,0,0,0
1624,29,464,1156,1.000000,1.000000,1.000000,1.000000,0,0,0,0
1625,27,464,1157,1.000000,1.000000,1.000000,1.000000,0,0,1,0
1626,25,464,1158,1.000000,1.000000,1.000000,1.000000,0,0,0,0
1627,29,465,1158,1.000000,1.000000,1.000000,1.000000,0,0,0,0
1628,27,465,1159,1.000000,1.000000,1.000000,1.000000,0,0,0,0
1629,25,465,1160,1.000000,1.000000,1.000000,1.000000,0,0,0,0
1630,23,465,1161,1.000000,1.000000,1.000000,1.000000,0,0,1,0
1631,21,465,1162,1.000000,1.000000,1.000000,1.000000,0,1,1,0
1632,29,466,1162,1.000000,1.000000,1.000000,1.000000,0,1,1,0
1633,27,466,1163,1.000000,1.000000,1.000000,1.000000,0,1,0,0
1634,29,467,1163,1.000000,1.000000,1.000000,1.000000,0,1,0,0
1635,27,467,1164,1.000000,1.000000,1.000000,1.000000,0,0,1,0
1636,25,467,1165,1.000000,1.000000,1.000000,1.000000,1,0,1,0
1637,29,468,1165,1.000000,1.000000,1.000000,1.000000,1,0,1,0
1638,27,468,1166,1.000000,1.000000,1.000000,1.000000,0,0,0,0
1639,29,469,1166,1.000000,1.000000,1.000000,1.000000,0,0,0,0
1640,27,469,1167,1.000000,1.000000,1.000000,1.000000,0,1,0,0
1641,25,469,1168,1.000000,1.000000,1.000000,1.000000,0,0,0,0
1642,29,470,1168,1.000000,1.000000,1.000000,1.000000,0,0,0,0
1643,27,470,1169,1.000000,1.000000,1.000000,1.000000,0,0,0,0
1644,25,470,1170,1.000000,1.000000,1.000000,1.000000,0,0,0,0
1645,23,470,1171,1.000000,1.000000,1.000000,1.000000,0,0,0,0
1646,21,470,1172,1.000000,1.000000,1.000000,1.000000,0,0,0,0
1647,19,470,1173,1.000000,1.000000,1.000000,1.000000,0,0,1,0
1648,17,470,1174,1.000000,1.000000,1.000000,1.000000,0,1,0,1
1649,29,471,1174,1.000000,1.000000,1.000000,1.000000,0,1,0,1
1650,27,471,1175,1.000000,1.000000,1.000000,1.000000,0,0,0,1
1651,29,472,1175,1.000000,1.000000,1.000000,1.000000,0,0,0,1
1652,27,472,1176,1.000000,1.000000,1.000000,1.000000,1,0,0,0
1653,29,473,1176,1.000000,1.000000,1.000000,1.000000,1,0,0,0
1654,27,473,1177,1.000000,1.000000,1.000000,1.000000,1,0,0,0
1655,29,474,1177,1.000000,1.000000,1.000000,1.000000,1,0,0,0
1656,27,474,1178,1.000000,1.000000,1.000000,1.000000,0,1,0,0
1657,29,475,1178,1.000000,1.000000,1.000000,1.000000,0,1,0,0
1658,27,475,1179,1.000000,1.000000,1.000000,1.000000,0,1,0,0
1659,29,476,1179,1.000000,1.000000,1.000000,1.000000,0,1,0,0
1660,27,476,1180,1.000000,1.000000,1.000000,1.000000,0,0,1,0
1661,29,477,1180,1.000000,1.000000,1.000000,1.000000,0,0,1,0
1662,27,477,1181,1.000000,1.000000,1.000000,1.000000,0,0,0,0
1663,29,478,1181,1.000000,1.000000,1.000000,1.000000,0,0,1,0
1664,27,478,1182,1.000000,1.000000,1.000000,1.000000,0,1,0,0
1665,29,479,1182,1.000000,1.000000,1.000000,1.000000,0,1,0,1
1666,27,479,1183,1.000000,1.000000,1.000000,1.000000,0,0,0,0
1667,29,480,1183,1.000000,1.000000,1.000000,1.000000,0,0,0,1
1668,27,480,1184,1.000000,1.000000,1.000000,1.000000,0,0,0,0
1669,29,481,1184,1.000000,1.000000,1.000000,1.000000,1,0,0,0
1670,27,481,1185,1.000000,1.000000,1.000000,1.000000,0,0,0,0
1671,29,482,1185,1.000000,1.000000,1.000000,1.000000,1,0,0,0
1672,27,482,1186,1.000000,1.000000,1.000000,1.000000,0,0,0,0
1673,29,483,1186,1.000000,1.000000,1.000000,1.000000,0,1,0,0
1674,27,483,1187,1.000000,1.000000,1.000000,1.000000,0,0,0,0
1675,29,484,1187,1.000000,1.000000,1.000000,1.000000,0,1,0,0
1676,27,484,1188,1.000000,1.000000,1.000000,1.000000,0,0,0,0
1677,29,485,1188,1.000000,1.000000,1.000000,1.000000,0,0,1,0
1678,27,485,1189,1.000000,1.000000,1.000000,1.000000,0,0,0,0
1679,29,486,1189,1.000000,1.000000,1.000000,1.000000,0,0,1,0
1680,27,486,1190,1.000000,1.000000,1.000000,1.000000,0,1,0,0
1681,29,487,1190,1.000000,1.000000,1.000000,1.000000,0,1,0,1
1682,27,487,1191,1.000000,1.000000,1.000000,1.000000,0,0,0,0
1683,29,488,1191,1.000000,1.000000,1.000000,1.000000,0,0,0,1
1684,27,488,1192,1.000000,1.000000,1.000000,1.000000,0,0,0,0
1685,29,489,1192,1.000000,1.000000,1.000000,1.000000,1,0,0,0
1686,27,489,1193,1.000000,1.000000,1.000000,1.000000,0,0,0,0
1687,29,490,1193,1.000000,1.000000,1.000000,1.000000,1,0,0,0
1688,27,490,1194,1.000000,1.000000,1.000000,1.000000,0,0,0,0
1689,29,491,1194,1.000000,1.000000,1.000000,1.000000,0,1,0,0
1690,27,491,1195,1.000000,1.000000,1.000000,1.000000,0,0,0,0
1691,29,492,1195,1.000000,1.000000,1.000000,1.000000,0,1,0,0
1692,27,492,1196,1.000000,1.000000,1.000000,1.000000,0,0,0,0
1693,29,493,1196,1.000000,1.000000,1.000000,1.000000,0,0,1,0
1694,27,493,1197,1.000000,1.000000,1.000000,1.000000,0,0,0,0
1695,29,494,1197,1.000000,1.000000,1.000000,1.000000,0,0,1,0
1696,27,494,1198,1.000000,1.000000,1.000000,1.000000,0,1,0,0
1697,29,495,1198,1.000000,1.000000,1.000000,1.000000,0,1,0,1
1698,27,495,1199,1.000000,1.000000,1.000000,1.000000,0,1,1,0
1699,29,496,1199,1.000000,1.000000,1.000000,1.000000,0,1,1,0
1700,27,496,1200,1.000000,1.000000,1.000000,1.000000,0,0,0,0
1701,29,497,1200,1.000000,1.000000,1.000000,1.000000,0,0,0,0
1702,27,497,1201,1.000000,1.000000,1.000000,1.000000,0,1,0,0
1703,25,497,1202,1.000000,1.000000,1.000000,1.000000,0,0,0,0
1704,29,498,1202,1.000000,1.000000,1.000000,1.000000,0,0,0,0
1705,27,498,1203,1.000000,1.000000,1.000000,1.000000,0,1,0,0
1706,25,498,1204,1.000000,1.000000,1.000000,1.000000,0,1,0,0
1707,29,499,1204,1.000000,1.000000,1.000000,1.000000,0,1,0,0
1708,27,499,1205,1.000000,1.000000,1.000000,1.000000,1,1,1,0
1709,25,499,1206,1.000000,1.000000,1.000000,1.000000,1,0,1,0
1710,29,500,1206,1.000000,1.000000,1.000000,1.000000,1,0,1,0
1711,27,500,1207,1.000000,1.000000,1.000000,1.000000,0,1,1,0
1712,25,500,1208,1.000000,1.000000,1.000000,1.000000,0,0,0,1
1713,29,501,1208,1.000000,1.000000,1.000000,1.000000,0,0,0,1
1714,27,501,1209,1.000000,1.000000,1.000000,1.000000,0,0,1,0
1715,29,502,1209,1.000000,1.000000,1.000000,1.000000,0,0,1,0
1716,27,502,1210,1.000000,1.000000,1.000000,1.000000,0,0,0,0
1717,29,503,1210,1.000000,1.000000,1.000000,1.000000,0,0,0,0
1718,27,503,1211,1.000000,1.000000,1.000000,1.000000,0,0,0,0
1719,25,503,1212,1.000000,1.000000,1.000000,1.000000,0,0,0,0
1720,23,503,1213,1.000000,1.000000,1.000000,1.000000,0,0,0,0
1721,21,503,1214,1.000000,1.000000,1.000000,1.000000,1,0,0,0
1722,19,503,1215,1.000000,1.000000,1.000000,1.000000,1,0,0,0
1723,17,503,1216,1.000000,1.000000,1.000000,1.000000,0,0,0,1
1724,29,504,1216,1.000000,1.000000,1.000000,1.000000,0,0,0,1
1725,27,504,1217,1.000000,1.000000,1.000000,1.000000,0,0,1,0
1726,29,505,1217,1.000000,1.000000,1.000000,1.000000,0,0,1,0
1727,27,505,1218,1.000000,1.000000,1.000000,1.000000,0,0,0,0
1728,29,506,1218,1.000000,1.000000,1.000000,1.000000,0,0,0,0
1729,27,506,1219,1.000000,1.000000,1.000000,1.000000,0,1,0,1
1730,29,507,1219,1.000000,1.000000,1.000000,1.000000,0,1,0,1
1731,27,507,1220,1.000000,1.000000,1.000000,1.000000,0,0,0,0
1732,29,508,1220,1.000000,1.000000,1.000000,1.000000,0,0,0,0
1733,27,508,1221,1.000000,1.000000,1.000000,1.000000,0,1,0,0
1734,25,508,1222,1.000000,1.000000,1.000000,1.000000,0,0,0,0
1735,29,509,1222,1.000000,1.000000,1.000000,1.000000,0,0,0,0
1736,27,509,1223,1.000000,1.000000,1.000000,1.000000,1,0,0,0
1737,25,509,1224,1.000000,1.000000,1.000000,1.000000,0,0,0,0
1738,29,510,1224,1.000000,1.000000,1.000000,1.000000,0,0,0,0
1739,27,510,1225,1.000000,1.000000,1.000000,1.000000,0,0,0,0
1740,25,510,1226,1.000000,1.000000,1.000000,1.000000,0,0,0,0
1741,23,510,1227,1.000000,1.000000,1.000000,1.000000,0,0,0,0
1742,21,510,1228,1.000000,1.000000,1.000000,1.000000,0,0,0,0
1743,19,510,1229,1.000000,1.000000,1.000000,1.000000,0,0,0,0
1744,17,510,1230,1.000000,1.000000,1.000000,1.000000,0,1,1,0
1745,15,510,1231,1.000000,1.000000,1.000000,1.000000,0,0,1,0
1746,29,511,1231,1.000000,1.000000,1.000000,1.000000,0,0,1,0
1747,27,511,1232,1.000000,1.000000,1.000000,1.000000,0,0,0,1
1748,29,512,1232,1.000000,1.000000,1.000000,1.000000,0,0,0,1
1749,27,512,1233,1.000000,1.000000,1.000000,1.000000,0,0,1,0
1750,25,512,1234,1.000000,1.000000,1.000000,1.000000,1,0,0,0
1751,23,512,1235,1.000000,1.000000,1.000000,1.000000,0,0,0,0
1752,29,513,1235,1.000000,1.000000,1.000000,1.000000,0,0,0,0
1753,27,513,1236,1.000000,1.000000,1.000000,1.000000,0,0,0,0
1754,25,513,1237,1.000000,1.000000,1.000000,1.000000,1,0,0,1
1755,23,513,1238,1.000000,1.000000,1.000000,1.000000,1,0,0,0
1756,29,514,1238,1.000000,1.000000,1.000000,1.000000,1,0,0,0
1757,27,514,1239,1.000000,1.000000,1.000000,1.000000,1,1,0,1
1758,29,515,1239,1.000000,1.000000,1.000000,1.000000,1,1,0,1
1759,27,515,1240,1.000000,1.000000,1.000000,1.000000,0,0,0,0
1760,29,516,1240,1.000000,1.000000,1.000000,1.000000,0,0,0,0
1761,27,516,1241,1.000000,1.000000,1.000000,1.000000,1,1,0,0
1762,25,516,1242,1.000000,1.000000,1.000000,1.000000,1,0,0,0
1763,29,517,1242,1.000000,1.000000,1.000000,1.000000,1,0,0,0
1764,27,517,1243,1.000000,1.000000,1.000000,1.000000,0,1,0,0
1765,29,518,1243,1.000000,1.000000,1.000000,1.000000,0,1,0,0
1766,27,518,1244,1.000000,1.000000,1.000000,1.000000,0,0,0,0
1767,29,519,1244,1.000000,1.000000,1.000000,1.000000,0,0,0,0
1768,27,519,1245,1.000000,1.000000,1.000000,1.000000,0,0,0,0
1769,25,519,1246,1.000000,1.000000,1.000000,1.000000,0,0,0,0
1770,23,519,1247,1.000000,1.000000,1.000000,1.000000,1,0,1,0
1771,21,519,1248,1.000000,1.000000,1.000000,1.000000,0,0,0,1
1772,19,519,1249,1.000000,1.000000,1.000000,1.000000,0,1,1,1
1773,29,520,1249,1.000000,1.000000,1.000000,1.000000,0,1,1,1
1774,27,520,1250,1.000000,1.000000,1.000000,1.000000,0,0,0,0
1775,25,520,1251,1.000000,1.000000,1.000000,1.000000,0,1,1,1
1776,23,520,1252,1.000000,1.000000,1.000000,1.000000,0,0,0,0
1777,29,521,1252,1.000000,1.000000,1.000000,1.000000,0,0,0,0
1778,27,521,1253,1.000000,1.000000,1.000000,1.000000,0,1,0,1
1779,25,521,1254,1.000000,1.000000,1.000000,1.000000,0,1,0,0
1780,29,522,1254,1.000000,1.000000,1.000000,1.000000,0,1,0,0
1781,27,522,1255,1.000000,1.000000,1.000000,1.000000,1,1,1,0
1782,25,522,1256,1.000000,1.000000,1.000000,1.000000,0,0,0,1
1783,29,523,1256,1.000000,1.000000,1.000000,1.000000,0,0,0,1
1784,27,523,1257,1.000000,1.000000,1.000000,1.000000,1,0,1,0
1785,29,524,1257,1.000000,1.000000,1.000000,1.000000,1,0,1,0
1786,27,524,1258,1.000000,1.000000,1.000000,1.000000,0,0,0,0
1787,29,525,1258,1.000000,1.000000,1.000000,1.000000,0,0,0,0
1788,27,525,1259,1.000000,1.000000,1.000000,1.000000,1,0,0,0
1789,25,525,1260,1.000000,1.000000,1.000000,1.000000,1,0,0,0
1790,29,526,1260,1.000000,1.000000,1.000000,1.000000,1,0,0,0
1791,27,526,1261,1.000000,1.000000,1.000000,1.000000,0,1,0,0
1792,29,527,1261,1.000000,1.000000,1.000000,1.000000,0,1,0,0
1793,27,527,1262,1.000000,1.000000,1.000000,1.000000,0,0,0,0
1794,29,528,1262,1.000000,1.000000,1.000000,1.000000,0,0,0,0
1795,27,528,1263,1.000000,1.000000,1.000000,1.000000,0,0,0,0
1796,25,528,1264,1.000000,1.000000,1.000000,1.000000,0,0,0,0
1797,23,528,1265,1.000000,1.000000,1.000000,1.000000,0,0,0,1
1798,21,528,1266,1.000000,1.000000,1.000000,1.000000,0,0,0,0
1799,29,529,1266,1.000000,1.000000,1.000000,1.000000,0,0,0,0
1800,27,529,1267,1.000000,1.000000,1.000000,1.000000,0,0,1,0
1801,25,529,1268,1.000000,1.000000,1.000000,1.000000,0,0,0,1
1802,29,530,1268,1.000000,1.000000,1.000000,1.000000,0,0,0,1
1803,27,530,1269,1.000000,1.000000,1.000000,1.000000,0,0,1,1
1804,29,531,1269,1.000000,1.000000,1.000000,1.000000,0,0,1,1
1805,27,531,1270,1.000000,1.000000,1.000000,1.000000,0,0,0,0
1806,29,532,1270,1.000000,1.000000,1.000000,1.000000,0,0,0,0
1807,27,532,1271,1.000000,1.000000,1.000000,1.000000,0,1,0,0
1808,25,532,1272,1.000000,1.000000,1.000000,1.000000,0,1,0,0
1809,29,533,1272,1.000000,1.000000,1.000000,1.000000,0,1,0,0
1810,27,533,1273,1.000000,1.000000,1.000000,1.000000,1,1,1,0
1811,29,534,1273,1.000000,1.000000,1.000000,1.000000,1,1,1,0
1812,27,534,1274,1.000000,1.000000,1.000000,1.000000,0,0,0,0
1813,29,535,1274,1.000000,1.000000,1.000000,1.000000,0,0,0,0
1814,27,535,1275,1.000000,1.000000,1.000000,1.000000,1,0,0,0
1815,25,535,1276,1.000000,1.000000,1.000000,1.000000,0,0,0,0
1816,29,536,1276,1.000000,1.000000,1.000000,1.000000,0,0,0,0
1817,27,536,1277,1.000000,1.000000,1.000000,1.000000,0,0,0,0
1818,25,536,1278,1.000000,1.000000,1.000000,1.000000,0,0,0,0
1819,23,536,1279,1.000000,1.000000,1.000000,1.000000,0,0,0,0
1820,21,536,1280,1.000000,1.000000,1.000000,1.000000,0,1,0,0
1821,19,536,1281,1.000000,1.000000,1.000000,1.000000,0,1,0,0
1822,29,537,1281,1.000000,1.000000,1.000000,1.000000,0,1,0,0
1823,27,537,1282,1.000000,1.000000,1.000000,1.000000,1,0,0,0
1824,25,537,1283,1.000000,1.000000,1.000000,1.000000,0,0,1,0
1825,29,538,1283,1.000000,1.000000,1.000000,1.000000,0,0,1,0
1826,27,538,1284,1.000000,1.000000,1.000000,1.000000,0,0,0,0
1827,25,538,1285,1.000000,1.000000,1.000000,1.000000,0,0,1,0
1828,23,538,1286,1.000000,1.000000,1.000000,1.000000,0,0,0,0
1829,29,539,1286,1.000000,1.000000,1.000000,1.000000,0,0,0,0
1830,27,539,1287,1.000000,1.000000,1.000000,1.000000,0,0,0,0
1831,25,539,1288,1.000000,1.000000,1.000000,1.000000,0,0,1,0
1832,23,539,1289,1.000000,1.000000,1.000000,1.000000,0,0,1,0
1833,29,540,1289,1.000000,1.000000,1.000000,1.000000,0,0,1,0
1834,27,540,1290,1.000000,1.000000,1.000000,1.000000,0,0,0,1
1835,29,541,1290,1.000000,1.000000,1.000000,1.000000,0,0,0,1
1836,27,541,1291,1.000000,1.000000,1.000000,1.000000,0,0,0,0
1837,29,542,1291,1.000000,1.000000,1.000000,1.000000,0,0,0,0
1838,27,542,1292,1.000000,1.000000,1.000000,1.000000,0,0,0,0
1839,25,542,1293,1.000000,1.000000,1.000000,1.000000,0,0,0,0
1840,23,542,1294,1.000000,1.000000,1.000000,1.000000,0,0,0,0
1841,21,542,1295,1.000000,1.000000,1.000000,1.000000,0,0,0,0
1842,19,542,1296,1.000000,1.000000,1.000000,1.000000,0,0,0,0
1843,17,542,1297,1.000000,1.000000,1.000000,1.000000,0,0,0,0
1844,15,542,1298,1.000000,1.000000,1.000000,1.000000,0,0,0,0
1845,13,542,1299,1.000000,1.000000,1.000000,1.000000,0,0,0,1
1846,11,542,1300,1.000000,1.000000,1.000000,1.000000,0,0,0,1
1847,29,543,1300,1.000000,1.000000,1.000000,1.000000,0,0,0,1
1848,27,543,1301,1.000000,1.000000,1.000000,1.000000,1,0,1,0
1849,29,544,1301,1.000000,1.000000,1.000000,1.000000,1,0,1,0
1850,27,544,1302,1.000000,1.000000,1.000000,1.000000,0,0,0,0
1851,29,545,1302,1.000000,1.000000,1.000000,1.000000,0,0,0,0
1852,27,545,1303,1.000000,1.000000,1.000000,1.000000,1,0,0,0
1853,25,545,1304,1.000000,1.000000,1.000000,1.000000,0,0,0,0
1854,29,546,1304,1.000000,1.000000,1.000000,1.000000,0,0,0,0
1855,27,546,1305,1.000000,1.000000,1.000000,1.000000,0,0,0,1
1856,25,546,1306,1.000000,1.000000,1.000000,1.000000,0,0,0,1
1857,29,547,1306,1.000000,1.000000,1.000000,1.000000,0,0,0,1
1858,27,547,1307,1.000000,1.000000,1.000000,1.000000,0,0,0,1
1859,29,548,1307,1.000000,1.000000,1.000000,1.000000,0,0,0,1
1860,27,548,1308,1.000000,1.000000,1.000000,1.000000,0,0,0,0
1861,29,549,1308,1.000000,1.000000,1.000000,1.000000,0,0,0,0
1862,27,549,1309,1.000000,1.000000,1.000000,1.000000,0,0,0,0
1863,25,549,1310,1.000000,1.000000,1.000000,1.000000,0,0,0,0
1864,23,549,1311,1.000000,1.000000,1.000000,1.000000,1,0,0,0
1865,21,549,1312,1.000000,1.000000,1.000000,1.000000,1,0,0,0
1866,29,550,1312,1.000000,1.000000,1.000000,1.000000,1,0,0,0
1867,27,550,1313,1.000000,1.000000,1.000000,1.000000,0,1,0,1
1868,29,551,1313,1.000000,1.000000,1.000000,1.000000,0,1,0,1
1869,27,551,1314,1.000000,1.000000,1.000000,1.000000,1,0,0,1
1870,29,552,1314,1.000000,1.000000,1.000000,1.000000,1,0,0,1
1871,27,552,1315,1.000000,1.000000,1.000000,1.000000,0,0,0,1
1872,29,553,1315,1.000000,1.000000,1.000000,1.000000,0,0,0,1
1873,27,553,1316,1.000000,1.000000,1.000000,1.000000,1,1,0,1
1874,25,553,1317,1.000000,1.000000,1.000000,1.000000,0,1,0,1
1875,29,554,1317,1.000000,1.000000,1.000000,1.000000,0,1,0,1
1876,27,554,1318,1.000000,1.000000,1.000000,1.000000,0,0,1,0
1877,25,554,1319,1.000000,1.000000,1.000000,1.000000,1,0,0,0
1878,29,555,1319,1.000000,1.000000,1.000000,1.000000,1,0,0,0
1879,27,555,1320,1.000000,1.000000,1.000000,1.000000,0,0,0,0
1880,29,556,1320,1.000000,1.000000,1.000000,1.000000,0,0,0,0
1881,27,556,1321,1.000000,1.000000,1.000000,1.000000,0,0,0,0
1882,25,556,1322,1.000000,1.000000,1.000000,1.000000,0,0,1,0
1883,23,556,1323,1.000000,1.000000,1.000000,1.000000,0,1,1,0
1884,29,557,1323,1.000000,1.000000,1.000000,1.000000,0,1,1,1
1885,27,557,1324,1.000000,1.000000,1.000000,1.000000,0,0,0,0
1886,29,558,1324,1.000000,1.000000,1.000000,1.000000,0,0,0,1
1887,27,558,1325,1.000000,1.000000,1.000000,1.000000,0,0,0,1
1888,29,559,1325,1.000000,1.000000,1.000000,1.000000,0,0,0,1
1889,27,559,1326,1.000000,1.000000,1.000000,1.000000,1,0,0,0
1890,29,560,1326,1.000000,1.000000,1.000000,1.000000,1,0,0,0
1891,27,560,1327,1.000000,1.000000,1.000000,1.000000,0,0,1,0
1892,25,560,1328,1.000000,1.000000,1.000000,1.000000,0,0,0,0
1893,29,561,1328,1.000000,1.000000,1.000000,1.000000,0,0,0,0
1894,27,561,1329,1.000000,1.000000,1.000000,1.000000,0,0,0,0
1895,25,561,1330,1.000000,1.000000,1.000000,1.000000,0,0,0,1
1896,23,561,1331,1.000000,1.000000,1.000000,1.000000,0,0,1,0
1897,29,562,1331,1.000000,1.000000,1.000000,1.000000,0,0,1,0
1898,27,562,1332,1.000000,1.000000,1.000000,1.000000,0,0,0,0
1899,29,563,1332,1.000000,1.000000,1.000000,1.000000,0,0,0,0
1900,27,563,1333,1.000000,1.000000,1.000000,1.000000,0,0,0,0
1901,25,563,1334,1.000000,1.000000,1.000000,1.000000,0,0,0,0
1902,23,563,1335,1.000000,1.000000,1.000000,1.000000,0,0,0,0
1903,21,563,1336,1.000000,1.000000,1.000000,1.000000,0,0,1,0
1904,19,563,1337,1.000000,1.000000,1.000000,1.000000,0,0,0,0
1905,29,564,1337,1.000000,1.000000,1.000000,1.000000,0,0,0,0
1906,27,564,1338,1.000000,1.000000,1.000000,1.000000,0,0,0,0
1907,25,564,1339,1.000000,1.000000,1.000000,1.000000,0,0,0,0
1908,23,564,1340,1.000000,1.000000,1.000000,1.000000,1,0,0,0
1909,21,564,1341,1.000000,1.000000,1.000000,1.000000,0,0,0,0
1910,29,565,1341,1.000000,1.000000,1.000000,1.000000,0,0,0,0
1911,27,565,1342,1.000000,1.000000,1.000000,1.000000,0,0,0,0
1912,25,565,1343,1.000000,1.000000,1.000000,1.000000,0,0,0,0
1913,23,565,1344,1.000000,1.000000,1.000000,1.000000,0,1,1,0
1914,21,565,1345,1.000000,1.000000,1.000000,1.000000,0,1,1,0
1915,19,565,1346,1.000000,1.000000,1.000000,1.000000,1,0,1,0
1916,29,566,1346,1.000000,1.000000,1.000000,1.000000,1,0,1,0
1917,27,566,1347,1.000000,1.000000,1.000000,1.000000,0,1,0,0
1918,29,567,1347,1.000000,1.000000,1.000000,1.000000,0,1,0,0
1919,27,567,1348,1.000000,1.000000,1.000000,1.000000,1,0,0,0
1920,25,567,1349,1.000000,1.000000,1.000000,1.000000,1,0,1,0
1921,29,568,1349,1.000000,1.000000,1.000000,1.000000,1,0,1,0
1922,27,568,1350,1.000000,1.000000,1.000000,1.000000,0,0,0,0
1923,29,569,1350,1.000000,1.000000,1.000000,1.000000,0,0,0,0
1924,27,569,1351,1.000000,1.000000,1.000000,1.000000,1,0,0,0
1925,25,569,1352,1.000000,1.000000,1.000000,1.000000,0,0,0,0
1926,23,569,1353,1.000000,1.000000,1.000000,1.000000,0,0,1,0
1927,21,569,1354,1.000000,1.000000,1.000000,1.000000,0,0,0,0
1928,29,570,1354,1.000000,1.000000,1.000000,1.000000,0,0,0,0
1929,27,570,1355,1.000000,1.000000,1.000000,1.000000,0,0,0,0
1930,25,570,1356,1.000000,1.000000,1.000000,1.000000,0,0,0,0
1931,23,570,1357,1.000000,1.000000,1.000000,1.000000,0,0,0,0
1932,21,570,1358,1.000000,1.000000,1.000000,1.000000,0,0,1,0
1933,19,570,1359,1.000000,1.000000,1.000000,1.000000,0,0,1,0
1934,29,571,1359,1.000000,1.000000,1.000000,1.000000,0,0,1,0
1935,27,571,1360,1.000000,1.000000,1.000000,1.000000,0,0,1,0
1936,29,572,1360,1.000000,1.000000,1.000000,1.000000,0,0,1,0
1937,27,572,1361,1.000000,1.000000,1.000000,1.000000,0,0,0,0
1938,29,573,1361,1.000000,1.000000,1.000000,1.000000,0,0,0,0
1939,27,573,1362,1.000000,1.000000,1.000000,1.000000,0,0,1,0
1940,25,573,1363,1.000000,1.000000,1.000000,1.000000,0,1,0,0
1941,29,574,1363,1.000000,1.000000,1.000000,1.000000,0,1,0,0
1942,27,574,1364,1.000000,1.000000,1.000000,1.000000,0,1,0,0
1943,29,575,1364,1.000000,1.000000,1.000000,1.000000,0,1,0,0
1944,27,575,1365,1.000000,1.000000,1.000000,1.000000,0,0,0,0
1945,25,575,1366,1.000000,1.000000,1.000000,1.000000,0,1,0,0
1946,23,575,1367,1.000000,1.000000,1.000000,1.000000,0,0,0,0
1947,29,576,1367,1.000000,1.000000,1.000000,1.000000,0,0,0,0
1948,27,576,1368,1.000000,1.000000,1.000000,1.000000,0,0,0,0
1949,25,576,1369,1.000000,1.000000,1.000000,1.000000,0,0,0,0
1950,23,576,1370,1.000000,1.000000,1.000000,1.000000,0,0,0,0
1951,21,576,1371,1.000000,1.000000,1.000000,1.000000,0,0,0,0
1952,19,576,1372,1.000000,1.000000,1.000000,1.000000,0,0,0,0
1953,17,576,1373,1.000000,1.000000,1.000000,1.000000,0,0,0,0
1954,15,576,1374,1.000000,1.000000,1.000000,1.000000,0,0,0,0
1955,13,576,1375,1.000000,1.000000,1.000000,1.000000,0,0,0,0
1956,11,576,1376,1.000000,1.000000,1.000000,1.000000,0,0,1,0
1957,9,576,1377,1.000000,1.000000,1.000000,1.000000,0,0,0,0
1958,29,577,1377,1.000000,1.000000,1.000000,1.000000,0,0,0,0
1959,27,577,1378,1.000000,1.000000,1.000000,1.000000,0,0,0,0
1960,25,577,1379,1.000000,1.000000,1.000000,1.000000,0,0,0,0
1961,23,577,1380,1.000000,1.000000,1.000000,1.000000,0,0,0,0
1962,21,577,1381,1.000000,1.000000,1.000000,1.000000,0,0,0,0
1963,19,577,1382,1.000000,1.000000,1.000000,1.000000,0,0,0,0
1964,17,577,1383,1.000000,1.000000,1.000000,1.000000,0,0,0,0
1965,15,577,1384,1.000000,1.000000,1.000000,1.000000,0,1,0,0
1966,13,577,1385,1.000000,1.000000,1.000000,1.000000,0,0,0,0
1967,29,578,1385,1.000000,1.000000,1.000000,1.000000,0,0,0,0
1968,27,578,1386,1.000000,1.000000,1.000000,1.000000,1,1,0,0
1969,25,578,1387,1.000000,1.000000,1.000000,1.000000,0,0,0,0
1970,29,579,1387,1.000000,1.000000,1.000000,1.000000,0,0,0,0
1971,27,579,1388,1.000000,1.000000,1.000000,1.000000,0,0,0,0
1972,25,579,1389,1.000000,1.000000,1.000000,1.000000,0,0,0,0
1973,23,579,1390,1.000000,1.000000,1.000000,1.000000,0,0,0,0
1974,21,579,1391,1.000000,1.000000,1.000000,1.000000,0,0,0,0
1975,19,579,1392,1.000000,1.000000,1.000000,1.000000,0,0,0,0
1976,17,579,1393,1.000000,1.000000,1.000000,1.000000,0,0,0,0
1977,15,579,1394,1.000000,1.000000,1.000000,1.000000,0,0,1,0
1978,13,579,1395,1.000000,1.000000,1.000000,1.000000,0,0,0,0
1979,29,580,1395,1.000000,1.000000,1.000000,1.000000,0,0,0,0
1980,27,580,1396,1.000000,1.000000,1.000000,1.000000,0,1,0,0
1981,25,580,1397,1.000000,1.000000,1.000000,1.000000,0,0,0,0
1982,23,580,1398,1.000000,1.000000,1.000000,1.000000,0,1,0,0
1983,21,580,1399,1.000000,1.000000,1.000000,1.000000,0,0,0,0
1984,29,581,1399,1.000000,1.000000,1.000000,1.000000,0,0,0,0
1985,27,581,1400,1.000000,1.000000,1.000000,1.000000,0,0,0,0
1986,25,581,1401,1.000000,1.000000,1.000000,1.000000,0,0,1,0
1987,23,581,1402,1.000000,1.000000,1.000000,1.000000,0,0,1,0
1988,29,582,1402,1.000000,1.000000,1.000000,1.000000,0,0,1,0
1989,27,582,1403,1.000000,1.000000,1.000000,1.000000,0,1,0,0
1990,29,583,1403,1.000000,1.000000,1.000000,1.000000,0,1,0,0
1991,27,583,1404,1.000000,1.000000,1.000000,1.000000,0,1,0,0
1992,25,583,1405,1.000000,1.000000,1.000000,1.000000,0,0,0,1
1993,29,584,1405,1.000000,1.000000,1.000000,1.000000,0,0,0,1
1994,27,584,1406,1.000000,1.000000,1.000000,1.000000,0,0,0,0
1995,25,584,1407,1.000000,1.000000,1.000000,1.000000,0,0,1,0
1996,23,584,1408,1.000000,1.000000,1.000000,1.000000,0,0,0,0
1997,21,584,1409,1.000000,1.000000,1.000000,1.000000,0,0,0,0
1998,19,584,1410,1.000000,1.000000,1.000000,1.000000,0,1,0,1
1999,17,584,1411,1.000000,1.000000,1.000000,1.000000,0,0,0,0
2000,29,585,1411,1.000000,1.000000,1.000000,1.000000,0,0,0,0
