tick,energy,eats,distance,conn_1_6_weight,conn_2_7_weight,conn_3_8_weight,conn_4_9_weight,food_north_sensed,food_east_sensed,food_south_sensed,food_west_sensed
0,30,0,0,0.050000,0.050000,0.050000,0.050000,0,0,0,0
1,29,0,0,0.050000,0.050000,0.050000,0.050000,0,0,0,0
2,27,0,1,0.050000,0.060918,0.050000,0.050000,0,1,0,0
3,25,0,2,0.050000,0.061490,0.055990,0.050000,0,0,1,0
4,29,1,2,0.050000,0.061490,0.064427,0.050000,0,0,1,0
5,27,1,3,0.056518,0.061490,0.065030,0.050000,1,0,0,0
6,25,1,4,0.066870,0.061490,0.065030,0.050000,1,0,0,0
7,23,1,5,0.076814,0.061490,0.065030,0.050000,1,0,0,0
8,21,1,6,0.085729,0.061490,0.065030,0.055466,1,0,0,1
9,29,2,6,0.104534,0.061490,0.065030,0.068123,1,0,0,1
10,27,2,7,0.105471,0.061490,0.065030,0.068758,0,0,0,0
11,25,2,8,0.124707,0.061490,0.065030,0.068758,1,0,0,0
12,23,2,9,0.125798,0.061490,0.065030,0.068758,0,0,0,0
13,21,2,10,0.125798,0.061490,0.065030,0.068758,0,0,0,0
14,19,2,11,0.148133,0.061490,0.065030,0.068758,1,0,0,0
15,17,2,12,0.149395,0.061490,0.065030,0.068758,0,0,0,0
16,15,2,13,0.149395,0.061490,0.065030,0.068758,0,0,0,0
17,13,2,14,0.149395,0.061490,0.065030,0.068758,0,0,0,0
18,11,2,15,0.177985,0.061490,0.065030,0.068758,1,0,0,0
19,9,2,16,0.212365,0.061490,0.065030,0.083416,1,0,0,1
20,8,2,16,0.251370,0.061490,0.065030,0.101770,1,0,0,1
21,7,2,16,0.294877,0.061490,0.065030,0.123623,1,0,0,1
22,5,2,17,0.320375,0.061490,0.065030,0.124707,1,0,0,0
23,3,2,18,0.322553,0.061490,0.065030,0.137170,0,0,0,1
24,29,3,18,0.322553,0.061490,0.065030,0.162506,0,0,0,1
25,27,3,19,0.347001,0.068123,0.065030,0.163867,1,1,0,0
26,25,3,20,0.349267,0.076111,0.065030,0.163867,0,1,0,0
27,29,4,20,0.349267,0.093020,0.065030,0.163867,0,1,0,0
28,27,4,21,0.376971,0.093864,0.065030,0.163867,1,0,0,0
29,25,4,22,0.379319,0.093864,0.065030,0.163867,0,0,0,0
30,29,5,22,0.379319,0.093864,0.065030,0.163867,0,0,0,0
31,27,5,23,0.379319,0.093864,0.065030,0.163867,0,0,0,0
32,25,5,24,0.379319,0.093864,0.065030,0.163867,0,0,0,0
33,23,5,25,0.379319,0.093864,0.065030,0.163867,0,0,0,0
34,21,5,26,0.379319,0.093864,0.065030,0.163867,0,0,0,0
35,19,5,27,0.379319,0.093864,0.065030,0.163867,0,0,0,0
36,17,5,28,0.410336,0.093864,0.065030,0.182403,1,0,0,1
37,15,5,29,0.412756,0.093864,0.065030,0.183894,0,0,0,0
38,29,6,29,0.412756,0.093864,0.065030,0.183894,0,0,0,0
39,27,6,30,0.412756,0.093864,0.078960,0.217412,0,0,1,1
40,25,6,31,0.412756,0.093864,0.088903,0.219113,0,0,1,0
41,29,7,31,0.412756,0.093864,0.099071,0.219113,0,0,1,0
42,27,7,32,0.412756,0.093864,0.099964,0.257044,0,0,0,1
43,25,7,33,0.412756,0.113229,0.099964,0.301140,0,1,0,1
44,23,7,34,0.439629,0.114233,0.099964,0.303244,1,0,0,0
45,29,8,34,0.474341,0.114233,0.099964,0.303244,1,0,0,0
46,27,8,35,0.476834,0.114233,0.099964,0.303244,0,0,0,0
47,25,8,36,0.476834,0.114233,0.099964,0.303244,0,0,0,0
48,23,8,37,0.476834,0.114233,0.099964,0.303244,0,0,0,0
49,21,8,38,0.476834,0.114233,0.099964,0.303244,0,0,0,0
50,19,8,39,0.476834,0.114233,0.117292,0.303244,0,0,1,0
51,17,8,40,0.476834,0.114233,0.118327,0.303244,0,0,0,0
52,29,9,40,0.476834,0.114233,0.118327,0.303244,0,0,0,0
53,27,9,41,0.476834,0.114233,0.118327,0.335778,0,0,0,1
54,25,9,42,0.476834,0.125798,0.118327,0.338008,0,1,0,0
55,23,9,43,0.476834,0.126898,0.118327,0.338008,0,0,0,0
56,21,9,44,0.476834,0.151945,0.141955,0.338008,0,1,1,0
57,19,9,45,0.476834,0.153234,0.143174,0.338008,0,0,0,0
58,17,9,46,0.476834,0.182403,0.170810,0.338008,0,1,1,0
59,15,9,47,0.476834,0.183894,0.172227,0.338008,0,0,0,0
60,13,9,48,0.516810,0.183894,0.172227,0.338008,1,0,0,0
61,11,9,49,0.519307,0.183894,0.172227,0.363004,0,0,0,1
62,29,10,49,0.519307,0.183894,0.172227,0.391146,0,0,0,1
63,27,10,50,0.519307,0.204146,0.172227,0.424916,0,1,0,1
64,25,10,51,0.519307,0.205770,0.188425,0.427359,0,0,1,0
65,29,11,51,0.519307,0.205770,0.222545,0.427359,0,0,1,0
66,27,11,52,0.519307,0.242102,0.224275,0.427359,0,1,0,0
67,25,11,53,0.519307,0.243937,0.224275,0.427359,0,0,0,0
68,23,11,54,0.519307,0.243937,0.224275,0.427359,0,0,0,0
69,21,11,55,0.519307,0.243937,0.224275,0.427359,0,0,0,0
70,19,11,56,0.546689,0.243937,0.243937,0.427359,1,0,1,0
71,17,11,57,0.549167,0.243937,0.245781,0.427359,0,0,0,0
72,29,12,57,0.549167,0.243937,0.245781,0.427359,0,0,0,0
73,27,12,58,0.576245,0.243937,0.245781,0.427359,1,0,0,0
74,25,12,59,0.578686,0.243937,0.245781,0.427359,0,0,0,0
75,29,13,59,0.578686,0.243937,0.245781,0.427359,0,0,0,0
76,27,13,60,0.578686,0.243937,0.245781,0.427359,0,0,0,0
77,25,13,61,0.578686,0.243937,0.245781,0.456931,0,0,0,1
78,23,13,62,0.617167,0.243937,0.245781,0.459413,1,0,0,0
79,29,14,62,0.645129,0.243937,0.245781,0.459413,1,0,0,0
80,27,14,63,0.647419,0.243937,0.245781,0.459413,0,0,0,0
81,29,15,63,0.647419,0.243937,0.245781,0.459413,0,0,0,0
82,27,15,64,0.647419,0.264738,0.245781,0.486819,0,1,0,1
83,25,15,65,0.647419,0.266685,0.245781,0.516810,0,0,0,1
84,29,16,65,0.647419,0.266685,0.245781,0.551643,0,0,0,1
85,27,16,66,0.647419,0.266685,0.245781,0.554117,0,0,0,0
86,29,17,66,0.647419,0.266685,0.245781,0.554117,0,0,0,0
87,27,17,67,0.647419,0.266685,0.245781,0.554117,0,0,0,0
88,25,17,68,0.647419,0.266685,0.245781,0.554117,0,0,0,0
89,23,17,69,0.647419,0.266685,0.245781,0.554117,0,0,0,0
90,21,17,70,0.647419,0.266685,0.245781,0.554117,0,0,0,0
91,19,17,71,0.647419,0.266685,0.245781,0.554117,0,0,0,0
92,17,17,72,0.647419,0.266685,0.245781,0.554117,0,0,0,0
93,15,17,73,0.647419,0.266685,0.245781,0.554117,0,0,0,0
94,13,17,74,0.672142,0.266685,0.245781,0.581125,1,0,0,1
95,11,17,75,0.674345,0.266685,0.245781,0.583559,0,0,0,0
96,29,18,75,0.674345,0.266685,0.245781,0.583559,0,0,0,0
97,27,18,76,0.698067,0.266685,0.245781,0.583559,1,0,0,0
98,25,18,77,0.700175,0.266685,0.245781,0.583559,0,0,0,0
99,29,19,77,0.700175,0.266685,0.245781,0.583559,0,0,0,0
100,27,19,78,0.700175,0.266685,0.245781,0.583559,0,0,0,0
101,25,19,79,0.700175,0.266685,0.272579,0.583559,0,0,1,0
102,23,19,80,0.722794,0.266685,0.274561,0.583559,1,0,0,0
103,21,19,81,0.746237,0.266685,0.274561,0.583559,1,0,0,0
104,29,20,81,0.768339,0.266685,0.274561,0.583559,1,0,0,0
105,27,20,82,0.770119,0.266685,0.274561,0.610046,0,0,0,1
106,25,20,83,0.789064,0.288690,0.274561,0.612425,1,1,0,0
107,29,21,83,0.808400,0.313891,0.274561,0.612425,1,1,0,0
108,27,21,84,0.809949,0.316044,0.274561,0.638222,0,0,0,1
109,29,22,84,0.809949,0.316044,0.274561,0.665486,0,0,0,1
110,27,22,85,0.809949,0.316044,0.274561,0.667712,0,0,0,0
111,29,23,85,0.809949,0.316044,0.274561,0.667712,0,0,0,0
112,27,23,86,0.809949,0.316044,0.296956,0.691694,0,0,1,1
113,25,23,87,0.809949,0.316044,0.299044,0.716730,0,0,0,1
114,29,24,87,0.809949,0.316044,0.299044,0.740501,0,0,0,1
115,27,24,88,0.826358,0.316044,0.299044,0.742422,1,0,0,0
116,29,25,88,0.842962,0.316044,0.299044,0.742422,1,0,0,0
117,27,25,89,0.844286,0.316044,0.299044,0.742422,0,0,0,0
118,29,26,89,0.844286,0.316044,0.299044,0.742422,0,0,0,0
119,27,26,90,0.844286,0.351540,0.299044,0.742422,0,1,0,0
120,25,26,91,0.844286,0.353820,0.299044,0.742422,0,0,0,0
121,29,27,91,0.844286,0.353820,0.299044,0.742422,0,0,0,0
122,27,27,92,0.844286,0.353820,0.299044,0.742422,0,0,0,0
123,25,27,93,0.844286,0.353820,0.299044,0.742422,0,0,0,0
124,23,27,94,0.844286,0.353820,0.299044,0.742422,0,0,0,0
125,21,27,95,0.844286,0.353820,0.299044,0.762942,0,0,0,1
126,19,27,96,0.844286,0.353820,0.299044,0.764750,0,0,0,0
127,29,28,96,0.844286,0.353820,0.299044,0.764750,0,0,0,0
128,27,28,97,0.844286,0.353820,0.299044,0.764750,0,0,0,0
129,25,28,98,0.844286,0.353820,0.299044,0.764750,0,0,0,0
130,23,28,99,0.844286,0.353820,0.299044,0.764750,0,0,0,0
131,21,28,100,0.844286,0.353820,0.299044,0.764750,0,0,0,0
132,19,28,101,0.844286,0.353820,0.299044,0.764750,0,0,0,0
133,17,28,102,0.844286,0.379319,0.299044,0.784012,0,1,0,1
134,15,28,103,0.844286,0.381674,0.299044,0.803696,0,0,0,1
135,29,29,103,0.844286,0.381674,0.299044,0.821997,0,0,0,1
136,27,29,104,0.858253,0.381674,0.299044,0.838936,1,0,0,1
137,29,30,104,0.872283,0.381674,0.299044,0.854551,1,0,0,1
138,27,30,105,0.873397,0.381674,0.299044,0.855794,0,0,0,0
139,29,31,105,0.873397,0.381674,0.299044,0.855794,0,0,0,0
140,27,31,106,0.873397,0.381674,0.299044,0.855794,0,0,0,0
141,25,31,107,0.873397,0.381674,0.299044,0.855794,0,0,0,0
142,23,31,108,0.873397,0.381674,0.299044,0.868891,0,0,0,1
143,21,31,109,0.873397,0.381674,0.299044,0.882014,0,0,0,1
144,19,31,110,0.885112,0.381674,0.322553,0.883054,1,0,1,0
145,29,32,110,0.896806,0.381674,0.349267,0.883054,1,0,1,0
146,27,32,111,0.897731,0.381674,0.351540,0.883054,0,0,0,0
147,29,33,111,0.897731,0.381674,0.351540,0.883054,0,0,0,0
148,27,33,112,0.897731,0.381674,0.351540,0.883054,0,0,0,0
149,25,33,113,0.897731,0.381674,0.351540,0.883054,0,0,0,0
150,23,33,114,0.897731,0.407921,0.376971,0.893985,0,1,1,1
151,21,33,115,0.897731,0.410336,0.379319,0.904874,0,0,0,1
152,29,34,115,0.897731,0.410336,0.379319,0.914752,0,0,0,1
153,27,34,116,0.897731,0.410336,0.379319,0.915531,0,0,0,0
154,29,35,116,0.897731,0.410336,0.379319,0.915531,0,0,0,0
155,27,35,117,0.897731,0.410336,0.379319,0.915531,0,0,0,0
156,25,35,118,0.897731,0.410336,0.379319,0.915531,0,0,0,0
157,23,35,119,0.897731,0.410336,0.379319,0.915531,0,0,0,0
158,21,35,120,0.897731,0.410336,0.379319,0.915531,0,0,0,0
159,19,35,121,0.897731,0.410336,0.379319,0.915531,0,0,0,0
160,17,35,122,0.897731,0.410336,0.410336,0.915531,0,0,1,0
161,15,35,123,0.897731,0.442093,0.412756,0.915531,0,1,0,0
162,13,35,124,0.897731,0.444559,0.439629,0.915531,0,0,1,0
163,29,36,124,0.897731,0.444559,0.469358,0.915531,0,0,1,0
164,27,36,125,0.897731,0.444559,0.524299,0.915531,0,0,1,0
165,29,37,125,0.897731,0.444559,0.556587,0.915531,0,0,1,0
166,27,37,126,0.897731,0.444559,0.559055,0.923691,0,0,0,1
167,29,38,126,0.897731,0.444559,0.559055,0.931764,0,0,0,1
168,27,38,127,0.897731,0.444559,0.559055,0.932400,0,0,0,0
169,29,39,127,0.897731,0.444559,0.559055,0.932400,0,0,0,0
170,27,39,128,0.907435,0.444559,0.559055,0.932400,1,0,0,0
171,25,39,129,0.908275,0.444559,0.559055,0.932400,0,0,0,0
172,29,40,129,0.908275,0.444559,0.559055,0.932400,0,0,0,0
173,27,40,130,0.908275,0.444559,0.559055,0.932400,0,0,0,0
174,25,40,131,0.908275,0.444559,0.559055,0.932400,0,0,0,0
175,23,40,132,0.908275,0.444559,0.559055,0.932400,0,0,0,0
176,21,40,133,0.908275,0.444559,0.559055,0.932400,0,0,0,0
177,19,40,134,0.908275,0.444559,0.559055,0.932400,0,0,0,0
178,17,40,135,0.908275,0.444559,0.559055,0.932400,0,0,0,0
179,15,40,136,0.908275,0.444559,0.559055,0.932400,0,0,0,0
180,13,40,137,0.908275,0.444559,0.559055,0.939039,0,0,0,1
181,11,40,138,0.908275,0.444559,0.588415,0.939612,0,0,1,0
182,29,41,138,0.908275,0.444559,0.617167,0.939612,0,0,1,0
183,27,41,139,0.908275,0.444559,0.619530,0.939612,0,0,0,0
184,29,42,139,0.908275,0.444559,0.619530,0.939612,0,0,0,0
185,27,42,140,0.908275,0.444559,0.619530,0.945585,0,0,0,1
186,25,42,141,0.908275,0.444559,0.619530,0.946100,0,0,0,0
187,29,43,141,0.908275,0.444559,0.619530,0.946100,0,0,0,0
188,27,43,142,0.908275,0.444559,0.619530,0.951464,0,0,0,1
189,25,43,143,0.917072,0.444559,0.619530,0.951926,1,0,0,0
190,29,44,143,0.925788,0.444559,0.619530,0.951926,1,0,0,0
191,27,44,144,0.926475,0.444559,0.619530,0.951926,0,0,0,0
192,29,45,144,0.926475,0.444559,0.619530,0.951926,0,0,0,0
193,27,45,145,0.926475,0.444559,0.619530,0.951926,0,0,0,0
194,25,45,146,0.926475,0.444559,0.619530,0.951926,0,0,0,0
195,23,45,147,0.926475,0.444559,0.619530,0.956738,0,0,0,1
196,21,45,148,0.926475,0.444559,0.619530,0.957152,0,0,0,0
197,19,45,149,0.933655,0.444559,0.619530,0.961462,1,0,0,1
198,17,45,150,0.934274,0.444559,0.619530,0.961832,0,0,0,0
199,29,46,150,0.934274,0.444559,0.619530,0.961832,0,0,0,0
200,27,46,151,0.934274,0.444559,0.619530,0.961832,0,0,0,0
201,25,46,152,0.934274,0.444559,0.619530,0.961832,0,0,0,0
202,23,46,153,0.934274,0.444559,0.619530,0.961832,0,0,0,0
203,21,46,154,0.940742,0.471849,0.619530,0.961832,1,1,0,0
204,19,46,155,0.941299,0.474341,0.619530,0.961832,0,0,0,0
205,29,47,155,0.941299,0.474341,0.619530,0.961832,0,0,0,0
206,27,47,156,0.941299,0.501815,0.619530,0.961832,0,1,0,0
207,25,47,157,0.941299,0.504315,0.619530,0.961832,0,0,0,0
208,29,48,157,0.941299,0.504315,0.619530,0.961832,0,0,0,0
209,27,48,158,0.941299,0.534267,0.619530,0.961832,0,1,0,0
210,25,48,159,0.941299,0.563983,0.619530,0.961832,0,1,0,0
211,29,49,159,0.941299,0.595667,0.619530,0.961832,0,1,0,0
212,27,49,160,0.941299,0.598076,0.619530,0.961832,0,0,0,0
213,29,50,160,0.941299,0.598076,0.619530,0.961832,0,0,0,0
214,27,50,161,0.941299,0.598076,0.619530,0.961832,0,0,0,0
215,25,50,162,0.941299,0.598076,0.619530,0.965689,0,0,0,1
216,23,50,163,0.941299,0.598076,0.619530,0.966020,0,0,0,0
217,29,51,163,0.941299,0.598076,0.619530,0.966020,0,0,0,0
218,27,51,164,0.941299,0.598076,0.619530,0.966020,0,0,0,0
219,25,51,165,0.941299,0.598076,0.619530,0.966020,0,0,0,0
220,23,51,166,0.941299,0.598076,0.619530,0.966020,0,0,0,0
221,21,51,167,0.941299,0.598076,0.619530,0.966020,0,0,0,0
222,19,51,168,0.941299,0.598076,0.619530,0.969467,0,0,0,1
223,17,51,169,0.941299,0.598076,0.619530,0.969763,0,0,0,0
224,29,52,169,0.941299,0.598076,0.619530,0.969763,0,0,0,0
225,27,52,170,0.941299,0.624238,0.619530,0.972841,0,1,0,1
226,25,52,171,0.941299,0.626584,0.619530,0.973105,0,0,0,0
227,29,53,171,0.941299,0.626584,0.619530,0.973105,0,0,0,0
228,27,53,172,0.941299,0.626584,0.619530,0.973105,0,0,0,0
229,25,53,173,0.941299,0.626584,0.619530,0.973105,0,0,0,0
230,23,53,174,0.947115,0.626584,0.619530,0.973105,1,0,0,0
231,21,53,175,0.947616,0.651977,0.619530,0.973105,0,1,0,0
232,29,54,175,0.947616,0.678730,0.619530,0.973105,0,1,0,0
233,27,54,176,0.947616,0.680910,0.619530,0.973105,0,0,0,0
234,29,55,176,0.947616,0.680910,0.619530,0.973105,0,0,0,0
235,27,55,177,0.947616,0.680910,0.619530,0.973105,0,0,0,0
236,25,55,178,0.947616,0.680910,0.649701,0.973105,0,0,1,0
237,23,55,179,0.947616,0.680910,0.651977,0.973105,0,0,0,0
238,29,56,179,0.947616,0.680910,0.651977,0.973105,0,0,0,0
239,27,56,180,0.947616,0.680910,0.651977,0.973105,0,0,0,0
240,25,56,181,0.947616,0.680910,0.676541,0.973105,0,0,1,0
241,23,56,182,0.947616,0.680910,0.704365,0.973105,0,0,1,0
242,29,57,182,0.947616,0.680910,0.728778,0.973105,0,0,1,0
243,27,57,183,0.947616,0.680910,0.730754,0.973105,0,0,0,0
244,29,58,183,0.947616,0.680910,0.730754,0.973105,0,0,0,0
245,27,58,184,0.947616,0.680910,0.730754,0.973105,0,0,0,0
246,25,58,185,0.947616,0.680910,0.730754,0.975851,0,0,0,1
247,23,58,186,0.947616,0.680910,0.730754,0.976087,0,0,0,0
248,29,59,186,0.947616,0.680910,0.730754,0.976087,0,0,0,0
249,27,59,187,0.947616,0.680910,0.730754,0.976087,0,0,0,0
250,25,59,188,0.947616,0.680910,0.730754,0.976087,0,0,0,0
251,23,59,189,0.952837,0.680910,0.730754,0.976087,1,0,0,0
252,21,59,190,0.953287,0.680910,0.730754,0.978535,0,0,0,1
253,19,59,191,0.957968,0.704365,0.730754,0.978745,1,1,0,0
254,17,59,192,0.958371,0.706447,0.751890,0.978745,0,0,1,0
255,29,60,192,0.958371,0.706447,0.773650,0.978745,0,0,1,0
256,27,60,193,0.958371,0.728778,0.775401,0.978745,0,1,0,0
257,25,60,194,0.958371,0.730754,0.775401,0.980927,0,0,0,1
258,29,61,194,0.958371,0.730754,0.775401,0.983057,0,0,0,1
259,27,61,195,0.958371,0.730754,0.775401,0.983224,0,0,0,0
260,29,62,195,0.958371,0.730754,0.775401,0.983224,0,0,0,0
261,27,62,196,0.958371,0.730754,0.794028,0.983224,0,0,1,0
262,25,62,197,0.958371,0.730754,0.813018,0.984953,0,0,1,1
263,23,62,198,0.958371,0.751890,0.814539,0.985101,0,1,0,0
264,29,63,198,0.958371,0.773650,0.814539,0.985101,0,1,0,0
265,27,63,199,0.958371,0.775401,0.814539,0.985101,0,0,0,0
266,29,64,199,0.958371,0.775401,0.814539,0.985101,0,0,0,0
267,27,64,200,0.958371,0.775401,0.814539,0.985101,0,0,0,0
268,25,64,201,0.958371,0.775401,0.814539,0.985101,0,0,0,0
269,23,64,202,0.958371,0.775401,0.814539,0.985101,0,0,0,0
270,21,64,203,0.963634,0.775401,0.814539,0.985101,1,0,0,0
271,19,64,204,0.963985,0.775401,0.814539,0.985101,0,0,0,0
272,29,65,204,0.963985,0.775401,0.814539,0.985101,0,0,0,0
273,27,65,205,0.963985,0.775401,0.814539,0.985101,0,0,0,0
274,25,65,206,0.963985,0.794028,0.814539,0.985101,0,1,0,0
275,23,65,207,0.963985,0.813018,0.814539,0.985101,0,1,0,0
276,29,66,207,0.963985,0.830635,0.814539,0.985101,0,1,0,0
277,27,66,208,0.963985,0.832041,0.814539,0.985101,0,0,0,0
278,25,66,209,0.963985,0.832041,0.814539,0.986639,0,0,0,1
279,23,66,210,0.963985,0.832041,0.814539,0.986771,0,0,0,0
280,29,67,210,0.963985,0.846906,0.814539,0.986771,0,1,0,0
281,27,67,211,0.963985,0.848203,0.814539,0.986771,0,0,0,0
282,29,68,211,0.963985,0.848203,0.814539,0.986771,0,0,0,0
283,27,68,212,0.963985,0.848203,0.814539,0.986771,0,0,0,0
284,25,68,213,0.963985,0.848203,0.830635,0.986771,0,0,1,0
285,23,68,214,0.963985,0.848203,0.832041,0.986771,0,0,0,0
286,29,69,214,0.963985,0.848203,0.832041,0.986771,0,0,0,0
287,27,69,215,0.963985,0.861877,0.846906,0.988139,0,1,1,1
288,25,69,216,0.963985,0.863067,0.861877,0.988256,0,0,1,0
289,29,70,216,0.963985,0.863067,0.875600,0.988256,0,0,1,0
290,27,70,217,0.963985,0.875600,0.888139,0.988256,0,1,1,0
291,29,71,217,0.963985,0.888139,0.899560,0.988256,0,1,1,0
292,27,71,218,0.963985,0.889132,0.900464,0.988256,0,0,0,0
293,29,72,218,0.963985,0.889132,0.900464,0.988256,0,0,0,0
294,27,72,219,0.963985,0.889132,0.900464,0.988256,0,0,0,0
295,25,72,220,0.963985,0.889132,0.900464,0.988256,0,0,0,0
296,23,72,221,0.963985,0.889132,0.900464,0.988256,0,0,0,0
297,21,72,222,0.963985,0.889132,0.900464,0.988256,0,0,0,0
298,19,72,223,0.963985,0.899560,0.900464,0.988256,0,1,0,0
299,17,72,224,0.963985,0.900464,0.900464,0.988256,0,0,0,0
300,29,73,224,0.963985,0.900464,0.900464,0.988256,0,0,0,0
301,27,73,225,0.967631,0.900464,0.909934,0.988256,1,0,1,0
302,25,73,226,0.967944,0.909934,0.910754,0.988256,0,1,0,0
303,29,74,226,0.967944,0.919334,0.910754,0.988256,0,1,0,0
304,27,74,227,0.967944,0.920076,0.910754,0.988256,0,0,0,0
305,29,75,227,0.967944,0.920076,0.910754,0.988256,0,0,0,0
306,27,75,228,0.971202,0.920076,0.910754,0.988256,1,0,0,0
307,25,75,229,0.971481,0.920076,0.910754,0.988256,0,0,0,0
308,29,76,229,0.971481,0.920076,0.910754,0.988256,0,0,0,0
309,27,76,230,0.971481,0.920076,0.910754,0.988256,0,0,0,0
310,25,76,231,0.971481,0.920076,0.910754,0.988256,0,0,0,0
311,23,76,232,0.971481,0.920076,0.910754,0.988256,0,0,0,0
312,21,76,233,0.971481,0.920076,0.910754,0.988256,0,0,0,0
313,19,76,234,0.971481,0.920076,0.910754,0.988256,0,0,0,0
314,17,76,235,0.971481,0.920076,0.910754,0.988256,0,0,0,0
315,15,76,236,0.971481,0.920076,0.910754,0.988256,0,0,0,0
316,13,76,237,0.971481,0.920076,0.910754,0.988256,0,0,0,0
317,11,76,238,0.971481,0.920076,0.910754,0.988256,0,0,0,0
318,9,76,239,0.971481,0.920076,0.910754,0.988256,0,0,0,0
319,7,76,240,0.971481,0.920076,0.910754,0.989472,0,0,0,1
320,5,76,241,0.971481,0.920076,0.910754,0.990657,0,0,0,1
321,3,76,242,0.971481,0.927831,0.910754,0.990750,0,1,0,0
322,29,77,242,0.971481,0.935497,0.910754,0.990750,0,1,0,0
323,27,77,243,0.971481,0.936100,0.910754,0.990750,0,0,0,0
324,29,78,243,0.971481,0.936100,0.910754,0.990750,0,0,0,0
325,27,78,244,0.971481,0.936100,0.910754,0.990750,0,0,0,0
326,25,78,245,0.971481,0.936100,0.910754,0.990750,0,0,0,0
327,23,78,246,0.971481,0.936100,0.910754,0.990750,0,0,0,0
328,21,78,247,0.971481,0.936100,0.910754,0.990750,0,0,0,0
329,19,78,248,0.971481,0.936100,0.910754,0.991710,0,0,0,1
330,17,78,249,0.971481,0.936100,0.910754,0.991792,0,0,0,0
331,29,79,249,0.971481,0.936100,0.910754,0.991792,0,0,0,0
332,27,79,250,0.971481,0.936100,0.910754,0.991792,0,0,0,0
333,25,79,251,0.971481,0.936100,0.910754,0.992645,0,0,0,1
334,23,79,252,0.971481,0.936100,0.910754,0.992718,0,0,0,0
335,29,80,252,0.971481,0.936100,0.910754,0.992718,0,0,0,0
336,27,80,253,0.971481,0.936100,0.910754,0.992718,0,0,0,0
337,25,80,254,0.971481,0.936100,0.910754,0.993475,0,0,0,1
338,23,80,255,0.971481,0.936100,0.910754,0.994212,0,0,0,1
339,21,80,256,0.971481,0.936100,0.919334,0.994269,0,0,1,0
340,29,81,256,0.971481,0.936100,0.927831,0.994269,0,0,1,0
341,27,81,257,0.971481,0.936100,0.928501,0.994269,0,0,0,0
342,29,82,257,0.971481,0.936100,0.928501,0.994269,0,0,0,0
343,27,82,258,0.971481,0.936100,0.928501,0.994269,0,0,0,0
344,25,82,259,0.974389,0.936100,0.928501,0.994269,1,0,0,0
345,23,82,260,0.974639,0.936100,0.928501,0.994269,0,0,0,0
346,29,83,260,0.974639,0.936100,0.928501,0.994269,0,0,0,0
347,27,83,261,0.974639,0.936100,0.928501,0.994269,0,0,0,0
348,25,83,262,0.974639,0.936100,0.928501,0.994269,0,0,0,0
349,23,83,263,0.974639,0.936100,0.928501,0.994269,0,0,0,0
350,21,83,264,0.974639,0.936100,0.928501,0.994269,0,0,0,0
351,19,83,265,0.974639,0.936100,0.928501,0.994269,0,0,0,0
352,17,83,266,0.974639,0.936100,0.928501,0.994269,0,0,0,0
353,15,83,267,0.974639,0.936100,0.928501,0.994269,0,0,0,0
354,13,83,268,0.974639,0.936100,0.928501,0.994269,0,0,0,0
355,11,83,269,0.974639,0.936100,0.928501,0.994269,0,0,0,0
356,9,83,270,0.974639,0.936100,0.928501,0.994269,0,0,0,0
357,7,83,271,0.974639,0.936100,0.935497,0.994269,0,0,1,0
358,5,83,272,0.974639,0.936100,0.942399,0.994269,0,0,1,0
359,29,84,272,0.974639,0.936100,0.948604,0.994269,0,0,1,0
360,27,84,273,0.974639,0.936100,0.949092,0.994269,0,0,0,0
361,29,85,273,0.974639,0.936100,0.949092,0.994269,0,0,0,0
362,27,85,274,0.974639,0.936100,0.949092,0.994269,0,0,0,0
363,25,85,275,0.974639,0.936100,0.949092,0.994269,0,0,0,0
364,23,85,276,0.974639,0.936100,0.949092,0.994269,0,0,0,0
365,21,85,277,0.974639,0.936100,0.949092,0.994269,0,0,0,0
366,19,85,278,0.974639,0.936100,0.949092,0.994269,0,0,0,0
367,17,85,279,0.974639,0.936100,0.949092,0.994269,0,0,0,0
368,15,85,280,0.974639,0.936100,0.949092,0.994269,0,0,0,0
369,13,85,281,0.974639,0.936100,0.949092,0.994269,0,0,0,0
370,11,85,282,0.974639,0.936100,0.949092,0.994269,0,0,0,0
371,9,85,283,0.974639,0.936100,0.949092,0.994269,0,0,0,0
372,7,85,284,0.974639,0.936100,0.949092,0.994269,0,0,0,0
373,5,85,285,0.977232,0.936100,0.949092,0.994269,1,0,0,0
374,3,85,286,0.977454,0.936100,0.949092,0.994269,0,0,0,0
375,29,86,286,0.977454,0.936100,0.954173,0.994269,0,0,1,0
376,27,86,287,0.977454,0.936100,0.954611,0.994269,0,0,0,0
377,29,87,287,0.977454,0.936100,0.954611,0.994269,0,0,0,0
378,27,87,288,0.977454,0.936100,0.959165,0.994269,0,0,1,0
379,25,87,289,0.977454,0.936100,0.963634,0.994269,0,0,1,0
380,29,88,289,0.977454,0.936100,0.967631,0.994269,0,0,1,0
381,27,88,290,0.977454,0.936100,0.971202,0.994269,0,0,1,0
382,29,89,290,0.977454,0.936100,0.974389,0.994269,0,0,1,0
383,27,89,291,0.977454,0.936100,0.974639,0.994866,0,0,0,1
384,29,90,291,0.977454,0.936100,0.974639,0.995447,0,0,0,1
385,27,90,292,0.977454,0.936100,0.974639,0.995492,0,0,0,0
386,29,91,292,0.977454,0.936100,0.974639,0.995492,0,0,0,0
387,27,91,293,0.977454,0.936100,0.974639,0.995492,0,0,0,0
388,25,91,294,0.977454,0.936100,0.974639,0.995492,0,0,0,0
389,23,91,295,0.977454,0.936100,0.977232,0.995962,0,0,1,1
390,21,91,296,0.977454,0.936100,0.977454,0.996002,0,0,0,0
391,29,92,296,0.977454,0.936100,0.977454,0.996002,0,0,0,0
392,27,92,297,0.977454,0.936100,0.979766,0.996002,0,0,1,0
393,25,92,298,0.977454,0.936100,0.979964,0.996002,0,0,0,0
394,29,93,298,0.977454,0.936100,0.979964,0.996002,0,0,0,0
395,27,93,299,0.977454,0.936100,0.979964,0.996002,0,0,0,0
396,25,93,300,0.977454,0.936100,0.979964,0.996002,0,0,0,0
397,23,93,301,0.979766,0.936100,0.979964,0.996002,1,0,0,0
398,21,93,302,0.982023,0.936100,0.982023,0.996002,1,0,1,0
399,29,94,302,0.984033,0.936100,0.984033,0.996002,1,0,1,0
400,27,94,303,0.984190,0.936100,0.984190,0.996419,0,0,0,1
401,29,95,303,0.984190,0.936100,0.984190,0.996825,0,0,0,1
402,27,95,304,0.984190,0.936100,0.984190,0.996856,0,0,0,0
403,29,96,304,0.984190,0.936100,0.984190,0.996856,0,0,0,0
404,27,96,305,0.984190,0.936100,0.984190,0.996856,0,0,0,0
405,25,96,306,0.984190,0.936100,0.984190,0.997184,0,0,0,1
406,23,96,307,0.984190,0.936100,0.985821,0.997503,0,0,1,1
407,21,96,308,0.984190,0.936100,0.985960,0.997528,0,0,0,0
408,29,97,308,0.984190,0.936100,0.985960,0.997528,0,0,0,0
409,27,97,309,0.984190,0.936100,0.985960,0.997786,0,0,0,1
410,25,97,310,0.985821,0.936100,0.985960,0.997809,1,0,0,0
411,29,98,310,0.987411,0.936100,0.985960,0.997809,1,0,0,0
412,27,98,311,0.987535,0.936100,0.985960,0.997809,0,0,0,0
413,29,99,311,0.987535,0.936100,0.985960,0.997809,0,0,0,0
414,27,99,312,0.987535,0.936100,0.985960,0.997809,0,0,0,0
415,25,99,313,0.987535,0.936100,0.985960,0.997809,0,0,0,0
416,23,99,314,0.987535,0.936100,0.985960,0.997809,0,0,0,0
417,21,99,315,0.987535,0.942399,0.985960,0.997809,0,1,0,0
418,19,99,316,0.987535,0.942942,0.985960,0.997809,0,0,0,0
419,17,99,317,0.987535,0.942942,0.985960,0.997809,0,0,0,0
420,15,99,318,0.987535,0.942942,0.985960,0.997809,0,0,0,0
421,13,99,319,0.987535,0.942942,0.985960,0.997809,0,0,0,0
422,11,99,320,0.987535,0.948604,0.985960,0.997809,0,1,0,0
423,9,99,321,0.987535,0.949092,0.987411,0.997809,0,0,1,0
424,29,100,321,0.987535,0.949092,0.988825,0.997809,0,0,1,0
425,27,100,322,0.987535,0.949092,0.990082,0.997809,0,0,1,0
426,29,101,322,0.987535,0.949092,0.991373,0.997809,0,0,1,0
427,27,101,323,0.987535,0.949092,0.991458,0.998037,0,0,0,1
428,29,102,323,0.987535,0.949092,0.991458,0.998260,0,0,0,1
429,27,102,324,0.987535,0.949092,0.991458,0.998277,0,0,0,0
430,29,103,324,0.987535,0.949092,0.991458,0.998277,0,0,0,0
431,27,103,325,0.987535,0.949092,0.991458,0.998277,0,0,0,0
432,25,103,326,0.987535,0.949092,0.991458,0.998277,0,0,0,0
433,23,103,327,0.987535,0.949092,0.991458,0.998277,0,0,0,0
434,21,103,328,0.987535,0.949092,0.991458,0.998277,0,0,0,0
435,19,103,329,0.987535,0.954173,0.991458,0.998277,0,1,0,0
436,17,103,330,0.987535,0.954611,0.991458,0.998277,0,0,0,0
437,29,104,330,0.987535,0.954611,0.991458,0.998277,0,0,0,0
438,27,104,331,0.987535,0.954611,0.991458,0.998277,0,0,0,0
439,25,104,332,0.987535,0.954611,0.992345,0.998277,0,0,1,0
440,23,104,333,0.987535,0.954611,0.993209,0.998277,0,0,1,0
441,29,105,333,0.987535,0.954611,0.994154,0.998277,0,0,1,0
442,27,105,334,0.987535,0.954611,0.994814,0.998277,0,0,1,0
443,29,106,334,0.987535,0.954611,0.995401,0.998277,0,0,1,0
444,27,106,335,0.987535,0.954611,0.995447,0.998457,0,0,0,1
445,29,107,335,0.987535,0.954611,0.995447,0.998632,0,0,0,1
446,27,107,336,0.987535,0.954611,0.995447,0.998646,0,0,0,0
447,25,107,337,0.987535,0.954611,0.995921,0.998646,0,0,1,0
448,23,107,338,0.987535,0.954611,0.995962,0.998646,0,0,0,0
449,29,108,338,0.987535,0.954611,0.995962,0.998646,0,0,0,0
450,27,108,339,0.987535,0.954611,0.995962,0.998646,0,0,0,0
451,25,108,340,0.987535,0.954611,0.995962,0.998646,0,0,0,0
452,23,108,341,0.987535,0.954611,0.995962,0.998788,0,0,0,1
453,21,108,342,0.987535,0.954611,0.995962,0.998800,0,0,0,0
454,19,108,343,0.988825,0.954611,0.995962,0.998800,1,0,0,0
455,17,108,344,0.988936,0.954611,0.995962,0.998800,0,0,0,0
456,29,109,344,0.988936,0.954611,0.995962,0.998800,0,0,0,0
457,27,109,345,0.988936,0.954611,0.995962,0.998800,0,0,0,0
458,25,109,346,0.988936,0.954611,0.996383,0.998800,0,0,1,0
459,23,109,347,0.988936,0.954611,0.996793,0.998800,0,0,1,0
460,29,110,347,0.988936,0.954611,0.997156,0.998800,0,0,1,0
461,27,110,348,0.988936,0.954611,0.997478,0.998800,0,0,1,0
462,29,111,348,0.988936,0.954611,0.997764,0.998800,0,0,1,0
463,27,111,349,0.988936,0.954611,0.997786,0.998925,0,0,0,1
464,29,112,349,0.988936,0.954611,0.997786,0.999047,0,0,0,1
465,27,112,350,0.988936,0.954611,0.997786,0.999057,0,0,0,0
466,29,113,350,0.988936,0.954611,0.997786,0.999057,0,0,0,0
467,27,113,351,0.988936,0.954611,0.997786,0.999057,0,0,0,0
468,25,113,352,0.988936,0.954611,0.997786,0.999057,0,0,0,0
469,23,113,353,0.988936,0.954611,0.997786,0.999155,0,0,0,1
470,21,113,354,0.988936,0.954611,0.997786,0.999164,0,0,0,0
471,29,114,354,0.988936,0.954611,0.997786,0.999164,0,0,0,0
472,27,114,355,0.988936,0.954611,0.998018,0.999164,0,0,1,0
473,25,114,356,0.988936,0.954611,0.998037,0.999164,0,0,0,0
474,29,115,356,0.988936,0.954611,0.998037,0.999164,0,0,0,0
475,27,115,357,0.988936,0.954611,0.998037,0.999164,0,0,0,0
476,25,115,358,0.988936,0.954611,0.998037,0.999164,0,0,0,0
477,23,115,359,0.990082,0.954611,0.998037,0.999251,1,0,0,1
478,21,115,360,0.990180,0.954611,0.998037,0.999259,0,0,0,0
479,29,116,360,0.990180,0.954611,0.998037,0.999259,0,0,0,0
480,27,116,361,0.991199,0.954611,0.998037,0.999259,1,0,0,0
481,25,116,362,0.991286,0.954611,0.998037,0.999259,0,0,0,0
482,23,116,363,0.991286,0.959165,0.998037,0.999336,0,1,0,1
483,21,116,364,0.992191,0.959557,0.998037,0.999343,1,0,0,0
484,29,117,364,0.993072,0.959557,0.998037,0.999343,1,0,0,0
485,27,117,365,0.993141,0.959557,0.998037,0.999343,0,0,0,0
486,25,117,366,0.993141,0.959557,0.998037,0.999343,0,0,0,0
487,23,117,367,0.993141,0.959557,0.998037,0.999343,0,0,0,0
488,21,117,368,0.993141,0.959557,0.998037,0.999343,0,0,0,0
489,19,117,369,0.993141,0.963634,0.998037,0.999343,0,1,0,0
490,17,117,370,0.993141,0.963985,0.998037,0.999343,0,0,0,0
491,29,118,370,0.993141,0.963985,0.998037,0.999343,0,0,0,0
492,27,118,371,0.993854,0.963985,0.998037,0.999343,1,0,0,0
493,25,118,372,0.993915,0.967631,0.998037,0.999343,0,1,0,0
494,29,119,372,0.993915,0.971202,0.998037,0.999343,0,1,0,0
495,27,119,373,0.994549,0.971481,0.998037,0.999343,1,0,0,0
496,29,120,373,0.995165,0.971481,0.998037,0.999343,1,0,0,0
497,27,120,374,0.995712,0.971481,0.998037,0.999343,1,0,0,0
498,29,121,374,0.996197,0.971481,0.998037,0.999343,1,0,0,0
499,27,121,375,0.996235,0.971481,0.998037,0.999343,0,0,0,0
500,29,122,375,0.996235,0.971481,0.998037,0.999343,0,0,0,0
501,27,122,376,0.996628,0.971481,0.998037,0.999343,1,0,0,0
502,25,122,377,0.997010,0.971481,0.998037,0.999343,1,0,0,0
503,23,122,378,0.997040,0.971481,0.998242,0.999343,0,0,1,0
504,29,123,378,0.997040,0.971481,0.998442,0.999343,0,0,1,0
505,27,123,379,0.997040,0.971481,0.998457,0.999343,0,0,0,0
506,29,124,379,0.997040,0.971481,0.998457,0.999343,0,0,0,0
507,27,124,380,0.997040,0.971481,0.998457,0.999343,0,0,0,0
508,25,124,381,0.997040,0.974389,0.998457,0.999343,0,1,0,0
509,23,124,382,0.997040,0.974639,0.998457,0.999343,0,0,0,0
510,29,125,382,0.997040,0.974639,0.998457,0.999343,0,0,0,0
511,27,125,383,0.997040,0.974639,0.998457,0.999343,0,0,0,0
512,25,125,384,0.997040,0.974639,0.998457,0.999343,0,0,0,0
513,23,125,385,0.997040,0.974639,0.998457,0.999343,0,0,0,0
514,21,125,386,0.997040,0.974639,0.998457,0.999412,0,0,0,1
515,19,125,387,0.997040,0.974639,0.998457,0.999478,0,0,0,1
516,17,125,388,0.997349,0.974639,0.998619,0.999484,1,0,1,0
517,29,126,388,0.997649,0.974639,0.998775,0.999484,1,0,1,0
518,27,126,389,0.997673,0.974639,0.998788,0.999484,0,0,0,0
519,29,127,389,0.997673,0.974639,0.998788,0.999484,0,0,0,0
520,27,127,390,0.997673,0.974639,0.998914,0.999484,0,0,1,0
521,25,127,391,0.997673,0.974639,0.998925,0.999538,0,0,0,1
522,23,127,392,0.997673,0.977232,0.998925,0.999542,0,1,0,0
523,21,127,393,0.997673,0.977454,0.998925,0.999590,0,0,0,1
524,29,128,393,0.997673,0.977454,0.998925,0.999637,0,0,0,1
525,27,128,394,0.997673,0.977454,0.998925,0.999640,0,0,0,0
526,29,129,394,0.997673,0.977454,0.998925,0.999640,0,0,0,0
527,27,129,395,0.997673,0.977454,0.998925,0.999640,0,0,0,0
528,25,129,396,0.997673,0.977454,0.998925,0.999640,0,0,0,0
529,23,129,397,0.997673,0.977454,0.998925,0.999640,0,0,0,0
530,21,129,398,0.997673,0.977454,0.998925,0.999640,0,0,0,0
531,19,129,399,0.997916,0.977454,0.998925,0.999640,1,0,0,0
532,17,129,400,0.997936,0.977454,0.998925,0.999640,0,0,0,0
533,29,130,400,0.998152,0.977454,0.998925,0.999640,1,0,0,0
534,27,130,401,0.998171,0.977454,0.998925,0.999640,0,0,0,0
535,29,131,401,0.998171,0.977454,0.998925,0.999640,0,0,0,0
536,27,131,402,0.998171,0.977454,0.998925,0.999640,0,0,0,0
537,25,131,403,0.998171,0.977454,0.998925,0.999640,0,0,0,0
538,23,131,404,0.998171,0.977454,0.998925,0.999640,0,0,0,0
539,21,131,405,0.998171,0.977454,0.998925,0.999640,0,0,0,0
540,19,131,406,0.998171,0.977454,0.999038,0.999640,0,0,1,0
541,17,131,407,0.998171,0.977454,0.999047,0.999678,0,0,0,1
542,29,132,407,0.998171,0.977454,0.999047,0.999715,0,0,0,1
543,27,132,408,0.998171,0.977454,0.999047,0.999717,0,0,0,0
544,25,132,409,0.998171,0.977454,0.999047,0.999747,0,0,0,1
545,23,132,410,0.998171,0.977454,0.999047,0.999750,0,0,0,0
546,29,133,410,0.998171,0.977454,0.999047,0.999750,0,0,0,0
547,27,133,411,0.998171,0.979766,0.999047,0.999750,0,1,0,0
548,25,133,412,0.998171,0.979964,0.999047,0.999750,0,0,0,0
549,29,134,412,0.998362,0.979964,0.999047,0.999750,1,0,0,0
550,27,134,413,0.998378,0.979964,0.999047,0.999750,0,0,0,0
551,29,135,413,0.998378,0.979964,0.999047,0.999750,0,0,0,0
552,27,135,414,0.998548,0.979964,0.999047,0.999750,1,0,0,0
553,25,135,415,0.998712,0.979964,0.999047,0.999750,1,0,0,0
554,29,136,415,0.998858,0.979964,0.999047,0.999750,1,0,0,0
555,27,136,416,0.998870,0.979964,0.999047,0.999750,0,0,0,0
556,29,137,416,0.998870,0.979964,0.999047,0.999750,0,0,0,0
557,27,137,417,0.998870,0.979964,0.999047,0.999776,0,0,0,1
558,25,137,418,0.998870,0.979964,0.999047,0.999778,0,0,0,0
559,29,138,418,0.998870,0.979964,0.999047,0.999778,0,0,0,0
560,27,138,419,0.998870,0.979964,0.999047,0.999778,0,0,0,0
561,25,138,420,0.998870,0.979964,0.999047,0.999778,0,0,0,0
562,23,138,421,0.998870,0.979964,0.999047,0.999778,0,0,0,0
563,21,138,422,0.998870,0.979964,0.999047,0.999778,0,0,0,0
564,19,138,423,0.998870,0.979964,0.999047,0.999778,0,0,0,0
565,17,138,424,0.998870,0.979964,0.999047,0.999778,0,0,0,0
566,15,138,425,0.998870,0.979964,0.999047,0.999778,0,0,0,0
567,13,138,426,0.998870,0.979964,0.999147,0.999778,0,0,1,0
568,11,138,427,0.998870,0.979964,0.999155,0.999778,0,0,0,0
569,29,139,427,0.998870,0.979964,0.999155,0.999778,0,0,0,0
570,27,139,428,0.998870,0.979964,0.999155,0.999778,0,0,0,0
571,25,139,429,0.998988,0.979964,0.999155,0.999778,1,0,0,0
572,23,139,430,0.999103,0.979964,0.999155,0.999778,1,0,0,0
573,29,140,430,0.999205,0.979964,0.999155,0.999778,1,0,0,0
574,27,140,431,0.999295,0.982023,0.999155,0.999778,1,1,0,0
575,25,140,432,0.999302,0.982200,0.999155,0.999801,0,0,0,1
576,29,141,432,0.999302,0.982200,0.999155,0.999824,0,0,0,1
577,27,141,433,0.999375,0.982200,0.999155,0.999826,1,0,0,0
578,29,142,433,0.999446,0.982200,0.999155,0.999826,1,0,0,0
579,27,142,434,0.999452,0.982200,0.999155,0.999826,0,0,0,0
580,29,143,434,0.999452,0.982200,0.999155,0.999826,0,0,0,0
581,27,143,435,0.999509,0.984033,0.999155,0.999826,1,1,0,0
582,25,143,436,0.999514,0.984190,0.999155,0.999826,0,0,0,0
583,29,144,436,0.999514,0.984190,0.999155,0.999826,0,0,0,0
584,27,144,437,0.999565,0.984190,0.999155,0.999826,1,0,0,0
585,25,144,438,0.999569,0.984190,0.999155,0.999826,0,0,0,0
586,29,145,438,0.999569,0.984190,0.999155,0.999826,0,0,0,0
587,27,145,439,0.999569,0.984190,0.999155,0.999826,0,0,0,0
588,25,145,440,0.999569,0.985821,0.999244,0.999826,0,1,1,0
589,23,145,441,0.999569,0.985960,0.999251,0.999844,0,0,0,1
590,29,146,441,0.999569,0.985960,0.999251,0.999862,0,0,0,1
591,27,146,442,0.999569,0.985960,0.999251,0.999863,0,0,0,0
592,29,147,442,0.999569,0.985960,0.999251,0.999863,0,0,0,0
593,27,147,443,0.999569,0.985960,0.999251,0.999863,0,0,0,0
594,25,147,444,0.999569,0.985960,0.999251,0.999863,0,0,0,0
595,23,147,445,0.999569,0.985960,0.999251,0.999863,0,0,0,0
596,21,147,446,0.999569,0.985960,0.999251,0.999863,0,0,0,0
597,19,147,447,0.999569,0.985960,0.999251,0.999863,0,0,0,0
598,17,147,448,0.999569,0.987411,0.999251,0.999863,0,1,0,0
599,15,147,449,0.999569,0.987535,0.999251,0.999863,0,0,0,0
600,13,147,450,0.999614,0.987535,0.999251,0.999863,1,0,0,0
601,11,147,451,0.999618,0.987535,0.999251,0.999863,0,0,0,0
602,29,148,451,0.999618,0.987535,0.999251,0.999863,0,0,0,0
603,27,148,452,0.999618,0.987535,0.999251,0.999863,0,0,0,0
604,25,148,453,0.999618,0.987535,0.999251,0.999863,0,0,0,0
605,29,149,453,0.999618,0.987535,0.999251,0.999863,0,0,0,0
606,27,149,454,0.999618,0.987535,0.999251,0.999863,0,0,0,0
607,25,149,455,0.999618,0.987535,0.999251,0.999863,0,0,0,0
608,23,149,456,0.999618,0.987535,0.999251,0.999863,0,0,0,0
609,21,149,457,0.999618,0.987535,0.999251,0.999863,0,0,0,0
610,19,149,458,0.999618,0.987535,0.999251,0.999863,0,0,0,0
611,17,149,459,0.999618,0.987535,0.999251,0.999877,0,0,0,1
612,15,149,460,0.999618,0.987535,0.999251,0.999878,0,0,0,0
613,29,150,460,0.999618,0.987535,0.999251,0.999878,0,0,0,0
614,27,150,461,0.999618,0.987535,0.999251,0.999878,0,0,0,0
615,25,150,462,0.999618,0.987535,0.999251,0.999878,0,0,0,0
616,23,150,463,0.999618,0.987535,0.999251,0.999878,0,0,0,0
617,21,150,464,0.999618,0.987535,0.999251,0.999878,0,0,0,0
618,19,150,465,0.999618,0.987535,0.999251,0.999878,0,0,0,0
619,17,150,466,0.999618,0.987535,0.999251,0.999878,0,0,0,0
620,15,150,467,0.999658,0.987535,0.999251,0.999878,1,0,0,0
621,13,150,468,0.999697,0.987535,0.999251,0.999878,1,0,0,0
622,11,150,469,0.999731,0.988825,0.999330,0.999878,1,1,1,0
623,29,151,469,0.999762,0.990082,0.999406,0.999878,1,1,1,0
624,27,151,470,0.999764,0.990180,0.999412,0.999878,0,0,0,0
625,29,152,470,0.999764,0.990180,0.999412,0.999878,0,0,0,0
626,27,152,471,0.999789,0.990180,0.999473,0.999878,1,0,1,0
627,25,152,472,0.999791,0.990180,0.999478,0.999878,0,0,0,0
628,29,153,472,0.999791,0.990180,0.999478,0.999878,0,0,0,0
629,27,153,473,0.999791,0.991199,0.999478,0.999878,0,1,0,0
630,25,153,474,0.999791,0.991286,0.999478,0.999878,0,0,0,0
631,29,154,474,0.999791,0.991286,0.999478,0.999878,0,0,0,0
632,27,154,475,0.999791,0.992191,0.999533,0.999878,0,1,1,0
633,25,154,476,0.999791,0.992269,0.999538,0.999878,0,0,0,0
634,29,155,476,0.999791,0.992269,0.999538,0.999878,0,0,0,0
635,27,155,477,0.999791,0.992269,0.999538,0.999878,0,0,0,0
636,25,155,478,0.999791,0.992269,0.999538,0.999878,0,0,0,0
637,23,155,479,0.999815,0.992269,0.999538,0.999878,1,0,0,0
638,21,155,480,0.999817,0.992269,0.999538,0.999878,0,0,0,0
639,29,156,480,0.999817,0.992269,0.999538,0.999878,0,0,0,0
640,27,156,481,0.999817,0.992269,0.999538,0.999878,0,0,0,0
641,25,156,482,0.999817,0.992269,0.999538,0.999878,0,0,0,0
642,23,156,483,0.999817,0.992269,0.999538,0.999878,0,0,0,0
643,21,156,484,0.999836,0.992269,0.999538,0.999891,1,0,0,1
644,19,156,485,0.999837,0.992269,0.999538,0.999904,0,0,0,1
645,29,157,485,0.999837,0.992269,0.999538,0.999915,0,0,0,1
646,27,157,486,0.999837,0.993072,0.999538,0.999915,0,1,0,0
647,25,157,487,0.999854,0.993854,0.999538,0.999915,1,1,0,0
648,29,158,487,0.999871,0.994549,0.999538,0.999915,1,1,0,0
649,27,158,488,0.999872,0.994603,0.999538,0.999915,0,0,0,0
650,29,159,488,0.999872,0.994603,0.999538,0.999915,0,0,0,0
651,27,159,489,0.999886,0.995165,0.999586,0.999915,1,1,1,0
652,25,159,490,0.999887,0.995213,0.999590,0.999915,0,0,0,0
653,29,160,490,0.999887,0.995213,0.999590,0.999915,0,0,0,0
654,27,160,491,0.999887,0.995213,0.999590,0.999915,0,0,0,0
655,25,160,492,0.999887,0.995213,0.999590,0.999915,0,0,0,0
656,23,160,493,0.999887,0.995213,0.999590,0.999924,0,0,0,1
657,21,160,494,0.999887,0.995213,0.999590,0.999925,0,0,0,0
658,29,161,494,0.999887,0.995213,0.999590,0.999925,0,0,0,0
659,27,161,495,0.999887,0.995213,0.999590,0.999925,0,0,0,0
660,25,161,496,0.999887,0.995213,0.999590,0.999933,0,0,0,1
661,23,161,497,0.999887,0.995213,0.999590,0.999940,0,0,0,1
662,29,162,497,0.999887,0.995213,0.999590,0.999947,0,0,0,1
663,27,162,498,0.999887,0.995213,0.999590,0.999948,0,0,0,0
664,25,162,499,0.999899,0.995213,0.999590,0.999953,1,0,0,1
665,23,162,500,0.999900,0.995213,0.999590,0.999954,0,0,0,0
666,29,163,500,0.999900,0.995213,0.999590,0.999954,0,0,0,0
667,27,163,501,0.999910,0.995213,0.999633,0.999954,1,0,1,0
668,25,163,502,0.999920,0.995213,0.999637,0.999954,1,0,0,0
669,29,164,502,0.999929,0.995213,0.999637,0.999954,1,0,0,0
670,27,164,503,0.999930,0.995213,0.999637,0.999959,0,0,0,1
671,29,165,503,0.999930,0.995213,0.999637,0.999963,0,0,0,1
672,27,165,504,0.999930,0.995213,0.999637,0.999967,0,0,0,1
673,29,166,504,0.999930,0.995213,0.999637,0.999971,0,0,0,1
674,27,166,505,0.999937,0.995213,0.999637,0.999971,1,0,0,0
675,29,167,505,0.999945,0.995213,0.999637,0.999971,1,0,0,0
676,27,167,506,0.999945,0.995213,0.999637,0.999971,0,0,0,0
677,29,168,506,0.999945,0.995213,0.999637,0.999971,0,0,0,0
678,27,168,507,0.999945,0.995213,0.999637,0.999974,0,0,0,1
679,25,168,508,0.999945,0.995213,0.999637,0.999977,0,0,0,1
680,23,168,509,0.999945,0.995213,0.999675,0.999978,0,0,1,0
681,29,169,509,0.999945,0.995213,0.999712,0.999978,0,0,1,0
682,27,169,510,0.999951,0.995213,0.999715,0.999980,1,0,0,1
683,25,169,511,0.999956,0.995213,0.999715,0.999980,1,0,0,0
684,29,170,511,0.999961,0.995213,0.999715,0.999980,1,0,0,0
685,27,170,512,0.999966,0.995213,0.999715,0.999980,1,0,0,0
686,29,171,512,0.999970,0.995213,0.999715,0.999980,1,0,0,0
687,27,171,513,0.999970,0.995213,0.999715,0.999982,0,0,0,1
688,25,171,514,0.999970,0.995712,0.999715,0.999982,0,1,0,0
689,29,172,514,0.999970,0.996197,0.999715,0.999982,0,1,0,0
690,27,172,515,0.999970,0.996235,0.999715,0.999982,0,0,0,0
691,29,173,515,0.999970,0.996235,0.999715,0.999982,0,0,0,0
692,27,173,516,0.999970,0.996628,0.999715,0.999982,0,1,0,0
693,25,173,517,0.999970,0.996661,0.999715,0.999982,0,0,0,0
694,29,174,517,0.999970,0.996661,0.999715,0.999982,0,0,0,0
695,27,174,518,0.999970,0.996661,0.999715,0.999982,0,0,0,0
696,25,174,519,0.999970,0.996661,0.999715,0.999982,0,0,0,0
697,23,174,520,0.999970,0.996661,0.999715,0.999982,0,0,0,0
698,21,174,521,0.999970,0.996661,0.999715,0.999982,0,0,0,0
699,19,174,522,0.999970,0.996661,0.999715,0.999982,0,0,0,0
700,17,174,523,0.999973,0.996661,0.999715,0.999982,1,0,0,0
701,15,174,524,0.999976,0.996661,0.999715,0.999982,1,0,0,0
702,29,175,524,0.999979,0.996661,0.999715,0.999982,1,0,0,0
703,27,175,525,0.999979,0.996661,0.999715,0.999984,0,0,0,1
704,29,176,525,0.999979,0.996661,0.999715,0.999986,0,0,0,1
705,27,176,526,0.999981,0.996661,0.999715,0.999986,1,0,0,0
706,29,177,526,0.999983,0.996661,0.999715,0.999986,1,0,0,0
707,27,177,527,0.999985,0.996661,0.999715,0.999988,1,0,0,1
708,29,178,527,0.999987,0.996661,0.999715,0.999989,1,0,0,1
709,27,178,528,0.999987,0.996661,0.999715,0.999989,0,0,0,0
710,29,179,528,0.999987,0.996661,0.999715,0.999989,0,0,0,0
711,27,179,529,0.999987,0.996661,0.999715,0.999989,0,0,0,0
712,25,179,530,0.999987,0.996661,0.999744,0.999989,0,0,1,0
713,23,179,531,0.999987,0.996661,0.999747,0.999989,0,0,0,0
714,29,180,531,0.999987,0.996661,0.999747,0.999989,0,0,0,0
715,27,180,532,0.999987,0.996661,0.999747,0.999989,0,0,0,0
716,25,180,533,0.999987,0.997010,0.999747,0.999989,0,1,0,0
717,23,180,534,0.999987,0.997040,0.999747,0.999989,0,0,0,0
718,29,181,534,0.999988,0.997040,0.999747,0.999989,1,0,0,0
719,27,181,535,0.999989,0.997040,0.999747,0.999989,0,0,0,0
720,29,182,535,0.999989,0.997040,0.999747,0.999990,0,0,0,1
721,27,182,536,0.999989,0.997040,0.999747,0.999990,0,0,0,0
722,29,183,536,0.999990,0.997040,0.999747,0.999990,1,0,0,0
723,27,183,537,0.999991,0.997040,0.999747,0.999990,1,0,0,0
724,29,184,537,0.999992,0.997040,0.999747,0.999991,1,0,0,1
725,27,184,538,0.999992,0.997349,0.999747,0.999991,0,1,0,0
726,29,185,538,0.999992,0.997649,0.999747,0.999991,0,1,0,0
727,27,185,539,0.999993,0.997673,0.999747,0.999991,1,0,0,0
728,25,185,540,0.999993,0.997673,0.999773,0.999991,0,0,1,0
729,23,185,541,0.999994,0.997673,0.999776,0.999991,1,0,0,0
730,29,186,541,0.999994,0.997673,0.999776,0.999991,1,0,0,0
731,27,186,542,0.999994,0.997673,0.999776,0.999991,0,0,0,0
732,29,187,542,0.999994,0.997673,0.999776,0.999991,0,0,0,0
733,27,187,543,0.999994,0.997673,0.999776,0.999991,0,0,0,0
734,25,187,544,0.999994,0.997916,0.999799,0.999991,0,1,1,0
735,23,187,545,0.999994,0.997936,0.999801,0.999991,0,0,0,0
736,29,188,545,0.999994,0.997936,0.999801,0.999991,0,0,0,0
737,27,188,546,0.999994,0.997936,0.999822,0.999991,0,0,1,0
738,25,188,547,0.999994,0.997936,0.999842,0.999992,0,0,1,1
739,29,189,547,0.999994,0.997936,0.999860,0.999993,0,0,1,1
740,27,189,548,0.999995,0.997936,0.999862,0.999993,1,0,0,0
741,29,190,548,0.999996,0.997936,0.999862,0.999993,1,0,0,0
742,27,190,549,0.999996,0.997936,0.999862,0.999994,1,0,0,1
743,29,191,549,0.999997,0.997936,0.999862,0.999995,1,0,0,1
744,27,191,550,0.999997,0.998152,0.999862,0.999995,0,1,0,0
745,29,192,550,0.999997,0.998362,0.999862,0.999995,0,1,0,0
746,27,192,551,0.999997,0.998378,0.999862,0.999995,1,0,0,0
747,29,193,551,0.999997,0.998378,0.999862,0.999995,1,0,0,0
748,27,193,552,0.999997,0.998378,0.999862,0.999995,0,0,0,0
749,29,194,552,0.999997,0.998378,0.999862,0.999995,0,0,0,0
750,27,194,553,0.999998,0.998378,0.999862,0.999995,1,0,0,0
751,25,194,554,0.999998,0.998378,0.999862,0.999995,1,0,0,1
752,29,195,554,0.999998,0.998378,0.999862,0.999996,1,0,0,1
753,27,195,555,0.999998,0.998378,0.999862,0.999996,0,0,0,0
754,29,196,555,0.999998,0.998378,0.999862,0.999996,0,0,0,0
755,27,196,556,0.999998,0.998378,0.999862,0.999996,0,0,0,0
756,25,196,557,0.999998,0.998378,0.999862,0.999996,0,0,0,1
757,23,196,558,0.999998,0.998378,0.999862,0.999996,0,0,0,0
758,29,197,558,0.999998,0.998378,0.999862,0.999996,0,0,0,0
759,27,197,559,0.999998,0.998378,0.999862,0.999997,0,0,0,1
760,25,197,560,0.999998,0.998378,0.999862,0.999997,1,0,0,0
761,29,198,560,0.999999,0.998378,0.999862,0.999997,1,0,0,0
762,27,198,561,0.999999,0.998378,0.999862,0.999997,0,0,0,0
763,29,199,561,0.999999,0.998378,0.999862,0.999997,0,0,0,0
764,27,199,562,0.999999,0.998378,0.999862,0.999997,0,0,0,1
765,25,199,563,0.999999,0.998378,0.999862,0.999997,1,0,0,0
766,29,200,563,0.999999,0.998378,0.999862,0.999997,1,0,0,0
767,27,200,564,0.999999,0.998378,0.999862,0.999997,0,0,0,0
768,29,201,564,0.999999,0.998378,0.999862,0.999997,0,0,0,0
769,27,201,565,0.999999,0.998378,0.999862,0.999997,0,0,0,0
770,25,201,566,0.999999,0.998378,0.999862,0.999997,0,0,0,0
771,23,201,567,0.999999,0.998378,0.999862,0.999997,0,0,0,0
772,21,201,568,0.999999,0.998378,0.999862,0.999997,0,0,0,0
773,19,201,569,0.999999,0.998378,0.999862,0.999997,0,0,0,0
774,17,201,570,0.999999,0.998378,0.999862,0.999997,0,0,0,0
775,15,201,571,0.999999,0.998378,0.999862,0.999997,0,0,0,0
776,13,201,572,0.999999,0.998378,0.999862,0.999997,0,0,0,0
777,11,201,573,0.999999,0.998378,0.999862,0.999997,0,0,0,0
778,9,201,574,0.999999,0.998378,0.999876,0.999997,0,0,1,0
779,7,201,575,0.999999,0.998378,0.999890,0.999997,0,0,1,0
780,29,202,575,0.999999,0.998378,0.999903,0.999997,0,0,1,0
781,27,202,576,0.999999,0.998378,0.999904,0.999997,0,0,0,0
782,29,203,576,0.999999,0.998378,0.999904,0.999997,0,0,0,0
783,27,203,577,0.999999,0.998378,0.999914,0.999997,0,0,1,0
784,25,203,578,0.999999,0.998378,0.999915,0.999997,0,0,0,0
785,23,203,579,0.999999,0.998378,0.999915,0.999997,1,0,0,0
786,21,203,580,0.999999,0.998378,0.999915,0.999997,0,0,0,0
787,29,204,580,0.999999,0.998378,0.999915,0.999997,0,0,0,0
788,27,204,581,0.999999,0.998378,0.999915,0.999997,0,0,0,0
789,25,204,582,0.999999,0.998378,0.999915,0.999997,0,0,0,0
790,23,204,583,0.999999,0.998378,0.999915,0.999997,0,0,0,0
791,21,204,584,0.999999,0.998378,0.999915,0.999997,0,0,0,0
792,19,204,585,0.999999,0.998378,0.999915,0.999997,0,0,0,0
793,17,204,586,0.999999,0.998548,0.999923,0.999997,0,1,1,0
794,15,204,587,0.999999,0.998712,0.999924,0.999997,0,1,0,0
795,29,205,587,0.999999,0.998858,0.999924,0.999997,0,1,0,0
796,27,205,588,0.999999,0.998870,0.999924,0.999997,1,0,0,0
797,29,206,588,0.999999,0.998870,0.999924,0.999997,1,0,0,0
798,27,206,589,0.999999,0.998870,0.999924,0.999997,0,0,0,0
799,29,207,589,0.999999,0.998870,0.999924,0.999997,0,0,0,0
800,27,207,590,0.999999,0.998870,0.999924,0.999997,0,0,0,0
801,25,207,591,0.999999,0.998870,0.999924,0.999997,0,0,0,0
802,23,207,592,0.999999,0.998870,0.999924,0.999997,0,0,0,0
803,21,207,593,0.999999,0.998870,0.999924,0.999997,0,0,0,0
804,19,207,594,0.999999,0.998870,0.999924,0.999997,0,0,0,0
805,17,207,595,0.999999,0.998870,0.999924,0.999997,0,0,0,0
806,15,207,596,0.999999,0.998870,0.999924,0.999997,1,0,0,0
807,13,207,597,0.999999,0.998870,0.999924,0.999997,1,0,0,0
808,29,208,597,0.999999,0.998870,0.999924,0.999997,1,0,0,0
809,27,208,598,0.999999,0.998870,0.999924,0.999997,1,0,0,0
810,29,209,598,1.000000,0.998870,0.999924,0.999997,1,0,0,0
811,27,209,599,1.000000,0.998870,0.999924,0.999997,0,0,0,0
812,29,210,599,1.000000,0.998870,0.999924,0.999997,0,0,0,0
813,27,210,600,1.000000,0.998988,0.999924,0.999997,0,1,0,0
814,25,210,601,1.000000,0.998998,0.999932,0.999997,1,0,1,0
815,29,211,601,1.000000,0.998998,0.999940,0.999997,1,0,1,0
816,27,211,602,1.000000,0.998998,0.999940,0.999997,0,0,0,0
817,29,212,602,1.000000,0.998998,0.999940,0.999997,0,0,0,0
818,27,212,603,1.000000,0.998998,0.999940,0.999997,0,0,0,0
819,25,212,604,1.000000,0.998998,0.999940,0.999997,0,0,0,0
820,23,212,605,1.000000,0.998998,0.999940,0.999997,0,0,0,0
821,21,212,606,1.000000,0.998998,0.999940,0.999997,0,0,0,0
822,19,212,607,1.000000,0.998998,0.999940,0.999997,0,0,0,0
823,29,213,607,1.000000,0.998998,0.999940,0.999997,0,0,0,0
824,27,213,608,1.000000,0.998998,0.999940,0.999997,0,0,0,0
825,29,214,608,1.000000,0.998998,0.999940,0.999997,0,0,0,0
826,27,214,609,1.000000,0.998998,0.999940,0.999997,0,0,0,0
827,25,214,610,1.000000,0.998998,0.999940,0.999997,0,0,0,0
828,23,214,611,1.000000,0.998998,0.999940,0.999997,0,0,0,0
829,21,214,612,1.000000,0.998998,0.999940,0.999997,1,0,0,0
830,19,214,613,1.000000,0.998998,0.999940,0.999997,0,0,0,0
831,29,215,613,1.000000,0.998998,0.999940,0.999997,0,0,0,0
832,27,215,614,1.000000,0.998998,0.999940,0.999997,1,0,0,0
833,25,215,615,1.000000,0.998998,0.999940,0.999997,0,0,0,0
834,29,216,615,1.000000,0.998998,0.999940,0.999997,0,0,0,0
835,27,216,616,1.000000,0.998998,0.999940,0.999997,0,0,0,0
836,25,216,617,1.000000,0.998998,0.999940,0.999997,0,0,0,0
837,23,216,618,1.000000,0.999103,0.999940,0.999997,0,1,0,0
838,21,216,619,1.000000,0.999112,0.999947,0.999997,1,0,1,0
839,29,217,619,1.000000,0.999112,0.999953,0.999997,1,0,1,0
840,27,217,620,1.000000,0.999112,0.999953,0.999997,0,0,0,0
841,29,218,620,1.000000,0.999112,0.999953,0.999997,0,0,0,0
842,27,218,621,1.000000,0.999112,0.999953,0.999997,0,0,0,0
843,25,218,622,1.000000,0.999205,0.999953,0.999997,0,1,0,0
844,23,218,623,1.000000,0.999213,0.999953,0.999997,0,0,0,0
845,21,218,624,1.000000,0.999295,0.999958,0.999997,0,1,1,0
846,19,218,625,1.000000,0.999375,0.999959,0.999997,0,1,0,0
847,29,219,625,1.000000,0.999446,0.999959,0.999997,0,1,0,0
848,27,219,626,1.000000,0.999452,0.999959,0.999997,1,0,0,0
849,29,220,626,1.000000,0.999452,0.999959,0.999997,1,0,0,0
850,27,220,627,1.000000,0.999452,0.999959,0.999997,0,0,0,0
851,29,221,627,1.000000,0.999452,0.999959,0.999997,0,0,0,0
852,27,221,628,1.000000,0.999452,0.999959,0.999997,0,0,0,0
853,25,221,629,1.000000,0.999452,0.999959,0.999997,0,0,0,0
854,23,221,630,1.000000,0.999452,0.999959,0.999997,0,0,0,0
855,21,221,631,1.000000,0.999509,0.999959,0.999997,0,1,0,0
856,19,221,632,1.000000,0.999514,0.999963,0.999997,0,0,1,0
857,29,222,632,1.000000,0.999514,0.999967,0.999997,0,0,1,0
858,27,222,633,1.000000,0.999514,0.999967,0.999997,0,0,0,0
859,29,223,633,1.000000,0.999514,0.999967,0.999997,0,0,0,0
860,27,223,634,1.000000,0.999565,0.999967,0.999997,0,1,0,0
861,25,223,635,1.000000,0.999569,0.999967,0.999997,0,0,0,0
862,29,224,635,1.000000,0.999569,0.999967,0.999997,0,0,0,0
863,27,224,636,1.000000,0.999569,0.999967,0.999997,0,0,0,0
864,25,224,637,1.000000,0.999569,0.999967,0.999997,0,0,0,0
865,23,224,638,1.000000,0.999569,0.999967,0.999997,0,0,0,0
866,21,224,639,1.000000,0.999569,0.999967,0.999997,0,0,0,1
867,19,224,640,1.000000,0.999569,0.999967,0.999998,1,0,0,1
868,17,224,641,1.000000,0.999614,0.999967,0.999998,0,1,0,0
869,29,225,641,1.000000,0.999658,0.999967,0.999998,0,1,0,0
870,27,225,642,1.000000,0.999661,0.999967,0.999998,1,0,0,0
871,29,226,642,1.000000,0.999661,0.999967,0.999998,1,0,0,0
872,27,226,643,1.000000,0.999661,0.999967,0.999998,0,0,0,0
873,29,227,643,1.000000,0.999661,0.999967,0.999998,0,0,0,0
874,27,227,644,1.000000,0.999661,0.999967,0.999998,0,0,0,0
875,25,227,645,1.000000,0.999661,0.999967,0.999998,0,0,0,0
876,23,227,646,1.000000,0.999661,0.999967,0.999998,0,0,0,0
877,21,227,647,1.000000,0.999661,0.999967,0.999998,0,0,0,0
878,19,227,648,1.000000,0.999661,0.999967,0.999998,0,0,0,0
879,17,227,649,1.000000,0.999661,0.999967,0.999998,0,0,0,0
880,15,227,650,1.000000,0.999661,0.999967,0.999998,0,0,0,0
881,13,227,651,1.000000,0.999661,0.999967,0.999998,0,0,0,0
882,11,227,652,1.000000,0.999661,0.999967,0.999998,0,0,0,0
883,9,227,653,1.000000,0.999661,0.999967,0.999998,0,0,0,0
884,7,227,654,1.000000,0.999661,0.999971,0.999998,0,0,1,0
885,5,227,655,1.000000,0.999697,0.999971,0.999998,0,1,0,0
886,3,227,656,1.000000,0.999700,0.999971,0.999998,0,0,0,1
887,29,228,656,1.000000,0.999700,0.999971,0.999998,1,0,0,1
888,27,228,657,1.000000,0.999700,0.999971,0.999998,0,0,0,0
889,29,229,657,1.000000,0.999700,0.999971,0.999998,0,0,0,0
890,27,229,658,1.000000,0.999700,0.999974,0.999998,0,0,1,0
891,25,229,659,1.000000,0.999700,0.999974,0.999998,0,0,0,0
892,29,230,659,1.000000,0.999700,0.999974,0.999998,0,0,0,0
893,27,230,660,1.000000,0.999700,0.999974,0.999998,0,0,0,0
894,25,230,661,1.000000,0.999700,0.999974,0.999998,0,0,0,0
895,23,230,662,1.000000,0.999700,0.999974,0.999998,0,0,0,0
896,21,230,663,1.000000,0.999700,0.999974,0.999998,0,0,0,0
897,19,230,664,1.000000,0.999700,0.999974,0.999998,0,0,0,0
898,17,230,665,1.000000,0.999700,0.999974,0.999998,0,0,0,0
899,15,230,666,1.000000,0.999700,0.999974,0.999998,1,0,0,0
900,13,230,667,1.000000,0.999700,0.999974,0.999998,0,0,0,0
901,29,231,667,1.000000,0.999700,0.999977,0.999998,0,0,1,0
902,27,231,668,1.000000,0.999700,0.999977,0.999998,0,0,0,0
903,29,232,668,1.000000,0.999700,0.999977,0.999998,0,0,0,1
904,27,232,669,1.000000,0.999700,0.999977,0.999998,0,0,0,0
905,29,233,669,1.000000,0.999700,0.999977,0.999998,0,0,0,0
906,27,233,670,1.000000,0.999700,0.999977,0.999998,0,0,0,0
907,25,233,671,1.000000,0.999700,0.999977,0.999999,0,0,0,1
908,23,233,672,1.000000,0.999700,0.999977,0.999999,1,0,0,0
909,29,234,672,1.000000,0.999700,0.999977,0.999999,1,0,0,0
910,27,234,673,1.000000,0.999700,0.999977,0.999999,1,0,0,0
911,25,234,674,1.000000,0.999700,0.999980,0.999999,1,0,1,0
912,29,235,674,1.000000,0.999700,0.999982,0.999999,1,0,1,0
913,27,235,675,1.000000,0.999700,0.999982,0.999999,0,0,0,0
914,29,236,675,1.000000,0.999700,0.999982,0.999999,0,0,0,0
915,27,236,676,1.000000,0.999700,0.999984,0.999999,0,0,1,0
916,25,236,677,1.000000,0.999700,0.999984,0.999999,0,0,0,0
917,29,237,677,1.000000,0.999700,0.999984,0.999999,0,0,0,0
918,27,237,678,1.000000,0.999700,0.999984,0.999999,0,0,0,0
919,25,237,679,1.000000,0.999700,0.999984,0.999999,0,0,0,0
920,23,237,680,1.000000,0.999700,0.999984,0.999999,0,0,0,0
921,21,237,681,1.000000,0.999700,0.999984,0.999999,0,0,0,0
922,19,237,682,1.000000,0.999700,0.999986,0.999999,1,0,1,0
923,17,237,683,1.000000,0.999700,0.999986,0.999999,0,0,0,0
924,29,238,683,1.000000,0.999700,0.999986,0.999999,0,0,0,0
925,27,238,684,1.000000,0.999700,0.999987,0.999999,0,0,1,0
926,25,238,685,1.000000,0.999700,0.999988,0.999999,0,0,0,0
927,29,239,685,1.000000,0.999700,0.999988,0.999999,0,0,0,0
928,27,239,686,1.000000,0.999700,0.999989,0.999999,0,0,1,0
929,25,239,687,1.000000,0.999731,0.999989,0.999999,0,1,0,0
930,29,240,687,1.000000,0.999762,0.999989,0.999999,0,1,0,0
931,27,240,688,1.000000,0.999764,0.999989,0.999999,0,0,0,0
932,29,241,688,1.000000,0.999764,0.999989,0.999999,0,0,0,0
933,27,241,689,1.000000,0.999764,0.999990,0.999999,0,0,1,0
934,25,241,690,1.000000,0.999789,0.999991,0.999999,0,1,1,0
935,29,242,690,1.000000,0.999813,0.999992,0.999999,0,1,1,0
936,27,242,691,1.000000,0.999815,0.999992,0.999999,0,0,0,0
937,29,243,691,1.000000,0.999815,0.999992,0.999999,0,0,0,0
938,27,243,692,1.000000,0.999815,0.999992,0.999999,0,0,0,1
939,25,243,693,1.000000,0.999815,0.999992,0.999999,0,0,0,0
940,23,243,694,1.000000,0.999815,0.999992,0.999999,0,0,0,1
941,21,243,695,1.000000,0.999815,0.999993,0.999999,0,0,1,0
942,19,243,696,1.000000,0.999815,0.999993,0.999999,1,0,0,0
943,29,244,696,1.000000,0.999815,0.999993,0.999999,1,0,0,0
944,27,244,697,1.000000,0.999815,0.999993,0.999999,0,0,0,0
945,29,245,697,1.000000,0.999815,0.999993,0.999999,0,0,0,0
946,27,245,698,1.000000,0.999815,0.999993,0.999999,1,0,0,0
947,25,245,699,1.000000,0.999815,0.999993,0.999999,0,0,0,0
948,29,246,699,1.000000,0.999815,0.999993,0.999999,0,0,0,0
949,27,246,700,1.000000,0.999815,0.999993,0.999999,0,0,0,1
950,25,246,701,1.000000,0.999815,0.999993,0.999999,0,0,0,0
951,29,247,701,1.000000,0.999815,0.999993,0.999999,0,0,0,0
952,27,247,702,1.000000,0.999815,0.999993,0.999999,0,0,0,0
953,25,247,703,1.000000,0.999815,0.999994,0.999999,0,0,1,0
954,23,247,704,1.000000,0.999815,0.999995,0.999999,0,0,1,0
955,29,248,704,1.000000,0.999815,0.999995,0.999999,0,0,1,0
956,27,248,705,1.000000,0.999815,0.999995,0.999999,0,0,0,0
957,29,249,705,1.000000,0.999815,0.999995,0.999999,0,0,0,0
958,27,249,706,1.000000,0.999815,0.999995,0.999999,0,0,0,0
959,25,249,707,1.000000,0.999815,0.999996,0.999999,0,0,1,0
960,23,249,708,1.000000,0.999834,0.999996,0.999999,0,1,0,0
961,29,250,708,1.000000,0.999853,0.999996,0.999999,0,1,0,0
962,27,250,709,1.000000,0.999854,0.999996,0.999999,0,0,0,0
963,29,251,709,1.000000,0.999854,0.999996,0.999999,0,0,0,0
964,27,251,710,1.000000,0.999854,0.999996,0.999999,0,0,0,0
965,25,251,711,1.000000,0.999854,0.999996,0.999999,0,0,0,0
966,23,251,712,1.000000,0.999854,0.999996,0.999999,0,0,0,1
967,21,251,713,1.000000,0.999854,0.999996,0.999999,1,0,0,0
968,29,252,713,1.000000,0.999854,0.999996,0.999999,1,0,0,0
969,27,252,714,1.000000,0.999854,0.999996,0.999999,0,0,0,0
970,25,252,715,1.000000,0.999870,0.999996,0.999999,0,1,0,1
971,23,252,716,1.000000,0.999871,0.999996,0.999999,0,0,0,0
972,29,253,716,1.000000,0.999871,0.999996,0.999999,0,0,0,0
973,27,253,717,1.000000,0.999871,0.999996,0.999999,0,0,0,0
974,25,253,718,1.000000,0.999871,0.999996,0.999999,0,0,0,0
975,23,253,719,1.000000,0.999871,0.999996,0.999999,0,0,0,0
976,21,253,720,1.000000,0.999871,0.999996,0.999999,0,0,0,0
977,19,253,721,1.000000,0.999871,0.999996,0.999999,0,0,0,0
978,17,253,722,1.000000,0.999871,0.999996,0.999999,1,0,0,0
979,15,253,723,1.000000,0.999871,0.999996,0.999999,1,0,0,0
980,29,254,723,1.000000,0.999871,0.999996,0.999999,1,0,0,0
981,27,254,724,1.000000,0.999871,0.999996,0.999999,0,0,0,0
982,29,255,724,1.000000,0.999871,0.999996,0.999999,0,0,0,0
983,27,255,725,1.000000,0.999871,0.999996,0.999999,0,0,0,0
984,25,255,726,1.000000,0.999884,0.999996,0.999999,0,1,0,1
985,23,255,727,1.000000,0.999886,0.999996,0.999999,0,0,0,0
986,29,256,727,1.000000,0.999886,0.999996,0.999999,0,0,0,0
987,27,256,728,1.000000,0.999886,0.999996,0.999999,0,0,0,1
988,25,256,729,1.000000,0.999886,0.999996,0.999999,0,0,0,0
989,29,257,729,1.000000,0.999886,0.999996,0.999999,0,0,0,0
990,27,257,730,1.000000,0.999886,0.999996,0.999999,0,0,0,0
991,25,257,731,1.000000,0.999886,0.999996,0.999999,0,0,0,0
992,23,257,732,1.000000,0.999898,0.999996,0.999999,0,1,0,0
993,21,257,733,1.000000,0.999899,0.999996,0.999999,0,0,1,0
994,29,258,733,1.000000,0.999899,0.999997,0.999999,0,0,1,0
995,27,258,734,1.000000,0.999899,0.999997,0.999999,0,0,0,0
996,29,259,734,1.000000,0.999899,0.999997,0.999999,0,0,0,0
997,27,259,735,1.000000,0.999899,0.999997,0.999999,0,0,0,0
998,25,259,736,1.000000,0.999899,0.999997,0.999999,1,0,0,0
999,23,259,737,1.000000,0.999899,0.999997,0.999999,1,0,0,0
1000,29,260,737,1.000000,0.999899,0.999997,0.999999,1,0,0,0
1001,27,260,738,1.000000,0.999909,0.999997,0.999999,0,1,0,0
1002,29,261,738,1.000000,0.999920,0.999997,0.999999,0,1,0,0
1003,27,261,739,1.000000,0.999920,0.999997,0.999999,0,0,0,0
1004,29,262,739,1.000000,0.999920,0.999997,0.999999,0,0,0,0
1005,27,262,740,1.000000,0.999920,0.999997,0.999999,0,0,0,0
1006,25,262,741,1.000000,0.999920,0.999997,0.999999,1,0,0,0
1007,23,262,742,1.000000,0.999920,0.999997,0.999999,0,0,0,1
1008,29,263,742,1.000000,0.999920,0.999997,1.000000,0,0,0,1
1009,27,263,743,1.000000,0.999920,0.999997,1.000000,0,0,0,0
1010,29,264,743,1.000000,0.999920,0.999997,1.000000,0,0,0,0
1011,27,264,744,1.000000,0.999920,0.999997,1.000000,1,0,0,1
1012,25,264,745,1.000000,0.999920,0.999997,1.000000,0,0,0,0
1013,29,265,745,1.000000,0.999920,0.999997,1.000000,0,0,0,0
1014,27,265,746,1.000000,0.999920,0.999997,1.000000,0,0,0,0
1015,25,265,747,1.000000,0.999920,0.999997,1.000000,0,0,1,0
1016,23,265,748,1.000000,0.999920,0.999997,1.000000,0,0,0,0
1017,29,266,748,1.000000,0.999920,0.999997,1.000000,0,0,0,0
1018,27,266,749,1.000000,0.999920,0.999997,1.000000,0,0,0,0
1019,25,266,750,1.000000,0.999920,0.999997,1.000000,0,0,0,0
1020,23,266,751,1.000000,0.999920,0.999997,1.000000,0,0,0,0
1021,21,266,752,1.000000,0.999920,0.999997,1.000000,0,0,0,0
1022,19,266,753,1.000000,0.999920,0.999997,1.000000,0,0,0,0
1023,17,266,754,1.000000,0.999920,0.999997,1.000000,0,0,0,0
1024,15,266,755,1.000000,0.999929,0.999997,1.000000,0,1,0,0
1025,29,267,755,1.000000,0.999937,0.999997,1.000000,0,1,0,0
1026,27,267,756,1.000000,0.999937,0.999997,1.000000,0,0,0,0
1027,29,268,756,1.000000,0.999937,0.999997,1.000000,0,0,0,0
1028,27,268,757,1.000000,0.999937,0.999997,1.000000,0,0,1,0
1029,25,268,758,1.000000,0.999944,0.999998,1.000000,0,1,1,0
1030,29,269,758,1.000000,0.999950,0.999998,1.000000,0,1,1,0
1031,27,269,759,1.000000,0.999951,0.999998,1.000000,0,0,0,0
1032,29,270,759,1.000000,0.999951,0.999998,1.000000,0,0,0,0
1033,27,270,760,1.000000,0.999951,0.999998,1.000000,0,0,1,0
1034,25,270,761,1.000000,0.999951,0.999998,1.000000,0,0,0,0
1035,29,271,761,1.000000,0.999951,0.999998,1.000000,0,0,0,0
1036,27,271,762,1.000000,0.999956,0.999998,1.000000,0,1,0,0
1037,25,271,763,1.000000,0.999956,0.999998,1.000000,0,0,1,0
1038,29,272,763,1.000000,0.999956,0.999999,1.000000,0,0,1,0
1039,27,272,764,1.000000,0.999956,0.999999,1.000000,0,0,0,0
1040,25,272,765,1.000000,0.999956,0.999999,1.000000,0,0,0,0
1041,23,272,766,1.000000,0.999956,0.999999,1.000000,0,0,0,0
1042,21,272,767,1.000000,0.999956,0.999999,1.000000,0,0,1,0
1043,19,272,768,1.000000,0.999956,0.999999,1.000000,0,0,0,0
1044,17,272,769,1.000000,0.999956,0.999999,1.000000,0,0,0,0
1045,15,272,770,1.000000,0.999956,0.999999,1.000000,0,0,0,0
1046,13,272,771,1.000000,0.999956,0.999999,1.000000,0,0,0,0
1047,11,272,772,1.000000,0.999956,0.999999,1.000000,1,0,0,1
1048,9,272,773,1.000000,0.999956,0.999999,1.000000,0,0,0,1
1049,29,273,773,1.000000,0.999956,0.999999,1.000000,0,0,0,1
1050,27,273,774,1.000000,0.999956,0.999999,1.000000,0,0,1,0
1051,29,274,774,1.000000,0.999956,0.999999,1.000000,0,0,1,0
1052,27,274,775,1.000000,0.999956,0.999999,1.000000,0,0,0,0
1053,29,275,775,1.000000,0.999956,0.999999,1.000000,0,0,0,0
1054,27,275,776,1.000000,0.999956,0.999999,1.000000,0,0,0,0
1055,25,275,777,1.000000,0.999956,0.999999,1.000000,0,0,0,0
1056,23,275,778,1.000000,0.999956,0.999999,1.000000,0,0,0,0
1057,21,275,779,1.000000,0.999956,0.999999,1.000000,0,0,0,0
1058,19,275,780,1.000000,0.999956,0.999999,1.000000,0,0,0,0
1059,17,275,781,1.000000,0.999956,0.999999,1.000000,0,0,0,0
1060,15,275,782,1.000000,0.999956,0.999999,1.000000,0,0,0,0
1061,13,275,783,1.000000,0.999956,0.999999,1.000000,0,0,0,1
1062,11,275,784,1.000000,0.999956,0.999999,1.000000,0,0,0,1
1063,9,275,785,1.000000,0.999961,0.999999,1.000000,0,1,0,0
1064,29,276,785,1.000000,0.999965,0.999999,1.000000,0,1,0,0
1065,27,276,786,1.000000,0.999966,0.999999,1.000000,0,0,0,0
1066,25,276,787,1.000000,0.999969,0.999999,1.000000,1,1,0,0
1067,23,276,788,1.000000,0.999970,0.999999,1.000000,0,0,0,0
1068,29,277,788,1.000000,0.999970,0.999999,1.000000,0,0,0,0
1069,27,277,789,1.000000,0.999970,0.999999,1.000000,0,0,0,0
1070,25,277,790,1.000000,0.999970,0.999999,1.000000,0,0,0,0
1071,23,277,791,1.000000,0.999973,0.999999,1.000000,0,1,0,0
1072,21,277,792,1.000000,0.999976,0.999999,1.000000,0,1,1,0
1073,29,278,792,1.000000,0.999979,0.999999,1.000000,0,1,1,0
1074,27,278,793,1.000000,0.999979,0.999999,1.000000,0,0,0,0
1075,29,279,793,1.000000,0.999979,0.999999,1.000000,0,0,0,0
1076,27,279,794,1.000000,0.999979,0.999999,1.000000,0,0,1,0
1077,25,279,795,1.000000,0.999979,0.999999,1.000000,0,0,0,0
1078,29,280,795,1.000000,0.999979,0.999999,1.000000,0,0,0,0
1079,27,280,796,1.000000,0.999979,0.999999,1.000000,0,0,1,0
1080,25,280,797,1.000000,0.999979,0.999999,1.000000,0,0,0,0
1081,29,281,797,1.000000,0.999979,0.999999,1.000000,0,0,0,0
1082,27,281,798,1.000000,0.999979,0.999999,1.000000,0,0,0,1
1083,25,281,799,1.000000,0.999979,0.999999,1.000000,0,0,0,0
1084,29,282,799,1.000000,0.999979,0.999999,1.000000,0,0,0,0
1085,27,282,800,1.000000,0.999979,0.999999,1.000000,0,0,0,0
1086,25,282,801,1.000000,0.999979,0.999999,1.000000,0,0,1,0
1087,23,282,802,1.000000,0.999979,1.000000,1.000000,0,0,1,0
1088,29,283,802,1.000000,0.999979,1.000000,1.000000,0,0,1,0
1089,27,283,803,1.000000,0.999979,1.000000,1.000000,0,0,0,0
1090,29,284,803,1.000000,0.999979,1.000000,1.000000,0,0,0,0
1091,27,284,804,1.000000,0.999979,1.000000,1.000000,0,0,0,0
1092,25,284,805,1.000000,0.999979,1.000000,1.000000,0,0,0,0
1093,23,284,806,1.000000,0.999979,1.000000,1.000000,0,0,0,0
1094,21,284,807,1.000000,0.999979,1.000000,1.000000,1,0,0,0
1095,19,284,808,1.000000,0.999979,1.000000,1.000000,1,0,0,0
1096,29,285,808,1.000000,0.999979,1.000000,1.000000,1,0,0,0
1097,27,285,809,1.000000,0.999979,1.000000,1.000000,0,0,0,0
1098,29,286,809,1.000000,0.999979,1.000000,1.000000,0,0,0,0
1099,27,286,810,1.000000,0.999979,1.000000,1.000000,0,0,0,0
1100,25,286,811,1.000000,0.999979,1.000000,1.000000,0,0,0,0
1101,23,286,812,1.000000,0.999979,1.000000,1.000000,0,0,0,0
1102,21,286,813,1.000000,0.999979,1.000000,1.000000,0,0,0,0
1103,19,286,814,1.000000,0.999979,1.000000,1.000000,0,0,0,0
1104,17,286,815,1.000000,0.999979,1.000000,1.000000,0,0,0,0
1105,15,286,816,1.000000,0.999979,1.000000,1.000000,0,0,0,0
1106,13,286,817,1.000000,0.999979,1.000000,1.000000,0,0,0,0
1107,11,286,818,1.000000,0.999979,1.000000,1.000000,0,0,0,0
1108,9,286,819,1.000000,0.999981,1.000000,1.000000,0,1,0,0
1109,7,286,820,1.000000,0.999983,1.000000,1.000000,0,1,0,0
1110,29,287,820,1.000000,0.999985,1.000000,1.000000,0,1,0,0
1111,27,287,821,1.000000,0.999985,1.000000,1.000000,0,0,1,0
1112,29,288,821,1.000000,0.999985,1.000000,1.000000,0,0,1,0
1113,27,288,822,1.000000,0.999985,1.000000,1.000000,0,0,0,0
1114,29,289,822,1.000000,0.999985,1.000000,1.000000,0,0,0,0
1115,27,289,823,1.000000,0.999985,1.000000,1.000000,0,0,0,0
1116,25,289,824,1.000000,0.999987,1.000000,1.000000,0,1,0,0
1117,23,289,825,1.000000,0.999988,1.000000,1.000000,0,1,0,0
1118,21,289,826,1.000000,0.999990,1.000000,1.000000,1,1,1,0
1119,29,290,826,1.000000,0.999991,1.000000,1.000000,1,1,1,0
1120,27,290,827,1.000000,0.999991,1.000000,1.000000,1,0,0,0
1121,29,291,827,1.000000,0.999991,1.000000,1.000000,1,0,0,0
1122,27,291,828,1.000000,0.999992,1.000000,1.000000,0,1,0,1
1123,29,292,828,1.000000,0.999993,1.000000,1.000000,0,1,0,1
1124,27,292,829,1.000000,0.999993,1.000000,1.000000,1,0,0,0
1125,29,293,829,1.000000,0.999993,1.000000,1.000000,1,0,0,0
1126,27,293,830,1.000000,0.999993,1.000000,1.000000,0,0,0,0
1127,29,294,830,1.000000,0.999993,1.000000,1.000000,0,0,0,0
1128,27,294,831,1.000000,0.999993,1.000000,1.000000,1,0,0,0
1129,25,294,832,1.000000,0.999993,1.000000,1.000000,0,0,0,0
1130,29,295,832,1.000000,0.999993,1.000000,1.000000,0,0,0,0
1131,27,295,833,1.000000,0.999993,1.000000,1.000000,0,0,0,0
1132,25,295,834,1.000000,0.999993,1.000000,1.000000,0,0,0,0
1133,23,295,835,1.000000,0.999993,1.000000,1.000000,0,0,0,0
1134,21,295,836,1.000000,0.999993,1.000000,1.000000,0,0,0,0
1135,19,295,837,1.000000,0.999993,1.000000,1.000000,0,0,0,1
1136,17,295,838,1.000000,0.999993,1.000000,1.000000,0,0,1,0
1137,29,296,838,1.000000,0.999993,1.000000,1.000000,0,0,1,0
1138,27,296,839,1.000000,0.999993,1.000000,1.000000,0,0,0,0
1139,25,296,840,1.000000,0.999993,1.000000,1.000000,1,0,0,0
1140,23,296,841,1.000000,0.999993,1.000000,1.000000,0,0,0,0
1141,21,296,842,1.000000,0.999993,1.000000,1.000000,0,0,1,0
1142,19,296,843,1.000000,0.999993,1.000000,1.000000,0,0,0,0
1143,29,297,843,1.000000,0.999993,1.000000,1.000000,0,0,0,0
1144,27,297,844,1.000000,0.999993,1.000000,1.000000,0,0,0,0
1145,25,297,845,1.000000,0.999993,1.000000,1.000000,0,0,0,0
1146,23,297,846,1.000000,0.999993,1.000000,1.000000,0,0,0,0
1147,21,297,847,1.000000,0.999994,1.000000,1.000000,0,1,0,0
1148,19,297,848,1.000000,0.999994,1.000000,1.000000,1,1,0,0
1149,17,297,849,1.000000,0.999995,1.000000,1.000000,1,1,0,0
1150,15,297,850,1.000000,0.999996,1.000000,1.000000,0,1,1,1
1151,13,297,851,1.000000,0.999996,1.000000,1.000000,0,0,0,1
1152,29,298,851,1.000000,0.999996,1.000000,1.000000,0,0,0,1
1153,27,298,852,1.000000,0.999996,1.000000,1.000000,0,0,1,1
1154,29,299,852,1.000000,0.999996,1.000000,1.000000,0,0,1,1
1155,27,299,853,1.000000,0.999996,1.000000,1.000000,0,0,1,0
1156,29,300,853,1.000000,0.999996,1.000000,1.000000,0,0,1,0
1157,27,300,854,1.000000,0.999996,1.000000,1.000000,0,1,1,0
1158,29,301,854,1.000000,0.999997,1.000000,1.000000,0,1,1,0
1159,27,301,855,1.000000,0.999997,1.000000,1.000000,0,0,0,0
1160,29,302,855,1.000000,0.999997,1.000000,1.000000,0,0,0,0
1161,27,302,856,1.000000,0.999997,1.000000,1.000000,0,0,1,0
1162,25,302,857,1.000000,0.999997,1.000000,1.000000,0,0,0,0
1163,29,303,857,1.000000,0.999997,1.000000,1.000000,0,0,0,0
1164,27,303,858,1.000000,0.999997,1.000000,1.000000,0,0,0,0
1165,25,303,859,1.000000,0.999997,1.000000,1.000000,0,0,0,0
1166,23,303,860,1.000000,0.999997,1.000000,1.000000,0,0,0,0
1167,21,303,861,1.000000,0.999997,1.000000,1.000000,0,0,0,0
1168,19,303,862,1.000000,0.999997,1.000000,1.000000,0,0,0,1
1169,17,303,863,1.000000,0.999997,1.000000,1.000000,1,0,0,0
1170,29,304,863,1.000000,0.999997,1.000000,1.000000,1,0,0,0
1171,27,304,864,1.000000,0.999997,1.000000,1.000000,0,0,0,0
1172,29,305,864,1.000000,0.999997,1.000000,1.000000,0,0,0,0
1173,27,305,865,1.000000,0.999997,1.000000,1.000000,0,0,0,0
1174,25,305,866,1.000000,0.999997,1.000000,1.000000,1,0,0,0
1175,23,305,867,1.000000,0.999997,1.000000,1.000000,0,0,0,0
1176,29,306,867,1.000000,0.999997,1.000000,1.000000,0,0,0,0
1177,27,306,868,1.000000,0.999997,1.000000,1.000000,0,0,0,0
1178,25,306,869,1.000000,0.999997,1.000000,1.000000,0,0,0,0
1179,23,306,870,1.000000,0.999997,1.000000,1.000000,1,0,0,0
1180,21,306,871,1.000000,0.999997,1.000000,1.000000,1,0,0,0
1181,29,307,871,1.000000,0.999997,1.000000,1.000000,1,0,0,0
1182,27,307,872,1.000000,0.999997,1.000000,1.000000,0,0,0,0
1183,25,307,873,1.000000,0.999997,1.000000,1.000000,0,0,0,1
1184,23,307,874,1.000000,0.999997,1.000000,1.000000,0,0,0,0
1185,29,308,874,1.000000,0.999997,1.000000,1.000000,0,0,0,0
1186,27,308,875,1.000000,0.999997,1.000000,1.000000,0,0,0,0
1187,25,308,876,1.000000,0.999997,1.000000,1.000000,0,0,0,0
1188,23,308,877,1.000000,0.999997,1.000000,1.000000,0,0,0,0
1189,21,308,878,1.000000,0.999997,1.000000,1.000000,0,0,0,0
1190,19,308,879,1.000000,0.999997,1.000000,1.000000,0,0,0,0
1191,17,308,880,1.000000,0.999997,1.000000,1.000000,0,0,0,0
1192,15,308,881,1.000000,0.999997,1.000000,1.000000,0,0,0,0
1193,13,308,882,1.000000,0.999997,1.000000,1.000000,0,0,0,0
1194,11,308,883,1.000000,0.999997,1.000000,1.000000,0,0,0,1
1195,9,308,884,1.000000,0.999997,1.000000,1.000000,1,0,0,1
1196,29,309,884,1.000000,0.999997,1.000000,1.000000,1,0,0,1
1197,27,309,885,1.000000,0.999997,1.000000,1.000000,0,0,0,0
1198,29,310,885,1.000000,0.999997,1.000000,1.000000,0,0,0,0
1199,27,310,886,1.000000,0.999997,1.000000,1.000000,0,0,1,0
1200,25,310,887,1.000000,0.999997,1.000000,1.000000,0,0,0,0
1201,29,311,887,1.000000,0.999997,1.000000,1.000000,0,0,0,0
1202,27,311,888,1.000000,0.999997,1.000000,1.000000,0,0,0,0
1203,25,311,889,1.000000,0.999997,1.000000,1.000000,0,0,1,0
1204,23,311,890,1.000000,0.999997,1.000000,1.000000,0,0,0,1
1205,21,311,891,1.000000,0.999997,1.000000,1.000000,0,1,0,0
1206,29,312,891,1.000000,0.999997,1.000000,1.000000,0,1,0,0
1207,27,312,892,1.000000,0.999997,1.000000,1.000000,0,0,0,0
1208,29,313,892,1.000000,0.999997,1.000000,1.000000,0,0,0,0
1209,27,313,893,1.000000,0.999997,1.000000,1.000000,0,0,1,0
1210,25,313,894,1.000000,0.999998,1.000000,1.000000,0,1,1,0
1211,29,314,894,1.000000,0.999998,1.000000,1.000000,0,1,1,0
1212,27,314,895,1.000000,0.999998,1.000000,1.000000,0,0,0,0
1213,29,315,895,1.000000,0.999998,1.000000,1.000000,0,0,0,0
1214,27,315,896,1.000000,0.999998,1.000000,1.000000,0,0,0,0
1215,25,315,897,1.000000,0.999998,1.000000,1.000000,0,0,0,0
1216,23,315,898,1.000000,0.999998,1.000000,1.000000,0,0,1,0
1217,21,315,899,1.000000,0.999998,1.000000,1.000000,0,0,0,0
1218,29,316,899,1.000000,0.999998,1.000000,1.000000,0,0,0,0
1219,27,316,900,1.000000,0.999998,1.000000,1.000000,0,0,1,1
1220,25,316,901,1.000000,0.999998,1.000000,1.000000,0,0,0,0
1221,29,317,901,1.000000,0.999998,1.000000,1.000000,0,0,0,0
1222,27,317,902,1.000000,0.999998,1.000000,1.000000,0,0,1,0
1223,25,317,903,1.000000,0.999998,1.000000,1.000000,0,0,0,0
1224,23,317,904,1.000000,0.999998,1.000000,1.000000,0,0,0,0
1225,21,317,905,1.000000,0.999998,1.000000,1.000000,1,1,0,0
1226,19,317,906,1.000000,0.999998,1.000000,1.000000,0,0,0,1
1227,29,318,906,1.000000,0.999998,1.000000,1.000000,0,0,0,1
1228,27,318,907,1.000000,0.999998,1.000000,1.000000,0,1,0,0
1229,25,318,908,1.000000,0.999998,1.000000,1.000000,0,1,0,0
1230,29,319,908,1.000000,0.999999,1.000000,1.000000,0,1,0,0
1231,27,319,909,1.000000,0.999999,1.000000,1.000000,0,0,0,0
1232,25,319,910,1.000000,0.999999,1.000000,1.000000,0,1,1,0
1233,23,319,911,1.000000,0.999999,1.000000,1.000000,0,0,0,0
1234,29,320,911,1.000000,0.999999,1.000000,1.000000,0,0,0,0
1235,27,320,912,1.000000,0.999999,1.000000,1.000000,0,0,1,0
1236,25,320,913,1.000000,0.999999,1.000000,1.000000,0,0,0,0
1237,29,321,913,1.000000,0.999999,1.000000,1.000000,0,0,0,0
1238,27,321,914,1.000000,0.999999,1.000000,1.000000,0,0,1,0
1239,25,321,915,1.000000,0.999999,1.000000,1.000000,0,0,0,0
1240,29,322,915,1.000000,0.999999,1.000000,1.000000,0,0,0,0
1241,27,322,916,1.000000,0.999999,1.000000,1.000000,0,0,0,1
1242,25,322,917,1.000000,0.999999,1.000000,1.000000,0,0,0,0
1243,29,323,917,1.000000,0.999999,1.000000,1.000000,0,0,0,0
1244,27,323,918,1.000000,0.999999,1.000000,1.000000,0,0,0,0
1245,25,323,919,1.000000,0.999999,1.000000,1.000000,0,0,0,0
1246,23,323,920,1.000000,0.999999,1.000000,1.000000,0,0,0,0
1247,21,323,921,1.000000,0.999999,1.000000,1.000000,0,1,0,0
1248,19,323,922,1.000000,0.999999,1.000000,1.000000,0,0,1,0
1249,17,323,923,1.000000,0.999999,1.000000,1.000000,1,0,0,0
1250,29,324,923,1.000000,0.999999,1.000000,1.000000,1,0,0,0
1251,27,324,924,1.000000,0.999999,1.000000,1.000000,0,0,0,0
1252,29,325,924,1.000000,0.999999,1.000000,1.000000,0,0,0,0
1253,27,325,925,1.000000,0.999999,1.000000,1.000000,0,0,0,0
1254,25,325,926,1.000000,0.999999,1.000000,1.000000,0,0,0,0
1255,23,325,927,1.000000,0.999999,1.000000,1.000000,0,0,0,0
1256,21,325,928,1.000000,0.999999,1.000000,1.000000,0,0,0,0
1257,19,325,929,1.000000,0.999999,1.000000,1.000000,0,0,0,0
1258,17,325,930,1.000000,0.999999,1.000000,1.000000,0,0,1,0
1259,15,325,931,1.000000,0.999999,1.000000,1.000000,0,0,0,1
1260,29,326,931,1.000000,0.999999,1.000000,1.000000,0,0,0,1
1261,27,326,932,1.000000,0.999999,1.000000,1.000000,0,0,0,0
1262,29,327,932,1.000000,0.999999,1.000000,1.000000,0,0,0,0
1263,27,327,933,1.000000,0.999999,1.000000,1.000000,0,0,0,0
1264,25,327,934,1.000000,0.999999,1.000000,1.000000,0,0,0,0
1265,23,327,935,1.000000,0.999999,1.000000,1.000000,0,0,0,0
1266,21,327,936,1.000000,0.999999,1.000000,1.000000,0,0,0,0
1267,19,327,937,1.000000,0.999999,1.000000,1.000000,0,0,0,0
1268,17,327,938,1.000000,0.999999,1.000000,1.000000,1,0,0,0
1269,15,327,939,1.000000,0.999999,1.000000,1.000000,1,0,0,0
1270,29,328,939,1.000000,0.999999,1.000000,1.000000,1,0,0,0
1271,27,328,940,1.000000,0.999999,1.000000,1.000000,0,0,0,0
1272,29,329,940,1.000000,0.999999,1.000000,1.000000,0,0,0,0
1273,27,329,941,1.000000,0.999999,1.000000,1.000000,0,0,0,0
1274,25,329,942,1.000000,0.999999,1.000000,1.000000,0,0,0,0
1275,23,329,943,1.000000,0.999999,1.000000,1.000000,0,0,0,0
1276,21,329,944,1.000000,0.999999,1.000000,1.000000,0,0,0,0
1277,19,329,945,1.000000,0.999999,1.000000,1.000000,0,1,0,0
1278,17,329,946,1.000000,0.999999,1.000000,1.000000,1,0,0,0
1279,15,329,947,1.000000,0.999999,1.000000,1.000000,0,0,1,0
1280,29,330,947,1.000000,0.999999,1.000000,1.000000,0,0,1,0
1281,27,330,948,1.000000,0.999999,1.000000,1.000000,0,0,0,0
1282,29,331,948,1.000000,0.999999,1.000000,1.000000,0,0,0,0
1283,27,331,949,1.000000,0.999999,1.000000,1.000000,0,0,0,0
1284,25,331,950,1.000000,0.999999,1.000000,1.000000,1,0,0,0
1285,23,331,951,1.000000,0.999999,1.000000,1.000000,0,0,0,0
1286,29,332,951,1.000000,0.999999,1.000000,1.000000,0,0,0,0
1287,27,332,952,1.000000,0.999999,1.000000,1.000000,1,0,0,0
1288,25,332,953,1.000000,0.999999,1.000000,1.000000,1,0,0,0
1289,29,333,953,1.000000,0.999999,1.000000,1.000000,1,0,0,0
1290,27,333,954,1.000000,0.999999,1.000000,1.000000,0,1,0,0
1291,25,333,955,1.000000,0.999999,1.000000,1.000000,0,0,0,1
1292,29,334,955,1.000000,0.999999,1.000000,1.000000,0,0,0,1
1293,27,334,956,1.000000,0.999999,1.000000,1.000000,0,0,0,0
1294,29,335,956,1.000000,0.999999,1.000000,1.000000,0,0,0,0
1295,27,335,957,1.000000,0.999999,1.000000,1.000000,1,0,0,0
1296,25,335,958,1.000000,0.999999,1.000000,1.000000,0,0,0,1
1297,29,336,958,1.000000,0.999999,1.000000,1.000000,0,0,0,1
1298,27,336,959,1.000000,0.999999,1.000000,1.000000,0,0,0,0
1299,29,337,959,1.000000,0.999999,1.000000,1.000000,0,0,0,0
1300,27,337,960,1.000000,0.999999,1.000000,1.000000,1,0,0,1
1301,25,337,961,1.000000,0.999999,1.000000,1.000000,0,0,0,0
1302,29,338,961,1.000000,0.999999,1.000000,1.000000,0,0,0,0
1303,27,338,962,1.000000,0.999999,1.000000,1.000000,0,0,0,1
1304,25,338,963,1.000000,0.999999,1.000000,1.000000,0,0,0,0
1305,23,338,964,1.000000,0.999999,1.000000,1.000000,0,0,1,0
1306,21,338,965,1.000000,0.999999,1.000000,1.000000,0,0,0,0
1307,29,339,965,1.000000,0.999999,1.000000,1.000000,0,0,0,0
1308,27,339,966,1.000000,0.999999,1.000000,1.000000,0,0,0,0
1309,25,339,967,1.000000,0.999999,1.000000,1.000000,0,0,0,0
1310,23,339,968,1.000000,0.999999,1.000000,1.000000,0,0,0,0
1311,21,339,969,1.000000,0.999999,1.000000,1.000000,0,0,0,0
1312,19,339,970,1.000000,0.999999,1.000000,1.000000,1,0,0,0
1313,17,339,971,1.000000,0.999999,1.000000,1.000000,0,1,0,0
1314,29,340,971,1.000000,0.999999,1.000000,1.000000,0,1,0,0
1315,27,340,972,1.000000,0.999999,1.000000,1.000000,1,0,0,0
1316,29,341,972,1.000000,0.999999,1.000000,1.000000,1,0,0,0
1317,27,341,973,1.000000,0.999999,1.000000,1.000000,0,0,0,0
1318,29,342,973,1.000000,0.999999,1.000000,1.000000,0,0,0,0
1319,27,342,974,1.000000,0.999999,1.000000,1.000000,0,0,0,0
1320,25,342,975,1.000000,0.999999,1.000000,1.000000,0,0,0,0
1321,23,342,976,1.000000,0.999999,1.000000,1.000000,0,0,1,0
1322,21,342,977,1.000000,0.999999,1.000000,1.000000,0,0,0,0
1323,19,342,978,1.000000,0.999999,1.000000,1.000000,0,0,0,0
1324,17,342,979,1.000000,0.999999,1.000000,1.000000,0,0,0,0
1325,15,342,980,1.000000,0.999999,1.000000,1.000000,0,0,1,0
1326,13,342,981,1.000000,0.999999,1.000000,1.000000,0,0,0,0
1327,29,343,981,1.000000,0.999999,1.000000,1.000000,0,0,0,0
1328,27,343,982,1.000000,0.999999,1.000000,1.000000,0,0,1,0
1329,25,343,983,1.000000,0.999999,1.000000,1.000000,0,0,0,0
1330,29,344,983,1.000000,0.999999,1.000000,1.000000,0,0,0,0
1331,27,344,984,1.000000,0.999999,1.000000,1.000000,0,1,0,0
1332,25,344,985,1.000000,0.999999,1.000000,1.000000,0,1,0,0
1333,29,345,985,1.000000,1.000000,1.000000,1.000000,0,1,0,0
1334,27,345,986,1.000000,1.000000,1.000000,1.000000,0,0,0,0
1335,29,346,986,1.000000,1.000000,1.000000,1.000000,0,0,0,0
1336,27,346,987,1.000000,1.000000,1.000000,1.000000,0,1,0,0
1337,25,346,988,1.000000,1.000000,1.000000,1.000000,0,1,1,0
1338,29,347,988,1.000000,1.000000,1.000000,1.000000,0,1,1,0
1339,27,347,989,1.000000,1.000000,1.000000,1.000000,0,0,0,0
1340,29,348,989,1.000000,1.000000,1.000000,1.000000,0,0,0,0
1341,27,348,990,1.000000,1.000000,1.000000,1.000000,0,0,0,0
1342,25,348,991,1.000000,1.000000,1.000000,1.000000,0,0,0,0
1343,23,348,992,1.000000,1.000000,1.000000,1.000000,0,0,0,0
1344,21,348,993,1.000000,1.000000,1.000000,1.000000,0,0,0,0
1345,19,348,994,1.000000,1.000000,1.000000,1.000000,0,0,1,0
1346,17,348,995,1.000000,1.000000,1.000000,1.000000,0,0,0,0
1347,15,348,996,1.000000,1.000000,1.000000,1.000000,0,0,0,1
1348,13,348,997,1.000000,1.000000,1.000000,1.000000,0,0,0,0
1349,29,349,997,1.000000,1.000000,1.000000,1.000000,0,1,0,0
1350,27,349,998,1.000000,1.000000,1.000000,1.000000,0,0,0,0
1351,29,350,998,1.000000,1.000000,1.000000,1.000000,0,0,0,0
1352,27,350,999,1.000000,1.000000,1.000000,1.000000,0,0,1,0
1353,25,350,1000,1.000000,1.000000,1.000000,1.000000,0,0,1,0
1354,29,351,1000,1.000000,1.000000,1.000000,1.000000,0,1,1,0
1355,27,351,1001,1.000000,1.000000,1.000000,1.000000,0,0,0,0
1356,29,352,1001,1.000000,1.000000,1.000000,1.000000,0,0,0,0
1357,27,352,1002,1.000000,1.000000,1.000000,1.000000,0,0,1,0
1358,25,352,1003,1.000000,1.000000,1.000000,1.000000,0,0,0,0
1359,29,353,1003,1.000000,1.000000,1.000000,1.000000,0,0,0,0
1360,27,353,1004,1.000000,1.000000,1.000000,1.000000,0,1,0,0
1361,25,353,1005,1.000000,1.000000,1.000000,1.000000,0,0,1,0
1362,29,354,1005,1.000000,1.000000,1.000000,1.000000,0,0,1,0
1363,27,354,1006,1.000000,1.000000,1.000000,1.000000,0,0,0,0
1364,29,355,1006,1.000000,1.000000,1.000000,1.000000,0,0,0,0
1365,27,355,1007,1.000000,1.000000,1.000000,1.000000,0,0,0,0
1366,25,355,1008,1.000000,1.000000,1.000000,1.000000,0,0,0,0
1367,23,355,1009,1.000000,1.000000,1.000000,1.000000,0,0,0,0
1368,21,355,1010,1.000000,1.000000,1.000000,1.000000,0,0,0,0
1369,19,355,1011,1.000000,1.000000,1.000000,1.000000,0,0,1,0
1370,17,355,1012,1.000000,1.000000,1.000000,1.000000,0,0,0,0
1371,29,356,1012,1.000000,1.000000,1.000000,1.000000,0,0,0,0
1372,27,356,1013,1.000000,1.000000,1.000000,1.000000,0,0,0,0
1373,25,356,1014,1.000000,1.000000,1.000000,1.000000,0,0,0,0
1374,23,356,1015,1.000000,1.000000,1.000000,1.000000,0,0,0,0
1375,21,356,1016,1.000000,1.000000,1.000000,1.000000,0,0,0,0
1376,19,356,1017,1.000000,1.000000,1.000000,1.000000,0,0,0,0
1377,17,356,1018,1.000000,1.000000,1.000000,1.000000,0,0,0,0
1378,15,356,1019,1.000000,1.000000,1.000000,1.000000,0,0,0,0
1379,13,356,1020,1.000000,1.000000,1.000000,1.000000,0,0,0,0
1380,11,356,1021,1.000000,1.000000,1.000000,1.000000,0,0,0,0
1381,9,356,1022,1.000000,1.000000,1.000000,1.000000,0,0,1,0
1382,7,356,1023,1.000000,1.000000,1.000000,1.000000,0,0,0,0
1383,29,357,1023,1.000000,1.000000,1.000000,1.000000,0,0,0,0
1384,27,357,1024,1.000000,1.000000,1.000000,1.000000,0,0,0,1
1385,25,357,1025,1.000000,1.000000,1.000000,1.000000,0,0,0,0
1386,23,357,1026,1.000000,1.000000,1.000000,1.000000,0,0,0,0
1387,21,357,1027,1.000000,1.000000,1.000000,1.000000,0,0,0,0
1388,19,357,1028,1.000000,1.000000,1.000000,1.000000,0,0,0,0
1389,17,357,1029,1.000000,1.000000,1.000000,1.000000,1,0,0,0
1390,15,357,1030,1.000000,1.000000,1.000000,1.000000,0,0,0,0
1391,29,358,1030,1.000000,1.000000,1.000000,1.000000,0,0,0,0
1392,27,358,1031,1.000000,1.000000,1.000000,1.000000,0,0,0,0
1393,25,358,1032,1.000000,1.000000,1.000000,1.000000,0,0,0,0
1394,23,358,1033,1.000000,1.000000,1.000000,1.000000,0,0,0,0
1395,21,358,1034,1.000000,1.000000,1.000000,1.000000,0,0,0,0
1396,19,358,1035,1.000000,1.000000,1.000000,1.000000,0,0,0,0
1397,17,358,1036,1.000000,1.000000,1.000000,1.000000,0,0,0,0
1398,15,358,1037,1.000000,1.000000,1.000000,1.000000,0,0,0,0
1399,13,358,1038,1.000000,1.000000,1.000000,1.000000,0,0,0,0
1400,11,358,1039,1.000000,1.000000,1.000000,1.000000,0,0,0,0
1401,9,358,1040,1.000000,1.000000,1.000000,1.000000,0,0,0,0
1402,7,358,1041,1.000000,1.000000,1.000000,1.000000,0,0,0,0
1403,5,358,1042,1.000000,1.000000,1.000000,1.000000,0,0,1,0
1404,3,358,1043,1.000000,1.000000,1.000000,1.000000,0,0,0,0
1405,1,358,1044,1.000000,1.000000,1.000000,1.000000,0,0,0,0
1406,29,359,1044,1.000000,1.000000,1.000000,1.000000,0,0,0,0
1407,27,359,1045,1.000000,1.000000,1.000000,1.000000,0,0,0,0
1408,25,359,1046,1.000000,1.000000,1.000000,1.000000,0,0,0,0
1409,23,359,1047,1.000000,1.000000,1.000000,1.000000,0,0,0,0
1410,21,359,1048,1.000000,1.000000,1.000000,1.000000,0,0,0,0
1411,19,359,1049,1.000000,1.000000,1.000000,1.000000,0,0,0,0
1412,17,359,1050,1.000000,1.000000,1.000000,1.000000,0,0,0,0
1413,15,359,1051,1.000000,1.000000,1.000000,1.000000,0,1,0,0
1414,13,359,1052,1.000000,1.000000,1.000000,1.000000,0,0,0,0
1415,29,360,1052,1.000000,1.000000,1.000000,1.000000,0,0,0,0
1416,27,360,1053,1.000000,1.000000,1.000000,1.000000,0,0,0,0
1417,25,360,1054,1.000000,1.000000,1.000000,1.000000,0,0,0,0
1418,23,360,1055,1.000000,1.000000,1.000000,1.000000,0,0,0,0
1419,21,360,1056,1.000000,1.000000,1.000000,1.000000,0,0,0,0
1420,19,360,1057,1.000000,1.000000,1.000000,1.000000,0,0,0,0
1421,17,360,1058,1.000000,1.000000,1.000000,1.000000,0,0,0,0
1422,15,360,1059,1.000000,1.000000,1.000000,1.000000,0,0,0,0
1423,13,360,1060,1.000000,1.000000,1.000000,1.000000,0,0,0,0
1424,11,360,1061,1.000000,1.000000,1.000000,1.000000,1,1,0,0
1425,9,360,1062,1.000000,1.000000,1.000000,1.000000,0,1,0,0
1426,29,361,1062,1.000000,1.000000,1.000000,1.000000,0,1,0,0
1427,27,361,1063,1.000000,1.000000,1.000000,1.000000,0,0,1,0
1428,29,362,1063,1.000000,1.000000,1.000000,1.000000,0,0,1,0
1429,27,362,1064,1.000000,1.000000,1.000000,1.000000,0,0,0,0
1430,29,363,1064,1.000000,1.000000,1.000000,1.000000,0,0,0,0
1431,27,363,1065,1.000000,1.000000,1.000000,1.000000,0,0,0,0
1432,25,363,1066,1.000000,1.000000,1.000000,1.000000,0,0,0,0
1433,23,363,1067,1.000000,1.000000,1.000000,1.000000,0,0,0,0
1434,21,363,1068,1.000000,1.000000,1.000000,1.000000,0,0,0,0
1435,19,363,1069,1.000000,1.000000,1.000000,1.000000,0,0,0,0
1436,17,363,1070,1.000000,1.000000,1.000000,1.000000,0,0,0,0
1437,15,363,1071,1.000000,1.000000,1.000000,1.000000,0,0,1,0
1438,13,363,1072,1.000000,1.000000,1.000000,1.000000,0,0,0,0
1439,29,364,1072,1.000000,1.000000,1.000000,1.000000,0,0,0,0
1440,27,364,1073,1.000000,1.000000,1.000000,1.000000,0,0,0,0
1441,25,364,1074,1.000000,1.000000,1.000000,1.000000,0,0,0,0
1442,23,364,1075,1.000000,1.000000,1.000000,1.000000,0,0,0,0
1443,21,364,1076,1.000000,1.000000,1.000000,1.000000,0,0,0,1
1444,19,364,1077,1.000000,1.000000,1.000000,1.000000,0,0,0,0
1445,29,365,1077,1.000000,1.000000,1.000000,1.000000,0,0,0,0
1446,27,365,1078,1.000000,1.000000,1.000000,1.000000,0,0,0,0
1447,25,365,1079,1.000000,1.000000,1.000000,1.000000,0,0,0,0
1448,23,365,1080,1.000000,1.000000,1.000000,1.000000,0,0,0,0
1449,21,365,1081,1.000000,1.000000,1.000000,1.000000,0,0,0,0
1450,19,365,1082,1.000000,1.000000,1.000000,1.000000,1,0,0,0
1451,17,365,1083,1.000000,1.000000,1.000000,1.000000,1,0,0,0
1452,29,366,1083,1.000000,1.000000,1.000000,1.000000,1,0,0,0
1453,27,366,1084,1.000000,1.000000,1.000000,1.000000,0,0,0,0
1454,29,367,1084,1.000000,1.000000,1.000000,1.000000,0,0,0,0
1455,27,367,1085,1.000000,1.000000,1.000000,1.000000,0,0,0,0
1456,25,367,1086,1.000000,1.000000,1.000000,1.000000,1,0,0,0
1457,23,367,1087,1.000000,1.000000,1.000000,1.000000,0,0,0,0
1458,29,368,1087,1.000000,1.000000,1.000000,1.000000,0,0,0,0
1459,27,368,1088,1.000000,1.000000,1.000000,1.000000,0,0,0,0
1460,25,368,1089,1.000000,1.000000,1.000000,1.000000,1,0,0,0
1461,23,368,1090,1.000000,1.000000,1.000000,1.000000,0,0,0,0
1462,29,369,1090,1.000000,1.000000,1.000000,1.000000,0,0,0,0
1463,27,369,1091,1.000000,1.000000,1.000000,1.000000,0,0,0,0
1464,25,369,1092,1.000000,1.000000,1.000000,1.000000,0,0,0,0
1465,23,369,1093,1.000000,1.000000,1.000000,1.000000,0,0,0,1
1466,21,369,1094,1.000000,1.000000,1.000000,1.000000,0,0,1,0
1467,29,370,1094,1.000000,1.000000,1.000000,1.000000,0,0,1,0
1468,27,370,1095,1.000000,1.000000,1.000000,1.000000,0,0,0,0
1469,25,370,1096,1.000000,1.000000,1.000000,1.000000,0,0,1,0
1470,23,370,1097,1.000000,1.000000,1.000000,1.000000,0,0,0,1
1471,29,371,1097,1.000000,1.000000,1.000000,1.000000,0,0,0,1
1472,27,371,1098,1.000000,1.000000,1.000000,1.000000,0,0,1,0
1473,25,371,1099,1.000000,1.000000,1.000000,1.000000,1,0,1,1
1474,23,371,1100,1.000000,1.000000,1.000000,1.000000,0,0,1,0
1475,29,372,1100,1.000000,1.000000,1.000000,1.000000,0,0,1,0
1476,27,372,1101,1.000000,1.000000,1.000000,1.000000,0,0,1,1
1477,29,373,1101,1.000000,1.000000,1.000000,1.000000,0,0,1,1
1478,27,373,1102,1.000000,1.000000,1.000000,1.000000,0,1,0,0
1479,29,374,1102,1.000000,1.000000,1.000000,1.000000,0,1,0,0
1480,27,374,1103,1.000000,1.000000,1.000000,1.000000,0,0,1,0
1481,25,374,1104,1.000000,1.000000,1.000000,1.000000,1,0,0,0
1482,29,375,1104,1.000000,1.000000,1.000000,1.000000,1,0,0,0
1483,27,375,1105,1.000000,1.000000,1.000000,1.000000,0,0,0,0
1484,29,376,1105,1.000000,1.000000,1.000000,1.000000,0,0,0,0
1485,27,376,1106,1.000000,1.000000,1.000000,1.000000,0,0,0,0
1486,25,376,1107,1.000000,1.000000,1.000000,1.000000,0,0,0,0
1487,23,376,1108,1.000000,1.000000,1.000000,1.000000,1,0,0,0
1488,21,376,1109,1.000000,1.000000,1.000000,1.000000,0,0,0,0
1489,29,377,1109,1.000000,1.000000,1.000000,1.000000,0,0,0,0
1490,27,377,1110,1.000000,1.000000,1.000000,1.000000,0,0,0,0
1491,25,377,1111,1.000000,1.000000,1.000000,1.000000,0,0,0,0
1492,23,377,1112,1.000000,1.000000,1.000000,1.000000,0,0,0,0
1493,21,377,1113,1.000000,1.000000,1.000000,1.000000,0,0,0,0
1494,19,377,1114,1.000000,1.000000,1.000000,1.000000,0,0,0,0
1495,17,377,1115,1.000000,1.000000,1.000000,1.000000,0,0,0,1
1496,15,377,1116,1.000000,1.000000,1.000000,1.000000,1,0,0,0
1497,29,378,1116,1.000000,1.000000,1.000000,1.000000,1,0,0,0
1498,27,378,1117,1.000000,1.000000,1.000000,1.000000,1,0,0,1
1499,25,378,1118,1.000000,1.000000,1.000000,1.000000,0,1,1,0
1500,29,379,1118,1.000000,1.000000,1.000000,1.000000,0,1,1,0
1501,27,379,1119,1.000000,1.000000,1.000000,1.000000,1,0,0,0
1502,29,380,1119,1.000000,1.000000,1.000000,1.000000,1,0,0,0
1503,27,380,1120,1.000000,1.000000,1.000000,1.000000,0,0,0,0
1504,29,381,1120,1.000000,1.000000,1.000000,1.000000,0,0,0,0
1505,27,381,1121,1.000000,1.000000,1.000000,1.000000,0,0,0,0
1506,25,381,1122,1.000000,1.000000,1.000000,1.000000,0,1,1,1
1507,23,381,1123,1.000000,1.000000,1.000000,1.000000,0,0,1,0
1508,29,382,1123,1.000000,1.000000,1.000000,1.000000,0,0,1,0
1509,27,382,1124,1.000000,1.000000,1.000000,1.000000,0,0,0,0
1510,29,383,1124,1.000000,1.000000,1.000000,1.000000,0,0,0,0
1511,27,383,1125,1.000000,1.000000,1.000000,1.000000,1,0,0,0
1512,25,383,1126,1.000000,1.000000,1.000000,1.000000,1,0,0,0
1513,29,384,1126,1.000000,1.000000,1.000000,1.000000,1,0,0,0
1514,27,384,1127,1.000000,1.000000,1.000000,1.000000,1,0,0,1
1515,29,385,1127,1.000000,1.000000,1.000000,1.000000,1,0,0,1
1516,27,385,1128,1.000000,1.000000,1.000000,1.000000,0,0,0,0
1517,29,386,1128,1.000000,1.000000,1.000000,1.000000,0,0,0,0
1518,27,386,1129,1.000000,1.000000,1.000000,1.000000,1,0,0,0
1519,25,386,1130,1.000000,1.000000,1.000000,1.000000,0,1,0,0
1520,29,387,1130,1.000000,1.000000,1.000000,1.000000,0,1,0,0
1521,27,387,1131,1.000000,1.000000,1.000000,1.000000,1,0,0,0
1522,29,388,1131,1.000000,1.000000,1.000000,1.000000,1,0,0,0
1523,27,388,1132,1.000000,1.000000,1.000000,1.000000,0,0,0,0
1524,29,389,1132,1.000000,1.000000,1.000000,1.000000,0,0,0,0
1525,27,389,1133,1.000000,1.000000,1.000000,1.000000,0,0,0,0
1526,25,389,1134,1.000000,1.000000,1.000000,1.000000,0,0,0,0
1527,23,389,1135,1.000000,1.000000,1.000000,1.000000,1,0,0,0
1528,21,389,1136,1.000000,1.000000,1.000000,1.000000,1,0,0,1
1529,29,390,1136,1.000000,1.000000,1.000000,1.000000,1,0,0,1
1530,27,390,1137,1.000000,1.000000,1.000000,1.000000,0,0,0,0
1531,29,391,1137,1.000000,1.000000,1.000000,1.000000,0,0,0,0
1532,27,391,1138,1.000000,1.000000,1.000000,1.000000,0,0,0,0
1533,25,391,1139,1.000000,1.000000,1.000000,1.000000,0,0,0,0
1534,23,391,1140,1.000000,1.000000,1.000000,1.000000,0,0,0,0
1535,21,391,1141,1.000000,1.000000,1.000000,1.000000,0,0,0,0
1536,19,391,1142,1.000000,1.000000,1.000000,1.000000,0,0,0,0
1537,17,391,1143,1.000000,1.000000,1.000000,1.000000,0,0,0,0
1538,15,391,1144,1.000000,1.000000,1.000000,1.000000,0,0,0,0
1539,13,391,1145,1.000000,1.000000,1.000000,1.000000,0,0,0,0
1540,11,391,1146,1.000000,1.000000,1.000000,1.000000,0,0,0,0
1541,9,391,1147,1.000000,1.000000,1.000000,1.000000,0,0,0,0
1542,7,391,1148,1.000000,1.000000,1.000000,1.000000,0,0,0,1
1543,5,391,1149,1.000000,1.000000,1.000000,1.000000,0,1,0,0
1544,29,392,1149,1.000000,1.000000,1.000000,1.000000,0,1,0,0
1545,27,392,1150,1.000000,1.000000,1.000000,1.000000,1,0,0,0
1546,29,393,1150,1.000000,1.000000,1.000000,1.000000,1,0,0,0
1547,27,393,1151,1.000000,1.000000,1.000000,1.000000,0,0,0,0
1548,29,394,1151,1.000000,1.000000,1.000000,1.000000,0,0,0,0
1549,27,394,1152,1.000000,1.000000,1.000000,1.000000,0,0,0,0
1550,25,394,1153,1.000000,1.000000,1.000000,1.000000,0,0,1,0
1551,23,394,1154,1.000000,1.000000,1.000000,1.000000,0,0,1,0
1552,29,395,1154,1.000000,1.000000,1.000000,1.000000,0,0,1,0
1553,27,395,1155,1.000000,1.000000,1.000000,1.000000,0,0,0,1
1554,29,396,1155,1.000000,1.000000,1.000000,1.000000,0,0,0,1
1555,27,396,1156,1.000000,1.000000,1.000000,1.000000,0,0,1,0
1556,29,397,1156,1.000000,1.000000,1.000000,1.000000,0,0,1,0
1557,27,397,1157,1.000000,1.000000,1.000000,1.000000,0,0,1,1
1558,29,398,1157,1.000000,1.000000,1.000000,1.000000,0,0,1,1
1559,27,398,1158,1.000000,1.000000,1.000000,1.000000,0,1,0,0
1560,29,399,1158,1.000000,1.000000,1.000000,1.000000,0,1,0,0
1561,27,399,1159,1.000000,1.000000,1.000000,1.000000,0,1,0,0
1562,25,399,1160,1.000000,1.000000,1.000000,1.000000,1,0,0,0
1563,29,400,1160,1.000000,1.000000,1.000000,1.000000,1,0,0,0
1564,27,400,1161,1.000000,1.000000,1.000000,1.000000,0,0,0,0
1565,25,400,1162,1.000000,1.000000,1.000000,1.000000,0,1,0,0
1566,23,400,1163,1.000000,1.000000,1.000000,1.000000,0,0,0,0
1567,21,400,1164,1.000000,1.000000,1.000000,1.000000,1,0,0,0
1568,19,400,1165,1.000000,1.000000,1.000000,1.000000,0,0,0,0
1569,29,401,1165,1.000000,1.000000,1.000000,1.000000,0,0,0,0
1570,27,401,1166,1.000000,1.000000,1.000000,1.000000,0,0,0,0
1571,25,401,1167,1.000000,1.000000,1.000000,1.000000,0,0,0,0
1572,23,401,1168,1.000000,1.000000,1.000000,1.000000,1,1,0,1
1573,21,401,1169,1.000000,1.000000,1.000000,1.000000,1,0,0,1
1574,29,402,1169,1.000000,1.000000,1.000000,1.000000,1,0,1,1
1575,27,402,1170,1.000000,1.000000,1.000000,1.000000,0,1,0,0
1576,29,403,1170,1.000000,1.000000,1.000000,1.000000,0,1,0,0
1577,27,403,1171,1.000000,1.000000,1.000000,1.000000,1,0,0,0
1578,29,404,1171,1.000000,1.000000,1.000000,1.000000,1,0,0,0
1579,27,404,1172,1.000000,1.000000,1.000000,1.000000,0,0,0,0
1580,29,405,1172,1.000000,1.000000,1.000000,1.000000,0,0,0,0
1581,27,405,1173,1.000000,1.000000,1.000000,1.000000,0,0,0,0
1582,25,405,1174,1.000000,1.000000,1.000000,1.000000,0,1,0,0
1583,23,405,1175,1.000000,1.000000,1.000000,1.000000,0,0,0,0
1584,29,406,1175,1.000000,1.000000,1.000000,1.000000,0,0,0,0
1585,27,406,1176,1.000000,1.000000,1.000000,1.000000,0,0,0,0
1586,25,406,1177,1.000000,1.000000,1.000000,1.000000,0,0,0,0
1587,23,406,1178,1.000000,1.000000,1.000000,1.000000,0,0,0,0
1588,21,406,1179,1.000000,1.000000,1.000000,1.000000,1,0,0,0
1589,19,406,1180,1.000000,1.000000,1.000000,1.000000,1,0,0,1
1590,29,407,1180,1.000000,1.000000,1.000000,1.000000,1,0,0,1
1591,27,407,1181,1.000000,1.000000,1.000000,1.000000,0,0,0,0
1592,29,408,1181,1.000000,1.000000,1.000000,1.000000,0,0,0,0
1593,27,408,1182,1.000000,1.000000,1.000000,1.000000,0,0,0,0
1594,25,408,1183,1.000000,1.000000,1.000000,1.000000,0,0,1,0
1595,23,408,1184,1.000000,1.000000,1.000000,1.000000,0,0,0,0
1596,29,409,1184,1.000000,1.000000,1.000000,1.000000,0,0,0,0
1597,27,409,1185,1.000000,1.000000,1.000000,1.000000,0,0,0,0
1598,25,409,1186,1.000000,1.000000,1.000000,1.000000,1,0,0,0
1599,23,409,1187,1.000000,1.000000,1.000000,1.000000,0,1,0,0
1600,29,410,1187,1.000000,1.000000,1.000000,1.000000,0,1,0,0
1601,27,410,1188,1.000000,1.000000,1.000000,1.000000,0,0,0,0
1602,29,411,1188,1.000000,1.000000,1.000000,1.000000,0,0,0,0
1603,27,411,1189,1.000000,1.000000,1.000000,1.000000,0,0,0,0
1604,25,411,1190,1.000000,1.000000,1.000000,1.000000,1,0,0,1
1605,23,411,1191,1.000000,1.000000,1.000000,1.000000,0,0,0,0
1606,29,412,1191,1.000000,1.000000,1.000000,1.000000,0,0,0,0
1607,27,412,1192,1.000000,1.000000,1.000000,1.000000,0,0,1,0
1608,25,412,1193,1.000000,1.000000,1.000000,1.000000,0,0,0,0
1609,29,413,1193,1.000000,1.000000,1.000000,1.000000,0,0,0,0
1610,27,413,1194,1.000000,1.000000,1.000000,1.000000,0,0,0,0
1611,25,413,1195,1.000000,1.000000,1.000000,1.000000,0,0,0,0
1612,23,413,1196,1.000000,1.000000,1.000000,1.000000,0,0,0,0
1613,21,413,1197,1.000000,1.000000,1.000000,1.000000,0,0,0,0
1614,19,413,1198,1.000000,1.000000,1.000000,1.000000,0,0,1,0
1615,17,413,1199,1.000000,1.000000,1.000000,1.000000,0,0,0,0
1616,29,414,1199,1.000000,1.000000,1.000000,1.000000,0,1,0,0
1617,27,414,1200,1.000000,1.000000,1.000000,1.000000,0,0,0,0
1618,25,414,1201,1.000000,1.000000,1.000000,1.000000,0,0,0,0
1619,23,414,1202,1.000000,1.000000,1.000000,1.000000,0,0,0,0
1620,21,414,1203,1.000000,1.000000,1.000000,1.000000,0,0,0,0
1621,19,414,1204,1.000000,1.000000,1.000000,1.000000,0,0,0,0
1622,17,414,1205,1.000000,1.000000,1.000000,1.000000,0,0,0,0
1623,15,414,1206,1.000000,1.000000,1.000000,1.000000,0,1,1,0
1624,13,414,1207,1.000000,1.000000,1.000000,1.000000,0,0,0,0
1625,29,415,1207,1.000000,1.000000,1.000000,1.000000,0,0,0,0
1626,27,415,1208,1.000000,1.000000,1.000000,1.000000,0,0,0,1
1627,25,415,1209,1.000000,1.000000,1.000000,1.000000,0,0,0,0
1628,29,416,1209,1.000000,1.000000,1.000000,1.000000,0,0,0,0
1629,27,416,1210,1.000000,1.000000,1.000000,1.000000,0,0,0,0
1630,25,416,1211,1.000000,1.000000,1.000000,1.000000,0,0,1,0
1631,23,416,1212,1.000000,1.000000,1.000000,1.000000,0,0,0,0
1632,29,417,1212,1.000000,1.000000,1.000000,1.000000,0,0,0,0
1633,27,417,1213,1.000000,1.000000,1.000000,1.000000,0,0,0,0
1634,25,417,1214,1.000000,1.000000,1.000000,1.000000,0,1,0,0
1635,23,417,1215,1.000000,1.000000,1.000000,1.000000,0,0,0,0
1636,21,417,1216,1.000000,1.000000,1.000000,1.000000,0,1,0,0
1637,19,417,1217,1.000000,1.000000,1.000000,1.000000,0,1,0,0
1638,29,418,1217,1.000000,1.000000,1.000000,1.000000,0,1,0,0
1639,27,418,1218,1.000000,1.000000,1.000000,1.000000,0,0,0,0
1640,29,419,1218,1.000000,1.000000,1.000000,1.000000,0,0,0,0
1641,27,419,1219,1.000000,1.000000,1.000000,1.000000,0,1,0,0
1642,25,419,1220,1.000000,1.000000,1.000000,1.000000,0,1,1,0
1643,29,420,1220,1.000000,1.000000,1.000000,1.000000,0,1,1,0
1644,27,420,1221,1.000000,1.000000,1.000000,1.000000,0,0,0,0
1645,29,421,1221,1.000000,1.000000,1.000000,1.000000,0,0,0,0
1646,27,421,1222,1.000000,1.000000,1.000000,1.000000,0,1,0,0
1647,25,421,1223,1.000000,1.000000,1.000000,1.000000,1,0,0,0
1648,23,421,1224,1.000000,1.000000,1.000000,1.000000,0,0,1,0
1649,21,421,1225,1.000000,1.000000,1.000000,1.000000,1,0,0,0
1650,29,422,1225,1.000000,1.000000,1.000000,1.000000,1,0,0,0
1651,27,422,1226,1.000000,1.000000,1.000000,1.000000,0,0,0,0
1652,29,423,1226,1.000000,1.000000,1.000000,1.000000,0,0,0,0
1653,27,423,1227,1.000000,1.000000,1.000000,1.000000,0,0,0,0
1654,25,423,1228,1.000000,1.000000,1.000000,1.000000,0,0,0,0
1655,23,423,1229,1.000000,1.000000,1.000000,1.000000,0,0,0,0
1656,21,423,1230,1.000000,1.000000,1.000000,1.000000,0,0,0,0
1657,19,423,1231,1.000000,1.000000,1.000000,1.000000,0,0,0,0
1658,17,423,1232,1.000000,1.000000,1.000000,1.000000,0,0,0,0
1659,15,423,1233,1.000000,1.000000,1.000000,1.000000,0,0,1,0
1660,13,423,1234,1.000000,1.000000,1.000000,1.000000,0,1,0,0
1661,29,424,1234,1.000000,1.000000,1.000000,1.000000,0,1,0,0
1662,27,424,1235,1.000000,1.000000,1.000000,1.000000,0,0,1,0
1663,29,425,1235,1.000000,1.000000,1.000000,1.000000,0,0,1,0
1664,27,425,1236,1.000000,1.000000,1.000000,1.000000,0,0,0,0
1665,29,426,1236,1.000000,1.000000,1.000000,1.000000,0,0,0,0
1666,27,426,1237,1.000000,1.000000,1.000000,1.000000,0,0,0,0
1667,25,426,1238,1.000000,1.000000,1.000000,1.000000,0,0,0,0
1668,23,426,1239,1.000000,1.000000,1.000000,1.000000,0,0,0,0
1669,21,426,1240,1.000000,1.000000,1.000000,1.000000,0,0,0,0
1670,19,426,1241,1.000000,1.000000,1.000000,1.000000,0,0,0,0
1671,17,426,1242,1.000000,1.000000,1.000000,1.000000,0,0,0,0
1672,15,426,1243,1.000000,1.000000,1.000000,1.000000,0,0,0,0
1673,13,426,1244,1.000000,1.000000,1.000000,1.000000,0,0,0,0
1674,11,426,1245,1.000000,1.000000,1.000000,1.000000,0,0,0,0
1675,9,426,1246,1.000000,1.000000,1.000000,1.000000,0,0,0,0
1676,7,426,1247,1.000000,1.000000,1.000000,1.000000,1,0,0,0
1677,5,426,1248,1.000000,1.000000,1.000000,1.000000,0,1,0,0
1678,29,427,1248,1.000000,1.000000,1.000000,1.000000,0,1,0,0
1679,27,427,1249,1.000000,1.000000,1.000000,1.000000,0,0,1,0
1680,25,427,1250,1.000000,1.000000,1.000000,1.000000,1,0,0,0
1681,29,428,1250,1.000000,1.000000,1.000000,1.000000,1,0,0,0
1682,27,428,1251,1.000000,1.000000,1.000000,1.000000,0,0,0,0
1683,29,429,1251,1.000000,1.000000,1.000000,1.000000,0,0,0,0
1684,27,429,1252,1.000000,1.000000,1.000000,1.000000,0,0,0,0
1685,25,429,1253,1.000000,1.000000,1.000000,1.000000,0,0,0,0
1686,23,429,1254,1.000000,1.000000,1.000000,1.000000,0,0,0,0
1687,21,429,1255,1.000000,1.000000,1.000000,1.000000,0,0,0,0
1688,19,429,1256,1.000000,1.000000,1.000000,1.000000,0,0,0,0
1689,17,429,1257,1.000000,1.000000,1.000000,1.000000,0,0,0,0
1690,15,429,1258,1.000000,1.000000,1.000000,1.000000,0,0,0,0
1691,13,429,1259,1.000000,1.000000,1.000000,1.000000,0,0,0,0
1692,11,429,1260,1.000000,1.000000,1.000000,1.000000,0,0,0,0
1693,9,429,1261,1.000000,1.000000,1.000000,1.000000,0,0,0,0
1694,7,429,1262,1.000000,1.000000,1.000000,1.000000,0,0,0,0
1695,5,429,1263,1.000000,1.000000,1.000000,1.000000,0,0,0,0
1696,3,429,1264,1.000000,1.000000,1.000000,1.000000,0,0,0,0
1697,1,429,1265,1.000000,1.000000,1.000000,1.000000,0,0,1,0
1698,0,429,1266,1.000000,1.000000,1.000000,1.000000,0,0,0,0
