tick,energy,eats,distance,conn_1_6_weight,conn_2_7_weight,conn_3_8_weight,conn_4_9_weight,food_north_sensed,food_east_sensed,food_south_sensed,food_west_sensed
0,30,0,0,0.050000,0.050000,0.050000,0.050000,0,0,0,0
1,29,0,0,0.050000,0.050000,0.056518,0.050000,0,0,1,0
2,27,0,1,0.060918,0.060918,0.057051,0.050000,1,1,0,0
3,25,0,2,0.061490,0.061490,0.057051,0.050000,0,0,0,0
4,23,0,3,0.074722,0.074722,0.057051,0.050000,1,1,0,0
5,21,0,4,0.075414,0.075414,0.057051,0.050000,0,0,0,0
6,29,1,4,0.075414,0.075414,0.057051,0.050000,0,0,0,0
7,27,1,5,0.091353,0.091353,0.057051,0.050000,1,1,0,0
8,25,1,6,0.092183,0.101770,0.057051,0.050000,0,1,0,0
9,29,2,6,0.092183,0.114233,0.057051,0.050000,0,1,0,0
10,27,2,7,0.092183,0.131379,0.057051,0.050000,0,1,0,0
11,25,2,8,0.092183,0.132521,0.057051,0.050000,0,0,0,0
12,23,2,9,0.092183,0.132521,0.057051,0.050000,0,0,0,0
13,21,2,10,0.092183,0.132521,0.057051,0.060918,0,0,0,1
14,19,2,11,0.092183,0.132521,0.057051,0.070044,0,0,0,1
15,17,2,12,0.092183,0.132521,0.057051,0.070695,0,0,0,0
16,15,2,13,0.092183,0.132521,0.057051,0.070695,0,0,0,0
17,13,2,14,0.092183,0.132521,0.057051,0.070695,0,0,0,0
18,11,2,15,0.092183,0.132521,0.057051,0.070695,0,0,0,0
19,9,2,16,0.092183,0.132521,0.057051,0.070695,0,0,0,0
20,7,2,17,0.092183,0.145636,0.057051,0.070695,0,1,0,0
21,5,2,18,0.092183,0.161154,0.063237,0.070695,0,1,1,0
22,29,3,18,0.092183,0.193041,0.077523,0.070695,0,1,1,0
23,27,3,19,0.092183,0.194598,0.086512,0.070695,0,0,1,0
24,29,4,19,0.092183,0.194598,0.104534,0.070695,0,0,1,0
25,27,4,20,0.092183,0.212365,0.116264,0.078239,0,1,1,1
26,29,5,20,0.092183,0.251370,0.140746,0.095571,0,1,1,1
27,27,5,21,0.092183,0.274561,0.155838,0.096436,0,1,1,0
28,29,6,21,0.092183,0.320375,0.186905,0.096436,0,1,1,0
29,27,6,22,0.101770,0.322553,0.188425,0.096436,1,0,0,0
30,29,7,22,0.123623,0.322553,0.188425,0.096436,1,0,0,0
31,27,7,23,0.124707,0.322553,0.188425,0.096436,0,0,0,0
32,25,7,24,0.137170,0.322553,0.188425,0.096436,1,0,0,0
33,23,7,25,0.138353,0.322553,0.188425,0.096436,0,0,0,0
34,29,8,25,0.138353,0.322553,0.188425,0.096436,0,0,0,0
35,27,8,26,0.138353,0.322553,0.188425,0.096436,0,0,0,0
36,25,8,27,0.138353,0.322553,0.188425,0.096436,0,0,0,0
37,23,8,28,0.138353,0.322553,0.188425,0.096436,0,0,0,0
38,21,8,29,0.138353,0.322553,0.188425,0.096436,0,0,0,0
39,19,8,30,0.138353,0.322553,0.188425,0.096436,0,0,0,0
40,17,8,31,0.151945,0.322553,0.188425,0.096436,1,0,0,0
41,15,8,32,0.153234,0.351540,0.188425,0.096436,0,1,0,0
42,13,8,33,0.173652,0.388770,0.188425,0.110263,1,1,0,1
43,11,8,34,0.175087,0.391146,0.207405,0.111244,0,0,1,0
44,29,9,34,0.175087,0.391146,0.231291,0.111244,0,0,1,0
45,27,9,35,0.175087,0.391146,0.233069,0.124707,0,0,0,1
46,25,9,36,0.175087,0.391146,0.233069,0.139545,0,0,0,1
47,29,10,36,0.175087,0.391146,0.233069,0.157154,0,0,0,1
48,27,10,37,0.175087,0.391146,0.233069,0.158478,0,0,0,0
49,25,10,38,0.175087,0.391146,0.233069,0.158478,0,0,0,0
50,23,10,39,0.175087,0.391146,0.233069,0.182403,0,0,0,1
51,21,10,40,0.175087,0.391146,0.233069,0.202531,0,0,0,1
52,19,10,41,0.175087,0.391146,0.233069,0.204146,0,0,0,0
53,17,10,42,0.175087,0.391146,0.233069,0.229523,0,0,0,1
54,15,10,43,0.191493,0.391146,0.253252,0.251370,1,0,1,1
55,29,11,43,0.227764,0.391146,0.296956,0.294877,1,0,1,1
56,27,11,44,0.249498,0.391146,0.299044,0.296956,1,0,0,0
57,29,12,44,0.278554,0.391146,0.299044,0.296956,1,0,0,0
58,27,12,45,0.280564,0.391146,0.299044,0.320375,0,0,0,1
59,29,13,45,0.280564,0.391146,0.299044,0.351540,0,0,0,1
60,27,13,46,0.280564,0.391146,0.299044,0.353820,0,0,0,0
61,25,13,47,0.280564,0.391146,0.299044,0.379319,0,0,0,1
62,23,13,48,0.324738,0.391146,0.299044,0.381674,1,0,0,0
63,21,13,49,0.326931,0.391146,0.299044,0.381674,0,0,0,0
64,19,13,50,0.374628,0.442093,0.299044,0.432257,1,1,0,1
65,17,13,51,0.376971,0.471849,0.299044,0.434712,0,1,0,0
66,29,14,51,0.376971,0.504315,0.299044,0.434712,0,1,0,0
67,27,14,52,0.376971,0.506815,0.322553,0.434712,0,0,1,0
68,29,15,52,0.376971,0.506815,0.349267,0.434712,0,0,1,0
69,27,15,53,0.376971,0.506815,0.351540,0.434712,0,0,0,0
70,25,15,54,0.376971,0.506815,0.351540,0.464382,0,0,0,1
71,23,15,55,0.376971,0.506815,0.351540,0.494315,0,0,0,1
72,29,16,55,0.376971,0.506815,0.351540,0.524299,0,0,0,1
73,27,16,56,0.376971,0.506815,0.376971,0.526793,0,0,1,0
74,29,17,56,0.376971,0.506815,0.422476,0.526793,0,0,1,0
75,27,17,57,0.376971,0.506815,0.424916,0.526793,0,0,0,0
76,29,18,57,0.376971,0.506815,0.424916,0.526793,0,0,0,0
77,27,18,58,0.376971,0.506815,0.424916,0.526793,0,0,0,0
78,25,18,59,0.376971,0.506815,0.424916,0.526793,0,0,0,0
79,23,18,60,0.376971,0.506815,0.424916,0.554117,0,0,0,1
80,21,18,61,0.376971,0.506815,0.456931,0.588415,0,0,1,1
81,29,19,61,0.376971,0.506815,0.496815,0.626584,0,0,1,1
82,27,19,62,0.376971,0.506815,0.499315,0.628923,0,0,0,0
83,29,20,62,0.376971,0.506815,0.499315,0.628923,0,0,0,0
84,27,20,63,0.376971,0.506815,0.499315,0.654246,0,0,0,1
85,25,20,64,0.376971,0.506815,0.499315,0.656508,0,0,0,0
86,23,20,65,0.403104,0.506815,0.499315,0.656508,1,0,0,0
87,21,20,66,0.405510,0.506815,0.499315,0.656508,0,0,0,0
88,19,20,67,0.405510,0.506815,0.499315,0.656508,0,0,0,0
89,17,20,68,0.405510,0.506815,0.499315,0.656508,0,0,0,0
90,15,20,69,0.432257,0.506815,0.499315,0.656508,1,0,0,0
91,13,20,70,0.434712,0.506815,0.499315,0.656508,0,0,0,0
92,11,20,71,0.434712,0.506815,0.499315,0.680910,0,0,0,1
93,9,20,72,0.461896,0.506815,0.499315,0.683083,1,0,0,0
94,29,21,72,0.501815,0.506815,0.499315,0.683083,1,0,0,0
95,27,21,73,0.504315,0.506815,0.499315,0.706447,0,0,0,1
96,29,22,73,0.504315,0.506815,0.499315,0.730754,0,0,0,1
97,27,22,74,0.504315,0.506815,0.499315,0.732722,0,0,0,0
98,29,23,74,0.504315,0.506815,0.499315,0.732722,0,0,0,0
99,27,23,75,0.504315,0.506815,0.499315,0.732722,0,0,0,0
100,25,23,76,0.504315,0.506815,0.499315,0.732722,0,0,0,0
101,23,23,77,0.504315,0.506815,0.499315,0.753756,0,0,0,1
102,21,23,78,0.504315,0.506815,0.499315,0.775401,0,0,0,1
103,29,24,78,0.504315,0.506815,0.499315,0.795663,0,0,0,1
104,27,24,79,0.546689,0.506815,0.541726,0.797289,1,0,1,0
105,29,25,79,0.590837,0.506815,0.585989,0.797289,1,0,1,0
106,27,25,80,0.593254,0.506815,0.588415,0.797289,0,0,0,0
107,29,26,80,0.593254,0.506815,0.588415,0.797289,0,0,0,0
108,27,26,81,0.593254,0.506815,0.614799,0.814539,0,0,1,1
109,25,26,82,0.593254,0.506815,0.617167,0.816049,0,0,0,0
110,29,27,82,0.593254,0.506815,0.617167,0.816049,0,0,0,0
111,27,27,83,0.593254,0.506815,0.617167,0.832041,0,0,0,1
112,25,27,84,0.619530,0.506815,0.617167,0.833439,1,0,0,0
113,29,28,84,0.647419,0.506815,0.617167,0.833439,1,0,0,0
114,27,28,85,0.674345,0.506815,0.617167,0.848203,1,0,0,1
115,29,29,85,0.700175,0.506815,0.617167,0.863067,1,0,0,1
116,27,29,86,0.702274,0.506815,0.617167,0.864249,0,0,0,0
117,29,30,86,0.702274,0.506815,0.617167,0.864249,0,0,0,0
118,27,30,87,0.724798,0.534267,0.617167,0.876690,1,1,0,1
119,25,30,88,0.726792,0.536755,0.617167,0.877771,0,0,0,0
120,29,31,88,0.726792,0.536755,0.617167,0.877771,0,0,0,0
121,27,31,89,0.726792,0.563983,0.617167,0.877771,0,1,0,0
122,25,31,90,0.726792,0.566442,0.617167,0.877771,0,0,0,0
123,29,32,90,0.726792,0.566442,0.617167,0.877771,0,0,0,0
124,27,32,91,0.726792,0.566442,0.642833,0.877771,0,0,1,0
125,25,32,92,0.726792,0.593254,0.645129,0.877771,0,1,0,0
126,29,33,92,0.726792,0.624238,0.645129,0.877771,0,1,0,0
127,27,33,93,0.726792,0.651977,0.645129,0.877771,0,1,0,0
128,29,34,93,0.726792,0.678730,0.645129,0.877771,0,1,0,0
129,27,34,94,0.748131,0.680910,0.669930,0.877771,1,0,1,0
130,29,35,94,0.770119,0.680910,0.695951,0.877771,1,0,1,0
131,27,35,95,0.771889,0.708521,0.724798,0.877771,0,1,1,0
132,29,36,95,0.771889,0.732722,0.748131,0.877771,0,1,1,0
133,27,36,96,0.771889,0.734680,0.750015,0.877771,0,0,0,0
134,29,37,96,0.771889,0.734680,0.750015,0.877771,0,0,0,0
135,27,37,97,0.790728,0.734680,0.770119,0.877771,1,0,1,0
136,25,37,98,0.792383,0.734680,0.771889,0.877771,0,0,0,0
137,29,38,98,0.792383,0.734680,0.771889,0.877771,0,0,0,0
138,27,38,99,0.792383,0.734680,0.771889,0.877771,0,0,0,0
139,25,38,100,0.792383,0.734680,0.771889,0.877771,0,0,0,0
140,23,38,101,0.792383,0.734680,0.771889,0.877771,0,0,0,0
141,21,38,102,0.792383,0.755612,0.771889,0.889132,0,1,0,1
142,19,38,103,0.792383,0.777143,0.771889,0.890118,0,1,0,0
143,29,39,103,0.792383,0.797289,0.771889,0.890118,0,1,0,0
144,27,39,104,0.792383,0.798905,0.771889,0.890118,0,0,0,0
145,29,40,104,0.792383,0.798905,0.771889,0.890118,0,0,0,0
146,27,40,105,0.809949,0.798905,0.771889,0.890118,1,0,0,0
147,25,40,106,0.811489,0.798905,0.771889,0.890118,0,0,0,0
148,23,40,107,0.811489,0.798905,0.771889,0.890118,0,0,0,0
149,21,40,108,0.811489,0.798905,0.771889,0.890118,0,0,0,0
150,19,40,109,0.811489,0.816049,0.771889,0.890118,0,1,0,0
151,17,40,110,0.811489,0.817550,0.771889,0.890118,0,0,0,0
152,29,41,110,0.811489,0.817550,0.771889,0.890118,0,0,0,0
153,27,41,111,0.811489,0.817550,0.771889,0.890118,0,0,0,0
154,25,41,112,0.811489,0.833439,0.771889,0.890118,0,1,0,0
155,23,41,113,0.811489,0.834827,0.771889,0.890118,0,0,0,0
156,29,42,113,0.811489,0.834827,0.771889,0.890118,0,0,0,0
157,27,42,114,0.811489,0.834827,0.771889,0.890118,0,0,0,0
158,25,42,115,0.811489,0.849490,0.771889,0.890118,0,1,0,0
159,23,42,116,0.827793,0.850769,0.771889,0.890118,1,0,0,0
160,29,43,116,0.844286,0.850769,0.771889,0.890118,1,0,0,0
161,27,43,117,0.845601,0.850769,0.771889,0.890118,0,0,0,0
162,29,44,117,0.845601,0.850769,0.771889,0.890118,0,0,0,0
163,27,44,118,0.845601,0.850769,0.771889,0.890118,0,0,0,0
164,25,44,119,0.845601,0.850769,0.771889,0.890118,0,0,0,0
165,23,44,120,0.845601,0.850769,0.771889,0.890118,0,0,0,0
166,21,44,121,0.845601,0.864249,0.771889,0.890118,0,1,0,0
167,19,44,122,0.845601,0.865422,0.771889,0.890118,0,0,0,0
168,29,45,122,0.845601,0.865422,0.771889,0.890118,0,0,0,0
169,27,45,123,0.845601,0.865422,0.771889,0.890118,0,0,0,0
170,25,45,124,0.845601,0.865422,0.790728,0.890118,0,0,1,0
171,23,45,125,0.845601,0.865422,0.809949,0.890118,0,0,1,0
172,29,46,125,0.845601,0.865422,0.827793,0.890118,0,0,1,0
173,27,46,126,0.845601,0.877771,0.829218,0.890118,0,1,0,0
174,29,47,126,0.845601,0.890118,0.829218,0.890118,0,1,0,0
175,27,47,127,0.845601,0.901360,0.829218,0.890118,0,1,0,0
176,29,48,127,0.845601,0.911567,0.829218,0.890118,0,1,0,0
177,27,48,128,0.845601,0.912373,0.829218,0.890118,0,0,0,0
178,29,49,128,0.845601,0.912373,0.829218,0.890118,0,0,0,0
179,27,49,129,0.859470,0.920811,0.829218,0.890118,1,1,0,0
180,25,49,130,0.860678,0.921540,0.829218,0.890118,0,0,0,0
181,29,50,130,0.860678,0.921540,0.829218,0.890118,0,0,0,0
182,27,50,131,0.860678,0.921540,0.829218,0.890118,0,0,0,0
183,25,50,132,0.860678,0.921540,0.829218,0.890118,0,0,0,0
184,23,50,133,0.860678,0.921540,0.844286,0.890118,0,0,1,0
185,21,50,134,0.860678,0.921540,0.845601,0.890118,0,0,0,0
186,29,51,134,0.860678,0.921540,0.845601,0.890118,0,0,0,0
187,27,51,135,0.860678,0.921540,0.845601,0.890118,0,0,0,0
188,25,51,136,0.860678,0.921540,0.845601,0.890118,0,0,0,0
189,23,51,137,0.860678,0.921540,0.845601,0.890118,0,0,0,0
190,21,51,138,0.873397,0.921540,0.845601,0.890118,1,0,0,0
191,19,51,139,0.886129,0.921540,0.845601,0.890118,1,0,0,0
192,29,52,139,0.897731,0.921540,0.845601,0.890118,1,0,0,0
193,27,52,140,0.898649,0.921540,0.845601,0.890118,0,0,0,0
194,29,53,140,0.898649,0.921540,0.845601,0.890118,0,0,0,0
195,27,53,141,0.898649,0.921540,0.845601,0.890118,0,0,0,0
196,25,53,142,0.908275,0.921540,0.845601,0.890118,1,0,0,0
197,23,53,143,0.909108,0.921540,0.845601,0.890118,0,0,0,0
198,21,53,144,0.909108,0.929165,0.845601,0.890118,0,1,0,0
199,19,53,145,0.909108,0.929823,0.845601,0.890118,0,0,0,0
200,29,54,145,0.909108,0.929823,0.845601,0.890118,0,0,0,0
201,27,54,146,0.909108,0.929823,0.845601,0.890118,0,0,0,0
202,25,54,147,0.909108,0.929823,0.845601,0.890118,0,0,0,0
203,23,54,148,0.909108,0.929823,0.845601,0.890118,0,0,0,0
204,21,54,149,0.909108,0.929823,0.845601,0.890118,0,0,0,0
205,19,54,150,0.909108,0.929823,0.845601,0.890118,0,0,0,0
206,17,54,151,0.909108,0.929823,0.845601,0.890118,0,0,0,0
207,15,54,152,0.909108,0.929823,0.845601,0.890118,0,0,0,0
208,13,54,153,0.909108,0.929823,0.845601,0.890118,0,0,0,0
209,11,54,154,0.909108,0.929823,0.845601,0.900464,0,0,0,1
210,9,54,155,0.917832,0.929823,0.845601,0.901360,1,0,0,0
211,29,55,155,0.926475,0.929823,0.845601,0.901360,1,0,0,0
212,27,55,156,0.927156,0.929823,0.845601,0.910754,0,0,0,1
213,29,56,156,0.927156,0.929823,0.845601,0.920076,0,0,0,1
214,27,56,157,0.927156,0.929823,0.845601,0.920811,0,0,0,0
215,29,57,157,0.927156,0.929823,0.845601,0.920811,0,0,0,0
216,27,57,158,0.927156,0.929823,0.845601,0.920811,0,0,0,0
217,25,57,159,0.927156,0.929823,0.845601,0.920811,0,0,0,0
218,23,57,160,0.927156,0.929823,0.845601,0.920811,0,0,0,0
219,21,57,161,0.927156,0.929823,0.845601,0.920811,0,0,0,0
220,19,57,162,0.927156,0.929823,0.845601,0.920811,0,0,0,0
221,17,57,163,0.927156,0.929823,0.845601,0.920811,0,0,0,0
222,15,57,164,0.927156,0.929823,0.845601,0.920811,0,0,0,0
223,13,57,165,0.927156,0.929823,0.859470,0.920811,0,0,1,0
224,11,57,166,0.927156,0.929823,0.873397,0.920811,0,0,1,0
225,9,57,167,0.934274,0.929823,0.874503,0.920811,1,0,0,0
226,29,58,167,0.941299,0.929823,0.874503,0.920811,1,0,0,0
227,27,58,168,0.941852,0.929823,0.874503,0.920811,0,0,0,0
228,29,59,168,0.941852,0.929823,0.874503,0.920811,0,0,0,0
229,27,59,169,0.941852,0.929823,0.874503,0.920811,0,0,0,0
230,25,59,170,0.947616,0.936699,0.874503,0.920811,1,1,0,0
231,23,59,171,0.953287,0.937292,0.874503,0.920811,1,0,0,0
232,29,60,171,0.958371,0.937292,0.874503,0.920811,1,0,0,0
233,27,60,172,0.958770,0.937292,0.874503,0.928501,0,0,0,1
234,29,61,172,0.958770,0.937292,0.874503,0.936100,0,0,0,1
235,27,61,173,0.958770,0.937292,0.874503,0.936699,0,0,0,0
236,29,62,173,0.958770,0.937292,0.874503,0.936699,0,0,0,0
237,27,62,174,0.958770,0.937292,0.874503,0.936699,0,0,0,0
238,25,62,175,0.958770,0.937292,0.874503,0.936699,0,0,0,0
239,23,62,176,0.958770,0.937292,0.874503,0.936699,0,0,0,0
240,21,62,177,0.958770,0.937292,0.874503,0.936699,0,0,0,0
241,19,62,178,0.958770,0.937292,0.886129,0.936699,0,0,1,0
242,17,62,179,0.958770,0.937292,0.887138,0.936699,0,0,0,0
243,29,63,179,0.958770,0.937292,0.887138,0.936699,0,0,0,0
244,27,63,180,0.958770,0.937292,0.887138,0.936699,0,0,0,0
245,25,63,181,0.958770,0.937292,0.887138,0.936699,0,0,0,0
246,23,63,182,0.958770,0.943480,0.887138,0.936699,0,1,0,0
247,21,63,183,0.958770,0.944014,0.897731,0.942942,0,0,1,1
248,19,63,184,0.958770,0.944014,0.898649,0.943480,0,0,0,0
249,29,64,184,0.958770,0.944014,0.898649,0.943480,0,0,0,0
250,27,64,185,0.958770,0.944014,0.898649,0.949092,0,0,0,1
251,25,64,186,0.958770,0.944014,0.898649,0.954611,0,0,0,1
252,29,65,186,0.958770,0.944014,0.898649,0.959557,0,0,0,1
253,27,65,187,0.958770,0.944014,0.898649,0.963985,0,0,0,1
254,29,66,187,0.958770,0.944014,0.898649,0.967944,0,0,0,1
255,27,66,188,0.962924,0.944014,0.898649,0.968255,1,0,0,0
256,29,67,188,0.966996,0.944014,0.898649,0.968255,1,0,0,0
257,27,67,189,0.967315,0.944014,0.898649,0.968255,0,0,0,0
258,29,68,189,0.967315,0.944014,0.898649,0.968255,0,0,0,0
259,27,68,190,0.967315,0.944014,0.898649,0.968255,0,0,0,0
260,25,68,191,0.967315,0.944014,0.898649,0.968255,0,0,0,0
261,23,68,192,0.967315,0.944014,0.898649,0.968255,0,0,0,0
262,21,68,193,0.967315,0.944014,0.898649,0.968255,0,0,0,0
263,19,68,194,0.967315,0.944014,0.898649,0.968255,0,0,0,0
264,17,68,195,0.967315,0.944014,0.898649,0.968255,0,0,0,0
265,15,68,196,0.967315,0.944014,0.898649,0.968255,0,0,0,0
266,13,68,197,0.967315,0.944014,0.908275,0.968255,0,0,1,0
267,11,68,198,0.967315,0.944014,0.917832,0.971481,0,0,1,1
268,29,69,198,0.967315,0.944014,0.926475,0.974639,0,0,1,1
269,27,69,199,0.967315,0.944014,0.927156,0.974886,0,0,0,0
270,29,70,199,0.967315,0.944014,0.927156,0.974886,0,0,0,0
271,27,70,200,0.967315,0.944014,0.927156,0.977454,0,0,0,1
272,25,70,201,0.967315,0.944014,0.927156,0.979964,0,0,0,1
273,23,70,202,0.967315,0.949575,0.934274,0.980160,0,1,1,0
274,29,71,202,0.967315,0.955044,0.941299,0.980160,0,1,1,0
275,27,71,203,0.967315,0.955473,0.941852,0.980160,0,0,0,0
276,29,72,203,0.967315,0.955473,0.941852,0.980160,0,0,0,0
277,27,72,204,0.967315,0.955473,0.941852,0.982200,0,0,0,1
278,25,72,205,0.967315,0.955473,0.947616,0.984190,0,0,1,1
279,23,72,206,0.967315,0.959945,0.948112,0.984345,0,1,0,0
280,29,73,206,0.967315,0.964332,0.948112,0.984345,0,1,0,0
281,27,73,207,0.967315,0.964676,0.953287,0.984345,0,0,1,0
282,29,74,207,0.967315,0.964676,0.958371,0.984345,0,0,1,0
283,27,74,208,0.967315,0.964676,0.962924,0.984345,0,0,1,0
284,29,75,208,0.967315,0.964676,0.966996,0.984345,0,0,1,0
285,27,75,209,0.967315,0.968255,0.970634,0.985960,0,1,1,1
286,29,76,209,0.967315,0.971758,0.973883,0.987535,0,1,1,1
287,27,76,210,0.967315,0.972033,0.976780,0.987659,0,0,1,0
288,29,77,210,0.967315,0.972033,0.979364,0.987659,0,0,1,0
289,27,77,211,0.967315,0.974886,0.979566,0.988936,0,1,0,1
290,29,78,211,0.967315,0.977675,0.979566,0.990180,0,1,0,1
291,27,78,212,0.967315,0.977893,0.981665,0.990278,0,0,1,0
292,25,78,213,0.970634,0.977893,0.983714,0.990278,1,0,1,0
293,29,79,213,0.973883,0.977893,0.985537,0.990278,1,0,1,0
294,27,79,214,0.974137,0.977893,0.985680,0.990278,0,0,0,0
295,29,80,214,0.974137,0.977893,0.985680,0.990278,0,0,0,0
296,27,80,215,0.974137,0.977893,0.985680,0.990278,0,0,0,0
297,25,80,216,0.974137,0.977893,0.985680,0.990278,0,0,0,0
298,23,80,217,0.974137,0.977893,0.985680,0.991286,0,0,0,1
299,21,80,218,0.976780,0.977893,0.985680,0.991373,1,0,0,0
300,19,80,219,0.977007,0.977893,0.987159,0.991373,0,0,1,0
301,17,80,220,0.979364,0.977893,0.987286,0.991373,1,0,0,0
302,29,81,220,0.981665,0.977893,0.987286,0.991373,1,0,0,0
303,27,81,221,0.981845,0.977893,0.987286,0.991373,0,0,0,0
304,29,82,221,0.981845,0.977893,0.987286,0.991373,0,0,0,0
305,27,82,222,0.981845,0.977893,0.987286,0.991373,0,0,0,0
306,25,82,223,0.981845,0.977893,0.987286,0.991373,0,0,0,0
307,23,82,224,0.981845,0.977893,0.987286,0.991373,0,0,0,0
308,21,82,225,0.981845,0.977893,0.987286,0.992269,0,0,0,1
309,19,82,226,0.981845,0.977893,0.987286,0.992345,0,0,0,0
310,29,83,226,0.981845,0.977893,0.987286,0.992345,0,0,0,0
311,27,83,227,0.981845,0.977893,0.987286,0.992345,0,0,0,0
312,25,83,228,0.981845,0.977893,0.988601,0.992345,0,0,1,0
313,23,83,229,0.981845,0.977893,0.988714,0.992345,0,0,0,0
314,29,84,229,0.981845,0.977893,0.988714,0.992345,0,0,0,0
315,27,84,230,0.981845,0.977893,0.989883,0.992345,0,0,1,0
316,25,84,231,0.981845,0.977893,0.989983,0.992345,0,0,0,0
317,29,85,231,0.981845,0.977893,0.989983,0.992345,0,0,0,0
318,27,85,232,0.981845,0.977893,0.989983,0.992345,0,0,0,0
319,25,85,233,0.981845,0.977893,0.989983,0.992345,0,0,0,0
320,23,85,234,0.981845,0.980160,0.989983,0.992345,0,1,0,0
321,21,85,235,0.981845,0.982374,0.989983,0.992345,0,1,0,0
322,29,86,235,0.981845,0.984345,0.989983,0.992345,0,1,0,0
323,27,86,236,0.983714,0.986099,0.991022,0.992345,1,1,1,0
324,29,87,236,0.985537,0.987659,0.992034,0.992345,1,1,1,0
325,27,87,237,0.985680,0.989045,0.992932,0.992345,0,1,1,0
326,29,88,237,0.985680,0.990278,0.993730,0.992345,0,1,1,0
327,27,88,238,0.987159,0.990374,0.993793,0.992345,1,0,0,0
328,25,88,239,0.987286,0.990374,0.994439,0.992345,0,0,1,0
329,29,89,239,0.987286,0.990374,0.995067,0.992345,0,0,1,0
330,27,89,240,0.987286,0.990374,0.995116,0.992345,0,0,0,0
331,29,90,240,0.987286,0.990374,0.995116,0.992345,0,0,0,0
332,27,90,241,0.987286,0.990374,0.995116,0.993141,0,0,0,1
333,25,90,242,0.987286,0.990374,0.995625,0.993209,0,0,1,0
334,29,91,242,0.987286,0.990374,0.996120,0.993209,0,0,1,0
335,27,91,243,0.987286,0.990374,0.996159,0.993915,0,0,0,1
336,29,92,243,0.987286,0.990374,0.996159,0.994603,0,0,0,1
337,27,92,244,0.987286,0.990374,0.996159,0.994657,0,0,0,0
338,29,93,244,0.987286,0.990374,0.996159,0.994657,0,0,0,0
339,27,93,245,0.987286,0.990374,0.996159,0.994657,0,0,0,0
340,25,93,246,0.987286,0.990374,0.996159,0.994657,0,0,0,0
341,23,93,247,0.987286,0.990374,0.996159,0.994657,0,0,0,0
342,21,93,248,0.987286,0.990374,0.996159,0.994657,0,0,0,0
343,19,93,249,0.987286,0.990374,0.996560,0.994657,0,0,1,0
344,17,93,250,0.987286,0.991373,0.996949,0.995213,0,1,1,1
345,29,94,250,0.987286,0.992345,0.997295,0.995755,0,1,1,1
346,27,94,251,0.987286,0.992421,0.997322,0.995797,0,0,0,0
347,29,95,251,0.987286,0.992421,0.997322,0.995797,0,0,0,0
348,27,95,252,0.987286,0.992421,0.997322,0.995797,0,0,0,0
349,25,95,253,0.987286,0.992421,0.997322,0.995797,0,0,0,0
350,23,95,254,0.987286,0.992421,0.997322,0.995797,0,0,0,0
351,21,95,255,0.987286,0.992421,0.997322,0.995797,0,0,0,0
352,19,95,256,0.987286,0.992421,0.997322,0.995797,0,0,0,0
353,17,95,257,0.987286,0.992421,0.997322,0.995797,0,0,0,0
354,15,95,258,0.987286,0.992421,0.997322,0.995797,0,0,0,0
355,13,95,259,0.987286,0.992421,0.997322,0.995797,0,0,0,0
356,11,95,260,0.987286,0.992421,0.997322,0.996235,0,0,0,1
357,9,95,261,0.987286,0.992421,0.997602,0.996273,0,0,1,0
358,29,96,261,0.987286,0.992421,0.997873,0.996273,0,0,1,0
359,27,96,262,0.987286,0.992421,0.997895,0.996661,0,0,0,1
360,29,97,262,0.987286,0.992421,0.997895,0.997040,0,0,0,1
361,27,97,263,0.987286,0.992421,0.997895,0.997375,0,0,0,1
362,29,98,263,0.987286,0.992421,0.997895,0.997673,0,0,0,1
363,27,98,264,0.987286,0.992421,0.997895,0.997696,0,0,0,0
364,29,99,264,0.987286,0.992421,0.997895,0.997696,0,0,0,0
365,27,99,265,0.988601,0.992421,0.997895,0.997696,1,0,0,0
366,25,99,266,0.989883,0.992421,0.997895,0.997936,1,0,0,1
367,29,100,266,0.991022,0.992421,0.997895,0.998171,1,0,0,1
368,27,100,267,0.991111,0.992421,0.997895,0.998378,0,0,0,1
369,29,101,267,0.991111,0.992421,0.997895,0.998562,0,0,0,1
370,27,101,268,0.991111,0.992421,0.998115,0.998576,0,0,1,0
371,29,102,268,0.991111,0.992421,0.998328,0.998576,0,0,1,0
372,27,102,269,0.991111,0.992421,0.998345,0.998576,0,0,0,0
373,29,103,269,0.991111,0.992421,0.998345,0.998576,0,0,0,0
374,27,103,270,0.991111,0.992421,0.998345,0.998576,0,0,0,0
375,25,103,271,0.991111,0.992421,0.998345,0.998576,0,0,0,0
376,23,103,272,0.991111,0.992421,0.998518,0.998576,0,0,1,0
377,21,103,273,0.991111,0.993209,0.998533,0.998576,0,1,0,0
378,29,104,273,0.991111,0.993976,0.998533,0.998725,0,1,0,1
379,27,104,274,0.991111,0.994657,0.998686,0.998738,0,1,1,0
380,29,105,274,0.991111,0.995261,0.998835,0.998738,0,1,1,0
381,27,105,275,0.991111,0.995308,0.998968,0.998738,0,0,1,0
382,25,105,276,0.992034,0.995308,0.998978,0.998738,1,0,0,0
383,29,106,276,0.992932,0.995308,0.998978,0.998738,1,0,0,0
384,27,106,277,0.993003,0.995308,0.998978,0.998738,0,0,0,0
385,29,107,277,0.993003,0.995308,0.998978,0.998738,0,0,0,0
386,27,107,278,0.993730,0.995308,0.998978,0.998738,1,0,0,0
387,25,107,279,0.993793,0.995308,0.998978,0.998738,0,0,0,0
388,29,108,279,0.993793,0.995308,0.998978,0.998738,0,0,0,0
389,27,108,280,0.993793,0.995308,0.998978,0.998738,0,0,0,0
390,25,108,281,0.993793,0.995308,0.998978,0.998738,0,0,0,0
391,23,108,282,0.993793,0.995308,0.998978,0.998738,0,0,0,0
392,21,108,283,0.993793,0.995308,0.998978,0.998870,0,0,0,1
393,29,109,283,0.993793,0.995308,0.998978,0.998998,0,0,0,1
394,27,109,284,0.993793,0.995308,0.998978,0.999008,0,0,0,0
395,29,110,284,0.993793,0.995308,0.998978,0.999008,0,0,0,0
396,27,110,285,0.993793,0.995308,0.999085,0.999008,0,0,1,0
397,25,110,286,0.993793,0.995308,0.999094,0.999008,0,0,0,0
398,29,111,286,0.993793,0.995308,0.999094,0.999008,0,0,0,0
399,27,111,287,0.993793,0.995308,0.999094,0.999112,0,0,0,1
400,25,111,288,0.993793,0.995308,0.999094,0.999121,0,0,0,0
401,29,112,288,0.993793,0.995308,0.999094,0.999121,0,0,0,0
402,27,112,289,0.993793,0.995308,0.999094,0.999121,0,0,0,0
403,25,112,290,0.993793,0.995308,0.999094,0.999121,0,0,0,0
404,23,112,291,0.993793,0.995308,0.999094,0.999121,0,0,0,0
405,21,112,292,0.993793,0.995308,0.999094,0.999121,0,0,0,0
406,19,112,293,0.993793,0.995308,0.999094,0.999121,0,0,0,0
407,17,112,294,0.993793,0.995308,0.999189,0.999121,0,0,1,0
408,15,112,295,0.993793,0.995797,0.999197,0.999121,0,1,0,0
409,29,113,295,0.993793,0.996273,0.999197,0.999121,0,1,0,0
410,27,113,296,0.993793,0.996310,0.999197,0.999121,0,0,0,0
411,29,114,296,0.993793,0.996310,0.999197,0.999121,0,0,0,0
412,27,114,297,0.993793,0.996310,0.999197,0.999121,0,0,0,0
413,25,114,298,0.993793,0.996310,0.999281,0.999121,0,0,1,0
414,23,114,299,0.993793,0.996695,0.999288,0.999213,0,1,0,1
415,29,115,299,0.993793,0.997069,0.999288,0.999302,0,1,0,1
416,27,115,300,0.993793,0.997098,0.999288,0.999381,0,0,0,1
417,29,116,300,0.993793,0.997098,0.999288,0.999452,0,0,0,1
418,27,116,301,0.993793,0.997098,0.999288,0.999457,0,0,0,0
419,29,117,301,0.993793,0.997098,0.999288,0.999457,0,0,0,0
420,27,117,302,0.993793,0.997098,0.999288,0.999514,0,0,0,1
421,25,117,303,0.993793,0.997098,0.999288,0.999519,0,0,0,0
422,29,118,303,0.993793,0.997098,0.999288,0.999519,0,0,0,0
423,27,118,304,0.993793,0.997098,0.999288,0.999519,0,0,0,0
424,25,118,305,0.993793,0.997098,0.999288,0.999569,0,0,0,1
425,23,118,306,0.993793,0.997098,0.999288,0.999573,0,0,0,0
426,29,119,306,0.993793,0.997098,0.999288,0.999573,0,0,0,0
427,27,119,307,0.993793,0.997098,0.999288,0.999573,0,0,0,0
428,25,119,308,0.993793,0.997098,0.999288,0.999573,0,0,0,0
429,23,119,309,0.993793,0.997098,0.999288,0.999573,0,0,0,0
430,21,119,310,0.993793,0.997098,0.999288,0.999573,0,0,0,0
431,19,119,311,0.993793,0.997098,0.999288,0.999573,0,0,0,0
432,17,119,312,0.993793,0.997098,0.999288,0.999573,0,0,0,0
433,15,119,313,0.993793,0.997098,0.999288,0.999573,0,0,0,0
434,13,119,314,0.993793,0.997098,0.999288,0.999573,0,0,0,0
435,11,119,315,0.993793,0.997098,0.999288,0.999573,0,0,0,0
436,9,119,316,0.993793,0.997098,0.999288,0.999573,0,0,0,0
437,7,119,317,0.994439,0.997098,0.999288,0.999573,1,0,0,0
438,5,119,318,0.994494,0.997098,0.999288,0.999618,0,0,0,1
439,29,120,318,0.994494,0.997098,0.999288,0.999661,0,0,0,1
440,27,120,319,0.994494,0.997098,0.999288,0.999665,0,0,0,0
441,29,121,319,0.994494,0.997098,0.999288,0.999665,0,0,0,0
442,27,121,320,0.994494,0.997098,0.999288,0.999665,0,0,0,0
443,25,121,321,0.994494,0.997098,0.999288,0.999665,0,0,0,0
444,23,121,322,0.994494,0.997098,0.999288,0.999665,0,0,0,0
445,21,121,323,0.994494,0.997098,0.999288,0.999665,0,0,0,0
446,19,121,324,0.994494,0.997098,0.999288,0.999665,0,0,0,0
447,17,121,325,0.994494,0.997098,0.999288,0.999665,0,0,0,0
448,15,121,326,0.994494,0.997098,0.999288,0.999665,0,0,0,0
449,13,121,327,0.994494,0.997098,0.999288,0.999665,0,0,0,0
450,11,121,328,0.994494,0.997098,0.999288,0.999665,0,0,0,0
451,9,121,329,0.995067,0.997098,0.999288,0.999665,1,0,0,0
452,7,121,330,0.995116,0.997098,0.999288,0.999665,0,0,0,0
453,29,122,330,0.995116,0.997098,0.999288,0.999665,0,0,0,0
454,27,122,331,0.995116,0.997098,0.999288,0.999665,0,0,0,0
455,25,122,332,0.995116,0.997098,0.999288,0.999665,0,0,0,0
456,23,122,333,0.995116,0.997098,0.999288,0.999700,0,0,0,1
457,21,122,334,0.995116,0.997098,0.999288,0.999703,0,0,0,0
458,19,122,335,0.995116,0.997098,0.999288,0.999703,0,0,0,0
459,17,122,336,0.995116,0.997401,0.999288,0.999703,0,1,0,0
460,15,122,337,0.995116,0.997427,0.999288,0.999703,0,0,0,0
461,29,123,337,0.995116,0.997427,0.999288,0.999703,0,0,0,0
462,27,123,338,0.995116,0.997427,0.999288,0.999703,0,0,0,0
463,25,123,339,0.995116,0.997427,0.999288,0.999703,0,0,0,0
464,23,123,340,0.995116,0.997427,0.999288,0.999703,0,0,0,0
465,21,123,341,0.995116,0.997427,0.999288,0.999703,0,0,0,0
466,19,123,342,0.995116,0.997427,0.999288,0.999703,0,0,0,0
467,17,123,343,0.995116,0.997427,0.999288,0.999703,0,0,0,0
468,15,123,344,0.995116,0.997427,0.999288,0.999703,0,0,0,0
469,13,123,345,0.995116,0.997427,0.999288,0.999703,0,0,0,0
470,11,123,346,0.995116,0.997427,0.999288,0.999703,0,0,0,0
471,9,123,347,0.995625,0.997427,0.999288,0.999703,1,0,0,0
472,7,123,348,0.995669,0.997427,0.999288,0.999703,0,0,0,0
473,29,124,348,0.995669,0.997427,0.999288,0.999703,0,0,0,0
474,27,124,349,0.995669,0.997427,0.999288,0.999703,0,0,0,0
475,25,124,350,0.995669,0.997427,0.999288,0.999703,0,0,0,0
476,23,124,351,0.995669,0.997427,0.999288,0.999703,0,0,0,0
477,21,124,352,0.995669,0.997427,0.999288,0.999703,0,0,0,0
478,19,124,353,0.995669,0.997427,0.999288,0.999703,0,0,0,0
479,17,124,354,0.995669,0.997427,0.999362,0.999703,0,0,1,0
480,15,124,355,0.995669,0.997427,0.999369,0.999703,0,0,0,0
481,29,125,355,0.995669,0.997427,0.999369,0.999703,0,0,0,0
482,27,125,356,0.995669,0.997427,0.999369,0.999703,0,0,0,0
483,25,125,357,0.995669,0.997696,0.999369,0.999703,0,1,0,0
484,23,125,358,0.995669,0.997719,0.999435,0.999703,0,0,1,0
485,29,126,358,0.995669,0.997719,0.999499,0.999703,0,0,1,0
486,27,126,359,0.995669,0.997719,0.999504,0.999703,0,0,0,0
487,29,127,359,0.995669,0.997719,0.999504,0.999703,0,0,0,0
488,27,127,360,0.995669,0.997957,0.999504,0.999703,0,1,0,0
489,25,127,361,0.995669,0.997977,0.999504,0.999703,0,0,0,0
490,29,128,361,0.995669,0.997977,0.999504,0.999703,0,0,0,0
491,27,128,362,0.995669,0.997977,0.999504,0.999703,0,0,0,0
492,25,128,363,0.995669,0.997977,0.999504,0.999734,0,0,0,1
493,23,128,364,0.995669,0.997977,0.999504,0.999737,0,0,0,0
494,29,129,364,0.995669,0.997977,0.999504,0.999737,0,0,0,0
495,27,129,365,0.995669,0.997977,0.999504,0.999764,0,0,0,1
496,25,129,366,0.995669,0.997977,0.999504,0.999791,0,0,0,1
497,23,129,367,0.995669,0.998189,0.999504,0.999793,0,1,0,0
498,29,130,367,0.995669,0.998394,0.999504,0.999793,0,1,0,0
499,27,130,368,0.995669,0.998410,0.999504,0.999793,0,0,0,0
500,29,131,368,0.995669,0.998410,0.999504,0.999793,0,0,0,0
501,27,131,369,0.995669,0.998410,0.999504,0.999793,0,0,0,0
502,25,131,370,0.995669,0.998576,0.999504,0.999793,0,1,0,0
503,23,131,371,0.996120,0.998591,0.999504,0.999793,1,0,0,0
504,29,132,371,0.996560,0.998591,0.999504,0.999793,1,0,0,0
505,27,132,372,0.996594,0.998591,0.999504,0.999793,0,0,0,0
506,29,133,372,0.996594,0.998591,0.999504,0.999793,0,0,0,0
507,27,133,373,0.996594,0.998738,0.999504,0.999793,0,1,0,0
508,25,133,374,0.996594,0.998751,0.999504,0.999793,0,0,0,0
509,29,134,374,0.996594,0.998751,0.999504,0.999793,0,0,0,0
510,27,134,375,0.996594,0.998751,0.999504,0.999793,0,0,0,0
511,25,134,376,0.996594,0.998751,0.999504,0.999793,0,0,0,0
512,23,134,377,0.996594,0.998751,0.999504,0.999793,0,0,0,0
513,21,134,378,0.996594,0.998751,0.999504,0.999793,0,0,0,0
514,19,134,379,0.996594,0.998751,0.999504,0.999793,0,0,0,0
515,17,134,380,0.996594,0.998751,0.999504,0.999793,0,0,0,0
516,15,134,381,0.996594,0.998751,0.999504,0.999793,0,0,0,0
517,13,134,382,0.996594,0.998751,0.999504,0.999793,0,0,0,0
518,11,134,383,0.996594,0.998751,0.999504,0.999793,0,0,0,0
519,9,134,384,0.996949,0.998751,0.999504,0.999815,1,0,0,1
520,7,134,385,0.996980,0.998751,0.999504,0.999817,0,0,0,0
521,29,135,385,0.996980,0.998751,0.999504,0.999817,0,0,0,0
522,27,135,386,0.996980,0.998751,0.999556,0.999817,0,0,1,0
523,25,135,387,0.996980,0.998751,0.999560,0.999817,0,0,0,0
524,29,136,387,0.996980,0.998751,0.999560,0.999817,0,0,0,0
525,27,136,388,0.996980,0.998751,0.999560,0.999817,0,0,0,0
526,25,136,389,0.996980,0.998881,0.999606,0.999817,0,1,1,0
527,23,136,390,0.996980,0.998892,0.999610,0.999817,0,0,0,0
528,29,137,390,0.996980,0.998892,0.999610,0.999817,0,0,0,0
529,27,137,391,0.996980,0.998892,0.999610,0.999817,0,0,0,0
530,25,137,392,0.996980,0.999008,0.999651,0.999817,0,1,1,0
531,23,137,393,0.997295,0.999018,0.999655,0.999817,1,0,0,0
532,21,137,394,0.997322,0.999121,0.999691,0.999817,0,1,1,0
533,29,138,394,0.997322,0.999221,0.999726,0.999817,0,1,1,0
534,27,138,395,0.997322,0.999228,0.999729,0.999817,0,0,0,0
535,29,139,395,0.997322,0.999228,0.999729,0.999817,0,0,0,0
536,27,139,396,0.997602,0.999228,0.999729,0.999817,1,0,0,0
537,25,139,397,0.997625,0.999309,0.999729,0.999817,0,1,0,0
538,29,140,397,0.997625,0.999388,0.999729,0.999817,0,1,0,0
539,27,140,398,0.997873,0.999394,0.999729,0.999817,1,0,0,0
540,25,140,399,0.997895,0.999394,0.999757,0.999817,0,0,1,0
541,29,141,399,0.997895,0.999394,0.999785,0.999817,0,0,1,0
542,27,141,400,0.997895,0.999394,0.999787,0.999817,0,0,0,0
543,29,142,400,0.997895,0.999394,0.999787,0.999817,0,0,0,0
544,27,142,401,0.997895,0.999394,0.999809,0.999817,0,0,1,0
545,25,142,402,0.997895,0.999457,0.999811,0.999817,0,1,0,0
546,23,142,403,0.997895,0.999519,0.999811,0.999836,0,1,0,1
547,29,143,403,0.997895,0.999573,0.999811,0.999854,0,1,0,1
548,27,143,404,0.997895,0.999578,0.999811,0.999856,0,0,0,0
549,29,144,404,0.997895,0.999578,0.999811,0.999856,0,0,0,0
550,27,144,405,0.997895,0.999578,0.999831,0.999856,0,0,1,0
551,25,144,406,0.997895,0.999578,0.999832,0.999856,0,0,0,0
552,29,145,406,0.997895,0.999578,0.999832,0.999856,0,0,0,0
553,27,145,407,0.997895,0.999578,0.999850,0.999856,0,0,1,0
554,25,145,408,0.997895,0.999578,0.999851,0.999856,0,0,0,0
555,29,146,408,0.997895,0.999578,0.999851,0.999856,0,0,0,0
556,27,146,409,0.997895,0.999578,0.999851,0.999856,0,0,0,0
557,25,146,410,0.997895,0.999578,0.999867,0.999856,0,0,1,0
558,23,146,411,0.997895,0.999578,0.999868,0.999856,0,0,0,0
559,29,147,411,0.997895,0.999578,0.999868,0.999856,0,0,0,0
560,27,147,412,0.997895,0.999578,0.999868,0.999856,0,0,0,0
561,25,147,413,0.998115,0.999578,0.999882,0.999856,1,0,1,0
562,23,147,414,0.998133,0.999578,0.999883,0.999856,0,0,0,0
563,29,148,414,0.998133,0.999578,0.999883,0.999856,0,0,0,0
564,27,148,415,0.998133,0.999578,0.999883,0.999856,0,0,0,0
565,25,148,416,0.998133,0.999622,0.999883,0.999856,0,1,0,0
566,23,148,417,0.998133,0.999626,0.999883,0.999856,0,0,0,0
567,29,149,417,0.998133,0.999626,0.999883,0.999856,0,0,0,0
568,27,149,418,0.998133,0.999626,0.999883,0.999856,0,0,0,0
569,25,149,419,0.998133,0.999626,0.999883,0.999856,0,0,0,0
570,23,149,420,0.998133,0.999626,0.999883,0.999856,0,0,0,0
571,21,149,421,0.998133,0.999626,0.999883,0.999856,0,0,0,0
572,19,149,422,0.998133,0.999626,0.999883,0.999856,0,0,0,0
573,17,149,423,0.998133,0.999626,0.999883,0.999856,0,0,0,0
574,15,149,424,0.998328,0.999665,0.999883,0.999856,1,1,0,0
575,13,149,425,0.998345,0.999668,0.999883,0.999856,0,0,0,0
576,29,150,425,0.998345,0.999668,0.999883,0.999856,0,0,0,0
577,27,150,426,0.998345,0.999703,0.999883,0.999856,0,1,0,0
578,25,150,427,0.998345,0.999737,0.999883,0.999856,0,1,0,0
579,23,150,428,0.998345,0.999767,0.999883,0.999871,0,1,0,1
580,29,151,428,0.998345,0.999793,0.999883,0.999886,0,1,0,1
581,27,151,429,0.998345,0.999795,0.999883,0.999887,0,0,0,0
582,29,152,429,0.998345,0.999795,0.999883,0.999887,0,0,0,0
583,27,152,430,0.998345,0.999817,0.999883,0.999887,0,1,0,0
584,25,152,431,0.998345,0.999837,0.999883,0.999887,0,1,0,0
585,29,153,431,0.998345,0.999856,0.999883,0.999887,0,1,0,0
586,27,153,432,0.998345,0.999857,0.999895,0.999887,0,0,1,0
587,29,154,432,0.998345,0.999857,0.999907,0.999887,0,0,1,0
588,27,154,433,0.998345,0.999872,0.999908,0.999887,0,1,0,0
589,29,155,433,0.998345,0.999887,0.999908,0.999887,0,1,0,0
590,27,155,434,0.998345,0.999888,0.999908,0.999887,0,0,0,0
591,29,156,434,0.998345,0.999888,0.999908,0.999887,0,0,0,0
592,27,156,435,0.998345,0.999888,0.999908,0.999887,0,0,0,0
593,25,156,436,0.998345,0.999888,0.999908,0.999887,0,0,0,0
594,23,156,437,0.998345,0.999888,0.999908,0.999899,0,0,0,1
595,21,156,438,0.998345,0.999888,0.999908,0.999900,0,0,0,0
596,29,157,438,0.998345,0.999888,0.999908,0.999912,0,0,0,1
597,27,157,439,0.998345,0.999888,0.999908,0.999913,0,0,0,0
598,29,158,439,0.998345,0.999888,0.999908,0.999913,0,0,0,0
599,27,158,440,0.998518,0.999888,0.999918,0.999913,1,0,1,0
600,25,158,441,0.998533,0.999888,0.999919,0.999913,0,0,0,0
601,29,159,441,0.998533,0.999888,0.999919,0.999913,0,0,0,0
602,27,159,442,0.998533,0.999888,0.999919,0.999913,0,0,0,0
603,25,159,443,0.998533,0.999888,0.999919,0.999913,0,0,0,0
604,23,159,444,0.998533,0.999888,0.999919,0.999913,0,0,0,0
605,21,159,445,0.998533,0.999888,0.999927,0.999913,0,0,1,0
606,19,159,446,0.998533,0.999888,0.999928,0.999913,0,0,0,0
607,29,160,446,0.998533,0.999888,0.999928,0.999913,0,0,0,0
608,27,160,447,0.998533,0.999888,0.999928,0.999913,0,0,0,0
609,25,160,448,0.998533,0.999888,0.999928,0.999913,0,0,0,0
610,23,160,449,0.998533,0.999888,0.999928,0.999913,0,0,0,0
611,21,160,450,0.998533,0.999888,0.999928,0.999913,0,0,0,0
612,19,160,451,0.998533,0.999888,0.999928,0.999913,0,0,0,0
613,17,160,452,0.998533,0.999900,0.999928,0.999913,0,1,0,0
614,15,160,453,0.998533,0.999901,0.999928,0.999913,0,0,0,0
615,29,161,453,0.998533,0.999901,0.999928,0.999913,0,0,0,0
616,27,161,454,0.998533,0.999901,0.999928,0.999913,0,0,0,0
617,25,161,455,0.998533,0.999901,0.999928,0.999913,0,0,0,0
618,23,161,456,0.998533,0.999911,0.999935,0.999913,0,1,1,0
619,21,161,457,0.998533,0.999912,0.999936,0.999913,0,0,0,0
620,29,162,457,0.998533,0.999912,0.999936,0.999913,0,0,0,0
621,27,162,458,0.998533,0.999912,0.999936,0.999913,0,0,0,0
622,25,162,459,0.998533,0.999912,0.999936,0.999913,0,0,0,0
623,23,162,460,0.998533,0.999912,0.999936,0.999913,0,0,0,0
624,21,162,461,0.998533,0.999912,0.999936,0.999913,0,0,0,0
625,19,162,462,0.998533,0.999912,0.999936,0.999913,0,0,0,0
626,17,162,463,0.998533,0.999912,0.999936,0.999913,0,0,0,0
627,15,162,464,0.998686,0.999912,0.999936,0.999922,1,0,0,1
628,13,162,465,0.998699,0.999912,0.999936,0.999923,0,0,0,0
629,29,163,465,0.998699,0.999912,0.999936,0.999923,0,0,0,0
630,27,163,466,0.998699,0.999921,0.999936,0.999923,0,1,0,0
631,25,163,467,0.998699,0.999922,0.999936,0.999923,0,0,0,0
632,29,164,467,0.998699,0.999922,0.999936,0.999923,0,0,0,0
633,27,164,468,0.998699,0.999922,0.999936,0.999923,0,0,0,0
634,25,164,469,0.998699,0.999922,0.999936,0.999923,0,0,0,0
635,23,164,470,0.998699,0.999922,0.999936,0.999923,0,0,0,0
636,21,164,471,0.998699,0.999922,0.999936,0.999923,0,0,0,0
637,19,164,472,0.998699,0.999922,0.999936,0.999923,0,0,0,0
638,17,164,473,0.998699,0.999930,0.999943,0.999923,0,1,1,0
639,15,164,474,0.998699,0.999931,0.999943,0.999923,0,0,0,0
640,29,165,474,0.998699,0.999931,0.999943,0.999923,0,0,0,0
641,27,165,475,0.998699,0.999938,0.999943,0.999923,0,1,0,0
642,25,165,476,0.998699,0.999939,0.999949,0.999923,0,0,1,0
643,29,166,476,0.998699,0.999939,0.999955,0.999923,0,0,1,0
644,27,166,477,0.998699,0.999939,0.999960,0.999923,0,0,1,0
645,25,166,478,0.998835,0.999939,0.999961,0.999923,1,0,0,0
646,29,167,478,0.998968,0.999939,0.999961,0.999923,1,0,0,0
647,27,167,479,0.998978,0.999939,0.999961,0.999923,0,0,0,0
648,29,168,479,0.998978,0.999939,0.999961,0.999923,0,0,0,0
649,27,168,480,0.998978,0.999939,0.999961,0.999923,0,0,0,0
650,25,168,481,0.998978,0.999939,0.999961,0.999923,0,0,0,0
651,23,168,482,0.998978,0.999939,0.999961,0.999923,0,0,0,0
652,21,168,483,0.998978,0.999945,0.999961,0.999923,0,1,0,0
653,19,168,484,0.998978,0.999946,0.999961,0.999931,0,0,0,1
654,17,168,485,0.998978,0.999946,0.999961,0.999939,0,0,0,1
655,29,169,485,0.998978,0.999946,0.999961,0.999946,0,0,0,1
656,27,169,486,0.999085,0.999946,0.999961,0.999946,1,0,0,0
657,25,169,487,0.999094,0.999946,0.999965,0.999946,0,0,1,0
658,29,170,487,0.999094,0.999946,0.999969,0.999946,0,0,1,0
659,27,170,488,0.999094,0.999946,0.999969,0.999946,0,0,0,0
660,29,171,488,0.999094,0.999946,0.999969,0.999946,0,0,0,0
661,27,171,489,0.999094,0.999946,0.999969,0.999946,0,0,0,0
662,25,171,490,0.999094,0.999946,0.999969,0.999946,0,0,0,0
663,23,171,491,0.999094,0.999951,0.999969,0.999946,0,1,0,0
664,21,171,492,0.999094,0.999952,0.999969,0.999946,0,0,0,0
665,19,171,493,0.999094,0.999952,0.999969,0.999946,0,0,0,0
666,17,171,494,0.999189,0.999952,0.999969,0.999952,1,0,0,1
667,15,171,495,0.999197,0.999952,0.999969,0.999952,0,0,0,0
668,29,172,495,0.999197,0.999952,0.999969,0.999952,0,0,0,0
669,27,172,496,0.999197,0.999957,0.999969,0.999952,0,1,0,0
670,25,172,497,0.999197,0.999957,0.999969,0.999952,0,0,0,0
671,29,173,497,0.999197,0.999957,0.999969,0.999952,0,0,0,0
672,27,173,498,0.999197,0.999957,0.999969,0.999952,0,0,0,0
673,25,173,499,0.999197,0.999957,0.999969,0.999952,0,0,0,0
674,23,173,500,0.999197,0.999962,0.999969,0.999952,0,1,0,0
675,21,173,501,0.999197,0.999962,0.999969,0.999952,0,0,0,0
676,29,174,501,0.999197,0.999962,0.999969,0.999952,0,0,0,0
677,27,174,502,0.999197,0.999966,0.999969,0.999952,0,1,0,0
678,25,174,503,0.999197,0.999966,0.999969,0.999952,0,0,0,0
679,29,175,503,0.999197,0.999966,0.999969,0.999952,0,0,0,0
680,27,175,504,0.999197,0.999966,0.999969,0.999952,0,0,0,0
681,25,175,505,0.999197,0.999966,0.999969,0.999952,0,0,0,0
682,23,175,506,0.999197,0.999966,0.999969,0.999952,0,0,0,0
683,21,175,507,0.999197,0.999966,0.999972,0.999952,0,0,1,0
684,19,175,508,0.999197,0.999966,0.999973,0.999952,0,0,0,0
685,29,176,508,0.999197,0.999966,0.999973,0.999952,0,0,0,0
686,27,176,509,0.999197,0.999966,0.999975,0.999952,0,0,1,0
687,25,176,510,0.999197,0.999966,0.999976,0.999952,0,0,0,0
688,23,176,511,0.999197,0.999966,0.999976,0.999952,0,0,0,0
689,21,176,512,0.999281,0.999966,0.999976,0.999957,1,0,0,1
690,19,176,513,0.999288,0.999966,0.999976,0.999958,0,0,0,0
691,29,177,513,0.999288,0.999966,0.999976,0.999958,0,0,0,0
692,27,177,514,0.999288,0.999966,0.999976,0.999958,0,0,0,0
693,25,177,515,0.999288,0.999966,0.999976,0.999958,0,0,0,0
694,23,177,516,0.999288,0.999966,0.999976,0.999958,0,0,0,0
695,21,177,517,0.999288,0.999966,0.999976,0.999958,0,0,0,0
696,19,177,518,0.999288,0.999966,0.999976,0.999958,0,0,0,0
697,17,177,519,0.999288,0.999966,0.999976,0.999958,0,0,0,0
698,15,177,520,0.999288,0.999966,0.999976,0.999958,0,0,0,0
699,13,177,521,0.999288,0.999966,0.999976,0.999958,0,0,0,0
700,11,177,522,0.999288,0.999970,0.999976,0.999958,0,1,0,0
701,9,177,523,0.999288,0.999970,0.999976,0.999958,0,0,0,0
702,29,178,523,0.999288,0.999970,0.999976,0.999958,0,0,0,0
703,27,178,524,0.999288,0.999970,0.999976,0.999958,0,0,0,0
704,25,178,525,0.999288,0.999970,0.999976,0.999958,0,0,0,0
705,23,178,526,0.999288,0.999970,0.999976,0.999958,0,0,0,0
706,21,178,527,0.999288,0.999970,0.999976,0.999962,0,0,0,1
707,19,178,528,0.999288,0.999970,0.999976,0.999963,0,0,0,0
708,17,178,529,0.999288,0.999970,0.999976,0.999963,0,0,0,0
709,15,178,530,0.999288,0.999970,0.999976,0.999963,0,0,0,0
710,13,178,531,0.999288,0.999970,0.999976,0.999963,0,0,0,0
711,11,178,532,0.999288,0.999970,0.999976,0.999963,0,0,0,0
712,9,178,533,0.999288,0.999970,0.999976,0.999966,0,0,0,1
713,7,178,534,0.999288,0.999970,0.999976,0.999967,0,0,0,0
714,29,179,534,0.999288,0.999970,0.999976,0.999967,0,0,0,0
715,27,179,535,0.999288,0.999970,0.999976,0.999967,0,0,0,0
716,25,179,536,0.999288,0.999970,0.999976,0.999967,0,0,0,0
717,23,179,537,0.999288,0.999970,0.999976,0.999967,0,0,0,0
718,21,179,538,0.999288,0.999970,0.999976,0.999967,0,0,0,0
719,19,179,539,0.999362,0.999970,0.999976,0.999967,1,0,0,0
720,17,179,540,0.999369,0.999973,0.999976,0.999970,0,1,0,1
721,29,180,540,0.999369,0.999976,0.999976,0.999974,0,1,0,1
722,27,180,541,0.999369,0.999977,0.999976,0.999974,0,0,0,0
723,29,181,541,0.999369,0.999977,0.999976,0.999974,0,0,0,0
724,27,181,542,0.999435,0.999977,0.999978,0.999974,1,0,1,0
725,25,181,543,0.999440,0.999977,0.999978,0.999974,0,0,0,0
726,29,182,543,0.999440,0.999977,0.999978,0.999974,0,0,0,0
727,27,182,544,0.999499,0.999977,0.999978,0.999974,1,0,0,0
728,25,182,545,0.999504,0.999977,0.999978,0.999974,0,0,0,0
729,29,183,545,0.999504,0.999977,0.999978,0.999974,0,0,0,0
730,27,183,546,0.999504,0.999977,0.999978,0.999974,0,0,0,0
731,25,183,547,0.999556,0.999977,0.999978,0.999974,1,0,0,0
732,23,183,548,0.999560,0.999977,0.999978,0.999974,0,0,0,0
733,29,184,548,0.999560,0.999977,0.999978,0.999974,0,0,0,0
734,27,184,549,0.999560,0.999979,0.999978,0.999974,0,1,0,0
735,25,184,550,0.999560,0.999979,0.999978,0.999974,0,0,0,0
736,29,185,550,0.999560,0.999979,0.999978,0.999974,0,0,0,0
737,27,185,551,0.999606,0.999979,0.999978,0.999974,1,0,0,0
738,25,185,552,0.999610,0.999981,0.999978,0.999974,0,1,0,0
739,23,185,553,0.999610,0.999984,0.999978,0.999977,0,1,0,1
740,21,185,554,0.999610,0.999985,0.999981,0.999979,0,1,1,1
741,29,186,554,0.999610,0.999987,0.999983,0.999982,0,1,1,1
742,27,186,555,0.999610,0.999987,0.999983,0.999984,0,0,0,1
743,29,187,555,0.999610,0.999987,0.999983,0.999986,0,0,0,1
744,27,187,556,0.999610,0.999987,0.999983,0.999986,0,0,0,0
745,25,187,557,0.999651,0.999987,0.999985,0.999986,1,0,1,0
746,23,187,558,0.999655,0.999987,0.999985,0.999986,0,0,0,0
747,29,188,558,0.999655,0.999987,0.999985,0.999986,0,0,0,0
748,27,188,559,0.999655,0.999987,0.999985,0.999986,0,0,0,0
749,25,188,560,0.999655,0.999987,0.999985,0.999986,0,0,0,0
750,23,188,561,0.999655,0.999987,0.999985,0.999987,0,0,0,1
751,21,188,562,0.999655,0.999987,0.999985,0.999987,0,0,0,0
752,29,189,562,0.999655,0.999987,0.999985,0.999987,0,0,0,0
753,27,189,563,0.999655,0.999987,0.999987,0.999987,0,0,1,0
754,25,189,564,0.999655,0.999987,0.999987,0.999987,0,0,0,0
755,29,190,564,0.999655,0.999987,0.999987,0.999987,0,0,0,0
756,27,190,565,0.999655,0.999987,0.999987,0.999987,0,0,0,0
757,25,190,566,0.999655,0.999987,0.999987,0.999987,0,0,0,0
758,23,190,567,0.999655,0.999987,0.999987,0.999987,0,0,0,0
759,21,190,568,0.999691,0.999987,0.999987,0.999989,1,0,0,1
760,19,190,569,0.999694,0.999987,0.999987,0.999989,0,0,0,0
761,29,191,569,0.999694,0.999987,0.999987,0.999989,0,0,0,0
762,27,191,570,0.999694,0.999987,0.999987,0.999990,0,0,0,1
763,25,191,571,0.999726,0.999987,0.999987,0.999990,1,0,0,0
764,29,192,571,0.999757,0.999987,0.999987,0.999990,1,0,0,0
765,27,192,572,0.999759,0.999987,0.999987,0.999990,0,0,0,0
766,29,193,572,0.999759,0.999987,0.999987,0.999990,0,0,0,0
767,27,193,573,0.999759,0.999987,0.999987,0.999990,0,0,0,0
768,25,193,574,0.999759,0.999987,0.999987,0.999990,0,0,0,0
769,23,193,575,0.999759,0.999987,0.999987,0.999990,0,0,0,0
770,21,193,576,0.999759,0.999987,0.999988,0.999990,0,0,1,0
771,19,193,577,0.999759,0.999989,0.999988,0.999990,0,1,0,0
772,17,193,578,0.999759,0.999989,0.999988,0.999991,0,0,0,1
773,29,194,578,0.999759,0.999989,0.999988,0.999992,0,0,0,1
774,27,194,579,0.999759,0.999990,0.999988,0.999992,0,1,0,0
775,25,194,580,0.999759,0.999990,0.999988,0.999992,0,0,0,0
776,29,195,580,0.999759,0.999990,0.999988,0.999992,0,0,0,0
777,27,195,581,0.999759,0.999990,0.999988,0.999992,0,0,0,0
778,25,195,582,0.999785,0.999990,0.999988,0.999992,1,0,0,0
779,23,195,583,0.999787,0.999990,0.999988,0.999992,0,0,0,0
780,29,196,583,0.999809,0.999990,0.999988,0.999992,1,0,0,0
781,27,196,584,0.999811,0.999990,0.999988,0.999992,0,0,0,0
782,25,196,585,0.999811,0.999991,0.999988,0.999992,0,1,0,0
783,23,196,586,0.999811,0.999991,0.999988,0.999992,0,0,0,0
784,29,197,586,0.999811,0.999991,0.999988,0.999992,0,0,0,0
785,27,197,587,0.999811,0.999991,0.999988,0.999992,0,0,0,0
786,25,197,588,0.999811,0.999991,0.999988,0.999992,0,0,0,0
787,23,197,589,0.999811,0.999991,0.999988,0.999992,0,0,0,0
788,21,197,590,0.999811,0.999991,0.999988,0.999993,0,0,0,1
789,19,197,591,0.999811,0.999991,0.999988,0.999993,0,0,0,0
790,29,198,591,0.999811,0.999991,0.999988,0.999993,0,0,0,0
791,27,198,592,0.999811,0.999991,0.999988,0.999993,0,0,0,0
792,25,198,593,0.999811,0.999991,0.999988,0.999994,0,0,0,1
793,23,198,594,0.999811,0.999991,0.999988,0.999994,0,0,0,0
794,29,199,594,0.999811,0.999991,0.999988,0.999994,0,0,0,0
795,27,199,595,0.999811,0.999991,0.999988,0.999994,0,0,0,0
796,25,199,596,0.999811,0.999992,0.999988,0.999994,0,1,0,0
797,23,199,597,0.999811,0.999993,0.999988,0.999994,0,1,0,0
798,29,200,597,0.999811,0.999994,0.999988,0.999994,0,1,0,0
799,27,200,598,0.999811,0.999994,0.999988,0.999994,0,0,0,0
800,29,201,598,0.999811,0.999994,0.999988,0.999994,0,0,0,0
801,27,201,599,0.999811,0.999994,0.999988,0.999994,0,0,0,0
802,25,201,600,0.999811,0.999994,0.999988,0.999994,0,0,0,0
803,23,201,601,0.999811,0.999994,0.999988,0.999994,0,0,0,0
804,21,201,602,0.999811,0.999994,0.999988,0.999994,0,0,0,0
805,19,201,603,0.999811,0.999994,0.999988,0.999994,0,0,0,0
806,17,201,604,0.999811,0.999994,0.999988,0.999994,0,0,0,0
807,15,201,605,0.999811,0.999994,0.999988,0.999994,0,0,0,0
808,13,201,606,0.999811,0.999994,0.999988,0.999994,0,0,0,0
809,11,201,607,0.999831,0.999994,0.999988,0.999994,1,0,0,0
810,9,201,608,0.999832,0.999994,0.999988,0.999994,0,0,0,0
811,29,202,608,0.999832,0.999994,0.999988,0.999994,0,0,0,0
812,27,202,609,0.999832,0.999994,0.999988,0.999994,0,0,0,0
813,25,202,610,0.999832,0.999994,0.999988,0.999994,0,1,0,0
814,23,202,611,0.999832,0.999995,0.999988,0.999994,0,1,0,0
815,29,203,611,0.999832,0.999996,0.999988,0.999994,0,1,0,0
816,27,203,612,0.999832,0.999996,0.999988,0.999994,0,0,0,0
817,29,204,612,0.999832,0.999996,0.999988,0.999994,0,0,0,0
818,27,204,613,0.999832,0.999996,0.999988,0.999994,0,0,0,0
819,25,204,614,0.999832,0.999996,0.999988,0.999994,0,0,0,0
820,23,204,615,0.999832,0.999996,0.999988,0.999994,0,0,0,0
821,21,204,616,0.999832,0.999996,0.999988,0.999994,0,0,0,0
822,19,204,617,0.999832,0.999996,0.999988,0.999994,0,0,0,0
823,17,204,618,0.999832,0.999996,0.999988,0.999994,0,0,0,0
824,15,204,619,0.999832,0.999996,0.999988,0.999994,0,0,0,0
825,13,204,620,0.999832,0.999996,0.999988,0.999994,0,0,0,0
826,11,204,621,0.999832,0.999996,0.999988,0.999994,0,0,0,0
827,9,204,622,0.999832,0.999996,0.999988,0.999994,0,0,0,0
828,7,204,623,0.999832,0.999996,0.999988,0.999995,0,0,0,1
829,5,204,624,0.999832,0.999996,0.999989,0.999995,0,0,1,1
830,29,205,624,0.999832,0.999996,0.999991,0.999996,0,0,1,1
831,27,205,625,0.999850,0.999996,0.999992,0.999996,1,0,1,1
832,29,206,625,0.999867,0.999996,0.999993,0.999997,1,0,1,1
833,27,206,626,0.999868,0.999996,0.999993,0.999997,0,0,0,0
834,29,207,626,0.999868,0.999996,0.999993,0.999997,0,0,0,0
835,27,207,627,0.999882,0.999996,0.999993,0.999997,1,0,1,0
836,25,207,628,0.999883,0.999996,0.999994,0.999997,0,0,0,0
837,29,208,628,0.999883,0.999996,0.999994,0.999997,0,0,0,0
838,27,208,629,0.999883,0.999996,0.999994,0.999997,0,0,0,1
839,25,208,630,0.999883,0.999996,0.999994,0.999997,0,0,0,0
840,29,209,630,0.999883,0.999996,0.999994,0.999997,0,0,0,0
841,27,209,631,0.999883,0.999996,0.999994,0.999997,0,0,0,0
842,25,209,632,0.999883,0.999996,0.999994,0.999997,0,0,0,0
843,23,209,633,0.999895,0.999996,0.999994,0.999997,1,0,0,0
844,21,209,634,0.999897,0.999996,0.999994,0.999997,0,0,0,0
845,19,209,635,0.999897,0.999996,0.999994,0.999997,0,0,0,0
846,17,209,636,0.999897,0.999996,0.999994,0.999997,0,1,0,0
847,15,209,637,0.999897,0.999997,0.999994,0.999997,0,1,1,0
848,29,210,637,0.999897,0.999997,0.999995,0.999997,0,1,1,1
849,27,210,638,0.999897,0.999997,0.999995,0.999997,0,1,0,0
850,29,211,638,0.999897,0.999998,0.999995,0.999997,0,1,0,0
851,27,211,639,0.999907,0.999998,0.999995,0.999997,1,0,0,0
852,29,212,639,0.999918,0.999998,0.999995,0.999997,1,0,0,0
853,27,212,640,0.999919,0.999998,0.999995,0.999997,0,0,0,0
854,29,213,640,0.999919,0.999998,0.999995,0.999997,0,0,0,0
855,27,213,641,0.999927,0.999998,0.999995,0.999998,1,0,0,1
856,25,213,642,0.999928,0.999998,0.999995,0.999998,0,0,0,0
857,29,214,642,0.999928,0.999998,0.999995,0.999998,0,0,0,0
858,27,214,643,0.999928,0.999998,0.999995,0.999998,0,0,0,1
859,25,214,644,0.999928,0.999998,0.999995,0.999998,0,0,0,0
860,29,215,644,0.999928,0.999998,0.999995,0.999998,0,0,0,0
861,27,215,645,0.999928,0.999998,0.999995,0.999998,0,0,0,1
862,25,215,646,0.999928,0.999998,0.999995,0.999998,0,1,0,0
863,23,215,647,0.999928,0.999998,0.999995,0.999998,0,0,0,1
864,29,216,647,0.999928,0.999998,0.999995,0.999999,0,0,1,1
865,27,216,648,0.999928,0.999998,0.999996,0.999999,0,0,0,0
866,29,217,648,0.999928,0.999998,0.999996,0.999999,0,1,0,0
867,27,217,649,0.999928,0.999998,0.999996,0.999999,0,0,0,0
868,29,218,649,0.999935,0.999998,0.999996,0.999999,1,0,0,0
869,27,218,650,0.999936,0.999998,0.999996,0.999999,0,0,1,0
870,25,218,651,0.999936,0.999998,0.999996,0.999999,0,0,1,0
871,29,219,651,0.999936,0.999998,0.999997,0.999999,0,0,1,0
872,27,219,652,0.999936,0.999998,0.999997,0.999999,0,0,0,0
873,29,220,652,0.999936,0.999998,0.999997,0.999999,0,0,0,0
874,27,220,653,0.999936,0.999998,0.999997,0.999999,0,0,0,0
875,25,220,654,0.999936,0.999998,0.999997,0.999999,0,0,0,0
876,23,220,655,0.999936,0.999998,0.999997,0.999999,0,0,0,0
877,21,220,656,0.999936,0.999998,0.999997,0.999999,0,0,0,0
878,19,220,657,0.999936,0.999998,0.999997,0.999999,0,1,0,0
879,17,220,658,0.999936,0.999998,0.999997,0.999999,0,0,0,0
880,29,221,658,0.999936,0.999998,0.999997,0.999999,0,0,0,0
881,27,221,659,0.999936,0.999999,0.999997,0.999999,0,1,0,0
882,25,221,660,0.999936,0.999999,0.999997,0.999999,0,0,0,0
883,29,222,660,0.999936,0.999999,0.999997,0.999999,0,0,0,0
884,27,222,661,0.999936,0.999999,0.999997,0.999999,0,0,0,0
885,25,222,662,0.999936,0.999999,0.999997,0.999999,0,0,0,0
886,23,222,663,0.999936,0.999999,0.999997,0.999999,0,0,0,0
887,21,222,664,0.999936,0.999999,0.999997,0.999999,0,0,0,0
888,19,222,665,0.999936,0.999999,0.999997,0.999999,0,0,0,0
889,17,222,666,0.999936,0.999999,0.999997,0.999999,0,0,0,1
890,15,222,667,0.999936,0.999999,0.999997,0.999999,0,0,1,0
891,29,223,667,0.999936,0.999999,0.999998,0.999999,0,0,1,0
892,27,223,668,0.999936,0.999999,0.999998,0.999999,0,0,0,0
893,25,223,669,0.999943,0.999999,0.999998,0.999999,1,0,0,0
894,23,223,670,0.999943,0.999999,0.999998,0.999999,0,0,0,0
895,29,224,670,0.999943,0.999999,0.999998,0.999999,0,0,0,0
896,27,224,671,0.999943,0.999999,0.999998,0.999999,0,0,0,0
897,25,224,672,0.999943,0.999999,0.999998,0.999999,0,0,0,0
898,23,224,673,0.999949,0.999999,0.999998,0.999999,1,0,0,1
899,21,224,674,0.999955,0.999999,0.999998,0.999999,1,1,0,0
900,19,224,675,0.999960,0.999999,0.999998,0.999999,1,0,0,1
901,29,225,675,0.999965,0.999999,0.999998,0.999999,1,0,0,1
902,27,225,676,0.999969,0.999999,0.999998,0.999999,1,0,0,0
903,29,226,676,0.999972,0.999999,0.999998,0.999999,1,0,0,0
904,27,226,677,0.999975,0.999999,0.999998,0.999999,1,1,0,1
905,29,227,677,0.999978,0.999999,0.999998,0.999999,1,1,0,1
906,27,227,678,0.999978,0.999999,0.999998,0.999999,0,0,0,0
907,29,228,678,0.999978,0.999999,0.999998,0.999999,0,0,0,0
908,27,228,679,0.999978,0.999999,0.999998,0.999999,0,1,0,1
909,25,228,680,0.999978,0.999999,0.999998,0.999999,0,0,0,0
910,29,229,680,0.999978,0.999999,0.999998,0.999999,0,0,0,0
911,27,229,681,0.999981,0.999999,0.999998,0.999999,1,0,0,1
912,25,229,682,0.999981,0.999999,0.999998,0.999999,0,0,0,0
913,29,230,682,0.999981,0.999999,0.999998,0.999999,0,0,0,0
914,27,230,683,0.999981,0.999999,0.999998,0.999999,0,1,0,0
915,25,230,684,0.999981,0.999999,0.999998,0.999999,0,0,0,0
916,29,231,684,0.999981,0.999999,0.999998,0.999999,0,0,0,0
917,27,231,685,0.999981,0.999999,0.999998,0.999999,0,0,0,0
918,25,231,686,0.999981,0.999999,0.999998,0.999999,0,0,0,0
919,23,231,687,0.999981,0.999999,0.999998,0.999999,0,0,0,0
920,21,231,688,0.999981,0.999999,0.999998,0.999999,0,0,1,0
921,19,231,689,0.999981,0.999999,0.999998,0.999999,0,0,1,0
922,17,231,690,0.999983,0.999999,0.999998,0.999999,1,1,0,0
923,29,232,690,0.999985,0.999999,0.999998,0.999999,1,1,0,0
924,27,232,691,0.999985,0.999999,0.999998,0.999999,0,0,0,0
925,29,233,691,0.999985,0.999999,0.999998,0.999999,0,0,0,0
926,27,233,692,0.999985,0.999999,0.999998,0.999999,0,0,0,0
927,25,233,693,0.999985,0.999999,0.999998,0.999999,0,0,0,0
928,23,233,694,0.999985,0.999999,0.999998,0.999999,0,0,0,0
929,21,233,695,0.999985,0.999999,0.999998,0.999999,0,0,0,0
930,19,233,696,0.999985,0.999999,0.999998,1.000000,0,0,0,1
931,17,233,697,0.999985,0.999999,0.999998,1.000000,0,0,0,1
932,29,234,697,0.999985,0.999999,0.999998,1.000000,0,0,0,1
933,27,234,698,0.999987,0.999999,0.999998,1.000000,1,0,0,1
934,29,235,698,0.999988,0.999999,0.999998,1.000000,1,0,0,1
935,27,235,699,0.999988,0.999999,0.999998,1.000000,0,0,0,0
936,29,236,699,0.999988,0.999999,0.999998,1.000000,0,0,0,0
937,27,236,700,0.999988,0.999999,0.999998,1.000000,0,0,1,0
938,25,236,701,0.999988,0.999999,0.999998,1.000000,0,0,0,0
939,29,237,701,0.999988,0.999999,0.999998,1.000000,0,0,0,0
940,27,237,702,0.999988,0.999999,0.999998,1.000000,0,0,0,0
941,25,237,703,0.999988,0.999999,0.999998,1.000000,0,0,0,0
942,23,237,704,0.999988,0.999999,0.999998,1.000000,0,0,0,0
943,21,237,705,0.999988,0.999999,0.999998,1.000000,0,0,1,0
944,19,237,706,0.999988,0.999999,0.999998,1.000000,0,0,0,0
945,29,238,706,0.999988,0.999999,0.999998,1.000000,0,0,0,0
946,27,238,707,0.999988,0.999999,0.999998,1.000000,0,0,0,0
947,25,238,708,0.999988,0.999999,0.999998,1.000000,0,0,0,0
948,23,238,709,0.999988,0.999999,0.999999,1.000000,0,0,1,0
949,21,238,710,0.999988,0.999999,0.999999,1.000000,0,0,1,1
950,19,238,711,0.999988,0.999999,0.999999,1.000000,0,1,0,0
951,29,239,711,0.999988,1.000000,0.999999,1.000000,0,1,0,0
952,27,239,712,0.999988,1.000000,0.999999,1.000000,0,0,1,0
953,29,240,712,0.999988,1.000000,0.999999,1.000000,0,0,1,0
954,27,240,713,0.999988,1.000000,0.999999,1.000000,0,0,0,0
955,25,240,714,0.999988,1.000000,0.999999,1.000000,0,0,0,0
956,23,240,715,0.999988,1.000000,0.999999,1.000000,0,0,0,0
957,21,240,716,0.999988,1.000000,0.999999,1.000000,0,0,0,0
958,19,240,717,0.999988,1.000000,0.999999,1.000000,0,0,0,0
959,17,240,718,0.999989,1.000000,0.999999,1.000000,1,0,0,0
960,15,240,719,0.999990,1.000000,0.999999,1.000000,0,1,0,0
961,13,240,720,0.999991,1.000000,0.999999,1.000000,1,1,0,1
962,29,241,720,0.999992,1.000000,0.999999,1.000000,1,1,0,1
963,27,241,721,0.999992,1.000000,0.999999,1.000000,0,0,0,0
964,29,242,721,0.999992,1.000000,0.999999,1.000000,0,0,0,0
965,27,242,722,0.999993,1.000000,0.999999,1.000000,1,0,0,1
966,25,242,723,0.999993,1.000000,0.999999,1.000000,0,0,0,0
967,29,243,723,0.999993,1.000000,0.999999,1.000000,0,0,0,0
968,27,243,724,0.999993,1.000000,0.999999,1.000000,1,0,0,0
969,25,243,725,0.999994,1.000000,0.999999,1.000000,0,0,0,0
970,29,244,725,0.999994,1.000000,0.999999,1.000000,0,0,0,0
971,27,244,726,0.999994,1.000000,0.999999,1.000000,0,0,0,0
972,25,244,727,0.999994,1.000000,0.999999,1.000000,0,0,0,0
973,23,244,728,0.999994,1.000000,0.999999,1.000000,0,0,0,0
974,21,244,729,0.999994,1.000000,0.999999,1.000000,0,0,0,0
975,19,244,730,0.999994,1.000000,0.999999,1.000000,0,0,0,0
976,17,244,731,0.999994,1.000000,0.999999,1.000000,0,0,0,0
977,15,244,732,0.999994,1.000000,0.999999,1.000000,0,0,1,0
978,13,244,733,0.999994,1.000000,0.999999,1.000000,0,0,1,0
979,11,244,734,0.999994,1.000000,0.999999,1.000000,0,0,1,0
980,9,244,735,0.999994,1.000000,0.999999,1.000000,0,0,0,1
981,7,244,736,0.999994,1.000000,0.999999,1.000000,1,1,0,1
982,29,245,736,0.999995,1.000000,0.999999,1.000000,1,1,0,1
983,27,245,737,0.999995,1.000000,0.999999,1.000000,0,0,0,0
984,29,246,737,0.999995,1.000000,0.999999,1.000000,0,0,0,0
985,27,246,738,0.999995,1.000000,0.999999,1.000000,1,0,0,0
986,25,246,739,0.999996,1.000000,0.999999,1.000000,0,0,0,0
987,29,247,739,0.999996,1.000000,0.999999,1.000000,0,0,0,0
988,27,247,740,0.999996,1.000000,0.999999,1.000000,0,0,0,0
989,25,247,741,0.999996,1.000000,0.999999,1.000000,0,0,0,0
990,23,247,742,0.999996,1.000000,0.999999,1.000000,1,0,0,0
991,21,247,743,0.999996,1.000000,0.999999,1.000000,1,0,0,0
992,29,248,743,0.999997,1.000000,0.999999,1.000000,1,0,0,0
993,27,248,744,0.999997,1.000000,0.999999,1.000000,1,0,0,0
994,29,249,744,0.999998,1.000000,0.999999,1.000000,1,0,0,0
995,27,249,745,0.999998,1.000000,0.999999,1.000000,1,1,0,0
996,29,250,745,0.999998,1.000000,0.999999,1.000000,1,1,0,0
997,27,250,746,0.999998,1.000000,0.999999,1.000000,0,0,0,0
998,29,251,746,0.999998,1.000000,0.999999,1.000000,0,0,0,0
999,27,251,747,0.999998,1.000000,0.999999,1.000000,0,1,0,0
1000,25,251,748,0.999998,1.000000,0.999999,1.000000,0,1,0,0
1001,29,252,748,0.999998,1.000000,0.999999,1.000000,0,1,0,0
1002,27,252,749,0.999998,1.000000,0.999999,1.000000,0,0,1,0
1003,29,253,749,0.999998,1.000000,0.999999,1.000000,0,0,1,0
1004,27,253,750,0.999998,1.000000,0.999999,1.000000,0,1,0,0
1005,25,253,751,0.999998,1.000000,0.999999,1.000000,0,1,0,0
1006,23,253,752,0.999998,1.000000,1.000000,1.000000,1,0,1,1
1007,29,254,752,0.999998,1.000000,1.000000,1.000000,1,0,1,1
1008,27,254,753,0.999998,1.000000,1.000000,1.000000,0,0,0,0
1009,29,255,753,0.999998,1.000000,1.000000,1.000000,0,0,0,0
1010,27,255,754,0.999998,1.000000,1.000000,1.000000,0,0,0,0
1011,25,255,755,0.999998,1.000000,1.000000,1.000000,0,0,0,0
1012,23,255,756,0.999998,1.000000,1.000000,1.000000,0,0,0,0
1013,21,255,757,0.999999,1.000000,1.000000,1.000000,1,1,1,0
1014,19,255,758,0.999999,1.000000,1.000000,1.000000,0,0,0,0
1015,29,256,758,0.999999,1.000000,1.000000,1.000000,0,0,0,0
1016,27,256,759,0.999999,1.000000,1.000000,1.000000,1,0,0,0
1017,25,256,760,0.999999,1.000000,1.000000,1.000000,0,0,0,0
1018,23,256,761,0.999999,1.000000,1.000000,1.000000,0,0,0,0
1019,21,256,762,0.999999,1.000000,1.000000,1.000000,0,0,0,0
1020,19,256,763,0.999999,1.000000,1.000000,1.000000,0,0,0,0
1021,17,256,764,0.999999,1.000000,1.000000,1.000000,0,0,0,0
1022,15,256,765,0.999999,1.000000,1.000000,1.000000,0,0,0,0
1023,13,256,766,0.999999,1.000000,1.000000,1.000000,0,0,0,0
1024,11,256,767,0.999999,1.000000,1.000000,1.000000,0,0,0,0
1025,9,256,768,0.999999,1.000000,1.000000,1.000000,0,0,1,0
1026,7,256,769,0.999999,1.000000,1.000000,1.000000,0,0,0,0
1027,29,257,769,0.999999,1.000000,1.000000,1.000000,0,0,0,0
1028,27,257,770,0.999999,1.000000,1.000000,1.000000,0,0,0,0
1029,25,257,771,0.999999,1.000000,1.000000,1.000000,0,0,0,0
1030,23,257,772,0.999999,1.000000,1.000000,1.000000,0,0,0,0
1031,21,257,773,0.999999,1.000000,1.000000,1.000000,1,0,0,0
1032,19,257,774,0.999999,1.000000,1.000000,1.000000,0,0,0,0
1033,17,257,775,0.999999,1.000000,1.000000,1.000000,1,0,0,0
1034,15,257,776,0.999999,1.000000,1.000000,1.000000,0,0,0,0
1035,29,258,776,0.999999,1.000000,1.000000,1.000000,0,0,0,0
1036,27,258,777,0.999999,1.000000,1.000000,1.000000,0,0,0,0
1037,25,258,778,0.999999,1.000000,1.000000,1.000000,0,0,0,0
1038,23,258,779,0.999999,1.000000,1.000000,1.000000,0,0,0,0
1039,21,258,780,0.999999,1.000000,1.000000,1.000000,0,0,0,0
1040,19,258,781,0.999999,1.000000,1.000000,1.000000,0,0,0,0
1041,17,258,782,0.999999,1.000000,1.000000,1.000000,0,0,0,1
1042,15,258,783,0.999999,1.000000,1.000000,1.000000,0,0,0,0
1043,29,259,783,0.999999,1.000000,1.000000,1.000000,0,0,0,0
1044,27,259,784,0.999999,1.000000,1.000000,1.000000,0,0,0,0
1045,25,259,785,0.999999,1.000000,1.000000,1.000000,0,0,0,0
1046,23,259,786,0.999999,1.000000,1.000000,1.000000,0,0,0,0
1047,21,259,787,0.999999,1.000000,1.000000,1.000000,0,0,0,0
1048,19,259,788,0.999999,1.000000,1.000000,1.000000,0,0,0,0
1049,17,259,789,0.999999,1.000000,1.000000,1.000000,0,0,0,0
1050,15,259,790,0.999999,1.000000,1.000000,1.000000,0,0,0,0
1051,13,259,791,0.999999,1.000000,1.000000,1.000000,0,0,0,1
1052,11,259,792,0.999999,1.000000,1.000000,1.000000,0,0,0,0
1053,29,260,792,0.999999,1.000000,1.000000,1.000000,0,0,0,0
1054,27,260,793,0.999999,1.000000,1.000000,1.000000,0,0,0,1
1055,25,260,794,0.999999,1.000000,1.000000,1.000000,1,0,0,0
1056,29,261,794,0.999999,1.000000,1.000000,1.000000,1,0,0,0
1057,27,261,795,0.999999,1.000000,1.000000,1.000000,0,0,0,1
1058,29,262,795,0.999999,1.000000,1.000000,1.000000,0,0,0,1
1059,27,262,796,0.999999,1.000000,1.000000,1.000000,0,0,0,1
1060,29,263,796,0.999999,1.000000,1.000000,1.000000,0,0,0,1
1061,27,263,797,0.999999,1.000000,1.000000,1.000000,0,0,0,1
1062,25,263,798,0.999999,1.000000,1.000000,1.000000,0,0,0,0
1063,23,263,799,0.999999,1.000000,1.000000,1.000000,0,0,0,0
1064,21,263,800,0.999999,1.000000,1.000000,1.000000,1,1,0,0
1065,19,263,801,0.999999,1.000000,1.000000,1.000000,1,0,0,0
1066,29,264,801,0.999999,1.000000,1.000000,1.000000,1,0,0,0
1067,27,264,802,1.000000,1.000000,1.000000,1.000000,1,0,0,1
1068,29,265,802,1.000000,1.000000,1.000000,1.000000,1,0,0,1
1069,27,265,803,1.000000,1.000000,1.000000,1.000000,0,0,0,0
1070,29,266,803,1.000000,1.000000,1.000000,1.000000,0,0,0,0
1071,27,266,804,1.000000,1.000000,1.000000,1.000000,0,1,0,0
1072,25,266,805,1.000000,1.000000,1.000000,1.000000,0,0,0,0
1073,29,267,805,1.000000,1.000000,1.000000,1.000000,0,0,0,0
1074,27,267,806,1.000000,1.000000,1.000000,1.000000,0,0,0,0
1075,25,267,807,1.000000,1.000000,1.000000,1.000000,1,0,0,0
1076,23,267,808,1.000000,1.000000,1.000000,1.000000,0,0,0,0
1077,29,268,808,1.000000,1.000000,1.000000,1.000000,0,0,0,0
1078,27,268,809,1.000000,1.000000,1.000000,1.000000,1,0,0,0
1079,25,268,810,1.000000,1.000000,1.000000,1.000000,0,0,0,1
1080,29,269,810,1.000000,1.000000,1.000000,1.000000,0,0,0,1
1081,27,269,811,1.000000,1.000000,1.000000,1.000000,0,0,0,0
1082,25,269,812,1.000000,1.000000,1.000000,1.000000,0,0,0,0
1083,23,269,813,1.000000,1.000000,1.000000,1.000000,0,0,0,0
1084,21,269,814,1.000000,1.000000,1.000000,1.000000,0,0,0,0
1085,19,269,815,1.000000,1.000000,1.000000,1.000000,0,0,0,0
1086,17,269,816,1.000000,1.000000,1.000000,1.000000,0,0,0,0
1087,15,269,817,1.000000,1.000000,1.000000,1.000000,0,0,0,0
1088,13,269,818,1.000000,1.000000,1.000000,1.000000,0,0,0,0
1089,11,269,819,1.000000,1.000000,1.000000,1.000000,0,0,0,0
1090,9,269,820,1.000000,1.000000,1.000000,1.000000,0,1,0,0
1091,7,269,821,1.000000,1.000000,1.000000,1.000000,1,1,0,0
1092,5,269,822,1.000000,1.000000,1.000000,1.000000,0,0,1,0
1093,29,270,822,1.000000,1.000000,1.000000,1.000000,0,0,1,0
1094,27,270,823,1.000000,1.000000,1.000000,1.000000,0,1,0,0
1095,29,271,823,1.000000,1.000000,1.000000,1.000000,0,1,0,0
1096,27,271,824,1.000000,1.000000,1.000000,1.000000,0,0,0,0
1097,29,272,824,1.000000,1.000000,1.000000,1.000000,0,0,0,0
1098,27,272,825,1.000000,1.000000,1.000000,1.000000,0,0,0,0
1099,25,272,826,1.000000,1.000000,1.000000,1.000000,0,0,0,0
1100,23,272,827,1.000000,1.000000,1.000000,1.000000,0,0,0,0
1101,21,272,828,1.000000,1.000000,1.000000,1.000000,0,0,0,0
1102,19,272,829,1.000000,1.000000,1.000000,1.000000,0,0,0,0
1103,17,272,830,1.000000,1.000000,1.000000,1.000000,0,0,0,0
1104,15,272,831,1.000000,1.000000,1.000000,1.000000,0,0,0,0
1105,13,272,832,1.000000,1.000000,1.000000,1.000000,0,0,0,0
1106,11,272,833,1.000000,1.000000,1.000000,1.000000,0,0,0,0
1107,9,272,834,1.000000,1.000000,1.000000,1.000000,0,0,0,0
1108,7,272,835,1.000000,1.000000,1.000000,1.000000,0,0,0,0
1109,5,272,836,1.000000,1.000000,1.000000,1.000000,0,1,0,0
1110,3,272,837,1.000000,1.000000,1.000000,1.000000,1,0,0,0
1111,29,273,837,1.000000,1.000000,1.000000,1.000000,1,1,0,0
1112,27,273,838,1.000000,1.000000,1.000000,1.000000,0,0,0,0
1113,29,274,838,1.000000,1.000000,1.000000,1.000000,0,0,0,0
1114,27,274,839,1.000000,1.000000,1.000000,1.000000,1,0,0,0
1115,25,274,840,1.000000,1.000000,1.000000,1.000000,0,0,0,0
1116,29,275,840,1.000000,1.000000,1.000000,1.000000,0,0,0,0
1117,27,275,841,1.000000,1.000000,1.000000,1.000000,0,0,0,0
1118,25,275,842,1.000000,1.000000,1.000000,1.000000,0,0,0,0
1119,23,275,843,1.000000,1.000000,1.000000,1.000000,0,0,0,0
1120,21,275,844,1.000000,1.000000,1.000000,1.000000,0,0,0,0
1121,19,275,845,1.000000,1.000000,1.000000,1.000000,0,0,1,0
1122,17,275,846,1.000000,1.000000,1.000000,1.000000,0,1,0,0
1123,15,275,847,1.000000,1.000000,1.000000,1.000000,0,0,0,1
1124,13,275,848,1.000000,1.000000,1.000000,1.000000,0,1,0,0
1125,29,276,848,1.000000,1.000000,1.000000,1.000000,0,1,0,0
1126,27,276,849,1.000000,1.000000,1.000000,1.000000,0,0,0,1
1127,25,276,850,1.000000,1.000000,1.000000,1.000000,0,1,0,0
1128,23,276,851,1.000000,1.000000,1.000000,1.000000,0,0,0,0
1129,29,277,851,1.000000,1.000000,1.000000,1.000000,0,0,0,0
1130,27,277,852,1.000000,1.000000,1.000000,1.000000,0,0,0,0
1131,25,277,853,1.000000,1.000000,1.000000,1.000000,0,0,0,1
1132,23,277,854,1.000000,1.000000,1.000000,1.000000,0,0,0,0
1133,21,277,855,1.000000,1.000000,1.000000,1.000000,0,0,0,0
1134,19,277,856,1.000000,1.000000,1.000000,1.000000,0,0,0,0
1135,17,277,857,1.000000,1.000000,1.000000,1.000000,0,1,0,0
1136,15,277,858,1.000000,1.000000,1.000000,1.000000,0,0,0,0
1137,29,278,858,1.000000,1.000000,1.000000,1.000000,0,0,0,0
1138,27,278,859,1.000000,1.000000,1.000000,1.000000,0,0,0,0
1139,25,278,860,1.000000,1.000000,1.000000,1.000000,0,0,0,0
1140,23,278,861,1.000000,1.000000,1.000000,1.000000,0,0,0,1
1141,21,278,862,1.000000,1.000000,1.000000,1.000000,0,0,0,0
1142,29,279,862,1.000000,1.000000,1.000000,1.000000,0,0,0,0
1143,27,279,863,1.000000,1.000000,1.000000,1.000000,1,0,1,0
1144,25,279,864,1.000000,1.000000,1.000000,1.000000,0,0,0,0
1145,29,280,864,1.000000,1.000000,1.000000,1.000000,0,0,0,0
1146,27,280,865,1.000000,1.000000,1.000000,1.000000,0,0,1,0
1147,25,280,866,1.000000,1.000000,1.000000,1.000000,0,0,0,0
1148,29,281,866,1.000000,1.000000,1.000000,1.000000,0,0,0,0
1149,27,281,867,1.000000,1.000000,1.000000,1.000000,0,1,0,0
1150,25,281,868,1.000000,1.000000,1.000000,1.000000,0,1,0,0
1151,29,282,868,1.000000,1.000000,1.000000,1.000000,0,1,0,0
1152,27,282,869,1.000000,1.000000,1.000000,1.000000,1,0,0,0
1153,29,283,869,1.000000,1.000000,1.000000,1.000000,1,0,0,0
1154,27,283,870,1.000000,1.000000,1.000000,1.000000,0,1,0,0
1155,29,284,870,1.000000,1.000000,1.000000,1.000000,0,1,0,0
1156,27,284,871,1.000000,1.000000,1.000000,1.000000,0,0,0,0
1157,29,285,871,1.000000,1.000000,1.000000,1.000000,0,0,0,0
1158,27,285,872,1.000000,1.000000,1.000000,1.000000,1,0,0,0
1159,25,285,873,1.000000,1.000000,1.000000,1.000000,0,0,0,0
1160,29,286,873,1.000000,1.000000,1.000000,1.000000,0,0,0,0
1161,27,286,874,1.000000,1.000000,1.000000,1.000000,0,0,0,1
1162,25,286,875,1.000000,1.000000,1.000000,1.000000,0,0,0,1
1163,29,287,875,1.000000,1.000000,1.000000,1.000000,0,0,0,1
1164,27,287,876,1.000000,1.000000,1.000000,1.000000,0,0,0,0
1165,29,288,876,1.000000,1.000000,1.000000,1.000000,0,0,0,0
1166,27,288,877,1.000000,1.000000,1.000000,1.000000,0,0,0,1
1167,25,288,878,1.000000,1.000000,1.000000,1.000000,0,0,0,0
1168,23,288,879,1.000000,1.000000,1.000000,1.000000,0,1,0,0
1169,21,288,880,1.000000,1.000000,1.000000,1.000000,0,0,0,0
1170,29,289,880,1.000000,1.000000,1.000000,1.000000,0,0,0,0
1171,27,289,881,1.000000,1.000000,1.000000,1.000000,0,0,0,0
1172,25,289,882,1.000000,1.000000,1.000000,1.000000,0,0,0,0
1173,23,289,883,1.000000,1.000000,1.000000,1.000000,0,0,0,0
1174,21,289,884,1.000000,1.000000,1.000000,1.000000,1,0,0,0
1175,19,289,885,1.000000,1.000000,1.000000,1.000000,0,0,0,1
1176,29,290,885,1.000000,1.000000,1.000000,1.000000,0,0,0,1
1177,27,290,886,1.000000,1.000000,1.000000,1.000000,0,0,0,0
1178,29,291,886,1.000000,1.000000,1.000000,1.000000,0,0,0,0
1179,27,291,887,1.000000,1.000000,1.000000,1.000000,0,0,0,1
1180,25,291,888,1.000000,1.000000,1.000000,1.000000,0,0,0,0
1181,29,292,888,1.000000,1.000000,1.000000,1.000000,0,0,0,0
1182,27,292,889,1.000000,1.000000,1.000000,1.000000,0,0,0,0
1183,25,292,890,1.000000,1.000000,1.000000,1.000000,0,0,0,0
1184,23,292,891,1.000000,1.000000,1.000000,1.000000,0,0,1,0
1185,21,292,892,1.000000,1.000000,1.000000,1.000000,0,0,0,0
1186,29,293,892,1.000000,1.000000,1.000000,1.000000,0,0,0,0
1187,27,293,893,1.000000,1.000000,1.000000,1.000000,0,0,0,1
1188,25,293,894,1.000000,1.000000,1.000000,1.000000,0,0,0,1
1189,29,294,894,1.000000,1.000000,1.000000,1.000000,0,0,0,1
1190,27,294,895,1.000000,1.000000,1.000000,1.000000,1,0,0,0
1191,29,295,895,1.000000,1.000000,1.000000,1.000000,1,0,0,0
1192,27,295,896,1.000000,1.000000,1.000000,1.000000,0,0,0,0
1193,29,296,896,1.000000,1.000000,1.000000,1.000000,0,0,0,0
1194,27,296,897,1.000000,1.000000,1.000000,1.000000,0,0,0,0
1195,25,296,898,1.000000,1.000000,1.000000,1.000000,0,0,0,0
1196,23,296,899,1.000000,1.000000,1.000000,1.000000,0,0,0,0
1197,21,296,900,1.000000,1.000000,1.000000,1.000000,0,0,0,0
1198,19,296,901,1.000000,1.000000,1.000000,1.000000,0,0,0,0
1199,17,296,902,1.000000,1.000000,1.000000,1.000000,0,0,1,0
1200,15,296,903,1.000000,1.000000,1.000000,1.000000,0,0,0,1
1201,29,297,903,1.000000,1.000000,1.000000,1.000000,0,0,0,1
1202,27,297,904,1.000000,1.000000,1.000000,1.000000,0,0,0,1
1203,25,297,905,1.000000,1.000000,1.000000,1.000000,0,1,0,0
1204,29,298,905,1.000000,1.000000,1.000000,1.000000,0,1,0,0
1205,27,298,906,1.000000,1.000000,1.000000,1.000000,0,0,0,0
1206,29,299,906,1.000000,1.000000,1.000000,1.000000,0,0,0,0
1207,27,299,907,1.000000,1.000000,1.000000,1.000000,0,0,0,0
1208,25,299,908,1.000000,1.000000,1.000000,1.000000,0,0,0,0
1209,23,299,909,1.000000,1.000000,1.000000,1.000000,0,0,0,0
1210,21,299,910,1.000000,1.000000,1.000000,1.000000,0,0,0,0
1211,19,299,911,1.000000,1.000000,1.000000,1.000000,0,0,0,0
1212,17,299,912,1.000000,1.000000,1.000000,1.000000,0,0,0,0
1213,15,299,913,1.000000,1.000000,1.000000,1.000000,0,0,0,0
1214,13,299,914,1.000000,1.000000,1.000000,1.000000,1,0,0,0
1215,11,299,915,1.000000,1.000000,1.000000,1.000000,0,1,0,0
1216,29,300,915,1.000000,1.000000,1.000000,1.000000,0,1,0,0
1217,27,300,916,1.000000,1.000000,1.000000,1.000000,0,0,0,0
1218,29,301,916,1.000000,1.000000,1.000000,1.000000,0,0,0,0
1219,27,301,917,1.000000,1.000000,1.000000,1.000000,0,1,0,0
1220,25,301,918,1.000000,1.000000,1.000000,1.000000,0,0,0,0
1221,29,302,918,1.000000,1.000000,1.000000,1.000000,0,0,0,0
1222,27,302,919,1.000000,1.000000,1.000000,1.000000,0,0,0,0
1223,25,302,920,1.000000,1.000000,1.000000,1.000000,0,0,0,0
1224,23,302,921,1.000000,1.000000,1.000000,1.000000,0,0,0,0
1225,21,302,922,1.000000,1.000000,1.000000,1.000000,0,0,0,0
1226,19,302,923,1.000000,1.000000,1.000000,1.000000,0,0,0,0
1227,17,302,924,1.000000,1.000000,1.000000,1.000000,0,0,0,1
1228,15,302,925,1.000000,1.000000,1.000000,1.000000,0,0,0,0
1229,29,303,925,1.000000,1.000000,1.000000,1.000000,0,0,0,0
1230,27,303,926,1.000000,1.000000,1.000000,1.000000,0,0,0,0
1231,25,303,927,1.000000,1.000000,1.000000,1.000000,0,0,0,0
1232,23,303,928,1.000000,1.000000,1.000000,1.000000,0,0,0,0
1233,21,303,929,1.000000,1.000000,1.000000,1.000000,0,0,0,0
1234,19,303,930,1.000000,1.000000,1.000000,1.000000,0,0,0,0
1235,17,303,931,1.000000,1.000000,1.000000,1.000000,0,0,0,0
1236,15,303,932,1.000000,1.000000,1.000000,1.000000,0,1,0,0
1237,13,303,933,1.000000,1.000000,1.000000,1.000000,0,0,0,0
1238,29,304,933,1.000000,1.000000,1.000000,1.000000,0,0,0,0
1239,27,304,934,1.000000,1.000000,1.000000,1.000000,0,0,0,0
1240,25,304,935,1.000000,1.000000,1.000000,1.000000,0,0,0,0
1241,23,304,936,1.000000,1.000000,1.000000,1.000000,0,0,0,0
1242,21,304,937,1.000000,1.000000,1.000000,1.000000,0,0,1,0
1243,19,304,938,1.000000,1.000000,1.000000,1.000000,0,0,0,0
1244,29,305,938,1.000000,1.000000,1.000000,1.000000,0,0,0,0
1245,27,305,939,1.000000,1.000000,1.000000,1.000000,0,0,0,0
1246,25,305,940,1.000000,1.000000,1.000000,1.000000,0,0,0,0
1247,23,305,941,1.000000,1.000000,1.000000,1.000000,0,0,0,0
1248,21,305,942,1.000000,1.000000,1.000000,1.000000,0,0,0,0
1249,19,305,943,1.000000,1.000000,1.000000,1.000000,0,0,0,0
1250,17,305,944,1.000000,1.000000,1.000000,1.000000,0,0,0,0
1251,15,305,945,1.000000,1.000000,1.000000,1.000000,0,0,0,0
1252,13,305,946,1.000000,1.000000,1.000000,1.000000,0,0,1,0
1253,11,305,947,1.000000,1.000000,1.000000,1.000000,0,0,0,0
1254,29,306,947,1.000000,1.000000,1.000000,1.000000,0,0,0,0
1255,27,306,948,1.000000,1.000000,1.000000,1.000000,0,0,0,0
1256,25,306,949,1.000000,1.000000,1.000000,1.000000,0,0,0,0
1257,23,306,950,1.000000,1.000000,1.000000,1.000000,0,0,0,0
1258,21,306,951,1.000000,1.000000,1.000000,1.000000,0,0,0,0
1259,19,306,952,1.000000,1.000000,1.000000,1.000000,0,1,0,0
1260,17,306,953,1.000000,1.000000,1.000000,1.000000,0,1,0,0
1261,29,307,953,1.000000,1.000000,1.000000,1.000000,0,1,0,0
1262,27,307,954,1.000000,1.000000,1.000000,1.000000,0,0,0,0
1263,29,308,954,1.000000,1.000000,1.000000,1.000000,0,0,0,0
1264,27,308,955,1.000000,1.000000,1.000000,1.000000,0,1,0,0
1265,25,308,956,1.000000,1.000000,1.000000,1.000000,0,0,0,0
1266,29,309,956,1.000000,1.000000,1.000000,1.000000,0,0,0,0
1267,27,309,957,1.000000,1.000000,1.000000,1.000000,0,0,1,0
1268,25,309,958,1.000000,1.000000,1.000000,1.000000,0,0,1,0
1269,29,310,958,1.000000,1.000000,1.000000,1.000000,0,0,1,0
1270,27,310,959,1.000000,1.000000,1.000000,1.000000,0,1,0,0
1271,29,311,959,1.000000,1.000000,1.000000,1.000000,0,1,0,0
1272,27,311,960,1.000000,1.000000,1.000000,1.000000,0,0,0,0
1273,29,312,960,1.000000,1.000000,1.000000,1.000000,0,0,0,0
1274,27,312,961,1.000000,1.000000,1.000000,1.000000,0,1,0,0
1275,25,312,962,1.000000,1.000000,1.000000,1.000000,0,0,0,0
1276,23,312,963,1.000000,1.000000,1.000000,1.000000,0,0,0,0
1277,21,312,964,1.000000,1.000000,1.000000,1.000000,0,0,0,0
1278,19,312,965,1.000000,1.000000,1.000000,1.000000,0,0,0,0
1279,17,312,966,1.000000,1.000000,1.000000,1.000000,0,0,0,0
1280,15,312,967,1.000000,1.000000,1.000000,1.000000,1,0,0,1
1281,13,312,968,1.000000,1.000000,1.000000,1.000000,0,0,0,0
1282,29,313,968,1.000000,1.000000,1.000000,1.000000,0,0,0,0
1283,27,313,969,1.000000,1.000000,1.000000,1.000000,0,0,0,0
1284,25,313,970,1.000000,1.000000,1.000000,1.000000,0,0,0,0
1285,23,313,971,1.000000,1.000000,1.000000,1.000000,0,0,0,0
1286,21,313,972,1.000000,1.000000,1.000000,1.000000,0,0,0,0
1287,19,313,973,1.000000,1.000000,1.000000,1.000000,0,0,0,0
1288,17,313,974,1.000000,1.000000,1.000000,1.000000,0,0,0,0
1289,15,313,975,1.000000,1.000000,1.000000,1.000000,0,0,0,0
1290,13,313,976,1.000000,1.000000,1.000000,1.000000,0,0,0,0
1291,11,313,977,1.000000,1.000000,1.000000,1.000000,0,0,0,0
1292,9,313,978,1.000000,1.000000,1.000000,1.000000,0,0,0,0
1293,7,313,979,1.000000,1.000000,1.000000,1.000000,1,1,0,0
1294,5,313,980,1.000000,1.000000,1.000000,1.000000,0,0,0,0
1295,29,314,980,1.000000,1.000000,1.000000,1.000000,0,0,0,0
1296,27,314,981,1.000000,1.000000,1.000000,1.000000,0,0,0,1
1297,25,314,982,1.000000,1.000000,1.000000,1.000000,0,0,0,0
1298,29,315,982,1.000000,1.000000,1.000000,1.000000,0,0,0,0
1299,27,315,983,1.000000,1.000000,1.000000,1.000000,0,0,0,1
1300,25,315,984,1.000000,1.000000,1.000000,1.000000,0,0,0,0
1301,29,316,984,1.000000,1.000000,1.000000,1.000000,0,0,0,0
1302,27,316,985,1.000000,1.000000,1.000000,1.000000,0,0,0,0
1303,25,316,986,1.000000,1.000000,1.000000,1.000000,0,0,0,0
1304,23,316,987,1.000000,1.000000,1.000000,1.000000,1,0,0,0
1305,21,316,988,1.000000,1.000000,1.000000,1.000000,0,0,0,1
1306,29,317,988,1.000000,1.000000,1.000000,1.000000,0,0,0,1
1307,27,317,989,1.000000,1.000000,1.000000,1.000000,0,0,0,0
1308,29,318,989,1.000000,1.000000,1.000000,1.000000,0,0,0,0
1309,27,318,990,1.000000,1.000000,1.000000,1.000000,0,0,0,0
1310,25,318,991,1.000000,1.000000,1.000000,1.000000,0,0,0,0
1311,23,318,992,1.000000,1.000000,1.000000,1.000000,0,0,0,0
1312,21,318,993,1.000000,1.000000,1.000000,1.000000,0,0,0,0
1313,19,318,994,1.000000,1.000000,1.000000,1.000000,0,0,0,0
1314,17,318,995,1.000000,1.000000,1.000000,1.000000,0,0,0,0
1315,15,318,996,1.000000,1.000000,1.000000,1.000000,0,0,0,0
1316,13,318,997,1.000000,1.000000,1.000000,1.000000,1,1,0,0
1317,11,318,998,1.000000,1.000000,1.000000,1.000000,0,1,0,0
1318,9,318,999,1.000000,1.000000,1.000000,1.000000,0,0,0,1
1319,29,319,999,1.000000,1.000000,1.000000,1.000000,0,0,0,1
1320,27,319,1000,1.000000,1.000000,1.000000,1.000000,0,0,0,0
1321,29,320,1000,1.000000,1.000000,1.000000,1.000000,0,0,0,0
1322,27,320,1001,1.000000,1.000000,1.000000,1.000000,0,0,0,1
1323,25,320,1002,1.000000,1.000000,1.000000,1.000000,1,0,0,0
1324,29,321,1002,1.000000,1.000000,1.000000,1.000000,1,0,0,0
1325,27,321,1003,1.000000,1.000000,1.000000,1.000000,0,0,0,1
1326,29,322,1003,1.000000,1.000000,1.000000,1.000000,0,0,0,1
1327,27,322,1004,1.000000,1.000000,1.000000,1.000000,1,0,0,1
1328,29,323,1004,1.000000,1.000000,1.000000,1.000000,1,0,0,1
1329,27,323,1005,1.000000,1.000000,1.000000,1.000000,1,0,0,0
1330,29,324,1005,1.000000,1.000000,1.000000,1.000000,1,0,0,0
1331,27,324,1006,1.000000,1.000000,1.000000,1.000000,0,0,0,0
1332,29,325,1006,1.000000,1.000000,1.000000,1.000000,0,0,0,0
1333,27,325,1007,1.000000,1.000000,1.000000,1.000000,0,0,0,0
1334,25,325,1008,1.000000,1.000000,1.000000,1.000000,0,0,0,0
1335,23,325,1009,1.000000,1.000000,1.000000,1.000000,0,0,0,0
1336,21,325,1010,1.000000,1.000000,1.000000,1.000000,0,0,0,0
1337,19,325,1011,1.000000,1.000000,1.000000,1.000000,0,0,0,0
1338,17,325,1012,1.000000,1.000000,1.000000,1.000000,0,0,0,0
1339,15,325,1013,1.000000,1.000000,1.000000,1.000000,0,0,0,1
1340,13,325,1014,1.000000,1.000000,1.000000,1.000000,0,0,0,0
1341,29,326,1014,1.000000,1.000000,1.000000,1.000000,0,0,0,0
1342,27,326,1015,1.000000,1.000000,1.000000,1.000000,0,0,1,1
1343,25,326,1016,1.000000,1.000000,1.000000,1.000000,0,0,0,0
1344,29,327,1016,1.000000,1.000000,1.000000,1.000000,0,0,0,0
1345,27,327,1017,1.000000,1.000000,1.000000,1.000000,0,0,0,0
1346,25,327,1018,1.000000,1.000000,1.000000,1.000000,0,0,1,0
1347,23,327,1019,1.000000,1.000000,1.000000,1.000000,0,0,1,0
1348,29,328,1019,1.000000,1.000000,1.000000,1.000000,0,0,1,0
1349,27,328,1020,1.000000,1.000000,1.000000,1.000000,0,1,0,0
1350,25,328,1021,1.000000,1.000000,1.000000,1.000000,0,1,1,1
1351,29,329,1021,1.000000,1.000000,1.000000,1.000000,0,1,1,1
1352,27,329,1022,1.000000,1.000000,1.000000,1.000000,0,0,0,0
1353,29,330,1022,1.000000,1.000000,1.000000,1.000000,0,0,0,0
1354,27,330,1023,1.000000,1.000000,1.000000,1.000000,1,0,1,0
1355,25,330,1024,1.000000,1.000000,1.000000,1.000000,0,0,0,0
1356,29,331,1024,1.000000,1.000000,1.000000,1.000000,0,0,0,0
1357,27,331,1025,1.000000,1.000000,1.000000,1.000000,0,0,1,0
1358,25,331,1026,1.000000,1.000000,1.000000,1.000000,0,0,0,0
1359,29,332,1026,1.000000,1.000000,1.000000,1.000000,0,0,0,0
1360,27,332,1027,1.000000,1.000000,1.000000,1.000000,0,0,0,0
1361,25,332,1028,1.000000,1.000000,1.000000,1.000000,0,0,0,0
1362,23,332,1029,1.000000,1.000000,1.000000,1.000000,0,0,0,0
1363,21,332,1030,1.000000,1.000000,1.000000,1.000000,0,0,0,0
1364,19,332,1031,1.000000,1.000000,1.000000,1.000000,0,0,0,0
1365,17,332,1032,1.000000,1.000000,1.000000,1.000000,0,0,0,0
1366,15,332,1033,1.000000,1.000000,1.000000,1.000000,0,0,0,0
1367,13,332,1034,1.000000,1.000000,1.000000,1.000000,0,0,0,0
1368,11,332,1035,1.000000,1.000000,1.000000,1.000000,0,0,1,0
1369,9,332,1036,1.000000,1.000000,1.000000,1.000000,0,0,0,0
1370,7,332,1037,1.000000,1.000000,1.000000,1.000000,1,0,0,0
1371,5,332,1038,1.000000,1.000000,1.000000,1.000000,0,0,0,0
1372,29,333,1038,1.000000,1.000000,1.000000,1.000000,0,0,0,0
1373,27,333,1039,1.000000,1.000000,1.000000,1.000000,1,1,0,0
1374,25,333,1040,1.000000,1.000000,1.000000,1.000000,1,0,0,0
1375,29,334,1040,1.000000,1.000000,1.000000,1.000000,1,0,0,0
1376,27,334,1041,1.000000,1.000000,1.000000,1.000000,0,1,0,1
1377,25,334,1042,1.000000,1.000000,1.000000,1.000000,1,1,0,0
1378,29,335,1042,1.000000,1.000000,1.000000,1.000000,1,1,0,0
1379,27,335,1043,1.000000,1.000000,1.000000,1.000000,0,1,0,0
1380,29,336,1043,1.000000,1.000000,1.000000,1.000000,0,1,0,0
1381,27,336,1044,1.000000,1.000000,1.000000,1.000000,0,0,0,0
1382,25,336,1045,1.000000,1.000000,1.000000,1.000000,1,1,0,0
1383,23,336,1046,1.000000,1.000000,1.000000,1.000000,0,0,0,0
1384,29,337,1046,1.000000,1.000000,1.000000,1.000000,0,0,0,0
1385,27,337,1047,1.000000,1.000000,1.000000,1.000000,1,1,0,0
1386,25,337,1048,1.000000,1.000000,1.000000,1.000000,0,0,0,0
1387,29,338,1048,1.000000,1.000000,1.000000,1.000000,0,0,0,0
1388,27,338,1049,1.000000,1.000000,1.000000,1.000000,0,1,0,0
1389,25,338,1050,1.000000,1.000000,1.000000,1.000000,0,0,0,0
1390,29,339,1050,1.000000,1.000000,1.000000,1.000000,0,0,0,0
1391,27,339,1051,1.000000,1.000000,1.000000,1.000000,0,1,0,0
1392,25,339,1052,1.000000,1.000000,1.000000,1.000000,0,0,0,0
1393,29,340,1052,1.000000,1.000000,1.000000,1.000000,0,0,0,0
1394,27,340,1053,1.000000,1.000000,1.000000,1.000000,0,0,0,0
1395,25,340,1054,1.000000,1.000000,1.000000,1.000000,0,0,0,0
1396,23,340,1055,1.000000,1.000000,1.000000,1.000000,0,0,0,0
1397,21,340,1056,1.000000,1.000000,1.000000,1.000000,1,0,0,0
1398,19,340,1057,1.000000,1.000000,1.000000,1.000000,1,0,0,0
1399,29,341,1057,1.000000,1.000000,1.000000,1.000000,1,0,0,0
1400,27,341,1058,1.000000,1.000000,1.000000,1.000000,1,0,0,0
1401,29,342,1058,1.000000,1.000000,1.000000,1.000000,1,0,0,0
1402,27,342,1059,1.000000,1.000000,1.000000,1.000000,1,1,0,1
1403,25,342,1060,1.000000,1.000000,1.000000,1.000000,0,0,1,0
1404,29,343,1060,1.000000,1.000000,1.000000,1.000000,0,0,1,0
1405,27,343,1061,1.000000,1.000000,1.000000,1.000000,0,0,1,0
1406,25,343,1062,1.000000,1.000000,1.000000,1.000000,0,1,0,1
1407,29,344,1062,1.000000,1.000000,1.000000,1.000000,0,1,0,1
1408,27,344,1063,1.000000,1.000000,1.000000,1.000000,0,1,0,0
1409,25,344,1064,1.000000,1.000000,1.000000,1.000000,0,0,0,1
1410,29,345,1064,1.000000,1.000000,1.000000,1.000000,0,0,0,1
1411,27,345,1065,1.000000,1.000000,1.000000,1.000000,0,0,0,0
1412,29,346,1065,1.000000,1.000000,1.000000,1.000000,0,0,0,0
1413,27,346,1066,1.000000,1.000000,1.000000,1.000000,0,0,0,1
1414,25,346,1067,1.000000,1.000000,1.000000,1.000000,0,0,0,0
1415,29,347,1067,1.000000,1.000000,1.000000,1.000000,0,0,0,0
1416,27,347,1068,1.000000,1.000000,1.000000,1.000000,0,0,0,0
1417,25,347,1069,1.000000,1.000000,1.000000,1.000000,0,0,1,1
1418,23,347,1070,1.000000,1.000000,1.000000,1.000000,0,0,1,0
1419,29,348,1070,1.000000,1.000000,1.000000,1.000000,0,0,1,0
1420,27,348,1071,1.000000,1.000000,1.000000,1.000000,0,1,0,0
1421,29,349,1071,1.000000,1.000000,1.000000,1.000000,0,1,0,0
1422,27,349,1072,1.000000,1.000000,1.000000,1.000000,0,0,0,0
1423,29,350,1072,1.000000,1.000000,1.000000,1.000000,0,0,0,0
1424,27,350,1073,1.000000,1.000000,1.000000,1.000000,0,0,1,0
1425,25,350,1074,1.000000,1.000000,1.000000,1.000000,0,0,0,0
1426,29,351,1074,1.000000,1.000000,1.000000,1.000000,0,0,0,0
1427,27,351,1075,1.000000,1.000000,1.000000,1.000000,0,0,0,0
1428,25,351,1076,1.000000,1.000000,1.000000,1.000000,0,0,0,0
1429,23,351,1077,1.000000,1.000000,1.000000,1.000000,0,0,0,0
1430,21,351,1078,1.000000,1.000000,1.000000,1.000000,0,1,0,0
1431,19,351,1079,1.000000,1.000000,1.000000,1.000000,1,0,0,0
1432,29,352,1079,1.000000,1.000000,1.000000,1.000000,1,0,0,0
1433,27,352,1080,1.000000,1.000000,1.000000,1.000000,1,0,0,0
1434,29,353,1080,1.000000,1.000000,1.000000,1.000000,1,0,0,0
1435,27,353,1081,1.000000,1.000000,1.000000,1.000000,1,1,0,1
1436,29,354,1081,1.000000,1.000000,1.000000,1.000000,1,1,0,1
1437,27,354,1082,1.000000,1.000000,1.000000,1.000000,0,0,0,1
1438,29,355,1082,1.000000,1.000000,1.000000,1.000000,0,0,0,1
1439,27,355,1083,1.000000,1.000000,1.000000,1.000000,0,0,0,0
1440,29,356,1083,1.000000,1.000000,1.000000,1.000000,0,0,0,0
1441,27,356,1084,1.000000,1.000000,1.000000,1.000000,0,0,0,0
1442,25,356,1085,1.000000,1.000000,1.000000,1.000000,1,1,0,0
1443,23,356,1086,1.000000,1.000000,1.000000,1.000000,0,0,0,0
1444,29,357,1086,1.000000,1.000000,1.000000,1.000000,0,0,0,0
1445,27,357,1087,1.000000,1.000000,1.000000,1.000000,1,0,1,0
1446,25,357,1088,1.000000,1.000000,1.000000,1.000000,0,0,0,0
1447,29,358,1088,1.000000,1.000000,1.000000,1.000000,0,0,0,0
1448,27,358,1089,1.000000,1.000000,1.000000,1.000000,0,0,0,1
1449,25,358,1090,1.000000,1.000000,1.000000,1.000000,0,0,1,0
1450,29,359,1090,1.000000,1.000000,1.000000,1.000000,1,0,1,0
1451,27,359,1091,1.000000,1.000000,1.000000,1.000000,0,0,0,0
1452,25,359,1092,1.000000,1.000000,1.000000,1.000000,0,1,0,0
1453,29,360,1092,1.000000,1.000000,1.000000,1.000000,0,1,0,0
1454,27,360,1093,1.000000,1.000000,1.000000,1.000000,0,0,0,0
1455,29,361,1093,1.000000,1.000000,1.000000,1.000000,0,0,0,0
1456,27,361,1094,1.000000,1.000000,1.000000,1.000000,0,0,0,1
1457,25,361,1095,1.000000,1.000000,1.000000,1.000000,0,0,0,0
1458,29,362,1095,1.000000,1.000000,1.000000,1.000000,0,0,0,0
1459,27,362,1096,1.000000,1.000000,1.000000,1.000000,1,0,0,0
1460,25,362,1097,1.000000,1.000000,1.000000,1.000000,0,0,0,0
1461,29,363,1097,1.000000,1.000000,1.000000,1.000000,0,0,0,0
1462,27,363,1098,1.000000,1.000000,1.000000,1.000000,0,0,0,0
1463,25,363,1099,1.000000,1.000000,1.000000,1.000000,0,0,0,0
1464,23,363,1100,1.000000,1.000000,1.000000,1.000000,0,0,0,0
1465,21,363,1101,1.000000,1.000000,1.000000,1.000000,0,0,0,0
1466,19,363,1102,1.000000,1.000000,1.000000,1.000000,0,0,0,0
1467,17,363,1103,1.000000,1.000000,1.000000,1.000000,1,0,0,0
1468,15,363,1104,1.000000,1.000000,1.000000,1.000000,0,0,0,1
1469,13,363,1105,1.000000,1.000000,1.000000,1.000000,0,1,0,1
1470,29,364,1105,1.000000,1.000000,1.000000,1.000000,0,1,0,1
1471,27,364,1106,1.000000,1.000000,1.000000,1.000000,0,0,0,0
1472,29,365,1106,1.000000,1.000000,1.000000,1.000000,0,0,0,0
1473,27,365,1107,1.000000,1.000000,1.000000,1.000000,0,0,0,1
1474,25,365,1108,1.000000,1.000000,1.000000,1.000000,0,0,0,0
1475,29,366,1108,1.000000,1.000000,1.000000,1.000000,0,0,0,0
1476,27,366,1109,1.000000,1.000000,1.000000,1.000000,0,0,0,0
1477,25,366,1110,1.000000,1.000000,1.000000,1.000000,0,0,0,0
1478,23,366,1111,1.000000,1.000000,1.000000,1.000000,0,0,0,0
1479,21,366,1112,1.000000,1.000000,1.000000,1.000000,0,0,0,0
1480,19,366,1113,1.000000,1.000000,1.000000,1.000000,1,0,0,0
1481,17,366,1114,1.000000,1.000000,1.000000,1.000000,1,0,0,0
1482,29,367,1114,1.000000,1.000000,1.000000,1.000000,1,0,0,0
1483,27,367,1115,1.000000,1.000000,1.000000,1.000000,0,0,0,1
1484,29,368,1115,1.000000,1.000000,1.000000,1.000000,0,0,0,1
1485,27,368,1116,1.000000,1.000000,1.000000,1.000000,0,0,0,0
1486,29,369,1116,1.000000,1.000000,1.000000,1.000000,0,0,0,0
1487,27,369,1117,1.000000,1.000000,1.000000,1.000000,0,0,0,0
1488,25,369,1118,1.000000,1.000000,1.000000,1.000000,0,0,0,0
1489,23,369,1119,1.000000,1.000000,1.000000,1.000000,0,0,0,0
1490,21,369,1120,1.000000,1.000000,1.000000,1.000000,0,0,0,0
1491,19,369,1121,1.000000,1.000000,1.000000,1.000000,0,0,1,0
1492,17,369,1122,1.000000,1.000000,1.000000,1.000000,0,1,0,0
1493,15,369,1123,1.000000,1.000000,1.000000,1.000000,0,1,0,1
1494,13,369,1124,1.000000,1.000000,1.000000,1.000000,0,0,0,1
1495,29,370,1124,1.000000,1.000000,1.000000,1.000000,0,0,0,1
1496,27,370,1125,1.000000,1.000000,1.000000,1.000000,0,0,0,1
1497,29,371,1125,1.000000,1.000000,1.000000,1.000000,0,0,0,1
1498,27,371,1126,1.000000,1.000000,1.000000,1.000000,0,0,0,0
1499,29,372,1126,1.000000,1.000000,1.000000,1.000000,0,0,0,0
1500,27,372,1127,1.000000,1.000000,1.000000,1.000000,1,0,0,0
1501,25,372,1128,1.000000,1.000000,1.000000,1.000000,1,0,0,0
1502,29,373,1128,1.000000,1.000000,1.000000,1.000000,1,0,0,0
1503,27,373,1129,1.000000,1.000000,1.000000,1.000000,0,1,0,0
1504,25,373,1130,1.000000,1.000000,1.000000,1.000000,0,0,0,0
1505,29,374,1130,1.000000,1.000000,1.000000,1.000000,0,0,0,0
1506,27,374,1131,1.000000,1.000000,1.000000,1.000000,0,0,0,0
1507,25,374,1132,1.000000,1.000000,1.000000,1.000000,0,1,0,0
1508,23,374,1133,1.000000,1.000000,1.000000,1.000000,0,0,0,0
1509,29,375,1133,1.000000,1.000000,1.000000,1.000000,0,0,0,0
1510,27,375,1134,1.000000,1.000000,1.000000,1.000000,0,0,0,0
1511,25,375,1135,1.000000,1.000000,1.000000,1.000000,0,1,1,0
1512,23,375,1136,1.000000,1.000000,1.000000,1.000000,0,0,1,0
1513,29,376,1136,1.000000,1.000000,1.000000,1.000000,0,0,1,0
1514,27,376,1137,1.000000,1.000000,1.000000,1.000000,0,1,1,1
1515,29,377,1137,1.000000,1.000000,1.000000,1.000000,0,1,1,1
1516,27,377,1138,1.000000,1.000000,1.000000,1.000000,0,0,0,0
1517,29,378,1138,1.000000,1.000000,1.000000,1.000000,0,0,0,0
1518,27,378,1139,1.000000,1.000000,1.000000,1.000000,0,0,1,1
1519,25,378,1140,1.000000,1.000000,1.000000,1.000000,0,0,0,1
1520,29,379,1140,1.000000,1.000000,1.000000,1.000000,0,0,0,1
1521,27,379,1141,1.000000,1.000000,1.000000,1.000000,0,0,1,0
1522,25,379,1142,1.000000,1.000000,1.000000,1.000000,0,0,1,0
1523,29,380,1142,1.000000,1.000000,1.000000,1.000000,0,0,1,0
1524,27,380,1143,1.000000,1.000000,1.000000,1.000000,0,0,0,0
1525,29,381,1143,1.000000,1.000000,1.000000,1.000000,0,0,0,0
1526,27,381,1144,1.000000,1.000000,1.000000,1.000000,0,0,0,0
1527,25,381,1145,1.000000,1.000000,1.000000,1.000000,0,0,0,0
1528,23,381,1146,1.000000,1.000000,1.000000,1.000000,0,0,0,0
1529,21,381,1147,1.000000,1.000000,1.000000,1.000000,0,0,0,0
1530,19,381,1148,1.000000,1.000000,1.000000,1.000000,1,0,0,0
1531,17,381,1149,1.000000,1.000000,1.000000,1.000000,1,1,0,0
1532,29,382,1149,1.000000,1.000000,1.000000,1.000000,1,1,0,0
1533,27,382,1150,1.000000,1.000000,1.000000,1.000000,0,0,0,0
1534,29,383,1150,1.000000,1.000000,1.000000,1.000000,0,0,0,0
1535,27,383,1151,1.000000,1.000000,1.000000,1.000000,0,1,0,0
1536,25,383,1152,1.000000,1.000000,1.000000,1.000000,1,0,0,0
1537,29,384,1152,1.000000,1.000000,1.000000,1.000000,1,0,0,0
1538,27,384,1153,1.000000,1.000000,1.000000,1.000000,0,0,0,0
1539,25,384,1154,1.000000,1.000000,1.000000,1.000000,0,1,0,0
1540,23,384,1155,1.000000,1.000000,1.000000,1.000000,0,0,0,0
1541,21,384,1156,1.000000,1.000000,1.000000,1.000000,0,0,0,0
1542,19,384,1157,1.000000,1.000000,1.000000,1.000000,0,0,1,0
1543,17,384,1158,1.000000,1.000000,1.000000,1.000000,0,0,0,1
1544,15,384,1159,1.000000,1.000000,1.000000,1.000000,0,1,0,0
1545,29,385,1159,1.000000,1.000000,1.000000,1.000000,0,1,0,0
1546,27,385,1160,1.000000,1.000000,1.000000,1.000000,0,1,0,0
1547,29,386,1160,1.000000,1.000000,1.000000,1.000000,0,1,0,0
1548,27,386,1161,1.000000,1.000000,1.000000,1.000000,0,1,0,0
1549,25,386,1162,1.000000,1.000000,1.000000,1.000000,1,0,1,0
1550,29,387,1162,1.000000,1.000000,1.000000,1.000000,1,0,1,0
1551,27,387,1163,1.000000,1.000000,1.000000,1.000000,0,0,0,0
1552,29,388,1163,1.000000,1.000000,1.000000,1.000000,0,0,0,0
1553,27,388,1164,1.000000,1.000000,1.000000,1.000000,0,0,0,0
1554,25,388,1165,1.000000,1.000000,1.000000,1.000000,0,0,0,0
1555,23,388,1166,1.000000,1.000000,1.000000,1.000000,0,0,0,0
1556,21,388,1167,1.000000,1.000000,1.000000,1.000000,0,0,0,0
1557,19,388,1168,1.000000,1.000000,1.000000,1.000000,0,0,0,0
1558,17,388,1169,1.000000,1.000000,1.000000,1.000000,0,0,1,0
1559,15,388,1170,1.000000,1.000000,1.000000,1.000000,0,0,1,0
1560,29,389,1170,1.000000,1.000000,1.000000,1.000000,0,0,1,0
1561,27,389,1171,1.000000,1.000000,1.000000,1.000000,0,0,1,0
1562,29,390,1171,1.000000,1.000000,1.000000,1.000000,0,0,1,0
1563,27,390,1172,1.000000,1.000000,1.000000,1.000000,0,1,0,1
1564,29,391,1172,1.000000,1.000000,1.000000,1.000000,0,1,0,1
1565,27,391,1173,1.000000,1.000000,1.000000,1.000000,0,0,0,0
1566,29,392,1173,1.000000,1.000000,1.000000,1.000000,0,0,0,0
1567,27,392,1174,1.000000,1.000000,1.000000,1.000000,0,0,0,0
1568,25,392,1175,1.000000,1.000000,1.000000,1.000000,1,0,0,1
1569,23,392,1176,1.000000,1.000000,1.000000,1.000000,0,0,0,0
1570,29,393,1176,1.000000,1.000000,1.000000,1.000000,0,0,0,0
1571,27,393,1177,1.000000,1.000000,1.000000,1.000000,0,0,0,0
1572,25,393,1178,1.000000,1.000000,1.000000,1.000000,0,0,0,0
1573,23,393,1179,1.000000,1.000000,1.000000,1.000000,0,0,0,0
1574,21,393,1180,1.000000,1.000000,1.000000,1.000000,0,0,0,0
1575,19,393,1181,1.000000,1.000000,1.000000,1.000000,0,1,0,0
1576,17,393,1182,1.000000,1.000000,1.000000,1.000000,0,0,1,0
1577,15,393,1183,1.000000,1.000000,1.000000,1.000000,1,0,0,0
1578,29,394,1183,1.000000,1.000000,1.000000,1.000000,1,0,1,0
1579,27,394,1184,1.000000,1.000000,1.000000,1.000000,0,0,0,0
1580,29,395,1184,1.000000,1.000000,1.000000,1.000000,0,0,0,0
1581,27,395,1185,1.000000,1.000000,1.000000,1.000000,0,0,1,0
1582,25,395,1186,1.000000,1.000000,1.000000,1.000000,0,1,0,1
1583,29,396,1186,1.000000,1.000000,1.000000,1.000000,0,1,0,1
1584,27,396,1187,1.000000,1.000000,1.000000,1.000000,0,0,1,0
1585,29,397,1187,1.000000,1.000000,1.000000,1.000000,0,0,1,0
1586,27,397,1188,1.000000,1.000000,1.000000,1.000000,0,0,0,0
1587,29,398,1188,1.000000,1.000000,1.000000,1.000000,0,0,0,0
1588,27,398,1189,1.000000,1.000000,1.000000,1.000000,0,0,0,0
1589,25,398,1190,1.000000,1.000000,1.000000,1.000000,0,0,0,0
1590,23,398,1191,1.000000,1.000000,1.000000,1.000000,0,0,0,0
1591,21,398,1192,1.000000,1.000000,1.000000,1.000000,0,0,0,0
1592,19,398,1193,1.000000,1.000000,1.000000,1.000000,0,0,0,0
1593,17,398,1194,1.000000,1.000000,1.000000,1.000000,0,0,0,1
1594,15,398,1195,1.000000,1.000000,1.000000,1.000000,1,0,0,0
1595,29,399,1195,1.000000,1.000000,1.000000,1.000000,1,0,0,0
1596,27,399,1196,1.000000,1.000000,1.000000,1.000000,0,0,0,0
1597,29,400,1196,1.000000,1.000000,1.000000,1.000000,0,0,0,0
1598,27,400,1197,1.000000,1.000000,1.000000,1.000000,0,0,0,0
1599,25,400,1198,1.000000,1.000000,1.000000,1.000000,0,0,0,0
1600,23,400,1199,1.000000,1.000000,1.000000,1.000000,0,0,0,0
1601,21,400,1200,1.000000,1.000000,1.000000,1.000000,0,0,0,0
1602,19,400,1201,1.000000,1.000000,1.000000,1.000000,0,0,0,1
1603,17,400,1202,1.000000,1.000000,1.000000,1.000000,0,0,0,0
1604,29,401,1202,1.000000,1.000000,1.000000,1.000000,0,0,0,0
1605,27,401,1203,1.000000,1.000000,1.000000,1.000000,0,0,0,0
1606,25,401,1204,1.000000,1.000000,1.000000,1.000000,0,0,0,0
1607,23,401,1205,1.000000,1.000000,1.000000,1.000000,0,0,0,0
1608,21,401,1206,1.000000,1.000000,1.000000,1.000000,0,0,0,0
1609,19,401,1207,1.000000,1.000000,1.000000,1.000000,1,0,0,0
1610,17,401,1208,1.000000,1.000000,1.000000,1.000000,0,0,0,0
1611,29,402,1208,1.000000,1.000000,1.000000,1.000000,0,0,0,0
1612,27,402,1209,1.000000,1.000000,1.000000,1.000000,0,0,0,0
1613,25,402,1210,1.000000,1.000000,1.000000,1.000000,0,0,0,0
1614,23,402,1211,1.000000,1.000000,1.000000,1.000000,1,0,0,0
1615,21,402,1212,1.000000,1.000000,1.000000,1.000000,0,0,0,0
1616,29,403,1212,1.000000,1.000000,1.000000,1.000000,0,0,0,0
1617,27,403,1213,1.000000,1.000000,1.000000,1.000000,0,0,0,1
1618,25,403,1214,1.000000,1.000000,1.000000,1.000000,0,0,0,1
1619,29,404,1214,1.000000,1.000000,1.000000,1.000000,0,0,0,1
1620,27,404,1215,1.000000,1.000000,1.000000,1.000000,1,0,1,1
1621,29,405,1215,1.000000,1.000000,1.000000,1.000000,1,0,1,1
1622,27,405,1216,1.000000,1.000000,1.000000,1.000000,0,0,0,0
1623,29,406,1216,1.000000,1.000000,1.000000,1.000000,0,0,0,0
1624,27,406,1217,1.000000,1.000000,1.000000,1.000000,1,0,0,0
1625,25,406,1218,1.000000,1.000000,1.000000,1.000000,1,0,0,0
1626,23,406,1219,1.000000,1.000000,1.000000,1.000000,0,0,1,0
1627,29,407,1219,1.000000,1.000000,1.000000,1.000000,0,0,1,0
1628,27,407,1220,1.000000,1.000000,1.000000,1.000000,0,0,0,0
1629,29,408,1220,1.000000,1.000000,1.000000,1.000000,0,0,0,0
1630,27,408,1221,1.000000,1.000000,1.000000,1.000000,0,0,0,0
1631,25,408,1222,1.000000,1.000000,1.000000,1.000000,1,0,0,0
1632,23,408,1223,1.000000,1.000000,1.000000,1.000000,0,0,0,1
1633,29,409,1223,1.000000,1.000000,1.000000,1.000000,0,0,0,1
1634,27,409,1224,1.000000,1.000000,1.000000,1.000000,0,1,0,0
1635,25,409,1225,1.000000,1.000000,1.000000,1.000000,0,0,0,0
1636,29,410,1225,1.000000,1.000000,1.000000,1.000000,0,0,0,0
1637,27,410,1226,1.000000,1.000000,1.000000,1.000000,1,1,0,0
1638,25,410,1227,1.000000,1.000000,1.000000,1.000000,0,1,0,0
1639,29,411,1227,1.000000,1.000000,1.000000,1.000000,0,1,0,0
1640,27,411,1228,1.000000,1.000000,1.000000,1.000000,1,1,1,0
1641,29,412,1228,1.000000,1.000000,1.000000,1.000000,1,1,1,0
1642,27,412,1229,1.000000,1.000000,1.000000,1.000000,0,0,1,0
1643,29,413,1229,1.000000,1.000000,1.000000,1.000000,0,0,1,0
1644,27,413,1230,1.000000,1.000000,1.000000,1.000000,0,0,0,1
1645,29,414,1230,1.000000,1.000000,1.000000,1.000000,0,0,0,1
1646,27,414,1231,1.000000,1.000000,1.000000,1.000000,0,0,0,0
1647,29,415,1231,1.000000,1.000000,1.000000,1.000000,0,0,0,0
1648,27,415,1232,1.000000,1.000000,1.000000,1.000000,0,0,0,0
1649,25,415,1233,1.000000,1.000000,1.000000,1.000000,0,0,0,0
1650,23,415,1234,1.000000,1.000000,1.000000,1.000000,0,0,0,0
1651,21,415,1235,1.000000,1.000000,1.000000,1.000000,0,0,0,0
1652,19,415,1236,1.000000,1.000000,1.000000,1.000000,0,0,0,0
1653,17,415,1237,1.000000,1.000000,1.000000,1.000000,0,0,0,0
1654,15,415,1238,1.000000,1.000000,1.000000,1.000000,0,0,0,0
1655,13,415,1239,1.000000,1.000000,1.000000,1.000000,0,0,1,0
1656,11,415,1240,1.000000,1.000000,1.000000,1.000000,0,0,1,0
1657,29,416,1240,1.000000,1.000000,1.000000,1.000000,0,0,1,0
1658,27,416,1241,1.000000,1.000000,1.000000,1.000000,0,0,0,0
1659,29,417,1241,1.000000,1.000000,1.000000,1.000000,0,0,0,0
1660,27,417,1242,1.000000,1.000000,1.000000,1.000000,0,0,0,0
1661,25,417,1243,1.000000,1.000000,1.000000,1.000000,0,0,0,0
1662,23,417,1244,1.000000,1.000000,1.000000,1.000000,0,0,0,0
1663,21,417,1245,1.000000,1.000000,1.000000,1.000000,0,0,0,0
1664,19,417,1246,1.000000,1.000000,1.000000,1.000000,0,0,1,0
1665,17,417,1247,1.000000,1.000000,1.000000,1.000000,0,0,0,0
1666,29,418,1247,1.000000,1.000000,1.000000,1.000000,0,0,0,0
1667,27,418,1248,1.000000,1.000000,1.000000,1.000000,0,0,1,0
1668,25,418,1249,1.000000,1.000000,1.000000,1.000000,0,0,0,0
1669,29,419,1249,1.000000,1.000000,1.000000,1.000000,0,0,0,0
1670,27,419,1250,1.000000,1.000000,1.000000,1.000000,0,1,0,0
1671,25,419,1251,1.000000,1.000000,1.000000,1.000000,0,0,1,0
1672,29,420,1251,1.000000,1.000000,1.000000,1.000000,0,0,1,0
1673,27,420,1252,1.000000,1.000000,1.000000,1.000000,0,1,1,0
1674,29,421,1252,1.000000,1.000000,1.000000,1.000000,0,1,1,0
1675,27,421,1253,1.000000,1.000000,1.000000,1.000000,0,0,0,0
1676,29,422,1253,1.000000,1.000000,1.000000,1.000000,0,0,0,0
1677,27,422,1254,1.000000,1.000000,1.000000,1.000000,0,1,0,0
1678,25,422,1255,1.000000,1.000000,1.000000,1.000000,0,1,0,0
1679,29,423,1255,1.000000,1.000000,1.000000,1.000000,0,1,0,0
1680,27,423,1256,1.000000,1.000000,1.000000,1.000000,0,1,0,0
1681,29,424,1256,1.000000,1.000000,1.000000,1.000000,0,1,0,0
1682,27,424,1257,1.000000,1.000000,1.000000,1.000000,1,0,0,0
1683,29,425,1257,1.000000,1.000000,1.000000,1.000000,1,0,0,0
1684,27,425,1258,1.000000,1.000000,1.000000,1.000000,0,0,0,0
1685,29,426,1258,1.000000,1.000000,1.000000,1.000000,0,0,0,0
1686,27,426,1259,1.000000,1.000000,1.000000,1.000000,0,0,0,0
1687,25,426,1260,1.000000,1.000000,1.000000,1.000000,0,0,0,0
1688,23,426,1261,1.000000,1.000000,1.000000,1.000000,0,0,0,0
1689,21,426,1262,1.000000,1.000000,1.000000,1.000000,0,0,1,0
1690,19,426,1263,1.000000,1.000000,1.000000,1.000000,0,0,0,0
1691,29,427,1263,1.000000,1.000000,1.000000,1.000000,0,0,0,0
1692,27,427,1264,1.000000,1.000000,1.000000,1.000000,0,0,0,0
1693,25,427,1265,1.000000,1.000000,1.000000,1.000000,0,0,0,0
1694,23,427,1266,1.000000,1.000000,1.000000,1.000000,0,0,0,0
1695,21,427,1267,1.000000,1.000000,1.000000,1.000000,0,0,0,0
1696,19,427,1268,1.000000,1.000000,1.000000,1.000000,0,0,0,0
1697,17,427,1269,1.000000,1.000000,1.000000,1.000000,0,1,1,0
1698,15,427,1270,1.000000,1.000000,1.000000,1.000000,0,0,0,0
1699,29,428,1270,1.000000,1.000000,1.000000,1.000000,0,0,0,0
1700,27,428,1271,1.000000,1.000000,1.000000,1.000000,0,1,0,0
1701,25,428,1272,1.000000,1.000000,1.000000,1.000000,0,0,0,0
1702,29,429,1272,1.000000,1.000000,1.000000,1.000000,0,0,0,0
1703,27,429,1273,1.000000,1.000000,1.000000,1.000000,0,0,0,0
1704,25,429,1274,1.000000,1.000000,1.000000,1.000000,0,0,0,0
1705,23,429,1275,1.000000,1.000000,1.000000,1.000000,0,0,0,0
1706,21,429,1276,1.000000,1.000000,1.000000,1.000000,1,0,0,0
1707,19,429,1277,1.000000,1.000000,1.000000,1.000000,0,0,0,0
1708,29,430,1277,1.000000,1.000000,1.000000,1.000000,0,0,0,0
1709,27,430,1278,1.000000,1.000000,1.000000,1.000000,0,0,0,0
1710,25,430,1279,1.000000,1.000000,1.000000,1.000000,1,0,0,0
1711,23,430,1280,1.000000,1.000000,1.000000,1.000000,0,0,0,0
1712,29,431,1280,1.000000,1.000000,1.000000,1.000000,0,0,0,0
1713,27,431,1281,1.000000,1.000000,1.000000,1.000000,1,0,0,0
1714,25,431,1282,1.000000,1.000000,1.000000,1.000000,0,1,0,0
1715,29,432,1282,1.000000,1.000000,1.000000,1.000000,0,1,0,0
1716,27,432,1283,1.000000,1.000000,1.000000,1.000000,0,1,0,0
1717,25,432,1284,1.000000,1.000000,1.000000,1.000000,0,1,0,1
1718,29,433,1284,1.000000,1.000000,1.000000,1.000000,0,1,0,1
1719,27,433,1285,1.000000,1.000000,1.000000,1.000000,0,0,0,0
1720,29,434,1285,1.000000,1.000000,1.000000,1.000000,0,0,0,0
1721,27,434,1286,1.000000,1.000000,1.000000,1.000000,0,0,0,0
1722,25,434,1287,1.000000,1.000000,1.000000,1.000000,0,0,0,0
1723,23,434,1288,1.000000,1.000000,1.000000,1.000000,0,0,0,0
1724,21,434,1289,1.000000,1.000000,1.000000,1.000000,0,0,0,0
1725,19,434,1290,1.000000,1.000000,1.000000,1.000000,0,0,1,0
1726,17,434,1291,1.000000,1.000000,1.000000,1.000000,0,0,0,0
1727,29,435,1291,1.000000,1.000000,1.000000,1.000000,0,0,0,0
1728,27,435,1292,1.000000,1.000000,1.000000,1.000000,0,0,0,0
1729,25,435,1293,1.000000,1.000000,1.000000,1.000000,0,0,0,0
1730,23,435,1294,1.000000,1.000000,1.000000,1.000000,0,0,0,0
1731,21,435,1295,1.000000,1.000000,1.000000,1.000000,0,0,0,0
1732,19,435,1296,1.000000,1.000000,1.000000,1.000000,0,0,0,0
1733,17,435,1297,1.000000,1.000000,1.000000,1.000000,0,0,0,0
1734,15,435,1298,1.000000,1.000000,1.000000,1.000000,0,0,0,0
1735,13,435,1299,1.000000,1.000000,1.000000,1.000000,0,0,0,0
1736,11,435,1300,1.000000,1.000000,1.000000,1.000000,0,0,0,0
1737,9,435,1301,1.000000,1.000000,1.000000,1.000000,0,1,0,0
1738,7,435,1302,1.000000,1.000000,1.000000,1.000000,0,0,0,0
1739,29,436,1302,1.000000,1.000000,1.000000,1.000000,0,0,0,0
1740,27,436,1303,1.000000,1.000000,1.000000,1.000000,0,1,1,0
1741,25,436,1304,1.000000,1.000000,1.000000,1.000000,1,0,0,0
1742,23,436,1305,1.000000,1.000000,1.000000,1.000000,0,0,1,0
1743,21,436,1306,1.000000,1.000000,1.000000,1.000000,1,0,0,0
1744,29,437,1306,1.000000,1.000000,1.000000,1.000000,1,0,0,0
1745,27,437,1307,1.000000,1.000000,1.000000,1.000000,0,0,0,0
1746,29,438,1307,1.000000,1.000000,1.000000,1.000000,0,0,0,0
1747,27,438,1308,1.000000,1.000000,1.000000,1.000000,0,0,0,0
1748,25,438,1309,1.000000,1.000000,1.000000,1.000000,0,0,1,0
1749,23,438,1310,1.000000,1.000000,1.000000,1.000000,0,0,0,0
1750,29,439,1310,1.000000,1.000000,1.000000,1.000000,0,0,0,0
1751,27,439,1311,1.000000,1.000000,1.000000,1.000000,0,0,0,0
1752,25,439,1312,1.000000,1.000000,1.000000,1.000000,0,0,1,0
1753,23,439,1313,1.000000,1.000000,1.000000,1.000000,0,0,0,0
1754,29,440,1313,1.000000,1.000000,1.000000,1.000000,0,0,0,0
1755,27,440,1314,1.000000,1.000000,1.000000,1.000000,0,0,1,0
1756,25,440,1315,1.000000,1.000000,1.000000,1.000000,0,0,0,0
1757,29,441,1315,1.000000,1.000000,1.000000,1.000000,0,0,0,0
1758,27,441,1316,1.000000,1.000000,1.000000,1.000000,0,1,0,0
1759,25,441,1317,1.000000,1.000000,1.000000,1.000000,0,0,0,0
1760,29,442,1317,1.000000,1.000000,1.000000,1.000000,0,0,0,0
1761,27,442,1318,1.000000,1.000000,1.000000,1.000000,0,0,1,0
1762,25,442,1319,1.000000,1.000000,1.000000,1.000000,0,0,0,0
1763,23,442,1320,1.000000,1.000000,1.000000,1.000000,0,0,0,0
1764,21,442,1321,1.000000,1.000000,1.000000,1.000000,0,1,0,0
1765,19,442,1322,1.000000,1.000000,1.000000,1.000000,0,0,1,0
1766,29,443,1322,1.000000,1.000000,1.000000,1.000000,0,0,1,0
1767,27,443,1323,1.000000,1.000000,1.000000,1.000000,0,1,1,0
1768,25,443,1324,1.000000,1.000000,1.000000,1.000000,1,0,0,0
1769,29,444,1324,1.000000,1.000000,1.000000,1.000000,1,0,0,0
1770,27,444,1325,1.000000,1.000000,1.000000,1.000000,1,0,0,0
1771,29,445,1325,1.000000,1.000000,1.000000,1.000000,1,0,0,0
1772,27,445,1326,1.000000,1.000000,1.000000,1.000000,0,0,0,0
1773,25,445,1327,1.000000,1.000000,1.000000,1.000000,0,0,1,0
1774,23,445,1328,1.000000,1.000000,1.000000,1.000000,0,0,1,1
1775,29,446,1328,1.000000,1.000000,1.000000,1.000000,0,0,1,1
1776,27,446,1329,1.000000,1.000000,1.000000,1.000000,0,0,0,0
1777,29,447,1329,1.000000,1.000000,1.000000,1.000000,0,0,0,0
1778,27,447,1330,1.000000,1.000000,1.000000,1.000000,0,0,0,0
1779,25,447,1331,1.000000,1.000000,1.000000,1.000000,0,0,0,0
1780,23,447,1332,1.000000,1.000000,1.000000,1.000000,0,0,0,0
1781,21,447,1333,1.000000,1.000000,1.000000,1.000000,0,1,0,0
1782,19,447,1334,1.000000,1.000000,1.000000,1.000000,0,0,0,0
1783,29,448,1334,1.000000,1.000000,1.000000,1.000000,0,0,0,0
1784,27,448,1335,1.000000,1.000000,1.000000,1.000000,0,0,0,0
1785,25,448,1336,1.000000,1.000000,1.000000,1.000000,0,0,0,0
1786,23,448,1337,1.000000,1.000000,1.000000,1.000000,0,0,0,0
1787,21,448,1338,1.000000,1.000000,1.000000,1.000000,0,0,0,0
1788,19,448,1339,1.000000,1.000000,1.000000,1.000000,0,1,0,0
1789,17,448,1340,1.000000,1.000000,1.000000,1.000000,1,0,0,0
1790,29,449,1340,1.000000,1.000000,1.000000,1.000000,1,0,0,0
1791,27,449,1341,1.000000,1.000000,1.000000,1.000000,0,0,0,0
1792,29,450,1341,1.000000,1.000000,1.000000,1.000000,0,0,0,0
1793,27,450,1342,1.000000,1.000000,1.000000,1.000000,0,0,0,0
1794,25,450,1343,1.000000,1.000000,1.000000,1.000000,0,0,0,0
1795,23,450,1344,1.000000,1.000000,1.000000,1.000000,0,0,0,0
1796,21,450,1345,1.000000,1.000000,1.000000,1.000000,0,0,0,0
1797,19,450,1346,1.000000,1.000000,1.000000,1.000000,0,0,0,0
1798,17,450,1347,1.000000,1.000000,1.000000,1.000000,0,0,0,0
1799,15,450,1348,1.000000,1.000000,1.000000,1.000000,0,0,0,0
1800,13,450,1349,1.000000,1.000000,1.000000,1.000000,0,1,0,0
1801,11,450,1350,1.000000,1.000000,1.000000,1.000000,0,0,1,0
1802,29,451,1350,1.000000,1.000000,1.000000,1.000000,0,0,1,0
1803,27,451,1351,1.000000,1.000000,1.000000,1.000000,0,0,0,0
1804,29,452,1351,1.000000,1.000000,1.000000,1.000000,0,0,0,0
1805,27,452,1352,1.000000,1.000000,1.000000,1.000000,0,0,0,0
1806,25,452,1353,1.000000,1.000000,1.000000,1.000000,0,0,0,0
1807,23,452,1354,1.000000,1.000000,1.000000,1.000000,0,0,0,0
1808,21,452,1355,1.000000,1.000000,1.000000,1.000000,0,0,0,0
1809,19,452,1356,1.000000,1.000000,1.000000,1.000000,0,0,0,0
1810,17,452,1357,1.000000,1.000000,1.000000,1.000000,0,1,0,0
1811,15,452,1358,1.000000,1.000000,1.000000,1.000000,0,0,0,0
1812,29,453,1358,1.000000,1.000000,1.000000,1.000000,0,0,0,0
1813,27,453,1359,1.000000,1.000000,1.000000,1.000000,0,0,1,0
1814,25,453,1360,1.000000,1.000000,1.000000,1.000000,0,0,0,0
1815,29,454,1360,1.000000,1.000000,1.000000,1.000000,0,0,0,0
1816,27,454,1361,1.000000,1.000000,1.000000,1.000000,0,0,1,0
1817,25,454,1362,1.000000,1.000000,1.000000,1.000000,0,1,0,0
1818,29,455,1362,1.000000,1.000000,1.000000,1.000000,0,1,0,0
1819,27,455,1363,1.000000,1.000000,1.000000,1.000000,0,1,0,0
1820,25,455,1364,1.000000,1.000000,1.000000,1.000000,0,1,1,1
1821,29,456,1364,1.000000,1.000000,1.000000,1.000000,0,1,1,1
1822,27,456,1365,1.000000,1.000000,1.000000,1.000000,0,0,0,0
1823,29,457,1365,1.000000,1.000000,1.000000,1.000000,0,0,0,0
1824,27,457,1366,1.000000,1.000000,1.000000,1.000000,0,1,0,0
1825,25,457,1367,1.000000,1.000000,1.000000,1.000000,0,0,0,0
1826,29,458,1367,1.000000,1.000000,1.000000,1.000000,0,0,0,0
1827,27,458,1368,1.000000,1.000000,1.000000,1.000000,0,0,0,0
1828,25,458,1369,1.000000,1.000000,1.000000,1.000000,0,0,0,0
1829,23,458,1370,1.000000,1.000000,1.000000,1.000000,1,0,0,0
1830,21,458,1371,1.000000,1.000000,1.000000,1.000000,0,0,0,0
1831,29,459,1371,1.000000,1.000000,1.000000,1.000000,0,0,0,0
1832,27,459,1372,1.000000,1.000000,1.000000,1.000000,0,0,0,0
1833,25,459,1373,1.000000,1.000000,1.000000,1.000000,0,0,0,0
1834,23,459,1374,1.000000,1.000000,1.000000,1.000000,0,0,0,0
1835,21,459,1375,1.000000,1.000000,1.000000,1.000000,0,0,1,0
1836,19,459,1376,1.000000,1.000000,1.000000,1.000000,0,1,0,0
1837,29,460,1376,1.000000,1.000000,1.000000,1.000000,0,1,1,0
1838,27,460,1377,1.000000,1.000000,1.000000,1.000000,0,0,0,0
1839,29,461,1377,1.000000,1.000000,1.000000,1.000000,0,0,0,0
1840,27,461,1378,1.000000,1.000000,1.000000,1.000000,0,1,0,0
1841,25,461,1379,1.000000,1.000000,1.000000,1.000000,0,1,0,0
1842,29,462,1379,1.000000,1.000000,1.000000,1.000000,0,1,0,0
1843,27,462,1380,1.000000,1.000000,1.000000,1.000000,0,0,0,0
1844,25,462,1381,1.000000,1.000000,1.000000,1.000000,0,0,0,1
1845,23,462,1382,1.000000,1.000000,1.000000,1.000000,0,0,0,0
1846,29,463,1382,1.000000,1.000000,1.000000,1.000000,0,0,0,0
1847,27,463,1383,1.000000,1.000000,1.000000,1.000000,0,0,0,0
1848,25,463,1384,1.000000,1.000000,1.000000,1.000000,0,0,0,0
1849,23,463,1385,1.000000,1.000000,1.000000,1.000000,0,0,0,0
1850,21,463,1386,1.000000,1.000000,1.000000,1.000000,0,0,0,0
1851,19,463,1387,1.000000,1.000000,1.000000,1.000000,0,0,0,0
1852,17,463,1388,1.000000,1.000000,1.000000,1.000000,0,0,0,0
1853,15,463,1389,1.000000,1.000000,1.000000,1.000000,0,0,0,1
1854,13,463,1390,1.000000,1.000000,1.000000,1.000000,0,0,0,0
1855,29,464,1390,1.000000,1.000000,1.000000,1.000000,0,0,0,0
1856,27,464,1391,1.000000,1.000000,1.000000,1.000000,0,0,1,0
1857,25,464,1392,1.000000,1.000000,1.000000,1.000000,0,1,0,0
1858,29,465,1392,1.000000,1.000000,1.000000,1.000000,0,1,0,0
1859,27,465,1393,1.000000,1.000000,1.000000,1.000000,0,1,0,0
1860,29,466,1393,1.000000,1.000000,1.000000,1.000000,0,1,0,0
1861,27,466,1394,1.000000,1.000000,1.000000,1.000000,0,1,1,0
1862,29,467,1394,1.000000,1.000000,1.000000,1.000000,0,1,1,0
1863,27,467,1395,1.000000,1.000000,1.000000,1.000000,0,0,0,0
1864,29,468,1395,1.000000,1.000000,1.000000,1.000000,0,0,0,0
1865,27,468,1396,1.000000,1.000000,1.000000,1.000000,0,1,0,0
1866,25,468,1397,1.000000,1.000000,1.000000,1.000000,0,0,0,0
1867,29,469,1397,1.000000,1.000000,1.000000,1.000000,0,0,0,0
1868,27,469,1398,1.000000,1.000000,1.000000,1.000000,0,0,0,0
1869,25,469,1399,1.000000,1.000000,1.000000,1.000000,0,0,0,0
1870,23,469,1400,1.000000,1.000000,1.000000,1.000000,0,0,0,0
1871,21,469,1401,1.000000,1.000000,1.000000,1.000000,1,0,0,0
1872,19,469,1402,1.000000,1.000000,1.000000,1.000000,0,0,0,1
1873,29,470,1402,1.000000,1.000000,1.000000,1.000000,0,0,0,1
1874,27,470,1403,1.000000,1.000000,1.000000,1.000000,0,0,0,0
1875,29,471,1403,1.000000,1.000000,1.000000,1.000000,0,0,0,0
1876,27,471,1404,1.000000,1.000000,1.000000,1.000000,0,0,0,0
1877,25,471,1405,1.000000,1.000000,1.000000,1.000000,1,0,0,0
1878,23,471,1406,1.000000,1.000000,1.000000,1.000000,0,0,1,1
1879,21,471,1407,1.000000,1.000000,1.000000,1.000000,0,1,0,1
1880,29,472,1407,1.000000,1.000000,1.000000,1.000000,0,1,0,1
1881,27,472,1408,1.000000,1.000000,1.000000,1.000000,0,0,0,0
1882,29,473,1408,1.000000,1.000000,1.000000,1.000000,0,0,0,0
1883,27,473,1409,1.000000,1.000000,1.000000,1.000000,1,0,0,0
1884,25,473,1410,1.000000,1.000000,1.000000,1.000000,0,0,0,0
1885,29,474,1410,1.000000,1.000000,1.000000,1.000000,0,0,0,0
1886,27,474,1411,1.000000,1.000000,1.000000,1.000000,0,0,0,1
1887,25,474,1412,1.000000,1.000000,1.000000,1.000000,0,0,0,0
1888,29,475,1412,1.000000,1.000000,1.000000,1.000000,0,0,0,0
1889,27,475,1413,1.000000,1.000000,1.000000,1.000000,0,0,1,0
1890,25,475,1414,1.000000,1.000000,1.000000,1.000000,0,0,1,0
1891,29,476,1414,1.000000,1.000000,1.000000,1.000000,0,0,1,0
1892,27,476,1415,1.000000,1.000000,1.000000,1.000000,0,0,0,0
1893,29,477,1415,1.000000,1.000000,1.000000,1.000000,0,0,0,0
1894,27,477,1416,1.000000,1.000000,1.000000,1.000000,0,0,0,1
1895,25,477,1417,1.000000,1.000000,1.000000,1.000000,0,0,1,0
1896,29,478,1417,1.000000,1.000000,1.000000,1.000000,0,0,1,0
1897,27,478,1418,1.000000,1.000000,1.000000,1.000000,0,0,0,0
1898,29,479,1418,1.000000,1.000000,1.000000,1.000000,0,0,0,0
1899,27,479,1419,1.000000,1.000000,1.000000,1.000000,0,0,0,0
1900,25,479,1420,1.000000,1.000000,1.000000,1.000000,0,0,0,0
1901,23,479,1421,1.000000,1.000000,1.000000,1.000000,0,0,0,0
1902,21,479,1422,1.000000,1.000000,1.000000,1.000000,0,0,0,0
1903,19,479,1423,1.000000,1.000000,1.000000,1.000000,0,0,0,0
1904,17,479,1424,1.000000,1.000000,1.000000,1.000000,0,0,0,0
1905,15,479,1425,1.000000,1.000000,1.000000,1.000000,1,0,0,0
1906,13,479,1426,1.000000,1.000000,1.000000,1.000000,0,0,0,0
1907,29,480,1426,1.000000,1.000000,1.000000,1.000000,0,0,1,0
1908,27,480,1427,1.000000,1.000000,1.000000,1.000000,0,0,0,0
1909,29,481,1427,1.000000,1.000000,1.000000,1.000000,0,0,0,0
1910,27,481,1428,1.000000,1.000000,1.000000,1.000000,0,0,0,0
1911,25,481,1429,1.000000,1.000000,1.000000,1.000000,1,1,0,0
1912,23,481,1430,1.000000,1.000000,1.000000,1.000000,0,0,0,0
1913,29,482,1430,1.000000,1.000000,1.000000,1.000000,0,0,0,0
1914,27,482,1431,1.000000,1.000000,1.000000,1.000000,0,0,1,0
1915,25,482,1432,1.000000,1.000000,1.000000,1.000000,0,0,0,0
1916,23,482,1433,1.000000,1.000000,1.000000,1.000000,1,0,0,0
1917,21,482,1434,1.000000,1.000000,1.000000,1.000000,0,0,0,0
1918,29,483,1434,1.000000,1.000000,1.000000,1.000000,0,0,0,0
1919,27,483,1435,1.000000,1.000000,1.000000,1.000000,0,0,0,0
1920,25,483,1436,1.000000,1.000000,1.000000,1.000000,0,0,0,0
1921,23,483,1437,1.000000,1.000000,1.000000,1.000000,0,0,0,0
1922,21,483,1438,1.000000,1.000000,1.000000,1.000000,0,0,0,0
1923,19,483,1439,1.000000,1.000000,1.000000,1.000000,0,0,0,0
1924,17,483,1440,1.000000,1.000000,1.000000,1.000000,0,0,0,0
1925,15,483,1441,1.000000,1.000000,1.000000,1.000000,0,1,0,0
1926,13,483,1442,1.000000,1.000000,1.000000,1.000000,0,0,1,0
1927,29,484,1442,1.000000,1.000000,1.000000,1.000000,0,0,1,0
1928,27,484,1443,1.000000,1.000000,1.000000,1.000000,0,0,0,0
1929,29,485,1443,1.000000,1.000000,1.000000,1.000000,0,0,0,0
1930,27,485,1444,1.000000,1.000000,1.000000,1.000000,0,0,0,0
1931,25,485,1445,1.000000,1.000000,1.000000,1.000000,0,1,0,0
1932,23,485,1446,1.000000,1.000000,1.000000,1.000000,0,0,0,0
1933,29,486,1446,1.000000,1.000000,1.000000,1.000000,0,0,0,0
1934,27,486,1447,1.000000,1.000000,1.000000,1.000000,0,0,0,1
1935,25,486,1448,1.000000,1.000000,1.000000,1.000000,0,0,0,0
1936,23,486,1449,1.000000,1.000000,1.000000,1.000000,1,1,0,0
1937,21,486,1450,1.000000,1.000000,1.000000,1.000000,0,0,0,0
1938,29,487,1450,1.000000,1.000000,1.000000,1.000000,0,0,0,0
1939,27,487,1451,1.000000,1.000000,1.000000,1.000000,0,0,1,0
1940,25,487,1452,1.000000,1.000000,1.000000,1.000000,0,1,0,0
1941,23,487,1453,1.000000,1.000000,1.000000,1.000000,0,0,0,0
1942,29,488,1453,1.000000,1.000000,1.000000,1.000000,0,0,0,0
1943,27,488,1454,1.000000,1.000000,1.000000,1.000000,0,0,0,0
1944,25,488,1455,1.000000,1.000000,1.000000,1.000000,0,0,0,0
1945,23,488,1456,1.000000,1.000000,1.000000,1.000000,0,0,0,0
1946,21,488,1457,1.000000,1.000000,1.000000,1.000000,0,0,0,0
1947,19,488,1458,1.000000,1.000000,1.000000,1.000000,1,0,0,0
1948,17,488,1459,1.000000,1.000000,1.000000,1.000000,0,1,0,1
1949,29,489,1459,1.000000,1.000000,1.000000,1.000000,0,1,0,1
1950,27,489,1460,1.000000,1.000000,1.000000,1.000000,0,0,0,0
1951,29,490,1460,1.000000,1.000000,1.000000,1.000000,0,0,0,0
1952,27,490,1461,1.000000,1.000000,1.000000,1.000000,0,0,0,1
1953,25,490,1462,1.000000,1.000000,1.000000,1.000000,0,0,0,0
1954,23,490,1463,1.000000,1.000000,1.000000,1.000000,0,0,0,1
1955,21,490,1464,1.000000,1.000000,1.000000,1.000000,0,0,0,1
1956,29,491,1464,1.000000,1.000000,1.000000,1.000000,0,0,0,1
1957,27,491,1465,1.000000,1.000000,1.000000,1.000000,0,0,0,0
1958,29,492,1465,1.000000,1.000000,1.000000,1.000000,0,0,0,0
1959,27,492,1466,1.000000,1.000000,1.000000,1.000000,0,0,0,0
1960,25,492,1467,1.000000,1.000000,1.000000,1.000000,0,0,0,0
1961,23,492,1468,1.000000,1.000000,1.000000,1.000000,0,0,0,0
1962,21,492,1469,1.000000,1.000000,1.000000,1.000000,0,0,0,0
1963,19,492,1470,1.000000,1.000000,1.000000,1.000000,0,0,0,0
1964,17,492,1471,1.000000,1.000000,1.000000,1.000000,0,0,1,1
1965,15,492,1472,1.000000,1.000000,1.000000,1.000000,0,0,0,0
1966,29,493,1472,1.000000,1.000000,1.000000,1.000000,0,0,0,0
1967,27,493,1473,1.000000,1.000000,1.000000,1.000000,0,0,0,0
1968,25,493,1474,1.000000,1.000000,1.000000,1.000000,0,1,0,0
1969,23,493,1475,1.000000,1.000000,1.000000,1.000000,0,0,0,0
1970,29,494,1475,1.000000,1.000000,1.000000,1.000000,0,0,0,0
1971,27,494,1476,1.000000,1.000000,1.000000,1.000000,0,0,0,0
1972,25,494,1477,1.000000,1.000000,1.000000,1.000000,0,0,1,0
1973,23,494,1478,1.000000,1.000000,1.000000,1.000000,1,0,0,0
1974,21,494,1479,1.000000,1.000000,1.000000,1.000000,1,0,0,0
1975,19,494,1480,1.000000,1.000000,1.000000,1.000000,0,0,1,0
1976,17,494,1481,1.000000,1.000000,1.000000,1.000000,1,0,0,0
1977,29,495,1481,1.000000,1.000000,1.000000,1.000000,1,0,0,0
1978,27,495,1482,1.000000,1.000000,1.000000,1.000000,0,0,0,0
1979,29,496,1482,1.000000,1.000000,1.000000,1.000000,0,0,0,0
1980,27,496,1483,1.000000,1.000000,1.000000,1.000000,1,0,0,0
1981,25,496,1484,1.000000,1.000000,1.000000,1.000000,0,1,0,0
1982,29,497,1484,1.000000,1.000000,1.000000,1.000000,0,1,0,0
1983,27,497,1485,1.000000,1.000000,1.000000,1.000000,0,0,0,0
1984,29,498,1485,1.000000,1.000000,1.000000,1.000000,0,0,0,0
1985,27,498,1486,1.000000,1.000000,1.000000,1.000000,0,0,0,0
1986,25,498,1487,1.000000,1.000000,1.000000,1.000000,0,0,0,0
1987,23,498,1488,1.000000,1.000000,1.000000,1.000000,0,0,0,0
1988,21,498,1489,1.000000,1.000000,1.000000,1.000000,0,0,0,0
1989,19,498,1490,1.000000,1.000000,1.000000,1.000000,0,0,0,0
1990,17,498,1491,1.000000,1.000000,1.000000,1.000000,0,0,0,0
1991,15,498,1492,1.000000,1.000000,1.000000,1.000000,0,1,0,0
1992,13,498,1493,1.000000,1.000000,1.000000,1.000000,0,0,0,0
1993,29,499,1493,1.000000,1.000000,1.000000,1.000000,1,0,0,0
1994,27,499,1494,1.000000,1.000000,1.000000,1.000000,0,0,0,0
1995,29,500,1494,1.000000,1.000000,1.000000,1.000000,0,0,0,0
1996,27,500,1495,1.000000,1.000000,1.000000,1.000000,0,0,0,0
1997,25,500,1496,1.000000,1.000000,1.000000,1.000000,0,0,0,0
1998,23,500,1497,1.000000,1.000000,1.000000,1.000000,0,0,0,0
1999,21,500,1498,1.000000,1.000000,1.000000,1.000000,0,0,0,1
2000,19,500,1499,1.000000,1.000000,1.000000,1.000000,0,0,0,0
