src,tgt,weight_initial,weight_final_run_0001,weight_final_run_0002,weight_final_run_0003,weight_final_run_0004,weight_final_run_0005,weight_final_run_0006,weight_final_run_0007,weight_final_run_0008,weight_final_run_0009,weight_final_run_0010,weight_final_run_0011,weight_final_run_0012,weight_final_run_0013,weight_final_run_0014,weight_final_run_0015,weight_final_run_0016,weight_final_run_0017,weight_final_run_0018,weight_final_run_0019,weight_final_run_0020,weight_final_run_0021,weight_final_run_0022,weight_final_run_0023,weight_final_run_0024,weight_final_run_0025,weight_final_run_0026,weight_final_run_0027,weight_final_run_0028,weight_final_run_0029,weight_final_run_0030,weight_final_run_0031,weight_final_run_0032,weight_final_run_0033,weight_final_run_0034,weight_final_run_0035,weight_final_run_0036,weight_final_run_0037,weight_final_run_0038,weight_final_run_0039,weight_final_run_0040,weight_final_run_0041,weight_final_run_0042,weight_final_run_0043,weight_final_run_0044,weight_final_run_0045,weight_final_run_0046,weight_final_run_0047,weight_final_run_0048,weight_final_run_0049,weight_final_run_0050,weight_final_run_0051,weight_final_run_0052,weight_final_run_0053,weight_final_run_0054,weight_final_run_0055,weight_final_run_0056,weight_final_run_0057,weight_final_run_0058,weight_final_run_0059,weight_final_run_0060,weight_final_run_0061,weight_final_run_0062,weight_final_run_0063,weight_final_run_0064,weight_final_run_0065,weight_final_run_0066,weight_final_run_0067,weight_final_run_0068,weight_final_run_0069,weight_final_run_0070,weight_final_run_0071,weight_final_run_0072,weight_final_run_0073,weight_final_run_0074,weight_final_run_0075,weight_final_run_0076,weight_final_run_0077,weight_final_run_0078,weight_final_run_0079,weight_final_run_0080,weight_final_run_0081,weight_final_run_0082,weight_final_run_0083,weight_final_run_0084,weight_final_run_0085,weight_final_run_0086,weight_final_run_0087,weight_final_run_0088,weight_final_run_0089,weight_final_run_0090,weight_final_run_0091,weight_final_run_0092,weight_final_run_0093,weight_final_run_0094,weight_final_run_0095,weight_final_run_0096,weight_final_run_0097,weight_final_run_0098,weight_final_run_0099,weight_final_run_0100
0,0,-0.6,-0.9722379292044592,-0.7705162293780822,-0.7918980378418202,-0.7783868327387309,-0.9434396782527245,-0.7017839039350093,-0.7918980378418202,-0.6782415889527001,-0.7660598218090704,-0.9311034377167937,-0.8590200704687884,-0.6901355818369643,-0.8862133721982621,-0.7400093988306006,-0.8391481509385688,-0.7560460759319328,-0.7152203513801428,-0.7959938436364415,-0.8133018469932407,-0.7569682779669321,-0.8229863469250835,-0.80714224320402,-0.8778771918608762,-0.9623190439340672,-0.7390451116576376,-0.8315722226928234,-0.8534717779830581,-0.7551215108584464,-0.9786803082832037,-0.8391481509385688,-0.7243064083959095,-0.8008293864698117,-0.7049167952191541,-0.7541945852944113,-0.8193089435469116,-0.764260542754205,-0.7551215108584464,-0.9193391340694718,-0.764260542754205,-0.7532653018600426,-0.8470963774108907,-0.9074668940166363,-0.7894116514701691,-0.9304577698184806,-0.8877201200361884,-0.8155723335160969,-0.7302632428282517,-0.768740838526947,-0.8404956450923454,-0.6944002887168611,-0.7959938436364415,-0.7722820435192068,-0.8608301161284555,-0.7569682779669321,-0.9174617536400274,-0.7069947496530721,-0.8110099121046179,-0.7843738362144778,-0.7202903308825769,-0.8547201428314076,-0.8483893684943334,-0.7749127854631035,-0.918966799966844,-0.776654613708977,-0.8178214184654429,-0.7182689578113596,-0.7918980378418202,-0.8661436736409865,-0.7038746195215794,-0.7438434132678972,-0.786903583557856,-0.6996847473853881,-0.726301030213494,-0.8718455626838649,-0.691204824139562,-0.8901926630633605,-0.7624517327257515,-0.7312481370232629,-0.7121520235961858,-0.8280357629601386,-0.726301030213494,-0.8773391159028279,-0.9715534848349947,-0.733211102892868,-0.7282866544164699,-0.713176981190606,-0.7243064083959095,-0.7705162293780822,-0.7007353773936963,-0.8638035674016105,-0.7606334072785251,-0.8079205614162179,-0.8133018469932407,-0.7651613745819212,-0.9923403542138683,-0.768740838526947,-0.7740382703311339,-0.8954647817849902,-0.8477439979348319,-0.7943627454471124
0,1,0.6,0.0009885566879740911,0.4379537150177242,0.20497240301682196,0.3918477740777872,0.008384547426039229,0.5350810360430884,0.2931983523632216,0.543774677796439,0.4552569213300745,0.022411365840229503,0.20743123104095926,0.5325929142154833,0.05148948517165139,0.5672209750170528,0.1823175567330401,0.4627078259479202,0.5276118340826735,0.34418775850449906,0.28599052223548665,0.4014249935260978,0.35327897773079764,0.3408072249282975,0.09560107725872,0.007441295565484354,0.46022220429525085,0.1985214234230417,0.16646320849458546,0.3453181260939236,0.0043224870348427015,0.17209706672440994,0.49014293662690983,0.3729460523490611,0.5101402338094979,0.47142106035546283,0.08889113323149665,0.3100637413512592,0.40383134454016817,0.06458650933957215,0.5063914350935442,0.4739139225626637,0.08073007813489055,0.0199219718619023,0.33298222892783635,0.11088251214910337,0.12061965929232205,0.11851030951155453,0.40262758659163295,0.3954299664666466,0.22700219506541663,0.5524413536271052,0.44906274584378264,0.28395071304958175,0.11746764734295405,0.5425342589085199,0.018688791651032863,0.5238722767374867,0.3100637413512592,0.40383134454016817,0.5536769475536119,0.22964866013370777,0.20825565723327732,0.4938921089765849,0.013297355623014378,0.39065625859764685,0.26307104394943737,0.5561461090579244,0.43918522283211425,0.09867664532178319,0.4951419909753265,0.5026418472574609,0.3706089718659742,0.5487306980303994,0.42813011623060143,0.05934655028883053,0.5126387865016221,0.05796319394811756,0.31113539215076896,0.5026418472574609,0.5450145462495687,0.1530244617740308,0.5375673821778288,0.1699668846406917,0.009214580845976967,0.5375673821778288,0.5238722767374867,0.5375673821778288,0.4976418980811091,0.47017514413441885,0.5076411431582004,0.09867664532178319,0.44041747244416457,0.2669712697504654,0.153674755900528,0.5462538491567596,0.00011754151496299255,0.44041747244416457,0.4589801156604065,0.03900883701213943,0.1417010310157999,0.486394802564562
0,5,1.0,1.0,1.0,1.0,1.0,1.0,1.0,1.0,1.0,1.0,1.0,1.0,1.0,1.0,1.0,1.0,1.0,1.0,1.0,1.0,1.0,1.0,1.0,1.0,1.0,1.0,1.0,1.0,1.0,1.0,1.0,1.0,1.0,1.0,1.0,1.0,1.0,1.0,1.0,1.0,1.0,1.0,1.0,1.0,1.0,1.0,1.0,1.0,1.0,1.0,1.0,1.0,1.0,1.0,1.0,1.0,1.0,1.0,1.0,1.0,1.0,1.0,1.0,1.0,1.0,1.0,1.0,1.0,1.0,1.0,1.0,1.0,1.0,1.0,1.0,1.0,1.0,1.0,1.0,1.0,1.0,1.0,1.0,1.0,1.0,1.0,1.0,1.0,1.0,1.0,1.0,1.0,1.0,1.0,1.0,1.0,1.0,1.0,1.0,1.0,1.0
0,6,-0.6,-0.9995466631978245,-0.912163153877619,-0.9678375957310482,-0.925894393856279,-0.9957092419004804,-0.8673745241194847,-0.950118704981896,-0.8141364373616427,-0.9164518791971393,-0.9942897992828136,-0.9564552095935941,-0.8547954660514991,-0.9859542283976634,-0.8903145065904148,-0.973410975922748,-0.9168171966851038,-0.8478415461596114,-0.9400143342487175,-0.9561868013863906,-0.9006249035095918,-0.9643813545910873,-0.9687508706464562,-0.9905247664570391,-0.9991613449235425,-0.8912710306513965,-0.9757573620713328,-0.9715518107019325,-0.8884110100354977,-0.9993221126417652,-0.9828987153351662,-0.9079729272289301,-0.9553301154736862,-0.8816818915004299,-0.9302223217557046,-0.9839715770304691,-0.9121736298896045,-0.948898643647593,-0.9900560214589945,-0.9413574886582244,-0.8615942717436941,-0.9726729703287633,-0.9900868719403122,-0.972991763852961,-0.996138395763052,-0.9824405728571395,-0.9672445981647313,-0.8795846236275164,-0.9612866092803592,-0.9727495177270776,-0.8458921108252365,-0.9712003206224618,-0.9425000500505668,-0.983417853405515,-0.8703045544046277,-0.9940625061528569,-0.8439333139268281,-0.9647038468891672,-0.9187174125078336,-0.8673971381207493,-0.9841223977947966,-0.9732943872519797,-0.9429842632335211,-0.9955750603377556,-0.9149292991981686,-0.975140011904066,-0.8978780593633083,-0.9234605126244396,-0.990478441689312,-0.8194219688008529,-0.9001817036826515,-0.9769922669158372,-0.8591003267964259,-0.8566948280923027,-0.9872001110456198,-0.8288393954883897,-0.9878124947342817,-0.9459281755401961,-0.8510714880143126,-0.8529516371465935,-0.977930328634003,-0.8656841477709976,-0.9929068790895226,-0.9993230706520609,-0.8567003642900645,-0.8536037640293445,-0.8478431786205995,-0.9096329100124267,-0.9325090459496004,-0.8281541465697525,-0.9796156602309145,-0.9121122112033336,-0.9686000170840168,-0.9749369880313453,-0.9220030156044162,-0.999846428826164,-0.9080196883277536,-0.9498436250821418,-0.9954070870203631,-0.9843547305690384,-0.9355908796595578
0,8,-0.6,-3.5080465315847382e-06,-0.19221657332882924,-0.02581785828574859,-0.12823129358647944,-0.00019753141686305702,-0.280902351451212,-0.0642684524953349,-0.3509907374374862,-0.18007891271189608,-0.0006446438826447048,-0.044384673441601984,-0.28905810163229245,-0.0028523048634154485,-0.30472953456495,-0.01822249223202721,-0.167140071562939,-0.31543979860632265,-0.09688760580661608,-0.06103858636355377,-0.16029512295594944,-0.07497326011507555,-0.05527734769325482,-0.003986214193481356,-4.030714581754658e-05,-0.18080962446383525,-0.02207553231749077,-0.02111936437519375,-0.15366409429049424,-3.33231130733411e-05,-0.01329130786848774,-0.1929974760721504,-0.08258868940530403,-0.2269869115666759,-0.15431285701316885,-0.004495216244918381,-0.09429230703620026,-0.08070363315317416,-0.002333054183787421,-0.15172275780252625,-0.28191993201967935,-0.009027767063838985,-0.0010278407687196293,-0.03975761921262702,-0.0035543270911356905,-0.01410460749805485,-0.014891868644774046,-0.16437897052087172,-0.06830103484761256,-0.028881844702941615,-0.32744752843222985,-0.07188733501140097,-0.05960980434382457,-0.009534646800460962,-0.32853797662405354,-0.0005276854452716593,-0.31220893696607627,-0.04931434929676414,-0.15827468661027413,-0.31543585064046575,-0.017780788245508335,-0.028323959235938518,-0.14662564310909804,-0.0002488560121910977,-0.14168211699376704,-0.03152559430182381,-0.2478308956418146,-0.14723758200063033,-0.0036625692731456164,-0.32854770625418156,-0.21747282554990016,-0.039187636137022974,-0.30686031873754177,-0.2074203586573489,-0.00245429241674207,-0.3079159260368135,-0.0031836855326323943,-0.06249018694579027,-0.2870078998182295,-0.3252459144084378,-0.012645982893050951,-0.308985501221333,-0.007817040708763929,-6.394465761807711e-05,-0.32854459590199325,-0.31006041951946567,-0.3154339657550772,-0.18082261506958297,-0.16368911117661905,-0.3230538914638252,-0.007507300009040797,-0.17065754791916254,-0.03956828623319907,-0.014599175782731719,-0.2174685280420867,-2.397866281292618e-07,-0.18155882924525243,-0.1118590604940261,-0.0007684292603541623,-0.009071319786155206,-0.1699517244105843
0,9,-0.6,-0.6,-0.6,-0.6,-0.6,-0.6,-0.6,-0.6,-0.6,-0.6,-0.6,-0.6,-0.6,-0.6,-0.6,-0.6,-0.6,-0.6,-0.6,-0.6,-0.6,-0.6,-0.6,-0.6,-0.6,-0.6,-0.6,-0.6,-0.6,-0.6,-0.6,-0.6,-0.6,-0.6,-0.6,-0.6,-0.6,-0.6,-0.6,-0.6,-0.6,-0.6,-0.6,-0.6,-0.6,-0.6,-0.6,-0.6,-0.6,-0.6,-0.6,-0.6,-0.6,-0.6,-0.6,-0.6,-0.6,-0.6,-0.6,-0.6,-0.6,-0.6,-0.6,-0.6,-0.6,-0.6,-0.6,-0.6,-0.6,-0.6,-0.6,-0.6,-0.6,-0.6,-0.6,-0.6,-0.6,-0.6,-0.6,-0.6,-0.6,-0.6,-0.6,-0.6,-0.6,-0.6,-0.6,-0.6,-0.6,-0.6,-0.6,-0.6,-0.6,-0.6,-0.6,-0.6,-0.6,-0.6,-0.6,-0.6,-0.6
1,1,-0.6,-0.6,-0.6,-0.6,-0.6,-0.6,-0.6,-0.6,-0.6,-0.6,-0.6,-0.6,-0.6,-0.6,-0.6,-0.6,-0.6,-0.6,-0.6,-0.6,-0.6,-0.6,-0.6,-0.6,-0.6,-0.6,-0.6,-0.6,-0.6,-0.6,-0.6,-0.6,-0.6,-0.6,-0.6,-0.6,-0.6,-0.6,-0.6,-0.6,-0.6,-0.6,-0.6,-0.6,-0.6,-0.6,-0.6,-0.6,-0.6,-0.6,-0.6,-0.6,-0.6,-0.6,-0.6,-0.6,-0.6,-0.6,-0.6,-0.6,-0.6,-0.6,-0.6,-0.6,-0.6,-0.6,-0.6,-0.6,-0.6,-0.6,-0.6,-0.6,-0.6,-0.6,-0.6,-0.6,-0.6,-0.6,-0.6,-0.6,-0.6,-0.6,-0.6,-0.6,-0.6,-0.6,-0.6,-0.6,-0.6,-0.6,-0.6,-0.6,-0.6,-0.6,-0.6,-0.6,-0.6,-0.6,-0.6,-0.6,-0.6
1,4,0.6,0.6,0.6,0.6,0.6,0.6,0.6,0.6,0.6,0.6,0.6,0.6,0.6,0.6,0.6,0.6,0.6,0.6,0.6,0.6,0.6,0.6,0.6,0.6,0.6,0.6,0.6,0.6,0.6,0.6,0.6,0.6,0.6,0.6,0.6,0.6,0.6,0.6,0.6,0.6,0.6,0.6,0.6,0.6,0.6,0.6,0.6,0.6,0.6,0.6,0.6,0.6,0.6,0.6,0.6,0.6,0.6,0.6,0.6,0.6,0.6,0.6,0.6,0.6,0.6,0.6,0.6,0.6,0.6,0.6,0.6,0.6,0.6,0.6,0.6,0.6,0.6,0.6,0.6,0.6,0.6,0.6,0.6,0.6,0.6,0.6,0.6,0.6,0.6,0.6,0.6,0.6,0.6,0.6,0.6,0.6,0.6,0.6,0.6,0.6,0.6
1,5,0.6,0.9999698088996803,0.8509484244392184,0.9675652566566716,0.8877201200361884,0.9994074521234813,0.7877420152265643,0.940705517283075,0.7523336632480836,0.8559596747625023,0.9985035625487514,0.9530087711990126,0.7951794983175766,0.9932363731798746,0.7792493365955194,0.9762540405663187,0.8590200704687884,0.7852194938208611,0.9155447098051809,0.9372611930238264,0.876799003347446,0.9314241868467376,0.9345564109743767,0.9917881200730297,0.9998483669293725,0.8496733743290137,0.97210233226511,0.9718292062254026,0.8841770024374507,0.9998506297321612,0.9770539066951328,0.844483323879259,0.9222620567147904,0.8117762762774813,0.8724042170714266,0.9918693642472249,0.9170815386896058,0.9135873534105563,0.9964456100149285,0.8614291242649291,0.8133018469932407,0.9865163255065932,0.9974442074130135,0.951412608529989,0.9942041090668651,0.9773885981836875,0.9815111059759065,0.8784132360002329,0.9250877317258728,0.9696964209347005,0.7633573281656978,0.9222620567147904,0.9465642376203005,0.9882611427842617,0.768740838526947,0.9982524352489186,0.7877420152265643,0.9500036569106521,0.8810631476887898,0.7678495554487174,0.9741966245780335,0.9683425187707121,0.8661436736409865,0.9993148058590644,0.8784132360002329,0.9626808165759762,0.8110099121046179,0.8740677254294791,0.9930659124840134,0.7722820435192068,0.8336661500952633,0.9497651001371591,0.7852194938208611,0.8503120169854405,0.9954150321261562,0.7801094356355742,0.9942041090668651,0.9392924454317397,0.7976153134983632,0.7705162293780822,0.9774990988153086,0.7783868327387309,0.9837333491770476,0.9997433598450183,0.7809671291559138,0.776654613708977,0.7783868327387309,0.8571904056001489,0.8620259692055946,0.776654613708977,0.9875424874481086,0.8712848247894597,0.9591050810390964,0.9766001181092344,0.8350505032719677,0.9999971943650174,0.8534717779830581,0.9000624403529562,0.9978330076670162,0.985042093529746,0.8643918022233398
1,9,-0.6,-0.6,-0.6,-0.6,-0.6,-0.6,-0.6,-0.6,-0.6,-0.6,-0.6,-0.6,-0.6,-0.6,-0.6,-0.6,-0.6,-0.6,-0.6,-0.6,-0.6,-0.6,-0.6,-0.6,-0.6,-0.6,-0.6,-0.6,-0.6,-0.6,-0.6,-0.6,-0.6,-0.6,-0.6,-0.6,-0.6,-0.6,-0.6,-0.6,-0.6,-0.6,-0.6,-0.6,-0.6,-0.6,-0.6,-0.6,-0.6,-0.6,-0.6,-0.6,-0.6,-0.6,-0.6,-0.6,-0.6,-0.6,-0.6,-0.6,-0.6,-0.6,-0.6,-0.6,-0.6,-0.6,-0.6,-0.6,-0.6,-0.6,-0.6,-0.6,-0.6,-0.6,-0.6,-0.6,-0.6,-0.6,-0.6,-0.6,-0.6,-0.6,-0.6,-0.6,-0.6,-0.6,-0.6,-0.6,-0.6,-0.6,-0.6,-0.6,-0.6,-0.6,-0.6,-0.6,-0.6,-0.6,-0.6,-0.6,-0.6
1,10,0.6,0.6,0.6,0.6,0.6,0.6,0.6,0.6,0.6,0.6,0.6,0.6,0.6,0.6,0.6,0.6,0.6,0.6,0.6,0.6,0.6,0.6,0.6,0.6,0.6,0.6,0.6,0.6,0.6,0.6,0.6,0.6,0.6,0.6,0.6,0.6,0.6,0.6,0.6,0.6,0.6,0.6,0.6,0.6,0.6,0.6,0.6,0.6,0.6,0.6,0.6,0.6,0.6,0.6,0.6,0.6,0.6,0.6,0.6,0.6,0.6,0.6,0.6,0.6,0.6,0.6,0.6,0.6,0.6,0.6,0.6,0.6,0.6,0.6,0.6,0.6,0.6,0.6,0.6,0.6,0.6,0.6,0.6,0.6,0.6,0.6,0.6,0.6,0.6,0.6,0.6,0.6,0.6,0.6,0.6,0.6,0.6,0.6,0.6,0.6,0.6
2,2,-0.6,-7.500852865184748e-06,-0.19693271833179926,-0.028611281831429202,-0.14048699322568756,-0.0003487239961492368,-0.2870137064292416,-0.07025441079318193,-0.35786504929614743,-0.18990224961112767,-0.0010763929084179982,-0.05502564496806059,-0.29527710227770376,-0.004153292416412602,-0.3100637413512592,-0.023767603753522718,-0.1808291488296903,-0.3252479501394359,-0.10603889400859391,-0.067365196960549,-0.1735288892225859,-0.08035901447179443,-0.06019134711399302,-0.005383352832505808,-8.111761233319496e-05,-0.20334522303201605,-0.025575843603199026,-0.0264648837204207,-0.16165538559104084,-6.772545189575814e-05,-0.015729086919412404,-0.1985214234230417,-0.09135608822751792,-0.2386255738224217,-0.162335298337296,-0.005686771581357763,-0.10795357329227477,-0.0905276836348303,-0.00430096801913932,-0.16165538559104084,-0.2942366596019628,-0.011071407360833719,-0.0014390426215330138,-0.04440989766214806,-0.004799982268173711,-0.016442926567526498,-0.01718859415290789,-0.18157216740684043,-0.07428487236309991,-0.034741676351303305,-0.33298222892783635,-0.07889027270575817,-0.067365196960549,-0.011462220025264922,-0.34193229793611873,-0.0008213506664773954,-0.32087029172633724,-0.05714775904824904,-0.168558433723858,-0.3219618037296813,-0.022192798111790688,-0.03326042432241292,-0.15762405784033567,-0.0004134936135290463,-0.1562985459136754,-0.03524941195985651,-0.25728970027641646,-0.1713846683926636,-0.004995388583344609,-0.334094605928927,-0.2314249420235573,-0.043776229625201016,-0.31220906497438,-0.22788195391037847,-0.0037027194420601673,-0.31760748483306406,-0.004431700645423629,-0.06927883705370529,-0.3057975109416916,-0.33187170360710594,-0.015651678505691935,-0.31652381998100865,-0.009033327363781,-0.00011813210571559855,-0.3385624428273506,-0.32305525651845257,-0.3285513299461892,-0.19300294826287517,-0.1706746085735006,-0.3285513299461892,-0.010380250280305111,-0.1823175567330401,-0.043358586004198715,-0.017104128420988116,-0.23321078777950247,-7.590344543625594e-07,-0.19535361573831908,-0.12222284667721009,-0.0011147885141366187,-0.011462220025264922,-0.18532286009710117
2,3,-0.6,-0.00037783295148642734,-0.4552569213300745,-0.14727281638127393,-0.37528905537481705,-0.004566388717571343,-0.5001418918409253,-0.1922241842117516,-0.5176337794019615,-0.4014249935260978,-0.008178725195299599,-0.2243773102693604,-0.5001418918409253,-0.03863482977351876,-0.5001418918409253,-0.11438724142541451,-0.4062423014446806,-0.5026418472574609,-0.292162186970548,-0.24044953508344014,-0.36711466167056683,-0.22005053717458556,-0.25253567720128234,-0.03457400288992528,-0.0009689524535984996,-0.40022357868560443,-0.13396450344573296,-0.12603498370459382,-0.3352088252725868,-0.0015053481280719258,-0.1249355431707966,-0.41593001889005154,-0.3047360839754738,-0.41714569471052654,-0.3776378856766882,-0.04592262493496555,-0.2640426646288601,-0.28395071304958175,-0.017104128420988116,-0.38471837181880425,-0.43549298364172334,-0.08185265947233328,-0.016605832630477897,-0.21325280294696314,-0.031379999299667866,-0.09867664532178319,-0.08110270340943614,-0.33076303922734585,-0.27989749031646105,-0.1265878003503579,-0.5263656461495806,-0.26795203846821014,-0.19300294826287517,-0.07258029943422453,-0.5088907479312065,-0.012655517872689172,-0.486394802564562,-0.1699668846406917,-0.3498569419917173,-0.5126387865016221,-0.12438890990467952,-0.168558433723858,-0.37177676587712954,-0.004658436634565393,-0.3385624428273506,-0.1417010310157999,-0.47890333302618054,-0.34193229793611873,-0.03919714063614993,-0.5013918821542456,-0.4195800343439641,-0.177149545188104,-0.48139963331605945,-0.381171846281764,-0.027787271077246198,-0.5026418472574609,-0.04172574693479199,-0.212413922722052,-0.44041747244416457,-0.5101402338094979,-0.10462257435252587,-0.4988918919415917,-0.09430939691420383,-0.002743630518219747,-0.4776555583729676,-0.49139256618732563,-0.4988918919415917,-0.38708953765041676,-0.429355162765462,-0.4926422955082487,-0.0715749257087325,-0.40865775641753904,-0.16785770128313593,-0.12222284667721009,-0.4367229637251247,-3.748768640775596e-05,-0.39902335535685596,-0.3089941202630066,-0.01323175294323213,-0.10138262229419255,-0.3835348210877848
2,8,-0.6,-9.662442701101248e-06,-0.3752880572731987,-0.05449178224488292,-0.2849581530945168,-0.0006320738982497021,-0.43672365342739466,-0.16092682884028547,-0.4701756295163823,-0.3352063875841288,-0.0016695791314079533,-0.16850898451798213,-0.44165034812275933,-0.007180875790120717,-0.49640182574670866,-0.058215452076066106,-0.3340917046065929,-0.48890346085444997,-0.2305121639129857,-0.15563583722209734,-0.34759908834050113,-0.20090713814817066,-0.16163828719035508,-0.008293063280200142,-0.00010294612608897058,-0.3729597327058311,-0.06395341542300981,-0.07671086187899001,-0.2829246178415938,-0.00014550284692759185,-0.043141054416307216,-0.3079260345350842,-0.24225480873006924,-0.3811658976695778,-0.34080887895060435,-0.0073985306753899804,-0.23678968921489324,-0.18834523683459972,-0.008166883945096022,-0.34985174016453624,-0.4976878371335741,-0.023519694310899984,-0.002124249652647319,-0.0934502812369411,-0.018855857582631367,-0.04838615421488461,-0.03770342803583488,-0.30687498203749886,-0.1837922600984184,-0.1041295807767028,-0.4801525049033774,-0.2001104898179007,-0.14913558185878067,-0.02873658295424826,-0.5238775240848934,-0.0009438509771966927,-0.47018047118397366,-0.1410480834906209,-0.38352167345133625,-0.4776574106054951,-0.05932023072788095,-0.10045225297214756,-0.31005654921114423,-0.0004149661051261803,-0.284976043620044,-0.08222041268503526,-0.4391854728497627,-0.372948054697091,-0.012396819391708891,-0.4714215526494309,-0.3918575246388079,-0.09093797763270743,-0.46147581732724924,-0.4208251773939636,-0.004795433908418331,-0.4651974052636262,-0.008335764021592194,-0.12492878085511294,-0.4577400306810267,-0.467685930003606,-0.03372416371547534,-0.4552572105150564,-0.03340746272248531,-0.0005018501131816462,-0.5088942922338878,-0.4901548543111146,-0.45898668093875805,-0.3419403616533118,-0.36363376699581723,-0.46022549419720266,-0.02606118426491301,-0.3532666386820007,-0.09259460530349013,-0.040909824598490574,-0.431813969478853,-1.2615220386091632e-06,-0.3510018353796808,-0.2572656534571036,-0.0021988925295959062,-0.03324392266469662,-0.3990344005664548
2,10,-0.6,-0.6,-0.6,-0.6,-0.6,-0.6,-0.6,-0.6,-0.6,-0.6,-0.6,-0.6,-0.6,-0.6,-0.6,-0.6,-0.6,-0.6,-0.6,-0.6,-0.6,-0.6,-0.6,-0.6,-0.6,-0.6,-0.6,-0.6,-0.6,-0.6,-0.6,-0.6,-0.6,-0.6,-0.6,-0.6,-0.6,-0.6,-0.6,-0.6,-0.6,-0.6,-0.6,-0.6,-0.6,-0.6,-0.6,-0.6,-0.6,-0.6,-0.6,-0.6,-0.6,-0.6,-0.6,-0.6,-0.6,-0.6,-0.6,-0.6,-0.6,-0.6,-0.6,-0.6,-0.6,-0.6,-0.6,-0.6,-0.6,-0.6,-0.6,-0.6,-0.6,-0.6,-0.6,-0.6,-0.6,-0.6,-0.6,-0.6,-0.6,-0.6,-0.6,-0.6,-0.6,-0.6,-0.6,-0.6,-0.6,-0.6,-0.6,-0.6,-0.6,-0.6,-0.6,-0.6,-0.6,-0.6,-0.6,-0.6,-0.6
3,1,0.6,0.9999997705981486,0.8344520347161731,0.9856798002462224,0.8873475091213933,0.9999801755328522,0.7400648062222908,0.9690351667232072,0.7193376266383656,0.8497799226231919,0.9999083347113932,0.9728618067460918,0.741984285113052,0.99907281605577,0.7152597771612488,0.9890412283624885,0.8392612413120872,0.7410372975256501,0.9340695717206586,0.9601709078726243,0.8878348610650187,0.9533214183825299,0.9466685786020087,0.9985073353605958,0.9999957741154213,0.8372286440486985,0.9870873491530539,0.9894706678960782,0.9230980347518014,0.9999961630006027,0.9897795047831294,0.8266903218006674,0.9209275624429062,0.8095528639569124,0.8548194805606704,0.9982652536902197,0.9476954931710844,0.9175738090184564,0.9993541503107575,0.8302676408280029,0.8208886120300726,0.9971941637782434,0.9998602099387696,0.9571826493517234,0.9984073028469757,0.9948855985362208,0.9959955687072314,0.9001878321168733,0.9241652320811589,0.9851024940344393,0.7059871641298703,0.9112913935993053,0.9691834865982164,0.9963410698313303,0.7213650015329026,0.9998896449729948,0.7570333359306204,0.969340034066889,0.8960731994788261,0.715268869092018,0.9846540412209497,0.9818496570637106,0.8432575997897832,0.9999696273736781,0.9019970560242347,0.9809310180582881,0.7361975001246814,0.8742135974766847,0.9982211057460785,0.7697041512022944,0.8103355371247914,0.9597742113779484,0.7448394755070072,0.8668640546056127,0.9992068065086034,0.7523990001968813,0.9989120708648372,0.9614844046886832,0.7952752283714567,0.724352445802814,0.9923757653657329,0.7381296291051623,0.9928179608761596,0.9999863431529736,0.7523910506372498,0.7495963191801273,0.7332675710276224,0.8330693345110842,0.8281321751113498,0.7670333754905234,0.9965904480213416,0.8516830161579699,0.9767897416295943,0.9913668389695091,0.7679182767550976,0.9999999960317346,0.8554585135680655,0.8898206637849208,0.9997702104108953,0.9931354336698518,0.8379015268054824
3,2,-0.6,-0.999974153821409,-0.8163244040276929,-0.9694004853972561,-0.8701570801111813,-0.9993924227855081,-0.7551215108584464,-0.936072184000617,-0.7322307585188792,-0.8404956450923454,-0.9986187312018129,-0.936072184000617,-0.7551215108584464,-0.9946483894492985,-0.7560460759319328,-0.9705676862560401,-0.8404956450923454,-0.7409713762729654,-0.9022932404913403,-0.9326934000107423,-0.8464465033091665,-0.9284870509652746,-0.9288190452010501,-0.9931686940925398,-0.999877763970489,-0.8215224737579853,-0.9712751449776785,-0.9688001972488126,-0.8735152938030027,-0.9998272633003664,-0.9767143797463257,-0.8398230435971435,-0.9044795534919529,-0.8117762762774813,-0.8470963774108907,-0.9935649074804955,-0.9078867476680385,-0.9083048896734224,-0.9961113114218751,-0.8509484244392184,-0.768740838526947,-0.9857629206410878,-0.9982081629411351,-0.9485560678125904,-0.9930313118563675,-0.980193780121068,-0.980674488170412,-0.8655618509754295,-0.9182174291368608,-0.9585113021247912,-0.7380785185626425,-0.9119920058941654,-0.9387184464868785,-0.9823121623511741,-0.7457464895268,-0.9987933600449002,-0.761543758413577,-0.9475690847506271,-0.8404956450923454,-0.7532653018600426,-0.9716916713896946,-0.9602683233350118,-0.8590200704687884,-0.9994192076289294,-0.8800092255127622,-0.9617700614829157,-0.7651613745819212,-0.8590200704687884,-0.9929615954706746,-0.7513996722240555,-0.822255590252328,-0.9536774772772215,-0.7597206814403644,-0.8170740983847755,-0.9953690512686173,-0.7457464895268,-0.9942041090668651,-0.9363713892523217,-0.7843738362144778,-0.7419310402520509,-0.9813283164704187,-0.7541945852944113,-0.9820490038162462,-0.9995742843353221,-0.758805583089556,-0.7578881144875257,-0.7551215108584464,-0.8237147460235835,-0.8322725219985161,-0.7731613559630919,-0.9871670389644719,-0.8424997352384925,-0.9547719130856178,-0.9773885981836875,-0.8117762762774813,-0.9999974873090691,-0.8411659586707112,-0.8926173734540793,-0.9982260046491104,-0.9799982336511439,-0.8377914793231213
3,4,-0.6,-0.9722379292044592,-0.7705162293780822,-0.7918980378418202,-0.7783868327387309,-0.9434396782527245,-0.7017839039350093,-0.7918980378418202,-0.6782415889527001,-0.7660598218090704,-0.9311034377167937,-0.8590200704687884,-0.6901355818369643,-0.8862133721982621,-0.7400093988306006,-0.8391481509385688,-0.7560460759319328,-0.7152203513801428,-0.7959938436364415,-0.8133018469932407,-0.7569682779669321,-0.8229863469250835,-0.80714224320402,-0.8778771918608762,-0.9623190439340672,-0.7390451116576376,-0.8315722226928234,-0.8534717779830581,-0.7551215108584464,-0.9786803082832037,-0.8391481509385688,-0.7243064083959095,-0.8008293864698117,-0.7049167952191541,-0.7541945852944113,-0.8193089435469116,-0.764260542754205,-0.7551215108584464,-0.9193391340694718,-0.764260542754205,-0.7532653018600426,-0.8470963774108907,-0.9074668940166363,-0.7894116514701691,-0.9304577698184806,-0.8877201200361884,-0.8155723335160969,-0.7302632428282517,-0.768740838526947,-0.8404956450923454,-0.6944002887168611,-0.7959938436364415,-0.7722820435192068,-0.8608301161284555,-0.7569682779669321,-0.9174617536400274,-0.7069947496530721,-0.8110099121046179,-0.7843738362144778,-0.7202903308825769,-0.8547201428314076,-0.8483893684943334,-0.7749127854631035,-0.918966799966844,-0.776654613708977,-0.8178214184654429,-0.7182689578113596,-0.7918980378418202,-0.8661436736409865,-0.7038746195215794,-0.7438434132678972,-0.786903583557856,-0.6996847473853881,-0.726301030213494,-0.8718455626838649,-0.691204824139562,-0.8901926630633605,-0.7624517327257515,-0.7312481370232629,-0.7121520235961858,-0.8280357629601386,-0.726301030213494,-0.8773391159028279,-0.9715534848349947,-0.733211102892868,-0.7282866544164699,-0.713176981190606,-0.7243064083959095,-0.7705162293780822,-0.7007353773936963,-0.8638035674016105,-0.7606334072785251,-0.8079205614162179,-0.8133018469932407,-0.7651613745819212,-0.9923403542138683,-0.768740838526947,-0.7740382703311339,-0.8954647817849902,-0.8477439979348319,-0.7943627454471124
3,5,-0.6,-0.6,-0.6,-0.6,-0.6,-0.6,-0.6,-0.6,-0.6,-0.6,-0.6,-0.6,-0.6,-0.6,-0.6,-0.6,-0.6,-0.6,-0.6,-0.6,-0.6,-0.6,-0.6,-0.6,-0.6,-0.6,-0.6,-0.6,-0.6,-0.6,-0.6,-0.6,-0.6,-0.6,-0.6,-0.6,-0.6,-0.6,-0.6,-0.6,-0.6,-0.6,-0.6,-0.6,-0.6,-0.6,-0.6,-0.6,-0.6,-0.6,-0.6,-0.6,-0.6,-0.6,-0.6,-0.6,-0.6,-0.6,-0.6,-0.6,-0.6,-0.6,-0.6,-0.6,-0.6,-0.6,-0.6,-0.6,-0.6,-0.6,-0.6,-0.6,-0.6,-0.6,-0.6,-0.6,-0.6,-0.6,-0.6,-0.6,-0.6,-0.6,-0.6,-0.6,-0.6,-0.6,-0.6,-0.6,-0.6,-0.6,-0.6,-0.6,-0.6,-0.6,-0.6,-0.6,-0.6,-0.6,-0.6,-0.6,-0.6
3,6,0.6,0.8451399800771044,0.6155021150039264,0.6616461863579501,0.640046773080199,0.8273214596498752,0.6107554422924087,0.7100955929876753,0.6095654652482841,0.6319388106747352,0.8032147056191447,0.6975772045425657,0.6202270083658584,0.7212976917331752,0.6237559095918858,0.7322307585188792,0.6365813609726437,0.637738088631818,0.66052502778067,0.6727568770544031,0.686915698895015,0.6890643084005191,0.6514919229502673,0.7017839039350093,0.8553410109327559,0.6694431937572263,0.7017839039350093,0.7182689578113596,0.6672246974082661,0.8336661500952633,0.6879910115025479,0.614317457409269,0.6727568770544031,0.6319388106747352,0.6638830758068462,0.722302828391343,0.713176981190606,0.6571508133438027,0.8438243999693303,0.6582773314531296,0.6804219374768109,0.6922720277156907,0.7302632428282517,0.6694431937572263,0.7902428559501357,0.6836777455279611,0.7390451116576376,0.6996847473853881,0.6537606986655519,0.7419310402520509,0.614317457409269,0.6672246974082661,0.7100955929876753,0.7182689578113596,0.6261012952761638,0.6975772045425657,0.6514919229502673,0.7243064083959095,0.6858383784094643,0.6119441084524219,0.7172549563917434,0.7100955929876753,0.6249293319660912,0.7943627454471124,0.6638830758068462,0.6986320207837914,0.6331017714259239,0.6996847473853881,0.7696297303354861,0.614317457409269,0.6457901375174122,0.6661126644947939,0.6307743202889704,0.7059568407543396,0.7322307585188792,0.6214047356981554,0.7361384302213958,0.6760534710257753,0.6503549560142575,0.6131314510353358,0.6716542028812371,0.6047927042017147,0.66052502778067,0.8571904056001489,0.6548924869032813,0.6388932297265183,0.6261012952761638,0.6582773314531296,0.6296083118614884,0.6261012952761638,0.7341891658003055,0.6514919229502673,0.6804219374768109,0.6683348769111497,0.6616461863579501,0.9200791254902977,0.6388932297265183,0.6672246974082661,0.7714003342262975,0.7017839039350093,0.6782415889527001
3,7,-0.6,-0.6,-0.6,-0.6,-0.6,-0.6,-0.6,-0.6,-0.6,-0.6,-0.6,-0.6,-0.6,-0.6,-0.6,-0.6,-0.6,-0.6,-0.6,-0.6,-0.6,-0.6,-0.6,-0.6,-0.6,-0.6,-0.6,-0.6,-0.6,-0.6,-0.6,-0.6,-0.6,-0.6,-0.6,-0.6,-0.6,-0.6,-0.6,-0.6,-0.6,-0.6,-0.6,-0.6,-0.6,-0.6,-0.6,-0.6,-0.6,-0.6,-0.6,-0.6,-0.6,-0.6,-0.6,-0.6,-0.6,-0.6,-0.6,-0.6,-0.6,-0.6,-0.6,-0.6,-0.6,-0.6,-0.6,-0.6,-0.6,-0.6,-0.6,-0.6,-0.6,-0.6,-0.6,-0.6,-0.6,-0.6,-0.6,-0.6,-0.6,-0.6,-0.6,-0.6,-0.6,-0.6,-0.6,-0.6,-0.6,-0.6,-0.6,-0.6,-0.6,-0.6,-0.6,-0.6,-0.6,-0.6,-0.6,-0.6,-0.6
3,9,-0.6,-0.9722379292044592,-0.7705162293780822,-0.7918980378418202,-0.7783868327387309,-0.9434396782527245,-0.7017839039350093,-0.7918980378418202,-0.6782415889527001,-0.7660598218090704,-0.9311034377167937,-0.8590200704687884,-0.6901355818369643,-0.8862133721982621,-0.7400093988306006,-0.8391481509385688,-0.7560460759319328,-0.7152203513801428,-0.7959938436364415,-0.8133018469932407,-0.7569682779669321,-0.8229863469250835,-0.80714224320402,-0.8778771918608762,-0.9623190439340672,-0.7390451116576376,-0.8315722226928234,-0.8534717779830581,-0.7551215108584464,-0.9786803082832037,-0.8391481509385688,-0.7243064083959095,-0.8008293864698117,-0.7049167952191541,-0.7541945852944113,-0.8193089435469116,-0.764260542754205,-0.7551215108584464,-0.9193391340694718,-0.764260542754205,-0.7532653018600426,-0.8470963774108907,-0.9074668940166363,-0.7894116514701691,-0.9304577698184806,-0.8877201200361884,-0.8155723335160969,-0.7302632428282517,-0.768740838526947,-0.8404956450923454,-0.6944002887168611,-0.7959938436364415,-0.7722820435192068,-0.8608301161284555,-0.7569682779669321,-0.9174617536400274,-0.7069947496530721,-0.8110099121046179,-0.7843738362144778,-0.7202903308825769,-0.8547201428314076,-0.8483893684943334,-0.7749127854631035,-0.918966799966844,-0.776654613708977,-0.8178214184654429,-0.7182689578113596,-0.7918980378418202,-0.8661436736409865,-0.7038746195215794,-0.7438434132678972,-0.786903583557856,-0.6996847473853881,-0.726301030213494,-0.8718455626838649,-0.691204824139562,-0.8901926630633605,-0.7624517327257515,-0.7312481370232629,-0.7121520235961858,-0.8280357629601386,-0.726301030213494,-0.8773391159028279,-0.9715534848349947,-0.733211102892868,-0.7282866544164699,-0.713176981190606,-0.7243064083959095,-0.7705162293780822,-0.7007353773936963,-0.8638035674016105,-0.7606334072785251,-0.8079205614162179,-0.8133018469932407,-0.7651613745819212,-0.9923403542138683,-0.768740838526947,-0.7740382703311339,-0.8954647817849902,-0.8477439979348319,-0.7943627454471124
3,10,-0.6,-5.665052899302728e-06,-0.36711466167056683,-0.046808930760523275,-0.27189783162555675,-0.0003487239961492368,-0.4330353956644293,-0.11438724142541451,-0.46768441859590165,-0.31978072898826826,-0.0010238223483699193,-0.1417010310157999,-0.42813011623060143,-0.006067344317472842,-0.4776555583729676,-0.04253468158510474,-0.32087029172633724,-0.46022220429525085,-0.20334522303201605,-0.12994834225340363,-0.28599052223548665,-0.154982121166463,-0.144774430903898,-0.007150902919312115,-5.244881710536769e-05,-0.33744275325167994,-0.04816893357829577,-0.05796319394811756,-0.2386255738224217,-8.833231995729463e-05,-0.0350793775052748,-0.3026194381035554,-0.2066092134638103,-0.36479279728867137,-0.2942366596019628,-0.005410257766894761,-0.17861429725369465,-0.1706746085735006,-0.004194962504244214,-0.31113539215076896,-0.42568265633767943,-0.019343207161188012,-0.0016472497824206204,-0.07889027270575817,-0.01022691604725048,-0.0395763661929749,-0.023421218367718166,-0.24320326183756097,-0.1637020307317203,-0.06831581035158779,-0.47142106035546283,-0.1713846683926636,-0.10892225623297815,-0.02051768958092183,-0.5113895851962432,-0.0009545045902019308,-0.42568265633767943,-0.09867664532178319,-0.31544213752418043,-0.47266732497984404,-0.04462305686043238,-0.07463017492266831,-0.3057975109416916,-0.00026738720701653034,-0.25348182113873696,-0.06104738547045387,-0.41714569471052654,-0.3143624455471887,-0.007628703415201609,-0.4627078259479202,-0.36479279728867137,-0.07780486067702222,-0.43549298364172334,-0.3385624428273506,-0.003970820045427273,-0.4540169310455188,-0.0062514291047360655,-0.1027601377983729,-0.42690594263156656,-0.4614647794791479,-0.030776354821153828,-0.4589801156604065,-0.02989191767012607,-0.00023122019147211445,-0.4614647794791479,-0.46395132841430475,-0.4465893296411483,-0.3047360839754738,-0.3464502384475595,-0.43918522283211425,-0.019727189718826452,-0.3219618037296813,-0.0732577608723414,-0.03593752173415019,-0.38946603886656617,-5.185799620728251e-07,-0.334094605928927,-0.22263939108643035,-0.001417595330263911,-0.026986329483995115,-0.34418775850449906
4,1,-0.6,-6.632680509337131e-09,-0.08916926673812377,-0.0037571321358577992,-0.04806690140754961,-2.0374119875367048e-06,-0.18222350592010475,-0.011082589346128118,-0.250583751267673,-0.07732121307663864,-5.90165526508572e-06,-0.008472864569040174,-0.18750107168457783,-0.00011869718573273229,-0.18071323600437617,-0.0017905752195577094,-0.07279724276255975,-0.19683753855022784,-0.027844601988648236,-0.013179901409347116,-0.06417338545779078,-0.01187152202664999,-0.01193509644878181,-0.00011059184498676743,-7.190006351979355e-08,-0.09166548919444684,-0.002956195794255311,-0.002393873289729828,-0.05313270528332319,-6.153710039241354e-08,-0.0013941125718009467,-0.08957934917269762,-0.01974644797704159,-0.11223942349966227,-0.06570221306372757,-0.00026774878730703727,-0.0261342401741435,-0.0239350275967645,-6.152450313202369e-05,-0.056751988071781646,-0.15223782776724593,-0.0006535659003844003,-2.4562462996912873e-05,-0.008060509825007197,-7.290985881088053e-05,-0.0008182310446721607,-0.0009866785622442572,-0.07146997519118305,-0.016791615219120207,-0.0030127676650313806,-0.22869031381014657,-0.016790370295825627,-0.011193496833097916,-0.000545623369483301,-0.20487111074274178,-8.05414083956411e-06,-0.19762689530351543,-0.00886147051597116,-0.04782607836320326,-0.20164004762581292,-0.0016864650179620126,-0.003950350361298046,-0.049225001080083354,-1.7875101785832098e-06,-0.04581443251490501,-0.002937972983636702,-0.13975424905885192,-0.057855222361016964,-0.00015570316503520199,-0.21569839521622824,-0.09764312375110354,-0.00548778437117428,-0.18672509970680692,-0.10036524427027327,-8.783683885774607e-05,-0.20817335093283643,-0.0001286102360851402,-0.011759266001227236,-0.1601663840407668,-0.223429376662658,-0.0011349163026188453,-0.19604694435051384,-0.0005481393716436115,-2.0006260709101307e-07,-0.19211622464340136,-0.20244458854834263,-0.20325980990108988,-0.08364199905146803,-0.06819354469881439,-0.20651900764272663,-0.0005740153355639374,-0.06916323816041889,-0.004702008869528319,-0.0015966188159628554,-0.10216743616762383,-4.751566085193769e-11,-0.08441744901137503,-0.028661486576185075,-1.1796089979218917e-05,-0.0008703954518941077,-0.05894151829062051
4,3,0.6,0.6,0.6,0.6,0.6,0.6,0.6,0.6,0.6,0.6,0.6,0.6,0.6,0.6,0.6,0.6,0.6,0.6,0.6,0.6,0.6,0.6,0.6,0.6,0.6,0.6,0.6,0.6,0.6,0.6,0.6,0.6,0.6,0.6,0.6,0.6,0.6,0.6,0.6,0.6,0.6,0.6,0.6,0.6,0.6,0.6,0.6,0.6,0.6,0.6,0.6,0.6,0.6,0.6,0.6,0.6,0.6,0.6,0.6,0.6,0.6,0.6,0.6,0.6,0.6,0.6,0.6,0.6,0.6,0.6,0.6,0.6,0.6,0.6,0.6,0.6,0.6,0.6,0.6,0.6,0.6,0.6,0.6,0.6,0.6,0.6,0.6,0.6,0.6,0.6,0.6,0.6,0.6,0.6,0.6,0.6,0.6,0.6,0.6,0.6,0.6
4,4,-0.6,-0.6,-0.6,-0.6,-0.6,-0.6,-0.6,-0.6,-0.6,-0.6,-0.6,-0.6,-0.6,-0.6,-0.6,-0.6,-0.6,-0.6,-0.6,-0.6,-0.6,-0.6,-0.6,-0.6,-0.6,-0.6,-0.6,-0.6,-0.6,-0.6,-0.6,-0.6,-0.6,-0.6,-0.6,-0.6,-0.6,-0.6,-0.6,-0.6,-0.6,-0.6,-0.6,-0.6,-0.6,-0.6,-0.6,-0.6,-0.6,-0.6,-0.6,-0.6,-0.6,-0.6,-0.6,-0.6,-0.6,-0.6,-0.6,-0.6,-0.6,-0.6,-0.6,-0.6,-0.6,-0.6,-0.6,-0.6,-0.6,-0.6,-0.6,-0.6,-0.6,-0.6,-0.6,-0.6,-0.6,-0.6,-0.6,-0.6,-0.6,-0.6,-0.6,-0.6,-0.6,-0.6,-0.6,-0.6,-0.6,-0.6,-0.6,-0.6,-0.6,-0.6,-0.6,-0.6,-0.6,-0.6,-0.6,-0.6,-0.6
4,5,0.6,0.6,0.6,0.6,0.6,0.6,0.6,0.6,0.6,0.6,0.6,0.6,0.6,0.6,0.6,0.6,0.6,0.6,0.6,0.6,0.6,0.6,0.6,0.6,0.6,0.6,0.6,0.6,0.6,0.6,0.6,0.6,0.6,0.6,0.6,0.6,0.6,0.6,0.6,0.6,0.6,0.6,0.6,0.6,0.6,0.6,0.6,0.6,0.6,0.6,0.6,0.6,0.6,0.6,0.6,0.6,0.6,0.6,0.6,0.6,0.6,0.6,0.6,0.6,0.6,0.6,0.6,0.6,0.6,0.6,0.6,0.6,0.6,0.6,0.6,0.6,0.6,0.6,0.6,0.6,0.6,0.6,0.6,0.6,0.6,0.6,0.6,0.6,0.6,0.6,0.6,0.6,0.6,0.6,0.6,0.6,0.6,0.6,0.6,0.6,0.6
4,6,-0.6,-8.992772332392123e-06,-0.19449346283340768,-0.03520367635152263,-0.14527248321461436,-0.00039030698025551824,-0.3274313688264632,-0.08994307876522896,-0.3788078634255848,-0.182975065119001,-0.0009345805786804453,-0.0548813919678066,-0.34869737592939426,-0.003997752360510417,-0.2973212581416492,-0.034491426787379556,-0.1944853503874909,-0.3555437908439162,-0.10832204618154054,-0.07117513722627777,-0.22345001038525775,-0.07626757292845524,-0.07148839446228342,-0.005028527735045174,-6.317135777266564e-05,-0.2591499397472699,-0.030713525881095192,-0.030703337022317315,-0.17486498435542336,-4.213173143506834e-05,-0.022152291155060063,-0.20656718456054424,-0.10828069062188005,-0.27282619529545404,-0.20733209547617362,-0.008277442360757123,-0.14903111228256943,-0.1237471492597723,-0.004127851408969764,-0.18979735807252546,-0.32090698434807574,-0.013005494169055195,-0.0011105035732206171,-0.061857400025491234,-0.004406589243107639,-0.012254054600027604,-0.027595621500911847,-0.23139060166338765,-0.10220281516481274,-0.050402615733753105,-0.358998948754452,-0.1003600022546713,-0.09588479664724998,-0.016388612359592627,-0.2921144612562245,-0.0005618378550591853,-0.35325262311154604,-0.07077634273955147,-0.20397701603820062,-0.31109602669198,-0.027441653563495774,-0.03911353272484928,-0.15163533221676084,-0.0004430666807458778,-0.14845818486511858,-0.04413663897348351,-0.3186650779941486,-0.18442343353385493,-0.008147406515973288,-0.33295655184060957,-0.23404474273295614,-0.055768505188282476,-0.3430418899609489,-0.313242293130388,-0.0041788876680914355,-0.360150213936651,-0.004481124921038765,-0.09044827677583465,-0.29728624136864545,-0.33407484220337497,-0.017843437654450116,-0.2973346335177795,-0.011042790513596714,-0.00016716809435080528,-0.3306997093919721,-0.32194637698976025,-0.32962217917722725,-0.2610917332660401,-0.1867481431192757,-0.3208407109114276,-0.012549303078809335,-0.19840355936647666,-0.051171239550661524,-0.02349038920938913,-0.23852366488887553,-4.954897853418214e-07,-0.18447967571316323,-0.1367599677543249,-0.0015665686244900549,-0.019012214596598097,-0.19211586077438814
4,7,-0.6,-0.6,-0.6,-0.6,-0.6,-0.6,-0.6,-0.6,-0.6,-0.6,-0.6,-0.6,-0.6,-0.6,-0.6,-0.6,-0.6,-0.6,-0.6,-0.6,-0.6,-0.6,-0.6,-0.6,-0.6,-0.6,-0.6,-0.6,-0.6,-0.6,-0.6,-0.6,-0.6,-0.6,-0.6,-0.6,-0.6,-0.6,-0.6,-0.6,-0.6,-0.6,-0.6,-0.6,-0.6,-0.6,-0.6,-0.6,-0.6,-0.6,-0.6,-0.6,-0.6,-0.6,-0.6,-0.6,-0.6,-0.6,-0.6,-0.6,-0.6,-0.6,-0.6,-0.6,-0.6,-0.6,-0.6,-0.6,-0.6,-0.6,-0.6,-0.6,-0.6,-0.6,-0.6,-0.6,-0.6,-0.6,-0.6,-0.6,-0.6,-0.6,-0.6,-0.6,-0.6,-0.6,-0.6,-0.6,-0.6,-0.6,-0.6,-0.6,-0.6,-0.6,-0.6,-0.6,-0.6,-0.6,-0.6,-0.6,-0.6
4,8,0.6,0.6,0.6,0.6,0.6,0.6,0.6,0.6,0.6,0.6,0.6,0.6,0.6,0.6,0.6,0.6,0.6,0.6,0.6,0.6,0.6,0.6,0.6,0.6,0.6,0.6,0.6,0.6,0.6,0.6,0.6,0.6,0.6,0.6,0.6,0.6,0.6,0.6,0.6,0.6,0.6,0.6,0.6,0.6,0.6,0.6,0.6,0.6,0.6,0.6,0.6,0.6,0.6,0.6,0.6,0.6,0.6,0.6,0.6,0.6,0.6,0.6,0.6,0.6,0.6,0.6,0.6,0.6,0.6,0.6,0.6,0.6,0.6,0.6,0.6,0.6,0.6,0.6,0.6,0.6,0.6,0.6,0.6,0.6,0.6,0.6,0.6,0.6,0.6,0.6,0.6,0.6,0.6,0.6,0.6,0.6,0.6,0.6,0.6,0.6,0.6
4,9,-0.6,-0.9999698088996803,-0.8509484244392184,-0.9675652566566716,-0.8877201200361884,-0.9994074521234813,-0.7877420152265643,-0.940705517283075,-0.7523336632480836,-0.8559596747625023,-0.9985035625487514,-0.9530087711990126,-0.7951794983175766,-0.9932363731798746,-0.7792493365955194,-0.9762540405663187,-0.8590200704687884,-0.7852194938208611,-0.9155447098051809,-0.9372611930238264,-0.876799003347446,-0.9314241868467376,-0.9345564109743767,-0.9917881200730297,-0.9998483669293725,-0.8496733743290137,-0.97210233226511,-0.9718292062254026,-0.8841770024374507,-0.9998506297321612,-0.9770539066951328,-0.844483323879259,-0.9222620567147904,-0.8117762762774813,-0.8724042170714266,-0.9918693642472249,-0.9170815386896058,-0.9135873534105563,-0.9964456100149285,-0.8614291242649291,-0.8133018469932407,-0.9865163255065932,-0.9974442074130135,-0.951412608529989,-0.9942041090668651,-0.9773885981836875,-0.9815111059759065,-0.8784132360002329,-0.9250877317258728,-0.9696964209347005,-0.7633573281656978,-0.9222620567147904,-0.9465642376203005,-0.9882611427842617,-0.768740838526947,-0.9982524352489186,-0.7877420152265643,-0.9500036569106521,-0.8810631476887898,-0.7678495554487174,-0.9741966245780335,-0.9683425187707121,-0.8661436736409865,-0.9993148058590644,-0.8784132360002329,-0.9626808165759762,-0.8110099121046179,-0.8740677254294791,-0.9930659124840134,-0.7722820435192068,-0.8336661500952633,-0.9497651001371591,-0.7852194938208611,-0.8503120169854405,-0.9954150321261562,-0.7801094356355742,-0.9942041090668651,-0.9392924454317397,-0.7976153134983632,-0.7705162293780822,-0.9774990988153086,-0.7783868327387309,-0.9837333491770476,-0.9997433598450183,-0.7809671291559138,-0.776654613708977,-0.7783868327387309,-0.8571904056001489,-0.8620259692055946,-0.776654613708977,-0.9875424874481086,-0.8712848247894597,-0.9591050810390964,-0.9766001181092344,-0.8350505032719677,-0.9999971943650174,-0.8534717779830581,-0.9000624403529562,-0.9978330076670162,-0.985042093529746,-0.8643918022233398
4,10,-0.6,-0.6,-0.6,-0.6,-0.6,-0.6,-0.6,-0.6,-0.6,-0.6,-0.6,-0.6,-0.6,-0.6,-0.6,-0.6,-0.6,-0.6,-0.6,-0.6,-0.6,-0.6,-0.6,-0.6,-0.6,-0.6,-0.6,-0.6,-0.6,-0.6,-0.6,-0.6,-0.6,-0.6,-0.6,-0.6,-0.6,-0.6,-0.6,-0.6,-0.6,-0.6,-0.6,-0.6,-0.6,-0.6,-0.6,-0.6,-0.6,-0.6,-0.6,-0.6,-0.6,-0.6,-0.6,-0.6,-0.6,-0.6,-0.6,-0.6,-0.6,-0.6,-0.6,-0.6,-0.6,-0.6,-0.6,-0.6,-0.6,-0.6,-0.6,-0.6,-0.6,-0.6,-0.6,-0.6,-0.6,-0.6,-0.6,-0.6,-0.6,-0.6,-0.6,-0.6,-0.6,-0.6,-0.6,-0.6,-0.6,-0.6,-0.6,-0.6,-0.6,-0.6,-0.6,-0.6,-0.6,-0.6,-0.6,-0.6,-0.6
5,0,-0.6,-0.9999966730506042,-0.9018506602570856,-0.9871033875151154,-0.9323781543525489,-0.9998452964547401,-0.8483893684943334,-0.9675652566566716,-0.8016268948709927,-0.9057702584451278,-0.9995222880907841,-0.9748191293950753,-0.8431632048953004,-0.9981535559524168,-0.8336661500952633,-0.9893160945175391,-0.9107780897921773,-0.8237147460235835,-0.9500036569106521,-0.96895132912411,-0.9147666411707591,-0.9626808165759762,-0.9723728858955626,-0.9976050522932053,-0.9999640193845192,-0.8982453327596847,-0.9884914699010543,-0.9880854139450205,-0.9211774980529694,-0.9999699598506244,-0.9929615954706746,-0.9009601404980664,-0.9572989171988366,-0.8778771918608762,-0.9208129156026595,-0.9974696366115698,-0.9490429476355215,-0.9577067593268461,-0.9980877449893026,-0.9211774980529694,-0.8438243999693303,-0.9950587839033598,-0.9993612115727386,-0.9798007965352356,-0.9978652809098322,-0.992639204355805,-0.9923021613039913,-0.9103701079195469,-0.9656238808243469,-0.9842853554270654,-0.8185663661952659,-0.963394372196107,-0.96895132912411,-0.9948832373372616,-0.812540254045234,-0.9996355299244688,-0.8266048131698036,-0.9738159577830283,-0.9174617536400274,-0.8258858210114852,-0.9900328889720786,-0.9849680636435167,-0.9233329401431889,-0.9998165562269248,-0.9240393333642273,-0.9840510749338468,-0.86672336769225,-0.9159313227759455,-0.9977781334690101,-0.8178214184654429,-0.8821090584938029,-0.9800962421296028,-0.8322725219985161,-0.8841770024374507,-0.998354284439097,-0.8287477256512343,-0.9980294754935266,-0.9680337994147322,-0.8364256049907081,-0.8193089435469116,-0.9929965397976297,-0.8294573503156301,-0.9959730059100039,-0.9999476001112195,-0.8148178850197384,-0.8251644807090592,-0.8215224737579853,-0.9040458186096325,-0.9163163284496147,-0.8215224737579853,-0.9953690512686173,-0.9099604457549649,-0.9802908497887332,-0.9923403542138683,-0.8810631476887898,-0.9999996633369901,-0.9027340412346152,-0.941813731882638,-0.999505237179001,-0.9948832373372616,-0.9083048896734224
5,2,-0.6,-0.8451399800771044,-0.6155021150039264,-0.6616461863579501,-0.640046773080199,-0.8273214596498752,-0.6107554422924087,-0.7100955929876753,-0.6095654652482841,-0.6319388106747352,-0.8032147056191447,-0.6975772045425657,-0.6202270083658584,-0.7212976917331752,-0.6237559095918858,-0.7322307585188792,-0.6365813609726437,-0.637738088631818,-0.66052502778067,-0.6727568770544031,-0.686915698895015,-0.6890643084005191,-0.6514919229502673,-0.7017839039350093,-0.8553410109327559,-0.6694431937572263,-0.7017839039350093,-0.7182689578113596,-0.6672246974082661,-0.8336661500952633,-0.6879910115025479,-0.614317457409269,-0.6727568770544031,-0.6319388106747352,-0.6638830758068462,-0.722302828391343,-0.713176981190606,-0.6571508133438027,-0.8438243999693303,-0.6582773314531296,-0.6804219374768109,-0.6922720277156907,-0.7302632428282517,-0.6694431937572263,-0.7902428559501357,-0.6836777455279611,-0.7390451116576376,-0.6996847473853881,-0.6537606986655519,-0.7419310402520509,-0.614317457409269,-0.6672246974082661,-0.7100955929876753,-0.7182689578113596,-0.6261012952761638,-0.6975772045425657,-0.6514919229502673,-0.7243064083959095,-0.6858383784094643,-0.6119441084524219,-0.7172549563917434,-0.7100955929876753,-0.6249293319660912,-0.7943627454471124,-0.6638830758068462,-0.6986320207837914,-0.6331017714259239,-0.6996847473853881,-0.7696297303354861,-0.614317457409269,-0.6457901375174122,-0.6661126644947939,-0.6307743202889704,-0.7059568407543396,-0.7322307585188792,-0.6214047356981554,-0.7361384302213958,-0.6760534710257753,-0.6503549560142575,-0.6131314510353358,-0.6716542028812371,-0.6047927042017147,-0.66052502778067,-0.8571904056001489,-0.6548924869032813,-0.6388932297265183,-0.6261012952761638,-0.6582773314531296,-0.6296083118614884,-0.6261012952761638,-0.7341891658003055,-0.6514919229502673,-0.6804219374768109,-0.6683348769111497,-0.6616461863579501,-0.9200791254902977,-0.6388932297265183,-0.6672246974082661,-0.7714003342262975,-0.7017839039350093,-0.6782415889527001
5,6,0.6,0.6,0.6,0.6,0.6,0.6,0.6,0.6,0.6,0.6,0.6,0.6,0.6,0.6,0.6,0.6,0.6,0.6,0.6,0.6,0.6,0.6,0.6,0.6,0.6,0.6,0.6,0.6,0.6,0.6,0.6,0.6,0.6,0.6,0.6,0.6,0.6,0.6,0.6,0.6,0.6,0.6,0.6,0.6,0.6,0.6,0.6,0.6,0.6,0.6,0.6,0.6,0.6,0.6,0.6,0.6,0.6,0.6,0.6,0.6,0.6,0.6,0.6,0.6,0.6,0.6,0.6,0.6,0.6,0.6,0.6,0.6,0.6,0.6,0.6,0.6,0.6,0.6,0.6,0.6,0.6,0.6,0.6,0.6,0.6,0.6,0.6,0.6,0.6,0.6,0.6,0.6,0.6,0.6,0.6,0.6,0.6,0.6,0.6,0.6,0.6
5,7,0.6,0.8451399800771044,0.6155021150039264,0.6616461863579501,0.640046773080199,0.8273214596498752,0.6107554422924087,0.7100955929876753,0.6095654652482841,0.6319388106747352,0.8032147056191447,0.6975772045425657,0.6202270083658584,0.7212976917331752,0.6237559095918858,0.7322307585188792,0.6365813609726437,0.637738088631818,0.66052502778067,0.6727568770544031,0.686915698895015,0.6890643084005191,0.6514919229502673,0.7017839039350093,0.8553410109327559,0.6694431937572263,0.7017839039350093,0.7182689578113596,0.6672246974082661,0.8336661500952633,0.6879910115025479,0.614317457409269,0.6727568770544031,0.6319388106747352,0.6638830758068462,0.722302828391343,0.713176981190606,0.6571508133438027,0.8438243999693303,0.6582773314531296,0.6804219374768109,0.6922720277156907,0.7302632428282517,0.6694431937572263,0.7902428559501357,0.6836777455279611,0.7390451116576376,0.6996847473853881,0.6537606986655519,0.7419310402520509,0.614317457409269,0.6672246974082661,0.7100955929876753,0.7182689578113596,0.6261012952761638,0.6975772045425657,0.6514919229502673,0.7243064083959095,0.6858383784094643,0.6119441084524219,0.7172549563917434,0.7100955929876753,0.6249293319660912,0.7943627454471124,0.6638830758068462,0.6986320207837914,0.6331017714259239,0.6996847473853881,0.7696297303354861,0.614317457409269,0.6457901375174122,0.6661126644947939,0.6307743202889704,0.7059568407543396,0.7322307585188792,0.6214047356981554,0.7361384302213958,0.6760534710257753,0.6503549560142575,0.6131314510353358,0.6716542028812371,0.6047927042017147,0.66052502778067,0.8571904056001489,0.6548924869032813,0.6388932297265183,0.6261012952761638,0.6582773314531296,0.6296083118614884,0.6261012952761638,0.7341891658003055,0.6514919229502673,0.6804219374768109,0.6683348769111497,0.6616461863579501,0.9200791254902977,0.6388932297265183,0.6672246974082661,0.7714003342262975,0.7017839039350093,0.6782415889527001
5,8,-0.6,-0.9999974873090691,-0.7951794983175766,-0.9786803082832037,-0.8578024806708849,-0.9998452964547401,-0.7466945328412262,-0.9457987094831702,-0.7192807511216393,-0.8273214596498752,-0.9995456326985275,-0.9317435527017557,-0.7504633316265027,-0.9972997219434072,-0.7111248921967112,-0.980674488170412,-0.8266048131698036,-0.7253048415716722,-0.8982453327596847,-0.9378479334765368,-0.849032492733934,-0.9247397510062972,-0.9301328411235457,-0.9968155468219312,-0.9999767361192142,-0.8155723335160969,-0.9780437361040564,-0.9734298290788774,-0.8778771918608762,-0.9999608190629392,-0.9841295477181238,-0.8384709639056047,-0.8963990058277884,-0.7968057818590881,-0.8438243999693303,-0.9975930464927952,-0.9119920058941654,-0.9163163284496147,-0.9981349869700662,-0.8329704968541398,-0.7523336632480836,-0.9913266758488126,-0.9992687035686171,-0.963394372196107,-0.9954378518558734,-0.9820490038162462,-0.9894738663150806,-0.8751663985387456,-0.9200791254902977,-0.9684957951962696,-0.7162387523819018,-0.9159313227759455,-0.9485560678125904,-0.9907939361482079,-0.6825944491923404,-0.9995764120074764,-0.7523336632480836,-0.9536774772772215,-0.8301646395872451,-0.7152203513801428,-0.9797013635260795,-0.9654571325354877,-0.8364256049907081,-0.9998813850855819,-0.8690209464836356,-0.9719660922261661,-0.758805583089556,-0.8308695961410761,-0.9966018602084192,-0.723305735653789,-0.7968057818590881,-0.9639209087600774,-0.7447961152169265,-0.8148178850197384,-0.9982348588905673,-0.7302632428282517,-0.9972175073914784,-0.9516437418142898,-0.7513996722240555,-0.7243064083959095,-0.9861103873625033,-0.726301030213494,-0.9865163255065932,-0.9998974311122787,-0.7243064083959095,-0.722302828391343,-0.7361384302213958,-0.8371096940522412,-0.8094700184529884,-0.7419310402520509,-0.9911525810091684,-0.8258858210114852,-0.9661194813454259,-0.9837333491770476,-0.7792493365955194,-0.9999997699884815,-0.8178214184654429,-0.8872198159655704,-0.9993707395403683,-0.9878470605951274,-0.8110099121046179
5,10,-0.6,-0.8451399800771044,-0.6155021150039264,-0.6616461863579501,-0.640046773080199,-0.8273214596498752,-0.6107554422924087,-0.7100955929876753,-0.6095654652482841,-0.6319388106747352,-0.8032147056191447,-0.6975772045425657,-0.6202270083658584,-0.7212976917331752,-0.6237559095918858,-0.7322307585188792,-0.6365813609726437,-0.637738088631818,-0.66052502778067,-0.6727568770544031,-0.686915698895015,-0.6890643084005191,-0.6514919229502673,-0.7017839039350093,-0.8553410109327559,-0.6694431937572263,-0.7017839039350093,-0.7182689578113596,-0.6672246974082661,-0.8336661500952633,-0.6879910115025479,-0.614317457409269,-0.6727568770544031,-0.6319388106747352,-0.6638830758068462,-0.722302828391343,-0.713176981190606,-0.6571508133438027,-0.8438243999693303,-0.6582773314531296,-0.6804219374768109,-0.6922720277156907,-0.7302632428282517,-0.6694431937572263,-0.7902428559501357,-0.6836777455279611,-0.7390451116576376,-0.6996847473853881,-0.6537606986655519,-0.7419310402520509,-0.614317457409269,-0.6672246974082661,-0.7100955929876753,-0.7182689578113596,-0.6261012952761638,-0.6975772045425657,-0.6514919229502673,-0.7243064083959095,-0.6858383784094643,-0.6119441084524219,-0.7172549563917434,-0.7100955929876753,-0.6249293319660912,-0.7943627454471124,-0.6638830758068462,-0.6986320207837914,-0.6331017714259239,-0.6996847473853881,-0.7696297303354861,-0.614317457409269,-0.6457901375174122,-0.6661126644947939,-0.6307743202889704,-0.7059568407543396,-0.7322307585188792,-0.6214047356981554,-0.7361384302213958,-0.6760534710257753,-0.6503549560142575,-0.6131314510353358,-0.6716542028812371,-0.6047927042017147,-0.66052502778067,-0.8571904056001489,-0.6548924869032813,-0.6388932297265183,-0.6261012952761638,-0.6582773314531296,-0.6296083118614884,-0.6261012952761638,-0.7341891658003055,-0.6514919229502673,-0.6804219374768109,-0.6683348769111497,-0.6616461863579501,-0.9200791254902977,-0.6388932297265183,-0.6672246974082661,-0.7714003342262975,-0.7017839039350093,-0.6782415889527001
6,1,0.6,0.6,0.6,0.6,0.6,0.6,0.6,0.6,0.6,0.6,0.6,0.6,0.6,0.6,0.6,0.6,0.6,0.6,0.6,0.6,0.6,0.6,0.6,0.6,0.6,0.6,0.6,0.6,0.6,0.6,0.6,0.6,0.6,0.6,0.6,0.6,0.6,0.6,0.6,0.6,0.6,0.6,0.6,0.6,0.6,0.6,0.6,0.6,0.6,0.6,0.6,0.6,0.6,0.6,0.6,0.6,0.6,0.6,0.6,0.6,0.6,0.6,0.6,0.6,0.6,0.6,0.6,0.6,0.6,0.6,0.6,0.6,0.6,0.6,0.6,0.6,0.6,0.6,0.6,0.6,0.6,0.6,0.6,0.6,0.6,0.6,0.6,0.6,0.6,0.6,0.6,0.6,0.6,0.6,0.6,0.6,0.6,0.6,0.6,0.6,0.6
6,2,-0.6,-0.0013619502429278278,-0.37528905537481705,-0.162335298337296,-0.31760748483306406,-0.00885560716492439,-0.4540169310455188,-0.1830653187722153,-0.4739139225626637,-0.3498569419917173,-0.008301609337385005,-0.18157216740684043,-0.45277750325867117,-0.04152582338990436,-0.4244602716755245,-0.10047339725536955,-0.3487196566810577,-0.4330353956644293,-0.2669712697504654,-0.21833666023647727,-0.3296562449718037,-0.17209706672440994,-0.22177403562331488,-0.030183958793661127,-0.0013619502429278278,-0.3729460523490611,-0.14601919784962464,-0.11798798143129938,-0.3047360839754738,-0.0013964672371800369,-0.11694930234710073,-0.37411681947336356,-0.23231667019828864,-0.3776378856766882,-0.35327897773079764,-0.06642686380942987,-0.250650403151435,-0.27090798462164234,-0.02123475402001221,-0.31978072898826826,-0.39304057248211244,-0.08147689546428508,-0.025327217655858953,-0.20908249225170492,-0.022521436949365006,-0.06927883705370529,-0.07889027270575817,-0.3430591457774983,-0.24320326183756097,-0.11287355782435822,-0.47142106035546283,-0.2314249420235573,-0.1914478139756722,-0.0667382852420549,-0.42690594263156656,-0.014751522623068603,-0.43918522283211425,-0.1823175567330401,-0.27189783162555675,-0.44411852428860293,-0.10138262229419255,-0.14853531762004948,-0.2942366596019628,-0.00657064905589262,-0.28090748266069065,-0.10892225623297815,-0.41350172504973304,-0.3089941202630066,-0.04505230391584455,-0.45153865307966357,-0.3509959309287183,-0.15432730785003698,-0.4318078169555984,-0.36247718038100785,-0.034741676351303305,-0.4589801156604065,-0.04212835849273955,-0.19456766283553767,-0.3942346409262124,-0.4651952715686989,-0.09778903533689501,-0.44165044909370976,-0.08375524012767867,-0.002596831431710336,-0.4110776007869439,-0.44411852428860293,-0.43918522283211425,-0.36479279728867137,-0.3487196566810577,-0.44411852428860293,-0.07673313247658611,-0.334094605928927,-0.13630620195425802,-0.12222284667721009,-0.3601679013053957,-9.715770559632486e-05,-0.3636342022269965,-0.2422829846612153,-0.015885035499099632,-0.10229913533898273,-0.2931983523632216
6,5,-0.6,-5.8270461948850973e-05,-0.3363248775440319,-0.06642686380942987,-0.25159187015657347,-0.001368784799064017,-0.4220182643351806,-0.1333844133694216,-0.45153865307966357,-0.29946009637329274,-0.003108771223156803,-0.1333844133694216,-0.4220182643351806,-0.011984784275427143,-0.42079867009066707,-0.06398367415161915,-0.29946009637329274,-0.44041747244416457,-0.196141967217888,-0.13988324123588708,-0.29009630696052563,-0.14790295473485168,-0.14727281638127393,-0.015270224873977922,-0.0002755488336395667,-0.3285513299461892,-0.06249944299022914,-0.06768069706208538,-0.2459782736902198,-0.00038936446293466197,-0.051002197513874414,-0.30051111730169167,-0.1922241842117516,-0.3430591457774983,-0.2890666047622837,-0.014391684734020674,-0.18608013167846613,-0.18532286009710117,-0.00872459500321697,-0.2829340995215407,-0.40383134454016817,-0.031532691202608515,-0.004030739255380681,-0.10892225623297815,-0.015574644988363704,-0.043566930268476,-0.04253468158510474,-0.25920757390673116,-0.16715929381612055,-0.08889113323149665,-0.44411852428860293,-0.17861429725369465,-0.12825869171731663,-0.03900883701213943,-0.4342637894175206,-0.002716337516289996,-0.41350172504973304,-0.11088251214910337,-0.29946009637329274,-0.4244602716755245,-0.06162438576751879,-0.08530612879058627,-0.2699204003791929,-0.0013084865242795863,-0.2350061845104083,-0.08223000061038327,-0.40865775641753904,-0.2699204003791929,-0.015729086919412404,-0.42690594263156656,-0.32744830317850526,-0.09867664532178319,-0.41593001889005154,-0.3352088252725868,-0.010380250280305111,-0.4342637894175206,-0.012972520257917477,-0.13280644831122404,-0.38235264177728007,-0.43918522283211425,-0.04112872169048482,-0.4232388029283012,-0.0395763661929749,-0.0009592964713098809,-0.41714569471052654,-0.41836237119834474,-0.4220182643351806,-0.3252479501394359,-0.31220906497438,-0.3978243367706729,-0.028472318449512243,-0.2963196739015058,-0.096470960787536,-0.04956638583183444,-0.3430591457774983,-5.665052899302728e-06,-0.29841117763802577,-0.21325280294696314,-0.003990693886672148,-0.043986488009611975,-0.30367672395997997
6,7,0.6,0.6,0.6,0.6,0.6,0.6,0.6,0.6,0.6,0.6,0.6,0.6,0.6,0.6,0.6,0.6,0.6,0.6,0.6,0.6,0.6,0.6,0.6,0.6,0.6,0.6,0.6,0.6,0.6,0.6,0.6,0.6,0.6,0.6,0.6,0.6,0.6,0.6,0.6,0.6,0.6,0.6,0.6,0.6,0.6,0.6,0.6,0.6,0.6,0.6,0.6,0.6,0.6,0.6,0.6,0.6,0.6,0.6,0.6,0.6,0.6,0.6,0.6,0.6,0.6,0.6,0.6,0.6,0.6,0.6,0.6,0.6,0.6,0.6,0.6,0.6,0.6,0.6,0.6,0.6,0.6,0.6,0.6,0.6,0.6,0.6,0.6,0.6,0.6,0.6,0.6,0.6,0.6,0.6,0.6,0.6,0.6,0.6,0.6,0.6,0.6
6,8,0.6,0.6,0.6,0.6,0.6,0.6,0.6,0.6,0.6,0.6,0.6,0.6,0.6,0.6,0.6,0.6,0.6,0.6,0.6,0.6,0.6,0.6,0.6,0.6,0.6,0.6,0.6,0.6,0.6,0.6,0.6,0.6,0.6,0.6,0.6,0.6,0.6,0.6,0.6,0.6,0.6,0.6,0.6,0.6,0.6,0.6,0.6,0.6,0.6,0.6,0.6,0.6,0.6,0.6,0.6,0.6,0.6,0.6,0.6,0.6,0.6,0.6,0.6,0.6,0.6,0.6,0.6,0.6,0.6,0.6,0.6,0.6,0.6,0.6,0.6,0.6,0.6,0.6,0.6,0.6,0.6,0.6,0.6,0.6,0.6,0.6,0.6,0.6,0.6,0.6,0.6,0.6,0.6,0.6,0.6,0.6,0.6,0.6,0.6,0.6,0.6
6,10,0.6,5.665052899302728e-06,0.36711466167056683,0.046808930760523275,0.27189783162555675,0.0003487239961492368,0.4330353956644293,0.11438724142541451,0.46768441859590165,0.31978072898826826,0.0010238223483699193,0.1417010310157999,0.42813011623060143,0.006067344317472842,0.4776555583729676,0.04253468158510474,0.32087029172633724,0.46022220429525085,0.20334522303201605,0.12994834225340363,0.28599052223548665,0.154982121166463,0.144774430903898,0.007150902919312115,5.244881710536769e-05,0.33744275325167994,0.04816893357829577,0.05796319394811756,0.2386255738224217,8.833231995729463e-05,0.0350793775052748,0.3026194381035554,0.2066092134638103,0.36479279728867137,0.2942366596019628,0.005410257766894761,0.17861429725369465,0.1706746085735006,0.004194962504244214,0.31113539215076896,0.42568265633767943,0.019343207161188012,0.0016472497824206204,0.07889027270575817,0.01022691604725048,0.0395763661929749,0.023421218367718166,0.24320326183756097,0.1637020307317203,0.06831581035158779,0.47142106035546283,0.1713846683926636,0.10892225623297815,0.02051768958092183,0.5113895851962432,0.0009545045902019308,0.42568265633767943,0.09867664532178319,0.31544213752418043,0.47266732497984404,0.04462305686043238,0.07463017492266831,0.3057975109416916,0.00026738720701653034,0.25348182113873696,0.06104738547045387,0.41714569471052654,0.3143624455471887,0.007628703415201609,0.4627078259479202,0.36479279728867137,0.07780486067702222,0.43549298364172334,0.3385624428273506,0.003970820045427273,0.4540169310455188,0.0062514291047360655,0.1027601377983729,0.42690594263156656,0.4614647794791479,0.030776354821153828,0.4589801156604065,0.02989191767012607,0.00023122019147211445,0.4614647794791479,0.46395132841430475,0.4465893296411483,0.3047360839754738,0.3464502384475595,0.43918522283211425,0.019727189718826452,0.3219618037296813,0.0732577608723414,0.03593752173415019,0.38946603886656617,5.185799620728251e-07,0.334094605928927,0.22263939108643035,0.001417595330263911,0.026986329483995115,0.34418775850449906
7,0,0.6,0.9999974873090691,0.7951794983175766,0.9786803082832037,0.8578024806708849,0.9998452964547401,0.7466945328412262,0.9457987094831702,0.7192807511216393,0.8273214596498752,0.9995456326985275,0.9317435527017557,0.7504633316265027,0.9972997219434072,0.7111248921967112,0.980674488170412,0.8266048131698036,0.7253048415716722,0.8982453327596847,0.9378479334765368,0.849032492733934,0.9247397510062972,0.9301328411235457,0.9968155468219312,0.9999767361192142,0.8155723335160969,0.9780437361040564,0.9734298290788774,0.8778771918608762,0.9999608190629392,0.9841295477181238,0.8384709639056047,0.8963990058277884,0.7968057818590881,0.8438243999693303,0.9975930464927952,0.9119920058941654,0.9163163284496147,0.9981349869700662,0.8329704968541398,0.7523336632480836,0.9913266758488126,0.9992687035686171,0.963394372196107,0.9954378518558734,0.9820490038162462,0.9894738663150806,0.8751663985387456,0.9200791254902977,0.9684957951962696,0.7162387523819018,0.9159313227759455,0.9485560678125904,0.9907939361482079,0.6825944491923404,0.9995764120074764,0.7523336632480836,0.9536774772772215,0.8301646395872451,0.7152203513801428,0.9797013635260795,0.9654571325354877,0.8364256049907081,0.9998813850855819,0.8690209464836356,0.9719660922261661,0.758805583089556,0.8308695961410761,0.9966018602084192,0.723305735653789,0.7968057818590881,0.9639209087600774,0.7447961152169265,0.8148178850197384,0.9982348588905673,0.7302632428282517,0.9972175073914784,0.9516437418142898,0.7513996722240555,0.7243064083959095,0.9861103873625033,0.726301030213494,0.9865163255065932,0.9998974311122787,0.7243064083959095,0.722302828391343,0.7361384302213958,0.8371096940522412,0.8094700184529884,0.7419310402520509,0.9911525810091684,0.8258858210114852,0.9661194813454259,0.9837333491770476,0.7792493365955194,0.9999997699884815,0.8178214184654429,0.8872198159655704,0.9993707395403683,0.9878470605951274,0.8110099121046179
7,3,0.6,5.8270461948850973e-05,0.3363248775440319,0.06642686380942987,0.25159187015657347,0.001368784799064017,0.4220182643351806,0.1333844133694216,0.45153865307966357,0.29946009637329274,0.003108771223156803,0.1333844133694216,0.4220182643351806,0.011984784275427143,0.42079867009066707,0.06398367415161915,0.29946009637329274,0.44041747244416457,0.196141967217888,0.13988324123588708,0.29009630696052563,0.14790295473485168,0.14727281638127393,0.015270224873977922,0.0002755488336395667,0.3285513299461892,0.06249944299022914,0.06768069706208538,0.2459782736902198,0.00038936446293466197,0.051002197513874414,0.30051111730169167,0.1922241842117516,0.3430591457774983,0.2890666047622837,0.014391684734020674,0.18608013167846613,0.18532286009710117,0.00872459500321697,0.2829340995215407,0.40383134454016817,0.031532691202608515,0.004030739255380681,0.10892225623297815,0.015574644988363704,0.043566930268476,0.04253468158510474,0.25920757390673116,0.16715929381612055,0.08889113323149665,0.44411852428860293,0.17861429725369465,0.12825869171731663,0.03900883701213943,0.4342637894175206,0.002716337516289996,0.41350172504973304,0.11088251214910337,0.29946009637329274,0.4244602716755245,0.06162438576751879,0.08530612879058627,0.2699204003791929,0.0013084865242795863,0.2350061845104083,0.08223000061038327,0.40865775641753904,0.2699204003791929,0.015729086919412404,0.42690594263156656,0.32744830317850526,0.09867664532178319,0.41593001889005154,0.3352088252725868,0.010380250280305111,0.4342637894175206,0.012972520257917477,0.13280644831122404,0.38235264177728007,0.43918522283211425,0.04112872169048482,0.4232388029283012,0.0395763661929749,0.0009592964713098809,0.41714569471052654,0.41836237119834474,0.4220182643351806,0.3252479501394359,0.31220906497438,0.3978243367706729,0.028472318449512243,0.2963196739015058,0.096470960787536,0.04956638583183444,0.3430591457774983,5.665052899302728e-06,0.29841117763802577,0.21325280294696314,0.003990693886672148,0.043986488009611975,0.30367672395997997
7,4,-0.6,-0.9999999998759149,-0.9647182125073495,-0.9993894837636138,-0.9841267676992042,-0.9999998625179508,-0.9202210224997711,-0.9966089093282363,-0.8806879293602009,-0.9713698631428945,-0.9999990306884217,-0.997385184339918,-0.9172230176738378,-0.9999853526542453,-0.9121425326293678,-0.999515284744047,-0.9730076665163455,-0.8993008696775779,-0.9915849645295295,-0.9965743664619472,-0.9753970158863116,-0.9955797213646923,-0.9967739905455284,-0.999975684648532,-0.999999993604139,-0.9645502428422507,-0.9994902245593222,-0.9994248593285963,-0.9818563551168875,-0.9999999924633598,-0.9997501060523301,-0.9696642403853344,-0.9930403648502156,-0.9540242382805065,-0.9773650925126386,-0.9999757871402449,-0.991954953043604,-0.9934090778797727,-0.9999889869265568,-0.9781311372558692,-0.9231042163266384,-0.9998940559895574,-0.9999983181906057,-0.998343490724669,-0.9999778970155099,-0.9997784043719159,-0.9997738755326023,-0.9776944622029924,-0.9953080340714352,-0.9989756403804886,-0.894664979444049,-0.9945747688700133,-0.9969015431818573,-0.9998630500368944,-0.8946709776088515,-0.9999993555601957,-0.9105132688920196,-0.9977954239088103,-0.975158214827801,-0.9063474788248636,-0.9995658635299275,-0.9990642834897824,-0.9800852321760165,-0.999999844271643,-0.98356411819954,-0.9990457264582848,-0.934076385941853,-0.9780199441272205,-0.9999767400625375,-0.9006660660357291,-0.9586394726293763,-0.9985390698004682,-0.9129383098666296,-0.9580207769033243,-0.999988712251171,-0.9046265299351579,-0.9999830587956925,-0.9966767713922843,-0.9255784982889235,-0.8970023895337403,-0.9998015555354675,-0.9088660553731073,-0.9998907978763434,-0.9999999674634374,-0.9024411752347067,-0.9080305297845487,-0.9046327045605534,-0.9671943297420477,-0.9732686083931164,-0.912945425184963,-0.9999107061454209,-0.973134795076941,-0.9985892576947887,-0.999735938906653,-0.9553316181287945,-0.9999999999987883,-0.9705277675133065,-0.9890531233161106,-0.9999987100860619,-0.9998447898131056,-0.9716512370958807
7,5,-0.6,-0.6,-0.6,-0.6,-0.6,-0.6,-0.6,-0.6,-0.6,-0.6,-0.6,-0.6,-0.6,-0.6,-0.6,-0.6,-0.6,-0.6,-0.6,-0.6,-0.6,-0.6,-0.6,-0.6,-0.6,-0.6,-0.6,-0.6,-0.6,-0.6,-0.6,-0.6,-0.6,-0.6,-0.6,-0.6,-0.6,-0.6,-0.6,-0.6,-0.6,-0.6,-0.6,-0.6,-0.6,-0.6,-0.6,-0.6,-0.6,-0.6,-0.6,-0.6,-0.6,-0.6,-0.6,-0.6,-0.6,-0.6,-0.6,-0.6,-0.6,-0.6,-0.6,-0.6,-0.6,-0.6,-0.6,-0.6,-0.6,-0.6,-0.6,-0.6,-0.6,-0.6,-0.6,-0.6,-0.6,-0.6,-0.6,-0.6,-0.6,-0.6,-0.6,-0.6,-0.6,-0.6,-0.6,-0.6,-0.6,-0.6,-0.6,-0.6,-0.6,-0.6,-0.6,-0.6,-0.6,-0.6,-0.6,-0.6,-0.6
7,6,0.6,0.6,0.6,0.6,0.6,0.6,0.6,0.6,0.6,0.6,0.6,0.6,0.6,0.6,0.6,0.6,0.6,0.6,0.6,0.6,0.6,0.6,0.6,0.6,0.6,0.6,0.6,0.6,0.6,0.6,0.6,0.6,0.6,0.6,0.6,0.6,0.6,0.6,0.6,0.6,0.6,0.6,0.6,0.6,0.6,0.6,0.6,0.6,0.6,0.6,0.6,0.6,0.6,0.6,0.6,0.6,0.6,0.6,0.6,0.6,0.6,0.6,0.6,0.6,0.6,0.6,0.6,0.6,0.6,0.6,0.6,0.6,0.6,0.6,0.6,0.6,0.6,0.6,0.6,0.6,0.6,0.6,0.6,0.6,0.6,0.6,0.6,0.6,0.6,0.6,0.6,0.6,0.6,0.6,0.6,0.6,0.6,0.6,0.6,0.6,0.6
7,8,-0.6,-0.6,-0.6,-0.6,-0.6,-0.6,-0.6,-0.6,-0.6,-0.6,-0.6,-0.6,-0.6,-0.6,-0.6,-0.6,-0.6,-0.6,-0.6,-0.6,-0.6,-0.6,-0.6,-0.6,-0.6,-0.6,-0.6,-0.6,-0.6,-0.6,-0.6,-0.6,-0.6,-0.6,-0.6,-0.6,-0.6,-0.6,-0.6,-0.6,-0.6,-0.6,-0.6,-0.6,-0.6,-0.6,-0.6,-0.6,-0.6,-0.6,-0.6,-0.6,-0.6,-0.6,-0.6,-0.6,-0.6,-0.6,-0.6,-0.6,-0.6,-0.6,-0.6,-0.6,-0.6,-0.6,-0.6,-0.6,-0.6,-0.6,-0.6,-0.6,-0.6,-0.6,-0.6,-0.6,-0.6,-0.6,-0.6,-0.6,-0.6,-0.6,-0.6,-0.6,-0.6,-0.6,-0.6,-0.6,-0.6,-0.6,-0.6,-0.6,-0.6,-0.6,-0.6,-0.6,-0.6,-0.6,-0.6,-0.6,-0.6
7,10,-0.6,-0.21132028036093292,-0.4146876284423786,-0.3964882042610822,-0.41588121854069987,-0.30367444771406094,-0.4764161851933436,-0.4726705450686861,-0.5089141808284754,-0.4589892039705792,-0.3805322723871558,-0.3657873338567092,-0.4651992685343573,-0.36446216824216915,-0.4889183651199193,-0.3892027847030851,-0.44782539144167627,-0.47766727000490655,-0.43057095937563317,-0.4171285120081965,-0.4503166250025637,-0.46897269207059544,-0.41220707824402486,-0.4390127629616999,-0.34547375988537876,-0.4726932878781561,-0.3856573726629626,-0.40491758555126595,-0.46771447880961153,-0.2500309340747301,-0.35752391549619517,-0.46646297633482803,-0.39412776145661643,-0.5226833503071451,-0.44906949712127886,-0.36574289552664085,-0.4602075571019545,-0.44655346738669954,-0.4095867406215702,-0.4651780707459516,-0.5014622468771611,-0.3415730378901809,-0.3389725839542623,-0.38942692234342025,-0.37836503931253385,-0.41702231299145104,-0.4194356798461715,-0.48644638293375286,-0.41340720015306237,-0.4219096276970135,-0.4851598285944873,-0.43795752381562897,-0.44408211222895716,-0.3393115738343904,-0.4951591994982926,-0.31559619660083876,-0.49015661608650557,-0.46518880617179126,-0.45896326780195923,-0.4926583201187508,-0.3868973733187722,-0.35304954412588213,-0.4689452245834788,-0.33106139600572826,-0.47769894423743703,-0.44286446597167745,-0.4614674580514621,-0.48393987976097086,-0.36675051267317543,-0.4976533383905276,-0.48268902931384083,-0.4540081464831549,-0.49891042867708374,-0.4914486361188943,-0.3528937371244603,-0.485153753083371,-0.3116400175305586,-0.4477800005129667,-0.5214257746912516,-0.4914118978209065,-0.4000950795524517,-0.49141330382030735,-0.34957479891747967,-0.23915593873806318,-0.5089175218150491,-0.5014247134396133,-0.4914081575190184,-0.4714411448592983,-0.4183188731022763,-0.5001646959977789,-0.35627434803235336,-0.41954603649300065,-0.4169874348732232,-0.36796836302078745,-0.4627110798383856,-0.20025232585593872,-0.4664564896845054,-0.4564854547587306,-0.35370674260849816,-0.31280357074067777,-0.46024438099856935
8,1,-0.6,-0.9995612920817458,-0.7428883871108637,-0.8973258423957835,-0.7775219248325447,-0.9962635899557772,-0.6616461863579501,-0.844483323879259,-0.6537606986655519,-0.7292760804335465,-0.9899334812589398,-0.8959328198168289,-0.6638830758068462,-0.9764853093594111,-0.6319388106747352,-0.9099604457549649,-0.723305735653789,-0.6683348769111497,-0.8110099121046179,-0.849032492733934,-0.7705162293780822,-0.8047929146006155,-0.8133018469932407,-0.9552027560136436,-0.9966856882484705,-0.7253048415716722,-0.9009601404980664,-0.9185929000466916,-0.8102411599913819,-0.998078154227898,-0.9155447098051809,-0.7007353773936963,-0.7910716513729852,-0.6836777455279611,-0.7162387523819018,-0.9585113021247912,-0.8336661500952633,-0.768740838526947,-0.9702799971842305,-0.686915698895015,-0.7141997590640583,-0.9625003494421467,-0.9910642393315802,-0.8185663661952659,-0.9475690847506271,-0.9426321130069217,-0.9437064845114801,-0.7696297303354861,-0.7749127854631035,-0.8846890425914415,-0.6457901375174122,-0.7341891658003055,-0.8503120169854405,-0.9442365511292371,-0.6548924869032813,-0.9916232088908487,-0.6716542028812371,-0.8336661500952633,-0.768740838526947,-0.64464474803308,-0.8831469969891516,-0.8954647817849902,-0.6975772045425657,-0.99405789115034,-0.7783868327387309,-0.8632131864958328,-0.642349022211827,-0.7419310402520509,-0.9536774772772215,-0.6965203056953185,-0.6901355818369643,-0.7927220155193407,-0.649216283510581,-0.7504633316265027,-0.9727739428302336,-0.6815091770991965,-0.9734298290788774,-0.8329704968541398,-0.6901355818369643,-0.6526271739366714,-0.9257792623909913,-0.65940207288487,-0.9166997320229459,-0.9958917858529225,-0.65940207288487,-0.6716542028812371,-0.65940207288487,-0.6944002887168611,-0.7172549563917434,-0.6858383784094643,-0.9536774772772215,-0.7409713762729654,-0.8608301161284555,-0.9254342338275535,-0.6514919229502673,-0.9999478620969346,-0.7409713762729654,-0.726301030213494,-0.9823121623511741,-0.9317435527017557,-0.7038746195215794
8,2,-0.6,-0.6,-0.6,-0.6,-0.6,-0.6,-0.6,-0.6,-0.6,-0.6,-0.6,-0.6,-0.6,-0.6,-0.6,-0.6,-0.6,-0.6,-0.6,-0.6,-0.6,-0.6,-0.6,-0.6,-0.6,-0.6,-0.6,-0.6,-0.6,-0.6,-0.6,-0.6,-0.6,-0.6,-0.6,-0.6,-0.6,-0.6,-0.6,-0.6,-0.6,-0.6,-0.6,-0.6,-0.6,-0.6,-0.6,-0.6,-0.6,-0.6,-0.6,-0.6,-0.6,-0.6,-0.6,-0.6,-0.6,-0.6,-0.6,-0.6,-0.6,-0.6,-0.6,-0.6,-0.6,-0.6,-0.6,-0.6,-0.6,-0.6,-0.6,-0.6,-0.6,-0.6,-0.6,-0.6,-0.6,-0.6,-0.6,-0.6,-0.6,-0.6,-0.6,-0.6,-0.6,-0.6,-0.6,-0.6,-0.6,-0.6,-0.6,-0.6,-0.6,-0.6,-0.6,-0.6,-0.6,-0.6,-0.6,-0.6,-0.6
8,4,-0.6,-0.761543758413577,-0.6071816295822543,-0.6249293319660912,-0.6249293319660912,-0.7253048415716722,-0.6071816295822543,-0.6225810401489057,-0.6071816295822543,-0.6155021150039264,-0.7141997590640583,-0.6526271739366714,-0.6071816295822543,-0.6858383784094643,-0.6059877966474452,-0.6627655389101298,-0.6225810401489057,-0.6107554422924087,-0.6237559095918858,-0.6249293319660912,-0.6225810401489057,-0.6178673338850103,-0.6214047356981554,-0.6694431937572263,-0.7504633316265027,-0.6342631910181403,-0.6354230579958284,-0.6537606986655519,-0.614317457409269,-0.7523336632480836,-0.640046773080199,-0.6083741900736548,-0.6261012952761638,-0.6155021150039264,-0.614317457409269,-0.6548924869032813,-0.6354230579958284,-0.6296083118614884,-0.7341891658003055,-0.6178673338850103,-0.614317457409269,-0.6480759158949216,-0.6771484969024741,-0.6272717875928121,-0.6694431937572263,-0.6365813609726437,-0.6342631910181403,-0.6284407970532268,-0.6214047356981554,-0.64464474803308,-0.6059877966474452,-0.6237559095918858,-0.6307743202889704,-0.6434977059912037,-0.614317457409269,-0.6996847473853881,-0.6095654652482841,-0.6365813609726437,-0.6178673338850103,-0.6071816295822543,-0.6526271739366714,-0.6388932297265183,-0.6202270083658584,-0.713176981190606,-0.6272717875928121,-0.6272717875928121,-0.6119441084524219,-0.642349022211827,-0.6716542028812371,-0.6059877966474452,-0.6190478703430244,-0.6272717875928121,-0.6059877966474452,-0.6284407970532268,-0.6933371850524812,-0.6107554422924087,-0.6760534710257753,-0.6261012952761638,-0.6214047356981554,-0.6071816295822543,-0.6503549560142575,-0.6083741900736548,-0.6342631910181403,-0.7341891658003055,-0.6107554422924087,-0.614317457409269,-0.614317457409269,-0.6190478703430244,-0.6119441084524219,-0.6059877966474452,-0.6749565199451318,-0.6190478703430244,-0.6225810401489057,-0.637738088631818,-0.6214047356981554,-0.8251644807090592,-0.6214047356981554,-0.6237559095918858,-0.6847590579569499,-0.6548924869032813,-0.6249293319660912
8,7,-0.6,-0.9993954588258303,-0.7894116514701691,-0.9208129156026595,-0.8287477256512343,-0.9960526266298741,-0.7302632428282517,-0.9095490980736296,-0.7141997590640583,-0.80714224320402,-0.9963007220810849,-0.9103701079195469,-0.7312481370232629,-0.9811437547147205,-0.7532653018600426,-0.9527838372152293,-0.8079205614162179,-0.7466945328412262,-0.8608301161284555,-0.8897020013124953,-0.8207869952395593,-0.9155447098051809,-0.8877201200361884,-0.9863823298974569,-0.9993954588258303,-0.7910716513729852,-0.9294787693674188,-0.9439721072894924,-0.8371096940522412,-0.9993801254804173,-0.9444998205624411,-0.7902428559501357,-0.8815871020761573,-0.7877420152265643,-0.8047929146006155,-0.9694004853972561,-0.8707219987913991,-0.8584123675950137,-0.9904683309591007,-0.8273214596498752,-0.776654613708977,-0.9621368964895521,-0.9886049528672207,-0.8949948865871402,-0.9898834100360827,-0.9680337994147322,-0.963394372196107,-0.8117762762774813,-0.8751663985387456,-0.9465642376203005,-0.7162387523819018,-0.8821090584938029,-0.9049115349459876,-0.9692514701082499,-0.7513996722240555,-0.9934026714175767,-0.7419310402520509,-0.9099604457549649,-0.8578024806708849,-0.7380785185626425,-0.9523308965908014,-0.9281536286137502,-0.8438243999693303,-0.9970748995227008,-0.852214548831419,-0.9485560678125904,-0.761543758413577,-0.8343594845966664,-0.9795010576076945,-0.7322307585188792,-0.8063615301397679,-0.9250877317258728,-0.7476402418785575,-0.7984224391242196,-0.9842853554270654,-0.726301030213494,-0.9808635530017153,-0.9031730676947693,-0.7757849002650481,-0.7212976917331752,-0.9541182423996393,-0.7400093988306006,-0.9610261301733541,-0.9988465237397114,-0.7633573281656978,-0.7380785185626425,-0.7419310402520509,-0.7968057818590881,-0.8079205614162179,-0.7380785185626425,-0.9644401525125486,-0.8178214184654429,-0.9345564109743767,-0.941813731882638,-0.8000294748988521,-0.99995690423687,-0.7976153134983632,-0.8757126494057829,-0.9928911866437672,-0.9518738314666897,-0.844483323879259
8,8,-0.6,-4.219268316826459e-05,-0.25824214192099837,-0.09217954207401205,-0.21572622847133066,-0.0007563898628337409,-0.4232407816804512,-0.14043435002969212,-0.4589843345027349,-0.27687077740996674,-0.0025292753628930243,-0.06042106434456867,-0.434270152733215,-0.010324744938183576,-0.4086546419203491,-0.060160925993090586,-0.2942204520001533,-0.4002239748280551,-0.1678438149454798,-0.12111781019460313,-0.24411212749480396,-0.14978594561054717,-0.156291067641097,-0.02152757165485417,-0.00043834591144614895,-0.311116483301257,-0.06991100497633453,-0.0488385890036517,-0.20413357643860963,-0.00014115626017213492,-0.05632778268572084,-0.35442334662675273,-0.18152838799186202,-0.3954313266429093,-0.30366545412363855,-0.031221008621984715,-0.17207615478322208,-0.24782255963286856,-0.008975281606167446,-0.3219564071566716,-0.30686691781430464,-0.02318085950264309,-0.0030908494015103663,-0.16645471725946068,-0.01374820823966578,-0.025317432125525917,-0.04355666138266018,-0.2718870477558154,-0.22786784900391446,-0.07707059538950317,-0.4490702557464238,-0.23861975964555412,-0.14913271879825746,-0.031208323212594466,-0.36363457229590634,-0.002556634897975051,-0.4062445481340247,-0.13569413132505592,-0.21828282697508333,-0.41957703251267653,-0.07056332137846696,-0.06579481658440535,-0.29840846751513733,-0.0017734606762958075,-0.21662307665862263,-0.10650342602786253,-0.4244612132082971,-0.23588761401103497,-0.024703991824023927,-0.3823508930232509,-0.34305272812638193,-0.1929841649780057,-0.43919013875904084,-0.2973504580316174,-0.013688322853299269,-0.41350259870293904,-0.011226190011399908,-0.17424162765187662,-0.35786670006838145,-0.42080137699645626,-0.05320873535434949,-0.39661952347278173,-0.04112257700934682,-0.0004061849072825922,-0.388278682966299,-0.38117344285800203,-0.41228907258929093,-0.361319604150267,-0.28394181020872256,-0.397829676983757,-0.02518945989038618,-0.27089866965359743,-0.11488283109974319,-0.058775347420419365,-0.3567173197770173,-1.352667768118912e-06,-0.2620836905943646,-0.27089711243330267,-0.007038456901975124,-0.04250872257230356,-0.26891862632819297
8,9,-0.6,-0.6,-0.6,-0.6,-0.6,-0.6,-0.6,-0.6,-0.6,-0.6,-0.6,-0.6,-0.6,-0.6,-0.6,-0.6,-0.6,-0.6,-0.6,-0.6,-0.6,-0.6,-0.6,-0.6,-0.6,-0.6,-0.6,-0.6,-0.6,-0.6,-0.6,-0.6,-0.6,-0.6,-0.6,-0.6,-0.6,-0.6,-0.6,-0.6,-0.6,-0.6,-0.6,-0.6,-0.6,-0.6,-0.6,-0.6,-0.6,-0.6,-0.6,-0.6,-0.6,-0.6,-0.6,-0.6,-0.6,-0.6,-0.6,-0.6,-0.6,-0.6,-0.6,-0.6,-0.6,-0.6,-0.6,-0.6,-0.6,-0.6,-0.6,-0.6,-0.6,-0.6,-0.6,-0.6,-0.6,-0.6,-0.6,-0.6,-0.6,-0.6,-0.6,-0.6,-0.6,-0.6,-0.6,-0.6,-0.6,-0.6,-0.6,-0.6,-0.6,-0.6,-0.6,-0.6,-0.6,-0.6,-0.6,-0.6,-0.6
9,2,-0.6,-0.6,-0.6,-0.6,-0.6,-0.6,-0.6,-0.6,-0.6,-0.6,-0.6,-0.6,-0.6,-0.6,-0.6,-0.6,-0.6,-0.6,-0.6,-0.6,-0.6,-0.6,-0.6,-0.6,-0.6,-0.6,-0.6,-0.6,-0.6,-0.6,-0.6,-0.6,-0.6,-0.6,-0.6,-0.6,-0.6,-0.6,-0.6,-0.6,-0.6,-0.6,-0.6,-0.6,-0.6,-0.6,-0.6,-0.6,-0.6,-0.6,-0.6,-0.6,-0.6,-0.6,-0.6,-0.6,-0.6,-0.6,-0.6,-0.6,-0.6,-0.6,-0.6,-0.6,-0.6,-0.6,-0.6,-0.6,-0.6,-0.6,-0.6,-0.6,-0.6,-0.6,-0.6,-0.6,-0.6,-0.6,-0.6,-0.6,-0.6,-0.6,-0.6,-0.6,-0.6,-0.6,-0.6,-0.6,-0.6,-0.6,-0.6,-0.6,-0.6,-0.6,-0.6,-0.6,-0.6,-0.6,-0.6,-0.6,-0.6
9,3,-0.6,-0.0009885566879740911,-0.4379537150177242,-0.20497240301682196,-0.3918477740777872,-0.008384547426039229,-0.5350810360430884,-0.2931983523632216,-0.543774677796439,-0.4552569213300745,-0.022411365840229503,-0.20743123104095926,-0.5325929142154833,-0.05148948517165139,-0.5672209750170528,-0.1823175567330401,-0.4627078259479202,-0.5276118340826735,-0.34418775850449906,-0.28599052223548665,-0.4014249935260978,-0.35327897773079764,-0.3408072249282975,-0.09560107725872,-0.007441295565484354,-0.46022220429525085,-0.1985214234230417,-0.16646320849458546,-0.3453181260939236,-0.0043224870348427015,-0.17209706672440994,-0.49014293662690983,-0.3729460523490611,-0.5101402338094979,-0.47142106035546283,-0.08889113323149665,-0.3100637413512592,-0.40383134454016817,-0.06458650933957215,-0.5063914350935442,-0.4739139225626637,-0.08073007813489055,-0.0199219718619023,-0.33298222892783635,-0.11088251214910337,-0.12061965929232205,-0.11851030951155453,-0.40262758659163295,-0.3954299664666466,-0.22700219506541663,-0.5524413536271052,-0.44906274584378264,-0.28395071304958175,-0.11746764734295405,-0.5425342589085199,-0.018688791651032863,-0.5238722767374867,-0.3100637413512592,-0.40383134454016817,-0.5536769475536119,-0.22964866013370777,-0.20825565723327732,-0.4938921089765849,-0.013297355623014378,-0.39065625859764685,-0.26307104394943737,-0.5561461090579244,-0.43918522283211425,-0.09867664532178319,-0.4951419909753265,-0.5026418472574609,-0.3706089718659742,-0.5487306980303994,-0.42813011623060143,-0.05934655028883053,-0.5126387865016221,-0.05796319394811756,-0.31113539215076896,-0.5026418472574609,-0.5450145462495687,-0.1530244617740308,-0.5375673821778288,-0.1699668846406917,-0.009214580845976967,-0.5375673821778288,-0.5238722767374867,-0.5375673821778288,-0.4976418980811091,-0.47017514413441885,-0.5076411431582004,-0.09867664532178319,-0.44041747244416457,-0.2669712697504654,-0.153674755900528,-0.5462538491567596,-0.00011754151496299255,-0.44041747244416457,-0.4589801156604065,-0.03900883701213943,-0.1417010310157999,-0.486394802564562
9,4,-0.6,-0.00872866075180523,-0.6516191866144567,-0.30479711064682724,-0.5844569645388579,-0.04853209050493523,-0.6108605067888807,-0.3765487660031879,-0.6012796152776859,-0.5941551710763476,-0.06917067132492885,-0.5402920108754198,-0.5976932735302902,-0.17278706234578256,-0.6549873903458738,-0.3101732798530377,-0.5856784766838802,-0.628533036471407,-0.5177942276144601,-0.4790921421870513,-0.546385812089623,-0.46661065336688734,-0.4852946335356416,-0.14654100804414816,-0.016223054081437625,-0.5575156077457577,-0.33752233928898256,-0.35907585467711406,-0.5090389319850713,-0.04408250490575673,-0.3319675009442661,-0.5550240400834208,-0.5402424336859312,-0.532672467812195,-0.5538144771658441,-0.1271240853788533,-0.4368019665972891,-0.44919841496692964,-0.11677480729901923,-0.5747519285548236,-0.6108839570894673,-0.2479245904118215,-0.09954698038578003,-0.4038754093505862,-0.2243795204248321,-0.3660710014337468,-0.20666933287494507,-0.47149386315629843,-0.4628337605045753,-0.33748489617193883,-0.6273443953134953,-0.4877996815880678,-0.3510980354131094,-0.24416522926736942,-0.6826647252619643,-0.0867834852600183,-0.6036936190318637,-0.3695243877308837,-0.5661649161794321,-0.6435862137943187,-0.35787613346242625,-0.43072889831506445,-0.5759730868534949,-0.03419776236355849,-0.5426748532717656,-0.33085658317511785,-0.6096904176290977,-0.5686053417860544,-0.1497499825036359,-0.6144025520537744,-0.5832012556041962,-0.3465317138466048,-0.5904579031098421,-0.5214742905303127,-0.11481631852251158,-0.601286344079109,-0.1906806616471686,-0.36604361862729373,-0.5880544499877054,-0.6320228805093754,-0.27292011164856256,-0.6378376080171371,-0.331965897487976,-0.05892620017892768,-0.6261840367464996,-0.6331794903438607,-0.6226798845347796,-0.5252283280235615,-0.6274599928956021,-0.6024935602783574,-0.24596108958453333,-0.5941168541509572,-0.36147085599082235,-0.28809156269509123,-0.6274230500400096,-0.003211706031962741,-0.5953866916835602,-0.5053132898021782,-0.07121569177219512,-0.2952636153338192,-0.6156693267320777
9,5,0.6,0.6,0.6,0.6,0.6,0.6,0.6,0.6,0.6,0.6,0.6,0.6,0.6,0.6,0.6,0.6,0.6,0.6,0.6,0.6,0.6,0.6,0.6,0.6,0.6,0.6,0.6,0.6,0.6,0.6,0.6,0.6,0.6,0.6,0.6,0.6,0.6,0.6,0.6,0.6,0.6,0.6,0.6,0.6,0.6,0.6,0.6,0.6,0.6,0.6,0.6,0.6,0.6,0.6,0.6,0.6,0.6,0.6,0.6,0.6,0.6,0.6,0.6,0.6,0.6,0.6,0.6,0.6,0.6,0.6,0.6,0.6,0.6,0.6,0.6,0.6,0.6,0.6,0.6,0.6,0.6,0.6,0.6,0.6,0.6,0.6,0.6,0.6,0.6,0.6,0.6,0.6,0.6,0.6,0.6,0.6,0.6,0.6,0.6,0.6,0.6
9,7,-0.6,-0.9999998922827944,-0.8385542582009331,-0.9870886153703896,-0.8974295883102901,-0.9999887419271659,-0.7457917462094558,-0.9717722467126753,-0.7253502554992116,-0.8578918109447833,-0.9999450027937827,-0.9782170298996085,-0.7476816602660027,-0.9993630743085011,-0.7203199924260283,-0.9916151723449527,-0.8516727329087922,-0.7495778368356649,-0.9399648260235941,-0.9640025445875229,-0.8969550635306631,-0.956549205877219,-0.951036687837736,-0.9988942297709302,-0.9999978933109315,-0.8560481824662676,-0.9888671743553543,-0.991618241977686,-0.9272507316300761,-0.9999981061613096,-0.9913640263697684,-0.8316461007389592,-0.9285867236676811,-0.8193714111707219,-0.8621041756610682,-0.9986282743491695,-0.9546571177874635,-0.926555523131156,-0.9996493313650078,-0.8405732411603548,-0.8295444692856322,-0.9977141058118617,-0.9999000358321036,-0.9616589632676555,-0.9988200550401505,-0.9956176779573706,-0.9965345802098659,-0.910474929755342,-0.9302359399123312,-0.9876511847878199,-0.7111489647099719,-0.9190439983631049,-0.9728460177863116,-0.996957764471389,-0.7332537831939464,-0.9999289635675515,-0.7643203759969793,-0.9736292594205137,-0.9028641583553282,-0.7213354936236818,-0.9877093237452068,-0.9845686722354247,-0.8541654670979361,-0.9999816859399862,-0.9117075509295545,-0.9829698024958153,-0.7457887492745277,-0.8927228004431231,-0.9986951124298684,-0.7741054465011779,-0.8223267239618344,-0.9639881743689915,-0.749561001216441,-0.8801260017775905,-0.9994737843399941,-0.7606848582170169,-0.9992178650662712,-0.9653629881146353,-0.8095403000184551,-0.7302997800764666,-0.9938429085338922,-0.7448359916781527,-0.993782433819541,-0.9999925849073894,-0.7606784975461381,-0.7606892569051158,-0.7448404713050077,-0.8439031477660682,-0.835134255986431,-0.7714704143452803,-0.9975344973478998,-0.8615056196431303,-0.9788503129294751,-0.9926344499853645,-0.7835692752041006,-0.9999999987392406,-0.8662418885914894,-0.8992529547785169,-0.9998413762368002,-0.9945661678464143,-0.8516610768829163
9,8,-0.6,-0.41350172504973304,-0.5927823735495674,-0.5745674379705191,-0.5745674379705191,-0.46022220429525085,-0.5927823735495674,-0.5770090663399023,-0.5927823735495674,-0.5843107861983151,-0.4739139225626637,-0.5450145462495687,-0.5927823735495674,-0.5076411431582004,-0.5939882046365135,-0.5338371894385378,-0.5770090663399023,-0.5891581779649416,-0.5757887183213951,-0.5745674379705191,-0.5770090663399023,-0.5818808527400827,-0.5782284678739728,-0.5263656461495806,-0.42813011623060143,-0.5647653440697584,-0.5635363168187207,-0.543774677796439,-0.5855242142422064,-0.42568265633767943,-0.5586124698304124,-0.5915754163937749,-0.5733452394845465,-0.5843107861983151,-0.5855242142422064,-0.5425342589085199,-0.5635363168187207,-0.5696732778535313,-0.44906274584378264,-0.5818808527400827,-0.5855242142422064,-0.5499682139183885,-0.5176337794019615,-0.5721221371053218,-0.5263656461495806,-0.5623065011364952,-0.5647653440697584,-0.570898145118625,-0.5782284678739728,-0.5536769475536119,-0.5939882046365135,-0.5757887183213951,-0.5684475496817656,-0.5549118709857361,-0.5855242142422064,-0.49139256618732563,-0.5903673466782133,-0.5623065011364952,-0.5818808527400827,-0.5927823735495674,-0.5450145462495687,-0.5598445629718259,-0.5794469088173696,-0.47516083764273065,-0.5721221371053218,-0.5721221371053218,-0.5879479238684318,-0.5561461090579244,-0.5238722767374867,-0.5939882046365135,-0.5806643751103099,-0.5721221371053218,-0.5939882046365135,-0.570898145118625,-0.4988918919415917,-0.5891581779649416,-0.5188819967529547,-0.5733452394845465,-0.5782284678739728,-0.5927823735495674,-0.547492571435052,-0.5915754163937749,-0.5647653440697584,-0.44906274584378264,-0.5891581779649416,-0.5855242142422064,-0.5855242142422064,-0.5806643751103099,-0.5879479238684318,-0.5939882046365135,-0.520129970674358,-0.5806643751103099,-0.5770090663399023,-0.5610759116369145,-0.5782284678739728,-0.32305525651845257,-0.5782284678739728,-0.5757887183213951,-0.5088907479312065,-0.5425342589085199,-0.5745674379705191
10,0,0.6,0.6,0.6,0.6,0.6,0.6,0.6,0.6,0.6,0.6,0.6,0.6,0.6,0.6,0.6,0.6,0.6,0.6,0.6,0.6,0.6,0.6,0.6,0.6,0.6,0.6,0.6,0.6,0.6,0.6,0.6,0.6,0.6,0.6,0.6,0.6,0.6,0.6,0.6,0.6,0.6,0.6,0.6,0.6,0.6,0.6,0.6,0.6,0.6,0.6,0.6,0.6,0.6,0.6,0.6,0.6,0.6,0.6,0.6,0.6,0.6,0.6,0.6,0.6,0.6,0.6,0.6,0.6,0.6,0.6,0.6,0.6,0.6,0.6,0.6,0.6,0.6,0.6,0.6,0.6,0.6,0.6,0.6,0.6,0.6,0.6,0.6,0.6,0.6,0.6,0.6,0.6,0.6,0.6,0.6,0.6,0.6,0.6,0.6,0.6,0.6
10,1,-0.6,-0.6,-0.6,-0.6,-0.6,-0.6,-0.6,-0.6,-0.6,-0.6,-0.6,-0.6,-0.6,-0.6,-0.6,-0.6,-0.6,-0.6,-0.6,-0.6,-0.6,-0.6,-0.6,-0.6,-0.6,-0.6,-0.6,-0.6,-0.6,-0.6,-0.6,-0.6,-0.6,-0.6,-0.6,-0.6,-0.6,-0.6,-0.6,-0.6,-0.6,-0.6,-0.6,-0.6,-0.6,-0.6,-0.6,-0.6,-0.6,-0.6,-0.6,-0.6,-0.6,-0.6,-0.6,-0.6,-0.6,-0.6,-0.6,-0.6,-0.6,-0.6,-0.6,-0.6,-0.6,-0.6,-0.6,-0.6,-0.6,-0.6,-0.6,-0.6,-0.6,-0.6,-0.6,-0.6,-0.6,-0.6,-0.6,-0.6,-0.6,-0.6,-0.6,-0.6,-0.6,-0.6,-0.6,-0.6,-0.6,-0.6,-0.6,-0.6,-0.6,-0.6,-0.6,-0.6,-0.6,-0.6,-0.6,-0.6,-0.6
10,2,0.6,0.8947668643243633,0.7608127785720561,0.7747127876066832,0.7599890645908418,0.8389200424508231,0.7122444664888098,0.7157552804617124,0.684840753984469,0.7265386527373634,0.7869744373522068,0.7965019599909584,0.7213931775244422,0.7979640755063132,0.7018739174493934,0.780055056146383,0.7353851087127316,0.711203185189788,0.7489504991957229,0.7592611540896544,0.7334599668031775,0.7187404499200292,0.7629484812301581,0.7432046227834754,0.811832037517851,0.7154445168360126,0.782571796695561,0.7685700498772273,0.7195913109512315,0.8721202559403441,0.802423461299891,0.7205077518865353,0.7761352633327547,0.6729230694680508,0.7344367515121889,0.7969912085859284,0.7257259704489976,0.7365499220748195,0.7657059621192895,0.7215543801784432,0.6913455763061849,0.8134138350396551,0.8155701810315873,0.7797413337723408,0.7881282986916072,0.7596370299189135,0.7578761751028462,0.7041928935816951,0.7619804017295875,0.7558257628400914,0.7049924300273838,0.7432981624763038,0.7386126731386161,0.8149375589464188,0.6966092273329176,0.8310615741096444,0.7008603184515068,0.7219240933697061,0.7265606291011886,0.6987192327560132,0.7817152413355395,0.8053891379971647,0.7185297563631027,0.8211299202274078,0.7114232913129335,0.7397216948733676,0.7244329814637632,0.7062427202475352,0.796311154189128,0.6944979464538101,0.7071772771793566,0.7308737813880288,0.6934458716228084,0.6999075857848285,0.8060297921541153,0.705016748925203,0.8333443485609129,0.7356992402895355,0.6740081442987638,0.6997733212546522,0.7721842128288076,0.6997805140560207,0.8079672239300962,0.8784791639071254,0.6848736580636219,0.6913112300999068,0.6997801105750047,0.7164624196680291,0.7580911705993836,0.6923775584839365,0.8034229441489098,0.7571870278246423,0.7594342637094319,0.7951595603293644,0.7234801097480841,0.9012223525762666,0.7205123423505042,0.7286170671691155,0.8055968646085864,0.8323982607561949,0.7255319961268902
10,4,-0.6,-0.6,-0.6,-0.6,-0.6,-0.6,-0.6,-0.6,-0.6,-0.6,-0.6,-0.6,-0.6,-0.6,-0.6,-0.6,-0.6,-0.6,-0.6,-0.6,-0.6,-0.6,-0.6,-0.6,-0.6,-0.6,-0.6,-0.6,-0.6,-0.6,-0.6,-0.6,-0.6,-0.6,-0.6,-0.6,-0.6,-0.6,-0.6,-0.6,-0.6,-0.6,-0.6,-0.6,-0.6,-0.6,-0.6,-0.6,-0.6,-0.6,-0.6,-0.6,-0.6,-0.6,-0.6,-0.6,-0.6,-0.6,-0.6,-0.6,-0.6,-0.6,-0.6,-0.6,-0.6,-0.6,-0.6,-0.6,-0.6,-0.6,-0.6,-0.6,-0.6,-0.6,-0.6,-0.6,-0.6,-0.6,-0.6,-0.6,-0.6,-0.6,-0.6,-0.6,-0.6,-0.6,-0.6,-0.6,-0.6,-0.6,-0.6,-0.6,-0.6,-0.6,-0.6,-0.6,-0.6,-0.6,-0.6,-0.6,-0.6
10,6,0.6,0.00037783295148642734,0.4552569213300745,0.14727281638127393,0.37528905537481705,0.004566388717571343,0.5001418918409253,0.1922241842117516,0.5176337794019615,0.4014249935260978,0.008178725195299599,0.2243773102693604,0.5001418918409253,0.03863482977351876,0.5001418918409253,0.11438724142541451,0.4062423014446806,0.5026418472574609,0.292162186970548,0.24044953508344014,0.36711466167056683,0.22005053717458556,0.25253567720128234,0.03457400288992528,0.0009689524535984996,0.40022357868560443,0.13396450344573296,0.12603498370459382,0.3352088252725868,0.0015053481280719258,0.1249355431707966,0.41593001889005154,0.3047360839754738,0.41714569471052654,0.3776378856766882,0.04592262493496555,0.2640426646288601,0.28395071304958175,0.017104128420988116,0.38471837181880425,0.43549298364172334,0.08185265947233328,0.016605832630477897,0.21325280294696314,0.031379999299667866,0.09867664532178319,0.08110270340943614,0.33076303922734585,0.27989749031646105,0.1265878003503579,0.5263656461495806,0.26795203846821014,0.19300294826287517,0.07258029943422453,0.5088907479312065,0.012655517872689172,0.486394802564562,0.1699668846406917,0.3498569419917173,0.5126387865016221,0.12438890990467952,0.168558433723858,0.37177676587712954,0.004658436634565393,0.3385624428273506,0.1417010310157999,0.47890333302618054,0.34193229793611873,0.03919714063614993,0.5013918821542456,0.4195800343439641,0.177149545188104,0.48139963331605945,0.381171846281764,0.027787271077246198,0.5026418472574609,0.04172574693479199,0.212413922722052,0.44041747244416457,0.5101402338094979,0.10462257435252587,0.4988918919415917,0.09430939691420383,0.002743630518219747,0.4776555583729676,0.49139256618732563,0.4988918919415917,0.38708953765041676,0.429355162765462,0.4926422955082487,0.0715749257087325,0.40865775641753904,0.16785770128313593,0.12222284667721009,0.4367229637251247,3.748768640775596e-05,0.39902335535685596,0.3089941202630066,0.01323175294323213,0.10138262229419255,0.3835348210877848
10,8,-0.6,-0.9722379292044592,-0.7705162293780822,-0.7918980378418202,-0.7783868327387309,-0.9434396782527245,-0.7017839039350093,-0.7918980378418202,-0.6782415889527001,-0.7660598218090704,-0.9311034377167937,-0.8590200704687884,-0.6901355818369643,-0.8862133721982621,-0.7400093988306006,-0.8391481509385688,-0.7560460759319328,-0.7152203513801428,-0.7959938436364415,-0.8133018469932407,-0.7569682779669321,-0.8229863469250835,-0.80714224320402,-0.8778771918608762,-0.9623190439340672,-0.7390451116576376,-0.8315722226928234,-0.8534717779830581,-0.7551215108584464,-0.9786803082832037,-0.8391481509385688,-0.7243064083959095,-0.8008293864698117,-0.7049167952191541,-0.7541945852944113,-0.8193089435469116,-0.764260542754205,-0.7551215108584464,-0.9193391340694718,-0.764260542754205,-0.7532653018600426,-0.8470963774108907,-0.9074668940166363,-0.7894116514701691,-0.9304577698184806,-0.8877201200361884,-0.8155723335160969,-0.7302632428282517,-0.768740838526947,-0.8404956450923454,-0.6944002887168611,-0.7959938436364415,-0.7722820435192068,-0.8608301161284555,-0.7569682779669321,-0.9174617536400274,-0.7069947496530721,-0.8110099121046179,-0.7843738362144778,-0.7202903308825769,-0.8547201428314076,-0.8483893684943334,-0.7749127854631035,-0.918966799966844,-0.776654613708977,-0.8178214184654429,-0.7182689578113596,-0.7918980378418202,-0.8661436736409865,-0.7038746195215794,-0.7438434132678972,-0.786903583557856,-0.6996847473853881,-0.726301030213494,-0.8718455626838649,-0.691204824139562,-0.8901926630633605,-0.7624517327257515,-0.7312481370232629,-0.7121520235961858,-0.8280357629601386,-0.726301030213494,-0.8773391159028279,-0.9715534848349947,-0.733211102892868,-0.7282866544164699,-0.713176981190606,-0.7243064083959095,-0.7705162293780822,-0.7007353773936963,-0.8638035674016105,-0.7606334072785251,-0.8079205614162179,-0.8133018469932407,-0.7651613745819212,-0.9923403542138683,-0.768740838526947,-0.7740382703311339,-0.8954647817849902,-0.8477439979348319,-0.7943627454471124
10,9,-0.6,-0.5337479985816036,-0.7802261416783225,-0.7148398766253968,-0.7741766786866654,-0.6017312752385587,-0.7400489962183091,-0.7196830577332571,-0.7028669175370563,-0.7506140601182756,-0.589505211581416,-0.8098388377059625,-0.7283249385719449,-0.6882244386006879,-0.7532907647790159,-0.7329634671023196,-0.7625821351398336,-0.726334865861966,-0.763661095563069,-0.756446759153852,-0.741141477648977,-0.7591498223333424,-0.7987418616416885,-0.6671822348053063,-0.49428412931116145,-0.749662758360714,-0.7435098776295013,-0.7729109835026967,-0.7093217017855161,-0.6642594206205725,-0.7738851779588515,-0.7244342510745161,-0.7953728625052474,-0.7332793171812368,-0.7634987733014893,-0.5889054639043725,-0.7296267304842041,-0.7563277379599308,-0.5951710044093953,-0.7785088981621116,-0.7273825449142647,-0.7262787388596639,-0.6338295998305792,-0.7345988961510522,-0.76363809479329,-0.7876477335743658,-0.6737132545497267,-0.6850059441221584,-0.7854846115691819,-0.7538716781950096,-0.728303350722175,-0.78378874216221,-0.7177117754741346,-0.731173910335896,-0.7514246263548031,-0.6370794063701299,-0.7018418010519303,-0.7307404513766999,-0.7733182932847491,-0.7390738670364475,-0.755719785644579,-0.7789349228910096,-0.7793665548513118,-0.4941794208658236,-0.7334624691764985,-0.7278742404208922,-0.7561042751089847,-0.7689085608624163,-0.6977661015645158,-0.7203350246575319,-0.7410611240544448,-0.7346811142928544,-0.7183142074476891,-0.7224708260294911,-0.6179469914128778,-0.7283338627465182,-0.6805901192097589,-0.6979832859999631,-0.7173172133700919,-0.7213362791089974,-0.7501762139176381,-0.7332572969373417,-0.8356824957738016,-0.7479413415389593,-0.7152621917098605,-0.7312914145794652,-0.7121998501319203,-0.7333520447602926,-0.7944705628211575,-0.7060282989475704,-0.742815946369843,-0.7616496922546339,-0.7238411724737043,-0.7631527315133463,-0.7588988778410544,-0.5085870181790002,-0.7562161888476592,-0.7553411902619706,-0.6578108206672328,-0.7825047775496504,-0.7758886781644736
10,10,0.6,0.00010335387553247829,0.43918848501522556,0.11692505309718385,0.3363195210691073,0.0014277542647400945,0.4888945702431685,0.12706645634265265,0.5076427431368157,0.3694416106088033,0.003010676915241213,0.15824325849305615,0.4789084508754532,0.02272842553927045,0.4751684004648748,0.06607525108430001,0.3694414595919949,0.4627165909097382,0.24133864816821676,0.18759525993379345,0.28393329582435217,0.16026260862399067,0.21322879719772686,0.022280638765525745,0.0002447484556807706,0.33075988060016726,0.08966136809980325,0.07813047860957287,0.2738618995929475,0.00044903467432250946,0.08846506822993264,0.4014284751020457,0.2422485640306888,0.38471416883672055,0.3154263639128811,0.026966459096259898,0.17784017557484444,0.23679454497453462,0.004787874184581349,0.3274374789249155,0.3521372205830934,0.05605290005667138,0.009253267552485676,0.16715226160887833,0.012697406977987827,0.07055676320426744,0.04458803201167673,0.2413448942123198,0.2358770891752724,0.0702085964475257,0.5113923204671448,0.2149052511971438,0.1276464765755824,0.043945265980833724,0.4814020682221438,0.008254621564392719,0.4318097858273183,0.10456246502434632,0.26987937739562085,0.5001432333458355,0.07739932855702555,0.11035444224021641,0.34757852529378674,0.0018079582700433097,0.2798939509240362,0.09644252239479437,0.4441200245866653,0.2506204929762905,0.017943956359659622,0.4863969847864587,0.37294817538535835,0.13926451118608285,0.44907016335065375,0.2778566027911076,0.015403645929201671,0.4801573362236737,0.022831916525645563,0.16231236743639094,0.3882740987600367,0.49639430664584905,0.07885689630866775,0.4938934923794599,0.07425339313711637,0.0006836623960437425,0.4195802850234217,0.4503064967573591,0.47142547833770804,0.329650228910444,0.3990279878233025,0.4652006267891753,0.0401096651414053,0.35670620977620326,0.12434503162744093,0.09384925311259018,0.3729413987765762,4.848627762690535e-06,0.36016956453170773,0.25061274839520825,0.005907355766637215,0.0670113936327999,0.30684830142094854
