tick,energy,eats,distance,conn_1_6_weight,conn_2_7_weight,conn_3_8_weight,conn_4_9_weight,food_north_sensed,food_east_sensed,food_south_sensed,food_west_sensed
0,30,0,0,1.000000,1.000000,1.000000,1.000000,0,0,0,0
1,29,0,0,1.000000,1.000000,1.000000,1.000000,1,0,0,0
2,27,0,1,1.000000,1.000000,1.000000,1.000000,0,0,0,1
3,29,1,1,1.000000,1.000000,1.000000,1.000000,0,0,0,1
4,27,1,2,1.000000,1.000000,1.000000,1.000000,0,0,0,0
5,29,2,2,1.000000,1.000000,1.000000,1.000000,0,0,0,0
6,27,2,3,1.000000,1.000000,1.000000,1.000000,0,0,0,0
7,25,2,4,1.000000,1.000000,1.000000,1.000000,0,0,0,0
8,23,2,5,1.000000,1.000000,1.000000,1.000000,1,0,0,0
9,21,2,6,1.000000,1.000000,1.000000,1.000000,1,1,0,0
10,29,3,6,1.000000,1.000000,1.000000,1.000000,1,1,0,0
11,27,3,7,1.000000,1.000000,1.000000,1.000000,0,0,0,0
12,29,4,7,1.000000,1.000000,1.000000,1.000000,0,0,0,0
13,27,4,8,1.000000,1.000000,1.000000,1.000000,0,0,0,0
14,25,4,9,1.000000,1.000000,1.000000,1.000000,0,0,0,0
15,23,4,10,1.000000,1.000000,1.000000,1.000000,0,0,0,1
16,21,4,11,1.000000,1.000000,1.000000,1.000000,0,0,0,0
17,29,5,11,1.000000,1.000000,1.000000,1.000000,0,0,0,0
18,27,5,12,1.000000,1.000000,1.000000,1.000000,0,0,0,0
19,25,5,13,1.000000,1.000000,1.000000,1.000000,0,0,1,0
20,23,5,14,1.000000,1.000000,1.000000,1.000000,0,1,0,0
21,29,6,14,1.000000,1.000000,1.000000,1.000000,0,1,0,0
22,27,6,15,1.000000,1.000000,1.000000,1.000000,0,0,0,0
23,29,7,15,1.000000,1.000000,1.000000,1.000000,0,0,0,0
24,27,7,16,1.000000,1.000000,1.000000,1.000000,0,0,0,0
25,25,7,17,1.000000,1.000000,1.000000,1.000000,0,0,0,0
26,23,7,18,1.000000,1.000000,1.000000,1.000000,0,0,0,0
27,21,7,19,1.000000,1.000000,1.000000,1.000000,0,0,0,0
28,19,7,20,1.000000,1.000000,1.000000,1.000000,0,0,1,0
29,17,7,21,1.000000,1.000000,1.000000,1.000000,0,0,0,0
30,29,8,21,1.000000,1.000000,1.000000,1.000000,0,0,0,0
31,27,8,22,1.000000,1.000000,1.000000,1.000000,0,0,0,0
32,25,8,23,1.000000,1.000000,1.000000,1.000000,1,0,0,1
33,23,8,24,1.000000,1.000000,1.000000,1.000000,0,0,0,0
34,29,9,24,1.000000,1.000000,1.000000,1.000000,0,0,0,0
35,27,9,25,1.000000,1.000000,1.000000,1.000000,0,0,1,0
36,25,9,26,1.000000,1.000000,1.000000,1.000000,0,0,0,0
37,29,10,26,1.000000,1.000000,1.000000,1.000000,0,0,0,0
38,27,10,27,1.000000,1.000000,1.000000,1.000000,0,0,0,1
39,25,10,28,1.000000,1.000000,1.000000,1.000000,0,0,0,0
40,29,11,28,1.000000,1.000000,1.000000,1.000000,0,0,0,0
41,27,11,29,1.000000,1.000000,1.000000,1.000000,1,0,0,0
42,25,11,30,1.000000,1.000000,1.000000,1.000000,1,0,0,0
43,29,12,30,1.000000,1.000000,1.000000,1.000000,1,0,0,0
44,27,12,31,1.000000,1.000000,1.000000,1.000000,0,1,0,1
45,25,12,32,1.000000,1.000000,1.000000,1.000000,1,0,0,1
46,29,13,32,1.000000,1.000000,1.000000,1.000000,1,0,0,1
47,27,13,33,1.000000,1.000000,1.000000,1.000000,0,0,0,1
48,29,14,33,1.000000,1.000000,1.000000,1.000000,0,0,0,1
49,27,14,34,1.000000,1.000000,1.000000,1.000000,0,0,0,0
50,29,15,34,1.000000,1.000000,1.000000,1.000000,0,0,0,0
51,27,15,35,1.000000,1.000000,1.000000,1.000000,0,0,0,0
52,25,15,36,1.000000,1.000000,1.000000,1.000000,1,0,0,0
53,23,15,37,1.000000,1.000000,1.000000,1.000000,0,0,0,0
54,29,16,37,1.000000,1.000000,1.000000,1.000000,0,0,0,0
55,27,16,38,1.000000,1.000000,1.000000,1.000000,0,0,0,0
56,25,16,39,1.000000,1.000000,1.000000,1.000000,0,0,0,1
57,23,16,40,1.000000,1.000000,1.000000,1.000000,1,0,0,1
58,29,17,40,1.000000,1.000000,1.000000,1.000000,1,0,0,1
59,27,17,41,1.000000,1.000000,1.000000,1.000000,0,0,0,0
60,29,18,41,1.000000,1.000000,1.000000,1.000000,0,0,0,0
61,27,18,42,1.000000,1.000000,1.000000,1.000000,1,0,0,0
62,25,18,43,1.000000,1.000000,1.000000,1.000000,0,0,0,0
63,29,19,43,1.000000,1.000000,1.000000,1.000000,0,0,0,0
64,27,19,44,1.000000,1.000000,1.000000,1.000000,0,0,0,0
65,25,19,45,1.000000,1.000000,1.000000,1.000000,0,0,0,1
66,23,19,46,1.000000,1.000000,1.000000,1.000000,1,0,0,1
67,29,20,46,1.000000,1.000000,1.000000,1.000000,1,0,0,1
68,27,20,47,1.000000,1.000000,1.000000,1.000000,0,0,0,0
69,29,21,47,1.000000,1.000000,1.000000,1.000000,0,0,0,0
70,27,21,48,1.000000,1.000000,1.000000,1.000000,0,0,0,1
71,25,21,49,1.000000,1.000000,1.000000,1.000000,0,0,0,0
72,23,21,50,1.000000,1.000000,1.000000,1.000000,0,0,0,0
73,21,21,51,1.000000,1.000000,1.000000,1.000000,0,0,1,0
74,19,21,52,1.000000,1.000000,1.000000,1.000000,0,1,0,0
75,17,21,53,1.000000,1.000000,1.000000,1.000000,0,1,0,1
76,29,22,53,1.000000,1.000000,1.000000,1.000000,0,1,0,1
77,27,22,54,1.000000,1.000000,1.000000,1.000000,0,0,0,0
78,29,23,54,1.000000,1.000000,1.000000,1.000000,0,0,0,0
79,27,23,55,1.000000,1.000000,1.000000,1.000000,0,1,0,0
80,25,23,56,1.000000,1.000000,1.000000,1.000000,0,0,0,0
81,23,23,57,1.000000,1.000000,1.000000,1.000000,0,0,0,0
82,21,23,58,1.000000,1.000000,1.000000,1.000000,0,0,0,0
83,19,23,59,1.000000,1.000000,1.000000,1.000000,0,1,0,0
84,17,23,60,1.000000,1.000000,1.000000,1.000000,1,0,0,0
85,29,24,60,1.000000,1.000000,1.000000,1.000000,1,0,0,0
86,27,24,61,1.000000,1.000000,1.000000,1.000000,0,0,0,0
87,29,25,61,1.000000,1.000000,1.000000,1.000000,0,0,0,0
88,27,25,62,1.000000,1.000000,1.000000,1.000000,1,0,0,0
89,25,25,63,1.000000,1.000000,1.000000,1.000000,0,0,0,0
90,29,26,63,1.000000,1.000000,1.000000,1.000000,0,0,0,0
91,27,26,64,1.000000,1.000000,1.000000,1.000000,1,0,0,0
92,25,26,65,1.000000,1.000000,1.000000,1.000000,0,1,0,0
93,29,27,65,1.000000,1.000000,1.000000,1.000000,0,1,0,0
94,27,27,66,1.000000,1.000000,1.000000,1.000000,0,0,0,0
95,25,27,67,1.000000,1.000000,1.000000,1.000000,0,1,0,0
96,23,27,68,1.000000,1.000000,1.000000,1.000000,0,0,0,0
97,29,28,68,1.000000,1.000000,1.000000,1.000000,0,0,0,0
98,27,28,69,1.000000,1.000000,1.000000,1.000000,0,0,0,0
99,25,28,70,1.000000,1.000000,1.000000,1.000000,0,0,0,0
100,23,28,71,1.000000,1.000000,1.000000,1.000000,0,0,0,0
101,21,28,72,1.000000,1.000000,1.000000,1.000000,0,0,0,0
102,19,28,73,1.000000,1.000000,1.000000,1.000000,1,0,0,0
103,17,28,74,1.000000,1.000000,1.000000,1.000000,0,0,0,0
104,29,29,74,1.000000,1.000000,1.000000,1.000000,0,0,0,0
105,27,29,75,1.000000,1.000000,1.000000,1.000000,1,1,0,0
106,25,29,76,1.000000,1.000000,1.000000,1.000000,0,0,0,0
107,29,30,76,1.000000,1.000000,1.000000,1.000000,0,0,0,0
108,27,30,77,1.000000,1.000000,1.000000,1.000000,1,0,0,0
109,25,30,78,1.000000,1.000000,1.000000,1.000000,0,0,0,0
110,29,31,78,1.000000,1.000000,1.000000,1.000000,0,0,0,0
111,27,31,79,1.000000,1.000000,1.000000,1.000000,0,0,0,0
112,25,31,80,1.000000,1.000000,1.000000,1.000000,0,0,0,0
113,23,31,81,1.000000,1.000000,1.000000,1.000000,0,0,0,0
114,21,31,82,1.000000,1.000000,1.000000,1.000000,0,1,0,0
115,19,31,83,1.000000,1.000000,1.000000,1.000000,0,1,0,0
116,29,32,83,1.000000,1.000000,1.000000,1.000000,0,1,0,0
117,27,32,84,1.000000,1.000000,1.000000,1.000000,0,0,0,0
118,29,33,84,1.000000,1.000000,1.000000,1.000000,0,0,0,0
119,27,33,85,1.000000,1.000000,1.000000,1.000000,0,1,0,0
120,25,33,86,1.000000,1.000000,1.000000,1.000000,0,0,0,0
121,29,34,86,1.000000,1.000000,1.000000,1.000000,0,0,0,0
122,27,34,87,1.000000,1.000000,1.000000,1.000000,0,0,0,0
123,25,34,88,1.000000,1.000000,1.000000,1.000000,0,0,0,0
124,23,34,89,1.000000,1.000000,1.000000,1.000000,0,0,0,0
125,21,34,90,1.000000,1.000000,1.000000,1.000000,0,1,0,0
126,19,34,91,1.000000,1.000000,1.000000,1.000000,0,0,0,0
127,29,35,91,1.000000,1.000000,1.000000,1.000000,0,0,0,0
128,27,35,92,1.000000,1.000000,1.000000,1.000000,0,0,1,0
129,25,35,93,1.000000,1.000000,1.000000,1.000000,0,0,1,0
130,29,36,93,1.000000,1.000000,1.000000,1.000000,0,0,1,0
131,27,36,94,1.000000,1.000000,1.000000,1.000000,0,1,0,0
132,25,36,95,1.000000,1.000000,1.000000,1.000000,0,0,0,1
133,29,37,95,1.000000,1.000000,1.000000,1.000000,0,0,0,1
134,27,37,96,1.000000,1.000000,1.000000,1.000000,0,0,0,0
135,29,38,96,1.000000,1.000000,1.000000,1.000000,0,0,0,0
136,27,38,97,1.000000,1.000000,1.000000,1.000000,0,0,0,0
137,25,38,98,1.000000,1.000000,1.000000,1.000000,0,0,1,0
138,23,38,99,1.000000,1.000000,1.000000,1.000000,0,0,0,1
139,29,39,99,1.000000,1.000000,1.000000,1.000000,0,0,0,1
140,27,39,100,1.000000,1.000000,1.000000,1.000000,0,0,0,0
141,29,40,100,1.000000,1.000000,1.000000,1.000000,0,0,0,0
142,27,40,101,1.000000,1.000000,1.000000,1.000000,0,0,0,0
143,25,40,102,1.000000,1.000000,1.000000,1.000000,0,0,1,0
144,23,40,103,1.000000,1.000000,1.000000,1.000000,0,0,0,0
145,29,41,103,1.000000,1.000000,1.000000,1.000000,0,0,0,0
146,27,41,104,1.000000,1.000000,1.000000,1.000000,0,0,0,0
147,25,41,105,1.000000,1.000000,1.000000,1.000000,0,0,0,0
148,23,41,106,1.000000,1.000000,1.000000,1.000000,0,0,0,0
149,21,41,107,1.000000,1.000000,1.000000,1.000000,0,0,0,0
150,19,41,108,1.000000,1.000000,1.000000,1.000000,0,0,0,1
151,17,41,109,1.000000,1.000000,1.000000,1.000000,0,0,0,0
152,29,42,109,1.000000,1.000000,1.000000,1.000000,0,0,0,0
153,27,42,110,1.000000,1.000000,1.000000,1.000000,0,0,0,0
154,25,42,111,1.000000,1.000000,1.000000,1.000000,0,0,0,0
155,23,42,112,1.000000,1.000000,1.000000,1.000000,0,0,0,0
156,21,42,113,1.000000,1.000000,1.000000,1.000000,0,0,0,1
157,19,42,114,1.000000,1.000000,1.000000,1.000000,0,0,0,0
158,29,43,114,1.000000,1.000000,1.000000,1.000000,0,0,0,0
159,27,43,115,1.000000,1.000000,1.000000,1.000000,0,0,0,0
160,25,43,116,1.000000,1.000000,1.000000,1.000000,0,0,0,0
161,23,43,117,1.000000,1.000000,1.000000,1.000000,0,0,0,0
162,21,43,118,1.000000,1.000000,1.000000,1.000000,0,0,0,0
163,19,43,119,1.000000,1.000000,1.000000,1.000000,0,1,1,0
164,17,43,120,1.000000,1.000000,1.000000,1.000000,0,0,0,0
165,29,44,120,1.000000,1.000000,1.000000,1.000000,0,0,0,0
166,27,44,121,1.000000,1.000000,1.000000,1.000000,0,0,1,1
167,25,44,122,1.000000,1.000000,1.000000,1.000000,0,0,0,0
168,29,45,122,1.000000,1.000000,1.000000,1.000000,0,0,0,0
169,27,45,123,1.000000,1.000000,1.000000,1.000000,0,0,0,0
170,25,45,124,1.000000,1.000000,1.000000,1.000000,0,0,0,0
171,23,45,125,1.000000,1.000000,1.000000,1.000000,0,0,0,1
172,21,45,126,1.000000,1.000000,1.000000,1.000000,0,0,0,0
173,29,46,126,1.000000,1.000000,1.000000,1.000000,0,0,0,0
174,27,46,127,1.000000,1.000000,1.000000,1.000000,1,0,0,0
175,25,46,128,1.000000,1.000000,1.000000,1.000000,0,0,1,1
176,23,46,129,1.000000,1.000000,1.000000,1.000000,0,0,0,0
177,29,47,129,1.000000,1.000000,1.000000,1.000000,0,0,0,0
178,27,47,130,1.000000,1.000000,1.000000,1.000000,0,0,1,0
179,25,47,131,1.000000,1.000000,1.000000,1.000000,0,0,1,0
180,29,48,131,1.000000,1.000000,1.000000,1.000000,0,0,1,0
181,27,48,132,1.000000,1.000000,1.000000,1.000000,0,1,0,0
182,29,49,132,1.000000,1.000000,1.000000,1.000000,0,1,0,0
183,27,49,133,1.000000,1.000000,1.000000,1.000000,0,0,1,0
184,25,49,134,1.000000,1.000000,1.000000,1.000000,1,0,0,0
185,23,49,135,1.000000,1.000000,1.000000,1.000000,0,0,1,0
186,29,50,135,1.000000,1.000000,1.000000,1.000000,0,0,1,0
187,27,50,136,1.000000,1.000000,1.000000,1.000000,0,0,0,0
188,29,51,136,1.000000,1.000000,1.000000,1.000000,0,0,0,0
189,27,51,137,1.000000,1.000000,1.000000,1.000000,0,0,1,0
190,25,51,138,1.000000,1.000000,1.000000,1.000000,0,0,0,1
191,29,52,138,1.000000,1.000000,1.000000,1.000000,0,0,0,1
192,27,52,139,1.000000,1.000000,1.000000,1.000000,0,0,1,1
193,29,53,139,1.000000,1.000000,1.000000,1.000000,0,0,1,1
194,27,53,140,1.000000,1.000000,1.000000,1.000000,0,0,0,0
195,29,54,140,1.000000,1.000000,1.000000,1.000000,0,0,0,0
196,27,54,141,1.000000,1.000000,1.000000,1.000000,1,0,0,0
197,25,54,142,1.000000,1.000000,1.000000,1.000000,1,0,0,0
198,29,55,142,1.000000,1.000000,1.000000,1.000000,1,0,0,0
199,27,55,143,1.000000,1.000000,1.000000,1.000000,0,0,0,0
200,29,56,143,1.000000,1.000000,1.000000,1.000000,0,0,0,0
201,27,56,144,1.000000,1.000000,1.000000,1.000000,1,1,0,0
202,25,56,145,1.000000,1.000000,1.000000,1.000000,0,0,0,0
203,29,57,145,1.000000,1.000000,1.000000,1.000000,0,0,0,0
204,27,57,146,1.000000,1.000000,1.000000,1.000000,0,0,1,0
205,25,57,147,1.000000,1.000000,1.000000,1.000000,0,0,1,0
206,29,58,147,1.000000,1.000000,1.000000,1.000000,0,0,1,0
207,27,58,148,1.000000,1.000000,1.000000,1.000000,0,1,0,0
208,25,58,149,1.000000,1.000000,1.000000,1.000000,0,0,1,1
209,29,59,149,1.000000,1.000000,1.000000,1.000000,0,0,1,1
210,27,59,150,1.000000,1.000000,1.000000,1.000000,0,0,0,0
211,29,60,150,1.000000,1.000000,1.000000,1.000000,0,0,0,0
212,27,60,151,1.000000,1.000000,1.000000,1.000000,0,0,0,0
213,25,60,152,1.000000,1.000000,1.000000,1.000000,0,0,0,0
214,23,60,153,1.000000,1.000000,1.000000,1.000000,1,1,0,0
215,21,60,154,1.000000,1.000000,1.000000,1.000000,0,1,0,0
216,29,61,154,1.000000,1.000000,1.000000,1.000000,0,1,0,0
217,27,61,155,1.000000,1.000000,1.000000,1.000000,0,1,1,0
218,29,62,155,1.000000,1.000000,1.000000,1.000000,0,1,1,0
219,27,62,156,1.000000,1.000000,1.000000,1.000000,1,0,0,0
220,29,63,156,1.000000,1.000000,1.000000,1.000000,1,0,0,0
221,27,63,157,1.000000,1.000000,1.000000,1.000000,0,0,0,0
222,29,64,157,1.000000,1.000000,1.000000,1.000000,0,0,0,0
223,27,64,158,1.000000,1.000000,1.000000,1.000000,0,0,0,0
224,25,64,159,1.000000,1.000000,1.000000,1.000000,0,0,1,0
225,23,64,160,1.000000,1.000000,1.000000,1.000000,0,0,0,0
226,29,65,160,1.000000,1.000000,1.000000,1.000000,0,0,0,0
227,27,65,161,1.000000,1.000000,1.000000,1.000000,0,1,0,0
228,25,65,162,1.000000,1.000000,1.000000,1.000000,0,0,0,0
229,29,66,162,1.000000,1.000000,1.000000,1.000000,0,0,0,0
230,27,66,163,1.000000,1.000000,1.000000,1.000000,0,1,0,0
231,25,66,164,1.000000,1.000000,1.000000,1.000000,0,0,0,0
232,23,66,165,1.000000,1.000000,1.000000,1.000000,0,0,0,0
233,21,66,166,1.000000,1.000000,1.000000,1.000000,0,0,0,0
234,19,66,167,1.000000,1.000000,1.000000,1.000000,0,0,0,0
235,17,66,168,1.000000,1.000000,1.000000,1.000000,0,0,0,0
236,15,66,169,1.000000,1.000000,1.000000,1.000000,0,0,0,1
237,13,66,170,1.000000,1.000000,1.000000,1.000000,1,0,0,0
238,29,67,170,1.000000,1.000000,1.000000,1.000000,1,0,0,0
239,27,67,171,1.000000,1.000000,1.000000,1.000000,0,0,0,1
240,29,68,171,1.000000,1.000000,1.000000,1.000000,0,0,0,1
241,27,68,172,1.000000,1.000000,1.000000,1.000000,1,0,0,0
242,29,69,172,1.000000,1.000000,1.000000,1.000000,1,0,0,0
243,27,69,173,1.000000,1.000000,1.000000,1.000000,0,0,0,0
244,29,70,173,1.000000,1.000000,1.000000,1.000000,0,0,0,0
245,27,70,174,1.000000,1.000000,1.000000,1.000000,0,0,0,0
246,25,70,175,1.000000,1.000000,1.000000,1.000000,0,0,0,0
247,23,70,176,1.000000,1.000000,1.000000,1.000000,0,0,0,0
248,21,70,177,1.000000,1.000000,1.000000,1.000000,0,0,0,0
249,19,70,178,1.000000,1.000000,1.000000,1.000000,0,0,0,0
250,17,70,179,1.000000,1.000000,1.000000,1.000000,0,0,0,1
251,15,70,180,1.000000,1.000000,1.000000,1.000000,0,0,0,1
252,29,71,180,1.000000,1.000000,1.000000,1.000000,0,0,0,1
253,27,71,181,1.000000,1.000000,1.000000,1.000000,0,0,1,1
254,29,72,181,1.000000,1.000000,1.000000,1.000000,0,0,1,1
255,27,72,182,1.000000,1.000000,1.000000,1.000000,0,0,0,0
256,29,73,182,1.000000,1.000000,1.000000,1.000000,0,0,0,0
257,27,73,183,1.000000,1.000000,1.000000,1.000000,0,0,1,0
258,25,73,184,1.000000,1.000000,1.000000,1.000000,0,0,0,0
259,29,74,184,1.000000,1.000000,1.000000,1.000000,0,0,0,0
260,27,74,185,1.000000,1.000000,1.000000,1.000000,0,0,0,0
261,25,74,186,1.000000,1.000000,1.000000,1.000000,0,0,0,0
262,23,74,187,1.000000,1.000000,1.000000,1.000000,0,0,0,0
263,21,74,188,1.000000,1.000000,1.000000,1.000000,0,0,0,0
264,19,74,189,1.000000,1.000000,1.000000,1.000000,0,0,0,0
265,17,74,190,1.000000,1.000000,1.000000,1.000000,0,0,0,0
266,15,74,191,1.000000,1.000000,1.000000,1.000000,0,0,1,0
267,13,74,192,1.000000,1.000000,1.000000,1.000000,0,1,0,0
268,11,74,193,1.000000,1.000000,1.000000,1.000000,0,0,0,1
269,29,75,193,1.000000,1.000000,1.000000,1.000000,0,0,0,1
270,27,75,194,1.000000,1.000000,1.000000,1.000000,0,0,0,0
271,29,76,194,1.000000,1.000000,1.000000,1.000000,0,0,0,0
272,27,76,195,1.000000,1.000000,1.000000,1.000000,0,0,0,0
273,25,76,196,1.000000,1.000000,1.000000,1.000000,0,0,0,0
274,23,76,197,1.000000,1.000000,1.000000,1.000000,0,0,0,1
275,21,76,198,1.000000,1.000000,1.000000,1.000000,0,0,0,0
276,29,77,198,1.000000,1.000000,1.000000,1.000000,0,0,0,0
277,27,77,199,1.000000,1.000000,1.000000,1.000000,0,0,0,0
278,25,77,200,1.000000,1.000000,1.000000,1.000000,0,0,0,0
279,23,77,201,1.000000,1.000000,1.000000,1.000000,0,0,0,0
280,21,77,202,1.000000,1.000000,1.000000,1.000000,0,0,0,0
281,19,77,203,1.000000,1.000000,1.000000,1.000000,0,0,0,0
282,17,77,204,1.000000,1.000000,1.000000,1.000000,0,0,0,0
283,15,77,205,1.000000,1.000000,1.000000,1.000000,1,0,0,0
284,13,77,206,1.000000,1.000000,1.000000,1.000000,1,0,0,0
285,29,78,206,1.000000,1.000000,1.000000,1.000000,1,0,0,0
286,27,78,207,1.000000,1.000000,1.000000,1.000000,0,1,0,1
287,25,78,208,1.000000,1.000000,1.000000,1.000000,0,0,0,1
288,23,78,209,1.000000,1.000000,1.000000,1.000000,0,1,0,1
289,29,79,209,1.000000,1.000000,1.000000,1.000000,0,1,0,1
290,27,79,210,1.000000,1.000000,1.000000,1.000000,0,0,0,0
291,29,80,210,1.000000,1.000000,1.000000,1.000000,0,0,0,0
292,27,80,211,1.000000,1.000000,1.000000,1.000000,0,1,0,0
293,25,80,212,1.000000,1.000000,1.000000,1.000000,0,0,0,0
294,29,81,212,1.000000,1.000000,1.000000,1.000000,0,0,0,0
295,27,81,213,1.000000,1.000000,1.000000,1.000000,0,0,0,0
296,25,81,214,1.000000,1.000000,1.000000,1.000000,0,0,0,0
297,23,81,215,1.000000,1.000000,1.000000,1.000000,0,0,0,0
298,21,81,216,1.000000,1.000000,1.000000,1.000000,0,0,0,0
299,19,81,217,1.000000,1.000000,1.000000,1.000000,0,0,1,0
300,17,81,218,1.000000,1.000000,1.000000,1.000000,0,0,0,0
301,29,82,218,1.000000,1.000000,1.000000,1.000000,0,0,0,0
302,27,82,219,1.000000,1.000000,1.000000,1.000000,0,0,0,0
303,25,82,220,1.000000,1.000000,1.000000,1.000000,1,0,0,0
304,23,82,221,1.000000,1.000000,1.000000,1.000000,0,0,0,0
305,29,83,221,1.000000,1.000000,1.000000,1.000000,0,0,0,1
306,27,83,222,1.000000,1.000000,1.000000,1.000000,0,0,0,0
307,29,84,222,1.000000,1.000000,1.000000,1.000000,0,0,0,0
308,27,84,223,1.000000,1.000000,1.000000,1.000000,0,1,0,0
309,25,84,224,1.000000,1.000000,1.000000,1.000000,0,0,0,0
310,29,85,224,1.000000,1.000000,1.000000,1.000000,0,0,0,0
311,27,85,225,1.000000,1.000000,1.000000,1.000000,0,0,0,0
312,25,85,226,1.000000,1.000000,1.000000,1.000000,0,0,0,0
313,23,85,227,1.000000,1.000000,1.000000,1.000000,1,0,0,0
314,21,85,228,1.000000,1.000000,1.000000,1.000000,0,0,0,0
315,19,85,229,1.000000,1.000000,1.000000,1.000000,0,0,1,0
316,17,85,230,1.000000,1.000000,1.000000,1.000000,0,0,0,0
317,29,86,230,1.000000,1.000000,1.000000,1.000000,0,0,0,0
318,27,86,231,1.000000,1.000000,1.000000,1.000000,0,0,0,0
319,25,86,232,1.000000,1.000000,1.000000,1.000000,0,1,0,0
320,23,86,233,1.000000,1.000000,1.000000,1.000000,0,0,0,0
321,29,87,233,1.000000,1.000000,1.000000,1.000000,0,0,0,1
322,27,87,234,1.000000,1.000000,1.000000,1.000000,0,0,0,0
323,29,88,234,1.000000,1.000000,1.000000,1.000000,0,0,0,0
324,27,88,235,1.000000,1.000000,1.000000,1.000000,1,0,0,0
325,25,88,236,1.000000,1.000000,1.000000,1.000000,1,0,0,0
326,29,89,236,1.000000,1.000000,1.000000,1.000000,1,0,0,0
327,27,89,237,1.000000,1.000000,1.000000,1.000000,0,0,0,0
328,29,90,237,1.000000,1.000000,1.000000,1.000000,0,0,0,0
329,27,90,238,1.000000,1.000000,1.000000,1.000000,0,1,0,0
330,25,90,239,1.000000,1.000000,1.000000,1.000000,0,0,0,0
331,29,91,239,1.000000,1.000000,1.000000,1.000000,0,0,0,0
332,27,91,240,1.000000,1.000000,1.000000,1.000000,0,1,0,0
333,25,91,241,1.000000,1.000000,1.000000,1.000000,0,0,1,0
334,29,92,241,1.000000,1.000000,1.000000,1.000000,0,0,1,0
335,27,92,242,1.000000,1.000000,1.000000,1.000000,0,1,0,0
336,29,93,242,1.000000,1.000000,1.000000,1.000000,0,1,0,0
337,27,93,243,1.000000,1.000000,1.000000,1.000000,0,0,1,0
338,29,94,243,1.000000,1.000000,1.000000,1.000000,0,0,1,0
339,27,94,244,1.000000,1.000000,1.000000,1.000000,0,0,0,0
340,29,95,244,1.000000,1.000000,1.000000,1.000000,0,0,0,0
341,27,95,245,1.000000,1.000000,1.000000,1.000000,0,0,0,1
342,25,95,246,1.000000,1.000000,1.000000,1.000000,0,0,0,1
343,23,95,247,1.000000,1.000000,1.000000,1.000000,0,1,1,1
344,29,96,247,1.000000,1.000000,1.000000,1.000000,0,1,1,1
345,27,96,248,1.000000,1.000000,1.000000,1.000000,0,0,0,0
346,29,97,248,1.000000,1.000000,1.000000,1.000000,0,0,0,0
347,27,97,249,1.000000,1.000000,1.000000,1.000000,0,0,0,1
348,25,97,250,1.000000,1.000000,1.000000,1.000000,0,0,0,0
349,29,98,250,1.000000,1.000000,1.000000,1.000000,0,0,0,0
350,27,98,251,1.000000,1.000000,1.000000,1.000000,0,0,0,0
351,25,98,252,1.000000,1.000000,1.000000,1.000000,0,0,0,0
352,23,98,253,1.000000,1.000000,1.000000,1.000000,1,0,0,0
353,21,98,254,1.000000,1.000000,1.000000,1.000000,0,0,0,0
354,29,99,254,1.000000,1.000000,1.000000,1.000000,0,0,0,0
355,27,99,255,1.000000,1.000000,1.000000,1.000000,0,0,0,0
356,25,99,256,1.000000,1.000000,1.000000,1.000000,0,0,0,0
357,23,99,257,1.000000,1.000000,1.000000,1.000000,0,0,0,0
358,21,99,258,1.000000,1.000000,1.000000,1.000000,0,1,0,0
359,19,99,259,1.000000,1.000000,1.000000,1.000000,0,0,0,0
360,29,100,259,1.000000,1.000000,1.000000,1.000000,0,1,0,0
361,27,100,260,1.000000,1.000000,1.000000,1.000000,0,0,0,0
362,29,101,260,1.000000,1.000000,1.000000,1.000000,0,0,0,0
363,27,101,261,1.000000,1.000000,1.000000,1.000000,1,0,0,0
364,25,101,262,1.000000,1.000000,1.000000,1.000000,1,0,0,0
365,29,102,262,1.000000,1.000000,1.000000,1.000000,1,0,0,0
366,27,102,263,1.000000,1.000000,1.000000,1.000000,0,0,0,1
367,29,103,263,1.000000,1.000000,1.000000,1.000000,0,0,0,1
368,27,103,264,1.000000,1.000000,1.000000,1.000000,0,0,0,0
369,25,103,265,1.000000,1.000000,1.000000,1.000000,1,0,0,0
370,23,103,266,1.000000,1.000000,1.000000,1.000000,0,0,0,0
371,21,103,267,1.000000,1.000000,1.000000,1.000000,0,0,0,0
372,19,103,268,1.000000,1.000000,1.000000,1.000000,0,0,0,0
373,17,103,269,1.000000,1.000000,1.000000,1.000000,0,0,0,0
374,15,103,270,1.000000,1.000000,1.000000,1.000000,0,1,0,0
375,13,103,271,1.000000,1.000000,1.000000,1.000000,0,0,1,0
376,29,104,271,1.000000,1.000000,1.000000,1.000000,0,0,1,0
377,27,104,272,1.000000,1.000000,1.000000,1.000000,0,0,1,0
378,29,105,272,1.000000,1.000000,1.000000,1.000000,0,0,1,0
379,27,105,273,1.000000,1.000000,1.000000,1.000000,0,0,0,0
380,29,106,273,1.000000,1.000000,1.000000,1.000000,0,0,0,0
381,27,106,274,1.000000,1.000000,1.000000,1.000000,0,1,0,0
382,25,106,275,1.000000,1.000000,1.000000,1.000000,0,0,0,0
383,29,107,275,1.000000,1.000000,1.000000,1.000000,0,0,0,0
384,27,107,276,1.000000,1.000000,1.000000,1.000000,0,0,0,0
385,25,107,277,1.000000,1.000000,1.000000,1.000000,0,0,0,0
386,23,107,278,1.000000,1.000000,1.000000,1.000000,0,0,0,0
387,21,107,279,1.000000,1.000000,1.000000,1.000000,0,0,0,0
388,19,107,280,1.000000,1.000000,1.000000,1.000000,0,0,0,0
389,17,107,281,1.000000,1.000000,1.000000,1.000000,0,0,0,0
390,15,107,282,1.000000,1.000000,1.000000,1.000000,0,0,0,0
391,13,107,283,1.000000,1.000000,1.000000,1.000000,0,0,0,0
392,11,107,284,1.000000,1.000000,1.000000,1.000000,1,0,0,0
393,9,107,285,1.000000,1.000000,1.000000,1.000000,0,0,1,0
394,29,108,285,1.000000,1.000000,1.000000,1.000000,0,0,1,0
395,27,108,286,1.000000,1.000000,1.000000,1.000000,0,0,1,0
396,29,109,286,1.000000,1.000000,1.000000,1.000000,0,0,1,0
397,27,109,287,1.000000,1.000000,1.000000,1.000000,0,0,0,0
398,29,110,287,1.000000,1.000000,1.000000,1.000000,0,0,0,0
399,27,110,288,1.000000,1.000000,1.000000,1.000000,0,1,0,0
400,25,110,289,1.000000,1.000000,1.000000,1.000000,0,0,0,0
401,29,111,289,1.000000,1.000000,1.000000,1.000000,0,0,0,0
402,27,111,290,1.000000,1.000000,1.000000,1.000000,0,0,0,0
403,25,111,291,1.000000,1.000000,1.000000,1.000000,0,0,0,0
404,23,111,292,1.000000,1.000000,1.000000,1.000000,0,0,0,0
405,21,111,293,1.000000,1.000000,1.000000,1.000000,0,0,0,0
406,19,111,294,1.000000,1.000000,1.000000,1.000000,0,0,0,0
407,17,111,295,1.000000,1.000000,1.000000,1.000000,0,0,0,0
408,15,111,296,1.000000,1.000000,1.000000,1.000000,0,0,0,0
409,13,111,297,1.000000,1.000000,1.000000,1.000000,0,0,0,0
410,11,111,298,1.000000,1.000000,1.000000,1.000000,0,0,0,0
411,9,111,299,1.000000,1.000000,1.000000,1.000000,0,1,0,0
412,7,111,300,1.000000,1.000000,1.000000,1.000000,1,0,1,0
413,29,112,300,1.000000,1.000000,1.000000,1.000000,1,0,1,0
414,27,112,301,1.000000,1.000000,1.000000,1.000000,0,0,0,0
415,29,113,301,1.000000,1.000000,1.000000,1.000000,0,0,0,0
416,27,113,302,1.000000,1.000000,1.000000,1.000000,1,0,0,0
417,25,113,303,1.000000,1.000000,1.000000,1.000000,0,0,0,0
418,29,114,303,1.000000,1.000000,1.000000,1.000000,0,0,0,0
419,27,114,304,1.000000,1.000000,1.000000,1.000000,0,0,0,0
420,25,114,305,1.000000,1.000000,1.000000,1.000000,0,0,0,0
421,23,114,306,1.000000,1.000000,1.000000,1.000000,0,0,0,0
422,21,114,307,1.000000,1.000000,1.000000,1.000000,0,0,0,0
423,19,114,308,1.000000,1.000000,1.000000,1.000000,0,0,0,0
424,17,114,309,1.000000,1.000000,1.000000,1.000000,0,0,0,0
425,15,114,310,1.000000,1.000000,1.000000,1.000000,0,0,0,0
426,13,114,311,1.000000,1.000000,1.000000,1.000000,0,0,0,0
427,11,114,312,1.000000,1.000000,1.000000,1.000000,0,0,0,0
428,9,114,313,1.000000,1.000000,1.000000,1.000000,0,0,0,1
429,7,114,314,1.000000,1.000000,1.000000,1.000000,0,0,0,0
430,29,115,314,1.000000,1.000000,1.000000,1.000000,0,0,0,0
431,27,115,315,1.000000,1.000000,1.000000,1.000000,0,0,0,0
432,25,115,316,1.000000,1.000000,1.000000,1.000000,0,0,0,0
433,23,115,317,1.000000,1.000000,1.000000,1.000000,0,0,0,0
434,21,115,318,1.000000,1.000000,1.000000,1.000000,0,0,0,0
435,19,115,319,1.000000,1.000000,1.000000,1.000000,0,0,0,0
436,17,115,320,1.000000,1.000000,1.000000,1.000000,0,0,1,0
437,15,115,321,1.000000,1.000000,1.000000,1.000000,0,0,0,1
438,29,116,321,1.000000,1.000000,1.000000,1.000000,0,0,0,1
439,27,116,322,1.000000,1.000000,1.000000,1.000000,0,0,0,0
440,29,117,322,1.000000,1.000000,1.000000,1.000000,0,0,0,0
441,27,117,323,1.000000,1.000000,1.000000,1.000000,0,0,0,0
442,25,117,324,1.000000,1.000000,1.000000,1.000000,0,0,1,0
443,23,117,325,1.000000,1.000000,1.000000,1.000000,0,0,0,0
444,29,118,325,1.000000,1.000000,1.000000,1.000000,0,0,0,0
445,27,118,326,1.000000,1.000000,1.000000,1.000000,0,1,0,1
446,25,118,327,1.000000,1.000000,1.000000,1.000000,0,1,0,0
447,29,119,327,1.000000,1.000000,1.000000,1.000000,0,1,0,0
448,27,119,328,1.000000,1.000000,1.000000,1.000000,0,1,0,0
449,29,120,328,1.000000,1.000000,1.000000,1.000000,0,1,0,0
450,27,120,329,1.000000,1.000000,1.000000,1.000000,0,0,0,0
451,29,121,329,1.000000,1.000000,1.000000,1.000000,0,0,0,0
452,27,121,330,1.000000,1.000000,1.000000,1.000000,1,0,0,0
453,25,121,331,1.000000,1.000000,1.000000,1.000000,0,0,0,0
454,29,122,331,1.000000,1.000000,1.000000,1.000000,0,0,0,0
455,27,122,332,1.000000,1.000000,1.000000,1.000000,1,0,0,0
456,25,122,333,1.000000,1.000000,1.000000,1.000000,0,0,0,0
457,29,123,333,1.000000,1.000000,1.000000,1.000000,0,0,0,0
458,27,123,334,1.000000,1.000000,1.000000,1.000000,0,0,0,0
459,25,123,335,1.000000,1.000000,1.000000,1.000000,0,0,0,0
460,23,123,336,1.000000,1.000000,1.000000,1.000000,0,0,0,0
461,21,123,337,1.000000,1.000000,1.000000,1.000000,0,0,0,0
462,19,123,338,1.000000,1.000000,1.000000,1.000000,0,0,0,1
463,17,123,339,1.000000,1.000000,1.000000,1.000000,0,0,0,1
464,29,124,339,1.000000,1.000000,1.000000,1.000000,0,0,0,1
465,27,124,340,1.000000,1.000000,1.000000,1.000000,0,0,0,0
466,29,125,340,1.000000,1.000000,1.000000,1.000000,0,0,0,0
467,27,125,341,1.000000,1.000000,1.000000,1.000000,0,0,0,0
468,25,125,342,1.000000,1.000000,1.000000,1.000000,0,0,1,1
469,23,125,343,1.000000,1.000000,1.000000,1.000000,0,0,0,0
470,29,126,343,1.000000,1.000000,1.000000,1.000000,0,0,0,0
471,27,126,344,1.000000,1.000000,1.000000,1.000000,0,1,0,1
472,25,126,345,1.000000,1.000000,1.000000,1.000000,0,0,1,0
473,29,127,345,1.000000,1.000000,1.000000,1.000000,0,0,1,0
474,27,127,346,1.000000,1.000000,1.000000,1.000000,0,0,0,0
475,29,128,346,1.000000,1.000000,1.000000,1.000000,0,0,0,0
476,27,128,347,1.000000,1.000000,1.000000,1.000000,0,0,0,0
477,25,128,348,1.000000,1.000000,1.000000,1.000000,1,0,0,0
478,23,128,349,1.000000,1.000000,1.000000,1.000000,1,0,0,1
479,29,129,349,1.000000,1.000000,1.000000,1.000000,1,0,0,1
480,27,129,350,1.000000,1.000000,1.000000,1.000000,0,0,0,1
481,25,129,351,1.000000,1.000000,1.000000,1.000000,0,1,1,0
482,23,129,352,1.000000,1.000000,1.000000,1.000000,0,0,0,1
483,21,129,353,1.000000,1.000000,1.000000,1.000000,0,1,1,0
484,29,130,353,1.000000,1.000000,1.000000,1.000000,0,1,1,0
485,27,130,354,1.000000,1.000000,1.000000,1.000000,0,0,0,0
486,29,131,354,1.000000,1.000000,1.000000,1.000000,0,0,0,0
487,27,131,355,1.000000,1.000000,1.000000,1.000000,0,0,1,0
488,25,131,356,1.000000,1.000000,1.000000,1.000000,0,0,0,1
489,23,131,357,1.000000,1.000000,1.000000,1.000000,0,1,0,0
490,29,132,357,1.000000,1.000000,1.000000,1.000000,0,1,0,0
491,27,132,358,1.000000,1.000000,1.000000,1.000000,0,0,0,0
492,29,133,358,1.000000,1.000000,1.000000,1.000000,0,0,0,0
493,27,133,359,1.000000,1.000000,1.000000,1.000000,0,0,0,0
494,25,133,360,1.000000,1.000000,1.000000,1.000000,0,0,0,0
495,23,133,361,1.000000,1.000000,1.000000,1.000000,0,0,0,0
496,21,133,362,1.000000,1.000000,1.000000,1.000000,1,0,0,0
497,19,133,363,1.000000,1.000000,1.000000,1.000000,0,0,0,0
498,29,134,363,1.000000,1.000000,1.000000,1.000000,0,0,0,0
499,27,134,364,1.000000,1.000000,1.000000,1.000000,0,0,0,0
500,25,134,365,1.000000,1.000000,1.000000,1.000000,0,0,0,0
501,23,134,366,1.000000,1.000000,1.000000,1.000000,0,0,0,0
502,21,134,367,1.000000,1.000000,1.000000,1.000000,0,0,0,0
503,19,134,368,1.000000,1.000000,1.000000,1.000000,0,0,0,0
504,17,134,369,1.000000,1.000000,1.000000,1.000000,0,1,0,0
505,15,134,370,1.000000,1.000000,1.000000,1.000000,0,0,0,0
506,29,135,370,1.000000,1.000000,1.000000,1.000000,0,0,0,0
507,27,135,371,1.000000,1.000000,1.000000,1.000000,1,0,0,0
508,25,135,372,1.000000,1.000000,1.000000,1.000000,1,1,0,0
509,23,135,373,1.000000,1.000000,1.000000,1.000000,0,0,1,0
510,29,136,373,1.000000,1.000000,1.000000,1.000000,0,0,1,0
511,27,136,374,1.000000,1.000000,1.000000,1.000000,0,0,0,0
512,29,137,374,1.000000,1.000000,1.000000,1.000000,0,0,0,0
513,27,137,375,1.000000,1.000000,1.000000,1.000000,0,0,0,0
514,25,137,376,1.000000,1.000000,1.000000,1.000000,0,0,0,0
515,23,137,377,1.000000,1.000000,1.000000,1.000000,0,0,0,0
516,21,137,378,1.000000,1.000000,1.000000,1.000000,0,0,0,0
517,19,137,379,1.000000,1.000000,1.000000,1.000000,0,0,0,0
518,17,137,380,1.000000,1.000000,1.000000,1.000000,0,0,0,0
519,15,137,381,1.000000,1.000000,1.000000,1.000000,0,0,0,0
520,13,137,382,1.000000,1.000000,1.000000,1.000000,1,1,0,0
521,11,137,383,1.000000,1.000000,1.000000,1.000000,0,1,0,0
522,9,137,384,1.000000,1.000000,1.000000,1.000000,0,1,0,1
523,29,138,384,1.000000,1.000000,1.000000,1.000000,0,1,0,1
524,27,138,385,1.000000,1.000000,1.000000,1.000000,0,0,0,0
525,29,139,385,1.000000,1.000000,1.000000,1.000000,0,0,0,0
526,27,139,386,1.000000,1.000000,1.000000,1.000000,0,1,0,0
527,25,139,387,1.000000,1.000000,1.000000,1.000000,0,0,0,0
528,29,140,387,1.000000,1.000000,1.000000,1.000000,0,0,0,0
529,27,140,388,1.000000,1.000000,1.000000,1.000000,0,0,0,0
530,25,140,389,1.000000,1.000000,1.000000,1.000000,0,0,0,0
531,23,140,390,1.000000,1.000000,1.000000,1.000000,0,0,0,1
532,21,140,391,1.000000,1.000000,1.000000,1.000000,0,0,0,0
533,29,141,391,1.000000,1.000000,1.000000,1.000000,0,0,0,0
534,27,141,392,1.000000,1.000000,1.000000,1.000000,0,0,1,1
535,25,141,393,1.000000,1.000000,1.000000,1.000000,0,0,1,0
536,29,142,393,1.000000,1.000000,1.000000,1.000000,0,0,1,0
537,27,142,394,1.000000,1.000000,1.000000,1.000000,0,0,0,0
538,29,143,394,1.000000,1.000000,1.000000,1.000000,0,0,0,0
539,27,143,395,1.000000,1.000000,1.000000,1.000000,0,0,0,0
540,25,143,396,1.000000,1.000000,1.000000,1.000000,1,0,0,0
541,23,143,397,1.000000,1.000000,1.000000,1.000000,1,0,0,1
542,29,144,397,1.000000,1.000000,1.000000,1.000000,1,0,0,1
543,27,144,398,1.000000,1.000000,1.000000,1.000000,0,0,0,1
544,29,145,398,1.000000,1.000000,1.000000,1.000000,0,0,0,1
545,27,145,399,1.000000,1.000000,1.000000,1.000000,0,0,1,0
546,29,146,399,1.000000,1.000000,1.000000,1.000000,0,0,1,0
547,27,146,400,1.000000,1.000000,1.000000,1.000000,0,0,0,1
548,29,147,400,1.000000,1.000000,1.000000,1.000000,0,0,0,1
549,27,147,401,1.000000,1.000000,1.000000,1.000000,0,0,0,0
550,29,148,401,1.000000,1.000000,1.000000,1.000000,0,0,0,0
551,27,148,402,1.000000,1.000000,1.000000,1.000000,0,0,0,1
552,25,148,403,1.000000,1.000000,1.000000,1.000000,0,0,0,0
553,29,149,403,1.000000,1.000000,1.000000,1.000000,0,0,0,0
554,27,149,404,1.000000,1.000000,1.000000,1.000000,0,0,0,1
555,25,149,405,1.000000,1.000000,1.000000,1.000000,0,0,0,0
556,29,150,405,1.000000,1.000000,1.000000,1.000000,0,0,0,0
557,27,150,406,1.000000,1.000000,1.000000,1.000000,0,0,0,0
558,25,150,407,1.000000,1.000000,1.000000,1.000000,0,0,0,0
559,23,150,408,1.000000,1.000000,1.000000,1.000000,0,0,0,0
560,21,150,409,1.000000,1.000000,1.000000,1.000000,0,0,0,0
561,19,150,410,1.000000,1.000000,1.000000,1.000000,0,0,0,0
562,17,150,411,1.000000,1.000000,1.000000,1.000000,0,1,0,1
563,15,150,412,1.000000,1.000000,1.000000,1.000000,1,1,0,0
564,29,151,412,1.000000,1.000000,1.000000,1.000000,1,1,0,0
565,27,151,413,1.000000,1.000000,1.000000,1.000000,1,1,0,0
566,29,152,413,1.000000,1.000000,1.000000,1.000000,1,1,0,0
567,27,152,414,1.000000,1.000000,1.000000,1.000000,0,0,0,0
568,29,153,414,1.000000,1.000000,1.000000,1.000000,0,0,0,0
569,27,153,415,1.000000,1.000000,1.000000,1.000000,0,1,0,0
570,25,153,416,1.000000,1.000000,1.000000,1.000000,0,0,0,0
571,23,153,417,1.000000,1.000000,1.000000,1.000000,0,0,1,0
572,21,153,418,1.000000,1.000000,1.000000,1.000000,0,0,0,0
573,29,154,418,1.000000,1.000000,1.000000,1.000000,0,0,0,0
574,27,154,419,1.000000,1.000000,1.000000,1.000000,0,0,0,0
575,25,154,420,1.000000,1.000000,1.000000,1.000000,0,1,0,0
576,23,154,421,1.000000,1.000000,1.000000,1.000000,0,0,0,0
577,29,155,421,1.000000,1.000000,1.000000,1.000000,0,0,0,0
578,27,155,422,1.000000,1.000000,1.000000,1.000000,0,0,0,0
579,25,155,423,1.000000,1.000000,1.000000,1.000000,0,0,0,0
580,23,155,424,1.000000,1.000000,1.000000,1.000000,0,0,0,0
581,21,155,425,1.000000,1.000000,1.000000,1.000000,0,0,0,0
582,19,155,426,1.000000,1.000000,1.000000,1.000000,0,0,0,0
583,17,155,427,1.000000,1.000000,1.000000,1.000000,0,0,0,0
584,15,155,428,1.000000,1.000000,1.000000,1.000000,0,0,0,0
585,13,155,429,1.000000,1.000000,1.000000,1.000000,0,0,1,0
586,11,155,430,1.000000,1.000000,1.000000,1.000000,0,0,0,0
587,29,156,430,1.000000,1.000000,1.000000,1.000000,0,0,0,0
588,27,156,431,1.000000,1.000000,1.000000,1.000000,0,0,0,0
589,25,156,432,1.000000,1.000000,1.000000,1.000000,0,0,0,0
590,23,156,433,1.000000,1.000000,1.000000,1.000000,1,0,0,0
591,21,156,434,1.000000,1.000000,1.000000,1.000000,0,0,0,0
592,29,157,434,1.000000,1.000000,1.000000,1.000000,0,0,0,0
593,27,157,435,1.000000,1.000000,1.000000,1.000000,0,1,0,0
594,25,157,436,1.000000,1.000000,1.000000,1.000000,1,1,0,0
595,29,158,436,1.000000,1.000000,1.000000,1.000000,1,1,0,0
596,27,158,437,1.000000,1.000000,1.000000,1.000000,1,1,0,0
597,29,159,437,1.000000,1.000000,1.000000,1.000000,1,1,0,0
598,27,159,438,1.000000,1.000000,1.000000,1.000000,0,0,1,0
599,29,160,438,1.000000,1.000000,1.000000,1.000000,0,0,1,0
600,27,160,439,1.000000,1.000000,1.000000,1.000000,0,0,0,0
601,29,161,439,1.000000,1.000000,1.000000,1.000000,0,0,0,0
602,27,161,440,1.000000,1.000000,1.000000,1.000000,0,0,0,0
603,25,161,441,1.000000,1.000000,1.000000,1.000000,0,0,0,0
604,23,161,442,1.000000,1.000000,1.000000,1.000000,0,0,0,0
605,21,161,443,1.000000,1.000000,1.000000,1.000000,0,0,0,0
606,19,161,444,1.000000,1.000000,1.000000,1.000000,0,0,0,0
607,17,161,445,1.000000,1.000000,1.000000,1.000000,0,0,0,0
608,15,161,446,1.000000,1.000000,1.000000,1.000000,0,0,1,0
609,13,161,447,1.000000,1.000000,1.000000,1.000000,0,1,1,0
610,11,161,448,1.000000,1.000000,1.000000,1.000000,1,1,0,1
611,9,161,449,1.000000,1.000000,1.000000,1.000000,0,1,0,0
612,29,162,449,1.000000,1.000000,1.000000,1.000000,0,1,0,0
613,27,162,450,1.000000,1.000000,1.000000,1.000000,1,1,0,0
614,29,163,450,1.000000,1.000000,1.000000,1.000000,1,1,0,0
615,27,163,451,1.000000,1.000000,1.000000,1.000000,1,0,0,0
616,29,164,451,1.000000,1.000000,1.000000,1.000000,1,0,0,0
617,27,164,452,1.000000,1.000000,1.000000,1.000000,0,0,0,1
618,29,165,452,1.000000,1.000000,1.000000,1.000000,0,0,0,1
619,27,165,453,1.000000,1.000000,1.000000,1.000000,0,0,0,0
620,29,166,453,1.000000,1.000000,1.000000,1.000000,0,0,0,0
621,27,166,454,1.000000,1.000000,1.000000,1.000000,0,0,0,0
622,25,166,455,1.000000,1.000000,1.000000,1.000000,0,0,0,0
623,23,166,456,1.000000,1.000000,1.000000,1.000000,0,0,0,1
624,21,166,457,1.000000,1.000000,1.000000,1.000000,1,0,0,1
625,29,167,457,1.000000,1.000000,1.000000,1.000000,1,0,0,1
626,27,167,458,1.000000,1.000000,1.000000,1.000000,0,0,0,1
627,29,168,458,1.000000,1.000000,1.000000,1.000000,0,0,0,1
628,27,168,459,1.000000,1.000000,1.000000,1.000000,1,0,1,0
629,29,169,459,1.000000,1.000000,1.000000,1.000000,1,0,1,0
630,27,169,460,1.000000,1.000000,1.000000,1.000000,0,0,0,0
631,29,170,460,1.000000,1.000000,1.000000,1.000000,0,0,0,0
632,27,170,461,1.000000,1.000000,1.000000,1.000000,0,0,1,0
633,25,170,462,1.000000,1.000000,1.000000,1.000000,0,0,0,0
634,29,171,462,1.000000,1.000000,1.000000,1.000000,0,0,0,0
635,27,171,463,1.000000,1.000000,1.000000,1.000000,0,0,0,0
636,25,171,464,1.000000,1.000000,1.000000,1.000000,0,0,0,0
637,23,171,465,1.000000,1.000000,1.000000,1.000000,0,0,0,0
638,21,171,466,1.000000,1.000000,1.000000,1.000000,0,0,0,0
639,19,171,467,1.000000,1.000000,1.000000,1.000000,0,0,1,0
640,17,171,468,1.000000,1.000000,1.000000,1.000000,0,0,0,0
641,29,172,468,1.000000,1.000000,1.000000,1.000000,0,0,0,0
642,27,172,469,1.000000,1.000000,1.000000,1.000000,0,0,0,0
643,25,172,470,1.000000,1.000000,1.000000,1.000000,0,0,1,0
644,23,172,471,1.000000,1.000000,1.000000,1.000000,0,0,0,0
645,29,173,471,1.000000,1.000000,1.000000,1.000000,0,0,0,0
646,27,173,472,1.000000,1.000000,1.000000,1.000000,0,0,1,0
647,25,173,473,1.000000,1.000000,1.000000,1.000000,0,0,0,0
648,29,174,473,1.000000,1.000000,1.000000,1.000000,0,0,0,0
649,27,174,474,1.000000,1.000000,1.000000,1.000000,0,1,0,0
650,25,174,475,1.000000,1.000000,1.000000,1.000000,0,1,0,0
651,29,175,475,1.000000,1.000000,1.000000,1.000000,0,1,0,0
652,27,175,476,1.000000,1.000000,1.000000,1.000000,0,1,0,0
653,25,175,477,1.000000,1.000000,1.000000,1.000000,0,1,1,0
654,29,176,477,1.000000,1.000000,1.000000,1.000000,0,1,1,0
655,27,176,478,1.000000,1.000000,1.000000,1.000000,0,1,0,0
656,29,177,478,1.000000,1.000000,1.000000,1.000000,0,1,0,0
657,27,177,479,1.000000,1.000000,1.000000,1.000000,1,0,0,0
658,29,178,479,1.000000,1.000000,1.000000,1.000000,1,0,0,0
659,27,178,480,1.000000,1.000000,1.000000,1.000000,0,0,0,0
660,29,179,480,1.000000,1.000000,1.000000,1.000000,0,0,0,0
661,27,179,481,1.000000,1.000000,1.000000,1.000000,1,0,0,0
662,25,179,482,1.000000,1.000000,1.000000,1.000000,0,0,0,0
663,29,180,482,1.000000,1.000000,1.000000,1.000000,0,0,0,0
664,27,180,483,1.000000,1.000000,1.000000,1.000000,0,1,0,0
665,25,180,484,1.000000,1.000000,1.000000,1.000000,0,1,0,0
666,29,181,484,1.000000,1.000000,1.000000,1.000000,0,1,0,0
667,27,181,485,1.000000,1.000000,1.000000,1.000000,0,0,0,0
668,25,181,486,1.000000,1.000000,1.000000,1.000000,0,0,0,0
669,23,181,487,1.000000,1.000000,1.000000,1.000000,0,0,0,0
670,21,181,488,1.000000,1.000000,1.000000,1.000000,0,0,0,0
671,19,181,489,1.000000,1.000000,1.000000,1.000000,0,0,0,0
672,17,181,490,1.000000,1.000000,1.000000,1.000000,0,0,0,0
673,15,181,491,1.000000,1.000000,1.000000,1.000000,0,1,0,0
674,13,181,492,1.000000,1.000000,1.000000,1.000000,0,0,0,0
675,29,182,492,1.000000,1.000000,1.000000,1.000000,0,0,0,0
676,27,182,493,1.000000,1.000000,1.000000,1.000000,0,0,0,0
677,25,182,494,1.000000,1.000000,1.000000,1.000000,0,0,0,0
678,23,182,495,1.000000,1.000000,1.000000,1.000000,0,0,0,0
679,21,182,496,1.000000,1.000000,1.000000,1.000000,0,1,0,0
680,19,182,497,1.000000,1.000000,1.000000,1.000000,1,0,0,0
681,29,183,497,1.000000,1.000000,1.000000,1.000000,1,0,0,0
682,27,183,498,1.000000,1.000000,1.000000,1.000000,1,0,0,0
683,29,184,498,1.000000,1.000000,1.000000,1.000000,1,0,0,0
684,27,184,499,1.000000,1.000000,1.000000,1.000000,0,0,0,0
685,29,185,499,1.000000,1.000000,1.000000,1.000000,0,0,0,0
686,27,185,500,1.000000,1.000000,1.000000,1.000000,0,0,0,0
687,25,185,501,1.000000,1.000000,1.000000,1.000000,0,0,0,0
688,23,185,502,1.000000,1.000000,1.000000,1.000000,0,0,0,0
689,21,185,503,1.000000,1.000000,1.000000,1.000000,0,0,0,0
690,19,185,504,1.000000,1.000000,1.000000,1.000000,0,0,0,0
691,17,185,505,1.000000,1.000000,1.000000,1.000000,0,0,0,0
692,15,185,506,1.000000,1.000000,1.000000,1.000000,0,1,0,0
693,13,185,507,1.000000,1.000000,1.000000,1.000000,0,0,0,0
694,29,186,507,1.000000,1.000000,1.000000,1.000000,0,0,0,0
695,27,186,508,1.000000,1.000000,1.000000,1.000000,0,0,0,0
696,25,186,509,1.000000,1.000000,1.000000,1.000000,0,0,0,0
697,23,186,510,1.000000,1.000000,1.000000,1.000000,0,0,0,0
698,21,186,511,1.000000,1.000000,1.000000,1.000000,0,0,0,0
699,19,186,512,1.000000,1.000000,1.000000,1.000000,0,0,0,0
700,17,186,513,1.000000,1.000000,1.000000,1.000000,0,1,1,0
701,15,186,514,1.000000,1.000000,1.000000,1.000000,0,0,0,0
702,29,187,514,1.000000,1.000000,1.000000,1.000000,0,0,0,0
703,27,187,515,1.000000,1.000000,1.000000,1.000000,0,0,1,0
704,25,187,516,1.000000,1.000000,1.000000,1.000000,0,0,0,0
705,29,188,516,1.000000,1.000000,1.000000,1.000000,0,0,0,0
706,27,188,517,1.000000,1.000000,1.000000,1.000000,0,1,0,1
707,25,188,518,1.000000,1.000000,1.000000,1.000000,0,0,1,0
708,29,189,518,1.000000,1.000000,1.000000,1.000000,0,0,1,0
709,27,189,519,1.000000,1.000000,1.000000,1.000000,0,0,1,0
710,25,189,520,1.000000,1.000000,1.000000,1.000000,1,0,1,0
711,29,190,520,1.000000,1.000000,1.000000,1.000000,1,0,1,0
712,27,190,521,1.000000,1.000000,1.000000,1.000000,0,0,0,0
713,29,191,521,1.000000,1.000000,1.000000,1.000000,0,0,0,0
714,27,191,522,1.000000,1.000000,1.000000,1.000000,0,0,0,0
715,25,191,523,1.000000,1.000000,1.000000,1.000000,0,0,0,1
716,23,191,524,1.000000,1.000000,1.000000,1.000000,0,0,0,0
717,29,192,524,1.000000,1.000000,1.000000,1.000000,0,0,0,0
718,27,192,525,1.000000,1.000000,1.000000,1.000000,0,0,0,0
719,25,192,526,1.000000,1.000000,1.000000,1.000000,0,0,0,0
720,23,192,527,1.000000,1.000000,1.000000,1.000000,0,0,1,0
721,21,192,528,1.000000,1.000000,1.000000,1.000000,0,0,1,0
722,29,193,528,1.000000,1.000000,1.000000,1.000000,0,0,1,0
723,27,193,529,1.000000,1.000000,1.000000,1.000000,0,1,1,0
724,29,194,529,1.000000,1.000000,1.000000,1.000000,0,1,1,0
725,27,194,530,1.000000,1.000000,1.000000,1.000000,0,1,0,0
726,29,195,530,1.000000,1.000000,1.000000,1.000000,0,1,0,0
727,27,195,531,1.000000,1.000000,1.000000,1.000000,1,0,0,0
728,29,196,531,1.000000,1.000000,1.000000,1.000000,1,0,0,0
729,27,196,532,1.000000,1.000000,1.000000,1.000000,0,0,0,0
730,29,197,532,1.000000,1.000000,1.000000,1.000000,0,0,0,0
731,27,197,533,1.000000,1.000000,1.000000,1.000000,0,0,0,0
732,25,197,534,1.000000,1.000000,1.000000,1.000000,1,0,1,0
733,23,197,535,1.000000,1.000000,1.000000,1.000000,1,0,0,0
734,29,198,535,1.000000,1.000000,1.000000,1.000000,1,0,0,0
735,27,198,536,1.000000,1.000000,1.000000,1.000000,1,0,0,0
736,29,199,536,1.000000,1.000000,1.000000,1.000000,1,0,0,0
737,27,199,537,1.000000,1.000000,1.000000,1.000000,1,0,0,0
738,29,200,537,1.000000,1.000000,1.000000,1.000000,1,0,0,0
739,27,200,538,1.000000,1.000000,1.000000,1.000000,0,0,0,0
740,29,201,538,1.000000,1.000000,1.000000,1.000000,0,0,0,0
741,27,201,539,1.000000,1.000000,1.000000,1.000000,0,1,0,0
742,25,201,540,1.000000,1.000000,1.000000,1.000000,0,0,0,0
743,29,202,540,1.000000,1.000000,1.000000,1.000000,0,0,0,0
744,27,202,541,1.000000,1.000000,1.000000,1.000000,0,1,0,0
745,25,202,542,1.000000,1.000000,1.000000,1.000000,0,0,0,0
746,29,203,542,1.000000,1.000000,1.000000,1.000000,0,0,0,0
747,27,203,543,1.000000,1.000000,1.000000,1.000000,0,0,0,0
748,25,203,544,1.000000,1.000000,1.000000,1.000000,0,0,0,1
749,23,203,545,1.000000,1.000000,1.000000,1.000000,0,0,0,0
750,21,203,546,1.000000,1.000000,1.000000,1.000000,1,0,0,0
751,19,203,547,1.000000,1.000000,1.000000,1.000000,0,0,0,0
752,17,203,548,1.000000,1.000000,1.000000,1.000000,1,0,0,0
753,15,203,549,1.000000,1.000000,1.000000,1.000000,1,0,0,0
754,29,204,549,1.000000,1.000000,1.000000,1.000000,1,0,0,0
755,27,204,550,1.000000,1.000000,1.000000,1.000000,1,0,0,0
756,29,205,550,1.000000,1.000000,1.000000,1.000000,1,0,0,0
757,27,205,551,1.000000,1.000000,1.000000,1.000000,0,0,0,0
758,29,206,551,1.000000,1.000000,1.000000,1.000000,0,0,0,0
759,27,206,552,1.000000,1.000000,1.000000,1.000000,0,0,0,0
760,25,206,553,1.000000,1.000000,1.000000,1.000000,0,0,0,0
761,23,206,554,1.000000,1.000000,1.000000,1.000000,0,0,0,0
762,21,206,555,1.000000,1.000000,1.000000,1.000000,1,1,0,0
763,19,206,556,1.000000,1.000000,1.000000,1.000000,0,1,0,0
764,29,207,556,1.000000,1.000000,1.000000,1.000000,0,1,0,0
765,27,207,557,1.000000,1.000000,1.000000,1.000000,0,0,1,0
766,25,207,558,1.000000,1.000000,1.000000,1.000000,1,0,0,0
767,23,207,559,1.000000,1.000000,1.000000,1.000000,0,0,1,0
768,29,208,559,1.000000,1.000000,1.000000,1.000000,0,0,1,0
769,27,208,560,1.000000,1.000000,1.000000,1.000000,0,0,0,0
770,29,209,560,1.000000,1.000000,1.000000,1.000000,0,0,0,0
771,27,209,561,1.000000,1.000000,1.000000,1.000000,0,0,0,0
772,25,209,562,1.000000,1.000000,1.000000,1.000000,0,0,0,0
773,23,209,563,1.000000,1.000000,1.000000,1.000000,0,0,0,0
774,21,209,564,1.000000,1.000000,1.000000,1.000000,1,0,0,0
775,19,209,565,1.000000,1.000000,1.000000,1.000000,0,0,0,0
776,29,210,565,1.000000,1.000000,1.000000,1.000000,0,0,0,0
777,27,210,566,1.000000,1.000000,1.000000,1.000000,0,0,0,0
778,25,210,567,1.000000,1.000000,1.000000,1.000000,0,0,0,0
779,23,210,568,1.000000,1.000000,1.000000,1.000000,0,0,0,0
780,21,210,569,1.000000,1.000000,1.000000,1.000000,0,0,0,0
781,19,210,570,1.000000,1.000000,1.000000,1.000000,0,0,0,0
782,17,210,571,1.000000,1.000000,1.000000,1.000000,0,0,0,0
783,15,210,572,1.000000,1.000000,1.000000,1.000000,0,0,0,0
784,13,210,573,1.000000,1.000000,1.000000,1.000000,0,1,0,0
785,11,210,574,1.000000,1.000000,1.000000,1.000000,0,1,0,0
786,29,211,574,1.000000,1.000000,1.000000,1.000000,0,1,0,0
787,27,211,575,1.000000,1.000000,1.000000,1.000000,0,0,0,0
788,25,211,576,1.000000,1.000000,1.000000,1.000000,0,1,0,0
789,23,211,577,1.000000,1.000000,1.000000,1.000000,0,0,0,0
790,29,212,577,1.000000,1.000000,1.000000,1.000000,0,0,0,0
791,27,212,578,1.000000,1.000000,1.000000,1.000000,0,0,0,0
792,25,212,579,1.000000,1.000000,1.000000,1.000000,0,0,0,0
793,23,212,580,1.000000,1.000000,1.000000,1.000000,0,0,0,1
794,21,212,581,1.000000,1.000000,1.000000,1.000000,0,0,0,0
795,29,213,581,1.000000,1.000000,1.000000,1.000000,0,0,0,0
796,27,213,582,1.000000,1.000000,1.000000,1.000000,0,0,0,0
797,25,213,583,1.000000,1.000000,1.000000,1.000000,0,0,0,0
798,23,213,584,1.000000,1.000000,1.000000,1.000000,0,0,0,0
799,21,213,585,1.000000,1.000000,1.000000,1.000000,0,0,0,0
800,19,213,586,1.000000,1.000000,1.000000,1.000000,0,0,0,0
801,17,213,587,1.000000,1.000000,1.000000,1.000000,0,0,0,0
802,15,213,588,1.000000,1.000000,1.000000,1.000000,0,0,0,0
803,13,213,589,1.000000,1.000000,1.000000,1.000000,0,1,0,0
804,11,213,590,1.000000,1.000000,1.000000,1.000000,0,1,0,0
805,29,214,590,1.000000,1.000000,1.000000,1.000000,0,1,0,0
806,27,214,591,1.000000,1.000000,1.000000,1.000000,0,0,0,0
807,29,215,591,1.000000,1.000000,1.000000,1.000000,0,0,0,0
808,27,215,592,1.000000,1.000000,1.000000,1.000000,0,0,0,0
809,25,215,593,1.000000,1.000000,1.000000,1.000000,0,0,0,0
810,23,215,594,1.000000,1.000000,1.000000,1.000000,0,1,0,0
811,21,215,595,1.000000,1.000000,1.000000,1.000000,0,0,1,0
812,29,216,595,1.000000,1.000000,1.000000,1.000000,0,0,1,0
813,27,216,596,1.000000,1.000000,1.000000,1.000000,0,1,0,0
814,25,216,597,1.000000,1.000000,1.000000,1.000000,0,0,0,1
815,29,217,597,1.000000,1.000000,1.000000,1.000000,0,0,0,1
816,27,217,598,1.000000,1.000000,1.000000,1.000000,0,0,0,0
817,29,218,598,1.000000,1.000000,1.000000,1.000000,0,0,0,0
818,27,218,599,1.000000,1.000000,1.000000,1.000000,0,0,1,1
819,25,218,600,1.000000,1.000000,1.000000,1.000000,0,0,0,0
820,29,219,600,1.000000,1.000000,1.000000,1.000000,0,0,0,0
821,27,219,601,1.000000,1.000000,1.000000,1.000000,0,1,0,1
822,25,219,602,1.000000,1.000000,1.000000,1.000000,0,0,0,0
823,29,220,602,1.000000,1.000000,1.000000,1.000000,0,0,0,0
824,27,220,603,1.000000,1.000000,1.000000,1.000000,0,0,0,0
825,25,220,604,1.000000,1.000000,1.000000,1.000000,0,0,0,0
826,23,220,605,1.000000,1.000000,1.000000,1.000000,0,0,0,1
827,21,220,606,1.000000,1.000000,1.000000,1.000000,0,0,0,0
828,29,221,606,1.000000,1.000000,1.000000,1.000000,0,0,0,0
829,27,221,607,1.000000,1.000000,1.000000,1.000000,0,0,1,0
830,25,221,608,1.000000,1.000000,1.000000,1.000000,0,0,0,0
831,29,222,608,1.000000,1.000000,1.000000,1.000000,0,0,0,0
832,27,222,609,1.000000,1.000000,1.000000,1.000000,0,0,1,1
833,25,222,610,1.000000,1.000000,1.000000,1.000000,0,0,1,0
834,29,223,610,1.000000,1.000000,1.000000,1.000000,0,0,1,0
835,27,223,611,1.000000,1.000000,1.000000,1.000000,0,0,0,0
836,29,224,611,1.000000,1.000000,1.000000,1.000000,0,0,0,0
837,27,224,612,1.000000,1.000000,1.000000,1.000000,0,1,0,0
838,25,224,613,1.000000,1.000000,1.000000,1.000000,0,1,1,0
839,29,225,613,1.000000,1.000000,1.000000,1.000000,0,1,1,0
840,27,225,614,1.000000,1.000000,1.000000,1.000000,0,0,1,0
841,29,226,614,1.000000,1.000000,1.000000,1.000000,0,0,1,0
842,27,226,615,1.000000,1.000000,1.000000,1.000000,0,1,0,1
843,29,227,615,1.000000,1.000000,1.000000,1.000000,0,1,0,1
844,27,227,616,1.000000,1.000000,1.000000,1.000000,0,0,0,0
845,29,228,616,1.000000,1.000000,1.000000,1.000000,0,0,0,0
846,27,228,617,1.000000,1.000000,1.000000,1.000000,0,0,0,0
847,25,228,618,1.000000,1.000000,1.000000,1.000000,0,0,0,0
848,23,228,619,1.000000,1.000000,1.000000,1.000000,1,0,0,0
849,21,228,620,1.000000,1.000000,1.000000,1.000000,0,0,0,0
850,29,229,620,1.000000,1.000000,1.000000,1.000000,0,0,1,0
851,27,229,621,1.000000,1.000000,1.000000,1.000000,0,0,0,0
852,29,230,621,1.000000,1.000000,1.000000,1.000000,0,0,0,0
853,27,230,622,1.000000,1.000000,1.000000,1.000000,0,0,0,1
854,25,230,623,1.000000,1.000000,1.000000,1.000000,0,0,0,0
855,29,231,623,1.000000,1.000000,1.000000,1.000000,0,0,0,0
856,27,231,624,1.000000,1.000000,1.000000,1.000000,0,0,0,0
857,25,231,625,1.000000,1.000000,1.000000,1.000000,0,0,0,0
858,23,231,626,1.000000,1.000000,1.000000,1.000000,0,0,0,0
859,21,231,627,1.000000,1.000000,1.000000,1.000000,1,0,0,0
860,19,231,628,1.000000,1.000000,1.000000,1.000000,1,0,0,0
861,29,232,628,1.000000,1.000000,1.000000,1.000000,1,0,0,0
862,27,232,629,1.000000,1.000000,1.000000,1.000000,0,0,0,1
863,29,233,629,1.000000,1.000000,1.000000,1.000000,0,0,0,1
864,27,233,630,1.000000,1.000000,1.000000,1.000000,0,0,0,0
865,29,234,630,1.000000,1.000000,1.000000,1.000000,0,0,0,0
866,27,234,631,1.000000,1.000000,1.000000,1.000000,0,0,0,0
867,25,234,632,1.000000,1.000000,1.000000,1.000000,0,0,1,0
868,23,234,633,1.000000,1.000000,1.000000,1.000000,0,0,1,0
869,29,235,633,1.000000,1.000000,1.000000,1.000000,0,0,1,0
870,27,235,634,1.000000,1.000000,1.000000,1.000000,0,0,1,0
871,29,236,634,1.000000,1.000000,1.000000,1.000000,0,0,1,0
872,27,236,635,1.000000,1.000000,1.000000,1.000000,0,0,0,0
873,29,237,635,1.000000,1.000000,1.000000,1.000000,0,0,0,0
874,27,237,636,1.000000,1.000000,1.000000,1.000000,0,0,0,0
875,25,237,637,1.000000,1.000000,1.000000,1.000000,0,0,0,0
876,23,237,638,1.000000,1.000000,1.000000,1.000000,0,1,0,0
877,21,237,639,1.000000,1.000000,1.000000,1.000000,0,0,0,0
878,29,238,639,1.000000,1.000000,1.000000,1.000000,0,0,0,0
879,27,238,640,1.000000,1.000000,1.000000,1.000000,0,0,0,0
880,25,238,641,1.000000,1.000000,1.000000,1.000000,1,1,0,0
881,23,238,642,1.000000,1.000000,1.000000,1.000000,0,0,1,0
882,29,239,642,1.000000,1.000000,1.000000,1.000000,0,0,1,0
883,27,239,643,1.000000,1.000000,1.000000,1.000000,0,0,0,0
884,29,240,643,1.000000,1.000000,1.000000,1.000000,0,0,0,0
885,27,240,644,1.000000,1.000000,1.000000,1.000000,0,0,1,0
886,25,240,645,1.000000,1.000000,1.000000,1.000000,0,1,1,0
887,29,241,645,1.000000,1.000000,1.000000,1.000000,0,1,1,0
888,27,241,646,1.000000,1.000000,1.000000,1.000000,0,0,1,0
889,29,242,646,1.000000,1.000000,1.000000,1.000000,0,0,1,0
890,27,242,647,1.000000,1.000000,1.000000,1.000000,0,1,0,1
891,29,243,647,1.000000,1.000000,1.000000,1.000000,0,1,0,1
892,27,243,648,1.000000,1.000000,1.000000,1.000000,0,0,0,0
893,29,244,648,1.000000,1.000000,1.000000,1.000000,0,0,0,0
894,27,244,649,1.000000,1.000000,1.000000,1.000000,0,0,0,0
895,25,244,650,1.000000,1.000000,1.000000,1.000000,0,1,0,0
896,23,244,651,1.000000,1.000000,1.000000,1.000000,0,0,0,0
897,29,245,651,1.000000,1.000000,1.000000,1.000000,0,0,0,0
898,27,245,652,1.000000,1.000000,1.000000,1.000000,0,1,0,0
899,25,245,653,1.000000,1.000000,1.000000,1.000000,0,0,0,0
900,23,245,654,1.000000,1.000000,1.000000,1.000000,0,0,0,0
901,21,245,655,1.000000,1.000000,1.000000,1.000000,0,0,0,0
902,19,245,656,1.000000,1.000000,1.000000,1.000000,0,0,0,0
903,17,245,657,1.000000,1.000000,1.000000,1.000000,0,0,0,0
904,15,245,658,1.000000,1.000000,1.000000,1.000000,0,0,0,0
905,13,245,659,1.000000,1.000000,1.000000,1.000000,0,0,0,0
906,11,245,660,1.000000,1.000000,1.000000,1.000000,0,0,0,0
907,9,245,661,1.000000,1.000000,1.000000,1.000000,1,0,0,0
908,7,245,662,1.000000,1.000000,1.000000,1.000000,0,0,0,1
909,29,246,662,1.000000,1.000000,1.000000,1.000000,0,0,0,1
910,27,246,663,1.000000,1.000000,1.000000,1.000000,1,0,0,1
911,29,247,663,1.000000,1.000000,1.000000,1.000000,1,0,0,1
912,27,247,664,1.000000,1.000000,1.000000,1.000000,1,0,0,0
913,29,248,664,1.000000,1.000000,1.000000,1.000000,1,0,0,0
914,27,248,665,1.000000,1.000000,1.000000,1.000000,0,1,0,0
915,29,249,665,1.000000,1.000000,1.000000,1.000000,0,1,0,0
916,27,249,666,1.000000,1.000000,1.000000,1.000000,0,0,0,0
917,29,250,666,1.000000,1.000000,1.000000,1.000000,0,0,0,0
918,27,250,667,1.000000,1.000000,1.000000,1.000000,0,0,0,0
919,25,250,668,1.000000,1.000000,1.000000,1.000000,0,0,0,0
920,23,250,669,1.000000,1.000000,1.000000,1.000000,1,1,0,0
921,21,250,670,1.000000,1.000000,1.000000,1.000000,0,0,0,0
922,29,251,670,1.000000,1.000000,1.000000,1.000000,0,0,0,0
923,27,251,671,1.000000,1.000000,1.000000,1.000000,0,1,0,1
924,25,251,672,1.000000,1.000000,1.000000,1.000000,1,1,0,0
925,23,251,673,1.000000,1.000000,1.000000,1.000000,0,0,0,1
926,29,252,673,1.000000,1.000000,1.000000,1.000000,0,0,0,1
927,27,252,674,1.000000,1.000000,1.000000,1.000000,1,0,0,0
928,29,253,674,1.000000,1.000000,1.000000,1.000000,1,0,0,0
929,27,253,675,1.000000,1.000000,1.000000,1.000000,0,0,0,0
930,29,254,675,1.000000,1.000000,1.000000,1.000000,0,0,0,0
931,27,254,676,1.000000,1.000000,1.000000,1.000000,0,0,0,0
932,25,254,677,1.000000,1.000000,1.000000,1.000000,0,0,1,0
933,23,254,678,1.000000,1.000000,1.000000,1.000000,0,0,0,0
934,29,255,678,1.000000,1.000000,1.000000,1.000000,0,0,0,0
935,27,255,679,1.000000,1.000000,1.000000,1.000000,0,1,0,0
936,25,255,680,1.000000,1.000000,1.000000,1.000000,0,0,1,0
937,29,256,680,1.000000,1.000000,1.000000,1.000000,0,0,1,0
938,27,256,681,1.000000,1.000000,1.000000,1.000000,0,0,0,0
939,29,257,681,1.000000,1.000000,1.000000,1.000000,0,0,0,0
940,27,257,682,1.000000,1.000000,1.000000,1.000000,0,0,0,0
941,25,257,683,1.000000,1.000000,1.000000,1.000000,0,0,0,0
942,23,257,684,1.000000,1.000000,1.000000,1.000000,0,0,0,0
943,21,257,685,1.000000,1.000000,1.000000,1.000000,0,1,0,0
944,19,257,686,1.000000,1.000000,1.000000,1.000000,0,0,0,0
945,29,258,686,1.000000,1.000000,1.000000,1.000000,0,0,0,0
946,27,258,687,1.000000,1.000000,1.000000,1.000000,0,0,0,0
947,25,258,688,1.000000,1.000000,1.000000,1.000000,0,0,0,0
948,23,258,689,1.000000,1.000000,1.000000,1.000000,0,0,0,0
949,21,258,690,1.000000,1.000000,1.000000,1.000000,0,0,0,0
950,19,258,691,1.000000,1.000000,1.000000,1.000000,0,0,0,0
951,17,258,692,1.000000,1.000000,1.000000,1.000000,0,0,0,0
952,29,259,692,1.000000,1.000000,1.000000,1.000000,0,0,0,0
953,27,259,693,1.000000,1.000000,1.000000,1.000000,0,0,0,0
954,25,259,694,1.000000,1.000000,1.000000,1.000000,1,1,0,0
955,23,259,695,1.000000,1.000000,1.000000,1.000000,0,1,0,0
956,21,259,696,1.000000,1.000000,1.000000,1.000000,0,1,0,1
957,19,259,697,1.000000,1.000000,1.000000,1.000000,0,1,0,0
958,29,260,697,1.000000,1.000000,1.000000,1.000000,0,1,0,0
959,27,260,698,1.000000,1.000000,1.000000,1.000000,0,1,0,0
960,25,260,699,1.000000,1.000000,1.000000,1.000000,0,0,0,1
961,29,261,699,1.000000,1.000000,1.000000,1.000000,0,0,0,1
962,27,261,700,1.000000,1.000000,1.000000,1.000000,0,0,0,0
963,29,262,700,1.000000,1.000000,1.000000,1.000000,0,0,0,0
964,27,262,701,1.000000,1.000000,1.000000,1.000000,1,0,0,0
965,25,262,702,1.000000,1.000000,1.000000,1.000000,0,0,0,0
966,29,263,702,1.000000,1.000000,1.000000,1.000000,0,0,0,0
967,27,263,703,1.000000,1.000000,1.000000,1.000000,0,0,0,0
968,25,263,704,1.000000,1.000000,1.000000,1.000000,0,0,0,0
969,23,263,705,1.000000,1.000000,1.000000,1.000000,0,0,0,0
970,21,263,706,1.000000,1.000000,1.000000,1.000000,0,0,1,0
971,19,263,707,1.000000,1.000000,1.000000,1.000000,0,0,0,0
972,29,264,707,1.000000,1.000000,1.000000,1.000000,0,0,0,0
973,27,264,708,1.000000,1.000000,1.000000,1.000000,0,0,1,0
974,25,264,709,1.000000,1.000000,1.000000,1.000000,0,0,0,0
975,29,265,709,1.000000,1.000000,1.000000,1.000000,0,0,0,0
976,27,265,710,1.000000,1.000000,1.000000,1.000000,0,0,0,0
977,25,265,711,1.000000,1.000000,1.000000,1.000000,0,0,0,1
978,23,265,712,1.000000,1.000000,1.000000,1.000000,0,0,1,0
979,29,266,712,1.000000,1.000000,1.000000,1.000000,0,0,1,0
980,27,266,713,1.000000,1.000000,1.000000,1.000000,0,0,0,0
981,25,266,714,1.000000,1.000000,1.000000,1.000000,0,0,1,0
982,23,266,715,1.000000,1.000000,1.000000,1.000000,0,0,0,0
983,29,267,715,1.000000,1.000000,1.000000,1.000000,0,0,0,0
984,27,267,716,1.000000,1.000000,1.000000,1.000000,0,0,0,0
985,25,267,717,1.000000,1.000000,1.000000,1.000000,0,0,0,0
986,23,267,718,1.000000,1.000000,1.000000,1.000000,0,0,0,0
987,21,267,719,1.000000,1.000000,1.000000,1.000000,1,0,0,0
988,19,267,720,1.000000,1.000000,1.000000,1.000000,0,0,0,0
989,29,268,720,1.000000,1.000000,1.000000,1.000000,0,0,0,0
990,27,268,721,1.000000,1.000000,1.000000,1.000000,0,0,0,0
991,25,268,722,1.000000,1.000000,1.000000,1.000000,0,0,0,0
992,23,268,723,1.000000,1.000000,1.000000,1.000000,0,0,0,0
993,21,268,724,1.000000,1.000000,1.000000,1.000000,0,0,0,0
994,29,269,724,1.000000,1.000000,1.000000,1.000000,0,0,0,0
995,27,269,725,1.000000,1.000000,1.000000,1.000000,0,0,0,0
996,25,269,726,1.000000,1.000000,1.000000,1.000000,0,0,0,0
997,23,269,727,1.000000,1.000000,1.000000,1.000000,0,0,0,0
998,21,269,728,1.000000,1.000000,1.000000,1.000000,0,0,1,0
999,19,269,729,1.000000,1.000000,1.000000,1.000000,0,0,0,0
1000,17,269,730,1.000000,1.000000,1.000000,1.000000,0,0,0,0
1001,15,269,731,1.000000,1.000000,1.000000,1.000000,0,0,0,1
1002,13,269,732,1.000000,1.000000,1.000000,1.000000,0,0,0,1
1003,29,270,732,1.000000,1.000000,1.000000,1.000000,0,0,0,1
1004,27,270,733,1.000000,1.000000,1.000000,1.000000,0,0,0,0
1005,25,270,734,1.000000,1.000000,1.000000,1.000000,0,1,0,0
1006,23,270,735,1.000000,1.000000,1.000000,1.000000,0,0,0,0
1007,29,271,735,1.000000,1.000000,1.000000,1.000000,0,0,0,0
1008,27,271,736,1.000000,1.000000,1.000000,1.000000,0,1,0,0
1009,25,271,737,1.000000,1.000000,1.000000,1.000000,0,0,1,0
1010,29,272,737,1.000000,1.000000,1.000000,1.000000,0,0,1,0
1011,27,272,738,1.000000,1.000000,1.000000,1.000000,0,0,0,0
1012,29,273,738,1.000000,1.000000,1.000000,1.000000,0,0,0,0
1013,27,273,739,1.000000,1.000000,1.000000,1.000000,0,0,0,0
1014,25,273,740,1.000000,1.000000,1.000000,1.000000,0,0,0,0
1015,23,273,741,1.000000,1.000000,1.000000,1.000000,0,0,0,0
1016,21,273,742,1.000000,1.000000,1.000000,1.000000,0,0,0,0
1017,19,273,743,1.000000,1.000000,1.000000,1.000000,0,0,0,0
1018,17,273,744,1.000000,1.000000,1.000000,1.000000,0,0,0,0
1019,15,273,745,1.000000,1.000000,1.000000,1.000000,0,0,0,0
1020,13,273,746,1.000000,1.000000,1.000000,1.000000,0,0,0,0
1021,11,273,747,1.000000,1.000000,1.000000,1.000000,0,0,0,0
1022,9,273,748,1.000000,1.000000,1.000000,1.000000,0,0,0,0
1023,7,273,749,1.000000,1.000000,1.000000,1.000000,0,0,0,0
1024,5,273,750,1.000000,1.000000,1.000000,1.000000,0,0,1,0
1025,3,273,751,1.000000,1.000000,1.000000,1.000000,0,0,0,0
1026,29,274,751,1.000000,1.000000,1.000000,1.000000,0,0,0,0
1027,27,274,752,1.000000,1.000000,1.000000,1.000000,0,0,1,0
1028,25,274,753,1.000000,1.000000,1.000000,1.000000,0,0,0,0
1029,29,275,753,1.000000,1.000000,1.000000,1.000000,0,0,0,0
1030,27,275,754,1.000000,1.000000,1.000000,1.000000,0,0,0,0
1031,25,275,755,1.000000,1.000000,1.000000,1.000000,0,0,0,0
1032,23,275,756,1.000000,1.000000,1.000000,1.000000,0,0,0,0
1033,21,275,757,1.000000,1.000000,1.000000,1.000000,0,1,0,1
1034,19,275,758,1.000000,1.000000,1.000000,1.000000,0,0,0,0
1035,29,276,758,1.000000,1.000000,1.000000,1.000000,0,0,0,0
1036,27,276,759,1.000000,1.000000,1.000000,1.000000,0,0,0,0
1037,25,276,760,1.000000,1.000000,1.000000,1.000000,0,0,0,0
1038,23,276,761,1.000000,1.000000,1.000000,1.000000,0,0,1,0
1039,21,276,762,1.000000,1.000000,1.000000,1.000000,0,0,0,0
1040,29,277,762,1.000000,1.000000,1.000000,1.000000,0,0,0,0
1041,27,277,763,1.000000,1.000000,1.000000,1.000000,0,0,0,0
1042,25,277,764,1.000000,1.000000,1.000000,1.000000,0,0,0,0
1043,23,277,765,1.000000,1.000000,1.000000,1.000000,0,0,0,0
1044,21,277,766,1.000000,1.000000,1.000000,1.000000,0,0,0,0
1045,19,277,767,1.000000,1.000000,1.000000,1.000000,0,0,0,0
1046,17,277,768,1.000000,1.000000,1.000000,1.000000,0,0,1,0
1047,15,277,769,1.000000,1.000000,1.000000,1.000000,0,0,0,0
1048,29,278,769,1.000000,1.000000,1.000000,1.000000,0,0,0,0
1049,27,278,770,1.000000,1.000000,1.000000,1.000000,0,0,1,0
1050,25,278,771,1.000000,1.000000,1.000000,1.000000,0,0,1,0
1051,23,278,772,1.000000,1.000000,1.000000,1.000000,0,1,1,1
1052,29,279,772,1.000000,1.000000,1.000000,1.000000,0,1,1,1
1053,27,279,773,1.000000,1.000000,1.000000,1.000000,0,0,0,0
1054,29,280,773,1.000000,1.000000,1.000000,1.000000,0,0,0,0
1055,27,280,774,1.000000,1.000000,1.000000,1.000000,0,1,0,0
1056,25,280,775,1.000000,1.000000,1.000000,1.000000,0,0,0,0
1057,23,280,776,1.000000,1.000000,1.000000,1.000000,0,0,0,0
1058,21,280,777,1.000000,1.000000,1.000000,1.000000,0,0,0,0
1059,19,280,778,1.000000,1.000000,1.000000,1.000000,0,1,1,0
1060,17,280,779,1.000000,1.000000,1.000000,1.000000,0,0,1,0
1061,29,281,779,1.000000,1.000000,1.000000,1.000000,0,0,1,0
1062,27,281,780,1.000000,1.000000,1.000000,1.000000,0,0,0,0
1063,29,282,780,1.000000,1.000000,1.000000,1.000000,0,0,0,0
1064,27,282,781,1.000000,1.000000,1.000000,1.000000,0,0,0,0
1065,25,282,782,1.000000,1.000000,1.000000,1.000000,1,0,0,0
1066,23,282,783,1.000000,1.000000,1.000000,1.000000,0,1,0,1
1067,29,283,783,1.000000,1.000000,1.000000,1.000000,0,1,0,1
1068,27,283,784,1.000000,1.000000,1.000000,1.000000,0,0,0,1
1069,29,284,784,1.000000,1.000000,1.000000,1.000000,0,0,0,1
1070,27,284,785,1.000000,1.000000,1.000000,1.000000,0,0,0,0
1071,29,285,785,1.000000,1.000000,1.000000,1.000000,0,0,0,0
1072,27,285,786,1.000000,1.000000,1.000000,1.000000,0,0,0,1
1073,25,285,787,1.000000,1.000000,1.000000,1.000000,0,0,0,0
1074,29,286,787,1.000000,1.000000,1.000000,1.000000,0,0,0,0
1075,27,286,788,1.000000,1.000000,1.000000,1.000000,0,0,1,1
1076,25,286,789,1.000000,1.000000,1.000000,1.000000,0,0,0,1
1077,29,287,789,1.000000,1.000000,1.000000,1.000000,0,0,0,1
1078,27,287,790,1.000000,1.000000,1.000000,1.000000,1,0,0,0
1079,25,287,791,1.000000,1.000000,1.000000,1.000000,0,0,1,0
1080,29,288,791,1.000000,1.000000,1.000000,1.000000,0,0,1,0
1081,27,288,792,1.000000,1.000000,1.000000,1.000000,0,0,0,0
1082,25,288,793,1.000000,1.000000,1.000000,1.000000,0,0,1,0
1083,23,288,794,1.000000,1.000000,1.000000,1.000000,0,0,0,0
1084,21,288,795,1.000000,1.000000,1.000000,1.000000,0,0,1,0
1085,19,288,796,1.000000,1.000000,1.000000,1.000000,0,0,0,0
1086,29,289,796,1.000000,1.000000,1.000000,1.000000,0,0,0,0
1087,27,289,797,1.000000,1.000000,1.000000,1.000000,0,0,0,0
1088,25,289,798,1.000000,1.000000,1.000000,1.000000,1,1,0,0
1089,23,289,799,1.000000,1.000000,1.000000,1.000000,0,1,0,0
1090,29,290,799,1.000000,1.000000,1.000000,1.000000,0,1,0,0
1091,27,290,800,1.000000,1.000000,1.000000,1.000000,0,1,1,0
1092,29,291,800,1.000000,1.000000,1.000000,1.000000,0,1,1,0
1093,27,291,801,1.000000,1.000000,1.000000,1.000000,0,0,1,0
1094,29,292,801,1.000000,1.000000,1.000000,1.000000,0,0,1,0
1095,27,292,802,1.000000,1.000000,1.000000,1.000000,0,0,0,0
1096,29,293,802,1.000000,1.000000,1.000000,1.000000,0,0,0,0
1097,27,293,803,1.000000,1.000000,1.000000,1.000000,0,0,0,1
1098,25,293,804,1.000000,1.000000,1.000000,1.000000,0,0,1,0
1099,29,294,804,1.000000,1.000000,1.000000,1.000000,0,0,1,0
1100,27,294,805,1.000000,1.000000,1.000000,1.000000,0,0,0,1
1101,29,295,805,1.000000,1.000000,1.000000,1.000000,0,0,0,1
1102,27,295,806,1.000000,1.000000,1.000000,1.000000,0,0,0,0
1103,29,296,806,1.000000,1.000000,1.000000,1.000000,0,0,0,0
1104,27,296,807,1.000000,1.000000,1.000000,1.000000,0,0,0,0
1105,25,296,808,1.000000,1.000000,1.000000,1.000000,0,0,1,0
1106,23,296,809,1.000000,1.000000,1.000000,1.000000,0,0,0,1
1107,29,297,809,1.000000,1.000000,1.000000,1.000000,0,0,0,1
1108,27,297,810,1.000000,1.000000,1.000000,1.000000,0,0,1,1
1109,29,298,810,1.000000,1.000000,1.000000,1.000000,0,0,1,1
1110,27,298,811,1.000000,1.000000,1.000000,1.000000,0,0,0,0
1111,29,299,811,1.000000,1.000000,1.000000,1.000000,0,0,0,0
1112,27,299,812,1.000000,1.000000,1.000000,1.000000,1,0,0,1
1113,25,299,813,1.000000,1.000000,1.000000,1.000000,1,0,0,0
1114,29,300,813,1.000000,1.000000,1.000000,1.000000,1,0,0,0
1115,27,300,814,1.000000,1.000000,1.000000,1.000000,1,0,0,0
1116,29,301,814,1.000000,1.000000,1.000000,1.000000,1,0,0,0
1117,27,301,815,1.000000,1.000000,1.000000,1.000000,0,0,0,0
1118,29,302,815,1.000000,1.000000,1.000000,1.000000,0,0,0,0
1119,27,302,816,1.000000,1.000000,1.000000,1.000000,0,0,0,0
1120,25,302,817,1.000000,1.000000,1.000000,1.000000,0,0,0,0
1121,23,302,818,1.000000,1.000000,1.000000,1.000000,0,0,0,0
1122,21,302,819,1.000000,1.000000,1.000000,1.000000,0,0,0,0
1123,19,302,820,1.000000,1.000000,1.000000,1.000000,0,0,0,0
1124,17,302,821,1.000000,1.000000,1.000000,1.000000,0,0,0,0
1125,15,302,822,1.000000,1.000000,1.000000,1.000000,0,0,0,0
1126,13,302,823,1.000000,1.000000,1.000000,1.000000,0,0,0,0
1127,11,302,824,1.000000,1.000000,1.000000,1.000000,0,0,1,0
1128,9,302,825,1.000000,1.000000,1.000000,1.000000,0,0,0,0
1129,29,303,825,1.000000,1.000000,1.000000,1.000000,0,0,0,0
1130,27,303,826,1.000000,1.000000,1.000000,1.000000,0,1,0,0
1131,25,303,827,1.000000,1.000000,1.000000,1.000000,0,0,0,0
1132,23,303,828,1.000000,1.000000,1.000000,1.000000,1,1,0,0
1133,21,303,829,1.000000,1.000000,1.000000,1.000000,1,1,0,0
1134,29,304,829,1.000000,1.000000,1.000000,1.000000,1,1,0,0
1135,27,304,830,1.000000,1.000000,1.000000,1.000000,0,1,1,0
1136,29,305,830,1.000000,1.000000,1.000000,1.000000,0,1,1,0
1137,27,305,831,1.000000,1.000000,1.000000,1.000000,0,0,0,0
1138,29,306,831,1.000000,1.000000,1.000000,1.000000,0,0,0,0
1139,27,306,832,1.000000,1.000000,1.000000,1.000000,0,0,0,0
1140,25,306,833,1.000000,1.000000,1.000000,1.000000,0,0,0,0
1141,23,306,834,1.000000,1.000000,1.000000,1.000000,0,0,0,0
1142,21,306,835,1.000000,1.000000,1.000000,1.000000,0,0,0,0
1143,19,306,836,1.000000,1.000000,1.000000,1.000000,0,0,0,0
1144,17,306,837,1.000000,1.000000,1.000000,1.000000,0,0,0,0
1145,15,306,838,1.000000,1.000000,1.000000,1.000000,0,0,0,0
1146,13,306,839,1.000000,1.000000,1.000000,1.000000,0,0,0,0
1147,11,306,840,1.000000,1.000000,1.000000,1.000000,0,0,0,0
1148,9,306,841,1.000000,1.000000,1.000000,1.000000,0,0,0,0
1149,7,306,842,1.000000,1.000000,1.000000,1.000000,1,0,0,0
1150,5,306,843,1.000000,1.000000,1.000000,1.000000,0,0,0,1
1151,29,307,843,1.000000,1.000000,1.000000,1.000000,0,0,0,1
1152,27,307,844,1.000000,1.000000,1.000000,1.000000,0,0,1,1
1153,25,307,845,1.000000,1.000000,1.000000,1.000000,1,1,0,0
1154,29,308,845,1.000000,1.000000,1.000000,1.000000,1,1,0,0
1155,27,308,846,1.000000,1.000000,1.000000,1.000000,0,0,1,0
1156,29,309,846,1.000000,1.000000,1.000000,1.000000,0,0,1,0
1157,27,309,847,1.000000,1.000000,1.000000,1.000000,1,0,0,0
1158,25,309,848,1.000000,1.000000,1.000000,1.000000,1,0,0,0
1159,29,310,848,1.000000,1.000000,1.000000,1.000000,1,0,0,0
1160,27,310,849,1.000000,1.000000,1.000000,1.000000,0,0,0,0
1161,29,311,849,1.000000,1.000000,1.000000,1.000000,0,0,0,0
1162,27,311,850,1.000000,1.000000,1.000000,1.000000,0,0,0,0
1163,25,311,851,1.000000,1.000000,1.000000,1.000000,0,0,0,0
1164,23,311,852,1.000000,1.000000,1.000000,1.000000,0,0,0,0
1165,21,311,853,1.000000,1.000000,1.000000,1.000000,0,0,0,0
1166,19,311,854,1.000000,1.000000,1.000000,1.000000,0,0,0,0
1167,17,311,855,1.000000,1.000000,1.000000,1.000000,0,0,0,0
1168,15,311,856,1.000000,1.000000,1.000000,1.000000,0,0,0,0
1169,13,311,857,1.000000,1.000000,1.000000,1.000000,0,0,0,0
1170,11,311,858,1.000000,1.000000,1.000000,1.000000,1,0,0,0
1171,9,311,859,1.000000,1.000000,1.000000,1.000000,0,0,0,0
1172,29,312,859,1.000000,1.000000,1.000000,1.000000,0,0,0,0
1173,27,312,860,1.000000,1.000000,1.000000,1.000000,0,0,0,0
1174,25,312,861,1.000000,1.000000,1.000000,1.000000,0,0,0,0
1175,23,312,862,1.000000,1.000000,1.000000,1.000000,0,0,0,0
1176,21,312,863,1.000000,1.000000,1.000000,1.000000,0,1,1,0
1177,19,312,864,1.000000,1.000000,1.000000,1.000000,0,0,1,0
1178,29,313,864,1.000000,1.000000,1.000000,1.000000,0,0,1,0
1179,27,313,865,1.000000,1.000000,1.000000,1.000000,0,0,0,1
1180,25,313,866,1.000000,1.000000,1.000000,1.000000,0,1,0,0
1181,29,314,866,1.000000,1.000000,1.000000,1.000000,0,1,0,0
1182,27,314,867,1.000000,1.000000,1.000000,1.000000,0,0,0,0
1183,29,315,867,1.000000,1.000000,1.000000,1.000000,0,0,0,0
1184,27,315,868,1.000000,1.000000,1.000000,1.000000,0,0,0,0
1185,25,315,869,1.000000,1.000000,1.000000,1.000000,1,0,0,0
1186,23,315,870,1.000000,1.000000,1.000000,1.000000,1,0,0,0
1187,29,316,870,1.000000,1.000000,1.000000,1.000000,1,0,0,0
1188,27,316,871,1.000000,1.000000,1.000000,1.000000,1,0,0,0
1189,25,316,872,1.000000,1.000000,1.000000,1.000000,0,1,1,1
1190,29,317,872,1.000000,1.000000,1.000000,1.000000,0,1,1,1
1191,27,317,873,1.000000,1.000000,1.000000,1.000000,0,0,0,0
1192,29,318,873,1.000000,1.000000,1.000000,1.000000,0,0,0,0
1193,27,318,874,1.000000,1.000000,1.000000,1.000000,1,0,0,1
1194,25,318,875,1.000000,1.000000,1.000000,1.000000,0,0,0,0
1195,29,319,875,1.000000,1.000000,1.000000,1.000000,0,0,0,0
1196,27,319,876,1.000000,1.000000,1.000000,1.000000,0,0,0,1
1197,25,319,877,1.000000,1.000000,1.000000,1.000000,0,0,0,1
1198,29,320,877,1.000000,1.000000,1.000000,1.000000,0,0,0,1
1199,27,320,878,1.000000,1.000000,1.000000,1.000000,1,0,0,0
1200,29,321,878,1.000000,1.000000,1.000000,1.000000,1,0,0,0
1201,27,321,879,1.000000,1.000000,1.000000,1.000000,0,0,0,0
1202,29,322,879,1.000000,1.000000,1.000000,1.000000,0,0,0,0
1203,27,322,880,1.000000,1.000000,1.000000,1.000000,0,0,0,0
1204,25,322,881,1.000000,1.000000,1.000000,1.000000,1,0,0,0
1205,23,322,882,1.000000,1.000000,1.000000,1.000000,0,0,0,0
1206,29,323,882,1.000000,1.000000,1.000000,1.000000,0,0,0,0
1207,27,323,883,1.000000,1.000000,1.000000,1.000000,1,0,0,0
1208,25,323,884,1.000000,1.000000,1.000000,1.000000,0,0,0,0
1209,29,324,884,1.000000,1.000000,1.000000,1.000000,0,0,0,0
1210,27,324,885,1.000000,1.000000,1.000000,1.000000,0,0,0,0
1211,25,324,886,1.000000,1.000000,1.000000,1.000000,0,0,0,0
1212,23,324,887,1.000000,1.000000,1.000000,1.000000,0,1,0,0
1213,21,324,888,1.000000,1.000000,1.000000,1.000000,0,0,0,0
1214,29,325,888,1.000000,1.000000,1.000000,1.000000,0,0,0,0
1215,27,325,889,1.000000,1.000000,1.000000,1.000000,0,0,0,0
1216,25,325,890,1.000000,1.000000,1.000000,1.000000,0,0,0,0
1217,23,325,891,1.000000,1.000000,1.000000,1.000000,0,0,0,0
1218,21,325,892,1.000000,1.000000,1.000000,1.000000,0,0,0,0
1219,19,325,893,1.000000,1.000000,1.000000,1.000000,0,0,0,0
1220,17,325,894,1.000000,1.000000,1.000000,1.000000,0,0,0,0
1221,15,325,895,1.000000,1.000000,1.000000,1.000000,0,0,0,0
1222,13,325,896,1.000000,1.000000,1.000000,1.000000,0,0,0,0
1223,11,325,897,1.000000,1.000000,1.000000,1.000000,0,1,0,0
1224,9,325,898,1.000000,1.000000,1.000000,1.000000,0,0,0,0
1225,29,326,898,1.000000,1.000000,1.000000,1.000000,0,0,0,0
1226,27,326,899,1.000000,1.000000,1.000000,1.000000,0,0,0,0
1227,25,326,900,1.000000,1.000000,1.000000,1.000000,0,0,0,0
1228,23,326,901,1.000000,1.000000,1.000000,1.000000,0,0,0,0
1229,21,326,902,1.000000,1.000000,1.000000,1.000000,0,0,0,0
1230,19,326,903,1.000000,1.000000,1.000000,1.000000,0,0,0,0
1231,17,326,904,1.000000,1.000000,1.000000,1.000000,0,0,0,0
1232,15,326,905,1.000000,1.000000,1.000000,1.000000,0,0,0,0
1233,13,326,906,1.000000,1.000000,1.000000,1.000000,1,1,0,0
1234,11,326,907,1.000000,1.000000,1.000000,1.000000,0,0,0,0
1235,29,327,907,1.000000,1.000000,1.000000,1.000000,0,0,0,0
1236,27,327,908,1.000000,1.000000,1.000000,1.000000,0,0,1,0
1237,25,327,909,1.000000,1.000000,1.000000,1.000000,0,0,0,0
1238,29,328,909,1.000000,1.000000,1.000000,1.000000,0,0,0,0
1239,27,328,910,1.000000,1.000000,1.000000,1.000000,0,0,0,0
1240,25,328,911,1.000000,1.000000,1.000000,1.000000,0,0,1,0
1241,23,328,912,1.000000,1.000000,1.000000,1.000000,0,1,0,0
1242,21,328,913,1.000000,1.000000,1.000000,1.000000,0,0,0,0
1243,29,329,913,1.000000,1.000000,1.000000,1.000000,0,0,0,0
1244,27,329,914,1.000000,1.000000,1.000000,1.000000,0,1,0,0
1245,25,329,915,1.000000,1.000000,1.000000,1.000000,0,1,1,0
1246,29,330,915,1.000000,1.000000,1.000000,1.000000,0,1,1,0
1247,27,330,916,1.000000,1.000000,1.000000,1.000000,0,0,0,0
1248,29,331,916,1.000000,1.000000,1.000000,1.000000,0,0,0,0
1249,27,331,917,1.000000,1.000000,1.000000,1.000000,0,0,1,1
1250,25,331,918,1.000000,1.000000,1.000000,1.000000,0,0,0,1
1251,23,331,919,1.000000,1.000000,1.000000,1.000000,1,1,0,0
1252,29,332,919,1.000000,1.000000,1.000000,1.000000,1,1,0,0
1253,27,332,920,1.000000,1.000000,1.000000,1.000000,0,0,0,0
1254,29,333,920,1.000000,1.000000,1.000000,1.000000,0,0,0,0
1255,27,333,921,1.000000,1.000000,1.000000,1.000000,0,1,0,0
1256,25,333,922,1.000000,1.000000,1.000000,1.000000,0,0,0,0
1257,23,333,923,1.000000,1.000000,1.000000,1.000000,0,0,1,0
1258,21,333,924,1.000000,1.000000,1.000000,1.000000,0,0,0,0
1259,29,334,924,1.000000,1.000000,1.000000,1.000000,0,0,0,0
1260,27,334,925,1.000000,1.000000,1.000000,1.000000,0,0,1,0
1261,25,334,926,1.000000,1.000000,1.000000,1.000000,0,0,0,0
1262,29,335,926,1.000000,1.000000,1.000000,1.000000,0,0,0,0
1263,27,335,927,1.000000,1.000000,1.000000,1.000000,0,0,0,0
1264,25,335,928,1.000000,1.000000,1.000000,1.000000,0,0,0,0
1265,23,335,929,1.000000,1.000000,1.000000,1.000000,0,0,0,0
1266,21,335,930,1.000000,1.000000,1.000000,1.000000,1,0,0,0
1267,19,335,931,1.000000,1.000000,1.000000,1.000000,0,0,0,0
1268,17,335,932,1.000000,1.000000,1.000000,1.000000,1,0,0,0
1269,15,335,933,1.000000,1.000000,1.000000,1.000000,1,0,0,0
1270,29,336,933,1.000000,1.000000,1.000000,1.000000,1,0,0,0
1271,27,336,934,1.000000,1.000000,1.000000,1.000000,0,0,0,0
1272,29,337,934,1.000000,1.000000,1.000000,1.000000,0,0,0,0
1273,27,337,935,1.000000,1.000000,1.000000,1.000000,0,0,0,1
1274,25,337,936,1.000000,1.000000,1.000000,1.000000,0,0,0,0
1275,29,338,936,1.000000,1.000000,1.000000,1.000000,0,0,0,0
1276,27,338,937,1.000000,1.000000,1.000000,1.000000,0,0,0,0
1277,25,338,938,1.000000,1.000000,1.000000,1.000000,1,1,0,0
1278,23,338,939,1.000000,1.000000,1.000000,1.000000,0,0,0,0
1279,29,339,939,1.000000,1.000000,1.000000,1.000000,0,0,0,0
1280,27,339,940,1.000000,1.000000,1.000000,1.000000,0,0,1,0
1281,25,339,941,1.000000,1.000000,1.000000,1.000000,0,0,0,0
1282,29,340,941,1.000000,1.000000,1.000000,1.000000,0,0,0,0
1283,27,340,942,1.000000,1.000000,1.000000,1.000000,0,0,0,0
1284,25,340,943,1.000000,1.000000,1.000000,1.000000,0,0,0,0
1285,23,340,944,1.000000,1.000000,1.000000,1.000000,0,0,0,0
1286,21,340,945,1.000000,1.000000,1.000000,1.000000,0,0,0,0
1287,19,340,946,1.000000,1.000000,1.000000,1.000000,0,0,0,0
1288,17,340,947,1.000000,1.000000,1.000000,1.000000,0,1,0,0
1289,15,340,948,1.000000,1.000000,1.000000,1.000000,0,0,0,0
1290,29,341,948,1.000000,1.000000,1.000000,1.000000,0,0,0,0
1291,27,341,949,1.000000,1.000000,1.000000,1.000000,0,0,0,0
1292,25,341,950,1.000000,1.000000,1.000000,1.000000,0,0,0,0
1293,23,341,951,1.000000,1.000000,1.000000,1.000000,0,0,0,0
1294,21,341,952,1.000000,1.000000,1.000000,1.000000,1,0,0,0
1295,19,341,953,1.000000,1.000000,1.000000,1.000000,0,0,0,0
1296,29,342,953,1.000000,1.000000,1.000000,1.000000,0,0,0,0
1297,27,342,954,1.000000,1.000000,1.000000,1.000000,0,1,0,0
1298,25,342,955,1.000000,1.000000,1.000000,1.000000,0,0,0,0
1299,29,343,955,1.000000,1.000000,1.000000,1.000000,0,0,0,0
1300,27,343,956,1.000000,1.000000,1.000000,1.000000,0,0,0,0
1301,25,343,957,1.000000,1.000000,1.000000,1.000000,0,0,0,0
1302,23,343,958,1.000000,1.000000,1.000000,1.000000,0,0,0,0
1303,21,343,959,1.000000,1.000000,1.000000,1.000000,0,0,1,0
1304,19,343,960,1.000000,1.000000,1.000000,1.000000,0,0,0,0
1305,29,344,960,1.000000,1.000000,1.000000,1.000000,0,0,0,0
1306,27,344,961,1.000000,1.000000,1.000000,1.000000,0,0,0,0
1307,25,344,962,1.000000,1.000000,1.000000,1.000000,0,0,0,0
1308,23,344,963,1.000000,1.000000,1.000000,1.000000,0,0,0,0
1309,21,344,964,1.000000,1.000000,1.000000,1.000000,0,0,0,0
1310,19,344,965,1.000000,1.000000,1.000000,1.000000,0,1,0,0
1311,17,344,966,1.000000,1.000000,1.000000,1.000000,0,0,0,0
1312,29,345,966,1.000000,1.000000,1.000000,1.000000,0,0,0,0
1313,27,345,967,1.000000,1.000000,1.000000,1.000000,0,0,0,0
1314,25,345,968,1.000000,1.000000,1.000000,1.000000,0,0,0,0
1315,23,345,969,1.000000,1.000000,1.000000,1.000000,0,0,0,0
1316,21,345,970,1.000000,1.000000,1.000000,1.000000,1,0,0,0
1317,19,345,971,1.000000,1.000000,1.000000,1.000000,0,0,0,0
1318,29,346,971,1.000000,1.000000,1.000000,1.000000,0,0,0,0
1319,27,346,972,1.000000,1.000000,1.000000,1.000000,0,0,0,0
1320,25,346,973,1.000000,1.000000,1.000000,1.000000,0,0,0,0
1321,23,346,974,1.000000,1.000000,1.000000,1.000000,0,0,0,1
1322,21,346,975,1.000000,1.000000,1.000000,1.000000,0,0,0,0
1323,29,347,975,1.000000,1.000000,1.000000,1.000000,0,0,0,0
1324,27,347,976,1.000000,1.000000,1.000000,1.000000,0,0,0,0
1325,25,347,977,1.000000,1.000000,1.000000,1.000000,0,0,0,0
1326,23,347,978,1.000000,1.000000,1.000000,1.000000,0,0,0,0
1327,21,347,979,1.000000,1.000000,1.000000,1.000000,0,0,0,0
1328,19,347,980,1.000000,1.000000,1.000000,1.000000,0,0,0,0
1329,17,347,981,1.000000,1.000000,1.000000,1.000000,0,0,0,0
1330,15,347,982,1.000000,1.000000,1.000000,1.000000,0,0,0,0
1331,13,347,983,1.000000,1.000000,1.000000,1.000000,0,0,1,0
1332,11,347,984,1.000000,1.000000,1.000000,1.000000,0,0,0,0
1333,9,347,985,1.000000,1.000000,1.000000,1.000000,0,0,1,0
1334,7,347,986,1.000000,1.000000,1.000000,1.000000,0,0,0,0
1335,29,348,986,1.000000,1.000000,1.000000,1.000000,0,0,0,0
1336,27,348,987,1.000000,1.000000,1.000000,1.000000,0,0,0,0
1337,25,348,988,1.000000,1.000000,1.000000,1.000000,0,0,0,0
1338,23,348,989,1.000000,1.000000,1.000000,1.000000,0,0,0,0
1339,21,348,990,1.000000,1.000000,1.000000,1.000000,0,0,0,0
1340,19,348,991,1.000000,1.000000,1.000000,1.000000,1,0,1,0
1341,17,348,992,1.000000,1.000000,1.000000,1.000000,0,0,0,0
1342,29,349,992,1.000000,1.000000,1.000000,1.000000,0,0,0,0
1343,27,349,993,1.000000,1.000000,1.000000,1.000000,0,0,0,0
1344,25,349,994,1.000000,1.000000,1.000000,1.000000,0,0,0,0
1345,23,349,995,1.000000,1.000000,1.000000,1.000000,0,0,0,0
1346,21,349,996,1.000000,1.000000,1.000000,1.000000,0,0,0,0
1347,19,349,997,1.000000,1.000000,1.000000,1.000000,0,0,0,0
1348,17,349,998,1.000000,1.000000,1.000000,1.000000,0,0,0,0
1349,15,349,999,1.000000,1.000000,1.000000,1.000000,0,1,0,1
1350,13,349,1000,1.000000,1.000000,1.000000,1.000000,0,0,1,0
1351,29,350,1000,1.000000,1.000000,1.000000,1.000000,0,0,1,0
1352,27,350,1001,1.000000,1.000000,1.000000,1.000000,0,1,0,0
1353,29,351,1001,1.000000,1.000000,1.000000,1.000000,0,1,0,0
1354,27,351,1002,1.000000,1.000000,1.000000,1.000000,0,0,0,0
1355,29,352,1002,1.000000,1.000000,1.000000,1.000000,0,0,0,0
1356,27,352,1003,1.000000,1.000000,1.000000,1.000000,0,1,0,0
1357,25,352,1004,1.000000,1.000000,1.000000,1.000000,0,0,0,0
1358,29,353,1004,1.000000,1.000000,1.000000,1.000000,0,0,0,0
1359,27,353,1005,1.000000,1.000000,1.000000,1.000000,0,1,0,0
1360,25,353,1006,1.000000,1.000000,1.000000,1.000000,1,0,0,0
1361,29,354,1006,1.000000,1.000000,1.000000,1.000000,1,0,0,0
1362,27,354,1007,1.000000,1.000000,1.000000,1.000000,0,1,0,0
1363,29,355,1007,1.000000,1.000000,1.000000,1.000000,0,1,0,0
1364,27,355,1008,1.000000,1.000000,1.000000,1.000000,0,0,0,0
1365,29,356,1008,1.000000,1.000000,1.000000,1.000000,0,0,0,0
1366,27,356,1009,1.000000,1.000000,1.000000,1.000000,0,0,0,0
1367,25,356,1010,1.000000,1.000000,1.000000,1.000000,0,0,0,0
1368,23,356,1011,1.000000,1.000000,1.000000,1.000000,0,0,0,0
1369,21,356,1012,1.000000,1.000000,1.000000,1.000000,0,0,0,0
1370,19,356,1013,1.000000,1.000000,1.000000,1.000000,0,0,0,0
1371,17,356,1014,1.000000,1.000000,1.000000,1.000000,0,0,0,0
1372,15,356,1015,1.000000,1.000000,1.000000,1.000000,0,1,0,0
1373,13,356,1016,1.000000,1.000000,1.000000,1.000000,1,0,0,0
1374,29,357,1016,1.000000,1.000000,1.000000,1.000000,1,0,0,0
1375,27,357,1017,1.000000,1.000000,1.000000,1.000000,0,0,0,0
1376,29,358,1017,1.000000,1.000000,1.000000,1.000000,0,0,0,0
1377,27,358,1018,1.000000,1.000000,1.000000,1.000000,0,0,0,0
1378,25,358,1019,1.000000,1.000000,1.000000,1.000000,1,0,0,0
1379,23,358,1020,1.000000,1.000000,1.000000,1.000000,0,1,0,0
1380,29,359,1020,1.000000,1.000000,1.000000,1.000000,0,1,0,0
1381,27,359,1021,1.000000,1.000000,1.000000,1.000000,0,0,0,0
1382,29,360,1021,1.000000,1.000000,1.000000,1.000000,0,0,0,0
1383,27,360,1022,1.000000,1.000000,1.000000,1.000000,0,0,0,0
1384,25,360,1023,1.000000,1.000000,1.000000,1.000000,0,0,0,0
1385,23,360,1024,1.000000,1.000000,1.000000,1.000000,0,0,0,0
1386,21,360,1025,1.000000,1.000000,1.000000,1.000000,0,0,0,0
1387,19,360,1026,1.000000,1.000000,1.000000,1.000000,0,1,0,0
1388,17,360,1027,1.000000,1.000000,1.000000,1.000000,0,0,1,0
1389,29,361,1027,1.000000,1.000000,1.000000,1.000000,0,0,1,0
1390,27,361,1028,1.000000,1.000000,1.000000,1.000000,0,0,1,0
1391,29,362,1028,1.000000,1.000000,1.000000,1.000000,0,0,1,0
1392,27,362,1029,1.000000,1.000000,1.000000,1.000000,0,1,0,0
1393,25,362,1030,1.000000,1.000000,1.000000,1.000000,0,0,0,0
1394,29,363,1030,1.000000,1.000000,1.000000,1.000000,0,0,0,0
1395,27,363,1031,1.000000,1.000000,1.000000,1.000000,0,0,0,0
1396,25,363,1032,1.000000,1.000000,1.000000,1.000000,0,0,0,0
1397,23,363,1033,1.000000,1.000000,1.000000,1.000000,0,0,0,0
1398,21,363,1034,1.000000,1.000000,1.000000,1.000000,0,0,1,0
1399,19,363,1035,1.000000,1.000000,1.000000,1.000000,0,0,1,0
1400,29,364,1035,1.000000,1.000000,1.000000,1.000000,0,0,1,0
1401,27,364,1036,1.000000,1.000000,1.000000,1.000000,0,0,0,0
1402,29,365,1036,1.000000,1.000000,1.000000,1.000000,0,0,0,0
1403,27,365,1037,1.000000,1.000000,1.000000,1.000000,0,0,0,0
1404,25,365,1038,1.000000,1.000000,1.000000,1.000000,0,0,0,0
1405,23,365,1039,1.000000,1.000000,1.000000,1.000000,0,0,1,1
1406,21,365,1040,1.000000,1.000000,1.000000,1.000000,0,0,0,1
1407,19,365,1041,1.000000,1.000000,1.000000,1.000000,0,1,1,0
1408,17,365,1042,1.000000,1.000000,1.000000,1.000000,1,0,0,0
1409,29,366,1042,1.000000,1.000000,1.000000,1.000000,1,0,0,0
1410,27,366,1043,1.000000,1.000000,1.000000,1.000000,0,1,0,0
1411,29,367,1043,1.000000,1.000000,1.000000,1.000000,0,1,0,0
1412,27,367,1044,1.000000,1.000000,1.000000,1.000000,0,0,0,0
1413,29,368,1044,1.000000,1.000000,1.000000,1.000000,0,0,0,0
1414,27,368,1045,1.000000,1.000000,1.000000,1.000000,0,1,0,0
1415,25,368,1046,1.000000,1.000000,1.000000,1.000000,0,0,0,0
1416,29,369,1046,1.000000,1.000000,1.000000,1.000000,0,0,0,0
1417,27,369,1047,1.000000,1.000000,1.000000,1.000000,0,1,0,0
1418,25,369,1048,1.000000,1.000000,1.000000,1.000000,1,0,0,0
1419,29,370,1048,1.000000,1.000000,1.000000,1.000000,1,0,0,0
1420,27,370,1049,1.000000,1.000000,1.000000,1.000000,0,0,0,0
1421,25,370,1050,1.000000,1.000000,1.000000,1.000000,0,0,0,1
1422,23,370,1051,1.000000,1.000000,1.000000,1.000000,1,0,0,0
1423,29,371,1051,1.000000,1.000000,1.000000,1.000000,1,0,0,0
1424,27,371,1052,1.000000,1.000000,1.000000,1.000000,1,0,0,0
1425,29,372,1052,1.000000,1.000000,1.000000,1.000000,1,0,0,0
1426,27,372,1053,1.000000,1.000000,1.000000,1.000000,0,0,0,0
1427,25,372,1054,1.000000,1.000000,1.000000,1.000000,0,0,0,0
1428,23,372,1055,1.000000,1.000000,1.000000,1.000000,0,0,0,1
1429,21,372,1056,1.000000,1.000000,1.000000,1.000000,0,0,0,1
1430,19,372,1057,1.000000,1.000000,1.000000,1.000000,0,1,1,0
1431,29,373,1057,1.000000,1.000000,1.000000,1.000000,0,1,1,0
1432,27,373,1058,1.000000,1.000000,1.000000,1.000000,0,0,0,0
1433,29,374,1058,1.000000,1.000000,1.000000,1.000000,0,0,0,0
1434,27,374,1059,1.000000,1.000000,1.000000,1.000000,0,0,0,1
1435,25,374,1060,1.000000,1.000000,1.000000,1.000000,1,0,0,0
1436,29,375,1060,1.000000,1.000000,1.000000,1.000000,1,0,0,0
1437,27,375,1061,1.000000,1.000000,1.000000,1.000000,0,0,0,0
1438,29,376,1061,1.000000,1.000000,1.000000,1.000000,0,0,0,0
1439,27,376,1062,1.000000,1.000000,1.000000,1.000000,0,0,0,0
1440,25,376,1063,1.000000,1.000000,1.000000,1.000000,0,0,0,0
1441,23,376,1064,1.000000,1.000000,1.000000,1.000000,0,0,0,0
1442,21,376,1065,1.000000,1.000000,1.000000,1.000000,0,1,0,0
1443,19,376,1066,1.000000,1.000000,1.000000,1.000000,0,0,0,0
1444,29,377,1066,1.000000,1.000000,1.000000,1.000000,0,0,0,0
1445,27,377,1067,1.000000,1.000000,1.000000,1.000000,0,1,0,0
1446,25,377,1068,1.000000,1.000000,1.000000,1.000000,0,0,0,0
1447,29,378,1068,1.000000,1.000000,1.000000,1.000000,0,0,0,0
1448,27,378,1069,1.000000,1.000000,1.000000,1.000000,1,0,0,0
1449,25,378,1070,1.000000,1.000000,1.000000,1.000000,1,0,0,0
1450,29,379,1070,1.000000,1.000000,1.000000,1.000000,1,0,0,0
1451,27,379,1071,1.000000,1.000000,1.000000,1.000000,1,0,0,0
1452,29,380,1071,1.000000,1.000000,1.000000,1.000000,1,0,0,0
1453,27,380,1072,1.000000,1.000000,1.000000,1.000000,1,0,0,0
1454,25,380,1073,1.000000,1.000000,1.000000,1.000000,0,0,1,0
1455,29,381,1073,1.000000,1.000000,1.000000,1.000000,0,0,1,0
1456,27,381,1074,1.000000,1.000000,1.000000,1.000000,0,0,0,0
1457,29,382,1074,1.000000,1.000000,1.000000,1.000000,0,0,0,0
1458,27,382,1075,1.000000,1.000000,1.000000,1.000000,0,0,0,0
1459,25,382,1076,1.000000,1.000000,1.000000,1.000000,0,0,0,0
1460,23,382,1077,1.000000,1.000000,1.000000,1.000000,0,0,0,0
1461,21,382,1078,1.000000,1.000000,1.000000,1.000000,0,0,0,0
1462,19,382,1079,1.000000,1.000000,1.000000,1.000000,0,0,0,1
1463,17,382,1080,1.000000,1.000000,1.000000,1.000000,0,0,0,0
1464,15,382,1081,1.000000,1.000000,1.000000,1.000000,0,1,0,0
1465,13,382,1082,1.000000,1.000000,1.000000,1.000000,0,0,0,0
1466,29,383,1082,1.000000,1.000000,1.000000,1.000000,0,0,0,0
1467,27,383,1083,1.000000,1.000000,1.000000,1.000000,0,0,1,0
1468,25,383,1084,1.000000,1.000000,1.000000,1.000000,0,0,0,1
1469,29,384,1084,1.000000,1.000000,1.000000,1.000000,0,0,0,1
1470,27,384,1085,1.000000,1.000000,1.000000,1.000000,0,0,1,0
1471,29,385,1085,1.000000,1.000000,1.000000,1.000000,0,0,1,0
1472,27,385,1086,1.000000,1.000000,1.000000,1.000000,0,0,0,0
1473,29,386,1086,1.000000,1.000000,1.000000,1.000000,0,0,0,0
1474,27,386,1087,1.000000,1.000000,1.000000,1.000000,0,0,0,1
1475,25,386,1088,1.000000,1.000000,1.000000,1.000000,1,0,0,0
1476,29,387,1088,1.000000,1.000000,1.000000,1.000000,1,0,0,0
1477,27,387,1089,1.000000,1.000000,1.000000,1.000000,0,0,0,0
1478,29,388,1089,1.000000,1.000000,1.000000,1.000000,0,0,0,0
1479,27,388,1090,1.000000,1.000000,1.000000,1.000000,0,0,0,0
1480,25,388,1091,1.000000,1.000000,1.000000,1.000000,0,0,0,0
1481,23,388,1092,1.000000,1.000000,1.000000,1.000000,0,0,0,0
1482,21,388,1093,1.000000,1.000000,1.000000,1.000000,0,0,0,0
1483,19,388,1094,1.000000,1.000000,1.000000,1.000000,0,0,0,0
1484,17,388,1095,1.000000,1.000000,1.000000,1.000000,0,0,0,0
1485,15,388,1096,1.000000,1.000000,1.000000,1.000000,0,0,0,0
1486,13,388,1097,1.000000,1.000000,1.000000,1.000000,0,0,0,0
1487,11,388,1098,1.000000,1.000000,1.000000,1.000000,0,0,0,0
1488,9,388,1099,1.000000,1.000000,1.000000,1.000000,0,1,0,0
1489,7,388,1100,1.000000,1.000000,1.000000,1.000000,1,0,0,0
1490,29,389,1100,1.000000,1.000000,1.000000,1.000000,1,0,0,0
1491,27,389,1101,1.000000,1.000000,1.000000,1.000000,0,1,0,0
1492,29,390,1101,1.000000,1.000000,1.000000,1.000000,0,1,0,0
1493,27,390,1102,1.000000,1.000000,1.000000,1.000000,0,0,0,0
1494,25,390,1103,1.000000,1.000000,1.000000,1.000000,1,0,1,0
1495,23,390,1104,1.000000,1.000000,1.000000,1.000000,0,0,0,0
1496,29,391,1104,1.000000,1.000000,1.000000,1.000000,0,0,0,0
1497,27,391,1105,1.000000,1.000000,1.000000,1.000000,0,1,0,0
1498,25,391,1106,1.000000,1.000000,1.000000,1.000000,0,0,0,0
1499,29,392,1106,1.000000,1.000000,1.000000,1.000000,0,0,0,0
1500,27,392,1107,1.000000,1.000000,1.000000,1.000000,1,0,0,0
1501,25,392,1108,1.000000,1.000000,1.000000,1.000000,1,0,0,0
1502,29,393,1108,1.000000,1.000000,1.000000,1.000000,1,0,0,0
1503,27,393,1109,1.000000,1.000000,1.000000,1.000000,1,0,0,0
1504,29,394,1109,1.000000,1.000000,1.000000,1.000000,1,0,0,0
1505,27,394,1110,1.000000,1.000000,1.000000,1.000000,1,0,0,0
1506,25,394,1111,1.000000,1.000000,1.000000,1.000000,0,0,1,0
1507,29,395,1111,1.000000,1.000000,1.000000,1.000000,0,0,1,0
1508,27,395,1112,1.000000,1.000000,1.000000,1.000000,0,0,0,0
1509,29,396,1112,1.000000,1.000000,1.000000,1.000000,0,0,0,0
1510,27,396,1113,1.000000,1.000000,1.000000,1.000000,0,1,0,0
1511,25,396,1114,1.000000,1.000000,1.000000,1.000000,0,0,0,0
1512,29,397,1114,1.000000,1.000000,1.000000,1.000000,0,0,0,0
1513,27,397,1115,1.000000,1.000000,1.000000,1.000000,0,0,0,0
1514,25,397,1116,1.000000,1.000000,1.000000,1.000000,0,0,0,0
1515,23,397,1117,1.000000,1.000000,1.000000,1.000000,0,0,0,0
1516,21,397,1118,1.000000,1.000000,1.000000,1.000000,0,0,0,0
1517,19,397,1119,1.000000,1.000000,1.000000,1.000000,0,1,1,1
1518,17,397,1120,1.000000,1.000000,1.000000,1.000000,0,0,0,1
1519,29,398,1120,1.000000,1.000000,1.000000,1.000000,0,0,0,1
1520,27,398,1121,1.000000,1.000000,1.000000,1.000000,0,0,1,0
1521,29,399,1121,1.000000,1.000000,1.000000,1.000000,0,0,1,0
1522,27,399,1122,1.000000,1.000000,1.000000,1.000000,0,0,0,0
1523,29,400,1122,1.000000,1.000000,1.000000,1.000000,0,0,0,0
1524,27,400,1123,1.000000,1.000000,1.000000,1.000000,0,1,0,0
1525,25,400,1124,1.000000,1.000000,1.000000,1.000000,0,0,0,0
1526,29,401,1124,1.000000,1.000000,1.000000,1.000000,0,0,0,0
1527,27,401,1125,1.000000,1.000000,1.000000,1.000000,0,0,0,0
1528,25,401,1126,1.000000,1.000000,1.000000,1.000000,0,0,0,0
1529,23,401,1127,1.000000,1.000000,1.000000,1.000000,0,1,0,0
1530,21,401,1128,1.000000,1.000000,1.000000,1.000000,1,0,0,0
1531,29,402,1128,1.000000,1.000000,1.000000,1.000000,1,0,0,0
1532,27,402,1129,1.000000,1.000000,1.000000,1.000000,1,0,0,0
1533,29,403,1129,1.000000,1.000000,1.000000,1.000000,1,0,0,0
1534,27,403,1130,1.000000,1.000000,1.000000,1.000000,1,0,0,0
1535,29,404,1130,1.000000,1.000000,1.000000,1.000000,1,0,0,0
1536,27,404,1131,1.000000,1.000000,1.000000,1.000000,0,0,0,0
1537,29,405,1131,1.000000,1.000000,1.000000,1.000000,0,0,0,0
1538,27,405,1132,1.000000,1.000000,1.000000,1.000000,1,1,0,0
1539,25,405,1133,1.000000,1.000000,1.000000,1.000000,0,0,0,0
1540,29,406,1133,1.000000,1.000000,1.000000,1.000000,0,0,0,0
1541,27,406,1134,1.000000,1.000000,1.000000,1.000000,0,1,0,0
1542,25,406,1135,1.000000,1.000000,1.000000,1.000000,0,0,0,0
1543,29,407,1135,1.000000,1.000000,1.000000,1.000000,0,0,0,0
1544,27,407,1136,1.000000,1.000000,1.000000,1.000000,0,0,0,0
1545,25,407,1137,1.000000,1.000000,1.000000,1.000000,0,0,0,0
1546,23,407,1138,1.000000,1.000000,1.000000,1.000000,0,0,0,0
1547,21,407,1139,1.000000,1.000000,1.000000,1.000000,0,0,0,0
1548,19,407,1140,1.000000,1.000000,1.000000,1.000000,0,0,0,1
1549,17,407,1141,1.000000,1.000000,1.000000,1.000000,0,0,0,0
1550,29,408,1141,1.000000,1.000000,1.000000,1.000000,0,0,0,0
1551,27,408,1142,1.000000,1.000000,1.000000,1.000000,0,0,0,0
1552,25,408,1143,1.000000,1.000000,1.000000,1.000000,0,0,0,0
1553,23,408,1144,1.000000,1.000000,1.000000,1.000000,0,0,0,0
1554,21,408,1145,1.000000,1.000000,1.000000,1.000000,0,0,0,0
1555,19,408,1146,1.000000,1.000000,1.000000,1.000000,1,0,1,0
1556,17,408,1147,1.000000,1.000000,1.000000,1.000000,0,0,1,0
1557,29,409,1147,1.000000,1.000000,1.000000,1.000000,0,0,1,0
1558,27,409,1148,1.000000,1.000000,1.000000,1.000000,0,0,1,0
1559,29,410,1148,1.000000,1.000000,1.000000,1.000000,0,0,1,0
1560,27,410,1149,1.000000,1.000000,1.000000,1.000000,0,0,1,0
1561,29,411,1149,1.000000,1.000000,1.000000,1.000000,0,0,1,0
1562,27,411,1150,1.000000,1.000000,1.000000,1.000000,0,0,0,0
1563,29,412,1150,1.000000,1.000000,1.000000,1.000000,0,0,0,0
1564,27,412,1151,1.000000,1.000000,1.000000,1.000000,0,0,1,1
1565,25,412,1152,1.000000,1.000000,1.000000,1.000000,0,0,0,1
1566,29,413,1152,1.000000,1.000000,1.000000,1.000000,0,0,0,1
1567,27,413,1153,1.000000,1.000000,1.000000,1.000000,0,0,1,0
1568,29,414,1153,1.000000,1.000000,1.000000,1.000000,0,0,1,0
1569,27,414,1154,1.000000,1.000000,1.000000,1.000000,0,0,0,0
1570,25,414,1155,1.000000,1.000000,1.000000,1.000000,0,0,0,0
1571,23,414,1156,1.000000,1.000000,1.000000,1.000000,0,0,0,1
1572,21,414,1157,1.000000,1.000000,1.000000,1.000000,0,0,1,0
1573,19,414,1158,1.000000,1.000000,1.000000,1.000000,1,0,0,0
1574,29,415,1158,1.000000,1.000000,1.000000,1.000000,1,0,0,0
1575,27,415,1159,1.000000,1.000000,1.000000,1.000000,0,0,0,1
1576,25,415,1160,1.000000,1.000000,1.000000,1.000000,0,0,0,1
1577,29,416,1160,1.000000,1.000000,1.000000,1.000000,0,0,0,1
1578,27,416,1161,1.000000,1.000000,1.000000,1.000000,0,0,1,0
1579,29,417,1161,1.000000,1.000000,1.000000,1.000000,0,0,1,0
1580,27,417,1162,1.000000,1.000000,1.000000,1.000000,0,0,0,0
1581,29,418,1162,1.000000,1.000000,1.000000,1.000000,0,0,0,0
1582,27,418,1163,1.000000,1.000000,1.000000,1.000000,0,0,1,1
1583,25,418,1164,1.000000,1.000000,1.000000,1.000000,0,0,0,1
1584,29,419,1164,1.000000,1.000000,1.000000,1.000000,0,0,0,1
1585,27,419,1165,1.000000,1.000000,1.000000,1.000000,1,0,0,0
1586,29,420,1165,1.000000,1.000000,1.000000,1.000000,1,0,0,0
1587,27,420,1166,1.000000,1.000000,1.000000,1.000000,0,0,0,0
1588,29,421,1166,1.000000,1.000000,1.000000,1.000000,0,0,0,0
1589,27,421,1167,1.000000,1.000000,1.000000,1.000000,0,0,0,0
1590,25,421,1168,1.000000,1.000000,1.000000,1.000000,0,0,0,0
1591,23,421,1169,1.000000,1.000000,1.000000,1.000000,0,0,1,0
1592,21,421,1170,1.000000,1.000000,1.000000,1.000000,0,0,0,0
1593,29,422,1170,1.000000,1.000000,1.000000,1.000000,0,0,0,0
1594,27,422,1171,1.000000,1.000000,1.000000,1.000000,0,0,1,0
1595,25,422,1172,1.000000,1.000000,1.000000,1.000000,0,0,0,1
1596,29,423,1172,1.000000,1.000000,1.000000,1.000000,0,0,0,1
1597,27,423,1173,1.000000,1.000000,1.000000,1.000000,0,0,1,0
1598,25,423,1174,1.000000,1.000000,1.000000,1.000000,1,0,0,1
1599,23,423,1175,1.000000,1.000000,1.000000,1.000000,0,0,1,0
1600,29,424,1175,1.000000,1.000000,1.000000,1.000000,0,0,1,0
1601,27,424,1176,1.000000,1.000000,1.000000,1.000000,0,0,0,1
1602,29,425,1176,1.000000,1.000000,1.000000,1.000000,0,0,0,1
1603,27,425,1177,1.000000,1.000000,1.000000,1.000000,0,1,0,0
1604,25,425,1178,1.000000,1.000000,1.000000,1.000000,0,0,0,0
1605,29,426,1178,1.000000,1.000000,1.000000,1.000000,0,0,0,0
1606,27,426,1179,1.000000,1.000000,1.000000,1.000000,0,0,0,0
1607,25,426,1180,1.000000,1.000000,1.000000,1.000000,0,1,0,0
1608,23,426,1181,1.000000,1.000000,1.000000,1.000000,1,0,0,0
1609,29,427,1181,1.000000,1.000000,1.000000,1.000000,1,0,0,0
1610,27,427,1182,1.000000,1.000000,1.000000,1.000000,0,0,0,0
1611,29,428,1182,1.000000,1.000000,1.000000,1.000000,0,0,0,0
1612,27,428,1183,1.000000,1.000000,1.000000,1.000000,0,0,0,0
1613,25,428,1184,1.000000,1.000000,1.000000,1.000000,0,1,0,0
1614,23,428,1185,1.000000,1.000000,1.000000,1.000000,0,0,0,0
1615,29,429,1185,1.000000,1.000000,1.000000,1.000000,0,0,0,0
1616,27,429,1186,1.000000,1.000000,1.000000,1.000000,0,0,0,0
1617,25,429,1187,1.000000,1.000000,1.000000,1.000000,0,0,0,0
1618,23,429,1188,1.000000,1.000000,1.000000,1.000000,0,0,0,0
1619,21,429,1189,1.000000,1.000000,1.000000,1.000000,0,0,0,0
1620,19,429,1190,1.000000,1.000000,1.000000,1.000000,0,1,0,0
1621,17,429,1191,1.000000,1.000000,1.000000,1.000000,0,0,0,0
1622,15,429,1192,1.000000,1.000000,1.000000,1.000000,0,0,0,0
1623,13,429,1193,1.000000,1.000000,1.000000,1.000000,0,0,0,0
1624,29,430,1193,1.000000,1.000000,1.000000,1.000000,0,0,0,0
1625,27,430,1194,1.000000,1.000000,1.000000,1.000000,0,0,0,0
1626,25,430,1195,1.000000,1.000000,1.000000,1.000000,0,0,0,1
1627,23,430,1196,1.000000,1.000000,1.000000,1.000000,0,0,0,0
1628,29,431,1196,1.000000,1.000000,1.000000,1.000000,0,0,0,0
1629,27,431,1197,1.000000,1.000000,1.000000,1.000000,0,0,0,0
1630,25,431,1198,1.000000,1.000000,1.000000,1.000000,0,0,0,0
1631,23,431,1199,1.000000,1.000000,1.000000,1.000000,1,0,0,0
1632,21,431,1200,1.000000,1.000000,1.000000,1.000000,1,0,0,1
1633,29,432,1200,1.000000,1.000000,1.000000,1.000000,1,0,0,1
1634,27,432,1201,1.000000,1.000000,1.000000,1.000000,0,1,0,0
1635,29,433,1201,1.000000,1.000000,1.000000,1.000000,0,1,0,0
1636,27,433,1202,1.000000,1.000000,1.000000,1.000000,0,0,0,0
1637,29,434,1202,1.000000,1.000000,1.000000,1.000000,0,0,0,0
1638,27,434,1203,1.000000,1.000000,1.000000,1.000000,0,1,0,0
1639,25,434,1204,1.000000,1.000000,1.000000,1.000000,0,0,0,0
1640,29,435,1204,1.000000,1.000000,1.000000,1.000000,0,0,0,0
1641,27,435,1205,1.000000,1.000000,1.000000,1.000000,0,0,0,0
1642,25,435,1206,1.000000,1.000000,1.000000,1.000000,0,0,0,0
1643,23,435,1207,1.000000,1.000000,1.000000,1.000000,0,0,1,0
1644,21,435,1208,1.000000,1.000000,1.000000,1.000000,0,0,0,0
1645,29,436,1208,1.000000,1.000000,1.000000,1.000000,0,0,0,0
1646,27,436,1209,1.000000,1.000000,1.000000,1.000000,0,0,0,0
1647,25,436,1210,1.000000,1.000000,1.000000,1.000000,0,0,0,0
1648,23,436,1211,1.000000,1.000000,1.000000,1.000000,0,0,0,1
1649,21,436,1212,1.000000,1.000000,1.000000,1.000000,1,0,0,1
1650,29,437,1212,1.000000,1.000000,1.000000,1.000000,1,0,0,1
1651,27,437,1213,1.000000,1.000000,1.000000,1.000000,0,0,0,1
1652,29,438,1213,1.000000,1.000000,1.000000,1.000000,0,0,0,1
1653,27,438,1214,1.000000,1.000000,1.000000,1.000000,0,0,1,1
1654,29,439,1214,1.000000,1.000000,1.000000,1.000000,0,0,1,1
1655,27,439,1215,1.000000,1.000000,1.000000,1.000000,0,0,0,0
1656,29,440,1215,1.000000,1.000000,1.000000,1.000000,0,0,0,0
1657,27,440,1216,1.000000,1.000000,1.000000,1.000000,0,1,0,0
1658,25,440,1217,1.000000,1.000000,1.000000,1.000000,0,1,1,0
1659,23,440,1218,1.000000,1.000000,1.000000,1.000000,1,0,0,0
1660,29,441,1218,1.000000,1.000000,1.000000,1.000000,1,0,0,0
1661,27,441,1219,1.000000,1.000000,1.000000,1.000000,0,0,0,0
1662,29,442,1219,1.000000,1.000000,1.000000,1.000000,0,0,0,0
1663,27,442,1220,1.000000,1.000000,1.000000,1.000000,0,0,0,0
1664,25,442,1221,1.000000,1.000000,1.000000,1.000000,0,0,0,0
1665,23,442,1222,1.000000,1.000000,1.000000,1.000000,1,0,0,1
1666,21,442,1223,1.000000,1.000000,1.000000,1.000000,0,0,0,0
1667,29,443,1223,1.000000,1.000000,1.000000,1.000000,0,0,0,0
1668,27,443,1224,1.000000,1.000000,1.000000,1.000000,0,0,0,0
1669,25,443,1225,1.000000,1.000000,1.000000,1.000000,0,0,0,0
1670,23,443,1226,1.000000,1.000000,1.000000,1.000000,0,1,0,1
1671,21,443,1227,1.000000,1.000000,1.000000,1.000000,0,1,0,0
1672,29,444,1227,1.000000,1.000000,1.000000,1.000000,0,1,0,0
1673,27,444,1228,1.000000,1.000000,1.000000,1.000000,0,1,0,0
1674,25,444,1229,1.000000,1.000000,1.000000,1.000000,0,1,0,1
1675,29,445,1229,1.000000,1.000000,1.000000,1.000000,0,1,0,1
1676,27,445,1230,1.000000,1.000000,1.000000,1.000000,1,0,0,0
1677,29,446,1230,1.000000,1.000000,1.000000,1.000000,1,0,0,0
1678,27,446,1231,1.000000,1.000000,1.000000,1.000000,0,1,0,0
1679,29,447,1231,1.000000,1.000000,1.000000,1.000000,0,1,0,0
1680,27,447,1232,1.000000,1.000000,1.000000,1.000000,0,0,0,0
1681,29,448,1232,1.000000,1.000000,1.000000,1.000000,0,0,0,0
1682,27,448,1233,1.000000,1.000000,1.000000,1.000000,0,0,1,0
1683,25,448,1234,1.000000,1.000000,1.000000,1.000000,0,0,0,0
1684,29,449,1234,1.000000,1.000000,1.000000,1.000000,0,0,0,0
1685,27,449,1235,1.000000,1.000000,1.000000,1.000000,0,0,0,0
1686,25,449,1236,1.000000,1.000000,1.000000,1.000000,0,0,0,0
1687,23,449,1237,1.000000,1.000000,1.000000,1.000000,0,0,0,0
1688,21,449,1238,1.000000,1.000000,1.000000,1.000000,0,1,0,0
1689,19,449,1239,1.000000,1.000000,1.000000,1.000000,1,0,0,0
1690,29,450,1239,1.000000,1.000000,1.000000,1.000000,1,0,0,0
1691,27,450,1240,1.000000,1.000000,1.000000,1.000000,0,0,0,0
1692,29,451,1240,1.000000,1.000000,1.000000,1.000000,0,0,0,0
1693,27,451,1241,1.000000,1.000000,1.000000,1.000000,1,0,0,0
1694,25,451,1242,1.000000,1.000000,1.000000,1.000000,0,0,0,0
1695,29,452,1242,1.000000,1.000000,1.000000,1.000000,0,0,0,0
1696,27,452,1243,1.000000,1.000000,1.000000,1.000000,1,1,0,0
1697,25,452,1244,1.000000,1.000000,1.000000,1.000000,0,0,0,0
1698,29,453,1244,1.000000,1.000000,1.000000,1.000000,0,0,0,0
1699,27,453,1245,1.000000,1.000000,1.000000,1.000000,0,0,0,0
1700,25,453,1246,1.000000,1.000000,1.000000,1.000000,0,0,0,0
1701,23,453,1247,1.000000,1.000000,1.000000,1.000000,0,0,0,0
1702,21,453,1248,1.000000,1.000000,1.000000,1.000000,0,0,0,0
1703,19,453,1249,1.000000,1.000000,1.000000,1.000000,0,0,0,0
1704,17,453,1250,1.000000,1.000000,1.000000,1.000000,0,1,1,0
1705,15,453,1251,1.000000,1.000000,1.000000,1.000000,0,1,0,0
1706,13,453,1252,1.000000,1.000000,1.000000,1.000000,0,0,0,1
1707,29,454,1252,1.000000,1.000000,1.000000,1.000000,0,0,0,1
1708,27,454,1253,1.000000,1.000000,1.000000,1.000000,0,0,0,0
1709,29,455,1253,1.000000,1.000000,1.000000,1.000000,0,0,0,0
1710,27,455,1254,1.000000,1.000000,1.000000,1.000000,0,0,0,1
1711,25,455,1255,1.000000,1.000000,1.000000,1.000000,0,0,0,0
1712,29,456,1255,1.000000,1.000000,1.000000,1.000000,0,0,0,0
1713,27,456,1256,1.000000,1.000000,1.000000,1.000000,0,0,0,1
1714,25,456,1257,1.000000,1.000000,1.000000,1.000000,1,0,0,0
1715,23,456,1258,1.000000,1.000000,1.000000,1.000000,0,0,1,0
1716,29,457,1258,1.000000,1.000000,1.000000,1.000000,0,0,1,0
1717,27,457,1259,1.000000,1.000000,1.000000,1.000000,0,0,0,0
1718,29,458,1259,1.000000,1.000000,1.000000,1.000000,0,0,0,0
1719,27,458,1260,1.000000,1.000000,1.000000,1.000000,0,0,0,0
1720,25,458,1261,1.000000,1.000000,1.000000,1.000000,0,0,0,0
1721,23,458,1262,1.000000,1.000000,1.000000,1.000000,0,0,0,0
1722,21,458,1263,1.000000,1.000000,1.000000,1.000000,0,0,0,0
1723,19,458,1264,1.000000,1.000000,1.000000,1.000000,0,1,0,0
1724,17,458,1265,1.000000,1.000000,1.000000,1.000000,0,1,0,0
1725,29,459,1265,1.000000,1.000000,1.000000,1.000000,0,1,0,0
1726,27,459,1266,1.000000,1.000000,1.000000,1.000000,0,0,0,0
1727,29,460,1266,1.000000,1.000000,1.000000,1.000000,0,0,0,0
1728,27,460,1267,1.000000,1.000000,1.000000,1.000000,0,1,0,0
1729,25,460,1268,1.000000,1.000000,1.000000,1.000000,1,1,0,0
1730,29,461,1268,1.000000,1.000000,1.000000,1.000000,1,1,0,0
1731,27,461,1269,1.000000,1.000000,1.000000,1.000000,1,1,0,0
1732,29,462,1269,1.000000,1.000000,1.000000,1.000000,1,1,0,0
1733,27,462,1270,1.000000,1.000000,1.000000,1.000000,0,0,0,0
1734,29,463,1270,1.000000,1.000000,1.000000,1.000000,0,0,0,0
1735,27,463,1271,1.000000,1.000000,1.000000,1.000000,0,0,1,0
1736,25,463,1272,1.000000,1.000000,1.000000,1.000000,0,0,1,0
1737,29,464,1272,1.000000,1.000000,1.000000,1.000000,0,0,1,0
1738,27,464,1273,1.000000,1.000000,1.000000,1.000000,0,0,0,0
1739,29,465,1273,1.000000,1.000000,1.000000,1.000000,0,0,0,0
1740,27,465,1274,1.000000,1.000000,1.000000,1.000000,0,0,0,0
1741,25,465,1275,1.000000,1.000000,1.000000,1.000000,0,0,0,0
1742,23,465,1276,1.000000,1.000000,1.000000,1.000000,0,0,0,0
1743,21,465,1277,1.000000,1.000000,1.000000,1.000000,0,0,0,1
1744,19,465,1278,1.000000,1.000000,1.000000,1.000000,0,0,0,1
1745,17,465,1279,1.000000,1.000000,1.000000,1.000000,0,1,0,0
1746,29,466,1279,1.000000,1.000000,1.000000,1.000000,0,1,0,0
1747,27,466,1280,1.000000,1.000000,1.000000,1.000000,0,0,0,0
1748,29,467,1280,1.000000,1.000000,1.000000,1.000000,0,0,0,0
1749,27,467,1281,1.000000,1.000000,1.000000,1.000000,0,1,0,0
1750,25,467,1282,1.000000,1.000000,1.000000,1.000000,1,0,0,0
1751,29,468,1282,1.000000,1.000000,1.000000,1.000000,1,0,0,0
1752,27,468,1283,1.000000,1.000000,1.000000,1.000000,1,1,0,0
1753,29,469,1283,1.000000,1.000000,1.000000,1.000000,1,1,0,0
1754,27,469,1284,1.000000,1.000000,1.000000,1.000000,0,0,0,0
1755,29,470,1284,1.000000,1.000000,1.000000,1.000000,0,0,0,0
1756,27,470,1285,1.000000,1.000000,1.000000,1.000000,1,0,0,0
1757,25,470,1286,1.000000,1.000000,1.000000,1.000000,0,0,0,0
1758,29,471,1286,1.000000,1.000000,1.000000,1.000000,0,0,0,0
1759,27,471,1287,1.000000,1.000000,1.000000,1.000000,1,0,0,0
1760,25,471,1288,1.000000,1.000000,1.000000,1.000000,1,0,0,0
1761,29,472,1288,1.000000,1.000000,1.000000,1.000000,1,0,0,0
1762,27,472,1289,1.000000,1.000000,1.000000,1.000000,1,0,0,0
1763,29,473,1289,1.000000,1.000000,1.000000,1.000000,1,0,0,0
1764,27,473,1290,1.000000,1.000000,1.000000,1.000000,1,0,0,0
1765,29,474,1290,1.000000,1.000000,1.000000,1.000000,1,0,0,0
1766,27,474,1291,1.000000,1.000000,1.000000,1.000000,0,0,0,0
1767,29,475,1291,1.000000,1.000000,1.000000,1.000000,0,0,0,0
1768,27,475,1292,1.000000,1.000000,1.000000,1.000000,1,0,0,0
1769,25,475,1293,1.000000,1.000000,1.000000,1.000000,0,0,0,0
1770,29,476,1293,1.000000,1.000000,1.000000,1.000000,0,0,0,0
1771,27,476,1294,1.000000,1.000000,1.000000,1.000000,0,0,0,0
1772,25,476,1295,1.000000,1.000000,1.000000,1.000000,0,1,0,0
1773,23,476,1296,1.000000,1.000000,1.000000,1.000000,0,1,1,0
1774,21,476,1297,1.000000,1.000000,1.000000,1.000000,1,0,0,0
1775,29,477,1297,1.000000,1.000000,1.000000,1.000000,1,0,0,0
1776,27,477,1298,1.000000,1.000000,1.000000,1.000000,0,1,0,0
1777,29,478,1298,1.000000,1.000000,1.000000,1.000000,0,1,0,0
1778,27,478,1299,1.000000,1.000000,1.000000,1.000000,0,0,0,0
1779,29,479,1299,1.000000,1.000000,1.000000,1.000000,0,0,0,0
1780,27,479,1300,1.000000,1.000000,1.000000,1.000000,0,0,1,0
1781,25,479,1301,1.000000,1.000000,1.000000,1.000000,0,1,0,0
1782,29,480,1301,1.000000,1.000000,1.000000,1.000000,0,1,0,0
1783,27,480,1302,1.000000,1.000000,1.000000,1.000000,0,0,0,0
1784,29,481,1302,1.000000,1.000000,1.000000,1.000000,0,0,0,0
1785,27,481,1303,1.000000,1.000000,1.000000,1.000000,0,1,0,0
1786,25,481,1304,1.000000,1.000000,1.000000,1.000000,0,1,0,0
1787,29,482,1304,1.000000,1.000000,1.000000,1.000000,0,1,0,0
1788,27,482,1305,1.000000,1.000000,1.000000,1.000000,0,0,1,0
1789,29,483,1305,1.000000,1.000000,1.000000,1.000000,0,0,1,0
1790,27,483,1306,1.000000,1.000000,1.000000,1.000000,0,0,0,0
1791,29,484,1306,1.000000,1.000000,1.000000,1.000000,0,0,0,0
1792,27,484,1307,1.000000,1.000000,1.000000,1.000000,0,0,0,0
1793,25,484,1308,1.000000,1.000000,1.000000,1.000000,0,0,0,0
1794,23,484,1309,1.000000,1.000000,1.000000,1.000000,0,0,0,0
1795,21,484,1310,1.000000,1.000000,1.000000,1.000000,0,0,0,0
1796,19,484,1311,1.000000,1.000000,1.000000,1.000000,0,0,0,0
1797,17,484,1312,1.000000,1.000000,1.000000,1.000000,0,0,0,0
1798,15,484,1313,1.000000,1.000000,1.000000,1.000000,0,0,0,0
1799,13,484,1314,1.000000,1.000000,1.000000,1.000000,0,0,0,0
1800,11,484,1315,1.000000,1.000000,1.000000,1.000000,0,0,0,1
1801,9,484,1316,1.000000,1.000000,1.000000,1.000000,0,0,0,1
1802,29,485,1316,1.000000,1.000000,1.000000,1.000000,0,0,0,1
1803,27,485,1317,1.000000,1.000000,1.000000,1.000000,0,0,0,0
1804,29,486,1317,1.000000,1.000000,1.000000,1.000000,0,0,0,0
1805,27,486,1318,1.000000,1.000000,1.000000,1.000000,0,0,0,1
1806,25,486,1319,1.000000,1.000000,1.000000,1.000000,0,0,0,1
1807,29,487,1319,1.000000,1.000000,1.000000,1.000000,0,0,0,1
1808,27,487,1320,1.000000,1.000000,1.000000,1.000000,0,0,0,1
1809,25,487,1321,1.000000,1.000000,1.000000,1.000000,1,0,0,0
1810,23,487,1322,1.000000,1.000000,1.000000,1.000000,0,0,1,0
1811,21,487,1323,1.000000,1.000000,1.000000,1.000000,1,0,0,0
1812,29,488,1323,1.000000,1.000000,1.000000,1.000000,1,0,0,0
1813,27,488,1324,1.000000,1.000000,1.000000,1.000000,0,0,0,0
1814,25,488,1325,1.000000,1.000000,1.000000,1.000000,0,1,0,0
1815,23,488,1326,1.000000,1.000000,1.000000,1.000000,0,0,0,0
1816,29,489,1326,1.000000,1.000000,1.000000,1.000000,0,0,0,0
1817,27,489,1327,1.000000,1.000000,1.000000,1.000000,0,0,0,0
1818,25,489,1328,1.000000,1.000000,1.000000,1.000000,0,0,0,0
1819,23,489,1329,1.000000,1.000000,1.000000,1.000000,0,0,0,0
1820,21,489,1330,1.000000,1.000000,1.000000,1.000000,0,0,0,1
1821,19,489,1331,1.000000,1.000000,1.000000,1.000000,0,0,0,0
1822,29,490,1331,1.000000,1.000000,1.000000,1.000000,0,0,0,0
1823,27,490,1332,1.000000,1.000000,1.000000,1.000000,1,0,1,0
1824,25,490,1333,1.000000,1.000000,1.000000,1.000000,0,0,0,0
1825,29,491,1333,1.000000,1.000000,1.000000,1.000000,0,0,0,0
1826,27,491,1334,1.000000,1.000000,1.000000,1.000000,1,0,0,0
1827,25,491,1335,1.000000,1.000000,1.000000,1.000000,0,0,0,0
1828,29,492,1335,1.000000,1.000000,1.000000,1.000000,0,0,0,0
1829,27,492,1336,1.000000,1.000000,1.000000,1.000000,0,0,0,0
1830,25,492,1337,1.000000,1.000000,1.000000,1.000000,0,0,0,0
1831,23,492,1338,1.000000,1.000000,1.000000,1.000000,0,0,0,0
1832,21,492,1339,1.000000,1.000000,1.000000,1.000000,0,0,0,0
1833,19,492,1340,1.000000,1.000000,1.000000,1.000000,0,0,0,0
1834,17,492,1341,1.000000,1.000000,1.000000,1.000000,1,0,0,0
1835,15,492,1342,1.000000,1.000000,1.000000,1.000000,0,0,0,0
1836,29,493,1342,1.000000,1.000000,1.000000,1.000000,0,0,0,0
1837,27,493,1343,1.000000,1.000000,1.000000,1.000000,0,0,0,0
1838,25,493,1344,1.000000,1.000000,1.000000,1.000000,0,0,0,0
1839,23,493,1345,1.000000,1.000000,1.000000,1.000000,0,0,0,0
1840,21,493,1346,1.000000,1.000000,1.000000,1.000000,0,1,0,0
1841,19,493,1347,1.000000,1.000000,1.000000,1.000000,0,0,0,0
1842,29,494,1347,1.000000,1.000000,1.000000,1.000000,0,0,0,0
1843,27,494,1348,1.000000,1.000000,1.000000,1.000000,0,0,0,0
1844,25,494,1349,1.000000,1.000000,1.000000,1.000000,0,0,0,0
1845,23,494,1350,1.000000,1.000000,1.000000,1.000000,0,0,0,0
1846,21,494,1351,1.000000,1.000000,1.000000,1.000000,0,0,0,0
1847,19,494,1352,1.000000,1.000000,1.000000,1.000000,0,1,0,0
1848,17,494,1353,1.000000,1.000000,1.000000,1.000000,0,0,0,0
1849,29,495,1353,1.000000,1.000000,1.000000,1.000000,0,0,0,0
1850,27,495,1354,1.000000,1.000000,1.000000,1.000000,0,1,0,0
1851,25,495,1355,1.000000,1.000000,1.000000,1.000000,0,1,0,0
1852,29,496,1355,1.000000,1.000000,1.000000,1.000000,0,1,0,0
1853,27,496,1356,1.000000,1.000000,1.000000,1.000000,0,0,1,0
1854,29,497,1356,1.000000,1.000000,1.000000,1.000000,0,0,1,0
1855,27,497,1357,1.000000,1.000000,1.000000,1.000000,0,0,0,0
1856,25,497,1358,1.000000,1.000000,1.000000,1.000000,0,0,0,1
1857,23,497,1359,1.000000,1.000000,1.000000,1.000000,1,0,0,0
1858,21,497,1360,1.000000,1.000000,1.000000,1.000000,1,0,0,0
1859,29,498,1360,1.000000,1.000000,1.000000,1.000000,1,0,0,0
1860,27,498,1361,1.000000,1.000000,1.000000,1.000000,0,1,0,0
1861,25,498,1362,1.000000,1.000000,1.000000,1.000000,0,0,0,1
1862,29,499,1362,1.000000,1.000000,1.000000,1.000000,0,0,0,1
1863,27,499,1363,1.000000,1.000000,1.000000,1.000000,0,0,0,0
1864,29,500,1363,1.000000,1.000000,1.000000,1.000000,0,0,0,0
1865,27,500,1364,1.000000,1.000000,1.000000,1.000000,1,0,0,1
1866,25,500,1365,1.000000,1.000000,1.000000,1.000000,1,0,0,1
1867,29,501,1365,1.000000,1.000000,1.000000,1.000000,1,0,0,1
1868,27,501,1366,1.000000,1.000000,1.000000,1.000000,0,0,1,0
1869,29,502,1366,1.000000,1.000000,1.000000,1.000000,0,0,1,0
1870,27,502,1367,1.000000,1.000000,1.000000,1.000000,0,0,0,0
1871,29,503,1367,1.000000,1.000000,1.000000,1.000000,0,0,0,0
1872,27,503,1368,1.000000,1.000000,1.000000,1.000000,0,0,1,0
1873,25,503,1369,1.000000,1.000000,1.000000,1.000000,0,0,0,0
1874,29,504,1369,1.000000,1.000000,1.000000,1.000000,0,0,0,0
1875,27,504,1370,1.000000,1.000000,1.000000,1.000000,0,0,0,0
1876,25,504,1371,1.000000,1.000000,1.000000,1.000000,0,0,0,0
1877,23,504,1372,1.000000,1.000000,1.000000,1.000000,0,0,0,0
1878,21,504,1373,1.000000,1.000000,1.000000,1.000000,0,0,1,1
1879,19,504,1374,1.000000,1.000000,1.000000,1.000000,0,0,0,1
1880,29,505,1374,1.000000,1.000000,1.000000,1.000000,0,0,0,1
1881,27,505,1375,1.000000,1.000000,1.000000,1.000000,1,0,0,0
1882,29,506,1375,1.000000,1.000000,1.000000,1.000000,1,0,0,0
1883,27,506,1376,1.000000,1.000000,1.000000,1.000000,0,0,0,0
1884,29,507,1376,1.000000,1.000000,1.000000,1.000000,0,0,0,0
1885,27,507,1377,1.000000,1.000000,1.000000,1.000000,0,0,0,0
1886,25,507,1378,1.000000,1.000000,1.000000,1.000000,0,0,0,0
1887,23,507,1379,1.000000,1.000000,1.000000,1.000000,0,0,0,0
1888,21,507,1380,1.000000,1.000000,1.000000,1.000000,0,0,0,0
1889,19,507,1381,1.000000,1.000000,1.000000,1.000000,0,0,0,0
1890,17,507,1382,1.000000,1.000000,1.000000,1.000000,0,0,0,0
1891,15,507,1383,1.000000,1.000000,1.000000,1.000000,0,0,0,0
1892,13,507,1384,1.000000,1.000000,1.000000,1.000000,0,0,0,0
1893,11,507,1385,1.000000,1.000000,1.000000,1.000000,0,0,0,0
1894,9,507,1386,1.000000,1.000000,1.000000,1.000000,0,1,0,0
1895,7,507,1387,1.000000,1.000000,1.000000,1.000000,0,0,0,0
1896,29,508,1387,1.000000,1.000000,1.000000,1.000000,0,0,0,0
1897,27,508,1388,1.000000,1.000000,1.000000,1.000000,1,0,0,0
1898,25,508,1389,1.000000,1.000000,1.000000,1.000000,1,0,0,0
1899,23,508,1390,1.000000,1.000000,1.000000,1.000000,0,1,1,0
1900,29,509,1390,1.000000,1.000000,1.000000,1.000000,0,1,1,0
1901,27,509,1391,1.000000,1.000000,1.000000,1.000000,1,0,0,0
1902,29,510,1391,1.000000,1.000000,1.000000,1.000000,1,0,0,0
1903,27,510,1392,1.000000,1.000000,1.000000,1.000000,1,0,0,0
1904,29,511,1392,1.000000,1.000000,1.000000,1.000000,1,0,0,0
1905,27,511,1393,1.000000,1.000000,1.000000,1.000000,1,0,0,1
1906,25,511,1394,1.000000,1.000000,1.000000,1.000000,0,1,1,0
1907,23,511,1395,1.000000,1.000000,1.000000,1.000000,1,0,0,1
1908,29,512,1395,1.000000,1.000000,1.000000,1.000000,1,0,0,1
1909,27,512,1396,1.000000,1.000000,1.000000,1.000000,0,1,0,0
1910,29,513,1396,1.000000,1.000000,1.000000,1.000000,0,1,0,0
1911,27,513,1397,1.000000,1.000000,1.000000,1.000000,0,0,0,0
1912,29,514,1397,1.000000,1.000000,1.000000,1.000000,0,0,0,0
1913,27,514,1398,1.000000,1.000000,1.000000,1.000000,0,0,0,0
1914,25,514,1399,1.000000,1.000000,1.000000,1.000000,0,0,0,1
1915,23,514,1400,1.000000,1.000000,1.000000,1.000000,0,0,0,0
1916,29,515,1400,1.000000,1.000000,1.000000,1.000000,0,0,0,0
1917,27,515,1401,1.000000,1.000000,1.000000,1.000000,0,0,0,0
1918,25,515,1402,1.000000,1.000000,1.000000,1.000000,0,0,0,0
1919,23,515,1403,1.000000,1.000000,1.000000,1.000000,1,0,0,0
1920,21,515,1404,1.000000,1.000000,1.000000,1.000000,0,0,0,1
1921,19,515,1405,1.000000,1.000000,1.000000,1.000000,0,1,0,0
1922,29,516,1405,1.000000,1.000000,1.000000,1.000000,0,1,0,0
1923,27,516,1406,1.000000,1.000000,1.000000,1.000000,0,0,0,0
1924,29,517,1406,1.000000,1.000000,1.000000,1.000000,0,0,0,0
1925,27,517,1407,1.000000,1.000000,1.000000,1.000000,0,0,0,0
1926,25,517,1408,1.000000,1.000000,1.000000,1.000000,0,1,0,0
1927,23,517,1409,1.000000,1.000000,1.000000,1.000000,0,1,0,0
1928,29,518,1409,1.000000,1.000000,1.000000,1.000000,0,1,0,0
1929,27,518,1410,1.000000,1.000000,1.000000,1.000000,0,0,0,0
1930,29,519,1410,1.000000,1.000000,1.000000,1.000000,0,0,0,0
1931,27,519,1411,1.000000,1.000000,1.000000,1.000000,0,0,0,0
1932,25,519,1412,1.000000,1.000000,1.000000,1.000000,0,0,0,0
1933,23,519,1413,1.000000,1.000000,1.000000,1.000000,0,0,0,1
1934,21,519,1414,1.000000,1.000000,1.000000,1.000000,1,0,0,0
1935,29,520,1414,1.000000,1.000000,1.000000,1.000000,1,0,0,0
1936,27,520,1415,1.000000,1.000000,1.000000,1.000000,0,0,0,0
1937,29,521,1415,1.000000,1.000000,1.000000,1.000000,0,0,0,0
1938,27,521,1416,1.000000,1.000000,1.000000,1.000000,1,1,0,1
1939,25,521,1417,1.000000,1.000000,1.000000,1.000000,1,0,0,0
1940,29,522,1417,1.000000,1.000000,1.000000,1.000000,1,0,0,0
1941,27,522,1418,1.000000,1.000000,1.000000,1.000000,1,1,0,0
1942,29,523,1418,1.000000,1.000000,1.000000,1.000000,1,1,0,0
1943,27,523,1419,1.000000,1.000000,1.000000,1.000000,0,0,0,0
1944,29,524,1419,1.000000,1.000000,1.000000,1.000000,0,0,0,0
1945,27,524,1420,1.000000,1.000000,1.000000,1.000000,1,0,0,0
1946,25,524,1421,1.000000,1.000000,1.000000,1.000000,0,0,0,0
1947,29,525,1421,1.000000,1.000000,1.000000,1.000000,0,0,0,0
1948,27,525,1422,1.000000,1.000000,1.000000,1.000000,1,0,0,0
1949,25,525,1423,1.000000,1.000000,1.000000,1.000000,0,0,0,0
1950,29,526,1423,1.000000,1.000000,1.000000,1.000000,0,0,0,0
1951,27,526,1424,1.000000,1.000000,1.000000,1.000000,0,0,0,0
1952,25,526,1425,1.000000,1.000000,1.000000,1.000000,0,0,0,0
1953,23,526,1426,1.000000,1.000000,1.000000,1.000000,1,0,0,0
1954,21,526,1427,1.000000,1.000000,1.000000,1.000000,1,0,0,0
1955,29,527,1427,1.000000,1.000000,1.000000,1.000000,1,0,0,0
1956,27,527,1428,1.000000,1.000000,1.000000,1.000000,1,0,0,0
1957,29,528,1428,1.000000,1.000000,1.000000,1.000000,1,0,0,0
1958,27,528,1429,1.000000,1.000000,1.000000,1.000000,1,0,0,0
1959,25,528,1430,1.000000,1.000000,1.000000,1.000000,0,1,1,0
1960,29,529,1430,1.000000,1.000000,1.000000,1.000000,0,1,1,0
1961,27,529,1431,1.000000,1.000000,1.000000,1.000000,0,0,0,0
1962,29,530,1431,1.000000,1.000000,1.000000,1.000000,0,0,0,0
1963,27,530,1432,1.000000,1.000000,1.000000,1.000000,0,1,0,0
1964,25,530,1433,1.000000,1.000000,1.000000,1.000000,0,0,0,0
1965,29,531,1433,1.000000,1.000000,1.000000,1.000000,0,0,0,0
1966,27,531,1434,1.000000,1.000000,1.000000,1.000000,0,0,0,0
1967,25,531,1435,1.000000,1.000000,1.000000,1.000000,0,0,0,0
1968,23,531,1436,1.000000,1.000000,1.000000,1.000000,0,0,0,0
1969,21,531,1437,1.000000,1.000000,1.000000,1.000000,0,0,0,0
1970,19,531,1438,1.000000,1.000000,1.000000,1.000000,0,0,0,0
1971,17,531,1439,1.000000,1.000000,1.000000,1.000000,0,0,0,0
1972,15,531,1440,1.000000,1.000000,1.000000,1.000000,0,0,0,0
1973,13,531,1441,1.000000,1.000000,1.000000,1.000000,0,0,0,0
1974,11,531,1442,1.000000,1.000000,1.000000,1.000000,0,0,0,0
1975,9,531,1443,1.000000,1.000000,1.000000,1.000000,0,0,0,0
1976,7,531,1444,1.000000,1.000000,1.000000,1.000000,0,0,0,0
1977,5,531,1445,1.000000,1.000000,1.000000,1.000000,0,0,0,0
1978,3,531,1446,1.000000,1.000000,1.000000,1.000000,0,0,0,0
1979,1,531,1447,1.000000,1.000000,1.000000,1.000000,0,0,0,0
1980,0,531,1448,1.000000,1.000000,1.000000,1.000000,0,0,0,0
