tick,energy,eats,distance,conn_1_6_weight,conn_2_7_weight,conn_3_8_weight,conn_4_9_weight,food_north_sensed,food_east_sensed,food_south_sensed,food_west_sensed
0,30,0,0,1.000000,1.000000,1.000000,1.000000,0,0,0,0
1,29,0,0,1.000000,1.000000,1.000000,1.000000,1,0,1,1
2,27,0,1,1.000000,1.000000,1.000000,1.000000,1,0,0,0
3,29,1,1,1.000000,1.000000,1.000000,1.000000,1,0,0,0
4,27,1,2,1.000000,1.000000,1.000000,1.000000,0,1,0,0
5,25,1,3,1.000000,1.000000,1.000000,1.000000,0,1,0,1
6,29,2,3,1.000000,1.000000,1.000000,1.000000,0,1,0,1
7,27,2,4,1.000000,1.000000,1.000000,1.000000,0,0,1,0
8,29,3,4,1.000000,1.000000,1.000000,1.000000,0,0,1,0
9,27,3,5,1.000000,1.000000,1.000000,1.000000,0,0,0,0
10,25,3,6,1.000000,1.000000,1.000000,1.000000,0,0,0,0
11,23,3,7,1.000000,1.000000,1.000000,1.000000,1,0,0,1
12,21,3,8,1.000000,1.000000,1.000000,1.000000,0,0,0,0
13,29,4,8,1.000000,1.000000,1.000000,1.000000,0,0,0,0
14,27,4,9,1.000000,1.000000,1.000000,1.000000,1,0,0,0
15,25,4,10,1.000000,1.000000,1.000000,1.000000,1,0,0,0
16,29,5,10,1.000000,1.000000,1.000000,1.000000,1,0,0,0
17,27,5,11,1.000000,1.000000,1.000000,1.000000,0,1,0,1
18,29,6,11,1.000000,1.000000,1.000000,1.000000,0,1,0,1
19,27,6,12,1.000000,1.000000,1.000000,1.000000,0,0,0,1
20,29,7,12,1.000000,1.000000,1.000000,1.000000,0,0,0,1
21,27,7,13,1.000000,1.000000,1.000000,1.000000,0,0,1,1
22,29,8,13,1.000000,1.000000,1.000000,1.000000,0,0,1,1
23,27,8,14,1.000000,1.000000,1.000000,1.000000,0,0,0,0
24,29,9,14,1.000000,1.000000,1.000000,1.000000,0,0,0,0
25,27,9,15,1.000000,1.000000,1.000000,1.000000,0,0,0,0
26,25,9,16,1.000000,1.000000,1.000000,1.000000,0,0,0,0
27,23,9,17,1.000000,1.000000,1.000000,1.000000,1,0,0,0
28,21,9,18,1.000000,1.000000,1.000000,1.000000,0,0,0,0
29,29,10,18,1.000000,1.000000,1.000000,1.000000,0,0,0,0
30,27,10,19,1.000000,1.000000,1.000000,1.000000,1,0,0,0
31,25,10,20,1.000000,1.000000,1.000000,1.000000,0,0,0,0
32,29,11,20,1.000000,1.000000,1.000000,1.000000,0,0,0,0
33,27,11,21,1.000000,1.000000,1.000000,1.000000,0,0,0,0
34,25,11,22,1.000000,1.000000,1.000000,1.000000,0,0,0,0
35,23,11,23,1.000000,1.000000,1.000000,1.000000,0,0,1,0
36,21,11,24,1.000000,1.000000,1.000000,1.000000,0,0,0,0
37,29,12,24,1.000000,1.000000,1.000000,1.000000,0,0,0,0
38,27,12,25,1.000000,1.000000,1.000000,1.000000,0,0,0,0
39,25,12,26,1.000000,1.000000,1.000000,1.000000,0,0,0,0
40,23,12,27,1.000000,1.000000,1.000000,1.000000,0,0,0,0
41,21,12,28,1.000000,1.000000,1.000000,1.000000,0,0,0,0
42,19,12,29,1.000000,1.000000,1.000000,1.000000,0,0,0,0
43,17,12,30,1.000000,1.000000,1.000000,1.000000,0,0,0,0
44,15,12,31,1.000000,1.000000,1.000000,1.000000,0,0,0,1
45,13,12,32,1.000000,1.000000,1.000000,1.000000,0,0,0,0
46,29,13,32,1.000000,1.000000,1.000000,1.000000,0,0,0,0
47,27,13,33,1.000000,1.000000,1.000000,1.000000,0,0,0,1
48,25,13,34,1.000000,1.000000,1.000000,1.000000,1,0,0,0
49,29,14,34,1.000000,1.000000,1.000000,1.000000,1,0,0,0
50,27,14,35,1.000000,1.000000,1.000000,1.000000,0,0,0,1
51,29,15,35,1.000000,1.000000,1.000000,1.000000,0,0,0,1
52,27,15,36,1.000000,1.000000,1.000000,1.000000,0,0,0,1
53,25,15,37,1.000000,1.000000,1.000000,1.000000,0,1,0,1
54,23,15,38,1.000000,1.000000,1.000000,1.000000,1,1,0,0
55,21,15,39,1.000000,1.000000,1.000000,1.000000,0,1,0,1
56,29,16,39,1.000000,1.000000,1.000000,1.000000,0,1,0,1
57,27,16,40,1.000000,1.000000,1.000000,1.000000,0,0,0,0
58,29,17,40,1.000000,1.000000,1.000000,1.000000,0,0,0,0
59,27,17,41,1.000000,1.000000,1.000000,1.000000,0,0,0,0
60,25,17,42,1.000000,1.000000,1.000000,1.000000,0,0,1,0
61,23,17,43,1.000000,1.000000,1.000000,1.000000,0,0,1,0
62,29,18,43,1.000000,1.000000,1.000000,1.000000,0,0,1,0
63,27,18,44,1.000000,1.000000,1.000000,1.000000,0,0,0,0
64,29,19,44,1.000000,1.000000,1.000000,1.000000,0,0,0,0
65,27,19,45,1.000000,1.000000,1.000000,1.000000,0,0,1,0
66,25,19,46,1.000000,1.000000,1.000000,1.000000,0,1,0,0
67,29,20,46,1.000000,1.000000,1.000000,1.000000,0,1,0,0
68,27,20,47,1.000000,1.000000,1.000000,1.000000,0,1,1,0
69,29,21,47,1.000000,1.000000,1.000000,1.000000,0,1,1,0
70,27,21,48,1.000000,1.000000,1.000000,1.000000,0,0,1,0
71,29,22,48,1.000000,1.000000,1.000000,1.000000,0,0,1,0
72,27,22,49,1.000000,1.000000,1.000000,1.000000,0,0,1,1
73,25,22,50,1.000000,1.000000,1.000000,1.000000,0,1,0,0
74,29,23,50,1.000000,1.000000,1.000000,1.000000,0,1,0,0
75,27,23,51,1.000000,1.000000,1.000000,1.000000,0,0,1,0
76,29,24,51,1.000000,1.000000,1.000000,1.000000,0,0,1,0
77,27,24,52,1.000000,1.000000,1.000000,1.000000,0,0,0,0
78,25,24,53,1.000000,1.000000,1.000000,1.000000,0,0,1,0
79,23,24,54,1.000000,1.000000,1.000000,1.000000,0,0,0,0
80,29,25,54,1.000000,1.000000,1.000000,1.000000,0,0,0,0
81,27,25,55,1.000000,1.000000,1.000000,1.000000,0,0,0,0
82,25,25,56,1.000000,1.000000,1.000000,1.000000,0,0,0,0
83,23,25,57,1.000000,1.000000,1.000000,1.000000,0,0,0,0
84,21,25,58,1.000000,1.000000,1.000000,1.000000,0,0,0,0
85,19,25,59,1.000000,1.000000,1.000000,1.000000,0,0,0,0
86,17,25,60,1.000000,1.000000,1.000000,1.000000,0,0,0,0
87,15,25,61,1.000000,1.000000,1.000000,1.000000,1,0,0,0
88,13,25,62,1.000000,1.000000,1.000000,1.000000,1,0,0,0
89,29,26,62,1.000000,1.000000,1.000000,1.000000,1,0,0,0
90,27,26,63,1.000000,1.000000,1.000000,1.000000,0,1,0,1
91,29,27,63,1.000000,1.000000,1.000000,1.000000,0,1,0,1
92,27,27,64,1.000000,1.000000,1.000000,1.000000,0,0,0,0
93,29,28,64,1.000000,1.000000,1.000000,1.000000,0,0,0,0
94,27,28,65,1.000000,1.000000,1.000000,1.000000,0,1,0,0
95,25,28,66,1.000000,1.000000,1.000000,1.000000,1,0,0,0
96,29,29,66,1.000000,1.000000,1.000000,1.000000,1,0,0,0
97,27,29,67,1.000000,1.000000,1.000000,1.000000,0,1,0,0
98,29,30,67,1.000000,1.000000,1.000000,1.000000,0,1,0,0
99,27,30,68,1.000000,1.000000,1.000000,1.000000,0,0,0,0
100,29,31,68,1.000000,1.000000,1.000000,1.000000,0,0,0,0
101,27,31,69,1.000000,1.000000,1.000000,1.000000,0,0,0,0
102,25,31,70,1.000000,1.000000,1.000000,1.000000,0,0,0,0
103,23,31,71,1.000000,1.000000,1.000000,1.000000,0,0,0,0
104,21,31,72,1.000000,1.000000,1.000000,1.000000,0,0,0,0
105,19,31,73,1.000000,1.000000,1.000000,1.000000,0,0,0,0
106,17,31,74,1.000000,1.000000,1.000000,1.000000,0,0,0,0
107,15,31,75,1.000000,1.000000,1.000000,1.000000,0,0,0,0
108,13,31,76,1.000000,1.000000,1.000000,1.000000,0,0,0,0
109,11,31,77,1.000000,1.000000,1.000000,1.000000,0,0,0,0
110,9,31,78,1.000000,1.000000,1.000000,1.000000,0,0,0,0
111,7,31,79,1.000000,1.000000,1.000000,1.000000,0,0,1,0
112,5,31,80,1.000000,1.000000,1.000000,1.000000,0,0,0,0
113,29,32,80,1.000000,1.000000,1.000000,1.000000,0,0,0,0
114,27,32,81,1.000000,1.000000,1.000000,1.000000,0,0,1,0
115,25,32,82,1.000000,1.000000,1.000000,1.000000,0,0,0,0
116,29,33,82,1.000000,1.000000,1.000000,1.000000,0,0,0,0
117,27,33,83,1.000000,1.000000,1.000000,1.000000,0,0,1,0
118,25,33,84,1.000000,1.000000,1.000000,1.000000,0,0,0,0
119,23,33,85,1.000000,1.000000,1.000000,1.000000,0,1,0,0
120,21,33,86,1.000000,1.000000,1.000000,1.000000,1,0,0,0
121,29,34,86,1.000000,1.000000,1.000000,1.000000,1,0,0,0
122,27,34,87,1.000000,1.000000,1.000000,1.000000,0,0,0,0
123,29,35,87,1.000000,1.000000,1.000000,1.000000,0,0,0,0
124,27,35,88,1.000000,1.000000,1.000000,1.000000,0,1,0,0
125,25,35,89,1.000000,1.000000,1.000000,1.000000,0,0,0,0
126,29,36,89,1.000000,1.000000,1.000000,1.000000,0,0,0,0
127,27,36,90,1.000000,1.000000,1.000000,1.000000,0,1,0,0
128,25,36,91,1.000000,1.000000,1.000000,1.000000,1,0,0,0
129,29,37,91,1.000000,1.000000,1.000000,1.000000,1,0,0,0
130,27,37,92,1.000000,1.000000,1.000000,1.000000,0,1,0,0
131,29,38,92,1.000000,1.000000,1.000000,1.000000,0,1,0,0
132,27,38,93,1.000000,1.000000,1.000000,1.000000,1,0,0,0
133,25,38,94,1.000000,1.000000,1.000000,1.000000,0,0,0,0
134,29,39,94,1.000000,1.000000,1.000000,1.000000,0,0,0,0
135,27,39,95,1.000000,1.000000,1.000000,1.000000,0,0,0,0
136,25,39,96,1.000000,1.000000,1.000000,1.000000,0,0,0,0
137,23,39,97,1.000000,1.000000,1.000000,1.000000,0,0,0,0
138,21,39,98,1.000000,1.000000,1.000000,1.000000,0,0,0,0
139,19,39,99,1.000000,1.000000,1.000000,1.000000,1,1,0,1
140,17,39,100,1.000000,1.000000,1.000000,1.000000,1,0,0,0
141,29,40,100,1.000000,1.000000,1.000000,1.000000,1,0,0,0
142,27,40,101,1.000000,1.000000,1.000000,1.000000,0,1,0,1
143,29,41,101,1.000000,1.000000,1.000000,1.000000,0,1,0,1
144,27,41,102,1.000000,1.000000,1.000000,1.000000,1,0,0,0
145,29,42,102,1.000000,1.000000,1.000000,1.000000,1,0,0,0
146,27,42,103,1.000000,1.000000,1.000000,1.000000,0,0,0,0
147,29,43,103,1.000000,1.000000,1.000000,1.000000,0,0,0,0
148,27,43,104,1.000000,1.000000,1.000000,1.000000,0,0,0,0
149,25,43,105,1.000000,1.000000,1.000000,1.000000,0,0,1,0
150,23,43,106,1.000000,1.000000,1.000000,1.000000,0,0,0,1
151,29,44,106,1.000000,1.000000,1.000000,1.000000,0,0,0,1
152,27,44,107,1.000000,1.000000,1.000000,1.000000,0,0,1,1
153,29,45,107,1.000000,1.000000,1.000000,1.000000,0,0,1,1
154,27,45,108,1.000000,1.000000,1.000000,1.000000,0,0,0,0
155,29,46,108,1.000000,1.000000,1.000000,1.000000,0,0,0,0
156,27,46,109,1.000000,1.000000,1.000000,1.000000,1,0,0,1
157,25,46,110,1.000000,1.000000,1.000000,1.000000,0,0,0,0
158,29,47,110,1.000000,1.000000,1.000000,1.000000,0,0,0,0
159,27,47,111,1.000000,1.000000,1.000000,1.000000,1,0,0,0
160,25,47,112,1.000000,1.000000,1.000000,1.000000,0,0,0,0
161,23,47,113,1.000000,1.000000,1.000000,1.000000,0,1,0,1
162,21,47,114,1.000000,1.000000,1.000000,1.000000,0,0,0,0
163,29,48,114,1.000000,1.000000,1.000000,1.000000,0,0,0,0
164,27,48,115,1.000000,1.000000,1.000000,1.000000,0,0,0,0
165,25,48,116,1.000000,1.000000,1.000000,1.000000,0,0,0,0
166,23,48,117,1.000000,1.000000,1.000000,1.000000,0,1,0,0
167,21,48,118,1.000000,1.000000,1.000000,1.000000,1,1,0,0
168,29,49,118,1.000000,1.000000,1.000000,1.000000,1,1,0,0
169,27,49,119,1.000000,1.000000,1.000000,1.000000,0,1,1,0
170,29,50,119,1.000000,1.000000,1.000000,1.000000,0,1,1,0
171,27,50,120,1.000000,1.000000,1.000000,1.000000,0,0,0,0
172,29,51,120,1.000000,1.000000,1.000000,1.000000,0,0,0,0
173,27,51,121,1.000000,1.000000,1.000000,1.000000,0,1,0,0
174,25,51,122,1.000000,1.000000,1.000000,1.000000,0,1,0,0
175,29,52,122,1.000000,1.000000,1.000000,1.000000,0,1,0,0
176,27,52,123,1.000000,1.000000,1.000000,1.000000,0,1,1,0
177,29,53,123,1.000000,1.000000,1.000000,1.000000,0,1,1,0
178,27,53,124,1.000000,1.000000,1.000000,1.000000,0,0,0,0
179,29,54,124,1.000000,1.000000,1.000000,1.000000,0,0,0,0
180,27,54,125,1.000000,1.000000,1.000000,1.000000,0,1,0,0
181,25,54,126,1.000000,1.000000,1.000000,1.000000,1,0,0,0
182,29,55,126,1.000000,1.000000,1.000000,1.000000,1,0,0,0
183,27,55,127,1.000000,1.000000,1.000000,1.000000,0,0,0,0
184,29,56,127,1.000000,1.000000,1.000000,1.000000,0,0,0,0
185,27,56,128,1.000000,1.000000,1.000000,1.000000,0,0,0,0
186,25,56,129,1.000000,1.000000,1.000000,1.000000,0,0,0,0
187,23,56,130,1.000000,1.000000,1.000000,1.000000,0,0,0,0
188,21,56,131,1.000000,1.000000,1.000000,1.000000,0,0,0,0
189,19,56,132,1.000000,1.000000,1.000000,1.000000,0,0,0,0
190,17,56,133,1.000000,1.000000,1.000000,1.000000,0,0,0,1
191,15,56,134,1.000000,1.000000,1.000000,1.000000,0,0,0,0
192,29,57,134,1.000000,1.000000,1.000000,1.000000,0,0,0,0
193,27,57,135,1.000000,1.000000,1.000000,1.000000,1,0,0,0
194,25,57,136,1.000000,1.000000,1.000000,1.000000,1,0,0,0
195,23,57,137,1.000000,1.000000,1.000000,1.000000,0,1,1,1
196,29,58,137,1.000000,1.000000,1.000000,1.000000,0,1,1,1
197,27,58,138,1.000000,1.000000,1.000000,1.000000,0,0,0,0
198,29,59,138,1.000000,1.000000,1.000000,1.000000,0,0,0,0
199,27,59,139,1.000000,1.000000,1.000000,1.000000,0,1,0,1
200,25,59,140,1.000000,1.000000,1.000000,1.000000,1,0,0,0
201,29,60,140,1.000000,1.000000,1.000000,1.000000,1,0,0,0
202,27,60,141,1.000000,1.000000,1.000000,1.000000,0,0,0,0
203,29,61,141,1.000000,1.000000,1.000000,1.000000,0,0,0,0
204,27,61,142,1.000000,1.000000,1.000000,1.000000,0,0,0,0
205,25,61,143,1.000000,1.000000,1.000000,1.000000,0,0,0,1
206,23,61,144,1.000000,1.000000,1.000000,1.000000,0,0,0,0
207,29,62,144,1.000000,1.000000,1.000000,1.000000,0,0,0,0
208,27,62,145,1.000000,1.000000,1.000000,1.000000,1,0,0,0
209,25,62,146,1.000000,1.000000,1.000000,1.000000,0,0,0,0
210,29,63,146,1.000000,1.000000,1.000000,1.000000,0,0,0,0
211,27,63,147,1.000000,1.000000,1.000000,1.000000,0,0,0,0
212,25,63,148,1.000000,1.000000,1.000000,1.000000,0,0,0,0
213,23,63,149,1.000000,1.000000,1.000000,1.000000,0,0,0,1
214,21,63,150,1.000000,1.000000,1.000000,1.000000,0,0,0,0
215,29,64,150,1.000000,1.000000,1.000000,1.000000,0,0,0,0
216,27,64,151,1.000000,1.000000,1.000000,1.000000,0,0,0,0
217,25,64,152,1.000000,1.000000,1.000000,1.000000,0,0,0,0
218,23,64,153,1.000000,1.000000,1.000000,1.000000,0,0,0,0
219,21,64,154,1.000000,1.000000,1.000000,1.000000,0,0,0,0
220,19,64,155,1.000000,1.000000,1.000000,1.000000,0,0,0,0
221,17,64,156,1.000000,1.000000,1.000000,1.000000,1,0,0,0
222,15,64,157,1.000000,1.000000,1.000000,1.000000,0,0,0,0
223,29,65,157,1.000000,1.000000,1.000000,1.000000,0,0,0,0
224,27,65,158,1.000000,1.000000,1.000000,1.000000,1,0,0,0
225,25,65,159,1.000000,1.000000,1.000000,1.000000,0,0,0,1
226,23,65,160,1.000000,1.000000,1.000000,1.000000,0,1,0,1
227,29,66,160,1.000000,1.000000,1.000000,1.000000,0,1,0,1
228,27,66,161,1.000000,1.000000,1.000000,1.000000,0,0,0,0
229,29,67,161,1.000000,1.000000,1.000000,1.000000,0,0,0,0
230,27,67,162,1.000000,1.000000,1.000000,1.000000,0,0,0,1
231,25,67,163,1.000000,1.000000,1.000000,1.000000,0,0,0,0
232,29,68,163,1.000000,1.000000,1.000000,1.000000,0,0,0,0
233,27,68,164,1.000000,1.000000,1.000000,1.000000,0,0,0,0
234,25,68,165,1.000000,1.000000,1.000000,1.000000,0,0,0,0
235,23,68,166,1.000000,1.000000,1.000000,1.000000,0,0,0,0
236,21,68,167,1.000000,1.000000,1.000000,1.000000,0,0,0,0
237,19,68,168,1.000000,1.000000,1.000000,1.000000,0,0,0,0
238,17,68,169,1.000000,1.000000,1.000000,1.000000,0,0,0,0
239,15,68,170,1.000000,1.000000,1.000000,1.000000,0,0,1,0
240,13,68,171,1.000000,1.000000,1.000000,1.000000,0,0,0,0
241,29,69,171,1.000000,1.000000,1.000000,1.000000,0,0,0,0
242,27,69,172,1.000000,1.000000,1.000000,1.000000,0,0,0,0
243,25,69,173,1.000000,1.000000,1.000000,1.000000,0,1,0,0
244,29,70,173,1.000000,1.000000,1.000000,1.000000,0,1,0,0
245,27,70,174,1.000000,1.000000,1.000000,1.000000,0,1,0,0
246,29,71,174,1.000000,1.000000,1.000000,1.000000,0,1,0,0
247,27,71,175,1.000000,1.000000,1.000000,1.000000,1,0,0,0
248,25,71,176,1.000000,1.000000,1.000000,1.000000,0,0,0,0
249,29,72,176,1.000000,1.000000,1.000000,1.000000,0,0,0,0
250,27,72,177,1.000000,1.000000,1.000000,1.000000,1,0,0,0
251,25,72,178,1.000000,1.000000,1.000000,1.000000,1,0,0,0
252,29,73,178,1.000000,1.000000,1.000000,1.000000,1,0,0,0
253,27,73,179,1.000000,1.000000,1.000000,1.000000,1,1,0,0
254,25,73,180,1.000000,1.000000,1.000000,1.000000,0,0,0,0
255,29,74,180,1.000000,1.000000,1.000000,1.000000,0,0,0,0
256,27,74,181,1.000000,1.000000,1.000000,1.000000,1,0,0,0
257,25,74,182,1.000000,1.000000,1.000000,1.000000,0,0,0,1
258,23,74,183,1.000000,1.000000,1.000000,1.000000,1,1,0,1
259,29,75,183,1.000000,1.000000,1.000000,1.000000,1,1,0,1
260,27,75,184,1.000000,1.000000,1.000000,1.000000,1,0,0,1
261,25,75,185,1.000000,1.000000,1.000000,1.000000,0,1,1,0
262,29,76,185,1.000000,1.000000,1.000000,1.000000,0,1,1,0
263,27,76,186,1.000000,1.000000,1.000000,1.000000,1,0,0,0
264,29,77,186,1.000000,1.000000,1.000000,1.000000,1,0,0,0
265,27,77,187,1.000000,1.000000,1.000000,1.000000,1,1,0,0
266,29,78,187,1.000000,1.000000,1.000000,1.000000,1,1,0,0
267,27,78,188,1.000000,1.000000,1.000000,1.000000,0,1,0,0
268,29,79,188,1.000000,1.000000,1.000000,1.000000,0,1,0,0
269,27,79,189,1.000000,1.000000,1.000000,1.000000,0,0,1,0
270,29,80,189,1.000000,1.000000,1.000000,1.000000,0,0,1,0
271,27,80,190,1.000000,1.000000,1.000000,1.000000,0,1,0,0
272,29,81,190,1.000000,1.000000,1.000000,1.000000,0,1,0,0
273,27,81,191,1.000000,1.000000,1.000000,1.000000,0,0,0,0
274,29,82,191,1.000000,1.000000,1.000000,1.000000,0,0,0,0
275,27,82,192,1.000000,1.000000,1.000000,1.000000,0,0,0,0
276,25,82,193,1.000000,1.000000,1.000000,1.000000,0,0,1,0
277,23,82,194,1.000000,1.000000,1.000000,1.000000,0,0,0,1
278,21,82,195,1.000000,1.000000,1.000000,1.000000,1,1,1,1
279,29,83,195,1.000000,1.000000,1.000000,1.000000,1,1,1,1
280,27,83,196,1.000000,1.000000,1.000000,1.000000,1,0,0,1
281,29,84,196,1.000000,1.000000,1.000000,1.000000,1,0,0,1
282,27,84,197,1.000000,1.000000,1.000000,1.000000,0,0,1,0
283,29,85,197,1.000000,1.000000,1.000000,1.000000,0,0,1,0
284,27,85,198,1.000000,1.000000,1.000000,1.000000,0,0,0,0
285,29,86,198,1.000000,1.000000,1.000000,1.000000,0,0,0,0
286,27,86,199,1.000000,1.000000,1.000000,1.000000,0,1,0,0
287,25,86,200,1.000000,1.000000,1.000000,1.000000,0,0,0,0
288,29,87,200,1.000000,1.000000,1.000000,1.000000,0,0,0,0
289,27,87,201,1.000000,1.000000,1.000000,1.000000,1,1,0,0
290,25,87,202,1.000000,1.000000,1.000000,1.000000,0,0,0,0
291,29,88,202,1.000000,1.000000,1.000000,1.000000,0,0,0,0
292,27,88,203,1.000000,1.000000,1.000000,1.000000,1,0,0,0
293,25,88,204,1.000000,1.000000,1.000000,1.000000,0,0,0,1
294,29,89,204,1.000000,1.000000,1.000000,1.000000,0,0,0,1
295,27,89,205,1.000000,1.000000,1.000000,1.000000,1,0,0,0
296,29,90,205,1.000000,1.000000,1.000000,1.000000,1,0,0,0
297,27,90,206,1.000000,1.000000,1.000000,1.000000,1,0,0,1
298,29,91,206,1.000000,1.000000,1.000000,1.000000,1,0,0,1
299,27,91,207,1.000000,1.000000,1.000000,1.000000,0,0,1,0
300,25,91,208,1.000000,1.000000,1.000000,1.000000,1,0,0,0
301,29,92,208,1.000000,1.000000,1.000000,1.000000,1,0,0,0
302,27,92,209,1.000000,1.000000,1.000000,1.000000,0,1,0,0
303,25,92,210,1.000000,1.000000,1.000000,1.000000,0,0,0,0
304,29,93,210,1.000000,1.000000,1.000000,1.000000,0,0,0,0
305,27,93,211,1.000000,1.000000,1.000000,1.000000,0,0,1,0
306,25,93,212,1.000000,1.000000,1.000000,1.000000,0,0,0,0
307,29,94,212,1.000000,1.000000,1.000000,1.000000,0,0,0,0
308,27,94,213,1.000000,1.000000,1.000000,1.000000,0,0,0,0
309,25,94,214,1.000000,1.000000,1.000000,1.000000,0,0,0,0
310,23,94,215,1.000000,1.000000,1.000000,1.000000,0,0,0,0
311,21,94,216,1.000000,1.000000,1.000000,1.000000,1,1,0,0
312,19,94,217,1.000000,1.000000,1.000000,1.000000,1,1,0,0
313,29,95,217,1.000000,1.000000,1.000000,1.000000,1,1,0,0
314,27,95,218,1.000000,1.000000,1.000000,1.000000,1,0,0,1
315,29,96,218,1.000000,1.000000,1.000000,1.000000,1,0,0,1
316,27,96,219,1.000000,1.000000,1.000000,1.000000,1,1,0,0
317,29,97,219,1.000000,1.000000,1.000000,1.000000,1,1,0,0
318,27,97,220,1.000000,1.000000,1.000000,1.000000,1,1,0,0
319,29,98,220,1.000000,1.000000,1.000000,1.000000,1,1,0,0
320,27,98,221,1.000000,1.000000,1.000000,1.000000,0,0,0,1
321,29,99,221,1.000000,1.000000,1.000000,1.000000,0,0,0,1
322,27,99,222,1.000000,1.000000,1.000000,1.000000,0,0,0,0
323,29,100,222,1.000000,1.000000,1.000000,1.000000,0,0,0,0
324,27,100,223,1.000000,1.000000,1.000000,1.000000,0,0,0,0
325,25,100,224,1.000000,1.000000,1.000000,1.000000,0,1,0,0
326,23,100,225,1.000000,1.000000,1.000000,1.000000,0,0,0,0
327,29,101,225,1.000000,1.000000,1.000000,1.000000,0,0,0,0
328,27,101,226,1.000000,1.000000,1.000000,1.000000,0,0,0,0
329,25,101,227,1.000000,1.000000,1.000000,1.000000,0,0,0,0
330,23,101,228,1.000000,1.000000,1.000000,1.000000,0,0,0,0
331,21,101,229,1.000000,1.000000,1.000000,1.000000,0,0,0,0
332,19,101,230,1.000000,1.000000,1.000000,1.000000,0,0,0,0
333,17,101,231,1.000000,1.000000,1.000000,1.000000,0,0,1,1
334,15,101,232,1.000000,1.000000,1.000000,1.000000,0,0,0,1
335,13,101,233,1.000000,1.000000,1.000000,1.000000,1,1,1,1
336,29,102,233,1.000000,1.000000,1.000000,1.000000,1,1,1,1
337,27,102,234,1.000000,1.000000,1.000000,1.000000,1,0,0,1
338,29,103,234,1.000000,1.000000,1.000000,1.000000,1,0,0,1
339,27,103,235,1.000000,1.000000,1.000000,1.000000,0,0,1,0
340,29,104,235,1.000000,1.000000,1.000000,1.000000,0,0,1,0
341,27,104,236,1.000000,1.000000,1.000000,1.000000,0,0,0,0
342,29,105,236,1.000000,1.000000,1.000000,1.000000,0,0,0,0
343,27,105,237,1.000000,1.000000,1.000000,1.000000,0,0,0,0
344,25,105,238,1.000000,1.000000,1.000000,1.000000,1,0,0,0
345,23,105,239,1.000000,1.000000,1.000000,1.000000,1,0,0,0
346,29,106,239,1.000000,1.000000,1.000000,1.000000,1,0,0,0
347,27,106,240,1.000000,1.000000,1.000000,1.000000,0,0,0,0
348,29,107,240,1.000000,1.000000,1.000000,1.000000,0,0,0,0
349,27,107,241,1.000000,1.000000,1.000000,1.000000,1,1,0,0
350,25,107,242,1.000000,1.000000,1.000000,1.000000,0,1,1,0
351,23,107,243,1.000000,1.000000,1.000000,1.000000,1,1,0,0
352,29,108,243,1.000000,1.000000,1.000000,1.000000,1,1,1,0
353,27,108,244,1.000000,1.000000,1.000000,1.000000,0,1,0,0
354,29,109,244,1.000000,1.000000,1.000000,1.000000,0,1,0,0
355,27,109,245,1.000000,1.000000,1.000000,1.000000,0,1,1,0
356,25,109,246,1.000000,1.000000,1.000000,1.000000,0,0,1,1
357,29,110,246,1.000000,1.000000,1.000000,1.000000,0,0,1,1
358,27,110,247,1.000000,1.000000,1.000000,1.000000,0,0,1,0
359,29,111,247,1.000000,1.000000,1.000000,1.000000,0,0,1,0
360,27,111,248,1.000000,1.000000,1.000000,1.000000,0,0,0,1
361,25,111,249,1.000000,1.000000,1.000000,1.000000,0,0,0,0
362,29,112,249,1.000000,1.000000,1.000000,1.000000,1,0,0,0
363,27,112,250,1.000000,1.000000,1.000000,1.000000,0,0,0,0
364,29,113,250,1.000000,1.000000,1.000000,1.000000,0,0,0,0
365,27,113,251,1.000000,1.000000,1.000000,1.000000,1,0,0,0
366,25,113,252,1.000000,1.000000,1.000000,1.000000,0,0,0,0
367,29,114,252,1.000000,1.000000,1.000000,1.000000,0,0,0,0
368,27,114,253,1.000000,1.000000,1.000000,1.000000,0,0,0,0
369,25,114,254,1.000000,1.000000,1.000000,1.000000,0,0,0,0
370,23,114,255,1.000000,1.000000,1.000000,1.000000,0,0,0,0
371,21,114,256,1.000000,1.000000,1.000000,1.000000,0,0,0,0
372,19,114,257,1.000000,1.000000,1.000000,1.000000,0,0,0,0
373,17,114,258,1.000000,1.000000,1.000000,1.000000,0,0,0,0
374,15,114,259,1.000000,1.000000,1.000000,1.000000,0,1,0,0
375,13,114,260,1.000000,1.000000,1.000000,1.000000,0,1,1,0
376,29,115,260,1.000000,1.000000,1.000000,1.000000,0,1,1,0
377,27,115,261,1.000000,1.000000,1.000000,1.000000,0,1,1,0
378,29,116,261,1.000000,1.000000,1.000000,1.000000,0,1,1,0
379,27,116,262,1.000000,1.000000,1.000000,1.000000,0,0,1,1
380,29,117,262,1.000000,1.000000,1.000000,1.000000,0,0,1,1
381,27,117,263,1.000000,1.000000,1.000000,1.000000,0,1,1,1
382,29,118,263,1.000000,1.000000,1.000000,1.000000,0,1,1,1
383,27,118,264,1.000000,1.000000,1.000000,1.000000,0,0,0,0
384,29,119,264,1.000000,1.000000,1.000000,1.000000,0,0,0,0
385,27,119,265,1.000000,1.000000,1.000000,1.000000,0,1,0,1
386,25,119,266,1.000000,1.000000,1.000000,1.000000,0,0,0,0
387,29,120,266,1.000000,1.000000,1.000000,1.000000,0,0,0,0
388,27,120,267,1.000000,1.000000,1.000000,1.000000,0,0,0,0
389,25,120,268,1.000000,1.000000,1.000000,1.000000,0,0,0,0
390,23,120,269,1.000000,1.000000,1.000000,1.000000,0,0,0,0
391,21,120,270,1.000000,1.000000,1.000000,1.000000,0,0,0,0
392,19,120,271,1.000000,1.000000,1.000000,1.000000,0,0,0,0
393,17,120,272,1.000000,1.000000,1.000000,1.000000,1,0,0,0
394,15,120,273,1.000000,1.000000,1.000000,1.000000,0,0,0,1
395,13,120,274,1.000000,1.000000,1.000000,1.000000,1,1,0,1
396,29,121,274,1.000000,1.000000,1.000000,1.000000,1,1,0,1
397,27,121,275,1.000000,1.000000,1.000000,1.000000,0,0,0,1
398,29,122,275,1.000000,1.000000,1.000000,1.000000,0,0,0,1
399,27,122,276,1.000000,1.000000,1.000000,1.000000,0,0,1,0
400,29,123,276,1.000000,1.000000,1.000000,1.000000,0,0,1,0
401,27,123,277,1.000000,1.000000,1.000000,1.000000,0,0,1,0
402,25,123,278,1.000000,1.000000,1.000000,1.000000,1,0,1,1
403,23,123,279,1.000000,1.000000,1.000000,1.000000,1,1,1,1
404,21,123,280,1.000000,1.000000,1.000000,1.000000,1,0,0,0
405,29,124,280,1.000000,1.000000,1.000000,1.000000,1,0,0,0
406,27,124,281,1.000000,1.000000,1.000000,1.000000,1,1,0,1
407,29,125,281,1.000000,1.000000,1.000000,1.000000,1,1,0,1
408,27,125,282,1.000000,1.000000,1.000000,1.000000,0,0,0,0
409,29,126,282,1.000000,1.000000,1.000000,1.000000,0,0,0,0
410,27,126,283,1.000000,1.000000,1.000000,1.000000,0,1,0,0
411,25,126,284,1.000000,1.000000,1.000000,1.000000,0,0,0,0
412,29,127,284,1.000000,1.000000,1.000000,1.000000,0,0,0,0
413,27,127,285,1.000000,1.000000,1.000000,1.000000,0,0,0,0
414,25,127,286,1.000000,1.000000,1.000000,1.000000,0,0,0,0
415,23,127,287,1.000000,1.000000,1.000000,1.000000,0,0,0,0
416,21,127,288,1.000000,1.000000,1.000000,1.000000,0,0,0,0
417,19,127,289,1.000000,1.000000,1.000000,1.000000,0,0,0,0
418,17,127,290,1.000000,1.000000,1.000000,1.000000,0,0,0,0
419,15,127,291,1.000000,1.000000,1.000000,1.000000,0,0,0,0
420,13,127,292,1.000000,1.000000,1.000000,1.000000,0,0,0,0
421,11,127,293,1.000000,1.000000,1.000000,1.000000,0,0,0,0
422,9,127,294,1.000000,1.000000,1.000000,1.000000,0,0,0,0
423,7,127,295,1.000000,1.000000,1.000000,1.000000,0,0,0,1
424,5,127,296,1.000000,1.000000,1.000000,1.000000,0,0,0,1
425,29,128,296,1.000000,1.000000,1.000000,1.000000,0,0,0,1
426,27,128,297,1.000000,1.000000,1.000000,1.000000,1,0,1,1
427,25,128,298,1.000000,1.000000,1.000000,1.000000,1,0,1,1
428,29,129,298,1.000000,1.000000,1.000000,1.000000,1,0,1,1
429,27,129,299,1.000000,1.000000,1.000000,1.000000,1,1,0,0
430,29,130,299,1.000000,1.000000,1.000000,1.000000,1,1,0,0
431,27,130,300,1.000000,1.000000,1.000000,1.000000,0,1,0,0
432,29,131,300,1.000000,1.000000,1.000000,1.000000,0,1,0,0
433,27,131,301,1.000000,1.000000,1.000000,1.000000,0,0,0,1
434,25,131,302,1.000000,1.000000,1.000000,1.000000,0,0,0,0
435,29,132,302,1.000000,1.000000,1.000000,1.000000,0,0,0,0
436,27,132,303,1.000000,1.000000,1.000000,1.000000,0,0,0,0
437,25,132,304,1.000000,1.000000,1.000000,1.000000,0,0,0,0
438,23,132,305,1.000000,1.000000,1.000000,1.000000,0,0,1,0
439,21,132,306,1.000000,1.000000,1.000000,1.000000,0,0,1,0
440,29,133,306,1.000000,1.000000,1.000000,1.000000,0,0,1,0
441,27,133,307,1.000000,1.000000,1.000000,1.000000,0,0,0,0
442,29,134,307,1.000000,1.000000,1.000000,1.000000,0,0,0,0
443,27,134,308,1.000000,1.000000,1.000000,1.000000,0,0,1,0
444,25,134,309,1.000000,1.000000,1.000000,1.000000,0,1,1,0
445,29,135,309,1.000000,1.000000,1.000000,1.000000,0,1,1,0
446,27,135,310,1.000000,1.000000,1.000000,1.000000,0,1,0,0
447,25,135,311,1.000000,1.000000,1.000000,1.000000,1,1,1,1
448,29,136,311,1.000000,1.000000,1.000000,1.000000,1,1,1,1
449,27,136,312,1.000000,1.000000,1.000000,1.000000,1,0,0,0
450,25,136,313,1.000000,1.000000,1.000000,1.000000,1,1,1,0
451,29,137,313,1.000000,1.000000,1.000000,1.000000,1,1,1,0
452,27,137,314,1.000000,1.000000,1.000000,1.000000,0,1,0,0
453,29,138,314,1.000000,1.000000,1.000000,1.000000,0,1,0,0
454,27,138,315,1.000000,1.000000,1.000000,1.000000,0,0,1,0
455,29,139,315,1.000000,1.000000,1.000000,1.000000,0,0,1,0
456,27,139,316,1.000000,1.000000,1.000000,1.000000,0,1,0,0
457,25,139,317,1.000000,1.000000,1.000000,1.000000,0,0,0,1
458,23,139,318,1.000000,1.000000,1.000000,1.000000,0,1,0,0
459,29,140,318,1.000000,1.000000,1.000000,1.000000,0,1,0,0
460,27,140,319,1.000000,1.000000,1.000000,1.000000,0,0,0,0
461,29,141,319,1.000000,1.000000,1.000000,1.000000,0,0,0,0
462,27,141,320,1.000000,1.000000,1.000000,1.000000,0,0,0,0
463,25,141,321,1.000000,1.000000,1.000000,1.000000,0,0,0,0
464,23,141,322,1.000000,1.000000,1.000000,1.000000,0,0,0,0
465,21,141,323,1.000000,1.000000,1.000000,1.000000,0,0,1,0
466,29,142,323,1.000000,1.000000,1.000000,1.000000,0,0,1,0
467,27,142,324,1.000000,1.000000,1.000000,1.000000,0,0,1,1
468,29,143,324,1.000000,1.000000,1.000000,1.000000,0,0,1,1
469,27,143,325,1.000000,1.000000,1.000000,1.000000,0,0,1,0
470,29,144,325,1.000000,1.000000,1.000000,1.000000,0,0,1,0
471,27,144,326,1.000000,1.000000,1.000000,1.000000,0,1,0,0
472,29,145,326,1.000000,1.000000,1.000000,1.000000,0,1,0,0
473,27,145,327,1.000000,1.000000,1.000000,1.000000,0,1,1,0
474,29,146,327,1.000000,1.000000,1.000000,1.000000,0,1,1,0
475,27,146,328,1.000000,1.000000,1.000000,1.000000,0,0,0,0
476,29,147,328,1.000000,1.000000,1.000000,1.000000,0,0,0,0
477,27,147,329,1.000000,1.000000,1.000000,1.000000,0,0,1,0
478,25,147,330,1.000000,1.000000,1.000000,1.000000,0,0,0,0
479,29,148,330,1.000000,1.000000,1.000000,1.000000,0,0,0,0
480,27,148,331,1.000000,1.000000,1.000000,1.000000,0,0,0,1
481,25,148,332,1.000000,1.000000,1.000000,1.000000,0,0,0,0
482,29,149,332,1.000000,1.000000,1.000000,1.000000,0,0,0,0
483,27,149,333,1.000000,1.000000,1.000000,1.000000,0,0,1,0
484,25,149,334,1.000000,1.000000,1.000000,1.000000,0,0,0,0
485,29,150,334,1.000000,1.000000,1.000000,1.000000,0,0,0,0
486,27,150,335,1.000000,1.000000,1.000000,1.000000,0,0,0,0
487,25,150,336,1.000000,1.000000,1.000000,1.000000,0,0,0,0
488,23,150,337,1.000000,1.000000,1.000000,1.000000,1,0,0,0
489,21,150,338,1.000000,1.000000,1.000000,1.000000,1,1,0,0
490,29,151,338,1.000000,1.000000,1.000000,1.000000,1,1,0,0
491,27,151,339,1.000000,1.000000,1.000000,1.000000,1,1,0,0
492,29,152,339,1.000000,1.000000,1.000000,1.000000,1,1,0,0
493,27,152,340,1.000000,1.000000,1.000000,1.000000,0,0,0,0
494,29,153,340,1.000000,1.000000,1.000000,1.000000,0,0,0,0
495,27,153,341,1.000000,1.000000,1.000000,1.000000,0,0,1,0
496,25,153,342,1.000000,1.000000,1.000000,1.000000,0,0,0,0
497,29,154,342,1.000000,1.000000,1.000000,1.000000,0,0,0,0
498,27,154,343,1.000000,1.000000,1.000000,1.000000,0,0,0,0
499,25,154,344,1.000000,1.000000,1.000000,1.000000,0,0,0,0
500,23,154,345,1.000000,1.000000,1.000000,1.000000,0,0,0,0
501,21,154,346,1.000000,1.000000,1.000000,1.000000,0,0,0,0
502,19,154,347,1.000000,1.000000,1.000000,1.000000,0,0,0,0
503,17,154,348,1.000000,1.000000,1.000000,1.000000,0,0,1,0
504,15,154,349,1.000000,1.000000,1.000000,1.000000,0,1,1,0
505,29,155,349,1.000000,1.000000,1.000000,1.000000,0,1,1,0
506,27,155,350,1.000000,1.000000,1.000000,1.000000,0,0,0,0
507,29,156,350,1.000000,1.000000,1.000000,1.000000,0,0,0,0
508,27,156,351,1.000000,1.000000,1.000000,1.000000,0,1,0,0
509,25,156,352,1.000000,1.000000,1.000000,1.000000,0,0,0,0
510,29,157,352,1.000000,1.000000,1.000000,1.000000,0,0,0,0
511,27,157,353,1.000000,1.000000,1.000000,1.000000,0,0,0,0
512,25,157,354,1.000000,1.000000,1.000000,1.000000,0,0,0,0
513,23,157,355,1.000000,1.000000,1.000000,1.000000,0,1,0,0
514,21,157,356,1.000000,1.000000,1.000000,1.000000,0,0,0,0
515,29,158,356,1.000000,1.000000,1.000000,1.000000,0,0,0,0
516,27,158,357,1.000000,1.000000,1.000000,1.000000,0,0,0,0
517,25,158,358,1.000000,1.000000,1.000000,1.000000,0,0,0,0
518,23,158,359,1.000000,1.000000,1.000000,1.000000,0,0,0,0
519,21,158,360,1.000000,1.000000,1.000000,1.000000,0,0,0,0
520,19,158,361,1.000000,1.000000,1.000000,1.000000,0,0,0,0
521,17,158,362,1.000000,1.000000,1.000000,1.000000,0,0,0,0
522,15,158,363,1.000000,1.000000,1.000000,1.000000,0,0,0,0
523,13,158,364,1.000000,1.000000,1.000000,1.000000,0,0,0,0
524,11,158,365,1.000000,1.000000,1.000000,1.000000,0,0,0,0
525,9,158,366,1.000000,1.000000,1.000000,1.000000,0,1,0,1
526,7,158,367,1.000000,1.000000,1.000000,1.000000,0,0,0,0
527,29,159,367,1.000000,1.000000,1.000000,1.000000,0,0,0,0
528,27,159,368,1.000000,1.000000,1.000000,1.000000,0,0,0,0
529,25,159,369,1.000000,1.000000,1.000000,1.000000,0,0,0,0
530,23,159,370,1.000000,1.000000,1.000000,1.000000,0,0,0,0
531,21,159,371,1.000000,1.000000,1.000000,1.000000,0,0,0,0
532,19,159,372,1.000000,1.000000,1.000000,1.000000,0,0,0,0
533,17,159,373,1.000000,1.000000,1.000000,1.000000,0,1,0,0
534,15,159,374,1.000000,1.000000,1.000000,1.000000,0,0,1,0
535,29,160,374,1.000000,1.000000,1.000000,1.000000,0,0,1,0
536,27,160,375,1.000000,1.000000,1.000000,1.000000,0,0,0,0
537,29,161,375,1.000000,1.000000,1.000000,1.000000,0,0,0,0
538,27,161,376,1.000000,1.000000,1.000000,1.000000,0,1,0,0
539,25,161,377,1.000000,1.000000,1.000000,1.000000,0,0,0,0
540,23,161,378,1.000000,1.000000,1.000000,1.000000,0,0,0,0
541,21,161,379,1.000000,1.000000,1.000000,1.000000,0,0,0,0
542,19,161,380,1.000000,1.000000,1.000000,1.000000,0,1,0,0
543,17,161,381,1.000000,1.000000,1.000000,1.000000,0,0,0,0
544,29,162,381,1.000000,1.000000,1.000000,1.000000,0,0,0,0
545,27,162,382,1.000000,1.000000,1.000000,1.000000,0,0,0,0
546,25,162,383,1.000000,1.000000,1.000000,1.000000,0,0,0,0
547,23,162,384,1.000000,1.000000,1.000000,1.000000,0,0,0,0
548,21,162,385,1.000000,1.000000,1.000000,1.000000,0,0,0,0
549,19,162,386,1.000000,1.000000,1.000000,1.000000,0,0,0,1
550,17,162,387,1.000000,1.000000,1.000000,1.000000,0,0,0,0
551,15,162,388,1.000000,1.000000,1.000000,1.000000,1,0,0,0
552,13,162,389,1.000000,1.000000,1.000000,1.000000,0,0,0,0
553,29,163,389,1.000000,1.000000,1.000000,1.000000,0,0,0,0
554,27,163,390,1.000000,1.000000,1.000000,1.000000,0,1,0,0
555,25,163,391,1.000000,1.000000,1.000000,1.000000,1,0,0,0
556,29,164,391,1.000000,1.000000,1.000000,1.000000,1,0,0,0
557,27,164,392,1.000000,1.000000,1.000000,1.000000,0,0,0,0
558,29,165,392,1.000000,1.000000,1.000000,1.000000,0,0,0,0
559,27,165,393,1.000000,1.000000,1.000000,1.000000,0,1,0,0
560,25,165,394,1.000000,1.000000,1.000000,1.000000,0,0,1,0
561,29,166,394,1.000000,1.000000,1.000000,1.000000,0,0,1,0
562,27,166,395,1.000000,1.000000,1.000000,1.000000,0,0,0,0
563,29,167,395,1.000000,1.000000,1.000000,1.000000,0,0,0,0
564,27,167,396,1.000000,1.000000,1.000000,1.000000,0,0,1,0
565,25,167,397,1.000000,1.000000,1.000000,1.000000,0,0,0,0
566,29,168,397,1.000000,1.000000,1.000000,1.000000,0,0,0,0
567,27,168,398,1.000000,1.000000,1.000000,1.000000,0,0,0,0
568,25,168,399,1.000000,1.000000,1.000000,1.000000,0,0,0,0
569,23,168,400,1.000000,1.000000,1.000000,1.000000,0,1,1,0
570,21,168,401,1.000000,1.000000,1.000000,1.000000,1,0,0,0
571,29,169,401,1.000000,1.000000,1.000000,1.000000,1,0,0,0
572,27,169,402,1.000000,1.000000,1.000000,1.000000,0,0,0,0
573,29,170,402,1.000000,1.000000,1.000000,1.000000,0,0,0,0
574,27,170,403,1.000000,1.000000,1.000000,1.000000,0,1,0,0
575,25,170,404,1.000000,1.000000,1.000000,1.000000,0,1,0,0
576,23,170,405,1.000000,1.000000,1.000000,1.000000,0,0,0,1
577,29,171,405,1.000000,1.000000,1.000000,1.000000,0,0,0,1
578,27,171,406,1.000000,1.000000,1.000000,1.000000,0,0,0,0
579,29,172,406,1.000000,1.000000,1.000000,1.000000,0,0,0,0
580,27,172,407,1.000000,1.000000,1.000000,1.000000,0,0,0,0
581,25,172,408,1.000000,1.000000,1.000000,1.000000,0,0,0,0
582,23,172,409,1.000000,1.000000,1.000000,1.000000,0,0,0,0
583,21,172,410,1.000000,1.000000,1.000000,1.000000,0,0,0,0
584,19,172,411,1.000000,1.000000,1.000000,1.000000,0,0,0,0
585,17,172,412,1.000000,1.000000,1.000000,1.000000,0,0,1,1
586,15,172,413,1.000000,1.000000,1.000000,1.000000,0,0,0,0
587,29,173,413,1.000000,1.000000,1.000000,1.000000,0,0,0,0
588,27,173,414,1.000000,1.000000,1.000000,1.000000,0,0,0,1
589,25,173,415,1.000000,1.000000,1.000000,1.000000,1,0,0,0
590,29,174,415,1.000000,1.000000,1.000000,1.000000,1,0,0,0
591,27,174,416,1.000000,1.000000,1.000000,1.000000,0,0,0,0
592,29,175,416,1.000000,1.000000,1.000000,1.000000,0,0,0,0
593,27,175,417,1.000000,1.000000,1.000000,1.000000,0,0,0,0
594,25,175,418,1.000000,1.000000,1.000000,1.000000,0,0,0,1
595,23,175,419,1.000000,1.000000,1.000000,1.000000,0,0,0,0
596,29,176,419,1.000000,1.000000,1.000000,1.000000,0,0,0,0
597,27,176,420,1.000000,1.000000,1.000000,1.000000,0,0,0,0
598,25,176,421,1.000000,1.000000,1.000000,1.000000,0,0,0,0
599,23,176,422,1.000000,1.000000,1.000000,1.000000,0,0,0,0
600,21,176,423,1.000000,1.000000,1.000000,1.000000,0,0,0,0
601,19,176,424,1.000000,1.000000,1.000000,1.000000,0,1,0,0
602,17,176,425,1.000000,1.000000,1.000000,1.000000,0,0,0,0
603,29,177,425,1.000000,1.000000,1.000000,1.000000,0,0,0,0
604,27,177,426,1.000000,1.000000,1.000000,1.000000,1,0,0,0
605,25,177,427,1.000000,1.000000,1.000000,1.000000,0,0,0,0
606,29,178,427,1.000000,1.000000,1.000000,1.000000,1,0,0,0
607,27,178,428,1.000000,1.000000,1.000000,1.000000,0,0,0,0
608,29,179,428,1.000000,1.000000,1.000000,1.000000,0,0,0,0
609,27,179,429,1.000000,1.000000,1.000000,1.000000,0,0,0,0
610,25,179,430,1.000000,1.000000,1.000000,1.000000,0,0,0,1
611,23,179,431,1.000000,1.000000,1.000000,1.000000,0,0,0,0
612,29,180,431,1.000000,1.000000,1.000000,1.000000,0,0,0,0
613,27,180,432,1.000000,1.000000,1.000000,1.000000,1,0,0,1
614,25,180,433,1.000000,1.000000,1.000000,1.000000,0,0,0,0
615,29,181,433,1.000000,1.000000,1.000000,1.000000,0,0,0,0
616,27,181,434,1.000000,1.000000,1.000000,1.000000,0,1,0,1
617,25,181,435,1.000000,1.000000,1.000000,1.000000,1,0,0,0
618,29,182,435,1.000000,1.000000,1.000000,1.000000,1,0,0,0
619,27,182,436,1.000000,1.000000,1.000000,1.000000,0,0,0,0
620,29,183,436,1.000000,1.000000,1.000000,1.000000,0,0,0,0
621,27,183,437,1.000000,1.000000,1.000000,1.000000,0,1,0,0
622,25,183,438,1.000000,1.000000,1.000000,1.000000,0,0,1,0
623,23,183,439,1.000000,1.000000,1.000000,1.000000,1,0,0,0
624,29,184,439,1.000000,1.000000,1.000000,1.000000,1,0,0,0
625,27,184,440,1.000000,1.000000,1.000000,1.000000,0,0,0,0
626,29,185,440,1.000000,1.000000,1.000000,1.000000,0,0,0,0
627,27,185,441,1.000000,1.000000,1.000000,1.000000,1,1,0,0
628,25,185,442,1.000000,1.000000,1.000000,1.000000,0,0,0,0
629,29,186,442,1.000000,1.000000,1.000000,1.000000,0,0,0,0
630,27,186,443,1.000000,1.000000,1.000000,1.000000,0,0,0,0
631,25,186,444,1.000000,1.000000,1.000000,1.000000,0,0,0,0
632,23,186,445,1.000000,1.000000,1.000000,1.000000,1,0,0,0
633,21,186,446,1.000000,1.000000,1.000000,1.000000,0,0,0,0
634,29,187,446,1.000000,1.000000,1.000000,1.000000,0,0,0,0
635,27,187,447,1.000000,1.000000,1.000000,1.000000,0,0,0,0
636,25,187,448,1.000000,1.000000,1.000000,1.000000,0,0,0,0
637,23,187,449,1.000000,1.000000,1.000000,1.000000,0,0,0,0
638,21,187,450,1.000000,1.000000,1.000000,1.000000,0,0,0,1
639,19,187,451,1.000000,1.000000,1.000000,1.000000,0,0,0,0
640,17,187,452,1.000000,1.000000,1.000000,1.000000,1,0,0,0
641,15,187,453,1.000000,1.000000,1.000000,1.000000,1,0,0,0
642,29,188,453,1.000000,1.000000,1.000000,1.000000,1,0,0,0
643,27,188,454,1.000000,1.000000,1.000000,1.000000,0,0,0,0
644,29,189,454,1.000000,1.000000,1.000000,1.000000,0,0,0,0
645,27,189,455,1.000000,1.000000,1.000000,1.000000,0,1,0,0
646,25,189,456,1.000000,1.000000,1.000000,1.000000,0,0,0,0
647,29,190,456,1.000000,1.000000,1.000000,1.000000,0,0,0,0
648,27,190,457,1.000000,1.000000,1.000000,1.000000,0,0,1,0
649,25,190,458,1.000000,1.000000,1.000000,1.000000,0,0,0,0
650,29,191,458,1.000000,1.000000,1.000000,1.000000,0,0,0,0
651,27,191,459,1.000000,1.000000,1.000000,1.000000,0,0,0,0
652,25,191,460,1.000000,1.000000,1.000000,1.000000,0,0,0,0
653,23,191,461,1.000000,1.000000,1.000000,1.000000,0,0,0,0
654,21,191,462,1.000000,1.000000,1.000000,1.000000,0,0,0,1
655,19,191,463,1.000000,1.000000,1.000000,1.000000,0,0,0,0
656,29,192,463,1.000000,1.000000,1.000000,1.000000,0,0,0,0
657,27,192,464,1.000000,1.000000,1.000000,1.000000,0,0,0,0
658,25,192,465,1.000000,1.000000,1.000000,1.000000,0,0,0,1
659,23,192,466,1.000000,1.000000,1.000000,1.000000,0,0,1,0
660,29,193,466,1.000000,1.000000,1.000000,1.000000,0,0,1,0
661,27,193,467,1.000000,1.000000,1.000000,1.000000,0,0,0,1
662,29,194,467,1.000000,1.000000,1.000000,1.000000,0,0,0,1
663,27,194,468,1.000000,1.000000,1.000000,1.000000,0,0,0,0
664,25,194,469,1.000000,1.000000,1.000000,1.000000,0,0,0,0
665,23,194,470,1.000000,1.000000,1.000000,1.000000,0,1,0,0
666,21,194,471,1.000000,1.000000,1.000000,1.000000,1,0,0,0
667,29,195,471,1.000000,1.000000,1.000000,1.000000,1,0,0,0
668,27,195,472,1.000000,1.000000,1.000000,1.000000,0,0,0,0
669,29,196,472,1.000000,1.000000,1.000000,1.000000,0,0,0,0
670,27,196,473,1.000000,1.000000,1.000000,1.000000,0,1,0,0
671,25,196,474,1.000000,1.000000,1.000000,1.000000,0,0,0,0
672,29,197,474,1.000000,1.000000,1.000000,1.000000,0,0,0,0
673,27,197,475,1.000000,1.000000,1.000000,1.000000,0,1,0,0
674,25,197,476,1.000000,1.000000,1.000000,1.000000,0,0,0,0
675,29,198,476,1.000000,1.000000,1.000000,1.000000,0,0,0,0
676,27,198,477,1.000000,1.000000,1.000000,1.000000,0,0,0,0
677,25,198,478,1.000000,1.000000,1.000000,1.000000,0,0,0,0
678,23,198,479,1.000000,1.000000,1.000000,1.000000,0,0,0,0
679,21,198,480,1.000000,1.000000,1.000000,1.000000,1,0,0,0
680,19,198,481,1.000000,1.000000,1.000000,1.000000,0,0,0,0
681,29,199,481,1.000000,1.000000,1.000000,1.000000,0,0,0,0
682,27,199,482,1.000000,1.000000,1.000000,1.000000,0,0,0,0
683,25,199,483,1.000000,1.000000,1.000000,1.000000,1,0,0,0
684,23,199,484,1.000000,1.000000,1.000000,1.000000,1,0,0,0
685,29,200,484,1.000000,1.000000,1.000000,1.000000,1,0,0,0
686,27,200,485,1.000000,1.000000,1.000000,1.000000,0,1,0,0
687,25,200,486,1.000000,1.000000,1.000000,1.000000,0,0,0,1
688,23,200,487,1.000000,1.000000,1.000000,1.000000,0,1,0,0
689,29,201,487,1.000000,1.000000,1.000000,1.000000,0,1,0,0
690,27,201,488,1.000000,1.000000,1.000000,1.000000,0,0,0,0
691,29,202,488,1.000000,1.000000,1.000000,1.000000,0,0,0,0
692,27,202,489,1.000000,1.000000,1.000000,1.000000,0,0,0,0
693,25,202,490,1.000000,1.000000,1.000000,1.000000,0,0,0,0
694,23,202,491,1.000000,1.000000,1.000000,1.000000,0,0,0,0
695,21,202,492,1.000000,1.000000,1.000000,1.000000,1,0,0,0
696,19,202,493,1.000000,1.000000,1.000000,1.000000,1,1,0,0
697,29,203,493,1.000000,1.000000,1.000000,1.000000,1,1,0,0
698,27,203,494,1.000000,1.000000,1.000000,1.000000,0,0,0,0
699,29,204,494,1.000000,1.000000,1.000000,1.000000,0,0,0,0
700,27,204,495,1.000000,1.000000,1.000000,1.000000,0,1,0,0
701,25,204,496,1.000000,1.000000,1.000000,1.000000,0,0,0,0
702,29,205,496,1.000000,1.000000,1.000000,1.000000,0,0,0,0
703,27,205,497,1.000000,1.000000,1.000000,1.000000,0,0,0,0
704,25,205,498,1.000000,1.000000,1.000000,1.000000,1,0,0,0
705,23,205,499,1.000000,1.000000,1.000000,1.000000,0,0,0,0
706,29,206,499,1.000000,1.000000,1.000000,1.000000,0,0,0,0
707,27,206,500,1.000000,1.000000,1.000000,1.000000,0,1,0,1
708,25,206,501,1.000000,1.000000,1.000000,1.000000,0,0,0,0
709,29,207,501,1.000000,1.000000,1.000000,1.000000,0,0,0,0
710,27,207,502,1.000000,1.000000,1.000000,1.000000,0,1,0,0
711,25,207,503,1.000000,1.000000,1.000000,1.000000,0,0,0,0
712,29,208,503,1.000000,1.000000,1.000000,1.000000,0,0,0,0
713,27,208,504,1.000000,1.000000,1.000000,1.000000,0,0,0,0
714,25,208,505,1.000000,1.000000,1.000000,1.000000,0,0,0,0
715,23,208,506,1.000000,1.000000,1.000000,1.000000,1,0,0,0
716,21,208,507,1.000000,1.000000,1.000000,1.000000,0,0,0,0
717,29,209,507,1.000000,1.000000,1.000000,1.000000,0,0,0,0
718,27,209,508,1.000000,1.000000,1.000000,1.000000,0,0,0,0
719,25,209,509,1.000000,1.000000,1.000000,1.000000,0,0,0,0
720,23,209,510,1.000000,1.000000,1.000000,1.000000,0,0,0,0
721,21,209,511,1.000000,1.000000,1.000000,1.000000,0,0,0,0
722,19,209,512,1.000000,1.000000,1.000000,1.000000,0,0,0,0
723,17,209,513,1.000000,1.000000,1.000000,1.000000,0,0,0,0
724,15,209,514,1.000000,1.000000,1.000000,1.000000,0,0,0,0
725,13,209,515,1.000000,1.000000,1.000000,1.000000,0,0,0,0
726,11,209,516,1.000000,1.000000,1.000000,1.000000,0,0,0,0
727,9,209,517,1.000000,1.000000,1.000000,1.000000,0,0,0,0
728,7,209,518,1.000000,1.000000,1.000000,1.000000,1,0,0,0
729,5,209,519,1.000000,1.000000,1.000000,1.000000,0,0,0,0
730,29,210,519,1.000000,1.000000,1.000000,1.000000,0,0,0,0
731,27,210,520,1.000000,1.000000,1.000000,1.000000,0,0,0,1
732,25,210,521,1.000000,1.000000,1.000000,1.000000,0,0,0,1
733,23,210,522,1.000000,1.000000,1.000000,1.000000,0,1,0,0
734,29,211,522,1.000000,1.000000,1.000000,1.000000,0,1,0,0
735,27,211,523,1.000000,1.000000,1.000000,1.000000,0,0,0,0
736,29,212,523,1.000000,1.000000,1.000000,1.000000,0,0,0,0
737,27,212,524,1.000000,1.000000,1.000000,1.000000,0,0,0,0
738,25,212,525,1.000000,1.000000,1.000000,1.000000,0,0,0,0
739,23,212,526,1.000000,1.000000,1.000000,1.000000,0,0,0,0
740,21,212,527,1.000000,1.000000,1.000000,1.000000,0,0,0,0
741,19,212,528,1.000000,1.000000,1.000000,1.000000,0,0,0,0
742,17,212,529,1.000000,1.000000,1.000000,1.000000,0,0,0,0
743,15,212,530,1.000000,1.000000,1.000000,1.000000,0,0,0,0
744,13,212,531,1.000000,1.000000,1.000000,1.000000,0,0,0,0
745,11,212,532,1.000000,1.000000,1.000000,1.000000,0,1,0,0
746,9,212,533,1.000000,1.000000,1.000000,1.000000,0,0,0,0
747,29,213,533,1.000000,1.000000,1.000000,1.000000,0,0,0,0
748,27,213,534,1.000000,1.000000,1.000000,1.000000,0,0,0,0
749,25,213,535,1.000000,1.000000,1.000000,1.000000,0,0,0,0
750,23,213,536,1.000000,1.000000,1.000000,1.000000,0,0,0,1
751,21,213,537,1.000000,1.000000,1.000000,1.000000,0,0,0,0
752,29,214,537,1.000000,1.000000,1.000000,1.000000,0,0,0,0
753,27,214,538,1.000000,1.000000,1.000000,1.000000,0,0,0,1
754,25,214,539,1.000000,1.000000,1.000000,1.000000,0,0,0,0
755,29,215,539,1.000000,1.000000,1.000000,1.000000,0,0,0,0
756,27,215,540,1.000000,1.000000,1.000000,1.000000,0,0,1,1
757,25,215,541,1.000000,1.000000,1.000000,1.000000,0,0,0,0
758,29,216,541,1.000000,1.000000,1.000000,1.000000,0,0,0,0
759,27,216,542,1.000000,1.000000,1.000000,1.000000,0,1,0,0
760,25,216,543,1.000000,1.000000,1.000000,1.000000,0,0,0,0
761,29,217,543,1.000000,1.000000,1.000000,1.000000,0,0,0,0
762,27,217,544,1.000000,1.000000,1.000000,1.000000,0,0,0,0
763,25,217,545,1.000000,1.000000,1.000000,1.000000,0,0,0,0
764,23,217,546,1.000000,1.000000,1.000000,1.000000,0,0,0,0
765,21,217,547,1.000000,1.000000,1.000000,1.000000,0,0,0,0
766,19,217,548,1.000000,1.000000,1.000000,1.000000,0,0,0,0
767,17,217,549,1.000000,1.000000,1.000000,1.000000,0,0,0,0
768,15,217,550,1.000000,1.000000,1.000000,1.000000,0,0,0,0
769,13,217,551,1.000000,1.000000,1.000000,1.000000,0,0,1,0
770,11,217,552,1.000000,1.000000,1.000000,1.000000,0,0,0,0
771,9,217,553,1.000000,1.000000,1.000000,1.000000,0,1,0,0
772,7,217,554,1.000000,1.000000,1.000000,1.000000,0,0,0,0
773,5,217,555,1.000000,1.000000,1.000000,1.000000,0,0,0,1
774,3,217,556,1.000000,1.000000,1.000000,1.000000,0,0,1,0
775,29,218,556,1.000000,1.000000,1.000000,1.000000,0,0,1,0
776,27,218,557,1.000000,1.000000,1.000000,1.000000,0,0,0,1
777,29,219,557,1.000000,1.000000,1.000000,1.000000,0,0,0,1
778,27,219,558,1.000000,1.000000,1.000000,1.000000,0,0,0,0
779,29,220,558,1.000000,1.000000,1.000000,1.000000,0,0,0,0
780,27,220,559,1.000000,1.000000,1.000000,1.000000,0,0,1,0
781,25,220,560,1.000000,1.000000,1.000000,1.000000,0,0,0,0
782,29,221,560,1.000000,1.000000,1.000000,1.000000,0,0,0,0
783,27,221,561,1.000000,1.000000,1.000000,1.000000,0,1,0,0
784,25,221,562,1.000000,1.000000,1.000000,1.000000,0,1,0,0
785,29,222,562,1.000000,1.000000,1.000000,1.000000,0,1,0,0
786,27,222,563,1.000000,1.000000,1.000000,1.000000,0,1,0,0
787,29,223,563,1.000000,1.000000,1.000000,1.000000,0,1,0,0
788,27,223,564,1.000000,1.000000,1.000000,1.000000,0,0,1,0
789,29,224,564,1.000000,1.000000,1.000000,1.000000,0,0,1,0
790,27,224,565,1.000000,1.000000,1.000000,1.000000,0,0,1,0
791,29,225,565,1.000000,1.000000,1.000000,1.000000,0,0,1,0
792,27,225,566,1.000000,1.000000,1.000000,1.000000,0,1,0,0
793,29,226,566,1.000000,1.000000,1.000000,1.000000,0,1,0,0
794,27,226,567,1.000000,1.000000,1.000000,1.000000,0,0,0,0
795,29,227,567,1.000000,1.000000,1.000000,1.000000,0,0,0,0
796,27,227,568,1.000000,1.000000,1.000000,1.000000,0,0,0,0
797,25,227,569,1.000000,1.000000,1.000000,1.000000,0,0,1,0
798,23,227,570,1.000000,1.000000,1.000000,1.000000,0,0,1,1
799,21,227,571,1.000000,1.000000,1.000000,1.000000,1,0,0,0
800,29,228,571,1.000000,1.000000,1.000000,1.000000,1,0,0,0
801,27,228,572,1.000000,1.000000,1.000000,1.000000,0,0,0,1
802,25,228,573,1.000000,1.000000,1.000000,1.000000,0,1,0,0
803,29,229,573,1.000000,1.000000,1.000000,1.000000,0,1,0,0
804,27,229,574,1.000000,1.000000,1.000000,1.000000,0,0,0,0
805,29,230,574,1.000000,1.000000,1.000000,1.000000,0,0,0,0
806,27,230,575,1.000000,1.000000,1.000000,1.000000,0,0,0,0
807,25,230,576,1.000000,1.000000,1.000000,1.000000,0,0,0,0
808,23,230,577,1.000000,1.000000,1.000000,1.000000,0,0,0,0
809,21,230,578,1.000000,1.000000,1.000000,1.000000,0,0,0,0
810,19,230,579,1.000000,1.000000,1.000000,1.000000,1,0,1,0
811,17,230,580,1.000000,1.000000,1.000000,1.000000,0,0,1,0
812,29,231,580,1.000000,1.000000,1.000000,1.000000,0,0,1,0
813,27,231,581,1.000000,1.000000,1.000000,1.000000,0,1,0,0
814,25,231,582,1.000000,1.000000,1.000000,1.000000,0,0,1,1
815,23,231,583,1.000000,1.000000,1.000000,1.000000,0,1,0,0
816,21,231,584,1.000000,1.000000,1.000000,1.000000,0,0,1,1
817,29,232,584,1.000000,1.000000,1.000000,1.000000,0,0,1,1
818,27,232,585,1.000000,1.000000,1.000000,1.000000,0,0,0,0
819,29,233,585,1.000000,1.000000,1.000000,1.000000,0,0,0,0
820,27,233,586,1.000000,1.000000,1.000000,1.000000,0,0,0,0
821,25,233,587,1.000000,1.000000,1.000000,1.000000,0,0,0,0
822,23,233,588,1.000000,1.000000,1.000000,1.000000,0,0,1,0
823,21,233,589,1.000000,1.000000,1.000000,1.000000,0,0,0,0
824,29,234,589,1.000000,1.000000,1.000000,1.000000,0,0,0,0
825,27,234,590,1.000000,1.000000,1.000000,1.000000,0,0,1,0
826,25,234,591,1.000000,1.000000,1.000000,1.000000,0,0,0,1
827,29,235,591,1.000000,1.000000,1.000000,1.000000,0,0,0,1
828,27,235,592,1.000000,1.000000,1.000000,1.000000,0,0,1,0
829,29,236,592,1.000000,1.000000,1.000000,1.000000,0,0,1,0
830,27,236,593,1.000000,1.000000,1.000000,1.000000,0,0,0,0
831,29,237,593,1.000000,1.000000,1.000000,1.000000,0,0,0,0
832,27,237,594,1.000000,1.000000,1.000000,1.000000,0,0,0,0
833,25,237,595,1.000000,1.000000,1.000000,1.000000,0,0,0,0
834,23,237,596,1.000000,1.000000,1.000000,1.000000,0,0,0,0
835,21,237,597,1.000000,1.000000,1.000000,1.000000,1,0,0,0
836,19,237,598,1.000000,1.000000,1.000000,1.000000,1,0,0,1
837,17,237,599,1.000000,1.000000,1.000000,1.000000,0,1,1,0
838,29,238,599,1.000000,1.000000,1.000000,1.000000,0,1,1,0
839,27,238,600,1.000000,1.000000,1.000000,1.000000,0,0,0,1
840,29,239,600,1.000000,1.000000,1.000000,1.000000,0,0,0,1
841,27,239,601,1.000000,1.000000,1.000000,1.000000,0,0,0,0
842,29,240,601,1.000000,1.000000,1.000000,1.000000,0,0,0,0
843,27,240,602,1.000000,1.000000,1.000000,1.000000,1,0,0,0
844,25,240,603,1.000000,1.000000,1.000000,1.000000,0,0,0,1
845,29,241,603,1.000000,1.000000,1.000000,1.000000,0,0,0,1
846,27,241,604,1.000000,1.000000,1.000000,1.000000,0,0,0,0
847,29,242,604,1.000000,1.000000,1.000000,1.000000,0,0,0,0
848,27,242,605,1.000000,1.000000,1.000000,1.000000,0,0,0,1
849,25,242,606,1.000000,1.000000,1.000000,1.000000,0,0,1,0
850,23,242,607,1.000000,1.000000,1.000000,1.000000,1,0,0,0
851,29,243,607,1.000000,1.000000,1.000000,1.000000,1,0,0,0
852,27,243,608,1.000000,1.000000,1.000000,1.000000,0,0,0,0
853,29,244,608,1.000000,1.000000,1.000000,1.000000,0,0,0,0
854,27,244,609,1.000000,1.000000,1.000000,1.000000,1,0,0,1
855,25,244,610,1.000000,1.000000,1.000000,1.000000,0,0,1,0
856,29,245,610,1.000000,1.000000,1.000000,1.000000,0,0,1,0
857,27,245,611,1.000000,1.000000,1.000000,1.000000,0,0,0,0
858,29,246,611,1.000000,1.000000,1.000000,1.000000,0,0,0,0
859,27,246,612,1.000000,1.000000,1.000000,1.000000,0,1,0,1
860,25,246,613,1.000000,1.000000,1.000000,1.000000,0,0,0,0
861,29,247,613,1.000000,1.000000,1.000000,1.000000,0,0,0,0
862,27,247,614,1.000000,1.000000,1.000000,1.000000,0,0,0,0
863,25,247,615,1.000000,1.000000,1.000000,1.000000,0,0,0,0
864,23,247,616,1.000000,1.000000,1.000000,1.000000,1,0,0,0
865,21,247,617,1.000000,1.000000,1.000000,1.000000,1,0,0,0
866,29,248,617,1.000000,1.000000,1.000000,1.000000,1,0,0,0
867,27,248,618,1.000000,1.000000,1.000000,1.000000,0,0,0,0
868,25,248,619,1.000000,1.000000,1.000000,1.000000,0,0,0,1
869,23,248,620,1.000000,1.000000,1.000000,1.000000,0,0,0,0
870,29,249,620,1.000000,1.000000,1.000000,1.000000,0,0,0,0
871,27,249,621,1.000000,1.000000,1.000000,1.000000,0,1,0,0
872,25,249,622,1.000000,1.000000,1.000000,1.000000,0,0,1,0
873,29,250,622,1.000000,1.000000,1.000000,1.000000,0,0,1,0
874,27,250,623,1.000000,1.000000,1.000000,1.000000,0,0,0,0
875,29,251,623,1.000000,1.000000,1.000000,1.000000,0,0,0,0
876,27,251,624,1.000000,1.000000,1.000000,1.000000,0,1,0,1
877,25,251,625,1.000000,1.000000,1.000000,1.000000,0,0,0,0
878,23,251,626,1.000000,1.000000,1.000000,1.000000,0,1,1,0
879,21,251,627,1.000000,1.000000,1.000000,1.000000,0,0,0,0
880,29,252,627,1.000000,1.000000,1.000000,1.000000,0,0,0,0
881,27,252,628,1.000000,1.000000,1.000000,1.000000,0,0,0,1
882,25,252,629,1.000000,1.000000,1.000000,1.000000,0,0,0,0
883,29,253,629,1.000000,1.000000,1.000000,1.000000,0,0,0,0
884,27,253,630,1.000000,1.000000,1.000000,1.000000,0,0,0,0
885,25,253,631,1.000000,1.000000,1.000000,1.000000,0,0,0,0
886,23,253,632,1.000000,1.000000,1.000000,1.000000,0,0,0,0
887,21,253,633,1.000000,1.000000,1.000000,1.000000,0,0,0,0
888,19,253,634,1.000000,1.000000,1.000000,1.000000,0,0,0,0
889,17,253,635,1.000000,1.000000,1.000000,1.000000,0,0,0,0
890,15,253,636,1.000000,1.000000,1.000000,1.000000,1,0,0,0
891,13,253,637,1.000000,1.000000,1.000000,1.000000,0,0,0,0
892,11,253,638,1.000000,1.000000,1.000000,1.000000,1,0,0,0
893,9,253,639,1.000000,1.000000,1.000000,1.000000,1,0,0,0
894,7,253,640,1.000000,1.000000,1.000000,1.000000,0,0,1,0
895,5,253,641,1.000000,1.000000,1.000000,1.000000,1,0,0,0
896,29,254,641,1.000000,1.000000,1.000000,1.000000,1,0,0,0
897,27,254,642,1.000000,1.000000,1.000000,1.000000,0,0,0,0
898,29,255,642,1.000000,1.000000,1.000000,1.000000,0,0,0,0
899,27,255,643,1.000000,1.000000,1.000000,1.000000,0,0,0,0
900,25,255,644,1.000000,1.000000,1.000000,1.000000,1,0,0,0
901,23,255,645,1.000000,1.000000,1.000000,1.000000,1,0,0,0
902,29,256,645,1.000000,1.000000,1.000000,1.000000,1,0,0,0
903,27,256,646,1.000000,1.000000,1.000000,1.000000,0,0,0,0
904,29,257,646,1.000000,1.000000,1.000000,1.000000,0,0,0,0
905,27,257,647,1.000000,1.000000,1.000000,1.000000,1,1,0,0
906,25,257,648,1.000000,1.000000,1.000000,1.000000,0,0,0,0
907,29,258,648,1.000000,1.000000,1.000000,1.000000,0,0,0,0
908,27,258,649,1.000000,1.000000,1.000000,1.000000,0,0,1,0
909,25,258,650,1.000000,1.000000,1.000000,1.000000,0,0,0,0
910,29,259,650,1.000000,1.000000,1.000000,1.000000,0,0,0,0
911,27,259,651,1.000000,1.000000,1.000000,1.000000,0,0,0,0
912,25,259,652,1.000000,1.000000,1.000000,1.000000,0,0,0,0
913,23,259,653,1.000000,1.000000,1.000000,1.000000,1,0,1,0
914,21,259,654,1.000000,1.000000,1.000000,1.000000,0,1,0,0
915,29,260,654,1.000000,1.000000,1.000000,1.000000,0,1,0,0
916,27,260,655,1.000000,1.000000,1.000000,1.000000,0,1,0,0
917,25,260,656,1.000000,1.000000,1.000000,1.000000,0,0,1,1
918,29,261,656,1.000000,1.000000,1.000000,1.000000,0,0,1,1
919,27,261,657,1.000000,1.000000,1.000000,1.000000,0,0,1,0
920,29,262,657,1.000000,1.000000,1.000000,1.000000,0,0,1,0
921,27,262,658,1.000000,1.000000,1.000000,1.000000,0,1,0,0
922,29,263,658,1.000000,1.000000,1.000000,1.000000,0,1,0,0
923,27,263,659,1.000000,1.000000,1.000000,1.000000,0,0,0,0
924,29,264,659,1.000000,1.000000,1.000000,1.000000,0,0,0,0
925,27,264,660,1.000000,1.000000,1.000000,1.000000,0,0,0,0
926,25,264,661,1.000000,1.000000,1.000000,1.000000,0,1,0,0
927,23,264,662,1.000000,1.000000,1.000000,1.000000,0,0,0,0
928,29,265,662,1.000000,1.000000,1.000000,1.000000,0,0,0,0
929,27,265,663,1.000000,1.000000,1.000000,1.000000,0,0,1,0
930,25,265,664,1.000000,1.000000,1.000000,1.000000,0,0,1,0
931,29,266,664,1.000000,1.000000,1.000000,1.000000,0,0,1,0
932,27,266,665,1.000000,1.000000,1.000000,1.000000,0,1,0,0
933,29,267,665,1.000000,1.000000,1.000000,1.000000,0,1,0,0
934,27,267,666,1.000000,1.000000,1.000000,1.000000,0,1,0,0
935,25,267,667,1.000000,1.000000,1.000000,1.000000,1,0,0,0
936,29,268,667,1.000000,1.000000,1.000000,1.000000,1,0,0,0
937,27,268,668,1.000000,1.000000,1.000000,1.000000,0,0,0,0
938,29,269,668,1.000000,1.000000,1.000000,1.000000,0,0,0,0
939,27,269,669,1.000000,1.000000,1.000000,1.000000,0,0,0,0
940,25,269,670,1.000000,1.000000,1.000000,1.000000,0,0,0,0
941,23,269,671,1.000000,1.000000,1.000000,1.000000,0,0,0,0
942,21,269,672,1.000000,1.000000,1.000000,1.000000,0,0,1,0
943,19,269,673,1.000000,1.000000,1.000000,1.000000,0,0,0,1
944,17,269,674,1.000000,1.000000,1.000000,1.000000,0,1,1,0
945,29,270,674,1.000000,1.000000,1.000000,1.000000,0,1,1,0
946,27,270,675,1.000000,1.000000,1.000000,1.000000,0,0,0,0
947,29,271,675,1.000000,1.000000,1.000000,1.000000,0,0,0,0
948,27,271,676,1.000000,1.000000,1.000000,1.000000,0,0,0,0
949,25,271,677,1.000000,1.000000,1.000000,1.000000,0,0,0,0
950,23,271,678,1.000000,1.000000,1.000000,1.000000,0,0,0,0
951,21,271,679,1.000000,1.000000,1.000000,1.000000,0,0,0,0
952,19,271,680,1.000000,1.000000,1.000000,1.000000,0,0,0,0
953,17,271,681,1.000000,1.000000,1.000000,1.000000,0,0,0,0
954,15,271,682,1.000000,1.000000,1.000000,1.000000,0,0,0,0
955,13,271,683,1.000000,1.000000,1.000000,1.000000,0,1,0,0
956,11,271,684,1.000000,1.000000,1.000000,1.000000,0,0,0,0
957,9,271,685,1.000000,1.000000,1.000000,1.000000,0,1,0,0
958,7,271,686,1.000000,1.000000,1.000000,1.000000,0,1,0,0
959,29,272,686,1.000000,1.000000,1.000000,1.000000,0,1,0,0
960,27,272,687,1.000000,1.000000,1.000000,1.000000,1,0,1,0
961,25,272,688,1.000000,1.000000,1.000000,1.000000,0,0,1,0
962,29,273,688,1.000000,1.000000,1.000000,1.000000,0,0,1,0
963,27,273,689,1.000000,1.000000,1.000000,1.000000,0,0,1,0
964,29,274,689,1.000000,1.000000,1.000000,1.000000,0,0,1,0
965,27,274,690,1.000000,1.000000,1.000000,1.000000,0,0,0,0
966,29,275,690,1.000000,1.000000,1.000000,1.000000,0,0,0,0
967,27,275,691,1.000000,1.000000,1.000000,1.000000,0,0,0,0
968,25,275,692,1.000000,1.000000,1.000000,1.000000,0,0,0,0
969,23,275,693,1.000000,1.000000,1.000000,1.000000,0,0,0,1
970,21,275,694,1.000000,1.000000,1.000000,1.000000,0,0,1,0
971,29,276,694,1.000000,1.000000,1.000000,1.000000,0,0,1,0
972,27,276,695,1.000000,1.000000,1.000000,1.000000,0,0,0,0
973,29,277,695,1.000000,1.000000,1.000000,1.000000,0,0,0,0
974,27,277,696,1.000000,1.000000,1.000000,1.000000,0,0,0,0
975,25,277,697,1.000000,1.000000,1.000000,1.000000,0,0,0,0
976,23,277,698,1.000000,1.000000,1.000000,1.000000,0,0,0,0
977,21,277,699,1.000000,1.000000,1.000000,1.000000,0,0,0,0
978,19,277,700,1.000000,1.000000,1.000000,1.000000,0,0,0,0
979,17,277,701,1.000000,1.000000,1.000000,1.000000,0,0,0,0
980,15,277,702,1.000000,1.000000,1.000000,1.000000,0,0,0,0
981,13,277,703,1.000000,1.000000,1.000000,1.000000,0,0,0,0
982,11,277,704,1.000000,1.000000,1.000000,1.000000,0,1,0,0
983,9,277,705,1.000000,1.000000,1.000000,1.000000,0,0,0,0
984,29,278,705,1.000000,1.000000,1.000000,1.000000,0,0,0,0
985,27,278,706,1.000000,1.000000,1.000000,1.000000,0,0,0,0
986,25,278,707,1.000000,1.000000,1.000000,1.000000,0,0,0,0
987,23,278,708,1.000000,1.000000,1.000000,1.000000,0,0,0,1
988,21,278,709,1.000000,1.000000,1.000000,1.000000,1,0,1,1
989,29,279,709,1.000000,1.000000,1.000000,1.000000,1,0,1,1
990,27,279,710,1.000000,1.000000,1.000000,1.000000,0,0,0,0
991,29,280,710,1.000000,1.000000,1.000000,1.000000,0,0,0,0
992,27,280,711,1.000000,1.000000,1.000000,1.000000,0,1,0,0
993,25,280,712,1.000000,1.000000,1.000000,1.000000,0,0,0,0
994,29,281,712,1.000000,1.000000,1.000000,1.000000,0,0,0,0
995,27,281,713,1.000000,1.000000,1.000000,1.000000,0,0,0,0
996,25,281,714,1.000000,1.000000,1.000000,1.000000,0,0,0,0
997,23,281,715,1.000000,1.000000,1.000000,1.000000,0,0,0,0
998,21,281,716,1.000000,1.000000,1.000000,1.000000,0,0,0,0
999,19,281,717,1.000000,1.000000,1.000000,1.000000,0,0,0,0
1000,17,281,718,1.000000,1.000000,1.000000,1.000000,0,0,0,0
1001,15,281,719,1.000000,1.000000,1.000000,1.000000,0,0,0,0
1002,13,281,720,1.000000,1.000000,1.000000,1.000000,0,0,0,0
1003,11,281,721,1.000000,1.000000,1.000000,1.000000,0,0,0,0
1004,9,281,722,1.000000,1.000000,1.000000,1.000000,0,0,0,0
1005,7,281,723,1.000000,1.000000,1.000000,1.000000,0,0,0,0
1006,5,281,724,1.000000,1.000000,1.000000,1.000000,0,1,0,0
1007,3,281,725,1.000000,1.000000,1.000000,1.000000,0,0,0,0
1008,29,282,725,1.000000,1.000000,1.000000,1.000000,0,0,0,0
1009,27,282,726,1.000000,1.000000,1.000000,1.000000,0,1,0,0
1010,25,282,727,1.000000,1.000000,1.000000,1.000000,0,1,1,0
1011,23,282,728,1.000000,1.000000,1.000000,1.000000,0,0,0,1
1012,29,283,728,1.000000,1.000000,1.000000,1.000000,0,0,0,1
1013,27,283,729,1.000000,1.000000,1.000000,1.000000,0,0,1,0
1014,25,283,730,1.000000,1.000000,1.000000,1.000000,1,0,1,0
1015,23,283,731,1.000000,1.000000,1.000000,1.000000,0,0,1,0
1016,29,284,731,1.000000,1.000000,1.000000,1.000000,0,0,1,0
1017,27,284,732,1.000000,1.000000,1.000000,1.000000,0,0,1,0
1018,25,284,733,1.000000,1.000000,1.000000,1.000000,1,0,1,0
1019,29,285,733,1.000000,1.000000,1.000000,1.000000,1,0,1,0
1020,27,285,734,1.000000,1.000000,1.000000,1.000000,0,0,0,0
1021,29,286,734,1.000000,1.000000,1.000000,1.000000,0,0,0,0
1022,27,286,735,1.000000,1.000000,1.000000,1.000000,0,0,0,0
1023,25,286,736,1.000000,1.000000,1.000000,1.000000,0,0,0,0
1024,23,286,737,1.000000,1.000000,1.000000,1.000000,0,0,1,0
1025,21,286,738,1.000000,1.000000,1.000000,1.000000,0,0,0,0
1026,29,287,738,1.000000,1.000000,1.000000,1.000000,0,0,0,0
1027,27,287,739,1.000000,1.000000,1.000000,1.000000,0,0,0,0
1028,25,287,740,1.000000,1.000000,1.000000,1.000000,0,0,0,0
1029,23,287,741,1.000000,1.000000,1.000000,1.000000,0,0,0,0
1030,21,287,742,1.000000,1.000000,1.000000,1.000000,0,0,0,0
1031,19,287,743,1.000000,1.000000,1.000000,1.000000,0,0,0,0
1032,17,287,744,1.000000,1.000000,1.000000,1.000000,0,0,0,0
1033,15,287,745,1.000000,1.000000,1.000000,1.000000,0,0,0,0
1034,13,287,746,1.000000,1.000000,1.000000,1.000000,0,0,0,0
1035,11,287,747,1.000000,1.000000,1.000000,1.000000,0,0,0,0
1036,9,287,748,1.000000,1.000000,1.000000,1.000000,0,0,0,1
1037,7,287,749,1.000000,1.000000,1.000000,1.000000,1,0,0,0
1038,5,287,750,1.000000,1.000000,1.000000,1.000000,1,0,1,0
1039,29,288,750,1.000000,1.000000,1.000000,1.000000,1,0,1,0
1040,27,288,751,1.000000,1.000000,1.000000,1.000000,0,1,0,0
1041,29,289,751,1.000000,1.000000,1.000000,1.000000,0,1,0,0
1042,27,289,752,1.000000,1.000000,1.000000,1.000000,0,0,0,0
1043,29,290,752,1.000000,1.000000,1.000000,1.000000,0,0,0,0
1044,27,290,753,1.000000,1.000000,1.000000,1.000000,1,0,0,0
1045,25,290,754,1.000000,1.000000,1.000000,1.000000,0,0,0,0
1046,29,291,754,1.000000,1.000000,1.000000,1.000000,0,0,0,0
1047,27,291,755,1.000000,1.000000,1.000000,1.000000,0,0,0,0
1048,25,291,756,1.000000,1.000000,1.000000,1.000000,0,1,1,0
1049,23,291,757,1.000000,1.000000,1.000000,1.000000,0,1,0,0
1050,29,292,757,1.000000,1.000000,1.000000,1.000000,0,1,0,0
1051,27,292,758,1.000000,1.000000,1.000000,1.000000,1,0,0,0
1052,29,293,758,1.000000,1.000000,1.000000,1.000000,1,0,0,0
1053,27,293,759,1.000000,1.000000,1.000000,1.000000,1,0,0,0
1054,29,294,759,1.000000,1.000000,1.000000,1.000000,1,0,0,0
1055,27,294,760,1.000000,1.000000,1.000000,1.000000,0,0,0,0
1056,29,295,760,1.000000,1.000000,1.000000,1.000000,0,0,0,0
1057,27,295,761,1.000000,1.000000,1.000000,1.000000,0,0,0,0
1058,25,295,762,1.000000,1.000000,1.000000,1.000000,0,0,0,0
1059,23,295,763,1.000000,1.000000,1.000000,1.000000,0,0,0,0
1060,21,295,764,1.000000,1.000000,1.000000,1.000000,0,0,0,0
1061,19,295,765,1.000000,1.000000,1.000000,1.000000,0,0,1,0
1062,17,295,766,1.000000,1.000000,1.000000,1.000000,0,0,0,0
1063,29,296,766,1.000000,1.000000,1.000000,1.000000,0,0,0,0
1064,27,296,767,1.000000,1.000000,1.000000,1.000000,0,0,0,1
1065,25,296,768,1.000000,1.000000,1.000000,1.000000,0,0,0,0
1066,23,296,769,1.000000,1.000000,1.000000,1.000000,0,0,0,0
1067,21,296,770,1.000000,1.000000,1.000000,1.000000,1,0,0,0
1068,19,296,771,1.000000,1.000000,1.000000,1.000000,1,0,0,0
1069,29,297,771,1.000000,1.000000,1.000000,1.000000,1,0,0,0
1070,27,297,772,1.000000,1.000000,1.000000,1.000000,1,0,0,0
1071,29,298,772,1.000000,1.000000,1.000000,1.000000,1,0,0,0
1072,27,298,773,1.000000,1.000000,1.000000,1.000000,0,1,0,0
1073,29,299,773,1.000000,1.000000,1.000000,1.000000,0,1,0,0
1074,27,299,774,1.000000,1.000000,1.000000,1.000000,0,0,0,0
1075,29,300,774,1.000000,1.000000,1.000000,1.000000,0,0,0,0
1076,27,300,775,1.000000,1.000000,1.000000,1.000000,0,0,0,0
1077,25,300,776,1.000000,1.000000,1.000000,1.000000,0,0,0,0
1078,23,300,777,1.000000,1.000000,1.000000,1.000000,0,1,0,0
1079,21,300,778,1.000000,1.000000,1.000000,1.000000,0,0,0,0
1080,19,300,779,1.000000,1.000000,1.000000,1.000000,0,1,0,0
1081,17,300,780,1.000000,1.000000,1.000000,1.000000,0,1,0,0
1082,15,300,781,1.000000,1.000000,1.000000,1.000000,0,1,0,1
1083,29,301,781,1.000000,1.000000,1.000000,1.000000,0,1,0,1
1084,27,301,782,1.000000,1.000000,1.000000,1.000000,0,0,0,0
1085,29,302,782,1.000000,1.000000,1.000000,1.000000,0,0,0,0
1086,27,302,783,1.000000,1.000000,1.000000,1.000000,0,0,0,0
1087,25,302,784,1.000000,1.000000,1.000000,1.000000,0,0,0,0
1088,23,302,785,1.000000,1.000000,1.000000,1.000000,0,0,0,0
1089,21,302,786,1.000000,1.000000,1.000000,1.000000,1,0,0,0
1090,19,302,787,1.000000,1.000000,1.000000,1.000000,0,0,0,0
1091,29,303,787,1.000000,1.000000,1.000000,1.000000,0,0,0,0
1092,27,303,788,1.000000,1.000000,1.000000,1.000000,0,0,0,0
1093,25,303,789,1.000000,1.000000,1.000000,1.000000,0,0,0,0
1094,23,303,790,1.000000,1.000000,1.000000,1.000000,0,0,0,0
1095,21,303,791,1.000000,1.000000,1.000000,1.000000,1,0,0,0
1096,19,303,792,1.000000,1.000000,1.000000,1.000000,1,0,0,0
1097,29,304,792,1.000000,1.000000,1.000000,1.000000,1,0,0,0
1098,27,304,793,1.000000,1.000000,1.000000,1.000000,0,0,0,0
1099,29,305,793,1.000000,1.000000,1.000000,1.000000,0,0,0,0
1100,27,305,794,1.000000,1.000000,1.000000,1.000000,0,0,0,0
1101,25,305,795,1.000000,1.000000,1.000000,1.000000,0,0,0,0
1102,23,305,796,1.000000,1.000000,1.000000,1.000000,0,0,0,0
1103,21,305,797,1.000000,1.000000,1.000000,1.000000,0,0,0,0
1104,19,305,798,1.000000,1.000000,1.000000,1.000000,0,0,0,0
1105,17,305,799,1.000000,1.000000,1.000000,1.000000,0,0,0,0
1106,15,305,800,1.000000,1.000000,1.000000,1.000000,0,0,0,0
1107,13,305,801,1.000000,1.000000,1.000000,1.000000,0,0,0,0
1108,11,305,802,1.000000,1.000000,1.000000,1.000000,0,1,0,0
1109,9,305,803,1.000000,1.000000,1.000000,1.000000,0,0,0,0
1110,7,305,804,1.000000,1.000000,1.000000,1.000000,0,0,0,1
1111,5,305,805,1.000000,1.000000,1.000000,1.000000,1,0,0,0
1112,29,306,805,1.000000,1.000000,1.000000,1.000000,1,0,0,0
1113,27,306,806,1.000000,1.000000,1.000000,1.000000,0,0,0,1
1114,29,307,806,1.000000,1.000000,1.000000,1.000000,0,0,0,1
1115,27,307,807,1.000000,1.000000,1.000000,1.000000,1,0,0,1
1116,29,308,807,1.000000,1.000000,1.000000,1.000000,1,0,0,1
1117,27,308,808,1.000000,1.000000,1.000000,1.000000,1,0,0,0
1118,29,309,808,1.000000,1.000000,1.000000,1.000000,1,0,0,0
1119,27,309,809,1.000000,1.000000,1.000000,1.000000,0,1,0,0
1120,25,309,810,1.000000,1.000000,1.000000,1.000000,0,0,0,1
1121,29,310,810,1.000000,1.000000,1.000000,1.000000,0,0,0,1
1122,27,310,811,1.000000,1.000000,1.000000,1.000000,0,0,0,0
1123,29,311,811,1.000000,1.000000,1.000000,1.000000,0,0,0,0
1124,27,311,812,1.000000,1.000000,1.000000,1.000000,0,0,0,0
1125,25,311,813,1.000000,1.000000,1.000000,1.000000,0,0,0,0
1126,23,311,814,1.000000,1.000000,1.000000,1.000000,0,0,1,0
1127,21,311,815,1.000000,1.000000,1.000000,1.000000,0,0,0,0
1128,29,312,815,1.000000,1.000000,1.000000,1.000000,1,0,0,0
1129,27,312,816,1.000000,1.000000,1.000000,1.000000,0,0,0,0
1130,29,313,816,1.000000,1.000000,1.000000,1.000000,0,0,0,1
1131,27,313,817,1.000000,1.000000,1.000000,1.000000,0,0,0,0
1132,29,314,817,1.000000,1.000000,1.000000,1.000000,0,0,0,1
1133,27,314,818,1.000000,1.000000,1.000000,1.000000,0,0,0,0
1134,29,315,818,1.000000,1.000000,1.000000,1.000000,0,0,0,0
1135,27,315,819,1.000000,1.000000,1.000000,1.000000,0,0,0,0
1136,25,315,820,1.000000,1.000000,1.000000,1.000000,0,0,0,0
1137,23,315,821,1.000000,1.000000,1.000000,1.000000,0,0,0,0
1138,21,315,822,1.000000,1.000000,1.000000,1.000000,0,1,0,1
1139,19,315,823,1.000000,1.000000,1.000000,1.000000,0,0,0,1
1140,17,315,824,1.000000,1.000000,1.000000,1.000000,0,1,0,0
1141,29,316,824,1.000000,1.000000,1.000000,1.000000,0,1,0,0
1142,27,316,825,1.000000,1.000000,1.000000,1.000000,0,0,0,0
1143,25,316,826,1.000000,1.000000,1.000000,1.000000,0,0,0,1
1144,23,316,827,1.000000,1.000000,1.000000,1.000000,0,0,0,0
1145,29,317,827,1.000000,1.000000,1.000000,1.000000,0,0,0,0
1146,27,317,828,1.000000,1.000000,1.000000,1.000000,0,0,0,0
1147,25,317,829,1.000000,1.000000,1.000000,1.000000,0,1,0,0
1148,23,317,830,1.000000,1.000000,1.000000,1.000000,1,0,0,0
1149,21,317,831,1.000000,1.000000,1.000000,1.000000,0,0,1,0
1150,29,318,831,1.000000,1.000000,1.000000,1.000000,0,0,1,0
1151,27,318,832,1.000000,1.000000,1.000000,1.000000,0,0,0,0
1152,29,319,832,1.000000,1.000000,1.000000,1.000000,0,0,0,0
1153,27,319,833,1.000000,1.000000,1.000000,1.000000,0,0,1,0
1154,25,319,834,1.000000,1.000000,1.000000,1.000000,0,0,0,0
1155,29,320,834,1.000000,1.000000,1.000000,1.000000,0,0,0,0
1156,27,320,835,1.000000,1.000000,1.000000,1.000000,0,0,0,0
1157,25,320,836,1.000000,1.000000,1.000000,1.000000,0,0,0,0
1158,23,320,837,1.000000,1.000000,1.000000,1.000000,0,0,0,0
1159,21,320,838,1.000000,1.000000,1.000000,1.000000,0,0,1,0
1160,19,320,839,1.000000,1.000000,1.000000,1.000000,0,1,1,0
1161,17,320,840,1.000000,1.000000,1.000000,1.000000,0,0,1,1
1162,29,321,840,1.000000,1.000000,1.000000,1.000000,0,0,1,1
1163,27,321,841,1.000000,1.000000,1.000000,1.000000,0,1,0,1
1164,29,322,841,1.000000,1.000000,1.000000,1.000000,0,1,0,1
1165,27,322,842,1.000000,1.000000,1.000000,1.000000,0,0,1,0
1166,29,323,842,1.000000,1.000000,1.000000,1.000000,0,0,1,0
1167,27,323,843,1.000000,1.000000,1.000000,1.000000,0,0,0,0
1168,29,324,843,1.000000,1.000000,1.000000,1.000000,0,0,0,0
1169,27,324,844,1.000000,1.000000,1.000000,1.000000,0,0,0,0
1170,25,324,845,1.000000,1.000000,1.000000,1.000000,0,0,0,0
1171,23,324,846,1.000000,1.000000,1.000000,1.000000,0,0,0,0
1172,21,324,847,1.000000,1.000000,1.000000,1.000000,0,0,0,0
1173,19,324,848,1.000000,1.000000,1.000000,1.000000,0,0,0,0
1174,17,324,849,1.000000,1.000000,1.000000,1.000000,0,0,0,0
1175,15,324,850,1.000000,1.000000,1.000000,1.000000,0,0,0,0
1176,13,324,851,1.000000,1.000000,1.000000,1.000000,0,0,0,0
1177,11,324,852,1.000000,1.000000,1.000000,1.000000,0,1,0,0
1178,9,324,853,1.000000,1.000000,1.000000,1.000000,0,0,0,0
1179,29,325,853,1.000000,1.000000,1.000000,1.000000,0,0,0,0
1180,27,325,854,1.000000,1.000000,1.000000,1.000000,0,0,0,0
1181,25,325,855,1.000000,1.000000,1.000000,1.000000,0,0,0,0
1182,23,325,856,1.000000,1.000000,1.000000,1.000000,0,0,0,0
1183,21,325,857,1.000000,1.000000,1.000000,1.000000,0,0,0,0
1184,19,325,858,1.000000,1.000000,1.000000,1.000000,0,0,0,0
1185,17,325,859,1.000000,1.000000,1.000000,1.000000,0,0,0,0
1186,15,325,860,1.000000,1.000000,1.000000,1.000000,0,0,0,1
1187,13,325,861,1.000000,1.000000,1.000000,1.000000,1,0,0,0
1188,29,326,861,1.000000,1.000000,1.000000,1.000000,1,0,0,0
1189,27,326,862,1.000000,1.000000,1.000000,1.000000,0,0,0,1
1190,29,327,862,1.000000,1.000000,1.000000,1.000000,0,0,0,1
1191,27,327,863,1.000000,1.000000,1.000000,1.000000,1,0,0,1
1192,25,327,864,1.000000,1.000000,1.000000,1.000000,0,0,1,1
1193,29,328,864,1.000000,1.000000,1.000000,1.000000,0,0,1,1
1194,27,328,865,1.000000,1.000000,1.000000,1.000000,0,0,1,0
1195,29,329,865,1.000000,1.000000,1.000000,1.000000,0,0,1,0
1196,27,329,866,1.000000,1.000000,1.000000,1.000000,0,1,0,0
1197,25,329,867,1.000000,1.000000,1.000000,1.000000,0,0,0,1
1198,29,330,867,1.000000,1.000000,1.000000,1.000000,0,0,0,1
1199,27,330,868,1.000000,1.000000,1.000000,1.000000,0,0,0,0
1200,29,331,868,1.000000,1.000000,1.000000,1.000000,0,0,0,0
1201,27,331,869,1.000000,1.000000,1.000000,1.000000,0,0,0,0
1202,25,331,870,1.000000,1.000000,1.000000,1.000000,0,0,0,0
1203,23,331,871,1.000000,1.000000,1.000000,1.000000,0,0,0,0
1204,21,331,872,1.000000,1.000000,1.000000,1.000000,1,0,0,0
1205,19,331,873,1.000000,1.000000,1.000000,1.000000,0,0,0,1
1206,17,331,874,1.000000,1.000000,1.000000,1.000000,0,1,0,0
1207,29,332,874,1.000000,1.000000,1.000000,1.000000,0,1,0,0
1208,27,332,875,1.000000,1.000000,1.000000,1.000000,0,0,0,0
1209,29,333,875,1.000000,1.000000,1.000000,1.000000,0,0,0,0
1210,27,333,876,1.000000,1.000000,1.000000,1.000000,0,1,0,0
1211,25,333,877,1.000000,1.000000,1.000000,1.000000,0,0,0,0
1212,23,333,878,1.000000,1.000000,1.000000,1.000000,0,0,0,0
1213,21,333,879,1.000000,1.000000,1.000000,1.000000,0,0,0,0
1214,19,333,880,1.000000,1.000000,1.000000,1.000000,1,1,0,0
1215,29,334,880,1.000000,1.000000,1.000000,1.000000,1,1,0,0
1216,27,334,881,1.000000,1.000000,1.000000,1.000000,1,1,0,0
1217,29,335,881,1.000000,1.000000,1.000000,1.000000,1,1,0,0
1218,27,335,882,1.000000,1.000000,1.000000,1.000000,0,0,1,0
1219,29,336,882,1.000000,1.000000,1.000000,1.000000,0,0,1,0
1220,27,336,883,1.000000,1.000000,1.000000,1.000000,0,0,0,0
1221,29,337,883,1.000000,1.000000,1.000000,1.000000,0,0,0,0
1222,27,337,884,1.000000,1.000000,1.000000,1.000000,0,0,0,0
1223,25,337,885,1.000000,1.000000,1.000000,1.000000,0,0,0,0
1224,23,337,886,1.000000,1.000000,1.000000,1.000000,0,0,0,0
1225,21,337,887,1.000000,1.000000,1.000000,1.000000,0,0,0,0
1226,19,337,888,1.000000,1.000000,1.000000,1.000000,0,0,0,0
1227,17,337,889,1.000000,1.000000,1.000000,1.000000,0,0,0,0
1228,15,337,890,1.000000,1.000000,1.000000,1.000000,1,0,0,0
1229,13,337,891,1.000000,1.000000,1.000000,1.000000,0,0,0,0
1230,29,338,891,1.000000,1.000000,1.000000,1.000000,0,0,0,0
1231,27,338,892,1.000000,1.000000,1.000000,1.000000,0,0,0,0
1232,25,338,893,1.000000,1.000000,1.000000,1.000000,0,0,0,0
1233,23,338,894,1.000000,1.000000,1.000000,1.000000,0,0,0,0
1234,21,338,895,1.000000,1.000000,1.000000,1.000000,0,0,0,0
1235,19,338,896,1.000000,1.000000,1.000000,1.000000,1,0,0,0
1236,17,338,897,1.000000,1.000000,1.000000,1.000000,1,0,0,0
1237,29,339,897,1.000000,1.000000,1.000000,1.000000,1,0,0,0
1238,27,339,898,1.000000,1.000000,1.000000,1.000000,0,0,0,1
1239,29,340,898,1.000000,1.000000,1.000000,1.000000,0,0,0,1
1240,27,340,899,1.000000,1.000000,1.000000,1.000000,1,0,0,1
1241,25,340,900,1.000000,1.000000,1.000000,1.000000,1,1,0,0
1242,29,341,900,1.000000,1.000000,1.000000,1.000000,1,1,0,0
1243,27,341,901,1.000000,1.000000,1.000000,1.000000,1,0,0,0
1244,29,342,901,1.000000,1.000000,1.000000,1.000000,1,0,0,0
1245,27,342,902,1.000000,1.000000,1.000000,1.000000,0,0,0,1
1246,29,343,902,1.000000,1.000000,1.000000,1.000000,0,0,0,1
1247,27,343,903,1.000000,1.000000,1.000000,1.000000,0,0,0,0
1248,29,344,903,1.000000,1.000000,1.000000,1.000000,0,0,0,0
1249,27,344,904,1.000000,1.000000,1.000000,1.000000,0,0,0,0
1250,25,344,905,1.000000,1.000000,1.000000,1.000000,1,0,0,0
1251,23,344,906,1.000000,1.000000,1.000000,1.000000,0,0,0,0
1252,29,345,906,1.000000,1.000000,1.000000,1.000000,0,0,0,0
1253,27,345,907,1.000000,1.000000,1.000000,1.000000,0,1,0,0
1254,25,345,908,1.000000,1.000000,1.000000,1.000000,0,0,0,0
1255,23,345,909,1.000000,1.000000,1.000000,1.000000,0,1,0,0
1256,21,345,910,1.000000,1.000000,1.000000,1.000000,1,0,0,0
1257,29,346,910,1.000000,1.000000,1.000000,1.000000,1,0,0,0
1258,27,346,911,1.000000,1.000000,1.000000,1.000000,0,1,0,0
1259,29,347,911,1.000000,1.000000,1.000000,1.000000,0,1,0,0
1260,27,347,912,1.000000,1.000000,1.000000,1.000000,1,0,0,0
1261,29,348,912,1.000000,1.000000,1.000000,1.000000,1,0,0,0
1262,27,348,913,1.000000,1.000000,1.000000,1.000000,0,1,0,0
1263,25,348,914,1.000000,1.000000,1.000000,1.000000,0,1,0,0
1264,29,349,914,1.000000,1.000000,1.000000,1.000000,0,1,0,0
1265,27,349,915,1.000000,1.000000,1.000000,1.000000,1,0,0,0
1266,29,350,915,1.000000,1.000000,1.000000,1.000000,1,0,0,0
1267,27,350,916,1.000000,1.000000,1.000000,1.000000,0,1,0,0
1268,29,351,916,1.000000,1.000000,1.000000,1.000000,0,1,0,0
1269,27,351,917,1.000000,1.000000,1.000000,1.000000,1,0,0,0
1270,29,352,917,1.000000,1.000000,1.000000,1.000000,1,0,0,0
1271,27,352,918,1.000000,1.000000,1.000000,1.000000,0,1,0,0
1272,29,353,918,1.000000,1.000000,1.000000,1.000000,0,1,0,0
1273,27,353,919,1.000000,1.000000,1.000000,1.000000,0,0,0,0
1274,25,353,920,1.000000,1.000000,1.000000,1.000000,0,0,0,0
1275,23,353,921,1.000000,1.000000,1.000000,1.000000,0,0,0,0
1276,21,353,922,1.000000,1.000000,1.000000,1.000000,0,1,0,0
1277,19,353,923,1.000000,1.000000,1.000000,1.000000,0,0,0,0
1278,29,354,923,1.000000,1.000000,1.000000,1.000000,0,0,0,0
1279,27,354,924,1.000000,1.000000,1.000000,1.000000,0,0,0,0
1280,25,354,925,1.000000,1.000000,1.000000,1.000000,0,0,0,0
1281,23,354,926,1.000000,1.000000,1.000000,1.000000,0,0,0,0
1282,21,354,927,1.000000,1.000000,1.000000,1.000000,0,0,0,0
1283,19,354,928,1.000000,1.000000,1.000000,1.000000,0,0,0,0
1284,17,354,929,1.000000,1.000000,1.000000,1.000000,0,0,0,0
1285,15,354,930,1.000000,1.000000,1.000000,1.000000,1,0,0,1
1286,13,354,931,1.000000,1.000000,1.000000,1.000000,1,0,0,1
1287,29,355,931,1.000000,1.000000,1.000000,1.000000,1,0,0,1
1288,27,355,932,1.000000,1.000000,1.000000,1.000000,0,0,0,0
1289,29,356,932,1.000000,1.000000,1.000000,1.000000,0,0,0,0
1290,27,356,933,1.000000,1.000000,1.000000,1.000000,0,0,0,0
1291,25,356,934,1.000000,1.000000,1.000000,1.000000,0,0,0,0
1292,23,356,935,1.000000,1.000000,1.000000,1.000000,0,0,0,0
1293,21,356,936,1.000000,1.000000,1.000000,1.000000,0,0,0,1
1294,19,356,937,1.000000,1.000000,1.000000,1.000000,1,0,0,0
1295,29,357,937,1.000000,1.000000,1.000000,1.000000,1,0,0,0
1296,27,357,938,1.000000,1.000000,1.000000,1.000000,0,0,0,0
1297,29,358,938,1.000000,1.000000,1.000000,1.000000,0,0,0,0
1298,27,358,939,1.000000,1.000000,1.000000,1.000000,0,0,0,0
1299,25,358,940,1.000000,1.000000,1.000000,1.000000,0,0,0,0
1300,23,358,941,1.000000,1.000000,1.000000,1.000000,0,0,0,0
1301,21,358,942,1.000000,1.000000,1.000000,1.000000,0,0,1,0
1302,19,358,943,1.000000,1.000000,1.000000,1.000000,0,0,1,0
1303,29,359,943,1.000000,1.000000,1.000000,1.000000,0,0,1,0
1304,27,359,944,1.000000,1.000000,1.000000,1.000000,0,0,0,0
1305,25,359,945,1.000000,1.000000,1.000000,1.000000,0,0,0,0
1306,23,359,946,1.000000,1.000000,1.000000,1.000000,0,0,0,0
1307,21,359,947,1.000000,1.000000,1.000000,1.000000,0,0,1,0
1308,19,359,948,1.000000,1.000000,1.000000,1.000000,0,0,0,1
1309,29,360,948,1.000000,1.000000,1.000000,1.000000,0,0,0,1
1310,27,360,949,1.000000,1.000000,1.000000,1.000000,0,1,1,0
1311,25,360,950,1.000000,1.000000,1.000000,1.000000,0,1,1,0
1312,29,361,950,1.000000,1.000000,1.000000,1.000000,0,1,1,0
1313,27,361,951,1.000000,1.000000,1.000000,1.000000,0,0,0,1
1314,29,362,951,1.000000,1.000000,1.000000,1.000000,0,0,0,1
1315,27,362,952,1.000000,1.000000,1.000000,1.000000,0,0,0,0
1316,29,363,952,1.000000,1.000000,1.000000,1.000000,0,0,0,0
1317,27,363,953,1.000000,1.000000,1.000000,1.000000,0,0,0,0
1318,25,363,954,1.000000,1.000000,1.000000,1.000000,0,0,0,0
1319,23,363,955,1.000000,1.000000,1.000000,1.000000,0,0,0,0
1320,21,363,956,1.000000,1.000000,1.000000,1.000000,0,0,0,0
1321,19,363,957,1.000000,1.000000,1.000000,1.000000,0,0,0,0
1322,17,363,958,1.000000,1.000000,1.000000,1.000000,0,0,0,0
1323,15,363,959,1.000000,1.000000,1.000000,1.000000,1,0,1,0
1324,13,363,960,1.000000,1.000000,1.000000,1.000000,0,0,1,1
1325,29,364,960,1.000000,1.000000,1.000000,1.000000,0,0,1,1
1326,27,364,961,1.000000,1.000000,1.000000,1.000000,0,0,1,0
1327,29,365,961,1.000000,1.000000,1.000000,1.000000,0,0,1,0
1328,27,365,962,1.000000,1.000000,1.000000,1.000000,0,1,0,0
1329,25,365,963,1.000000,1.000000,1.000000,1.000000,0,1,0,1
1330,29,366,963,1.000000,1.000000,1.000000,1.000000,0,1,0,1
1331,27,366,964,1.000000,1.000000,1.000000,1.000000,0,0,0,0
1332,29,367,964,1.000000,1.000000,1.000000,1.000000,0,0,0,0
1333,27,367,965,1.000000,1.000000,1.000000,1.000000,0,0,0,0
1334,25,367,966,1.000000,1.000000,1.000000,1.000000,0,0,0,1
1335,23,367,967,1.000000,1.000000,1.000000,1.000000,0,0,0,1
1336,29,368,967,1.000000,1.000000,1.000000,1.000000,0,0,0,1
1337,27,368,968,1.000000,1.000000,1.000000,1.000000,0,0,0,0
1338,29,369,968,1.000000,1.000000,1.000000,1.000000,0,0,0,0
1339,27,369,969,1.000000,1.000000,1.000000,1.000000,0,0,0,0
1340,25,369,970,1.000000,1.000000,1.000000,1.000000,0,0,0,0
1341,23,369,971,1.000000,1.000000,1.000000,1.000000,0,0,0,1
1342,21,369,972,1.000000,1.000000,1.000000,1.000000,0,0,0,1
1343,29,370,972,1.000000,1.000000,1.000000,1.000000,0,0,0,1
1344,27,370,973,1.000000,1.000000,1.000000,1.000000,1,0,1,0
1345,29,371,973,1.000000,1.000000,1.000000,1.000000,1,0,1,0
1346,27,371,974,1.000000,1.000000,1.000000,1.000000,0,0,0,0
1347,29,372,974,1.000000,1.000000,1.000000,1.000000,0,0,0,0
1348,27,372,975,1.000000,1.000000,1.000000,1.000000,0,0,0,0
1349,25,372,976,1.000000,1.000000,1.000000,1.000000,1,0,0,0
1350,23,372,977,1.000000,1.000000,1.000000,1.000000,0,0,0,0
1351,29,373,977,1.000000,1.000000,1.000000,1.000000,0,0,0,0
1352,27,373,978,1.000000,1.000000,1.000000,1.000000,0,0,0,0
1353,25,373,979,1.000000,1.000000,1.000000,1.000000,0,0,0,0
1354,23,373,980,1.000000,1.000000,1.000000,1.000000,0,0,0,0
1355,21,373,981,1.000000,1.000000,1.000000,1.000000,0,1,0,0
1356,19,373,982,1.000000,1.000000,1.000000,1.000000,1,0,0,0
1357,29,374,982,1.000000,1.000000,1.000000,1.000000,1,0,0,0
1358,27,374,983,1.000000,1.000000,1.000000,1.000000,0,0,0,0
1359,29,375,983,1.000000,1.000000,1.000000,1.000000,0,0,0,0
1360,27,375,984,1.000000,1.000000,1.000000,1.000000,1,0,0,0
1361,25,375,985,1.000000,1.000000,1.000000,1.000000,0,0,0,0
1362,29,376,985,1.000000,1.000000,1.000000,1.000000,0,0,0,0
1363,27,376,986,1.000000,1.000000,1.000000,1.000000,1,1,0,0
1364,25,376,987,1.000000,1.000000,1.000000,1.000000,0,0,0,0
1365,29,377,987,1.000000,1.000000,1.000000,1.000000,0,0,0,0
1366,27,377,988,1.000000,1.000000,1.000000,1.000000,1,0,0,0
1367,25,377,989,1.000000,1.000000,1.000000,1.000000,0,0,0,0
1368,29,378,989,1.000000,1.000000,1.000000,1.000000,0,0,0,0
1369,27,378,990,1.000000,1.000000,1.000000,1.000000,0,0,0,0
1370,25,378,991,1.000000,1.000000,1.000000,1.000000,0,0,0,0
1371,23,378,992,1.000000,1.000000,1.000000,1.000000,0,0,0,0
1372,21,378,993,1.000000,1.000000,1.000000,1.000000,0,0,0,0
1373,19,378,994,1.000000,1.000000,1.000000,1.000000,0,0,0,0
1374,17,378,995,1.000000,1.000000,1.000000,1.000000,0,0,0,0
1375,15,378,996,1.000000,1.000000,1.000000,1.000000,0,0,0,0
1376,13,378,997,1.000000,1.000000,1.000000,1.000000,0,0,0,0
1377,11,378,998,1.000000,1.000000,1.000000,1.000000,0,0,0,0
1378,9,378,999,1.000000,1.000000,1.000000,1.000000,0,1,0,0
1379,7,378,1000,1.000000,1.000000,1.000000,1.000000,0,1,0,1
1380,5,378,1001,1.000000,1.000000,1.000000,1.000000,0,0,0,0
1381,29,379,1001,1.000000,1.000000,1.000000,1.000000,0,0,0,0
1382,27,379,1002,1.000000,1.000000,1.000000,1.000000,0,0,0,1
1383,25,379,1003,1.000000,1.000000,1.000000,1.000000,0,0,0,0
1384,29,380,1003,1.000000,1.000000,1.000000,1.000000,0,0,0,0
1385,27,380,1004,1.000000,1.000000,1.000000,1.000000,0,0,0,0
1386,25,380,1005,1.000000,1.000000,1.000000,1.000000,0,0,0,0
1387,23,380,1006,1.000000,1.000000,1.000000,1.000000,0,0,1,1
1388,21,380,1007,1.000000,1.000000,1.000000,1.000000,1,0,0,0
1389,29,381,1007,1.000000,1.000000,1.000000,1.000000,1,0,0,0
1390,27,381,1008,1.000000,1.000000,1.000000,1.000000,0,0,0,0
1391,29,382,1008,1.000000,1.000000,1.000000,1.000000,0,0,0,0
1392,27,382,1009,1.000000,1.000000,1.000000,1.000000,0,1,0,0
1393,25,382,1010,1.000000,1.000000,1.000000,1.000000,0,1,0,0
1394,29,383,1010,1.000000,1.000000,1.000000,1.000000,0,1,0,0
1395,27,383,1011,1.000000,1.000000,1.000000,1.000000,0,0,0,0
1396,29,384,1011,1.000000,1.000000,1.000000,1.000000,0,0,0,0
1397,27,384,1012,1.000000,1.000000,1.000000,1.000000,0,0,0,0
1398,25,384,1013,1.000000,1.000000,1.000000,1.000000,0,0,0,0
1399,23,384,1014,1.000000,1.000000,1.000000,1.000000,0,1,1,0
1400,21,384,1015,1.000000,1.000000,1.000000,1.000000,0,0,0,0
1401,29,385,1015,1.000000,1.000000,1.000000,1.000000,0,0,0,0
1402,27,385,1016,1.000000,1.000000,1.000000,1.000000,1,1,0,0
1403,25,385,1017,1.000000,1.000000,1.000000,1.000000,0,0,0,0
1404,29,386,1017,1.000000,1.000000,1.000000,1.000000,0,0,0,0
1405,27,386,1018,1.000000,1.000000,1.000000,1.000000,0,0,0,1
1406,25,386,1019,1.000000,1.000000,1.000000,1.000000,1,0,0,0
1407,29,387,1019,1.000000,1.000000,1.000000,1.000000,1,0,0,0
1408,27,387,1020,1.000000,1.000000,1.000000,1.000000,0,0,0,0
1409,29,388,1020,1.000000,1.000000,1.000000,1.000000,0,0,0,0
1410,27,388,1021,1.000000,1.000000,1.000000,1.000000,0,0,0,0
1411,25,388,1022,1.000000,1.000000,1.000000,1.000000,0,0,0,0
1412,23,388,1023,1.000000,1.000000,1.000000,1.000000,0,0,0,1
1413,21,388,1024,1.000000,1.000000,1.000000,1.000000,0,0,0,0
1414,29,389,1024,1.000000,1.000000,1.000000,1.000000,0,0,0,0
1415,27,389,1025,1.000000,1.000000,1.000000,1.000000,0,0,0,0
1416,25,389,1026,1.000000,1.000000,1.000000,1.000000,0,0,0,0
1417,23,389,1027,1.000000,1.000000,1.000000,1.000000,0,0,0,0
1418,21,389,1028,1.000000,1.000000,1.000000,1.000000,0,0,0,1
1419,19,389,1029,1.000000,1.000000,1.000000,1.000000,0,0,0,0
1420,29,390,1029,1.000000,1.000000,1.000000,1.000000,0,0,0,0
1421,27,390,1030,1.000000,1.000000,1.000000,1.000000,0,0,0,0
1422,25,390,1031,1.000000,1.000000,1.000000,1.000000,0,0,0,0
1423,23,390,1032,1.000000,1.000000,1.000000,1.000000,0,0,0,0
1424,21,390,1033,1.000000,1.000000,1.000000,1.000000,0,0,0,0
1425,19,390,1034,1.000000,1.000000,1.000000,1.000000,0,0,0,1
1426,17,390,1035,1.000000,1.000000,1.000000,1.000000,0,0,1,0
1427,15,390,1036,1.000000,1.000000,1.000000,1.000000,1,0,0,0
1428,29,391,1036,1.000000,1.000000,1.000000,1.000000,1,0,0,0
1429,27,391,1037,1.000000,1.000000,1.000000,1.000000,0,0,0,0
1430,29,392,1037,1.000000,1.000000,1.000000,1.000000,0,0,0,0
1431,27,392,1038,1.000000,1.000000,1.000000,1.000000,0,0,0,0
1432,25,392,1039,1.000000,1.000000,1.000000,1.000000,0,0,0,0
1433,23,392,1040,1.000000,1.000000,1.000000,1.000000,0,0,0,0
1434,21,392,1041,1.000000,1.000000,1.000000,1.000000,0,0,0,0
1435,19,392,1042,1.000000,1.000000,1.000000,1.000000,0,0,0,0
1436,17,392,1043,1.000000,1.000000,1.000000,1.000000,0,0,0,1
1437,15,392,1044,1.000000,1.000000,1.000000,1.000000,0,0,0,0
1438,29,393,1044,1.000000,1.000000,1.000000,1.000000,0,0,0,0
1439,27,393,1045,1.000000,1.000000,1.000000,1.000000,0,0,0,0
1440,25,393,1046,1.000000,1.000000,1.000000,1.000000,0,0,0,0
1441,23,393,1047,1.000000,1.000000,1.000000,1.000000,0,0,0,0
1442,21,393,1048,1.000000,1.000000,1.000000,1.000000,0,0,0,0
1443,19,393,1049,1.000000,1.000000,1.000000,1.000000,0,0,0,0
1444,17,393,1050,1.000000,1.000000,1.000000,1.000000,0,0,0,0
1445,15,393,1051,1.000000,1.000000,1.000000,1.000000,0,0,0,0
1446,13,393,1052,1.000000,1.000000,1.000000,1.000000,0,0,0,0
1447,11,393,1053,1.000000,1.000000,1.000000,1.000000,0,0,0,1
1448,9,393,1054,1.000000,1.000000,1.000000,1.000000,0,0,1,0
1449,7,393,1055,1.000000,1.000000,1.000000,1.000000,1,0,0,1
1450,29,394,1055,1.000000,1.000000,1.000000,1.000000,1,0,0,1
1451,27,394,1056,1.000000,1.000000,1.000000,1.000000,0,0,0,0
1452,29,395,1056,1.000000,1.000000,1.000000,1.000000,0,0,0,0
1453,27,395,1057,1.000000,1.000000,1.000000,1.000000,0,0,0,1
1454,25,395,1058,1.000000,1.000000,1.000000,1.000000,0,0,0,0
1455,29,396,1058,1.000000,1.000000,1.000000,1.000000,0,0,0,0
1456,27,396,1059,1.000000,1.000000,1.000000,1.000000,0,0,1,0
1457,25,396,1060,1.000000,1.000000,1.000000,1.000000,0,0,0,0
1458,23,396,1061,1.000000,1.000000,1.000000,1.000000,1,0,0,1
1459,21,396,1062,1.000000,1.000000,1.000000,1.000000,0,0,0,1
1460,29,397,1062,1.000000,1.000000,1.000000,1.000000,0,0,0,1
1461,27,397,1063,1.000000,1.000000,1.000000,1.000000,0,0,1,0
1462,25,397,1064,1.000000,1.000000,1.000000,1.000000,1,0,0,0
1463,29,398,1064,1.000000,1.000000,1.000000,1.000000,1,0,0,0
1464,27,398,1065,1.000000,1.000000,1.000000,1.000000,0,0,0,0
1465,29,399,1065,1.000000,1.000000,1.000000,1.000000,0,0,0,0
1466,27,399,1066,1.000000,1.000000,1.000000,1.000000,0,0,0,0
1467,25,399,1067,1.000000,1.000000,1.000000,1.000000,0,0,0,0
1468,23,399,1068,1.000000,1.000000,1.000000,1.000000,0,0,0,0
1469,21,399,1069,1.000000,1.000000,1.000000,1.000000,0,0,0,0
1470,19,399,1070,1.000000,1.000000,1.000000,1.000000,0,1,0,0
1471,17,399,1071,1.000000,1.000000,1.000000,1.000000,1,1,0,0
1472,29,400,1071,1.000000,1.000000,1.000000,1.000000,1,1,0,0
1473,27,400,1072,1.000000,1.000000,1.000000,1.000000,0,0,0,0
1474,29,401,1072,1.000000,1.000000,1.000000,1.000000,0,0,0,0
1475,27,401,1073,1.000000,1.000000,1.000000,1.000000,0,0,1,0
1476,25,401,1074,1.000000,1.000000,1.000000,1.000000,0,0,0,0
1477,23,401,1075,1.000000,1.000000,1.000000,1.000000,1,0,0,0
1478,21,401,1076,1.000000,1.000000,1.000000,1.000000,0,0,0,0
1479,29,402,1076,1.000000,1.000000,1.000000,1.000000,0,0,0,0
1480,27,402,1077,1.000000,1.000000,1.000000,1.000000,0,0,0,0
1481,25,402,1078,1.000000,1.000000,1.000000,1.000000,0,0,0,0
1482,23,402,1079,1.000000,1.000000,1.000000,1.000000,0,0,1,0
1483,21,402,1080,1.000000,1.000000,1.000000,1.000000,0,0,0,1
1484,29,403,1080,1.000000,1.000000,1.000000,1.000000,0,0,0,1
1485,27,403,1081,1.000000,1.000000,1.000000,1.000000,0,0,1,0
1486,29,404,1081,1.000000,1.000000,1.000000,1.000000,0,0,1,0
1487,27,404,1082,1.000000,1.000000,1.000000,1.000000,0,0,0,0
1488,29,405,1082,1.000000,1.000000,1.000000,1.000000,0,0,0,0
1489,27,405,1083,1.000000,1.000000,1.000000,1.000000,0,0,0,0
1490,25,405,1084,1.000000,1.000000,1.000000,1.000000,0,0,0,0
1491,23,405,1085,1.000000,1.000000,1.000000,1.000000,0,0,0,0
1492,21,405,1086,1.000000,1.000000,1.000000,1.000000,0,0,0,0
1493,19,405,1087,1.000000,1.000000,1.000000,1.000000,1,0,0,0
1494,17,405,1088,1.000000,1.000000,1.000000,1.000000,0,0,0,0
1495,29,406,1088,1.000000,1.000000,1.000000,1.000000,0,0,0,0
1496,27,406,1089,1.000000,1.000000,1.000000,1.000000,0,0,0,0
1497,25,406,1090,1.000000,1.000000,1.000000,1.000000,0,0,0,0
1498,23,406,1091,1.000000,1.000000,1.000000,1.000000,0,0,0,0
1499,21,406,1092,1.000000,1.000000,1.000000,1.000000,0,0,0,0
1500,19,406,1093,1.000000,1.000000,1.000000,1.000000,0,0,0,0
1501,17,406,1094,1.000000,1.000000,1.000000,1.000000,0,0,1,0
1502,15,406,1095,1.000000,1.000000,1.000000,1.000000,0,1,1,0
1503,29,407,1095,1.000000,1.000000,1.000000,1.000000,0,1,1,0
1504,27,407,1096,1.000000,1.000000,1.000000,1.000000,0,0,0,0
1505,29,408,1096,1.000000,1.000000,1.000000,1.000000,0,0,0,0
1506,27,408,1097,1.000000,1.000000,1.000000,1.000000,0,0,0,0
1507,25,408,1098,1.000000,1.000000,1.000000,1.000000,0,0,0,0
1508,23,408,1099,1.000000,1.000000,1.000000,1.000000,0,1,0,0
1509,21,408,1100,1.000000,1.000000,1.000000,1.000000,0,0,0,0
1510,29,409,1100,1.000000,1.000000,1.000000,1.000000,0,0,0,0
1511,27,409,1101,1.000000,1.000000,1.000000,1.000000,0,0,0,0
1512,25,409,1102,1.000000,1.000000,1.000000,1.000000,0,0,0,0
1513,23,409,1103,1.000000,1.000000,1.000000,1.000000,0,0,0,0
1514,21,409,1104,1.000000,1.000000,1.000000,1.000000,0,0,0,0
1515,19,409,1105,1.000000,1.000000,1.000000,1.000000,0,1,1,0
1516,17,409,1106,1.000000,1.000000,1.000000,1.000000,0,0,0,0
1517,29,410,1106,1.000000,1.000000,1.000000,1.000000,0,0,0,0
1518,27,410,1107,1.000000,1.000000,1.000000,1.000000,1,0,1,0
1519,25,410,1108,1.000000,1.000000,1.000000,1.000000,0,1,0,0
1520,29,411,1108,1.000000,1.000000,1.000000,1.000000,0,1,0,0
1521,27,411,1109,1.000000,1.000000,1.000000,1.000000,0,1,0,0
1522,29,412,1109,1.000000,1.000000,1.000000,1.000000,0,1,0,0
1523,27,412,1110,1.000000,1.000000,1.000000,1.000000,0,0,1,0
1524,29,413,1110,1.000000,1.000000,1.000000,1.000000,0,0,1,0
1525,27,413,1111,1.000000,1.000000,1.000000,1.000000,0,0,1,0
1526,29,414,1111,1.000000,1.000000,1.000000,1.000000,0,0,1,0
1527,27,414,1112,1.000000,1.000000,1.000000,1.000000,0,1,0,0
1528,25,414,1113,1.000000,1.000000,1.000000,1.000000,0,0,0,1
1529,29,415,1113,1.000000,1.000000,1.000000,1.000000,0,0,0,1
1530,27,415,1114,1.000000,1.000000,1.000000,1.000000,0,0,0,0
1531,29,416,1114,1.000000,1.000000,1.000000,1.000000,0,0,0,0
1532,27,416,1115,1.000000,1.000000,1.000000,1.000000,0,0,0,0
1533,25,416,1116,1.000000,1.000000,1.000000,1.000000,0,0,1,0
1534,23,416,1117,1.000000,1.000000,1.000000,1.000000,0,0,1,0
1535,21,416,1118,1.000000,1.000000,1.000000,1.000000,0,0,1,1
1536,29,417,1118,1.000000,1.000000,1.000000,1.000000,0,0,1,1
1537,27,417,1119,1.000000,1.000000,1.000000,1.000000,0,0,0,0
1538,29,418,1119,1.000000,1.000000,1.000000,1.000000,0,0,0,0
1539,27,418,1120,1.000000,1.000000,1.000000,1.000000,0,0,0,1
1540,25,418,1121,1.000000,1.000000,1.000000,1.000000,0,0,0,0
1541,29,419,1121,1.000000,1.000000,1.000000,1.000000,0,0,0,0
1542,27,419,1122,1.000000,1.000000,1.000000,1.000000,0,0,0,0
1543,25,419,1123,1.000000,1.000000,1.000000,1.000000,0,0,0,0
1544,23,419,1124,1.000000,1.000000,1.000000,1.000000,0,0,0,0
1545,21,419,1125,1.000000,1.000000,1.000000,1.000000,1,0,0,0
1546,19,419,1126,1.000000,1.000000,1.000000,1.000000,1,1,0,0
1547,29,420,1126,1.000000,1.000000,1.000000,1.000000,1,1,0,0
1548,27,420,1127,1.000000,1.000000,1.000000,1.000000,0,0,0,0
1549,29,421,1127,1.000000,1.000000,1.000000,1.000000,0,0,0,0
1550,27,421,1128,1.000000,1.000000,1.000000,1.000000,0,0,0,0
1551,25,421,1129,1.000000,1.000000,1.000000,1.000000,0,0,0,0
1552,23,421,1130,1.000000,1.000000,1.000000,1.000000,0,0,0,0
1553,21,421,1131,1.000000,1.000000,1.000000,1.000000,0,0,1,0
1554,19,421,1132,1.000000,1.000000,1.000000,1.000000,0,0,1,1
1555,29,422,1132,1.000000,1.000000,1.000000,1.000000,0,0,1,1
1556,27,422,1133,1.000000,1.000000,1.000000,1.000000,0,0,0,0
1557,29,423,1133,1.000000,1.000000,1.000000,1.000000,0,0,0,0
1558,27,423,1134,1.000000,1.000000,1.000000,1.000000,1,0,1,0
1559,25,423,1135,1.000000,1.000000,1.000000,1.000000,0,0,0,1
1560,29,424,1135,1.000000,1.000000,1.000000,1.000000,0,0,0,1
1561,27,424,1136,1.000000,1.000000,1.000000,1.000000,0,0,0,0
1562,29,425,1136,1.000000,1.000000,1.000000,1.000000,0,0,0,0
1563,27,425,1137,1.000000,1.000000,1.000000,1.000000,0,0,0,0
1564,25,425,1138,1.000000,1.000000,1.000000,1.000000,0,0,0,0
1565,23,425,1139,1.000000,1.000000,1.000000,1.000000,0,0,0,0
1566,21,425,1140,1.000000,1.000000,1.000000,1.000000,0,0,0,0
1567,19,425,1141,1.000000,1.000000,1.000000,1.000000,0,0,0,0
1568,17,425,1142,1.000000,1.000000,1.000000,1.000000,0,1,0,1
1569,15,425,1143,1.000000,1.000000,1.000000,1.000000,0,0,0,0
1570,29,426,1143,1.000000,1.000000,1.000000,1.000000,0,0,0,0
1571,27,426,1144,1.000000,1.000000,1.000000,1.000000,1,0,0,1
1572,25,426,1145,1.000000,1.000000,1.000000,1.000000,0,0,0,0
1573,29,427,1145,1.000000,1.000000,1.000000,1.000000,0,0,0,0
1574,27,427,1146,1.000000,1.000000,1.000000,1.000000,0,0,0,0
1575,25,427,1147,1.000000,1.000000,1.000000,1.000000,0,0,0,0
1576,23,427,1148,1.000000,1.000000,1.000000,1.000000,0,0,0,0
1577,21,427,1149,1.000000,1.000000,1.000000,1.000000,0,0,0,0
1578,19,427,1150,1.000000,1.000000,1.000000,1.000000,0,0,0,0
1579,17,427,1151,1.000000,1.000000,1.000000,1.000000,0,0,0,0
1580,15,427,1152,1.000000,1.000000,1.000000,1.000000,0,0,0,0
1581,13,427,1153,1.000000,1.000000,1.000000,1.000000,0,0,0,0
1582,11,427,1154,1.000000,1.000000,1.000000,1.000000,0,0,0,0
1583,9,427,1155,1.000000,1.000000,1.000000,1.000000,0,0,0,0
1584,7,427,1156,1.000000,1.000000,1.000000,1.000000,0,0,0,0
1585,5,427,1157,1.000000,1.000000,1.000000,1.000000,0,0,0,0
1586,3,427,1158,1.000000,1.000000,1.000000,1.000000,1,1,0,0
1587,1,427,1159,1.000000,1.000000,1.000000,1.000000,0,0,0,0
1588,29,428,1159,1.000000,1.000000,1.000000,1.000000,0,0,0,0
1589,27,428,1160,1.000000,1.000000,1.000000,1.000000,0,0,0,0
1590,25,428,1161,1.000000,1.000000,1.000000,1.000000,0,0,0,0
1591,23,428,1162,1.000000,1.000000,1.000000,1.000000,1,0,0,1
1592,21,428,1163,1.000000,1.000000,1.000000,1.000000,0,0,0,0
1593,29,429,1163,1.000000,1.000000,1.000000,1.000000,0,0,0,0
1594,27,429,1164,1.000000,1.000000,1.000000,1.000000,0,0,0,0
1595,25,429,1165,1.000000,1.000000,1.000000,1.000000,0,0,0,0
1596,23,429,1166,1.000000,1.000000,1.000000,1.000000,0,0,0,0
1597,21,429,1167,1.000000,1.000000,1.000000,1.000000,0,0,0,0
1598,19,429,1168,1.000000,1.000000,1.000000,1.000000,0,0,1,0
1599,17,429,1169,1.000000,1.000000,1.000000,1.000000,0,0,0,0
1600,29,430,1169,1.000000,1.000000,1.000000,1.000000,0,0,0,0
1601,27,430,1170,1.000000,1.000000,1.000000,1.000000,0,0,0,0
1602,25,430,1171,1.000000,1.000000,1.000000,1.000000,0,0,0,0
1603,23,430,1172,1.000000,1.000000,1.000000,1.000000,0,0,1,0
1604,21,430,1173,1.000000,1.000000,1.000000,1.000000,0,0,0,0
1605,29,431,1173,1.000000,1.000000,1.000000,1.000000,0,0,0,0
1606,27,431,1174,1.000000,1.000000,1.000000,1.000000,0,0,0,0
1607,25,431,1175,1.000000,1.000000,1.000000,1.000000,0,0,0,0
1608,23,431,1176,1.000000,1.000000,1.000000,1.000000,0,0,0,0
1609,21,431,1177,1.000000,1.000000,1.000000,1.000000,0,0,0,0
1610,19,431,1178,1.000000,1.000000,1.000000,1.000000,0,0,0,0
1611,17,431,1179,1.000000,1.000000,1.000000,1.000000,0,0,0,0
1612,15,431,1180,1.000000,1.000000,1.000000,1.000000,0,0,0,0
1613,13,431,1181,1.000000,1.000000,1.000000,1.000000,0,0,1,0
1614,11,431,1182,1.000000,1.000000,1.000000,1.000000,0,0,1,0
1615,29,432,1182,1.000000,1.000000,1.000000,1.000000,0,0,1,0
1616,27,432,1183,1.000000,1.000000,1.000000,1.000000,0,1,0,0
1617,29,433,1183,1.000000,1.000000,1.000000,1.000000,0,1,0,0
1618,27,433,1184,1.000000,1.000000,1.000000,1.000000,0,1,0,0
1619,29,434,1184,1.000000,1.000000,1.000000,1.000000,0,1,0,0
1620,27,434,1185,1.000000,1.000000,1.000000,1.000000,0,0,0,0
1621,29,435,1185,1.000000,1.000000,1.000000,1.000000,0,0,0,0
1622,27,435,1186,1.000000,1.000000,1.000000,1.000000,0,1,0,0
1623,25,435,1187,1.000000,1.000000,1.000000,1.000000,0,0,0,0
1624,29,436,1187,1.000000,1.000000,1.000000,1.000000,0,0,0,0
1625,27,436,1188,1.000000,1.000000,1.000000,1.000000,1,0,0,0
1626,25,436,1189,1.000000,1.000000,1.000000,1.000000,0,0,0,0
1627,29,437,1189,1.000000,1.000000,1.000000,1.000000,0,0,0,0
1628,27,437,1190,1.000000,1.000000,1.000000,1.000000,0,0,0,0
1629,25,437,1191,1.000000,1.000000,1.000000,1.000000,0,0,0,0
1630,23,437,1192,1.000000,1.000000,1.000000,1.000000,0,0,0,0
1631,21,437,1193,1.000000,1.000000,1.000000,1.000000,1,0,0,0
1632,19,437,1194,1.000000,1.000000,1.000000,1.000000,0,0,0,0
1633,29,438,1194,1.000000,1.000000,1.000000,1.000000,0,0,0,0
1634,27,438,1195,1.000000,1.000000,1.000000,1.000000,0,0,0,0
1635,25,438,1196,1.000000,1.000000,1.000000,1.000000,1,0,0,0
1636,23,438,1197,1.000000,1.000000,1.000000,1.000000,0,0,0,0
1637,29,439,1197,1.000000,1.000000,1.000000,1.000000,0,0,0,0
1638,27,439,1198,1.000000,1.000000,1.000000,1.000000,0,0,0,0
1639,25,439,1199,1.000000,1.000000,1.000000,1.000000,0,0,0,0
1640,23,439,1200,1.000000,1.000000,1.000000,1.000000,0,0,0,0
1641,21,439,1201,1.000000,1.000000,1.000000,1.000000,0,0,0,0
1642,19,439,1202,1.000000,1.000000,1.000000,1.000000,0,0,0,0
1643,17,439,1203,1.000000,1.000000,1.000000,1.000000,0,0,0,0
1644,15,439,1204,1.000000,1.000000,1.000000,1.000000,0,0,0,0
1645,13,439,1205,1.000000,1.000000,1.000000,1.000000,0,0,0,0
1646,11,439,1206,1.000000,1.000000,1.000000,1.000000,0,0,0,0
1647,9,439,1207,1.000000,1.000000,1.000000,1.000000,0,1,0,0
1648,7,439,1208,1.000000,1.000000,1.000000,1.000000,0,1,0,0
1649,29,440,1208,1.000000,1.000000,1.000000,1.000000,0,1,0,0
1650,27,440,1209,1.000000,1.000000,1.000000,1.000000,1,0,1,0
1651,25,440,1210,1.000000,1.000000,1.000000,1.000000,0,0,1,0
1652,29,441,1210,1.000000,1.000000,1.000000,1.000000,0,0,1,0
1653,27,441,1211,1.000000,1.000000,1.000000,1.000000,0,0,1,0
1654,29,442,1211,1.000000,1.000000,1.000000,1.000000,0,0,1,0
1655,27,442,1212,1.000000,1.000000,1.000000,1.000000,0,0,0,0
1656,29,443,1212,1.000000,1.000000,1.000000,1.000000,0,0,0,0
1657,27,443,1213,1.000000,1.000000,1.000000,1.000000,0,0,0,1
1658,25,443,1214,1.000000,1.000000,1.000000,1.000000,0,0,1,0
1659,29,444,1214,1.000000,1.000000,1.000000,1.000000,0,0,1,0
1660,27,444,1215,1.000000,1.000000,1.000000,1.000000,0,0,0,0
1661,29,445,1215,1.000000,1.000000,1.000000,1.000000,0,0,0,0
1662,27,445,1216,1.000000,1.000000,1.000000,1.000000,0,0,0,0
1663,25,445,1217,1.000000,1.000000,1.000000,1.000000,0,0,0,0
1664,23,445,1218,1.000000,1.000000,1.000000,1.000000,0,0,0,1
1665,21,445,1219,1.000000,1.000000,1.000000,1.000000,0,0,0,0
1666,29,446,1219,1.000000,1.000000,1.000000,1.000000,0,0,0,0
1667,27,446,1220,1.000000,1.000000,1.000000,1.000000,0,0,0,0
1668,25,446,1221,1.000000,1.000000,1.000000,1.000000,0,0,0,0
1669,23,446,1222,1.000000,1.000000,1.000000,1.000000,0,0,0,0
1670,21,446,1223,1.000000,1.000000,1.000000,1.000000,0,0,0,0
1671,19,446,1224,1.000000,1.000000,1.000000,1.000000,0,0,0,0
1672,17,446,1225,1.000000,1.000000,1.000000,1.000000,0,0,0,0
1673,15,446,1226,1.000000,1.000000,1.000000,1.000000,0,0,0,0
1674,13,446,1227,1.000000,1.000000,1.000000,1.000000,0,0,0,0
1675,11,446,1228,1.000000,1.000000,1.000000,1.000000,0,0,0,0
1676,9,446,1229,1.000000,1.000000,1.000000,1.000000,0,0,0,0
1677,7,446,1230,1.000000,1.000000,1.000000,1.000000,0,1,0,0
1678,5,446,1231,1.000000,1.000000,1.000000,1.000000,1,0,0,0
1679,29,447,1231,1.000000,1.000000,1.000000,1.000000,1,0,0,0
1680,27,447,1232,1.000000,1.000000,1.000000,1.000000,0,0,0,0
1681,29,448,1232,1.000000,1.000000,1.000000,1.000000,0,0,0,0
1682,27,448,1233,1.000000,1.000000,1.000000,1.000000,0,0,0,0
1683,25,448,1234,1.000000,1.000000,1.000000,1.000000,0,0,0,0
1684,23,448,1235,1.000000,1.000000,1.000000,1.000000,0,1,0,0
1685,21,448,1236,1.000000,1.000000,1.000000,1.000000,0,1,0,0
1686,29,449,1236,1.000000,1.000000,1.000000,1.000000,0,1,0,0
1687,27,449,1237,1.000000,1.000000,1.000000,1.000000,1,0,1,0
1688,29,450,1237,1.000000,1.000000,1.000000,1.000000,1,0,1,0
1689,27,450,1238,1.000000,1.000000,1.000000,1.000000,0,0,0,0
1690,29,451,1238,1.000000,1.000000,1.000000,1.000000,0,0,0,0
1691,27,451,1239,1.000000,1.000000,1.000000,1.000000,0,0,0,0
1692,25,451,1240,1.000000,1.000000,1.000000,1.000000,0,0,0,0
1693,23,451,1241,1.000000,1.000000,1.000000,1.000000,0,0,0,0
1694,21,451,1242,1.000000,1.000000,1.000000,1.000000,0,0,0,0
1695,19,451,1243,1.000000,1.000000,1.000000,1.000000,0,0,0,0
1696,17,451,1244,1.000000,1.000000,1.000000,1.000000,0,0,0,0
1697,15,451,1245,1.000000,1.000000,1.000000,1.000000,0,0,0,0
1698,13,451,1246,1.000000,1.000000,1.000000,1.000000,0,0,0,0
1699,11,451,1247,1.000000,1.000000,1.000000,1.000000,0,0,0,0
1700,9,451,1248,1.000000,1.000000,1.000000,1.000000,0,0,0,0
1701,7,451,1249,1.000000,1.000000,1.000000,1.000000,0,0,0,1
1702,5,451,1250,1.000000,1.000000,1.000000,1.000000,1,0,0,0
1703,3,451,1251,1.000000,1.000000,1.000000,1.000000,0,0,1,1
1704,29,452,1251,1.000000,1.000000,1.000000,1.000000,1,0,1,1
1705,27,452,1252,1.000000,1.000000,1.000000,1.000000,0,0,0,0
1706,29,453,1252,1.000000,1.000000,1.000000,1.000000,0,0,0,0
1707,27,453,1253,1.000000,1.000000,1.000000,1.000000,0,0,0,0
1708,25,453,1254,1.000000,1.000000,1.000000,1.000000,0,1,0,0
1709,23,453,1255,1.000000,1.000000,1.000000,1.000000,0,0,0,0
1710,21,453,1256,1.000000,1.000000,1.000000,1.000000,0,1,0,0
1711,19,453,1257,1.000000,1.000000,1.000000,1.000000,0,0,0,0
1712,29,454,1257,1.000000,1.000000,1.000000,1.000000,0,0,0,0
1713,27,454,1258,1.000000,1.000000,1.000000,1.000000,0,0,0,0
1714,25,454,1259,1.000000,1.000000,1.000000,1.000000,0,0,0,0
1715,23,454,1260,1.000000,1.000000,1.000000,1.000000,0,0,0,0
1716,21,454,1261,1.000000,1.000000,1.000000,1.000000,0,0,0,0
1717,19,454,1262,1.000000,1.000000,1.000000,1.000000,0,0,0,0
1718,17,454,1263,1.000000,1.000000,1.000000,1.000000,0,1,0,0
1719,15,454,1264,1.000000,1.000000,1.000000,1.000000,1,0,0,0
1720,29,455,1264,1.000000,1.000000,1.000000,1.000000,1,0,0,0
1721,27,455,1265,1.000000,1.000000,1.000000,1.000000,1,0,0,0
1722,29,456,1265,1.000000,1.000000,1.000000,1.000000,1,0,0,0
1723,27,456,1266,1.000000,1.000000,1.000000,1.000000,1,0,0,0
1724,29,457,1266,1.000000,1.000000,1.000000,1.000000,1,0,0,0
1725,27,457,1267,1.000000,1.000000,1.000000,1.000000,0,1,0,0
1726,29,458,1267,1.000000,1.000000,1.000000,1.000000,0,1,0,0
1727,27,458,1268,1.000000,1.000000,1.000000,1.000000,0,0,0,0
1728,29,459,1268,1.000000,1.000000,1.000000,1.000000,0,0,0,0
1729,27,459,1269,1.000000,1.000000,1.000000,1.000000,0,1,0,0
1730,25,459,1270,1.000000,1.000000,1.000000,1.000000,0,0,0,0
1731,29,460,1270,1.000000,1.000000,1.000000,1.000000,0,0,0,0
1732,27,460,1271,1.000000,1.000000,1.000000,1.000000,0,0,0,0
1733,25,460,1272,1.000000,1.000000,1.000000,1.000000,1,0,0,0
1734,23,460,1273,1.000000,1.000000,1.000000,1.000000,0,1,0,0
1735,29,461,1273,1.000000,1.000000,1.000000,1.000000,0,1,0,0
1736,27,461,1274,1.000000,1.000000,1.000000,1.000000,0,0,0,0
1737,25,461,1275,1.000000,1.000000,1.000000,1.000000,1,0,0,0
1738,23,461,1276,1.000000,1.000000,1.000000,1.000000,0,0,0,0
1739,21,461,1277,1.000000,1.000000,1.000000,1.000000,0,0,0,0
1740,19,461,1278,1.000000,1.000000,1.000000,1.000000,0,0,0,1
1741,17,461,1279,1.000000,1.000000,1.000000,1.000000,0,0,1,0
1742,15,461,1280,1.000000,1.000000,1.000000,1.000000,1,0,1,0
1743,29,462,1280,1.000000,1.000000,1.000000,1.000000,1,0,1,0
1744,27,462,1281,1.000000,1.000000,1.000000,1.000000,0,1,0,0
1745,25,462,1282,1.000000,1.000000,1.000000,1.000000,0,0,0,1
1746,29,463,1282,1.000000,1.000000,1.000000,1.000000,0,0,0,1
1747,27,463,1283,1.000000,1.000000,1.000000,1.000000,0,0,0,0
1748,29,464,1283,1.000000,1.000000,1.000000,1.000000,0,0,0,0
1749,27,464,1284,1.000000,1.000000,1.000000,1.000000,0,0,1,0
1750,25,464,1285,1.000000,1.000000,1.000000,1.000000,0,0,1,0
1751,23,464,1286,1.000000,1.000000,1.000000,1.000000,1,0,0,0
1752,21,464,1287,1.000000,1.000000,1.000000,1.000000,0,0,1,0
1753,29,465,1287,1.000000,1.000000,1.000000,1.000000,0,0,1,0
1754,27,465,1288,1.000000,1.000000,1.000000,1.000000,0,0,0,0
1755,25,465,1289,1.000000,1.000000,1.000000,1.000000,0,0,0,0
1756,23,465,1290,1.000000,1.000000,1.000000,1.000000,1,0,0,0
1757,21,465,1291,1.000000,1.000000,1.000000,1.000000,0,0,0,0
1758,29,466,1291,1.000000,1.000000,1.000000,1.000000,0,0,0,0
1759,27,466,1292,1.000000,1.000000,1.000000,1.000000,0,0,0,0
1760,25,466,1293,1.000000,1.000000,1.000000,1.000000,1,0,0,0
1761,23,466,1294,1.000000,1.000000,1.000000,1.000000,0,0,0,0
1762,29,467,1294,1.000000,1.000000,1.000000,1.000000,0,0,0,0
1763,27,467,1295,1.000000,1.000000,1.000000,1.000000,0,0,0,0
1764,25,467,1296,1.000000,1.000000,1.000000,1.000000,0,0,0,0
1765,23,467,1297,1.000000,1.000000,1.000000,1.000000,0,0,0,0
1766,21,467,1298,1.000000,1.000000,1.000000,1.000000,0,0,0,0
1767,19,467,1299,1.000000,1.000000,1.000000,1.000000,0,0,0,0
1768,17,467,1300,1.000000,1.000000,1.000000,1.000000,0,0,0,0
1769,15,467,1301,1.000000,1.000000,1.000000,1.000000,0,1,0,0
1770,13,467,1302,1.000000,1.000000,1.000000,1.000000,0,0,0,0
1771,29,468,1302,1.000000,1.000000,1.000000,1.000000,0,0,0,0
1772,27,468,1303,1.000000,1.000000,1.000000,1.000000,0,1,0,0
1773,25,468,1304,1.000000,1.000000,1.000000,1.000000,0,0,0,0
1774,29,469,1304,1.000000,1.000000,1.000000,1.000000,0,0,0,0
1775,27,469,1305,1.000000,1.000000,1.000000,1.000000,0,0,1,0
1776,25,469,1306,1.000000,1.000000,1.000000,1.000000,0,0,0,1
1777,29,470,1306,1.000000,1.000000,1.000000,1.000000,0,0,0,1
1778,27,470,1307,1.000000,1.000000,1.000000,1.000000,0,0,1,0
1779,29,471,1307,1.000000,1.000000,1.000000,1.000000,0,0,1,0
1780,27,471,1308,1.000000,1.000000,1.000000,1.000000,0,0,1,0
1781,29,472,1308,1.000000,1.000000,1.000000,1.000000,0,0,1,0
1782,27,472,1309,1.000000,1.000000,1.000000,1.000000,0,0,1,0
1783,29,473,1309,1.000000,1.000000,1.000000,1.000000,0,0,1,0
1784,27,473,1310,1.000000,1.000000,1.000000,1.000000,0,0,0,0
1785,29,474,1310,1.000000,1.000000,1.000000,1.000000,0,0,0,0
1786,27,474,1311,1.000000,1.000000,1.000000,1.000000,0,0,0,0
1787,25,474,1312,1.000000,1.000000,1.000000,1.000000,0,0,0,0
1788,23,474,1313,1.000000,1.000000,1.000000,1.000000,0,0,0,0
1789,21,474,1314,1.000000,1.000000,1.000000,1.000000,0,0,0,0
1790,19,474,1315,1.000000,1.000000,1.000000,1.000000,0,0,0,0
1791,17,474,1316,1.000000,1.000000,1.000000,1.000000,0,0,0,0
1792,15,474,1317,1.000000,1.000000,1.000000,1.000000,0,0,0,0
1793,13,474,1318,1.000000,1.000000,1.000000,1.000000,0,0,0,1
1794,11,474,1319,1.000000,1.000000,1.000000,1.000000,0,0,0,0
1795,29,475,1319,1.000000,1.000000,1.000000,1.000000,0,0,0,0
1796,27,475,1320,1.000000,1.000000,1.000000,1.000000,0,0,0,0
1797,25,475,1321,1.000000,1.000000,1.000000,1.000000,0,0,0,0
1798,23,475,1322,1.000000,1.000000,1.000000,1.000000,0,0,0,0
1799,21,475,1323,1.000000,1.000000,1.000000,1.000000,0,0,0,1
1800,19,475,1324,1.000000,1.000000,1.000000,1.000000,1,0,0,0
1801,29,476,1324,1.000000,1.000000,1.000000,1.000000,1,0,0,0
1802,27,476,1325,1.000000,1.000000,1.000000,1.000000,1,0,0,1
1803,29,477,1325,1.000000,1.000000,1.000000,1.000000,1,0,0,1
1804,27,477,1326,1.000000,1.000000,1.000000,1.000000,0,0,0,0
1805,29,478,1326,1.000000,1.000000,1.000000,1.000000,0,0,0,0
1806,27,478,1327,1.000000,1.000000,1.000000,1.000000,0,0,0,0
1807,25,478,1328,1.000000,1.000000,1.000000,1.000000,0,0,0,0
1808,23,478,1329,1.000000,1.000000,1.000000,1.000000,0,0,0,0
1809,21,478,1330,1.000000,1.000000,1.000000,1.000000,0,0,0,0
1810,19,478,1331,1.000000,1.000000,1.000000,1.000000,0,0,0,0
1811,17,478,1332,1.000000,1.000000,1.000000,1.000000,0,0,0,0
1812,15,478,1333,1.000000,1.000000,1.000000,1.000000,0,0,0,0
1813,13,478,1334,1.000000,1.000000,1.000000,1.000000,0,0,0,0
1814,11,478,1335,1.000000,1.000000,1.000000,1.000000,0,0,0,0
1815,9,478,1336,1.000000,1.000000,1.000000,1.000000,0,0,0,0
1816,7,478,1337,1.000000,1.000000,1.000000,1.000000,0,0,0,0
1817,5,478,1338,1.000000,1.000000,1.000000,1.000000,1,0,0,0
1818,3,478,1339,1.000000,1.000000,1.000000,1.000000,0,0,0,0
1819,29,479,1339,1.000000,1.000000,1.000000,1.000000,0,0,0,0
1820,27,479,1340,1.000000,1.000000,1.000000,1.000000,0,0,0,0
1821,25,479,1341,1.000000,1.000000,1.000000,1.000000,0,0,0,0
1822,23,479,1342,1.000000,1.000000,1.000000,1.000000,0,0,0,0
1823,21,479,1343,1.000000,1.000000,1.000000,1.000000,0,1,0,0
1824,19,479,1344,1.000000,1.000000,1.000000,1.000000,0,1,0,0
1825,17,479,1345,1.000000,1.000000,1.000000,1.000000,1,0,1,0
1826,15,479,1346,1.000000,1.000000,1.000000,1.000000,1,0,1,0
1827,29,480,1346,1.000000,1.000000,1.000000,1.000000,1,0,1,0
1828,27,480,1347,1.000000,1.000000,1.000000,1.000000,0,0,1,0
1829,29,481,1347,1.000000,1.000000,1.000000,1.000000,0,0,1,0
1830,27,481,1348,1.000000,1.000000,1.000000,1.000000,0,0,0,0
1831,29,482,1348,1.000000,1.000000,1.000000,1.000000,0,0,0,0
1832,27,482,1349,1.000000,1.000000,1.000000,1.000000,0,0,0,0
1833,25,482,1350,1.000000,1.000000,1.000000,1.000000,0,0,0,0
1834,23,482,1351,1.000000,1.000000,1.000000,1.000000,0,0,0,0
1835,21,482,1352,1.000000,1.000000,1.000000,1.000000,0,0,0,0
1836,19,482,1353,1.000000,1.000000,1.000000,1.000000,0,0,0,0
1837,17,482,1354,1.000000,1.000000,1.000000,1.000000,0,0,0,1
1838,15,482,1355,1.000000,1.000000,1.000000,1.000000,0,0,0,0
1839,29,483,1355,1.000000,1.000000,1.000000,1.000000,0,0,0,0
1840,27,483,1356,1.000000,1.000000,1.000000,1.000000,0,0,0,0
1841,25,483,1357,1.000000,1.000000,1.000000,1.000000,0,0,0,0
1842,23,483,1358,1.000000,1.000000,1.000000,1.000000,1,0,0,0
1843,21,483,1359,1.000000,1.000000,1.000000,1.000000,0,0,0,0
1844,29,484,1359,1.000000,1.000000,1.000000,1.000000,0,0,0,0
1845,27,484,1360,1.000000,1.000000,1.000000,1.000000,0,0,0,0
1846,25,484,1361,1.000000,1.000000,1.000000,1.000000,0,1,0,0
1847,23,484,1362,1.000000,1.000000,1.000000,1.000000,1,0,1,0
1848,29,485,1362,1.000000,1.000000,1.000000,1.000000,1,0,1,0
1849,27,485,1363,1.000000,1.000000,1.000000,1.000000,0,0,1,0
1850,29,486,1363,1.000000,1.000000,1.000000,1.000000,0,0,1,0
1851,27,486,1364,1.000000,1.000000,1.000000,1.000000,0,0,0,0
1852,25,486,1365,1.000000,1.000000,1.000000,1.000000,1,0,0,0
1853,23,486,1366,1.000000,1.000000,1.000000,1.000000,0,0,0,0
1854,29,487,1366,1.000000,1.000000,1.000000,1.000000,0,0,0,0
1855,27,487,1367,1.000000,1.000000,1.000000,1.000000,0,0,0,0
1856,25,487,1368,1.000000,1.000000,1.000000,1.000000,0,0,0,1
1857,23,487,1369,1.000000,1.000000,1.000000,1.000000,0,0,0,0
1858,29,488,1369,1.000000,1.000000,1.000000,1.000000,0,0,0,0
1859,27,488,1370,1.000000,1.000000,1.000000,1.000000,0,0,0,0
1860,25,488,1371,1.000000,1.000000,1.000000,1.000000,0,0,0,0
1861,23,488,1372,1.000000,1.000000,1.000000,1.000000,0,0,0,0
1862,21,488,1373,1.000000,1.000000,1.000000,1.000000,1,0,0,0
1863,19,488,1374,1.000000,1.000000,1.000000,1.000000,1,0,0,0
1864,29,489,1374,1.000000,1.000000,1.000000,1.000000,1,0,1,0
1865,27,489,1375,1.000000,1.000000,1.000000,1.000000,0,0,0,0
1866,29,490,1375,1.000000,1.000000,1.000000,1.000000,0,0,0,0
1867,27,490,1376,1.000000,1.000000,1.000000,1.000000,0,0,0,0
1868,25,490,1377,1.000000,1.000000,1.000000,1.000000,0,0,0,1
1869,23,490,1378,1.000000,1.000000,1.000000,1.000000,0,0,0,0
1870,29,491,1378,1.000000,1.000000,1.000000,1.000000,0,0,0,0
1871,27,491,1379,1.000000,1.000000,1.000000,1.000000,0,0,0,0
1872,25,491,1380,1.000000,1.000000,1.000000,1.000000,0,0,0,0
1873,23,491,1381,1.000000,1.000000,1.000000,1.000000,0,0,0,0
1874,21,491,1382,1.000000,1.000000,1.000000,1.000000,0,0,0,0
1875,19,491,1383,1.000000,1.000000,1.000000,1.000000,0,0,0,0
1876,17,491,1384,1.000000,1.000000,1.000000,1.000000,0,0,0,0
1877,15,491,1385,1.000000,1.000000,1.000000,1.000000,0,0,0,0
1878,13,491,1386,1.000000,1.000000,1.000000,1.000000,0,0,0,0
1879,11,491,1387,1.000000,1.000000,1.000000,1.000000,0,0,0,0
1880,9,491,1388,1.000000,1.000000,1.000000,1.000000,0,0,0,0
1881,7,491,1389,1.000000,1.000000,1.000000,1.000000,0,0,0,0
1882,5,491,1390,1.000000,1.000000,1.000000,1.000000,0,0,0,1
1883,3,491,1391,1.000000,1.000000,1.000000,1.000000,1,0,0,0
1884,1,491,1392,1.000000,1.000000,1.000000,1.000000,1,0,1,0
1885,0,491,1393,1.000000,1.000000,1.000000,1.000000,0,1,1,0
