tick,energy,eats,distance,conn_1_6_weight,conn_2_7_weight,conn_3_8_weight,conn_4_9_weight,food_north_sensed,food_east_sensed,food_south_sensed,food_west_sensed
0,30,0,0,1.000000,1.000000,1.000000,1.000000,0,0,0,0
1,29,0,0,1.000000,1.000000,1.000000,1.000000,0,0,0,1
2,27,0,1,1.000000,1.000000,1.000000,1.000000,0,0,0,1
3,29,1,1,1.000000,1.000000,1.000000,1.000000,0,0,0,1
4,27,1,2,1.000000,1.000000,1.000000,1.000000,1,0,0,0
5,25,1,3,1.000000,1.000000,1.000000,1.000000,0,0,1,1
6,29,2,3,1.000000,1.000000,1.000000,1.000000,0,0,1,1
7,27,2,4,1.000000,1.000000,1.000000,1.000000,0,0,0,0
8,29,3,4,1.000000,1.000000,1.000000,1.000000,0,0,0,0
9,27,3,5,1.000000,1.000000,1.000000,1.000000,0,0,0,1
10,25,3,6,1.000000,1.000000,1.000000,1.000000,0,0,0,0
11,29,4,6,1.000000,1.000000,1.000000,1.000000,0,0,0,0
12,27,4,7,1.000000,1.000000,1.000000,1.000000,0,0,0,0
13,25,4,8,1.000000,1.000000,1.000000,1.000000,1,0,0,0
14,23,4,9,1.000000,1.000000,1.000000,1.000000,0,0,0,0
15,29,5,9,1.000000,1.000000,1.000000,1.000000,0,0,0,0
16,27,5,10,1.000000,1.000000,1.000000,1.000000,0,0,0,0
17,25,5,11,1.000000,1.000000,1.000000,1.000000,0,0,0,1
18,23,5,12,1.000000,1.000000,1.000000,1.000000,0,0,0,1
19,21,5,13,1.000000,1.000000,1.000000,1.000000,0,1,0,0
20,29,6,13,1.000000,1.000000,1.000000,1.000000,0,1,0,0
21,27,6,14,1.000000,1.000000,1.000000,1.000000,0,0,0,0
22,29,7,14,1.000000,1.000000,1.000000,1.000000,0,0,0,0
23,27,7,15,1.000000,1.000000,1.000000,1.000000,0,0,0,0
24,25,7,16,1.000000,1.000000,1.000000,1.000000,0,0,0,0
25,23,7,17,1.000000,1.000000,1.000000,1.000000,0,0,1,0
26,21,7,18,1.000000,1.000000,1.000000,1.000000,0,1,0,0
27,29,8,18,1.000000,1.000000,1.000000,1.000000,0,1,0,0
28,27,8,19,1.000000,1.000000,1.000000,1.000000,0,0,1,0
29,29,9,19,1.000000,1.000000,1.000000,1.000000,0,0,1,0
30,27,9,20,1.000000,1.000000,1.000000,1.000000,0,1,0,0
31,25,9,21,1.000000,1.000000,1.000000,1.000000,0,0,0,1
32,29,10,21,1.000000,1.000000,1.000000,1.000000,0,0,0,1
33,27,10,22,1.000000,1.000000,1.000000,1.000000,0,0,0,0
34,29,11,22,1.000000,1.000000,1.000000,1.000000,0,0,0,0
35,27,11,23,1.000000,1.000000,1.000000,1.000000,0,0,0,0
36,25,11,24,1.000000,1.000000,1.000000,1.000000,0,0,0,0
37,23,11,25,1.000000,1.000000,1.000000,1.000000,1,0,0,0
38,21,11,26,1.000000,1.000000,1.000000,1.000000,1,0,0,0
39,29,12,26,1.000000,1.000000,1.000000,1.000000,1,0,0,0
40,27,12,27,1.000000,1.000000,1.000000,1.000000,0,1,0,0
41,29,13,27,1.000000,1.000000,1.000000,1.000000,0,1,0,0
42,27,13,28,1.000000,1.000000,1.000000,1.000000,0,0,0,0
43,29,14,28,1.000000,1.000000,1.000000,1.000000,0,0,0,0
44,27,14,29,1.000000,1.000000,1.000000,1.000000,1,1,0,0
45,25,14,30,1.000000,1.000000,1.000000,1.000000,0,0,0,0
46,29,15,30,1.000000,1.000000,1.000000,1.000000,0,0,0,0
47,27,15,31,1.000000,1.000000,1.000000,1.000000,0,0,0,0
48,25,15,32,1.000000,1.000000,1.000000,1.000000,0,0,0,0
49,23,15,33,1.000000,1.000000,1.000000,1.000000,0,1,0,0
50,21,15,34,1.000000,1.000000,1.000000,1.000000,0,0,1,0
51,29,16,34,1.000000,1.000000,1.000000,1.000000,0,0,1,0
52,27,16,35,1.000000,1.000000,1.000000,1.000000,0,0,0,0
53,29,17,35,1.000000,1.000000,1.000000,1.000000,0,0,0,0
54,27,17,36,1.000000,1.000000,1.000000,1.000000,0,0,0,1
55,25,17,37,1.000000,1.000000,1.000000,1.000000,0,0,1,1
56,29,18,37,1.000000,1.000000,1.000000,1.000000,0,0,1,1
57,27,18,38,1.000000,1.000000,1.000000,1.000000,0,0,0,0
58,25,18,39,1.000000,1.000000,1.000000,1.000000,0,0,1,1
59,23,18,40,1.000000,1.000000,1.000000,1.000000,0,0,0,0
60,29,19,40,1.000000,1.000000,1.000000,1.000000,0,0,0,0
61,27,19,41,1.000000,1.000000,1.000000,1.000000,0,0,1,0
62,25,19,42,1.000000,1.000000,1.000000,1.000000,0,0,1,0
63,29,20,42,1.000000,1.000000,1.000000,1.000000,0,0,1,0
64,27,20,43,1.000000,1.000000,1.000000,1.000000,0,0,0,0
65,29,21,43,1.000000,1.000000,1.000000,1.000000,0,0,0,0
66,27,21,44,1.000000,1.000000,1.000000,1.000000,0,0,0,0
67,25,21,45,1.000000,1.000000,1.000000,1.000000,0,0,0,0
68,23,21,46,1.000000,1.000000,1.000000,1.000000,0,0,0,0
69,21,21,47,1.000000,1.000000,1.000000,1.000000,0,0,0,1
70,19,21,48,1.000000,1.000000,1.000000,1.000000,0,0,0,0
71,29,22,48,1.000000,1.000000,1.000000,1.000000,0,0,0,0
72,27,22,49,1.000000,1.000000,1.000000,1.000000,0,0,0,0
73,25,22,50,1.000000,1.000000,1.000000,1.000000,1,0,0,0
74,23,22,51,1.000000,1.000000,1.000000,1.000000,0,0,0,1
75,29,23,51,1.000000,1.000000,1.000000,1.000000,0,0,0,1
76,27,23,52,1.000000,1.000000,1.000000,1.000000,0,0,0,0
77,29,24,52,1.000000,1.000000,1.000000,1.000000,0,0,0,0
78,27,24,53,1.000000,1.000000,1.000000,1.000000,0,0,0,0
79,25,24,54,1.000000,1.000000,1.000000,1.000000,0,0,0,0
80,23,24,55,1.000000,1.000000,1.000000,1.000000,0,0,1,0
81,21,24,56,1.000000,1.000000,1.000000,1.000000,0,0,0,0
82,29,25,56,1.000000,1.000000,1.000000,1.000000,0,0,0,0
83,27,25,57,1.000000,1.000000,1.000000,1.000000,0,0,0,1
84,25,25,58,1.000000,1.000000,1.000000,1.000000,0,0,0,1
85,23,25,59,1.000000,1.000000,1.000000,1.000000,1,0,1,0
86,29,26,59,1.000000,1.000000,1.000000,1.000000,1,0,1,0
87,27,26,60,1.000000,1.000000,1.000000,1.000000,0,0,0,0
88,29,27,60,1.000000,1.000000,1.000000,1.000000,0,0,0,0
89,27,27,61,1.000000,1.000000,1.000000,1.000000,0,0,0,1
90,25,27,62,1.000000,1.000000,1.000000,1.000000,0,0,0,0
91,29,28,62,1.000000,1.000000,1.000000,1.000000,0,0,0,0
92,27,28,63,1.000000,1.000000,1.000000,1.000000,0,0,0,0
93,25,28,64,1.000000,1.000000,1.000000,1.000000,0,0,0,0
94,23,28,65,1.000000,1.000000,1.000000,1.000000,0,1,0,0
95,21,28,66,1.000000,1.000000,1.000000,1.000000,0,0,0,0
96,29,29,66,1.000000,1.000000,1.000000,1.000000,0,0,0,0
97,27,29,67,1.000000,1.000000,1.000000,1.000000,0,0,0,0
98,25,29,68,1.000000,1.000000,1.000000,1.000000,1,0,0,0
99,23,29,69,1.000000,1.000000,1.000000,1.000000,0,0,0,1
100,29,30,69,1.000000,1.000000,1.000000,1.000000,0,0,0,1
101,27,30,70,1.000000,1.000000,1.000000,1.000000,1,0,0,0
102,29,31,70,1.000000,1.000000,1.000000,1.000000,1,0,0,0
103,27,31,71,1.000000,1.000000,1.000000,1.000000,0,0,0,1
104,29,32,71,1.000000,1.000000,1.000000,1.000000,0,0,0,1
105,27,32,72,1.000000,1.000000,1.000000,1.000000,0,0,0,0
106,29,33,72,1.000000,1.000000,1.000000,1.000000,0,0,0,0
107,27,33,73,1.000000,1.000000,1.000000,1.000000,0,0,0,1
108,25,33,74,1.000000,1.000000,1.000000,1.000000,0,0,0,1
109,29,34,74,1.000000,1.000000,1.000000,1.000000,0,0,0,1
110,27,34,75,1.000000,1.000000,1.000000,1.000000,0,0,0,0
111,29,35,75,1.000000,1.000000,1.000000,1.000000,0,0,0,0
112,27,35,76,1.000000,1.000000,1.000000,1.000000,0,0,0,0
113,25,35,77,1.000000,1.000000,1.000000,1.000000,0,1,0,0
114,23,35,78,1.000000,1.000000,1.000000,1.000000,0,0,0,0
115,29,36,78,1.000000,1.000000,1.000000,1.000000,0,0,0,0
116,27,36,79,1.000000,1.000000,1.000000,1.000000,0,0,0,0
117,25,36,80,1.000000,1.000000,1.000000,1.000000,0,0,0,0
118,23,36,81,1.000000,1.000000,1.000000,1.000000,0,0,0,0
119,21,36,82,1.000000,1.000000,1.000000,1.000000,0,0,0,0
120,19,36,83,1.000000,1.000000,1.000000,1.000000,0,0,0,0
121,17,36,84,1.000000,1.000000,1.000000,1.000000,0,0,0,0
122,15,36,85,1.000000,1.000000,1.000000,1.000000,0,1,0,0
123,13,36,86,1.000000,1.000000,1.000000,1.000000,0,1,0,0
124,29,37,86,1.000000,1.000000,1.000000,1.000000,0,1,0,0
125,27,37,87,1.000000,1.000000,1.000000,1.000000,0,0,1,0
126,29,38,87,1.000000,1.000000,1.000000,1.000000,0,0,1,0
127,27,38,88,1.000000,1.000000,1.000000,1.000000,0,1,0,0
128,29,39,88,1.000000,1.000000,1.000000,1.000000,0,1,0,0
129,27,39,89,1.000000,1.000000,1.000000,1.000000,0,0,0,0
130,29,40,89,1.000000,1.000000,1.000000,1.000000,0,0,0,0
131,27,40,90,1.000000,1.000000,1.000000,1.000000,0,0,0,0
132,25,40,91,1.000000,1.000000,1.000000,1.000000,0,1,1,0
133,23,40,92,1.000000,1.000000,1.000000,1.000000,0,0,0,0
134,29,41,92,1.000000,1.000000,1.000000,1.000000,0,0,0,0
135,27,41,93,1.000000,1.000000,1.000000,1.000000,0,0,1,0
136,25,41,94,1.000000,1.000000,1.000000,1.000000,0,0,1,0
137,29,42,94,1.000000,1.000000,1.000000,1.000000,0,0,1,0
138,27,42,95,1.000000,1.000000,1.000000,1.000000,0,0,1,0
139,29,43,95,1.000000,1.000000,1.000000,1.000000,0,0,1,0
140,27,43,96,1.000000,1.000000,1.000000,1.000000,0,0,0,0
141,29,44,96,1.000000,1.000000,1.000000,1.000000,0,0,0,0
142,27,44,97,1.000000,1.000000,1.000000,1.000000,0,0,0,0
143,25,44,98,1.000000,1.000000,1.000000,1.000000,0,0,0,0
144,23,44,99,1.000000,1.000000,1.000000,1.000000,0,0,0,0
145,21,44,100,1.000000,1.000000,1.000000,1.000000,0,1,0,0
146,19,44,101,1.000000,1.000000,1.000000,1.000000,0,0,0,0
147,29,45,101,1.000000,1.000000,1.000000,1.000000,0,0,0,0
148,27,45,102,1.000000,1.000000,1.000000,1.000000,0,0,0,0
149,25,45,103,1.000000,1.000000,1.000000,1.000000,1,0,0,0
150,23,45,104,1.000000,1.000000,1.000000,1.000000,0,0,0,0
151,29,46,104,1.000000,1.000000,1.000000,1.000000,0,0,0,0
152,27,46,105,1.000000,1.000000,1.000000,1.000000,1,0,0,1
153,25,46,106,1.000000,1.000000,1.000000,1.000000,0,0,1,0
154,29,47,106,1.000000,1.000000,1.000000,1.000000,0,0,1,0
155,27,47,107,1.000000,1.000000,1.000000,1.000000,0,0,1,0
156,29,48,107,1.000000,1.000000,1.000000,1.000000,0,0,1,0
157,27,48,108,1.000000,1.000000,1.000000,1.000000,0,0,0,0
158,29,49,108,1.000000,1.000000,1.000000,1.000000,0,0,0,0
159,27,49,109,1.000000,1.000000,1.000000,1.000000,0,0,0,0
160,25,49,110,1.000000,1.000000,1.000000,1.000000,0,0,0,0
161,23,49,111,1.000000,1.000000,1.000000,1.000000,0,0,0,1
162,21,49,112,1.000000,1.000000,1.000000,1.000000,0,0,0,0
163,29,50,112,1.000000,1.000000,1.000000,1.000000,0,0,0,0
164,27,50,113,1.000000,1.000000,1.000000,1.000000,0,0,0,0
165,25,50,114,1.000000,1.000000,1.000000,1.000000,0,0,0,0
166,23,50,115,1.000000,1.000000,1.000000,1.000000,0,0,0,0
167,21,50,116,1.000000,1.000000,1.000000,1.000000,0,0,0,0
168,19,50,117,1.000000,1.000000,1.000000,1.000000,1,0,0,0
169,17,50,118,1.000000,1.000000,1.000000,1.000000,0,0,0,0
170,29,51,118,1.000000,1.000000,1.000000,1.000000,0,0,1,0
171,27,51,119,1.000000,1.000000,1.000000,1.000000,0,0,0,0
172,29,52,119,1.000000,1.000000,1.000000,1.000000,0,0,1,0
173,27,52,120,1.000000,1.000000,1.000000,1.000000,0,0,0,0
174,29,53,120,1.000000,1.000000,1.000000,1.000000,0,0,0,0
175,27,53,121,1.000000,1.000000,1.000000,1.000000,0,0,0,0
176,25,53,122,1.000000,1.000000,1.000000,1.000000,0,0,0,0
177,23,53,123,1.000000,1.000000,1.000000,1.000000,0,1,1,0
178,21,53,124,1.000000,1.000000,1.000000,1.000000,0,0,0,0
179,29,54,124,1.000000,1.000000,1.000000,1.000000,0,0,0,0
180,27,54,125,1.000000,1.000000,1.000000,1.000000,0,1,0,0
181,25,54,126,1.000000,1.000000,1.000000,1.000000,0,0,0,0
182,29,55,126,1.000000,1.000000,1.000000,1.000000,0,0,0,0
183,27,55,127,1.000000,1.000000,1.000000,1.000000,0,1,0,0
184,25,55,128,1.000000,1.000000,1.000000,1.000000,0,1,1,0
185,23,55,129,1.000000,1.000000,1.000000,1.000000,0,0,1,1
186,29,56,129,1.000000,1.000000,1.000000,1.000000,0,0,1,1
187,27,56,130,1.000000,1.000000,1.000000,1.000000,0,0,1,0
188,29,57,130,1.000000,1.000000,1.000000,1.000000,0,0,1,0
189,27,57,131,1.000000,1.000000,1.000000,1.000000,0,1,1,0
190,29,58,131,1.000000,1.000000,1.000000,1.000000,0,1,1,0
191,27,58,132,1.000000,1.000000,1.000000,1.000000,0,0,0,1
192,29,59,132,1.000000,1.000000,1.000000,1.000000,0,0,0,1
193,27,59,133,1.000000,1.000000,1.000000,1.000000,0,0,0,0
194,29,60,133,1.000000,1.000000,1.000000,1.000000,0,0,0,0
195,27,60,134,1.000000,1.000000,1.000000,1.000000,0,0,0,0
196,25,60,135,1.000000,1.000000,1.000000,1.000000,0,0,0,0
197,23,60,136,1.000000,1.000000,1.000000,1.000000,0,0,0,0
198,21,60,137,1.000000,1.000000,1.000000,1.000000,0,0,0,1
199,19,60,138,1.000000,1.000000,1.000000,1.000000,0,0,1,1
200,29,61,138,1.000000,1.000000,1.000000,1.000000,0,0,1,1
201,27,61,139,1.000000,1.000000,1.000000,1.000000,0,0,0,0
202,29,62,139,1.000000,1.000000,1.000000,1.000000,0,0,0,0
203,27,62,140,1.000000,1.000000,1.000000,1.000000,0,0,0,0
204,25,62,141,1.000000,1.000000,1.000000,1.000000,0,0,0,1
205,23,62,142,1.000000,1.000000,1.000000,1.000000,0,0,0,0
206,29,63,142,1.000000,1.000000,1.000000,1.000000,0,0,0,0
207,27,63,143,1.000000,1.000000,1.000000,1.000000,1,0,0,0
208,25,63,144,1.000000,1.000000,1.000000,1.000000,0,0,0,0
209,29,64,144,1.000000,1.000000,1.000000,1.000000,0,0,0,0
210,27,64,145,1.000000,1.000000,1.000000,1.000000,1,0,0,1
211,25,64,146,1.000000,1.000000,1.000000,1.000000,1,0,0,0
212,29,65,146,1.000000,1.000000,1.000000,1.000000,1,0,0,0
213,27,65,147,1.000000,1.000000,1.000000,1.000000,0,1,0,0
214,29,66,147,1.000000,1.000000,1.000000,1.000000,0,1,0,0
215,27,66,148,1.000000,1.000000,1.000000,1.000000,0,0,0,0
216,29,67,148,1.000000,1.000000,1.000000,1.000000,0,0,0,0
217,27,67,149,1.000000,1.000000,1.000000,1.000000,0,0,0,0
218,25,67,150,1.000000,1.000000,1.000000,1.000000,0,0,0,0
219,23,67,151,1.000000,1.000000,1.000000,1.000000,0,0,0,0
220,21,67,152,1.000000,1.000000,1.000000,1.000000,0,1,0,0
221,19,67,153,1.000000,1.000000,1.000000,1.000000,0,1,0,0
222,29,68,153,1.000000,1.000000,1.000000,1.000000,0,1,0,0
223,27,68,154,1.000000,1.000000,1.000000,1.000000,0,0,1,0
224,29,69,154,1.000000,1.000000,1.000000,1.000000,0,0,1,0
225,27,69,155,1.000000,1.000000,1.000000,1.000000,0,0,0,0
226,29,70,155,1.000000,1.000000,1.000000,1.000000,0,0,0,0
227,27,70,156,1.000000,1.000000,1.000000,1.000000,0,0,0,0
228,25,70,157,1.000000,1.000000,1.000000,1.000000,0,0,0,0
229,23,70,158,1.000000,1.000000,1.000000,1.000000,1,0,0,0
230,21,70,159,1.000000,1.000000,1.000000,1.000000,0,0,0,0
231,19,70,160,1.000000,1.000000,1.000000,1.000000,1,0,1,0
232,17,70,161,1.000000,1.000000,1.000000,1.000000,0,0,0,0
233,29,71,161,1.000000,1.000000,1.000000,1.000000,0,0,0,0
234,27,71,162,1.000000,1.000000,1.000000,1.000000,0,0,0,0
235,25,71,163,1.000000,1.000000,1.000000,1.000000,0,0,0,0
236,23,71,164,1.000000,1.000000,1.000000,1.000000,0,0,0,1
237,21,71,165,1.000000,1.000000,1.000000,1.000000,0,0,0,0
238,29,72,165,1.000000,1.000000,1.000000,1.000000,0,1,0,0
239,27,72,166,1.000000,1.000000,1.000000,1.000000,0,0,0,0
240,29,73,166,1.000000,1.000000,1.000000,1.000000,0,0,1,0
241,27,73,167,1.000000,1.000000,1.000000,1.000000,0,0,0,0
242,29,74,167,1.000000,1.000000,1.000000,1.000000,0,0,0,0
243,27,74,168,1.000000,1.000000,1.000000,1.000000,0,0,0,0
244,25,74,169,1.000000,1.000000,1.000000,1.000000,0,0,0,0
245,23,74,170,1.000000,1.000000,1.000000,1.000000,0,0,0,0
246,21,74,171,1.000000,1.000000,1.000000,1.000000,0,0,0,0
247,19,74,172,1.000000,1.000000,1.000000,1.000000,0,0,0,0
248,17,74,173,1.000000,1.000000,1.000000,1.000000,0,0,0,0
249,15,74,174,1.000000,1.000000,1.000000,1.000000,0,0,0,0
250,13,74,175,1.000000,1.000000,1.000000,1.000000,0,0,0,0
251,11,74,176,1.000000,1.000000,1.000000,1.000000,0,1,0,0
252,9,74,177,1.000000,1.000000,1.000000,1.000000,0,0,0,0
253,29,75,177,1.000000,1.000000,1.000000,1.000000,0,0,0,0
254,27,75,178,1.000000,1.000000,1.000000,1.000000,0,0,0,0
255,25,75,179,1.000000,1.000000,1.000000,1.000000,1,0,0,0
256,23,75,180,1.000000,1.000000,1.000000,1.000000,0,0,0,0
257,29,76,180,1.000000,1.000000,1.000000,1.000000,0,0,0,0
258,27,76,181,1.000000,1.000000,1.000000,1.000000,1,0,0,1
259,25,76,182,1.000000,1.000000,1.000000,1.000000,1,1,0,1
260,29,77,182,1.000000,1.000000,1.000000,1.000000,1,1,0,1
261,27,77,183,1.000000,1.000000,1.000000,1.000000,0,1,0,0
262,29,78,183,1.000000,1.000000,1.000000,1.000000,0,1,0,0
263,27,78,184,1.000000,1.000000,1.000000,1.000000,0,0,0,0
264,29,79,184,1.000000,1.000000,1.000000,1.000000,0,0,0,0
265,27,79,185,1.000000,1.000000,1.000000,1.000000,0,0,0,0
266,25,79,186,1.000000,1.000000,1.000000,1.000000,0,0,0,0
267,23,79,187,1.000000,1.000000,1.000000,1.000000,0,0,0,1
268,21,79,188,1.000000,1.000000,1.000000,1.000000,1,0,0,1
269,29,80,188,1.000000,1.000000,1.000000,1.000000,1,0,0,1
270,27,80,189,1.000000,1.000000,1.000000,1.000000,1,0,0,0
271,29,81,189,1.000000,1.000000,1.000000,1.000000,1,0,0,0
272,27,81,190,1.000000,1.000000,1.000000,1.000000,0,0,1,0
273,25,81,191,1.000000,1.000000,1.000000,1.000000,0,0,0,0
274,29,82,191,1.000000,1.000000,1.000000,1.000000,0,0,0,0
275,27,82,192,1.000000,1.000000,1.000000,1.000000,0,0,1,0
276,25,82,193,1.000000,1.000000,1.000000,1.000000,0,0,0,0
277,29,83,193,1.000000,1.000000,1.000000,1.000000,0,0,0,0
278,27,83,194,1.000000,1.000000,1.000000,1.000000,0,0,0,0
279,25,83,195,1.000000,1.000000,1.000000,1.000000,0,0,0,0
280,23,83,196,1.000000,1.000000,1.000000,1.000000,0,0,0,0
281,21,83,197,1.000000,1.000000,1.000000,1.000000,0,0,0,0
282,19,83,198,1.000000,1.000000,1.000000,1.000000,0,0,0,0
283,17,83,199,1.000000,1.000000,1.000000,1.000000,0,0,0,0
284,15,83,200,1.000000,1.000000,1.000000,1.000000,0,0,0,0
285,13,83,201,1.000000,1.000000,1.000000,1.000000,1,0,0,0
286,11,83,202,1.000000,1.000000,1.000000,1.000000,0,0,0,0
287,29,84,202,1.000000,1.000000,1.000000,1.000000,0,0,0,0
288,27,84,203,1.000000,1.000000,1.000000,1.000000,0,0,0,0
289,25,84,204,1.000000,1.000000,1.000000,1.000000,0,0,0,0
290,23,84,205,1.000000,1.000000,1.000000,1.000000,1,0,0,0
291,21,84,206,1.000000,1.000000,1.000000,1.000000,0,0,0,1
292,29,85,206,1.000000,1.000000,1.000000,1.000000,0,0,0,1
293,27,85,207,1.000000,1.000000,1.000000,1.000000,0,0,0,1
294,29,86,207,1.000000,1.000000,1.000000,1.000000,0,0,0,1
295,27,86,208,1.000000,1.000000,1.000000,1.000000,1,0,0,1
296,29,87,208,1.000000,1.000000,1.000000,1.000000,1,0,0,1
297,27,87,209,1.000000,1.000000,1.000000,1.000000,0,0,0,1
298,29,88,209,1.000000,1.000000,1.000000,1.000000,0,0,0,1
299,27,88,210,1.000000,1.000000,1.000000,1.000000,0,0,1,0
300,29,89,210,1.000000,1.000000,1.000000,1.000000,0,0,1,0
301,27,89,211,1.000000,1.000000,1.000000,1.000000,0,0,1,0
302,25,89,212,1.000000,1.000000,1.000000,1.000000,1,0,0,1
303,29,90,212,1.000000,1.000000,1.000000,1.000000,1,0,0,1
304,27,90,213,1.000000,1.000000,1.000000,1.000000,0,0,0,0
305,29,91,213,1.000000,1.000000,1.000000,1.000000,0,0,0,0
306,27,91,214,1.000000,1.000000,1.000000,1.000000,0,0,0,0
307,25,91,215,1.000000,1.000000,1.000000,1.000000,0,1,0,0
308,23,91,216,1.000000,1.000000,1.000000,1.000000,0,0,0,1
309,29,92,216,1.000000,1.000000,1.000000,1.000000,0,0,0,1
310,27,92,217,1.000000,1.000000,1.000000,1.000000,0,0,0,1
311,29,93,217,1.000000,1.000000,1.000000,1.000000,0,0,0,1
312,27,93,218,1.000000,1.000000,1.000000,1.000000,1,0,0,0
313,29,94,218,1.000000,1.000000,1.000000,1.000000,1,0,0,0
314,27,94,219,1.000000,1.000000,1.000000,1.000000,0,0,0,1
315,29,95,219,1.000000,1.000000,1.000000,1.000000,0,0,0,1
316,27,95,220,1.000000,1.000000,1.000000,1.000000,0,0,0,0
317,25,95,221,1.000000,1.000000,1.000000,1.000000,0,0,0,0
318,23,95,222,1.000000,1.000000,1.000000,1.000000,0,0,0,0
319,21,95,223,1.000000,1.000000,1.000000,1.000000,0,0,0,1
320,19,95,224,1.000000,1.000000,1.000000,1.000000,0,0,1,0
321,17,95,225,1.000000,1.000000,1.000000,1.000000,1,0,1,0
322,29,96,225,1.000000,1.000000,1.000000,1.000000,1,0,1,0
323,27,96,226,1.000000,1.000000,1.000000,1.000000,0,0,0,0
324,29,97,226,1.000000,1.000000,1.000000,1.000000,0,0,0,0
325,27,97,227,1.000000,1.000000,1.000000,1.000000,0,0,0,0
326,25,97,228,1.000000,1.000000,1.000000,1.000000,0,1,0,0
327,23,97,229,1.000000,1.000000,1.000000,1.000000,0,1,0,1
328,29,98,229,1.000000,1.000000,1.000000,1.000000,0,1,0,1
329,27,98,230,1.000000,1.000000,1.000000,1.000000,0,0,0,0
330,29,99,230,1.000000,1.000000,1.000000,1.000000,0,0,0,0
331,27,99,231,1.000000,1.000000,1.000000,1.000000,0,0,0,0
332,25,99,232,1.000000,1.000000,1.000000,1.000000,0,0,0,1
333,23,99,233,1.000000,1.000000,1.000000,1.000000,0,0,1,0
334,21,99,234,1.000000,1.000000,1.000000,1.000000,1,0,0,0
335,29,100,234,1.000000,1.000000,1.000000,1.000000,1,0,0,0
336,27,100,235,1.000000,1.000000,1.000000,1.000000,0,0,0,0
337,29,101,235,1.000000,1.000000,1.000000,1.000000,0,0,0,0
338,27,101,236,1.000000,1.000000,1.000000,1.000000,0,0,1,0
339,29,102,236,1.000000,1.000000,1.000000,1.000000,0,0,1,0
340,27,102,237,1.000000,1.000000,1.000000,1.000000,0,0,1,0
341,29,103,237,1.000000,1.000000,1.000000,1.000000,0,0,1,0
342,27,103,238,1.000000,1.000000,1.000000,1.000000,0,0,0,1
343,29,104,238,1.000000,1.000000,1.000000,1.000000,0,0,0,1
344,27,104,239,1.000000,1.000000,1.000000,1.000000,0,1,0,0
345,25,104,240,1.000000,1.000000,1.000000,1.000000,0,0,0,0
346,29,105,240,1.000000,1.000000,1.000000,1.000000,0,0,0,0
347,27,105,241,1.000000,1.000000,1.000000,1.000000,0,0,0,0
348,25,105,242,1.000000,1.000000,1.000000,1.000000,0,0,0,0
349,23,105,243,1.000000,1.000000,1.000000,1.000000,0,0,0,0
350,21,105,244,1.000000,1.000000,1.000000,1.000000,0,0,0,0
351,19,105,245,1.000000,1.000000,1.000000,1.000000,0,1,0,0
352,17,105,246,1.000000,1.000000,1.000000,1.000000,0,1,0,0
353,15,105,247,1.000000,1.000000,1.000000,1.000000,0,1,0,1
354,29,106,247,1.000000,1.000000,1.000000,1.000000,0,1,0,1
355,27,106,248,1.000000,1.000000,1.000000,1.000000,0,0,0,0
356,29,107,248,1.000000,1.000000,1.000000,1.000000,0,0,0,0
357,27,107,249,1.000000,1.000000,1.000000,1.000000,0,0,0,0
358,25,107,250,1.000000,1.000000,1.000000,1.000000,0,0,1,0
359,23,107,251,1.000000,1.000000,1.000000,1.000000,0,1,0,0
360,29,108,251,1.000000,1.000000,1.000000,1.000000,0,1,0,0
361,27,108,252,1.000000,1.000000,1.000000,1.000000,0,1,0,0
362,25,108,253,1.000000,1.000000,1.000000,1.000000,0,0,0,1
363,29,109,253,1.000000,1.000000,1.000000,1.000000,0,0,0,1
364,27,109,254,1.000000,1.000000,1.000000,1.000000,0,0,0,0
365,29,110,254,1.000000,1.000000,1.000000,1.000000,0,0,0,0
366,27,110,255,1.000000,1.000000,1.000000,1.000000,0,0,0,0
367,25,110,256,1.000000,1.000000,1.000000,1.000000,0,0,0,0
368,23,110,257,1.000000,1.000000,1.000000,1.000000,0,0,0,0
369,21,110,258,1.000000,1.000000,1.000000,1.000000,0,0,0,0
370,19,110,259,1.000000,1.000000,1.000000,1.000000,0,0,0,0
371,17,110,260,1.000000,1.000000,1.000000,1.000000,0,0,0,0
372,15,110,261,1.000000,1.000000,1.000000,1.000000,0,0,0,0
373,13,110,262,1.000000,1.000000,1.000000,1.000000,0,0,0,0
374,11,110,263,1.000000,1.000000,1.000000,1.000000,1,0,0,0
375,9,110,264,1.000000,1.000000,1.000000,1.000000,0,1,0,0
376,7,110,265,1.000000,1.000000,1.000000,1.000000,0,1,0,1
377,29,111,265,1.000000,1.000000,1.000000,1.000000,0,1,0,1
378,27,111,266,1.000000,1.000000,1.000000,1.000000,0,0,0,0
379,29,112,266,1.000000,1.000000,1.000000,1.000000,0,0,0,0
380,27,112,267,1.000000,1.000000,1.000000,1.000000,0,1,0,0
381,25,112,268,1.000000,1.000000,1.000000,1.000000,0,0,0,0
382,23,112,269,1.000000,1.000000,1.000000,1.000000,0,0,0,0
383,21,112,270,1.000000,1.000000,1.000000,1.000000,0,1,0,0
384,19,112,271,1.000000,1.000000,1.000000,1.000000,1,1,0,0
385,29,113,271,1.000000,1.000000,1.000000,1.000000,1,1,0,0
386,27,113,272,1.000000,1.000000,1.000000,1.000000,0,0,0,0
387,29,114,272,1.000000,1.000000,1.000000,1.000000,0,0,0,0
388,27,114,273,1.000000,1.000000,1.000000,1.000000,0,1,0,0
389,25,114,274,1.000000,1.000000,1.000000,1.000000,0,1,1,0
390,29,115,274,1.000000,1.000000,1.000000,1.000000,0,1,1,0
391,27,115,275,1.000000,1.000000,1.000000,1.000000,0,0,1,0
392,25,115,276,1.000000,1.000000,1.000000,1.000000,1,1,0,1
393,23,115,277,1.000000,1.000000,1.000000,1.000000,0,1,0,1
394,29,116,277,1.000000,1.000000,1.000000,1.000000,0,1,0,1
395,27,116,278,1.000000,1.000000,1.000000,1.000000,1,1,0,0
396,29,117,278,1.000000,1.000000,1.000000,1.000000,1,1,0,0
397,27,117,279,1.000000,1.000000,1.000000,1.000000,0,1,1,0
398,25,117,280,1.000000,1.000000,1.000000,1.000000,1,0,1,0
399,29,118,280,1.000000,1.000000,1.000000,1.000000,1,0,1,0
400,27,118,281,1.000000,1.000000,1.000000,1.000000,0,0,1,0
401,25,118,282,1.000000,1.000000,1.000000,1.000000,1,0,0,0
402,29,119,282,1.000000,1.000000,1.000000,1.000000,1,0,0,0
403,27,119,283,1.000000,1.000000,1.000000,1.000000,0,0,0,0
404,29,120,283,1.000000,1.000000,1.000000,1.000000,0,0,0,0
405,27,120,284,1.000000,1.000000,1.000000,1.000000,0,0,0,1
406,25,120,285,1.000000,1.000000,1.000000,1.000000,0,0,0,1
407,29,121,285,1.000000,1.000000,1.000000,1.000000,0,0,0,1
408,27,121,286,1.000000,1.000000,1.000000,1.000000,1,0,0,0
409,25,121,287,1.000000,1.000000,1.000000,1.000000,0,0,0,1
410,29,122,287,1.000000,1.000000,1.000000,1.000000,0,1,0,1
411,27,122,288,1.000000,1.000000,1.000000,1.000000,1,1,0,0
412,29,123,288,1.000000,1.000000,1.000000,1.000000,1,1,0,0
413,27,123,289,1.000000,1.000000,1.000000,1.000000,1,0,0,0
414,29,124,289,1.000000,1.000000,1.000000,1.000000,1,0,0,0
415,27,124,290,1.000000,1.000000,1.000000,1.000000,0,1,0,1
416,29,125,290,1.000000,1.000000,1.000000,1.000000,0,1,0,1
417,27,125,291,1.000000,1.000000,1.000000,1.000000,0,0,0,0
418,29,126,291,1.000000,1.000000,1.000000,1.000000,0,0,0,0
419,27,126,292,1.000000,1.000000,1.000000,1.000000,1,1,0,0
420,25,126,293,1.000000,1.000000,1.000000,1.000000,0,0,0,0
421,29,127,293,1.000000,1.000000,1.000000,1.000000,0,0,0,0
422,27,127,294,1.000000,1.000000,1.000000,1.000000,0,0,0,0
423,25,127,295,1.000000,1.000000,1.000000,1.000000,1,0,0,0
424,23,127,296,1.000000,1.000000,1.000000,1.000000,0,0,0,1
425,21,127,297,1.000000,1.000000,1.000000,1.000000,0,1,0,0
426,29,128,297,1.000000,1.000000,1.000000,1.000000,0,1,0,0
427,27,128,298,1.000000,1.000000,1.000000,1.000000,0,0,0,0
428,29,129,298,1.000000,1.000000,1.000000,1.000000,0,0,0,0
429,27,129,299,1.000000,1.000000,1.000000,1.000000,0,0,0,0
430,25,129,300,1.000000,1.000000,1.000000,1.000000,0,0,0,0
431,23,129,301,1.000000,1.000000,1.000000,1.000000,0,0,0,0
432,21,129,302,1.000000,1.000000,1.000000,1.000000,0,0,0,0
433,19,129,303,1.000000,1.000000,1.000000,1.000000,0,0,0,0
434,17,129,304,1.000000,1.000000,1.000000,1.000000,0,0,0,1
435,15,129,305,1.000000,1.000000,1.000000,1.000000,1,0,0,1
436,29,130,305,1.000000,1.000000,1.000000,1.000000,1,0,0,1
437,27,130,306,1.000000,1.000000,1.000000,1.000000,0,0,0,0
438,29,131,306,1.000000,1.000000,1.000000,1.000000,0,0,0,0
439,27,131,307,1.000000,1.000000,1.000000,1.000000,0,0,0,0
440,25,131,308,1.000000,1.000000,1.000000,1.000000,0,0,0,1
441,23,131,309,1.000000,1.000000,1.000000,1.000000,1,0,0,0
442,29,132,309,1.000000,1.000000,1.000000,1.000000,1,0,0,0
443,27,132,310,1.000000,1.000000,1.000000,1.000000,0,0,0,0
444,29,133,310,1.000000,1.000000,1.000000,1.000000,0,0,0,0
445,27,133,311,1.000000,1.000000,1.000000,1.000000,0,0,0,0
446,25,133,312,1.000000,1.000000,1.000000,1.000000,0,0,0,0
447,23,133,313,1.000000,1.000000,1.000000,1.000000,1,0,0,0
448,21,133,314,1.000000,1.000000,1.000000,1.000000,0,0,0,0
449,29,134,314,1.000000,1.000000,1.000000,1.000000,0,0,0,0
450,27,134,315,1.000000,1.000000,1.000000,1.000000,0,0,0,0
451,25,134,316,1.000000,1.000000,1.000000,1.000000,0,0,0,0
452,23,134,317,1.000000,1.000000,1.000000,1.000000,0,0,0,0
453,21,134,318,1.000000,1.000000,1.000000,1.000000,0,0,0,0
454,19,134,319,1.000000,1.000000,1.000000,1.000000,0,1,0,0
455,17,134,320,1.000000,1.000000,1.000000,1.000000,0,0,0,0
456,15,134,321,1.000000,1.000000,1.000000,1.000000,0,0,0,0
457,13,134,322,1.000000,1.000000,1.000000,1.000000,0,0,0,1
458,11,134,323,1.000000,1.000000,1.000000,1.000000,1,0,0,0
459,9,134,324,1.000000,1.000000,1.000000,1.000000,0,0,1,0
460,29,135,324,1.000000,1.000000,1.000000,1.000000,0,0,1,0
461,27,135,325,1.000000,1.000000,1.000000,1.000000,0,0,0,0
462,29,136,325,1.000000,1.000000,1.000000,1.000000,0,0,0,0
463,27,136,326,1.000000,1.000000,1.000000,1.000000,0,0,1,0
464,25,136,327,1.000000,1.000000,1.000000,1.000000,0,0,1,1
465,29,137,327,1.000000,1.000000,1.000000,1.000000,0,0,1,1
466,27,137,328,1.000000,1.000000,1.000000,1.000000,0,1,0,1
467,29,138,328,1.000000,1.000000,1.000000,1.000000,0,1,0,1
468,27,138,329,1.000000,1.000000,1.000000,1.000000,0,1,0,0
469,25,138,330,1.000000,1.000000,1.000000,1.000000,0,0,0,1
470,29,139,330,1.000000,1.000000,1.000000,1.000000,0,0,0,1
471,27,139,331,1.000000,1.000000,1.000000,1.000000,0,0,0,0
472,29,140,331,1.000000,1.000000,1.000000,1.000000,0,0,0,0
473,27,140,332,1.000000,1.000000,1.000000,1.000000,0,0,0,0
474,25,140,333,1.000000,1.000000,1.000000,1.000000,0,0,0,0
475,23,140,334,1.000000,1.000000,1.000000,1.000000,0,1,0,0
476,21,140,335,1.000000,1.000000,1.000000,1.000000,0,1,0,0
477,19,140,336,1.000000,1.000000,1.000000,1.000000,0,0,0,1
478,29,141,336,1.000000,1.000000,1.000000,1.000000,0,0,0,1
479,27,141,337,1.000000,1.000000,1.000000,1.000000,0,0,0,0
480,29,142,337,1.000000,1.000000,1.000000,1.000000,0,0,0,0
481,27,142,338,1.000000,1.000000,1.000000,1.000000,0,0,0,0
482,25,142,339,1.000000,1.000000,1.000000,1.000000,1,0,0,0
483,23,142,340,1.000000,1.000000,1.000000,1.000000,0,1,0,0
484,21,142,341,1.000000,1.000000,1.000000,1.000000,1,0,0,1
485,29,143,341,1.000000,1.000000,1.000000,1.000000,1,0,0,1
486,27,143,342,1.000000,1.000000,1.000000,1.000000,0,0,0,0
487,29,144,342,1.000000,1.000000,1.000000,1.000000,0,0,0,0
488,27,144,343,1.000000,1.000000,1.000000,1.000000,0,0,0,0
489,25,144,344,1.000000,1.000000,1.000000,1.000000,0,0,0,1
490,23,144,345,1.000000,1.000000,1.000000,1.000000,0,0,0,0
491,29,145,345,1.000000,1.000000,1.000000,1.000000,0,0,0,0
492,27,145,346,1.000000,1.000000,1.000000,1.000000,0,0,0,1
493,25,145,347,1.000000,1.000000,1.000000,1.000000,0,0,0,0
494,29,146,347,1.000000,1.000000,1.000000,1.000000,0,0,0,0
495,27,146,348,1.000000,1.000000,1.000000,1.000000,0,0,0,0
496,25,146,349,1.000000,1.000000,1.000000,1.000000,0,0,1,0
497,23,146,350,1.000000,1.000000,1.000000,1.000000,0,0,0,0
498,29,147,350,1.000000,1.000000,1.000000,1.000000,0,0,0,0
499,27,147,351,1.000000,1.000000,1.000000,1.000000,0,0,1,0
500,25,147,352,1.000000,1.000000,1.000000,1.000000,0,0,1,0
501,29,148,352,1.000000,1.000000,1.000000,1.000000,0,0,1,0
502,27,148,353,1.000000,1.000000,1.000000,1.000000,0,0,0,0
503,29,149,353,1.000000,1.000000,1.000000,1.000000,0,0,0,0
504,27,149,354,1.000000,1.000000,1.000000,1.000000,0,0,0,0
505,25,149,355,1.000000,1.000000,1.000000,1.000000,0,0,0,0
506,23,149,356,1.000000,1.000000,1.000000,1.000000,0,0,1,0
507,21,149,357,1.000000,1.000000,1.000000,1.000000,0,0,1,1
508,29,150,357,1.000000,1.000000,1.000000,1.000000,0,0,1,1
509,27,150,358,1.000000,1.000000,1.000000,1.000000,0,1,0,1
510,29,151,358,1.000000,1.000000,1.000000,1.000000,0,1,0,1
511,27,151,359,1.000000,1.000000,1.000000,1.000000,1,0,1,0
512,29,152,359,1.000000,1.000000,1.000000,1.000000,1,0,1,0
513,27,152,360,1.000000,1.000000,1.000000,1.000000,0,0,0,1
514,29,153,360,1.000000,1.000000,1.000000,1.000000,0,0,0,1
515,27,153,361,1.000000,1.000000,1.000000,1.000000,0,0,0,0
516,29,154,361,1.000000,1.000000,1.000000,1.000000,0,0,0,0
517,27,154,362,1.000000,1.000000,1.000000,1.000000,0,0,0,0
518,25,154,363,1.000000,1.000000,1.000000,1.000000,0,1,0,0
519,23,154,364,1.000000,1.000000,1.000000,1.000000,0,0,0,0
520,29,155,364,1.000000,1.000000,1.000000,1.000000,0,0,0,0
521,27,155,365,1.000000,1.000000,1.000000,1.000000,0,0,0,0
522,25,155,366,1.000000,1.000000,1.000000,1.000000,0,0,0,0
523,23,155,367,1.000000,1.000000,1.000000,1.000000,0,0,0,0
524,21,155,368,1.000000,1.000000,1.000000,1.000000,0,0,0,0
525,19,155,369,1.000000,1.000000,1.000000,1.000000,0,0,0,0
526,17,155,370,1.000000,1.000000,1.000000,1.000000,0,0,0,0
527,15,155,371,1.000000,1.000000,1.000000,1.000000,0,0,0,0
528,13,155,372,1.000000,1.000000,1.000000,1.000000,0,0,0,0
529,11,155,373,1.000000,1.000000,1.000000,1.000000,0,1,0,0
530,9,155,374,1.000000,1.000000,1.000000,1.000000,0,0,1,0
531,29,156,374,1.000000,1.000000,1.000000,1.000000,0,0,1,0
532,27,156,375,1.000000,1.000000,1.000000,1.000000,0,1,0,0
533,29,157,375,1.000000,1.000000,1.000000,1.000000,0,1,0,0
534,27,157,376,1.000000,1.000000,1.000000,1.000000,0,1,1,0
535,29,158,376,1.000000,1.000000,1.000000,1.000000,0,1,1,0
536,27,158,377,1.000000,1.000000,1.000000,1.000000,0,0,0,0
537,29,159,377,1.000000,1.000000,1.000000,1.000000,0,0,0,0
538,27,159,378,1.000000,1.000000,1.000000,1.000000,1,1,1,0
539,25,159,379,1.000000,1.000000,1.000000,1.000000,0,0,1,0
540,29,160,379,1.000000,1.000000,1.000000,1.000000,0,0,1,0
541,27,160,380,1.000000,1.000000,1.000000,1.000000,0,0,0,1
542,29,161,380,1.000000,1.000000,1.000000,1.000000,0,0,0,1
543,27,161,381,1.000000,1.000000,1.000000,1.000000,0,0,1,0
544,29,162,381,1.000000,1.000000,1.000000,1.000000,0,0,1,0
545,27,162,382,1.000000,1.000000,1.000000,1.000000,0,0,0,1
546,25,162,383,1.000000,1.000000,1.000000,1.000000,0,1,1,1
547,29,163,383,1.000000,1.000000,1.000000,1.000000,0,1,1,1
548,27,163,384,1.000000,1.000000,1.000000,1.000000,0,0,0,0
549,29,164,384,1.000000,1.000000,1.000000,1.000000,0,0,0,0
550,27,164,385,1.000000,1.000000,1.000000,1.000000,0,0,1,1
551,25,164,386,1.000000,1.000000,1.000000,1.000000,0,0,1,0
552,29,165,386,1.000000,1.000000,1.000000,1.000000,0,0,1,0
553,27,165,387,1.000000,1.000000,1.000000,1.000000,0,1,0,0
554,25,165,388,1.000000,1.000000,1.000000,1.000000,0,0,0,0
555,29,166,388,1.000000,1.000000,1.000000,1.000000,0,0,0,0
556,27,166,389,1.000000,1.000000,1.000000,1.000000,0,0,0,0
557,25,166,390,1.000000,1.000000,1.000000,1.000000,0,0,0,0
558,23,166,391,1.000000,1.000000,1.000000,1.000000,0,0,0,0
559,21,166,392,1.000000,1.000000,1.000000,1.000000,1,0,0,0
560,19,166,393,1.000000,1.000000,1.000000,1.000000,0,1,0,0
561,29,167,393,1.000000,1.000000,1.000000,1.000000,0,1,0,0
562,27,167,394,1.000000,1.000000,1.000000,1.000000,1,0,0,0
563,29,168,394,1.000000,1.000000,1.000000,1.000000,1,0,0,0
564,27,168,395,1.000000,1.000000,1.000000,1.000000,0,0,0,0
565,29,169,395,1.000000,1.000000,1.000000,1.000000,0,0,0,0
566,27,169,396,1.000000,1.000000,1.000000,1.000000,0,1,0,1
567,25,169,397,1.000000,1.000000,1.000000,1.000000,0,0,0,0
568,29,170,397,1.000000,1.000000,1.000000,1.000000,0,0,0,0
569,27,170,398,1.000000,1.000000,1.000000,1.000000,0,0,0,1
570,25,170,399,1.000000,1.000000,1.000000,1.000000,0,0,0,0
571,29,171,399,1.000000,1.000000,1.000000,1.000000,0,0,0,0
572,27,171,400,1.000000,1.000000,1.000000,1.000000,0,0,0,1
573,25,171,401,1.000000,1.000000,1.000000,1.000000,0,0,0,1
574,29,172,401,1.000000,1.000000,1.000000,1.000000,0,0,0,1
575,27,172,402,1.000000,1.000000,1.000000,1.000000,0,0,1,1
576,29,173,402,1.000000,1.000000,1.000000,1.000000,0,0,1,1
577,27,173,403,1.000000,1.000000,1.000000,1.000000,0,0,1,0
578,29,174,403,1.000000,1.000000,1.000000,1.000000,0,0,1,0
579,27,174,404,1.000000,1.000000,1.000000,1.000000,0,1,0,1
580,29,175,404,1.000000,1.000000,1.000000,1.000000,0,1,0,1
581,27,175,405,1.000000,1.000000,1.000000,1.000000,0,0,0,1
582,29,176,405,1.000000,1.000000,1.000000,1.000000,0,0,0,1
583,27,176,406,1.000000,1.000000,1.000000,1.000000,0,0,0,0
584,29,177,406,1.000000,1.000000,1.000000,1.000000,0,0,0,0
585,27,177,407,1.000000,1.000000,1.000000,1.000000,0,0,0,0
586,25,177,408,1.000000,1.000000,1.000000,1.000000,0,0,0,0
587,23,177,409,1.000000,1.000000,1.000000,1.000000,0,0,0,0
588,21,177,410,1.000000,1.000000,1.000000,1.000000,0,0,1,0
589,19,177,411,1.000000,1.000000,1.000000,1.000000,0,1,0,0
590,29,178,411,1.000000,1.000000,1.000000,1.000000,0,1,0,0
591,27,178,412,1.000000,1.000000,1.000000,1.000000,0,1,0,0
592,29,179,412,1.000000,1.000000,1.000000,1.000000,0,1,0,0
593,27,179,413,1.000000,1.000000,1.000000,1.000000,0,0,0,0
594,25,179,414,1.000000,1.000000,1.000000,1.000000,1,0,0,0
595,23,179,415,1.000000,1.000000,1.000000,1.000000,0,0,0,0
596,29,180,415,1.000000,1.000000,1.000000,1.000000,0,0,0,0
597,27,180,416,1.000000,1.000000,1.000000,1.000000,0,1,0,0
598,25,180,417,1.000000,1.000000,1.000000,1.000000,1,0,1,0
599,29,181,417,1.000000,1.000000,1.000000,1.000000,1,0,1,0
600,27,181,418,1.000000,1.000000,1.000000,1.000000,1,0,0,0
601,29,182,418,1.000000,1.000000,1.000000,1.000000,1,0,0,0
602,27,182,419,1.000000,1.000000,1.000000,1.000000,0,1,0,1
603,29,183,419,1.000000,1.000000,1.000000,1.000000,0,1,0,1
604,27,183,420,1.000000,1.000000,1.000000,1.000000,1,0,0,0
605,29,184,420,1.000000,1.000000,1.000000,1.000000,1,0,0,0
606,27,184,421,1.000000,1.000000,1.000000,1.000000,0,1,0,0
607,29,185,421,1.000000,1.000000,1.000000,1.000000,0,1,0,0
608,27,185,422,1.000000,1.000000,1.000000,1.000000,1,0,0,0
609,29,186,422,1.000000,1.000000,1.000000,1.000000,1,0,0,0
610,27,186,423,1.000000,1.000000,1.000000,1.000000,0,0,0,0
611,29,187,423,1.000000,1.000000,1.000000,1.000000,0,0,0,0
612,27,187,424,1.000000,1.000000,1.000000,1.000000,1,1,0,0
613,25,187,425,1.000000,1.000000,1.000000,1.000000,0,0,0,0
614,29,188,425,1.000000,1.000000,1.000000,1.000000,0,0,0,0
615,27,188,426,1.000000,1.000000,1.000000,1.000000,0,0,0,1
616,25,188,427,1.000000,1.000000,1.000000,1.000000,0,0,0,0
617,29,189,427,1.000000,1.000000,1.000000,1.000000,0,0,0,0
618,27,189,428,1.000000,1.000000,1.000000,1.000000,1,0,1,0
619,25,189,429,1.000000,1.000000,1.000000,1.000000,0,0,0,1
620,29,190,429,1.000000,1.000000,1.000000,1.000000,0,0,0,1
621,27,190,430,1.000000,1.000000,1.000000,1.000000,0,0,1,1
622,29,191,430,1.000000,1.000000,1.000000,1.000000,0,0,1,1
623,27,191,431,1.000000,1.000000,1.000000,1.000000,0,0,1,0
624,29,192,431,1.000000,1.000000,1.000000,1.000000,0,0,1,0
625,27,192,432,1.000000,1.000000,1.000000,1.000000,0,1,0,1
626,29,193,432,1.000000,1.000000,1.000000,1.000000,0,1,0,1
627,27,193,433,1.000000,1.000000,1.000000,1.000000,0,1,1,0
628,25,193,434,1.000000,1.000000,1.000000,1.000000,1,0,1,0
629,29,194,434,1.000000,1.000000,1.000000,1.000000,1,0,1,0
630,27,194,435,1.000000,1.000000,1.000000,1.000000,0,0,1,0
631,29,195,435,1.000000,1.000000,1.000000,1.000000,0,0,1,0
632,27,195,436,1.000000,1.000000,1.000000,1.000000,0,0,0,0
633,29,196,436,1.000000,1.000000,1.000000,1.000000,0,0,0,0
634,27,196,437,1.000000,1.000000,1.000000,1.000000,0,0,0,0
635,25,196,438,1.000000,1.000000,1.000000,1.000000,0,0,0,0
636,23,196,439,1.000000,1.000000,1.000000,1.000000,0,0,0,0
637,21,196,440,1.000000,1.000000,1.000000,1.000000,0,0,0,0
638,19,196,441,1.000000,1.000000,1.000000,1.000000,0,0,0,0
639,17,196,442,1.000000,1.000000,1.000000,1.000000,1,0,0,0
640,15,196,443,1.000000,1.000000,1.000000,1.000000,0,1,0,1
641,13,196,444,1.000000,1.000000,1.000000,1.000000,1,1,0,1
642,29,197,444,1.000000,1.000000,1.000000,1.000000,1,1,0,1
643,27,197,445,1.000000,1.000000,1.000000,1.000000,1,0,0,0
644,29,198,445,1.000000,1.000000,1.000000,1.000000,1,0,0,0
645,27,198,446,1.000000,1.000000,1.000000,1.000000,0,1,0,1
646,29,199,446,1.000000,1.000000,1.000000,1.000000,0,1,0,1
647,27,199,447,1.000000,1.000000,1.000000,1.000000,0,0,0,0
648,29,200,447,1.000000,1.000000,1.000000,1.000000,0,0,0,0
649,27,200,448,1.000000,1.000000,1.000000,1.000000,0,1,1,0
650,25,200,449,1.000000,1.000000,1.000000,1.000000,0,1,1,0
651,29,201,449,1.000000,1.000000,1.000000,1.000000,0,1,1,0
652,27,201,450,1.000000,1.000000,1.000000,1.000000,1,0,0,0
653,29,202,450,1.000000,1.000000,1.000000,1.000000,1,0,0,0
654,27,202,451,1.000000,1.000000,1.000000,1.000000,0,1,0,1
655,25,202,452,1.000000,1.000000,1.000000,1.000000,0,0,0,0
656,29,203,452,1.000000,1.000000,1.000000,1.000000,0,0,0,0
657,27,203,453,1.000000,1.000000,1.000000,1.000000,0,0,1,0
658,25,203,454,1.000000,1.000000,1.000000,1.000000,0,0,1,0
659,29,204,454,1.000000,1.000000,1.000000,1.000000,0,0,1,0
660,27,204,455,1.000000,1.000000,1.000000,1.000000,0,0,1,0
661,29,205,455,1.000000,1.000000,1.000000,1.000000,0,0,1,0
662,27,205,456,1.000000,1.000000,1.000000,1.000000,0,0,0,0
663,29,206,456,1.000000,1.000000,1.000000,1.000000,0,0,0,0
664,27,206,457,1.000000,1.000000,1.000000,1.000000,0,0,0,0
665,25,206,458,1.000000,1.000000,1.000000,1.000000,0,0,0,0
666,23,206,459,1.000000,1.000000,1.000000,1.000000,0,0,0,0
667,21,206,460,1.000000,1.000000,1.000000,1.000000,0,0,0,0
668,19,206,461,1.000000,1.000000,1.000000,1.000000,0,0,0,1
669,17,206,462,1.000000,1.000000,1.000000,1.000000,1,0,0,0
670,29,207,462,1.000000,1.000000,1.000000,1.000000,1,0,0,0
671,27,207,463,1.000000,1.000000,1.000000,1.000000,1,0,0,0
672,29,208,463,1.000000,1.000000,1.000000,1.000000,1,0,0,0
673,27,208,464,1.000000,1.000000,1.000000,1.000000,1,0,0,0
674,29,209,464,1.000000,1.000000,1.000000,1.000000,1,0,0,0
675,27,209,465,1.000000,1.000000,1.000000,1.000000,0,1,0,1
676,29,210,465,1.000000,1.000000,1.000000,1.000000,0,1,0,1
677,27,210,466,1.000000,1.000000,1.000000,1.000000,1,0,0,0
678,29,211,466,1.000000,1.000000,1.000000,1.000000,1,0,0,0
679,27,211,467,1.000000,1.000000,1.000000,1.000000,0,1,0,0
680,29,212,467,1.000000,1.000000,1.000000,1.000000,0,1,0,0
681,27,212,468,1.000000,1.000000,1.000000,1.000000,1,0,0,0
682,29,213,468,1.000000,1.000000,1.000000,1.000000,1,0,0,0
683,27,213,469,1.000000,1.000000,1.000000,1.000000,0,0,0,0
684,29,214,469,1.000000,1.000000,1.000000,1.000000,0,0,0,0
685,27,214,470,1.000000,1.000000,1.000000,1.000000,1,1,0,0
686,25,214,471,1.000000,1.000000,1.000000,1.000000,0,0,0,0
687,29,215,471,1.000000,1.000000,1.000000,1.000000,0,0,0,0
688,27,215,472,1.000000,1.000000,1.000000,1.000000,0,0,0,0
689,25,215,473,1.000000,1.000000,1.000000,1.000000,0,0,0,0
690,23,215,474,1.000000,1.000000,1.000000,1.000000,0,0,0,0
691,21,215,475,1.000000,1.000000,1.000000,1.000000,0,0,0,0
692,19,215,476,1.000000,1.000000,1.000000,1.000000,1,0,1,1
693,17,215,477,1.000000,1.000000,1.000000,1.000000,0,0,0,1
694,15,215,478,1.000000,1.000000,1.000000,1.000000,0,1,1,1
695,29,216,478,1.000000,1.000000,1.000000,1.000000,0,1,1,1
696,27,216,479,1.000000,1.000000,1.000000,1.000000,1,0,0,0
697,29,217,479,1.000000,1.000000,1.000000,1.000000,1,0,0,0
698,27,217,480,1.000000,1.000000,1.000000,1.000000,0,0,0,0
699,29,218,480,1.000000,1.000000,1.000000,1.000000,0,0,0,0
700,27,218,481,1.000000,1.000000,1.000000,1.000000,0,0,0,0
701,25,218,482,1.000000,1.000000,1.000000,1.000000,0,0,0,0
702,23,218,483,1.000000,1.000000,1.000000,1.000000,0,0,0,0
703,21,218,484,1.000000,1.000000,1.000000,1.000000,0,0,0,0
704,19,218,485,1.000000,1.000000,1.000000,1.000000,0,0,1,0
705,17,218,486,1.000000,1.000000,1.000000,1.000000,0,1,0,0
706,29,219,486,1.000000,1.000000,1.000000,1.000000,0,1,0,0
707,27,219,487,1.000000,1.000000,1.000000,1.000000,0,0,1,0
708,25,219,488,1.000000,1.000000,1.000000,1.000000,0,0,1,0
709,23,219,489,1.000000,1.000000,1.000000,1.000000,0,1,0,0
710,21,219,490,1.000000,1.000000,1.000000,1.000000,0,1,0,1
711,29,220,490,1.000000,1.000000,1.000000,1.000000,0,1,0,1
712,27,220,491,1.000000,1.000000,1.000000,1.000000,0,0,0,0
713,29,221,491,1.000000,1.000000,1.000000,1.000000,0,0,0,0
714,27,221,492,1.000000,1.000000,1.000000,1.000000,0,0,0,0
715,25,221,493,1.000000,1.000000,1.000000,1.000000,0,0,0,0
716,23,221,494,1.000000,1.000000,1.000000,1.000000,0,0,0,0
717,21,221,495,1.000000,1.000000,1.000000,1.000000,0,0,1,1
718,19,221,496,1.000000,1.000000,1.000000,1.000000,0,0,1,0
719,29,222,496,1.000000,1.000000,1.000000,1.000000,0,0,1,0
720,27,222,497,1.000000,1.000000,1.000000,1.000000,0,1,0,0
721,29,223,497,1.000000,1.000000,1.000000,1.000000,0,1,0,0
722,27,223,498,1.000000,1.000000,1.000000,1.000000,0,0,0,0
723,29,224,498,1.000000,1.000000,1.000000,1.000000,0,0,0,0
724,27,224,499,1.000000,1.000000,1.000000,1.000000,0,0,0,0
725,25,224,500,1.000000,1.000000,1.000000,1.000000,0,1,0,0
726,23,224,501,1.000000,1.000000,1.000000,1.000000,0,1,0,0
727,29,225,501,1.000000,1.000000,1.000000,1.000000,0,1,0,0
728,27,225,502,1.000000,1.000000,1.000000,1.000000,0,1,1,0
729,29,226,502,1.000000,1.000000,1.000000,1.000000,0,1,1,0
730,27,226,503,1.000000,1.000000,1.000000,1.000000,0,1,0,0
731,29,227,503,1.000000,1.000000,1.000000,1.000000,0,1,0,0
732,27,227,504,1.000000,1.000000,1.000000,1.000000,1,0,0,0
733,25,227,505,1.000000,1.000000,1.000000,1.000000,0,0,1,0
734,29,228,505,1.000000,1.000000,1.000000,1.000000,0,0,1,0
735,27,228,506,1.000000,1.000000,1.000000,1.000000,0,0,0,0
736,29,229,506,1.000000,1.000000,1.000000,1.000000,0,0,0,0
737,27,229,507,1.000000,1.000000,1.000000,1.000000,0,0,0,0
738,25,229,508,1.000000,1.000000,1.000000,1.000000,0,0,0,0
739,23,229,509,1.000000,1.000000,1.000000,1.000000,0,0,0,0
740,21,229,510,1.000000,1.000000,1.000000,1.000000,0,0,0,0
741,19,229,511,1.000000,1.000000,1.000000,1.000000,0,1,0,0
742,17,229,512,1.000000,1.000000,1.000000,1.000000,0,0,0,0
743,29,230,512,1.000000,1.000000,1.000000,1.000000,0,0,0,0
744,27,230,513,1.000000,1.000000,1.000000,1.000000,0,0,0,0
745,25,230,514,1.000000,1.000000,1.000000,1.000000,0,0,0,0
746,23,230,515,1.000000,1.000000,1.000000,1.000000,1,0,0,0
747,21,230,516,1.000000,1.000000,1.000000,1.000000,0,1,0,0
748,19,230,517,1.000000,1.000000,1.000000,1.000000,1,0,0,1
749,29,231,517,1.000000,1.000000,1.000000,1.000000,1,0,0,1
750,27,231,518,1.000000,1.000000,1.000000,1.000000,0,0,0,0
751,29,232,518,1.000000,1.000000,1.000000,1.000000,0,0,0,0
752,27,232,519,1.000000,1.000000,1.000000,1.000000,0,1,0,0
753,25,232,520,1.000000,1.000000,1.000000,1.000000,0,1,0,0
754,29,233,520,1.000000,1.000000,1.000000,1.000000,0,1,0,0
755,27,233,521,1.000000,1.000000,1.000000,1.000000,0,0,0,0
756,29,234,521,1.000000,1.000000,1.000000,1.000000,0,0,0,0
757,27,234,522,1.000000,1.000000,1.000000,1.000000,0,0,1,0
758,25,234,523,1.000000,1.000000,1.000000,1.000000,1,1,0,0
759,23,234,524,1.000000,1.000000,1.000000,1.000000,0,0,0,0
760,29,235,524,1.000000,1.000000,1.000000,1.000000,0,0,0,0
761,27,235,525,1.000000,1.000000,1.000000,1.000000,0,1,0,1
762,25,235,526,1.000000,1.000000,1.000000,1.000000,0,1,0,0
763,29,236,526,1.000000,1.000000,1.000000,1.000000,0,1,0,0
764,27,236,527,1.000000,1.000000,1.000000,1.000000,0,0,0,0
765,29,237,527,1.000000,1.000000,1.000000,1.000000,0,0,0,0
766,27,237,528,1.000000,1.000000,1.000000,1.000000,0,0,1,0
767,25,237,529,1.000000,1.000000,1.000000,1.000000,0,0,0,0
768,23,237,530,1.000000,1.000000,1.000000,1.000000,0,0,1,0
769,21,237,531,1.000000,1.000000,1.000000,1.000000,0,0,0,0
770,29,238,531,1.000000,1.000000,1.000000,1.000000,0,0,0,0
771,27,238,532,1.000000,1.000000,1.000000,1.000000,0,0,0,0
772,25,238,533,1.000000,1.000000,1.000000,1.000000,0,0,0,0
773,23,238,534,1.000000,1.000000,1.000000,1.000000,0,0,0,0
774,21,238,535,1.000000,1.000000,1.000000,1.000000,0,1,1,0
775,19,238,536,1.000000,1.000000,1.000000,1.000000,0,0,0,0
776,29,239,536,1.000000,1.000000,1.000000,1.000000,0,0,0,0
777,27,239,537,1.000000,1.000000,1.000000,1.000000,0,0,1,0
778,25,239,538,1.000000,1.000000,1.000000,1.000000,0,0,0,0
779,29,240,538,1.000000,1.000000,1.000000,1.000000,0,0,0,0
780,27,240,539,1.000000,1.000000,1.000000,1.000000,0,0,1,0
781,25,240,540,1.000000,1.000000,1.000000,1.000000,0,0,0,0
782,29,241,540,1.000000,1.000000,1.000000,1.000000,0,0,0,0
783,27,241,541,1.000000,1.000000,1.000000,1.000000,0,0,0,0
784,25,241,542,1.000000,1.000000,1.000000,1.000000,0,0,0,0
785,23,241,543,1.000000,1.000000,1.000000,1.000000,0,0,0,0
786,21,241,544,1.000000,1.000000,1.000000,1.000000,0,0,0,0
787,19,241,545,1.000000,1.000000,1.000000,1.000000,0,0,0,0
788,17,241,546,1.000000,1.000000,1.000000,1.000000,0,0,0,1
789,15,241,547,1.000000,1.000000,1.000000,1.000000,0,0,0,0
790,29,242,547,1.000000,1.000000,1.000000,1.000000,0,0,0,0
791,27,242,548,1.000000,1.000000,1.000000,1.000000,0,0,0,0
792,25,242,549,1.000000,1.000000,1.000000,1.000000,0,0,0,0
793,23,242,550,1.000000,1.000000,1.000000,1.000000,0,0,0,0
794,21,242,551,1.000000,1.000000,1.000000,1.000000,0,0,0,0
795,19,242,552,1.000000,1.000000,1.000000,1.000000,1,0,0,0
796,17,242,553,1.000000,1.000000,1.000000,1.000000,0,0,0,0
797,29,243,553,1.000000,1.000000,1.000000,1.000000,0,0,0,0
798,27,243,554,1.000000,1.000000,1.000000,1.000000,1,0,0,1
799,25,243,555,1.000000,1.000000,1.000000,1.000000,1,0,0,1
800,29,244,555,1.000000,1.000000,1.000000,1.000000,1,0,0,1
801,27,244,556,1.000000,1.000000,1.000000,1.000000,0,1,0,0
802,29,245,556,1.000000,1.000000,1.000000,1.000000,0,1,0,0
803,27,245,557,1.000000,1.000000,1.000000,1.000000,0,0,0,0
804,29,246,557,1.000000,1.000000,1.000000,1.000000,0,0,0,0
805,27,246,558,1.000000,1.000000,1.000000,1.000000,0,0,0,0
806,25,246,559,1.000000,1.000000,1.000000,1.000000,0,0,0,1
807,23,246,560,1.000000,1.000000,1.000000,1.000000,0,0,0,0
808,29,247,560,1.000000,1.000000,1.000000,1.000000,0,0,0,0
809,27,247,561,1.000000,1.000000,1.000000,1.000000,0,0,0,0
810,25,247,562,1.000000,1.000000,1.000000,1.000000,0,0,0,0
811,23,247,563,1.000000,1.000000,1.000000,1.000000,0,0,0,0
812,21,247,564,1.000000,1.000000,1.000000,1.000000,0,0,0,0
813,19,247,565,1.000000,1.000000,1.000000,1.000000,0,0,0,1
814,17,247,566,1.000000,1.000000,1.000000,1.000000,0,0,0,0
815,29,248,566,1.000000,1.000000,1.000000,1.000000,0,0,0,0
816,27,248,567,1.000000,1.000000,1.000000,1.000000,0,0,0,0
817,25,248,568,1.000000,1.000000,1.000000,1.000000,0,0,0,0
818,23,248,569,1.000000,1.000000,1.000000,1.000000,0,0,0,0
819,21,248,570,1.000000,1.000000,1.000000,1.000000,0,1,0,0
820,19,248,571,1.000000,1.000000,1.000000,1.000000,1,0,0,0
821,29,249,571,1.000000,1.000000,1.000000,1.000000,1,0,0,0
822,27,249,572,1.000000,1.000000,1.000000,1.000000,0,1,0,0
823,29,250,572,1.000000,1.000000,1.000000,1.000000,0,1,0,0
824,27,250,573,1.000000,1.000000,1.000000,1.000000,0,0,0,0
825,29,251,573,1.000000,1.000000,1.000000,1.000000,0,0,0,0
826,27,251,574,1.000000,1.000000,1.000000,1.000000,1,0,0,0
827,25,251,575,1.000000,1.000000,1.000000,1.000000,0,1,0,0
828,29,252,575,1.000000,1.000000,1.000000,1.000000,0,1,0,0
829,27,252,576,1.000000,1.000000,1.000000,1.000000,0,0,0,0
830,29,253,576,1.000000,1.000000,1.000000,1.000000,0,0,0,0
831,27,253,577,1.000000,1.000000,1.000000,1.000000,0,1,0,0
832,25,253,578,1.000000,1.000000,1.000000,1.000000,0,0,0,0
833,29,254,578,1.000000,1.000000,1.000000,1.000000,0,0,0,0
834,27,254,579,1.000000,1.000000,1.000000,1.000000,0,1,0,0
835,25,254,580,1.000000,1.000000,1.000000,1.000000,0,1,0,0
836,29,255,580,1.000000,1.000000,1.000000,1.000000,0,1,0,0
837,27,255,581,1.000000,1.000000,1.000000,1.000000,0,0,0,0
838,29,256,581,1.000000,1.000000,1.000000,1.000000,0,0,0,0
839,27,256,582,1.000000,1.000000,1.000000,1.000000,0,0,1,0
840,25,256,583,1.000000,1.000000,1.000000,1.000000,0,0,0,0
841,29,257,583,1.000000,1.000000,1.000000,1.000000,0,0,0,0
842,27,257,584,1.000000,1.000000,1.000000,1.000000,0,0,0,0
843,25,257,585,1.000000,1.000000,1.000000,1.000000,0,0,0,0
844,23,257,586,1.000000,1.000000,1.000000,1.000000,0,0,0,0
845,21,257,587,1.000000,1.000000,1.000000,1.000000,0,1,1,0
846,19,257,588,1.000000,1.000000,1.000000,1.000000,0,0,0,0
847,29,258,588,1.000000,1.000000,1.000000,1.000000,0,0,0,0
848,27,258,589,1.000000,1.000000,1.000000,1.000000,1,0,0,0
849,25,258,590,1.000000,1.000000,1.000000,1.000000,0,0,0,0
850,29,259,590,1.000000,1.000000,1.000000,1.000000,0,0,0,0
851,27,259,591,1.000000,1.000000,1.000000,1.000000,0,0,0,0
852,25,259,592,1.000000,1.000000,1.000000,1.000000,0,0,0,0
853,23,259,593,1.000000,1.000000,1.000000,1.000000,0,0,0,0
854,21,259,594,1.000000,1.000000,1.000000,1.000000,0,0,0,0
855,19,259,595,1.000000,1.000000,1.000000,1.000000,0,0,0,0
856,17,259,596,1.000000,1.000000,1.000000,1.000000,1,0,0,0
857,15,259,597,1.000000,1.000000,1.000000,1.000000,1,1,0,0
858,29,260,597,1.000000,1.000000,1.000000,1.000000,1,1,0,0
859,27,260,598,1.000000,1.000000,1.000000,1.000000,0,0,0,0
860,29,261,598,1.000000,1.000000,1.000000,1.000000,0,0,0,0
861,27,261,599,1.000000,1.000000,1.000000,1.000000,1,0,0,0
862,25,261,600,1.000000,1.000000,1.000000,1.000000,0,0,0,0
863,29,262,600,1.000000,1.000000,1.000000,1.000000,0,0,0,0
864,27,262,601,1.000000,1.000000,1.000000,1.000000,0,0,0,0
865,25,262,602,1.000000,1.000000,1.000000,1.000000,0,0,0,0
866,23,262,603,1.000000,1.000000,1.000000,1.000000,0,0,0,0
867,21,262,604,1.000000,1.000000,1.000000,1.000000,0,0,0,0
868,19,262,605,1.000000,1.000000,1.000000,1.000000,0,1,0,0
869,17,262,606,1.000000,1.000000,1.000000,1.000000,0,1,0,0
870,29,263,606,1.000000,1.000000,1.000000,1.000000,0,1,0,0
871,27,263,607,1.000000,1.000000,1.000000,1.000000,0,0,1,0
872,25,263,608,1.000000,1.000000,1.000000,1.000000,1,0,0,0
873,29,264,608,1.000000,1.000000,1.000000,1.000000,1,0,0,0
874,27,264,609,1.000000,1.000000,1.000000,1.000000,0,0,0,0
875,29,265,609,1.000000,1.000000,1.000000,1.000000,0,0,0,0
876,27,265,610,1.000000,1.000000,1.000000,1.000000,0,0,0,0
877,25,265,611,1.000000,1.000000,1.000000,1.000000,0,0,0,0
878,23,265,612,1.000000,1.000000,1.000000,1.000000,0,0,0,1
879,21,265,613,1.000000,1.000000,1.000000,1.000000,1,0,0,0
880,19,265,614,1.000000,1.000000,1.000000,1.000000,0,0,1,0
881,29,266,614,1.000000,1.000000,1.000000,1.000000,0,0,1,0
882,27,266,615,1.000000,1.000000,1.000000,1.000000,0,0,0,0
883,29,267,615,1.000000,1.000000,1.000000,1.000000,0,0,0,0
884,27,267,616,1.000000,1.000000,1.000000,1.000000,0,0,0,0
885,25,267,617,1.000000,1.000000,1.000000,1.000000,0,0,0,1
886,23,267,618,1.000000,1.000000,1.000000,1.000000,0,0,0,0
887,29,268,618,1.000000,1.000000,1.000000,1.000000,0,0,0,0
888,27,268,619,1.000000,1.000000,1.000000,1.000000,0,0,1,0
889,25,268,620,1.000000,1.000000,1.000000,1.000000,0,0,0,0
890,29,269,620,1.000000,1.000000,1.000000,1.000000,0,0,0,0
891,27,269,621,1.000000,1.000000,1.000000,1.000000,0,0,1,0
892,25,269,622,1.000000,1.000000,1.000000,1.000000,0,0,0,0
893,29,270,622,1.000000,1.000000,1.000000,1.000000,0,0,0,0
894,27,270,623,1.000000,1.000000,1.000000,1.000000,0,0,0,0
895,25,270,624,1.000000,1.000000,1.000000,1.000000,1,0,0,0
896,23,270,625,1.000000,1.000000,1.000000,1.000000,0,0,0,1
897,21,270,626,1.000000,1.000000,1.000000,1.000000,0,0,0,0
898,29,271,626,1.000000,1.000000,1.000000,1.000000,0,0,0,0
899,27,271,627,1.000000,1.000000,1.000000,1.000000,0,0,0,0
900,25,271,628,1.000000,1.000000,1.000000,1.000000,0,0,0,0
901,23,271,629,1.000000,1.000000,1.000000,1.000000,1,0,0,0
902,21,271,630,1.000000,1.000000,1.000000,1.000000,0,0,0,0
903,29,272,630,1.000000,1.000000,1.000000,1.000000,0,0,0,0
904,27,272,631,1.000000,1.000000,1.000000,1.000000,0,0,0,0
905,25,272,632,1.000000,1.000000,1.000000,1.000000,0,0,0,0
906,23,272,633,1.000000,1.000000,1.000000,1.000000,0,0,0,0
907,21,272,634,1.000000,1.000000,1.000000,1.000000,0,0,0,0
908,19,272,635,1.000000,1.000000,1.000000,1.000000,0,0,0,0
909,17,272,636,1.000000,1.000000,1.000000,1.000000,0,0,0,0
910,15,272,637,1.000000,1.000000,1.000000,1.000000,0,0,0,0
911,13,272,638,1.000000,1.000000,1.000000,1.000000,1,1,0,0
912,11,272,639,1.000000,1.000000,1.000000,1.000000,0,0,0,0
913,29,273,639,1.000000,1.000000,1.000000,1.000000,0,0,0,0
914,27,273,640,1.000000,1.000000,1.000000,1.000000,0,0,1,0
915,25,273,641,1.000000,1.000000,1.000000,1.000000,0,0,0,0
916,29,274,641,1.000000,1.000000,1.000000,1.000000,0,0,0,0
917,27,274,642,1.000000,1.000000,1.000000,1.000000,0,0,0,0
918,25,274,643,1.000000,1.000000,1.000000,1.000000,0,1,1,0
919,23,274,644,1.000000,1.000000,1.000000,1.000000,0,0,0,0
920,29,275,644,1.000000,1.000000,1.000000,1.000000,0,0,0,0
921,27,275,645,1.000000,1.000000,1.000000,1.000000,0,0,0,1
922,25,275,646,1.000000,1.000000,1.000000,1.000000,0,0,0,0
923,23,275,647,1.000000,1.000000,1.000000,1.000000,0,1,0,0
924,21,275,648,1.000000,1.000000,1.000000,1.000000,0,0,0,0
925,29,276,648,1.000000,1.000000,1.000000,1.000000,0,0,0,0
926,27,276,649,1.000000,1.000000,1.000000,1.000000,0,0,0,0
927,25,276,650,1.000000,1.000000,1.000000,1.000000,0,0,0,0
928,23,276,651,1.000000,1.000000,1.000000,1.000000,0,0,0,0
929,21,276,652,1.000000,1.000000,1.000000,1.000000,0,0,0,0
930,19,276,653,1.000000,1.000000,1.000000,1.000000,0,0,0,0
931,17,276,654,1.000000,1.000000,1.000000,1.000000,0,0,0,0
932,15,276,655,1.000000,1.000000,1.000000,1.000000,0,0,0,0
933,13,276,656,1.000000,1.000000,1.000000,1.000000,0,0,1,0
934,11,276,657,1.000000,1.000000,1.000000,1.000000,0,0,0,0
935,29,277,657,1.000000,1.000000,1.000000,1.000000,0,0,0,0
936,27,277,658,1.000000,1.000000,1.000000,1.000000,0,0,0,0
937,25,277,659,1.000000,1.000000,1.000000,1.000000,0,0,0,0
938,23,277,660,1.000000,1.000000,1.000000,1.000000,0,0,0,1
939,21,277,661,1.000000,1.000000,1.000000,1.000000,0,0,0,1
940,29,278,661,1.000000,1.000000,1.000000,1.000000,0,0,0,1
941,27,278,662,1.000000,1.000000,1.000000,1.000000,0,0,0,0
942,29,279,662,1.000000,1.000000,1.000000,1.000000,0,0,0,0
943,27,279,663,1.000000,1.000000,1.000000,1.000000,0,0,1,0
944,25,279,664,1.000000,1.000000,1.000000,1.000000,0,1,1,0
945,29,280,664,1.000000,1.000000,1.000000,1.000000,0,1,1,0
946,27,280,665,1.000000,1.000000,1.000000,1.000000,0,0,0,0
947,29,281,665,1.000000,1.000000,1.000000,1.000000,0,0,0,0
948,27,281,666,1.000000,1.000000,1.000000,1.000000,0,1,0,0
949,25,281,667,1.000000,1.000000,1.000000,1.000000,0,0,0,0
950,29,282,667,1.000000,1.000000,1.000000,1.000000,0,0,0,0
951,27,282,668,1.000000,1.000000,1.000000,1.000000,0,0,0,0
952,25,282,669,1.000000,1.000000,1.000000,1.000000,0,0,0,0
953,23,282,670,1.000000,1.000000,1.000000,1.000000,0,0,0,0
954,21,282,671,1.000000,1.000000,1.000000,1.000000,0,0,0,0
955,19,282,672,1.000000,1.000000,1.000000,1.000000,0,0,0,0
956,17,282,673,1.000000,1.000000,1.000000,1.000000,0,0,0,0
957,15,282,674,1.000000,1.000000,1.000000,1.000000,0,0,0,1
958,13,282,675,1.000000,1.000000,1.000000,1.000000,0,0,0,0
959,11,282,676,1.000000,1.000000,1.000000,1.000000,0,0,0,1
960,9,282,677,1.000000,1.000000,1.000000,1.000000,0,0,0,0
961,29,283,677,1.000000,1.000000,1.000000,1.000000,0,0,0,0
962,27,283,678,1.000000,1.000000,1.000000,1.000000,0,0,0,1
963,25,283,679,1.000000,1.000000,1.000000,1.000000,0,0,0,0
964,29,284,679,1.000000,1.000000,1.000000,1.000000,0,0,0,0
965,27,284,680,1.000000,1.000000,1.000000,1.000000,0,0,0,1
966,25,284,681,1.000000,1.000000,1.000000,1.000000,0,0,0,0
967,23,284,682,1.000000,1.000000,1.000000,1.000000,0,0,0,0
968,21,284,683,1.000000,1.000000,1.000000,1.000000,0,0,0,0
969,19,284,684,1.000000,1.000000,1.000000,1.000000,0,0,0,0
970,17,284,685,1.000000,1.000000,1.000000,1.000000,0,0,0,0
971,15,284,686,1.000000,1.000000,1.000000,1.000000,0,0,0,0
972,13,284,687,1.000000,1.000000,1.000000,1.000000,0,0,0,1
973,11,284,688,1.000000,1.000000,1.000000,1.000000,0,0,0,0
974,29,285,688,1.000000,1.000000,1.000000,1.000000,0,0,0,0
975,27,285,689,1.000000,1.000000,1.000000,1.000000,0,0,0,0
976,25,285,690,1.000000,1.000000,1.000000,1.000000,0,0,0,0
977,23,285,691,1.000000,1.000000,1.000000,1.000000,0,0,0,1
978,21,285,692,1.000000,1.000000,1.000000,1.000000,0,0,0,0
979,29,286,692,1.000000,1.000000,1.000000,1.000000,0,0,0,0
980,27,286,693,1.000000,1.000000,1.000000,1.000000,0,0,0,0
981,25,286,694,1.000000,1.000000,1.000000,1.000000,0,0,1,0
982,23,286,695,1.000000,1.000000,1.000000,1.000000,0,0,0,0
983,29,287,695,1.000000,1.000000,1.000000,1.000000,0,0,0,0
984,27,287,696,1.000000,1.000000,1.000000,1.000000,0,0,0,0
985,25,287,697,1.000000,1.000000,1.000000,1.000000,0,0,0,0
986,23,287,698,1.000000,1.000000,1.000000,1.000000,0,0,0,0
987,21,287,699,1.000000,1.000000,1.000000,1.000000,0,0,0,0
988,19,287,700,1.000000,1.000000,1.000000,1.000000,0,0,0,0
989,17,287,701,1.000000,1.000000,1.000000,1.000000,0,0,0,0
990,15,287,702,1.000000,1.000000,1.000000,1.000000,0,0,0,0
991,13,287,703,1.000000,1.000000,1.000000,1.000000,0,0,0,0
992,11,287,704,1.000000,1.000000,1.000000,1.000000,1,0,0,0
993,9,287,705,1.000000,1.000000,1.000000,1.000000,0,0,0,0
994,29,288,705,1.000000,1.000000,1.000000,1.000000,0,0,0,0
995,27,288,706,1.000000,1.000000,1.000000,1.000000,0,0,0,1
996,25,288,707,1.000000,1.000000,1.000000,1.000000,0,0,0,0
997,29,289,707,1.000000,1.000000,1.000000,1.000000,0,0,0,0
998,27,289,708,1.000000,1.000000,1.000000,1.000000,0,0,0,0
999,25,289,709,1.000000,1.000000,1.000000,1.000000,0,0,0,0
1000,23,289,710,1.000000,1.000000,1.000000,1.000000,1,1,0,0
1001,21,289,711,1.000000,1.000000,1.000000,1.000000,1,1,0,0
1002,19,289,712,1.000000,1.000000,1.000000,1.000000,1,0,0,1
1003,29,290,712,1.000000,1.000000,1.000000,1.000000,1,0,0,1
1004,27,290,713,1.000000,1.000000,1.000000,1.000000,0,0,0,1
1005,29,291,713,1.000000,1.000000,1.000000,1.000000,0,0,0,1
1006,27,291,714,1.000000,1.000000,1.000000,1.000000,0,0,1,1
1007,29,292,714,1.000000,1.000000,1.000000,1.000000,0,0,1,1
1008,27,292,715,1.000000,1.000000,1.000000,1.000000,0,0,0,0
1009,29,293,715,1.000000,1.000000,1.000000,1.000000,0,0,0,0
1010,27,293,716,1.000000,1.000000,1.000000,1.000000,0,1,0,0
1011,25,293,717,1.000000,1.000000,1.000000,1.000000,0,0,0,0
1012,23,293,718,1.000000,1.000000,1.000000,1.000000,0,0,0,0
1013,21,293,719,1.000000,1.000000,1.000000,1.000000,1,0,0,0
1014,19,293,720,1.000000,1.000000,1.000000,1.000000,0,0,0,1
1015,29,294,720,1.000000,1.000000,1.000000,1.000000,0,0,0,1
1016,27,294,721,1.000000,1.000000,1.000000,1.000000,1,0,0,0
1017,29,295,721,1.000000,1.000000,1.000000,1.000000,1,0,0,0
1018,27,295,722,1.000000,1.000000,1.000000,1.000000,0,0,0,0
1019,25,295,723,1.000000,1.000000,1.000000,1.000000,0,0,0,0
1020,23,295,724,1.000000,1.000000,1.000000,1.000000,0,0,0,0
1021,21,295,725,1.000000,1.000000,1.000000,1.000000,0,0,0,0
1022,19,295,726,1.000000,1.000000,1.000000,1.000000,0,0,0,0
1023,17,295,727,1.000000,1.000000,1.000000,1.000000,0,1,0,0
1024,29,296,727,1.000000,1.000000,1.000000,1.000000,0,1,0,0
1025,27,296,728,1.000000,1.000000,1.000000,1.000000,0,1,1,0
1026,29,297,728,1.000000,1.000000,1.000000,1.000000,0,1,1,0
1027,27,297,729,1.000000,1.000000,1.000000,1.000000,0,1,0,0
1028,29,298,729,1.000000,1.000000,1.000000,1.000000,0,1,0,0
1029,27,298,730,1.000000,1.000000,1.000000,1.000000,1,0,0,0
1030,29,299,730,1.000000,1.000000,1.000000,1.000000,1,0,0,0
1031,27,299,731,1.000000,1.000000,1.000000,1.000000,0,0,0,0
1032,29,300,731,1.000000,1.000000,1.000000,1.000000,0,0,0,0
1033,27,300,732,1.000000,1.000000,1.000000,1.000000,0,1,0,0
1034,25,300,733,1.000000,1.000000,1.000000,1.000000,0,0,0,0
1035,29,301,733,1.000000,1.000000,1.000000,1.000000,0,0,0,0
1036,27,301,734,1.000000,1.000000,1.000000,1.000000,0,0,0,0
1037,25,301,735,1.000000,1.000000,1.000000,1.000000,0,0,1,0
1038,23,301,736,1.000000,1.000000,1.000000,1.000000,0,0,0,0
1039,29,302,736,1.000000,1.000000,1.000000,1.000000,0,0,0,0
1040,27,302,737,1.000000,1.000000,1.000000,1.000000,0,0,0,0
1041,25,302,738,1.000000,1.000000,1.000000,1.000000,0,0,0,0
1042,23,302,739,1.000000,1.000000,1.000000,1.000000,0,1,0,0
1043,21,302,740,1.000000,1.000000,1.000000,1.000000,0,1,0,0
1044,29,303,740,1.000000,1.000000,1.000000,1.000000,0,1,0,0
1045,27,303,741,1.000000,1.000000,1.000000,1.000000,1,0,0,0
1046,29,304,741,1.000000,1.000000,1.000000,1.000000,1,0,0,0
1047,27,304,742,1.000000,1.000000,1.000000,1.000000,0,1,0,0
1048,25,304,743,1.000000,1.000000,1.000000,1.000000,0,0,0,1
1049,29,305,743,1.000000,1.000000,1.000000,1.000000,0,0,0,1
1050,27,305,744,1.000000,1.000000,1.000000,1.000000,0,0,0,0
1051,29,306,744,1.000000,1.000000,1.000000,1.000000,0,0,0,0
1052,27,306,745,1.000000,1.000000,1.000000,1.000000,0,0,0,0
1053,25,306,746,1.000000,1.000000,1.000000,1.000000,1,0,0,0
1054,23,306,747,1.000000,1.000000,1.000000,1.000000,0,0,0,0
1055,29,307,747,1.000000,1.000000,1.000000,1.000000,0,0,0,0
1056,27,307,748,1.000000,1.000000,1.000000,1.000000,0,1,0,0
1057,25,307,749,1.000000,1.000000,1.000000,1.000000,1,0,0,0
1058,29,308,749,1.000000,1.000000,1.000000,1.000000,1,0,0,0
1059,27,308,750,1.000000,1.000000,1.000000,1.000000,0,0,0,0
1060,29,309,750,1.000000,1.000000,1.000000,1.000000,0,0,0,0
1061,27,309,751,1.000000,1.000000,1.000000,1.000000,1,0,0,0
1062,25,309,752,1.000000,1.000000,1.000000,1.000000,0,0,0,0
1063,23,309,753,1.000000,1.000000,1.000000,1.000000,0,0,0,0
1064,21,309,754,1.000000,1.000000,1.000000,1.000000,0,0,0,0
1065,19,309,755,1.000000,1.000000,1.000000,1.000000,0,0,0,0
1066,17,309,756,1.000000,1.000000,1.000000,1.000000,0,0,0,0
1067,15,309,757,1.000000,1.000000,1.000000,1.000000,1,0,0,0
1068,13,309,758,1.000000,1.000000,1.000000,1.000000,0,0,0,0
1069,29,310,758,1.000000,1.000000,1.000000,1.000000,0,0,0,0
1070,27,310,759,1.000000,1.000000,1.000000,1.000000,1,0,0,0
1071,25,310,760,1.000000,1.000000,1.000000,1.000000,0,0,0,0
1072,29,311,760,1.000000,1.000000,1.000000,1.000000,0,0,0,0
1073,27,311,761,1.000000,1.000000,1.000000,1.000000,0,1,0,0
1074,25,311,762,1.000000,1.000000,1.000000,1.000000,0,0,0,0
1075,29,312,762,1.000000,1.000000,1.000000,1.000000,0,0,0,0
1076,27,312,763,1.000000,1.000000,1.000000,1.000000,0,0,0,0
1077,25,312,764,1.000000,1.000000,1.000000,1.000000,0,0,0,0
1078,23,312,765,1.000000,1.000000,1.000000,1.000000,0,1,0,0
1079,21,312,766,1.000000,1.000000,1.000000,1.000000,0,0,0,0
1080,29,313,766,1.000000,1.000000,1.000000,1.000000,0,0,0,0
1081,27,313,767,1.000000,1.000000,1.000000,1.000000,0,0,0,0
1082,25,313,768,1.000000,1.000000,1.000000,1.000000,0,0,0,0
1083,23,313,769,1.000000,1.000000,1.000000,1.000000,0,0,0,0
1084,21,313,770,1.000000,1.000000,1.000000,1.000000,0,0,0,0
1085,19,313,771,1.000000,1.000000,1.000000,1.000000,1,0,0,0
1086,17,313,772,1.000000,1.000000,1.000000,1.000000,1,0,0,1
1087,15,313,773,1.000000,1.000000,1.000000,1.000000,0,1,0,0
1088,29,314,773,1.000000,1.000000,1.000000,1.000000,0,1,0,0
1089,27,314,774,1.000000,1.000000,1.000000,1.000000,0,0,0,0
1090,25,314,775,1.000000,1.000000,1.000000,1.000000,0,1,0,0
1091,23,314,776,1.000000,1.000000,1.000000,1.000000,1,0,0,0
1092,29,315,776,1.000000,1.000000,1.000000,1.000000,1,0,0,0
1093,27,315,777,1.000000,1.000000,1.000000,1.000000,0,0,0,0
1094,29,316,777,1.000000,1.000000,1.000000,1.000000,0,0,0,0
1095,27,316,778,1.000000,1.000000,1.000000,1.000000,0,0,0,0
1096,25,316,779,1.000000,1.000000,1.000000,1.000000,0,0,0,0
1097,23,316,780,1.000000,1.000000,1.000000,1.000000,0,0,0,0
1098,21,316,781,1.000000,1.000000,1.000000,1.000000,0,0,0,0
1099,19,316,782,1.000000,1.000000,1.000000,1.000000,0,1,0,0
1100,17,316,783,1.000000,1.000000,1.000000,1.000000,0,0,0,0
1101,29,317,783,1.000000,1.000000,1.000000,1.000000,0,0,0,0
1102,27,317,784,1.000000,1.000000,1.000000,1.000000,0,0,0,0
1103,25,317,785,1.000000,1.000000,1.000000,1.000000,0,0,0,0
1104,23,317,786,1.000000,1.000000,1.000000,1.000000,0,0,1,0
1105,21,317,787,1.000000,1.000000,1.000000,1.000000,0,0,0,0
1106,29,318,787,1.000000,1.000000,1.000000,1.000000,0,0,0,0
1107,27,318,788,1.000000,1.000000,1.000000,1.000000,0,0,0,0
1108,25,318,789,1.000000,1.000000,1.000000,1.000000,0,0,0,0
1109,23,318,790,1.000000,1.000000,1.000000,1.000000,0,0,0,1
1110,21,318,791,1.000000,1.000000,1.000000,1.000000,0,0,1,0
1111,29,319,791,1.000000,1.000000,1.000000,1.000000,0,0,1,0
1112,27,319,792,1.000000,1.000000,1.000000,1.000000,0,0,0,1
1113,25,319,793,1.000000,1.000000,1.000000,1.000000,0,1,0,0
1114,29,320,793,1.000000,1.000000,1.000000,1.000000,0,1,0,0
1115,27,320,794,1.000000,1.000000,1.000000,1.000000,0,0,0,0
1116,29,321,794,1.000000,1.000000,1.000000,1.000000,0,0,0,0
1117,27,321,795,1.000000,1.000000,1.000000,1.000000,0,0,1,0
1118,25,321,796,1.000000,1.000000,1.000000,1.000000,0,0,0,0
1119,29,322,796,1.000000,1.000000,1.000000,1.000000,0,0,0,0
1120,27,322,797,1.000000,1.000000,1.000000,1.000000,0,0,1,0
1121,25,322,798,1.000000,1.000000,1.000000,1.000000,0,0,0,0
1122,29,323,798,1.000000,1.000000,1.000000,1.000000,0,0,0,0
1123,27,323,799,1.000000,1.000000,1.000000,1.000000,0,0,1,0
1124,25,323,800,1.000000,1.000000,1.000000,1.000000,0,0,0,0
1125,29,324,800,1.000000,1.000000,1.000000,1.000000,0,0,0,0
1126,27,324,801,1.000000,1.000000,1.000000,1.000000,0,1,0,0
1127,25,324,802,1.000000,1.000000,1.000000,1.000000,0,0,1,0
1128,29,325,802,1.000000,1.000000,1.000000,1.000000,0,0,1,0
1129,27,325,803,1.000000,1.000000,1.000000,1.000000,0,0,0,0
1130,29,326,803,1.000000,1.000000,1.000000,1.000000,0,0,0,0
1131,27,326,804,1.000000,1.000000,1.000000,1.000000,0,1,0,0
1132,25,326,805,1.000000,1.000000,1.000000,1.000000,0,0,0,0
1133,23,326,806,1.000000,1.000000,1.000000,1.000000,0,0,0,0
1134,21,326,807,1.000000,1.000000,1.000000,1.000000,0,0,0,0
1135,19,326,808,1.000000,1.000000,1.000000,1.000000,0,0,0,0
1136,17,326,809,1.000000,1.000000,1.000000,1.000000,1,0,0,0
1137,15,326,810,1.000000,1.000000,1.000000,1.000000,0,0,0,0
1138,29,327,810,1.000000,1.000000,1.000000,1.000000,0,0,0,0
1139,27,327,811,1.000000,1.000000,1.000000,1.000000,0,0,1,0
1140,25,327,812,1.000000,1.000000,1.000000,1.000000,0,0,0,0
1141,29,328,812,1.000000,1.000000,1.000000,1.000000,0,0,0,0
1142,27,328,813,1.000000,1.000000,1.000000,1.000000,0,0,0,1
1143,25,328,814,1.000000,1.000000,1.000000,1.000000,0,0,1,0
1144,29,329,814,1.000000,1.000000,1.000000,1.000000,0,0,1,0
1145,27,329,815,1.000000,1.000000,1.000000,1.000000,0,0,1,0
1146,29,330,815,1.000000,1.000000,1.000000,1.000000,0,0,1,0
1147,27,330,816,1.000000,1.000000,1.000000,1.000000,0,0,0,0
1148,29,331,816,1.000000,1.000000,1.000000,1.000000,0,0,0,0
1149,27,331,817,1.000000,1.000000,1.000000,1.000000,0,0,1,0
1150,25,331,818,1.000000,1.000000,1.000000,1.000000,0,0,0,0
1151,23,331,819,1.000000,1.000000,1.000000,1.000000,0,0,1,0
1152,21,331,820,1.000000,1.000000,1.000000,1.000000,0,0,0,0
1153,29,332,820,1.000000,1.000000,1.000000,1.000000,0,0,0,0
1154,27,332,821,1.000000,1.000000,1.000000,1.000000,0,0,0,0
1155,25,332,822,1.000000,1.000000,1.000000,1.000000,0,0,0,0
1156,23,332,823,1.000000,1.000000,1.000000,1.000000,1,0,0,0
1157,21,332,824,1.000000,1.000000,1.000000,1.000000,0,0,0,0
1158,29,333,824,1.000000,1.000000,1.000000,1.000000,0,0,0,0
1159,27,333,825,1.000000,1.000000,1.000000,1.000000,0,0,1,0
1160,25,333,826,1.000000,1.000000,1.000000,1.000000,0,0,0,0
1161,23,333,827,1.000000,1.000000,1.000000,1.000000,1,0,0,1
1162,21,333,828,1.000000,1.000000,1.000000,1.000000,1,0,0,1
1163,29,334,828,1.000000,1.000000,1.000000,1.000000,1,0,0,1
1164,27,334,829,1.000000,1.000000,1.000000,1.000000,0,0,1,1
1165,29,335,829,1.000000,1.000000,1.000000,1.000000,0,0,1,1
1166,27,335,830,1.000000,1.000000,1.000000,1.000000,1,0,0,1
1167,25,335,831,1.000000,1.000000,1.000000,1.000000,1,0,1,0
1168,29,336,831,1.000000,1.000000,1.000000,1.000000,1,0,1,0
1169,27,336,832,1.000000,1.000000,1.000000,1.000000,0,0,0,1
1170,29,337,832,1.000000,1.000000,1.000000,1.000000,0,0,0,1
1171,27,337,833,1.000000,1.000000,1.000000,1.000000,0,0,0,1
1172,25,337,834,1.000000,1.000000,1.000000,1.000000,0,1,0,0
1173,29,338,834,1.000000,1.000000,1.000000,1.000000,0,1,0,0
1174,27,338,835,1.000000,1.000000,1.000000,1.000000,0,0,0,0
1175,29,339,835,1.000000,1.000000,1.000000,1.000000,0,0,0,0
1176,27,339,836,1.000000,1.000000,1.000000,1.000000,0,0,1,0
1177,25,339,837,1.000000,1.000000,1.000000,1.000000,0,0,0,1
1178,29,340,837,1.000000,1.000000,1.000000,1.000000,0,0,0,1
1179,27,340,838,1.000000,1.000000,1.000000,1.000000,0,0,0,1
1180,29,341,838,1.000000,1.000000,1.000000,1.000000,0,0,0,1
1181,27,341,839,1.000000,1.000000,1.000000,1.000000,0,0,0,0
1182,29,342,839,1.000000,1.000000,1.000000,1.000000,0,0,0,0
1183,27,342,840,1.000000,1.000000,1.000000,1.000000,0,0,0,0
1184,25,342,841,1.000000,1.000000,1.000000,1.000000,0,0,0,0
1185,23,342,842,1.000000,1.000000,1.000000,1.000000,0,0,0,0
1186,21,342,843,1.000000,1.000000,1.000000,1.000000,0,0,0,0
1187,19,342,844,1.000000,1.000000,1.000000,1.000000,0,0,0,0
1188,17,342,845,1.000000,1.000000,1.000000,1.000000,0,0,0,0
1189,15,342,846,1.000000,1.000000,1.000000,1.000000,0,0,0,0
1190,13,342,847,1.000000,1.000000,1.000000,1.000000,0,0,0,0
1191,11,342,848,1.000000,1.000000,1.000000,1.000000,0,0,0,0
1192,9,342,849,1.000000,1.000000,1.000000,1.000000,0,0,0,0
1193,7,342,850,1.000000,1.000000,1.000000,1.000000,0,1,0,0
1194,5,342,851,1.000000,1.000000,1.000000,1.000000,0,0,0,1
1195,29,343,851,1.000000,1.000000,1.000000,1.000000,0,0,0,1
1196,27,343,852,1.000000,1.000000,1.000000,1.000000,0,0,0,1
1197,29,344,852,1.000000,1.000000,1.000000,1.000000,0,0,0,1
1198,27,344,853,1.000000,1.000000,1.000000,1.000000,0,0,0,0
1199,29,345,853,1.000000,1.000000,1.000000,1.000000,0,0,0,0
1200,27,345,854,1.000000,1.000000,1.000000,1.000000,0,0,0,1
1201,25,345,855,1.000000,1.000000,1.000000,1.000000,1,0,0,0
1202,23,345,856,1.000000,1.000000,1.000000,1.000000,0,0,1,0
1203,29,346,856,1.000000,1.000000,1.000000,1.000000,0,0,1,0
1204,27,346,857,1.000000,1.000000,1.000000,1.000000,0,0,0,0
1205,29,347,857,1.000000,1.000000,1.000000,1.000000,0,0,0,0
1206,27,347,858,1.000000,1.000000,1.000000,1.000000,0,0,1,0
1207,25,347,859,1.000000,1.000000,1.000000,1.000000,0,1,0,0
1208,29,348,859,1.000000,1.000000,1.000000,1.000000,0,1,0,0
1209,27,348,860,1.000000,1.000000,1.000000,1.000000,0,0,1,0
1210,25,348,861,1.000000,1.000000,1.000000,1.000000,0,0,0,1
1211,29,349,861,1.000000,1.000000,1.000000,1.000000,0,0,0,1
1212,27,349,862,1.000000,1.000000,1.000000,1.000000,0,0,0,0
1213,29,350,862,1.000000,1.000000,1.000000,1.000000,0,0,0,0
1214,27,350,863,1.000000,1.000000,1.000000,1.000000,0,0,0,0
1215,25,350,864,1.000000,1.000000,1.000000,1.000000,0,0,0,0
1216,23,350,865,1.000000,1.000000,1.000000,1.000000,0,0,0,0
1217,21,350,866,1.000000,1.000000,1.000000,1.000000,0,1,0,0
1218,19,350,867,1.000000,1.000000,1.000000,1.000000,1,1,0,0
1219,29,351,867,1.000000,1.000000,1.000000,1.000000,1,1,0,0
1220,27,351,868,1.000000,1.000000,1.000000,1.000000,0,0,0,0
1221,29,352,868,1.000000,1.000000,1.000000,1.000000,0,0,0,0
1222,27,352,869,1.000000,1.000000,1.000000,1.000000,0,1,0,0
1223,25,352,870,1.000000,1.000000,1.000000,1.000000,0,0,0,0
1224,29,353,870,1.000000,1.000000,1.000000,1.000000,0,0,0,0
1225,27,353,871,1.000000,1.000000,1.000000,1.000000,0,0,0,0
1226,25,353,872,1.000000,1.000000,1.000000,1.000000,0,0,0,0
1227,23,353,873,1.000000,1.000000,1.000000,1.000000,0,0,0,0
1228,21,353,874,1.000000,1.000000,1.000000,1.000000,0,0,0,0
1229,19,353,875,1.000000,1.000000,1.000000,1.000000,0,0,0,1
1230,17,353,876,1.000000,1.000000,1.000000,1.000000,0,0,0,1
1231,29,354,876,1.000000,1.000000,1.000000,1.000000,0,0,0,1
1232,27,354,877,1.000000,1.000000,1.000000,1.000000,0,0,0,0
1233,29,355,877,1.000000,1.000000,1.000000,1.000000,0,0,0,0
1234,27,355,878,1.000000,1.000000,1.000000,1.000000,0,0,0,0
1235,25,355,879,1.000000,1.000000,1.000000,1.000000,0,0,0,0
1236,23,355,880,1.000000,1.000000,1.000000,1.000000,0,0,0,0
1237,21,355,881,1.000000,1.000000,1.000000,1.000000,0,0,1,0
1238,19,355,882,1.000000,1.000000,1.000000,1.000000,0,0,0,0
1239,17,355,883,1.000000,1.000000,1.000000,1.000000,0,0,1,1
1240,15,355,884,1.000000,1.000000,1.000000,1.000000,0,0,1,0
1241,29,356,884,1.000000,1.000000,1.000000,1.000000,0,0,1,0
1242,27,356,885,1.000000,1.000000,1.000000,1.000000,0,1,0,0
1243,25,356,886,1.000000,1.000000,1.000000,1.000000,0,0,0,1
1244,29,357,886,1.000000,1.000000,1.000000,1.000000,0,0,0,1
1245,27,357,887,1.000000,1.000000,1.000000,1.000000,0,0,0,0
1246,29,358,887,1.000000,1.000000,1.000000,1.000000,0,0,0,0
1247,27,358,888,1.000000,1.000000,1.000000,1.000000,0,0,0,1
1248,25,358,889,1.000000,1.000000,1.000000,1.000000,0,0,0,1
1249,29,359,889,1.000000,1.000000,1.000000,1.000000,0,0,0,1
1250,27,359,890,1.000000,1.000000,1.000000,1.000000,0,0,0,0
1251,29,360,890,1.000000,1.000000,1.000000,1.000000,0,0,0,0
1252,27,360,891,1.000000,1.000000,1.000000,1.000000,0,0,0,0
1253,25,360,892,1.000000,1.000000,1.000000,1.000000,0,0,0,0
1254,23,360,893,1.000000,1.000000,1.000000,1.000000,0,0,0,0
1255,21,360,894,1.000000,1.000000,1.000000,1.000000,0,0,0,0
1256,19,360,895,1.000000,1.000000,1.000000,1.000000,0,0,0,0
1257,17,360,896,1.000000,1.000000,1.000000,1.000000,0,0,0,0
1258,15,360,897,1.000000,1.000000,1.000000,1.000000,1,1,0,0
1259,13,360,898,1.000000,1.000000,1.000000,1.000000,0,0,0,1
1260,29,361,898,1.000000,1.000000,1.000000,1.000000,0,0,0,1
1261,27,361,899,1.000000,1.000000,1.000000,1.000000,0,0,0,0
1262,29,362,899,1.000000,1.000000,1.000000,1.000000,0,0,0,0
1263,27,362,900,1.000000,1.000000,1.000000,1.000000,1,0,0,0
1264,25,362,901,1.000000,1.000000,1.000000,1.000000,1,0,0,0
1265,29,363,901,1.000000,1.000000,1.000000,1.000000,1,0,0,0
1266,27,363,902,1.000000,1.000000,1.000000,1.000000,0,0,0,1
1267,25,363,903,1.000000,1.000000,1.000000,1.000000,0,0,0,0
1268,29,364,903,1.000000,1.000000,1.000000,1.000000,0,0,0,0
1269,27,364,904,1.000000,1.000000,1.000000,1.000000,0,0,0,0
1270,25,364,905,1.000000,1.000000,1.000000,1.000000,0,1,0,0
1271,23,364,906,1.000000,1.000000,1.000000,1.000000,0,0,0,0
1272,29,365,906,1.000000,1.000000,1.000000,1.000000,0,0,0,0
1273,27,365,907,1.000000,1.000000,1.000000,1.000000,0,0,0,0
1274,25,365,908,1.000000,1.000000,1.000000,1.000000,0,0,0,0
1275,23,365,909,1.000000,1.000000,1.000000,1.000000,0,1,0,0
1276,21,365,910,1.000000,1.000000,1.000000,1.000000,0,1,0,0
1277,29,366,910,1.000000,1.000000,1.000000,1.000000,0,1,0,0
1278,27,366,911,1.000000,1.000000,1.000000,1.000000,0,0,0,0
1279,25,366,912,1.000000,1.000000,1.000000,1.000000,0,0,0,0
1280,23,366,913,1.000000,1.000000,1.000000,1.000000,0,0,0,0
1281,21,366,914,1.000000,1.000000,1.000000,1.000000,0,1,0,1
1282,19,366,915,1.000000,1.000000,1.000000,1.000000,0,1,0,0
1283,17,366,916,1.000000,1.000000,1.000000,1.000000,0,1,0,1
1284,29,367,916,1.000000,1.000000,1.000000,1.000000,0,1,0,1
1285,27,367,917,1.000000,1.000000,1.000000,1.000000,0,0,0,0
1286,29,368,917,1.000000,1.000000,1.000000,1.000000,0,0,0,0
1287,27,368,918,1.000000,1.000000,1.000000,1.000000,0,0,0,0
1288,25,368,919,1.000000,1.000000,1.000000,1.000000,0,0,0,0
1289,23,368,920,1.000000,1.000000,1.000000,1.000000,1,0,0,0
1290,21,368,921,1.000000,1.000000,1.000000,1.000000,0,1,0,0
1291,29,369,921,1.000000,1.000000,1.000000,1.000000,0,1,0,1
1292,27,369,922,1.000000,1.000000,1.000000,1.000000,1,1,0,0
1293,29,370,922,1.000000,1.000000,1.000000,1.000000,1,1,0,0
1294,27,370,923,1.000000,1.000000,1.000000,1.000000,1,0,0,0
1295,29,371,923,1.000000,1.000000,1.000000,1.000000,1,0,0,0
1296,27,371,924,1.000000,1.000000,1.000000,1.000000,0,1,0,1
1297,29,372,924,1.000000,1.000000,1.000000,1.000000,0,1,0,1
1298,27,372,925,1.000000,1.000000,1.000000,1.000000,0,0,0,0
1299,29,373,925,1.000000,1.000000,1.000000,1.000000,0,0,0,0
1300,27,373,926,1.000000,1.000000,1.000000,1.000000,0,1,1,0
1301,25,373,927,1.000000,1.000000,1.000000,1.000000,0,1,1,0
1302,29,374,927,1.000000,1.000000,1.000000,1.000000,0,1,1,0
1303,27,374,928,1.000000,1.000000,1.000000,1.000000,0,0,0,1
1304,29,375,928,1.000000,1.000000,1.000000,1.000000,0,0,0,1
1305,27,375,929,1.000000,1.000000,1.000000,1.000000,0,0,1,0
1306,29,376,929,1.000000,1.000000,1.000000,1.000000,0,0,1,0
1307,27,376,930,1.000000,1.000000,1.000000,1.000000,0,0,0,0
1308,25,376,931,1.000000,1.000000,1.000000,1.000000,0,0,1,1
1309,23,376,932,1.000000,1.000000,1.000000,1.000000,1,0,0,1
1310,29,377,932,1.000000,1.000000,1.000000,1.000000,1,0,0,1
1311,27,377,933,1.000000,1.000000,1.000000,1.000000,1,0,0,0
1312,29,378,933,1.000000,1.000000,1.000000,1.000000,1,0,0,0
1313,27,378,934,1.000000,1.000000,1.000000,1.000000,0,1,0,1
1314,29,379,934,1.000000,1.000000,1.000000,1.000000,0,1,0,1
1315,27,379,935,1.000000,1.000000,1.000000,1.000000,0,0,0,0
1316,29,380,935,1.000000,1.000000,1.000000,1.000000,0,0,0,0
1317,27,380,936,1.000000,1.000000,1.000000,1.000000,0,1,0,0
1318,25,380,937,1.000000,1.000000,1.000000,1.000000,0,1,1,0
1319,29,381,937,1.000000,1.000000,1.000000,1.000000,0,1,1,0
1320,27,381,938,1.000000,1.000000,1.000000,1.000000,1,0,0,0
1321,29,382,938,1.000000,1.000000,1.000000,1.000000,1,0,0,0
1322,27,382,939,1.000000,1.000000,1.000000,1.000000,0,0,0,0
1323,29,383,939,1.000000,1.000000,1.000000,1.000000,0,0,0,0
1324,27,383,940,1.000000,1.000000,1.000000,1.000000,0,1,0,1
1325,25,383,941,1.000000,1.000000,1.000000,1.000000,0,0,0,0
1326,29,384,941,1.000000,1.000000,1.000000,1.000000,0,0,0,0
1327,27,384,942,1.000000,1.000000,1.000000,1.000000,1,0,0,0
1328,25,384,943,1.000000,1.000000,1.000000,1.000000,0,0,0,0
1329,29,385,943,1.000000,1.000000,1.000000,1.000000,0,0,0,0
1330,27,385,944,1.000000,1.000000,1.000000,1.000000,0,0,1,0
1331,25,385,945,1.000000,1.000000,1.000000,1.000000,0,0,0,1
1332,23,385,946,1.000000,1.000000,1.000000,1.000000,0,1,1,1
1333,29,386,946,1.000000,1.000000,1.000000,1.000000,0,1,1,1
1334,27,386,947,1.000000,1.000000,1.000000,1.000000,0,0,1,0
1335,29,387,947,1.000000,1.000000,1.000000,1.000000,0,0,1,0
1336,27,387,948,1.000000,1.000000,1.000000,1.000000,0,1,0,1
1337,29,388,948,1.000000,1.000000,1.000000,1.000000,0,1,0,1
1338,27,388,949,1.000000,1.000000,1.000000,1.000000,0,0,0,1
1339,29,389,949,1.000000,1.000000,1.000000,1.000000,0,0,0,1
1340,27,389,950,1.000000,1.000000,1.000000,1.000000,0,0,0,0
1341,29,390,950,1.000000,1.000000,1.000000,1.000000,0,0,0,0
1342,27,390,951,1.000000,1.000000,1.000000,1.000000,0,0,0,0
1343,25,390,952,1.000000,1.000000,1.000000,1.000000,1,0,0,0
1344,23,390,953,1.000000,1.000000,1.000000,1.000000,1,0,0,0
1345,29,391,953,1.000000,1.000000,1.000000,1.000000,1,0,0,0
1346,27,391,954,1.000000,1.000000,1.000000,1.000000,0,0,0,0
1347,29,392,954,1.000000,1.000000,1.000000,1.000000,0,0,0,0
1348,27,392,955,1.000000,1.000000,1.000000,1.000000,0,1,0,0
1349,25,392,956,1.000000,1.000000,1.000000,1.000000,0,1,1,0
1350,29,393,956,1.000000,1.000000,1.000000,1.000000,0,1,1,0
1351,27,393,957,1.000000,1.000000,1.000000,1.000000,0,0,1,0
1352,29,394,957,1.000000,1.000000,1.000000,1.000000,0,0,1,0
1353,27,394,958,1.000000,1.000000,1.000000,1.000000,0,1,0,1
1354,25,394,959,1.000000,1.000000,1.000000,1.000000,0,1,0,0
1355,29,395,959,1.000000,1.000000,1.000000,1.000000,0,1,0,1
1356,27,395,960,1.000000,1.000000,1.000000,1.000000,0,1,0,0
1357,29,396,960,1.000000,1.000000,1.000000,1.000000,0,1,0,0
1358,27,396,961,1.000000,1.000000,1.000000,1.000000,0,0,0,1
1359,25,396,962,1.000000,1.000000,1.000000,1.000000,0,0,0,0
1360,29,397,962,1.000000,1.000000,1.000000,1.000000,0,0,0,0
1361,27,397,963,1.000000,1.000000,1.000000,1.000000,0,0,1,0
1362,25,397,964,1.000000,1.000000,1.000000,1.000000,0,1,0,1
1363,29,398,964,1.000000,1.000000,1.000000,1.000000,0,1,0,1
1364,27,398,965,1.000000,1.000000,1.000000,1.000000,0,0,0,0
1365,29,399,965,1.000000,1.000000,1.000000,1.000000,0,0,0,0
1366,27,399,966,1.000000,1.000000,1.000000,1.000000,0,0,0,0
1367,25,399,967,1.000000,1.000000,1.000000,1.000000,0,0,1,0
1368,23,399,968,1.000000,1.000000,1.000000,1.000000,0,0,0,1
1369,29,400,968,1.000000,1.000000,1.000000,1.000000,0,0,0,1
1370,27,400,969,1.000000,1.000000,1.000000,1.000000,0,0,0,0
1371,25,400,970,1.000000,1.000000,1.000000,1.000000,1,0,1,0
1372,23,400,971,1.000000,1.000000,1.000000,1.000000,1,0,0,0
1373,29,401,971,1.000000,1.000000,1.000000,1.000000,1,0,0,0
1374,27,401,972,1.000000,1.000000,1.000000,1.000000,0,0,0,0
1375,29,402,972,1.000000,1.000000,1.000000,1.000000,0,0,0,0
1376,27,402,973,1.000000,1.000000,1.000000,1.000000,0,0,0,0
1377,25,402,974,1.000000,1.000000,1.000000,1.000000,0,0,0,0
1378,23,402,975,1.000000,1.000000,1.000000,1.000000,0,0,0,0
1379,21,402,976,1.000000,1.000000,1.000000,1.000000,0,0,0,0
1380,19,402,977,1.000000,1.000000,1.000000,1.000000,0,0,0,0
1381,17,402,978,1.000000,1.000000,1.000000,1.000000,0,0,0,1
1382,15,402,979,1.000000,1.000000,1.000000,1.000000,0,0,0,0
1383,29,403,979,1.000000,1.000000,1.000000,1.000000,0,0,0,0
1384,27,403,980,1.000000,1.000000,1.000000,1.000000,0,0,0,0
1385,25,403,981,1.000000,1.000000,1.000000,1.000000,0,0,0,0
1386,23,403,982,1.000000,1.000000,1.000000,1.000000,0,0,0,0
1387,21,403,983,1.000000,1.000000,1.000000,1.000000,0,0,0,0
1388,19,403,984,1.000000,1.000000,1.000000,1.000000,0,1,0,0
1389,17,403,985,1.000000,1.000000,1.000000,1.000000,0,0,0,1
1390,15,403,986,1.000000,1.000000,1.000000,1.000000,0,0,1,0
1391,13,403,987,1.000000,1.000000,1.000000,1.000000,1,0,0,0
1392,29,404,987,1.000000,1.000000,1.000000,1.000000,1,0,0,0
1393,27,404,988,1.000000,1.000000,1.000000,1.000000,0,0,0,0
1394,29,405,988,1.000000,1.000000,1.000000,1.000000,0,0,0,0
1395,27,405,989,1.000000,1.000000,1.000000,1.000000,0,0,0,1
1396,25,405,990,1.000000,1.000000,1.000000,1.000000,0,0,0,0
1397,29,406,990,1.000000,1.000000,1.000000,1.000000,0,0,0,0
1398,27,406,991,1.000000,1.000000,1.000000,1.000000,0,0,0,0
1399,25,406,992,1.000000,1.000000,1.000000,1.000000,0,0,0,0
1400,23,406,993,1.000000,1.000000,1.000000,1.000000,0,0,0,0
1401,21,406,994,1.000000,1.000000,1.000000,1.000000,0,0,0,0
1402,19,406,995,1.000000,1.000000,1.000000,1.000000,0,0,0,0
1403,17,406,996,1.000000,1.000000,1.000000,1.000000,0,0,0,0
1404,15,406,997,1.000000,1.000000,1.000000,1.000000,0,0,0,0
1405,13,406,998,1.000000,1.000000,1.000000,1.000000,0,0,0,0
1406,11,406,999,1.000000,1.000000,1.000000,1.000000,0,0,0,0
1407,9,406,1000,1.000000,1.000000,1.000000,1.000000,1,0,1,0
1408,7,406,1001,1.000000,1.000000,1.000000,1.000000,1,0,0,0
1409,5,406,1002,1.000000,1.000000,1.000000,1.000000,0,0,1,0
1410,29,407,1002,1.000000,1.000000,1.000000,1.000000,0,0,1,0
1411,27,407,1003,1.000000,1.000000,1.000000,1.000000,0,0,0,0
1412,29,408,1003,1.000000,1.000000,1.000000,1.000000,0,0,0,0
1413,27,408,1004,1.000000,1.000000,1.000000,1.000000,0,0,1,0
1414,25,408,1005,1.000000,1.000000,1.000000,1.000000,0,0,0,1
1415,29,409,1005,1.000000,1.000000,1.000000,1.000000,0,0,0,1
1416,27,409,1006,1.000000,1.000000,1.000000,1.000000,0,0,0,1
1417,25,409,1007,1.000000,1.000000,1.000000,1.000000,1,0,0,0
1418,23,409,1008,1.000000,1.000000,1.000000,1.000000,0,0,1,0
1419,29,410,1008,1.000000,1.000000,1.000000,1.000000,0,0,1,0
1420,27,410,1009,1.000000,1.000000,1.000000,1.000000,0,0,0,0
1421,29,411,1009,1.000000,1.000000,1.000000,1.000000,0,0,0,0
1422,27,411,1010,1.000000,1.000000,1.000000,1.000000,0,0,1,0
1423,25,411,1011,1.000000,1.000000,1.000000,1.000000,0,1,0,1
1424,29,412,1011,1.000000,1.000000,1.000000,1.000000,0,1,0,1
1425,27,412,1012,1.000000,1.000000,1.000000,1.000000,0,1,0,0
1426,29,413,1012,1.000000,1.000000,1.000000,1.000000,0,1,0,0
1427,27,413,1013,1.000000,1.000000,1.000000,1.000000,0,0,0,0
1428,29,414,1013,1.000000,1.000000,1.000000,1.000000,0,0,0,0
1429,27,414,1014,1.000000,1.000000,1.000000,1.000000,0,1,1,0
1430,25,414,1015,1.000000,1.000000,1.000000,1.000000,0,0,0,1
1431,29,415,1015,1.000000,1.000000,1.000000,1.000000,0,0,0,1
1432,27,415,1016,1.000000,1.000000,1.000000,1.000000,0,0,1,0
1433,29,416,1016,1.000000,1.000000,1.000000,1.000000,0,0,1,0
1434,27,416,1017,1.000000,1.000000,1.000000,1.000000,0,0,0,1
1435,29,417,1017,1.000000,1.000000,1.000000,1.000000,0,0,0,1
1436,27,417,1018,1.000000,1.000000,1.000000,1.000000,0,0,0,0
1437,25,417,1019,1.000000,1.000000,1.000000,1.000000,0,0,0,1
1438,23,417,1020,1.000000,1.000000,1.000000,1.000000,0,0,0,0
1439,21,417,1021,1.000000,1.000000,1.000000,1.000000,0,0,0,0
1440,19,417,1022,1.000000,1.000000,1.000000,1.000000,0,1,0,0
1441,17,417,1023,1.000000,1.000000,1.000000,1.000000,0,1,0,0
1442,15,417,1024,1.000000,1.000000,1.000000,1.000000,1,0,0,1
1443,13,417,1025,1.000000,1.000000,1.000000,1.000000,1,0,1,0
1444,29,418,1025,1.000000,1.000000,1.000000,1.000000,1,0,1,0
1445,27,418,1026,1.000000,1.000000,1.000000,1.000000,0,0,0,1
1446,25,418,1027,1.000000,1.000000,1.000000,1.000000,0,1,0,0
1447,29,419,1027,1.000000,1.000000,1.000000,1.000000,0,1,0,0
1448,27,419,1028,1.000000,1.000000,1.000000,1.000000,0,0,0,0
1449,29,420,1028,1.000000,1.000000,1.000000,1.000000,0,0,0,0
1450,27,420,1029,1.000000,1.000000,1.000000,1.000000,1,0,0,0
1451,25,420,1030,1.000000,1.000000,1.000000,1.000000,0,0,0,0
1452,29,421,1030,1.000000,1.000000,1.000000,1.000000,0,0,0,0
1453,27,421,1031,1.000000,1.000000,1.000000,1.000000,0,1,0,0
1454,25,421,1032,1.000000,1.000000,1.000000,1.000000,0,0,0,0
1455,29,422,1032,1.000000,1.000000,1.000000,1.000000,0,0,0,0
1456,27,422,1033,1.000000,1.000000,1.000000,1.000000,0,0,0,0
1457,25,422,1034,1.000000,1.000000,1.000000,1.000000,0,0,1,0
1458,23,422,1035,1.000000,1.000000,1.000000,1.000000,0,0,0,0
1459,21,422,1036,1.000000,1.000000,1.000000,1.000000,0,1,1,0
1460,19,422,1037,1.000000,1.000000,1.000000,1.000000,0,0,0,0
1461,29,423,1037,1.000000,1.000000,1.000000,1.000000,0,0,0,0
1462,27,423,1038,1.000000,1.000000,1.000000,1.000000,0,0,0,0
1463,25,423,1039,1.000000,1.000000,1.000000,1.000000,0,0,0,0
1464,23,423,1040,1.000000,1.000000,1.000000,1.000000,0,0,0,0
1465,21,423,1041,1.000000,1.000000,1.000000,1.000000,0,0,0,0
1466,19,423,1042,1.000000,1.000000,1.000000,1.000000,0,0,0,0
1467,17,423,1043,1.000000,1.000000,1.000000,1.000000,0,0,0,0
1468,15,423,1044,1.000000,1.000000,1.000000,1.000000,0,0,0,0
1469,13,423,1045,1.000000,1.000000,1.000000,1.000000,1,0,1,0
1470,11,423,1046,1.000000,1.000000,1.000000,1.000000,0,0,0,0
1471,29,424,1046,1.000000,1.000000,1.000000,1.000000,0,0,0,0
1472,27,424,1047,1.000000,1.000000,1.000000,1.000000,0,0,0,0
1473,25,424,1048,1.000000,1.000000,1.000000,1.000000,0,0,0,0
1474,23,424,1049,1.000000,1.000000,1.000000,1.000000,0,0,0,0
1475,21,424,1050,1.000000,1.000000,1.000000,1.000000,1,0,0,0
1476,19,424,1051,1.000000,1.000000,1.000000,1.000000,1,1,0,0
1477,29,425,1051,1.000000,1.000000,1.000000,1.000000,1,1,0,0
1478,27,425,1052,1.000000,1.000000,1.000000,1.000000,0,0,0,0
1479,29,426,1052,1.000000,1.000000,1.000000,1.000000,0,0,0,0
1480,27,426,1053,1.000000,1.000000,1.000000,1.000000,0,0,0,1
1481,25,426,1054,1.000000,1.000000,1.000000,1.000000,0,0,0,0
1482,29,427,1054,1.000000,1.000000,1.000000,1.000000,0,0,0,0
1483,27,427,1055,1.000000,1.000000,1.000000,1.000000,0,0,0,0
1484,25,427,1056,1.000000,1.000000,1.000000,1.000000,0,0,0,1
1485,23,427,1057,1.000000,1.000000,1.000000,1.000000,0,0,0,1
1486,29,428,1057,1.000000,1.000000,1.000000,1.000000,0,0,0,1
1487,27,428,1058,1.000000,1.000000,1.000000,1.000000,0,0,0,0
1488,29,429,1058,1.000000,1.000000,1.000000,1.000000,0,0,0,0
1489,27,429,1059,1.000000,1.000000,1.000000,1.000000,0,0,0,0
1490,25,429,1060,1.000000,1.000000,1.000000,1.000000,0,0,0,1
1491,23,429,1061,1.000000,1.000000,1.000000,1.000000,0,0,0,1
1492,29,430,1061,1.000000,1.000000,1.000000,1.000000,0,0,0,1
1493,27,430,1062,1.000000,1.000000,1.000000,1.000000,0,0,1,0
1494,29,431,1062,1.000000,1.000000,1.000000,1.000000,0,0,1,0
1495,27,431,1063,1.000000,1.000000,1.000000,1.000000,0,0,0,0
1496,29,432,1063,1.000000,1.000000,1.000000,1.000000,0,0,0,0
1497,27,432,1064,1.000000,1.000000,1.000000,1.000000,0,0,0,0
1498,25,432,1065,1.000000,1.000000,1.000000,1.000000,0,0,0,0
1499,23,432,1066,1.000000,1.000000,1.000000,1.000000,1,0,0,0
1500,21,432,1067,1.000000,1.000000,1.000000,1.000000,1,0,0,0
1501,29,433,1067,1.000000,1.000000,1.000000,1.000000,1,0,0,0
1502,27,433,1068,1.000000,1.000000,1.000000,1.000000,0,0,0,0
1503,29,434,1068,1.000000,1.000000,1.000000,1.000000,0,0,0,0
1504,27,434,1069,1.000000,1.000000,1.000000,1.000000,0,0,0,1
1505,25,434,1070,1.000000,1.000000,1.000000,1.000000,0,0,0,0
1506,29,435,1070,1.000000,1.000000,1.000000,1.000000,0,0,0,0
1507,27,435,1071,1.000000,1.000000,1.000000,1.000000,0,0,0,0
1508,25,435,1072,1.000000,1.000000,1.000000,1.000000,0,0,0,0
1509,23,435,1073,1.000000,1.000000,1.000000,1.000000,0,0,0,0
1510,21,435,1074,1.000000,1.000000,1.000000,1.000000,0,0,0,0
1511,19,435,1075,1.000000,1.000000,1.000000,1.000000,0,0,0,0
1512,17,435,1076,1.000000,1.000000,1.000000,1.000000,0,0,0,0
1513,15,435,1077,1.000000,1.000000,1.000000,1.000000,0,0,0,0
1514,13,435,1078,1.000000,1.000000,1.000000,1.000000,0,0,0,0
1515,11,435,1079,1.000000,1.000000,1.000000,1.000000,0,0,0,0
1516,9,435,1080,1.000000,1.000000,1.000000,1.000000,0,1,0,0
1517,7,435,1081,1.000000,1.000000,1.000000,1.000000,1,0,0,0
1518,29,436,1081,1.000000,1.000000,1.000000,1.000000,1,0,0,0
1519,27,436,1082,1.000000,1.000000,1.000000,1.000000,0,0,0,0
1520,29,437,1082,1.000000,1.000000,1.000000,1.000000,0,0,0,0
1521,27,437,1083,1.000000,1.000000,1.000000,1.000000,0,0,0,0
1522,25,437,1084,1.000000,1.000000,1.000000,1.000000,0,0,0,0
1523,23,437,1085,1.000000,1.000000,1.000000,1.000000,0,0,0,0
1524,21,437,1086,1.000000,1.000000,1.000000,1.000000,0,0,0,0
1525,19,437,1087,1.000000,1.000000,1.000000,1.000000,0,0,0,0
1526,17,437,1088,1.000000,1.000000,1.000000,1.000000,0,0,0,0
1527,15,437,1089,1.000000,1.000000,1.000000,1.000000,0,0,1,0
1528,13,437,1090,1.000000,1.000000,1.000000,1.000000,0,1,0,0
1529,29,438,1090,1.000000,1.000000,1.000000,1.000000,0,1,0,0
1530,27,438,1091,1.000000,1.000000,1.000000,1.000000,0,0,0,0
1531,25,438,1092,1.000000,1.000000,1.000000,1.000000,0,1,0,0
1532,23,438,1093,1.000000,1.000000,1.000000,1.000000,0,0,0,0
1533,29,439,1093,1.000000,1.000000,1.000000,1.000000,0,0,0,0
1534,27,439,1094,1.000000,1.000000,1.000000,1.000000,0,1,0,0
1535,25,439,1095,1.000000,1.000000,1.000000,1.000000,1,1,0,0
1536,29,440,1095,1.000000,1.000000,1.000000,1.000000,1,1,0,0
1537,27,440,1096,1.000000,1.000000,1.000000,1.000000,0,0,0,0
1538,29,441,1096,1.000000,1.000000,1.000000,1.000000,0,0,0,0
1539,27,441,1097,1.000000,1.000000,1.000000,1.000000,0,0,0,1
1540,25,441,1098,1.000000,1.000000,1.000000,1.000000,0,0,0,0
1541,29,442,1098,1.000000,1.000000,1.000000,1.000000,0,0,0,0
1542,27,442,1099,1.000000,1.000000,1.000000,1.000000,0,0,0,0
1543,25,442,1100,1.000000,1.000000,1.000000,1.000000,0,0,0,0
1544,23,442,1101,1.000000,1.000000,1.000000,1.000000,0,0,0,0
1545,21,442,1102,1.000000,1.000000,1.000000,1.000000,0,0,0,0
1546,19,442,1103,1.000000,1.000000,1.000000,1.000000,0,0,0,0
1547,17,442,1104,1.000000,1.000000,1.000000,1.000000,0,0,0,0
1548,15,442,1105,1.000000,1.000000,1.000000,1.000000,0,0,0,0
1549,13,442,1106,1.000000,1.000000,1.000000,1.000000,0,0,0,0
1550,11,442,1107,1.000000,1.000000,1.000000,1.000000,1,0,0,0
1551,9,442,1108,1.000000,1.000000,1.000000,1.000000,0,1,0,1
1552,29,443,1108,1.000000,1.000000,1.000000,1.000000,0,1,0,1
1553,27,443,1109,1.000000,1.000000,1.000000,1.000000,0,0,0,0
1554,29,444,1109,1.000000,1.000000,1.000000,1.000000,0,0,0,0
1555,27,444,1110,1.000000,1.000000,1.000000,1.000000,0,1,0,0
1556,25,444,1111,1.000000,1.000000,1.000000,1.000000,0,0,0,0
1557,29,445,1111,1.000000,1.000000,1.000000,1.000000,0,0,0,0
1558,27,445,1112,1.000000,1.000000,1.000000,1.000000,0,0,0,0
1559,25,445,1113,1.000000,1.000000,1.000000,1.000000,0,0,0,0
1560,23,445,1114,1.000000,1.000000,1.000000,1.000000,0,0,0,0
1561,21,445,1115,1.000000,1.000000,1.000000,1.000000,0,1,0,0
1562,19,445,1116,1.000000,1.000000,1.000000,1.000000,1,0,0,0
1563,29,446,1116,1.000000,1.000000,1.000000,1.000000,1,0,0,0
1564,27,446,1117,1.000000,1.000000,1.000000,1.000000,1,0,0,0
1565,29,447,1117,1.000000,1.000000,1.000000,1.000000,1,0,0,0
1566,27,447,1118,1.000000,1.000000,1.000000,1.000000,0,0,0,0
1567,25,447,1119,1.000000,1.000000,1.000000,1.000000,1,0,0,0
1568,23,447,1120,1.000000,1.000000,1.000000,1.000000,1,0,0,0
1569,29,448,1120,1.000000,1.000000,1.000000,1.000000,1,0,0,0
1570,27,448,1121,1.000000,1.000000,1.000000,1.000000,0,1,0,1
1571,29,449,1121,1.000000,1.000000,1.000000,1.000000,0,1,0,1
1572,27,449,1122,1.000000,1.000000,1.000000,1.000000,1,0,0,0
1573,29,450,1122,1.000000,1.000000,1.000000,1.000000,1,0,0,0
1574,27,450,1123,1.000000,1.000000,1.000000,1.000000,0,1,0,0
1575,29,451,1123,1.000000,1.000000,1.000000,1.000000,0,1,0,0
1576,27,451,1124,1.000000,1.000000,1.000000,1.000000,1,0,0,0
1577,29,452,1124,1.000000,1.000000,1.000000,1.000000,1,0,0,0
1578,27,452,1125,1.000000,1.000000,1.000000,1.000000,0,0,0,0
1579,29,453,1125,1.000000,1.000000,1.000000,1.000000,0,0,0,0
1580,27,453,1126,1.000000,1.000000,1.000000,1.000000,0,0,0,0
1581,25,453,1127,1.000000,1.000000,1.000000,1.000000,0,0,0,0
1582,23,453,1128,1.000000,1.000000,1.000000,1.000000,1,1,0,0
1583,21,453,1129,1.000000,1.000000,1.000000,1.000000,0,0,0,0
1584,29,454,1129,1.000000,1.000000,1.000000,1.000000,0,0,0,0
1585,27,454,1130,1.000000,1.000000,1.000000,1.000000,0,0,0,1
1586,25,454,1131,1.000000,1.000000,1.000000,1.000000,0,0,0,0
1587,29,455,1131,1.000000,1.000000,1.000000,1.000000,0,0,0,0
1588,27,455,1132,1.000000,1.000000,1.000000,1.000000,0,0,0,1
1589,25,455,1133,1.000000,1.000000,1.000000,1.000000,0,0,0,1
1590,29,456,1133,1.000000,1.000000,1.000000,1.000000,0,0,0,1
1591,27,456,1134,1.000000,1.000000,1.000000,1.000000,0,0,1,1
1592,29,457,1134,1.000000,1.000000,1.000000,1.000000,0,0,1,1
1593,27,457,1135,1.000000,1.000000,1.000000,1.000000,1,0,0,0
1594,29,458,1135,1.000000,1.000000,1.000000,1.000000,1,0,0,0
1595,27,458,1136,1.000000,1.000000,1.000000,1.000000,0,0,0,0
1596,29,459,1136,1.000000,1.000000,1.000000,1.000000,0,0,0,0
1597,27,459,1137,1.000000,1.000000,1.000000,1.000000,0,0,0,0
1598,25,459,1138,1.000000,1.000000,1.000000,1.000000,0,0,0,0
1599,23,459,1139,1.000000,1.000000,1.000000,1.000000,0,0,0,0
1600,21,459,1140,1.000000,1.000000,1.000000,1.000000,0,0,0,0
1601,19,459,1141,1.000000,1.000000,1.000000,1.000000,0,0,0,0
1602,17,459,1142,1.000000,1.000000,1.000000,1.000000,0,0,0,0
1603,15,459,1143,1.000000,1.000000,1.000000,1.000000,0,0,1,0
1604,13,459,1144,1.000000,1.000000,1.000000,1.000000,0,1,0,0
1605,29,460,1144,1.000000,1.000000,1.000000,1.000000,0,1,0,0
1606,27,460,1145,1.000000,1.000000,1.000000,1.000000,0,1,0,0
1607,25,460,1146,1.000000,1.000000,1.000000,1.000000,1,1,0,1
1608,29,461,1146,1.000000,1.000000,1.000000,1.000000,1,1,0,1
1609,27,461,1147,1.000000,1.000000,1.000000,1.000000,0,0,0,0
1610,29,462,1147,1.000000,1.000000,1.000000,1.000000,0,0,0,0
1611,27,462,1148,1.000000,1.000000,1.000000,1.000000,0,0,1,0
1612,25,462,1149,1.000000,1.000000,1.000000,1.000000,0,0,0,1
1613,29,463,1149,1.000000,1.000000,1.000000,1.000000,0,0,0,1
1614,27,463,1150,1.000000,1.000000,1.000000,1.000000,0,0,0,1
1615,29,464,1150,1.000000,1.000000,1.000000,1.000000,0,0,0,1
1616,27,464,1151,1.000000,1.000000,1.000000,1.000000,0,0,0,0
1617,29,465,1151,1.000000,1.000000,1.000000,1.000000,0,0,0,0
1618,27,465,1152,1.000000,1.000000,1.000000,1.000000,0,0,0,0
1619,25,465,1153,1.000000,1.000000,1.000000,1.000000,0,0,0,0
1620,23,465,1154,1.000000,1.000000,1.000000,1.000000,0,0,0,0
1621,21,465,1155,1.000000,1.000000,1.000000,1.000000,0,0,1,1
1622,19,465,1156,1.000000,1.000000,1.000000,1.000000,0,0,0,1
1623,17,465,1157,1.000000,1.000000,1.000000,1.000000,0,1,0,0
1624,29,466,1157,1.000000,1.000000,1.000000,1.000000,0,1,0,0
1625,27,466,1158,1.000000,1.000000,1.000000,1.000000,0,0,0,0
1626,25,466,1159,1.000000,1.000000,1.000000,1.000000,0,1,0,0
1627,23,466,1160,1.000000,1.000000,1.000000,1.000000,0,0,0,0
1628,29,467,1160,1.000000,1.000000,1.000000,1.000000,0,0,0,0
1629,27,467,1161,1.000000,1.000000,1.000000,1.000000,0,0,0,0
1630,25,467,1162,1.000000,1.000000,1.000000,1.000000,0,0,0,0
1631,23,467,1163,1.000000,1.000000,1.000000,1.000000,0,0,0,0
1632,21,467,1164,1.000000,1.000000,1.000000,1.000000,0,0,0,0
1633,19,467,1165,1.000000,1.000000,1.000000,1.000000,0,1,0,0
1634,17,467,1166,1.000000,1.000000,1.000000,1.000000,0,0,1,0
1635,29,468,1166,1.000000,1.000000,1.000000,1.000000,0,0,1,0
1636,27,468,1167,1.000000,1.000000,1.000000,1.000000,0,1,0,0
1637,29,469,1167,1.000000,1.000000,1.000000,1.000000,0,1,0,0
1638,27,469,1168,1.000000,1.000000,1.000000,1.000000,0,0,0,0
1639,29,470,1168,1.000000,1.000000,1.000000,1.000000,0,0,0,0
1640,27,470,1169,1.000000,1.000000,1.000000,1.000000,0,0,0,0
1641,25,470,1170,1.000000,1.000000,1.000000,1.000000,0,0,0,0
1642,23,470,1171,1.000000,1.000000,1.000000,1.000000,0,0,1,0
1643,21,470,1172,1.000000,1.000000,1.000000,1.000000,0,0,0,0
1644,19,470,1173,1.000000,1.000000,1.000000,1.000000,0,0,1,0
1645,17,470,1174,1.000000,1.000000,1.000000,1.000000,0,0,0,0
1646,29,471,1174,1.000000,1.000000,1.000000,1.000000,0,0,0,0
1647,27,471,1175,1.000000,1.000000,1.000000,1.000000,0,0,0,1
1648,25,471,1176,1.000000,1.000000,1.000000,1.000000,0,0,1,0
1649,23,471,1177,1.000000,1.000000,1.000000,1.000000,1,0,1,0
1650,29,472,1177,1.000000,1.000000,1.000000,1.000000,1,0,1,0
1651,27,472,1178,1.000000,1.000000,1.000000,1.000000,0,0,0,0
1652,29,473,1178,1.000000,1.000000,1.000000,1.000000,0,0,0,0
1653,27,473,1179,1.000000,1.000000,1.000000,1.000000,0,0,0,0
1654,25,473,1180,1.000000,1.000000,1.000000,1.000000,0,0,0,0
1655,23,473,1181,1.000000,1.000000,1.000000,1.000000,0,0,0,0
1656,21,473,1182,1.000000,1.000000,1.000000,1.000000,0,0,0,0
1657,19,473,1183,1.000000,1.000000,1.000000,1.000000,0,0,0,0
1658,17,473,1184,1.000000,1.000000,1.000000,1.000000,0,0,0,0
1659,15,473,1185,1.000000,1.000000,1.000000,1.000000,0,0,0,0
1660,13,473,1186,1.000000,1.000000,1.000000,1.000000,0,0,0,0
1661,11,473,1187,1.000000,1.000000,1.000000,1.000000,0,1,0,0
1662,9,473,1188,1.000000,1.000000,1.000000,1.000000,0,0,0,0
1663,29,474,1188,1.000000,1.000000,1.000000,1.000000,0,0,0,0
1664,27,474,1189,1.000000,1.000000,1.000000,1.000000,0,0,0,0
1665,25,474,1190,1.000000,1.000000,1.000000,1.000000,0,0,0,1
1666,23,474,1191,1.000000,1.000000,1.000000,1.000000,1,0,1,0
1667,29,475,1191,1.000000,1.000000,1.000000,1.000000,1,0,1,0
1668,27,475,1192,1.000000,1.000000,1.000000,1.000000,0,0,0,0
1669,29,476,1192,1.000000,1.000000,1.000000,1.000000,0,0,0,0
1670,27,476,1193,1.000000,1.000000,1.000000,1.000000,0,0,0,0
1671,25,476,1194,1.000000,1.000000,1.000000,1.000000,0,0,0,0
1672,23,476,1195,1.000000,1.000000,1.000000,1.000000,0,0,0,0
1673,21,476,1196,1.000000,1.000000,1.000000,1.000000,0,0,1,0
1674,19,476,1197,1.000000,1.000000,1.000000,1.000000,0,0,0,1
1675,29,477,1197,1.000000,1.000000,1.000000,1.000000,0,0,0,1
1676,27,477,1198,1.000000,1.000000,1.000000,1.000000,0,0,0,1
1677,29,478,1198,1.000000,1.000000,1.000000,1.000000,0,0,0,1
1678,27,478,1199,1.000000,1.000000,1.000000,1.000000,0,0,0,0
1679,25,478,1200,1.000000,1.000000,1.000000,1.000000,0,0,0,1
1680,23,478,1201,1.000000,1.000000,1.000000,1.000000,0,0,0,1
1681,29,479,1201,1.000000,1.000000,1.000000,1.000000,0,0,0,1
1682,27,479,1202,1.000000,1.000000,1.000000,1.000000,0,0,0,1
1683,25,479,1203,1.000000,1.000000,1.000000,1.000000,0,1,0,0
1684,29,480,1203,1.000000,1.000000,1.000000,1.000000,0,1,0,0
1685,27,480,1204,1.000000,1.000000,1.000000,1.000000,0,0,0,0
1686,29,481,1204,1.000000,1.000000,1.000000,1.000000,0,0,0,0
1687,27,481,1205,1.000000,1.000000,1.000000,1.000000,0,0,0,0
1688,25,481,1206,1.000000,1.000000,1.000000,1.000000,0,0,0,0
1689,23,481,1207,1.000000,1.000000,1.000000,1.000000,0,0,0,0
1690,21,481,1208,1.000000,1.000000,1.000000,1.000000,1,0,0,0
1691,19,481,1209,1.000000,1.000000,1.000000,1.000000,0,0,0,0
1692,29,482,1209,1.000000,1.000000,1.000000,1.000000,0,0,0,0
1693,27,482,1210,1.000000,1.000000,1.000000,1.000000,0,0,0,0
1694,25,482,1211,1.000000,1.000000,1.000000,1.000000,0,0,0,0
1695,23,482,1212,1.000000,1.000000,1.000000,1.000000,0,0,0,0
1696,21,482,1213,1.000000,1.000000,1.000000,1.000000,0,0,0,0
1697,19,482,1214,1.000000,1.000000,1.000000,1.000000,0,0,0,1
1698,17,482,1215,1.000000,1.000000,1.000000,1.000000,0,1,0,0
1699,15,482,1216,1.000000,1.000000,1.000000,1.000000,0,1,1,0
1700,29,483,1216,1.000000,1.000000,1.000000,1.000000,0,1,1,0
1701,27,483,1217,1.000000,1.000000,1.000000,1.000000,0,0,0,0
1702,29,484,1217,1.000000,1.000000,1.000000,1.000000,0,0,0,0
1703,27,484,1218,1.000000,1.000000,1.000000,1.000000,0,0,0,0
1704,25,484,1219,1.000000,1.000000,1.000000,1.000000,1,0,0,0
1705,23,484,1220,1.000000,1.000000,1.000000,1.000000,0,1,0,0
1706,29,485,1220,1.000000,1.000000,1.000000,1.000000,0,1,0,0
1707,27,485,1221,1.000000,1.000000,1.000000,1.000000,0,0,0,0
1708,29,486,1221,1.000000,1.000000,1.000000,1.000000,0,0,0,0
1709,27,486,1222,1.000000,1.000000,1.000000,1.000000,0,0,0,0
1710,25,486,1223,1.000000,1.000000,1.000000,1.000000,0,0,0,0
1711,23,486,1224,1.000000,1.000000,1.000000,1.000000,0,1,0,0
1712,21,486,1225,1.000000,1.000000,1.000000,1.000000,1,1,0,0
1713,29,487,1225,1.000000,1.000000,1.000000,1.000000,1,1,0,0
1714,27,487,1226,1.000000,1.000000,1.000000,1.000000,0,0,0,0
1715,29,488,1226,1.000000,1.000000,1.000000,1.000000,0,0,0,0
1716,27,488,1227,1.000000,1.000000,1.000000,1.000000,0,0,1,0
1717,25,488,1228,1.000000,1.000000,1.000000,1.000000,0,0,0,0
1718,23,488,1229,1.000000,1.000000,1.000000,1.000000,0,0,0,1
1719,21,488,1230,1.000000,1.000000,1.000000,1.000000,0,0,0,0
1720,29,489,1230,1.000000,1.000000,1.000000,1.000000,0,0,0,0
1721,27,489,1231,1.000000,1.000000,1.000000,1.000000,0,0,0,0
1722,25,489,1232,1.000000,1.000000,1.000000,1.000000,0,0,0,0
1723,23,489,1233,1.000000,1.000000,1.000000,1.000000,0,0,0,0
1724,21,489,1234,1.000000,1.000000,1.000000,1.000000,1,0,0,0
1725,19,489,1235,1.000000,1.000000,1.000000,1.000000,0,0,0,1
1726,29,490,1235,1.000000,1.000000,1.000000,1.000000,0,0,0,1
1727,27,490,1236,1.000000,1.000000,1.000000,1.000000,0,0,0,1
1728,29,491,1236,1.000000,1.000000,1.000000,1.000000,0,0,0,1
1729,27,491,1237,1.000000,1.000000,1.000000,1.000000,0,0,0,0
1730,29,492,1237,1.000000,1.000000,1.000000,1.000000,0,0,0,0
1731,27,492,1238,1.000000,1.000000,1.000000,1.000000,0,0,0,0
1732,25,492,1239,1.000000,1.000000,1.000000,1.000000,0,0,0,0
1733,23,492,1240,1.000000,1.000000,1.000000,1.000000,0,1,0,0
1734,21,492,1241,1.000000,1.000000,1.000000,1.000000,1,0,1,0
1735,29,493,1241,1.000000,1.000000,1.000000,1.000000,1,0,1,0
1736,27,493,1242,1.000000,1.000000,1.000000,1.000000,1,0,0,0
1737,29,494,1242,1.000000,1.000000,1.000000,1.000000,1,0,0,0
1738,27,494,1243,1.000000,1.000000,1.000000,1.000000,0,1,0,1
1739,29,495,1243,1.000000,1.000000,1.000000,1.000000,0,1,0,1
1740,27,495,1244,1.000000,1.000000,1.000000,1.000000,1,0,0,0
1741,29,496,1244,1.000000,1.000000,1.000000,1.000000,1,0,0,0
1742,27,496,1245,1.000000,1.000000,1.000000,1.000000,0,1,0,0
1743,29,497,1245,1.000000,1.000000,1.000000,1.000000,0,1,0,0
1744,27,497,1246,1.000000,1.000000,1.000000,1.000000,1,0,0,0
1745,29,498,1246,1.000000,1.000000,1.000000,1.000000,1,0,0,0
1746,27,498,1247,1.000000,1.000000,1.000000,1.000000,0,0,0,0
1747,29,499,1247,1.000000,1.000000,1.000000,1.000000,0,0,0,0
1748,27,499,1248,1.000000,1.000000,1.000000,1.000000,0,1,0,1
1749,25,499,1249,1.000000,1.000000,1.000000,1.000000,0,0,0,0
1750,29,500,1249,1.000000,1.000000,1.000000,1.000000,0,0,0,0
1751,27,500,1250,1.000000,1.000000,1.000000,1.000000,1,0,1,0
1752,25,500,1251,1.000000,1.000000,1.000000,1.000000,0,0,0,0
1753,29,501,1251,1.000000,1.000000,1.000000,1.000000,0,0,0,0
1754,27,501,1252,1.000000,1.000000,1.000000,1.000000,0,0,0,0
1755,25,501,1253,1.000000,1.000000,1.000000,1.000000,1,0,0,0
1756,23,501,1254,1.000000,1.000000,1.000000,1.000000,0,0,0,1
1757,29,502,1254,1.000000,1.000000,1.000000,1.000000,0,0,0,1
1758,27,502,1255,1.000000,1.000000,1.000000,1.000000,0,0,0,0
1759,29,503,1255,1.000000,1.000000,1.000000,1.000000,0,0,0,0
1760,27,503,1256,1.000000,1.000000,1.000000,1.000000,1,0,0,0
1761,25,503,1257,1.000000,1.000000,1.000000,1.000000,1,0,0,1
1762,29,504,1257,1.000000,1.000000,1.000000,1.000000,1,0,0,1
1763,27,504,1258,1.000000,1.000000,1.000000,1.000000,0,0,0,0
1764,29,505,1258,1.000000,1.000000,1.000000,1.000000,0,0,0,0
1765,27,505,1259,1.000000,1.000000,1.000000,1.000000,0,0,0,1
1766,25,505,1260,1.000000,1.000000,1.000000,1.000000,0,0,0,0
1767,23,505,1261,1.000000,1.000000,1.000000,1.000000,0,0,0,0
1768,21,505,1262,1.000000,1.000000,1.000000,1.000000,0,0,0,0
1769,19,505,1263,1.000000,1.000000,1.000000,1.000000,0,0,0,0
1770,17,505,1264,1.000000,1.000000,1.000000,1.000000,0,0,0,0
1771,15,505,1265,1.000000,1.000000,1.000000,1.000000,0,1,0,0
1772,13,505,1266,1.000000,1.000000,1.000000,1.000000,0,0,0,0
1773,29,506,1266,1.000000,1.000000,1.000000,1.000000,0,0,0,0
1774,27,506,1267,1.000000,1.000000,1.000000,1.000000,0,0,0,0
1775,25,506,1268,1.000000,1.000000,1.000000,1.000000,0,0,0,0
1776,23,506,1269,1.000000,1.000000,1.000000,1.000000,0,0,0,0
1777,21,506,1270,1.000000,1.000000,1.000000,1.000000,0,0,0,0
1778,19,506,1271,1.000000,1.000000,1.000000,1.000000,0,0,0,0
1779,17,506,1272,1.000000,1.000000,1.000000,1.000000,0,0,0,1
1780,15,506,1273,1.000000,1.000000,1.000000,1.000000,0,0,0,0
1781,29,507,1273,1.000000,1.000000,1.000000,1.000000,0,0,0,0
1782,27,507,1274,1.000000,1.000000,1.000000,1.000000,1,0,0,0
1783,25,507,1275,1.000000,1.000000,1.000000,1.000000,0,0,0,0
1784,29,508,1275,1.000000,1.000000,1.000000,1.000000,0,0,0,0
1785,27,508,1276,1.000000,1.000000,1.000000,1.000000,1,0,0,0
1786,25,508,1277,1.000000,1.000000,1.000000,1.000000,1,0,0,0
1787,29,509,1277,1.000000,1.000000,1.000000,1.000000,1,0,0,0
1788,27,509,1278,1.000000,1.000000,1.000000,1.000000,0,0,0,0
1789,29,510,1278,1.000000,1.000000,1.000000,1.000000,0,0,0,0
1790,27,510,1279,1.000000,1.000000,1.000000,1.000000,0,0,0,1
1791,25,510,1280,1.000000,1.000000,1.000000,1.000000,0,0,1,0
1792,29,511,1280,1.000000,1.000000,1.000000,1.000000,0,0,1,0
1793,27,511,1281,1.000000,1.000000,1.000000,1.000000,0,0,0,0
1794,29,512,1281,1.000000,1.000000,1.000000,1.000000,0,0,0,0
1795,27,512,1282,1.000000,1.000000,1.000000,1.000000,0,0,0,1
1796,25,512,1283,1.000000,1.000000,1.000000,1.000000,0,0,1,1
1797,29,513,1283,1.000000,1.000000,1.000000,1.000000,0,0,1,1
1798,27,513,1284,1.000000,1.000000,1.000000,1.000000,0,0,1,0
1799,29,514,1284,1.000000,1.000000,1.000000,1.000000,0,0,1,0
1800,27,514,1285,1.000000,1.000000,1.000000,1.000000,0,0,0,0
1801,29,515,1285,1.000000,1.000000,1.000000,1.000000,0,0,0,0
1802,27,515,1286,1.000000,1.000000,1.000000,1.000000,0,0,0,0
1803,25,515,1287,1.000000,1.000000,1.000000,1.000000,0,0,1,0
1804,23,515,1288,1.000000,1.000000,1.000000,1.000000,1,1,0,0
1805,21,515,1289,1.000000,1.000000,1.000000,1.000000,0,0,0,0
1806,29,516,1289,1.000000,1.000000,1.000000,1.000000,0,0,0,0
1807,27,516,1290,1.000000,1.000000,1.000000,1.000000,0,1,0,0
1808,25,516,1291,1.000000,1.000000,1.000000,1.000000,0,0,0,0
1809,29,517,1291,1.000000,1.000000,1.000000,1.000000,0,0,0,0
1810,27,517,1292,1.000000,1.000000,1.000000,1.000000,0,0,0,0
1811,25,517,1293,1.000000,1.000000,1.000000,1.000000,0,0,0,0
1812,23,517,1294,1.000000,1.000000,1.000000,1.000000,0,0,0,0
1813,21,517,1295,1.000000,1.000000,1.000000,1.000000,0,0,0,0
1814,19,517,1296,1.000000,1.000000,1.000000,1.000000,0,0,0,0
1815,17,517,1297,1.000000,1.000000,1.000000,1.000000,0,1,0,0
1816,15,517,1298,1.000000,1.000000,1.000000,1.000000,0,0,0,0
1817,29,518,1298,1.000000,1.000000,1.000000,1.000000,0,0,0,0
1818,27,518,1299,1.000000,1.000000,1.000000,1.000000,0,0,0,0
1819,25,518,1300,1.000000,1.000000,1.000000,1.000000,0,0,0,0
1820,23,518,1301,1.000000,1.000000,1.000000,1.000000,0,0,0,0
1821,21,518,1302,1.000000,1.000000,1.000000,1.000000,0,0,0,0
1822,19,518,1303,1.000000,1.000000,1.000000,1.000000,0,0,0,0
1823,17,518,1304,1.000000,1.000000,1.000000,1.000000,1,0,0,0
1824,15,518,1305,1.000000,1.000000,1.000000,1.000000,1,1,0,1
1825,29,519,1305,1.000000,1.000000,1.000000,1.000000,1,1,0,1
1826,27,519,1306,1.000000,1.000000,1.000000,1.000000,0,0,0,0
1827,29,520,1306,1.000000,1.000000,1.000000,1.000000,0,0,0,0
1828,27,520,1307,1.000000,1.000000,1.000000,1.000000,0,0,0,0
1829,25,520,1308,1.000000,1.000000,1.000000,1.000000,0,0,0,0
1830,23,520,1309,1.000000,1.000000,1.000000,1.000000,0,1,0,0
1831,21,520,1310,1.000000,1.000000,1.000000,1.000000,0,0,0,0
1832,29,521,1310,1.000000,1.000000,1.000000,1.000000,0,0,0,0
1833,27,521,1311,1.000000,1.000000,1.000000,1.000000,0,0,0,0
1834,25,521,1312,1.000000,1.000000,1.000000,1.000000,0,0,0,0
1835,23,521,1313,1.000000,1.000000,1.000000,1.000000,0,0,0,0
1836,21,521,1314,1.000000,1.000000,1.000000,1.000000,0,0,0,0
1837,19,521,1315,1.000000,1.000000,1.000000,1.000000,0,0,0,0
1838,17,521,1316,1.000000,1.000000,1.000000,1.000000,0,0,0,0
1839,15,521,1317,1.000000,1.000000,1.000000,1.000000,0,0,0,0
1840,13,521,1318,1.000000,1.000000,1.000000,1.000000,0,1,0,0
1841,11,521,1319,1.000000,1.000000,1.000000,1.000000,0,1,0,1
1842,29,522,1319,1.000000,1.000000,1.000000,1.000000,0,1,0,1
1843,27,522,1320,1.000000,1.000000,1.000000,1.000000,0,0,0,0
1844,29,523,1320,1.000000,1.000000,1.000000,1.000000,0,0,0,0
1845,27,523,1321,1.000000,1.000000,1.000000,1.000000,0,0,0,0
1846,25,523,1322,1.000000,1.000000,1.000000,1.000000,0,0,0,0
1847,23,523,1323,1.000000,1.000000,1.000000,1.000000,0,0,0,0
1848,21,523,1324,1.000000,1.000000,1.000000,1.000000,0,0,1,1
1849,19,523,1325,1.000000,1.000000,1.000000,1.000000,0,0,0,0
1850,29,524,1325,1.000000,1.000000,1.000000,1.000000,0,0,0,0
1851,27,524,1326,1.000000,1.000000,1.000000,1.000000,0,1,0,0
1852,25,524,1327,1.000000,1.000000,1.000000,1.000000,0,0,0,0
1853,29,525,1327,1.000000,1.000000,1.000000,1.000000,0,0,0,0
1854,27,525,1328,1.000000,1.000000,1.000000,1.000000,0,0,0,0
1855,25,525,1329,1.000000,1.000000,1.000000,1.000000,0,1,0,0
1856,23,525,1330,1.000000,1.000000,1.000000,1.000000,0,0,0,0
1857,29,526,1330,1.000000,1.000000,1.000000,1.000000,0,0,0,0
1858,27,526,1331,1.000000,1.000000,1.000000,1.000000,0,0,1,0
1859,25,526,1332,1.000000,1.000000,1.000000,1.000000,0,0,0,0
1860,29,527,1332,1.000000,1.000000,1.000000,1.000000,0,0,0,0
1861,27,527,1333,1.000000,1.000000,1.000000,1.000000,0,0,0,0
1862,25,527,1334,1.000000,1.000000,1.000000,1.000000,0,0,0,0
1863,23,527,1335,1.000000,1.000000,1.000000,1.000000,0,0,1,0
1864,21,527,1336,1.000000,1.000000,1.000000,1.000000,0,0,0,0
1865,29,528,1336,1.000000,1.000000,1.000000,1.000000,0,0,0,0
1866,27,528,1337,1.000000,1.000000,1.000000,1.000000,0,0,0,0
1867,25,528,1338,1.000000,1.000000,1.000000,1.000000,0,0,0,0
1868,23,528,1339,1.000000,1.000000,1.000000,1.000000,0,0,0,0
1869,21,528,1340,1.000000,1.000000,1.000000,1.000000,0,0,0,0
1870,19,528,1341,1.000000,1.000000,1.000000,1.000000,0,1,0,0
1871,17,528,1342,1.000000,1.000000,1.000000,1.000000,1,0,0,0
1872,15,528,1343,1.000000,1.000000,1.000000,1.000000,0,0,1,0
1873,29,529,1343,1.000000,1.000000,1.000000,1.000000,0,0,1,0
1874,27,529,1344,1.000000,1.000000,1.000000,1.000000,0,0,0,0
1875,29,530,1344,1.000000,1.000000,1.000000,1.000000,0,0,0,0
1876,27,530,1345,1.000000,1.000000,1.000000,1.000000,0,0,0,0
1877,25,530,1346,1.000000,1.000000,1.000000,1.000000,0,0,0,0
1878,23,530,1347,1.000000,1.000000,1.000000,1.000000,0,0,0,1
1879,21,530,1348,1.000000,1.000000,1.000000,1.000000,1,0,0,0
1880,29,531,1348,1.000000,1.000000,1.000000,1.000000,1,0,0,0
1881,27,531,1349,1.000000,1.000000,1.000000,1.000000,0,0,0,0
1882,29,532,1349,1.000000,1.000000,1.000000,1.000000,0,0,0,0
1883,27,532,1350,1.000000,1.000000,1.000000,1.000000,0,0,0,0
1884,25,532,1351,1.000000,1.000000,1.000000,1.000000,0,0,0,0
1885,23,532,1352,1.000000,1.000000,1.000000,1.000000,0,0,0,0
1886,21,532,1353,1.000000,1.000000,1.000000,1.000000,0,0,0,0
1887,19,532,1354,1.000000,1.000000,1.000000,1.000000,0,0,0,0
1888,17,532,1355,1.000000,1.000000,1.000000,1.000000,0,0,0,0
1889,15,532,1356,1.000000,1.000000,1.000000,1.000000,0,1,0,0
1890,13,532,1357,1.000000,1.000000,1.000000,1.000000,0,0,1,0
1891,29,533,1357,1.000000,1.000000,1.000000,1.000000,0,0,1,0
1892,27,533,1358,1.000000,1.000000,1.000000,1.000000,0,0,0,0
1893,29,534,1358,1.000000,1.000000,1.000000,1.000000,0,0,0,0
1894,27,534,1359,1.000000,1.000000,1.000000,1.000000,0,0,0,0
1895,25,534,1360,1.000000,1.000000,1.000000,1.000000,0,0,0,0
1896,23,534,1361,1.000000,1.000000,1.000000,1.000000,1,0,0,1
1897,21,534,1362,1.000000,1.000000,1.000000,1.000000,1,0,0,0
1898,29,535,1362,1.000000,1.000000,1.000000,1.000000,1,0,0,0
1899,27,535,1363,1.000000,1.000000,1.000000,1.000000,0,0,0,0
1900,29,536,1363,1.000000,1.000000,1.000000,1.000000,0,0,0,0
1901,27,536,1364,1.000000,1.000000,1.000000,1.000000,0,0,0,0
1902,25,536,1365,1.000000,1.000000,1.000000,1.000000,0,0,0,0
1903,23,536,1366,1.000000,1.000000,1.000000,1.000000,0,0,0,1
1904,21,536,1367,1.000000,1.000000,1.000000,1.000000,0,0,0,0
1905,29,537,1367,1.000000,1.000000,1.000000,1.000000,0,0,0,0
1906,27,537,1368,1.000000,1.000000,1.000000,1.000000,0,0,0,0
1907,25,537,1369,1.000000,1.000000,1.000000,1.000000,0,0,1,0
1908,23,537,1370,1.000000,1.000000,1.000000,1.000000,0,0,1,0
1909,29,538,1370,1.000000,1.000000,1.000000,1.000000,0,0,1,0
1910,27,538,1371,1.000000,1.000000,1.000000,1.000000,0,1,0,1
1911,29,539,1371,1.000000,1.000000,1.000000,1.000000,0,1,0,1
1912,27,539,1372,1.000000,1.000000,1.000000,1.000000,0,0,0,0
1913,29,540,1372,1.000000,1.000000,1.000000,1.000000,0,0,0,0
1914,27,540,1373,1.000000,1.000000,1.000000,1.000000,0,0,0,0
1915,25,540,1374,1.000000,1.000000,1.000000,1.000000,0,0,0,0
1916,23,540,1375,1.000000,1.000000,1.000000,1.000000,1,0,0,0
1917,21,540,1376,1.000000,1.000000,1.000000,1.000000,1,0,0,0
1918,29,541,1376,1.000000,1.000000,1.000000,1.000000,1,0,0,0
1919,27,541,1377,1.000000,1.000000,1.000000,1.000000,0,0,0,0
1920,29,542,1377,1.000000,1.000000,1.000000,1.000000,0,0,0,0
1921,27,542,1378,1.000000,1.000000,1.000000,1.000000,1,0,0,0
1922,25,542,1379,1.000000,1.000000,1.000000,1.000000,0,0,0,0
1923,29,543,1379,1.000000,1.000000,1.000000,1.000000,0,0,0,0
1924,27,543,1380,1.000000,1.000000,1.000000,1.000000,0,0,0,0
1925,25,543,1381,1.000000,1.000000,1.000000,1.000000,0,0,0,0
1926,23,543,1382,1.000000,1.000000,1.000000,1.000000,0,0,0,0
1927,21,543,1383,1.000000,1.000000,1.000000,1.000000,0,1,0,0
1928,19,543,1384,1.000000,1.000000,1.000000,1.000000,0,0,0,0
1929,29,544,1384,1.000000,1.000000,1.000000,1.000000,0,0,0,0
1930,27,544,1385,1.000000,1.000000,1.000000,1.000000,0,0,0,0
1931,25,544,1386,1.000000,1.000000,1.000000,1.000000,0,0,0,0
1932,23,544,1387,1.000000,1.000000,1.000000,1.000000,0,0,0,0
1933,21,544,1388,1.000000,1.000000,1.000000,1.000000,0,0,1,0
1934,19,544,1389,1.000000,1.000000,1.000000,1.000000,0,0,1,0
1935,17,544,1390,1.000000,1.000000,1.000000,1.000000,1,0,0,0
1936,29,545,1390,1.000000,1.000000,1.000000,1.000000,1,0,0,0
1937,27,545,1391,1.000000,1.000000,1.000000,1.000000,0,0,0,0
1938,29,546,1391,1.000000,1.000000,1.000000,1.000000,0,0,0,0
1939,27,546,1392,1.000000,1.000000,1.000000,1.000000,0,0,0,0
1940,25,546,1393,1.000000,1.000000,1.000000,1.000000,1,0,0,1
1941,23,546,1394,1.000000,1.000000,1.000000,1.000000,0,0,0,1
1942,29,547,1394,1.000000,1.000000,1.000000,1.000000,0,0,0,1
1943,27,547,1395,1.000000,1.000000,1.000000,1.000000,1,0,0,1
1944,29,548,1395,1.000000,1.000000,1.000000,1.000000,1,0,0,1
1945,27,548,1396,1.000000,1.000000,1.000000,1.000000,0,0,0,0
1946,29,549,1396,1.000000,1.000000,1.000000,1.000000,0,0,0,0
1947,27,549,1397,1.000000,1.000000,1.000000,1.000000,1,0,0,0
1948,25,549,1398,1.000000,1.000000,1.000000,1.000000,0,0,0,0
1949,29,550,1398,1.000000,1.000000,1.000000,1.000000,0,0,0,0
1950,27,550,1399,1.000000,1.000000,1.000000,1.000000,0,0,0,0
1951,25,550,1400,1.000000,1.000000,1.000000,1.000000,0,0,0,0
1952,23,550,1401,1.000000,1.000000,1.000000,1.000000,0,0,0,0
1953,21,550,1402,1.000000,1.000000,1.000000,1.000000,0,0,0,0
1954,19,550,1403,1.000000,1.000000,1.000000,1.000000,0,0,0,0
1955,17,550,1404,1.000000,1.000000,1.000000,1.000000,0,0,0,0
1956,15,550,1405,1.000000,1.000000,1.000000,1.000000,0,0,0,0
1957,13,550,1406,1.000000,1.000000,1.000000,1.000000,0,0,0,0
1958,11,550,1407,1.000000,1.000000,1.000000,1.000000,0,0,0,0
1959,9,550,1408,1.000000,1.000000,1.000000,1.000000,0,0,1,1
1960,7,550,1409,1.000000,1.000000,1.000000,1.000000,0,0,0,0
1961,29,551,1409,1.000000,1.000000,1.000000,1.000000,0,0,0,0
1962,27,551,1410,1.000000,1.000000,1.000000,1.000000,0,0,0,0
1963,25,551,1411,1.000000,1.000000,1.000000,1.000000,0,0,0,0
1964,23,551,1412,1.000000,1.000000,1.000000,1.000000,0,0,0,0
1965,21,551,1413,1.000000,1.000000,1.000000,1.000000,1,0,0,0
1966,19,551,1414,1.000000,1.000000,1.000000,1.000000,0,1,0,0
1967,29,552,1414,1.000000,1.000000,1.000000,1.000000,0,1,0,0
1968,27,552,1415,1.000000,1.000000,1.000000,1.000000,1,1,0,0
1969,29,553,1415,1.000000,1.000000,1.000000,1.000000,1,1,0,0
1970,27,553,1416,1.000000,1.000000,1.000000,1.000000,0,0,0,0
1971,29,554,1416,1.000000,1.000000,1.000000,1.000000,0,0,0,0
1972,27,554,1417,1.000000,1.000000,1.000000,1.000000,0,0,0,0
1973,25,554,1418,1.000000,1.000000,1.000000,1.000000,0,0,0,0
1974,23,554,1419,1.000000,1.000000,1.000000,1.000000,0,0,1,0
1975,21,554,1420,1.000000,1.000000,1.000000,1.000000,0,0,0,0
1976,19,554,1421,1.000000,1.000000,1.000000,1.000000,0,0,0,0
1977,17,554,1422,1.000000,1.000000,1.000000,1.000000,0,0,0,0
1978,15,554,1423,1.000000,1.000000,1.000000,1.000000,0,0,1,0
1979,13,554,1424,1.000000,1.000000,1.000000,1.000000,0,0,0,0
1980,29,555,1424,1.000000,1.000000,1.000000,1.000000,0,0,0,0
1981,27,555,1425,1.000000,1.000000,1.000000,1.000000,0,1,0,0
1982,25,555,1426,1.000000,1.000000,1.000000,1.000000,0,0,0,0
1983,23,555,1427,1.000000,1.000000,1.000000,1.000000,0,0,0,0
1984,21,555,1428,1.000000,1.000000,1.000000,1.000000,0,0,0,0
1985,19,555,1429,1.000000,1.000000,1.000000,1.000000,0,0,0,0
1986,17,555,1430,1.000000,1.000000,1.000000,1.000000,0,0,0,1
1987,15,555,1431,1.000000,1.000000,1.000000,1.000000,0,0,0,0
1988,29,556,1431,1.000000,1.000000,1.000000,1.000000,0,0,0,0
1989,27,556,1432,1.000000,1.000000,1.000000,1.000000,0,0,0,0
1990,25,556,1433,1.000000,1.000000,1.000000,1.000000,0,0,1,0
1991,23,556,1434,1.000000,1.000000,1.000000,1.000000,0,0,1,0
1992,29,557,1434,1.000000,1.000000,1.000000,1.000000,0,0,1,0
1993,27,557,1435,1.000000,1.000000,1.000000,1.000000,0,0,0,1
1994,25,557,1436,1.000000,1.000000,1.000000,1.000000,0,1,0,0
1995,29,558,1436,1.000000,1.000000,1.000000,1.000000,0,1,0,0
1996,27,558,1437,1.000000,1.000000,1.000000,1.000000,0,0,0,0
1997,29,559,1437,1.000000,1.000000,1.000000,1.000000,0,0,0,0
1998,27,559,1438,1.000000,1.000000,1.000000,1.000000,0,0,0,0
1999,25,559,1439,1.000000,1.000000,1.000000,1.000000,0,0,0,0
2000,23,559,1440,1.000000,1.000000,1.000000,1.000000,0,0,0,1
