tick,energy,eats,distance,conn_1_6_weight,conn_2_7_weight,conn_3_8_weight,conn_4_9_weight,food_north_sensed,food_east_sensed,food_south_sensed,food_west_sensed
0,30,0,0,1.000000,1.000000,1.000000,1.000000,0,0,0,0
1,29,0,0,1.000000,1.000000,1.000000,1.000000,0,0,0,0
2,27,0,1,1.000000,1.000000,1.000000,1.000000,0,0,0,1
3,25,0,2,1.000000,1.000000,1.000000,1.000000,0,0,0,0
4,29,1,2,1.000000,1.000000,1.000000,1.000000,0,0,0,0
5,27,1,3,1.000000,1.000000,1.000000,1.000000,0,0,0,0
6,25,1,4,1.000000,1.000000,1.000000,1.000000,0,1,1,0
7,23,1,5,1.000000,1.000000,1.000000,1.000000,0,0,0,0
8,29,2,5,1.000000,1.000000,1.000000,1.000000,0,0,0,0
9,27,2,6,1.000000,1.000000,1.000000,1.000000,0,0,0,0
10,25,2,7,1.000000,1.000000,1.000000,1.000000,0,1,0,0
11,23,2,8,1.000000,1.000000,1.000000,1.000000,0,0,0,0
12,29,3,8,1.000000,1.000000,1.000000,1.000000,0,0,0,0
13,27,3,9,1.000000,1.000000,1.000000,1.000000,0,0,0,0
14,25,3,10,1.000000,1.000000,1.000000,1.000000,0,0,0,1
15,23,3,11,1.000000,1.000000,1.000000,1.000000,0,0,0,0
16,29,4,11,1.000000,1.000000,1.000000,1.000000,0,0,0,0
17,27,4,12,1.000000,1.000000,1.000000,1.000000,0,0,0,0
18,25,4,13,1.000000,1.000000,1.000000,1.000000,0,0,0,0
19,23,4,14,1.000000,1.000000,1.000000,1.000000,0,0,0,0
20,21,4,15,1.000000,1.000000,1.000000,1.000000,0,0,0,0
21,19,4,16,1.000000,1.000000,1.000000,1.000000,0,0,0,0
22,17,4,17,1.000000,1.000000,1.000000,1.000000,0,0,0,0
23,15,4,18,1.000000,1.000000,1.000000,1.000000,0,0,0,0
24,13,4,19,1.000000,1.000000,1.000000,1.000000,0,0,0,0
25,11,4,20,1.000000,1.000000,1.000000,1.000000,0,0,0,0
26,9,4,21,1.000000,1.000000,1.000000,1.000000,1,0,0,0
27,7,4,22,1.000000,1.000000,1.000000,1.000000,0,0,0,0
28,29,5,22,1.000000,1.000000,1.000000,1.000000,0,0,0,0
29,27,5,23,1.000000,1.000000,1.000000,1.000000,0,0,0,0
30,25,5,24,1.000000,1.000000,1.000000,1.000000,0,0,0,0
31,23,5,25,1.000000,1.000000,1.000000,1.000000,0,0,0,0
32,21,5,26,1.000000,1.000000,1.000000,1.000000,0,0,0,0
33,19,5,27,1.000000,1.000000,1.000000,1.000000,0,0,0,0
34,17,5,28,1.000000,1.000000,1.000000,1.000000,0,0,0,0
35,15,5,29,1.000000,1.000000,1.000000,1.000000,0,0,0,0
36,13,5,30,1.000000,1.000000,1.000000,1.000000,0,0,1,0
37,11,5,31,1.000000,1.000000,1.000000,1.000000,0,0,1,0
38,29,6,31,1.000000,1.000000,1.000000,1.000000,0,0,1,0
39,27,6,32,1.000000,1.000000,1.000000,1.000000,0,0,1,0
40,29,7,32,1.000000,1.000000,1.000000,1.000000,0,0,1,0
41,27,7,33,1.000000,1.000000,1.000000,1.000000,0,1,1,0
42,29,8,33,1.000000,1.000000,1.000000,1.000000,0,1,1,0
43,27,8,34,1.000000,1.000000,1.000000,1.000000,0,0,0,0
44,29,9,34,1.000000,1.000000,1.000000,1.000000,0,0,0,0
45,27,9,35,1.000000,1.000000,1.000000,1.000000,0,0,0,0
46,25,9,36,1.000000,1.000000,1.000000,1.000000,0,0,0,0
47,23,9,37,1.000000,1.000000,1.000000,1.000000,0,1,0,0
48,21,9,38,1.000000,1.000000,1.000000,1.000000,0,1,0,0
49,19,9,39,1.000000,1.000000,1.000000,1.000000,0,0,0,1
50,29,10,39,1.000000,1.000000,1.000000,1.000000,0,0,0,1
51,27,10,40,1.000000,1.000000,1.000000,1.000000,0,0,0,0
52,29,11,40,1.000000,1.000000,1.000000,1.000000,0,0,0,0
53,27,11,41,1.000000,1.000000,1.000000,1.000000,0,0,0,0
54,25,11,42,1.000000,1.000000,1.000000,1.000000,0,0,1,0
55,23,11,43,1.000000,1.000000,1.000000,1.000000,0,0,0,0
56,29,12,43,1.000000,1.000000,1.000000,1.000000,0,0,0,0
57,27,12,44,1.000000,1.000000,1.000000,1.000000,0,0,0,0
58,25,12,45,1.000000,1.000000,1.000000,1.000000,1,0,1,1
59,23,12,46,1.000000,1.000000,1.000000,1.000000,1,0,0,0
60,29,13,46,1.000000,1.000000,1.000000,1.000000,1,0,0,0
61,27,13,47,1.000000,1.000000,1.000000,1.000000,1,1,0,0
62,25,13,48,1.000000,1.000000,1.000000,1.000000,0,0,0,1
63,29,14,48,1.000000,1.000000,1.000000,1.000000,0,0,0,1
64,27,14,49,1.000000,1.000000,1.000000,1.000000,1,0,0,0
65,29,15,49,1.000000,1.000000,1.000000,1.000000,1,0,0,0
66,27,15,50,1.000000,1.000000,1.000000,1.000000,0,0,0,0
67,25,15,51,1.000000,1.000000,1.000000,1.000000,1,0,0,0
68,23,15,52,1.000000,1.000000,1.000000,1.000000,1,0,0,0
69,29,16,52,1.000000,1.000000,1.000000,1.000000,1,0,0,0
70,27,16,53,1.000000,1.000000,1.000000,1.000000,0,0,0,0
71,29,17,53,1.000000,1.000000,1.000000,1.000000,0,0,0,0
72,27,17,54,1.000000,1.000000,1.000000,1.000000,0,0,0,0
73,25,17,55,1.000000,1.000000,1.000000,1.000000,0,0,0,0
74,23,17,56,1.000000,1.000000,1.000000,1.000000,0,0,0,0
75,21,17,57,1.000000,1.000000,1.000000,1.000000,1,0,0,0
76,19,17,58,1.000000,1.000000,1.000000,1.000000,0,0,0,0
77,29,18,58,1.000000,1.000000,1.000000,1.000000,0,0,0,0
78,27,18,59,1.000000,1.000000,1.000000,1.000000,0,0,0,0
79,25,18,60,1.000000,1.000000,1.000000,1.000000,0,0,0,1
80,23,18,61,1.000000,1.000000,1.000000,1.000000,0,0,0,0
81,29,19,61,1.000000,1.000000,1.000000,1.000000,0,0,0,0
82,27,19,62,1.000000,1.000000,1.000000,1.000000,0,0,0,0
83,25,19,63,1.000000,1.000000,1.000000,1.000000,0,0,0,1
84,23,19,64,1.000000,1.000000,1.000000,1.000000,0,0,0,0
85,29,20,64,1.000000,1.000000,1.000000,1.000000,0,0,0,0
86,27,20,65,1.000000,1.000000,1.000000,1.000000,0,0,0,0
87,25,20,66,1.000000,1.000000,1.000000,1.000000,0,0,0,0
88,23,20,67,1.000000,1.000000,1.000000,1.000000,0,0,0,0
89,21,20,68,1.000000,1.000000,1.000000,1.000000,0,0,0,1
90,19,20,69,1.000000,1.000000,1.000000,1.000000,0,0,0,0
91,29,21,69,1.000000,1.000000,1.000000,1.000000,0,0,0,0
92,27,21,70,1.000000,1.000000,1.000000,1.000000,0,0,0,1
93,25,21,71,1.000000,1.000000,1.000000,1.000000,1,0,0,0
94,23,21,72,1.000000,1.000000,1.000000,1.000000,0,0,0,0
95,29,22,72,1.000000,1.000000,1.000000,1.000000,0,0,0,0
96,27,22,73,1.000000,1.000000,1.000000,1.000000,0,1,0,0
97,25,22,74,1.000000,1.000000,1.000000,1.000000,0,0,0,0
98,29,23,74,1.000000,1.000000,1.000000,1.000000,0,0,0,0
99,27,23,75,1.000000,1.000000,1.000000,1.000000,0,0,0,0
100,25,23,76,1.000000,1.000000,1.000000,1.000000,0,0,0,0
101,23,23,77,1.000000,1.000000,1.000000,1.000000,0,1,0,0
102,21,23,78,1.000000,1.000000,1.000000,1.000000,0,0,0,0
103,29,24,78,1.000000,1.000000,1.000000,1.000000,0,0,0,0
104,27,24,79,1.000000,1.000000,1.000000,1.000000,0,0,0,0
105,25,24,80,1.000000,1.000000,1.000000,1.000000,0,0,0,0
106,23,24,81,1.000000,1.000000,1.000000,1.000000,0,0,0,0
107,21,24,82,1.000000,1.000000,1.000000,1.000000,0,0,0,0
108,19,24,83,1.000000,1.000000,1.000000,1.000000,0,0,0,0
109,17,24,84,1.000000,1.000000,1.000000,1.000000,0,0,1,1
110,15,24,85,1.000000,1.000000,1.000000,1.000000,0,0,0,1
111,29,25,85,1.000000,1.000000,1.000000,1.000000,0,0,0,1
112,27,25,86,1.000000,1.000000,1.000000,1.000000,0,0,0,0
113,29,26,86,1.000000,1.000000,1.000000,1.000000,0,0,0,0
114,27,26,87,1.000000,1.000000,1.000000,1.000000,0,0,0,0
115,25,26,88,1.000000,1.000000,1.000000,1.000000,0,1,1,0
116,23,26,89,1.000000,1.000000,1.000000,1.000000,0,0,1,0
117,29,27,89,1.000000,1.000000,1.000000,1.000000,0,0,1,0
118,27,27,90,1.000000,1.000000,1.000000,1.000000,0,0,0,0
119,29,28,90,1.000000,1.000000,1.000000,1.000000,0,0,0,0
120,27,28,91,1.000000,1.000000,1.000000,1.000000,0,0,0,0
121,25,28,92,1.000000,1.000000,1.000000,1.000000,0,0,0,1
122,23,28,93,1.000000,1.000000,1.000000,1.000000,1,0,0,1
123,29,29,93,1.000000,1.000000,1.000000,1.000000,1,0,0,1
124,27,29,94,1.000000,1.000000,1.000000,1.000000,1,0,0,0
125,29,30,94,1.000000,1.000000,1.000000,1.000000,1,0,0,0
126,27,30,95,1.000000,1.000000,1.000000,1.000000,0,0,0,0
127,29,31,95,1.000000,1.000000,1.000000,1.000000,0,0,0,0
128,27,31,96,1.000000,1.000000,1.000000,1.000000,0,0,0,0
129,25,31,97,1.000000,1.000000,1.000000,1.000000,0,0,0,0
130,23,31,98,1.000000,1.000000,1.000000,1.000000,0,0,0,0
131,21,31,99,1.000000,1.000000,1.000000,1.000000,0,0,0,0
132,19,31,100,1.000000,1.000000,1.000000,1.000000,0,0,0,0
133,17,31,101,1.000000,1.000000,1.000000,1.000000,0,0,0,0
134,15,31,102,1.000000,1.000000,1.000000,1.000000,1,0,0,0
135,13,31,103,1.000000,1.000000,1.000000,1.000000,0,0,0,0
136,29,32,103,1.000000,1.000000,1.000000,1.000000,0,0,0,0
137,27,32,104,1.000000,1.000000,1.000000,1.000000,1,0,0,0
138,25,32,105,1.000000,1.000000,1.000000,1.000000,0,0,0,0
139,29,33,105,1.000000,1.000000,1.000000,1.000000,0,0,0,0
140,27,33,106,1.000000,1.000000,1.000000,1.000000,0,0,0,0
141,25,33,107,1.000000,1.000000,1.000000,1.000000,1,0,0,0
142,23,33,108,1.000000,1.000000,1.000000,1.000000,0,0,0,0
143,29,34,108,1.000000,1.000000,1.000000,1.000000,0,0,0,0
144,27,34,109,1.000000,1.000000,1.000000,1.000000,0,1,0,0
145,25,34,110,1.000000,1.000000,1.000000,1.000000,0,1,1,0
146,29,35,110,1.000000,1.000000,1.000000,1.000000,0,1,1,0
147,27,35,111,1.000000,1.000000,1.000000,1.000000,1,0,0,0
148,29,36,111,1.000000,1.000000,1.000000,1.000000,1,0,0,0
149,27,36,112,1.000000,1.000000,1.000000,1.000000,0,0,0,0
150,29,37,112,1.000000,1.000000,1.000000,1.000000,0,0,0,0
151,27,37,113,1.000000,1.000000,1.000000,1.000000,0,0,0,0
152,25,37,114,1.000000,1.000000,1.000000,1.000000,0,0,0,1
153,23,37,115,1.000000,1.000000,1.000000,1.000000,0,0,1,0
154,29,38,115,1.000000,1.000000,1.000000,1.000000,0,0,1,0
155,27,38,116,1.000000,1.000000,1.000000,1.000000,0,0,0,0
156,29,39,116,1.000000,1.000000,1.000000,1.000000,0,0,0,0
157,27,39,117,1.000000,1.000000,1.000000,1.000000,0,0,1,0
158,25,39,118,1.000000,1.000000,1.000000,1.000000,0,0,0,0
159,29,40,118,1.000000,1.000000,1.000000,1.000000,0,0,0,0
160,27,40,119,1.000000,1.000000,1.000000,1.000000,0,1,0,0
161,25,40,120,1.000000,1.000000,1.000000,1.000000,0,0,0,0
162,23,40,121,1.000000,1.000000,1.000000,1.000000,0,0,0,0
163,21,40,122,1.000000,1.000000,1.000000,1.000000,1,0,0,0
164,19,40,123,1.000000,1.000000,1.000000,1.000000,1,0,0,1
165,29,41,123,1.000000,1.000000,1.000000,1.000000,1,0,0,1
166,27,41,124,1.000000,1.000000,1.000000,1.000000,0,0,0,0
167,29,42,124,1.000000,1.000000,1.000000,1.000000,0,0,0,0
168,27,42,125,1.000000,1.000000,1.000000,1.000000,0,0,0,0
169,29,43,125,1.000000,1.000000,1.000000,1.000000,0,0,0,0
170,27,43,126,1.000000,1.000000,1.000000,1.000000,0,0,0,0
171,25,43,127,1.000000,1.000000,1.000000,1.000000,0,1,0,0
172,23,43,128,1.000000,1.000000,1.000000,1.000000,0,0,0,0
173,29,44,128,1.000000,1.000000,1.000000,1.000000,0,0,0,0
174,27,44,129,1.000000,1.000000,1.000000,1.000000,0,1,0,0
175,25,44,130,1.000000,1.000000,1.000000,1.000000,0,0,0,0
176,29,45,130,1.000000,1.000000,1.000000,1.000000,0,0,0,0
177,27,45,131,1.000000,1.000000,1.000000,1.000000,0,1,0,0
178,25,45,132,1.000000,1.000000,1.000000,1.000000,0,0,0,0
179,29,46,132,1.000000,1.000000,1.000000,1.000000,0,0,0,0
180,27,46,133,1.000000,1.000000,1.000000,1.000000,0,0,0,0
181,25,46,134,1.000000,1.000000,1.000000,1.000000,0,0,0,0
182,23,46,135,1.000000,1.000000,1.000000,1.000000,0,0,0,0
183,21,46,136,1.000000,1.000000,1.000000,1.000000,0,0,0,0
184,19,46,137,1.000000,1.000000,1.000000,1.000000,0,0,0,0
185,17,46,138,1.000000,1.000000,1.000000,1.000000,0,0,0,0
186,15,46,139,1.000000,1.000000,1.000000,1.000000,0,0,0,0
187,13,46,140,1.000000,1.000000,1.000000,1.000000,0,0,0,0
188,11,46,141,1.000000,1.000000,1.000000,1.000000,1,0,0,0
189,9,46,142,1.000000,1.000000,1.000000,1.000000,1,0,0,0
190,29,47,142,1.000000,1.000000,1.000000,1.000000,1,0,0,0
191,27,47,143,1.000000,1.000000,1.000000,1.000000,0,0,1,0
192,25,47,144,1.000000,1.000000,1.000000,1.000000,0,0,0,0
193,29,48,144,1.000000,1.000000,1.000000,1.000000,0,0,0,0
194,27,48,145,1.000000,1.000000,1.000000,1.000000,0,1,0,0
195,25,48,146,1.000000,1.000000,1.000000,1.000000,0,0,0,0
196,29,49,146,1.000000,1.000000,1.000000,1.000000,0,0,0,0
197,27,49,147,1.000000,1.000000,1.000000,1.000000,0,0,0,0
198,25,49,148,1.000000,1.000000,1.000000,1.000000,0,1,0,0
199,23,49,149,1.000000,1.000000,1.000000,1.000000,1,0,0,0
200,29,50,149,1.000000,1.000000,1.000000,1.000000,1,0,0,0
201,27,50,150,1.000000,1.000000,1.000000,1.000000,1,1,0,0
202,29,51,150,1.000000,1.000000,1.000000,1.000000,1,1,0,0
203,27,51,151,1.000000,1.000000,1.000000,1.000000,0,0,0,0
204,29,52,151,1.000000,1.000000,1.000000,1.000000,0,0,0,0
205,27,52,152,1.000000,1.000000,1.000000,1.000000,0,0,1,0
206,25,52,153,1.000000,1.000000,1.000000,1.000000,0,0,0,0
207,29,53,153,1.000000,1.000000,1.000000,1.000000,0,0,0,0
208,27,53,154,1.000000,1.000000,1.000000,1.000000,0,1,1,0
209,25,53,155,1.000000,1.000000,1.000000,1.000000,0,0,0,0
210,29,54,155,1.000000,1.000000,1.000000,1.000000,0,0,0,0
211,27,54,156,1.000000,1.000000,1.000000,1.000000,0,1,0,0
212,25,54,157,1.000000,1.000000,1.000000,1.000000,0,0,0,0
213,29,55,157,1.000000,1.000000,1.000000,1.000000,0,0,0,0
214,27,55,158,1.000000,1.000000,1.000000,1.000000,0,0,0,0
215,25,55,159,1.000000,1.000000,1.000000,1.000000,0,1,0,0
216,23,55,160,1.000000,1.000000,1.000000,1.000000,0,0,0,0
217,29,56,160,1.000000,1.000000,1.000000,1.000000,0,0,0,0
218,27,56,161,1.000000,1.000000,1.000000,1.000000,0,0,0,0
219,25,56,162,1.000000,1.000000,1.000000,1.000000,1,0,0,0
220,23,56,163,1.000000,1.000000,1.000000,1.000000,1,1,0,0
221,29,57,163,1.000000,1.000000,1.000000,1.000000,1,1,0,0
222,27,57,164,1.000000,1.000000,1.000000,1.000000,0,0,0,0
223,29,58,164,1.000000,1.000000,1.000000,1.000000,0,0,0,0
224,27,58,165,1.000000,1.000000,1.000000,1.000000,0,0,0,0
225,25,58,166,1.000000,1.000000,1.000000,1.000000,0,0,0,0
226,23,58,167,1.000000,1.000000,1.000000,1.000000,0,0,0,0
227,21,58,168,1.000000,1.000000,1.000000,1.000000,1,1,0,0
228,19,58,169,1.000000,1.000000,1.000000,1.000000,0,1,0,1
229,29,59,169,1.000000,1.000000,1.000000,1.000000,0,1,0,1
230,27,59,170,1.000000,1.000000,1.000000,1.000000,1,0,1,0
231,29,60,170,1.000000,1.000000,1.000000,1.000000,1,0,1,0
232,27,60,171,1.000000,1.000000,1.000000,1.000000,0,1,0,0
233,29,61,171,1.000000,1.000000,1.000000,1.000000,0,1,0,0
234,27,61,172,1.000000,1.000000,1.000000,1.000000,0,1,0,0
235,29,62,172,1.000000,1.000000,1.000000,1.000000,0,1,0,0
236,27,62,173,1.000000,1.000000,1.000000,1.000000,0,0,0,0
237,25,62,174,1.000000,1.000000,1.000000,1.000000,0,0,1,0
238,23,62,175,1.000000,1.000000,1.000000,1.000000,0,1,0,0
239,29,63,175,1.000000,1.000000,1.000000,1.000000,0,1,0,0
240,27,63,176,1.000000,1.000000,1.000000,1.000000,0,0,0,0
241,29,64,176,1.000000,1.000000,1.000000,1.000000,0,0,0,0
242,27,64,177,1.000000,1.000000,1.000000,1.000000,0,1,0,0
243,25,64,178,1.000000,1.000000,1.000000,1.000000,0,1,0,0
244,29,65,178,1.000000,1.000000,1.000000,1.000000,0,1,0,0
245,27,65,179,1.000000,1.000000,1.000000,1.000000,0,0,0,0
246,29,66,179,1.000000,1.000000,1.000000,1.000000,0,0,0,0
247,27,66,180,1.000000,1.000000,1.000000,1.000000,1,0,0,0
248,25,66,181,1.000000,1.000000,1.000000,1.000000,1,0,0,1
249,29,67,181,1.000000,1.000000,1.000000,1.000000,1,0,0,1
250,27,67,182,1.000000,1.000000,1.000000,1.000000,0,0,0,0
251,29,68,182,1.000000,1.000000,1.000000,1.000000,0,0,0,0
252,27,68,183,1.000000,1.000000,1.000000,1.000000,1,1,0,0
253,25,68,184,1.000000,1.000000,1.000000,1.000000,1,0,0,0
254,29,69,184,1.000000,1.000000,1.000000,1.000000,1,0,0,0
255,27,69,185,1.000000,1.000000,1.000000,1.000000,0,1,0,0
256,25,69,186,1.000000,1.000000,1.000000,1.000000,0,1,0,0
257,29,70,186,1.000000,1.000000,1.000000,1.000000,0,1,0,0
258,27,70,187,1.000000,1.000000,1.000000,1.000000,0,0,1,0
259,29,71,187,1.000000,1.000000,1.000000,1.000000,0,0,1,0
260,27,71,188,1.000000,1.000000,1.000000,1.000000,0,0,0,0
261,29,72,188,1.000000,1.000000,1.000000,1.000000,0,0,0,0
262,27,72,189,1.000000,1.000000,1.000000,1.000000,0,0,0,0
263,25,72,190,1.000000,1.000000,1.000000,1.000000,0,0,0,1
264,23,72,191,1.000000,1.000000,1.000000,1.000000,0,0,0,1
265,29,73,191,1.000000,1.000000,1.000000,1.000000,1,0,0,1
266,27,73,192,1.000000,1.000000,1.000000,1.000000,0,0,0,0
267,29,74,192,1.000000,1.000000,1.000000,1.000000,0,0,0,0
268,27,74,193,1.000000,1.000000,1.000000,1.000000,1,0,0,0
269,25,74,194,1.000000,1.000000,1.000000,1.000000,1,0,0,0
270,29,75,194,1.000000,1.000000,1.000000,1.000000,1,0,0,0
271,27,75,195,1.000000,1.000000,1.000000,1.000000,0,0,0,0
272,29,76,195,1.000000,1.000000,1.000000,1.000000,0,0,0,0
273,27,76,196,1.000000,1.000000,1.000000,1.000000,0,1,0,1
274,25,76,197,1.000000,1.000000,1.000000,1.000000,1,0,0,0
275,23,76,198,1.000000,1.000000,1.000000,1.000000,1,0,1,0
276,29,77,198,1.000000,1.000000,1.000000,1.000000,1,0,1,0
277,27,77,199,1.000000,1.000000,1.000000,1.000000,0,0,0,0
278,29,78,199,1.000000,1.000000,1.000000,1.000000,0,0,0,0
279,27,78,200,1.000000,1.000000,1.000000,1.000000,0,0,0,0
280,25,78,201,1.000000,1.000000,1.000000,1.000000,0,0,0,0
281,23,78,202,1.000000,1.000000,1.000000,1.000000,0,0,0,0
282,21,78,203,1.000000,1.000000,1.000000,1.000000,0,0,0,0
283,19,78,204,1.000000,1.000000,1.000000,1.000000,0,1,0,0
284,17,78,205,1.000000,1.000000,1.000000,1.000000,1,0,0,0
285,29,79,205,1.000000,1.000000,1.000000,1.000000,1,0,0,0
286,27,79,206,1.000000,1.000000,1.000000,1.000000,0,0,0,0
287,29,80,206,1.000000,1.000000,1.000000,1.000000,0,0,0,0
288,27,80,207,1.000000,1.000000,1.000000,1.000000,0,0,0,0
289,25,80,208,1.000000,1.000000,1.000000,1.000000,1,0,0,0
290,23,80,209,1.000000,1.000000,1.000000,1.000000,0,0,1,0
291,29,81,209,1.000000,1.000000,1.000000,1.000000,0,0,1,0
292,27,81,210,1.000000,1.000000,1.000000,1.000000,0,0,1,0
293,29,82,210,1.000000,1.000000,1.000000,1.000000,0,0,1,0
294,27,82,211,1.000000,1.000000,1.000000,1.000000,0,0,0,0
295,29,83,211,1.000000,1.000000,1.000000,1.000000,0,0,0,0
296,27,83,212,1.000000,1.000000,1.000000,1.000000,0,0,0,0
297,25,83,213,1.000000,1.000000,1.000000,1.000000,0,0,0,0
298,23,83,214,1.000000,1.000000,1.000000,1.000000,0,0,1,0
299,21,83,215,1.000000,1.000000,1.000000,1.000000,0,0,1,0
300,29,84,215,1.000000,1.000000,1.000000,1.000000,0,0,1,0
301,27,84,216,1.000000,1.000000,1.000000,1.000000,0,0,0,0
302,29,85,216,1.000000,1.000000,1.000000,1.000000,0,0,0,0
303,27,85,217,1.000000,1.000000,1.000000,1.000000,0,0,0,0
304,25,85,218,1.000000,1.000000,1.000000,1.000000,0,0,0,0
305,23,85,219,1.000000,1.000000,1.000000,1.000000,0,0,0,0
306,21,85,220,1.000000,1.000000,1.000000,1.000000,0,0,0,0
307,19,85,221,1.000000,1.000000,1.000000,1.000000,0,0,1,0
308,17,85,222,1.000000,1.000000,1.000000,1.000000,0,0,1,0
309,29,86,222,1.000000,1.000000,1.000000,1.000000,0,0,1,0
310,27,86,223,1.000000,1.000000,1.000000,1.000000,0,0,0,1
311,29,87,223,1.000000,1.000000,1.000000,1.000000,0,0,0,1
312,27,87,224,1.000000,1.000000,1.000000,1.000000,0,0,0,1
313,25,87,225,1.000000,1.000000,1.000000,1.000000,0,1,0,1
314,29,88,225,1.000000,1.000000,1.000000,1.000000,0,1,0,1
315,27,88,226,1.000000,1.000000,1.000000,1.000000,0,0,0,0
316,29,89,226,1.000000,1.000000,1.000000,1.000000,0,0,0,0
317,27,89,227,1.000000,1.000000,1.000000,1.000000,0,0,1,0
318,25,89,228,1.000000,1.000000,1.000000,1.000000,0,1,0,0
319,29,90,228,1.000000,1.000000,1.000000,1.000000,0,1,0,0
320,27,90,229,1.000000,1.000000,1.000000,1.000000,0,0,0,0
321,29,91,229,1.000000,1.000000,1.000000,1.000000,0,0,0,0
322,27,91,230,1.000000,1.000000,1.000000,1.000000,0,0,1,0
323,25,91,231,1.000000,1.000000,1.000000,1.000000,0,0,1,0
324,29,92,231,1.000000,1.000000,1.000000,1.000000,0,0,1,0
325,27,92,232,1.000000,1.000000,1.000000,1.000000,0,0,0,0
326,25,92,233,1.000000,1.000000,1.000000,1.000000,0,0,0,1
327,23,92,234,1.000000,1.000000,1.000000,1.000000,0,0,0,0
328,29,93,234,1.000000,1.000000,1.000000,1.000000,0,0,0,0
329,27,93,235,1.000000,1.000000,1.000000,1.000000,0,0,0,0
330,25,93,236,1.000000,1.000000,1.000000,1.000000,0,0,0,0
331,23,93,237,1.000000,1.000000,1.000000,1.000000,0,0,1,0
332,21,93,238,1.000000,1.000000,1.000000,1.000000,0,0,0,0
333,29,94,238,1.000000,1.000000,1.000000,1.000000,0,0,0,0
334,27,94,239,1.000000,1.000000,1.000000,1.000000,0,0,0,0
335,25,94,240,1.000000,1.000000,1.000000,1.000000,0,0,0,0
336,23,94,241,1.000000,1.000000,1.000000,1.000000,0,0,0,0
337,21,94,242,1.000000,1.000000,1.000000,1.000000,0,1,0,0
338,19,94,243,1.000000,1.000000,1.000000,1.000000,0,0,1,0
339,29,95,243,1.000000,1.000000,1.000000,1.000000,0,0,1,0
340,27,95,244,1.000000,1.000000,1.000000,1.000000,0,0,0,0
341,29,96,244,1.000000,1.000000,1.000000,1.000000,0,0,0,0
342,27,96,245,1.000000,1.000000,1.000000,1.000000,0,0,0,0
343,25,96,246,1.000000,1.000000,1.000000,1.000000,0,0,0,0
344,23,96,247,1.000000,1.000000,1.000000,1.000000,0,0,0,0
345,21,96,248,1.000000,1.000000,1.000000,1.000000,0,0,0,0
346,19,96,249,1.000000,1.000000,1.000000,1.000000,0,0,0,0
347,17,96,250,1.000000,1.000000,1.000000,1.000000,0,0,0,0
348,15,96,251,1.000000,1.000000,1.000000,1.000000,0,0,0,0
349,13,96,252,1.000000,1.000000,1.000000,1.000000,0,0,0,0
350,11,96,253,1.000000,1.000000,1.000000,1.000000,0,0,0,0
351,9,96,254,1.000000,1.000000,1.000000,1.000000,0,0,0,1
352,7,96,255,1.000000,1.000000,1.000000,1.000000,0,0,1,0
353,29,97,255,1.000000,1.000000,1.000000,1.000000,0,0,1,0
354,27,97,256,1.000000,1.000000,1.000000,1.000000,0,0,0,0
355,29,98,256,1.000000,1.000000,1.000000,1.000000,0,0,0,0
356,27,98,257,1.000000,1.000000,1.000000,1.000000,0,0,0,0
357,25,98,258,1.000000,1.000000,1.000000,1.000000,0,0,0,0
358,23,98,259,1.000000,1.000000,1.000000,1.000000,0,0,0,0
359,21,98,260,1.000000,1.000000,1.000000,1.000000,0,1,1,0
360,19,98,261,1.000000,1.000000,1.000000,1.000000,0,0,0,0
361,29,99,261,1.000000,1.000000,1.000000,1.000000,0,0,0,0
362,27,99,262,1.000000,1.000000,1.000000,1.000000,0,0,0,1
363,25,99,263,1.000000,1.000000,1.000000,1.000000,0,0,1,0
364,29,100,263,1.000000,1.000000,1.000000,1.000000,0,0,1,0
365,27,100,264,1.000000,1.000000,1.000000,1.000000,0,0,0,0
366,25,100,265,1.000000,1.000000,1.000000,1.000000,0,0,0,1
367,23,100,266,1.000000,1.000000,1.000000,1.000000,0,0,1,0
368,29,101,266,1.000000,1.000000,1.000000,1.000000,0,0,1,0
369,27,101,267,1.000000,1.000000,1.000000,1.000000,0,0,0,0
370,29,102,267,1.000000,1.000000,1.000000,1.000000,0,0,0,0
371,27,102,268,1.000000,1.000000,1.000000,1.000000,0,0,0,0
372,25,102,269,1.000000,1.000000,1.000000,1.000000,0,0,0,0
373,23,102,270,1.000000,1.000000,1.000000,1.000000,0,0,1,1
374,21,102,271,1.000000,1.000000,1.000000,1.000000,1,0,1,0
375,29,103,271,1.000000,1.000000,1.000000,1.000000,1,0,1,0
376,27,103,272,1.000000,1.000000,1.000000,1.000000,0,1,0,0
377,29,104,272,1.000000,1.000000,1.000000,1.000000,0,1,0,0
378,27,104,273,1.000000,1.000000,1.000000,1.000000,0,0,0,0
379,29,105,273,1.000000,1.000000,1.000000,1.000000,0,0,0,0
380,27,105,274,1.000000,1.000000,1.000000,1.000000,0,0,0,0
381,25,105,275,1.000000,1.000000,1.000000,1.000000,1,0,0,0
382,23,105,276,1.000000,1.000000,1.000000,1.000000,0,0,0,0
383,29,106,276,1.000000,1.000000,1.000000,1.000000,0,0,0,0
384,27,106,277,1.000000,1.000000,1.000000,1.000000,0,0,0,0
385,25,106,278,1.000000,1.000000,1.000000,1.000000,0,0,0,0
386,23,106,279,1.000000,1.000000,1.000000,1.000000,0,0,0,0
387,21,106,280,1.000000,1.000000,1.000000,1.000000,0,0,0,0
388,19,106,281,1.000000,1.000000,1.000000,1.000000,0,1,0,1
389,17,106,282,1.000000,1.000000,1.000000,1.000000,0,0,0,0
390,29,107,282,1.000000,1.000000,1.000000,1.000000,0,0,0,0
391,27,107,283,1.000000,1.000000,1.000000,1.000000,0,1,0,0
392,25,107,284,1.000000,1.000000,1.000000,1.000000,1,0,0,0
393,29,108,284,1.000000,1.000000,1.000000,1.000000,1,0,0,0
394,27,108,285,1.000000,1.000000,1.000000,1.000000,0,0,0,0
395,29,109,285,1.000000,1.000000,1.000000,1.000000,0,0,0,0
396,27,109,286,1.000000,1.000000,1.000000,1.000000,0,0,0,0
397,25,109,287,1.000000,1.000000,1.000000,1.000000,1,0,0,0
398,23,109,288,1.000000,1.000000,1.000000,1.000000,1,0,0,0
399,29,110,288,1.000000,1.000000,1.000000,1.000000,1,0,0,0
400,27,110,289,1.000000,1.000000,1.000000,1.000000,0,0,0,0
401,25,110,290,1.000000,1.000000,1.000000,1.000000,0,0,1,0
402,23,110,291,1.000000,1.000000,1.000000,1.000000,0,1,0,1
403,21,110,292,1.000000,1.000000,1.000000,1.000000,0,1,0,0
404,29,111,292,1.000000,1.000000,1.000000,1.000000,0,1,0,0
405,27,111,293,1.000000,1.000000,1.000000,1.000000,0,1,0,0
406,29,112,293,1.000000,1.000000,1.000000,1.000000,0,1,0,0
407,27,112,294,1.000000,1.000000,1.000000,1.000000,0,0,0,0
408,25,112,295,1.000000,1.000000,1.000000,1.000000,0,1,0,0
409,23,112,296,1.000000,1.000000,1.000000,1.000000,0,0,1,0
410,21,112,297,1.000000,1.000000,1.000000,1.000000,1,1,0,0
411,29,113,297,1.000000,1.000000,1.000000,1.000000,1,1,0,0
412,27,113,298,1.000000,1.000000,1.000000,1.000000,0,1,0,0
413,29,114,298,1.000000,1.000000,1.000000,1.000000,0,1,0,0
414,27,114,299,1.000000,1.000000,1.000000,1.000000,0,0,0,0
415,29,115,299,1.000000,1.000000,1.000000,1.000000,0,0,0,0
416,27,115,300,1.000000,1.000000,1.000000,1.000000,0,1,0,0
417,25,115,301,1.000000,1.000000,1.000000,1.000000,0,0,1,0
418,29,116,301,1.000000,1.000000,1.000000,1.000000,0,0,1,0
419,27,116,302,1.000000,1.000000,1.000000,1.000000,0,0,0,0
420,29,117,302,1.000000,1.000000,1.000000,1.000000,0,0,0,0
421,27,117,303,1.000000,1.000000,1.000000,1.000000,0,0,0,0
422,25,117,304,1.000000,1.000000,1.000000,1.000000,0,0,0,0
423,23,117,305,1.000000,1.000000,1.000000,1.000000,0,0,0,0
424,21,117,306,1.000000,1.000000,1.000000,1.000000,1,0,0,0
425,19,117,307,1.000000,1.000000,1.000000,1.000000,0,0,0,0
426,29,118,307,1.000000,1.000000,1.000000,1.000000,0,0,0,0
427,27,118,308,1.000000,1.000000,1.000000,1.000000,0,0,0,0
428,25,118,309,1.000000,1.000000,1.000000,1.000000,0,0,0,0
429,23,118,310,1.000000,1.000000,1.000000,1.000000,0,0,0,1
430,21,118,311,1.000000,1.000000,1.000000,1.000000,0,0,0,1
431,29,119,311,1.000000,1.000000,1.000000,1.000000,0,0,0,1
432,27,119,312,1.000000,1.000000,1.000000,1.000000,0,0,0,1
433,29,120,312,1.000000,1.000000,1.000000,1.000000,0,0,0,1
434,27,120,313,1.000000,1.000000,1.000000,1.000000,1,0,0,0
435,29,121,313,1.000000,1.000000,1.000000,1.000000,1,0,0,0
436,27,121,314,1.000000,1.000000,1.000000,1.000000,0,0,0,1
437,29,122,314,1.000000,1.000000,1.000000,1.000000,0,0,0,1
438,27,122,315,1.000000,1.000000,1.000000,1.000000,0,0,0,1
439,29,123,315,1.000000,1.000000,1.000000,1.000000,0,0,0,1
440,27,123,316,1.000000,1.000000,1.000000,1.000000,0,0,0,0
441,29,124,316,1.000000,1.000000,1.000000,1.000000,0,0,0,0
442,27,124,317,1.000000,1.000000,1.000000,1.000000,0,0,0,0
443,25,124,318,1.000000,1.000000,1.000000,1.000000,0,0,1,0
444,23,124,319,1.000000,1.000000,1.000000,1.000000,0,0,1,0
445,29,125,319,1.000000,1.000000,1.000000,1.000000,0,0,1,0
446,27,125,320,1.000000,1.000000,1.000000,1.000000,0,0,0,0
447,29,126,320,1.000000,1.000000,1.000000,1.000000,0,0,0,0
448,27,126,321,1.000000,1.000000,1.000000,1.000000,0,0,0,0
449,25,126,322,1.000000,1.000000,1.000000,1.000000,0,0,1,0
450,23,126,323,1.000000,1.000000,1.000000,1.000000,0,0,1,0
451,29,127,323,1.000000,1.000000,1.000000,1.000000,0,0,1,0
452,27,127,324,1.000000,1.000000,1.000000,1.000000,0,0,0,0
453,29,128,324,1.000000,1.000000,1.000000,1.000000,0,0,0,0
454,27,128,325,1.000000,1.000000,1.000000,1.000000,0,0,0,0
455,25,128,326,1.000000,1.000000,1.000000,1.000000,0,0,1,0
456,23,128,327,1.000000,1.000000,1.000000,1.000000,0,0,0,0
457,21,128,328,1.000000,1.000000,1.000000,1.000000,0,0,0,0
458,19,128,329,1.000000,1.000000,1.000000,1.000000,0,0,0,0
459,17,128,330,1.000000,1.000000,1.000000,1.000000,0,0,0,0
460,15,128,331,1.000000,1.000000,1.000000,1.000000,0,0,0,0
461,13,128,332,1.000000,1.000000,1.000000,1.000000,0,0,0,0
462,11,128,333,1.000000,1.000000,1.000000,1.000000,0,0,0,1
463,9,128,334,1.000000,1.000000,1.000000,1.000000,0,0,0,1
464,7,128,335,1.000000,1.000000,1.000000,1.000000,0,0,1,0
465,29,129,335,1.000000,1.000000,1.000000,1.000000,0,0,1,0
466,27,129,336,1.000000,1.000000,1.000000,1.000000,0,0,0,0
467,29,130,336,1.000000,1.000000,1.000000,1.000000,0,0,0,0
468,27,130,337,1.000000,1.000000,1.000000,1.000000,0,0,0,0
469,25,130,338,1.000000,1.000000,1.000000,1.000000,0,0,0,0
470,23,130,339,1.000000,1.000000,1.000000,1.000000,0,0,0,0
471,21,130,340,1.000000,1.000000,1.000000,1.000000,0,0,0,0
472,19,130,341,1.000000,1.000000,1.000000,1.000000,0,0,0,0
473,17,130,342,1.000000,1.000000,1.000000,1.000000,0,0,0,1
474,15,130,343,1.000000,1.000000,1.000000,1.000000,0,0,1,0
475,29,131,343,1.000000,1.000000,1.000000,1.000000,0,0,1,0
476,27,131,344,1.000000,1.000000,1.000000,1.000000,0,0,0,0
477,29,132,344,1.000000,1.000000,1.000000,1.000000,0,0,0,0
478,27,132,345,1.000000,1.000000,1.000000,1.000000,0,0,0,1
479,25,132,346,1.000000,1.000000,1.000000,1.000000,0,0,0,0
480,29,133,346,1.000000,1.000000,1.000000,1.000000,0,0,0,0
481,27,133,347,1.000000,1.000000,1.000000,1.000000,0,0,0,0
482,25,133,348,1.000000,1.000000,1.000000,1.000000,0,0,0,0
483,23,133,349,1.000000,1.000000,1.000000,1.000000,0,0,0,0
484,21,133,350,1.000000,1.000000,1.000000,1.000000,0,0,0,0
485,19,133,351,1.000000,1.000000,1.000000,1.000000,0,0,0,0
486,17,133,352,1.000000,1.000000,1.000000,1.000000,0,0,0,0
487,15,133,353,1.000000,1.000000,1.000000,1.000000,0,0,0,0
488,13,133,354,1.000000,1.000000,1.000000,1.000000,0,0,0,0
489,11,133,355,1.000000,1.000000,1.000000,1.000000,0,0,0,0
490,29,134,355,1.000000,1.000000,1.000000,1.000000,0,0,0,0
491,27,134,356,1.000000,1.000000,1.000000,1.000000,0,0,0,0
492,25,134,357,1.000000,1.000000,1.000000,1.000000,0,0,0,0
493,23,134,358,1.000000,1.000000,1.000000,1.000000,0,0,1,0
494,21,134,359,1.000000,1.000000,1.000000,1.000000,0,0,0,0
495,29,135,359,1.000000,1.000000,1.000000,1.000000,0,0,0,0
496,27,135,360,1.000000,1.000000,1.000000,1.000000,0,0,0,1
497,25,135,361,1.000000,1.000000,1.000000,1.000000,0,0,1,0
498,29,136,361,1.000000,1.000000,1.000000,1.000000,0,0,1,0
499,27,136,362,1.000000,1.000000,1.000000,1.000000,0,0,1,0
500,29,137,362,1.000000,1.000000,1.000000,1.000000,0,0,1,0
501,27,137,363,1.000000,1.000000,1.000000,1.000000,0,0,0,0
502,29,138,363,1.000000,1.000000,1.000000,1.000000,0,0,0,0
503,27,138,364,1.000000,1.000000,1.000000,1.000000,0,0,0,0
504,25,138,365,1.000000,1.000000,1.000000,1.000000,0,0,0,0
505,23,138,366,1.000000,1.000000,1.000000,1.000000,0,0,0,0
506,21,138,367,1.000000,1.000000,1.000000,1.000000,0,0,0,0
507,19,138,368,1.000000,1.000000,1.000000,1.000000,0,0,0,0
508,17,138,369,1.000000,1.000000,1.000000,1.000000,0,0,0,0
509,15,138,370,1.000000,1.000000,1.000000,1.000000,0,0,0,0
510,13,138,371,1.000000,1.000000,1.000000,1.000000,0,0,0,0
511,11,138,372,1.000000,1.000000,1.000000,1.000000,0,0,0,0
512,9,138,373,1.000000,1.000000,1.000000,1.000000,0,0,0,0
513,7,138,374,1.000000,1.000000,1.000000,1.000000,0,0,0,1
514,5,138,375,1.000000,1.000000,1.000000,1.000000,0,0,1,0
515,29,139,375,1.000000,1.000000,1.000000,1.000000,0,0,1,0
516,27,139,376,1.000000,1.000000,1.000000,1.000000,1,0,0,0
517,25,139,377,1.000000,1.000000,1.000000,1.000000,0,1,0,1
518,23,139,378,1.000000,1.000000,1.000000,1.000000,0,0,1,0
519,29,140,378,1.000000,1.000000,1.000000,1.000000,0,0,1,0
520,27,140,379,1.000000,1.000000,1.000000,1.000000,0,0,0,0
521,29,141,379,1.000000,1.000000,1.000000,1.000000,0,0,0,0
522,27,141,380,1.000000,1.000000,1.000000,1.000000,0,0,0,0
523,25,141,381,1.000000,1.000000,1.000000,1.000000,0,0,0,0
524,23,141,382,1.000000,1.000000,1.000000,1.000000,0,0,1,0
525,21,141,383,1.000000,1.000000,1.000000,1.000000,0,0,0,1
526,19,141,384,1.000000,1.000000,1.000000,1.000000,0,1,1,0
527,29,142,384,1.000000,1.000000,1.000000,1.000000,0,1,1,0
528,27,142,385,1.000000,1.000000,1.000000,1.000000,0,0,0,0
529,29,143,385,1.000000,1.000000,1.000000,1.000000,0,0,0,0
530,27,143,386,1.000000,1.000000,1.000000,1.000000,0,0,1,0
531,25,143,387,1.000000,1.000000,1.000000,1.000000,0,0,0,0
532,29,144,387,1.000000,1.000000,1.000000,1.000000,0,0,0,0
533,27,144,388,1.000000,1.000000,1.000000,1.000000,0,0,1,0
534,25,144,389,1.000000,1.000000,1.000000,1.000000,0,0,1,0
535,23,144,390,1.000000,1.000000,1.000000,1.000000,1,1,0,0
536,21,144,391,1.000000,1.000000,1.000000,1.000000,0,1,0,1
537,29,145,391,1.000000,1.000000,1.000000,1.000000,0,1,0,1
538,27,145,392,1.000000,1.000000,1.000000,1.000000,0,0,1,0
539,29,146,392,1.000000,1.000000,1.000000,1.000000,0,0,1,0
540,27,146,393,1.000000,1.000000,1.000000,1.000000,0,0,0,0
541,29,147,393,1.000000,1.000000,1.000000,1.000000,0,0,0,0
542,27,147,394,1.000000,1.000000,1.000000,1.000000,0,0,0,0
543,25,147,395,1.000000,1.000000,1.000000,1.000000,0,0,0,0
544,23,147,396,1.000000,1.000000,1.000000,1.000000,0,0,0,0
545,21,147,397,1.000000,1.000000,1.000000,1.000000,0,0,0,0
546,19,147,398,1.000000,1.000000,1.000000,1.000000,1,0,0,1
547,17,147,399,1.000000,1.000000,1.000000,1.000000,0,0,0,1
548,15,147,400,1.000000,1.000000,1.000000,1.000000,0,1,1,0
549,29,148,400,1.000000,1.000000,1.000000,1.000000,0,1,1,0
550,27,148,401,1.000000,1.000000,1.000000,1.000000,0,0,0,0
551,29,149,401,1.000000,1.000000,1.000000,1.000000,0,0,0,0
552,27,149,402,1.000000,1.000000,1.000000,1.000000,0,0,1,0
553,25,149,403,1.000000,1.000000,1.000000,1.000000,0,0,0,0
554,29,150,403,1.000000,1.000000,1.000000,1.000000,0,0,0,0
555,27,150,404,1.000000,1.000000,1.000000,1.000000,0,0,0,0
556,25,150,405,1.000000,1.000000,1.000000,1.000000,0,0,0,0
557,23,150,406,1.000000,1.000000,1.000000,1.000000,0,0,0,0
558,21,150,407,1.000000,1.000000,1.000000,1.000000,0,0,0,0
559,19,150,408,1.000000,1.000000,1.000000,1.000000,0,0,0,0
560,17,150,409,1.000000,1.000000,1.000000,1.000000,0,0,0,0
561,15,150,410,1.000000,1.000000,1.000000,1.000000,0,0,0,0
562,13,150,411,1.000000,1.000000,1.000000,1.000000,0,0,1,0
563,11,150,412,1.000000,1.000000,1.000000,1.000000,0,0,0,0
564,29,151,412,1.000000,1.000000,1.000000,1.000000,0,0,0,0
565,27,151,413,1.000000,1.000000,1.000000,1.000000,0,0,0,0
566,25,151,414,1.000000,1.000000,1.000000,1.000000,0,1,0,0
567,23,151,415,1.000000,1.000000,1.000000,1.000000,0,0,0,0
568,29,152,415,1.000000,1.000000,1.000000,1.000000,0,0,0,0
569,27,152,416,1.000000,1.000000,1.000000,1.000000,0,1,0,0
570,25,152,417,1.000000,1.000000,1.000000,1.000000,0,0,0,0
571,29,153,417,1.000000,1.000000,1.000000,1.000000,0,0,0,0
572,27,153,418,1.000000,1.000000,1.000000,1.000000,0,0,1,0
573,25,153,419,1.000000,1.000000,1.000000,1.000000,0,0,0,0
574,29,154,419,1.000000,1.000000,1.000000,1.000000,0,0,0,0
575,27,154,420,1.000000,1.000000,1.000000,1.000000,0,0,1,0
576,25,154,421,1.000000,1.000000,1.000000,1.000000,0,1,0,1
577,29,155,421,1.000000,1.000000,1.000000,1.000000,0,1,0,1
578,27,155,422,1.000000,1.000000,1.000000,1.000000,0,0,0,0
579,29,156,422,1.000000,1.000000,1.000000,1.000000,0,0,0,0
580,27,156,423,1.000000,1.000000,1.000000,1.000000,0,0,0,0
581,25,156,424,1.000000,1.000000,1.000000,1.000000,0,0,0,0
582,23,156,425,1.000000,1.000000,1.000000,1.000000,0,1,0,0
583,21,156,426,1.000000,1.000000,1.000000,1.000000,0,1,0,0
584,29,157,426,1.000000,1.000000,1.000000,1.000000,0,1,0,0
585,27,157,427,1.000000,1.000000,1.000000,1.000000,1,1,0,0
586,29,158,427,1.000000,1.000000,1.000000,1.000000,1,1,0,0
587,27,158,428,1.000000,1.000000,1.000000,1.000000,1,0,0,0
588,29,159,428,1.000000,1.000000,1.000000,1.000000,1,0,0,0
589,27,159,429,1.000000,1.000000,1.000000,1.000000,0,0,0,1
590,29,160,429,1.000000,1.000000,1.000000,1.000000,0,0,0,1
591,27,160,430,1.000000,1.000000,1.000000,1.000000,1,0,0,0
592,29,161,430,1.000000,1.000000,1.000000,1.000000,1,0,0,0
593,27,161,431,1.000000,1.000000,1.000000,1.000000,0,0,0,0
594,29,162,431,1.000000,1.000000,1.000000,1.000000,0,0,0,0
595,27,162,432,1.000000,1.000000,1.000000,1.000000,0,0,0,0
596,25,162,433,1.000000,1.000000,1.000000,1.000000,0,0,0,0
597,23,162,434,1.000000,1.000000,1.000000,1.000000,0,0,0,0
598,21,162,435,1.000000,1.000000,1.000000,1.000000,0,0,0,0
599,19,162,436,1.000000,1.000000,1.000000,1.000000,0,0,0,0
600,17,162,437,1.000000,1.000000,1.000000,1.000000,0,0,0,0
601,15,162,438,1.000000,1.000000,1.000000,1.000000,0,0,1,0
602,13,162,439,1.000000,1.000000,1.000000,1.000000,0,1,0,1
603,11,162,440,1.000000,1.000000,1.000000,1.000000,0,0,0,1
604,29,163,440,1.000000,1.000000,1.000000,1.000000,1,0,0,1
605,27,163,441,1.000000,1.000000,1.000000,1.000000,0,0,0,0
606,29,164,441,1.000000,1.000000,1.000000,1.000000,0,0,0,1
607,27,164,442,1.000000,1.000000,1.000000,1.000000,0,0,1,0
608,29,165,442,1.000000,1.000000,1.000000,1.000000,1,0,1,0
609,27,165,443,1.000000,1.000000,1.000000,1.000000,0,0,0,1
610,25,165,444,1.000000,1.000000,1.000000,1.000000,0,1,0,1
611,29,166,444,1.000000,1.000000,1.000000,1.000000,0,1,0,1
612,27,166,445,1.000000,1.000000,1.000000,1.000000,0,0,0,0
613,29,167,445,1.000000,1.000000,1.000000,1.000000,0,0,0,0
614,27,167,446,1.000000,1.000000,1.000000,1.000000,1,0,0,0
615,25,167,447,1.000000,1.000000,1.000000,1.000000,0,0,0,0
616,29,168,447,1.000000,1.000000,1.000000,1.000000,0,0,0,0
617,27,168,448,1.000000,1.000000,1.000000,1.000000,0,0,0,0
618,25,168,449,1.000000,1.000000,1.000000,1.000000,0,1,0,0
619,23,168,450,1.000000,1.000000,1.000000,1.000000,0,0,0,0
620,29,169,450,1.000000,1.000000,1.000000,1.000000,1,0,0,0
621,27,169,451,1.000000,1.000000,1.000000,1.000000,0,0,0,0
622,29,170,451,1.000000,1.000000,1.000000,1.000000,0,0,0,1
623,27,170,452,1.000000,1.000000,1.000000,1.000000,0,0,0,0
624,29,171,452,1.000000,1.000000,1.000000,1.000000,0,0,0,0
625,27,171,453,1.000000,1.000000,1.000000,1.000000,0,0,0,1
626,25,171,454,1.000000,1.000000,1.000000,1.000000,0,0,0,1
627,29,172,454,1.000000,1.000000,1.000000,1.000000,0,1,0,1
628,27,172,455,1.000000,1.000000,1.000000,1.000000,0,0,0,1
629,29,173,455,1.000000,1.000000,1.000000,1.000000,0,0,0,1
630,27,173,456,1.000000,1.000000,1.000000,1.000000,0,1,0,0
631,25,173,457,1.000000,1.000000,1.000000,1.000000,0,0,0,0
632,29,174,457,1.000000,1.000000,1.000000,1.000000,0,0,0,0
633,27,174,458,1.000000,1.000000,1.000000,1.000000,1,0,0,0
634,25,174,459,1.000000,1.000000,1.000000,1.000000,0,0,0,0
635,29,175,459,1.000000,1.000000,1.000000,1.000000,0,0,0,0
636,27,175,460,1.000000,1.000000,1.000000,1.000000,0,1,0,0
637,25,175,461,1.000000,1.000000,1.000000,1.000000,0,0,1,0
638,23,175,462,1.000000,1.000000,1.000000,1.000000,1,0,0,0
639,29,176,462,1.000000,1.000000,1.000000,1.000000,1,0,0,0
640,27,176,463,1.000000,1.000000,1.000000,1.000000,0,0,0,1
641,29,177,463,1.000000,1.000000,1.000000,1.000000,0,0,0,1
642,27,177,464,1.000000,1.000000,1.000000,1.000000,0,0,0,0
643,29,178,464,1.000000,1.000000,1.000000,1.000000,0,0,0,0
644,27,178,465,1.000000,1.000000,1.000000,1.000000,0,0,0,0
645,25,178,466,1.000000,1.000000,1.000000,1.000000,0,1,0,0
646,23,178,467,1.000000,1.000000,1.000000,1.000000,0,0,1,0
647,29,179,467,1.000000,1.000000,1.000000,1.000000,0,0,1,0
648,27,179,468,1.000000,1.000000,1.000000,1.000000,0,0,1,0
649,29,180,468,1.000000,1.000000,1.000000,1.000000,0,0,1,0
650,27,180,469,1.000000,1.000000,1.000000,1.000000,0,1,1,0
651,29,181,469,1.000000,1.000000,1.000000,1.000000,0,1,1,0
652,27,181,470,1.000000,1.000000,1.000000,1.000000,0,0,0,0
653,29,182,470,1.000000,1.000000,1.000000,1.000000,0,0,0,0
654,27,182,471,1.000000,1.000000,1.000000,1.000000,0,0,0,0
655,25,182,472,1.000000,1.000000,1.000000,1.000000,0,0,0,0
656,23,182,473,1.000000,1.000000,1.000000,1.000000,0,0,0,0
657,21,182,474,1.000000,1.000000,1.000000,1.000000,0,0,0,0
658,19,182,475,1.000000,1.000000,1.000000,1.000000,0,0,0,0
659,17,182,476,1.000000,1.000000,1.000000,1.000000,0,0,1,0
660,15,182,477,1.000000,1.000000,1.000000,1.000000,0,0,0,0
661,29,183,477,1.000000,1.000000,1.000000,1.000000,0,0,0,0
662,27,183,478,1.000000,1.000000,1.000000,1.000000,0,0,0,0
663,25,183,479,1.000000,1.000000,1.000000,1.000000,0,0,0,0
664,23,183,480,1.000000,1.000000,1.000000,1.000000,0,0,0,0
665,21,183,481,1.000000,1.000000,1.000000,1.000000,0,0,0,0
666,19,183,482,1.000000,1.000000,1.000000,1.000000,0,0,0,0
667,17,183,483,1.000000,1.000000,1.000000,1.000000,0,0,0,0
668,15,183,484,1.000000,1.000000,1.000000,1.000000,0,1,0,0
669,13,183,485,1.000000,1.000000,1.000000,1.000000,1,0,0,0
670,29,184,485,1.000000,1.000000,1.000000,1.000000,1,0,0,0
671,27,184,486,1.000000,1.000000,1.000000,1.000000,0,0,0,0
672,29,185,486,1.000000,1.000000,1.000000,1.000000,0,0,0,0
673,27,185,487,1.000000,1.000000,1.000000,1.000000,0,0,0,0
674,25,185,488,1.000000,1.000000,1.000000,1.000000,0,0,0,0
675,23,185,489,1.000000,1.000000,1.000000,1.000000,0,0,0,0
676,21,185,490,1.000000,1.000000,1.000000,1.000000,0,0,0,0
677,19,185,491,1.000000,1.000000,1.000000,1.000000,0,0,0,0
678,17,185,492,1.000000,1.000000,1.000000,1.000000,0,1,0,0
679,15,185,493,1.000000,1.000000,1.000000,1.000000,1,1,0,0
680,29,186,493,1.000000,1.000000,1.000000,1.000000,1,1,0,0
681,27,186,494,1.000000,1.000000,1.000000,1.000000,1,0,0,0
682,29,187,494,1.000000,1.000000,1.000000,1.000000,1,0,0,0
683,27,187,495,1.000000,1.000000,1.000000,1.000000,0,0,0,1
684,29,188,495,1.000000,1.000000,1.000000,1.000000,0,0,0,1
685,27,188,496,1.000000,1.000000,1.000000,1.000000,0,0,0,0
686,29,189,496,1.000000,1.000000,1.000000,1.000000,0,0,0,0
687,27,189,497,1.000000,1.000000,1.000000,1.000000,0,0,0,0
688,25,189,498,1.000000,1.000000,1.000000,1.000000,0,0,0,0
689,23,189,499,1.000000,1.000000,1.000000,1.000000,0,0,0,0
690,21,189,500,1.000000,1.000000,1.000000,1.000000,0,0,0,0
691,19,189,501,1.000000,1.000000,1.000000,1.000000,0,0,0,0
692,17,189,502,1.000000,1.000000,1.000000,1.000000,0,0,0,0
693,15,189,503,1.000000,1.000000,1.000000,1.000000,0,1,0,1
694,13,189,504,1.000000,1.000000,1.000000,1.000000,0,0,1,0
695,29,190,504,1.000000,1.000000,1.000000,1.000000,0,0,1,0
696,27,190,505,1.000000,1.000000,1.000000,1.000000,0,0,0,0
697,29,191,505,1.000000,1.000000,1.000000,1.000000,0,0,0,0
698,27,191,506,1.000000,1.000000,1.000000,1.000000,0,0,0,1
699,25,191,507,1.000000,1.000000,1.000000,1.000000,1,0,0,0
700,29,192,507,1.000000,1.000000,1.000000,1.000000,1,0,0,0
701,27,192,508,1.000000,1.000000,1.000000,1.000000,0,0,0,0
702,29,193,508,1.000000,1.000000,1.000000,1.000000,0,0,0,0
703,27,193,509,1.000000,1.000000,1.000000,1.000000,0,0,0,0
704,25,193,510,1.000000,1.000000,1.000000,1.000000,0,0,0,0
705,23,193,511,1.000000,1.000000,1.000000,1.000000,0,0,0,0
706,21,193,512,1.000000,1.000000,1.000000,1.000000,1,0,0,0
707,19,193,513,1.000000,1.000000,1.000000,1.000000,1,1,0,0
708,17,193,514,1.000000,1.000000,1.000000,1.000000,0,1,1,0
709,29,194,514,1.000000,1.000000,1.000000,1.000000,0,1,1,0
710,27,194,515,1.000000,1.000000,1.000000,1.000000,0,1,0,0
711,25,194,516,1.000000,1.000000,1.000000,1.000000,1,0,0,1
712,29,195,516,1.000000,1.000000,1.000000,1.000000,1,0,0,1
713,27,195,517,1.000000,1.000000,1.000000,1.000000,0,0,0,0
714,29,196,517,1.000000,1.000000,1.000000,1.000000,0,0,0,0
715,27,196,518,1.000000,1.000000,1.000000,1.000000,1,0,0,0
716,25,196,519,1.000000,1.000000,1.000000,1.000000,0,0,1,0
717,23,196,520,1.000000,1.000000,1.000000,1.000000,0,0,1,0
718,29,197,520,1.000000,1.000000,1.000000,1.000000,0,0,1,0
719,27,197,521,1.000000,1.000000,1.000000,1.000000,0,0,0,0
720,29,198,521,1.000000,1.000000,1.000000,1.000000,0,0,0,0
721,27,198,522,1.000000,1.000000,1.000000,1.000000,0,0,0,1
722,25,198,523,1.000000,1.000000,1.000000,1.000000,1,0,0,0
723,29,199,523,1.000000,1.000000,1.000000,1.000000,1,0,0,0
724,27,199,524,1.000000,1.000000,1.000000,1.000000,0,0,0,0
725,29,200,524,1.000000,1.000000,1.000000,1.000000,0,0,0,0
726,27,200,525,1.000000,1.000000,1.000000,1.000000,0,0,0,0
727,25,200,526,1.000000,1.000000,1.000000,1.000000,0,0,0,1
728,23,200,527,1.000000,1.000000,1.000000,1.000000,0,0,0,0
729,29,201,527,1.000000,1.000000,1.000000,1.000000,0,0,0,0
730,27,201,528,1.000000,1.000000,1.000000,1.000000,0,0,1,0
731,25,201,529,1.000000,1.000000,1.000000,1.000000,0,0,0,0
732,23,201,530,1.000000,1.000000,1.000000,1.000000,0,1,0,1
733,21,201,531,1.000000,1.000000,1.000000,1.000000,0,0,1,1
734,29,202,531,1.000000,1.000000,1.000000,1.000000,0,0,1,1
735,27,202,532,1.000000,1.000000,1.000000,1.000000,1,0,1,0
736,29,203,532,1.000000,1.000000,1.000000,1.000000,1,0,1,0
737,27,203,533,1.000000,1.000000,1.000000,1.000000,0,0,0,0
738,29,204,533,1.000000,1.000000,1.000000,1.000000,0,0,0,0
739,27,204,534,1.000000,1.000000,1.000000,1.000000,0,0,1,0
740,25,204,535,1.000000,1.000000,1.000000,1.000000,0,0,1,0
741,23,204,536,1.000000,1.000000,1.000000,1.000000,0,0,0,0
742,21,204,537,1.000000,1.000000,1.000000,1.000000,0,0,0,0
743,19,204,538,1.000000,1.000000,1.000000,1.000000,0,0,0,0
744,17,204,539,1.000000,1.000000,1.000000,1.000000,0,0,0,0
745,15,204,540,1.000000,1.000000,1.000000,1.000000,1,0,0,1
746,13,204,541,1.000000,1.000000,1.000000,1.000000,1,0,0,0
747,11,204,542,1.000000,1.000000,1.000000,1.000000,1,1,1,0
748,29,205,542,1.000000,1.000000,1.000000,1.000000,1,1,1,0
749,27,205,543,1.000000,1.000000,1.000000,1.000000,0,1,0,0
750,29,206,543,1.000000,1.000000,1.000000,1.000000,0,1,0,0
751,27,206,544,1.000000,1.000000,1.000000,1.000000,1,0,1,0
752,29,207,544,1.000000,1.000000,1.000000,1.000000,1,0,1,0
753,27,207,545,1.000000,1.000000,1.000000,1.000000,0,0,0,0
754,29,208,545,1.000000,1.000000,1.000000,1.000000,0,0,0,0
755,27,208,546,1.000000,1.000000,1.000000,1.000000,0,0,0,0
756,25,208,547,1.000000,1.000000,1.000000,1.000000,0,0,0,0
757,23,208,548,1.000000,1.000000,1.000000,1.000000,0,0,0,0
758,21,208,549,1.000000,1.000000,1.000000,1.000000,1,0,0,0
759,19,208,550,1.000000,1.000000,1.000000,1.000000,1,0,0,0
760,29,209,550,1.000000,1.000000,1.000000,1.000000,1,0,0,0
761,27,209,551,1.000000,1.000000,1.000000,1.000000,0,0,0,0
762,29,210,551,1.000000,1.000000,1.000000,1.000000,0,0,0,0
763,27,210,552,1.000000,1.000000,1.000000,1.000000,0,0,0,0
764,25,210,553,1.000000,1.000000,1.000000,1.000000,0,0,0,0
765,23,210,554,1.000000,1.000000,1.000000,1.000000,0,0,0,0
766,21,210,555,1.000000,1.000000,1.000000,1.000000,0,0,0,0
767,19,210,556,1.000000,1.000000,1.000000,1.000000,0,0,0,0
768,17,210,557,1.000000,1.000000,1.000000,1.000000,0,1,0,0
769,15,210,558,1.000000,1.000000,1.000000,1.000000,0,1,1,0
770,29,211,558,1.000000,1.000000,1.000000,1.000000,0,1,1,0
771,27,211,559,1.000000,1.000000,1.000000,1.000000,0,1,0,0
772,29,212,559,1.000000,1.000000,1.000000,1.000000,0,1,0,0
773,27,212,560,1.000000,1.000000,1.000000,1.000000,1,0,0,0
774,29,213,560,1.000000,1.000000,1.000000,1.000000,1,0,0,0
775,27,213,561,1.000000,1.000000,1.000000,1.000000,0,0,0,0
776,29,214,561,1.000000,1.000000,1.000000,1.000000,0,0,0,0
777,27,214,562,1.000000,1.000000,1.000000,1.000000,0,1,0,0
778,25,214,563,1.000000,1.000000,1.000000,1.000000,0,0,0,0
779,23,214,564,1.000000,1.000000,1.000000,1.000000,0,1,0,0
780,21,214,565,1.000000,1.000000,1.000000,1.000000,1,0,0,0
781,29,215,565,1.000000,1.000000,1.000000,1.000000,1,0,0,0
782,27,215,566,1.000000,1.000000,1.000000,1.000000,0,0,0,0
783,25,215,567,1.000000,1.000000,1.000000,1.000000,1,0,0,0
784,23,215,568,1.000000,1.000000,1.000000,1.000000,0,0,0,0
785,29,216,568,1.000000,1.000000,1.000000,1.000000,0,0,0,0
786,27,216,569,1.000000,1.000000,1.000000,1.000000,0,1,0,0
787,25,216,570,1.000000,1.000000,1.000000,1.000000,0,1,0,0
788,29,217,570,1.000000,1.000000,1.000000,1.000000,0,1,0,0
789,27,217,571,1.000000,1.000000,1.000000,1.000000,0,1,0,0
790,29,218,571,1.000000,1.000000,1.000000,1.000000,0,1,0,0
791,27,218,572,1.000000,1.000000,1.000000,1.000000,0,0,1,0
792,25,218,573,1.000000,1.000000,1.000000,1.000000,1,0,0,0
793,29,219,573,1.000000,1.000000,1.000000,1.000000,1,0,0,0
794,27,219,574,1.000000,1.000000,1.000000,1.000000,0,0,0,0
795,29,220,574,1.000000,1.000000,1.000000,1.000000,0,0,0,0
796,27,220,575,1.000000,1.000000,1.000000,1.000000,1,0,0,0
797,25,220,576,1.000000,1.000000,1.000000,1.000000,0,0,0,0
798,29,221,576,1.000000,1.000000,1.000000,1.000000,0,0,0,0
799,27,221,577,1.000000,1.000000,1.000000,1.000000,0,0,0,0
800,25,221,578,1.000000,1.000000,1.000000,1.000000,0,0,0,0
801,23,221,579,1.000000,1.000000,1.000000,1.000000,0,0,0,1
802,21,221,580,1.000000,1.000000,1.000000,1.000000,1,0,0,0
803,19,221,581,1.000000,1.000000,1.000000,1.000000,0,0,1,0
804,29,222,581,1.000000,1.000000,1.000000,1.000000,0,0,1,0
805,27,222,582,1.000000,1.000000,1.000000,1.000000,0,0,0,0
806,25,222,583,1.000000,1.000000,1.000000,1.000000,0,0,1,0
807,23,222,584,1.000000,1.000000,1.000000,1.000000,0,0,0,0
808,29,223,584,1.000000,1.000000,1.000000,1.000000,0,0,0,0
809,27,223,585,1.000000,1.000000,1.000000,1.000000,0,0,0,0
810,25,223,586,1.000000,1.000000,1.000000,1.000000,0,0,0,0
811,23,223,587,1.000000,1.000000,1.000000,1.000000,0,0,0,0
812,21,223,588,1.000000,1.000000,1.000000,1.000000,0,0,0,1
813,19,223,589,1.000000,1.000000,1.000000,1.000000,0,0,0,0
814,29,224,589,1.000000,1.000000,1.000000,1.000000,0,0,0,0
815,27,224,590,1.000000,1.000000,1.000000,1.000000,0,0,0,0
816,25,224,591,1.000000,1.000000,1.000000,1.000000,1,0,0,0
817,23,224,592,1.000000,1.000000,1.000000,1.000000,0,0,0,0
818,29,225,592,1.000000,1.000000,1.000000,1.000000,0,0,0,0
819,27,225,593,1.000000,1.000000,1.000000,1.000000,0,1,0,1
820,25,225,594,1.000000,1.000000,1.000000,1.000000,1,0,0,0
821,29,226,594,1.000000,1.000000,1.000000,1.000000,1,0,0,0
822,27,226,595,1.000000,1.000000,1.000000,1.000000,0,0,0,0
823,29,227,595,1.000000,1.000000,1.000000,1.000000,0,0,0,0
824,27,227,596,1.000000,1.000000,1.000000,1.000000,0,0,0,0
825,25,227,597,1.000000,1.000000,1.000000,1.000000,0,0,0,0
826,23,227,598,1.000000,1.000000,1.000000,1.000000,0,1,0,0
827,21,227,599,1.000000,1.000000,1.000000,1.000000,0,0,1,0
828,29,228,599,1.000000,1.000000,1.000000,1.000000,0,0,1,0
829,27,228,600,1.000000,1.000000,1.000000,1.000000,0,0,0,0
830,29,229,600,1.000000,1.000000,1.000000,1.000000,0,0,0,0
831,27,229,601,1.000000,1.000000,1.000000,1.000000,0,0,0,0
832,25,229,602,1.000000,1.000000,1.000000,1.000000,0,0,0,0
833,23,229,603,1.000000,1.000000,1.000000,1.000000,0,0,1,0
834,21,229,604,1.000000,1.000000,1.000000,1.000000,0,1,0,0
835,29,230,604,1.000000,1.000000,1.000000,1.000000,0,1,0,0
836,27,230,605,1.000000,1.000000,1.000000,1.000000,0,1,0,0
837,29,231,605,1.000000,1.000000,1.000000,1.000000,0,1,0,0
838,27,231,606,1.000000,1.000000,1.000000,1.000000,0,0,1,0
839,29,232,606,1.000000,1.000000,1.000000,1.000000,0,0,1,0
840,27,232,607,1.000000,1.000000,1.000000,1.000000,0,0,0,0
841,29,233,607,1.000000,1.000000,1.000000,1.000000,0,0,0,0
842,27,233,608,1.000000,1.000000,1.000000,1.000000,0,0,0,0
843,25,233,609,1.000000,1.000000,1.000000,1.000000,0,0,0,1
844,23,233,610,1.000000,1.000000,1.000000,1.000000,0,0,1,0
845,29,234,610,1.000000,1.000000,1.000000,1.000000,0,0,1,0
846,27,234,611,1.000000,1.000000,1.000000,1.000000,0,0,0,0
847,29,235,611,1.000000,1.000000,1.000000,1.000000,0,0,0,0
848,27,235,612,1.000000,1.000000,1.000000,1.000000,0,0,0,0
849,25,235,613,1.000000,1.000000,1.000000,1.000000,0,0,0,0
850,23,235,614,1.000000,1.000000,1.000000,1.000000,0,0,0,0
851,21,235,615,1.000000,1.000000,1.000000,1.000000,0,1,1,0
852,19,235,616,1.000000,1.000000,1.000000,1.000000,0,0,1,0
853,29,236,616,1.000000,1.000000,1.000000,1.000000,0,0,1,0
854,27,236,617,1.000000,1.000000,1.000000,1.000000,0,1,0,0
855,29,237,617,1.000000,1.000000,1.000000,1.000000,0,1,0,0
856,27,237,618,1.000000,1.000000,1.000000,1.000000,0,0,1,0
857,25,237,619,1.000000,1.000000,1.000000,1.000000,1,1,0,0
858,29,238,619,1.000000,1.000000,1.000000,1.000000,1,1,0,0
859,27,238,620,1.000000,1.000000,1.000000,1.000000,0,0,0,0
860,29,239,620,1.000000,1.000000,1.000000,1.000000,0,0,0,0
861,27,239,621,1.000000,1.000000,1.000000,1.000000,1,0,0,0
862,25,239,622,1.000000,1.000000,1.000000,1.000000,0,0,0,0
863,29,240,622,1.000000,1.000000,1.000000,1.000000,0,0,0,0
864,27,240,623,1.000000,1.000000,1.000000,1.000000,0,0,0,0
865,25,240,624,1.000000,1.000000,1.000000,1.000000,0,0,0,0
866,23,240,625,1.000000,1.000000,1.000000,1.000000,0,0,0,0
867,21,240,626,1.000000,1.000000,1.000000,1.000000,0,0,0,0
868,19,240,627,1.000000,1.000000,1.000000,1.000000,0,0,0,0
869,17,240,628,1.000000,1.000000,1.000000,1.000000,0,0,0,0
870,15,240,629,1.000000,1.000000,1.000000,1.000000,0,0,0,0
871,13,240,630,1.000000,1.000000,1.000000,1.000000,1,0,0,0
872,11,240,631,1.000000,1.000000,1.000000,1.000000,1,0,0,0
873,29,241,631,1.000000,1.000000,1.000000,1.000000,1,0,0,0
874,27,241,632,1.000000,1.000000,1.000000,1.000000,0,0,0,1
875,25,241,633,1.000000,1.000000,1.000000,1.000000,0,1,0,1
876,29,242,633,1.000000,1.000000,1.000000,1.000000,0,1,0,1
877,27,242,634,1.000000,1.000000,1.000000,1.000000,0,0,0,0
878,29,243,634,1.000000,1.000000,1.000000,1.000000,0,0,0,0
879,27,243,635,1.000000,1.000000,1.000000,1.000000,0,1,0,0
880,25,243,636,1.000000,1.000000,1.000000,1.000000,0,0,0,0
881,29,244,636,1.000000,1.000000,1.000000,1.000000,0,0,0,0
882,27,244,637,1.000000,1.000000,1.000000,1.000000,0,0,0,0
883,25,244,638,1.000000,1.000000,1.000000,1.000000,0,0,1,0
884,23,244,639,1.000000,1.000000,1.000000,1.000000,0,0,0,0
885,29,245,639,1.000000,1.000000,1.000000,1.000000,0,0,0,0
886,27,245,640,1.000000,1.000000,1.000000,1.000000,0,0,0,0
887,25,245,641,1.000000,1.000000,1.000000,1.000000,1,1,0,0
888,23,245,642,1.000000,1.000000,1.000000,1.000000,1,0,0,0
889,29,246,642,1.000000,1.000000,1.000000,1.000000,1,0,0,0
890,27,246,643,1.000000,1.000000,1.000000,1.000000,0,1,0,1
891,29,247,643,1.000000,1.000000,1.000000,1.000000,0,1,0,1
892,27,247,644,1.000000,1.000000,1.000000,1.000000,0,0,0,0
893,29,248,644,1.000000,1.000000,1.000000,1.000000,0,0,0,0
894,27,248,645,1.000000,1.000000,1.000000,1.000000,0,0,0,0
895,25,248,646,1.000000,1.000000,1.000000,1.000000,0,0,0,0
896,23,248,647,1.000000,1.000000,1.000000,1.000000,0,0,0,1
897,21,248,648,1.000000,1.000000,1.000000,1.000000,0,0,0,0
898,29,249,648,1.000000,1.000000,1.000000,1.000000,0,0,0,0
899,27,249,649,1.000000,1.000000,1.000000,1.000000,0,0,0,1
900,25,249,650,1.000000,1.000000,1.000000,1.000000,0,0,0,0
901,23,249,651,1.000000,1.000000,1.000000,1.000000,0,0,0,1
902,21,249,652,1.000000,1.000000,1.000000,1.000000,0,0,1,1
903,29,250,652,1.000000,1.000000,1.000000,1.000000,0,0,1,1
904,27,250,653,1.000000,1.000000,1.000000,1.000000,0,0,0,1
905,29,251,653,1.000000,1.000000,1.000000,1.000000,0,0,0,1
906,27,251,654,1.000000,1.000000,1.000000,1.000000,0,0,0,0
907,29,252,654,1.000000,1.000000,1.000000,1.000000,0,0,0,0
908,27,252,655,1.000000,1.000000,1.000000,1.000000,1,0,0,0
909,25,252,656,1.000000,1.000000,1.000000,1.000000,1,0,0,0
910,29,253,656,1.000000,1.000000,1.000000,1.000000,1,0,0,0
911,27,253,657,1.000000,1.000000,1.000000,1.000000,0,0,0,0
912,29,254,657,1.000000,1.000000,1.000000,1.000000,0,0,0,0
913,27,254,658,1.000000,1.000000,1.000000,1.000000,0,0,0,0
914,25,254,659,1.000000,1.000000,1.000000,1.000000,0,0,0,0
915,23,254,660,1.000000,1.000000,1.000000,1.000000,0,0,0,0
916,21,254,661,1.000000,1.000000,1.000000,1.000000,1,1,0,0
917,19,254,662,1.000000,1.000000,1.000000,1.000000,0,0,0,0
918,29,255,662,1.000000,1.000000,1.000000,1.000000,0,0,0,0
919,27,255,663,1.000000,1.000000,1.000000,1.000000,0,1,0,0
920,25,255,664,1.000000,1.000000,1.000000,1.000000,0,0,0,0
921,29,256,664,1.000000,1.000000,1.000000,1.000000,0,0,0,0
922,27,256,665,1.000000,1.000000,1.000000,1.000000,0,1,0,0
923,25,256,666,1.000000,1.000000,1.000000,1.000000,1,1,0,0
924,29,257,666,1.000000,1.000000,1.000000,1.000000,1,1,0,0
925,27,257,667,1.000000,1.000000,1.000000,1.000000,0,1,1,0
926,29,258,667,1.000000,1.000000,1.000000,1.000000,0,1,1,0
927,27,258,668,1.000000,1.000000,1.000000,1.000000,0,0,0,0
928,29,259,668,1.000000,1.000000,1.000000,1.000000,0,0,0,0
929,27,259,669,1.000000,1.000000,1.000000,1.000000,1,0,0,0
930,25,259,670,1.000000,1.000000,1.000000,1.000000,0,0,0,0
931,29,260,670,1.000000,1.000000,1.000000,1.000000,0,0,0,0
932,27,260,671,1.000000,1.000000,1.000000,1.000000,0,0,0,0
933,25,260,672,1.000000,1.000000,1.000000,1.000000,0,0,0,1
934,23,260,673,1.000000,1.000000,1.000000,1.000000,0,0,0,0
935,29,261,673,1.000000,1.000000,1.000000,1.000000,0,0,0,0
936,27,261,674,1.000000,1.000000,1.000000,1.000000,0,0,0,0
937,25,261,675,1.000000,1.000000,1.000000,1.000000,0,0,1,1
938,23,261,676,1.000000,1.000000,1.000000,1.000000,0,0,0,0
939,29,262,676,1.000000,1.000000,1.000000,1.000000,0,0,0,0
940,27,262,677,1.000000,1.000000,1.000000,1.000000,1,0,0,0
941,25,262,678,1.000000,1.000000,1.000000,1.000000,0,0,0,0
942,29,263,678,1.000000,1.000000,1.000000,1.000000,0,0,0,0
943,27,263,679,1.000000,1.000000,1.000000,1.000000,0,0,0,0
944,25,263,680,1.000000,1.000000,1.000000,1.000000,0,0,0,0
945,23,263,681,1.000000,1.000000,1.000000,1.000000,0,0,0,0
946,21,263,682,1.000000,1.000000,1.000000,1.000000,0,0,0,0
947,19,263,683,1.000000,1.000000,1.000000,1.000000,0,0,0,0
948,17,263,684,1.000000,1.000000,1.000000,1.000000,0,0,0,0
949,15,263,685,1.000000,1.000000,1.000000,1.000000,0,0,0,0
950,13,263,686,1.000000,1.000000,1.000000,1.000000,0,0,0,0
951,11,263,687,1.000000,1.000000,1.000000,1.000000,0,1,0,0
952,9,263,688,1.000000,1.000000,1.000000,1.000000,0,0,0,0
953,29,264,688,1.000000,1.000000,1.000000,1.000000,0,0,0,0
954,27,264,689,1.000000,1.000000,1.000000,1.000000,1,1,1,0
955,25,264,690,1.000000,1.000000,1.000000,1.000000,1,1,0,0
956,29,265,690,1.000000,1.000000,1.000000,1.000000,1,1,0,0
957,27,265,691,1.000000,1.000000,1.000000,1.000000,0,0,0,0
958,29,266,691,1.000000,1.000000,1.000000,1.000000,0,0,0,0
959,27,266,692,1.000000,1.000000,1.000000,1.000000,0,0,0,0
960,25,266,693,1.000000,1.000000,1.000000,1.000000,0,0,0,0
961,23,266,694,1.000000,1.000000,1.000000,1.000000,0,0,0,0
962,21,266,695,1.000000,1.000000,1.000000,1.000000,0,0,0,0
963,19,266,696,1.000000,1.000000,1.000000,1.000000,0,0,0,0
964,17,266,697,1.000000,1.000000,1.000000,1.000000,0,0,0,1
965,15,266,698,1.000000,1.000000,1.000000,1.000000,0,0,0,0
966,29,267,698,1.000000,1.000000,1.000000,1.000000,0,0,0,0
967,27,267,699,1.000000,1.000000,1.000000,1.000000,0,0,0,0
968,25,267,700,1.000000,1.000000,1.000000,1.000000,0,0,0,0
969,23,267,701,1.000000,1.000000,1.000000,1.000000,0,0,0,0
970,21,267,702,1.000000,1.000000,1.000000,1.000000,0,0,0,0
971,19,267,703,1.000000,1.000000,1.000000,1.000000,0,0,0,0
972,17,267,704,1.000000,1.000000,1.000000,1.000000,0,1,0,0
973,15,267,705,1.000000,1.000000,1.000000,1.000000,0,0,1,0
974,13,267,706,1.000000,1.000000,1.000000,1.000000,1,1,0,0
975,29,268,706,1.000000,1.000000,1.000000,1.000000,1,1,0,0
976,27,268,707,1.000000,1.000000,1.000000,1.000000,0,0,0,0
977,29,269,707,1.000000,1.000000,1.000000,1.000000,0,0,0,0
978,27,269,708,1.000000,1.000000,1.000000,1.000000,0,0,0,0
979,25,269,709,1.000000,1.000000,1.000000,1.000000,0,0,0,0
980,23,269,710,1.000000,1.000000,1.000000,1.000000,0,0,0,0
981,21,269,711,1.000000,1.000000,1.000000,1.000000,1,0,0,0
982,19,269,712,1.000000,1.000000,1.000000,1.000000,0,0,0,0
983,29,270,712,1.000000,1.000000,1.000000,1.000000,0,0,0,0
984,27,270,713,1.000000,1.000000,1.000000,1.000000,0,0,0,0
985,25,270,714,1.000000,1.000000,1.000000,1.000000,0,0,0,0
986,23,270,715,1.000000,1.000000,1.000000,1.000000,0,0,0,0
987,21,270,716,1.000000,1.000000,1.000000,1.000000,0,0,0,0
988,19,270,717,1.000000,1.000000,1.000000,1.000000,0,0,0,0
989,17,270,718,1.000000,1.000000,1.000000,1.000000,0,0,0,0
990,15,270,719,1.000000,1.000000,1.000000,1.000000,0,0,0,0
991,13,270,720,1.000000,1.000000,1.000000,1.000000,0,0,0,0
992,11,270,721,1.000000,1.000000,1.000000,1.000000,0,0,0,0
993,9,270,722,1.000000,1.000000,1.000000,1.000000,1,0,0,0
994,7,270,723,1.000000,1.000000,1.000000,1.000000,0,0,0,0
995,29,271,723,1.000000,1.000000,1.000000,1.000000,0,0,0,0
996,27,271,724,1.000000,1.000000,1.000000,1.000000,0,0,0,1
997,25,271,725,1.000000,1.000000,1.000000,1.000000,1,0,0,0
998,29,272,725,1.000000,1.000000,1.000000,1.000000,1,0,0,0
999,27,272,726,1.000000,1.000000,1.000000,1.000000,0,0,0,0
1000,29,273,726,1.000000,1.000000,1.000000,1.000000,0,0,0,0
1001,27,273,727,1.000000,1.000000,1.000000,1.000000,0,0,0,0
1002,25,273,728,1.000000,1.000000,1.000000,1.000000,0,0,0,0
1003,23,273,729,1.000000,1.000000,1.000000,1.000000,0,0,0,1
1004,21,273,730,1.000000,1.000000,1.000000,1.000000,0,0,0,0
1005,29,274,730,1.000000,1.000000,1.000000,1.000000,0,0,0,0
1006,27,274,731,1.000000,1.000000,1.000000,1.000000,0,0,0,0
1007,25,274,732,1.000000,1.000000,1.000000,1.000000,0,0,0,0
1008,23,274,733,1.000000,1.000000,1.000000,1.000000,0,0,1,1
1009,21,274,734,1.000000,1.000000,1.000000,1.000000,0,0,1,0
1010,29,275,734,1.000000,1.000000,1.000000,1.000000,0,0,1,0
1011,27,275,735,1.000000,1.000000,1.000000,1.000000,0,1,0,0
1012,29,276,735,1.000000,1.000000,1.000000,1.000000,0,1,0,0
1013,27,276,736,1.000000,1.000000,1.000000,1.000000,0,1,0,0
1014,29,277,736,1.000000,1.000000,1.000000,1.000000,0,1,0,0
1015,27,277,737,1.000000,1.000000,1.000000,1.000000,0,0,0,0
1016,29,278,737,1.000000,1.000000,1.000000,1.000000,0,0,0,0
1017,27,278,738,1.000000,1.000000,1.000000,1.000000,1,0,0,0
1018,25,278,739,1.000000,1.000000,1.000000,1.000000,0,0,0,0
1019,29,279,739,1.000000,1.000000,1.000000,1.000000,0,0,0,0
1020,27,279,740,1.000000,1.000000,1.000000,1.000000,0,0,0,0
1021,25,279,741,1.000000,1.000000,1.000000,1.000000,0,0,0,0
1022,23,279,742,1.000000,1.000000,1.000000,1.000000,0,0,0,0
1023,21,279,743,1.000000,1.000000,1.000000,1.000000,0,1,0,0
1024,19,279,744,1.000000,1.000000,1.000000,1.000000,0,0,0,0
1025,29,280,744,1.000000,1.000000,1.000000,1.000000,0,0,0,0
1026,27,280,745,1.000000,1.000000,1.000000,1.000000,0,0,0,0
1027,25,280,746,1.000000,1.000000,1.000000,1.000000,0,0,0,0
1028,23,280,747,1.000000,1.000000,1.000000,1.000000,0,0,0,0
1029,21,280,748,1.000000,1.000000,1.000000,1.000000,0,0,1,0
1030,19,280,749,1.000000,1.000000,1.000000,1.000000,0,0,1,0
1031,29,281,749,1.000000,1.000000,1.000000,1.000000,0,0,1,0
1032,27,281,750,1.000000,1.000000,1.000000,1.000000,0,0,0,0
1033,25,281,751,1.000000,1.000000,1.000000,1.000000,0,0,0,0
1034,23,281,752,1.000000,1.000000,1.000000,1.000000,0,0,0,0
1035,21,281,753,1.000000,1.000000,1.000000,1.000000,0,0,0,0
1036,19,281,754,1.000000,1.000000,1.000000,1.000000,0,0,1,0
1037,17,281,755,1.000000,1.000000,1.000000,1.000000,0,1,1,1
1038,29,282,755,1.000000,1.000000,1.000000,1.000000,0,1,1,1
1039,27,282,756,1.000000,1.000000,1.000000,1.000000,0,0,0,0
1040,29,283,756,1.000000,1.000000,1.000000,1.000000,0,0,0,0
1041,27,283,757,1.000000,1.000000,1.000000,1.000000,0,1,1,1
1042,25,283,758,1.000000,1.000000,1.000000,1.000000,0,0,0,0
1043,29,284,758,1.000000,1.000000,1.000000,1.000000,0,0,0,0
1044,27,284,759,1.000000,1.000000,1.000000,1.000000,0,0,0,0
1045,25,284,760,1.000000,1.000000,1.000000,1.000000,0,0,0,0
1046,23,284,761,1.000000,1.000000,1.000000,1.000000,1,0,0,0
1047,21,284,762,1.000000,1.000000,1.000000,1.000000,0,0,0,0
1048,29,285,762,1.000000,1.000000,1.000000,1.000000,0,0,0,0
1049,27,285,763,1.000000,1.000000,1.000000,1.000000,1,0,0,0
1050,25,285,764,1.000000,1.000000,1.000000,1.000000,0,0,0,0
1051,29,286,764,1.000000,1.000000,1.000000,1.000000,0,0,0,0
1052,27,286,765,1.000000,1.000000,1.000000,1.000000,0,0,0,0
1053,25,286,766,1.000000,1.000000,1.000000,1.000000,0,0,0,0
1054,23,286,767,1.000000,1.000000,1.000000,1.000000,0,0,0,0
1055,21,286,768,1.000000,1.000000,1.000000,1.000000,0,0,0,1
1056,19,286,769,1.000000,1.000000,1.000000,1.000000,0,0,0,0
1057,29,287,769,1.000000,1.000000,1.000000,1.000000,0,0,0,0
1058,27,287,770,1.000000,1.000000,1.000000,1.000000,0,0,0,0
1059,25,287,771,1.000000,1.000000,1.000000,1.000000,0,0,0,0
1060,23,287,772,1.000000,1.000000,1.000000,1.000000,0,0,0,0
1061,21,287,773,1.000000,1.000000,1.000000,1.000000,0,1,0,0
1062,19,287,774,1.000000,1.000000,1.000000,1.000000,0,0,0,0
1063,29,288,774,1.000000,1.000000,1.000000,1.000000,0,0,0,0
1064,27,288,775,1.000000,1.000000,1.000000,1.000000,0,0,0,0
1065,25,288,776,1.000000,1.000000,1.000000,1.000000,0,0,0,0
1066,23,288,777,1.000000,1.000000,1.000000,1.000000,1,0,0,0
1067,21,288,778,1.000000,1.000000,1.000000,1.000000,0,1,0,1
1068,29,289,778,1.000000,1.000000,1.000000,1.000000,0,1,0,1
1069,27,289,779,1.000000,1.000000,1.000000,1.000000,0,0,0,0
1070,29,290,779,1.000000,1.000000,1.000000,1.000000,0,0,0,0
1071,27,290,780,1.000000,1.000000,1.000000,1.000000,0,0,0,0
1072,25,290,781,1.000000,1.000000,1.000000,1.000000,0,0,0,0
1073,23,290,782,1.000000,1.000000,1.000000,1.000000,0,1,0,0
1074,21,290,783,1.000000,1.000000,1.000000,1.000000,0,0,0,0
1075,29,291,783,1.000000,1.000000,1.000000,1.000000,0,0,0,0
1076,27,291,784,1.000000,1.000000,1.000000,1.000000,0,0,0,0
1077,25,291,785,1.000000,1.000000,1.000000,1.000000,0,0,0,0
1078,23,291,786,1.000000,1.000000,1.000000,1.000000,0,0,0,0
1079,21,291,787,1.000000,1.000000,1.000000,1.000000,0,0,1,0
1080,19,291,788,1.000000,1.000000,1.000000,1.000000,0,0,0,0
1081,29,292,788,1.000000,1.000000,1.000000,1.000000,0,0,0,0
1082,27,292,789,1.000000,1.000000,1.000000,1.000000,0,0,0,0
1083,25,292,790,1.000000,1.000000,1.000000,1.000000,0,0,0,0
1084,23,292,791,1.000000,1.000000,1.000000,1.000000,0,0,0,0
1085,21,292,792,1.000000,1.000000,1.000000,1.000000,0,0,0,1
1086,19,292,793,1.000000,1.000000,1.000000,1.000000,0,0,0,1
1087,29,293,793,1.000000,1.000000,1.000000,1.000000,0,0,0,1
1088,27,293,794,1.000000,1.000000,1.000000,1.000000,0,0,0,1
1089,29,294,794,1.000000,1.000000,1.000000,1.000000,0,0,0,1
1090,27,294,795,1.000000,1.000000,1.000000,1.000000,0,0,0,0
1091,25,294,796,1.000000,1.000000,1.000000,1.000000,0,0,0,0
1092,23,294,797,1.000000,1.000000,1.000000,1.000000,0,0,0,0
1093,21,294,798,1.000000,1.000000,1.000000,1.000000,1,0,0,0
1094,19,294,799,1.000000,1.000000,1.000000,1.000000,1,0,0,0
1095,29,295,799,1.000000,1.000000,1.000000,1.000000,1,0,0,0
1096,27,295,800,1.000000,1.000000,1.000000,1.000000,0,0,0,0
1097,29,296,800,1.000000,1.000000,1.000000,1.000000,0,0,0,0
1098,27,296,801,1.000000,1.000000,1.000000,1.000000,1,1,0,1
1099,25,296,802,1.000000,1.000000,1.000000,1.000000,1,0,0,0
1100,29,297,802,1.000000,1.000000,1.000000,1.000000,1,0,0,0
1101,27,297,803,1.000000,1.000000,1.000000,1.000000,1,0,0,0
1102,29,298,803,1.000000,1.000000,1.000000,1.000000,1,0,0,0
1103,27,298,804,1.000000,1.000000,1.000000,1.000000,0,0,0,0
1104,29,299,804,1.000000,1.000000,1.000000,1.000000,0,0,0,0
1105,27,299,805,1.000000,1.000000,1.000000,1.000000,0,0,0,0
1106,25,299,806,1.000000,1.000000,1.000000,1.000000,0,0,0,0
1107,23,299,807,1.000000,1.000000,1.000000,1.000000,0,0,1,0
1108,21,299,808,1.000000,1.000000,1.000000,1.000000,0,0,0,0
1109,29,300,808,1.000000,1.000000,1.000000,1.000000,0,0,0,0
1110,27,300,809,1.000000,1.000000,1.000000,1.000000,0,0,0,0
1111,25,300,810,1.000000,1.000000,1.000000,1.000000,0,1,1,0
1112,23,300,811,1.000000,1.000000,1.000000,1.000000,0,0,0,1
1113,29,301,811,1.000000,1.000000,1.000000,1.000000,0,0,0,1
1114,27,301,812,1.000000,1.000000,1.000000,1.000000,1,0,0,0
1115,25,301,813,1.000000,1.000000,1.000000,1.000000,0,0,0,0
1116,29,302,813,1.000000,1.000000,1.000000,1.000000,0,0,0,0
1117,27,302,814,1.000000,1.000000,1.000000,1.000000,0,0,0,0
1118,25,302,815,1.000000,1.000000,1.000000,1.000000,0,0,0,0
1119,23,302,816,1.000000,1.000000,1.000000,1.000000,0,0,0,0
1120,21,302,817,1.000000,1.000000,1.000000,1.000000,0,0,0,0
1121,19,302,818,1.000000,1.000000,1.000000,1.000000,0,0,0,0
1122,17,302,819,1.000000,1.000000,1.000000,1.000000,0,0,0,1
1123,15,302,820,1.000000,1.000000,1.000000,1.000000,0,0,0,1
1124,29,303,820,1.000000,1.000000,1.000000,1.000000,0,0,0,1
1125,27,303,821,1.000000,1.000000,1.000000,1.000000,1,0,0,0
1126,29,304,821,1.000000,1.000000,1.000000,1.000000,1,0,0,0
1127,27,304,822,1.000000,1.000000,1.000000,1.000000,0,0,0,0
1128,29,305,822,1.000000,1.000000,1.000000,1.000000,0,0,0,0
1129,27,305,823,1.000000,1.000000,1.000000,1.000000,1,1,0,1
1130,25,305,824,1.000000,1.000000,1.000000,1.000000,0,0,0,0
1131,29,306,824,1.000000,1.000000,1.000000,1.000000,0,0,0,0
1132,27,306,825,1.000000,1.000000,1.000000,1.000000,0,0,0,0
1133,25,306,826,1.000000,1.000000,1.000000,1.000000,0,1,0,0
1134,23,306,827,1.000000,1.000000,1.000000,1.000000,1,0,0,0
1135,29,307,827,1.000000,1.000000,1.000000,1.000000,1,0,0,0
1136,27,307,828,1.000000,1.000000,1.000000,1.000000,0,0,0,0
1137,29,308,828,1.000000,1.000000,1.000000,1.000000,0,0,0,0
1138,27,308,829,1.000000,1.000000,1.000000,1.000000,0,0,0,0
1139,25,308,830,1.000000,1.000000,1.000000,1.000000,1,1,0,0
1140,23,308,831,1.000000,1.000000,1.000000,1.000000,1,1,0,0
1141,29,309,831,1.000000,1.000000,1.000000,1.000000,1,1,0,0
1142,27,309,832,1.000000,1.000000,1.000000,1.000000,0,0,1,0
1143,29,310,832,1.000000,1.000000,1.000000,1.000000,0,0,1,0
1144,27,310,833,1.000000,1.000000,1.000000,1.000000,0,0,0,0
1145,29,311,833,1.000000,1.000000,1.000000,1.000000,0,0,0,0
1146,27,311,834,1.000000,1.000000,1.000000,1.000000,0,0,0,0
1147,25,311,835,1.000000,1.000000,1.000000,1.000000,0,1,0,0
1148,23,311,836,1.000000,1.000000,1.000000,1.000000,0,0,0,0
1149,29,312,836,1.000000,1.000000,1.000000,1.000000,0,0,0,0
1150,27,312,837,1.000000,1.000000,1.000000,1.000000,0,0,0,0
1151,25,312,838,1.000000,1.000000,1.000000,1.000000,0,0,1,0
1152,23,312,839,1.000000,1.000000,1.000000,1.000000,0,0,0,0
1153,29,313,839,1.000000,1.000000,1.000000,1.000000,0,0,0,0
1154,27,313,840,1.000000,1.000000,1.000000,1.000000,0,0,0,0
1155,25,313,841,1.000000,1.000000,1.000000,1.000000,0,0,0,0
1156,23,313,842,1.000000,1.000000,1.000000,1.000000,0,1,0,0
1157,21,313,843,1.000000,1.000000,1.000000,1.000000,0,0,0,0
1158,29,314,843,1.000000,1.000000,1.000000,1.000000,0,0,0,0
1159,27,314,844,1.000000,1.000000,1.000000,1.000000,0,0,0,0
1160,25,314,845,1.000000,1.000000,1.000000,1.000000,0,0,0,0
1161,23,314,846,1.000000,1.000000,1.000000,1.000000,0,0,0,0
1162,21,314,847,1.000000,1.000000,1.000000,1.000000,0,0,0,0
1163,19,314,848,1.000000,1.000000,1.000000,1.000000,0,0,0,0
1164,17,314,849,1.000000,1.000000,1.000000,1.000000,0,0,0,0
1165,15,314,850,1.000000,1.000000,1.000000,1.000000,0,0,0,0
1166,13,314,851,1.000000,1.000000,1.000000,1.000000,0,0,0,0
1167,11,314,852,1.000000,1.000000,1.000000,1.000000,1,0,0,0
1168,9,314,853,1.000000,1.000000,1.000000,1.000000,0,0,0,0
1169,7,314,854,1.000000,1.000000,1.000000,1.000000,1,0,1,0
1170,5,314,855,1.000000,1.000000,1.000000,1.000000,1,0,0,0
1171,29,315,855,1.000000,1.000000,1.000000,1.000000,1,0,0,0
1172,27,315,856,1.000000,1.000000,1.000000,1.000000,0,0,0,1
1173,29,316,856,1.000000,1.000000,1.000000,1.000000,0,0,0,1
1174,27,316,857,1.000000,1.000000,1.000000,1.000000,1,0,0,0
1175,25,316,858,1.000000,1.000000,1.000000,1.000000,1,0,1,1
1176,29,317,858,1.000000,1.000000,1.000000,1.000000,1,0,1,1
1177,27,317,859,1.000000,1.000000,1.000000,1.000000,1,0,0,0
1178,29,318,859,1.000000,1.000000,1.000000,1.000000,1,0,0,0
1179,27,318,860,1.000000,1.000000,1.000000,1.000000,0,1,0,0
1180,29,319,860,1.000000,1.000000,1.000000,1.000000,0,1,0,0
1181,27,319,861,1.000000,1.000000,1.000000,1.000000,0,0,0,0
1182,29,320,861,1.000000,1.000000,1.000000,1.000000,0,0,0,0
1183,27,320,862,1.000000,1.000000,1.000000,1.000000,1,0,0,0
1184,25,320,863,1.000000,1.000000,1.000000,1.000000,0,0,0,0
1185,29,321,863,1.000000,1.000000,1.000000,1.000000,0,0,0,0
1186,27,321,864,1.000000,1.000000,1.000000,1.000000,0,0,0,0
1187,25,321,865,1.000000,1.000000,1.000000,1.000000,0,0,0,0
1188,23,321,866,1.000000,1.000000,1.000000,1.000000,0,0,0,0
1189,21,321,867,1.000000,1.000000,1.000000,1.000000,0,0,0,0
1190,19,321,868,1.000000,1.000000,1.000000,1.000000,0,0,0,0
1191,17,321,869,1.000000,1.000000,1.000000,1.000000,0,0,1,0
1192,15,321,870,1.000000,1.000000,1.000000,1.000000,0,0,1,1
1193,29,322,870,1.000000,1.000000,1.000000,1.000000,0,0,1,1
1194,27,322,871,1.000000,1.000000,1.000000,1.000000,0,1,0,0
1195,29,323,871,1.000000,1.000000,1.000000,1.000000,0,1,0,0
1196,27,323,872,1.000000,1.000000,1.000000,1.000000,0,0,1,0
1197,29,324,872,1.000000,1.000000,1.000000,1.000000,0,0,1,0
1198,27,324,873,1.000000,1.000000,1.000000,1.000000,0,0,0,0
1199,29,325,873,1.000000,1.000000,1.000000,1.000000,0,0,0,0
1200,27,325,874,1.000000,1.000000,1.000000,1.000000,0,0,0,0
1201,25,325,875,1.000000,1.000000,1.000000,1.000000,0,0,0,0
1202,23,325,876,1.000000,1.000000,1.000000,1.000000,0,0,0,0
1203,21,325,877,1.000000,1.000000,1.000000,1.000000,0,1,0,0
1204,19,325,878,1.000000,1.000000,1.000000,1.000000,0,0,0,0
1205,29,326,878,1.000000,1.000000,1.000000,1.000000,0,0,0,0
1206,27,326,879,1.000000,1.000000,1.000000,1.000000,0,1,0,0
1207,25,326,880,1.000000,1.000000,1.000000,1.000000,0,0,0,0
1208,29,327,880,1.000000,1.000000,1.000000,1.000000,0,0,0,0
1209,27,327,881,1.000000,1.000000,1.000000,1.000000,0,1,1,0
1210,25,327,882,1.000000,1.000000,1.000000,1.000000,0,1,1,0
1211,29,328,882,1.000000,1.000000,1.000000,1.000000,0,1,1,0
1212,27,328,883,1.000000,1.000000,1.000000,1.000000,1,1,0,0
1213,29,329,883,1.000000,1.000000,1.000000,1.000000,1,1,0,0
1214,27,329,884,1.000000,1.000000,1.000000,1.000000,0,0,0,0
1215,29,330,884,1.000000,1.000000,1.000000,1.000000,0,0,0,0
1216,27,330,885,1.000000,1.000000,1.000000,1.000000,0,0,0,0
1217,25,330,886,1.000000,1.000000,1.000000,1.000000,0,0,1,0
1218,23,330,887,1.000000,1.000000,1.000000,1.000000,0,0,0,0
1219,29,331,887,1.000000,1.000000,1.000000,1.000000,0,0,0,0
1220,27,331,888,1.000000,1.000000,1.000000,1.000000,0,0,0,0
1221,25,331,889,1.000000,1.000000,1.000000,1.000000,0,1,0,0
1222,23,331,890,1.000000,1.000000,1.000000,1.000000,0,1,0,0
1223,29,332,890,1.000000,1.000000,1.000000,1.000000,0,1,0,0
1224,27,332,891,1.000000,1.000000,1.000000,1.000000,1,0,0,0
1225,25,332,892,1.000000,1.000000,1.000000,1.000000,0,0,0,0
1226,23,332,893,1.000000,1.000000,1.000000,1.000000,0,1,0,1
1227,21,332,894,1.000000,1.000000,1.000000,1.000000,0,0,0,1
1228,19,332,895,1.000000,1.000000,1.000000,1.000000,0,1,0,1
1229,29,333,895,1.000000,1.000000,1.000000,1.000000,1,1,0,1
1230,27,333,896,1.000000,1.000000,1.000000,1.000000,0,0,0,0
1231,29,334,896,1.000000,1.000000,1.000000,1.000000,0,0,0,0
1232,27,334,897,1.000000,1.000000,1.000000,1.000000,0,0,0,0
1233,25,334,898,1.000000,1.000000,1.000000,1.000000,0,1,0,0
1234,23,334,899,1.000000,1.000000,1.000000,1.000000,0,0,0,1
1235,21,334,900,1.000000,1.000000,1.000000,1.000000,0,0,0,0
1236,29,335,900,1.000000,1.000000,1.000000,1.000000,0,0,0,0
1237,27,335,901,1.000000,1.000000,1.000000,1.000000,0,0,0,0
1238,25,335,902,1.000000,1.000000,1.000000,1.000000,0,1,0,0
1239,23,335,903,1.000000,1.000000,1.000000,1.000000,0,0,0,0
1240,29,336,903,1.000000,1.000000,1.000000,1.000000,0,0,0,0
1241,27,336,904,1.000000,1.000000,1.000000,1.000000,0,0,0,0
1242,25,336,905,1.000000,1.000000,1.000000,1.000000,0,1,0,1
1243,23,336,906,1.000000,1.000000,1.000000,1.000000,0,0,1,0
1244,29,337,906,1.000000,1.000000,1.000000,1.000000,0,0,1,0
1245,27,337,907,1.000000,1.000000,1.000000,1.000000,0,1,0,1
1246,29,338,907,1.000000,1.000000,1.000000,1.000000,0,1,0,1
1247,27,338,908,1.000000,1.000000,1.000000,1.000000,0,0,0,0
1248,29,339,908,1.000000,1.000000,1.000000,1.000000,0,0,0,0
1249,27,339,909,1.000000,1.000000,1.000000,1.000000,0,1,0,0
1250,25,339,910,1.000000,1.000000,1.000000,1.000000,0,0,0,0
1251,29,340,910,1.000000,1.000000,1.000000,1.000000,0,0,0,0
1252,27,340,911,1.000000,1.000000,1.000000,1.000000,0,0,0,0
1253,25,340,912,1.000000,1.000000,1.000000,1.000000,0,0,0,0
1254,23,340,913,1.000000,1.000000,1.000000,1.000000,0,0,0,0
1255,21,340,914,1.000000,1.000000,1.000000,1.000000,0,0,0,0
1256,19,340,915,1.000000,1.000000,1.000000,1.000000,0,0,0,0
1257,17,340,916,1.000000,1.000000,1.000000,1.000000,0,0,0,0
1258,15,340,917,1.000000,1.000000,1.000000,1.000000,0,0,0,1
1259,13,340,918,1.000000,1.000000,1.000000,1.000000,0,0,0,0
1260,29,341,918,1.000000,1.000000,1.000000,1.000000,0,0,1,0
1261,27,341,919,1.000000,1.000000,1.000000,1.000000,0,0,0,0
1262,29,342,919,1.000000,1.000000,1.000000,1.000000,0,0,0,1
1263,27,342,920,1.000000,1.000000,1.000000,1.000000,0,0,0,0
1264,25,342,921,1.000000,1.000000,1.000000,1.000000,1,0,0,0
1265,23,342,922,1.000000,1.000000,1.000000,1.000000,0,0,0,1
1266,29,343,922,1.000000,1.000000,1.000000,1.000000,0,0,0,1
1267,27,343,923,1.000000,1.000000,1.000000,1.000000,0,0,0,0
1268,29,344,923,1.000000,1.000000,1.000000,1.000000,0,0,0,0
1269,27,344,924,1.000000,1.000000,1.000000,1.000000,0,0,0,0
1270,25,344,925,1.000000,1.000000,1.000000,1.000000,0,0,1,0
1271,23,344,926,1.000000,1.000000,1.000000,1.000000,0,0,0,0
1272,29,345,926,1.000000,1.000000,1.000000,1.000000,0,0,0,0
1273,27,345,927,1.000000,1.000000,1.000000,1.000000,0,1,0,0
1274,25,345,928,1.000000,1.000000,1.000000,1.000000,0,0,1,0
1275,29,346,928,1.000000,1.000000,1.000000,1.000000,0,0,1,0
1276,27,346,929,1.000000,1.000000,1.000000,1.000000,0,0,0,0
1277,29,347,929,1.000000,1.000000,1.000000,1.000000,0,0,0,0
1278,27,347,930,1.000000,1.000000,1.000000,1.000000,0,0,0,0
1279,25,347,931,1.000000,1.000000,1.000000,1.000000,0,0,0,0
1280,23,347,932,1.000000,1.000000,1.000000,1.000000,0,0,0,0
1281,21,347,933,1.000000,1.000000,1.000000,1.000000,0,0,0,0
1282,19,347,934,1.000000,1.000000,1.000000,1.000000,0,0,0,0
1283,17,347,935,1.000000,1.000000,1.000000,1.000000,0,0,0,0
1284,15,347,936,1.000000,1.000000,1.000000,1.000000,1,0,0,0
1285,13,347,937,1.000000,1.000000,1.000000,1.000000,0,1,0,0
1286,11,347,938,1.000000,1.000000,1.000000,1.000000,0,1,0,0
1287,29,348,938,1.000000,1.000000,1.000000,1.000000,0,1,0,0
1288,27,348,939,1.000000,1.000000,1.000000,1.000000,0,0,1,0
1289,29,349,939,1.000000,1.000000,1.000000,1.000000,0,0,1,0
1290,27,349,940,1.000000,1.000000,1.000000,1.000000,0,0,0,0
1291,29,350,940,1.000000,1.000000,1.000000,1.000000,0,0,0,0
1292,27,350,941,1.000000,1.000000,1.000000,1.000000,0,0,0,0
1293,25,350,942,1.000000,1.000000,1.000000,1.000000,0,0,0,0
1294,23,350,943,1.000000,1.000000,1.000000,1.000000,1,0,0,0
1295,21,350,944,1.000000,1.000000,1.000000,1.000000,0,0,0,0
1296,29,351,944,1.000000,1.000000,1.000000,1.000000,0,0,0,0
1297,27,351,945,1.000000,1.000000,1.000000,1.000000,1,0,0,0
1298,25,351,946,1.000000,1.000000,1.000000,1.000000,0,0,0,0
1299,29,352,946,1.000000,1.000000,1.000000,1.000000,0,0,0,0
1300,27,352,947,1.000000,1.000000,1.000000,1.000000,0,0,0,0
1301,25,352,948,1.000000,1.000000,1.000000,1.000000,0,0,0,0
1302,23,352,949,1.000000,1.000000,1.000000,1.000000,0,1,0,0
1303,21,352,950,1.000000,1.000000,1.000000,1.000000,0,0,1,0
1304,29,353,950,1.000000,1.000000,1.000000,1.000000,0,0,1,0
1305,27,353,951,1.000000,1.000000,1.000000,1.000000,0,0,0,0
1306,29,354,951,1.000000,1.000000,1.000000,1.000000,0,0,0,0
1307,27,354,952,1.000000,1.000000,1.000000,1.000000,0,0,0,0
1308,25,354,953,1.000000,1.000000,1.000000,1.000000,0,0,0,0
1309,23,354,954,1.000000,1.000000,1.000000,1.000000,0,0,0,0
1310,21,354,955,1.000000,1.000000,1.000000,1.000000,0,0,0,0
1311,19,354,956,1.000000,1.000000,1.000000,1.000000,0,0,0,0
1312,17,354,957,1.000000,1.000000,1.000000,1.000000,0,0,0,0
1313,15,354,958,1.000000,1.000000,1.000000,1.000000,0,0,0,0
1314,13,354,959,1.000000,1.000000,1.000000,1.000000,1,0,0,1
1315,11,354,960,1.000000,1.000000,1.000000,1.000000,0,0,0,0
1316,29,355,960,1.000000,1.000000,1.000000,1.000000,0,0,0,0
1317,27,355,961,1.000000,1.000000,1.000000,1.000000,0,0,0,0
1318,25,355,962,1.000000,1.000000,1.000000,1.000000,0,0,0,0
1319,23,355,963,1.000000,1.000000,1.000000,1.000000,1,0,0,0
1320,21,355,964,1.000000,1.000000,1.000000,1.000000,0,0,1,0
1321,29,356,964,1.000000,1.000000,1.000000,1.000000,0,0,1,0
1322,27,356,965,1.000000,1.000000,1.000000,1.000000,0,0,0,0
1323,29,357,965,1.000000,1.000000,1.000000,1.000000,0,0,0,0
1324,27,357,966,1.000000,1.000000,1.000000,1.000000,0,0,0,0
1325,25,357,967,1.000000,1.000000,1.000000,1.000000,0,0,0,0
1326,23,357,968,1.000000,1.000000,1.000000,1.000000,0,0,0,0
1327,21,357,969,1.000000,1.000000,1.000000,1.000000,0,0,0,0
1328,19,357,970,1.000000,1.000000,1.000000,1.000000,0,0,0,0
1329,17,357,971,1.000000,1.000000,1.000000,1.000000,0,0,0,0
1330,15,357,972,1.000000,1.000000,1.000000,1.000000,0,0,1,0
1331,13,357,973,1.000000,1.000000,1.000000,1.000000,0,0,0,0
1332,29,358,973,1.000000,1.000000,1.000000,1.000000,0,0,0,0
1333,27,358,974,1.000000,1.000000,1.000000,1.000000,0,1,0,0
1334,25,358,975,1.000000,1.000000,1.000000,1.000000,0,0,0,0
1335,29,359,975,1.000000,1.000000,1.000000,1.000000,0,0,0,0
1336,27,359,976,1.000000,1.000000,1.000000,1.000000,0,0,0,0
1337,25,359,977,1.000000,1.000000,1.000000,1.000000,0,0,1,0
1338,23,359,978,1.000000,1.000000,1.000000,1.000000,0,0,0,0
1339,29,360,978,1.000000,1.000000,1.000000,1.000000,0,0,0,0
1340,27,360,979,1.000000,1.000000,1.000000,1.000000,0,0,0,0
1341,25,360,980,1.000000,1.000000,1.000000,1.000000,0,0,0,0
1342,23,360,981,1.000000,1.000000,1.000000,1.000000,0,0,1,0
1343,21,360,982,1.000000,1.000000,1.000000,1.000000,0,0,0,0
1344,29,361,982,1.000000,1.000000,1.000000,1.000000,0,0,0,0
1345,27,361,983,1.000000,1.000000,1.000000,1.000000,0,0,0,0
1346,25,361,984,1.000000,1.000000,1.000000,1.000000,0,1,0,0
1347,23,361,985,1.000000,1.000000,1.000000,1.000000,1,0,0,0
1348,29,362,985,1.000000,1.000000,1.000000,1.000000,1,0,0,0
1349,27,362,986,1.000000,1.000000,1.000000,1.000000,1,0,0,0
1350,29,363,986,1.000000,1.000000,1.000000,1.000000,1,0,0,0
1351,27,363,987,1.000000,1.000000,1.000000,1.000000,0,0,0,0
1352,25,363,988,1.000000,1.000000,1.000000,1.000000,0,1,0,1
1353,23,363,989,1.000000,1.000000,1.000000,1.000000,0,0,0,0
1354,29,364,989,1.000000,1.000000,1.000000,1.000000,0,0,0,0
1355,27,364,990,1.000000,1.000000,1.000000,1.000000,0,0,0,1
1356,25,364,991,1.000000,1.000000,1.000000,1.000000,0,0,0,0
1357,23,364,992,1.000000,1.000000,1.000000,1.000000,0,0,0,1
1358,21,364,993,1.000000,1.000000,1.000000,1.000000,0,0,0,0
1359,29,365,993,1.000000,1.000000,1.000000,1.000000,0,0,0,0
1360,27,365,994,1.000000,1.000000,1.000000,1.000000,0,0,0,0
1361,25,365,995,1.000000,1.000000,1.000000,1.000000,0,1,0,0
1362,23,365,996,1.000000,1.000000,1.000000,1.000000,1,0,0,0
1363,29,366,996,1.000000,1.000000,1.000000,1.000000,1,0,0,0
1364,27,366,997,1.000000,1.000000,1.000000,1.000000,0,0,0,0
1365,29,367,997,1.000000,1.000000,1.000000,1.000000,0,0,0,0
1366,27,367,998,1.000000,1.000000,1.000000,1.000000,0,1,0,1
1367,25,367,999,1.000000,1.000000,1.000000,1.000000,0,0,0,0
1368,29,368,999,1.000000,1.000000,1.000000,1.000000,0,0,0,0
1369,27,368,1000,1.000000,1.000000,1.000000,1.000000,1,0,0,0
1370,25,368,1001,1.000000,1.000000,1.000000,1.000000,0,0,0,0
1371,29,369,1001,1.000000,1.000000,1.000000,1.000000,0,0,0,0
1372,27,369,1002,1.000000,1.000000,1.000000,1.000000,0,0,0,1
1373,25,369,1003,1.000000,1.000000,1.000000,1.000000,0,0,1,0
1374,29,370,1003,1.000000,1.000000,1.000000,1.000000,0,0,1,0
1375,27,370,1004,1.000000,1.000000,1.000000,1.000000,0,0,1,0
1376,29,371,1004,1.000000,1.000000,1.000000,1.000000,0,0,1,0
1377,27,371,1005,1.000000,1.000000,1.000000,1.000000,0,0,0,0
1378,29,372,1005,1.000000,1.000000,1.000000,1.000000,0,0,0,0
1379,27,372,1006,1.000000,1.000000,1.000000,1.000000,0,0,0,0
1380,25,372,1007,1.000000,1.000000,1.000000,1.000000,0,0,0,0
1381,23,372,1008,1.000000,1.000000,1.000000,1.000000,0,0,0,0
1382,21,372,1009,1.000000,1.000000,1.000000,1.000000,0,0,0,0
1383,19,372,1010,1.000000,1.000000,1.000000,1.000000,0,0,0,0
1384,17,372,1011,1.000000,1.000000,1.000000,1.000000,0,0,0,0
1385,15,372,1012,1.000000,1.000000,1.000000,1.000000,0,1,0,1
1386,13,372,1013,1.000000,1.000000,1.000000,1.000000,0,0,0,0
1387,29,373,1013,1.000000,1.000000,1.000000,1.000000,0,0,0,0
1388,27,373,1014,1.000000,1.000000,1.000000,1.000000,0,1,0,0
1389,25,373,1015,1.000000,1.000000,1.000000,1.000000,0,0,0,0
1390,29,374,1015,1.000000,1.000000,1.000000,1.000000,0,0,0,0
1391,27,374,1016,1.000000,1.000000,1.000000,1.000000,0,0,0,0
1392,25,374,1017,1.000000,1.000000,1.000000,1.000000,0,0,0,0
1393,23,374,1018,1.000000,1.000000,1.000000,1.000000,0,0,0,0
1394,21,374,1019,1.000000,1.000000,1.000000,1.000000,0,0,0,0
1395,19,374,1020,1.000000,1.000000,1.000000,1.000000,0,0,0,0
1396,17,374,1021,1.000000,1.000000,1.000000,1.000000,0,1,0,0
1397,15,374,1022,1.000000,1.000000,1.000000,1.000000,1,0,0,0
1398,29,375,1022,1.000000,1.000000,1.000000,1.000000,1,0,0,0
1399,27,375,1023,1.000000,1.000000,1.000000,1.000000,1,0,0,0
1400,29,376,1023,1.000000,1.000000,1.000000,1.000000,1,0,0,0
1401,27,376,1024,1.000000,1.000000,1.000000,1.000000,0,0,0,0
1402,29,377,1024,1.000000,1.000000,1.000000,1.000000,0,0,0,0
1403,27,377,1025,1.000000,1.000000,1.000000,1.000000,1,1,0,1
1404,25,377,1026,1.000000,1.000000,1.000000,1.000000,0,0,0,0
1405,29,378,1026,1.000000,1.000000,1.000000,1.000000,0,0,0,0
1406,27,378,1027,1.000000,1.000000,1.000000,1.000000,0,0,0,0
1407,25,378,1028,1.000000,1.000000,1.000000,1.000000,0,0,0,1
1408,23,378,1029,1.000000,1.000000,1.000000,1.000000,0,0,0,1
1409,29,379,1029,1.000000,1.000000,1.000000,1.000000,0,0,0,1
1410,27,379,1030,1.000000,1.000000,1.000000,1.000000,0,0,0,0
1411,29,380,1030,1.000000,1.000000,1.000000,1.000000,0,0,0,0
1412,27,380,1031,1.000000,1.000000,1.000000,1.000000,1,0,0,0
1413,25,380,1032,1.000000,1.000000,1.000000,1.000000,1,0,0,0
1414,23,380,1033,1.000000,1.000000,1.000000,1.000000,0,0,1,1
1415,29,381,1033,1.000000,1.000000,1.000000,1.000000,0,0,1,1
1416,27,381,1034,1.000000,1.000000,1.000000,1.000000,0,0,0,0
1417,29,382,1034,1.000000,1.000000,1.000000,1.000000,0,0,0,0
1418,27,382,1035,1.000000,1.000000,1.000000,1.000000,0,0,0,1
1419,25,382,1036,1.000000,1.000000,1.000000,1.000000,0,0,1,0
1420,29,383,1036,1.000000,1.000000,1.000000,1.000000,0,0,1,0
1421,27,383,1037,1.000000,1.000000,1.000000,1.000000,0,0,0,0
1422,29,384,1037,1.000000,1.000000,1.000000,1.000000,0,0,0,0
1423,27,384,1038,1.000000,1.000000,1.000000,1.000000,0,0,0,0
1424,25,384,1039,1.000000,1.000000,1.000000,1.000000,0,0,0,0
1425,23,384,1040,1.000000,1.000000,1.000000,1.000000,0,0,0,0
1426,21,384,1041,1.000000,1.000000,1.000000,1.000000,1,0,0,0
1427,19,384,1042,1.000000,1.000000,1.000000,1.000000,1,0,0,1
1428,29,385,1042,1.000000,1.000000,1.000000,1.000000,1,0,0,1
1429,27,385,1043,1.000000,1.000000,1.000000,1.000000,0,1,0,0
1430,29,386,1043,1.000000,1.000000,1.000000,1.000000,0,1,0,0
1431,27,386,1044,1.000000,1.000000,1.000000,1.000000,0,0,0,0
1432,29,387,1044,1.000000,1.000000,1.000000,1.000000,0,0,0,0
1433,27,387,1045,1.000000,1.000000,1.000000,1.000000,0,1,0,0
1434,25,387,1046,1.000000,1.000000,1.000000,1.000000,0,0,0,0
1435,23,387,1047,1.000000,1.000000,1.000000,1.000000,1,0,1,0
1436,21,387,1048,1.000000,1.000000,1.000000,1.000000,0,0,0,0
1437,29,388,1048,1.000000,1.000000,1.000000,1.000000,0,0,0,0
1438,27,388,1049,1.000000,1.000000,1.000000,1.000000,1,0,0,0
1439,25,388,1050,1.000000,1.000000,1.000000,1.000000,1,1,0,0
1440,23,388,1051,1.000000,1.000000,1.000000,1.000000,1,0,1,0
1441,29,389,1051,1.000000,1.000000,1.000000,1.000000,1,0,1,0
1442,27,389,1052,1.000000,1.000000,1.000000,1.000000,0,1,0,0
1443,29,390,1052,1.000000,1.000000,1.000000,1.000000,0,1,0,0
1444,27,390,1053,1.000000,1.000000,1.000000,1.000000,0,1,0,0
1445,25,390,1054,1.000000,1.000000,1.000000,1.000000,0,0,1,1
1446,29,391,1054,1.000000,1.000000,1.000000,1.000000,0,0,1,1
1447,27,391,1055,1.000000,1.000000,1.000000,1.000000,0,0,0,0
1448,29,392,1055,1.000000,1.000000,1.000000,1.000000,0,0,0,0
1449,27,392,1056,1.000000,1.000000,1.000000,1.000000,0,0,0,1
1450,25,392,1057,1.000000,1.000000,1.000000,1.000000,0,0,0,0
1451,29,393,1057,1.000000,1.000000,1.000000,1.000000,0,0,0,0
1452,27,393,1058,1.000000,1.000000,1.000000,1.000000,0,0,1,0
1453,25,393,1059,1.000000,1.000000,1.000000,1.000000,0,0,0,1
1454,29,394,1059,1.000000,1.000000,1.000000,1.000000,0,0,0,1
1455,27,394,1060,1.000000,1.000000,1.000000,1.000000,1,0,0,0
1456,29,395,1060,1.000000,1.000000,1.000000,1.000000,1,0,0,0
1457,27,395,1061,1.000000,1.000000,1.000000,1.000000,1,0,0,0
1458,25,395,1062,1.000000,1.000000,1.000000,1.000000,0,0,1,0
1459,29,396,1062,1.000000,1.000000,1.000000,1.000000,0,0,1,0
1460,27,396,1063,1.000000,1.000000,1.000000,1.000000,0,0,0,0
1461,29,397,1063,1.000000,1.000000,1.000000,1.000000,0,0,0,0
1462,27,397,1064,1.000000,1.000000,1.000000,1.000000,0,0,0,0
1463,25,397,1065,1.000000,1.000000,1.000000,1.000000,0,0,1,0
1464,23,397,1066,1.000000,1.000000,1.000000,1.000000,0,0,0,1
1465,29,398,1066,1.000000,1.000000,1.000000,1.000000,0,0,0,1
1466,27,398,1067,1.000000,1.000000,1.000000,1.000000,0,0,1,0
1467,29,399,1067,1.000000,1.000000,1.000000,1.000000,0,0,1,0
1468,27,399,1068,1.000000,1.000000,1.000000,1.000000,0,0,0,1
1469,29,400,1068,1.000000,1.000000,1.000000,1.000000,0,0,0,1
1470,27,400,1069,1.000000,1.000000,1.000000,1.000000,0,0,0,0
1471,29,401,1069,1.000000,1.000000,1.000000,1.000000,0,0,0,0
1472,27,401,1070,1.000000,1.000000,1.000000,1.000000,0,0,0,0
1473,25,401,1071,1.000000,1.000000,1.000000,1.000000,0,0,0,0
1474,23,401,1072,1.000000,1.000000,1.000000,1.000000,0,0,0,0
1475,21,401,1073,1.000000,1.000000,1.000000,1.000000,0,0,0,0
1476,19,401,1074,1.000000,1.000000,1.000000,1.000000,1,0,0,0
1477,17,401,1075,1.000000,1.000000,1.000000,1.000000,0,0,0,0
1478,29,402,1075,1.000000,1.000000,1.000000,1.000000,0,0,0,0
1479,27,402,1076,1.000000,1.000000,1.000000,1.000000,0,0,0,0
1480,25,402,1077,1.000000,1.000000,1.000000,1.000000,0,1,0,0
1481,23,402,1078,1.000000,1.000000,1.000000,1.000000,0,0,0,1
1482,29,403,1078,1.000000,1.000000,1.000000,1.000000,0,0,0,1
1483,27,403,1079,1.000000,1.000000,1.000000,1.000000,0,0,1,0
1484,29,404,1079,1.000000,1.000000,1.000000,1.000000,0,0,1,0
1485,27,404,1080,1.000000,1.000000,1.000000,1.000000,0,0,0,1
1486,29,405,1080,1.000000,1.000000,1.000000,1.000000,0,0,0,1
1487,27,405,1081,1.000000,1.000000,1.000000,1.000000,0,0,0,0
1488,25,405,1082,1.000000,1.000000,1.000000,1.000000,0,0,0,0
1489,23,405,1083,1.000000,1.000000,1.000000,1.000000,0,0,0,0
1490,21,405,1084,1.000000,1.000000,1.000000,1.000000,1,0,0,0
1491,19,405,1085,1.000000,1.000000,1.000000,1.000000,0,0,0,1
1492,29,406,1085,1.000000,1.000000,1.000000,1.000000,0,0,0,1
1493,27,406,1086,1.000000,1.000000,1.000000,1.000000,0,0,0,0
1494,29,407,1086,1.000000,1.000000,1.000000,1.000000,0,0,0,0
1495,27,407,1087,1.000000,1.000000,1.000000,1.000000,0,0,0,0
1496,25,407,1088,1.000000,1.000000,1.000000,1.000000,0,0,0,0
1497,23,407,1089,1.000000,1.000000,1.000000,1.000000,0,0,0,0
1498,21,407,1090,1.000000,1.000000,1.000000,1.000000,0,0,0,0
1499,19,407,1091,1.000000,1.000000,1.000000,1.000000,0,0,0,0
1500,17,407,1092,1.000000,1.000000,1.000000,1.000000,0,0,0,0
1501,15,407,1093,1.000000,1.000000,1.000000,1.000000,0,0,0,0
1502,13,407,1094,1.000000,1.000000,1.000000,1.000000,1,0,0,0
1503,11,407,1095,1.000000,1.000000,1.000000,1.000000,0,0,0,1
1504,9,407,1096,1.000000,1.000000,1.000000,1.000000,0,1,0,0
1505,29,408,1096,1.000000,1.000000,1.000000,1.000000,0,1,0,0
1506,27,408,1097,1.000000,1.000000,1.000000,1.000000,0,0,0,0
1507,29,409,1097,1.000000,1.000000,1.000000,1.000000,0,0,0,0
1508,27,409,1098,1.000000,1.000000,1.000000,1.000000,0,0,0,0
1509,25,409,1099,1.000000,1.000000,1.000000,1.000000,0,0,0,0
1510,23,409,1100,1.000000,1.000000,1.000000,1.000000,0,0,0,1
1511,21,409,1101,1.000000,1.000000,1.000000,1.000000,0,0,0,1
1512,29,410,1101,1.000000,1.000000,1.000000,1.000000,0,0,0,1
1513,27,410,1102,1.000000,1.000000,1.000000,1.000000,0,0,0,0
1514,29,411,1102,1.000000,1.000000,1.000000,1.000000,0,0,0,0
1515,27,411,1103,1.000000,1.000000,1.000000,1.000000,0,0,0,0
1516,25,411,1104,1.000000,1.000000,1.000000,1.000000,0,0,0,0
1517,23,411,1105,1.000000,1.000000,1.000000,1.000000,0,0,0,0
1518,21,411,1106,1.000000,1.000000,1.000000,1.000000,0,0,0,0
1519,19,411,1107,1.000000,1.000000,1.000000,1.000000,0,0,0,0
1520,17,411,1108,1.000000,1.000000,1.000000,1.000000,0,0,0,0
1521,15,411,1109,1.000000,1.000000,1.000000,1.000000,0,0,1,0
1522,13,411,1110,1.000000,1.000000,1.000000,1.000000,0,0,0,0
1523,29,412,1110,1.000000,1.000000,1.000000,1.000000,0,0,0,0
1524,27,412,1111,1.000000,1.000000,1.000000,1.000000,0,0,1,0
1525,25,412,1112,1.000000,1.000000,1.000000,1.000000,0,0,1,0
1526,29,413,1112,1.000000,1.000000,1.000000,1.000000,0,0,1,0
1527,27,413,1113,1.000000,1.000000,1.000000,1.000000,0,1,0,0
1528,29,414,1113,1.000000,1.000000,1.000000,1.000000,0,1,0,0
1529,27,414,1114,1.000000,1.000000,1.000000,1.000000,0,0,0,0
1530,29,415,1114,1.000000,1.000000,1.000000,1.000000,0,0,0,0
1531,27,415,1115,1.000000,1.000000,1.000000,1.000000,0,0,0,0
1532,25,415,1116,1.000000,1.000000,1.000000,1.000000,0,0,0,0
1533,23,415,1117,1.000000,1.000000,1.000000,1.000000,0,0,0,0
1534,21,415,1118,1.000000,1.000000,1.000000,1.000000,0,0,0,0
1535,19,415,1119,1.000000,1.000000,1.000000,1.000000,0,0,0,0
1536,17,415,1120,1.000000,1.000000,1.000000,1.000000,0,0,0,0
1537,15,415,1121,1.000000,1.000000,1.000000,1.000000,0,0,0,0
1538,13,415,1122,1.000000,1.000000,1.000000,1.000000,0,0,0,0
1539,11,415,1123,1.000000,1.000000,1.000000,1.000000,0,1,0,0
1540,9,415,1124,1.000000,1.000000,1.000000,1.000000,0,0,0,0
1541,29,416,1124,1.000000,1.000000,1.000000,1.000000,0,0,0,0
1542,27,416,1125,1.000000,1.000000,1.000000,1.000000,0,0,0,0
1543,25,416,1126,1.000000,1.000000,1.000000,1.000000,0,0,0,0
1544,23,416,1127,1.000000,1.000000,1.000000,1.000000,0,0,0,0
1545,21,416,1128,1.000000,1.000000,1.000000,1.000000,0,0,0,0
1546,19,416,1129,1.000000,1.000000,1.000000,1.000000,0,1,0,0
1547,17,416,1130,1.000000,1.000000,1.000000,1.000000,0,1,0,0
1548,29,417,1130,1.000000,1.000000,1.000000,1.000000,0,1,0,0
1549,27,417,1131,1.000000,1.000000,1.000000,1.000000,0,0,0,0
1550,29,418,1131,1.000000,1.000000,1.000000,1.000000,0,0,0,0
1551,27,418,1132,1.000000,1.000000,1.000000,1.000000,0,0,1,0
1552,25,418,1133,1.000000,1.000000,1.000000,1.000000,0,0,0,0
1553,29,419,1133,1.000000,1.000000,1.000000,1.000000,0,0,0,0
1554,27,419,1134,1.000000,1.000000,1.000000,1.000000,0,1,1,0
1555,25,419,1135,1.000000,1.000000,1.000000,1.000000,0,1,1,0
1556,29,420,1135,1.000000,1.000000,1.000000,1.000000,0,1,1,0
1557,27,420,1136,1.000000,1.000000,1.000000,1.000000,0,0,0,0
1558,29,421,1136,1.000000,1.000000,1.000000,1.000000,0,0,0,0
1559,27,421,1137,1.000000,1.000000,1.000000,1.000000,0,1,0,1
1560,25,421,1138,1.000000,1.000000,1.000000,1.000000,0,0,0,0
1561,29,422,1138,1.000000,1.000000,1.000000,1.000000,0,0,0,0
1562,27,422,1139,1.000000,1.000000,1.000000,1.000000,0,0,0,0
1563,25,422,1140,1.000000,1.000000,1.000000,1.000000,1,0,0,0
1564,23,422,1141,1.000000,1.000000,1.000000,1.000000,0,0,0,1
1565,29,423,1141,1.000000,1.000000,1.000000,1.000000,0,0,0,1
1566,27,423,1142,1.000000,1.000000,1.000000,1.000000,1,0,0,0
1567,29,424,1142,1.000000,1.000000,1.000000,1.000000,1,0,0,0
1568,27,424,1143,1.000000,1.000000,1.000000,1.000000,1,0,0,0
1569,29,425,1143,1.000000,1.000000,1.000000,1.000000,1,0,0,0
1570,27,425,1144,1.000000,1.000000,1.000000,1.000000,0,1,0,0
1571,29,426,1144,1.000000,1.000000,1.000000,1.000000,0,1,0,0
1572,27,426,1145,1.000000,1.000000,1.000000,1.000000,0,1,0,0
1573,29,427,1145,1.000000,1.000000,1.000000,1.000000,0,1,0,0
1574,27,427,1146,1.000000,1.000000,1.000000,1.000000,0,0,1,0
1575,25,427,1147,1.000000,1.000000,1.000000,1.000000,1,0,0,0
1576,29,428,1147,1.000000,1.000000,1.000000,1.000000,1,0,0,0
1577,27,428,1148,1.000000,1.000000,1.000000,1.000000,0,0,0,0
1578,29,429,1148,1.000000,1.000000,1.000000,1.000000,0,0,0,0
1579,27,429,1149,1.000000,1.000000,1.000000,1.000000,0,0,0,0
1580,25,429,1150,1.000000,1.000000,1.000000,1.000000,0,0,0,1
1581,23,429,1151,1.000000,1.000000,1.000000,1.000000,0,1,0,0
1582,21,429,1152,1.000000,1.000000,1.000000,1.000000,0,0,0,0
1583,29,430,1152,1.000000,1.000000,1.000000,1.000000,0,0,0,0
1584,27,430,1153,1.000000,1.000000,1.000000,1.000000,0,0,0,0
1585,25,430,1154,1.000000,1.000000,1.000000,1.000000,0,0,0,0
1586,23,430,1155,1.000000,1.000000,1.000000,1.000000,0,0,0,0
1587,21,430,1156,1.000000,1.000000,1.000000,1.000000,0,0,0,1
1588,19,430,1157,1.000000,1.000000,1.000000,1.000000,0,0,0,0
1589,17,430,1158,1.000000,1.000000,1.000000,1.000000,1,0,0,0
1590,15,430,1159,1.000000,1.000000,1.000000,1.000000,0,0,0,1
1591,13,430,1160,1.000000,1.000000,1.000000,1.000000,1,1,0,0
1592,11,430,1161,1.000000,1.000000,1.000000,1.000000,0,0,0,1
1593,9,430,1162,1.000000,1.000000,1.000000,1.000000,1,1,0,0
1594,29,431,1162,1.000000,1.000000,1.000000,1.000000,1,1,0,0
1595,27,431,1163,1.000000,1.000000,1.000000,1.000000,1,0,0,0
1596,29,432,1163,1.000000,1.000000,1.000000,1.000000,1,0,0,0
1597,27,432,1164,1.000000,1.000000,1.000000,1.000000,0,1,0,0
1598,25,432,1165,1.000000,1.000000,1.000000,1.000000,0,0,0,0
1599,29,433,1165,1.000000,1.000000,1.000000,1.000000,0,0,0,0
1600,27,433,1166,1.000000,1.000000,1.000000,1.000000,1,0,0,0
1601,25,433,1167,1.000000,1.000000,1.000000,1.000000,1,0,0,0
1602,29,434,1167,1.000000,1.000000,1.000000,1.000000,1,0,0,0
1603,27,434,1168,1.000000,1.000000,1.000000,1.000000,0,0,0,1
1604,29,435,1168,1.000000,1.000000,1.000000,1.000000,0,0,0,1
1605,27,435,1169,1.000000,1.000000,1.000000,1.000000,0,0,0,1
1606,29,436,1169,1.000000,1.000000,1.000000,1.000000,0,0,0,1
1607,27,436,1170,1.000000,1.000000,1.000000,1.000000,0,0,0,0
1608,29,437,1170,1.000000,1.000000,1.000000,1.000000,0,0,0,0
1609,27,437,1171,1.000000,1.000000,1.000000,1.000000,0,0,0,0
1610,25,437,1172,1.000000,1.000000,1.000000,1.000000,0,0,0,1
1611,23,437,1173,1.000000,1.000000,1.000000,1.000000,0,0,1,0
1612,29,438,1173,1.000000,1.000000,1.000000,1.000000,0,0,1,0
1613,27,438,1174,1.000000,1.000000,1.000000,1.000000,0,1,0,0
1614,29,439,1174,1.000000,1.000000,1.000000,1.000000,0,1,0,0
1615,27,439,1175,1.000000,1.000000,1.000000,1.000000,0,0,0,0
1616,29,440,1175,1.000000,1.000000,1.000000,1.000000,0,0,0,0
1617,27,440,1176,1.000000,1.000000,1.000000,1.000000,1,0,0,0
1618,25,440,1177,1.000000,1.000000,1.000000,1.000000,1,0,0,0
1619,29,441,1177,1.000000,1.000000,1.000000,1.000000,1,0,0,0
1620,27,441,1178,1.000000,1.000000,1.000000,1.000000,0,0,0,1
1621,29,442,1178,1.000000,1.000000,1.000000,1.000000,0,0,0,1
1622,27,442,1179,1.000000,1.000000,1.000000,1.000000,0,0,0,1
1623,29,443,1179,1.000000,1.000000,1.000000,1.000000,0,0,0,1
1624,27,443,1180,1.000000,1.000000,1.000000,1.000000,0,0,0,0
1625,29,444,1180,1.000000,1.000000,1.000000,1.000000,0,0,0,0
1626,27,444,1181,1.000000,1.000000,1.000000,1.000000,0,0,0,0
1627,29,445,1181,1.000000,1.000000,1.000000,1.000000,0,0,0,0
1628,27,445,1182,1.000000,1.000000,1.000000,1.000000,0,0,0,0
1629,29,446,1182,1.000000,1.000000,1.000000,1.000000,0,0,0,0
1630,27,446,1183,1.000000,1.000000,1.000000,1.000000,0,0,1,0
1631,25,446,1184,1.000000,1.000000,1.000000,1.000000,0,0,0,1
1632,23,446,1185,1.000000,1.000000,1.000000,1.000000,0,1,1,0
1633,29,447,1185,1.000000,1.000000,1.000000,1.000000,0,1,1,0
1634,27,447,1186,1.000000,1.000000,1.000000,1.000000,0,0,0,1
1635,29,448,1186,1.000000,1.000000,1.000000,1.000000,0,0,0,1
1636,27,448,1187,1.000000,1.000000,1.000000,1.000000,0,0,0,0
1637,29,449,1187,1.000000,1.000000,1.000000,1.000000,0,0,0,0
1638,27,449,1188,1.000000,1.000000,1.000000,1.000000,1,0,0,0
1639,25,449,1189,1.000000,1.000000,1.000000,1.000000,0,0,0,0
1640,29,450,1189,1.000000,1.000000,1.000000,1.000000,0,0,0,0
1641,27,450,1190,1.000000,1.000000,1.000000,1.000000,0,0,0,0
1642,25,450,1191,1.000000,1.000000,1.000000,1.000000,1,0,0,0
1643,23,450,1192,1.000000,1.000000,1.000000,1.000000,0,1,0,0
1644,29,451,1192,1.000000,1.000000,1.000000,1.000000,0,1,0,0
1645,27,451,1193,1.000000,1.000000,1.000000,1.000000,0,0,0,0
1646,25,451,1194,1.000000,1.000000,1.000000,1.000000,0,0,0,0
1647,23,451,1195,1.000000,1.000000,1.000000,1.000000,0,0,1,0
1648,21,451,1196,1.000000,1.000000,1.000000,1.000000,0,0,1,0
1649,29,452,1196,1.000000,1.000000,1.000000,1.000000,0,0,1,0
1650,27,452,1197,1.000000,1.000000,1.000000,1.000000,0,0,0,0
1651,29,453,1197,1.000000,1.000000,1.000000,1.000000,0,0,0,0
1652,27,453,1198,1.000000,1.000000,1.000000,1.000000,0,0,1,0
1653,25,453,1199,1.000000,1.000000,1.000000,1.000000,0,0,0,0
1654,23,453,1200,1.000000,1.000000,1.000000,1.000000,1,0,0,1
1655,21,453,1201,1.000000,1.000000,1.000000,1.000000,0,0,0,0
1656,29,454,1201,1.000000,1.000000,1.000000,1.000000,0,0,0,0
1657,27,454,1202,1.000000,1.000000,1.000000,1.000000,0,0,0,0
1658,25,454,1203,1.000000,1.000000,1.000000,1.000000,0,0,0,0
1659,23,454,1204,1.000000,1.000000,1.000000,1.000000,0,0,1,0
1660,21,454,1205,1.000000,1.000000,1.000000,1.000000,0,0,0,0
1661,29,455,1205,1.000000,1.000000,1.000000,1.000000,0,0,0,0
1662,27,455,1206,1.000000,1.000000,1.000000,1.000000,0,0,0,0
1663,25,455,1207,1.000000,1.000000,1.000000,1.000000,0,0,0,1
1664,23,455,1208,1.000000,1.000000,1.000000,1.000000,0,0,1,0
1665,29,456,1208,1.000000,1.000000,1.000000,1.000000,0,0,1,0
1666,27,456,1209,1.000000,1.000000,1.000000,1.000000,0,0,0,0
1667,29,457,1209,1.000000,1.000000,1.000000,1.000000,0,0,0,0
1668,27,457,1210,1.000000,1.000000,1.000000,1.000000,0,1,1,0
1669,25,457,1211,1.000000,1.000000,1.000000,1.000000,0,0,0,0
1670,29,458,1211,1.000000,1.000000,1.000000,1.000000,0,0,0,0
1671,27,458,1212,1.000000,1.000000,1.000000,1.000000,0,1,0,0
1672,25,458,1213,1.000000,1.000000,1.000000,1.000000,0,0,0,0
1673,29,459,1213,1.000000,1.000000,1.000000,1.000000,0,0,0,0
1674,27,459,1214,1.000000,1.000000,1.000000,1.000000,0,0,0,0
1675,25,459,1215,1.000000,1.000000,1.000000,1.000000,0,0,0,0
1676,23,459,1216,1.000000,1.000000,1.000000,1.000000,0,0,0,0
1677,21,459,1217,1.000000,1.000000,1.000000,1.000000,0,0,1,0
1678,19,459,1218,1.000000,1.000000,1.000000,1.000000,0,0,1,0
1679,17,459,1219,1.000000,1.000000,1.000000,1.000000,0,1,1,0
1680,15,459,1220,1.000000,1.000000,1.000000,1.000000,1,0,1,1
1681,29,460,1220,1.000000,1.000000,1.000000,1.000000,1,0,1,1
1682,27,460,1221,1.000000,1.000000,1.000000,1.000000,0,0,0,0
1683,29,461,1221,1.000000,1.000000,1.000000,1.000000,0,0,0,0
1684,27,461,1222,1.000000,1.000000,1.000000,1.000000,1,0,0,1
1685,25,461,1223,1.000000,1.000000,1.000000,1.000000,0,1,0,0
1686,29,462,1223,1.000000,1.000000,1.000000,1.000000,0,1,0,0
1687,27,462,1224,1.000000,1.000000,1.000000,1.000000,0,0,0,0
1688,29,463,1224,1.000000,1.000000,1.000000,1.000000,0,0,0,0
1689,27,463,1225,1.000000,1.000000,1.000000,1.000000,0,0,0,0
1690,25,463,1226,1.000000,1.000000,1.000000,1.000000,0,1,0,0
1691,23,463,1227,1.000000,1.000000,1.000000,1.000000,0,0,1,0
1692,29,464,1227,1.000000,1.000000,1.000000,1.000000,0,0,1,0
1693,27,464,1228,1.000000,1.000000,1.000000,1.000000,0,0,0,0
1694,25,464,1229,1.000000,1.000000,1.000000,1.000000,0,1,0,0
1695,23,464,1230,1.000000,1.000000,1.000000,1.000000,0,0,0,0
1696,21,464,1231,1.000000,1.000000,1.000000,1.000000,0,0,0,0
1697,19,464,1232,1.000000,1.000000,1.000000,1.000000,0,0,0,0
1698,17,464,1233,1.000000,1.000000,1.000000,1.000000,0,0,1,0
1699,15,464,1234,1.000000,1.000000,1.000000,1.000000,0,0,1,0
1700,29,465,1234,1.000000,1.000000,1.000000,1.000000,0,0,1,0
1701,27,465,1235,1.000000,1.000000,1.000000,1.000000,0,0,0,0
1702,29,466,1235,1.000000,1.000000,1.000000,1.000000,0,0,0,0
1703,27,466,1236,1.000000,1.000000,1.000000,1.000000,0,0,0,0
1704,25,466,1237,1.000000,1.000000,1.000000,1.000000,0,0,0,0
1705,23,466,1238,1.000000,1.000000,1.000000,1.000000,0,0,0,0
1706,21,466,1239,1.000000,1.000000,1.000000,1.000000,0,0,0,0
1707,19,466,1240,1.000000,1.000000,1.000000,1.000000,0,0,0,0
1708,17,466,1241,1.000000,1.000000,1.000000,1.000000,0,0,0,1
1709,15,466,1242,1.000000,1.000000,1.000000,1.000000,0,0,1,0
1710,29,467,1242,1.000000,1.000000,1.000000,1.000000,0,0,1,0
1711,27,467,1243,1.000000,1.000000,1.000000,1.000000,0,0,0,0
1712,29,468,1243,1.000000,1.000000,1.000000,1.000000,0,0,0,0
1713,27,468,1244,1.000000,1.000000,1.000000,1.000000,0,0,0,0
1714,25,468,1245,1.000000,1.000000,1.000000,1.000000,0,0,0,0
1715,23,468,1246,1.000000,1.000000,1.000000,1.000000,0,0,1,0
1716,21,468,1247,1.000000,1.000000,1.000000,1.000000,0,0,0,0
1717,29,469,1247,1.000000,1.000000,1.000000,1.000000,0,0,0,0
1718,27,469,1248,1.000000,1.000000,1.000000,1.000000,0,0,1,1
1719,25,469,1249,1.000000,1.000000,1.000000,1.000000,0,0,0,0
1720,29,470,1249,1.000000,1.000000,1.000000,1.000000,0,0,0,0
1721,27,470,1250,1.000000,1.000000,1.000000,1.000000,0,0,0,0
1722,25,470,1251,1.000000,1.000000,1.000000,1.000000,0,0,0,0
1723,23,470,1252,1.000000,1.000000,1.000000,1.000000,0,0,0,0
1724,21,470,1253,1.000000,1.000000,1.000000,1.000000,0,0,1,1
1725,19,470,1254,1.000000,1.000000,1.000000,1.000000,0,0,0,0
1726,29,471,1254,1.000000,1.000000,1.000000,1.000000,0,0,0,0
1727,27,471,1255,1.000000,1.000000,1.000000,1.000000,0,0,0,0
1728,25,471,1256,1.000000,1.000000,1.000000,1.000000,0,0,0,0
1729,23,471,1257,1.000000,1.000000,1.000000,1.000000,0,0,0,0
1730,21,471,1258,1.000000,1.000000,1.000000,1.000000,0,0,0,0
1731,19,471,1259,1.000000,1.000000,1.000000,1.000000,1,0,0,0
1732,17,471,1260,1.000000,1.000000,1.000000,1.000000,1,0,0,0
1733,29,472,1260,1.000000,1.000000,1.000000,1.000000,1,0,0,0
1734,27,472,1261,1.000000,1.000000,1.000000,1.000000,0,0,0,1
1735,29,473,1261,1.000000,1.000000,1.000000,1.000000,0,0,0,1
1736,27,473,1262,1.000000,1.000000,1.000000,1.000000,0,0,0,0
1737,29,474,1262,1.000000,1.000000,1.000000,1.000000,0,0,0,0
1738,27,474,1263,1.000000,1.000000,1.000000,1.000000,0,0,0,0
1739,25,474,1264,1.000000,1.000000,1.000000,1.000000,0,0,0,0
1740,23,474,1265,1.000000,1.000000,1.000000,1.000000,0,0,0,0
1741,21,474,1266,1.000000,1.000000,1.000000,1.000000,0,0,0,0
1742,19,474,1267,1.000000,1.000000,1.000000,1.000000,1,0,0,0
1743,17,474,1268,1.000000,1.000000,1.000000,1.000000,0,0,0,0
1744,29,475,1268,1.000000,1.000000,1.000000,1.000000,0,0,0,0
1745,27,475,1269,1.000000,1.000000,1.000000,1.000000,0,0,0,0
1746,25,475,1270,1.000000,1.000000,1.000000,1.000000,0,0,0,0
1747,23,475,1271,1.000000,1.000000,1.000000,1.000000,0,1,0,0
1748,21,475,1272,1.000000,1.000000,1.000000,1.000000,0,0,0,0
1749,29,476,1272,1.000000,1.000000,1.000000,1.000000,0,0,0,0
1750,27,476,1273,1.000000,1.000000,1.000000,1.000000,0,1,0,0
1751,25,476,1274,1.000000,1.000000,1.000000,1.000000,0,0,1,0
1752,29,477,1274,1.000000,1.000000,1.000000,1.000000,0,0,1,0
1753,27,477,1275,1.000000,1.000000,1.000000,1.000000,0,0,0,0
1754,29,478,1275,1.000000,1.000000,1.000000,1.000000,0,0,0,0
1755,27,478,1276,1.000000,1.000000,1.000000,1.000000,0,0,0,0
1756,25,478,1277,1.000000,1.000000,1.000000,1.000000,0,0,0,0
1757,23,478,1278,1.000000,1.000000,1.000000,1.000000,0,0,0,0
1758,21,478,1279,1.000000,1.000000,1.000000,1.000000,0,0,0,0
1759,19,478,1280,1.000000,1.000000,1.000000,1.000000,0,0,0,0
1760,17,478,1281,1.000000,1.000000,1.000000,1.000000,0,0,0,0
1761,15,478,1282,1.000000,1.000000,1.000000,1.000000,0,0,1,0
1762,13,478,1283,1.000000,1.000000,1.000000,1.000000,0,0,0,0
1763,29,479,1283,1.000000,1.000000,1.000000,1.000000,0,0,0,0
1764,27,479,1284,1.000000,1.000000,1.000000,1.000000,0,0,0,1
1765,25,479,1285,1.000000,1.000000,1.000000,1.000000,0,0,0,0
1766,29,480,1285,1.000000,1.000000,1.000000,1.000000,0,0,0,0
1767,27,480,1286,1.000000,1.000000,1.000000,1.000000,1,0,0,0
1768,25,480,1287,1.000000,1.000000,1.000000,1.000000,0,0,0,0
1769,29,481,1287,1.000000,1.000000,1.000000,1.000000,0,0,0,0
1770,27,481,1288,1.000000,1.000000,1.000000,1.000000,0,0,0,0
1771,25,481,1289,1.000000,1.000000,1.000000,1.000000,0,0,0,0
1772,23,481,1290,1.000000,1.000000,1.000000,1.000000,0,0,0,0
1773,21,481,1291,1.000000,1.000000,1.000000,1.000000,0,0,0,0
1774,19,481,1292,1.000000,1.000000,1.000000,1.000000,0,0,0,0
1775,17,481,1293,1.000000,1.000000,1.000000,1.000000,0,0,0,0
1776,15,481,1294,1.000000,1.000000,1.000000,1.000000,0,0,0,0
1777,13,481,1295,1.000000,1.000000,1.000000,1.000000,0,0,0,0
1778,11,481,1296,1.000000,1.000000,1.000000,1.000000,1,0,0,0
1779,9,481,1297,1.000000,1.000000,1.000000,1.000000,0,0,0,0
1780,29,482,1297,1.000000,1.000000,1.000000,1.000000,0,0,0,0
1781,27,482,1298,1.000000,1.000000,1.000000,1.000000,0,0,0,1
1782,25,482,1299,1.000000,1.000000,1.000000,1.000000,0,0,0,0
1783,29,483,1299,1.000000,1.000000,1.000000,1.000000,0,0,0,0
1784,27,483,1300,1.000000,1.000000,1.000000,1.000000,0,0,0,1
1785,25,483,1301,1.000000,1.000000,1.000000,1.000000,0,0,0,0
1786,29,484,1301,1.000000,1.000000,1.000000,1.000000,0,0,0,0
1787,27,484,1302,1.000000,1.000000,1.000000,1.000000,0,0,0,0
1788,25,484,1303,1.000000,1.000000,1.000000,1.000000,0,0,0,0
1789,23,484,1304,1.000000,1.000000,1.000000,1.000000,0,0,0,0
1790,21,484,1305,1.000000,1.000000,1.000000,1.000000,0,0,0,0
1791,19,484,1306,1.000000,1.000000,1.000000,1.000000,0,0,0,0
1792,17,484,1307,1.000000,1.000000,1.000000,1.000000,0,0,0,0
1793,15,484,1308,1.000000,1.000000,1.000000,1.000000,0,0,0,0
1794,13,484,1309,1.000000,1.000000,1.000000,1.000000,0,0,0,0
1795,11,484,1310,1.000000,1.000000,1.000000,1.000000,0,0,0,0
1796,9,484,1311,1.000000,1.000000,1.000000,1.000000,0,0,0,0
1797,7,484,1312,1.000000,1.000000,1.000000,1.000000,0,1,0,0
1798,5,484,1313,1.000000,1.000000,1.000000,1.000000,0,0,0,0
1799,29,485,1313,1.000000,1.000000,1.000000,1.000000,0,0,0,0
1800,27,485,1314,1.000000,1.000000,1.000000,1.000000,1,0,0,0
1801,25,485,1315,1.000000,1.000000,1.000000,1.000000,0,0,0,0
1802,23,485,1316,1.000000,1.000000,1.000000,1.000000,1,0,0,0
1803,21,485,1317,1.000000,1.000000,1.000000,1.000000,0,0,0,0
1804,29,486,1317,1.000000,1.000000,1.000000,1.000000,0,0,0,0
1805,27,486,1318,1.000000,1.000000,1.000000,1.000000,0,0,0,0
1806,25,486,1319,1.000000,1.000000,1.000000,1.000000,0,0,0,0
1807,23,486,1320,1.000000,1.000000,1.000000,1.000000,0,0,0,0
1808,21,486,1321,1.000000,1.000000,1.000000,1.000000,0,1,0,0
1809,19,486,1322,1.000000,1.000000,1.000000,1.000000,0,0,0,0
1810,29,487,1322,1.000000,1.000000,1.000000,1.000000,0,0,0,0
1811,27,487,1323,1.000000,1.000000,1.000000,1.000000,0,0,0,0
1812,25,487,1324,1.000000,1.000000,1.000000,1.000000,1,0,0,0
1813,23,487,1325,1.000000,1.000000,1.000000,1.000000,0,0,0,0
1814,29,488,1325,1.000000,1.000000,1.000000,1.000000,0,0,0,0
1815,27,488,1326,1.000000,1.000000,1.000000,1.000000,0,0,0,1
1816,25,488,1327,1.000000,1.000000,1.000000,1.000000,1,0,0,0
1817,29,489,1327,1.000000,1.000000,1.000000,1.000000,1,0,0,0
1818,27,489,1328,1.000000,1.000000,1.000000,1.000000,0,0,0,0
1819,29,490,1328,1.000000,1.000000,1.000000,1.000000,0,0,0,0
1820,27,490,1329,1.000000,1.000000,1.000000,1.000000,0,0,0,1
1821,25,490,1330,1.000000,1.000000,1.000000,1.000000,0,0,0,0
1822,29,491,1330,1.000000,1.000000,1.000000,1.000000,0,0,0,0
1823,27,491,1331,1.000000,1.000000,1.000000,1.000000,0,0,0,1
1824,25,491,1332,1.000000,1.000000,1.000000,1.000000,0,0,0,0
1825,29,492,1332,1.000000,1.000000,1.000000,1.000000,0,0,0,0
1826,27,492,1333,1.000000,1.000000,1.000000,1.000000,0,0,0,1
1827,25,492,1334,1.000000,1.000000,1.000000,1.000000,0,0,0,1
1828,23,492,1335,1.000000,1.000000,1.000000,1.000000,1,1,0,1
1829,29,493,1335,1.000000,1.000000,1.000000,1.000000,1,1,0,1
1830,27,493,1336,1.000000,1.000000,1.000000,1.000000,0,0,0,0
1831,29,494,1336,1.000000,1.000000,1.000000,1.000000,0,0,0,0
1832,27,494,1337,1.000000,1.000000,1.000000,1.000000,0,0,1,0
1833,25,494,1338,1.000000,1.000000,1.000000,1.000000,0,0,0,0
1834,23,494,1339,1.000000,1.000000,1.000000,1.000000,0,0,0,1
1835,21,494,1340,1.000000,1.000000,1.000000,1.000000,0,0,0,0
1836,29,495,1340,1.000000,1.000000,1.000000,1.000000,0,0,0,0
1837,27,495,1341,1.000000,1.000000,1.000000,1.000000,0,0,0,0
1838,25,495,1342,1.000000,1.000000,1.000000,1.000000,0,0,0,0
1839,23,495,1343,1.000000,1.000000,1.000000,1.000000,1,0,0,0
1840,21,495,1344,1.000000,1.000000,1.000000,1.000000,0,0,0,1
1841,29,496,1344,1.000000,1.000000,1.000000,1.000000,0,0,0,1
1842,27,496,1345,1.000000,1.000000,1.000000,1.000000,0,0,0,0
1843,29,497,1345,1.000000,1.000000,1.000000,1.000000,0,0,0,0
1844,27,497,1346,1.000000,1.000000,1.000000,1.000000,0,0,0,0
1845,25,497,1347,1.000000,1.000000,1.000000,1.000000,1,0,0,0
1846,23,497,1348,1.000000,1.000000,1.000000,1.000000,0,1,0,0
1847,29,498,1348,1.000000,1.000000,1.000000,1.000000,0,1,0,0
1848,27,498,1349,1.000000,1.000000,1.000000,1.000000,0,0,0,0
1849,29,499,1349,1.000000,1.000000,1.000000,1.000000,0,0,0,0
1850,27,499,1350,1.000000,1.000000,1.000000,1.000000,0,1,0,0
1851,25,499,1351,1.000000,1.000000,1.000000,1.000000,0,0,0,0
1852,29,500,1351,1.000000,1.000000,1.000000,1.000000,0,0,0,0
1853,27,500,1352,1.000000,1.000000,1.000000,1.000000,0,0,1,0
1854,25,500,1353,1.000000,1.000000,1.000000,1.000000,0,0,0,0
1855,29,501,1353,1.000000,1.000000,1.000000,1.000000,0,0,0,0
1856,27,501,1354,1.000000,1.000000,1.000000,1.000000,0,0,0,0
1857,25,501,1355,1.000000,1.000000,1.000000,1.000000,0,0,0,0
1858,23,501,1356,1.000000,1.000000,1.000000,1.000000,0,0,0,0
1859,21,501,1357,1.000000,1.000000,1.000000,1.000000,0,0,1,0
1860,19,501,1358,1.000000,1.000000,1.000000,1.000000,0,0,0,0
1861,29,502,1358,1.000000,1.000000,1.000000,1.000000,0,0,0,0
1862,27,502,1359,1.000000,1.000000,1.000000,1.000000,0,0,1,0
1863,25,502,1360,1.000000,1.000000,1.000000,1.000000,0,0,0,0
1864,29,503,1360,1.000000,1.000000,1.000000,1.000000,0,0,0,0
1865,27,503,1361,1.000000,1.000000,1.000000,1.000000,0,0,0,1
1866,25,503,1362,1.000000,1.000000,1.000000,1.000000,0,0,0,1
1867,23,503,1363,1.000000,1.000000,1.000000,1.000000,1,1,0,1
1868,29,504,1363,1.000000,1.000000,1.000000,1.000000,1,1,0,1
1869,27,504,1364,1.000000,1.000000,1.000000,1.000000,0,0,1,0
1870,29,505,1364,1.000000,1.000000,1.000000,1.000000,0,0,1,0
1871,27,505,1365,1.000000,1.000000,1.000000,1.000000,0,0,0,0
1872,29,506,1365,1.000000,1.000000,1.000000,1.000000,0,0,0,0
1873,27,506,1366,1.000000,1.000000,1.000000,1.000000,0,0,0,0
1874,25,506,1367,1.000000,1.000000,1.000000,1.000000,0,0,0,0
1875,23,506,1368,1.000000,1.000000,1.000000,1.000000,0,0,0,0
1876,21,506,1369,1.000000,1.000000,1.000000,1.000000,1,0,0,0
1877,19,506,1370,1.000000,1.000000,1.000000,1.000000,0,0,0,0
1878,29,507,1370,1.000000,1.000000,1.000000,1.000000,0,0,0,0
1879,27,507,1371,1.000000,1.000000,1.000000,1.000000,0,0,0,1
1880,25,507,1372,1.000000,1.000000,1.000000,1.000000,0,0,0,0
1881,29,508,1372,1.000000,1.000000,1.000000,1.000000,0,0,0,0
1882,27,508,1373,1.000000,1.000000,1.000000,1.000000,0,0,0,0
1883,25,508,1374,1.000000,1.000000,1.000000,1.000000,0,0,0,0
1884,23,508,1375,1.000000,1.000000,1.000000,1.000000,0,1,0,0
1885,21,508,1376,1.000000,1.000000,1.000000,1.000000,0,1,0,0
1886,29,509,1376,1.000000,1.000000,1.000000,1.000000,0,1,1,0
1887,27,509,1377,1.000000,1.000000,1.000000,1.000000,0,0,0,0
1888,29,510,1377,1.000000,1.000000,1.000000,1.000000,0,0,0,0
1889,27,510,1378,1.000000,1.000000,1.000000,1.000000,0,0,0,0
1890,25,510,1379,1.000000,1.000000,1.000000,1.000000,0,0,0,0
1891,23,510,1380,1.000000,1.000000,1.000000,1.000000,0,0,0,0
1892,21,510,1381,1.000000,1.000000,1.000000,1.000000,0,0,0,0
1893,19,510,1382,1.000000,1.000000,1.000000,1.000000,0,0,0,0
1894,17,510,1383,1.000000,1.000000,1.000000,1.000000,1,0,0,0
1895,15,510,1384,1.000000,1.000000,1.000000,1.000000,0,0,0,0
1896,29,511,1384,1.000000,1.000000,1.000000,1.000000,0,0,0,0
1897,27,511,1385,1.000000,1.000000,1.000000,1.000000,0,0,0,0
1898,25,511,1386,1.000000,1.000000,1.000000,1.000000,0,0,0,0
1899,23,511,1387,1.000000,1.000000,1.000000,1.000000,1,0,0,0
1900,21,511,1388,1.000000,1.000000,1.000000,1.000000,0,0,0,0
1901,29,512,1388,1.000000,1.000000,1.000000,1.000000,0,0,0,0
1902,27,512,1389,1.000000,1.000000,1.000000,1.000000,0,1,0,0
1903,25,512,1390,1.000000,1.000000,1.000000,1.000000,0,0,0,0
1904,29,513,1390,1.000000,1.000000,1.000000,1.000000,0,0,0,0
1905,27,513,1391,1.000000,1.000000,1.000000,1.000000,0,1,0,0
1906,25,513,1392,1.000000,1.000000,1.000000,1.000000,0,1,0,0
1907,23,513,1393,1.000000,1.000000,1.000000,1.000000,1,0,0,0
1908,29,514,1393,1.000000,1.000000,1.000000,1.000000,1,0,0,0
1909,27,514,1394,1.000000,1.000000,1.000000,1.000000,0,1,0,0
1910,29,515,1394,1.000000,1.000000,1.000000,1.000000,0,1,0,0
1911,27,515,1395,1.000000,1.000000,1.000000,1.000000,1,1,0,0
1912,29,516,1395,1.000000,1.000000,1.000000,1.000000,1,1,0,0
1913,27,516,1396,1.000000,1.000000,1.000000,1.000000,0,0,0,0
1914,29,517,1396,1.000000,1.000000,1.000000,1.000000,0,0,0,0
1915,27,517,1397,1.000000,1.000000,1.000000,1.000000,0,1,0,0
1916,25,517,1398,1.000000,1.000000,1.000000,1.000000,0,0,0,0
1917,29,518,1398,1.000000,1.000000,1.000000,1.000000,0,0,0,0
1918,27,518,1399,1.000000,1.000000,1.000000,1.000000,0,1,0,0
1919,25,518,1400,1.000000,1.000000,1.000000,1.000000,0,0,0,0
1920,29,519,1400,1.000000,1.000000,1.000000,1.000000,0,0,0,0
1921,27,519,1401,1.000000,1.000000,1.000000,1.000000,0,0,0,0
1922,25,519,1402,1.000000,1.000000,1.000000,1.000000,0,0,0,0
1923,23,519,1403,1.000000,1.000000,1.000000,1.000000,0,0,0,0
1924,21,519,1404,1.000000,1.000000,1.000000,1.000000,0,0,0,0
1925,19,519,1405,1.000000,1.000000,1.000000,1.000000,0,0,0,0
1926,17,519,1406,1.000000,1.000000,1.000000,1.000000,0,0,0,0
1927,15,519,1407,1.000000,1.000000,1.000000,1.000000,0,0,0,0
1928,13,519,1408,1.000000,1.000000,1.000000,1.000000,0,0,0,0
1929,11,519,1409,1.000000,1.000000,1.000000,1.000000,1,0,0,0
1930,9,519,1410,1.000000,1.000000,1.000000,1.000000,0,0,0,0
1931,29,520,1410,1.000000,1.000000,1.000000,1.000000,0,0,0,0
1932,27,520,1411,1.000000,1.000000,1.000000,1.000000,0,0,0,0
1933,25,520,1412,1.000000,1.000000,1.000000,1.000000,1,0,0,0
1934,23,520,1413,1.000000,1.000000,1.000000,1.000000,0,0,0,0
1935,29,521,1413,1.000000,1.000000,1.000000,1.000000,0,0,0,0
1936,27,521,1414,1.000000,1.000000,1.000000,1.000000,0,0,0,0
1937,25,521,1415,1.000000,1.000000,1.000000,1.000000,0,0,0,0
1938,23,521,1416,1.000000,1.000000,1.000000,1.000000,0,0,0,0
1939,21,521,1417,1.000000,1.000000,1.000000,1.000000,0,0,1,0
1940,19,521,1418,1.000000,1.000000,1.000000,1.000000,0,0,1,0
1941,29,522,1418,1.000000,1.000000,1.000000,1.000000,0,0,1,0
1942,27,522,1419,1.000000,1.000000,1.000000,1.000000,0,0,0,0
1943,29,523,1419,1.000000,1.000000,1.000000,1.000000,0,0,0,0
1944,27,523,1420,1.000000,1.000000,1.000000,1.000000,0,1,0,0
1945,25,523,1421,1.000000,1.000000,1.000000,1.000000,0,0,0,0
1946,29,524,1421,1.000000,1.000000,1.000000,1.000000,0,0,0,0
1947,27,524,1422,1.000000,1.000000,1.000000,1.000000,0,1,0,0
1948,25,524,1423,1.000000,1.000000,1.000000,1.000000,0,0,0,0
1949,29,525,1423,1.000000,1.000000,1.000000,1.000000,0,0,0,0
1950,27,525,1424,1.000000,1.000000,1.000000,1.000000,0,0,0,0
1951,25,525,1425,1.000000,1.000000,1.000000,1.000000,1,0,0,0
1952,23,525,1426,1.000000,1.000000,1.000000,1.000000,0,0,0,0
1953,29,526,1426,1.000000,1.000000,1.000000,1.000000,0,0,0,0
1954,27,526,1427,1.000000,1.000000,1.000000,1.000000,0,0,0,0
1955,25,526,1428,1.000000,1.000000,1.000000,1.000000,0,1,1,0
1956,23,526,1429,1.000000,1.000000,1.000000,1.000000,0,1,1,0
1957,29,527,1429,1.000000,1.000000,1.000000,1.000000,0,1,1,0
1958,27,527,1430,1.000000,1.000000,1.000000,1.000000,1,0,0,0
1959,29,528,1430,1.000000,1.000000,1.000000,1.000000,1,0,0,0
1960,27,528,1431,1.000000,1.000000,1.000000,1.000000,0,0,0,0
1961,25,528,1432,1.000000,1.000000,1.000000,1.000000,0,0,1,0
1962,23,528,1433,1.000000,1.000000,1.000000,1.000000,0,0,0,0
1963,29,529,1433,1.000000,1.000000,1.000000,1.000000,0,0,0,0
1964,27,529,1434,1.000000,1.000000,1.000000,1.000000,0,0,0,0
1965,25,529,1435,1.000000,1.000000,1.000000,1.000000,0,0,0,0
1966,23,529,1436,1.000000,1.000000,1.000000,1.000000,0,0,0,0
1967,21,529,1437,1.000000,1.000000,1.000000,1.000000,0,0,0,0
1968,19,529,1438,1.000000,1.000000,1.000000,1.000000,0,0,0,0
1969,17,529,1439,1.000000,1.000000,1.000000,1.000000,0,0,0,0
1970,15,529,1440,1.000000,1.000000,1.000000,1.000000,0,0,0,0
1971,13,529,1441,1.000000,1.000000,1.000000,1.000000,0,0,0,0
1972,11,529,1442,1.000000,1.000000,1.000000,1.000000,0,0,0,0
1973,9,529,1443,1.000000,1.000000,1.000000,1.000000,0,1,0,0
1974,7,529,1444,1.000000,1.000000,1.000000,1.000000,0,1,0,1
1975,5,529,1445,1.000000,1.000000,1.000000,1.000000,1,0,1,0
1976,29,530,1445,1.000000,1.000000,1.000000,1.000000,1,0,1,0
1977,27,530,1446,1.000000,1.000000,1.000000,1.000000,0,0,0,0
1978,29,531,1446,1.000000,1.000000,1.000000,1.000000,0,0,0,0
1979,27,531,1447,1.000000,1.000000,1.000000,1.000000,0,0,0,0
1980,25,531,1448,1.000000,1.000000,1.000000,1.000000,0,0,0,0
1981,23,531,1449,1.000000,1.000000,1.000000,1.000000,1,0,0,0
1982,21,531,1450,1.000000,1.000000,1.000000,1.000000,0,0,0,0
1983,29,532,1450,1.000000,1.000000,1.000000,1.000000,0,0,0,0
1984,27,532,1451,1.000000,1.000000,1.000000,1.000000,1,0,0,0
1985,25,532,1452,1.000000,1.000000,1.000000,1.000000,1,1,0,0
1986,29,533,1452,1.000000,1.000000,1.000000,1.000000,1,1,0,0
1987,27,533,1453,1.000000,1.000000,1.000000,1.000000,0,0,0,0
1988,29,534,1453,1.000000,1.000000,1.000000,1.000000,0,0,0,0
1989,27,534,1454,1.000000,1.000000,1.000000,1.000000,0,0,0,0
1990,25,534,1455,1.000000,1.000000,1.000000,1.000000,0,0,0,0
1991,23,534,1456,1.000000,1.000000,1.000000,1.000000,0,1,0,0
1992,21,534,1457,1.000000,1.000000,1.000000,1.000000,0,0,1,0
1993,29,535,1457,1.000000,1.000000,1.000000,1.000000,0,0,1,0
1994,27,535,1458,1.000000,1.000000,1.000000,1.000000,0,0,0,0
1995,25,535,1459,1.000000,1.000000,1.000000,1.000000,0,1,0,0
1996,23,535,1460,1.000000,1.000000,1.000000,1.000000,0,0,0,0
1997,29,536,1460,1.000000,1.000000,1.000000,1.000000,0,0,0,0
1998,27,536,1461,1.000000,1.000000,1.000000,1.000000,0,0,0,0
1999,25,536,1462,1.000000,1.000000,1.000000,1.000000,0,0,0,0
2000,23,536,1463,1.000000,1.000000,1.000000,1.000000,0,0,0,0
