tick,energy,eats,distance,conn_1_6_weight,conn_2_7_weight,conn_3_8_weight,conn_4_9_weight,food_north_sensed,food_east_sensed,food_south_sensed,food_west_sensed
0,30,0,0,1.000000,1.000000,1.000000,1.000000,0,0,0,0
1,29,0,0,1.000000,1.000000,1.000000,1.000000,0,0,0,0
2,27,0,1,1.000000,1.000000,1.000000,1.000000,0,0,0,0
3,25,0,2,1.000000,1.000000,1.000000,1.000000,0,0,0,0
4,23,0,3,1.000000,1.000000,1.000000,1.000000,0,0,0,0
5,21,0,4,1.000000,1.000000,1.000000,1.000000,0,0,0,0
6,19,0,5,1.000000,1.000000,1.000000,1.000000,0,0,1,0
7,17,0,6,1.000000,1.000000,1.000000,1.000000,0,1,0,0
8,29,1,6,1.000000,1.000000,1.000000,1.000000,0,1,0,0
9,27,1,7,1.000000,1.000000,1.000000,1.000000,0,0,0,0
10,29,2,7,1.000000,1.000000,1.000000,1.000000,0,0,0,0
11,27,2,8,1.000000,1.000000,1.000000,1.000000,0,0,0,0
12,25,2,9,1.000000,1.000000,1.000000,1.000000,0,0,0,0
13,23,2,10,1.000000,1.000000,1.000000,1.000000,0,0,0,0
14,21,2,11,1.000000,1.000000,1.000000,1.000000,0,0,0,0
15,19,2,12,1.000000,1.000000,1.000000,1.000000,0,1,0,0
16,17,2,13,1.000000,1.000000,1.000000,1.000000,0,0,0,0
17,29,3,13,1.000000,1.000000,1.000000,1.000000,0,0,0,0
18,27,3,14,1.000000,1.000000,1.000000,1.000000,1,0,1,0
19,25,3,15,1.000000,1.000000,1.000000,1.000000,0,0,0,0
20,29,4,15,1.000000,1.000000,1.000000,1.000000,0,0,0,0
21,27,4,16,1.000000,1.000000,1.000000,1.000000,0,0,0,0
22,25,4,17,1.000000,1.000000,1.000000,1.000000,0,0,0,0
23,23,4,18,1.000000,1.000000,1.000000,1.000000,0,0,0,0
24,21,4,19,1.000000,1.000000,1.000000,1.000000,0,0,1,0
25,19,4,20,1.000000,1.000000,1.000000,1.000000,0,1,1,0
26,29,5,20,1.000000,1.000000,1.000000,1.000000,0,1,1,0
27,27,5,21,1.000000,1.000000,1.000000,1.000000,0,0,1,0
28,29,6,21,1.000000,1.000000,1.000000,1.000000,0,0,1,0
29,27,6,22,1.000000,1.000000,1.000000,1.000000,0,1,1,1
30,29,7,22,1.000000,1.000000,1.000000,1.000000,0,1,1,1
31,27,7,23,1.000000,1.000000,1.000000,1.000000,0,0,1,0
32,29,8,23,1.000000,1.000000,1.000000,1.000000,0,0,1,0
33,27,8,24,1.000000,1.000000,1.000000,1.000000,0,0,1,1
34,29,9,24,1.000000,1.000000,1.000000,1.000000,0,0,1,1
35,27,9,25,1.000000,1.000000,1.000000,1.000000,0,0,1,1
36,29,10,25,1.000000,1.000000,1.000000,1.000000,0,0,1,1
37,27,10,26,1.000000,1.000000,1.000000,1.000000,0,1,1,0
38,29,11,26,1.000000,1.000000,1.000000,1.000000,0,1,1,0
39,27,11,27,1.000000,1.000000,1.000000,1.000000,0,0,1,0
40,29,12,27,1.000000,1.000000,1.000000,1.000000,0,0,1,0
41,27,12,28,1.000000,1.000000,1.000000,1.000000,0,0,1,0
42,25,12,29,1.000000,1.000000,1.000000,1.000000,0,1,0,0
43,29,13,29,1.000000,1.000000,1.000000,1.000000,0,1,0,0
44,27,13,30,1.000000,1.000000,1.000000,1.000000,0,1,0,0
45,25,13,31,1.000000,1.000000,1.000000,1.000000,0,0,1,1
46,29,14,31,1.000000,1.000000,1.000000,1.000000,0,0,1,1
47,27,14,32,1.000000,1.000000,1.000000,1.000000,0,1,0,0
48,29,15,32,1.000000,1.000000,1.000000,1.000000,0,1,0,0
49,27,15,33,1.000000,1.000000,1.000000,1.000000,0,0,0,0
50,29,16,33,1.000000,1.000000,1.000000,1.000000,0,0,0,0
51,27,16,34,1.000000,1.000000,1.000000,1.000000,0,0,0,0
52,25,16,35,1.000000,1.000000,1.000000,1.000000,0,0,0,0
53,23,16,36,1.000000,1.000000,1.000000,1.000000,0,0,0,0
54,21,16,37,1.000000,1.000000,1.000000,1.000000,0,0,0,1
55,19,16,38,1.000000,1.000000,1.000000,1.000000,1,0,0,0
56,29,17,38,1.000000,1.000000,1.000000,1.000000,1,0,0,0
57,27,17,39,1.000000,1.000000,1.000000,1.000000,1,0,0,1
58,29,18,39,1.000000,1.000000,1.000000,1.000000,1,0,0,1
59,27,18,40,1.000000,1.000000,1.000000,1.000000,1,0,0,1
60,25,18,41,1.000000,1.000000,1.000000,1.000000,0,0,1,1
61,29,19,41,1.000000,1.000000,1.000000,1.000000,0,0,1,1
62,27,19,42,1.000000,1.000000,1.000000,1.000000,1,0,1,1
63,29,20,42,1.000000,1.000000,1.000000,1.000000,1,0,1,1
64,27,20,43,1.000000,1.000000,1.000000,1.000000,0,0,0,1
65,29,21,43,1.000000,1.000000,1.000000,1.000000,0,0,0,1
66,27,21,44,1.000000,1.000000,1.000000,1.000000,0,0,1,0
67,29,22,44,1.000000,1.000000,1.000000,1.000000,0,0,1,0
68,27,22,45,1.000000,1.000000,1.000000,1.000000,0,0,1,0
69,29,23,45,1.000000,1.000000,1.000000,1.000000,0,0,1,0
70,27,23,46,1.000000,1.000000,1.000000,1.000000,0,1,0,0
71,29,24,46,1.000000,1.000000,1.000000,1.000000,0,1,0,0
72,27,24,47,1.000000,1.000000,1.000000,1.000000,0,1,1,0
73,29,25,47,1.000000,1.000000,1.000000,1.000000,0,1,1,0
74,27,25,48,1.000000,1.000000,1.000000,1.000000,0,0,1,0
75,29,26,48,1.000000,1.000000,1.000000,1.000000,1,0,1,0
76,27,26,49,1.000000,1.000000,1.000000,1.000000,0,0,1,1
77,25,26,50,1.000000,1.000000,1.000000,1.000000,1,1,0,1
78,29,27,50,1.000000,1.000000,1.000000,1.000000,1,1,0,1
79,27,27,51,1.000000,1.000000,1.000000,1.000000,0,0,0,1
80,29,28,51,1.000000,1.000000,1.000000,1.000000,0,0,0,1
81,27,28,52,1.000000,1.000000,1.000000,1.000000,0,0,1,0
82,29,29,52,1.000000,1.000000,1.000000,1.000000,0,0,1,0
83,27,29,53,1.000000,1.000000,1.000000,1.000000,0,0,0,0
84,29,30,53,1.000000,1.000000,1.000000,1.000000,0,0,0,0
85,27,30,54,1.000000,1.000000,1.000000,1.000000,0,0,0,0
86,25,30,55,1.000000,1.000000,1.000000,1.000000,0,0,0,0
87,23,30,56,1.000000,1.000000,1.000000,1.000000,0,0,0,0
88,21,30,57,1.000000,1.000000,1.000000,1.000000,0,1,0,0
89,19,30,58,1.000000,1.000000,1.000000,1.000000,0,0,1,0
90,29,31,58,1.000000,1.000000,1.000000,1.000000,0,0,1,0
91,27,31,59,1.000000,1.000000,1.000000,1.000000,0,0,0,0
92,29,32,59,1.000000,1.000000,1.000000,1.000000,0,0,0,0
93,27,32,60,1.000000,1.000000,1.000000,1.000000,0,0,0,0
94,25,32,61,1.000000,1.000000,1.000000,1.000000,0,0,0,0
95,23,32,62,1.000000,1.000000,1.000000,1.000000,0,0,0,0
96,21,32,63,1.000000,1.000000,1.000000,1.000000,1,0,0,0
97,19,32,64,1.000000,1.000000,1.000000,1.000000,1,1,0,0
98,29,33,64,1.000000,1.000000,1.000000,1.000000,1,1,0,0
99,27,33,65,1.000000,1.000000,1.000000,1.000000,0,0,0,0
100,29,34,65,1.000000,1.000000,1.000000,1.000000,0,0,0,0
101,27,34,66,1.000000,1.000000,1.000000,1.000000,0,0,1,0
102,25,34,67,1.000000,1.000000,1.000000,1.000000,0,1,0,0
103,29,35,67,1.000000,1.000000,1.000000,1.000000,0,1,0,0
104,27,35,68,1.000000,1.000000,1.000000,1.000000,0,0,0,0
105,29,36,68,1.000000,1.000000,1.000000,1.000000,0,0,0,0
106,27,36,69,1.000000,1.000000,1.000000,1.000000,0,0,0,0
107,25,36,70,1.000000,1.000000,1.000000,1.000000,1,1,0,0
108,23,36,71,1.000000,1.000000,1.000000,1.000000,0,1,0,0
109,29,37,71,1.000000,1.000000,1.000000,1.000000,0,1,0,0
110,27,37,72,1.000000,1.000000,1.000000,1.000000,0,0,0,1
111,25,37,73,1.000000,1.000000,1.000000,1.000000,0,0,0,1
112,29,38,73,1.000000,1.000000,1.000000,1.000000,0,0,0,1
113,27,38,74,1.000000,1.000000,1.000000,1.000000,0,0,0,0
114,25,38,75,1.000000,1.000000,1.000000,1.000000,0,0,1,0
115,23,38,76,1.000000,1.000000,1.000000,1.000000,0,0,0,0
116,29,39,76,1.000000,1.000000,1.000000,1.000000,0,0,0,0
117,27,39,77,1.000000,1.000000,1.000000,1.000000,0,0,0,0
118,25,39,78,1.000000,1.000000,1.000000,1.000000,0,0,0,0
119,23,39,79,1.000000,1.000000,1.000000,1.000000,0,0,0,0
120,21,39,80,1.000000,1.000000,1.000000,1.000000,0,0,1,1
121,19,39,81,1.000000,1.000000,1.000000,1.000000,0,0,0,1
122,17,39,82,1.000000,1.000000,1.000000,1.000000,1,1,0,0
123,29,40,82,1.000000,1.000000,1.000000,1.000000,1,1,0,0
124,27,40,83,1.000000,1.000000,1.000000,1.000000,0,0,0,0
125,29,41,83,1.000000,1.000000,1.000000,1.000000,0,0,0,0
126,27,41,84,1.000000,1.000000,1.000000,1.000000,1,0,0,0
127,25,41,85,1.000000,1.000000,1.000000,1.000000,0,0,0,1
128,29,42,85,1.000000,1.000000,1.000000,1.000000,0,0,0,1
129,27,42,86,1.000000,1.000000,1.000000,1.000000,1,0,0,1
130,29,43,86,1.000000,1.000000,1.000000,1.000000,1,0,0,1
131,27,43,87,1.000000,1.000000,1.000000,1.000000,1,0,0,0
132,25,43,88,1.000000,1.000000,1.000000,1.000000,1,1,1,0
133,29,44,88,1.000000,1.000000,1.000000,1.000000,1,1,1,0
134,27,44,89,1.000000,1.000000,1.000000,1.000000,1,1,0,1
135,29,45,89,1.000000,1.000000,1.000000,1.000000,1,1,0,1
136,27,45,90,1.000000,1.000000,1.000000,1.000000,1,1,0,1
137,29,46,90,1.000000,1.000000,1.000000,1.000000,1,1,0,1
138,27,46,91,1.000000,1.000000,1.000000,1.000000,1,0,1,0
139,29,47,91,1.000000,1.000000,1.000000,1.000000,1,0,1,0
140,27,47,92,1.000000,1.000000,1.000000,1.000000,0,1,0,0
141,25,47,93,1.000000,1.000000,1.000000,1.000000,0,0,0,1
142,29,48,93,1.000000,1.000000,1.000000,1.000000,0,0,0,1
143,27,48,94,1.000000,1.000000,1.000000,1.000000,0,0,0,0
144,29,49,94,1.000000,1.000000,1.000000,1.000000,0,0,0,0
145,27,49,95,1.000000,1.000000,1.000000,1.000000,0,0,0,0
146,25,49,96,1.000000,1.000000,1.000000,1.000000,0,0,0,0
147,23,49,97,1.000000,1.000000,1.000000,1.000000,0,0,0,0
148,21,49,98,1.000000,1.000000,1.000000,1.000000,1,1,0,0
149,19,49,99,1.000000,1.000000,1.000000,1.000000,0,0,0,0
150,29,50,99,1.000000,1.000000,1.000000,1.000000,0,0,0,0
151,27,50,100,1.000000,1.000000,1.000000,1.000000,0,1,0,0
152,25,50,101,1.000000,1.000000,1.000000,1.000000,0,0,0,0
153,29,51,101,1.000000,1.000000,1.000000,1.000000,0,0,0,0
154,27,51,102,1.000000,1.000000,1.000000,1.000000,0,0,1,0
155,25,51,103,1.000000,1.000000,1.000000,1.000000,0,0,1,1
156,29,52,103,1.000000,1.000000,1.000000,1.000000,0,0,1,1
157,27,52,104,1.000000,1.000000,1.000000,1.000000,0,0,1,1
158,25,52,105,1.000000,1.000000,1.000000,1.000000,1,0,1,1
159,29,53,105,1.000000,1.000000,1.000000,1.000000,1,0,1,1
160,27,53,106,1.000000,1.000000,1.000000,1.000000,0,1,0,1
161,25,53,107,1.000000,1.000000,1.000000,1.000000,0,0,1,1
162,29,54,107,1.000000,1.000000,1.000000,1.000000,0,0,1,1
163,27,54,108,1.000000,1.000000,1.000000,1.000000,0,0,0,1
164,29,55,108,1.000000,1.000000,1.000000,1.000000,0,0,0,1
165,27,55,109,1.000000,1.000000,1.000000,1.000000,1,0,0,0
166,29,56,109,1.000000,1.000000,1.000000,1.000000,1,0,0,0
167,27,56,110,1.000000,1.000000,1.000000,1.000000,1,0,0,0
168,25,56,111,1.000000,1.000000,1.000000,1.000000,1,1,1,1
169,29,57,111,1.000000,1.000000,1.000000,1.000000,1,1,1,1
170,27,57,112,1.000000,1.000000,1.000000,1.000000,1,0,0,0
171,25,57,113,1.000000,1.000000,1.000000,1.000000,0,0,1,1
172,29,58,113,1.000000,1.000000,1.000000,1.000000,0,0,1,1
173,27,58,114,1.000000,1.000000,1.000000,1.000000,0,0,1,0
174,29,59,114,1.000000,1.000000,1.000000,1.000000,0,0,1,0
175,27,59,115,1.000000,1.000000,1.000000,1.000000,0,0,0,1
176,29,60,115,1.000000,1.000000,1.000000,1.000000,0,0,0,1
177,27,60,116,1.000000,1.000000,1.000000,1.000000,0,0,0,0
178,29,61,116,1.000000,1.000000,1.000000,1.000000,0,0,0,0
179,27,61,117,1.000000,1.000000,1.000000,1.000000,0,1,0,0
180,25,61,118,1.000000,1.000000,1.000000,1.000000,0,1,0,1
181,29,62,118,1.000000,1.000000,1.000000,1.000000,0,1,0,1
182,27,62,119,1.000000,1.000000,1.000000,1.000000,0,0,0,0
183,29,63,119,1.000000,1.000000,1.000000,1.000000,0,0,0,0
184,27,63,120,1.000000,1.000000,1.000000,1.000000,1,0,0,0
185,25,63,121,1.000000,1.000000,1.000000,1.000000,1,0,0,1
186,29,64,121,1.000000,1.000000,1.000000,1.000000,1,0,0,1
187,27,64,122,1.000000,1.000000,1.000000,1.000000,1,0,0,0
188,29,65,122,1.000000,1.000000,1.000000,1.000000,1,0,0,0
189,27,65,123,1.000000,1.000000,1.000000,1.000000,1,1,0,0
190,25,65,124,1.000000,1.000000,1.000000,1.000000,0,1,1,0
191,29,66,124,1.000000,1.000000,1.000000,1.000000,0,1,1,0
192,27,66,125,1.000000,1.000000,1.000000,1.000000,0,0,1,0
193,29,67,125,1.000000,1.000000,1.000000,1.000000,0,0,1,0
194,27,67,126,1.000000,1.000000,1.000000,1.000000,0,1,0,1
195,29,68,126,1.000000,1.000000,1.000000,1.000000,0,1,0,1
196,27,68,127,1.000000,1.000000,1.000000,1.000000,0,0,1,0
197,29,69,127,1.000000,1.000000,1.000000,1.000000,0,0,1,0
198,27,69,128,1.000000,1.000000,1.000000,1.000000,0,0,1,0
199,29,70,128,1.000000,1.000000,1.000000,1.000000,0,0,1,0
200,27,70,129,1.000000,1.000000,1.000000,1.000000,0,0,1,1
201,29,71,129,1.000000,1.000000,1.000000,1.000000,0,0,1,1
202,27,71,130,1.000000,1.000000,1.000000,1.000000,0,1,0,1
203,29,72,130,1.000000,1.000000,1.000000,1.000000,0,1,0,1
204,27,72,131,1.000000,1.000000,1.000000,1.000000,1,0,0,0
205,29,73,131,1.000000,1.000000,1.000000,1.000000,1,0,0,0
206,27,73,132,1.000000,1.000000,1.000000,1.000000,1,0,0,0
207,29,74,132,1.000000,1.000000,1.000000,1.000000,1,0,0,0
208,27,74,133,1.000000,1.000000,1.000000,1.000000,0,0,0,1
209,29,75,133,1.000000,1.000000,1.000000,1.000000,1,0,0,1
210,27,75,134,1.000000,1.000000,1.000000,1.000000,1,0,0,0
211,29,76,134,1.000000,1.000000,1.000000,1.000000,1,0,0,0
212,27,76,135,1.000000,1.000000,1.000000,1.000000,1,1,0,0
213,29,77,135,1.000000,1.000000,1.000000,1.000000,1,1,0,0
214,27,77,136,1.000000,1.000000,1.000000,1.000000,1,1,0,0
215,29,78,136,1.000000,1.000000,1.000000,1.000000,1,1,0,0
216,27,78,137,1.000000,1.000000,1.000000,1.000000,0,0,0,1
217,29,79,137,1.000000,1.000000,1.000000,1.000000,0,0,0,1
218,27,79,138,1.000000,1.000000,1.000000,1.000000,1,0,1,0
219,25,79,139,1.000000,1.000000,1.000000,1.000000,0,0,1,0
220,29,80,139,1.000000,1.000000,1.000000,1.000000,0,0,1,0
221,27,80,140,1.000000,1.000000,1.000000,1.000000,0,0,1,0
222,29,81,140,1.000000,1.000000,1.000000,1.000000,0,0,1,0
223,27,81,141,1.000000,1.000000,1.000000,1.000000,0,0,1,1
224,29,82,141,1.000000,1.000000,1.000000,1.000000,0,0,1,1
225,27,82,142,1.000000,1.000000,1.000000,1.000000,0,1,0,1
226,29,83,142,1.000000,1.000000,1.000000,1.000000,0,1,0,1
227,27,83,143,1.000000,1.000000,1.000000,1.000000,0,0,1,0
228,29,84,143,1.000000,1.000000,1.000000,1.000000,0,0,1,0
229,27,84,144,1.000000,1.000000,1.000000,1.000000,0,1,0,0
230,29,85,144,1.000000,1.000000,1.000000,1.000000,0,1,0,0
231,27,85,145,1.000000,1.000000,1.000000,1.000000,0,0,0,0
232,29,86,145,1.000000,1.000000,1.000000,1.000000,0,0,0,0
233,27,86,146,1.000000,1.000000,1.000000,1.000000,0,0,1,0
234,25,86,147,1.000000,1.000000,1.000000,1.000000,0,1,0,0
235,29,87,147,1.000000,1.000000,1.000000,1.000000,0,1,0,0
236,27,87,148,1.000000,1.000000,1.000000,1.000000,0,0,0,0
237,29,88,148,1.000000,1.000000,1.000000,1.000000,0,0,0,0
238,27,88,149,1.000000,1.000000,1.000000,1.000000,0,1,0,0
239,25,88,150,1.000000,1.000000,1.000000,1.000000,0,0,0,0
240,29,89,150,1.000000,1.000000,1.000000,1.000000,0,0,0,0
241,27,89,151,1.000000,1.000000,1.000000,1.000000,1,0,0,0
242,25,89,152,1.000000,1.000000,1.000000,1.000000,0,0,0,1
243,29,90,152,1.000000,1.000000,1.000000,1.000000,0,0,0,1
244,27,90,153,1.000000,1.000000,1.000000,1.000000,0,0,0,0
245,29,91,153,1.000000,1.000000,1.000000,1.000000,0,0,0,0
246,27,91,154,1.000000,1.000000,1.000000,1.000000,0,0,0,0
247,25,91,155,1.000000,1.000000,1.000000,1.000000,0,0,0,0
248,23,91,156,1.000000,1.000000,1.000000,1.000000,0,0,0,0
249,21,91,157,1.000000,1.000000,1.000000,1.000000,0,1,1,0
250,19,91,158,1.000000,1.000000,1.000000,1.000000,0,0,0,0
251,29,92,158,1.000000,1.000000,1.000000,1.000000,0,0,0,0
252,27,92,159,1.000000,1.000000,1.000000,1.000000,0,1,0,0
253,25,92,160,1.000000,1.000000,1.000000,1.000000,0,0,0,0
254,29,93,160,1.000000,1.000000,1.000000,1.000000,0,0,0,0
255,27,93,161,1.000000,1.000000,1.000000,1.000000,0,1,0,0
256,25,93,162,1.000000,1.000000,1.000000,1.000000,1,0,0,0
257,23,93,163,1.000000,1.000000,1.000000,1.000000,1,0,0,0
258,29,94,163,1.000000,1.000000,1.000000,1.000000,1,0,0,0
259,27,94,164,1.000000,1.000000,1.000000,1.000000,0,0,0,0
260,25,94,165,1.000000,1.000000,1.000000,1.000000,0,0,1,0
261,23,94,166,1.000000,1.000000,1.000000,1.000000,0,1,0,0
262,29,95,166,1.000000,1.000000,1.000000,1.000000,0,1,0,0
263,27,95,167,1.000000,1.000000,1.000000,1.000000,0,0,0,0
264,29,96,167,1.000000,1.000000,1.000000,1.000000,0,0,0,0
265,27,96,168,1.000000,1.000000,1.000000,1.000000,0,0,0,0
266,25,96,169,1.000000,1.000000,1.000000,1.000000,0,0,0,0
267,23,96,170,1.000000,1.000000,1.000000,1.000000,0,0,1,0
268,21,96,171,1.000000,1.000000,1.000000,1.000000,0,0,0,0
269,29,97,171,1.000000,1.000000,1.000000,1.000000,0,0,0,0
270,27,97,172,1.000000,1.000000,1.000000,1.000000,0,1,0,0
271,25,97,173,1.000000,1.000000,1.000000,1.000000,0,1,0,0
272,23,97,174,1.000000,1.000000,1.000000,1.000000,0,0,0,1
273,29,98,174,1.000000,1.000000,1.000000,1.000000,0,0,0,1
274,27,98,175,1.000000,1.000000,1.000000,1.000000,0,0,0,0
275,29,99,175,1.000000,1.000000,1.000000,1.000000,0,0,0,0
276,27,99,176,1.000000,1.000000,1.000000,1.000000,0,0,0,0
277,25,99,177,1.000000,1.000000,1.000000,1.000000,0,0,0,0
278,23,99,178,1.000000,1.000000,1.000000,1.000000,0,0,0,1
279,21,99,179,1.000000,1.000000,1.000000,1.000000,0,0,0,1
280,29,100,179,1.000000,1.000000,1.000000,1.000000,0,0,0,1
281,27,100,180,1.000000,1.000000,1.000000,1.000000,0,0,0,0
282,25,100,181,1.000000,1.000000,1.000000,1.000000,0,0,1,0
283,23,100,182,1.000000,1.000000,1.000000,1.000000,0,0,0,0
284,29,101,182,1.000000,1.000000,1.000000,1.000000,0,0,0,0
285,27,101,183,1.000000,1.000000,1.000000,1.000000,0,0,1,0
286,25,101,184,1.000000,1.000000,1.000000,1.000000,0,0,0,0
287,29,102,184,1.000000,1.000000,1.000000,1.000000,0,0,0,0
288,27,102,185,1.000000,1.000000,1.000000,1.000000,0,0,0,1
289,25,102,186,1.000000,1.000000,1.000000,1.000000,0,0,0,0
290,29,103,186,1.000000,1.000000,1.000000,1.000000,0,0,0,0
291,27,103,187,1.000000,1.000000,1.000000,1.000000,1,0,1,0
292,25,103,188,1.000000,1.000000,1.000000,1.000000,0,0,0,0
293,29,104,188,1.000000,1.000000,1.000000,1.000000,0,0,0,0
294,27,104,189,1.000000,1.000000,1.000000,1.000000,0,0,0,1
295,25,104,190,1.000000,1.000000,1.000000,1.000000,0,0,0,1
296,29,105,190,1.000000,1.000000,1.000000,1.000000,0,0,0,1
297,27,105,191,1.000000,1.000000,1.000000,1.000000,0,0,0,0
298,29,106,191,1.000000,1.000000,1.000000,1.000000,0,0,0,0
299,27,106,192,1.000000,1.000000,1.000000,1.000000,0,0,0,1
300,25,106,193,1.000000,1.000000,1.000000,1.000000,0,0,0,1
301,29,107,193,1.000000,1.000000,1.000000,1.000000,0,0,0,1
302,27,107,194,1.000000,1.000000,1.000000,1.000000,1,0,0,0
303,29,108,194,1.000000,1.000000,1.000000,1.000000,1,0,0,0
304,27,108,195,1.000000,1.000000,1.000000,1.000000,0,0,0,1
305,29,109,195,1.000000,1.000000,1.000000,1.000000,0,0,0,1
306,27,109,196,1.000000,1.000000,1.000000,1.000000,0,0,0,0
307,25,109,197,1.000000,1.000000,1.000000,1.000000,0,1,0,0
308,23,109,198,1.000000,1.000000,1.000000,1.000000,0,1,0,0
309,29,110,198,1.000000,1.000000,1.000000,1.000000,0,1,0,0
310,27,110,199,1.000000,1.000000,1.000000,1.000000,0,0,0,0
311,29,111,199,1.000000,1.000000,1.000000,1.000000,0,0,0,0
312,27,111,200,1.000000,1.000000,1.000000,1.000000,0,0,1,0
313,25,111,201,1.000000,1.000000,1.000000,1.000000,0,1,0,0
314,29,112,201,1.000000,1.000000,1.000000,1.000000,0,1,0,0
315,27,112,202,1.000000,1.000000,1.000000,1.000000,0,0,0,0
316,29,113,202,1.000000,1.000000,1.000000,1.000000,0,0,0,0
317,27,113,203,1.000000,1.000000,1.000000,1.000000,0,0,0,0
318,25,113,204,1.000000,1.000000,1.000000,1.000000,0,0,0,0
319,23,113,205,1.000000,1.000000,1.000000,1.000000,0,0,1,0
320,21,113,206,1.000000,1.000000,1.000000,1.000000,0,0,0,1
321,19,113,207,1.000000,1.000000,1.000000,1.000000,0,1,0,0
322,17,113,208,1.000000,1.000000,1.000000,1.000000,0,0,0,1
323,15,113,209,1.000000,1.000000,1.000000,1.000000,0,1,0,0
324,29,114,209,1.000000,1.000000,1.000000,1.000000,0,1,0,0
325,27,114,210,1.000000,1.000000,1.000000,1.000000,0,0,0,0
326,29,115,210,1.000000,1.000000,1.000000,1.000000,0,0,0,0
327,27,115,211,1.000000,1.000000,1.000000,1.000000,0,0,1,0
328,25,115,212,1.000000,1.000000,1.000000,1.000000,0,1,0,0
329,29,116,212,1.000000,1.000000,1.000000,1.000000,0,1,0,0
330,27,116,213,1.000000,1.000000,1.000000,1.000000,0,1,1,0
331,29,117,213,1.000000,1.000000,1.000000,1.000000,0,1,1,0
332,27,117,214,1.000000,1.000000,1.000000,1.000000,0,0,0,0
333,29,118,214,1.000000,1.000000,1.000000,1.000000,0,0,0,0
334,27,118,215,1.000000,1.000000,1.000000,1.000000,0,0,0,1
335,25,118,216,1.000000,1.000000,1.000000,1.000000,0,1,0,0
336,23,118,217,1.000000,1.000000,1.000000,1.000000,0,0,1,0
337,29,119,217,1.000000,1.000000,1.000000,1.000000,0,0,1,0
338,27,119,218,1.000000,1.000000,1.000000,1.000000,0,0,0,0
339,29,120,218,1.000000,1.000000,1.000000,1.000000,0,0,0,0
340,27,120,219,1.000000,1.000000,1.000000,1.000000,0,0,0,0
341,25,120,220,1.000000,1.000000,1.000000,1.000000,0,0,0,0
342,23,120,221,1.000000,1.000000,1.000000,1.000000,0,0,0,0
343,21,120,222,1.000000,1.000000,1.000000,1.000000,0,0,0,0
344,19,120,223,1.000000,1.000000,1.000000,1.000000,0,0,0,0
345,17,120,224,1.000000,1.000000,1.000000,1.000000,0,0,0,0
346,15,120,225,1.000000,1.000000,1.000000,1.000000,0,0,0,1
347,13,120,226,1.000000,1.000000,1.000000,1.000000,0,0,1,1
348,29,121,226,1.000000,1.000000,1.000000,1.000000,0,0,1,1
349,27,121,227,1.000000,1.000000,1.000000,1.000000,0,0,0,0
350,29,122,227,1.000000,1.000000,1.000000,1.000000,0,0,0,0
351,27,122,228,1.000000,1.000000,1.000000,1.000000,0,1,0,0
352,25,122,229,1.000000,1.000000,1.000000,1.000000,0,1,0,0
353,29,123,229,1.000000,1.000000,1.000000,1.000000,0,1,0,0
354,27,123,230,1.000000,1.000000,1.000000,1.000000,1,0,0,0
355,29,124,230,1.000000,1.000000,1.000000,1.000000,1,0,0,0
356,27,124,231,1.000000,1.000000,1.000000,1.000000,0,0,0,0
357,29,125,231,1.000000,1.000000,1.000000,1.000000,0,0,0,0
358,27,125,232,1.000000,1.000000,1.000000,1.000000,0,0,0,0
359,25,125,233,1.000000,1.000000,1.000000,1.000000,0,0,0,0
360,23,125,234,1.000000,1.000000,1.000000,1.000000,0,0,0,0
361,21,125,235,1.000000,1.000000,1.000000,1.000000,0,0,0,0
362,19,125,236,1.000000,1.000000,1.000000,1.000000,1,0,0,0
363,17,125,237,1.000000,1.000000,1.000000,1.000000,1,0,0,0
364,29,126,237,1.000000,1.000000,1.000000,1.000000,1,0,0,0
365,27,126,238,1.000000,1.000000,1.000000,1.000000,0,1,0,0
366,29,127,238,1.000000,1.000000,1.000000,1.000000,0,1,0,0
367,27,127,239,1.000000,1.000000,1.000000,1.000000,1,0,0,0
368,29,128,239,1.000000,1.000000,1.000000,1.000000,1,0,0,0
369,27,128,240,1.000000,1.000000,1.000000,1.000000,0,0,0,0
370,29,129,240,1.000000,1.000000,1.000000,1.000000,0,0,0,0
371,27,129,241,1.000000,1.000000,1.000000,1.000000,0,1,0,0
372,25,129,242,1.000000,1.000000,1.000000,1.000000,1,0,0,0
373,29,130,242,1.000000,1.000000,1.000000,1.000000,1,0,0,0
374,27,130,243,1.000000,1.000000,1.000000,1.000000,0,1,0,0
375,29,131,243,1.000000,1.000000,1.000000,1.000000,0,1,0,0
376,27,131,244,1.000000,1.000000,1.000000,1.000000,0,0,0,0
377,29,132,244,1.000000,1.000000,1.000000,1.000000,0,0,0,0
378,27,132,245,1.000000,1.000000,1.000000,1.000000,0,0,0,0
379,25,132,246,1.000000,1.000000,1.000000,1.000000,0,0,0,0
380,23,132,247,1.000000,1.000000,1.000000,1.000000,0,0,0,0
381,21,132,248,1.000000,1.000000,1.000000,1.000000,0,0,0,0
382,19,132,249,1.000000,1.000000,1.000000,1.000000,1,1,0,0
383,17,132,250,1.000000,1.000000,1.000000,1.000000,0,0,0,0
384,29,133,250,1.000000,1.000000,1.000000,1.000000,0,0,0,0
385,27,133,251,1.000000,1.000000,1.000000,1.000000,0,0,0,1
386,25,133,252,1.000000,1.000000,1.000000,1.000000,0,0,0,1
387,29,134,252,1.000000,1.000000,1.000000,1.000000,0,0,0,1
388,27,134,253,1.000000,1.000000,1.000000,1.000000,0,0,0,0
389,29,135,253,1.000000,1.000000,1.000000,1.000000,0,0,0,0
390,27,135,254,1.000000,1.000000,1.000000,1.000000,0,0,0,1
391,25,135,255,1.000000,1.000000,1.000000,1.000000,0,0,0,0
392,29,136,255,1.000000,1.000000,1.000000,1.000000,0,0,0,0
393,27,136,256,1.000000,1.000000,1.000000,1.000000,0,0,0,0
394,25,136,257,1.000000,1.000000,1.000000,1.000000,0,0,1,0
395,23,136,258,1.000000,1.000000,1.000000,1.000000,0,0,0,0
396,29,137,258,1.000000,1.000000,1.000000,1.000000,0,0,0,0
397,27,137,259,1.000000,1.000000,1.000000,1.000000,0,0,1,0
398,25,137,260,1.000000,1.000000,1.000000,1.000000,0,0,1,0
399,29,138,260,1.000000,1.000000,1.000000,1.000000,0,0,1,0
400,27,138,261,1.000000,1.000000,1.000000,1.000000,0,0,0,1
401,29,139,261,1.000000,1.000000,1.000000,1.000000,0,0,0,1
402,27,139,262,1.000000,1.000000,1.000000,1.000000,0,0,1,0
403,25,139,263,1.000000,1.000000,1.000000,1.000000,1,0,0,0
404,29,140,263,1.000000,1.000000,1.000000,1.000000,1,0,0,0
405,27,140,264,1.000000,1.000000,1.000000,1.000000,0,0,0,0
406,29,141,264,1.000000,1.000000,1.000000,1.000000,0,0,0,0
407,27,141,265,1.000000,1.000000,1.000000,1.000000,0,0,0,1
408,25,141,266,1.000000,1.000000,1.000000,1.000000,1,0,0,0
409,29,142,266,1.000000,1.000000,1.000000,1.000000,1,0,0,0
410,27,142,267,1.000000,1.000000,1.000000,1.000000,0,0,0,0
411,29,143,267,1.000000,1.000000,1.000000,1.000000,0,0,0,0
412,27,143,268,1.000000,1.000000,1.000000,1.000000,0,0,0,0
413,25,143,269,1.000000,1.000000,1.000000,1.000000,1,0,0,1
414,23,143,270,1.000000,1.000000,1.000000,1.000000,0,0,0,0
415,29,144,270,1.000000,1.000000,1.000000,1.000000,0,0,0,0
416,27,144,271,1.000000,1.000000,1.000000,1.000000,1,0,1,0
417,25,144,272,1.000000,1.000000,1.000000,1.000000,0,0,0,0
418,29,145,272,1.000000,1.000000,1.000000,1.000000,0,0,0,0
419,27,145,273,1.000000,1.000000,1.000000,1.000000,0,1,0,0
420,25,145,274,1.000000,1.000000,1.000000,1.000000,0,0,0,0
421,29,146,274,1.000000,1.000000,1.000000,1.000000,0,0,0,0
422,27,146,275,1.000000,1.000000,1.000000,1.000000,0,0,0,0
423,25,146,276,1.000000,1.000000,1.000000,1.000000,0,0,0,0
424,23,146,277,1.000000,1.000000,1.000000,1.000000,0,0,0,0
425,21,146,278,1.000000,1.000000,1.000000,1.000000,0,0,0,0
426,19,146,279,1.000000,1.000000,1.000000,1.000000,0,0,0,0
427,17,146,280,1.000000,1.000000,1.000000,1.000000,0,0,0,0
428,15,146,281,1.000000,1.000000,1.000000,1.000000,0,0,0,1
429,13,146,282,1.000000,1.000000,1.000000,1.000000,0,0,0,1
430,29,147,282,1.000000,1.000000,1.000000,1.000000,0,0,0,1
431,27,147,283,1.000000,1.000000,1.000000,1.000000,0,0,0,0
432,29,148,283,1.000000,1.000000,1.000000,1.000000,0,0,0,0
433,27,148,284,1.000000,1.000000,1.000000,1.000000,0,0,0,0
434,25,148,285,1.000000,1.000000,1.000000,1.000000,0,0,0,0
435,23,148,286,1.000000,1.000000,1.000000,1.000000,0,0,0,1
436,21,148,287,1.000000,1.000000,1.000000,1.000000,0,0,0,1
437,29,149,287,1.000000,1.000000,1.000000,1.000000,0,0,0,1
438,27,149,288,1.000000,1.000000,1.000000,1.000000,1,0,0,0
439,29,150,288,1.000000,1.000000,1.000000,1.000000,1,0,0,0
440,27,150,289,1.000000,1.000000,1.000000,1.000000,0,0,0,1
441,29,151,289,1.000000,1.000000,1.000000,1.000000,0,0,0,1
442,27,151,290,1.000000,1.000000,1.000000,1.000000,1,0,0,1
443,29,152,290,1.000000,1.000000,1.000000,1.000000,1,0,0,1
444,27,152,291,1.000000,1.000000,1.000000,1.000000,1,0,0,0
445,29,153,291,1.000000,1.000000,1.000000,1.000000,1,0,0,0
446,27,153,292,1.000000,1.000000,1.000000,1.000000,1,1,0,0
447,25,153,293,1.000000,1.000000,1.000000,1.000000,1,1,1,1
448,29,154,293,1.000000,1.000000,1.000000,1.000000,1,1,1,1
449,27,154,294,1.000000,1.000000,1.000000,1.000000,1,1,0,1
450,29,155,294,1.000000,1.000000,1.000000,1.000000,1,1,0,1
451,27,155,295,1.000000,1.000000,1.000000,1.000000,0,0,0,1
452,29,156,295,1.000000,1.000000,1.000000,1.000000,0,0,0,1
453,27,156,296,1.000000,1.000000,1.000000,1.000000,1,0,1,0
454,25,156,297,1.000000,1.000000,1.000000,1.000000,0,0,0,0
455,29,157,297,1.000000,1.000000,1.000000,1.000000,0,0,0,0
456,27,157,298,1.000000,1.000000,1.000000,1.000000,0,0,1,0
457,25,157,299,1.000000,1.000000,1.000000,1.000000,0,0,1,0
458,23,157,300,1.000000,1.000000,1.000000,1.000000,1,0,1,0
459,29,158,300,1.000000,1.000000,1.000000,1.000000,1,0,1,0
460,27,158,301,1.000000,1.000000,1.000000,1.000000,0,0,1,1
461,29,159,301,1.000000,1.000000,1.000000,1.000000,0,0,1,1
462,27,159,302,1.000000,1.000000,1.000000,1.000000,1,0,1,0
463,29,160,302,1.000000,1.000000,1.000000,1.000000,1,0,1,0
464,27,160,303,1.000000,1.000000,1.000000,1.000000,0,1,0,0
465,29,161,303,1.000000,1.000000,1.000000,1.000000,0,1,0,0
466,27,161,304,1.000000,1.000000,1.000000,1.000000,0,1,0,0
467,29,162,304,1.000000,1.000000,1.000000,1.000000,0,1,0,0
468,27,162,305,1.000000,1.000000,1.000000,1.000000,0,0,1,0
469,29,163,305,1.000000,1.000000,1.000000,1.000000,0,0,1,0
470,27,163,306,1.000000,1.000000,1.000000,1.000000,0,1,0,0
471,29,164,306,1.000000,1.000000,1.000000,1.000000,0,1,0,0
472,27,164,307,1.000000,1.000000,1.000000,1.000000,0,0,1,0
473,25,164,308,1.000000,1.000000,1.000000,1.000000,0,0,1,0
474,29,165,308,1.000000,1.000000,1.000000,1.000000,0,0,1,0
475,27,165,309,1.000000,1.000000,1.000000,1.000000,0,0,0,0
476,29,166,309,1.000000,1.000000,1.000000,1.000000,0,0,0,0
477,27,166,310,1.000000,1.000000,1.000000,1.000000,0,0,0,0
478,25,166,311,1.000000,1.000000,1.000000,1.000000,0,0,0,0
479,23,166,312,1.000000,1.000000,1.000000,1.000000,0,0,1,0
480,21,166,313,1.000000,1.000000,1.000000,1.000000,0,0,1,0
481,19,166,314,1.000000,1.000000,1.000000,1.000000,1,0,0,0
482,29,167,314,1.000000,1.000000,1.000000,1.000000,1,0,0,0
483,27,167,315,1.000000,1.000000,1.000000,1.000000,0,0,1,0
484,25,167,316,1.000000,1.000000,1.000000,1.000000,0,0,1,0
485,29,168,316,1.000000,1.000000,1.000000,1.000000,0,0,1,0
486,27,168,317,1.000000,1.000000,1.000000,1.000000,0,0,0,0
487,29,169,317,1.000000,1.000000,1.000000,1.000000,0,0,0,0
488,27,169,318,1.000000,1.000000,1.000000,1.000000,0,1,0,0
489,25,169,319,1.000000,1.000000,1.000000,1.000000,0,1,0,0
490,29,170,319,1.000000,1.000000,1.000000,1.000000,0,1,0,0
491,27,170,320,1.000000,1.000000,1.000000,1.000000,0,0,1,0
492,29,171,320,1.000000,1.000000,1.000000,1.000000,0,0,1,0
493,27,171,321,1.000000,1.000000,1.000000,1.000000,0,0,0,0
494,29,172,321,1.000000,1.000000,1.000000,1.000000,0,0,0,0
495,27,172,322,1.000000,1.000000,1.000000,1.000000,0,0,0,0
496,25,172,323,1.000000,1.000000,1.000000,1.000000,0,0,0,0
497,23,172,324,1.000000,1.000000,1.000000,1.000000,0,0,0,0
498,21,172,325,1.000000,1.000000,1.000000,1.000000,1,0,0,0
499,19,172,326,1.000000,1.000000,1.000000,1.000000,1,0,0,0
500,29,173,326,1.000000,1.000000,1.000000,1.000000,1,0,0,0
501,27,173,327,1.000000,1.000000,1.000000,1.000000,0,0,0,0
502,29,174,327,1.000000,1.000000,1.000000,1.000000,0,0,0,0
503,27,174,328,1.000000,1.000000,1.000000,1.000000,0,0,0,0
504,25,174,329,1.000000,1.000000,1.000000,1.000000,0,0,0,0
505,23,174,330,1.000000,1.000000,1.000000,1.000000,0,0,0,0
506,21,174,331,1.000000,1.000000,1.000000,1.000000,0,0,0,0
507,19,174,332,1.000000,1.000000,1.000000,1.000000,0,0,0,0
508,17,174,333,1.000000,1.000000,1.000000,1.000000,0,0,1,0
509,15,174,334,1.000000,1.000000,1.000000,1.000000,0,0,1,0
510,29,175,334,1.000000,1.000000,1.000000,1.000000,0,0,1,0
511,27,175,335,1.000000,1.000000,1.000000,1.000000,0,0,0,0
512,25,175,336,1.000000,1.000000,1.000000,1.000000,0,0,0,1
513,23,175,337,1.000000,1.000000,1.000000,1.000000,0,0,0,0
514,29,176,337,1.000000,1.000000,1.000000,1.000000,0,0,0,0
515,27,176,338,1.000000,1.000000,1.000000,1.000000,0,0,0,0
516,25,176,339,1.000000,1.000000,1.000000,1.000000,0,0,0,0
517,23,176,340,1.000000,1.000000,1.000000,1.000000,1,0,0,0
518,21,176,341,1.000000,1.000000,1.000000,1.000000,1,0,0,0
519,29,177,341,1.000000,1.000000,1.000000,1.000000,1,0,0,0
520,27,177,342,1.000000,1.000000,1.000000,1.000000,0,0,0,0
521,29,178,342,1.000000,1.000000,1.000000,1.000000,0,0,0,0
522,27,178,343,1.000000,1.000000,1.000000,1.000000,0,0,0,0
523,25,178,344,1.000000,1.000000,1.000000,1.000000,0,0,0,0
524,23,178,345,1.000000,1.000000,1.000000,1.000000,0,0,0,0
525,21,178,346,1.000000,1.000000,1.000000,1.000000,0,0,0,0
526,19,178,347,1.000000,1.000000,1.000000,1.000000,0,0,0,0
527,17,178,348,1.000000,1.000000,1.000000,1.000000,0,0,0,0
528,15,178,349,1.000000,1.000000,1.000000,1.000000,0,0,0,0
529,13,178,350,1.000000,1.000000,1.000000,1.000000,0,0,0,1
530,11,178,351,1.000000,1.000000,1.000000,1.000000,0,0,0,0
531,29,179,351,1.000000,1.000000,1.000000,1.000000,0,0,0,0
532,27,179,352,1.000000,1.000000,1.000000,1.000000,0,0,0,0
533,25,179,353,1.000000,1.000000,1.000000,1.000000,0,0,0,0
534,23,179,354,1.000000,1.000000,1.000000,1.000000,0,0,0,0
535,21,179,355,1.000000,1.000000,1.000000,1.000000,0,0,0,0
536,19,179,356,1.000000,1.000000,1.000000,1.000000,1,0,0,1
537,17,179,357,1.000000,1.000000,1.000000,1.000000,0,0,0,0
538,29,180,357,1.000000,1.000000,1.000000,1.000000,0,0,0,0
539,27,180,358,1.000000,1.000000,1.000000,1.000000,0,0,0,1
540,25,180,359,1.000000,1.000000,1.000000,1.000000,0,0,0,0
541,29,181,359,1.000000,1.000000,1.000000,1.000000,0,0,0,0
542,27,181,360,1.000000,1.000000,1.000000,1.000000,0,0,0,0
543,25,181,361,1.000000,1.000000,1.000000,1.000000,0,0,0,0
544,23,181,362,1.000000,1.000000,1.000000,1.000000,0,0,0,0
545,21,181,363,1.000000,1.000000,1.000000,1.000000,0,0,0,0
546,19,181,364,1.000000,1.000000,1.000000,1.000000,0,0,1,0
547,17,181,365,1.000000,1.000000,1.000000,1.000000,0,0,0,0
548,29,182,365,1.000000,1.000000,1.000000,1.000000,0,0,0,0
549,27,182,366,1.000000,1.000000,1.000000,1.000000,0,0,0,0
550,25,182,367,1.000000,1.000000,1.000000,1.000000,0,0,0,0
551,23,182,368,1.000000,1.000000,1.000000,1.000000,0,0,0,0
552,21,182,369,1.000000,1.000000,1.000000,1.000000,0,0,0,0
553,19,182,370,1.000000,1.000000,1.000000,1.000000,0,0,1,0
554,17,182,371,1.000000,1.000000,1.000000,1.000000,0,0,0,0
555,29,183,371,1.000000,1.000000,1.000000,1.000000,0,0,0,0
556,27,183,372,1.000000,1.000000,1.000000,1.000000,0,0,0,0
557,25,183,373,1.000000,1.000000,1.000000,1.000000,0,0,0,0
558,23,183,374,1.000000,1.000000,1.000000,1.000000,0,0,0,0
559,21,183,375,1.000000,1.000000,1.000000,1.000000,0,0,0,0
560,19,183,376,1.000000,1.000000,1.000000,1.000000,0,0,0,0
561,17,183,377,1.000000,1.000000,1.000000,1.000000,0,0,0,0
562,15,183,378,1.000000,1.000000,1.000000,1.000000,0,0,1,0
563,13,183,379,1.000000,1.000000,1.000000,1.000000,0,0,0,0
564,29,184,379,1.000000,1.000000,1.000000,1.000000,0,0,0,0
565,27,184,380,1.000000,1.000000,1.000000,1.000000,0,0,0,0
566,25,184,381,1.000000,1.000000,1.000000,1.000000,0,0,0,0
567,23,184,382,1.000000,1.000000,1.000000,1.000000,0,1,0,0
568,21,184,383,1.000000,1.000000,1.000000,1.000000,0,0,1,0
569,19,184,384,1.000000,1.000000,1.000000,1.000000,1,0,0,0
570,29,185,384,1.000000,1.000000,1.000000,1.000000,1,0,0,0
571,27,185,385,1.000000,1.000000,1.000000,1.000000,0,0,0,0
572,29,186,385,1.000000,1.000000,1.000000,1.000000,0,0,0,0
573,27,186,386,1.000000,1.000000,1.000000,1.000000,0,0,0,0
574,25,186,387,1.000000,1.000000,1.000000,1.000000,0,0,1,0
575,23,186,388,1.000000,1.000000,1.000000,1.000000,0,0,1,0
576,29,187,388,1.000000,1.000000,1.000000,1.000000,0,0,1,0
577,27,187,389,1.000000,1.000000,1.000000,1.000000,0,0,0,0
578,29,188,389,1.000000,1.000000,1.000000,1.000000,0,0,0,0
579,27,188,390,1.000000,1.000000,1.000000,1.000000,0,0,0,1
580,25,188,391,1.000000,1.000000,1.000000,1.000000,1,0,0,0
581,29,189,391,1.000000,1.000000,1.000000,1.000000,1,0,0,0
582,27,189,392,1.000000,1.000000,1.000000,1.000000,0,0,0,0
583,29,190,392,1.000000,1.000000,1.000000,1.000000,0,0,0,0
584,27,190,393,1.000000,1.000000,1.000000,1.000000,0,0,0,0
585,25,190,394,1.000000,1.000000,1.000000,1.000000,1,0,0,0
586,23,190,395,1.000000,1.000000,1.000000,1.000000,0,0,0,0
587,29,191,395,1.000000,1.000000,1.000000,1.000000,0,0,0,0
588,27,191,396,1.000000,1.000000,1.000000,1.000000,0,0,0,0
589,25,191,397,1.000000,1.000000,1.000000,1.000000,0,0,0,0
590,23,191,398,1.000000,1.000000,1.000000,1.000000,0,0,0,0
591,21,191,399,1.000000,1.000000,1.000000,1.000000,0,0,0,0
592,19,191,400,1.000000,1.000000,1.000000,1.000000,0,1,0,0
593,17,191,401,1.000000,1.000000,1.000000,1.000000,0,0,0,0
594,29,192,401,1.000000,1.000000,1.000000,1.000000,0,0,0,0
595,27,192,402,1.000000,1.000000,1.000000,1.000000,0,1,0,0
596,25,192,403,1.000000,1.000000,1.000000,1.000000,1,0,0,0
597,29,193,403,1.000000,1.000000,1.000000,1.000000,1,0,0,0
598,27,193,404,1.000000,1.000000,1.000000,1.000000,0,0,0,0
599,29,194,404,1.000000,1.000000,1.000000,1.000000,0,0,0,0
600,27,194,405,1.000000,1.000000,1.000000,1.000000,0,0,0,0
601,25,194,406,1.000000,1.000000,1.000000,1.000000,0,0,0,0
602,23,194,407,1.000000,1.000000,1.000000,1.000000,0,0,0,0
603,21,194,408,1.000000,1.000000,1.000000,1.000000,0,0,0,1
604,19,194,409,1.000000,1.000000,1.000000,1.000000,0,0,0,0
605,29,195,409,1.000000,1.000000,1.000000,1.000000,0,0,0,0
606,27,195,410,1.000000,1.000000,1.000000,1.000000,0,0,0,1
607,25,195,411,1.000000,1.000000,1.000000,1.000000,0,0,0,0
608,29,196,411,1.000000,1.000000,1.000000,1.000000,0,0,0,0
609,27,196,412,1.000000,1.000000,1.000000,1.000000,0,0,1,0
610,25,196,413,1.000000,1.000000,1.000000,1.000000,0,0,0,0
611,29,197,413,1.000000,1.000000,1.000000,1.000000,0,0,0,0
612,27,197,414,1.000000,1.000000,1.000000,1.000000,0,0,0,0
613,25,197,415,1.000000,1.000000,1.000000,1.000000,0,0,0,1
614,23,197,416,1.000000,1.000000,1.000000,1.000000,0,0,0,1
615,29,198,416,1.000000,1.000000,1.000000,1.000000,0,0,0,1
616,27,198,417,1.000000,1.000000,1.000000,1.000000,1,0,0,0
617,29,199,417,1.000000,1.000000,1.000000,1.000000,1,0,0,0
618,27,199,418,1.000000,1.000000,1.000000,1.000000,0,0,0,1
619,29,200,418,1.000000,1.000000,1.000000,1.000000,0,0,0,1
620,27,200,419,1.000000,1.000000,1.000000,1.000000,0,0,0,1
621,29,201,419,1.000000,1.000000,1.000000,1.000000,0,0,0,1
622,27,201,420,1.000000,1.000000,1.000000,1.000000,0,0,0,0
623,29,202,420,1.000000,1.000000,1.000000,1.000000,0,0,0,0
624,27,202,421,1.000000,1.000000,1.000000,1.000000,0,0,0,0
625,25,202,422,1.000000,1.000000,1.000000,1.000000,0,0,0,0
626,23,202,423,1.000000,1.000000,1.000000,1.000000,0,0,0,0
627,21,202,424,1.000000,1.000000,1.000000,1.000000,0,0,0,0
628,19,202,425,1.000000,1.000000,1.000000,1.000000,0,0,0,0
629,17,202,426,1.000000,1.000000,1.000000,1.000000,0,0,0,0
630,15,202,427,1.000000,1.000000,1.000000,1.000000,0,0,0,0
631,13,202,428,1.000000,1.000000,1.000000,1.000000,0,0,1,0
632,11,202,429,1.000000,1.000000,1.000000,1.000000,0,1,0,0
633,29,203,429,1.000000,1.000000,1.000000,1.000000,1,1,0,0
634,27,203,430,1.000000,1.000000,1.000000,1.000000,0,0,0,0
635,29,204,430,1.000000,1.000000,1.000000,1.000000,0,0,0,1
636,27,204,431,1.000000,1.000000,1.000000,1.000000,0,0,0,0
637,29,205,431,1.000000,1.000000,1.000000,1.000000,0,0,0,1
638,27,205,432,1.000000,1.000000,1.000000,1.000000,0,0,0,0
639,25,205,433,1.000000,1.000000,1.000000,1.000000,1,0,1,1
640,23,205,434,1.000000,1.000000,1.000000,1.000000,0,0,0,0
641,29,206,434,1.000000,1.000000,1.000000,1.000000,0,0,0,0
642,27,206,435,1.000000,1.000000,1.000000,1.000000,0,0,1,1
643,25,206,436,1.000000,1.000000,1.000000,1.000000,0,0,0,0
644,29,207,436,1.000000,1.000000,1.000000,1.000000,0,0,0,0
645,27,207,437,1.000000,1.000000,1.000000,1.000000,0,0,0,0
646,25,207,438,1.000000,1.000000,1.000000,1.000000,0,0,0,0
647,23,207,439,1.000000,1.000000,1.000000,1.000000,0,1,0,0
648,21,207,440,1.000000,1.000000,1.000000,1.000000,0,0,0,0
649,29,208,440,1.000000,1.000000,1.000000,1.000000,0,0,0,0
650,27,208,441,1.000000,1.000000,1.000000,1.000000,0,0,0,0
651,25,208,442,1.000000,1.000000,1.000000,1.000000,0,0,0,0
652,23,208,443,1.000000,1.000000,1.000000,1.000000,0,0,0,0
653,21,208,444,1.000000,1.000000,1.000000,1.000000,0,0,0,0
654,19,208,445,1.000000,1.000000,1.000000,1.000000,0,0,0,0
655,17,208,446,1.000000,1.000000,1.000000,1.000000,1,1,0,0
656,15,208,447,1.000000,1.000000,1.000000,1.000000,1,1,0,0
657,29,209,447,1.000000,1.000000,1.000000,1.000000,1,1,0,0
658,27,209,448,1.000000,1.000000,1.000000,1.000000,0,0,0,1
659,29,210,448,1.000000,1.000000,1.000000,1.000000,0,0,0,1
660,27,210,449,1.000000,1.000000,1.000000,1.000000,0,0,0,1
661,29,211,449,1.000000,1.000000,1.000000,1.000000,0,0,0,1
662,27,211,450,1.000000,1.000000,1.000000,1.000000,0,0,0,0
663,29,212,450,1.000000,1.000000,1.000000,1.000000,0,0,0,0
664,27,212,451,1.000000,1.000000,1.000000,1.000000,0,0,0,0
665,25,212,452,1.000000,1.000000,1.000000,1.000000,1,0,0,0
666,23,212,453,1.000000,1.000000,1.000000,1.000000,1,0,0,0
667,29,213,453,1.000000,1.000000,1.000000,1.000000,1,0,0,0
668,27,213,454,1.000000,1.000000,1.000000,1.000000,1,0,0,1
669,29,214,454,1.000000,1.000000,1.000000,1.000000,1,0,0,1
670,27,214,455,1.000000,1.000000,1.000000,1.000000,0,0,0,0
671,29,215,455,1.000000,1.000000,1.000000,1.000000,0,0,0,0
672,27,215,456,1.000000,1.000000,1.000000,1.000000,0,0,0,1
673,25,215,457,1.000000,1.000000,1.000000,1.000000,0,0,0,0
674,23,215,458,1.000000,1.000000,1.000000,1.000000,0,0,0,0
675,21,215,459,1.000000,1.000000,1.000000,1.000000,0,0,0,0
676,19,215,460,1.000000,1.000000,1.000000,1.000000,0,0,0,1
677,17,215,461,1.000000,1.000000,1.000000,1.000000,0,0,0,0
678,15,215,462,1.000000,1.000000,1.000000,1.000000,1,0,0,0
679,13,215,463,1.000000,1.000000,1.000000,1.000000,0,0,0,1
680,11,215,464,1.000000,1.000000,1.000000,1.000000,0,1,0,0
681,29,216,464,1.000000,1.000000,1.000000,1.000000,0,1,0,0
682,27,216,465,1.000000,1.000000,1.000000,1.000000,0,0,0,0
683,29,217,465,1.000000,1.000000,1.000000,1.000000,0,0,0,0
684,27,217,466,1.000000,1.000000,1.000000,1.000000,0,0,0,0
685,25,217,467,1.000000,1.000000,1.000000,1.000000,0,0,0,0
686,23,217,468,1.000000,1.000000,1.000000,1.000000,0,0,0,0
687,21,217,469,1.000000,1.000000,1.000000,1.000000,0,0,0,0
688,19,217,470,1.000000,1.000000,1.000000,1.000000,0,0,0,0
689,17,217,471,1.000000,1.000000,1.000000,1.000000,0,0,0,0
690,15,217,472,1.000000,1.000000,1.000000,1.000000,0,0,0,0
691,13,217,473,1.000000,1.000000,1.000000,1.000000,0,0,0,0
692,11,217,474,1.000000,1.000000,1.000000,1.000000,0,0,0,0
693,9,217,475,1.000000,1.000000,1.000000,1.000000,0,0,0,0
694,7,217,476,1.000000,1.000000,1.000000,1.000000,0,0,0,0
695,5,217,477,1.000000,1.000000,1.000000,1.000000,0,0,0,1
696,3,217,478,1.000000,1.000000,1.000000,1.000000,0,0,0,0
697,29,218,478,1.000000,1.000000,1.000000,1.000000,0,1,0,0
698,27,218,479,1.000000,1.000000,1.000000,1.000000,0,0,0,0
699,29,219,479,1.000000,1.000000,1.000000,1.000000,0,0,0,0
700,27,219,480,1.000000,1.000000,1.000000,1.000000,0,0,0,0
701,25,219,481,1.000000,1.000000,1.000000,1.000000,0,0,0,0
702,23,219,482,1.000000,1.000000,1.000000,1.000000,0,0,0,0
703,21,219,483,1.000000,1.000000,1.000000,1.000000,0,0,0,0
704,19,219,484,1.000000,1.000000,1.000000,1.000000,0,1,1,0
705,17,219,485,1.000000,1.000000,1.000000,1.000000,0,1,0,0
706,29,220,485,1.000000,1.000000,1.000000,1.000000,0,1,0,0
707,27,220,486,1.000000,1.000000,1.000000,1.000000,1,0,1,0
708,29,221,486,1.000000,1.000000,1.000000,1.000000,1,0,1,0
709,27,221,487,1.000000,1.000000,1.000000,1.000000,0,0,0,0
710,29,222,487,1.000000,1.000000,1.000000,1.000000,0,0,0,0
711,27,222,488,1.000000,1.000000,1.000000,1.000000,0,0,0,0
712,25,222,489,1.000000,1.000000,1.000000,1.000000,1,0,0,0
713,23,222,490,1.000000,1.000000,1.000000,1.000000,0,0,0,0
714,29,223,490,1.000000,1.000000,1.000000,1.000000,0,0,0,0
715,27,223,491,1.000000,1.000000,1.000000,1.000000,0,0,0,0
716,25,223,492,1.000000,1.000000,1.000000,1.000000,0,0,0,0
717,23,223,493,1.000000,1.000000,1.000000,1.000000,0,0,0,0
718,21,223,494,1.000000,1.000000,1.000000,1.000000,0,0,0,0
719,19,223,495,1.000000,1.000000,1.000000,1.000000,0,0,0,0
720,17,223,496,1.000000,1.000000,1.000000,1.000000,0,0,0,0
721,15,223,497,1.000000,1.000000,1.000000,1.000000,0,0,0,1
722,13,223,498,1.000000,1.000000,1.000000,1.000000,0,0,0,0
723,29,224,498,1.000000,1.000000,1.000000,1.000000,0,0,0,0
724,27,224,499,1.000000,1.000000,1.000000,1.000000,0,0,0,0
725,25,224,500,1.000000,1.000000,1.000000,1.000000,0,0,0,1
726,23,224,501,1.000000,1.000000,1.000000,1.000000,0,0,0,0
727,29,225,501,1.000000,1.000000,1.000000,1.000000,0,0,0,0
728,27,225,502,1.000000,1.000000,1.000000,1.000000,0,0,0,0
729,25,225,503,1.000000,1.000000,1.000000,1.000000,0,0,0,0
730,23,225,504,1.000000,1.000000,1.000000,1.000000,0,0,0,0
731,21,225,505,1.000000,1.000000,1.000000,1.000000,0,0,0,0
732,19,225,506,1.000000,1.000000,1.000000,1.000000,0,1,1,0
733,17,225,507,1.000000,1.000000,1.000000,1.000000,0,1,0,0
734,29,226,507,1.000000,1.000000,1.000000,1.000000,0,1,0,0
735,27,226,508,1.000000,1.000000,1.000000,1.000000,1,0,1,0
736,29,227,508,1.000000,1.000000,1.000000,1.000000,1,0,1,0
737,27,227,509,1.000000,1.000000,1.000000,1.000000,0,0,0,0
738,29,228,509,1.000000,1.000000,1.000000,1.000000,0,0,0,0
739,27,228,510,1.000000,1.000000,1.000000,1.000000,0,0,0,0
740,25,228,511,1.000000,1.000000,1.000000,1.000000,0,0,0,0
741,23,228,512,1.000000,1.000000,1.000000,1.000000,1,0,0,0
742,21,228,513,1.000000,1.000000,1.000000,1.000000,0,0,0,0
743,29,229,513,1.000000,1.000000,1.000000,1.000000,0,0,0,0
744,27,229,514,1.000000,1.000000,1.000000,1.000000,0,0,0,0
745,25,229,515,1.000000,1.000000,1.000000,1.000000,0,0,0,0
746,23,229,516,1.000000,1.000000,1.000000,1.000000,0,0,0,0
747,21,229,517,1.000000,1.000000,1.000000,1.000000,0,0,0,0
748,19,229,518,1.000000,1.000000,1.000000,1.000000,0,0,0,1
749,17,229,519,1.000000,1.000000,1.000000,1.000000,0,0,0,0
750,29,230,519,1.000000,1.000000,1.000000,1.000000,0,1,0,0
751,27,230,520,1.000000,1.000000,1.000000,1.000000,0,0,0,0
752,29,231,520,1.000000,1.000000,1.000000,1.000000,0,0,1,0
753,27,231,521,1.000000,1.000000,1.000000,1.000000,0,0,0,0
754,29,232,521,1.000000,1.000000,1.000000,1.000000,0,0,0,0
755,27,232,522,1.000000,1.000000,1.000000,1.000000,0,0,0,0
756,25,232,523,1.000000,1.000000,1.000000,1.000000,0,0,0,0
757,23,232,524,1.000000,1.000000,1.000000,1.000000,0,0,0,1
758,21,232,525,1.000000,1.000000,1.000000,1.000000,0,0,0,0
759,29,233,525,1.000000,1.000000,1.000000,1.000000,0,0,0,0
760,27,233,526,1.000000,1.000000,1.000000,1.000000,0,0,0,0
761,25,233,527,1.000000,1.000000,1.000000,1.000000,0,0,0,0
762,23,233,528,1.000000,1.000000,1.000000,1.000000,0,0,0,0
763,21,233,529,1.000000,1.000000,1.000000,1.000000,0,0,0,0
764,19,233,530,1.000000,1.000000,1.000000,1.000000,0,0,0,0
765,17,233,531,1.000000,1.000000,1.000000,1.000000,0,0,1,0
766,15,233,532,1.000000,1.000000,1.000000,1.000000,0,0,0,0
767,13,233,533,1.000000,1.000000,1.000000,1.000000,1,0,0,0
768,11,233,534,1.000000,1.000000,1.000000,1.000000,0,0,1,1
769,29,234,534,1.000000,1.000000,1.000000,1.000000,0,0,1,1
770,27,234,535,1.000000,1.000000,1.000000,1.000000,0,0,0,0
771,29,235,535,1.000000,1.000000,1.000000,1.000000,0,0,0,0
772,27,235,536,1.000000,1.000000,1.000000,1.000000,1,0,0,1
773,25,235,537,1.000000,1.000000,1.000000,1.000000,0,0,0,1
774,29,236,537,1.000000,1.000000,1.000000,1.000000,0,0,0,1
775,27,236,538,1.000000,1.000000,1.000000,1.000000,0,0,0,0
776,25,236,539,1.000000,1.000000,1.000000,1.000000,0,0,0,0
777,23,236,540,1.000000,1.000000,1.000000,1.000000,0,0,0,0
778,21,236,541,1.000000,1.000000,1.000000,1.000000,0,0,0,0
779,19,236,542,1.000000,1.000000,1.000000,1.000000,0,0,0,0
780,17,236,543,1.000000,1.000000,1.000000,1.000000,0,0,0,1
781,15,236,544,1.000000,1.000000,1.000000,1.000000,0,0,0,0
782,29,237,544,1.000000,1.000000,1.000000,1.000000,0,0,0,0
783,27,237,545,1.000000,1.000000,1.000000,1.000000,0,0,0,1
784,25,237,546,1.000000,1.000000,1.000000,1.000000,0,0,0,0
785,29,238,546,1.000000,1.000000,1.000000,1.000000,0,0,0,0
786,27,238,547,1.000000,1.000000,1.000000,1.000000,0,0,0,0
787,25,238,548,1.000000,1.000000,1.000000,1.000000,0,0,0,0
788,23,238,549,1.000000,1.000000,1.000000,1.000000,0,0,0,0
789,21,238,550,1.000000,1.000000,1.000000,1.000000,0,0,0,0
790,19,238,551,1.000000,1.000000,1.000000,1.000000,0,0,0,0
791,17,238,552,1.000000,1.000000,1.000000,1.000000,0,0,0,0
792,15,238,553,1.000000,1.000000,1.000000,1.000000,0,0,0,0
793,13,238,554,1.000000,1.000000,1.000000,1.000000,0,1,1,0
794,11,238,555,1.000000,1.000000,1.000000,1.000000,0,0,0,0
795,29,239,555,1.000000,1.000000,1.000000,1.000000,0,0,0,0
796,27,239,556,1.000000,1.000000,1.000000,1.000000,0,1,0,0
797,25,239,557,1.000000,1.000000,1.000000,1.000000,0,0,0,0
798,29,240,557,1.000000,1.000000,1.000000,1.000000,0,0,0,0
799,27,240,558,1.000000,1.000000,1.000000,1.000000,0,0,0,0
800,25,240,559,1.000000,1.000000,1.000000,1.000000,1,0,0,0
801,23,240,560,1.000000,1.000000,1.000000,1.000000,0,0,0,0
802,29,241,560,1.000000,1.000000,1.000000,1.000000,0,0,0,0
803,27,241,561,1.000000,1.000000,1.000000,1.000000,1,0,0,0
804,25,241,562,1.000000,1.000000,1.000000,1.000000,0,0,0,0
805,29,242,562,1.000000,1.000000,1.000000,1.000000,0,0,0,0
806,27,242,563,1.000000,1.000000,1.000000,1.000000,1,0,0,0
807,25,242,564,1.000000,1.000000,1.000000,1.000000,0,1,0,0
808,29,243,564,1.000000,1.000000,1.000000,1.000000,0,1,0,0
809,27,243,565,1.000000,1.000000,1.000000,1.000000,0,1,0,0
810,29,244,565,1.000000,1.000000,1.000000,1.000000,0,1,0,0
811,27,244,566,1.000000,1.000000,1.000000,1.000000,0,0,1,0
812,29,245,566,1.000000,1.000000,1.000000,1.000000,0,0,1,0
813,27,245,567,1.000000,1.000000,1.000000,1.000000,0,1,0,0
814,29,246,567,1.000000,1.000000,1.000000,1.000000,0,1,0,0
815,27,246,568,1.000000,1.000000,1.000000,1.000000,0,0,0,0
816,29,247,568,1.000000,1.000000,1.000000,1.000000,0,0,0,0
817,27,247,569,1.000000,1.000000,1.000000,1.000000,0,0,0,0
818,25,247,570,1.000000,1.000000,1.000000,1.000000,0,0,0,0
819,23,247,571,1.000000,1.000000,1.000000,1.000000,0,0,0,0
820,21,247,572,1.000000,1.000000,1.000000,1.000000,0,1,0,0
821,19,247,573,1.000000,1.000000,1.000000,1.000000,0,0,0,0
822,29,248,573,1.000000,1.000000,1.000000,1.000000,0,0,0,0
823,27,248,574,1.000000,1.000000,1.000000,1.000000,1,0,0,0
824,25,248,575,1.000000,1.000000,1.000000,1.000000,0,0,0,0
825,29,249,575,1.000000,1.000000,1.000000,1.000000,0,0,0,0
826,27,249,576,1.000000,1.000000,1.000000,1.000000,1,0,0,0
827,25,249,577,1.000000,1.000000,1.000000,1.000000,0,0,0,0
828,29,250,577,1.000000,1.000000,1.000000,1.000000,0,0,0,0
829,27,250,578,1.000000,1.000000,1.000000,1.000000,0,0,0,0
830,25,250,579,1.000000,1.000000,1.000000,1.000000,0,0,0,0
831,23,250,580,1.000000,1.000000,1.000000,1.000000,0,0,0,0
832,21,250,581,1.000000,1.000000,1.000000,1.000000,0,0,0,0
833,19,250,582,1.000000,1.000000,1.000000,1.000000,1,0,0,0
834,17,250,583,1.000000,1.000000,1.000000,1.000000,0,0,0,0
835,29,251,583,1.000000,1.000000,1.000000,1.000000,0,0,0,0
836,27,251,584,1.000000,1.000000,1.000000,1.000000,0,1,0,0
837,25,251,585,1.000000,1.000000,1.000000,1.000000,1,1,0,0
838,29,252,585,1.000000,1.000000,1.000000,1.000000,1,1,0,0
839,27,252,586,1.000000,1.000000,1.000000,1.000000,1,1,0,0
840,29,253,586,1.000000,1.000000,1.000000,1.000000,1,1,0,0
841,27,253,587,1.000000,1.000000,1.000000,1.000000,0,0,1,0
842,29,254,587,1.000000,1.000000,1.000000,1.000000,0,0,1,0
843,27,254,588,1.000000,1.000000,1.000000,1.000000,0,1,0,0
844,29,255,588,1.000000,1.000000,1.000000,1.000000,0,1,0,0
845,27,255,589,1.000000,1.000000,1.000000,1.000000,0,0,0,0
846,29,256,589,1.000000,1.000000,1.000000,1.000000,0,0,0,0
847,27,256,590,1.000000,1.000000,1.000000,1.000000,0,0,0,0
848,25,256,591,1.000000,1.000000,1.000000,1.000000,0,1,0,0
849,23,256,592,1.000000,1.000000,1.000000,1.000000,0,1,0,0
850,29,257,592,1.000000,1.000000,1.000000,1.000000,0,1,0,0
851,27,257,593,1.000000,1.000000,1.000000,1.000000,0,0,0,0
852,29,258,593,1.000000,1.000000,1.000000,1.000000,0,0,0,0
853,27,258,594,1.000000,1.000000,1.000000,1.000000,0,0,1,0
854,25,258,595,1.000000,1.000000,1.000000,1.000000,0,1,0,0
855,29,259,595,1.000000,1.000000,1.000000,1.000000,0,1,0,0
856,27,259,596,1.000000,1.000000,1.000000,1.000000,0,0,0,0
857,25,259,597,1.000000,1.000000,1.000000,1.000000,0,0,0,0
858,23,259,598,1.000000,1.000000,1.000000,1.000000,0,0,0,0
859,21,259,599,1.000000,1.000000,1.000000,1.000000,0,0,1,0
860,19,259,600,1.000000,1.000000,1.000000,1.000000,0,0,0,1
861,29,260,600,1.000000,1.000000,1.000000,1.000000,0,0,0,1
862,27,260,601,1.000000,1.000000,1.000000,1.000000,0,0,0,0
863,29,261,601,1.000000,1.000000,1.000000,1.000000,0,0,0,0
864,27,261,602,1.000000,1.000000,1.000000,1.000000,0,0,0,0
865,25,261,603,1.000000,1.000000,1.000000,1.000000,0,1,0,0
866,23,261,604,1.000000,1.000000,1.000000,1.000000,0,1,0,0
867,29,262,604,1.000000,1.000000,1.000000,1.000000,0,1,0,0
868,27,262,605,1.000000,1.000000,1.000000,1.000000,0,1,1,0
869,29,263,605,1.000000,1.000000,1.000000,1.000000,0,1,1,0
870,27,263,606,1.000000,1.000000,1.000000,1.000000,0,0,0,0
871,29,264,606,1.000000,1.000000,1.000000,1.000000,0,0,0,0
872,27,264,607,1.000000,1.000000,1.000000,1.000000,0,0,1,0
873,25,264,608,1.000000,1.000000,1.000000,1.000000,0,0,0,0
874,23,264,609,1.000000,1.000000,1.000000,1.000000,1,0,0,0
875,21,264,610,1.000000,1.000000,1.000000,1.000000,0,0,0,0
876,29,265,610,1.000000,1.000000,1.000000,1.000000,0,0,0,0
877,27,265,611,1.000000,1.000000,1.000000,1.000000,0,0,0,0
878,25,265,612,1.000000,1.000000,1.000000,1.000000,0,0,0,0
879,23,265,613,1.000000,1.000000,1.000000,1.000000,0,0,0,0
880,21,265,614,1.000000,1.000000,1.000000,1.000000,0,0,0,0
881,19,265,615,1.000000,1.000000,1.000000,1.000000,0,0,0,0
882,17,265,616,1.000000,1.000000,1.000000,1.000000,0,0,0,0
883,15,265,617,1.000000,1.000000,1.000000,1.000000,0,0,0,0
884,13,265,618,1.000000,1.000000,1.000000,1.000000,0,0,0,0
885,11,265,619,1.000000,1.000000,1.000000,1.000000,0,0,0,0
886,9,265,620,1.000000,1.000000,1.000000,1.000000,0,0,0,1
887,7,265,621,1.000000,1.000000,1.000000,1.000000,0,0,1,0
888,29,266,621,1.000000,1.000000,1.000000,1.000000,0,0,1,0
889,27,266,622,1.000000,1.000000,1.000000,1.000000,0,0,0,0
890,25,266,623,1.000000,1.000000,1.000000,1.000000,0,0,0,0
891,23,266,624,1.000000,1.000000,1.000000,1.000000,0,0,0,0
892,21,266,625,1.000000,1.000000,1.000000,1.000000,1,0,0,0
893,19,266,626,1.000000,1.000000,1.000000,1.000000,1,0,0,0
894,29,267,626,1.000000,1.000000,1.000000,1.000000,1,0,0,0
895,27,267,627,1.000000,1.000000,1.000000,1.000000,0,1,0,1
896,29,268,627,1.000000,1.000000,1.000000,1.000000,0,1,0,1
897,27,268,628,1.000000,1.000000,1.000000,1.000000,0,0,0,0
898,29,269,628,1.000000,1.000000,1.000000,1.000000,0,0,0,0
899,27,269,629,1.000000,1.000000,1.000000,1.000000,0,0,0,0
900,25,269,630,1.000000,1.000000,1.000000,1.000000,1,0,0,0
901,23,269,631,1.000000,1.000000,1.000000,1.000000,0,1,0,0
902,29,270,631,1.000000,1.000000,1.000000,1.000000,0,1,0,0
903,27,270,632,1.000000,1.000000,1.000000,1.000000,0,0,0,0
904,29,271,632,1.000000,1.000000,1.000000,1.000000,0,0,0,0
905,27,271,633,1.000000,1.000000,1.000000,1.000000,0,0,0,0
906,25,271,634,1.000000,1.000000,1.000000,1.000000,0,0,0,0
907,23,271,635,1.000000,1.000000,1.000000,1.000000,0,0,0,0
908,21,271,636,1.000000,1.000000,1.000000,1.000000,0,0,0,1
909,19,271,637,1.000000,1.000000,1.000000,1.000000,0,0,0,1
910,29,272,637,1.000000,1.000000,1.000000,1.000000,0,0,0,1
911,27,272,638,1.000000,1.000000,1.000000,1.000000,1,0,0,0
912,25,272,639,1.000000,1.000000,1.000000,1.000000,0,0,1,1
913,29,273,639,1.000000,1.000000,1.000000,1.000000,0,0,1,1
914,27,273,640,1.000000,1.000000,1.000000,1.000000,1,0,0,1
915,29,274,640,1.000000,1.000000,1.000000,1.000000,1,0,0,1
916,27,274,641,1.000000,1.000000,1.000000,1.000000,1,0,0,0
917,29,275,641,1.000000,1.000000,1.000000,1.000000,1,0,0,0
918,27,275,642,1.000000,1.000000,1.000000,1.000000,1,1,0,0
919,29,276,642,1.000000,1.000000,1.000000,1.000000,1,1,0,0
920,27,276,643,1.000000,1.000000,1.000000,1.000000,1,0,0,0
921,29,277,643,1.000000,1.000000,1.000000,1.000000,1,0,0,0
922,27,277,644,1.000000,1.000000,1.000000,1.000000,1,0,0,1
923,29,278,644,1.000000,1.000000,1.000000,1.000000,1,0,0,1
924,27,278,645,1.000000,1.000000,1.000000,1.000000,1,0,0,1
925,29,279,645,1.000000,1.000000,1.000000,1.000000,1,0,0,1
926,27,279,646,1.000000,1.000000,1.000000,1.000000,1,1,0,1
927,29,280,646,1.000000,1.000000,1.000000,1.000000,1,1,0,1
928,27,280,647,1.000000,1.000000,1.000000,1.000000,0,0,0,1
929,29,281,647,1.000000,1.000000,1.000000,1.000000,0,0,0,1
930,27,281,648,1.000000,1.000000,1.000000,1.000000,0,0,1,0
931,29,282,648,1.000000,1.000000,1.000000,1.000000,0,0,1,0
932,27,282,649,1.000000,1.000000,1.000000,1.000000,0,0,0,0
933,25,282,650,1.000000,1.000000,1.000000,1.000000,1,1,0,0
934,23,282,651,1.000000,1.000000,1.000000,1.000000,0,0,0,0
935,29,283,651,1.000000,1.000000,1.000000,1.000000,0,0,0,0
936,27,283,652,1.000000,1.000000,1.000000,1.000000,1,0,0,0
937,25,283,653,1.000000,1.000000,1.000000,1.000000,0,0,0,0
938,29,284,653,1.000000,1.000000,1.000000,1.000000,0,0,0,0
939,27,284,654,1.000000,1.000000,1.000000,1.000000,0,1,0,0
940,25,284,655,1.000000,1.000000,1.000000,1.000000,0,0,0,0
941,29,285,655,1.000000,1.000000,1.000000,1.000000,0,0,0,0
942,27,285,656,1.000000,1.000000,1.000000,1.000000,0,0,0,0
943,25,285,657,1.000000,1.000000,1.000000,1.000000,0,1,0,0
944,23,285,658,1.000000,1.000000,1.000000,1.000000,0,0,0,0
945,29,286,658,1.000000,1.000000,1.000000,1.000000,0,0,0,0
946,27,286,659,1.000000,1.000000,1.000000,1.000000,0,0,1,0
947,25,286,660,1.000000,1.000000,1.000000,1.000000,0,0,0,0
948,29,287,660,1.000000,1.000000,1.000000,1.000000,0,0,0,0
949,27,287,661,1.000000,1.000000,1.000000,1.000000,0,0,0,0
950,25,287,662,1.000000,1.000000,1.000000,1.000000,0,0,0,1
951,23,287,663,1.000000,1.000000,1.000000,1.000000,0,0,1,1
952,21,287,664,1.000000,1.000000,1.000000,1.000000,1,0,1,1
953,29,288,664,1.000000,1.000000,1.000000,1.000000,1,0,1,1
954,27,288,665,1.000000,1.000000,1.000000,1.000000,1,0,1,1
955,29,289,665,1.000000,1.000000,1.000000,1.000000,1,0,1,1
956,27,289,666,1.000000,1.000000,1.000000,1.000000,0,1,1,0
957,29,290,666,1.000000,1.000000,1.000000,1.000000,0,1,1,0
958,27,290,667,1.000000,1.000000,1.000000,1.000000,0,0,1,0
959,25,290,668,1.000000,1.000000,1.000000,1.000000,1,1,0,1
960,29,291,668,1.000000,1.000000,1.000000,1.000000,1,1,0,1
961,27,291,669,1.000000,1.000000,1.000000,1.000000,0,0,0,0
962,29,292,669,1.000000,1.000000,1.000000,1.000000,0,0,0,0
963,27,292,670,1.000000,1.000000,1.000000,1.000000,0,1,0,1
964,25,292,671,1.000000,1.000000,1.000000,1.000000,0,0,0,0
965,29,293,671,1.000000,1.000000,1.000000,1.000000,0,0,0,0
966,27,293,672,1.000000,1.000000,1.000000,1.000000,0,0,0,0
967,25,293,673,1.000000,1.000000,1.000000,1.000000,0,0,0,0
968,23,293,674,1.000000,1.000000,1.000000,1.000000,0,0,0,1
969,21,293,675,1.000000,1.000000,1.000000,1.000000,1,0,0,0
970,19,293,676,1.000000,1.000000,1.000000,1.000000,1,1,0,0
971,29,294,676,1.000000,1.000000,1.000000,1.000000,1,1,0,0
972,27,294,677,1.000000,1.000000,1.000000,1.000000,1,1,1,0
973,29,295,677,1.000000,1.000000,1.000000,1.000000,1,1,1,0
974,27,295,678,1.000000,1.000000,1.000000,1.000000,1,1,0,1
975,29,296,678,1.000000,1.000000,1.000000,1.000000,1,1,0,1
976,27,296,679,1.000000,1.000000,1.000000,1.000000,1,0,0,0
977,29,297,679,1.000000,1.000000,1.000000,1.000000,1,0,0,0
978,27,297,680,1.000000,1.000000,1.000000,1.000000,0,1,0,0
979,29,298,680,1.000000,1.000000,1.000000,1.000000,0,1,0,0
980,27,298,681,1.000000,1.000000,1.000000,1.000000,0,0,0,0
981,29,299,681,1.000000,1.000000,1.000000,1.000000,0,0,0,0
982,27,299,682,1.000000,1.000000,1.000000,1.000000,0,1,0,0
983,25,299,683,1.000000,1.000000,1.000000,1.000000,0,0,1,0
984,29,300,683,1.000000,1.000000,1.000000,1.000000,0,0,1,0
985,27,300,684,1.000000,1.000000,1.000000,1.000000,0,0,0,0
986,25,300,685,1.000000,1.000000,1.000000,1.000000,1,0,0,0
987,23,300,686,1.000000,1.000000,1.000000,1.000000,0,0,0,0
988,29,301,686,1.000000,1.000000,1.000000,1.000000,0,0,0,0
989,27,301,687,1.000000,1.000000,1.000000,1.000000,1,0,0,0
990,25,301,688,1.000000,1.000000,1.000000,1.000000,0,0,0,0
991,29,302,688,1.000000,1.000000,1.000000,1.000000,0,0,0,0
992,27,302,689,1.000000,1.000000,1.000000,1.000000,0,0,0,0
993,25,302,690,1.000000,1.000000,1.000000,1.000000,0,0,0,0
994,23,302,691,1.000000,1.000000,1.000000,1.000000,0,0,0,0
995,21,302,692,1.000000,1.000000,1.000000,1.000000,0,0,0,0
996,19,302,693,1.000000,1.000000,1.000000,1.000000,0,0,0,0
997,17,302,694,1.000000,1.000000,1.000000,1.000000,0,0,0,0
998,15,302,695,1.000000,1.000000,1.000000,1.000000,0,0,0,0
999,13,302,696,1.000000,1.000000,1.000000,1.000000,0,1,0,0
1000,11,302,697,1.000000,1.000000,1.000000,1.000000,0,0,0,0
1001,29,303,697,1.000000,1.000000,1.000000,1.000000,0,0,0,0
1002,27,303,698,1.000000,1.000000,1.000000,1.000000,0,0,0,0
1003,25,303,699,1.000000,1.000000,1.000000,1.000000,0,0,0,0
1004,23,303,700,1.000000,1.000000,1.000000,1.000000,0,1,0,0
1005,21,303,701,1.000000,1.000000,1.000000,1.000000,0,0,0,0
1006,29,304,701,1.000000,1.000000,1.000000,1.000000,0,0,0,0
1007,27,304,702,1.000000,1.000000,1.000000,1.000000,0,0,0,0
1008,25,304,703,1.000000,1.000000,1.000000,1.000000,0,0,0,0
1009,23,304,704,1.000000,1.000000,1.000000,1.000000,0,0,0,0
1010,21,304,705,1.000000,1.000000,1.000000,1.000000,0,1,0,0
1011,19,304,706,1.000000,1.000000,1.000000,1.000000,0,1,1,0
1012,29,305,706,1.000000,1.000000,1.000000,1.000000,0,1,1,0
1013,27,305,707,1.000000,1.000000,1.000000,1.000000,0,1,1,0
1014,29,306,707,1.000000,1.000000,1.000000,1.000000,0,1,1,0
1015,27,306,708,1.000000,1.000000,1.000000,1.000000,0,1,0,1
1016,29,307,708,1.000000,1.000000,1.000000,1.000000,0,1,0,1
1017,27,307,709,1.000000,1.000000,1.000000,1.000000,1,0,0,0
1018,29,308,709,1.000000,1.000000,1.000000,1.000000,1,0,0,0
1019,27,308,710,1.000000,1.000000,1.000000,1.000000,0,0,0,0
1020,29,309,710,1.000000,1.000000,1.000000,1.000000,0,0,0,0
1021,27,309,711,1.000000,1.000000,1.000000,1.000000,0,0,0,0
1022,25,309,712,1.000000,1.000000,1.000000,1.000000,0,1,0,0
1023,23,309,713,1.000000,1.000000,1.000000,1.000000,0,0,0,0
1024,29,310,713,1.000000,1.000000,1.000000,1.000000,0,0,0,0
1025,27,310,714,1.000000,1.000000,1.000000,1.000000,0,0,0,0
1026,25,310,715,1.000000,1.000000,1.000000,1.000000,0,0,0,0
1027,23,310,716,1.000000,1.000000,1.000000,1.000000,0,0,0,0
1028,21,310,717,1.000000,1.000000,1.000000,1.000000,0,0,0,0
1029,19,310,718,1.000000,1.000000,1.000000,1.000000,0,0,0,0
1030,17,310,719,1.000000,1.000000,1.000000,1.000000,0,0,0,0
1031,15,310,720,1.000000,1.000000,1.000000,1.000000,0,0,0,0
1032,13,310,721,1.000000,1.000000,1.000000,1.000000,0,0,0,0
1033,11,310,722,1.000000,1.000000,1.000000,1.000000,0,0,0,0
1034,9,310,723,1.000000,1.000000,1.000000,1.000000,1,0,0,0
1035,7,310,724,1.000000,1.000000,1.000000,1.000000,0,0,0,1
1036,29,311,724,1.000000,1.000000,1.000000,1.000000,0,0,0,1
1037,27,311,725,1.000000,1.000000,1.000000,1.000000,0,0,0,1
1038,25,311,726,1.000000,1.000000,1.000000,1.000000,1,1,1,0
1039,29,312,726,1.000000,1.000000,1.000000,1.000000,1,1,1,0
1040,27,312,727,1.000000,1.000000,1.000000,1.000000,1,0,0,1
1041,25,312,728,1.000000,1.000000,1.000000,1.000000,0,1,0,0
1042,29,313,728,1.000000,1.000000,1.000000,1.000000,0,1,0,0
1043,27,313,729,1.000000,1.000000,1.000000,1.000000,1,0,0,0
1044,29,314,729,1.000000,1.000000,1.000000,1.000000,1,0,0,0
1045,27,314,730,1.000000,1.000000,1.000000,1.000000,1,0,0,0
1046,29,315,730,1.000000,1.000000,1.000000,1.000000,1,0,0,0
1047,27,315,731,1.000000,1.000000,1.000000,1.000000,1,0,0,0
1048,29,316,731,1.000000,1.000000,1.000000,1.000000,1,0,0,0
1049,27,316,732,1.000000,1.000000,1.000000,1.000000,1,0,0,1
1050,25,316,733,1.000000,1.000000,1.000000,1.000000,0,1,0,0
1051,29,317,733,1.000000,1.000000,1.000000,1.000000,0,1,0,0
1052,27,317,734,1.000000,1.000000,1.000000,1.000000,1,0,0,0
1053,29,318,734,1.000000,1.000000,1.000000,1.000000,1,0,0,0
1054,27,318,735,1.000000,1.000000,1.000000,1.000000,0,0,0,0
1055,29,319,735,1.000000,1.000000,1.000000,1.000000,0,0,0,0
1056,27,319,736,1.000000,1.000000,1.000000,1.000000,0,0,0,0
1057,25,319,737,1.000000,1.000000,1.000000,1.000000,0,0,0,0
1058,23,319,738,1.000000,1.000000,1.000000,1.000000,0,0,0,0
1059,21,319,739,1.000000,1.000000,1.000000,1.000000,0,0,1,0
1060,19,319,740,1.000000,1.000000,1.000000,1.000000,0,0,0,0
1061,29,320,740,1.000000,1.000000,1.000000,1.000000,0,0,0,0
1062,27,320,741,1.000000,1.000000,1.000000,1.000000,0,0,0,1
1063,25,320,742,1.000000,1.000000,1.000000,1.000000,0,0,0,0
1064,29,321,742,1.000000,1.000000,1.000000,1.000000,0,0,0,0
1065,27,321,743,1.000000,1.000000,1.000000,1.000000,1,0,0,1
1066,25,321,744,1.000000,1.000000,1.000000,1.000000,0,0,0,0
1067,29,322,744,1.000000,1.000000,1.000000,1.000000,0,0,0,0
1068,27,322,745,1.000000,1.000000,1.000000,1.000000,1,0,0,0
1069,25,322,746,1.000000,1.000000,1.000000,1.000000,0,0,0,0
1070,29,323,746,1.000000,1.000000,1.000000,1.000000,0,0,0,0
1071,27,323,747,1.000000,1.000000,1.000000,1.000000,0,0,0,0
1072,25,323,748,1.000000,1.000000,1.000000,1.000000,0,0,0,0
1073,23,323,749,1.000000,1.000000,1.000000,1.000000,1,0,0,0
1074,21,323,750,1.000000,1.000000,1.000000,1.000000,1,0,0,0
1075,29,324,750,1.000000,1.000000,1.000000,1.000000,1,0,0,0
1076,27,324,751,1.000000,1.000000,1.000000,1.000000,0,0,0,0
1077,29,325,751,1.000000,1.000000,1.000000,1.000000,0,0,0,0
1078,27,325,752,1.000000,1.000000,1.000000,1.000000,0,0,0,0
1079,25,325,753,1.000000,1.000000,1.000000,1.000000,0,0,0,0
1080,23,325,754,1.000000,1.000000,1.000000,1.000000,0,0,0,0
1081,21,325,755,1.000000,1.000000,1.000000,1.000000,0,0,0,0
1082,19,325,756,1.000000,1.000000,1.000000,1.000000,0,0,0,0
1083,17,325,757,1.000000,1.000000,1.000000,1.000000,0,1,0,0
1084,15,325,758,1.000000,1.000000,1.000000,1.000000,0,0,0,0
1085,29,326,758,1.000000,1.000000,1.000000,1.000000,0,0,0,0
1086,27,326,759,1.000000,1.000000,1.000000,1.000000,1,0,0,0
1087,25,326,760,1.000000,1.000000,1.000000,1.000000,0,0,0,0
1088,29,327,760,1.000000,1.000000,1.000000,1.000000,0,0,0,0
1089,27,327,761,1.000000,1.000000,1.000000,1.000000,0,0,0,0
1090,25,327,762,1.000000,1.000000,1.000000,1.000000,0,0,0,0
1091,23,327,763,1.000000,1.000000,1.000000,1.000000,1,0,0,0
1092,21,327,764,1.000000,1.000000,1.000000,1.000000,1,0,0,0
1093,29,328,764,1.000000,1.000000,1.000000,1.000000,1,0,0,0
1094,27,328,765,1.000000,1.000000,1.000000,1.000000,0,0,0,0
1095,29,329,765,1.000000,1.000000,1.000000,1.000000,0,0,0,0
1096,27,329,766,1.000000,1.000000,1.000000,1.000000,0,0,0,0
1097,25,329,767,1.000000,1.000000,1.000000,1.000000,0,0,0,0
1098,23,329,768,1.000000,1.000000,1.000000,1.000000,0,0,0,0
1099,21,329,769,1.000000,1.000000,1.000000,1.000000,0,0,0,0
1100,19,329,770,1.000000,1.000000,1.000000,1.000000,0,0,0,0
1101,17,329,771,1.000000,1.000000,1.000000,1.000000,0,0,0,0
1102,15,329,772,1.000000,1.000000,1.000000,1.000000,0,0,0,0
1103,13,329,773,1.000000,1.000000,1.000000,1.000000,0,0,0,0
1104,11,329,774,1.000000,1.000000,1.000000,1.000000,0,0,0,0
1105,9,329,775,1.000000,1.000000,1.000000,1.000000,0,0,0,0
1106,7,329,776,1.000000,1.000000,1.000000,1.000000,0,0,0,0
1107,5,329,777,1.000000,1.000000,1.000000,1.000000,0,0,1,0
1108,3,329,778,1.000000,1.000000,1.000000,1.000000,0,0,0,0
1109,29,330,778,1.000000,1.000000,1.000000,1.000000,1,0,0,0
1110,27,330,779,1.000000,1.000000,1.000000,1.000000,0,0,0,0
1111,29,331,779,1.000000,1.000000,1.000000,1.000000,0,0,0,0
1112,27,331,780,1.000000,1.000000,1.000000,1.000000,0,0,0,0
1113,25,331,781,1.000000,1.000000,1.000000,1.000000,0,0,0,0
1114,23,331,782,1.000000,1.000000,1.000000,1.000000,0,0,0,0
1115,21,331,783,1.000000,1.000000,1.000000,1.000000,0,0,0,0
1116,19,331,784,1.000000,1.000000,1.000000,1.000000,0,0,1,0
1117,17,331,785,1.000000,1.000000,1.000000,1.000000,0,0,1,0
1118,29,332,785,1.000000,1.000000,1.000000,1.000000,0,0,1,0
1119,27,332,786,1.000000,1.000000,1.000000,1.000000,0,0,0,0
1120,29,333,786,1.000000,1.000000,1.000000,1.000000,0,0,0,0
1121,27,333,787,1.000000,1.000000,1.000000,1.000000,0,1,0,1
1122,25,333,788,1.000000,1.000000,1.000000,1.000000,0,0,0,0
1123,29,334,788,1.000000,1.000000,1.000000,1.000000,0,0,0,0
1124,27,334,789,1.000000,1.000000,1.000000,1.000000,0,0,0,1
1125,25,334,790,1.000000,1.000000,1.000000,1.000000,0,0,0,0
1126,29,335,790,1.000000,1.000000,1.000000,1.000000,0,0,0,0
1127,27,335,791,1.000000,1.000000,1.000000,1.000000,0,0,0,0
1128,25,335,792,1.000000,1.000000,1.000000,1.000000,0,0,0,0
1129,23,335,793,1.000000,1.000000,1.000000,1.000000,0,1,1,0
1130,21,335,794,1.000000,1.000000,1.000000,1.000000,0,0,0,0
1131,29,336,794,1.000000,1.000000,1.000000,1.000000,0,0,0,0
1132,27,336,795,1.000000,1.000000,1.000000,1.000000,1,0,0,0
1133,25,336,796,1.000000,1.000000,1.000000,1.000000,0,0,0,0
1134,29,337,796,1.000000,1.000000,1.000000,1.000000,0,0,0,0
1135,27,337,797,1.000000,1.000000,1.000000,1.000000,0,0,0,0
1136,25,337,798,1.000000,1.000000,1.000000,1.000000,0,0,0,1
1137,23,337,799,1.000000,1.000000,1.000000,1.000000,0,0,1,0
1138,29,338,799,1.000000,1.000000,1.000000,1.000000,0,0,1,0
1139,27,338,800,1.000000,1.000000,1.000000,1.000000,0,0,0,0
1140,29,339,800,1.000000,1.000000,1.000000,1.000000,0,0,0,0
1141,27,339,801,1.000000,1.000000,1.000000,1.000000,0,0,0,1
1142,25,339,802,1.000000,1.000000,1.000000,1.000000,0,0,0,0
1143,29,340,802,1.000000,1.000000,1.000000,1.000000,0,0,0,0
1144,27,340,803,1.000000,1.000000,1.000000,1.000000,0,0,0,0
1145,25,340,804,1.000000,1.000000,1.000000,1.000000,0,0,0,0
1146,29,341,804,1.000000,1.000000,1.000000,1.000000,0,0,0,0
1147,27,341,805,1.000000,1.000000,1.000000,1.000000,0,0,0,0
1148,25,341,806,1.000000,1.000000,1.000000,1.000000,0,0,0,0
1149,23,341,807,1.000000,1.000000,1.000000,1.000000,0,0,0,0
1150,21,341,808,1.000000,1.000000,1.000000,1.000000,0,1,0,1
1151,19,341,809,1.000000,1.000000,1.000000,1.000000,0,0,0,0
1152,29,342,809,1.000000,1.000000,1.000000,1.000000,0,0,0,0
1153,27,342,810,1.000000,1.000000,1.000000,1.000000,0,0,0,0
1154,25,342,811,1.000000,1.000000,1.000000,1.000000,0,0,0,0
1155,23,342,812,1.000000,1.000000,1.000000,1.000000,0,0,1,0
1156,21,342,813,1.000000,1.000000,1.000000,1.000000,0,0,0,1
1157,29,343,813,1.000000,1.000000,1.000000,1.000000,0,0,0,1
1158,27,343,814,1.000000,1.000000,1.000000,1.000000,0,0,1,1
1159,29,344,814,1.000000,1.000000,1.000000,1.000000,0,0,1,1
1160,27,344,815,1.000000,1.000000,1.000000,1.000000,0,0,0,0
1161,29,345,815,1.000000,1.000000,1.000000,1.000000,0,0,0,0
1162,27,345,816,1.000000,1.000000,1.000000,1.000000,0,0,0,0
1163,25,345,817,1.000000,1.000000,1.000000,1.000000,0,0,0,0
1164,23,345,818,1.000000,1.000000,1.000000,1.000000,0,0,0,1
1165,21,345,819,1.000000,1.000000,1.000000,1.000000,0,0,0,0
1166,29,346,819,1.000000,1.000000,1.000000,1.000000,0,0,0,0
1167,27,346,820,1.000000,1.000000,1.000000,1.000000,0,0,0,1
1168,25,346,821,1.000000,1.000000,1.000000,1.000000,0,0,0,0
1169,29,347,821,1.000000,1.000000,1.000000,1.000000,0,0,0,0
1170,27,347,822,1.000000,1.000000,1.000000,1.000000,0,0,0,0
1171,25,347,823,1.000000,1.000000,1.000000,1.000000,0,0,0,0
1172,23,347,824,1.000000,1.000000,1.000000,1.000000,0,0,0,0
1173,21,347,825,1.000000,1.000000,1.000000,1.000000,0,0,0,1
1174,19,347,826,1.000000,1.000000,1.000000,1.000000,0,0,0,0
1175,29,348,826,1.000000,1.000000,1.000000,1.000000,0,0,0,0
1176,27,348,827,1.000000,1.000000,1.000000,1.000000,0,0,1,0
1177,25,348,828,1.000000,1.000000,1.000000,1.000000,0,0,0,0
1178,29,349,828,1.000000,1.000000,1.000000,1.000000,0,0,0,0
1179,27,349,829,1.000000,1.000000,1.000000,1.000000,0,0,0,0
1180,25,349,830,1.000000,1.000000,1.000000,1.000000,1,0,1,1
1181,23,349,831,1.000000,1.000000,1.000000,1.000000,0,0,1,1
1182,29,350,831,1.000000,1.000000,1.000000,1.000000,0,0,1,1
1183,27,350,832,1.000000,1.000000,1.000000,1.000000,0,1,1,1
1184,29,351,832,1.000000,1.000000,1.000000,1.000000,0,1,1,1
1185,27,351,833,1.000000,1.000000,1.000000,1.000000,0,0,1,0
1186,29,352,833,1.000000,1.000000,1.000000,1.000000,0,0,1,0
1187,27,352,834,1.000000,1.000000,1.000000,1.000000,0,0,1,1
1188,29,353,834,1.000000,1.000000,1.000000,1.000000,0,0,1,1
1189,27,353,835,1.000000,1.000000,1.000000,1.000000,0,0,1,1
1190,29,354,835,1.000000,1.000000,1.000000,1.000000,0,0,1,1
1191,27,354,836,1.000000,1.000000,1.000000,1.000000,1,0,1,0
1192,29,355,836,1.000000,1.000000,1.000000,1.000000,1,0,1,0
1193,27,355,837,1.000000,1.000000,1.000000,1.000000,0,0,0,1
1194,29,356,837,1.000000,1.000000,1.000000,1.000000,0,0,0,1
1195,27,356,838,1.000000,1.000000,1.000000,1.000000,1,0,0,0
1196,29,357,838,1.000000,1.000000,1.000000,1.000000,1,0,0,0
1197,27,357,839,1.000000,1.000000,1.000000,1.000000,1,0,0,0
1198,25,357,840,1.000000,1.000000,1.000000,1.000000,0,1,1,0
1199,23,357,841,1.000000,1.000000,1.000000,1.000000,1,1,0,0
1200,21,357,842,1.000000,1.000000,1.000000,1.000000,1,1,0,1
1201,29,358,842,1.000000,1.000000,1.000000,1.000000,1,1,0,1
1202,27,358,843,1.000000,1.000000,1.000000,1.000000,1,0,0,0
1203,29,359,843,1.000000,1.000000,1.000000,1.000000,1,0,0,0
1204,27,359,844,1.000000,1.000000,1.000000,1.000000,0,1,0,0
1205,29,360,844,1.000000,1.000000,1.000000,1.000000,0,1,0,0
1206,27,360,845,1.000000,1.000000,1.000000,1.000000,0,0,0,0
1207,29,361,845,1.000000,1.000000,1.000000,1.000000,0,0,0,0
1208,27,361,846,1.000000,1.000000,1.000000,1.000000,1,1,0,0
1209,25,361,847,1.000000,1.000000,1.000000,1.000000,0,0,0,0
1210,29,362,847,1.000000,1.000000,1.000000,1.000000,0,0,0,0
1211,27,362,848,1.000000,1.000000,1.000000,1.000000,1,0,1,0
1212,25,362,849,1.000000,1.000000,1.000000,1.000000,0,0,0,0
1213,29,363,849,1.000000,1.000000,1.000000,1.000000,0,0,0,0
1214,27,363,850,1.000000,1.000000,1.000000,1.000000,0,0,1,0
1215,25,363,851,1.000000,1.000000,1.000000,1.000000,0,0,1,0
1216,23,363,852,1.000000,1.000000,1.000000,1.000000,0,0,1,0
1217,21,363,853,1.000000,1.000000,1.000000,1.000000,0,0,1,1
1218,29,364,853,1.000000,1.000000,1.000000,1.000000,0,0,1,1
1219,27,364,854,1.000000,1.000000,1.000000,1.000000,0,0,1,1
1220,29,365,854,1.000000,1.000000,1.000000,1.000000,0,0,1,1
1221,27,365,855,1.000000,1.000000,1.000000,1.000000,0,0,1,1
1222,29,366,855,1.000000,1.000000,1.000000,1.000000,0,0,1,1
1223,27,366,856,1.000000,1.000000,1.000000,1.000000,0,1,0,1
1224,29,367,856,1.000000,1.000000,1.000000,1.000000,0,1,0,1
1225,27,367,857,1.000000,1.000000,1.000000,1.000000,1,0,0,0
1226,29,368,857,1.000000,1.000000,1.000000,1.000000,1,0,0,0
1227,27,368,858,1.000000,1.000000,1.000000,1.000000,1,0,0,0
1228,29,369,858,1.000000,1.000000,1.000000,1.000000,1,0,0,0
1229,27,369,859,1.000000,1.000000,1.000000,1.000000,1,0,0,1
1230,29,370,859,1.000000,1.000000,1.000000,1.000000,1,0,0,1
1231,27,370,860,1.000000,1.000000,1.000000,1.000000,1,0,0,0
1232,29,371,860,1.000000,1.000000,1.000000,1.000000,1,0,0,0
1233,27,371,861,1.000000,1.000000,1.000000,1.000000,1,1,0,0
1234,25,371,862,1.000000,1.000000,1.000000,1.000000,0,1,1,0
1235,29,372,862,1.000000,1.000000,1.000000,1.000000,0,1,1,0
1236,27,372,863,1.000000,1.000000,1.000000,1.000000,0,0,1,0
1237,29,373,863,1.000000,1.000000,1.000000,1.000000,0,0,1,0
1238,27,373,864,1.000000,1.000000,1.000000,1.000000,0,1,0,1
1239,29,374,864,1.000000,1.000000,1.000000,1.000000,0,1,0,1
1240,27,374,865,1.000000,1.000000,1.000000,1.000000,0,0,1,0
1241,29,375,865,1.000000,1.000000,1.000000,1.000000,0,0,1,0
1242,27,375,866,1.000000,1.000000,1.000000,1.000000,0,0,1,0
1243,29,376,866,1.000000,1.000000,1.000000,1.000000,0,0,1,0
1244,27,376,867,1.000000,1.000000,1.000000,1.000000,0,0,1,1
1245,29,377,867,1.000000,1.000000,1.000000,1.000000,0,0,1,1
1246,27,377,868,1.000000,1.000000,1.000000,1.000000,1,0,1,0
1247,29,378,868,1.000000,1.000000,1.000000,1.000000,1,0,1,0
1248,27,378,869,1.000000,1.000000,1.000000,1.000000,0,1,0,0
1249,29,379,869,1.000000,1.000000,1.000000,1.000000,0,1,0,0
1250,27,379,870,1.000000,1.000000,1.000000,1.000000,0,1,0,0
1251,29,380,870,1.000000,1.000000,1.000000,1.000000,0,1,0,0
1252,27,380,871,1.000000,1.000000,1.000000,1.000000,0,0,1,0
1253,29,381,871,1.000000,1.000000,1.000000,1.000000,0,0,1,0
1254,27,381,872,1.000000,1.000000,1.000000,1.000000,0,0,1,0
1255,25,381,873,1.000000,1.000000,1.000000,1.000000,0,0,0,1
1256,29,382,873,1.000000,1.000000,1.000000,1.000000,0,0,0,1
1257,27,382,874,1.000000,1.000000,1.000000,1.000000,0,0,0,0
1258,29,383,874,1.000000,1.000000,1.000000,1.000000,0,0,0,0
1259,27,383,875,1.000000,1.000000,1.000000,1.000000,0,0,1,0
1260,25,383,876,1.000000,1.000000,1.000000,1.000000,0,0,1,0
1261,29,384,876,1.000000,1.000000,1.000000,1.000000,0,0,1,0
1262,27,384,877,1.000000,1.000000,1.000000,1.000000,0,0,0,0
1263,29,385,877,1.000000,1.000000,1.000000,1.000000,0,0,0,0
1264,27,385,878,1.000000,1.000000,1.000000,1.000000,0,0,0,0
1265,25,385,879,1.000000,1.000000,1.000000,1.000000,0,0,0,0
1266,23,385,880,1.000000,1.000000,1.000000,1.000000,0,0,0,0
1267,21,385,881,1.000000,1.000000,1.000000,1.000000,0,0,0,0
1268,19,385,882,1.000000,1.000000,1.000000,1.000000,0,0,0,0
1269,17,385,883,1.000000,1.000000,1.000000,1.000000,0,0,0,0
1270,15,385,884,1.000000,1.000000,1.000000,1.000000,0,0,0,0
1271,13,385,885,1.000000,1.000000,1.000000,1.000000,0,0,0,0
1272,11,385,886,1.000000,1.000000,1.000000,1.000000,0,0,0,0
1273,9,385,887,1.000000,1.000000,1.000000,1.000000,0,0,0,0
1274,7,385,888,1.000000,1.000000,1.000000,1.000000,0,0,0,0
1275,5,385,889,1.000000,1.000000,1.000000,1.000000,0,0,0,1
1276,3,385,890,1.000000,1.000000,1.000000,1.000000,1,0,0,0
1277,1,385,891,1.000000,1.000000,1.000000,1.000000,0,1,0,0
1278,29,386,891,1.000000,1.000000,1.000000,1.000000,0,1,0,0
1279,27,386,892,1.000000,1.000000,1.000000,1.000000,0,0,0,0
1280,29,387,892,1.000000,1.000000,1.000000,1.000000,0,0,0,0
1281,27,387,893,1.000000,1.000000,1.000000,1.000000,0,0,0,0
1282,25,387,894,1.000000,1.000000,1.000000,1.000000,0,0,0,0
1283,23,387,895,1.000000,1.000000,1.000000,1.000000,0,1,0,0
1284,21,387,896,1.000000,1.000000,1.000000,1.000000,0,0,0,0
1285,29,388,896,1.000000,1.000000,1.000000,1.000000,0,0,0,0
1286,27,388,897,1.000000,1.000000,1.000000,1.000000,0,1,1,0
1287,25,388,898,1.000000,1.000000,1.000000,1.000000,0,0,0,1
1288,29,389,898,1.000000,1.000000,1.000000,1.000000,0,0,0,1
1289,27,389,899,1.000000,1.000000,1.000000,1.000000,0,0,1,1
1290,29,390,899,1.000000,1.000000,1.000000,1.000000,0,0,1,1
1291,27,390,900,1.000000,1.000000,1.000000,1.000000,0,0,0,0
1292,29,391,900,1.000000,1.000000,1.000000,1.000000,0,0,0,0
1293,27,391,901,1.000000,1.000000,1.000000,1.000000,0,0,1,0
1294,25,391,902,1.000000,1.000000,1.000000,1.000000,0,0,0,0
1295,29,392,902,1.000000,1.000000,1.000000,1.000000,0,0,0,0
1296,27,392,903,1.000000,1.000000,1.000000,1.000000,0,0,0,0
1297,25,392,904,1.000000,1.000000,1.000000,1.000000,0,1,0,0
1298,23,392,905,1.000000,1.000000,1.000000,1.000000,0,0,1,0
1299,29,393,905,1.000000,1.000000,1.000000,1.000000,0,0,1,0
1300,27,393,906,1.000000,1.000000,1.000000,1.000000,0,0,0,0
1301,29,394,906,1.000000,1.000000,1.000000,1.000000,0,0,0,0
1302,27,394,907,1.000000,1.000000,1.000000,1.000000,0,1,0,0
1303,25,394,908,1.000000,1.000000,1.000000,1.000000,0,1,1,0
1304,29,395,908,1.000000,1.000000,1.000000,1.000000,0,1,1,0
1305,27,395,909,1.000000,1.000000,1.000000,1.000000,0,0,0,0
1306,29,396,909,1.000000,1.000000,1.000000,1.000000,0,0,0,0
1307,27,396,910,1.000000,1.000000,1.000000,1.000000,0,1,0,0
1308,25,396,911,1.000000,1.000000,1.000000,1.000000,1,0,0,0
1309,29,397,911,1.000000,1.000000,1.000000,1.000000,1,0,0,0
1310,27,397,912,1.000000,1.000000,1.000000,1.000000,0,0,0,0
1311,29,398,912,1.000000,1.000000,1.000000,1.000000,0,0,0,0
1312,27,398,913,1.000000,1.000000,1.000000,1.000000,0,0,0,1
1313,25,398,914,1.000000,1.000000,1.000000,1.000000,0,0,0,0
1314,29,399,914,1.000000,1.000000,1.000000,1.000000,0,0,0,0
1315,27,399,915,1.000000,1.000000,1.000000,1.000000,0,0,0,0
1316,25,399,916,1.000000,1.000000,1.000000,1.000000,0,0,0,1
1317,23,399,917,1.000000,1.000000,1.000000,1.000000,0,0,1,0
1318,29,400,917,1.000000,1.000000,1.000000,1.000000,0,0,1,0
1319,27,400,918,1.000000,1.000000,1.000000,1.000000,0,0,0,0
1320,29,401,918,1.000000,1.000000,1.000000,1.000000,0,0,0,0
1321,27,401,919,1.000000,1.000000,1.000000,1.000000,0,0,0,0
1322,25,401,920,1.000000,1.000000,1.000000,1.000000,0,0,0,0
1323,23,401,921,1.000000,1.000000,1.000000,1.000000,0,0,0,0
1324,21,401,922,1.000000,1.000000,1.000000,1.000000,0,0,0,0
1325,19,401,923,1.000000,1.000000,1.000000,1.000000,1,0,0,1
1326,17,401,924,1.000000,1.000000,1.000000,1.000000,0,0,0,1
1327,29,402,924,1.000000,1.000000,1.000000,1.000000,0,0,0,1
1328,27,402,925,1.000000,1.000000,1.000000,1.000000,0,0,1,1
1329,29,403,925,1.000000,1.000000,1.000000,1.000000,0,0,1,1
1330,27,403,926,1.000000,1.000000,1.000000,1.000000,0,0,0,0
1331,29,404,926,1.000000,1.000000,1.000000,1.000000,0,0,0,0
1332,27,404,927,1.000000,1.000000,1.000000,1.000000,0,0,0,0
1333,25,404,928,1.000000,1.000000,1.000000,1.000000,0,0,0,0
1334,23,404,929,1.000000,1.000000,1.000000,1.000000,1,0,0,0
1335,21,404,930,1.000000,1.000000,1.000000,1.000000,0,0,0,0
1336,29,405,930,1.000000,1.000000,1.000000,1.000000,0,0,0,0
1337,27,405,931,1.000000,1.000000,1.000000,1.000000,1,0,0,0
1338,25,405,932,1.000000,1.000000,1.000000,1.000000,0,0,0,1
1339,29,406,932,1.000000,1.000000,1.000000,1.000000,0,0,0,1
1340,27,406,933,1.000000,1.000000,1.000000,1.000000,0,0,0,0
1341,25,406,934,1.000000,1.000000,1.000000,1.000000,0,0,0,0
1342,23,406,935,1.000000,1.000000,1.000000,1.000000,0,0,0,0
1343,21,406,936,1.000000,1.000000,1.000000,1.000000,0,0,1,0
1344,19,406,937,1.000000,1.000000,1.000000,1.000000,0,1,0,0
1345,29,407,937,1.000000,1.000000,1.000000,1.000000,0,1,1,0
1346,27,407,938,1.000000,1.000000,1.000000,1.000000,0,0,0,0
1347,29,408,938,1.000000,1.000000,1.000000,1.000000,0,0,0,0
1348,27,408,939,1.000000,1.000000,1.000000,1.000000,0,0,0,0
1349,25,408,940,1.000000,1.000000,1.000000,1.000000,0,0,0,0
1350,23,408,941,1.000000,1.000000,1.000000,1.000000,0,1,0,1
1351,21,408,942,1.000000,1.000000,1.000000,1.000000,0,0,0,0
1352,29,409,942,1.000000,1.000000,1.000000,1.000000,0,0,0,0
1353,27,409,943,1.000000,1.000000,1.000000,1.000000,0,0,0,0
1354,25,409,944,1.000000,1.000000,1.000000,1.000000,0,0,0,0
1355,23,409,945,1.000000,1.000000,1.000000,1.000000,0,0,0,1
1356,21,409,946,1.000000,1.000000,1.000000,1.000000,0,0,0,0
1357,29,410,946,1.000000,1.000000,1.000000,1.000000,0,0,0,0
1358,27,410,947,1.000000,1.000000,1.000000,1.000000,1,0,0,0
1359,25,410,948,1.000000,1.000000,1.000000,1.000000,0,0,0,1
1360,29,411,948,1.000000,1.000000,1.000000,1.000000,0,0,0,1
1361,27,411,949,1.000000,1.000000,1.000000,1.000000,0,0,0,0
1362,29,412,949,1.000000,1.000000,1.000000,1.000000,0,0,0,0
1363,27,412,950,1.000000,1.000000,1.000000,1.000000,1,0,0,0
1364,25,412,951,1.000000,1.000000,1.000000,1.000000,0,0,0,1
1365,29,413,951,1.000000,1.000000,1.000000,1.000000,0,0,0,1
1366,27,413,952,1.000000,1.000000,1.000000,1.000000,1,0,0,0
1367,29,414,952,1.000000,1.000000,1.000000,1.000000,1,0,0,0
1368,27,414,953,1.000000,1.000000,1.000000,1.000000,0,0,0,1
1369,29,415,953,1.000000,1.000000,1.000000,1.000000,0,0,0,1
1370,27,415,954,1.000000,1.000000,1.000000,1.000000,1,0,0,1
1371,25,415,955,1.000000,1.000000,1.000000,1.000000,1,1,0,0
1372,29,416,955,1.000000,1.000000,1.000000,1.000000,1,1,0,0
1373,27,416,956,1.000000,1.000000,1.000000,1.000000,1,1,0,0
1374,29,417,956,1.000000,1.000000,1.000000,1.000000,1,1,0,0
1375,27,417,957,1.000000,1.000000,1.000000,1.000000,1,0,1,0
1376,29,418,957,1.000000,1.000000,1.000000,1.000000,1,0,1,0
1377,27,418,958,1.000000,1.000000,1.000000,1.000000,1,0,0,1
1378,29,419,958,1.000000,1.000000,1.000000,1.000000,1,0,0,1
1379,27,419,959,1.000000,1.000000,1.000000,1.000000,0,0,0,1
1380,29,420,959,1.000000,1.000000,1.000000,1.000000,0,0,0,1
1381,27,420,960,1.000000,1.000000,1.000000,1.000000,1,0,1,1
1382,29,421,960,1.000000,1.000000,1.000000,1.000000,1,0,1,1
1383,27,421,961,1.000000,1.000000,1.000000,1.000000,0,0,0,1
1384,29,422,961,1.000000,1.000000,1.000000,1.000000,0,0,0,1
1385,27,422,962,1.000000,1.000000,1.000000,1.000000,0,0,1,0
1386,29,423,962,1.000000,1.000000,1.000000,1.000000,0,0,1,0
1387,27,423,963,1.000000,1.000000,1.000000,1.000000,0,0,1,0
1388,29,424,963,1.000000,1.000000,1.000000,1.000000,0,0,1,0
1389,27,424,964,1.000000,1.000000,1.000000,1.000000,0,1,0,0
1390,29,425,964,1.000000,1.000000,1.000000,1.000000,0,1,0,0
1391,27,425,965,1.000000,1.000000,1.000000,1.000000,0,0,1,0
1392,29,426,965,1.000000,1.000000,1.000000,1.000000,0,1,1,0
1393,27,426,966,1.000000,1.000000,1.000000,1.000000,0,1,1,0
1394,29,427,966,1.000000,1.000000,1.000000,1.000000,0,1,1,0
1395,27,427,967,1.000000,1.000000,1.000000,1.000000,0,1,0,0
1396,29,428,967,1.000000,1.000000,1.000000,1.000000,0,1,0,0
1397,27,428,968,1.000000,1.000000,1.000000,1.000000,1,1,0,0
1398,25,428,969,1.000000,1.000000,1.000000,1.000000,0,0,1,1
1399,29,429,969,1.000000,1.000000,1.000000,1.000000,0,0,1,1
1400,27,429,970,1.000000,1.000000,1.000000,1.000000,0,1,0,0
1401,29,430,970,1.000000,1.000000,1.000000,1.000000,0,1,0,0
1402,27,430,971,1.000000,1.000000,1.000000,1.000000,0,0,0,0
1403,29,431,971,1.000000,1.000000,1.000000,1.000000,0,0,0,0
1404,27,431,972,1.000000,1.000000,1.000000,1.000000,0,0,1,0
1405,25,431,973,1.000000,1.000000,1.000000,1.000000,0,1,0,0
1406,29,432,973,1.000000,1.000000,1.000000,1.000000,0,1,0,0
1407,27,432,974,1.000000,1.000000,1.000000,1.000000,0,0,0,0
1408,29,433,974,1.000000,1.000000,1.000000,1.000000,0,0,0,0
1409,27,433,975,1.000000,1.000000,1.000000,1.000000,0,1,0,0
1410,25,433,976,1.000000,1.000000,1.000000,1.000000,0,0,0,0
1411,29,434,976,1.000000,1.000000,1.000000,1.000000,0,0,0,0
1412,27,434,977,1.000000,1.000000,1.000000,1.000000,0,1,1,0
1413,25,434,978,1.000000,1.000000,1.000000,1.000000,0,0,0,1
1414,29,435,978,1.000000,1.000000,1.000000,1.000000,0,0,0,1
1415,27,435,979,1.000000,1.000000,1.000000,1.000000,0,0,1,1
1416,29,436,979,1.000000,1.000000,1.000000,1.000000,0,0,1,1
1417,27,436,980,1.000000,1.000000,1.000000,1.000000,0,0,0,0
1418,29,437,980,1.000000,1.000000,1.000000,1.000000,0,0,0,0
1419,27,437,981,1.000000,1.000000,1.000000,1.000000,0,0,0,0
1420,25,437,982,1.000000,1.000000,1.000000,1.000000,0,0,0,0
1421,23,437,983,1.000000,1.000000,1.000000,1.000000,0,0,0,0
1422,21,437,984,1.000000,1.000000,1.000000,1.000000,0,0,0,0
1423,19,437,985,1.000000,1.000000,1.000000,1.000000,0,0,0,1
1424,17,437,986,1.000000,1.000000,1.000000,1.000000,0,0,0,0
1425,29,438,986,1.000000,1.000000,1.000000,1.000000,0,0,0,0
1426,27,438,987,1.000000,1.000000,1.000000,1.000000,1,0,0,0
1427,25,438,988,1.000000,1.000000,1.000000,1.000000,0,0,0,1
1428,29,439,988,1.000000,1.000000,1.000000,1.000000,0,0,0,1
1429,27,439,989,1.000000,1.000000,1.000000,1.000000,0,0,0,0
1430,29,440,989,1.000000,1.000000,1.000000,1.000000,0,0,0,0
1431,27,440,990,1.000000,1.000000,1.000000,1.000000,0,0,0,0
1432,25,440,991,1.000000,1.000000,1.000000,1.000000,0,0,0,0
1433,23,440,992,1.000000,1.000000,1.000000,1.000000,0,0,0,0
1434,21,440,993,1.000000,1.000000,1.000000,1.000000,0,0,0,0
1435,19,440,994,1.000000,1.000000,1.000000,1.000000,0,1,0,0
1436,17,440,995,1.000000,1.000000,1.000000,1.000000,0,1,1,0
1437,29,441,995,1.000000,1.000000,1.000000,1.000000,0,1,1,0
1438,27,441,996,1.000000,1.000000,1.000000,1.000000,0,0,0,0
1439,29,442,996,1.000000,1.000000,1.000000,1.000000,0,0,0,0
1440,27,442,997,1.000000,1.000000,1.000000,1.000000,1,0,0,0
1441,25,442,998,1.000000,1.000000,1.000000,1.000000,0,0,0,0
1442,29,443,998,1.000000,1.000000,1.000000,1.000000,0,0,0,0
1443,27,443,999,1.000000,1.000000,1.000000,1.000000,0,0,0,0
1444,25,443,1000,1.000000,1.000000,1.000000,1.000000,0,0,0,0
1445,23,443,1001,1.000000,1.000000,1.000000,1.000000,1,0,0,0
1446,21,443,1002,1.000000,1.000000,1.000000,1.000000,0,0,0,0
1447,29,444,1002,1.000000,1.000000,1.000000,1.000000,0,0,0,0
1448,27,444,1003,1.000000,1.000000,1.000000,1.000000,0,1,0,1
1449,25,444,1004,1.000000,1.000000,1.000000,1.000000,0,0,0,0
1450,29,445,1004,1.000000,1.000000,1.000000,1.000000,0,0,0,0
1451,27,445,1005,1.000000,1.000000,1.000000,1.000000,0,0,0,1
1452,25,445,1006,1.000000,1.000000,1.000000,1.000000,0,0,0,0
1453,29,446,1006,1.000000,1.000000,1.000000,1.000000,0,0,0,0
1454,27,446,1007,1.000000,1.000000,1.000000,1.000000,0,0,0,1
1455,25,446,1008,1.000000,1.000000,1.000000,1.000000,0,0,0,1
1456,29,447,1008,1.000000,1.000000,1.000000,1.000000,0,0,0,1
1457,27,447,1009,1.000000,1.000000,1.000000,1.000000,0,0,0,0
1458,29,448,1009,1.000000,1.000000,1.000000,1.000000,0,0,0,0
1459,27,448,1010,1.000000,1.000000,1.000000,1.000000,1,0,0,0
1460,25,448,1011,1.000000,1.000000,1.000000,1.000000,0,0,0,1
1461,23,448,1012,1.000000,1.000000,1.000000,1.000000,0,0,1,0
1462,29,449,1012,1.000000,1.000000,1.000000,1.000000,0,0,1,0
1463,27,449,1013,1.000000,1.000000,1.000000,1.000000,0,0,0,0
1464,29,450,1013,1.000000,1.000000,1.000000,1.000000,0,0,0,0
1465,27,450,1014,1.000000,1.000000,1.000000,1.000000,0,0,0,1
1466,25,450,1015,1.000000,1.000000,1.000000,1.000000,0,0,0,0
1467,29,451,1015,1.000000,1.000000,1.000000,1.000000,0,0,0,0
1468,27,451,1016,1.000000,1.000000,1.000000,1.000000,0,0,0,0
1469,25,451,1017,1.000000,1.000000,1.000000,1.000000,0,0,0,0
1470,23,451,1018,1.000000,1.000000,1.000000,1.000000,0,0,0,0
1471,21,451,1019,1.000000,1.000000,1.000000,1.000000,0,0,0,0
1472,19,451,1020,1.000000,1.000000,1.000000,1.000000,0,0,0,0
1473,17,451,1021,1.000000,1.000000,1.000000,1.000000,0,0,0,0
1474,15,451,1022,1.000000,1.000000,1.000000,1.000000,0,0,0,0
1475,13,451,1023,1.000000,1.000000,1.000000,1.000000,0,1,0,0
1476,11,451,1024,1.000000,1.000000,1.000000,1.000000,0,1,0,0
1477,29,452,1024,1.000000,1.000000,1.000000,1.000000,0,1,0,0
1478,27,452,1025,1.000000,1.000000,1.000000,1.000000,0,1,1,0
1479,29,453,1025,1.000000,1.000000,1.000000,1.000000,0,1,1,0
1480,27,453,1026,1.000000,1.000000,1.000000,1.000000,0,0,0,0
1481,29,454,1026,1.000000,1.000000,1.000000,1.000000,0,0,0,0
1482,27,454,1027,1.000000,1.000000,1.000000,1.000000,1,0,0,0
1483,25,454,1028,1.000000,1.000000,1.000000,1.000000,0,1,0,0
1484,23,454,1029,1.000000,1.000000,1.000000,1.000000,0,0,1,0
1485,29,455,1029,1.000000,1.000000,1.000000,1.000000,0,0,1,0
1486,27,455,1030,1.000000,1.000000,1.000000,1.000000,0,0,0,0
1487,29,456,1030,1.000000,1.000000,1.000000,1.000000,0,0,0,0
1488,27,456,1031,1.000000,1.000000,1.000000,1.000000,0,1,0,0
1489,25,456,1032,1.000000,1.000000,1.000000,1.000000,0,1,1,0
1490,23,456,1033,1.000000,1.000000,1.000000,1.000000,1,0,0,0
1491,29,457,1033,1.000000,1.000000,1.000000,1.000000,1,0,0,0
1492,27,457,1034,1.000000,1.000000,1.000000,1.000000,0,1,0,0
1493,29,458,1034,1.000000,1.000000,1.000000,1.000000,0,1,0,0
1494,27,458,1035,1.000000,1.000000,1.000000,1.000000,0,0,0,0
1495,25,458,1036,1.000000,1.000000,1.000000,1.000000,0,1,0,0
1496,23,458,1037,1.000000,1.000000,1.000000,1.000000,1,0,0,0
1497,29,459,1037,1.000000,1.000000,1.000000,1.000000,1,0,0,0
1498,27,459,1038,1.000000,1.000000,1.000000,1.000000,0,0,0,0
1499,29,460,1038,1.000000,1.000000,1.000000,1.000000,0,0,0,0
1500,27,460,1039,1.000000,1.000000,1.000000,1.000000,0,0,0,0
1501,25,460,1040,1.000000,1.000000,1.000000,1.000000,0,0,0,0
1502,23,460,1041,1.000000,1.000000,1.000000,1.000000,0,0,0,0
1503,21,460,1042,1.000000,1.000000,1.000000,1.000000,0,0,0,0
1504,19,460,1043,1.000000,1.000000,1.000000,1.000000,0,0,0,0
1505,17,460,1044,1.000000,1.000000,1.000000,1.000000,0,0,1,0
1506,15,460,1045,1.000000,1.000000,1.000000,1.000000,0,0,0,0
1507,29,461,1045,1.000000,1.000000,1.000000,1.000000,0,0,0,0
1508,27,461,1046,1.000000,1.000000,1.000000,1.000000,0,0,1,0
1509,25,461,1047,1.000000,1.000000,1.000000,1.000000,0,0,1,0
1510,29,462,1047,1.000000,1.000000,1.000000,1.000000,0,0,1,0
1511,27,462,1048,1.000000,1.000000,1.000000,1.000000,0,0,0,0
1512,29,463,1048,1.000000,1.000000,1.000000,1.000000,0,0,0,0
1513,27,463,1049,1.000000,1.000000,1.000000,1.000000,0,0,0,0
1514,25,463,1050,1.000000,1.000000,1.000000,1.000000,0,0,1,0
1515,23,463,1051,1.000000,1.000000,1.000000,1.000000,0,0,0,0
1516,29,464,1051,1.000000,1.000000,1.000000,1.000000,0,0,0,0
1517,27,464,1052,1.000000,1.000000,1.000000,1.000000,0,1,1,1
1518,25,464,1053,1.000000,1.000000,1.000000,1.000000,0,0,0,0
1519,29,465,1053,1.000000,1.000000,1.000000,1.000000,0,0,0,0
1520,27,465,1054,1.000000,1.000000,1.000000,1.000000,0,0,1,1
1521,25,465,1055,1.000000,1.000000,1.000000,1.000000,0,0,0,0
1522,29,466,1055,1.000000,1.000000,1.000000,1.000000,0,0,0,0
1523,27,466,1056,1.000000,1.000000,1.000000,1.000000,0,0,0,0
1524,25,466,1057,1.000000,1.000000,1.000000,1.000000,0,0,0,1
1525,23,466,1058,1.000000,1.000000,1.000000,1.000000,1,0,0,1
1526,21,466,1059,1.000000,1.000000,1.000000,1.000000,0,1,0,0
1527,29,467,1059,1.000000,1.000000,1.000000,1.000000,0,1,0,0
1528,27,467,1060,1.000000,1.000000,1.000000,1.000000,1,0,0,0
1529,29,468,1060,1.000000,1.000000,1.000000,1.000000,1,0,0,0
1530,27,468,1061,1.000000,1.000000,1.000000,1.000000,0,0,0,0
1531,25,468,1062,1.000000,1.000000,1.000000,1.000000,1,0,0,0
1532,23,468,1063,1.000000,1.000000,1.000000,1.000000,0,0,0,0
1533,29,469,1063,1.000000,1.000000,1.000000,1.000000,0,0,0,0
1534,27,469,1064,1.000000,1.000000,1.000000,1.000000,0,0,0,0
1535,25,469,1065,1.000000,1.000000,1.000000,1.000000,0,0,0,0
1536,23,469,1066,1.000000,1.000000,1.000000,1.000000,0,0,0,0
1537,21,469,1067,1.000000,1.000000,1.000000,1.000000,0,0,0,0
1538,19,469,1068,1.000000,1.000000,1.000000,1.000000,0,1,1,0
1539,17,469,1069,1.000000,1.000000,1.000000,1.000000,0,0,0,0
1540,29,470,1069,1.000000,1.000000,1.000000,1.000000,0,0,0,0
1541,27,470,1070,1.000000,1.000000,1.000000,1.000000,0,1,1,1
1542,25,470,1071,1.000000,1.000000,1.000000,1.000000,0,0,0,0
1543,29,471,1071,1.000000,1.000000,1.000000,1.000000,0,0,0,0
1544,27,471,1072,1.000000,1.000000,1.000000,1.000000,0,0,0,1
1545,25,471,1073,1.000000,1.000000,1.000000,1.000000,0,0,0,0
1546,29,472,1073,1.000000,1.000000,1.000000,1.000000,0,0,0,0
1547,27,472,1074,1.000000,1.000000,1.000000,1.000000,1,0,0,0
1548,25,472,1075,1.000000,1.000000,1.000000,1.000000,0,0,0,0
1549,29,473,1075,1.000000,1.000000,1.000000,1.000000,0,0,0,0
1550,27,473,1076,1.000000,1.000000,1.000000,1.000000,0,0,0,0
1551,25,473,1077,1.000000,1.000000,1.000000,1.000000,0,0,0,0
1552,23,473,1078,1.000000,1.000000,1.000000,1.000000,0,0,0,0
1553,21,473,1079,1.000000,1.000000,1.000000,1.000000,0,0,0,0
1554,19,473,1080,1.000000,1.000000,1.000000,1.000000,0,0,0,1
1555,17,473,1081,1.000000,1.000000,1.000000,1.000000,0,0,1,1
1556,29,474,1081,1.000000,1.000000,1.000000,1.000000,0,0,1,1
1557,27,474,1082,1.000000,1.000000,1.000000,1.000000,0,0,0,0
1558,29,475,1082,1.000000,1.000000,1.000000,1.000000,0,0,0,0
1559,27,475,1083,1.000000,1.000000,1.000000,1.000000,0,0,0,0
1560,25,475,1084,1.000000,1.000000,1.000000,1.000000,0,0,1,0
1561,23,475,1085,1.000000,1.000000,1.000000,1.000000,0,0,1,1
1562,29,476,1085,1.000000,1.000000,1.000000,1.000000,0,0,1,1
1563,27,476,1086,1.000000,1.000000,1.000000,1.000000,0,0,0,0
1564,29,477,1086,1.000000,1.000000,1.000000,1.000000,0,0,0,0
1565,27,477,1087,1.000000,1.000000,1.000000,1.000000,1,0,0,0
1566,25,477,1088,1.000000,1.000000,1.000000,1.000000,0,0,0,0
1567,29,478,1088,1.000000,1.000000,1.000000,1.000000,0,0,0,0
1568,27,478,1089,1.000000,1.000000,1.000000,1.000000,0,0,0,1
1569,25,478,1090,1.000000,1.000000,1.000000,1.000000,0,0,0,1
1570,29,479,1090,1.000000,1.000000,1.000000,1.000000,0,0,0,1
1571,27,479,1091,1.000000,1.000000,1.000000,1.000000,0,0,0,0
1572,29,480,1091,1.000000,1.000000,1.000000,1.000000,0,0,0,0
1573,27,480,1092,1.000000,1.000000,1.000000,1.000000,0,0,0,0
1574,25,480,1093,1.000000,1.000000,1.000000,1.000000,0,0,0,0
1575,23,480,1094,1.000000,1.000000,1.000000,1.000000,0,0,0,0
1576,21,480,1095,1.000000,1.000000,1.000000,1.000000,0,0,0,0
1577,19,480,1096,1.000000,1.000000,1.000000,1.000000,1,0,0,0
1578,17,480,1097,1.000000,1.000000,1.000000,1.000000,0,0,0,0
1579,29,481,1097,1.000000,1.000000,1.000000,1.000000,0,0,0,0
1580,27,481,1098,1.000000,1.000000,1.000000,1.000000,0,0,0,0
1581,25,481,1099,1.000000,1.000000,1.000000,1.000000,0,0,0,0
1582,23,481,1100,1.000000,1.000000,1.000000,1.000000,0,0,0,0
1583,21,481,1101,1.000000,1.000000,1.000000,1.000000,0,0,0,0
1584,19,481,1102,1.000000,1.000000,1.000000,1.000000,0,0,1,0
1585,17,481,1103,1.000000,1.000000,1.000000,1.000000,0,0,0,0
1586,29,482,1103,1.000000,1.000000,1.000000,1.000000,0,0,0,0
1587,27,482,1104,1.000000,1.000000,1.000000,1.000000,0,0,0,0
1588,25,482,1105,1.000000,1.000000,1.000000,1.000000,0,0,0,0
1589,23,482,1106,1.000000,1.000000,1.000000,1.000000,0,0,0,0
1590,21,482,1107,1.000000,1.000000,1.000000,1.000000,0,0,0,0
1591,19,482,1108,1.000000,1.000000,1.000000,1.000000,0,0,0,0
1592,17,482,1109,1.000000,1.000000,1.000000,1.000000,0,0,0,0
1593,15,482,1110,1.000000,1.000000,1.000000,1.000000,1,0,0,0
1594,13,482,1111,1.000000,1.000000,1.000000,1.000000,0,0,0,0
1595,29,483,1111,1.000000,1.000000,1.000000,1.000000,0,0,0,0
1596,27,483,1112,1.000000,1.000000,1.000000,1.000000,0,0,0,0
1597,25,483,1113,1.000000,1.000000,1.000000,1.000000,0,0,0,0
1598,23,483,1114,1.000000,1.000000,1.000000,1.000000,0,1,0,0
1599,21,483,1115,1.000000,1.000000,1.000000,1.000000,0,0,1,0
1600,19,483,1116,1.000000,1.000000,1.000000,1.000000,0,0,0,1
1601,29,484,1116,1.000000,1.000000,1.000000,1.000000,0,0,0,1
1602,27,484,1117,1.000000,1.000000,1.000000,1.000000,0,0,0,0
1603,29,485,1117,1.000000,1.000000,1.000000,1.000000,0,0,0,0
1604,27,485,1118,1.000000,1.000000,1.000000,1.000000,0,0,1,0
1605,25,485,1119,1.000000,1.000000,1.000000,1.000000,0,0,0,0
1606,29,486,1119,1.000000,1.000000,1.000000,1.000000,0,0,0,0
1607,27,486,1120,1.000000,1.000000,1.000000,1.000000,0,0,0,0
1608,25,486,1121,1.000000,1.000000,1.000000,1.000000,0,0,0,0
1609,23,486,1122,1.000000,1.000000,1.000000,1.000000,0,0,0,0
1610,21,486,1123,1.000000,1.000000,1.000000,1.000000,0,0,0,0
1611,19,486,1124,1.000000,1.000000,1.000000,1.000000,0,0,0,0
1612,17,486,1125,1.000000,1.000000,1.000000,1.000000,0,0,0,0
1613,15,486,1126,1.000000,1.000000,1.000000,1.000000,0,0,0,0
1614,13,486,1127,1.000000,1.000000,1.000000,1.000000,0,1,0,0
1615,11,486,1128,1.000000,1.000000,1.000000,1.000000,0,0,0,0
1616,29,487,1128,1.000000,1.000000,1.000000,1.000000,0,0,0,0
1617,27,487,1129,1.000000,1.000000,1.000000,1.000000,0,0,1,0
1618,25,487,1130,1.000000,1.000000,1.000000,1.000000,0,1,0,0
1619,29,488,1130,1.000000,1.000000,1.000000,1.000000,0,1,0,0
1620,27,488,1131,1.000000,1.000000,1.000000,1.000000,0,0,1,0
1621,29,489,1131,1.000000,1.000000,1.000000,1.000000,0,0,1,0
1622,27,489,1132,1.000000,1.000000,1.000000,1.000000,0,0,0,0
1623,29,490,1132,1.000000,1.000000,1.000000,1.000000,0,0,0,0
1624,27,490,1133,1.000000,1.000000,1.000000,1.000000,0,0,0,0
1625,25,490,1134,1.000000,1.000000,1.000000,1.000000,1,0,1,0
1626,23,490,1135,1.000000,1.000000,1.000000,1.000000,0,0,0,0
1627,29,491,1135,1.000000,1.000000,1.000000,1.000000,0,0,0,0
1628,27,491,1136,1.000000,1.000000,1.000000,1.000000,0,0,0,0
1629,25,491,1137,1.000000,1.000000,1.000000,1.000000,0,0,0,0
1630,23,491,1138,1.000000,1.000000,1.000000,1.000000,0,1,0,0
1631,21,491,1139,1.000000,1.000000,1.000000,1.000000,0,1,1,0
1632,29,492,1139,1.000000,1.000000,1.000000,1.000000,0,1,1,0
1633,27,492,1140,1.000000,1.000000,1.000000,1.000000,1,0,0,0
1634,29,493,1140,1.000000,1.000000,1.000000,1.000000,1,0,0,0
1635,27,493,1141,1.000000,1.000000,1.000000,1.000000,0,1,0,0
1636,25,493,1142,1.000000,1.000000,1.000000,1.000000,1,0,1,0
1637,29,494,1142,1.000000,1.000000,1.000000,1.000000,1,0,1,0
1638,27,494,1143,1.000000,1.000000,1.000000,1.000000,0,0,0,0
1639,29,495,1143,1.000000,1.000000,1.000000,1.000000,0,0,0,0
1640,27,495,1144,1.000000,1.000000,1.000000,1.000000,0,0,0,0
1641,25,495,1145,1.000000,1.000000,1.000000,1.000000,1,0,1,0
1642,23,495,1146,1.000000,1.000000,1.000000,1.000000,0,1,0,0
1643,21,495,1147,1.000000,1.000000,1.000000,1.000000,0,0,0,1
1644,29,496,1147,1.000000,1.000000,1.000000,1.000000,0,0,0,1
1645,27,496,1148,1.000000,1.000000,1.000000,1.000000,0,0,0,0
1646,25,496,1149,1.000000,1.000000,1.000000,1.000000,0,0,0,1
1647,23,496,1150,1.000000,1.000000,1.000000,1.000000,0,0,0,0
1648,29,497,1150,1.000000,1.000000,1.000000,1.000000,0,0,0,0
1649,27,497,1151,1.000000,1.000000,1.000000,1.000000,0,0,0,0
1650,25,497,1152,1.000000,1.000000,1.000000,1.000000,0,0,0,0
1651,23,497,1153,1.000000,1.000000,1.000000,1.000000,0,0,0,1
1652,21,497,1154,1.000000,1.000000,1.000000,1.000000,0,0,0,0
1653,29,498,1154,1.000000,1.000000,1.000000,1.000000,0,0,0,0
1654,27,498,1155,1.000000,1.000000,1.000000,1.000000,0,0,0,0
1655,25,498,1156,1.000000,1.000000,1.000000,1.000000,0,0,0,0
1656,23,498,1157,1.000000,1.000000,1.000000,1.000000,0,0,0,0
1657,21,498,1158,1.000000,1.000000,1.000000,1.000000,0,0,0,0
1658,19,498,1159,1.000000,1.000000,1.000000,1.000000,0,0,0,0
1659,17,498,1160,1.000000,1.000000,1.000000,1.000000,0,0,1,0
1660,15,498,1161,1.000000,1.000000,1.000000,1.000000,0,0,0,0
1661,29,499,1161,1.000000,1.000000,1.000000,1.000000,0,0,0,0
1662,27,499,1162,1.000000,1.000000,1.000000,1.000000,0,0,0,0
1663,25,499,1163,1.000000,1.000000,1.000000,1.000000,0,0,0,0
1664,23,499,1164,1.000000,1.000000,1.000000,1.000000,1,0,0,0
1665,21,499,1165,1.000000,1.000000,1.000000,1.000000,0,1,0,0
1666,29,500,1165,1.000000,1.000000,1.000000,1.000000,0,1,0,0
1667,27,500,1166,1.000000,1.000000,1.000000,1.000000,0,0,0,0
1668,29,501,1166,1.000000,1.000000,1.000000,1.000000,0,0,0,0
1669,27,501,1167,1.000000,1.000000,1.000000,1.000000,0,1,0,0
1670,25,501,1168,1.000000,1.000000,1.000000,1.000000,0,0,0,0
1671,29,502,1168,1.000000,1.000000,1.000000,1.000000,0,0,0,0
1672,27,502,1169,1.000000,1.000000,1.000000,1.000000,0,0,0,0
1673,25,502,1170,1.000000,1.000000,1.000000,1.000000,0,0,0,0
1674,23,502,1171,1.000000,1.000000,1.000000,1.000000,0,0,0,0
1675,21,502,1172,1.000000,1.000000,1.000000,1.000000,0,0,0,0
1676,19,502,1173,1.000000,1.000000,1.000000,1.000000,0,0,0,0
1677,17,502,1174,1.000000,1.000000,1.000000,1.000000,0,0,0,0
1678,15,502,1175,1.000000,1.000000,1.000000,1.000000,0,1,0,0
1679,13,502,1176,1.000000,1.000000,1.000000,1.000000,1,0,0,0
1680,29,503,1176,1.000000,1.000000,1.000000,1.000000,1,0,0,0
1681,27,503,1177,1.000000,1.000000,1.000000,1.000000,0,0,0,0
1682,29,504,1177,1.000000,1.000000,1.000000,1.000000,0,0,0,0
1683,27,504,1178,1.000000,1.000000,1.000000,1.000000,0,0,0,1
1684,25,504,1179,1.000000,1.000000,1.000000,1.000000,1,0,0,0
1685,29,505,1179,1.000000,1.000000,1.000000,1.000000,1,0,0,0
1686,27,505,1180,1.000000,1.000000,1.000000,1.000000,0,0,0,0
1687,29,506,1180,1.000000,1.000000,1.000000,1.000000,0,0,0,0
1688,27,506,1181,1.000000,1.000000,1.000000,1.000000,0,0,0,0
1689,25,506,1182,1.000000,1.000000,1.000000,1.000000,0,0,0,1
1690,23,506,1183,1.000000,1.000000,1.000000,1.000000,0,0,0,1
1691,21,506,1184,1.000000,1.000000,1.000000,1.000000,0,1,1,0
1692,29,507,1184,1.000000,1.000000,1.000000,1.000000,0,1,1,0
1693,27,507,1185,1.000000,1.000000,1.000000,1.000000,0,0,0,0
1694,29,508,1185,1.000000,1.000000,1.000000,1.000000,0,0,0,0
1695,27,508,1186,1.000000,1.000000,1.000000,1.000000,0,0,0,0
1696,25,508,1187,1.000000,1.000000,1.000000,1.000000,0,0,0,0
1697,23,508,1188,1.000000,1.000000,1.000000,1.000000,0,0,0,0
1698,21,508,1189,1.000000,1.000000,1.000000,1.000000,0,0,0,0
1699,19,508,1190,1.000000,1.000000,1.000000,1.000000,0,1,0,0
1700,17,508,1191,1.000000,1.000000,1.000000,1.000000,0,1,0,0
1701,29,509,1191,1.000000,1.000000,1.000000,1.000000,0,1,0,0
1702,27,509,1192,1.000000,1.000000,1.000000,1.000000,0,0,0,0
1703,29,510,1192,1.000000,1.000000,1.000000,1.000000,0,0,0,0
1704,27,510,1193,1.000000,1.000000,1.000000,1.000000,0,1,0,0
1705,25,510,1194,1.000000,1.000000,1.000000,1.000000,0,0,0,0
1706,29,511,1194,1.000000,1.000000,1.000000,1.000000,0,0,0,0
1707,27,511,1195,1.000000,1.000000,1.000000,1.000000,0,0,0,0
1708,25,511,1196,1.000000,1.000000,1.000000,1.000000,0,0,0,0
1709,23,511,1197,1.000000,1.000000,1.000000,1.000000,0,0,0,0
1710,21,511,1198,1.000000,1.000000,1.000000,1.000000,0,0,0,0
1711,19,511,1199,1.000000,1.000000,1.000000,1.000000,0,0,0,0
1712,17,511,1200,1.000000,1.000000,1.000000,1.000000,0,0,0,0
1713,15,511,1201,1.000000,1.000000,1.000000,1.000000,0,0,0,0
1714,13,511,1202,1.000000,1.000000,1.000000,1.000000,0,0,0,0
1715,11,511,1203,1.000000,1.000000,1.000000,1.000000,0,0,0,0
1716,9,511,1204,1.000000,1.000000,1.000000,1.000000,0,0,0,1
1717,7,511,1205,1.000000,1.000000,1.000000,1.000000,0,0,1,0
1718,5,511,1206,1.000000,1.000000,1.000000,1.000000,0,0,0,1
1719,29,512,1206,1.000000,1.000000,1.000000,1.000000,0,0,0,1
1720,27,512,1207,1.000000,1.000000,1.000000,1.000000,0,0,0,0
1721,29,513,1207,1.000000,1.000000,1.000000,1.000000,0,0,0,0
1722,27,513,1208,1.000000,1.000000,1.000000,1.000000,0,0,0,0
1723,25,513,1209,1.000000,1.000000,1.000000,1.000000,0,0,0,0
1724,23,513,1210,1.000000,1.000000,1.000000,1.000000,0,0,0,0
1725,21,513,1211,1.000000,1.000000,1.000000,1.000000,0,0,0,1
1726,19,513,1212,1.000000,1.000000,1.000000,1.000000,0,0,0,0
1727,29,514,1212,1.000000,1.000000,1.000000,1.000000,0,0,0,0
1728,27,514,1213,1.000000,1.000000,1.000000,1.000000,0,0,0,0
1729,25,514,1214,1.000000,1.000000,1.000000,1.000000,0,0,0,0
1730,23,514,1215,1.000000,1.000000,1.000000,1.000000,0,0,0,0
1731,21,514,1216,1.000000,1.000000,1.000000,1.000000,0,0,0,0
1732,19,514,1217,1.000000,1.000000,1.000000,1.000000,0,0,0,0
1733,17,514,1218,1.000000,1.000000,1.000000,1.000000,0,0,0,1
1734,15,514,1219,1.000000,1.000000,1.000000,1.000000,0,0,0,0
1735,13,514,1220,1.000000,1.000000,1.000000,1.000000,0,0,0,1
1736,11,514,1221,1.000000,1.000000,1.000000,1.000000,0,0,1,0
1737,9,514,1222,1.000000,1.000000,1.000000,1.000000,1,0,1,0
1738,29,515,1222,1.000000,1.000000,1.000000,1.000000,1,0,1,0
1739,27,515,1223,1.000000,1.000000,1.000000,1.000000,0,0,0,0
1740,29,516,1223,1.000000,1.000000,1.000000,1.000000,0,0,0,0
1741,27,516,1224,1.000000,1.000000,1.000000,1.000000,0,0,0,0
1742,25,516,1225,1.000000,1.000000,1.000000,1.000000,0,1,0,0
1743,23,516,1226,1.000000,1.000000,1.000000,1.000000,0,0,0,0
1744,29,517,1226,1.000000,1.000000,1.000000,1.000000,0,0,0,0
1745,27,517,1227,1.000000,1.000000,1.000000,1.000000,0,0,0,0
1746,25,517,1228,1.000000,1.000000,1.000000,1.000000,0,1,0,0
1747,23,517,1229,1.000000,1.000000,1.000000,1.000000,0,1,0,0
1748,21,517,1230,1.000000,1.000000,1.000000,1.000000,0,0,0,1
1749,29,518,1230,1.000000,1.000000,1.000000,1.000000,0,0,0,1
1750,27,518,1231,1.000000,1.000000,1.000000,1.000000,0,0,0,0
1751,29,519,1231,1.000000,1.000000,1.000000,1.000000,0,0,0,0
1752,27,519,1232,1.000000,1.000000,1.000000,1.000000,0,0,0,0
1753,25,519,1233,1.000000,1.000000,1.000000,1.000000,0,0,0,0
1754,23,519,1234,1.000000,1.000000,1.000000,1.000000,0,0,1,0
1755,21,519,1235,1.000000,1.000000,1.000000,1.000000,0,0,0,1
1756,29,520,1235,1.000000,1.000000,1.000000,1.000000,0,0,0,1
1757,27,520,1236,1.000000,1.000000,1.000000,1.000000,0,0,0,0
1758,29,521,1236,1.000000,1.000000,1.000000,1.000000,0,0,0,0
1759,27,521,1237,1.000000,1.000000,1.000000,1.000000,1,0,0,0
1760,25,521,1238,1.000000,1.000000,1.000000,1.000000,0,0,0,0
1761,29,522,1238,1.000000,1.000000,1.000000,1.000000,0,0,0,0
1762,27,522,1239,1.000000,1.000000,1.000000,1.000000,0,0,0,0
1763,25,522,1240,1.000000,1.000000,1.000000,1.000000,0,0,0,0
1764,23,522,1241,1.000000,1.000000,1.000000,1.000000,0,0,0,0
1765,21,522,1242,1.000000,1.000000,1.000000,1.000000,0,0,0,0
1766,19,522,1243,1.000000,1.000000,1.000000,1.000000,0,0,0,1
1767,17,522,1244,1.000000,1.000000,1.000000,1.000000,0,1,0,0
1768,15,522,1245,1.000000,1.000000,1.000000,1.000000,1,0,0,0
1769,13,522,1246,1.000000,1.000000,1.000000,1.000000,0,1,1,0
1770,29,523,1246,1.000000,1.000000,1.000000,1.000000,0,1,1,0
1771,27,523,1247,1.000000,1.000000,1.000000,1.000000,0,0,0,0
1772,29,524,1247,1.000000,1.000000,1.000000,1.000000,0,0,0,0
1773,27,524,1248,1.000000,1.000000,1.000000,1.000000,1,0,0,0
1774,25,524,1249,1.000000,1.000000,1.000000,1.000000,0,0,0,0
1775,29,525,1249,1.000000,1.000000,1.000000,1.000000,0,0,0,0
1776,27,525,1250,1.000000,1.000000,1.000000,1.000000,0,0,0,0
1777,25,525,1251,1.000000,1.000000,1.000000,1.000000,0,0,0,0
1778,23,525,1252,1.000000,1.000000,1.000000,1.000000,0,0,0,0
1779,21,525,1253,1.000000,1.000000,1.000000,1.000000,0,1,0,0
1780,19,525,1254,1.000000,1.000000,1.000000,1.000000,0,0,1,0
1781,29,526,1254,1.000000,1.000000,1.000000,1.000000,0,0,1,0
1782,27,526,1255,1.000000,1.000000,1.000000,1.000000,0,0,0,0
1783,29,527,1255,1.000000,1.000000,1.000000,1.000000,0,0,0,0
1784,27,527,1256,1.000000,1.000000,1.000000,1.000000,0,0,0,0
1785,25,527,1257,1.000000,1.000000,1.000000,1.000000,0,0,0,0
1786,23,527,1258,1.000000,1.000000,1.000000,1.000000,0,0,0,1
1787,21,527,1259,1.000000,1.000000,1.000000,1.000000,1,0,0,0
1788,29,528,1259,1.000000,1.000000,1.000000,1.000000,1,0,0,0
1789,27,528,1260,1.000000,1.000000,1.000000,1.000000,0,1,0,0
1790,29,529,1260,1.000000,1.000000,1.000000,1.000000,0,1,0,0
1791,27,529,1261,1.000000,1.000000,1.000000,1.000000,0,0,0,0
1792,25,529,1262,1.000000,1.000000,1.000000,1.000000,0,0,0,0
1793,23,529,1263,1.000000,1.000000,1.000000,1.000000,0,0,0,0
1794,21,529,1264,1.000000,1.000000,1.000000,1.000000,1,0,0,0
1795,19,529,1265,1.000000,1.000000,1.000000,1.000000,0,0,0,0
1796,29,530,1265,1.000000,1.000000,1.000000,1.000000,0,0,0,0
1797,27,530,1266,1.000000,1.000000,1.000000,1.000000,0,0,0,0
1798,25,530,1267,1.000000,1.000000,1.000000,1.000000,0,0,0,0
1799,23,530,1268,1.000000,1.000000,1.000000,1.000000,0,0,0,0
1800,21,530,1269,1.000000,1.000000,1.000000,1.000000,0,0,0,0
1801,19,530,1270,1.000000,1.000000,1.000000,1.000000,0,0,0,0
1802,17,530,1271,1.000000,1.000000,1.000000,1.000000,0,0,1,0
1803,15,530,1272,1.000000,1.000000,1.000000,1.000000,0,0,1,0
1804,29,531,1272,1.000000,1.000000,1.000000,1.000000,0,0,1,0
1805,27,531,1273,1.000000,1.000000,1.000000,1.000000,0,0,0,0
1806,25,531,1274,1.000000,1.000000,1.000000,1.000000,0,0,1,0
1807,23,531,1275,1.000000,1.000000,1.000000,1.000000,0,0,0,0
1808,29,532,1275,1.000000,1.000000,1.000000,1.000000,0,0,0,0
1809,27,532,1276,1.000000,1.000000,1.000000,1.000000,0,0,0,0
1810,25,532,1277,1.000000,1.000000,1.000000,1.000000,0,0,0,0
1811,23,532,1278,1.000000,1.000000,1.000000,1.000000,0,0,0,0
1812,21,532,1279,1.000000,1.000000,1.000000,1.000000,0,0,0,0
1813,19,532,1280,1.000000,1.000000,1.000000,1.000000,0,0,0,0
1814,17,532,1281,1.000000,1.000000,1.000000,1.000000,0,0,0,0
1815,15,532,1282,1.000000,1.000000,1.000000,1.000000,1,0,0,1
1816,13,532,1283,1.000000,1.000000,1.000000,1.000000,0,0,0,1
1817,29,533,1283,1.000000,1.000000,1.000000,1.000000,0,0,0,1
1818,27,533,1284,1.000000,1.000000,1.000000,1.000000,0,0,1,0
1819,29,534,1284,1.000000,1.000000,1.000000,1.000000,0,0,1,0
1820,27,534,1285,1.000000,1.000000,1.000000,1.000000,0,0,0,0
1821,29,535,1285,1.000000,1.000000,1.000000,1.000000,0,0,0,0
1822,27,535,1286,1.000000,1.000000,1.000000,1.000000,0,0,0,0
1823,25,535,1287,1.000000,1.000000,1.000000,1.000000,0,0,0,0
1824,23,535,1288,1.000000,1.000000,1.000000,1.000000,0,0,0,0
1825,21,535,1289,1.000000,1.000000,1.000000,1.000000,0,0,0,0
1826,19,535,1290,1.000000,1.000000,1.000000,1.000000,0,0,0,0
1827,17,535,1291,1.000000,1.000000,1.000000,1.000000,0,0,0,0
1828,15,535,1292,1.000000,1.000000,1.000000,1.000000,0,0,0,0
1829,13,535,1293,1.000000,1.000000,1.000000,1.000000,0,0,0,0
1830,11,535,1294,1.000000,1.000000,1.000000,1.000000,0,0,0,0
1831,9,535,1295,1.000000,1.000000,1.000000,1.000000,0,0,0,0
1832,7,535,1296,1.000000,1.000000,1.000000,1.000000,0,0,0,0
1833,5,535,1297,1.000000,1.000000,1.000000,1.000000,0,0,0,0
1834,3,535,1298,1.000000,1.000000,1.000000,1.000000,0,0,0,0
1835,1,535,1299,1.000000,1.000000,1.000000,1.000000,0,0,0,0
1836,0,535,1300,1.000000,1.000000,1.000000,1.000000,0,0,0,0
