tick,energy,eats,distance,conn_1_6_weight,conn_2_7_weight,conn_3_8_weight,conn_4_9_weight,food_north_sensed,food_east_sensed,food_south_sensed,food_west_sensed
0,30,0,0,1.000000,1.000000,1.000000,1.000000,0,0,0,0
1,29,0,0,1.000000,1.000000,1.000000,1.000000,0,0,0,0
2,29,1,0,1.000000,1.000000,1.000000,1.000000,0,0,0,0
3,27,1,1,1.000000,1.000000,1.000000,1.000000,0,0,0,1
4,25,1,2,1.000000,1.000000,1.000000,1.000000,0,0,0,0
5,29,2,2,1.000000,1.000000,1.000000,1.000000,0,0,0,0
6,27,2,3,1.000000,1.000000,1.000000,1.000000,0,0,1,0
7,25,2,4,1.000000,1.000000,1.000000,1.000000,0,0,0,0
8,29,3,4,1.000000,1.000000,1.000000,1.000000,0,0,0,0
9,27,3,5,1.000000,1.000000,1.000000,1.000000,0,0,1,0
10,25,3,6,1.000000,1.000000,1.000000,1.000000,0,0,0,0
11,29,4,6,1.000000,1.000000,1.000000,1.000000,0,0,0,0
12,27,4,7,1.000000,1.000000,1.000000,1.000000,0,0,0,0
13,25,4,8,1.000000,1.000000,1.000000,1.000000,0,0,0,0
14,23,4,9,1.000000,1.000000,1.000000,1.000000,0,0,1,0
15,21,4,10,1.000000,1.000000,1.000000,1.000000,0,1,0,1
16,29,5,10,1.000000,1.000000,1.000000,1.000000,0,1,0,1
17,27,5,11,1.000000,1.000000,1.000000,1.000000,0,1,0,0
18,29,6,11,1.000000,1.000000,1.000000,1.000000,0,1,0,0
19,27,6,12,1.000000,1.000000,1.000000,1.000000,0,1,0,0
20,25,6,13,1.000000,1.000000,1.000000,1.000000,0,0,0,1
21,29,7,13,1.000000,1.000000,1.000000,1.000000,0,0,0,1
22,27,7,14,1.000000,1.000000,1.000000,1.000000,0,0,0,0
23,29,8,14,1.000000,1.000000,1.000000,1.000000,0,0,0,0
24,27,8,15,1.000000,1.000000,1.000000,1.000000,0,0,0,0
25,25,8,16,1.000000,1.000000,1.000000,1.000000,0,0,0,1
26,23,8,17,1.000000,1.000000,1.000000,1.000000,0,0,0,0
27,29,9,17,1.000000,1.000000,1.000000,1.000000,0,0,0,0
28,27,9,18,1.000000,1.000000,1.000000,1.000000,0,0,0,0
29,25,9,19,1.000000,1.000000,1.000000,1.000000,0,0,0,0
30,23,9,20,1.000000,1.000000,1.000000,1.000000,0,0,0,0
31,29,10,20,1.000000,1.000000,1.000000,1.000000,0,0,0,0
32,27,10,21,1.000000,1.000000,1.000000,1.000000,0,0,0,0
33,25,10,22,1.000000,1.000000,1.000000,1.000000,0,0,0,0
34,23,10,23,1.000000,1.000000,1.000000,1.000000,0,0,0,0
35,21,10,24,1.000000,1.000000,1.000000,1.000000,0,0,0,0
36,19,10,25,1.000000,1.000000,1.000000,1.000000,0,0,0,1
37,17,10,26,1.000000,1.000000,1.000000,1.000000,1,0,0,0
38,15,10,27,1.000000,1.000000,1.000000,1.000000,1,0,1,0
39,13,10,28,1.000000,1.000000,1.000000,1.000000,1,0,0,0
40,11,10,29,1.000000,1.000000,1.000000,1.000000,1,0,1,0
41,29,11,29,1.000000,1.000000,1.000000,1.000000,1,0,1,0
42,27,11,30,1.000000,1.000000,1.000000,1.000000,1,0,0,0
43,29,12,30,1.000000,1.000000,1.000000,1.000000,1,0,0,0
44,27,12,31,1.000000,1.000000,1.000000,1.000000,1,0,0,0
45,29,13,31,1.000000,1.000000,1.000000,1.000000,1,0,0,0
46,27,13,32,1.000000,1.000000,1.000000,1.000000,0,0,0,0
47,29,14,32,1.000000,1.000000,1.000000,1.000000,0,0,0,0
48,27,14,33,1.000000,1.000000,1.000000,1.000000,1,0,0,0
49,25,14,34,1.000000,1.000000,1.000000,1.000000,1,0,0,1
50,29,15,34,1.000000,1.000000,1.000000,1.000000,1,0,0,1
51,27,15,35,1.000000,1.000000,1.000000,1.000000,0,0,0,0
52,29,16,35,1.000000,1.000000,1.000000,1.000000,0,0,0,0
53,27,16,36,1.000000,1.000000,1.000000,1.000000,0,0,0,0
54,25,16,37,1.000000,1.000000,1.000000,1.000000,0,0,0,0
55,23,16,38,1.000000,1.000000,1.000000,1.000000,0,0,1,1
56,21,16,39,1.000000,1.000000,1.000000,1.000000,0,0,0,1
57,29,17,39,1.000000,1.000000,1.000000,1.000000,0,0,0,1
58,27,17,40,1.000000,1.000000,1.000000,1.000000,0,0,0,0
59,29,18,40,1.000000,1.000000,1.000000,1.000000,0,0,0,0
60,27,18,41,1.000000,1.000000,1.000000,1.000000,0,0,0,0
61,25,18,42,1.000000,1.000000,1.000000,1.000000,0,0,0,0
62,23,18,43,1.000000,1.000000,1.000000,1.000000,0,0,0,0
63,21,18,44,1.000000,1.000000,1.000000,1.000000,0,0,1,1
64,19,18,45,1.000000,1.000000,1.000000,1.000000,0,0,1,0
65,29,19,45,1.000000,1.000000,1.000000,1.000000,0,0,1,0
66,27,19,46,1.000000,1.000000,1.000000,1.000000,0,0,0,0
67,29,20,46,1.000000,1.000000,1.000000,1.000000,0,0,0,0
68,27,20,47,1.000000,1.000000,1.000000,1.000000,0,0,0,0
69,25,20,48,1.000000,1.000000,1.000000,1.000000,1,0,0,0
70,23,20,49,1.000000,1.000000,1.000000,1.000000,0,0,0,0
71,29,21,49,1.000000,1.000000,1.000000,1.000000,0,0,0,0
72,27,21,50,1.000000,1.000000,1.000000,1.000000,0,0,0,0
73,25,21,51,1.000000,1.000000,1.000000,1.000000,0,0,1,0
74,23,21,52,1.000000,1.000000,1.000000,1.000000,1,0,0,0
75,21,21,53,1.000000,1.000000,1.000000,1.000000,0,0,0,1
76,29,22,53,1.000000,1.000000,1.000000,1.000000,0,0,0,1
77,27,22,54,1.000000,1.000000,1.000000,1.000000,0,0,0,0
78,29,23,54,1.000000,1.000000,1.000000,1.000000,0,0,0,0
79,27,23,55,1.000000,1.000000,1.000000,1.000000,1,0,1,0
80,25,23,56,1.000000,1.000000,1.000000,1.000000,0,0,0,0
81,29,24,56,1.000000,1.000000,1.000000,1.000000,0,0,0,0
82,27,24,57,1.000000,1.000000,1.000000,1.000000,0,0,0,0
83,25,24,58,1.000000,1.000000,1.000000,1.000000,0,0,0,0
84,23,24,59,1.000000,1.000000,1.000000,1.000000,0,1,0,0
85,21,24,60,1.000000,1.000000,1.000000,1.000000,0,0,0,0
86,29,25,60,1.000000,1.000000,1.000000,1.000000,0,0,0,0
87,27,25,61,1.000000,1.000000,1.000000,1.000000,0,0,0,0
88,25,25,62,1.000000,1.000000,1.000000,1.000000,0,1,0,0
89,23,25,63,1.000000,1.000000,1.000000,1.000000,0,0,0,0
90,29,26,63,1.000000,1.000000,1.000000,1.000000,0,0,0,0
91,27,26,64,1.000000,1.000000,1.000000,1.000000,0,0,1,1
92,25,26,65,1.000000,1.000000,1.000000,1.000000,0,0,0,0
93,29,27,65,1.000000,1.000000,1.000000,1.000000,0,0,0,0
94,27,27,66,1.000000,1.000000,1.000000,1.000000,1,0,0,0
95,25,27,67,1.000000,1.000000,1.000000,1.000000,0,0,1,0
96,23,27,68,1.000000,1.000000,1.000000,1.000000,0,1,0,0
97,21,27,69,1.000000,1.000000,1.000000,1.000000,0,0,1,0
98,19,27,70,1.000000,1.000000,1.000000,1.000000,1,0,0,0
99,29,28,70,1.000000,1.000000,1.000000,1.000000,1,0,0,0
100,27,28,71,1.000000,1.000000,1.000000,1.000000,0,0,0,0
101,29,29,71,1.000000,1.000000,1.000000,1.000000,0,0,0,0
102,27,29,72,1.000000,1.000000,1.000000,1.000000,0,0,0,0
103,25,29,73,1.000000,1.000000,1.000000,1.000000,0,0,0,0
104,23,29,74,1.000000,1.000000,1.000000,1.000000,0,0,0,0
105,21,29,75,1.000000,1.000000,1.000000,1.000000,0,0,1,0
106,19,29,76,1.000000,1.000000,1.000000,1.000000,0,0,1,0
107,29,30,76,1.000000,1.000000,1.000000,1.000000,0,0,1,0
108,27,30,77,1.000000,1.000000,1.000000,1.000000,0,0,0,0
109,29,31,77,1.000000,1.000000,1.000000,1.000000,0,0,0,0
110,27,31,78,1.000000,1.000000,1.000000,1.000000,0,0,0,0
111,25,31,79,1.000000,1.000000,1.000000,1.000000,0,0,0,0
112,23,31,80,1.000000,1.000000,1.000000,1.000000,0,0,0,0
113,21,31,81,1.000000,1.000000,1.000000,1.000000,0,0,1,0
114,19,31,82,1.000000,1.000000,1.000000,1.000000,0,1,0,1
115,17,31,83,1.000000,1.000000,1.000000,1.000000,0,0,0,1
116,29,32,83,1.000000,1.000000,1.000000,1.000000,0,0,0,1
117,27,32,84,1.000000,1.000000,1.000000,1.000000,0,0,0,1
118,29,33,84,1.000000,1.000000,1.000000,1.000000,0,0,0,1
119,27,33,85,1.000000,1.000000,1.000000,1.000000,0,0,0,1
120,29,34,85,1.000000,1.000000,1.000000,1.000000,0,0,0,1
121,27,34,86,1.000000,1.000000,1.000000,1.000000,1,0,0,0
122,29,35,86,1.000000,1.000000,1.000000,1.000000,1,0,0,0
123,27,35,87,1.000000,1.000000,1.000000,1.000000,1,0,0,1
124,29,36,87,1.000000,1.000000,1.000000,1.000000,1,0,0,1
125,27,36,88,1.000000,1.000000,1.000000,1.000000,1,0,0,1
126,29,37,88,1.000000,1.000000,1.000000,1.000000,1,0,0,1
127,27,37,89,1.000000,1.000000,1.000000,1.000000,0,0,1,1
128,29,38,89,1.000000,1.000000,1.000000,1.000000,0,0,1,1
129,27,38,90,1.000000,1.000000,1.000000,1.000000,1,0,0,0
130,29,39,90,1.000000,1.000000,1.000000,1.000000,1,0,0,0
131,27,39,91,1.000000,1.000000,1.000000,1.000000,0,0,0,0
132,29,40,91,1.000000,1.000000,1.000000,1.000000,0,0,0,0
133,27,40,92,1.000000,1.000000,1.000000,1.000000,0,0,0,1
134,25,40,93,1.000000,1.000000,1.000000,1.000000,1,0,1,1
135,23,40,94,1.000000,1.000000,1.000000,1.000000,1,0,0,0
136,29,41,94,1.000000,1.000000,1.000000,1.000000,1,0,0,0
137,27,41,95,1.000000,1.000000,1.000000,1.000000,1,0,0,1
138,25,41,96,1.000000,1.000000,1.000000,1.000000,0,1,0,0
139,23,41,97,1.000000,1.000000,1.000000,1.000000,1,0,0,1
140,29,42,97,1.000000,1.000000,1.000000,1.000000,1,0,0,1
141,27,42,98,1.000000,1.000000,1.000000,1.000000,0,0,0,0
142,29,43,98,1.000000,1.000000,1.000000,1.000000,0,0,0,0
143,27,43,99,1.000000,1.000000,1.000000,1.000000,0,0,0,0
144,25,43,100,1.000000,1.000000,1.000000,1.000000,0,0,0,0
145,23,43,101,1.000000,1.000000,1.000000,1.000000,0,1,0,0
146,21,43,102,1.000000,1.000000,1.000000,1.000000,0,0,0,0
147,29,44,102,1.000000,1.000000,1.000000,1.000000,0,0,0,0
148,27,44,103,1.000000,1.000000,1.000000,1.000000,0,0,0,0
149,25,44,104,1.000000,1.000000,1.000000,1.000000,0,0,0,0
150,23,44,105,1.000000,1.000000,1.000000,1.000000,0,0,0,0
151,21,44,106,1.000000,1.000000,1.000000,1.000000,0,0,0,0
152,19,44,107,1.000000,1.000000,1.000000,1.000000,0,0,0,0
153,17,44,108,1.000000,1.000000,1.000000,1.000000,0,0,0,0
154,15,44,109,1.000000,1.000000,1.000000,1.000000,0,0,1,0
155,13,44,110,1.000000,1.000000,1.000000,1.000000,1,0,0,0
156,29,45,110,1.000000,1.000000,1.000000,1.000000,1,0,0,0
157,27,45,111,1.000000,1.000000,1.000000,1.000000,0,0,0,1
158,29,46,111,1.000000,1.000000,1.000000,1.000000,0,0,0,1
159,27,46,112,1.000000,1.000000,1.000000,1.000000,0,0,0,0
160,29,47,112,1.000000,1.000000,1.000000,1.000000,0,0,0,0
161,27,47,113,1.000000,1.000000,1.000000,1.000000,0,1,0,0
162,25,47,114,1.000000,1.000000,1.000000,1.000000,0,0,0,0
163,29,48,114,1.000000,1.000000,1.000000,1.000000,0,0,0,0
164,27,48,115,1.000000,1.000000,1.000000,1.000000,0,0,0,0
165,25,48,116,1.000000,1.000000,1.000000,1.000000,0,0,0,0
166,23,48,117,1.000000,1.000000,1.000000,1.000000,0,0,0,0
167,21,48,118,1.000000,1.000000,1.000000,1.000000,0,0,0,0
168,19,48,119,1.000000,1.000000,1.000000,1.000000,0,0,0,0
169,17,48,120,1.000000,1.000000,1.000000,1.000000,0,0,0,0
170,15,48,121,1.000000,1.000000,1.000000,1.000000,0,0,1,0
171,13,48,122,1.000000,1.000000,1.000000,1.000000,0,0,0,0
172,29,49,122,1.000000,1.000000,1.000000,1.000000,1,0,0,0
173,27,49,123,1.000000,1.000000,1.000000,1.000000,0,0,0,0
174,29,50,123,1.000000,1.000000,1.000000,1.000000,0,0,0,1
175,27,50,124,1.000000,1.000000,1.000000,1.000000,0,0,0,0
176,29,51,124,1.000000,1.000000,1.000000,1.000000,0,0,0,0
177,27,51,125,1.000000,1.000000,1.000000,1.000000,1,0,0,0
178,25,51,126,1.000000,1.000000,1.000000,1.000000,0,0,0,0
179,29,52,126,1.000000,1.000000,1.000000,1.000000,0,0,0,0
180,27,52,127,1.000000,1.000000,1.000000,1.000000,1,1,0,0
181,25,52,128,1.000000,1.000000,1.000000,1.000000,0,0,0,0
182,29,53,128,1.000000,1.000000,1.000000,1.000000,0,0,0,0
183,27,53,129,1.000000,1.000000,1.000000,1.000000,1,0,0,0
184,25,53,130,1.000000,1.000000,1.000000,1.000000,0,0,0,0
185,29,54,130,1.000000,1.000000,1.000000,1.000000,0,0,0,0
186,27,54,131,1.000000,1.000000,1.000000,1.000000,0,1,0,1
187,25,54,132,1.000000,1.000000,1.000000,1.000000,0,0,0,0
188,29,55,132,1.000000,1.000000,1.000000,1.000000,0,0,0,0
189,27,55,133,1.000000,1.000000,1.000000,1.000000,0,0,0,0
190,25,55,134,1.000000,1.000000,1.000000,1.000000,0,0,0,0
191,23,55,135,1.000000,1.000000,1.000000,1.000000,0,0,0,0
192,21,55,136,1.000000,1.000000,1.000000,1.000000,0,0,1,1
193,19,55,137,1.000000,1.000000,1.000000,1.000000,0,0,0,0
194,29,56,137,1.000000,1.000000,1.000000,1.000000,0,0,0,0
195,27,56,138,1.000000,1.000000,1.000000,1.000000,0,0,0,1
196,25,56,139,1.000000,1.000000,1.000000,1.000000,0,0,0,0
197,29,57,139,1.000000,1.000000,1.000000,1.000000,0,0,0,0
198,27,57,140,1.000000,1.000000,1.000000,1.000000,0,0,0,0
199,25,57,141,1.000000,1.000000,1.000000,1.000000,0,0,0,0
200,23,57,142,1.000000,1.000000,1.000000,1.000000,0,0,0,0
201,21,57,143,1.000000,1.000000,1.000000,1.000000,0,0,0,0
202,19,57,144,1.000000,1.000000,1.000000,1.000000,0,0,0,0
203,17,57,145,1.000000,1.000000,1.000000,1.000000,1,1,0,0
204,15,57,146,1.000000,1.000000,1.000000,1.000000,0,0,0,0
205,29,58,146,1.000000,1.000000,1.000000,1.000000,0,0,0,0
206,27,58,147,1.000000,1.000000,1.000000,1.000000,1,0,1,0
207,25,58,148,1.000000,1.000000,1.000000,1.000000,1,0,0,0
208,23,58,149,1.000000,1.000000,1.000000,1.000000,0,0,1,0
209,29,59,149,1.000000,1.000000,1.000000,1.000000,0,0,1,0
210,27,59,150,1.000000,1.000000,1.000000,1.000000,0,0,0,0
211,29,60,150,1.000000,1.000000,1.000000,1.000000,0,0,0,0
212,27,60,151,1.000000,1.000000,1.000000,1.000000,0,0,0,0
213,25,60,152,1.000000,1.000000,1.000000,1.000000,0,0,0,0
214,23,60,153,1.000000,1.000000,1.000000,1.000000,0,0,0,1
215,21,60,154,1.000000,1.000000,1.000000,1.000000,0,0,0,0
216,29,61,154,1.000000,1.000000,1.000000,1.000000,0,0,0,0
217,27,61,155,1.000000,1.000000,1.000000,1.000000,0,0,0,0
218,25,61,156,1.000000,1.000000,1.000000,1.000000,0,0,0,0
219,23,61,157,1.000000,1.000000,1.000000,1.000000,1,0,0,0
220,21,61,158,1.000000,1.000000,1.000000,1.000000,1,1,0,0
221,19,61,159,1.000000,1.000000,1.000000,1.000000,1,1,1,0
222,29,62,159,1.000000,1.000000,1.000000,1.000000,1,1,1,0
223,27,62,160,1.000000,1.000000,1.000000,1.000000,1,0,1,0
224,29,63,160,1.000000,1.000000,1.000000,1.000000,1,0,1,0
225,27,63,161,1.000000,1.000000,1.000000,1.000000,0,0,0,1
226,29,64,161,1.000000,1.000000,1.000000,1.000000,0,0,0,1
227,27,64,162,1.000000,1.000000,1.000000,1.000000,0,0,0,0
228,29,65,162,1.000000,1.000000,1.000000,1.000000,0,0,0,0
229,27,65,163,1.000000,1.000000,1.000000,1.000000,0,0,0,0
230,25,65,164,1.000000,1.000000,1.000000,1.000000,0,0,1,0
231,23,65,165,1.000000,1.000000,1.000000,1.000000,0,0,0,1
232,29,66,165,1.000000,1.000000,1.000000,1.000000,0,0,0,1
233,27,66,166,1.000000,1.000000,1.000000,1.000000,0,0,0,0
234,29,67,166,1.000000,1.000000,1.000000,1.000000,0,0,0,0
235,27,67,167,1.000000,1.000000,1.000000,1.000000,0,0,0,0
236,25,67,168,1.000000,1.000000,1.000000,1.000000,0,1,0,0
237,23,67,169,1.000000,1.000000,1.000000,1.000000,0,0,1,0
238,29,68,169,1.000000,1.000000,1.000000,1.000000,0,0,1,0
239,27,68,170,1.000000,1.000000,1.000000,1.000000,0,0,0,0
240,29,69,170,1.000000,1.000000,1.000000,1.000000,0,0,0,0
241,27,69,171,1.000000,1.000000,1.000000,1.000000,0,0,1,1
242,25,69,172,1.000000,1.000000,1.000000,1.000000,0,0,0,0
243,29,70,172,1.000000,1.000000,1.000000,1.000000,0,0,0,0
244,27,70,173,1.000000,1.000000,1.000000,1.000000,0,0,0,1
245,25,70,174,1.000000,1.000000,1.000000,1.000000,0,0,0,0
246,29,71,174,1.000000,1.000000,1.000000,1.000000,0,0,0,0
247,27,71,175,1.000000,1.000000,1.000000,1.000000,0,0,0,0
248,25,71,176,1.000000,1.000000,1.000000,1.000000,0,0,0,1
249,23,71,177,1.000000,1.000000,1.000000,1.000000,0,0,0,0
250,29,72,177,1.000000,1.000000,1.000000,1.000000,0,0,0,0
251,27,72,178,1.000000,1.000000,1.000000,1.000000,1,0,0,0
252,25,72,179,1.000000,1.000000,1.000000,1.000000,0,0,0,0
253,29,73,179,1.000000,1.000000,1.000000,1.000000,0,0,0,0
254,27,73,180,1.000000,1.000000,1.000000,1.000000,1,0,0,1
255,25,73,181,1.000000,1.000000,1.000000,1.000000,0,0,0,1
256,29,74,181,1.000000,1.000000,1.000000,1.000000,0,0,0,1
257,27,74,182,1.000000,1.000000,1.000000,1.000000,0,0,0,0
258,29,75,182,1.000000,1.000000,1.000000,1.000000,0,0,0,0
259,27,75,183,1.000000,1.000000,1.000000,1.000000,0,0,1,0
260,25,75,184,1.000000,1.000000,1.000000,1.000000,0,0,0,0
261,23,75,185,1.000000,1.000000,1.000000,1.000000,0,0,1,1
262,21,75,186,1.000000,1.000000,1.000000,1.000000,0,0,0,0
263,29,76,186,1.000000,1.000000,1.000000,1.000000,0,0,0,0
264,27,76,187,1.000000,1.000000,1.000000,1.000000,0,1,0,0
265,25,76,188,1.000000,1.000000,1.000000,1.000000,0,0,0,0
266,29,77,188,1.000000,1.000000,1.000000,1.000000,0,0,0,0
267,27,77,189,1.000000,1.000000,1.000000,1.000000,0,0,1,0
268,25,77,190,1.000000,1.000000,1.000000,1.000000,0,0,0,0
269,29,78,190,1.000000,1.000000,1.000000,1.000000,0,0,0,0
270,27,78,191,1.000000,1.000000,1.000000,1.000000,0,0,0,0
271,25,78,192,1.000000,1.000000,1.000000,1.000000,1,1,0,0
272,23,78,193,1.000000,1.000000,1.000000,1.000000,0,0,0,0
273,29,79,193,1.000000,1.000000,1.000000,1.000000,0,0,0,0
274,27,79,194,1.000000,1.000000,1.000000,1.000000,0,1,0,0
275,25,79,195,1.000000,1.000000,1.000000,1.000000,0,0,0,0
276,29,80,195,1.000000,1.000000,1.000000,1.000000,0,0,0,0
277,27,80,196,1.000000,1.000000,1.000000,1.000000,0,0,0,0
278,25,80,197,1.000000,1.000000,1.000000,1.000000,0,0,0,0
279,23,80,198,1.000000,1.000000,1.000000,1.000000,0,0,0,0
280,21,80,199,1.000000,1.000000,1.000000,1.000000,0,0,0,0
281,19,80,200,1.000000,1.000000,1.000000,1.000000,0,0,0,0
282,17,80,201,1.000000,1.000000,1.000000,1.000000,0,0,0,0
283,15,80,202,1.000000,1.000000,1.000000,1.000000,1,0,0,1
284,13,80,203,1.000000,1.000000,1.000000,1.000000,0,0,0,0
285,29,81,203,1.000000,1.000000,1.000000,1.000000,0,0,0,0
286,27,81,204,1.000000,1.000000,1.000000,1.000000,0,1,0,1
287,25,81,205,1.000000,1.000000,1.000000,1.000000,0,0,0,0
288,29,82,205,1.000000,1.000000,1.000000,1.000000,0,0,0,0
289,27,82,206,1.000000,1.000000,1.000000,1.000000,0,0,0,0
290,25,82,207,1.000000,1.000000,1.000000,1.000000,0,0,0,0
291,23,82,208,1.000000,1.000000,1.000000,1.000000,0,0,1,0
292,21,82,209,1.000000,1.000000,1.000000,1.000000,0,0,0,0
293,19,82,210,1.000000,1.000000,1.000000,1.000000,0,0,1,0
294,17,82,211,1.000000,1.000000,1.000000,1.000000,0,0,0,1
295,29,83,211,1.000000,1.000000,1.000000,1.000000,0,0,0,1
296,27,83,212,1.000000,1.000000,1.000000,1.000000,0,0,0,0
297,29,84,212,1.000000,1.000000,1.000000,1.000000,0,0,0,0
298,27,84,213,1.000000,1.000000,1.000000,1.000000,0,0,1,0
299,25,84,214,1.000000,1.000000,1.000000,1.000000,0,0,0,0
300,29,85,214,1.000000,1.000000,1.000000,1.000000,0,0,0,0
301,27,85,215,1.000000,1.000000,1.000000,1.000000,0,1,0,0
302,25,85,216,1.000000,1.000000,1.000000,1.000000,0,0,0,0
303,29,86,216,1.000000,1.000000,1.000000,1.000000,0,0,0,0
304,27,86,217,1.000000,1.000000,1.000000,1.000000,0,1,1,0
305,25,86,218,1.000000,1.000000,1.000000,1.000000,0,0,0,0
306,29,87,218,1.000000,1.000000,1.000000,1.000000,0,0,0,0
307,27,87,219,1.000000,1.000000,1.000000,1.000000,0,0,0,0
308,25,87,220,1.000000,1.000000,1.000000,1.000000,0,0,0,0
309,23,87,221,1.000000,1.000000,1.000000,1.000000,0,0,0,1
310,21,87,222,1.000000,1.000000,1.000000,1.000000,0,0,0,0
311,29,88,222,1.000000,1.000000,1.000000,1.000000,0,0,0,0
312,27,88,223,1.000000,1.000000,1.000000,1.000000,0,0,0,0
313,25,88,224,1.000000,1.000000,1.000000,1.000000,0,1,0,0
314,23,88,225,1.000000,1.000000,1.000000,1.000000,0,1,0,0
315,21,88,226,1.000000,1.000000,1.000000,1.000000,1,1,1,0
316,29,89,226,1.000000,1.000000,1.000000,1.000000,1,1,1,0
317,27,89,227,1.000000,1.000000,1.000000,1.000000,0,0,0,0
318,29,90,227,1.000000,1.000000,1.000000,1.000000,0,0,0,0
319,27,90,228,1.000000,1.000000,1.000000,1.000000,0,0,0,0
320,25,90,229,1.000000,1.000000,1.000000,1.000000,1,0,0,0
321,23,90,230,1.000000,1.000000,1.000000,1.000000,0,0,0,0
322,29,91,230,1.000000,1.000000,1.000000,1.000000,0,0,0,0
323,27,91,231,1.000000,1.000000,1.000000,1.000000,0,0,0,0
324,25,91,232,1.000000,1.000000,1.000000,1.000000,0,0,0,0
325,23,91,233,1.000000,1.000000,1.000000,1.000000,0,0,0,1
326,21,91,234,1.000000,1.000000,1.000000,1.000000,0,0,0,0
327,29,92,234,1.000000,1.000000,1.000000,1.000000,0,0,0,0
328,27,92,235,1.000000,1.000000,1.000000,1.000000,0,0,0,0
329,25,92,236,1.000000,1.000000,1.000000,1.000000,0,0,0,0
330,23,92,237,1.000000,1.000000,1.000000,1.000000,0,0,0,0
331,21,92,238,1.000000,1.000000,1.000000,1.000000,0,0,0,0
332,19,92,239,1.000000,1.000000,1.000000,1.000000,0,1,1,0
333,17,92,240,1.000000,1.000000,1.000000,1.000000,0,1,0,0
334,29,93,240,1.000000,1.000000,1.000000,1.000000,0,1,0,0
335,27,93,241,1.000000,1.000000,1.000000,1.000000,1,0,1,0
336,29,94,241,1.000000,1.000000,1.000000,1.000000,1,0,1,0
337,27,94,242,1.000000,1.000000,1.000000,1.000000,0,0,0,0
338,29,95,242,1.000000,1.000000,1.000000,1.000000,0,0,0,0
339,27,95,243,1.000000,1.000000,1.000000,1.000000,0,0,1,0
340,25,95,244,1.000000,1.000000,1.000000,1.000000,0,0,0,0
341,29,96,244,1.000000,1.000000,1.000000,1.000000,0,0,0,0
342,27,96,245,1.000000,1.000000,1.000000,1.000000,0,1,0,0
343,25,96,246,1.000000,1.000000,1.000000,1.000000,1,1,0,0
344,29,97,246,1.000000,1.000000,1.000000,1.000000,1,1,0,0
345,27,97,247,1.000000,1.000000,1.000000,1.000000,0,0,0,0
346,29,98,247,1.000000,1.000000,1.000000,1.000000,0,0,0,0
347,27,98,248,1.000000,1.000000,1.000000,1.000000,0,0,0,0
348,25,98,249,1.000000,1.000000,1.000000,1.000000,0,0,0,0
349,23,98,250,1.000000,1.000000,1.000000,1.000000,0,1,1,0
350,21,98,251,1.000000,1.000000,1.000000,1.000000,0,1,1,0
351,29,99,251,1.000000,1.000000,1.000000,1.000000,0,1,1,0
352,27,99,252,1.000000,1.000000,1.000000,1.000000,0,1,0,0
353,29,100,252,1.000000,1.000000,1.000000,1.000000,0,1,0,0
354,27,100,253,1.000000,1.000000,1.000000,1.000000,1,0,1,0
355,25,100,254,1.000000,1.000000,1.000000,1.000000,1,1,0,0
356,29,101,254,1.000000,1.000000,1.000000,1.000000,1,1,0,0
357,27,101,255,1.000000,1.000000,1.000000,1.000000,1,0,0,0
358,29,102,255,1.000000,1.000000,1.000000,1.000000,1,0,0,0
359,27,102,256,1.000000,1.000000,1.000000,1.000000,1,0,0,0
360,29,103,256,1.000000,1.000000,1.000000,1.000000,1,0,0,0
361,27,103,257,1.000000,1.000000,1.000000,1.000000,0,0,0,0
362,29,104,257,1.000000,1.000000,1.000000,1.000000,0,0,0,0
363,27,104,258,1.000000,1.000000,1.000000,1.000000,0,0,0,0
364,25,104,259,1.000000,1.000000,1.000000,1.000000,0,1,0,0
365,23,104,260,1.000000,1.000000,1.000000,1.000000,0,0,1,0
366,29,105,260,1.000000,1.000000,1.000000,1.000000,0,0,1,0
367,27,105,261,1.000000,1.000000,1.000000,1.000000,0,0,0,0
368,29,106,261,1.000000,1.000000,1.000000,1.000000,0,0,0,0
369,27,106,262,1.000000,1.000000,1.000000,1.000000,0,0,0,0
370,25,106,263,1.000000,1.000000,1.000000,1.000000,0,0,1,0
371,23,106,264,1.000000,1.000000,1.000000,1.000000,0,1,0,1
372,29,107,264,1.000000,1.000000,1.000000,1.000000,0,1,0,1
373,27,107,265,1.000000,1.000000,1.000000,1.000000,0,0,0,0
374,29,108,265,1.000000,1.000000,1.000000,1.000000,0,0,0,0
375,27,108,266,1.000000,1.000000,1.000000,1.000000,0,1,0,0
376,25,108,267,1.000000,1.000000,1.000000,1.000000,0,1,0,0
377,29,109,267,1.000000,1.000000,1.000000,1.000000,0,1,0,0
378,27,109,268,1.000000,1.000000,1.000000,1.000000,0,0,0,0
379,29,110,268,1.000000,1.000000,1.000000,1.000000,0,0,0,0
380,27,110,269,1.000000,1.000000,1.000000,1.000000,1,0,0,0
381,25,110,270,1.000000,1.000000,1.000000,1.000000,1,0,0,0
382,23,110,271,1.000000,1.000000,1.000000,1.000000,1,1,1,0
383,21,110,272,1.000000,1.000000,1.000000,1.000000,1,0,0,0
384,29,111,272,1.000000,1.000000,1.000000,1.000000,1,0,0,0
385,27,111,273,1.000000,1.000000,1.000000,1.000000,0,0,0,0
386,25,111,274,1.000000,1.000000,1.000000,1.000000,1,0,0,0
387,23,111,275,1.000000,1.000000,1.000000,1.000000,1,1,0,0
388,29,112,275,1.000000,1.000000,1.000000,1.000000,1,1,0,0
389,27,112,276,1.000000,1.000000,1.000000,1.000000,0,1,0,0
390,29,113,276,1.000000,1.000000,1.000000,1.000000,0,1,0,0
391,27,113,277,1.000000,1.000000,1.000000,1.000000,1,0,0,0
392,29,114,277,1.000000,1.000000,1.000000,1.000000,1,0,0,0
393,27,114,278,1.000000,1.000000,1.000000,1.000000,0,0,0,0
394,29,115,278,1.000000,1.000000,1.000000,1.000000,0,0,0,0
395,27,115,279,1.000000,1.000000,1.000000,1.000000,0,1,0,1
396,25,115,280,1.000000,1.000000,1.000000,1.000000,1,0,0,0
397,29,116,280,1.000000,1.000000,1.000000,1.000000,1,0,0,0
398,27,116,281,1.000000,1.000000,1.000000,1.000000,0,0,0,1
399,25,116,282,1.000000,1.000000,1.000000,1.000000,0,0,0,0
400,29,117,282,1.000000,1.000000,1.000000,1.000000,0,0,0,0
401,27,117,283,1.000000,1.000000,1.000000,1.000000,0,0,0,0
402,25,117,284,1.000000,1.000000,1.000000,1.000000,0,0,0,0
403,23,117,285,1.000000,1.000000,1.000000,1.000000,0,0,0,0
404,21,117,286,1.000000,1.000000,1.000000,1.000000,1,0,0,0
405,19,117,287,1.000000,1.000000,1.000000,1.000000,0,0,0,0
406,29,118,287,1.000000,1.000000,1.000000,1.000000,0,0,0,0
407,27,118,288,1.000000,1.000000,1.000000,1.000000,0,0,0,1
408,25,118,289,1.000000,1.000000,1.000000,1.000000,0,0,0,1
409,29,119,289,1.000000,1.000000,1.000000,1.000000,0,0,0,1
410,27,119,290,1.000000,1.000000,1.000000,1.000000,0,0,0,0
411,25,119,291,1.000000,1.000000,1.000000,1.000000,0,0,0,0
412,23,119,292,1.000000,1.000000,1.000000,1.000000,0,0,0,0
413,21,119,293,1.000000,1.000000,1.000000,1.000000,0,0,0,1
414,19,119,294,1.000000,1.000000,1.000000,1.000000,0,0,0,0
415,29,120,294,1.000000,1.000000,1.000000,1.000000,0,0,0,0
416,27,120,295,1.000000,1.000000,1.000000,1.000000,0,0,0,0
417,25,120,296,1.000000,1.000000,1.000000,1.000000,0,0,0,0
418,23,120,297,1.000000,1.000000,1.000000,1.000000,0,0,0,0
419,21,120,298,1.000000,1.000000,1.000000,1.000000,0,1,0,0
420,19,120,299,1.000000,1.000000,1.000000,1.000000,1,0,1,0
421,17,120,300,1.000000,1.000000,1.000000,1.000000,0,0,1,0
422,29,121,300,1.000000,1.000000,1.000000,1.000000,0,0,1,0
423,27,121,301,1.000000,1.000000,1.000000,1.000000,0,0,1,0
424,29,122,301,1.000000,1.000000,1.000000,1.000000,0,0,1,0
425,27,122,302,1.000000,1.000000,1.000000,1.000000,0,0,1,0
426,29,123,302,1.000000,1.000000,1.000000,1.000000,0,0,1,0
427,27,123,303,1.000000,1.000000,1.000000,1.000000,0,0,1,0
428,25,123,304,1.000000,1.000000,1.000000,1.000000,1,0,0,0
429,29,124,304,1.000000,1.000000,1.000000,1.000000,1,0,0,0
430,27,124,305,1.000000,1.000000,1.000000,1.000000,0,0,0,0
431,29,125,305,1.000000,1.000000,1.000000,1.000000,0,0,0,0
432,27,125,306,1.000000,1.000000,1.000000,1.000000,0,0,0,0
433,25,125,307,1.000000,1.000000,1.000000,1.000000,0,0,0,0
434,23,125,308,1.000000,1.000000,1.000000,1.000000,0,0,0,0
435,21,125,309,1.000000,1.000000,1.000000,1.000000,0,0,0,0
436,19,125,310,1.000000,1.000000,1.000000,1.000000,0,0,0,0
437,17,125,311,1.000000,1.000000,1.000000,1.000000,0,0,0,0
438,15,125,312,1.000000,1.000000,1.000000,1.000000,1,0,0,0
439,13,125,313,1.000000,1.000000,1.000000,1.000000,1,0,0,0
440,29,126,313,1.000000,1.000000,1.000000,1.000000,1,0,1,0
441,27,126,314,1.000000,1.000000,1.000000,1.000000,0,0,0,0
442,29,127,314,1.000000,1.000000,1.000000,1.000000,0,0,0,0
443,27,127,315,1.000000,1.000000,1.000000,1.000000,0,0,0,0
444,25,127,316,1.000000,1.000000,1.000000,1.000000,0,0,0,1
445,23,127,317,1.000000,1.000000,1.000000,1.000000,0,0,1,0
446,29,128,317,1.000000,1.000000,1.000000,1.000000,0,0,1,0
447,27,128,318,1.000000,1.000000,1.000000,1.000000,0,0,0,0
448,29,129,318,1.000000,1.000000,1.000000,1.000000,0,0,0,0
449,27,129,319,1.000000,1.000000,1.000000,1.000000,0,0,0,0
450,25,129,320,1.000000,1.000000,1.000000,1.000000,0,1,0,0
451,23,129,321,1.000000,1.000000,1.000000,1.000000,0,0,1,0
452,29,130,321,1.000000,1.000000,1.000000,1.000000,0,0,1,0
453,27,130,322,1.000000,1.000000,1.000000,1.000000,0,0,0,0
454,29,131,322,1.000000,1.000000,1.000000,1.000000,0,0,0,0
455,27,131,323,1.000000,1.000000,1.000000,1.000000,0,0,0,0
456,25,131,324,1.000000,1.000000,1.000000,1.000000,0,0,1,0
457,23,131,325,1.000000,1.000000,1.000000,1.000000,0,1,0,0
458,29,132,325,1.000000,1.000000,1.000000,1.000000,0,1,0,0
459,27,132,326,1.000000,1.000000,1.000000,1.000000,0,1,0,0
460,25,132,327,1.000000,1.000000,1.000000,1.000000,0,1,0,1
461,29,133,327,1.000000,1.000000,1.000000,1.000000,0,1,0,1
462,27,133,328,1.000000,1.000000,1.000000,1.000000,0,0,0,0
463,29,134,328,1.000000,1.000000,1.000000,1.000000,0,0,0,0
464,27,134,329,1.000000,1.000000,1.000000,1.000000,0,0,0,0
465,25,134,330,1.000000,1.000000,1.000000,1.000000,0,0,0,0
466,23,134,331,1.000000,1.000000,1.000000,1.000000,0,0,0,0
467,21,134,332,1.000000,1.000000,1.000000,1.000000,0,0,0,0
468,19,134,333,1.000000,1.000000,1.000000,1.000000,0,0,0,0
469,17,134,334,1.000000,1.000000,1.000000,1.000000,0,1,0,0
470,15,134,335,1.000000,1.000000,1.000000,1.000000,0,0,1,0
471,29,135,335,1.000000,1.000000,1.000000,1.000000,0,0,1,0
472,27,135,336,1.000000,1.000000,1.000000,1.000000,0,0,0,0
473,29,136,336,1.000000,1.000000,1.000000,1.000000,0,0,0,0
474,27,136,337,1.000000,1.000000,1.000000,1.000000,0,0,0,0
475,25,136,338,1.000000,1.000000,1.000000,1.000000,0,0,0,0
476,23,136,339,1.000000,1.000000,1.000000,1.000000,0,0,0,0
477,21,136,340,1.000000,1.000000,1.000000,1.000000,0,0,0,0
478,19,136,341,1.000000,1.000000,1.000000,1.000000,0,0,0,0
479,17,136,342,1.000000,1.000000,1.000000,1.000000,0,0,0,0
480,15,136,343,1.000000,1.000000,1.000000,1.000000,0,0,1,0
481,13,136,344,1.000000,1.000000,1.000000,1.000000,0,1,1,0
482,29,137,344,1.000000,1.000000,1.000000,1.000000,0,1,1,0
483,27,137,345,1.000000,1.000000,1.000000,1.000000,0,0,0,0
484,29,138,345,1.000000,1.000000,1.000000,1.000000,0,0,0,0
485,27,138,346,1.000000,1.000000,1.000000,1.000000,0,0,1,0
486,25,138,347,1.000000,1.000000,1.000000,1.000000,0,0,0,1
487,29,139,347,1.000000,1.000000,1.000000,1.000000,0,0,0,1
488,27,139,348,1.000000,1.000000,1.000000,1.000000,0,0,0,0
489,29,140,348,1.000000,1.000000,1.000000,1.000000,0,0,0,0
490,27,140,349,1.000000,1.000000,1.000000,1.000000,0,0,0,0
491,25,140,350,1.000000,1.000000,1.000000,1.000000,0,0,0,0
492,23,140,351,1.000000,1.000000,1.000000,1.000000,0,0,0,0
493,21,140,352,1.000000,1.000000,1.000000,1.000000,0,0,0,0
494,19,140,353,1.000000,1.000000,1.000000,1.000000,0,0,0,0
495,17,140,354,1.000000,1.000000,1.000000,1.000000,0,0,0,0
496,15,140,355,1.000000,1.000000,1.000000,1.000000,0,0,0,0
497,13,140,356,1.000000,1.000000,1.000000,1.000000,0,0,1,1
498,11,140,357,1.000000,1.000000,1.000000,1.000000,0,0,0,0
499,29,141,357,1.000000,1.000000,1.000000,1.000000,0,0,0,0
500,27,141,358,1.000000,1.000000,1.000000,1.000000,0,0,1,0
501,25,141,359,1.000000,1.000000,1.000000,1.000000,0,1,1,0
502,29,142,359,1.000000,1.000000,1.000000,1.000000,0,1,1,0
503,27,142,360,1.000000,1.000000,1.000000,1.000000,0,0,1,0
504,25,142,361,1.000000,1.000000,1.000000,1.000000,1,1,0,1
505,29,143,361,1.000000,1.000000,1.000000,1.000000,1,1,0,1
506,27,143,362,1.000000,1.000000,1.000000,1.000000,0,0,0,1
507,29,144,362,1.000000,1.000000,1.000000,1.000000,0,0,0,1
508,27,144,363,1.000000,1.000000,1.000000,1.000000,0,0,0,0
509,29,145,363,1.000000,1.000000,1.000000,1.000000,0,0,0,0
510,27,145,364,1.000000,1.000000,1.000000,1.000000,1,0,0,1
511,25,145,365,1.000000,1.000000,1.000000,1.000000,0,0,0,1
512,29,146,365,1.000000,1.000000,1.000000,1.000000,0,0,0,1
513,27,146,366,1.000000,1.000000,1.000000,1.000000,0,0,1,1
514,25,146,367,1.000000,1.000000,1.000000,1.000000,1,0,0,0
515,23,146,368,1.000000,1.000000,1.000000,1.000000,0,0,1,1
516,29,147,368,1.000000,1.000000,1.000000,1.000000,0,0,1,1
517,27,147,369,1.000000,1.000000,1.000000,1.000000,0,0,0,0
518,29,148,369,1.000000,1.000000,1.000000,1.000000,0,0,0,0
519,27,148,370,1.000000,1.000000,1.000000,1.000000,0,0,0,1
520,25,148,371,1.000000,1.000000,1.000000,1.000000,0,0,0,1
521,29,149,371,1.000000,1.000000,1.000000,1.000000,0,0,0,1
522,27,149,372,1.000000,1.000000,1.000000,1.000000,0,0,0,0
523,25,149,373,1.000000,1.000000,1.000000,1.000000,0,0,0,1
524,23,149,374,1.000000,1.000000,1.000000,1.000000,1,0,0,0
525,29,150,374,1.000000,1.000000,1.000000,1.000000,1,0,0,0
526,27,150,375,1.000000,1.000000,1.000000,1.000000,0,0,0,0
527,29,151,375,1.000000,1.000000,1.000000,1.000000,0,0,0,0
528,27,151,376,1.000000,1.000000,1.000000,1.000000,0,0,0,0
529,25,151,377,1.000000,1.000000,1.000000,1.000000,0,0,0,0
530,23,151,378,1.000000,1.000000,1.000000,1.000000,1,0,0,0
531,21,151,379,1.000000,1.000000,1.000000,1.000000,0,0,0,1
532,19,151,380,1.000000,1.000000,1.000000,1.000000,0,0,0,0
533,29,152,380,1.000000,1.000000,1.000000,1.000000,0,0,0,0
534,27,152,381,1.000000,1.000000,1.000000,1.000000,0,0,0,1
535,25,152,382,1.000000,1.000000,1.000000,1.000000,0,0,0,1
536,23,152,383,1.000000,1.000000,1.000000,1.000000,0,1,1,0
537,29,153,383,1.000000,1.000000,1.000000,1.000000,0,1,1,0
538,27,153,384,1.000000,1.000000,1.000000,1.000000,0,0,1,0
539,29,154,384,1.000000,1.000000,1.000000,1.000000,0,0,1,0
540,27,154,385,1.000000,1.000000,1.000000,1.000000,0,0,1,0
541,29,155,385,1.000000,1.000000,1.000000,1.000000,0,0,1,0
542,27,155,386,1.000000,1.000000,1.000000,1.000000,0,0,1,0
543,29,156,386,1.000000,1.000000,1.000000,1.000000,0,0,1,0
544,27,156,387,1.000000,1.000000,1.000000,1.000000,0,0,0,0
545,29,157,387,1.000000,1.000000,1.000000,1.000000,0,0,0,0
546,27,157,388,1.000000,1.000000,1.000000,1.000000,0,1,0,0
547,25,157,389,1.000000,1.000000,1.000000,1.000000,0,0,0,0
548,29,158,389,1.000000,1.000000,1.000000,1.000000,0,0,0,0
549,27,158,390,1.000000,1.000000,1.000000,1.000000,0,0,0,0
550,25,158,391,1.000000,1.000000,1.000000,1.000000,0,0,1,0
551,23,158,392,1.000000,1.000000,1.000000,1.000000,0,0,0,0
552,29,159,392,1.000000,1.000000,1.000000,1.000000,0,0,0,0
553,27,159,393,1.000000,1.000000,1.000000,1.000000,0,1,0,0
554,25,159,394,1.000000,1.000000,1.000000,1.000000,0,0,0,0
555,29,160,394,1.000000,1.000000,1.000000,1.000000,0,0,0,0
556,27,160,395,1.000000,1.000000,1.000000,1.000000,0,0,0,0
557,25,160,396,1.000000,1.000000,1.000000,1.000000,0,0,0,0
558,23,160,397,1.000000,1.000000,1.000000,1.000000,0,0,0,0
559,21,160,398,1.000000,1.000000,1.000000,1.000000,0,0,0,0
560,19,160,399,1.000000,1.000000,1.000000,1.000000,0,0,0,0
561,17,160,400,1.000000,1.000000,1.000000,1.000000,0,0,0,0
562,15,160,401,1.000000,1.000000,1.000000,1.000000,0,0,0,0
563,13,160,402,1.000000,1.000000,1.000000,1.000000,0,0,0,0
564,11,160,403,1.000000,1.000000,1.000000,1.000000,0,0,0,0
565,9,160,404,1.000000,1.000000,1.000000,1.000000,0,0,0,0
566,7,160,405,1.000000,1.000000,1.000000,1.000000,0,0,0,0
567,5,160,406,1.000000,1.000000,1.000000,1.000000,1,0,0,0
568,3,160,407,1.000000,1.000000,1.000000,1.000000,0,0,0,0
569,29,161,407,1.000000,1.000000,1.000000,1.000000,0,0,0,0
570,27,161,408,1.000000,1.000000,1.000000,1.000000,1,0,0,0
571,25,161,409,1.000000,1.000000,1.000000,1.000000,1,0,0,0
572,23,161,410,1.000000,1.000000,1.000000,1.000000,1,0,1,0
573,21,161,411,1.000000,1.000000,1.000000,1.000000,1,0,0,0
574,29,162,411,1.000000,1.000000,1.000000,1.000000,1,0,0,0
575,27,162,412,1.000000,1.000000,1.000000,1.000000,1,0,0,0
576,29,163,412,1.000000,1.000000,1.000000,1.000000,1,0,0,0
577,27,163,413,1.000000,1.000000,1.000000,1.000000,0,0,0,0
578,25,163,414,1.000000,1.000000,1.000000,1.000000,0,0,0,0
579,23,163,415,1.000000,1.000000,1.000000,1.000000,0,0,0,0
580,21,163,416,1.000000,1.000000,1.000000,1.000000,0,0,0,0
581,19,163,417,1.000000,1.000000,1.000000,1.000000,0,0,0,0
582,17,163,418,1.000000,1.000000,1.000000,1.000000,0,0,0,0
583,15,163,419,1.000000,1.000000,1.000000,1.000000,0,0,0,0
584,29,164,419,1.000000,1.000000,1.000000,1.000000,0,0,0,0
585,27,164,420,1.000000,1.000000,1.000000,1.000000,0,0,0,0
586,25,164,421,1.000000,1.000000,1.000000,1.000000,0,0,0,0
587,23,164,422,1.000000,1.000000,1.000000,1.000000,0,0,0,0
588,21,164,423,1.000000,1.000000,1.000000,1.000000,0,0,0,0
589,19,164,424,1.000000,1.000000,1.000000,1.000000,0,0,0,0
590,17,164,425,1.000000,1.000000,1.000000,1.000000,0,0,0,0
591,15,164,426,1.000000,1.000000,1.000000,1.000000,0,0,0,0
592,13,164,427,1.000000,1.000000,1.000000,1.000000,0,0,0,1
593,11,164,428,1.000000,1.000000,1.000000,1.000000,1,0,1,0
594,9,164,429,1.000000,1.000000,1.000000,1.000000,1,0,0,0
595,7,164,430,1.000000,1.000000,1.000000,1.000000,1,0,1,0
596,29,165,430,1.000000,1.000000,1.000000,1.000000,1,0,1,0
597,27,165,431,1.000000,1.000000,1.000000,1.000000,0,0,0,0
598,29,166,431,1.000000,1.000000,1.000000,1.000000,0,0,0,0
599,27,166,432,1.000000,1.000000,1.000000,1.000000,1,0,0,0
600,25,166,433,1.000000,1.000000,1.000000,1.000000,1,0,0,0
601,29,167,433,1.000000,1.000000,1.000000,1.000000,1,0,0,0
602,27,167,434,1.000000,1.000000,1.000000,1.000000,1,0,0,0
603,29,168,434,1.000000,1.000000,1.000000,1.000000,1,0,0,0
604,27,168,435,1.000000,1.000000,1.000000,1.000000,0,1,0,0
605,25,168,436,1.000000,1.000000,1.000000,1.000000,0,0,0,1
606,29,169,436,1.000000,1.000000,1.000000,1.000000,0,0,0,1
607,27,169,437,1.000000,1.000000,1.000000,1.000000,0,0,0,0
608,29,170,437,1.000000,1.000000,1.000000,1.000000,0,0,0,0
609,27,170,438,1.000000,1.000000,1.000000,1.000000,0,0,0,0
610,25,170,439,1.000000,1.000000,1.000000,1.000000,0,0,0,0
611,23,170,440,1.000000,1.000000,1.000000,1.000000,0,0,0,0
612,21,170,441,1.000000,1.000000,1.000000,1.000000,0,0,0,0
613,19,170,442,1.000000,1.000000,1.000000,1.000000,0,0,0,0
614,17,170,443,1.000000,1.000000,1.000000,1.000000,1,0,0,0
615,15,170,444,1.000000,1.000000,1.000000,1.000000,0,0,0,0
616,29,171,444,1.000000,1.000000,1.000000,1.000000,0,0,0,0
617,27,171,445,1.000000,1.000000,1.000000,1.000000,0,0,0,0
618,25,171,446,1.000000,1.000000,1.000000,1.000000,1,0,0,0
619,23,171,447,1.000000,1.000000,1.000000,1.000000,1,0,0,0
620,21,171,448,1.000000,1.000000,1.000000,1.000000,0,0,1,0
621,29,172,448,1.000000,1.000000,1.000000,1.000000,0,0,1,0
622,27,172,449,1.000000,1.000000,1.000000,1.000000,0,0,0,0
623,29,173,449,1.000000,1.000000,1.000000,1.000000,0,0,0,0
624,27,173,450,1.000000,1.000000,1.000000,1.000000,0,1,0,0
625,25,173,451,1.000000,1.000000,1.000000,1.000000,0,0,1,0
626,29,174,451,1.000000,1.000000,1.000000,1.000000,0,0,1,0
627,27,174,452,1.000000,1.000000,1.000000,1.000000,0,1,0,0
628,25,174,453,1.000000,1.000000,1.000000,1.000000,0,1,0,1
629,23,174,454,1.000000,1.000000,1.000000,1.000000,0,1,1,1
630,29,175,454,1.000000,1.000000,1.000000,1.000000,0,1,1,1
631,27,175,455,1.000000,1.000000,1.000000,1.000000,0,0,0,0
632,29,176,455,1.000000,1.000000,1.000000,1.000000,0,0,0,0
633,27,176,456,1.000000,1.000000,1.000000,1.000000,1,1,1,0
634,25,176,457,1.000000,1.000000,1.000000,1.000000,0,1,1,0
635,29,177,457,1.000000,1.000000,1.000000,1.000000,0,1,1,0
636,27,177,458,1.000000,1.000000,1.000000,1.000000,0,1,0,1
637,29,178,458,1.000000,1.000000,1.000000,1.000000,0,1,0,1
638,27,178,459,1.000000,1.000000,1.000000,1.000000,1,1,0,0
639,29,179,459,1.000000,1.000000,1.000000,1.000000,1,1,0,0
640,27,179,460,1.000000,1.000000,1.000000,1.000000,0,0,0,0
641,29,180,460,1.000000,1.000000,1.000000,1.000000,0,0,0,0
642,27,180,461,1.000000,1.000000,1.000000,1.000000,1,0,0,0
643,25,180,462,1.000000,1.000000,1.000000,1.000000,0,0,0,0
644,29,181,462,1.000000,1.000000,1.000000,1.000000,0,0,0,0
645,27,181,463,1.000000,1.000000,1.000000,1.000000,0,0,0,0
646,25,181,464,1.000000,1.000000,1.000000,1.000000,1,0,1,1
647,23,181,465,1.000000,1.000000,1.000000,1.000000,0,0,0,1
648,29,182,465,1.000000,1.000000,1.000000,1.000000,0,0,0,1
649,27,182,466,1.000000,1.000000,1.000000,1.000000,0,0,1,1
650,25,182,467,1.000000,1.000000,1.000000,1.000000,1,0,0,0
651,29,183,467,1.000000,1.000000,1.000000,1.000000,1,0,0,0
652,27,183,468,1.000000,1.000000,1.000000,1.000000,0,0,0,1
653,29,184,468,1.000000,1.000000,1.000000,1.000000,0,0,0,1
654,27,184,469,1.000000,1.000000,1.000000,1.000000,0,0,0,1
655,29,185,469,1.000000,1.000000,1.000000,1.000000,0,0,0,1
656,27,185,470,1.000000,1.000000,1.000000,1.000000,1,0,0,0
657,29,186,470,1.000000,1.000000,1.000000,1.000000,1,0,0,0
658,27,186,471,1.000000,1.000000,1.000000,1.000000,0,0,0,0
659,29,187,471,1.000000,1.000000,1.000000,1.000000,0,0,0,0
660,27,187,472,1.000000,1.000000,1.000000,1.000000,0,0,0,1
661,25,187,473,1.000000,1.000000,1.000000,1.000000,1,0,0,0
662,29,188,473,1.000000,1.000000,1.000000,1.000000,1,0,0,0
663,27,188,474,1.000000,1.000000,1.000000,1.000000,0,0,0,0
664,29,189,474,1.000000,1.000000,1.000000,1.000000,0,0,0,0
665,27,189,475,1.000000,1.000000,1.000000,1.000000,0,0,0,0
666,25,189,476,1.000000,1.000000,1.000000,1.000000,0,0,0,0
667,23,189,477,1.000000,1.000000,1.000000,1.000000,0,0,0,0
668,21,189,478,1.000000,1.000000,1.000000,1.000000,0,0,0,0
669,19,189,479,1.000000,1.000000,1.000000,1.000000,0,0,0,0
670,17,189,480,1.000000,1.000000,1.000000,1.000000,1,1,0,0
671,15,189,481,1.000000,1.000000,1.000000,1.000000,1,0,0,0
672,13,189,482,1.000000,1.000000,1.000000,1.000000,0,0,1,1
673,29,190,482,1.000000,1.000000,1.000000,1.000000,0,0,1,1
674,27,190,483,1.000000,1.000000,1.000000,1.000000,0,0,0,0
675,29,191,483,1.000000,1.000000,1.000000,1.000000,0,0,0,0
676,27,191,484,1.000000,1.000000,1.000000,1.000000,0,0,1,0
677,25,191,485,1.000000,1.000000,1.000000,1.000000,0,0,0,0
678,29,192,485,1.000000,1.000000,1.000000,1.000000,0,0,0,0
679,27,192,486,1.000000,1.000000,1.000000,1.000000,0,0,0,0
680,25,192,487,1.000000,1.000000,1.000000,1.000000,0,0,0,0
681,23,192,488,1.000000,1.000000,1.000000,1.000000,0,0,0,0
682,21,192,489,1.000000,1.000000,1.000000,1.000000,0,0,0,0
683,19,192,490,1.000000,1.000000,1.000000,1.000000,0,0,0,0
684,17,192,491,1.000000,1.000000,1.000000,1.000000,1,0,0,0
685,15,192,492,1.000000,1.000000,1.000000,1.000000,1,0,0,0
686,29,193,492,1.000000,1.000000,1.000000,1.000000,1,0,0,0
687,27,193,493,1.000000,1.000000,1.000000,1.000000,0,0,0,0
688,29,194,493,1.000000,1.000000,1.000000,1.000000,0,0,0,0
689,27,194,494,1.000000,1.000000,1.000000,1.000000,0,0,0,0
690,25,194,495,1.000000,1.000000,1.000000,1.000000,0,0,0,0
691,23,194,496,1.000000,1.000000,1.000000,1.000000,0,0,0,0
692,21,194,497,1.000000,1.000000,1.000000,1.000000,0,0,0,0
693,19,194,498,1.000000,1.000000,1.000000,1.000000,0,0,0,1
694,17,194,499,1.000000,1.000000,1.000000,1.000000,1,0,0,1
695,29,195,499,1.000000,1.000000,1.000000,1.000000,1,0,0,1
696,27,195,500,1.000000,1.000000,1.000000,1.000000,0,0,0,1
697,29,196,500,1.000000,1.000000,1.000000,1.000000,0,0,0,1
698,27,196,501,1.000000,1.000000,1.000000,1.000000,1,0,1,0
699,29,197,501,1.000000,1.000000,1.000000,1.000000,1,0,1,0
700,27,197,502,1.000000,1.000000,1.000000,1.000000,0,0,0,0
701,29,198,502,1.000000,1.000000,1.000000,1.000000,0,0,0,0
702,27,198,503,1.000000,1.000000,1.000000,1.000000,0,0,0,1
703,25,198,504,1.000000,1.000000,1.000000,1.000000,1,0,0,0
704,29,199,504,1.000000,1.000000,1.000000,1.000000,1,0,0,0
705,27,199,505,1.000000,1.000000,1.000000,1.000000,0,0,0,0
706,29,200,505,1.000000,1.000000,1.000000,1.000000,0,0,0,0
707,27,200,506,1.000000,1.000000,1.000000,1.000000,0,0,0,0
708,25,200,507,1.000000,1.000000,1.000000,1.000000,0,0,0,1
709,23,200,508,1.000000,1.000000,1.000000,1.000000,0,0,1,0
710,29,201,508,1.000000,1.000000,1.000000,1.000000,0,0,1,0
711,27,201,509,1.000000,1.000000,1.000000,1.000000,0,0,0,0
712,29,202,509,1.000000,1.000000,1.000000,1.000000,0,0,0,0
713,27,202,510,1.000000,1.000000,1.000000,1.000000,0,0,0,0
714,25,202,511,1.000000,1.000000,1.000000,1.000000,0,0,0,0
715,23,202,512,1.000000,1.000000,1.000000,1.000000,1,1,0,0
716,21,202,513,1.000000,1.000000,1.000000,1.000000,0,0,0,0
717,29,203,513,1.000000,1.000000,1.000000,1.000000,0,0,0,0
718,27,203,514,1.000000,1.000000,1.000000,1.000000,1,0,0,0
719,25,203,515,1.000000,1.000000,1.000000,1.000000,0,0,0,1
720,29,204,515,1.000000,1.000000,1.000000,1.000000,0,0,0,1
721,27,204,516,1.000000,1.000000,1.000000,1.000000,0,0,0,0
722,29,205,516,1.000000,1.000000,1.000000,1.000000,0,0,0,0
723,27,205,517,1.000000,1.000000,1.000000,1.000000,1,0,1,0
724,25,205,518,1.000000,1.000000,1.000000,1.000000,0,0,0,1
725,23,205,519,1.000000,1.000000,1.000000,1.000000,0,1,0,0
726,21,205,520,1.000000,1.000000,1.000000,1.000000,0,0,0,1
727,29,206,520,1.000000,1.000000,1.000000,1.000000,0,0,0,1
728,27,206,521,1.000000,1.000000,1.000000,1.000000,0,0,0,0
729,29,207,521,1.000000,1.000000,1.000000,1.000000,0,0,0,0
730,27,207,522,1.000000,1.000000,1.000000,1.000000,0,0,0,0
731,25,207,523,1.000000,1.000000,1.000000,1.000000,0,0,0,0
732,23,207,524,1.000000,1.000000,1.000000,1.000000,0,0,0,0
733,21,207,525,1.000000,1.000000,1.000000,1.000000,0,0,0,1
734,19,207,526,1.000000,1.000000,1.000000,1.000000,0,0,0,0
735,17,207,527,1.000000,1.000000,1.000000,1.000000,1,0,0,1
736,15,207,528,1.000000,1.000000,1.000000,1.000000,0,0,0,0
737,29,208,528,1.000000,1.000000,1.000000,1.000000,0,0,0,0
738,27,208,529,1.000000,1.000000,1.000000,1.000000,1,0,0,1
739,25,208,530,1.000000,1.000000,1.000000,1.000000,1,0,0,0
740,29,209,530,1.000000,1.000000,1.000000,1.000000,1,0,0,0
741,27,209,531,1.000000,1.000000,1.000000,1.000000,0,0,0,0
742,29,210,531,1.000000,1.000000,1.000000,1.000000,0,0,0,0
743,27,210,532,1.000000,1.000000,1.000000,1.000000,0,0,0,0
744,25,210,533,1.000000,1.000000,1.000000,1.000000,0,0,0,1
745,23,210,534,1.000000,1.000000,1.000000,1.000000,0,0,0,0
746,29,211,534,1.000000,1.000000,1.000000,1.000000,0,0,0,0
747,27,211,535,1.000000,1.000000,1.000000,1.000000,0,0,1,0
748,25,211,536,1.000000,1.000000,1.000000,1.000000,0,0,1,0
749,29,212,536,1.000000,1.000000,1.000000,1.000000,0,0,1,0
750,27,212,537,1.000000,1.000000,1.000000,1.000000,0,0,0,0
751,25,212,538,1.000000,1.000000,1.000000,1.000000,0,0,0,0
752,29,213,538,1.000000,1.000000,1.000000,1.000000,0,0,0,0
753,27,213,539,1.000000,1.000000,1.000000,1.000000,0,0,0,0
754,25,213,540,1.000000,1.000000,1.000000,1.000000,0,0,0,0
755,23,213,541,1.000000,1.000000,1.000000,1.000000,0,0,0,0
756,21,213,542,1.000000,1.000000,1.000000,1.000000,0,0,0,0
757,19,213,543,1.000000,1.000000,1.000000,1.000000,1,0,0,0
758,17,213,544,1.000000,1.000000,1.000000,1.000000,0,0,0,0
759,15,213,545,1.000000,1.000000,1.000000,1.000000,1,0,0,0
760,13,213,546,1.000000,1.000000,1.000000,1.000000,1,0,0,0
761,29,214,546,1.000000,1.000000,1.000000,1.000000,1,0,0,0
762,27,214,547,1.000000,1.000000,1.000000,1.000000,0,0,1,1
763,25,214,548,1.000000,1.000000,1.000000,1.000000,0,0,0,0
764,29,215,548,1.000000,1.000000,1.000000,1.000000,0,0,0,0
765,27,215,549,1.000000,1.000000,1.000000,1.000000,1,0,0,0
766,25,215,550,1.000000,1.000000,1.000000,1.000000,1,1,0,0
767,29,216,550,1.000000,1.000000,1.000000,1.000000,1,1,0,0
768,27,216,551,1.000000,1.000000,1.000000,1.000000,1,1,0,0
769,29,217,551,1.000000,1.000000,1.000000,1.000000,1,1,0,0
770,27,217,552,1.000000,1.000000,1.000000,1.000000,1,0,1,0
771,29,218,552,1.000000,1.000000,1.000000,1.000000,1,0,1,0
772,27,218,553,1.000000,1.000000,1.000000,1.000000,0,0,0,0
773,29,219,553,1.000000,1.000000,1.000000,1.000000,0,0,0,0
774,27,219,554,1.000000,1.000000,1.000000,1.000000,0,0,1,0
775,25,219,555,1.000000,1.000000,1.000000,1.000000,0,0,0,0
776,23,219,556,1.000000,1.000000,1.000000,1.000000,0,1,0,0
777,21,219,557,1.000000,1.000000,1.000000,1.000000,0,0,1,0
778,29,220,557,1.000000,1.000000,1.000000,1.000000,0,0,1,0
779,27,220,558,1.000000,1.000000,1.000000,1.000000,0,0,0,0
780,29,221,558,1.000000,1.000000,1.000000,1.000000,0,0,0,0
781,27,221,559,1.000000,1.000000,1.000000,1.000000,0,0,1,1
782,25,221,560,1.000000,1.000000,1.000000,1.000000,0,0,0,0
783,29,222,560,1.000000,1.000000,1.000000,1.000000,0,0,0,0
784,27,222,561,1.000000,1.000000,1.000000,1.000000,0,0,0,1
785,25,222,562,1.000000,1.000000,1.000000,1.000000,0,0,0,0
786,23,222,563,1.000000,1.000000,1.000000,1.000000,0,0,0,1
787,21,222,564,1.000000,1.000000,1.000000,1.000000,0,0,1,0
788,29,223,564,1.000000,1.000000,1.000000,1.000000,0,0,1,0
789,27,223,565,1.000000,1.000000,1.000000,1.000000,0,0,1,0
790,25,223,566,1.000000,1.000000,1.000000,1.000000,0,1,0,0
791,29,224,566,1.000000,1.000000,1.000000,1.000000,0,1,0,0
792,27,224,567,1.000000,1.000000,1.000000,1.000000,0,0,1,0
793,29,225,567,1.000000,1.000000,1.000000,1.000000,0,0,1,0
794,27,225,568,1.000000,1.000000,1.000000,1.000000,0,0,0,0
795,29,226,568,1.000000,1.000000,1.000000,1.000000,0,0,0,0
796,27,226,569,1.000000,1.000000,1.000000,1.000000,0,0,0,0
797,25,226,570,1.000000,1.000000,1.000000,1.000000,0,0,0,0
798,23,226,571,1.000000,1.000000,1.000000,1.000000,0,0,0,0
799,21,226,572,1.000000,1.000000,1.000000,1.000000,0,1,0,0
800,19,226,573,1.000000,1.000000,1.000000,1.000000,0,0,1,0
801,29,227,573,1.000000,1.000000,1.000000,1.000000,0,0,1,0
802,27,227,574,1.000000,1.000000,1.000000,1.000000,0,1,0,0
803,25,227,575,1.000000,1.000000,1.000000,1.000000,0,1,1,1
804,29,228,575,1.000000,1.000000,1.000000,1.000000,0,1,1,1
805,27,228,576,1.000000,1.000000,1.000000,1.000000,0,0,0,0
806,29,229,576,1.000000,1.000000,1.000000,1.000000,0,0,0,0
807,27,229,577,1.000000,1.000000,1.000000,1.000000,0,0,0,0
808,25,229,578,1.000000,1.000000,1.000000,1.000000,0,0,0,0
809,23,229,579,1.000000,1.000000,1.000000,1.000000,0,0,0,0
810,21,229,580,1.000000,1.000000,1.000000,1.000000,0,0,0,0
811,19,229,581,1.000000,1.000000,1.000000,1.000000,0,0,0,0
812,17,229,582,1.000000,1.000000,1.000000,1.000000,0,0,0,0
813,15,229,583,1.000000,1.000000,1.000000,1.000000,0,0,0,0
814,13,229,584,1.000000,1.000000,1.000000,1.000000,0,0,0,0
815,11,229,585,1.000000,1.000000,1.000000,1.000000,0,0,0,0
816,29,230,585,1.000000,1.000000,1.000000,1.000000,0,0,0,0
817,27,230,586,1.000000,1.000000,1.000000,1.000000,0,0,0,0
818,25,230,587,1.000000,1.000000,1.000000,1.000000,0,0,0,1
819,23,230,588,1.000000,1.000000,1.000000,1.000000,0,1,0,0
820,21,230,589,1.000000,1.000000,1.000000,1.000000,0,1,0,0
821,29,231,589,1.000000,1.000000,1.000000,1.000000,0,1,0,0
822,27,231,590,1.000000,1.000000,1.000000,1.000000,0,0,0,0
823,29,232,590,1.000000,1.000000,1.000000,1.000000,0,0,0,0
824,27,232,591,1.000000,1.000000,1.000000,1.000000,1,0,0,0
825,25,232,592,1.000000,1.000000,1.000000,1.000000,0,1,0,0
826,29,233,592,1.000000,1.000000,1.000000,1.000000,0,1,0,0
827,27,233,593,1.000000,1.000000,1.000000,1.000000,0,0,0,0
828,29,234,593,1.000000,1.000000,1.000000,1.000000,0,0,0,0
829,27,234,594,1.000000,1.000000,1.000000,1.000000,0,1,0,0
830,25,234,595,1.000000,1.000000,1.000000,1.000000,0,0,0,0
831,29,235,595,1.000000,1.000000,1.000000,1.000000,0,0,0,0
832,27,235,596,1.000000,1.000000,1.000000,1.000000,0,0,1,0
833,25,235,597,1.000000,1.000000,1.000000,1.000000,0,0,1,0
834,23,235,598,1.000000,1.000000,1.000000,1.000000,1,0,0,0
835,29,236,598,1.000000,1.000000,1.000000,1.000000,1,0,0,0
836,27,236,599,1.000000,1.000000,1.000000,1.000000,0,0,0,0
837,29,237,599,1.000000,1.000000,1.000000,1.000000,0,0,0,0
838,27,237,600,1.000000,1.000000,1.000000,1.000000,0,0,0,0
839,25,237,601,1.000000,1.000000,1.000000,1.000000,0,0,0,1
840,23,237,602,1.000000,1.000000,1.000000,1.000000,0,0,1,0
841,29,238,602,1.000000,1.000000,1.000000,1.000000,0,0,1,0
842,27,238,603,1.000000,1.000000,1.000000,1.000000,0,0,0,0
843,29,239,603,1.000000,1.000000,1.000000,1.000000,0,0,0,0
844,27,239,604,1.000000,1.000000,1.000000,1.000000,0,0,0,1
845,25,239,605,1.000000,1.000000,1.000000,1.000000,0,0,1,0
846,29,240,605,1.000000,1.000000,1.000000,1.000000,0,0,1,0
847,27,240,606,1.000000,1.000000,1.000000,1.000000,0,0,1,1
848,29,241,606,1.000000,1.000000,1.000000,1.000000,0,0,1,1
849,27,241,607,1.000000,1.000000,1.000000,1.000000,0,0,1,1
850,29,242,607,1.000000,1.000000,1.000000,1.000000,0,0,1,1
851,27,242,608,1.000000,1.000000,1.000000,1.000000,0,1,0,0
852,25,242,609,1.000000,1.000000,1.000000,1.000000,0,0,1,1
853,23,242,610,1.000000,1.000000,1.000000,1.000000,1,1,0,0
854,21,242,611,1.000000,1.000000,1.000000,1.000000,0,1,0,1
855,29,243,611,1.000000,1.000000,1.000000,1.000000,0,1,0,1
856,27,243,612,1.000000,1.000000,1.000000,1.000000,1,0,0,0
857,25,243,613,1.000000,1.000000,1.000000,1.000000,0,0,1,1
858,29,244,613,1.000000,1.000000,1.000000,1.000000,0,0,1,1
859,27,244,614,1.000000,1.000000,1.000000,1.000000,0,0,0,0
860,29,245,614,1.000000,1.000000,1.000000,1.000000,0,0,0,0
861,27,245,615,1.000000,1.000000,1.000000,1.000000,0,0,0,1
862,25,245,616,1.000000,1.000000,1.000000,1.000000,0,0,0,0
863,29,246,616,1.000000,1.000000,1.000000,1.000000,0,0,0,0
864,27,246,617,1.000000,1.000000,1.000000,1.000000,0,1,0,1
865,29,247,617,1.000000,1.000000,1.000000,1.000000,0,1,0,1
866,27,247,618,1.000000,1.000000,1.000000,1.000000,1,0,0,0
867,29,248,618,1.000000,1.000000,1.000000,1.000000,1,0,0,0
868,27,248,619,1.000000,1.000000,1.000000,1.000000,0,0,0,0
869,29,249,619,1.000000,1.000000,1.000000,1.000000,0,0,0,0
870,27,249,620,1.000000,1.000000,1.000000,1.000000,0,0,0,0
871,25,249,621,1.000000,1.000000,1.000000,1.000000,0,1,0,0
872,23,249,622,1.000000,1.000000,1.000000,1.000000,1,0,1,0
873,21,249,623,1.000000,1.000000,1.000000,1.000000,0,0,1,0
874,29,250,623,1.000000,1.000000,1.000000,1.000000,0,0,1,0
875,27,250,624,1.000000,1.000000,1.000000,1.000000,0,0,1,0
876,29,251,624,1.000000,1.000000,1.000000,1.000000,0,0,1,0
877,27,251,625,1.000000,1.000000,1.000000,1.000000,0,0,1,1
878,29,252,625,1.000000,1.000000,1.000000,1.000000,0,0,1,1
879,27,252,626,1.000000,1.000000,1.000000,1.000000,1,0,0,0
880,29,253,626,1.000000,1.000000,1.000000,1.000000,1,0,0,0
881,27,253,627,1.000000,1.000000,1.000000,1.000000,0,0,0,1
882,29,254,627,1.000000,1.000000,1.000000,1.000000,0,0,0,1
883,27,254,628,1.000000,1.000000,1.000000,1.000000,1,0,0,0
884,29,255,628,1.000000,1.000000,1.000000,1.000000,1,0,0,0
885,27,255,629,1.000000,1.000000,1.000000,1.000000,0,0,0,0
886,29,256,629,1.000000,1.000000,1.000000,1.000000,0,0,0,0
887,27,256,630,1.000000,1.000000,1.000000,1.000000,0,0,0,0
888,25,256,631,1.000000,1.000000,1.000000,1.000000,0,0,0,0
889,23,256,632,1.000000,1.000000,1.000000,1.000000,0,0,0,0
890,21,256,633,1.000000,1.000000,1.000000,1.000000,1,0,0,1
891,19,256,634,1.000000,1.000000,1.000000,1.000000,0,0,0,0
892,29,257,634,1.000000,1.000000,1.000000,1.000000,0,0,0,0
893,27,257,635,1.000000,1.000000,1.000000,1.000000,1,0,0,1
894,25,257,636,1.000000,1.000000,1.000000,1.000000,1,0,0,0
895,29,258,636,1.000000,1.000000,1.000000,1.000000,1,0,0,0
896,27,258,637,1.000000,1.000000,1.000000,1.000000,0,0,0,0
897,29,259,637,1.000000,1.000000,1.000000,1.000000,0,0,0,0
898,27,259,638,1.000000,1.000000,1.000000,1.000000,0,0,0,0
899,25,259,639,1.000000,1.000000,1.000000,1.000000,0,0,1,1
900,23,259,640,1.000000,1.000000,1.000000,1.000000,0,0,0,0
901,29,260,640,1.000000,1.000000,1.000000,1.000000,0,0,0,0
902,27,260,641,1.000000,1.000000,1.000000,1.000000,0,0,1,0
903,25,260,642,1.000000,1.000000,1.000000,1.000000,0,0,1,0
904,29,261,642,1.000000,1.000000,1.000000,1.000000,0,0,1,0
905,27,261,643,1.000000,1.000000,1.000000,1.000000,0,0,1,1
906,29,262,643,1.000000,1.000000,1.000000,1.000000,0,0,1,1
907,27,262,644,1.000000,1.000000,1.000000,1.000000,0,0,0,0
908,29,263,644,1.000000,1.000000,1.000000,1.000000,0,0,0,0
909,27,263,645,1.000000,1.000000,1.000000,1.000000,0,0,0,0
910,25,263,646,1.000000,1.000000,1.000000,1.000000,0,0,1,1
911,23,263,647,1.000000,1.000000,1.000000,1.000000,0,0,0,1
912,29,264,647,1.000000,1.000000,1.000000,1.000000,0,0,0,1
913,27,264,648,1.000000,1.000000,1.000000,1.000000,1,0,1,0
914,25,264,649,1.000000,1.000000,1.000000,1.000000,1,0,0,0
915,29,265,649,1.000000,1.000000,1.000000,1.000000,1,0,0,0
916,27,265,650,1.000000,1.000000,1.000000,1.000000,1,0,0,0
917,29,266,650,1.000000,1.000000,1.000000,1.000000,1,0,0,0
918,27,266,651,1.000000,1.000000,1.000000,1.000000,0,0,0,0
919,29,267,651,1.000000,1.000000,1.000000,1.000000,0,0,0,0
920,27,267,652,1.000000,1.000000,1.000000,1.000000,0,0,0,0
921,25,267,653,1.000000,1.000000,1.000000,1.000000,0,0,0,0
922,23,267,654,1.000000,1.000000,1.000000,1.000000,0,0,1,0
923,21,267,655,1.000000,1.000000,1.000000,1.000000,0,1,0,0
924,29,268,655,1.000000,1.000000,1.000000,1.000000,0,1,0,0
925,27,268,656,1.000000,1.000000,1.000000,1.000000,0,0,0,0
926,29,269,656,1.000000,1.000000,1.000000,1.000000,0,0,0,0
927,27,269,657,1.000000,1.000000,1.000000,1.000000,0,0,0,0
928,25,269,658,1.000000,1.000000,1.000000,1.000000,0,0,0,0
929,23,269,659,1.000000,1.000000,1.000000,1.000000,0,0,0,0
930,21,269,660,1.000000,1.000000,1.000000,1.000000,1,0,0,0
931,19,269,661,1.000000,1.000000,1.000000,1.000000,1,0,0,0
932,29,270,661,1.000000,1.000000,1.000000,1.000000,1,0,0,0
933,27,270,662,1.000000,1.000000,1.000000,1.000000,1,1,0,0
934,29,271,662,1.000000,1.000000,1.000000,1.000000,1,1,0,0
935,27,271,663,1.000000,1.000000,1.000000,1.000000,0,0,0,0
936,29,272,663,1.000000,1.000000,1.000000,1.000000,0,0,0,0
937,27,272,664,1.000000,1.000000,1.000000,1.000000,0,0,0,0
938,25,272,665,1.000000,1.000000,1.000000,1.000000,0,0,0,1
939,23,272,666,1.000000,1.000000,1.000000,1.000000,0,0,0,0
940,29,273,666,1.000000,1.000000,1.000000,1.000000,0,0,0,0
941,27,273,667,1.000000,1.000000,1.000000,1.000000,0,0,0,1
942,25,273,668,1.000000,1.000000,1.000000,1.000000,0,0,0,0
943,29,274,668,1.000000,1.000000,1.000000,1.000000,0,0,0,0
944,27,274,669,1.000000,1.000000,1.000000,1.000000,1,0,0,0
945,25,274,670,1.000000,1.000000,1.000000,1.000000,0,0,0,0
946,29,275,670,1.000000,1.000000,1.000000,1.000000,0,0,0,0
947,27,275,671,1.000000,1.000000,1.000000,1.000000,1,0,0,0
948,25,275,672,1.000000,1.000000,1.000000,1.000000,0,0,0,0
949,23,275,673,1.000000,1.000000,1.000000,1.000000,0,0,0,0
950,21,275,674,1.000000,1.000000,1.000000,1.000000,1,1,0,0
951,19,275,675,1.000000,1.000000,1.000000,1.000000,0,0,0,0
952,29,276,675,1.000000,1.000000,1.000000,1.000000,0,0,0,0
953,27,276,676,1.000000,1.000000,1.000000,1.000000,1,0,0,0
954,25,276,677,1.000000,1.000000,1.000000,1.000000,0,0,0,0
955,29,277,677,1.000000,1.000000,1.000000,1.000000,0,0,0,0
956,27,277,678,1.000000,1.000000,1.000000,1.000000,1,0,0,1
957,25,277,679,1.000000,1.000000,1.000000,1.000000,0,0,0,0
958,29,278,679,1.000000,1.000000,1.000000,1.000000,0,0,0,0
959,27,278,680,1.000000,1.000000,1.000000,1.000000,0,1,0,1
960,25,278,681,1.000000,1.000000,1.000000,1.000000,0,0,0,0
961,29,279,681,1.000000,1.000000,1.000000,1.000000,0,0,0,0
962,27,279,682,1.000000,1.000000,1.000000,1.000000,0,0,0,0
963,25,279,683,1.000000,1.000000,1.000000,1.000000,0,1,0,0
964,23,279,684,1.000000,1.000000,1.000000,1.000000,1,1,0,0
965,29,280,684,1.000000,1.000000,1.000000,1.000000,1,1,0,0
966,27,280,685,1.000000,1.000000,1.000000,1.000000,1,0,0,0
967,29,281,685,1.000000,1.000000,1.000000,1.000000,1,0,0,0
968,27,281,686,1.000000,1.000000,1.000000,1.000000,0,0,1,0
969,25,281,687,1.000000,1.000000,1.000000,1.000000,0,0,1,0
970,29,282,687,1.000000,1.000000,1.000000,1.000000,0,0,1,0
971,27,282,688,1.000000,1.000000,1.000000,1.000000,0,0,0,0
972,29,283,688,1.000000,1.000000,1.000000,1.000000,0,0,0,0
973,27,283,689,1.000000,1.000000,1.000000,1.000000,0,0,0,0
974,25,283,690,1.000000,1.000000,1.000000,1.000000,0,0,0,0
975,23,283,691,1.000000,1.000000,1.000000,1.000000,1,0,0,0
976,21,283,692,1.000000,1.000000,1.000000,1.000000,1,0,0,1
977,29,284,692,1.000000,1.000000,1.000000,1.000000,1,0,0,1
978,27,284,693,1.000000,1.000000,1.000000,1.000000,1,0,0,0
979,29,285,693,1.000000,1.000000,1.000000,1.000000,1,0,1,0
980,27,285,694,1.000000,1.000000,1.000000,1.000000,0,1,0,0
981,29,286,694,1.000000,1.000000,1.000000,1.000000,0,1,0,0
982,27,286,695,1.000000,1.000000,1.000000,1.000000,0,0,0,0
983,29,287,695,1.000000,1.000000,1.000000,1.000000,0,0,0,0
984,27,287,696,1.000000,1.000000,1.000000,1.000000,0,0,0,0
985,25,287,697,1.000000,1.000000,1.000000,1.000000,1,0,0,0
986,23,287,698,1.000000,1.000000,1.000000,1.000000,1,0,0,1
987,29,288,698,1.000000,1.000000,1.000000,1.000000,1,0,0,1
988,27,288,699,1.000000,1.000000,1.000000,1.000000,0,0,0,0
989,29,289,699,1.000000,1.000000,1.000000,1.000000,0,0,0,0
990,27,289,700,1.000000,1.000000,1.000000,1.000000,0,0,0,0
991,25,289,701,1.000000,1.000000,1.000000,1.000000,0,0,1,0
992,23,289,702,1.000000,1.000000,1.000000,1.000000,0,0,0,1
993,29,290,702,1.000000,1.000000,1.000000,1.000000,0,0,0,1
994,27,290,703,1.000000,1.000000,1.000000,1.000000,0,0,0,0
995,29,291,703,1.000000,1.000000,1.000000,1.000000,0,0,0,0
996,27,291,704,1.000000,1.000000,1.000000,1.000000,0,0,1,0
997,25,291,705,1.000000,1.000000,1.000000,1.000000,0,1,0,0
998,23,291,706,1.000000,1.000000,1.000000,1.000000,0,1,1,0
999,21,291,707,1.000000,1.000000,1.000000,1.000000,1,1,1,0
1000,29,292,707,1.000000,1.000000,1.000000,1.000000,1,1,1,0
1001,27,292,708,1.000000,1.000000,1.000000,1.000000,0,1,0,0
1002,29,293,708,1.000000,1.000000,1.000000,1.000000,0,1,0,0
1003,27,293,709,1.000000,1.000000,1.000000,1.000000,1,1,0,0
1004,25,293,710,1.000000,1.000000,1.000000,1.000000,1,0,1,0
1005,29,294,710,1.000000,1.000000,1.000000,1.000000,1,0,1,0
1006,27,294,711,1.000000,1.000000,1.000000,1.000000,0,0,0,1
1007,29,295,711,1.000000,1.000000,1.000000,1.000000,0,0,0,1
1008,27,295,712,1.000000,1.000000,1.000000,1.000000,0,0,0,0
1009,29,296,712,1.000000,1.000000,1.000000,1.000000,0,0,0,0
1010,27,296,713,1.000000,1.000000,1.000000,1.000000,1,0,0,0
1011,25,296,714,1.000000,1.000000,1.000000,1.000000,1,0,1,0
1012,23,296,715,1.000000,1.000000,1.000000,1.000000,0,1,0,0
1013,29,297,715,1.000000,1.000000,1.000000,1.000000,0,1,0,0
1014,27,297,716,1.000000,1.000000,1.000000,1.000000,0,0,0,0
1015,29,298,716,1.000000,1.000000,1.000000,1.000000,0,0,0,0
1016,27,298,717,1.000000,1.000000,1.000000,1.000000,0,0,0,0
1017,25,298,718,1.000000,1.000000,1.000000,1.000000,0,0,0,0
1018,23,298,719,1.000000,1.000000,1.000000,1.000000,0,0,0,0
1019,21,298,720,1.000000,1.000000,1.000000,1.000000,0,0,0,0
1020,19,298,721,1.000000,1.000000,1.000000,1.000000,0,0,0,0
1021,17,298,722,1.000000,1.000000,1.000000,1.000000,1,0,0,0
1022,15,298,723,1.000000,1.000000,1.000000,1.000000,0,1,0,0
1023,29,299,723,1.000000,1.000000,1.000000,1.000000,0,1,0,0
1024,27,299,724,1.000000,1.000000,1.000000,1.000000,1,0,0,0
1025,25,299,725,1.000000,1.000000,1.000000,1.000000,1,0,1,0
1026,29,300,725,1.000000,1.000000,1.000000,1.000000,1,0,1,0
1027,27,300,726,1.000000,1.000000,1.000000,1.000000,0,0,0,0
1028,29,301,726,1.000000,1.000000,1.000000,1.000000,0,0,0,0
1029,27,301,727,1.000000,1.000000,1.000000,1.000000,0,0,1,0
1030,25,301,728,1.000000,1.000000,1.000000,1.000000,0,0,0,0
1031,29,302,728,1.000000,1.000000,1.000000,1.000000,0,0,0,0
1032,27,302,729,1.000000,1.000000,1.000000,1.000000,0,0,0,0
1033,25,302,730,1.000000,1.000000,1.000000,1.000000,0,0,0,0
1034,23,302,731,1.000000,1.000000,1.000000,1.000000,0,0,1,1
1035,21,302,732,1.000000,1.000000,1.000000,1.000000,0,1,1,0
1036,29,303,732,1.000000,1.000000,1.000000,1.000000,0,1,1,0
1037,27,303,733,1.000000,1.000000,1.000000,1.000000,0,1,1,0
1038,29,304,733,1.000000,1.000000,1.000000,1.000000,0,1,1,0
1039,27,304,734,1.000000,1.000000,1.000000,1.000000,0,1,0,0
1040,29,305,734,1.000000,1.000000,1.000000,1.000000,0,1,0,0
1041,27,305,735,1.000000,1.000000,1.000000,1.000000,1,0,0,0
1042,29,306,735,1.000000,1.000000,1.000000,1.000000,1,0,0,0
1043,27,306,736,1.000000,1.000000,1.000000,1.000000,1,0,0,0
1044,29,307,736,1.000000,1.000000,1.000000,1.000000,1,0,0,0
1045,27,307,737,1.000000,1.000000,1.000000,1.000000,0,0,0,0
1046,25,307,738,1.000000,1.000000,1.000000,1.000000,1,0,0,0
1047,23,307,739,1.000000,1.000000,1.000000,1.000000,0,0,0,0
1048,29,308,739,1.000000,1.000000,1.000000,1.000000,0,0,0,0
1049,27,308,740,1.000000,1.000000,1.000000,1.000000,0,0,0,0
1050,25,308,741,1.000000,1.000000,1.000000,1.000000,1,0,0,0
1051,23,308,742,1.000000,1.000000,1.000000,1.000000,0,0,0,0
1052,29,309,742,1.000000,1.000000,1.000000,1.000000,0,0,1,0
1053,27,309,743,1.000000,1.000000,1.000000,1.000000,0,0,0,0
1054,29,310,743,1.000000,1.000000,1.000000,1.000000,0,0,1,0
1055,27,310,744,1.000000,1.000000,1.000000,1.000000,0,0,0,0
1056,25,310,745,1.000000,1.000000,1.000000,1.000000,0,0,0,0
1057,23,310,746,1.000000,1.000000,1.000000,1.000000,0,0,0,0
1058,21,310,747,1.000000,1.000000,1.000000,1.000000,1,0,0,0
1059,19,310,748,1.000000,1.000000,1.000000,1.000000,0,0,0,1
1060,29,311,748,1.000000,1.000000,1.000000,1.000000,0,0,0,1
1061,27,311,749,1.000000,1.000000,1.000000,1.000000,0,0,0,0
1062,29,312,749,1.000000,1.000000,1.000000,1.000000,0,0,0,0
1063,27,312,750,1.000000,1.000000,1.000000,1.000000,0,0,0,0
1064,25,312,751,1.000000,1.000000,1.000000,1.000000,0,0,0,0
1065,23,312,752,1.000000,1.000000,1.000000,1.000000,0,0,0,0
1066,21,312,753,1.000000,1.000000,1.000000,1.000000,0,0,0,0
1067,19,312,754,1.000000,1.000000,1.000000,1.000000,0,0,0,0
1068,17,312,755,1.000000,1.000000,1.000000,1.000000,0,0,0,0
1069,15,312,756,1.000000,1.000000,1.000000,1.000000,0,0,0,0
1070,13,312,757,1.000000,1.000000,1.000000,1.000000,0,0,0,0
1071,11,312,758,1.000000,1.000000,1.000000,1.000000,0,1,1,1
1072,9,312,759,1.000000,1.000000,1.000000,1.000000,0,0,0,0
1073,29,313,759,1.000000,1.000000,1.000000,1.000000,0,0,0,0
1074,27,313,760,1.000000,1.000000,1.000000,1.000000,0,0,1,1
1075,25,313,761,1.000000,1.000000,1.000000,1.000000,0,0,0,0
1076,29,314,761,1.000000,1.000000,1.000000,1.000000,0,0,0,0
1077,27,314,762,1.000000,1.000000,1.000000,1.000000,0,0,0,1
1078,25,314,763,1.000000,1.000000,1.000000,1.000000,1,0,0,1
1079,23,314,764,1.000000,1.000000,1.000000,1.000000,0,0,1,1
1080,29,315,764,1.000000,1.000000,1.000000,1.000000,0,0,1,1
1081,27,315,765,1.000000,1.000000,1.000000,1.000000,0,0,0,0
1082,29,316,765,1.000000,1.000000,1.000000,1.000000,0,0,0,0
1083,27,316,766,1.000000,1.000000,1.000000,1.000000,0,0,0,1
1084,25,316,767,1.000000,1.000000,1.000000,1.000000,0,0,0,1
1085,29,317,767,1.000000,1.000000,1.000000,1.000000,0,0,0,1
1086,27,317,768,1.000000,1.000000,1.000000,1.000000,0,0,0,0
1087,29,318,768,1.000000,1.000000,1.000000,1.000000,0,0,0,0
1088,27,318,769,1.000000,1.000000,1.000000,1.000000,0,0,0,0
1089,25,318,770,1.000000,1.000000,1.000000,1.000000,0,0,0,0
1090,23,318,771,1.000000,1.000000,1.000000,1.000000,0,0,1,0
1091,21,318,772,1.000000,1.000000,1.000000,1.000000,0,0,0,0
1092,29,319,772,1.000000,1.000000,1.000000,1.000000,0,0,0,0
1093,27,319,773,1.000000,1.000000,1.000000,1.000000,0,0,0,0
1094,25,319,774,1.000000,1.000000,1.000000,1.000000,0,0,0,0
1095,23,319,775,1.000000,1.000000,1.000000,1.000000,0,0,0,0
1096,21,319,776,1.000000,1.000000,1.000000,1.000000,0,0,0,0
1097,19,319,777,1.000000,1.000000,1.000000,1.000000,0,0,0,0
1098,17,319,778,1.000000,1.000000,1.000000,1.000000,0,0,0,0
1099,15,319,779,1.000000,1.000000,1.000000,1.000000,0,0,0,0
1100,13,319,780,1.000000,1.000000,1.000000,1.000000,1,0,0,1
1101,11,319,781,1.000000,1.000000,1.000000,1.000000,0,0,0,0
1102,29,320,781,1.000000,1.000000,1.000000,1.000000,0,0,0,0
1103,27,320,782,1.000000,1.000000,1.000000,1.000000,0,1,0,0
1104,25,320,783,1.000000,1.000000,1.000000,1.000000,1,0,0,0
1105,29,321,783,1.000000,1.000000,1.000000,1.000000,1,0,0,0
1106,27,321,784,1.000000,1.000000,1.000000,1.000000,0,0,0,0
1107,29,322,784,1.000000,1.000000,1.000000,1.000000,0,0,0,0
1108,27,322,785,1.000000,1.000000,1.000000,1.000000,0,0,0,0
1109,25,322,786,1.000000,1.000000,1.000000,1.000000,0,0,0,0
1110,23,322,787,1.000000,1.000000,1.000000,1.000000,0,0,0,0
1111,21,322,788,1.000000,1.000000,1.000000,1.000000,0,0,0,0
1112,19,322,789,1.000000,1.000000,1.000000,1.000000,0,0,0,0
1113,17,322,790,1.000000,1.000000,1.000000,1.000000,0,0,0,0
1114,15,322,791,1.000000,1.000000,1.000000,1.000000,0,0,0,0
1115,13,322,792,1.000000,1.000000,1.000000,1.000000,0,0,0,0
1116,11,322,793,1.000000,1.000000,1.000000,1.000000,0,0,0,0
1117,9,322,794,1.000000,1.000000,1.000000,1.000000,0,0,0,0
1118,7,322,795,1.000000,1.000000,1.000000,1.000000,0,0,0,0
1119,5,322,796,1.000000,1.000000,1.000000,1.000000,0,0,0,1
1120,3,322,797,1.000000,1.000000,1.000000,1.000000,0,0,0,0
1121,29,323,797,1.000000,1.000000,1.000000,1.000000,1,0,0,0
1122,27,323,798,1.000000,1.000000,1.000000,1.000000,0,0,0,0
1123,29,324,798,1.000000,1.000000,1.000000,1.000000,0,0,0,0
1124,27,324,799,1.000000,1.000000,1.000000,1.000000,0,0,0,0
1125,25,324,800,1.000000,1.000000,1.000000,1.000000,0,0,0,0
1126,23,324,801,1.000000,1.000000,1.000000,1.000000,0,0,0,0
1127,21,324,802,1.000000,1.000000,1.000000,1.000000,0,0,0,0
1128,19,324,803,1.000000,1.000000,1.000000,1.000000,0,0,0,0
1129,17,324,804,1.000000,1.000000,1.000000,1.000000,0,0,0,0
1130,15,324,805,1.000000,1.000000,1.000000,1.000000,1,0,0,0
1131,13,324,806,1.000000,1.000000,1.000000,1.000000,1,0,0,0
1132,29,325,806,1.000000,1.000000,1.000000,1.000000,1,0,0,0
1133,27,325,807,1.000000,1.000000,1.000000,1.000000,0,0,0,0
1134,25,325,808,1.000000,1.000000,1.000000,1.000000,0,0,0,0
1135,23,325,809,1.000000,1.000000,1.000000,1.000000,0,0,0,0
1136,21,325,810,1.000000,1.000000,1.000000,1.000000,0,0,1,0
1137,19,325,811,1.000000,1.000000,1.000000,1.000000,1,0,0,0
1138,17,325,812,1.000000,1.000000,1.000000,1.000000,0,0,1,0
1139,29,326,812,1.000000,1.000000,1.000000,1.000000,0,0,1,0
1140,27,326,813,1.000000,1.000000,1.000000,1.000000,0,0,0,0
1141,29,327,813,1.000000,1.000000,1.000000,1.000000,0,0,0,0
1142,27,327,814,1.000000,1.000000,1.000000,1.000000,0,0,0,1
1143,25,327,815,1.000000,1.000000,1.000000,1.000000,0,0,0,0
1144,29,328,815,1.000000,1.000000,1.000000,1.000000,0,0,0,0
1145,27,328,816,1.000000,1.000000,1.000000,1.000000,0,0,0,1
1146,25,328,817,1.000000,1.000000,1.000000,1.000000,0,0,0,0
1147,29,329,817,1.000000,1.000000,1.000000,1.000000,0,0,0,0
1148,27,329,818,1.000000,1.000000,1.000000,1.000000,0,0,1,0
1149,25,329,819,1.000000,1.000000,1.000000,1.000000,0,0,0,0
1150,29,330,819,1.000000,1.000000,1.000000,1.000000,0,0,0,0
1151,27,330,820,1.000000,1.000000,1.000000,1.000000,0,0,0,0
1152,25,330,821,1.000000,1.000000,1.000000,1.000000,0,0,0,0
1153,23,330,822,1.000000,1.000000,1.000000,1.000000,0,0,0,0
1154,21,330,823,1.000000,1.000000,1.000000,1.000000,0,0,0,0
1155,19,330,824,1.000000,1.000000,1.000000,1.000000,0,0,0,0
1156,17,330,825,1.000000,1.000000,1.000000,1.000000,0,0,0,0
1157,15,330,826,1.000000,1.000000,1.000000,1.000000,0,0,0,0
1158,13,330,827,1.000000,1.000000,1.000000,1.000000,0,0,0,1
1159,11,330,828,1.000000,1.000000,1.000000,1.000000,0,0,0,0
1160,29,331,828,1.000000,1.000000,1.000000,1.000000,0,0,0,0
1161,27,331,829,1.000000,1.000000,1.000000,1.000000,0,0,0,1
1162,25,331,830,1.000000,1.000000,1.000000,1.000000,0,0,1,0
1163,29,332,830,1.000000,1.000000,1.000000,1.000000,0,0,1,0
1164,27,332,831,1.000000,1.000000,1.000000,1.000000,0,0,1,0
1165,29,333,831,1.000000,1.000000,1.000000,1.000000,0,0,1,0
1166,27,333,832,1.000000,1.000000,1.000000,1.000000,0,1,1,0
1167,29,334,832,1.000000,1.000000,1.000000,1.000000,0,1,1,0
1168,27,334,833,1.000000,1.000000,1.000000,1.000000,0,0,0,0
1169,29,335,833,1.000000,1.000000,1.000000,1.000000,0,0,0,0
1170,27,335,834,1.000000,1.000000,1.000000,1.000000,0,0,0,0
1171,25,335,835,1.000000,1.000000,1.000000,1.000000,0,0,0,0
1172,23,335,836,1.000000,1.000000,1.000000,1.000000,0,0,1,1
1173,21,335,837,1.000000,1.000000,1.000000,1.000000,0,0,0,0
1174,29,336,837,1.000000,1.000000,1.000000,1.000000,0,0,0,0
1175,27,336,838,1.000000,1.000000,1.000000,1.000000,0,0,0,1
1176,25,336,839,1.000000,1.000000,1.000000,1.000000,0,0,0,0
1177,23,336,840,1.000000,1.000000,1.000000,1.000000,0,1,0,0
1178,21,336,841,1.000000,1.000000,1.000000,1.000000,0,0,0,0
1179,29,337,841,1.000000,1.000000,1.000000,1.000000,0,0,0,0
1180,27,337,842,1.000000,1.000000,1.000000,1.000000,1,0,0,0
1181,25,337,843,1.000000,1.000000,1.000000,1.000000,1,0,0,0
1182,23,337,844,1.000000,1.000000,1.000000,1.000000,0,0,1,0
1183,29,338,844,1.000000,1.000000,1.000000,1.000000,0,0,1,0
1184,27,338,845,1.000000,1.000000,1.000000,1.000000,0,0,0,0
1185,29,339,845,1.000000,1.000000,1.000000,1.000000,0,0,0,0
1186,27,339,846,1.000000,1.000000,1.000000,1.000000,0,0,0,0
1187,25,339,847,1.000000,1.000000,1.000000,1.000000,0,0,0,0
1188,23,339,848,1.000000,1.000000,1.000000,1.000000,1,0,0,1
1189,21,339,849,1.000000,1.000000,1.000000,1.000000,0,1,0,1
1190,19,339,850,1.000000,1.000000,1.000000,1.000000,1,1,1,0
1191,17,339,851,1.000000,1.000000,1.000000,1.000000,0,1,0,1
1192,15,339,852,1.000000,1.000000,1.000000,1.000000,0,0,0,1
1193,29,340,852,1.000000,1.000000,1.000000,1.000000,0,0,0,1
1194,27,340,853,1.000000,1.000000,1.000000,1.000000,0,0,0,0
1195,25,340,854,1.000000,1.000000,1.000000,1.000000,0,0,1,1
1196,23,340,855,1.000000,1.000000,1.000000,1.000000,0,0,0,1
1197,29,341,855,1.000000,1.000000,1.000000,1.000000,0,0,0,1
1198,27,341,856,1.000000,1.000000,1.000000,1.000000,1,0,1,0
1199,29,342,856,1.000000,1.000000,1.000000,1.000000,1,0,1,0
1200,27,342,857,1.000000,1.000000,1.000000,1.000000,1,0,0,0
1201,29,343,857,1.000000,1.000000,1.000000,1.000000,1,0,0,0
1202,27,343,858,1.000000,1.000000,1.000000,1.000000,0,0,0,0
1203,29,344,858,1.000000,1.000000,1.000000,1.000000,0,0,0,0
1204,27,344,859,1.000000,1.000000,1.000000,1.000000,0,0,0,0
1205,25,344,860,1.000000,1.000000,1.000000,1.000000,0,0,0,0
1206,23,344,861,1.000000,1.000000,1.000000,1.000000,0,0,0,0
1207,21,344,862,1.000000,1.000000,1.000000,1.000000,0,0,1,0
1208,19,344,863,1.000000,1.000000,1.000000,1.000000,0,0,0,0
1209,29,345,863,1.000000,1.000000,1.000000,1.000000,0,0,0,0
1210,27,345,864,1.000000,1.000000,1.000000,1.000000,0,0,0,0
1211,25,345,865,1.000000,1.000000,1.000000,1.000000,0,0,0,0
1212,23,345,866,1.000000,1.000000,1.000000,1.000000,0,0,0,0
1213,21,345,867,1.000000,1.000000,1.000000,1.000000,0,0,0,0
1214,19,345,868,1.000000,1.000000,1.000000,1.000000,0,0,1,1
1215,17,345,869,1.000000,1.000000,1.000000,1.000000,0,0,0,0
1216,29,346,869,1.000000,1.000000,1.000000,1.000000,0,0,0,0
1217,27,346,870,1.000000,1.000000,1.000000,1.000000,0,1,0,0
1218,25,346,871,1.000000,1.000000,1.000000,1.000000,0,0,0,0
1219,29,347,871,1.000000,1.000000,1.000000,1.000000,0,0,0,0
1220,27,347,872,1.000000,1.000000,1.000000,1.000000,0,0,0,0
1221,25,347,873,1.000000,1.000000,1.000000,1.000000,0,0,0,0
1222,23,347,874,1.000000,1.000000,1.000000,1.000000,0,0,0,0
1223,21,347,875,1.000000,1.000000,1.000000,1.000000,0,0,0,0
1224,19,347,876,1.000000,1.000000,1.000000,1.000000,0,0,0,0
1225,17,347,877,1.000000,1.000000,1.000000,1.000000,0,0,0,0
1226,15,347,878,1.000000,1.000000,1.000000,1.000000,0,0,0,0
1227,13,347,879,1.000000,1.000000,1.000000,1.000000,0,0,0,0
1228,11,347,880,1.000000,1.000000,1.000000,1.000000,0,0,0,0
1229,9,347,881,1.000000,1.000000,1.000000,1.000000,0,0,0,1
1230,7,347,882,1.000000,1.000000,1.000000,1.000000,0,0,0,0
1231,29,348,882,1.000000,1.000000,1.000000,1.000000,0,0,0,0
1232,27,348,883,1.000000,1.000000,1.000000,1.000000,0,0,0,0
1233,25,348,884,1.000000,1.000000,1.000000,1.000000,0,0,0,0
1234,23,348,885,1.000000,1.000000,1.000000,1.000000,0,0,0,0
1235,21,348,886,1.000000,1.000000,1.000000,1.000000,1,0,0,0
1236,19,348,887,1.000000,1.000000,1.000000,1.000000,0,0,0,0
1237,29,349,887,1.000000,1.000000,1.000000,1.000000,0,0,0,0
1238,27,349,888,1.000000,1.000000,1.000000,1.000000,0,0,0,1
1239,25,349,889,1.000000,1.000000,1.000000,1.000000,0,0,0,0
1240,29,350,889,1.000000,1.000000,1.000000,1.000000,0,0,0,0
1241,27,350,890,1.000000,1.000000,1.000000,1.000000,0,0,0,0
1242,25,350,891,1.000000,1.000000,1.000000,1.000000,1,0,0,0
1243,23,350,892,1.000000,1.000000,1.000000,1.000000,1,0,0,0
1244,21,350,893,1.000000,1.000000,1.000000,1.000000,1,1,1,0
1245,29,351,893,1.000000,1.000000,1.000000,1.000000,1,1,1,0
1246,27,351,894,1.000000,1.000000,1.000000,1.000000,0,0,0,0
1247,29,352,894,1.000000,1.000000,1.000000,1.000000,0,0,0,0
1248,27,352,895,1.000000,1.000000,1.000000,1.000000,1,0,1,0
1249,25,352,896,1.000000,1.000000,1.000000,1.000000,0,0,0,1
1250,29,353,896,1.000000,1.000000,1.000000,1.000000,0,0,0,1
1251,27,353,897,1.000000,1.000000,1.000000,1.000000,1,0,0,0
1252,29,354,897,1.000000,1.000000,1.000000,1.000000,1,0,0,0
1253,27,354,898,1.000000,1.000000,1.000000,1.000000,0,0,0,1
1254,29,355,898,1.000000,1.000000,1.000000,1.000000,0,0,0,1
1255,27,355,899,1.000000,1.000000,1.000000,1.000000,0,1,0,0
1256,25,355,900,1.000000,1.000000,1.000000,1.000000,0,0,0,0
1257,29,356,900,1.000000,1.000000,1.000000,1.000000,0,0,0,0
1258,27,356,901,1.000000,1.000000,1.000000,1.000000,0,0,0,0
1259,25,356,902,1.000000,1.000000,1.000000,1.000000,0,0,0,0
1260,23,356,903,1.000000,1.000000,1.000000,1.000000,0,0,0,0
1261,21,356,904,1.000000,1.000000,1.000000,1.000000,0,0,0,1
1262,29,357,904,1.000000,1.000000,1.000000,1.000000,0,0,0,1
1263,27,357,905,1.000000,1.000000,1.000000,1.000000,0,0,1,0
1264,29,358,905,1.000000,1.000000,1.000000,1.000000,1,0,1,0
1265,27,358,906,1.000000,1.000000,1.000000,1.000000,0,0,0,0
1266,29,359,906,1.000000,1.000000,1.000000,1.000000,0,0,0,0
1267,27,359,907,1.000000,1.000000,1.000000,1.000000,0,0,0,0
1268,25,359,908,1.000000,1.000000,1.000000,1.000000,0,0,0,0
1269,23,359,909,1.000000,1.000000,1.000000,1.000000,0,0,0,0
1270,21,359,910,1.000000,1.000000,1.000000,1.000000,0,0,1,0
1271,19,359,911,1.000000,1.000000,1.000000,1.000000,0,0,0,0
1272,29,360,911,1.000000,1.000000,1.000000,1.000000,0,0,0,0
1273,27,360,912,1.000000,1.000000,1.000000,1.000000,0,1,0,0
1274,25,360,913,1.000000,1.000000,1.000000,1.000000,0,0,0,0
1275,29,361,913,1.000000,1.000000,1.000000,1.000000,0,0,0,0
1276,27,361,914,1.000000,1.000000,1.000000,1.000000,0,0,0,0
1277,25,361,915,1.000000,1.000000,1.000000,1.000000,0,0,0,0
1278,23,361,916,1.000000,1.000000,1.000000,1.000000,0,0,0,0
1279,21,361,917,1.000000,1.000000,1.000000,1.000000,0,0,0,0
1280,19,361,918,1.000000,1.000000,1.000000,1.000000,0,0,0,0
1281,17,361,919,1.000000,1.000000,1.000000,1.000000,1,0,0,0
1282,15,361,920,1.000000,1.000000,1.000000,1.000000,0,0,0,1
1283,13,361,921,1.000000,1.000000,1.000000,1.000000,0,0,0,0
1284,29,362,921,1.000000,1.000000,1.000000,1.000000,0,0,0,0
1285,27,362,922,1.000000,1.000000,1.000000,1.000000,0,0,0,0
1286,25,362,923,1.000000,1.000000,1.000000,1.000000,0,0,0,0
1287,23,362,924,1.000000,1.000000,1.000000,1.000000,0,1,0,0
1288,21,362,925,1.000000,1.000000,1.000000,1.000000,0,0,0,0
1289,29,363,925,1.000000,1.000000,1.000000,1.000000,0,0,0,0
1290,27,363,926,1.000000,1.000000,1.000000,1.000000,0,1,0,0
1291,25,363,927,1.000000,1.000000,1.000000,1.000000,0,0,0,0
1292,29,364,927,1.000000,1.000000,1.000000,1.000000,0,0,0,0
1293,27,364,928,1.000000,1.000000,1.000000,1.000000,0,0,0,0
1294,25,364,929,1.000000,1.000000,1.000000,1.000000,0,0,0,0
1295,23,364,930,1.000000,1.000000,1.000000,1.000000,0,0,0,0
1296,21,364,931,1.000000,1.000000,1.000000,1.000000,0,0,1,1
1297,19,364,932,1.000000,1.000000,1.000000,1.000000,0,0,0,0
1298,29,365,932,1.000000,1.000000,1.000000,1.000000,0,0,0,0
1299,27,365,933,1.000000,1.000000,1.000000,1.000000,0,1,0,1
1300,25,365,934,1.000000,1.000000,1.000000,1.000000,0,0,1,0
1301,29,366,934,1.000000,1.000000,1.000000,1.000000,0,0,1,0
1302,27,366,935,1.000000,1.000000,1.000000,1.000000,0,0,0,0
1303,29,367,935,1.000000,1.000000,1.000000,1.000000,0,0,0,0
1304,27,367,936,1.000000,1.000000,1.000000,1.000000,0,0,0,0
1305,25,367,937,1.000000,1.000000,1.000000,1.000000,0,0,0,0
1306,23,367,938,1.000000,1.000000,1.000000,1.000000,0,0,0,0
1307,21,367,939,1.000000,1.000000,1.000000,1.000000,0,1,0,0
1308,19,367,940,1.000000,1.000000,1.000000,1.000000,0,0,0,0
1309,29,368,940,1.000000,1.000000,1.000000,1.000000,0,0,0,0
1310,27,368,941,1.000000,1.000000,1.000000,1.000000,0,0,0,0
1311,25,368,942,1.000000,1.000000,1.000000,1.000000,0,0,0,0
1312,23,368,943,1.000000,1.000000,1.000000,1.000000,0,0,0,1
1313,21,368,944,1.000000,1.000000,1.000000,1.000000,0,0,0,0
1314,29,369,944,1.000000,1.000000,1.000000,1.000000,0,0,0,0
1315,27,369,945,1.000000,1.000000,1.000000,1.000000,0,0,1,0
1316,25,369,946,1.000000,1.000000,1.000000,1.000000,0,0,0,0
1317,29,370,946,1.000000,1.000000,1.000000,1.000000,0,0,1,0
1318,27,370,947,1.000000,1.000000,1.000000,1.000000,0,0,0,0
1319,29,371,947,1.000000,1.000000,1.000000,1.000000,0,0,0,0
1320,27,371,948,1.000000,1.000000,1.000000,1.000000,0,0,0,0
1321,25,371,949,1.000000,1.000000,1.000000,1.000000,0,0,0,0
1322,23,371,950,1.000000,1.000000,1.000000,1.000000,0,0,0,0
1323,21,371,951,1.000000,1.000000,1.000000,1.000000,0,1,0,0
1324,19,371,952,1.000000,1.000000,1.000000,1.000000,0,0,0,0
1325,29,372,952,1.000000,1.000000,1.000000,1.000000,0,0,0,0
1326,27,372,953,1.000000,1.000000,1.000000,1.000000,0,0,0,0
1327,25,372,954,1.000000,1.000000,1.000000,1.000000,0,1,0,0
1328,23,372,955,1.000000,1.000000,1.000000,1.000000,0,0,0,0
1329,29,373,955,1.000000,1.000000,1.000000,1.000000,0,0,0,0
1330,27,373,956,1.000000,1.000000,1.000000,1.000000,0,0,0,0
1331,25,373,957,1.000000,1.000000,1.000000,1.000000,0,0,0,0
1332,23,373,958,1.000000,1.000000,1.000000,1.000000,0,0,0,0
1333,21,373,959,1.000000,1.000000,1.000000,1.000000,0,0,0,0
1334,19,373,960,1.000000,1.000000,1.000000,1.000000,0,0,0,0
1335,17,373,961,1.000000,1.000000,1.000000,1.000000,0,0,0,0
1336,15,373,962,1.000000,1.000000,1.000000,1.000000,0,0,0,0
1337,13,373,963,1.000000,1.000000,1.000000,1.000000,0,0,1,0
1338,11,373,964,1.000000,1.000000,1.000000,1.000000,0,1,0,0
1339,29,374,964,1.000000,1.000000,1.000000,1.000000,0,1,0,0
1340,27,374,965,1.000000,1.000000,1.000000,1.000000,0,0,0,0
1341,29,375,965,1.000000,1.000000,1.000000,1.000000,0,0,0,0
1342,27,375,966,1.000000,1.000000,1.000000,1.000000,0,0,0,0
1343,25,375,967,1.000000,1.000000,1.000000,1.000000,0,0,0,0
1344,23,375,968,1.000000,1.000000,1.000000,1.000000,0,0,0,0
1345,21,375,969,1.000000,1.000000,1.000000,1.000000,0,0,1,0
1346,19,375,970,1.000000,1.000000,1.000000,1.000000,0,0,0,0
1347,29,376,970,1.000000,1.000000,1.000000,1.000000,0,0,0,0
1348,27,376,971,1.000000,1.000000,1.000000,1.000000,0,0,0,1
1349,25,376,972,1.000000,1.000000,1.000000,1.000000,1,0,1,0
1350,29,377,972,1.000000,1.000000,1.000000,1.000000,1,0,1,0
1351,27,377,973,1.000000,1.000000,1.000000,1.000000,0,0,0,0
1352,29,378,973,1.000000,1.000000,1.000000,1.000000,0,0,0,0
1353,27,378,974,1.000000,1.000000,1.000000,1.000000,0,0,1,0
1354,25,378,975,1.000000,1.000000,1.000000,1.000000,0,0,0,0
1355,29,379,975,1.000000,1.000000,1.000000,1.000000,0,0,0,0
1356,27,379,976,1.000000,1.000000,1.000000,1.000000,0,0,1,1
1357,25,379,977,1.000000,1.000000,1.000000,1.000000,0,0,1,0
1358,29,380,977,1.000000,1.000000,1.000000,1.000000,0,0,1,0
1359,27,380,978,1.000000,1.000000,1.000000,1.000000,0,0,0,0
1360,29,381,978,1.000000,1.000000,1.000000,1.000000,0,0,0,0
1361,27,381,979,1.000000,1.000000,1.000000,1.000000,0,0,0,1
1362,25,381,980,1.000000,1.000000,1.000000,1.000000,0,0,1,0
1363,23,381,981,1.000000,1.000000,1.000000,1.000000,1,0,0,0
1364,29,382,981,1.000000,1.000000,1.000000,1.000000,1,0,0,0
1365,27,382,982,1.000000,1.000000,1.000000,1.000000,0,0,0,0
1366,29,383,982,1.000000,1.000000,1.000000,1.000000,0,0,0,0
1367,27,383,983,1.000000,1.000000,1.000000,1.000000,1,0,0,0
1368,25,383,984,1.000000,1.000000,1.000000,1.000000,0,1,0,0
1369,29,384,984,1.000000,1.000000,1.000000,1.000000,0,1,0,0
1370,27,384,985,1.000000,1.000000,1.000000,1.000000,0,0,0,0
1371,25,384,986,1.000000,1.000000,1.000000,1.000000,0,1,0,0
1372,23,384,987,1.000000,1.000000,1.000000,1.000000,0,0,0,0
1373,29,385,987,1.000000,1.000000,1.000000,1.000000,0,0,0,0
1374,27,385,988,1.000000,1.000000,1.000000,1.000000,0,1,0,0
1375,25,385,989,1.000000,1.000000,1.000000,1.000000,0,0,1,0
1376,23,385,990,1.000000,1.000000,1.000000,1.000000,1,0,0,0
1377,29,386,990,1.000000,1.000000,1.000000,1.000000,1,0,0,0
1378,27,386,991,1.000000,1.000000,1.000000,1.000000,0,0,0,0
1379,29,387,991,1.000000,1.000000,1.000000,1.000000,0,0,0,0
1380,27,387,992,1.000000,1.000000,1.000000,1.000000,0,0,0,0
1381,25,387,993,1.000000,1.000000,1.000000,1.000000,0,0,0,1
1382,23,387,994,1.000000,1.000000,1.000000,1.000000,0,0,1,0
1383,29,388,994,1.000000,1.000000,1.000000,1.000000,0,0,1,0
1384,27,388,995,1.000000,1.000000,1.000000,1.000000,0,0,0,0
1385,29,389,995,1.000000,1.000000,1.000000,1.000000,0,0,0,0
1386,27,389,996,1.000000,1.000000,1.000000,1.000000,0,0,0,0
1387,25,389,997,1.000000,1.000000,1.000000,1.000000,0,0,0,0
1388,23,389,998,1.000000,1.000000,1.000000,1.000000,0,0,1,0
1389,21,389,999,1.000000,1.000000,1.000000,1.000000,0,0,0,0
1390,29,390,999,1.000000,1.000000,1.000000,1.000000,0,0,0,0
1391,27,390,1000,1.000000,1.000000,1.000000,1.000000,0,0,0,1
1392,25,390,1001,1.000000,1.000000,1.000000,1.000000,0,0,0,1
1393,29,391,1001,1.000000,1.000000,1.000000,1.000000,0,0,0,1
1394,27,391,1002,1.000000,1.000000,1.000000,1.000000,0,0,0,0
1395,29,392,1002,1.000000,1.000000,1.000000,1.000000,0,0,0,0
1396,27,392,1003,1.000000,1.000000,1.000000,1.000000,0,0,0,0
1397,25,392,1004,1.000000,1.000000,1.000000,1.000000,0,0,0,0
1398,23,392,1005,1.000000,1.000000,1.000000,1.000000,0,0,0,0
1399,21,392,1006,1.000000,1.000000,1.000000,1.000000,0,0,0,0
1400,19,392,1007,1.000000,1.000000,1.000000,1.000000,0,0,0,0
1401,17,392,1008,1.000000,1.000000,1.000000,1.000000,0,0,0,1
1402,15,392,1009,1.000000,1.000000,1.000000,1.000000,0,0,1,0
1403,29,393,1009,1.000000,1.000000,1.000000,1.000000,0,0,1,0
1404,27,393,1010,1.000000,1.000000,1.000000,1.000000,0,0,1,0
1405,29,394,1010,1.000000,1.000000,1.000000,1.000000,0,0,1,0
1406,27,394,1011,1.000000,1.000000,1.000000,1.000000,0,1,0,1
1407,25,394,1012,1.000000,1.000000,1.000000,1.000000,0,1,0,1
1408,29,395,1012,1.000000,1.000000,1.000000,1.000000,0,1,0,1
1409,27,395,1013,1.000000,1.000000,1.000000,1.000000,0,1,0,0
1410,29,396,1013,1.000000,1.000000,1.000000,1.000000,0,1,0,0
1411,27,396,1014,1.000000,1.000000,1.000000,1.000000,0,0,1,0
1412,29,397,1014,1.000000,1.000000,1.000000,1.000000,0,0,1,0
1413,27,397,1015,1.000000,1.000000,1.000000,1.000000,0,0,0,0
1414,29,398,1015,1.000000,1.000000,1.000000,1.000000,0,0,0,0
1415,27,398,1016,1.000000,1.000000,1.000000,1.000000,0,0,0,0
1416,25,398,1017,1.000000,1.000000,1.000000,1.000000,0,0,1,1
1417,23,398,1018,1.000000,1.000000,1.000000,1.000000,0,0,0,0
1418,29,399,1018,1.000000,1.000000,1.000000,1.000000,0,0,0,0
1419,27,399,1019,1.000000,1.000000,1.000000,1.000000,0,0,0,0
1420,25,399,1020,1.000000,1.000000,1.000000,1.000000,0,0,0,0
1421,23,399,1021,1.000000,1.000000,1.000000,1.000000,0,0,1,0
1422,21,399,1022,1.000000,1.000000,1.000000,1.000000,0,0,1,0
1423,29,400,1022,1.000000,1.000000,1.000000,1.000000,0,0,1,0
1424,27,400,1023,1.000000,1.000000,1.000000,1.000000,0,0,0,0
1425,25,400,1024,1.000000,1.000000,1.000000,1.000000,0,0,0,0
1426,23,400,1025,1.000000,1.000000,1.000000,1.000000,0,0,0,0
1427,21,400,1026,1.000000,1.000000,1.000000,1.000000,0,0,1,0
1428,19,400,1027,1.000000,1.000000,1.000000,1.000000,0,1,0,0
1429,17,400,1028,1.000000,1.000000,1.000000,1.000000,0,0,1,0
1430,29,401,1028,1.000000,1.000000,1.000000,1.000000,0,0,1,0
1431,27,401,1029,1.000000,1.000000,1.000000,1.000000,0,0,0,0
1432,29,402,1029,1.000000,1.000000,1.000000,1.000000,0,0,0,0
1433,27,402,1030,1.000000,1.000000,1.000000,1.000000,0,0,1,0
1434,25,402,1031,1.000000,1.000000,1.000000,1.000000,0,0,0,0
1435,29,403,1031,1.000000,1.000000,1.000000,1.000000,0,0,0,0
1436,27,403,1032,1.000000,1.000000,1.000000,1.000000,0,1,0,0
1437,25,403,1033,1.000000,1.000000,1.000000,1.000000,1,0,1,0
1438,29,404,1033,1.000000,1.000000,1.000000,1.000000,1,0,1,0
1439,27,404,1034,1.000000,1.000000,1.000000,1.000000,1,0,0,0
1440,29,405,1034,1.000000,1.000000,1.000000,1.000000,1,0,0,0
1441,27,405,1035,1.000000,1.000000,1.000000,1.000000,0,1,0,0
1442,29,406,1035,1.000000,1.000000,1.000000,1.000000,0,1,0,0
1443,27,406,1036,1.000000,1.000000,1.000000,1.000000,0,1,0,0
1444,29,407,1036,1.000000,1.000000,1.000000,1.000000,0,1,0,0
1445,27,407,1037,1.000000,1.000000,1.000000,1.000000,0,0,0,0
1446,25,407,1038,1.000000,1.000000,1.000000,1.000000,1,0,0,0
1447,23,407,1039,1.000000,1.000000,1.000000,1.000000,1,0,0,0
1448,29,408,1039,1.000000,1.000000,1.000000,1.000000,1,0,0,0
1449,27,408,1040,1.000000,1.000000,1.000000,1.000000,0,0,0,0
1450,29,409,1040,1.000000,1.000000,1.000000,1.000000,0,0,0,0
1451,27,409,1041,1.000000,1.000000,1.000000,1.000000,1,0,0,0
1452,25,409,1042,1.000000,1.000000,1.000000,1.000000,1,0,0,0
1453,29,410,1042,1.000000,1.000000,1.000000,1.000000,1,0,0,0
1454,27,410,1043,1.000000,1.000000,1.000000,1.000000,0,1,0,0
1455,25,410,1044,1.000000,1.000000,1.000000,1.000000,0,0,0,1
1456,29,411,1044,1.000000,1.000000,1.000000,1.000000,0,0,0,1
1457,27,411,1045,1.000000,1.000000,1.000000,1.000000,0,0,0,0
1458,29,412,1045,1.000000,1.000000,1.000000,1.000000,0,0,0,0
1459,27,412,1046,1.000000,1.000000,1.000000,1.000000,0,0,0,1
1460,25,412,1047,1.000000,1.000000,1.000000,1.000000,0,0,0,0
1461,29,413,1047,1.000000,1.000000,1.000000,1.000000,0,0,0,0
1462,27,413,1048,1.000000,1.000000,1.000000,1.000000,0,0,0,1
1463,25,413,1049,1.000000,1.000000,1.000000,1.000000,0,0,0,0
1464,23,413,1050,1.000000,1.000000,1.000000,1.000000,0,0,0,1
1465,21,413,1051,1.000000,1.000000,1.000000,1.000000,0,0,0,1
1466,29,414,1051,1.000000,1.000000,1.000000,1.000000,0,0,0,1
1467,27,414,1052,1.000000,1.000000,1.000000,1.000000,1,0,0,0
1468,29,415,1052,1.000000,1.000000,1.000000,1.000000,1,0,0,0
1469,27,415,1053,1.000000,1.000000,1.000000,1.000000,0,0,0,0
1470,29,416,1053,1.000000,1.000000,1.000000,1.000000,0,0,0,0
1471,27,416,1054,1.000000,1.000000,1.000000,1.000000,1,0,0,0
1472,25,416,1055,1.000000,1.000000,1.000000,1.000000,0,0,0,0
1473,29,417,1055,1.000000,1.000000,1.000000,1.000000,0,0,0,0
1474,27,417,1056,1.000000,1.000000,1.000000,1.000000,0,0,0,0
1475,25,417,1057,1.000000,1.000000,1.000000,1.000000,0,0,1,1
1476,23,417,1058,1.000000,1.000000,1.000000,1.000000,1,0,1,0
1477,29,418,1058,1.000000,1.000000,1.000000,1.000000,1,0,1,0
1478,27,418,1059,1.000000,1.000000,1.000000,1.000000,0,0,0,0
1479,29,419,1059,1.000000,1.000000,1.000000,1.000000,0,0,0,0
1480,27,419,1060,1.000000,1.000000,1.000000,1.000000,1,0,0,0
1481,25,419,1061,1.000000,1.000000,1.000000,1.000000,0,0,0,1
1482,29,420,1061,1.000000,1.000000,1.000000,1.000000,0,0,0,1
1483,27,420,1062,1.000000,1.000000,1.000000,1.000000,0,0,0,0
1484,29,421,1062,1.000000,1.000000,1.000000,1.000000,0,0,0,0
1485,27,421,1063,1.000000,1.000000,1.000000,1.000000,0,0,0,0
1486,25,421,1064,1.000000,1.000000,1.000000,1.000000,0,1,0,0
1487,23,421,1065,1.000000,1.000000,1.000000,1.000000,0,0,0,0
1488,29,422,1065,1.000000,1.000000,1.000000,1.000000,0,0,0,0
1489,27,422,1066,1.000000,1.000000,1.000000,1.000000,0,0,0,0
1490,25,422,1067,1.000000,1.000000,1.000000,1.000000,0,0,0,0
1491,23,422,1068,1.000000,1.000000,1.000000,1.000000,0,0,0,0
1492,21,422,1069,1.000000,1.000000,1.000000,1.000000,0,0,0,0
1493,19,422,1070,1.000000,1.000000,1.000000,1.000000,0,1,0,0
1494,17,422,1071,1.000000,1.000000,1.000000,1.000000,0,0,0,0
1495,29,423,1071,1.000000,1.000000,1.000000,1.000000,0,0,0,0
1496,27,423,1072,1.000000,1.000000,1.000000,1.000000,1,0,0,0
1497,25,423,1073,1.000000,1.000000,1.000000,1.000000,1,0,0,0
1498,29,424,1073,1.000000,1.000000,1.000000,1.000000,1,0,0,0
1499,27,424,1074,1.000000,1.000000,1.000000,1.000000,0,0,0,0
1500,25,424,1075,1.000000,1.000000,1.000000,1.000000,1,0,0,0
1501,23,424,1076,1.000000,1.000000,1.000000,1.000000,1,0,0,0
1502,29,425,1076,1.000000,1.000000,1.000000,1.000000,1,0,0,0
1503,27,425,1077,1.000000,1.000000,1.000000,1.000000,0,0,0,0
1504,29,426,1077,1.000000,1.000000,1.000000,1.000000,0,0,0,0
1505,27,426,1078,1.000000,1.000000,1.000000,1.000000,1,0,0,0
1506,25,426,1079,1.000000,1.000000,1.000000,1.000000,0,0,0,1
1507,29,427,1079,1.000000,1.000000,1.000000,1.000000,0,0,0,1
1508,27,427,1080,1.000000,1.000000,1.000000,1.000000,1,0,0,0
1509,25,427,1081,1.000000,1.000000,1.000000,1.000000,1,0,0,0
1510,29,428,1081,1.000000,1.000000,1.000000,1.000000,1,0,0,0
1511,27,428,1082,1.000000,1.000000,1.000000,1.000000,0,0,0,0
1512,25,428,1083,1.000000,1.000000,1.000000,1.000000,0,0,0,1
1513,23,428,1084,1.000000,1.000000,1.000000,1.000000,0,0,0,0
1514,29,429,1084,1.000000,1.000000,1.000000,1.000000,0,0,0,0
1515,27,429,1085,1.000000,1.000000,1.000000,1.000000,0,0,0,0
1516,25,429,1086,1.000000,1.000000,1.000000,1.000000,0,0,0,0
1517,23,429,1087,1.000000,1.000000,1.000000,1.000000,0,0,0,0
1518,21,429,1088,1.000000,1.000000,1.000000,1.000000,0,0,0,0
1519,19,429,1089,1.000000,1.000000,1.000000,1.000000,0,0,1,0
1520,17,429,1090,1.000000,1.000000,1.000000,1.000000,0,0,1,0
1521,29,430,1090,1.000000,1.000000,1.000000,1.000000,0,0,1,0
1522,27,430,1091,1.000000,1.000000,1.000000,1.000000,0,0,0,0
1523,29,431,1091,1.000000,1.000000,1.000000,1.000000,0,0,0,0
1524,27,431,1092,1.000000,1.000000,1.000000,1.000000,0,0,0,0
1525,25,431,1093,1.000000,1.000000,1.000000,1.000000,0,0,0,0
1526,23,431,1094,1.000000,1.000000,1.000000,1.000000,0,0,0,0
1527,21,431,1095,1.000000,1.000000,1.000000,1.000000,0,0,0,0
1528,19,431,1096,1.000000,1.000000,1.000000,1.000000,0,0,0,1
1529,17,431,1097,1.000000,1.000000,1.000000,1.000000,0,0,0,0
1530,15,431,1098,1.000000,1.000000,1.000000,1.000000,0,1,0,1
1531,13,431,1099,1.000000,1.000000,1.000000,1.000000,0,0,1,0
1532,29,432,1099,1.000000,1.000000,1.000000,1.000000,0,0,1,0
1533,27,432,1100,1.000000,1.000000,1.000000,1.000000,0,0,0,0
1534,29,433,1100,1.000000,1.000000,1.000000,1.000000,0,0,0,0
1535,27,433,1101,1.000000,1.000000,1.000000,1.000000,0,1,0,0
1536,25,433,1102,1.000000,1.000000,1.000000,1.000000,0,0,0,0
1537,23,433,1103,1.000000,1.000000,1.000000,1.000000,0,0,0,0
1538,21,433,1104,1.000000,1.000000,1.000000,1.000000,0,0,0,0
1539,19,433,1105,1.000000,1.000000,1.000000,1.000000,0,0,0,0
1540,17,433,1106,1.000000,1.000000,1.000000,1.000000,0,0,0,0
1541,15,433,1107,1.000000,1.000000,1.000000,1.000000,1,0,0,0
1542,13,433,1108,1.000000,1.000000,1.000000,1.000000,0,0,0,1
1543,29,434,1108,1.000000,1.000000,1.000000,1.000000,0,0,0,1
1544,27,434,1109,1.000000,1.000000,1.000000,1.000000,0,0,0,0
1545,29,435,1109,1.000000,1.000000,1.000000,1.000000,0,0,0,0
1546,27,435,1110,1.000000,1.000000,1.000000,1.000000,0,0,0,0
1547,25,435,1111,1.000000,1.000000,1.000000,1.000000,0,0,0,0
1548,23,435,1112,1.000000,1.000000,1.000000,1.000000,0,0,0,0
1549,21,435,1113,1.000000,1.000000,1.000000,1.000000,0,0,0,0
1550,19,435,1114,1.000000,1.000000,1.000000,1.000000,0,1,0,0
1551,17,435,1115,1.000000,1.000000,1.000000,1.000000,0,0,1,0
1552,29,436,1115,1.000000,1.000000,1.000000,1.000000,0,0,1,0
1553,27,436,1116,1.000000,1.000000,1.000000,1.000000,0,0,0,0
1554,29,437,1116,1.000000,1.000000,1.000000,1.000000,0,0,0,0
1555,27,437,1117,1.000000,1.000000,1.000000,1.000000,0,0,0,0
1556,25,437,1118,1.000000,1.000000,1.000000,1.000000,0,0,0,0
1557,23,437,1119,1.000000,1.000000,1.000000,1.000000,0,0,0,1
1558,21,437,1120,1.000000,1.000000,1.000000,1.000000,0,0,0,0
1559,29,438,1120,1.000000,1.000000,1.000000,1.000000,0,0,0,0
1560,27,438,1121,1.000000,1.000000,1.000000,1.000000,1,0,0,0
1561,25,438,1122,1.000000,1.000000,1.000000,1.000000,0,0,0,0
1562,29,439,1122,1.000000,1.000000,1.000000,1.000000,0,0,0,0
1563,27,439,1123,1.000000,1.000000,1.000000,1.000000,0,0,0,0
1564,25,439,1124,1.000000,1.000000,1.000000,1.000000,1,0,0,0
1565,23,439,1125,1.000000,1.000000,1.000000,1.000000,0,0,0,0
1566,29,440,1125,1.000000,1.000000,1.000000,1.000000,0,0,0,0
1567,27,440,1126,1.000000,1.000000,1.000000,1.000000,0,0,0,0
1568,25,440,1127,1.000000,1.000000,1.000000,1.000000,0,0,0,0
1569,23,440,1128,1.000000,1.000000,1.000000,1.000000,1,1,0,0
1570,21,440,1129,1.000000,1.000000,1.000000,1.000000,0,0,0,1
1571,29,441,1129,1.000000,1.000000,1.000000,1.000000,0,0,0,1
1572,27,441,1130,1.000000,1.000000,1.000000,1.000000,1,0,0,1
1573,29,442,1130,1.000000,1.000000,1.000000,1.000000,1,0,0,1
1574,27,442,1131,1.000000,1.000000,1.000000,1.000000,1,0,0,1
1575,29,443,1131,1.000000,1.000000,1.000000,1.000000,1,0,0,1
1576,27,443,1132,1.000000,1.000000,1.000000,1.000000,0,1,0,0
1577,29,444,1132,1.000000,1.000000,1.000000,1.000000,0,1,0,0
1578,27,444,1133,1.000000,1.000000,1.000000,1.000000,0,0,0,0
1579,29,445,1133,1.000000,1.000000,1.000000,1.000000,0,0,0,0
1580,27,445,1134,1.000000,1.000000,1.000000,1.000000,0,0,0,0
1581,25,445,1135,1.000000,1.000000,1.000000,1.000000,1,1,0,0
1582,23,445,1136,1.000000,1.000000,1.000000,1.000000,0,0,0,0
1583,29,446,1136,1.000000,1.000000,1.000000,1.000000,0,0,0,0
1584,27,446,1137,1.000000,1.000000,1.000000,1.000000,1,0,1,0
1585,25,446,1138,1.000000,1.000000,1.000000,1.000000,0,0,1,0
1586,29,447,1138,1.000000,1.000000,1.000000,1.000000,0,0,1,0
1587,27,447,1139,1.000000,1.000000,1.000000,1.000000,0,0,0,0
1588,29,448,1139,1.000000,1.000000,1.000000,1.000000,0,0,0,0
1589,27,448,1140,1.000000,1.000000,1.000000,1.000000,0,0,0,0
1590,25,448,1141,1.000000,1.000000,1.000000,1.000000,0,0,0,0
1591,23,448,1142,1.000000,1.000000,1.000000,1.000000,0,0,0,0
1592,21,448,1143,1.000000,1.000000,1.000000,1.000000,0,0,0,0
1593,19,448,1144,1.000000,1.000000,1.000000,1.000000,0,0,0,0
1594,17,448,1145,1.000000,1.000000,1.000000,1.000000,0,0,0,0
1595,15,448,1146,1.000000,1.000000,1.000000,1.000000,0,0,0,0
1596,13,448,1147,1.000000,1.000000,1.000000,1.000000,0,0,1,0
1597,11,448,1148,1.000000,1.000000,1.000000,1.000000,0,0,0,1
1598,29,449,1148,1.000000,1.000000,1.000000,1.000000,0,0,0,1
1599,27,449,1149,1.000000,1.000000,1.000000,1.000000,0,0,0,0
1600,29,450,1149,1.000000,1.000000,1.000000,1.000000,0,0,0,0
1601,27,450,1150,1.000000,1.000000,1.000000,1.000000,0,0,0,0
1602,25,450,1151,1.000000,1.000000,1.000000,1.000000,0,0,0,0
1603,23,450,1152,1.000000,1.000000,1.000000,1.000000,0,0,0,0
1604,21,450,1153,1.000000,1.000000,1.000000,1.000000,0,0,0,0
1605,19,450,1154,1.000000,1.000000,1.000000,1.000000,0,0,0,0
1606,17,450,1155,1.000000,1.000000,1.000000,1.000000,0,0,1,0
1607,15,450,1156,1.000000,1.000000,1.000000,1.000000,0,0,0,0
1608,29,451,1156,1.000000,1.000000,1.000000,1.000000,0,0,0,0
1609,27,451,1157,1.000000,1.000000,1.000000,1.000000,0,1,0,0
1610,25,451,1158,1.000000,1.000000,1.000000,1.000000,0,0,0,0
1611,23,451,1159,1.000000,1.000000,1.000000,1.000000,0,0,0,0
1612,21,451,1160,1.000000,1.000000,1.000000,1.000000,0,0,0,0
1613,19,451,1161,1.000000,1.000000,1.000000,1.000000,1,0,0,0
1614,17,451,1162,1.000000,1.000000,1.000000,1.000000,0,0,0,0
1615,29,452,1162,1.000000,1.000000,1.000000,1.000000,0,0,0,0
1616,27,452,1163,1.000000,1.000000,1.000000,1.000000,0,0,0,0
1617,25,452,1164,1.000000,1.000000,1.000000,1.000000,0,0,0,0
1618,23,452,1165,1.000000,1.000000,1.000000,1.000000,0,0,0,0
1619,21,452,1166,1.000000,1.000000,1.000000,1.000000,0,0,1,0
1620,19,452,1167,1.000000,1.000000,1.000000,1.000000,0,0,0,0
1621,29,453,1167,1.000000,1.000000,1.000000,1.000000,0,0,0,0
1622,27,453,1168,1.000000,1.000000,1.000000,1.000000,0,0,0,0
1623,25,453,1169,1.000000,1.000000,1.000000,1.000000,0,0,0,0
1624,23,453,1170,1.000000,1.000000,1.000000,1.000000,0,0,0,0
1625,21,453,1171,1.000000,1.000000,1.000000,1.000000,0,0,0,0
1626,19,453,1172,1.000000,1.000000,1.000000,1.000000,0,0,0,1
1627,17,453,1173,1.000000,1.000000,1.000000,1.000000,0,0,1,0
1628,29,454,1173,1.000000,1.000000,1.000000,1.000000,0,0,1,0
1629,27,454,1174,1.000000,1.000000,1.000000,1.000000,0,0,0,0
1630,29,455,1174,1.000000,1.000000,1.000000,1.000000,0,0,0,0
1631,27,455,1175,1.000000,1.000000,1.000000,1.000000,0,0,0,0
1632,25,455,1176,1.000000,1.000000,1.000000,1.000000,0,0,0,0
1633,23,455,1177,1.000000,1.000000,1.000000,1.000000,0,0,0,0
1634,21,455,1178,1.000000,1.000000,1.000000,1.000000,0,0,0,0
1635,19,455,1179,1.000000,1.000000,1.000000,1.000000,0,0,0,0
1636,17,455,1180,1.000000,1.000000,1.000000,1.000000,0,0,0,0
1637,15,455,1181,1.000000,1.000000,1.000000,1.000000,0,0,0,0
1638,13,455,1182,1.000000,1.000000,1.000000,1.000000,0,0,0,0
1639,11,455,1183,1.000000,1.000000,1.000000,1.000000,0,0,0,0
1640,9,455,1184,1.000000,1.000000,1.000000,1.000000,0,1,0,0
1641,7,455,1185,1.000000,1.000000,1.000000,1.000000,0,1,0,0
1642,29,456,1185,1.000000,1.000000,1.000000,1.000000,0,1,0,0
1643,27,456,1186,1.000000,1.000000,1.000000,1.000000,1,1,1,0
1644,29,457,1186,1.000000,1.000000,1.000000,1.000000,1,1,1,0
1645,27,457,1187,1.000000,1.000000,1.000000,1.000000,0,1,1,0
1646,29,458,1187,1.000000,1.000000,1.000000,1.000000,0,1,1,0
1647,27,458,1188,1.000000,1.000000,1.000000,1.000000,0,0,0,0
1648,29,459,1188,1.000000,1.000000,1.000000,1.000000,0,0,0,0
1649,27,459,1189,1.000000,1.000000,1.000000,1.000000,0,0,0,0
1650,25,459,1190,1.000000,1.000000,1.000000,1.000000,0,0,1,0
1651,23,459,1191,1.000000,1.000000,1.000000,1.000000,0,1,1,0
1652,29,460,1191,1.000000,1.000000,1.000000,1.000000,0,1,1,0
1653,27,460,1192,1.000000,1.000000,1.000000,1.000000,0,1,1,0
1654,29,461,1192,1.000000,1.000000,1.000000,1.000000,0,1,1,0
1655,27,461,1193,1.000000,1.000000,1.000000,1.000000,1,0,1,0
1656,29,462,1193,1.000000,1.000000,1.000000,1.000000,1,0,1,0
1657,27,462,1194,1.000000,1.000000,1.000000,1.000000,0,0,0,0
1658,29,463,1194,1.000000,1.000000,1.000000,1.000000,0,0,0,0
1659,27,463,1195,1.000000,1.000000,1.000000,1.000000,0,0,0,0
1660,25,463,1196,1.000000,1.000000,1.000000,1.000000,0,0,0,0
1661,23,463,1197,1.000000,1.000000,1.000000,1.000000,0,0,0,0
1662,21,463,1198,1.000000,1.000000,1.000000,1.000000,0,0,0,0
1663,19,463,1199,1.000000,1.000000,1.000000,1.000000,0,0,0,0
1664,17,463,1200,1.000000,1.000000,1.000000,1.000000,0,0,0,0
1665,15,463,1201,1.000000,1.000000,1.000000,1.000000,0,0,0,0
1666,13,463,1202,1.000000,1.000000,1.000000,1.000000,0,0,0,0
1667,11,463,1203,1.000000,1.000000,1.000000,1.000000,0,0,0,0
1668,9,463,1204,1.000000,1.000000,1.000000,1.000000,0,0,0,0
1669,7,463,1205,1.000000,1.000000,1.000000,1.000000,0,1,1,0
1670,5,463,1206,1.000000,1.000000,1.000000,1.000000,0,1,0,0
1671,29,464,1206,1.000000,1.000000,1.000000,1.000000,0,1,0,0
1672,27,464,1207,1.000000,1.000000,1.000000,1.000000,1,0,0,0
1673,29,465,1207,1.000000,1.000000,1.000000,1.000000,1,0,0,0
1674,27,465,1208,1.000000,1.000000,1.000000,1.000000,0,0,0,0
1675,29,466,1208,1.000000,1.000000,1.000000,1.000000,0,0,0,0
1676,27,466,1209,1.000000,1.000000,1.000000,1.000000,0,0,0,0
1677,25,466,1210,1.000000,1.000000,1.000000,1.000000,0,0,0,0
1678,23,466,1211,1.000000,1.000000,1.000000,1.000000,0,0,0,0
1679,21,466,1212,1.000000,1.000000,1.000000,1.000000,0,0,0,0
1680,19,466,1213,1.000000,1.000000,1.000000,1.000000,0,0,0,1
1681,17,466,1214,1.000000,1.000000,1.000000,1.000000,1,0,0,1
1682,29,467,1214,1.000000,1.000000,1.000000,1.000000,1,0,0,1
1683,27,467,1215,1.000000,1.000000,1.000000,1.000000,1,0,0,1
1684,29,468,1215,1.000000,1.000000,1.000000,1.000000,1,0,0,1
1685,27,468,1216,1.000000,1.000000,1.000000,1.000000,1,0,1,0
1686,29,469,1216,1.000000,1.000000,1.000000,1.000000,1,0,1,0
1687,27,469,1217,1.000000,1.000000,1.000000,1.000000,0,1,0,0
1688,29,470,1217,1.000000,1.000000,1.000000,1.000000,0,1,0,0
1689,27,470,1218,1.000000,1.000000,1.000000,1.000000,0,0,0,0
1690,29,471,1218,1.000000,1.000000,1.000000,1.000000,0,0,0,0
1691,27,471,1219,1.000000,1.000000,1.000000,1.000000,0,0,0,0
1692,25,471,1220,1.000000,1.000000,1.000000,1.000000,0,0,0,0
1693,23,471,1221,1.000000,1.000000,1.000000,1.000000,1,1,0,0
1694,21,471,1222,1.000000,1.000000,1.000000,1.000000,0,0,0,0
1695,29,472,1222,1.000000,1.000000,1.000000,1.000000,0,0,0,0
1696,27,472,1223,1.000000,1.000000,1.000000,1.000000,0,0,0,0
1697,25,472,1224,1.000000,1.000000,1.000000,1.000000,0,0,0,0
1698,23,472,1225,1.000000,1.000000,1.000000,1.000000,0,0,1,0
1699,21,472,1226,1.000000,1.000000,1.000000,1.000000,0,0,1,0
1700,19,472,1227,1.000000,1.000000,1.000000,1.000000,1,0,0,0
1701,29,473,1227,1.000000,1.000000,1.000000,1.000000,1,0,0,0
1702,27,473,1228,1.000000,1.000000,1.000000,1.000000,0,0,0,0
1703,29,474,1228,1.000000,1.000000,1.000000,1.000000,0,0,0,0
1704,27,474,1229,1.000000,1.000000,1.000000,1.000000,0,0,0,0
1705,25,474,1230,1.000000,1.000000,1.000000,1.000000,0,0,0,0
1706,23,474,1231,1.000000,1.000000,1.000000,1.000000,0,0,0,0
1707,21,474,1232,1.000000,1.000000,1.000000,1.000000,0,0,0,0
1708,19,474,1233,1.000000,1.000000,1.000000,1.000000,0,0,0,0
1709,17,474,1234,1.000000,1.000000,1.000000,1.000000,0,1,0,0
1710,15,474,1235,1.000000,1.000000,1.000000,1.000000,1,0,0,0
1711,29,475,1235,1.000000,1.000000,1.000000,1.000000,1,0,0,0
1712,27,475,1236,1.000000,1.000000,1.000000,1.000000,0,0,0,0
1713,29,476,1236,1.000000,1.000000,1.000000,1.000000,0,0,0,0
1714,27,476,1237,1.000000,1.000000,1.000000,1.000000,0,0,0,0
1715,25,476,1238,1.000000,1.000000,1.000000,1.000000,1,0,0,0
1716,23,476,1239,1.000000,1.000000,1.000000,1.000000,0,0,0,1
1717,29,477,1239,1.000000,1.000000,1.000000,1.000000,0,0,0,1
1718,27,477,1240,1.000000,1.000000,1.000000,1.000000,1,0,0,0
1719,29,478,1240,1.000000,1.000000,1.000000,1.000000,1,0,0,0
1720,27,478,1241,1.000000,1.000000,1.000000,1.000000,0,0,0,0
1721,29,479,1241,1.000000,1.000000,1.000000,1.000000,0,0,0,0
1722,27,479,1242,1.000000,1.000000,1.000000,1.000000,1,0,0,0
1723,25,479,1243,1.000000,1.000000,1.000000,1.000000,0,0,0,0
1724,29,480,1243,1.000000,1.000000,1.000000,1.000000,0,0,0,0
1725,27,480,1244,1.000000,1.000000,1.000000,1.000000,0,0,0,0
1726,25,480,1245,1.000000,1.000000,1.000000,1.000000,0,0,0,0
1727,23,480,1246,1.000000,1.000000,1.000000,1.000000,0,0,0,0
1728,21,480,1247,1.000000,1.000000,1.000000,1.000000,0,0,0,0
1729,19,480,1248,1.000000,1.000000,1.000000,1.000000,0,0,0,0
1730,17,480,1249,1.000000,1.000000,1.000000,1.000000,0,0,0,0
1731,15,480,1250,1.000000,1.000000,1.000000,1.000000,1,0,0,0
1732,13,480,1251,1.000000,1.000000,1.000000,1.000000,0,1,0,0
1733,11,480,1252,1.000000,1.000000,1.000000,1.000000,0,0,0,1
1734,29,481,1252,1.000000,1.000000,1.000000,1.000000,0,0,0,1
1735,27,481,1253,1.000000,1.000000,1.000000,1.000000,0,0,0,0
1736,29,482,1253,1.000000,1.000000,1.000000,1.000000,0,0,0,0
1737,27,482,1254,1.000000,1.000000,1.000000,1.000000,0,0,0,0
1738,25,482,1255,1.000000,1.000000,1.000000,1.000000,0,0,0,0
1739,23,482,1256,1.000000,1.000000,1.000000,1.000000,0,1,1,1
1740,21,482,1257,1.000000,1.000000,1.000000,1.000000,0,0,0,0
1741,29,483,1257,1.000000,1.000000,1.000000,1.000000,0,0,0,0
1742,27,483,1258,1.000000,1.000000,1.000000,1.000000,0,0,1,1
1743,25,483,1259,1.000000,1.000000,1.000000,1.000000,0,0,1,0
1744,29,484,1259,1.000000,1.000000,1.000000,1.000000,0,0,1,0
1745,27,484,1260,1.000000,1.000000,1.000000,1.000000,0,1,0,0
1746,29,485,1260,1.000000,1.000000,1.000000,1.000000,0,1,0,0
1747,27,485,1261,1.000000,1.000000,1.000000,1.000000,0,0,0,0
1748,29,486,1261,1.000000,1.000000,1.000000,1.000000,0,0,0,0
1749,27,486,1262,1.000000,1.000000,1.000000,1.000000,0,0,0,0
1750,25,486,1263,1.000000,1.000000,1.000000,1.000000,0,1,0,0
1751,23,486,1264,1.000000,1.000000,1.000000,1.000000,0,0,0,0
1752,21,486,1265,1.000000,1.000000,1.000000,1.000000,0,1,0,0
1753,19,486,1266,1.000000,1.000000,1.000000,1.000000,0,0,1,0
1754,29,487,1266,1.000000,1.000000,1.000000,1.000000,0,0,1,0
1755,27,487,1267,1.000000,1.000000,1.000000,1.000000,0,0,0,0
1756,29,488,1267,1.000000,1.000000,1.000000,1.000000,0,0,0,0
1757,27,488,1268,1.000000,1.000000,1.000000,1.000000,0,1,0,0
1758,25,488,1269,1.000000,1.000000,1.000000,1.000000,0,1,1,0
1759,29,489,1269,1.000000,1.000000,1.000000,1.000000,0,1,1,0
1760,27,489,1270,1.000000,1.000000,1.000000,1.000000,0,0,1,0
1761,29,490,1270,1.000000,1.000000,1.000000,1.000000,0,0,1,0
1762,27,490,1271,1.000000,1.000000,1.000000,1.000000,0,0,1,0
1763,29,491,1271,1.000000,1.000000,1.000000,1.000000,0,0,1,0
1764,27,491,1272,1.000000,1.000000,1.000000,1.000000,0,0,0,0
1765,29,492,1272,1.000000,1.000000,1.000000,1.000000,0,0,0,0
1766,27,492,1273,1.000000,1.000000,1.000000,1.000000,0,0,0,0
1767,25,492,1274,1.000000,1.000000,1.000000,1.000000,0,0,0,0
1768,23,492,1275,1.000000,1.000000,1.000000,1.000000,0,0,0,1
1769,21,492,1276,1.000000,1.000000,1.000000,1.000000,0,0,0,0
1770,19,492,1277,1.000000,1.000000,1.000000,1.000000,0,0,0,0
1771,17,492,1278,1.000000,1.000000,1.000000,1.000000,0,0,1,0
1772,15,492,1279,1.000000,1.000000,1.000000,1.000000,0,1,0,0
1773,29,493,1279,1.000000,1.000000,1.000000,1.000000,0,1,0,0
1774,27,493,1280,1.000000,1.000000,1.000000,1.000000,0,0,0,0
1775,29,494,1280,1.000000,1.000000,1.000000,1.000000,0,0,0,0
1776,27,494,1281,1.000000,1.000000,1.000000,1.000000,0,0,0,0
1777,25,494,1282,1.000000,1.000000,1.000000,1.000000,0,0,0,0
1778,23,494,1283,1.000000,1.000000,1.000000,1.000000,0,0,0,0
1779,21,494,1284,1.000000,1.000000,1.000000,1.000000,0,0,0,0
1780,19,494,1285,1.000000,1.000000,1.000000,1.000000,0,0,0,0
1781,17,494,1286,1.000000,1.000000,1.000000,1.000000,0,0,0,0
1782,15,494,1287,1.000000,1.000000,1.000000,1.000000,0,0,0,0
1783,13,494,1288,1.000000,1.000000,1.000000,1.000000,0,0,0,0
1784,11,494,1289,1.000000,1.000000,1.000000,1.000000,1,1,0,0
1785,9,494,1290,1.000000,1.000000,1.000000,1.000000,0,0,0,0
1786,29,495,1290,1.000000,1.000000,1.000000,1.000000,0,0,0,0
1787,27,495,1291,1.000000,1.000000,1.000000,1.000000,1,0,0,1
1788,25,495,1292,1.000000,1.000000,1.000000,1.000000,1,0,0,0
1789,29,496,1292,1.000000,1.000000,1.000000,1.000000,1,0,0,0
1790,27,496,1293,1.000000,1.000000,1.000000,1.000000,1,1,0,0
1791,29,497,1293,1.000000,1.000000,1.000000,1.000000,1,1,0,0
1792,27,497,1294,1.000000,1.000000,1.000000,1.000000,1,1,0,0
1793,29,498,1294,1.000000,1.000000,1.000000,1.000000,1,1,0,0
1794,27,498,1295,1.000000,1.000000,1.000000,1.000000,1,1,0,0
1795,29,499,1295,1.000000,1.000000,1.000000,1.000000,1,1,0,0
1796,27,499,1296,1.000000,1.000000,1.000000,1.000000,0,0,0,0
1797,29,500,1296,1.000000,1.000000,1.000000,1.000000,0,0,0,0
1798,27,500,1297,1.000000,1.000000,1.000000,1.000000,0,0,1,0
1799,25,500,1298,1.000000,1.000000,1.000000,1.000000,0,0,0,0
1800,29,501,1298,1.000000,1.000000,1.000000,1.000000,0,0,0,0
1801,27,501,1299,1.000000,1.000000,1.000000,1.000000,0,0,0,1
1802,25,501,1300,1.000000,1.000000,1.000000,1.000000,0,0,0,0
1803,29,502,1300,1.000000,1.000000,1.000000,1.000000,0,0,0,0
1804,27,502,1301,1.000000,1.000000,1.000000,1.000000,0,0,0,0
1805,25,502,1302,1.000000,1.000000,1.000000,1.000000,0,0,0,0
1806,23,502,1303,1.000000,1.000000,1.000000,1.000000,0,0,0,0
1807,21,502,1304,1.000000,1.000000,1.000000,1.000000,0,0,0,0
1808,19,502,1305,1.000000,1.000000,1.000000,1.000000,1,0,0,0
1809,17,502,1306,1.000000,1.000000,1.000000,1.000000,1,0,0,0
1810,29,503,1306,1.000000,1.000000,1.000000,1.000000,1,0,0,0
1811,27,503,1307,1.000000,1.000000,1.000000,1.000000,1,1,0,0
1812,29,504,1307,1.000000,1.000000,1.000000,1.000000,1,1,0,0
1813,27,504,1308,1.000000,1.000000,1.000000,1.000000,1,1,0,0
1814,29,505,1308,1.000000,1.000000,1.000000,1.000000,1,1,0,0
1815,27,505,1309,1.000000,1.000000,1.000000,1.000000,0,1,0,1
1816,29,506,1309,1.000000,1.000000,1.000000,1.000000,0,1,0,1
1817,27,506,1310,1.000000,1.000000,1.000000,1.000000,0,0,1,0
1818,29,507,1310,1.000000,1.000000,1.000000,1.000000,0,0,1,0
1819,27,507,1311,1.000000,1.000000,1.000000,1.000000,0,1,0,0
1820,25,507,1312,1.000000,1.000000,1.000000,1.000000,0,0,0,1
1821,23,507,1313,1.000000,1.000000,1.000000,1.000000,0,1,0,0
1822,21,507,1314,1.000000,1.000000,1.000000,1.000000,0,0,0,1
1823,29,508,1314,1.000000,1.000000,1.000000,1.000000,0,0,0,1
1824,27,508,1315,1.000000,1.000000,1.000000,1.000000,0,0,0,0
1825,29,509,1315,1.000000,1.000000,1.000000,1.000000,0,0,0,0
1826,27,509,1316,1.000000,1.000000,1.000000,1.000000,0,0,0,0
1827,25,509,1317,1.000000,1.000000,1.000000,1.000000,0,0,0,0
1828,23,509,1318,1.000000,1.000000,1.000000,1.000000,0,0,0,1
1829,29,510,1318,1.000000,1.000000,1.000000,1.000000,0,0,0,1
1830,27,510,1319,1.000000,1.000000,1.000000,1.000000,1,0,1,0
1831,25,510,1320,1.000000,1.000000,1.000000,1.000000,0,1,1,0
1832,23,510,1321,1.000000,1.000000,1.000000,1.000000,0,1,0,1
1833,29,511,1321,1.000000,1.000000,1.000000,1.000000,0,1,0,1
1834,27,511,1322,1.000000,1.000000,1.000000,1.000000,0,0,1,0
1835,25,511,1323,1.000000,1.000000,1.000000,1.000000,1,0,1,0
1836,29,512,1323,1.000000,1.000000,1.000000,1.000000,1,0,1,0
1837,27,512,1324,1.000000,1.000000,1.000000,1.000000,0,0,0,0
1838,29,513,1324,1.000000,1.000000,1.000000,1.000000,0,0,0,0
1839,27,513,1325,1.000000,1.000000,1.000000,1.000000,0,0,1,0
1840,25,513,1326,1.000000,1.000000,1.000000,1.000000,0,0,0,0
1841,29,514,1326,1.000000,1.000000,1.000000,1.000000,0,0,0,0
1842,27,514,1327,1.000000,1.000000,1.000000,1.000000,0,1,0,0
1843,25,514,1328,1.000000,1.000000,1.000000,1.000000,0,0,0,0
1844,29,515,1328,1.000000,1.000000,1.000000,1.000000,0,0,0,0
1845,27,515,1329,1.000000,1.000000,1.000000,1.000000,0,1,0,0
1846,25,515,1330,1.000000,1.000000,1.000000,1.000000,0,0,0,0
1847,29,516,1330,1.000000,1.000000,1.000000,1.000000,0,0,0,0
1848,27,516,1331,1.000000,1.000000,1.000000,1.000000,1,0,0,0
1849,25,516,1332,1.000000,1.000000,1.000000,1.000000,0,0,0,1
1850,29,517,1332,1.000000,1.000000,1.000000,1.000000,0,0,0,1
1851,27,517,1333,1.000000,1.000000,1.000000,1.000000,1,0,0,1
1852,25,517,1334,1.000000,1.000000,1.000000,1.000000,1,1,0,1
1853,29,518,1334,1.000000,1.000000,1.000000,1.000000,1,1,0,1
1854,27,518,1335,1.000000,1.000000,1.000000,1.000000,1,0,0,0
1855,29,519,1335,1.000000,1.000000,1.000000,1.000000,1,0,1,0
1856,27,519,1336,1.000000,1.000000,1.000000,1.000000,0,1,0,0
1857,25,519,1337,1.000000,1.000000,1.000000,1.000000,0,1,0,1
1858,29,520,1337,1.000000,1.000000,1.000000,1.000000,0,1,0,1
1859,27,520,1338,1.000000,1.000000,1.000000,1.000000,0,0,0,0
1860,29,521,1338,1.000000,1.000000,1.000000,1.000000,0,0,0,0
1861,27,521,1339,1.000000,1.000000,1.000000,1.000000,0,0,1,0
1862,25,521,1340,1.000000,1.000000,1.000000,1.000000,0,0,0,0
1863,29,522,1340,1.000000,1.000000,1.000000,1.000000,0,0,0,0
1864,27,522,1341,1.000000,1.000000,1.000000,1.000000,0,0,1,0
1865,25,522,1342,1.000000,1.000000,1.000000,1.000000,0,0,0,0
1866,29,523,1342,1.000000,1.000000,1.000000,1.000000,0,0,0,0
1867,27,523,1343,1.000000,1.000000,1.000000,1.000000,0,0,0,0
1868,25,523,1344,1.000000,1.000000,1.000000,1.000000,0,0,0,0
1869,23,523,1345,1.000000,1.000000,1.000000,1.000000,0,0,0,0
1870,21,523,1346,1.000000,1.000000,1.000000,1.000000,0,0,0,0
1871,19,523,1347,1.000000,1.000000,1.000000,1.000000,0,0,0,0
1872,17,523,1348,1.000000,1.000000,1.000000,1.000000,0,0,0,0
1873,15,523,1349,1.000000,1.000000,1.000000,1.000000,0,0,0,0
1874,13,523,1350,1.000000,1.000000,1.000000,1.000000,0,0,0,0
1875,11,523,1351,1.000000,1.000000,1.000000,1.000000,0,1,0,0
1876,9,523,1352,1.000000,1.000000,1.000000,1.000000,0,0,0,0
1877,29,524,1352,1.000000,1.000000,1.000000,1.000000,0,0,0,0
1878,27,524,1353,1.000000,1.000000,1.000000,1.000000,0,0,0,0
1879,25,524,1354,1.000000,1.000000,1.000000,1.000000,0,0,0,0
1880,23,524,1355,1.000000,1.000000,1.000000,1.000000,0,0,0,0
1881,21,524,1356,1.000000,1.000000,1.000000,1.000000,0,0,0,0
1882,19,524,1357,1.000000,1.000000,1.000000,1.000000,0,0,0,1
1883,17,524,1358,1.000000,1.000000,1.000000,1.000000,0,0,0,0
1884,29,525,1358,1.000000,1.000000,1.000000,1.000000,0,0,0,0
1885,27,525,1359,1.000000,1.000000,1.000000,1.000000,0,0,0,0
1886,25,525,1360,1.000000,1.000000,1.000000,1.000000,0,0,0,0
1887,23,525,1361,1.000000,1.000000,1.000000,1.000000,0,0,0,0
1888,21,525,1362,1.000000,1.000000,1.000000,1.000000,0,0,0,0
1889,19,525,1363,1.000000,1.000000,1.000000,1.000000,0,0,0,0
1890,17,525,1364,1.000000,1.000000,1.000000,1.000000,0,0,0,0
1891,15,525,1365,1.000000,1.000000,1.000000,1.000000,0,0,1,0
1892,13,525,1366,1.000000,1.000000,1.000000,1.000000,0,0,1,0
1893,11,525,1367,1.000000,1.000000,1.000000,1.000000,0,0,0,1
1894,9,525,1368,1.000000,1.000000,1.000000,1.000000,0,1,0,0
1895,29,526,1368,1.000000,1.000000,1.000000,1.000000,0,1,0,0
1896,27,526,1369,1.000000,1.000000,1.000000,1.000000,0,0,0,0
1897,25,526,1370,1.000000,1.000000,1.000000,1.000000,0,0,0,0
1898,23,526,1371,1.000000,1.000000,1.000000,1.000000,1,0,0,0
1899,21,526,1372,1.000000,1.000000,1.000000,1.000000,0,0,0,0
1900,29,527,1372,1.000000,1.000000,1.000000,1.000000,0,0,0,0
1901,27,527,1373,1.000000,1.000000,1.000000,1.000000,0,0,0,1
1902,25,527,1374,1.000000,1.000000,1.000000,1.000000,0,0,0,0
1903,29,528,1374,1.000000,1.000000,1.000000,1.000000,0,0,0,0
1904,27,528,1375,1.000000,1.000000,1.000000,1.000000,0,0,0,0
1905,25,528,1376,1.000000,1.000000,1.000000,1.000000,0,0,0,0
1906,23,528,1377,1.000000,1.000000,1.000000,1.000000,1,0,0,0
1907,21,528,1378,1.000000,1.000000,1.000000,1.000000,1,0,0,0
1908,29,529,1378,1.000000,1.000000,1.000000,1.000000,1,0,0,0
1909,27,529,1379,1.000000,1.000000,1.000000,1.000000,1,1,0,0
1910,29,530,1379,1.000000,1.000000,1.000000,1.000000,1,1,0,0
1911,27,530,1380,1.000000,1.000000,1.000000,1.000000,1,1,0,0
1912,29,531,1380,1.000000,1.000000,1.000000,1.000000,1,1,0,0
1913,27,531,1381,1.000000,1.000000,1.000000,1.000000,0,1,0,1
1914,29,532,1381,1.000000,1.000000,1.000000,1.000000,0,1,0,1
1915,27,532,1382,1.000000,1.000000,1.000000,1.000000,0,0,1,0
1916,29,533,1382,1.000000,1.000000,1.000000,1.000000,0,0,1,0
1917,27,533,1383,1.000000,1.000000,1.000000,1.000000,0,1,0,0
1918,29,534,1383,1.000000,1.000000,1.000000,1.000000,0,1,0,0
1919,27,534,1384,1.000000,1.000000,1.000000,1.000000,0,0,0,0
1920,25,534,1385,1.000000,1.000000,1.000000,1.000000,0,1,0,0
1921,23,534,1386,1.000000,1.000000,1.000000,1.000000,0,0,0,0
1922,29,535,1386,1.000000,1.000000,1.000000,1.000000,0,0,0,0
1923,27,535,1387,1.000000,1.000000,1.000000,1.000000,0,0,0,0
1924,25,535,1388,1.000000,1.000000,1.000000,1.000000,0,0,0,1
1925,23,535,1389,1.000000,1.000000,1.000000,1.000000,1,0,1,0
1926,29,536,1389,1.000000,1.000000,1.000000,1.000000,1,1,1,0
1927,27,536,1390,1.000000,1.000000,1.000000,1.000000,0,0,0,0
1928,29,537,1390,1.000000,1.000000,1.000000,1.000000,1,0,0,0
1929,27,537,1391,1.000000,1.000000,1.000000,1.000000,0,0,0,1
1930,29,538,1391,1.000000,1.000000,1.000000,1.000000,0,1,0,1
1931,27,538,1392,1.000000,1.000000,1.000000,1.000000,0,0,0,0
1932,29,539,1392,1.000000,1.000000,1.000000,1.000000,0,0,1,0
1933,27,539,1393,1.000000,1.000000,1.000000,1.000000,0,0,0,0
1934,29,540,1393,1.000000,1.000000,1.000000,1.000000,0,0,0,0
1935,27,540,1394,1.000000,1.000000,1.000000,1.000000,0,0,0,0
1936,25,540,1395,1.000000,1.000000,1.000000,1.000000,0,0,1,1
1937,23,540,1396,1.000000,1.000000,1.000000,1.000000,0,0,0,0
1938,29,541,1396,1.000000,1.000000,1.000000,1.000000,0,0,0,0
1939,27,541,1397,1.000000,1.000000,1.000000,1.000000,0,0,1,0
1940,25,541,1398,1.000000,1.000000,1.000000,1.000000,0,0,0,0
1941,29,542,1398,1.000000,1.000000,1.000000,1.000000,0,0,0,0
1942,27,542,1399,1.000000,1.000000,1.000000,1.000000,1,0,0,0
1943,25,542,1400,1.000000,1.000000,1.000000,1.000000,0,0,0,1
1944,29,543,1400,1.000000,1.000000,1.000000,1.000000,1,0,0,1
1945,27,543,1401,1.000000,1.000000,1.000000,1.000000,1,0,0,0
1946,29,544,1401,1.000000,1.000000,1.000000,1.000000,1,0,0,0
1947,27,544,1402,1.000000,1.000000,1.000000,1.000000,0,1,0,0
1948,29,545,1402,1.000000,1.000000,1.000000,1.000000,0,1,0,0
1949,27,545,1403,1.000000,1.000000,1.000000,1.000000,0,1,0,0
1950,25,545,1404,1.000000,1.000000,1.000000,1.000000,0,0,1,1
1951,29,546,1404,1.000000,1.000000,1.000000,1.000000,0,0,1,1
1952,27,546,1405,1.000000,1.000000,1.000000,1.000000,0,1,0,0
1953,25,546,1406,1.000000,1.000000,1.000000,1.000000,0,0,0,1
1954,29,547,1406,1.000000,1.000000,1.000000,1.000000,0,0,0,1
1955,27,547,1407,1.000000,1.000000,1.000000,1.000000,0,0,0,0
1956,29,548,1407,1.000000,1.000000,1.000000,1.000000,0,0,0,0
1957,27,548,1408,1.000000,1.000000,1.000000,1.000000,0,0,0,0
1958,25,548,1409,1.000000,1.000000,1.000000,1.000000,0,1,0,1
1959,23,548,1410,1.000000,1.000000,1.000000,1.000000,0,0,0,0
1960,29,549,1410,1.000000,1.000000,1.000000,1.000000,0,0,0,0
1961,27,549,1411,1.000000,1.000000,1.000000,1.000000,0,0,0,1
1962,25,549,1412,1.000000,1.000000,1.000000,1.000000,0,0,0,0
1963,29,550,1412,1.000000,1.000000,1.000000,1.000000,0,0,0,0
1964,27,550,1413,1.000000,1.000000,1.000000,1.000000,0,0,0,0
1965,25,550,1414,1.000000,1.000000,1.000000,1.000000,0,0,0,0
1966,23,550,1415,1.000000,1.000000,1.000000,1.000000,0,0,0,0
1967,21,550,1416,1.000000,1.000000,1.000000,1.000000,0,0,0,0
1968,19,550,1417,1.000000,1.000000,1.000000,1.000000,0,0,0,0
1969,17,550,1418,1.000000,1.000000,1.000000,1.000000,0,0,0,0
1970,15,550,1419,1.000000,1.000000,1.000000,1.000000,0,0,0,0
1971,13,550,1420,1.000000,1.000000,1.000000,1.000000,1,0,0,0
1972,11,550,1421,1.000000,1.000000,1.000000,1.000000,1,1,0,1
1973,29,551,1421,1.000000,1.000000,1.000000,1.000000,1,1,0,1
1974,27,551,1422,1.000000,1.000000,1.000000,1.000000,1,0,0,1
1975,29,552,1422,1.000000,1.000000,1.000000,1.000000,1,0,0,1
1976,27,552,1423,1.000000,1.000000,1.000000,1.000000,0,1,0,1
1977,29,553,1423,1.000000,1.000000,1.000000,1.000000,0,1,0,1
1978,27,553,1424,1.000000,1.000000,1.000000,1.000000,0,0,0,0
1979,29,554,1424,1.000000,1.000000,1.000000,1.000000,0,0,0,0
1980,27,554,1425,1.000000,1.000000,1.000000,1.000000,0,0,0,0
1981,25,554,1426,1.000000,1.000000,1.000000,1.000000,0,0,0,0
1982,23,554,1427,1.000000,1.000000,1.000000,1.000000,0,1,0,0
1983,21,554,1428,1.000000,1.000000,1.000000,1.000000,0,0,0,0
1984,29,555,1428,1.000000,1.000000,1.000000,1.000000,0,0,0,0
1985,27,555,1429,1.000000,1.000000,1.000000,1.000000,0,1,0,0
1986,25,555,1430,1.000000,1.000000,1.000000,1.000000,1,0,0,0
1987,29,556,1430,1.000000,1.000000,1.000000,1.000000,1,0,0,0
1988,27,556,1431,1.000000,1.000000,1.000000,1.000000,1,0,0,0
1989,29,557,1431,1.000000,1.000000,1.000000,1.000000,1,0,0,0
1990,27,557,1432,1.000000,1.000000,1.000000,1.000000,0,1,0,0
1991,29,558,1432,1.000000,1.000000,1.000000,1.000000,0,1,0,0
1992,27,558,1433,1.000000,1.000000,1.000000,1.000000,0,0,0,0
1993,29,559,1433,1.000000,1.000000,1.000000,1.000000,0,0,0,0
1994,27,559,1434,1.000000,1.000000,1.000000,1.000000,0,1,0,0
1995,25,559,1435,1.000000,1.000000,1.000000,1.000000,0,0,0,0
1996,29,560,1435,1.000000,1.000000,1.000000,1.000000,0,0,0,0
1997,27,560,1436,1.000000,1.000000,1.000000,1.000000,0,0,0,0
1998,25,560,1437,1.000000,1.000000,1.000000,1.000000,0,0,0,0
1999,23,560,1438,1.000000,1.000000,1.000000,1.000000,0,1,0,0
2000,21,560,1439,1.000000,1.000000,1.000000,1.000000,0,0,0,0
