tick,energy,eats,distance,conn_1_6_weight,conn_2_7_weight,conn_3_8_weight,conn_4_9_weight,food_north_sensed,food_east_sensed,food_south_sensed,food_west_sensed
0,30,0,0,1.000000,1.000000,1.000000,1.000000,0,0,0,0
1,29,0,0,1.000000,1.000000,1.000000,1.000000,1,0,0,1
2,27,0,1,1.000000,1.000000,1.000000,1.000000,1,0,1,1
3,29,1,1,1.000000,1.000000,1.000000,1.000000,1,0,1,1
4,27,1,2,1.000000,1.000000,1.000000,1.000000,0,0,1,0
5,25,1,3,1.000000,1.000000,1.000000,1.000000,1,0,0,0
6,29,2,3,1.000000,1.000000,1.000000,1.000000,1,0,0,0
7,27,2,4,1.000000,1.000000,1.000000,1.000000,0,0,0,0
8,29,3,4,1.000000,1.000000,1.000000,1.000000,0,0,0,0
9,27,3,5,1.000000,1.000000,1.000000,1.000000,0,0,0,0
10,25,3,6,1.000000,1.000000,1.000000,1.000000,0,0,0,0
11,23,3,7,1.000000,1.000000,1.000000,1.000000,0,0,0,0
12,21,3,8,1.000000,1.000000,1.000000,1.000000,0,0,0,0
13,19,3,9,1.000000,1.000000,1.000000,1.000000,0,0,0,0
14,17,3,10,1.000000,1.000000,1.000000,1.000000,0,1,0,0
15,15,3,11,1.000000,1.000000,1.000000,1.000000,0,1,0,0
16,29,4,11,1.000000,1.000000,1.000000,1.000000,0,1,0,0
17,27,4,12,1.000000,1.000000,1.000000,1.000000,1,0,1,0
18,25,4,13,1.000000,1.000000,1.000000,1.000000,0,0,1,0
19,23,4,14,1.000000,1.000000,1.000000,1.000000,1,0,1,0
20,29,5,14,1.000000,1.000000,1.000000,1.000000,1,0,1,0
21,27,5,15,1.000000,1.000000,1.000000,1.000000,0,0,0,0
22,29,6,15,1.000000,1.000000,1.000000,1.000000,0,0,0,0
23,27,6,16,1.000000,1.000000,1.000000,1.000000,0,0,0,0
24,25,6,17,1.000000,1.000000,1.000000,1.000000,0,0,0,0
25,23,6,18,1.000000,1.000000,1.000000,1.000000,0,0,0,0
26,21,6,19,1.000000,1.000000,1.000000,1.000000,0,0,1,0
27,19,6,20,1.000000,1.000000,1.000000,1.000000,0,0,0,0
28,29,7,20,1.000000,1.000000,1.000000,1.000000,0,0,0,0
29,27,7,21,1.000000,1.000000,1.000000,1.000000,0,0,0,0
30,25,7,22,1.000000,1.000000,1.000000,1.000000,0,0,0,0
31,23,7,23,1.000000,1.000000,1.000000,1.000000,0,0,0,0
32,21,7,24,1.000000,1.000000,1.000000,1.000000,0,0,0,0
33,19,7,25,1.000000,1.000000,1.000000,1.000000,0,0,0,0
34,17,7,26,1.000000,1.000000,1.000000,1.000000,1,0,0,0
35,15,7,27,1.000000,1.000000,1.000000,1.000000,0,1,0,0
36,13,7,28,1.000000,1.000000,1.000000,1.000000,1,0,1,1
37,29,8,28,1.000000,1.000000,1.000000,1.000000,1,0,1,1
38,27,8,29,1.000000,1.000000,1.000000,1.000000,0,0,0,0
39,29,9,29,1.000000,1.000000,1.000000,1.000000,0,0,0,0
40,27,9,30,1.000000,1.000000,1.000000,1.000000,1,0,0,0
41,25,9,31,1.000000,1.000000,1.000000,1.000000,0,0,0,0
42,29,10,31,1.000000,1.000000,1.000000,1.000000,0,0,0,0
43,27,10,32,1.000000,1.000000,1.000000,1.000000,1,1,0,0
44,25,10,33,1.000000,1.000000,1.000000,1.000000,0,0,0,0
45,29,11,33,1.000000,1.000000,1.000000,1.000000,0,0,0,0
46,27,11,34,1.000000,1.000000,1.000000,1.000000,1,1,0,1
47,25,11,35,1.000000,1.000000,1.000000,1.000000,1,0,0,0
48,29,12,35,1.000000,1.000000,1.000000,1.000000,1,0,0,0
49,27,12,36,1.000000,1.000000,1.000000,1.000000,0,1,0,1
50,29,13,36,1.000000,1.000000,1.000000,1.000000,0,1,0,1
51,27,13,37,1.000000,1.000000,1.000000,1.000000,0,1,0,0
52,29,14,37,1.000000,1.000000,1.000000,1.000000,0,1,0,0
53,27,14,38,1.000000,1.000000,1.000000,1.000000,1,0,0,0
54,29,15,38,1.000000,1.000000,1.000000,1.000000,1,0,0,0
55,27,15,39,1.000000,1.000000,1.000000,1.000000,0,0,0,0
56,29,16,39,1.000000,1.000000,1.000000,1.000000,0,0,0,0
57,27,16,40,1.000000,1.000000,1.000000,1.000000,0,0,0,0
58,25,16,41,1.000000,1.000000,1.000000,1.000000,0,0,0,0
59,23,16,42,1.000000,1.000000,1.000000,1.000000,0,0,0,0
60,21,16,43,1.000000,1.000000,1.000000,1.000000,0,0,0,0
61,19,16,44,1.000000,1.000000,1.000000,1.000000,0,0,0,0
62,17,16,45,1.000000,1.000000,1.000000,1.000000,0,0,0,0
63,15,16,46,1.000000,1.000000,1.000000,1.000000,0,0,0,0
64,13,16,47,1.000000,1.000000,1.000000,1.000000,0,0,0,1
65,11,16,48,1.000000,1.000000,1.000000,1.000000,0,0,1,1
66,29,17,48,1.000000,1.000000,1.000000,1.000000,0,1,1,1
67,27,17,49,1.000000,1.000000,1.000000,1.000000,0,0,0,0
68,29,18,49,1.000000,1.000000,1.000000,1.000000,0,0,0,0
69,27,18,50,1.000000,1.000000,1.000000,1.000000,0,0,0,1
70,25,18,51,1.000000,1.000000,1.000000,1.000000,0,0,0,1
71,29,19,51,1.000000,1.000000,1.000000,1.000000,0,0,0,1
72,27,19,52,1.000000,1.000000,1.000000,1.000000,0,0,1,0
73,29,20,52,1.000000,1.000000,1.000000,1.000000,0,0,1,0
74,27,20,53,1.000000,1.000000,1.000000,1.000000,0,0,1,0
75,29,21,53,1.000000,1.000000,1.000000,1.000000,0,0,1,0
76,27,21,54,1.000000,1.000000,1.000000,1.000000,0,0,0,0
77,25,21,55,1.000000,1.000000,1.000000,1.000000,0,0,1,0
78,23,21,56,1.000000,1.000000,1.000000,1.000000,0,1,1,1
79,29,22,56,1.000000,1.000000,1.000000,1.000000,0,1,1,1
80,27,22,57,1.000000,1.000000,1.000000,1.000000,0,0,1,1
81,29,23,57,1.000000,1.000000,1.000000,1.000000,0,0,1,1
82,27,23,58,1.000000,1.000000,1.000000,1.000000,0,0,1,0
83,25,23,59,1.000000,1.000000,1.000000,1.000000,1,0,0,0
84,29,24,59,1.000000,1.000000,1.000000,1.000000,1,0,0,0
85,27,24,60,1.000000,1.000000,1.000000,1.000000,0,0,0,0
86,29,25,60,1.000000,1.000000,1.000000,1.000000,0,0,0,0
87,27,25,61,1.000000,1.000000,1.000000,1.000000,0,0,0,0
88,25,25,62,1.000000,1.000000,1.000000,1.000000,0,0,0,0
89,23,25,63,1.000000,1.000000,1.000000,1.000000,1,0,0,0
90,21,25,64,1.000000,1.000000,1.000000,1.000000,1,0,0,0
91,19,25,65,1.000000,1.000000,1.000000,1.000000,0,0,1,0
92,29,26,65,1.000000,1.000000,1.000000,1.000000,0,0,1,0
93,27,26,66,1.000000,1.000000,1.000000,1.000000,0,0,0,0
94,29,27,66,1.000000,1.000000,1.000000,1.000000,0,0,0,0
95,27,27,67,1.000000,1.000000,1.000000,1.000000,0,1,0,0
96,25,27,68,1.000000,1.000000,1.000000,1.000000,1,1,1,0
97,29,28,68,1.000000,1.000000,1.000000,1.000000,1,1,1,0
98,27,28,69,1.000000,1.000000,1.000000,1.000000,0,0,0,0
99,29,29,69,1.000000,1.000000,1.000000,1.000000,0,0,0,0
100,27,29,70,1.000000,1.000000,1.000000,1.000000,0,0,0,0
101,25,29,71,1.000000,1.000000,1.000000,1.000000,0,0,1,0
102,23,29,72,1.000000,1.000000,1.000000,1.000000,0,0,1,0
103,29,30,72,1.000000,1.000000,1.000000,1.000000,0,0,1,0
104,27,30,73,1.000000,1.000000,1.000000,1.000000,0,0,0,0
105,29,31,73,1.000000,1.000000,1.000000,1.000000,0,0,0,0
106,27,31,74,1.000000,1.000000,1.000000,1.000000,0,0,0,0
107,25,31,75,1.000000,1.000000,1.000000,1.000000,0,0,0,0
108,23,31,76,1.000000,1.000000,1.000000,1.000000,0,0,0,0
109,21,31,77,1.000000,1.000000,1.000000,1.000000,0,0,0,0
110,19,31,78,1.000000,1.000000,1.000000,1.000000,1,1,0,0
111,17,31,79,1.000000,1.000000,1.000000,1.000000,1,0,0,0
112,15,31,80,1.000000,1.000000,1.000000,1.000000,1,0,1,1
113,29,32,80,1.000000,1.000000,1.000000,1.000000,1,0,1,1
114,27,32,81,1.000000,1.000000,1.000000,1.000000,0,0,0,0
115,29,33,81,1.000000,1.000000,1.000000,1.000000,0,0,0,0
116,27,33,82,1.000000,1.000000,1.000000,1.000000,0,0,0,0
117,25,33,83,1.000000,1.000000,1.000000,1.000000,0,0,0,0
118,23,33,84,1.000000,1.000000,1.000000,1.000000,0,0,0,0
119,21,33,85,1.000000,1.000000,1.000000,1.000000,0,0,0,0
120,19,33,86,1.000000,1.000000,1.000000,1.000000,0,0,0,0
121,17,33,87,1.000000,1.000000,1.000000,1.000000,0,0,0,0
122,15,33,88,1.000000,1.000000,1.000000,1.000000,0,0,0,0
123,13,33,89,1.000000,1.000000,1.000000,1.000000,0,0,1,0
124,11,33,90,1.000000,1.000000,1.000000,1.000000,0,0,0,0
125,29,34,90,1.000000,1.000000,1.000000,1.000000,0,0,0,0
126,27,34,91,1.000000,1.000000,1.000000,1.000000,0,1,1,0
127,25,34,92,1.000000,1.000000,1.000000,1.000000,0,0,0,0
128,29,35,92,1.000000,1.000000,1.000000,1.000000,0,0,0,0
129,27,35,93,1.000000,1.000000,1.000000,1.000000,0,0,1,0
130,25,35,94,1.000000,1.000000,1.000000,1.000000,0,0,0,0
131,29,36,94,1.000000,1.000000,1.000000,1.000000,0,0,0,0
132,27,36,95,1.000000,1.000000,1.000000,1.000000,0,0,1,0
133,25,36,96,1.000000,1.000000,1.000000,1.000000,0,0,1,0
134,29,37,96,1.000000,1.000000,1.000000,1.000000,0,0,1,0
135,27,37,97,1.000000,1.000000,1.000000,1.000000,0,0,0,0
136,29,38,97,1.000000,1.000000,1.000000,1.000000,0,0,0,0
137,27,38,98,1.000000,1.000000,1.000000,1.000000,0,0,1,0
138,25,38,99,1.000000,1.000000,1.000000,1.000000,0,1,0,1
139,29,39,99,1.000000,1.000000,1.000000,1.000000,0,1,0,1
140,27,39,100,1.000000,1.000000,1.000000,1.000000,0,0,0,0
141,29,40,100,1.000000,1.000000,1.000000,1.000000,0,0,0,0
142,27,40,101,1.000000,1.000000,1.000000,1.000000,0,1,0,0
143,25,40,102,1.000000,1.000000,1.000000,1.000000,0,0,0,0
144,23,40,103,1.000000,1.000000,1.000000,1.000000,0,1,0,0
145,21,40,104,1.000000,1.000000,1.000000,1.000000,0,0,0,0
146,19,40,105,1.000000,1.000000,1.000000,1.000000,0,0,0,0
147,17,40,106,1.000000,1.000000,1.000000,1.000000,0,0,0,0
148,15,40,107,1.000000,1.000000,1.000000,1.000000,0,0,0,0
149,13,40,108,1.000000,1.000000,1.000000,1.000000,0,0,1,0
150,11,40,109,1.000000,1.000000,1.000000,1.000000,0,0,0,0
151,29,41,109,1.000000,1.000000,1.000000,1.000000,0,0,0,0
152,27,41,110,1.000000,1.000000,1.000000,1.000000,0,0,0,0
153,25,41,111,1.000000,1.000000,1.000000,1.000000,0,0,0,0
154,23,41,112,1.000000,1.000000,1.000000,1.000000,0,0,0,0
155,21,41,113,1.000000,1.000000,1.000000,1.000000,1,0,0,0
156,19,41,114,1.000000,1.000000,1.000000,1.000000,0,1,0,0
157,17,41,115,1.000000,1.000000,1.000000,1.000000,0,1,0,1
158,29,42,115,1.000000,1.000000,1.000000,1.000000,0,1,0,1
159,27,42,116,1.000000,1.000000,1.000000,1.000000,0,0,0,0
160,29,43,116,1.000000,1.000000,1.000000,1.000000,0,0,0,0
161,27,43,117,1.000000,1.000000,1.000000,1.000000,0,0,0,1
162,25,43,118,1.000000,1.000000,1.000000,1.000000,0,0,0,0
163,29,44,118,1.000000,1.000000,1.000000,1.000000,0,0,0,0
164,27,44,119,1.000000,1.000000,1.000000,1.000000,0,0,0,0
165,25,44,120,1.000000,1.000000,1.000000,1.000000,1,0,0,0
166,23,44,121,1.000000,1.000000,1.000000,1.000000,1,0,0,0
167,29,45,121,1.000000,1.000000,1.000000,1.000000,1,0,0,0
168,27,45,122,1.000000,1.000000,1.000000,1.000000,0,0,0,0
169,29,46,122,1.000000,1.000000,1.000000,1.000000,0,0,0,0
170,27,46,123,1.000000,1.000000,1.000000,1.000000,1,0,0,1
171,25,46,124,1.000000,1.000000,1.000000,1.000000,0,0,0,1
172,29,47,124,1.000000,1.000000,1.000000,1.000000,0,0,0,1
173,27,47,125,1.000000,1.000000,1.000000,1.000000,0,0,1,0
174,25,47,126,1.000000,1.000000,1.000000,1.000000,1,0,0,0
175,29,48,126,1.000000,1.000000,1.000000,1.000000,1,0,0,0
176,27,48,127,1.000000,1.000000,1.000000,1.000000,0,0,0,0
177,29,49,127,1.000000,1.000000,1.000000,1.000000,0,0,0,0
178,27,49,128,1.000000,1.000000,1.000000,1.000000,0,0,0,0
179,25,49,129,1.000000,1.000000,1.000000,1.000000,0,0,0,0
180,23,49,130,1.000000,1.000000,1.000000,1.000000,0,0,0,0
181,21,49,131,1.000000,1.000000,1.000000,1.000000,0,0,0,0
182,19,49,132,1.000000,1.000000,1.000000,1.000000,0,0,0,0
183,17,49,133,1.000000,1.000000,1.000000,1.000000,0,0,0,0
184,15,49,134,1.000000,1.000000,1.000000,1.000000,0,0,0,0
185,13,49,135,1.000000,1.000000,1.000000,1.000000,0,0,0,0
186,11,49,136,1.000000,1.000000,1.000000,1.000000,0,0,0,0
187,9,49,137,1.000000,1.000000,1.000000,1.000000,0,0,0,0
188,7,49,138,1.000000,1.000000,1.000000,1.000000,0,0,0,0
189,5,49,139,1.000000,1.000000,1.000000,1.000000,0,1,1,0
190,3,49,140,1.000000,1.000000,1.000000,1.000000,0,0,0,0
191,29,50,140,1.000000,1.000000,1.000000,1.000000,1,0,0,0
192,27,50,141,1.000000,1.000000,1.000000,1.000000,0,1,0,0
193,29,51,141,1.000000,1.000000,1.000000,1.000000,0,1,0,0
194,27,51,142,1.000000,1.000000,1.000000,1.000000,0,0,0,0
195,29,52,142,1.000000,1.000000,1.000000,1.000000,0,0,0,0
196,27,52,143,1.000000,1.000000,1.000000,1.000000,1,1,0,0
197,25,52,144,1.000000,1.000000,1.000000,1.000000,0,0,1,0
198,29,53,144,1.000000,1.000000,1.000000,1.000000,0,0,1,0
199,27,53,145,1.000000,1.000000,1.000000,1.000000,0,0,0,0
200,29,54,145,1.000000,1.000000,1.000000,1.000000,0,0,0,0
201,27,54,146,1.000000,1.000000,1.000000,1.000000,0,0,0,0
202,25,54,147,1.000000,1.000000,1.000000,1.000000,0,0,0,0
203,23,54,148,1.000000,1.000000,1.000000,1.000000,0,0,0,0
204,21,54,149,1.000000,1.000000,1.000000,1.000000,0,0,0,0
205,19,54,150,1.000000,1.000000,1.000000,1.000000,0,0,0,0
206,17,54,151,1.000000,1.000000,1.000000,1.000000,0,0,0,0
207,15,54,152,1.000000,1.000000,1.000000,1.000000,0,0,0,0
208,13,54,153,1.000000,1.000000,1.000000,1.000000,0,0,0,0
209,11,54,154,1.000000,1.000000,1.000000,1.000000,0,0,0,0
210,9,54,155,1.000000,1.000000,1.000000,1.000000,0,0,0,0
211,7,54,156,1.000000,1.000000,1.000000,1.000000,0,0,0,0
212,5,54,157,1.000000,1.000000,1.000000,1.000000,0,0,0,1
213,3,54,158,1.000000,1.000000,1.000000,1.000000,0,0,0,0
214,29,55,158,1.000000,1.000000,1.000000,1.000000,0,0,1,0
215,27,55,159,1.000000,1.000000,1.000000,1.000000,0,0,0,0
216,29,56,159,1.000000,1.000000,1.000000,1.000000,0,0,0,0
217,27,56,160,1.000000,1.000000,1.000000,1.000000,0,0,0,0
218,25,56,161,1.000000,1.000000,1.000000,1.000000,1,0,0,1
219,23,56,162,1.000000,1.000000,1.000000,1.000000,0,0,0,1
220,29,57,162,1.000000,1.000000,1.000000,1.000000,0,0,0,1
221,27,57,163,1.000000,1.000000,1.000000,1.000000,0,0,1,0
222,29,58,163,1.000000,1.000000,1.000000,1.000000,0,0,1,0
223,27,58,164,1.000000,1.000000,1.000000,1.000000,0,0,0,0
224,29,59,164,1.000000,1.000000,1.000000,1.000000,0,0,0,0
225,27,59,165,1.000000,1.000000,1.000000,1.000000,0,0,1,0
226,25,59,166,1.000000,1.000000,1.000000,1.000000,0,0,0,1
227,29,60,166,1.000000,1.000000,1.000000,1.000000,0,0,0,1
228,27,60,167,1.000000,1.000000,1.000000,1.000000,0,0,0,0
229,29,61,167,1.000000,1.000000,1.000000,1.000000,0,0,0,0
230,27,61,168,1.000000,1.000000,1.000000,1.000000,0,0,0,0
231,25,61,169,1.000000,1.000000,1.000000,1.000000,0,0,0,0
232,23,61,170,1.000000,1.000000,1.000000,1.000000,0,0,0,0
233,21,61,171,1.000000,1.000000,1.000000,1.000000,0,0,0,0
234,19,61,172,1.000000,1.000000,1.000000,1.000000,0,0,0,0
235,17,61,173,1.000000,1.000000,1.000000,1.000000,0,0,0,0
236,15,61,174,1.000000,1.000000,1.000000,1.000000,0,0,0,0
237,13,61,175,1.000000,1.000000,1.000000,1.000000,0,0,0,0
238,11,61,176,1.000000,1.000000,1.000000,1.000000,0,0,0,0
239,9,61,177,1.000000,1.000000,1.000000,1.000000,0,0,0,0
240,7,61,178,1.000000,1.000000,1.000000,1.000000,0,0,0,1
241,5,61,179,1.000000,1.000000,1.000000,1.000000,0,0,1,0
242,29,62,179,1.000000,1.000000,1.000000,1.000000,0,0,1,0
243,27,62,180,1.000000,1.000000,1.000000,1.000000,0,0,0,0
244,29,63,180,1.000000,1.000000,1.000000,1.000000,0,0,0,0
245,27,63,181,1.000000,1.000000,1.000000,1.000000,0,0,0,1
246,25,63,182,1.000000,1.000000,1.000000,1.000000,0,0,1,1
247,23,63,183,1.000000,1.000000,1.000000,1.000000,0,1,1,1
248,29,64,183,1.000000,1.000000,1.000000,1.000000,0,1,1,1
249,27,64,184,1.000000,1.000000,1.000000,1.000000,0,0,0,0
250,29,65,184,1.000000,1.000000,1.000000,1.000000,0,0,0,0
251,27,65,185,1.000000,1.000000,1.000000,1.000000,0,0,0,0
252,25,65,186,1.000000,1.000000,1.000000,1.000000,0,0,0,1
253,23,65,187,1.000000,1.000000,1.000000,1.000000,0,0,0,0
254,29,66,187,1.000000,1.000000,1.000000,1.000000,0,0,0,0
255,27,66,188,1.000000,1.000000,1.000000,1.000000,0,0,0,0
256,25,66,189,1.000000,1.000000,1.000000,1.000000,0,0,0,0
257,23,66,190,1.000000,1.000000,1.000000,1.000000,0,0,0,0
258,21,66,191,1.000000,1.000000,1.000000,1.000000,0,0,0,0
259,19,66,192,1.000000,1.000000,1.000000,1.000000,1,0,0,1
260,17,66,193,1.000000,1.000000,1.000000,1.000000,0,1,0,1
261,29,67,193,1.000000,1.000000,1.000000,1.000000,0,1,0,1
262,27,67,194,1.000000,1.000000,1.000000,1.000000,1,1,0,0
263,29,68,194,1.000000,1.000000,1.000000,1.000000,1,1,0,0
264,27,68,195,1.000000,1.000000,1.000000,1.000000,1,0,0,0
265,25,68,196,1.000000,1.000000,1.000000,1.000000,1,0,1,1
266,23,68,197,1.000000,1.000000,1.000000,1.000000,0,1,0,0
267,29,69,197,1.000000,1.000000,1.000000,1.000000,0,1,0,0
268,27,69,198,1.000000,1.000000,1.000000,1.000000,1,0,1,0
269,25,69,199,1.000000,1.000000,1.000000,1.000000,0,1,1,0
270,29,70,199,1.000000,1.000000,1.000000,1.000000,0,1,1,0
271,27,70,200,1.000000,1.000000,1.000000,1.000000,0,0,0,0
272,29,71,200,1.000000,1.000000,1.000000,1.000000,0,0,0,0
273,27,71,201,1.000000,1.000000,1.000000,1.000000,0,0,0,1
274,25,71,202,1.000000,1.000000,1.000000,1.000000,0,0,1,0
275,29,72,202,1.000000,1.000000,1.000000,1.000000,0,0,1,0
276,27,72,203,1.000000,1.000000,1.000000,1.000000,0,0,0,0
277,29,73,203,1.000000,1.000000,1.000000,1.000000,0,0,0,1
278,27,73,204,1.000000,1.000000,1.000000,1.000000,0,0,0,1
279,29,74,204,1.000000,1.000000,1.000000,1.000000,0,0,0,1
280,27,74,205,1.000000,1.000000,1.000000,1.000000,0,0,0,0
281,25,74,206,1.000000,1.000000,1.000000,1.000000,1,0,0,1
282,23,74,207,1.000000,1.000000,1.000000,1.000000,0,0,0,1
283,29,75,207,1.000000,1.000000,1.000000,1.000000,0,0,0,1
284,27,75,208,1.000000,1.000000,1.000000,1.000000,1,0,1,1
285,29,76,208,1.000000,1.000000,1.000000,1.000000,1,0,1,1
286,27,76,209,1.000000,1.000000,1.000000,1.000000,0,0,0,0
287,25,76,210,1.000000,1.000000,1.000000,1.000000,1,0,1,1
288,23,76,211,1.000000,1.000000,1.000000,1.000000,1,0,0,0
289,29,77,211,1.000000,1.000000,1.000000,1.000000,1,0,0,0
290,27,77,212,1.000000,1.000000,1.000000,1.000000,0,0,0,0
291,29,78,212,1.000000,1.000000,1.000000,1.000000,0,0,0,0
292,27,78,213,1.000000,1.000000,1.000000,1.000000,0,0,0,0
293,25,78,214,1.000000,1.000000,1.000000,1.000000,0,1,0,0
294,23,78,215,1.000000,1.000000,1.000000,1.000000,0,1,1,0
295,29,79,215,1.000000,1.000000,1.000000,1.000000,0,1,1,0
296,27,79,216,1.000000,1.000000,1.000000,1.000000,1,0,1,0
297,29,80,216,1.000000,1.000000,1.000000,1.000000,1,0,1,0
298,27,80,217,1.000000,1.000000,1.000000,1.000000,0,1,0,0
299,29,81,217,1.000000,1.000000,1.000000,1.000000,0,1,0,0
300,27,81,218,1.000000,1.000000,1.000000,1.000000,0,0,0,0
301,29,82,218,1.000000,1.000000,1.000000,1.000000,0,0,0,0
302,27,82,219,1.000000,1.000000,1.000000,1.000000,0,0,0,0
303,25,82,220,1.000000,1.000000,1.000000,1.000000,0,0,0,1
304,23,82,221,1.000000,1.000000,1.000000,1.000000,1,0,0,0
305,29,83,221,1.000000,1.000000,1.000000,1.000000,1,0,0,0
306,27,83,222,1.000000,1.000000,1.000000,1.000000,0,0,0,0
307,29,84,222,1.000000,1.000000,1.000000,1.000000,0,0,0,0
308,27,84,223,1.000000,1.000000,1.000000,1.000000,0,0,0,1
309,25,84,224,1.000000,1.000000,1.000000,1.000000,0,0,0,0
310,29,85,224,1.000000,1.000000,1.000000,1.000000,0,0,0,0
311,27,85,225,1.000000,1.000000,1.000000,1.000000,1,0,1,0
312,25,85,226,1.000000,1.000000,1.000000,1.000000,0,0,0,0
313,29,86,226,1.000000,1.000000,1.000000,1.000000,0,0,0,0
314,27,86,227,1.000000,1.000000,1.000000,1.000000,0,0,1,1
315,25,86,228,1.000000,1.000000,1.000000,1.000000,0,0,0,0
316,29,87,228,1.000000,1.000000,1.000000,1.000000,0,0,0,0
317,27,87,229,1.000000,1.000000,1.000000,1.000000,0,1,0,0
318,25,87,230,1.000000,1.000000,1.000000,1.000000,0,0,1,0
319,29,88,230,1.000000,1.000000,1.000000,1.000000,0,0,1,0
320,27,88,231,1.000000,1.000000,1.000000,1.000000,0,0,1,0
321,29,89,231,1.000000,1.000000,1.000000,1.000000,0,0,1,0
322,27,89,232,1.000000,1.000000,1.000000,1.000000,0,1,1,1
323,29,90,232,1.000000,1.000000,1.000000,1.000000,0,1,1,1
324,27,90,233,1.000000,1.000000,1.000000,1.000000,0,0,0,0
325,29,91,233,1.000000,1.000000,1.000000,1.000000,0,0,0,0
326,27,91,234,1.000000,1.000000,1.000000,1.000000,0,1,0,1
327,25,91,235,1.000000,1.000000,1.000000,1.000000,0,1,0,0
328,29,92,235,1.000000,1.000000,1.000000,1.000000,0,1,0,0
329,27,92,236,1.000000,1.000000,1.000000,1.000000,1,1,0,0
330,29,93,236,1.000000,1.000000,1.000000,1.000000,1,1,0,0
331,27,93,237,1.000000,1.000000,1.000000,1.000000,1,0,0,0
332,29,94,237,1.000000,1.000000,1.000000,1.000000,1,0,0,0
333,27,94,238,1.000000,1.000000,1.000000,1.000000,1,0,0,1
334,29,95,238,1.000000,1.000000,1.000000,1.000000,1,0,0,1
335,27,95,239,1.000000,1.000000,1.000000,1.000000,0,0,0,0
336,29,96,239,1.000000,1.000000,1.000000,1.000000,0,0,0,0
337,27,96,240,1.000000,1.000000,1.000000,1.000000,1,1,0,0
338,25,96,241,1.000000,1.000000,1.000000,1.000000,0,1,0,0
339,23,96,242,1.000000,1.000000,1.000000,1.000000,0,0,0,1
340,29,97,242,1.000000,1.000000,1.000000,1.000000,0,0,0,1
341,27,97,243,1.000000,1.000000,1.000000,1.000000,0,0,0,0
342,29,98,243,1.000000,1.000000,1.000000,1.000000,0,0,0,0
343,27,98,244,1.000000,1.000000,1.000000,1.000000,1,0,0,0
344,25,98,245,1.000000,1.000000,1.000000,1.000000,1,0,0,0
345,29,99,245,1.000000,1.000000,1.000000,1.000000,1,0,0,0
346,27,99,246,1.000000,1.000000,1.000000,1.000000,0,0,0,0
347,29,100,246,1.000000,1.000000,1.000000,1.000000,0,0,0,0
348,27,100,247,1.000000,1.000000,1.000000,1.000000,1,0,0,1
349,25,100,248,1.000000,1.000000,1.000000,1.000000,0,0,0,0
350,29,101,248,1.000000,1.000000,1.000000,1.000000,0,0,0,0
351,27,101,249,1.000000,1.000000,1.000000,1.000000,1,0,0,0
352,25,101,250,1.000000,1.000000,1.000000,1.000000,0,0,0,0
353,29,102,250,1.000000,1.000000,1.000000,1.000000,0,0,0,0
354,27,102,251,1.000000,1.000000,1.000000,1.000000,1,0,0,0
355,25,102,252,1.000000,1.000000,1.000000,1.000000,1,0,0,1
356,29,103,252,1.000000,1.000000,1.000000,1.000000,1,0,0,1
357,27,103,253,1.000000,1.000000,1.000000,1.000000,0,0,0,1
358,29,104,253,1.000000,1.000000,1.000000,1.000000,0,0,0,1
359,27,104,254,1.000000,1.000000,1.000000,1.000000,1,0,1,0
360,29,105,254,1.000000,1.000000,1.000000,1.000000,1,0,1,0
361,27,105,255,1.000000,1.000000,1.000000,1.000000,0,0,0,0
362,29,106,255,1.000000,1.000000,1.000000,1.000000,0,0,0,0
363,27,106,256,1.000000,1.000000,1.000000,1.000000,1,0,0,0
364,25,106,257,1.000000,1.000000,1.000000,1.000000,0,0,0,0
365,29,107,257,1.000000,1.000000,1.000000,1.000000,0,0,0,0
366,27,107,258,1.000000,1.000000,1.000000,1.000000,0,0,0,0
367,25,107,259,1.000000,1.000000,1.000000,1.000000,0,0,0,0
368,23,107,260,1.000000,1.000000,1.000000,1.000000,0,0,0,0
369,21,107,261,1.000000,1.000000,1.000000,1.000000,0,1,1,0
370,19,107,262,1.000000,1.000000,1.000000,1.000000,0,0,0,0
371,29,108,262,1.000000,1.000000,1.000000,1.000000,0,0,0,0
372,27,108,263,1.000000,1.000000,1.000000,1.000000,0,0,1,0
373,25,108,264,1.000000,1.000000,1.000000,1.000000,0,0,1,0
374,29,109,264,1.000000,1.000000,1.000000,1.000000,0,0,1,0
375,27,109,265,1.000000,1.000000,1.000000,1.000000,0,0,0,0
376,29,110,265,1.000000,1.000000,1.000000,1.000000,0,0,0,0
377,27,110,266,1.000000,1.000000,1.000000,1.000000,0,0,0,0
378,25,110,267,1.000000,1.000000,1.000000,1.000000,0,0,0,1
379,23,110,268,1.000000,1.000000,1.000000,1.000000,0,0,0,0
380,29,111,268,1.000000,1.000000,1.000000,1.000000,0,0,0,0
381,27,111,269,1.000000,1.000000,1.000000,1.000000,0,0,0,0
382,25,111,270,1.000000,1.000000,1.000000,1.000000,0,0,0,0
383,23,111,271,1.000000,1.000000,1.000000,1.000000,1,0,0,0
384,21,111,272,1.000000,1.000000,1.000000,1.000000,1,0,0,1
385,29,112,272,1.000000,1.000000,1.000000,1.000000,1,0,0,1
386,27,112,273,1.000000,1.000000,1.000000,1.000000,1,0,0,0
387,25,112,274,1.000000,1.000000,1.000000,1.000000,1,1,1,0
388,29,113,274,1.000000,1.000000,1.000000,1.000000,1,1,1,0
389,27,113,275,1.000000,1.000000,1.000000,1.000000,0,0,0,0
390,29,114,275,1.000000,1.000000,1.000000,1.000000,0,0,0,0
391,27,114,276,1.000000,1.000000,1.000000,1.000000,0,0,0,0
392,25,114,277,1.000000,1.000000,1.000000,1.000000,0,0,0,0
393,23,114,278,1.000000,1.000000,1.000000,1.000000,0,1,0,0
394,21,114,279,1.000000,1.000000,1.000000,1.000000,0,0,0,0
395,29,115,279,1.000000,1.000000,1.000000,1.000000,0,0,0,0
396,27,115,280,1.000000,1.000000,1.000000,1.000000,0,1,0,0
397,25,115,281,1.000000,1.000000,1.000000,1.000000,0,0,0,0
398,29,116,281,1.000000,1.000000,1.000000,1.000000,0,0,0,0
399,27,116,282,1.000000,1.000000,1.000000,1.000000,0,0,0,0
400,25,116,283,1.000000,1.000000,1.000000,1.000000,0,0,0,0
401,23,116,284,1.000000,1.000000,1.000000,1.000000,0,0,0,0
402,21,116,285,1.000000,1.000000,1.000000,1.000000,0,0,0,1
403,19,116,286,1.000000,1.000000,1.000000,1.000000,0,0,0,0
404,29,117,286,1.000000,1.000000,1.000000,1.000000,0,0,0,0
405,27,117,287,1.000000,1.000000,1.000000,1.000000,1,0,0,0
406,25,117,288,1.000000,1.000000,1.000000,1.000000,0,0,0,0
407,29,118,288,1.000000,1.000000,1.000000,1.000000,0,0,0,0
408,27,118,289,1.000000,1.000000,1.000000,1.000000,0,0,0,0
409,25,118,290,1.000000,1.000000,1.000000,1.000000,0,0,0,0
410,23,118,291,1.000000,1.000000,1.000000,1.000000,0,0,0,0
411,21,118,292,1.000000,1.000000,1.000000,1.000000,1,0,0,0
412,19,118,293,1.000000,1.000000,1.000000,1.000000,1,0,0,0
413,29,119,293,1.000000,1.000000,1.000000,1.000000,1,0,0,0
414,27,119,294,1.000000,1.000000,1.000000,1.000000,0,0,0,0
415,29,120,294,1.000000,1.000000,1.000000,1.000000,0,0,0,0
416,27,120,295,1.000000,1.000000,1.000000,1.000000,0,0,0,0
417,25,120,296,1.000000,1.000000,1.000000,1.000000,0,1,0,0
418,23,120,297,1.000000,1.000000,1.000000,1.000000,0,0,0,0
419,29,121,297,1.000000,1.000000,1.000000,1.000000,0,0,0,0
420,27,121,298,1.000000,1.000000,1.000000,1.000000,0,1,0,0
421,25,121,299,1.000000,1.000000,1.000000,1.000000,0,0,0,0
422,29,122,299,1.000000,1.000000,1.000000,1.000000,0,0,0,0
423,27,122,300,1.000000,1.000000,1.000000,1.000000,1,0,0,0
424,25,122,301,1.000000,1.000000,1.000000,1.000000,0,0,0,0
425,29,123,301,1.000000,1.000000,1.000000,1.000000,0,0,0,0
426,27,123,302,1.000000,1.000000,1.000000,1.000000,0,0,0,0
427,25,123,303,1.000000,1.000000,1.000000,1.000000,0,0,0,0
428,23,123,304,1.000000,1.000000,1.000000,1.000000,0,0,0,0
429,21,123,305,1.000000,1.000000,1.000000,1.000000,0,0,0,0
430,19,123,306,1.000000,1.000000,1.000000,1.000000,0,0,0,0
431,17,123,307,1.000000,1.000000,1.000000,1.000000,0,0,0,0
432,15,123,308,1.000000,1.000000,1.000000,1.000000,0,0,0,0
433,13,123,309,1.000000,1.000000,1.000000,1.000000,0,0,0,0
434,11,123,310,1.000000,1.000000,1.000000,1.000000,0,0,0,0
435,9,123,311,1.000000,1.000000,1.000000,1.000000,0,0,0,0
436,7,123,312,1.000000,1.000000,1.000000,1.000000,0,0,0,1
437,5,123,313,1.000000,1.000000,1.000000,1.000000,0,0,0,0
438,29,124,313,1.000000,1.000000,1.000000,1.000000,0,0,0,0
439,27,124,314,1.000000,1.000000,1.000000,1.000000,0,0,0,0
440,25,124,315,1.000000,1.000000,1.000000,1.000000,0,0,0,0
441,23,124,316,1.000000,1.000000,1.000000,1.000000,0,0,0,0
442,21,124,317,1.000000,1.000000,1.000000,1.000000,0,0,0,0
443,19,124,318,1.000000,1.000000,1.000000,1.000000,0,0,0,0
444,17,124,319,1.000000,1.000000,1.000000,1.000000,0,0,0,0
445,15,124,320,1.000000,1.000000,1.000000,1.000000,1,0,0,1
446,13,124,321,1.000000,1.000000,1.000000,1.000000,0,0,0,0
447,29,125,321,1.000000,1.000000,1.000000,1.000000,0,0,0,0
448,27,125,322,1.000000,1.000000,1.000000,1.000000,0,1,0,0
449,25,125,323,1.000000,1.000000,1.000000,1.000000,0,0,0,0
450,29,126,323,1.000000,1.000000,1.000000,1.000000,0,0,0,0
451,27,126,324,1.000000,1.000000,1.000000,1.000000,1,0,0,0
452,25,126,325,1.000000,1.000000,1.000000,1.000000,0,0,0,0
453,29,127,325,1.000000,1.000000,1.000000,1.000000,0,0,0,0
454,27,127,326,1.000000,1.000000,1.000000,1.000000,1,0,0,0
455,25,127,327,1.000000,1.000000,1.000000,1.000000,0,0,0,0
456,29,128,327,1.000000,1.000000,1.000000,1.000000,0,0,0,0
457,27,128,328,1.000000,1.000000,1.000000,1.000000,0,0,0,0
458,25,128,329,1.000000,1.000000,1.000000,1.000000,0,0,0,0
459,23,128,330,1.000000,1.000000,1.000000,1.000000,0,0,0,0
460,21,128,331,1.000000,1.000000,1.000000,1.000000,0,0,0,0
461,19,128,332,1.000000,1.000000,1.000000,1.000000,0,0,0,0
462,17,128,333,1.000000,1.000000,1.000000,1.000000,0,1,0,0
463,15,128,334,1.000000,1.000000,1.000000,1.000000,0,0,0,0
464,29,129,334,1.000000,1.000000,1.000000,1.000000,0,0,0,0
465,27,129,335,1.000000,1.000000,1.000000,1.000000,0,0,0,0
466,25,129,336,1.000000,1.000000,1.000000,1.000000,0,0,0,0
467,23,129,337,1.000000,1.000000,1.000000,1.000000,0,0,0,0
468,21,129,338,1.000000,1.000000,1.000000,1.000000,0,0,0,1
469,19,129,339,1.000000,1.000000,1.000000,1.000000,0,0,0,0
470,29,130,339,1.000000,1.000000,1.000000,1.000000,0,0,0,0
471,27,130,340,1.000000,1.000000,1.000000,1.000000,0,0,0,0
472,25,130,341,1.000000,1.000000,1.000000,1.000000,0,0,0,0
473,23,130,342,1.000000,1.000000,1.000000,1.000000,0,0,0,0
474,21,130,343,1.000000,1.000000,1.000000,1.000000,0,0,0,0
475,19,130,344,1.000000,1.000000,1.000000,1.000000,0,0,0,0
476,17,130,345,1.000000,1.000000,1.000000,1.000000,0,0,0,0
477,15,130,346,1.000000,1.000000,1.000000,1.000000,1,0,0,0
478,13,130,347,1.000000,1.000000,1.000000,1.000000,0,0,0,0
479,29,131,347,1.000000,1.000000,1.000000,1.000000,0,0,0,0
480,27,131,348,1.000000,1.000000,1.000000,1.000000,0,0,0,0
481,25,131,349,1.000000,1.000000,1.000000,1.000000,0,0,1,0
482,23,131,350,1.000000,1.000000,1.000000,1.000000,0,0,0,0
483,29,132,350,1.000000,1.000000,1.000000,1.000000,0,0,0,0
484,27,132,351,1.000000,1.000000,1.000000,1.000000,0,1,1,0
485,25,132,352,1.000000,1.000000,1.000000,1.000000,0,0,1,0
486,23,132,353,1.000000,1.000000,1.000000,1.000000,1,0,0,1
487,21,132,354,1.000000,1.000000,1.000000,1.000000,0,0,1,0
488,29,133,354,1.000000,1.000000,1.000000,1.000000,0,0,1,0
489,27,133,355,1.000000,1.000000,1.000000,1.000000,0,0,0,1
490,29,134,355,1.000000,1.000000,1.000000,1.000000,0,0,0,1
491,27,134,356,1.000000,1.000000,1.000000,1.000000,0,0,0,0
492,29,135,356,1.000000,1.000000,1.000000,1.000000,0,0,0,0
493,27,135,357,1.000000,1.000000,1.000000,1.000000,0,0,0,0
494,25,135,358,1.000000,1.000000,1.000000,1.000000,0,0,0,0
495,23,135,359,1.000000,1.000000,1.000000,1.000000,0,0,1,0
496,21,135,360,1.000000,1.000000,1.000000,1.000000,0,0,1,0
497,19,135,361,1.000000,1.000000,1.000000,1.000000,1,0,0,0
498,29,136,361,1.000000,1.000000,1.000000,1.000000,1,0,0,0
499,27,136,362,1.000000,1.000000,1.000000,1.000000,0,0,0,0
500,29,137,362,1.000000,1.000000,1.000000,1.000000,0,0,0,0
501,27,137,363,1.000000,1.000000,1.000000,1.000000,0,0,0,0
502,25,137,364,1.000000,1.000000,1.000000,1.000000,0,0,0,0
503,23,137,365,1.000000,1.000000,1.000000,1.000000,0,0,0,0
504,21,137,366,1.000000,1.000000,1.000000,1.000000,1,0,1,1
505,19,137,367,1.000000,1.000000,1.000000,1.000000,0,0,0,0
506,29,138,367,1.000000,1.000000,1.000000,1.000000,0,0,0,0
507,27,138,368,1.000000,1.000000,1.000000,1.000000,1,0,0,0
508,25,138,369,1.000000,1.000000,1.000000,1.000000,0,0,0,0
509,29,139,369,1.000000,1.000000,1.000000,1.000000,0,0,0,0
510,27,139,370,1.000000,1.000000,1.000000,1.000000,0,0,0,0
511,25,139,371,1.000000,1.000000,1.000000,1.000000,0,0,0,1
512,23,139,372,1.000000,1.000000,1.000000,1.000000,0,0,0,0
513,21,139,373,1.000000,1.000000,1.000000,1.000000,0,0,0,0
514,19,139,374,1.000000,1.000000,1.000000,1.000000,0,0,0,0
515,17,139,375,1.000000,1.000000,1.000000,1.000000,0,0,0,0
516,15,139,376,1.000000,1.000000,1.000000,1.000000,0,0,0,0
517,13,139,377,1.000000,1.000000,1.000000,1.000000,0,0,0,0
518,11,139,378,1.000000,1.000000,1.000000,1.000000,0,1,0,0
519,9,139,379,1.000000,1.000000,1.000000,1.000000,0,0,0,0
520,29,140,379,1.000000,1.000000,1.000000,1.000000,0,0,0,0
521,27,140,380,1.000000,1.000000,1.000000,1.000000,1,0,0,0
522,25,140,381,1.000000,1.000000,1.000000,1.000000,0,0,0,0
523,29,141,381,1.000000,1.000000,1.000000,1.000000,0,0,0,0
524,27,141,382,1.000000,1.000000,1.000000,1.000000,0,0,0,0
525,25,141,383,1.000000,1.000000,1.000000,1.000000,0,0,0,0
526,23,141,384,1.000000,1.000000,1.000000,1.000000,0,0,0,0
527,21,141,385,1.000000,1.000000,1.000000,1.000000,0,0,0,0
528,19,141,386,1.000000,1.000000,1.000000,1.000000,0,0,0,0
529,17,141,387,1.000000,1.000000,1.000000,1.000000,0,0,0,0
530,15,141,388,1.000000,1.000000,1.000000,1.000000,1,0,0,0
531,13,141,389,1.000000,1.000000,1.000000,1.000000,0,0,0,0
532,29,142,389,1.000000,1.000000,1.000000,1.000000,0,0,0,0
533,27,142,390,1.000000,1.000000,1.000000,1.000000,0,0,0,0
534,25,142,391,1.000000,1.000000,1.000000,1.000000,0,0,0,0
535,23,142,392,1.000000,1.000000,1.000000,1.000000,0,0,0,0
536,21,142,393,1.000000,1.000000,1.000000,1.000000,0,0,1,0
537,19,142,394,1.000000,1.000000,1.000000,1.000000,0,0,0,0
538,17,142,395,1.000000,1.000000,1.000000,1.000000,0,0,1,1
539,15,142,396,1.000000,1.000000,1.000000,1.000000,0,0,1,0
540,29,143,396,1.000000,1.000000,1.000000,1.000000,0,0,1,0
541,27,143,397,1.000000,1.000000,1.000000,1.000000,0,0,0,1
542,29,144,397,1.000000,1.000000,1.000000,1.000000,0,0,0,1
543,27,144,398,1.000000,1.000000,1.000000,1.000000,0,0,0,0
544,29,145,398,1.000000,1.000000,1.000000,1.000000,0,0,0,0
545,27,145,399,1.000000,1.000000,1.000000,1.000000,0,0,0,0
546,25,145,400,1.000000,1.000000,1.000000,1.000000,0,0,0,0
547,23,145,401,1.000000,1.000000,1.000000,1.000000,0,0,0,0
548,21,145,402,1.000000,1.000000,1.000000,1.000000,0,0,0,0
549,19,145,403,1.000000,1.000000,1.000000,1.000000,1,0,0,0
550,17,145,404,1.000000,1.000000,1.000000,1.000000,0,0,0,0
551,29,146,404,1.000000,1.000000,1.000000,1.000000,0,0,0,0
552,27,146,405,1.000000,1.000000,1.000000,1.000000,0,0,0,0
553,25,146,406,1.000000,1.000000,1.000000,1.000000,0,0,0,0
554,23,146,407,1.000000,1.000000,1.000000,1.000000,0,0,0,0
555,21,146,408,1.000000,1.000000,1.000000,1.000000,1,0,1,0
556,19,146,409,1.000000,1.000000,1.000000,1.000000,0,0,0,0
557,29,147,409,1.000000,1.000000,1.000000,1.000000,0,0,0,0
558,27,147,410,1.000000,1.000000,1.000000,1.000000,0,0,0,0
559,25,147,411,1.000000,1.000000,1.000000,1.000000,0,0,0,0
560,23,147,412,1.000000,1.000000,1.000000,1.000000,0,1,0,0
561,21,147,413,1.000000,1.000000,1.000000,1.000000,0,0,0,0
562,29,148,413,1.000000,1.000000,1.000000,1.000000,0,0,0,0
563,27,148,414,1.000000,1.000000,1.000000,1.000000,0,0,0,0
564,25,148,415,1.000000,1.000000,1.000000,1.000000,0,0,0,0
565,23,148,416,1.000000,1.000000,1.000000,1.000000,0,0,0,0
566,21,148,417,1.000000,1.000000,1.000000,1.000000,0,0,0,0
567,19,148,418,1.000000,1.000000,1.000000,1.000000,0,0,0,0
568,17,148,419,1.000000,1.000000,1.000000,1.000000,0,0,0,0
569,15,148,420,1.000000,1.000000,1.000000,1.000000,0,0,0,0
570,13,148,421,1.000000,1.000000,1.000000,1.000000,0,0,0,0
571,11,148,422,1.000000,1.000000,1.000000,1.000000,0,0,0,0
572,9,148,423,1.000000,1.000000,1.000000,1.000000,0,0,0,0
573,7,148,424,1.000000,1.000000,1.000000,1.000000,0,0,0,0
574,5,148,425,1.000000,1.000000,1.000000,1.000000,0,0,0,0
575,3,148,426,1.000000,1.000000,1.000000,1.000000,1,0,0,0
576,1,148,427,1.000000,1.000000,1.000000,1.000000,0,0,0,0
577,29,149,427,1.000000,1.000000,1.000000,1.000000,0,0,0,0
578,27,149,428,1.000000,1.000000,1.000000,1.000000,0,0,0,1
579,25,149,429,1.000000,1.000000,1.000000,1.000000,0,0,0,0
580,23,149,430,1.000000,1.000000,1.000000,1.000000,1,0,0,0
581,21,149,431,1.000000,1.000000,1.000000,1.000000,0,0,0,0
582,29,150,431,1.000000,1.000000,1.000000,1.000000,0,0,0,0
583,27,150,432,1.000000,1.000000,1.000000,1.000000,1,0,0,0
584,25,150,433,1.000000,1.000000,1.000000,1.000000,0,0,0,0
585,29,151,433,1.000000,1.000000,1.000000,1.000000,0,0,0,0
586,27,151,434,1.000000,1.000000,1.000000,1.000000,0,0,0,0
587,25,151,435,1.000000,1.000000,1.000000,1.000000,0,0,1,0
588,23,151,436,1.000000,1.000000,1.000000,1.000000,0,0,0,0
589,29,152,436,1.000000,1.000000,1.000000,1.000000,0,0,0,0
590,27,152,437,1.000000,1.000000,1.000000,1.000000,0,0,0,0
591,25,152,438,1.000000,1.000000,1.000000,1.000000,0,0,0,0
592,23,152,439,1.000000,1.000000,1.000000,1.000000,1,0,0,1
593,21,152,440,1.000000,1.000000,1.000000,1.000000,0,0,0,0
594,29,153,440,1.000000,1.000000,1.000000,1.000000,0,0,0,0
595,27,153,441,1.000000,1.000000,1.000000,1.000000,0,1,0,0
596,25,153,442,1.000000,1.000000,1.000000,1.000000,1,0,0,0
597,23,153,443,1.000000,1.000000,1.000000,1.000000,0,0,1,0
598,29,154,443,1.000000,1.000000,1.000000,1.000000,0,0,1,0
599,27,154,444,1.000000,1.000000,1.000000,1.000000,0,0,0,0
600,29,155,444,1.000000,1.000000,1.000000,1.000000,0,0,0,0
601,27,155,445,1.000000,1.000000,1.000000,1.000000,0,0,0,0
602,25,155,446,1.000000,1.000000,1.000000,1.000000,0,0,0,0
603,23,155,447,1.000000,1.000000,1.000000,1.000000,0,0,0,0
604,21,155,448,1.000000,1.000000,1.000000,1.000000,0,0,0,0
605,19,155,449,1.000000,1.000000,1.000000,1.000000,0,0,0,0
606,17,155,450,1.000000,1.000000,1.000000,1.000000,0,0,1,0
607,15,155,451,1.000000,1.000000,1.000000,1.000000,0,0,0,0
608,29,156,451,1.000000,1.000000,1.000000,1.000000,0,0,0,0
609,27,156,452,1.000000,1.000000,1.000000,1.000000,0,0,0,0
610,25,156,453,1.000000,1.000000,1.000000,1.000000,0,0,0,0
611,23,156,454,1.000000,1.000000,1.000000,1.000000,0,1,0,0
612,21,156,455,1.000000,1.000000,1.000000,1.000000,0,0,0,0
613,29,157,455,1.000000,1.000000,1.000000,1.000000,0,0,0,0
614,27,157,456,1.000000,1.000000,1.000000,1.000000,0,0,0,0
615,25,157,457,1.000000,1.000000,1.000000,1.000000,0,0,0,0
616,23,157,458,1.000000,1.000000,1.000000,1.000000,1,0,0,0
617,21,157,459,1.000000,1.000000,1.000000,1.000000,1,0,0,0
618,29,158,459,1.000000,1.000000,1.000000,1.000000,1,0,0,0
619,27,158,460,1.000000,1.000000,1.000000,1.000000,1,0,0,1
620,29,159,460,1.000000,1.000000,1.000000,1.000000,1,0,0,1
621,27,159,461,1.000000,1.000000,1.000000,1.000000,0,0,0,0
622,29,160,461,1.000000,1.000000,1.000000,1.000000,0,0,0,0
623,27,160,462,1.000000,1.000000,1.000000,1.000000,0,0,0,0
624,25,160,463,1.000000,1.000000,1.000000,1.000000,0,0,0,1
625,23,160,464,1.000000,1.000000,1.000000,1.000000,0,0,1,0
626,29,161,464,1.000000,1.000000,1.000000,1.000000,0,0,1,0
627,27,161,465,1.000000,1.000000,1.000000,1.000000,0,0,0,0
628,25,161,466,1.000000,1.000000,1.000000,1.000000,0,0,1,0
629,23,161,467,1.000000,1.000000,1.000000,1.000000,0,0,1,0
630,29,162,467,1.000000,1.000000,1.000000,1.000000,0,0,1,0
631,27,162,468,1.000000,1.000000,1.000000,1.000000,0,1,0,0
632,29,163,468,1.000000,1.000000,1.000000,1.000000,0,1,0,0
633,27,163,469,1.000000,1.000000,1.000000,1.000000,0,0,0,0
634,29,164,469,1.000000,1.000000,1.000000,1.000000,0,1,0,0
635,27,164,470,1.000000,1.000000,1.000000,1.000000,0,0,1,0
636,29,165,470,1.000000,1.000000,1.000000,1.000000,1,0,1,0
637,27,165,471,1.000000,1.000000,1.000000,1.000000,0,0,0,0
638,29,166,471,1.000000,1.000000,1.000000,1.000000,0,0,0,0
639,27,166,472,1.000000,1.000000,1.000000,1.000000,0,0,1,0
640,25,166,473,1.000000,1.000000,1.000000,1.000000,0,0,0,0
641,29,167,473,1.000000,1.000000,1.000000,1.000000,0,0,0,0
642,27,167,474,1.000000,1.000000,1.000000,1.000000,0,0,0,0
643,25,167,475,1.000000,1.000000,1.000000,1.000000,0,1,0,0
644,23,167,476,1.000000,1.000000,1.000000,1.000000,1,1,0,0
645,29,168,476,1.000000,1.000000,1.000000,1.000000,1,1,0,0
646,27,168,477,1.000000,1.000000,1.000000,1.000000,0,0,0,0
647,29,169,477,1.000000,1.000000,1.000000,1.000000,0,0,0,0
648,27,169,478,1.000000,1.000000,1.000000,1.000000,0,0,1,0
649,25,169,479,1.000000,1.000000,1.000000,1.000000,0,0,0,0
650,29,170,479,1.000000,1.000000,1.000000,1.000000,0,0,0,0
651,27,170,480,1.000000,1.000000,1.000000,1.000000,0,0,0,0
652,25,170,481,1.000000,1.000000,1.000000,1.000000,1,0,0,0
653,23,170,482,1.000000,1.000000,1.000000,1.000000,1,0,0,0
654,21,170,483,1.000000,1.000000,1.000000,1.000000,0,0,1,1
655,19,170,484,1.000000,1.000000,1.000000,1.000000,1,0,0,0
656,29,171,484,1.000000,1.000000,1.000000,1.000000,1,0,0,0
657,27,171,485,1.000000,1.000000,1.000000,1.000000,0,0,0,1
658,25,171,486,1.000000,1.000000,1.000000,1.000000,0,1,0,0
659,29,172,486,1.000000,1.000000,1.000000,1.000000,0,1,0,0
660,27,172,487,1.000000,1.000000,1.000000,1.000000,0,0,0,0
661,29,173,487,1.000000,1.000000,1.000000,1.000000,0,0,0,0
662,27,173,488,1.000000,1.000000,1.000000,1.000000,0,0,0,0
663,25,173,489,1.000000,1.000000,1.000000,1.000000,0,0,0,0
664,23,173,490,1.000000,1.000000,1.000000,1.000000,0,0,1,1
665,21,173,491,1.000000,1.000000,1.000000,1.000000,0,0,0,1
666,19,173,492,1.000000,1.000000,1.000000,1.000000,1,1,0,0
667,17,173,493,1.000000,1.000000,1.000000,1.000000,0,0,0,1
668,29,174,493,1.000000,1.000000,1.000000,1.000000,0,0,0,1
669,27,174,494,1.000000,1.000000,1.000000,1.000000,1,0,0,0
670,29,175,494,1.000000,1.000000,1.000000,1.000000,1,0,0,0
671,27,175,495,1.000000,1.000000,1.000000,1.000000,0,0,0,0
672,29,176,495,1.000000,1.000000,1.000000,1.000000,0,0,0,0
673,27,176,496,1.000000,1.000000,1.000000,1.000000,0,0,0,0
674,25,176,497,1.000000,1.000000,1.000000,1.000000,0,0,0,0
675,23,176,498,1.000000,1.000000,1.000000,1.000000,0,0,0,0
676,21,176,499,1.000000,1.000000,1.000000,1.000000,0,0,0,0
677,19,176,500,1.000000,1.000000,1.000000,1.000000,1,0,0,0
678,17,176,501,1.000000,1.000000,1.000000,1.000000,0,0,0,0
679,29,177,501,1.000000,1.000000,1.000000,1.000000,0,0,0,0
680,27,177,502,1.000000,1.000000,1.000000,1.000000,0,0,0,1
681,25,177,503,1.000000,1.000000,1.000000,1.000000,0,0,0,0
682,23,177,504,1.000000,1.000000,1.000000,1.000000,0,1,0,0
683,21,177,505,1.000000,1.000000,1.000000,1.000000,0,0,0,0
684,29,178,505,1.000000,1.000000,1.000000,1.000000,0,0,0,0
685,27,178,506,1.000000,1.000000,1.000000,1.000000,0,0,0,0
686,25,178,507,1.000000,1.000000,1.000000,1.000000,0,0,0,0
687,23,178,508,1.000000,1.000000,1.000000,1.000000,0,0,0,0
688,21,178,509,1.000000,1.000000,1.000000,1.000000,0,0,0,0
689,19,178,510,1.000000,1.000000,1.000000,1.000000,0,0,0,0
690,17,178,511,1.000000,1.000000,1.000000,1.000000,0,1,0,0
691,15,178,512,1.000000,1.000000,1.000000,1.000000,0,1,0,0
692,13,178,513,1.000000,1.000000,1.000000,1.000000,0,0,1,1
693,29,179,513,1.000000,1.000000,1.000000,1.000000,0,0,1,1
694,27,179,514,1.000000,1.000000,1.000000,1.000000,0,0,0,0
695,29,180,514,1.000000,1.000000,1.000000,1.000000,0,0,0,0
696,27,180,515,1.000000,1.000000,1.000000,1.000000,0,1,0,0
697,25,180,516,1.000000,1.000000,1.000000,1.000000,0,0,0,0
698,29,181,516,1.000000,1.000000,1.000000,1.000000,0,0,0,0
699,27,181,517,1.000000,1.000000,1.000000,1.000000,0,0,0,0
700,25,181,518,1.000000,1.000000,1.000000,1.000000,0,1,0,0
701,23,181,519,1.000000,1.000000,1.000000,1.000000,1,0,0,0
702,29,182,519,1.000000,1.000000,1.000000,1.000000,1,0,0,0
703,27,182,520,1.000000,1.000000,1.000000,1.000000,0,0,0,0
704,25,182,521,1.000000,1.000000,1.000000,1.000000,0,0,0,0
705,23,182,522,1.000000,1.000000,1.000000,1.000000,0,0,0,0
706,21,182,523,1.000000,1.000000,1.000000,1.000000,0,1,0,0
707,19,182,524,1.000000,1.000000,1.000000,1.000000,1,0,0,0
708,29,183,524,1.000000,1.000000,1.000000,1.000000,1,0,0,0
709,27,183,525,1.000000,1.000000,1.000000,1.000000,1,0,0,0
710,25,183,526,1.000000,1.000000,1.000000,1.000000,0,0,0,1
711,29,184,526,1.000000,1.000000,1.000000,1.000000,0,0,0,1
712,27,184,527,1.000000,1.000000,1.000000,1.000000,0,0,0,0
713,29,185,527,1.000000,1.000000,1.000000,1.000000,0,0,0,0
714,27,185,528,1.000000,1.000000,1.000000,1.000000,0,0,0,1
715,25,185,529,1.000000,1.000000,1.000000,1.000000,0,0,1,1
716,29,186,529,1.000000,1.000000,1.000000,1.000000,0,0,1,1
717,27,186,530,1.000000,1.000000,1.000000,1.000000,0,0,0,0
718,29,187,530,1.000000,1.000000,1.000000,1.000000,0,0,0,0
719,27,187,531,1.000000,1.000000,1.000000,1.000000,0,0,0,0
720,25,187,532,1.000000,1.000000,1.000000,1.000000,0,0,0,0
721,23,187,533,1.000000,1.000000,1.000000,1.000000,0,0,0,0
722,21,187,534,1.000000,1.000000,1.000000,1.000000,0,0,0,0
723,19,187,535,1.000000,1.000000,1.000000,1.000000,0,0,0,1
724,17,187,536,1.000000,1.000000,1.000000,1.000000,0,0,0,0
725,29,188,536,1.000000,1.000000,1.000000,1.000000,0,0,0,0
726,27,188,537,1.000000,1.000000,1.000000,1.000000,0,0,0,0
727,25,188,538,1.000000,1.000000,1.000000,1.000000,0,0,1,0
728,23,188,539,1.000000,1.000000,1.000000,1.000000,0,0,1,0
729,29,189,539,1.000000,1.000000,1.000000,1.000000,0,0,1,0
730,27,189,540,1.000000,1.000000,1.000000,1.000000,0,1,0,0
731,29,190,540,1.000000,1.000000,1.000000,1.000000,0,1,0,0
732,27,190,541,1.000000,1.000000,1.000000,1.000000,0,0,0,0
733,29,191,541,1.000000,1.000000,1.000000,1.000000,0,0,0,0
734,27,191,542,1.000000,1.000000,1.000000,1.000000,0,0,1,0
735,25,191,543,1.000000,1.000000,1.000000,1.000000,0,1,0,0
736,29,192,543,1.000000,1.000000,1.000000,1.000000,0,1,0,0
737,27,192,544,1.000000,1.000000,1.000000,1.000000,0,1,0,0
738,29,193,544,1.000000,1.000000,1.000000,1.000000,0,1,0,0
739,27,193,545,1.000000,1.000000,1.000000,1.000000,1,0,1,0
740,29,194,545,1.000000,1.000000,1.000000,1.000000,1,0,1,0
741,27,194,546,1.000000,1.000000,1.000000,1.000000,0,0,0,0
742,29,195,546,1.000000,1.000000,1.000000,1.000000,0,0,0,0
743,27,195,547,1.000000,1.000000,1.000000,1.000000,0,0,0,0
744,25,195,548,1.000000,1.000000,1.000000,1.000000,0,1,0,0
745,23,195,549,1.000000,1.000000,1.000000,1.000000,1,0,0,0
746,29,196,549,1.000000,1.000000,1.000000,1.000000,1,0,0,0
747,27,196,550,1.000000,1.000000,1.000000,1.000000,1,0,0,0
748,25,196,551,1.000000,1.000000,1.000000,1.000000,0,1,1,0
749,29,197,551,1.000000,1.000000,1.000000,1.000000,0,1,1,0
750,27,197,552,1.000000,1.000000,1.000000,1.000000,0,0,0,0
751,29,198,552,1.000000,1.000000,1.000000,1.000000,0,0,0,0
752,27,198,553,1.000000,1.000000,1.000000,1.000000,1,0,0,0
753,25,198,554,1.000000,1.000000,1.000000,1.000000,0,0,0,0
754,29,199,554,1.000000,1.000000,1.000000,1.000000,0,0,0,0
755,27,199,555,1.000000,1.000000,1.000000,1.000000,0,0,0,0
756,25,199,556,1.000000,1.000000,1.000000,1.000000,0,0,0,0
757,23,199,557,1.000000,1.000000,1.000000,1.000000,0,0,0,0
758,21,199,558,1.000000,1.000000,1.000000,1.000000,0,0,0,0
759,19,199,559,1.000000,1.000000,1.000000,1.000000,0,0,0,0
760,17,199,560,1.000000,1.000000,1.000000,1.000000,0,0,0,0
761,15,199,561,1.000000,1.000000,1.000000,1.000000,0,0,0,0
762,13,199,562,1.000000,1.000000,1.000000,1.000000,0,0,0,0
763,11,199,563,1.000000,1.000000,1.000000,1.000000,0,0,0,0
764,9,199,564,1.000000,1.000000,1.000000,1.000000,0,0,0,0
765,7,199,565,1.000000,1.000000,1.000000,1.000000,0,0,0,0
766,5,199,566,1.000000,1.000000,1.000000,1.000000,0,1,0,0
767,3,199,567,1.000000,1.000000,1.000000,1.000000,0,1,1,0
768,29,200,567,1.000000,1.000000,1.000000,1.000000,0,1,1,0
769,27,200,568,1.000000,1.000000,1.000000,1.000000,0,0,1,0
770,29,201,568,1.000000,1.000000,1.000000,1.000000,0,0,1,0
771,27,201,569,1.000000,1.000000,1.000000,1.000000,0,0,1,0
772,29,202,569,1.000000,1.000000,1.000000,1.000000,0,0,1,0
773,27,202,570,1.000000,1.000000,1.000000,1.000000,0,1,0,0
774,25,202,571,1.000000,1.000000,1.000000,1.000000,0,1,1,1
775,29,203,571,1.000000,1.000000,1.000000,1.000000,0,1,1,1
776,27,203,572,1.000000,1.000000,1.000000,1.000000,0,0,1,0
777,29,204,572,1.000000,1.000000,1.000000,1.000000,0,0,1,0
778,27,204,573,1.000000,1.000000,1.000000,1.000000,0,0,1,1
779,29,205,573,1.000000,1.000000,1.000000,1.000000,0,0,1,1
780,27,205,574,1.000000,1.000000,1.000000,1.000000,0,1,0,1
781,25,205,575,1.000000,1.000000,1.000000,1.000000,1,1,0,0
782,29,206,575,1.000000,1.000000,1.000000,1.000000,1,1,0,0
783,27,206,576,1.000000,1.000000,1.000000,1.000000,0,1,0,0
784,29,207,576,1.000000,1.000000,1.000000,1.000000,0,1,0,0
785,27,207,577,1.000000,1.000000,1.000000,1.000000,0,0,0,0
786,29,208,577,1.000000,1.000000,1.000000,1.000000,0,0,0,0
787,27,208,578,1.000000,1.000000,1.000000,1.000000,0,0,0,0
788,25,208,579,1.000000,1.000000,1.000000,1.000000,0,0,0,0
789,23,208,580,1.000000,1.000000,1.000000,1.000000,0,0,0,0
790,21,208,581,1.000000,1.000000,1.000000,1.000000,0,0,0,0
791,19,208,582,1.000000,1.000000,1.000000,1.000000,0,1,1,0
792,17,208,583,1.000000,1.000000,1.000000,1.000000,0,1,0,0
793,29,209,583,1.000000,1.000000,1.000000,1.000000,0,1,0,0
794,27,209,584,1.000000,1.000000,1.000000,1.000000,0,0,0,0
795,25,209,585,1.000000,1.000000,1.000000,1.000000,0,0,0,0
796,23,209,586,1.000000,1.000000,1.000000,1.000000,1,0,0,0
797,21,209,587,1.000000,1.000000,1.000000,1.000000,1,0,0,0
798,29,210,587,1.000000,1.000000,1.000000,1.000000,1,1,0,0
799,27,210,588,1.000000,1.000000,1.000000,1.000000,1,1,0,0
800,29,211,588,1.000000,1.000000,1.000000,1.000000,1,1,0,0
801,27,211,589,1.000000,1.000000,1.000000,1.000000,0,1,0,1
802,29,212,589,1.000000,1.000000,1.000000,1.000000,0,1,0,1
803,27,212,590,1.000000,1.000000,1.000000,1.000000,0,0,1,0
804,29,213,590,1.000000,1.000000,1.000000,1.000000,0,0,1,0
805,27,213,591,1.000000,1.000000,1.000000,1.000000,0,0,1,0
806,29,214,591,1.000000,1.000000,1.000000,1.000000,0,0,1,0
807,27,214,592,1.000000,1.000000,1.000000,1.000000,0,1,0,0
808,29,215,592,1.000000,1.000000,1.000000,1.000000,0,1,0,0
809,27,215,593,1.000000,1.000000,1.000000,1.000000,0,0,0,0
810,29,216,593,1.000000,1.000000,1.000000,1.000000,0,0,0,0
811,27,216,594,1.000000,1.000000,1.000000,1.000000,0,0,0,0
812,25,216,595,1.000000,1.000000,1.000000,1.000000,0,0,0,0
813,23,216,596,1.000000,1.000000,1.000000,1.000000,0,0,0,0
814,21,216,597,1.000000,1.000000,1.000000,1.000000,0,0,0,0
815,19,216,598,1.000000,1.000000,1.000000,1.000000,0,0,0,0
816,17,216,599,1.000000,1.000000,1.000000,1.000000,0,0,1,0
817,15,216,600,1.000000,1.000000,1.000000,1.000000,0,0,1,1
818,29,217,600,1.000000,1.000000,1.000000,1.000000,0,0,1,1
819,27,217,601,1.000000,1.000000,1.000000,1.000000,0,0,0,0
820,25,217,602,1.000000,1.000000,1.000000,1.000000,0,1,1,0
821,23,217,603,1.000000,1.000000,1.000000,1.000000,0,0,0,0
822,29,218,603,1.000000,1.000000,1.000000,1.000000,0,0,0,0
823,27,218,604,1.000000,1.000000,1.000000,1.000000,0,1,0,1
824,25,218,605,1.000000,1.000000,1.000000,1.000000,0,0,0,1
825,29,219,605,1.000000,1.000000,1.000000,1.000000,0,0,0,1
826,27,219,606,1.000000,1.000000,1.000000,1.000000,0,0,1,0
827,25,219,607,1.000000,1.000000,1.000000,1.000000,1,0,0,0
828,29,220,607,1.000000,1.000000,1.000000,1.000000,1,0,0,0
829,27,220,608,1.000000,1.000000,1.000000,1.000000,0,0,0,0
830,29,221,608,1.000000,1.000000,1.000000,1.000000,0,0,0,0
831,27,221,609,1.000000,1.000000,1.000000,1.000000,0,0,0,0
832,25,221,610,1.000000,1.000000,1.000000,1.000000,0,0,0,0
833,23,221,611,1.000000,1.000000,1.000000,1.000000,0,0,0,1
834,21,221,612,1.000000,1.000000,1.000000,1.000000,0,0,0,1
835,19,221,613,1.000000,1.000000,1.000000,1.000000,0,1,0,0
836,17,221,614,1.000000,1.000000,1.000000,1.000000,0,0,0,1
837,29,222,614,1.000000,1.000000,1.000000,1.000000,0,0,0,1
838,27,222,615,1.000000,1.000000,1.000000,1.000000,0,0,0,0
839,29,223,615,1.000000,1.000000,1.000000,1.000000,0,0,0,0
840,27,223,616,1.000000,1.000000,1.000000,1.000000,0,0,1,0
841,25,223,617,1.000000,1.000000,1.000000,1.000000,0,0,1,0
842,29,224,617,1.000000,1.000000,1.000000,1.000000,0,0,1,0
843,27,224,618,1.000000,1.000000,1.000000,1.000000,0,0,0,0
844,29,225,618,1.000000,1.000000,1.000000,1.000000,0,0,0,0
845,27,225,619,1.000000,1.000000,1.000000,1.000000,0,0,0,0
846,25,225,620,1.000000,1.000000,1.000000,1.000000,0,0,0,0
847,23,225,621,1.000000,1.000000,1.000000,1.000000,0,0,0,0
848,21,225,622,1.000000,1.000000,1.000000,1.000000,0,0,0,0
849,19,225,623,1.000000,1.000000,1.000000,1.000000,0,0,0,0
850,17,225,624,1.000000,1.000000,1.000000,1.000000,0,0,0,1
851,15,225,625,1.000000,1.000000,1.000000,1.000000,0,0,0,0
852,29,226,625,1.000000,1.000000,1.000000,1.000000,0,0,0,0
853,27,226,626,1.000000,1.000000,1.000000,1.000000,0,0,1,0
854,25,226,627,1.000000,1.000000,1.000000,1.000000,0,0,1,1
855,29,227,627,1.000000,1.000000,1.000000,1.000000,0,0,1,1
856,27,227,628,1.000000,1.000000,1.000000,1.000000,0,0,0,0
857,29,228,628,1.000000,1.000000,1.000000,1.000000,0,0,0,0
858,27,228,629,1.000000,1.000000,1.000000,1.000000,0,0,0,1
859,25,228,630,1.000000,1.000000,1.000000,1.000000,0,0,0,0
860,23,228,631,1.000000,1.000000,1.000000,1.000000,0,0,1,0
861,21,228,632,1.000000,1.000000,1.000000,1.000000,0,0,0,0
862,29,229,632,1.000000,1.000000,1.000000,1.000000,0,0,0,0
863,27,229,633,1.000000,1.000000,1.000000,1.000000,0,0,0,0
864,25,229,634,1.000000,1.000000,1.000000,1.000000,0,0,0,0
865,23,229,635,1.000000,1.000000,1.000000,1.000000,0,0,0,0
866,21,229,636,1.000000,1.000000,1.000000,1.000000,1,0,0,0
867,19,229,637,1.000000,1.000000,1.000000,1.000000,0,0,0,0
868,29,230,637,1.000000,1.000000,1.000000,1.000000,0,0,0,0
869,27,230,638,1.000000,1.000000,1.000000,1.000000,0,0,0,0
870,25,230,639,1.000000,1.000000,1.000000,1.000000,0,0,0,0
871,23,230,640,1.000000,1.000000,1.000000,1.000000,0,0,0,0
872,21,230,641,1.000000,1.000000,1.000000,1.000000,0,0,0,0
873,19,230,642,1.000000,1.000000,1.000000,1.000000,0,0,0,1
874,17,230,643,1.000000,1.000000,1.000000,1.000000,0,0,0,0
875,29,231,643,1.000000,1.000000,1.000000,1.000000,0,0,0,0
876,27,231,644,1.000000,1.000000,1.000000,1.000000,1,0,0,0
877,25,231,645,1.000000,1.000000,1.000000,1.000000,0,0,0,0
878,29,232,645,1.000000,1.000000,1.000000,1.000000,0,0,0,0
879,27,232,646,1.000000,1.000000,1.000000,1.000000,0,0,0,0
880,25,232,647,1.000000,1.000000,1.000000,1.000000,1,0,0,1
881,23,232,648,1.000000,1.000000,1.000000,1.000000,0,0,0,0
882,29,233,648,1.000000,1.000000,1.000000,1.000000,0,0,0,0
883,27,233,649,1.000000,1.000000,1.000000,1.000000,0,1,0,0
884,25,233,650,1.000000,1.000000,1.000000,1.000000,1,0,0,0
885,23,233,651,1.000000,1.000000,1.000000,1.000000,0,0,0,0
886,29,234,651,1.000000,1.000000,1.000000,1.000000,0,0,0,0
887,27,234,652,1.000000,1.000000,1.000000,1.000000,0,1,0,1
888,25,234,653,1.000000,1.000000,1.000000,1.000000,0,0,0,0
889,29,235,653,1.000000,1.000000,1.000000,1.000000,0,0,0,0
890,27,235,654,1.000000,1.000000,1.000000,1.000000,0,0,0,1
891,25,235,655,1.000000,1.000000,1.000000,1.000000,0,0,0,0
892,29,236,655,1.000000,1.000000,1.000000,1.000000,0,0,0,0
893,27,236,656,1.000000,1.000000,1.000000,1.000000,0,0,0,0
894,25,236,657,1.000000,1.000000,1.000000,1.000000,0,0,0,0
895,23,236,658,1.000000,1.000000,1.000000,1.000000,0,0,0,0
896,21,236,659,1.000000,1.000000,1.000000,1.000000,0,0,0,0
897,19,236,660,1.000000,1.000000,1.000000,1.000000,0,0,0,0
898,17,236,661,1.000000,1.000000,1.000000,1.000000,0,0,0,0
899,15,236,662,1.000000,1.000000,1.000000,1.000000,0,0,0,0
900,13,236,663,1.000000,1.000000,1.000000,1.000000,0,0,0,0
901,11,236,664,1.000000,1.000000,1.000000,1.000000,0,1,1,0
902,9,236,665,1.000000,1.000000,1.000000,1.000000,0,0,0,0
903,29,237,665,1.000000,1.000000,1.000000,1.000000,0,0,0,0
904,27,237,666,1.000000,1.000000,1.000000,1.000000,0,0,0,0
905,25,237,667,1.000000,1.000000,1.000000,1.000000,0,1,0,1
906,23,237,668,1.000000,1.000000,1.000000,1.000000,0,0,0,0
907,29,238,668,1.000000,1.000000,1.000000,1.000000,0,0,0,0
908,27,238,669,1.000000,1.000000,1.000000,1.000000,0,1,0,0
909,25,238,670,1.000000,1.000000,1.000000,1.000000,1,0,0,0
910,29,239,670,1.000000,1.000000,1.000000,1.000000,1,0,0,0
911,27,239,671,1.000000,1.000000,1.000000,1.000000,0,0,0,0
912,29,240,671,1.000000,1.000000,1.000000,1.000000,0,0,0,0
913,27,240,672,1.000000,1.000000,1.000000,1.000000,0,0,0,0
914,25,240,673,1.000000,1.000000,1.000000,1.000000,0,1,0,0
915,23,240,674,1.000000,1.000000,1.000000,1.000000,1,1,0,0
916,29,241,674,1.000000,1.000000,1.000000,1.000000,1,1,0,0
917,27,241,675,1.000000,1.000000,1.000000,1.000000,0,1,0,0
918,29,242,675,1.000000,1.000000,1.000000,1.000000,0,1,0,0
919,27,242,676,1.000000,1.000000,1.000000,1.000000,1,0,1,0
920,29,243,676,1.000000,1.000000,1.000000,1.000000,1,0,1,0
921,27,243,677,1.000000,1.000000,1.000000,1.000000,0,0,0,0
922,29,244,677,1.000000,1.000000,1.000000,1.000000,0,0,0,0
923,27,244,678,1.000000,1.000000,1.000000,1.000000,0,0,0,0
924,25,244,679,1.000000,1.000000,1.000000,1.000000,0,0,0,0
925,23,244,680,1.000000,1.000000,1.000000,1.000000,0,0,1,0
926,21,244,681,1.000000,1.000000,1.000000,1.000000,0,0,0,0
927,29,245,681,1.000000,1.000000,1.000000,1.000000,0,0,0,0
928,27,245,682,1.000000,1.000000,1.000000,1.000000,0,0,0,0
929,25,245,683,1.000000,1.000000,1.000000,1.000000,0,0,0,0
930,23,245,684,1.000000,1.000000,1.000000,1.000000,0,1,0,0
931,21,245,685,1.000000,1.000000,1.000000,1.000000,0,1,0,0
932,29,246,685,1.000000,1.000000,1.000000,1.000000,0,1,0,0
933,27,246,686,1.000000,1.000000,1.000000,1.000000,0,1,0,0
934,25,246,687,1.000000,1.000000,1.000000,1.000000,1,0,1,1
935,29,247,687,1.000000,1.000000,1.000000,1.000000,1,0,1,1
936,27,247,688,1.000000,1.000000,1.000000,1.000000,0,0,0,0
937,29,248,688,1.000000,1.000000,1.000000,1.000000,0,0,0,0
938,27,248,689,1.000000,1.000000,1.000000,1.000000,0,0,1,0
939,25,248,690,1.000000,1.000000,1.000000,1.000000,0,1,0,0
940,29,249,690,1.000000,1.000000,1.000000,1.000000,0,1,0,0
941,27,249,691,1.000000,1.000000,1.000000,1.000000,0,0,0,1
942,25,249,692,1.000000,1.000000,1.000000,1.000000,0,0,0,0
943,29,250,692,1.000000,1.000000,1.000000,1.000000,0,0,0,0
944,27,250,693,1.000000,1.000000,1.000000,1.000000,0,0,0,0
945,25,250,694,1.000000,1.000000,1.000000,1.000000,1,0,0,0
946,23,250,695,1.000000,1.000000,1.000000,1.000000,0,0,0,0
947,29,251,695,1.000000,1.000000,1.000000,1.000000,0,0,0,0
948,27,251,696,1.000000,1.000000,1.000000,1.000000,0,0,0,1
949,25,251,697,1.000000,1.000000,1.000000,1.000000,0,0,0,0
950,29,252,697,1.000000,1.000000,1.000000,1.000000,0,0,0,0
951,27,252,698,1.000000,1.000000,1.000000,1.000000,0,0,0,0
952,25,252,699,1.000000,1.000000,1.000000,1.000000,0,0,0,0
953,23,252,700,1.000000,1.000000,1.000000,1.000000,0,0,0,1
954,21,252,701,1.000000,1.000000,1.000000,1.000000,0,0,0,0
955,29,253,701,1.000000,1.000000,1.000000,1.000000,0,0,0,0
956,27,253,702,1.000000,1.000000,1.000000,1.000000,0,0,0,0
957,25,253,703,1.000000,1.000000,1.000000,1.000000,1,0,0,1
958,23,253,704,1.000000,1.000000,1.000000,1.000000,1,0,0,0
959,29,254,704,1.000000,1.000000,1.000000,1.000000,1,0,0,0
960,27,254,705,1.000000,1.000000,1.000000,1.000000,0,0,0,0
961,29,255,705,1.000000,1.000000,1.000000,1.000000,0,0,0,0
962,27,255,706,1.000000,1.000000,1.000000,1.000000,0,0,0,0
963,25,255,707,1.000000,1.000000,1.000000,1.000000,0,1,0,0
964,23,255,708,1.000000,1.000000,1.000000,1.000000,1,1,0,0
965,29,256,708,1.000000,1.000000,1.000000,1.000000,1,1,0,0
966,27,256,709,1.000000,1.000000,1.000000,1.000000,1,0,0,0
967,29,257,709,1.000000,1.000000,1.000000,1.000000,1,0,0,0
968,27,257,710,1.000000,1.000000,1.000000,1.000000,0,1,0,0
969,25,257,711,1.000000,1.000000,1.000000,1.000000,0,1,0,0
970,29,258,711,1.000000,1.000000,1.000000,1.000000,0,1,0,0
971,27,258,712,1.000000,1.000000,1.000000,1.000000,1,0,1,0
972,29,259,712,1.000000,1.000000,1.000000,1.000000,1,0,1,0
973,27,259,713,1.000000,1.000000,1.000000,1.000000,0,0,0,0
974,29,260,713,1.000000,1.000000,1.000000,1.000000,0,0,0,0
975,27,260,714,1.000000,1.000000,1.000000,1.000000,0,1,0,0
976,25,260,715,1.000000,1.000000,1.000000,1.000000,0,0,1,0
977,29,261,715,1.000000,1.000000,1.000000,1.000000,0,0,1,0
978,27,261,716,1.000000,1.000000,1.000000,1.000000,0,1,0,0
979,29,262,716,1.000000,1.000000,1.000000,1.000000,0,1,0,0
980,27,262,717,1.000000,1.000000,1.000000,1.000000,0,0,0,0
981,29,263,717,1.000000,1.000000,1.000000,1.000000,0,0,0,0
982,27,263,718,1.000000,1.000000,1.000000,1.000000,0,0,1,0
983,25,263,719,1.000000,1.000000,1.000000,1.000000,0,1,0,0
984,29,264,719,1.000000,1.000000,1.000000,1.000000,0,1,0,0
985,27,264,720,1.000000,1.000000,1.000000,1.000000,0,1,0,0
986,29,265,720,1.000000,1.000000,1.000000,1.000000,0,1,0,0
987,27,265,721,1.000000,1.000000,1.000000,1.000000,1,0,1,0
988,29,266,721,1.000000,1.000000,1.000000,1.000000,1,0,1,0
989,27,266,722,1.000000,1.000000,1.000000,1.000000,0,0,0,0
990,29,267,722,1.000000,1.000000,1.000000,1.000000,0,0,0,0
991,27,267,723,1.000000,1.000000,1.000000,1.000000,0,0,0,0
992,25,267,724,1.000000,1.000000,1.000000,1.000000,0,1,0,0
993,23,267,725,1.000000,1.000000,1.000000,1.000000,1,0,0,0
994,29,268,725,1.000000,1.000000,1.000000,1.000000,1,0,0,0
995,27,268,726,1.000000,1.000000,1.000000,1.000000,1,0,0,0
996,29,269,726,1.000000,1.000000,1.000000,1.000000,1,0,0,0
997,27,269,727,1.000000,1.000000,1.000000,1.000000,0,1,0,0
998,29,270,727,1.000000,1.000000,1.000000,1.000000,0,1,0,0
999,27,270,728,1.000000,1.000000,1.000000,1.000000,0,0,0,0
1000,29,271,728,1.000000,1.000000,1.000000,1.000000,0,0,0,0
1001,27,271,729,1.000000,1.000000,1.000000,1.000000,1,0,0,0
1002,25,271,730,1.000000,1.000000,1.000000,1.000000,0,0,0,0
1003,29,272,730,1.000000,1.000000,1.000000,1.000000,0,0,0,0
1004,27,272,731,1.000000,1.000000,1.000000,1.000000,0,0,0,0
1005,25,272,732,1.000000,1.000000,1.000000,1.000000,0,0,0,0
1006,23,272,733,1.000000,1.000000,1.000000,1.000000,0,0,0,0
1007,21,272,734,1.000000,1.000000,1.000000,1.000000,0,1,0,0
1008,19,272,735,1.000000,1.000000,1.000000,1.000000,0,0,0,0
1009,17,272,736,1.000000,1.000000,1.000000,1.000000,0,0,0,0
1010,15,272,737,1.000000,1.000000,1.000000,1.000000,0,0,0,0
1011,13,272,738,1.000000,1.000000,1.000000,1.000000,0,0,0,0
1012,11,272,739,1.000000,1.000000,1.000000,1.000000,0,0,0,0
1013,9,272,740,1.000000,1.000000,1.000000,1.000000,0,0,0,0
1014,7,272,741,1.000000,1.000000,1.000000,1.000000,0,1,0,0
1015,5,272,742,1.000000,1.000000,1.000000,1.000000,0,1,0,0
1016,29,273,742,1.000000,1.000000,1.000000,1.000000,0,1,0,0
1017,27,273,743,1.000000,1.000000,1.000000,1.000000,1,0,0,0
1018,25,273,744,1.000000,1.000000,1.000000,1.000000,0,0,1,0
1019,29,274,744,1.000000,1.000000,1.000000,1.000000,0,0,1,0
1020,27,274,745,1.000000,1.000000,1.000000,1.000000,0,0,0,0
1021,29,275,745,1.000000,1.000000,1.000000,1.000000,0,0,0,0
1022,27,275,746,1.000000,1.000000,1.000000,1.000000,0,0,0,0
1023,25,275,747,1.000000,1.000000,1.000000,1.000000,0,0,0,0
1024,23,275,748,1.000000,1.000000,1.000000,1.000000,1,0,0,0
1025,21,275,749,1.000000,1.000000,1.000000,1.000000,0,0,0,0
1026,19,275,750,1.000000,1.000000,1.000000,1.000000,1,0,0,0
1027,17,275,751,1.000000,1.000000,1.000000,1.000000,1,0,0,0
1028,29,276,751,1.000000,1.000000,1.000000,1.000000,1,0,0,0
1029,27,276,752,1.000000,1.000000,1.000000,1.000000,1,0,0,0
1030,25,276,753,1.000000,1.000000,1.000000,1.000000,0,0,1,0
1031,23,276,754,1.000000,1.000000,1.000000,1.000000,1,0,0,0
1032,29,277,754,1.000000,1.000000,1.000000,1.000000,1,0,0,0
1033,27,277,755,1.000000,1.000000,1.000000,1.000000,0,0,0,0
1034,29,278,755,1.000000,1.000000,1.000000,1.000000,0,0,0,0
1035,27,278,756,1.000000,1.000000,1.000000,1.000000,0,0,0,0
1036,25,278,757,1.000000,1.000000,1.000000,1.000000,0,0,0,0
1037,23,278,758,1.000000,1.000000,1.000000,1.000000,1,0,0,1
1038,21,278,759,1.000000,1.000000,1.000000,1.000000,0,0,0,0
1039,19,278,760,1.000000,1.000000,1.000000,1.000000,0,0,0,1
1040,17,278,761,1.000000,1.000000,1.000000,1.000000,0,0,0,0
1041,29,279,761,1.000000,1.000000,1.000000,1.000000,0,0,0,0
1042,27,279,762,1.000000,1.000000,1.000000,1.000000,1,0,1,0
1043,25,279,763,1.000000,1.000000,1.000000,1.000000,0,0,0,1
1044,29,280,763,1.000000,1.000000,1.000000,1.000000,0,0,0,1
1045,27,280,764,1.000000,1.000000,1.000000,1.000000,0,0,1,1
1046,25,280,765,1.000000,1.000000,1.000000,1.000000,1,1,0,0
1047,29,281,765,1.000000,1.000000,1.000000,1.000000,1,1,0,0
1048,27,281,766,1.000000,1.000000,1.000000,1.000000,1,0,0,0
1049,29,282,766,1.000000,1.000000,1.000000,1.000000,1,0,0,0
1050,27,282,767,1.000000,1.000000,1.000000,1.000000,0,1,0,0
1051,29,283,767,1.000000,1.000000,1.000000,1.000000,0,1,0,0
1052,27,283,768,1.000000,1.000000,1.000000,1.000000,1,1,0,0
1053,29,284,768,1.000000,1.000000,1.000000,1.000000,1,1,0,0
1054,27,284,769,1.000000,1.000000,1.000000,1.000000,0,0,0,0
1055,29,285,769,1.000000,1.000000,1.000000,1.000000,0,0,0,0
1056,27,285,770,1.000000,1.000000,1.000000,1.000000,0,0,0,1
1057,25,285,771,1.000000,1.000000,1.000000,1.000000,0,0,0,0
1058,29,286,771,1.000000,1.000000,1.000000,1.000000,0,0,0,0
1059,27,286,772,1.000000,1.000000,1.000000,1.000000,0,0,0,0
1060,25,286,773,1.000000,1.000000,1.000000,1.000000,0,0,0,1
1061,23,286,774,1.000000,1.000000,1.000000,1.000000,1,0,0,1
1062,29,287,774,1.000000,1.000000,1.000000,1.000000,1,0,0,1
1063,27,287,775,1.000000,1.000000,1.000000,1.000000,0,0,0,0
1064,29,288,775,1.000000,1.000000,1.000000,1.000000,0,0,0,0
1065,27,288,776,1.000000,1.000000,1.000000,1.000000,1,0,0,0
1066,25,288,777,1.000000,1.000000,1.000000,1.000000,1,1,0,0
1067,23,288,778,1.000000,1.000000,1.000000,1.000000,0,1,1,1
1068,29,289,778,1.000000,1.000000,1.000000,1.000000,0,1,1,1
1069,27,289,779,1.000000,1.000000,1.000000,1.000000,0,0,1,0
1070,25,289,780,1.000000,1.000000,1.000000,1.000000,1,0,0,1
1071,23,289,781,1.000000,1.000000,1.000000,1.000000,0,1,0,0
1072,29,290,781,1.000000,1.000000,1.000000,1.000000,0,1,0,0
1073,27,290,782,1.000000,1.000000,1.000000,1.000000,1,0,0,0
1074,29,291,782,1.000000,1.000000,1.000000,1.000000,1,0,0,0
1075,27,291,783,1.000000,1.000000,1.000000,1.000000,0,0,0,0
1076,29,292,783,1.000000,1.000000,1.000000,1.000000,0,0,0,0
1077,27,292,784,1.000000,1.000000,1.000000,1.000000,0,1,0,0
1078,25,292,785,1.000000,1.000000,1.000000,1.000000,1,0,0,0
1079,29,293,785,1.000000,1.000000,1.000000,1.000000,1,0,0,0
1080,27,293,786,1.000000,1.000000,1.000000,1.000000,0,0,0,0
1081,25,293,787,1.000000,1.000000,1.000000,1.000000,0,1,0,0
1082,23,293,788,1.000000,1.000000,1.000000,1.000000,0,0,1,0
1083,29,294,788,1.000000,1.000000,1.000000,1.000000,0,0,1,0
1084,27,294,789,1.000000,1.000000,1.000000,1.000000,0,0,0,0
1085,25,294,790,1.000000,1.000000,1.000000,1.000000,0,0,1,0
1086,23,294,791,1.000000,1.000000,1.000000,1.000000,0,0,0,0
1087,29,295,791,1.000000,1.000000,1.000000,1.000000,0,0,0,0
1088,27,295,792,1.000000,1.000000,1.000000,1.000000,0,0,0,0
1089,25,295,793,1.000000,1.000000,1.000000,1.000000,0,0,0,0
1090,23,295,794,1.000000,1.000000,1.000000,1.000000,0,0,0,0
1091,21,295,795,1.000000,1.000000,1.000000,1.000000,1,0,0,0
1092,19,295,796,1.000000,1.000000,1.000000,1.000000,0,0,0,0
1093,29,296,796,1.000000,1.000000,1.000000,1.000000,0,0,0,0
1094,27,296,797,1.000000,1.000000,1.000000,1.000000,1,0,0,0
1095,25,296,798,1.000000,1.000000,1.000000,1.000000,1,0,0,1
1096,29,297,798,1.000000,1.000000,1.000000,1.000000,1,0,0,1
1097,27,297,799,1.000000,1.000000,1.000000,1.000000,1,0,0,0
1098,29,298,799,1.000000,1.000000,1.000000,1.000000,1,0,0,0
1099,27,298,800,1.000000,1.000000,1.000000,1.000000,0,1,0,1
1100,25,298,801,1.000000,1.000000,1.000000,1.000000,0,0,0,1
1101,29,299,801,1.000000,1.000000,1.000000,1.000000,0,0,0,1
1102,27,299,802,1.000000,1.000000,1.000000,1.000000,0,0,0,1
1103,29,300,802,1.000000,1.000000,1.000000,1.000000,0,0,0,1
1104,27,300,803,1.000000,1.000000,1.000000,1.000000,0,0,0,0
1105,29,301,803,1.000000,1.000000,1.000000,1.000000,0,0,0,0
1106,27,301,804,1.000000,1.000000,1.000000,1.000000,0,0,1,0
1107,25,301,805,1.000000,1.000000,1.000000,1.000000,0,0,1,0
1108,23,301,806,1.000000,1.000000,1.000000,1.000000,1,0,0,1
1109,29,302,806,1.000000,1.000000,1.000000,1.000000,1,0,0,1
1110,27,302,807,1.000000,1.000000,1.000000,1.000000,0,0,0,0
1111,29,303,807,1.000000,1.000000,1.000000,1.000000,0,0,0,0
1112,27,303,808,1.000000,1.000000,1.000000,1.000000,0,0,0,1
1113,25,303,809,1.000000,1.000000,1.000000,1.000000,0,0,0,0
1114,29,304,809,1.000000,1.000000,1.000000,1.000000,0,0,0,0
1115,27,304,810,1.000000,1.000000,1.000000,1.000000,0,0,0,0
1116,25,304,811,1.000000,1.000000,1.000000,1.000000,0,0,0,0
1117,23,304,812,1.000000,1.000000,1.000000,1.000000,1,0,0,0
1118,21,304,813,1.000000,1.000000,1.000000,1.000000,1,1,0,0
1119,29,305,813,1.000000,1.000000,1.000000,1.000000,1,1,0,0
1120,27,305,814,1.000000,1.000000,1.000000,1.000000,1,0,0,0
1121,29,306,814,1.000000,1.000000,1.000000,1.000000,1,0,0,0
1122,27,306,815,1.000000,1.000000,1.000000,1.000000,0,0,0,1
1123,29,307,815,1.000000,1.000000,1.000000,1.000000,0,0,0,1
1124,27,307,816,1.000000,1.000000,1.000000,1.000000,0,0,0,1
1125,29,308,816,1.000000,1.000000,1.000000,1.000000,0,0,0,1
1126,27,308,817,1.000000,1.000000,1.000000,1.000000,0,0,0,0
1127,29,309,817,1.000000,1.000000,1.000000,1.000000,0,0,0,0
1128,27,309,818,1.000000,1.000000,1.000000,1.000000,0,0,1,0
1129,25,309,819,1.000000,1.000000,1.000000,1.000000,0,0,1,0
1130,29,310,819,1.000000,1.000000,1.000000,1.000000,0,0,1,0
1131,27,310,820,1.000000,1.000000,1.000000,1.000000,0,0,0,1
1132,29,311,820,1.000000,1.000000,1.000000,1.000000,0,0,0,1
1133,27,311,821,1.000000,1.000000,1.000000,1.000000,0,0,0,0
1134,29,312,821,1.000000,1.000000,1.000000,1.000000,0,0,0,0
1135,27,312,822,1.000000,1.000000,1.000000,1.000000,0,0,0,0
1136,25,312,823,1.000000,1.000000,1.000000,1.000000,0,0,0,0
1137,23,312,824,1.000000,1.000000,1.000000,1.000000,0,0,0,0
1138,21,312,825,1.000000,1.000000,1.000000,1.000000,0,0,1,0
1139,19,312,826,1.000000,1.000000,1.000000,1.000000,0,1,1,0
1140,29,313,826,1.000000,1.000000,1.000000,1.000000,0,1,1,0
1141,27,313,827,1.000000,1.000000,1.000000,1.000000,0,0,0,0
1142,29,314,827,1.000000,1.000000,1.000000,1.000000,0,0,0,0
1143,27,314,828,1.000000,1.000000,1.000000,1.000000,0,0,1,0
1144,25,314,829,1.000000,1.000000,1.000000,1.000000,0,0,1,0
1145,29,315,829,1.000000,1.000000,1.000000,1.000000,0,0,1,0
1146,27,315,830,1.000000,1.000000,1.000000,1.000000,0,0,0,1
1147,25,315,831,1.000000,1.000000,1.000000,1.000000,0,0,0,1
1148,23,315,832,1.000000,1.000000,1.000000,1.000000,0,0,1,1
1149,29,316,832,1.000000,1.000000,1.000000,1.000000,0,0,1,1
1150,27,316,833,1.000000,1.000000,1.000000,1.000000,1,0,0,0
1151,29,317,833,1.000000,1.000000,1.000000,1.000000,1,0,0,0
1152,27,317,834,1.000000,1.000000,1.000000,1.000000,0,0,0,1
1153,29,318,834,1.000000,1.000000,1.000000,1.000000,0,0,0,1
1154,27,318,835,1.000000,1.000000,1.000000,1.000000,0,0,0,0
1155,29,319,835,1.000000,1.000000,1.000000,1.000000,0,0,0,0
1156,27,319,836,1.000000,1.000000,1.000000,1.000000,0,0,0,0
1157,25,319,837,1.000000,1.000000,1.000000,1.000000,0,0,0,0
1158,23,319,838,1.000000,1.000000,1.000000,1.000000,0,0,0,0
1159,21,319,839,1.000000,1.000000,1.000000,1.000000,0,0,0,1
1160,19,319,840,1.000000,1.000000,1.000000,1.000000,0,0,0,1
1161,29,320,840,1.000000,1.000000,1.000000,1.000000,0,0,0,1
1162,27,320,841,1.000000,1.000000,1.000000,1.000000,0,0,1,1
1163,29,321,841,1.000000,1.000000,1.000000,1.000000,0,0,1,1
1164,27,321,842,1.000000,1.000000,1.000000,1.000000,0,0,0,0
1165,29,322,842,1.000000,1.000000,1.000000,1.000000,0,0,0,0
1166,27,322,843,1.000000,1.000000,1.000000,1.000000,0,1,1,1
1167,25,322,844,1.000000,1.000000,1.000000,1.000000,0,0,0,0
1168,29,323,844,1.000000,1.000000,1.000000,1.000000,0,0,0,0
1169,27,323,845,1.000000,1.000000,1.000000,1.000000,0,0,0,0
1170,25,323,846,1.000000,1.000000,1.000000,1.000000,0,0,0,0
1171,23,323,847,1.000000,1.000000,1.000000,1.000000,0,0,0,0
1172,21,323,848,1.000000,1.000000,1.000000,1.000000,0,0,0,0
1173,19,323,849,1.000000,1.000000,1.000000,1.000000,0,0,0,0
1174,17,323,850,1.000000,1.000000,1.000000,1.000000,0,0,0,0
1175,15,323,851,1.000000,1.000000,1.000000,1.000000,0,1,0,0
1176,13,323,852,1.000000,1.000000,1.000000,1.000000,0,0,0,0
1177,29,324,852,1.000000,1.000000,1.000000,1.000000,0,0,0,1
1178,27,324,853,1.000000,1.000000,1.000000,1.000000,0,0,0,0
1179,29,325,853,1.000000,1.000000,1.000000,1.000000,0,0,0,1
1180,27,325,854,1.000000,1.000000,1.000000,1.000000,0,0,0,0
1181,29,326,854,1.000000,1.000000,1.000000,1.000000,0,0,0,0
1182,27,326,855,1.000000,1.000000,1.000000,1.000000,0,1,1,1
1183,25,326,856,1.000000,1.000000,1.000000,1.000000,0,0,0,0
1184,29,327,856,1.000000,1.000000,1.000000,1.000000,0,0,0,0
1185,27,327,857,1.000000,1.000000,1.000000,1.000000,0,0,0,0
1186,25,327,858,1.000000,1.000000,1.000000,1.000000,0,0,0,0
1187,23,327,859,1.000000,1.000000,1.000000,1.000000,0,0,0,0
1188,21,327,860,1.000000,1.000000,1.000000,1.000000,0,0,0,0
1189,19,327,861,1.000000,1.000000,1.000000,1.000000,0,0,0,0
1190,17,327,862,1.000000,1.000000,1.000000,1.000000,0,0,0,0
1191,15,327,863,1.000000,1.000000,1.000000,1.000000,0,0,1,0
1192,13,327,864,1.000000,1.000000,1.000000,1.000000,0,0,0,0
1193,29,328,864,1.000000,1.000000,1.000000,1.000000,0,0,0,1
1194,27,328,865,1.000000,1.000000,1.000000,1.000000,0,0,0,0
1195,29,329,865,1.000000,1.000000,1.000000,1.000000,0,0,0,1
1196,27,329,866,1.000000,1.000000,1.000000,1.000000,0,0,0,0
1197,29,330,866,1.000000,1.000000,1.000000,1.000000,0,0,0,0
1198,27,330,867,1.000000,1.000000,1.000000,1.000000,0,0,1,0
1199,25,330,868,1.000000,1.000000,1.000000,1.000000,0,0,0,0
1200,29,331,868,1.000000,1.000000,1.000000,1.000000,0,0,0,0
1201,27,331,869,1.000000,1.000000,1.000000,1.000000,0,0,0,0
1202,25,331,870,1.000000,1.000000,1.000000,1.000000,0,0,0,0
1203,23,331,871,1.000000,1.000000,1.000000,1.000000,0,0,0,1
1204,21,331,872,1.000000,1.000000,1.000000,1.000000,1,0,0,0
1205,29,332,872,1.000000,1.000000,1.000000,1.000000,1,0,0,0
1206,27,332,873,1.000000,1.000000,1.000000,1.000000,1,0,0,0
1207,29,333,873,1.000000,1.000000,1.000000,1.000000,1,0,0,0
1208,27,333,874,1.000000,1.000000,1.000000,1.000000,0,0,0,0
1209,25,333,875,1.000000,1.000000,1.000000,1.000000,0,1,0,0
1210,23,333,876,1.000000,1.000000,1.000000,1.000000,0,0,0,0
1211,29,334,876,1.000000,1.000000,1.000000,1.000000,0,0,0,0
1212,27,334,877,1.000000,1.000000,1.000000,1.000000,0,0,0,0
1213,25,334,878,1.000000,1.000000,1.000000,1.000000,0,0,0,0
1214,23,334,879,1.000000,1.000000,1.000000,1.000000,0,0,1,1
1215,21,334,880,1.000000,1.000000,1.000000,1.000000,1,0,1,0
1216,19,334,881,1.000000,1.000000,1.000000,1.000000,1,1,0,0
1217,29,335,881,1.000000,1.000000,1.000000,1.000000,1,1,0,0
1218,27,335,882,1.000000,1.000000,1.000000,1.000000,0,0,0,0
1219,29,336,882,1.000000,1.000000,1.000000,1.000000,0,0,0,0
1220,27,336,883,1.000000,1.000000,1.000000,1.000000,0,0,0,1
1221,25,336,884,1.000000,1.000000,1.000000,1.000000,1,0,0,0
1222,29,337,884,1.000000,1.000000,1.000000,1.000000,1,0,0,0
1223,27,337,885,1.000000,1.000000,1.000000,1.000000,0,0,0,0
1224,29,338,885,1.000000,1.000000,1.000000,1.000000,0,0,0,0
1225,27,338,886,1.000000,1.000000,1.000000,1.000000,0,0,0,0
1226,25,338,887,1.000000,1.000000,1.000000,1.000000,1,0,0,0
1227,23,338,888,1.000000,1.000000,1.000000,1.000000,0,1,0,0
1228,29,339,888,1.000000,1.000000,1.000000,1.000000,0,1,0,0
1229,27,339,889,1.000000,1.000000,1.000000,1.000000,0,0,0,0
1230,29,340,889,1.000000,1.000000,1.000000,1.000000,0,0,0,0
1231,27,340,890,1.000000,1.000000,1.000000,1.000000,0,0,0,0
1232,25,340,891,1.000000,1.000000,1.000000,1.000000,0,0,1,0
1233,23,340,892,1.000000,1.000000,1.000000,1.000000,0,1,0,0
1234,21,340,893,1.000000,1.000000,1.000000,1.000000,0,1,0,1
1235,19,340,894,1.000000,1.000000,1.000000,1.000000,0,0,1,0
1236,29,341,894,1.000000,1.000000,1.000000,1.000000,0,0,1,0
1237,27,341,895,1.000000,1.000000,1.000000,1.000000,0,0,1,0
1238,29,342,895,1.000000,1.000000,1.000000,1.000000,0,0,1,0
1239,27,342,896,1.000000,1.000000,1.000000,1.000000,0,0,0,0
1240,29,343,896,1.000000,1.000000,1.000000,1.000000,0,0,0,0
1241,27,343,897,1.000000,1.000000,1.000000,1.000000,0,0,0,0
1242,25,343,898,1.000000,1.000000,1.000000,1.000000,0,1,0,0
1243,23,343,899,1.000000,1.000000,1.000000,1.000000,0,0,0,0
1244,29,344,899,1.000000,1.000000,1.000000,1.000000,0,0,0,0
1245,27,344,900,1.000000,1.000000,1.000000,1.000000,1,0,0,0
1246,25,344,901,1.000000,1.000000,1.000000,1.000000,0,1,0,1
1247,29,345,901,1.000000,1.000000,1.000000,1.000000,0,1,0,1
1248,27,345,902,1.000000,1.000000,1.000000,1.000000,1,0,0,0
1249,25,345,903,1.000000,1.000000,1.000000,1.000000,1,0,1,0
1250,29,346,903,1.000000,1.000000,1.000000,1.000000,1,0,1,0
1251,27,346,904,1.000000,1.000000,1.000000,1.000000,0,0,0,0
1252,29,347,904,1.000000,1.000000,1.000000,1.000000,0,0,0,0
1253,27,347,905,1.000000,1.000000,1.000000,1.000000,0,1,0,0
1254,25,347,906,1.000000,1.000000,1.000000,1.000000,1,0,0,0
1255,29,348,906,1.000000,1.000000,1.000000,1.000000,1,0,0,0
1256,27,348,907,1.000000,1.000000,1.000000,1.000000,1,1,0,0
1257,29,349,907,1.000000,1.000000,1.000000,1.000000,1,1,0,0
1258,27,349,908,1.000000,1.000000,1.000000,1.000000,0,0,0,1
1259,25,349,909,1.000000,1.000000,1.000000,1.000000,0,1,0,1
1260,29,350,909,1.000000,1.000000,1.000000,1.000000,0,1,0,1
1261,27,350,910,1.000000,1.000000,1.000000,1.000000,0,0,0,0
1262,29,351,910,1.000000,1.000000,1.000000,1.000000,0,0,0,0
1263,27,351,911,1.000000,1.000000,1.000000,1.000000,0,1,1,0
1264,25,351,912,1.000000,1.000000,1.000000,1.000000,0,1,0,0
1265,29,352,912,1.000000,1.000000,1.000000,1.000000,0,1,0,0
1266,27,352,913,1.000000,1.000000,1.000000,1.000000,1,1,1,0
1267,29,353,913,1.000000,1.000000,1.000000,1.000000,1,1,1,0
1268,27,353,914,1.000000,1.000000,1.000000,1.000000,0,1,0,0
1269,29,354,914,1.000000,1.000000,1.000000,1.000000,0,1,0,0
1270,27,354,915,1.000000,1.000000,1.000000,1.000000,1,1,0,0
1271,29,355,915,1.000000,1.000000,1.000000,1.000000,1,1,0,0
1272,27,355,916,1.000000,1.000000,1.000000,1.000000,0,1,0,0
1273,29,356,916,1.000000,1.000000,1.000000,1.000000,0,1,0,0
1274,27,356,917,1.000000,1.000000,1.000000,1.000000,1,0,1,0
1275,29,357,917,1.000000,1.000000,1.000000,1.000000,1,0,1,0
1276,27,357,918,1.000000,1.000000,1.000000,1.000000,0,0,0,0
1277,29,358,918,1.000000,1.000000,1.000000,1.000000,0,0,0,0
1278,27,358,919,1.000000,1.000000,1.000000,1.000000,0,0,1,0
1279,25,358,920,1.000000,1.000000,1.000000,1.000000,0,0,0,0
1280,29,359,920,1.000000,1.000000,1.000000,1.000000,0,0,0,0
1281,27,359,921,1.000000,1.000000,1.000000,1.000000,0,0,0,0
1282,25,359,922,1.000000,1.000000,1.000000,1.000000,0,0,0,0
1283,23,359,923,1.000000,1.000000,1.000000,1.000000,0,0,0,0
1284,21,359,924,1.000000,1.000000,1.000000,1.000000,0,0,0,0
1285,19,359,925,1.000000,1.000000,1.000000,1.000000,0,0,0,0
1286,17,359,926,1.000000,1.000000,1.000000,1.000000,0,0,0,0
1287,15,359,927,1.000000,1.000000,1.000000,1.000000,0,0,0,0
1288,13,359,928,1.000000,1.000000,1.000000,1.000000,1,0,0,0
1289,11,359,929,1.000000,1.000000,1.000000,1.000000,1,0,0,1
1290,29,360,929,1.000000,1.000000,1.000000,1.000000,1,0,0,1
1291,27,360,930,1.000000,1.000000,1.000000,1.000000,0,0,0,1
1292,25,360,931,1.000000,1.000000,1.000000,1.000000,1,1,1,1
1293,29,361,931,1.000000,1.000000,1.000000,1.000000,1,1,1,1
1294,27,361,932,1.000000,1.000000,1.000000,1.000000,0,0,0,0
1295,29,362,932,1.000000,1.000000,1.000000,1.000000,0,0,0,0
1296,27,362,933,1.000000,1.000000,1.000000,1.000000,0,1,0,1
1297,25,362,934,1.000000,1.000000,1.000000,1.000000,1,0,0,0
1298,29,363,934,1.000000,1.000000,1.000000,1.000000,1,0,0,0
1299,27,363,935,1.000000,1.000000,1.000000,1.000000,0,1,0,0
1300,25,363,936,1.000000,1.000000,1.000000,1.000000,0,1,0,0
1301,23,363,937,1.000000,1.000000,1.000000,1.000000,1,0,1,1
1302,29,364,937,1.000000,1.000000,1.000000,1.000000,1,0,1,1
1303,27,364,938,1.000000,1.000000,1.000000,1.000000,0,1,0,0
1304,29,365,938,1.000000,1.000000,1.000000,1.000000,0,1,0,0
1305,27,365,939,1.000000,1.000000,1.000000,1.000000,0,0,0,0
1306,29,366,939,1.000000,1.000000,1.000000,1.000000,0,0,0,0
1307,27,366,940,1.000000,1.000000,1.000000,1.000000,0,0,0,0
1308,25,366,941,1.000000,1.000000,1.000000,1.000000,0,0,0,0
1309,23,366,942,1.000000,1.000000,1.000000,1.000000,0,0,0,0
1310,21,366,943,1.000000,1.000000,1.000000,1.000000,0,0,0,0
1311,19,366,944,1.000000,1.000000,1.000000,1.000000,0,0,0,0
1312,17,366,945,1.000000,1.000000,1.000000,1.000000,1,0,0,0
1313,15,366,946,1.000000,1.000000,1.000000,1.000000,0,1,0,1
1314,29,367,946,1.000000,1.000000,1.000000,1.000000,0,1,0,1
1315,27,367,947,1.000000,1.000000,1.000000,1.000000,0,0,0,0
1316,29,368,947,1.000000,1.000000,1.000000,1.000000,0,0,0,0
1317,27,368,948,1.000000,1.000000,1.000000,1.000000,0,1,0,0
1318,25,368,949,1.000000,1.000000,1.000000,1.000000,0,0,0,0
1319,29,369,949,1.000000,1.000000,1.000000,1.000000,0,0,0,0
1320,27,369,950,1.000000,1.000000,1.000000,1.000000,0,0,0,0
1321,25,369,951,1.000000,1.000000,1.000000,1.000000,0,0,0,0
1322,23,369,952,1.000000,1.000000,1.000000,1.000000,0,0,0,0
1323,21,369,953,1.000000,1.000000,1.000000,1.000000,0,0,0,0
1324,19,369,954,1.000000,1.000000,1.000000,1.000000,1,0,0,1
1325,17,369,955,1.000000,1.000000,1.000000,1.000000,0,0,0,0
1326,29,370,955,1.000000,1.000000,1.000000,1.000000,0,0,0,0
1327,27,370,956,1.000000,1.000000,1.000000,1.000000,1,0,0,0
1328,25,370,957,1.000000,1.000000,1.000000,1.000000,0,0,0,0
1329,29,371,957,1.000000,1.000000,1.000000,1.000000,0,0,0,0
1330,27,371,958,1.000000,1.000000,1.000000,1.000000,1,0,0,1
1331,25,371,959,1.000000,1.000000,1.000000,1.000000,0,0,0,0
1332,29,372,959,1.000000,1.000000,1.000000,1.000000,0,0,0,0
1333,27,372,960,1.000000,1.000000,1.000000,1.000000,0,0,1,0
1334,25,372,961,1.000000,1.000000,1.000000,1.000000,0,0,0,0
1335,29,373,961,1.000000,1.000000,1.000000,1.000000,0,0,0,0
1336,27,373,962,1.000000,1.000000,1.000000,1.000000,0,0,0,0
1337,25,373,963,1.000000,1.000000,1.000000,1.000000,0,0,0,0
1338,23,373,964,1.000000,1.000000,1.000000,1.000000,0,0,0,0
1339,21,373,965,1.000000,1.000000,1.000000,1.000000,0,0,0,0
1340,19,373,966,1.000000,1.000000,1.000000,1.000000,0,1,0,0
1341,17,373,967,1.000000,1.000000,1.000000,1.000000,0,0,0,0
1342,29,374,967,1.000000,1.000000,1.000000,1.000000,0,0,0,0
1343,27,374,968,1.000000,1.000000,1.000000,1.000000,0,1,0,1
1344,25,374,969,1.000000,1.000000,1.000000,1.000000,0,0,0,0
1345,29,375,969,1.000000,1.000000,1.000000,1.000000,0,0,0,0
1346,27,375,970,1.000000,1.000000,1.000000,1.000000,0,0,0,0
1347,25,375,971,1.000000,1.000000,1.000000,1.000000,0,0,0,0
1348,23,375,972,1.000000,1.000000,1.000000,1.000000,0,0,0,0
1349,21,375,973,1.000000,1.000000,1.000000,1.000000,0,0,0,0
1350,19,375,974,1.000000,1.000000,1.000000,1.000000,0,0,0,0
1351,17,375,975,1.000000,1.000000,1.000000,1.000000,0,0,1,0
1352,15,375,976,1.000000,1.000000,1.000000,1.000000,0,1,0,1
1353,29,376,976,1.000000,1.000000,1.000000,1.000000,0,1,0,1
1354,27,376,977,1.000000,1.000000,1.000000,1.000000,0,0,0,0
1355,29,377,977,1.000000,1.000000,1.000000,1.000000,0,0,0,0
1356,27,377,978,1.000000,1.000000,1.000000,1.000000,0,0,0,0
1357,25,377,979,1.000000,1.000000,1.000000,1.000000,0,0,0,0
1358,23,377,980,1.000000,1.000000,1.000000,1.000000,0,0,0,0
1359,21,377,981,1.000000,1.000000,1.000000,1.000000,0,0,0,0
1360,19,377,982,1.000000,1.000000,1.000000,1.000000,0,0,0,0
1361,17,377,983,1.000000,1.000000,1.000000,1.000000,0,0,0,0
1362,15,377,984,1.000000,1.000000,1.000000,1.000000,0,0,1,0
1363,13,377,985,1.000000,1.000000,1.000000,1.000000,0,0,0,0
1364,29,378,985,1.000000,1.000000,1.000000,1.000000,0,0,0,0
1365,27,378,986,1.000000,1.000000,1.000000,1.000000,0,0,1,0
1366,25,378,987,1.000000,1.000000,1.000000,1.000000,0,0,1,1
1367,29,379,987,1.000000,1.000000,1.000000,1.000000,0,0,1,1
1368,27,379,988,1.000000,1.000000,1.000000,1.000000,0,0,1,1
1369,29,380,988,1.000000,1.000000,1.000000,1.000000,0,0,1,1
1370,27,380,989,1.000000,1.000000,1.000000,1.000000,0,0,0,0
1371,29,381,989,1.000000,1.000000,1.000000,1.000000,0,0,0,0
1372,27,381,990,1.000000,1.000000,1.000000,1.000000,0,1,1,0
1373,25,381,991,1.000000,1.000000,1.000000,1.000000,0,1,0,0
1374,23,381,992,1.000000,1.000000,1.000000,1.000000,0,0,0,1
1375,29,382,992,1.000000,1.000000,1.000000,1.000000,0,0,0,1
1376,27,382,993,1.000000,1.000000,1.000000,1.000000,0,1,0,0
1377,25,382,994,1.000000,1.000000,1.000000,1.000000,0,0,0,0
1378,29,383,994,1.000000,1.000000,1.000000,1.000000,0,0,0,0
1379,27,383,995,1.000000,1.000000,1.000000,1.000000,0,0,0,0
1380,25,383,996,1.000000,1.000000,1.000000,1.000000,1,0,0,0
1381,23,383,997,1.000000,1.000000,1.000000,1.000000,1,0,0,0
1382,29,384,997,1.000000,1.000000,1.000000,1.000000,1,0,0,0
1383,27,384,998,1.000000,1.000000,1.000000,1.000000,0,0,0,0
1384,29,385,998,1.000000,1.000000,1.000000,1.000000,0,0,0,0
1385,27,385,999,1.000000,1.000000,1.000000,1.000000,0,1,0,0
1386,25,385,1000,1.000000,1.000000,1.000000,1.000000,0,0,0,1
1387,23,385,1001,1.000000,1.000000,1.000000,1.000000,0,0,0,0
1388,29,386,1001,1.000000,1.000000,1.000000,1.000000,0,0,0,0
1389,27,386,1002,1.000000,1.000000,1.000000,1.000000,0,0,0,0
1390,25,386,1003,1.000000,1.000000,1.000000,1.000000,0,0,0,0
1391,23,386,1004,1.000000,1.000000,1.000000,1.000000,0,0,0,0
1392,21,386,1005,1.000000,1.000000,1.000000,1.000000,0,0,0,0
1393,19,386,1006,1.000000,1.000000,1.000000,1.000000,0,0,1,0
1394,17,386,1007,1.000000,1.000000,1.000000,1.000000,0,0,0,0
1395,15,386,1008,1.000000,1.000000,1.000000,1.000000,0,0,0,0
1396,13,386,1009,1.000000,1.000000,1.000000,1.000000,0,0,0,0
1397,11,386,1010,1.000000,1.000000,1.000000,1.000000,0,1,0,1
1398,9,386,1011,1.000000,1.000000,1.000000,1.000000,0,0,1,1
1399,29,387,1011,1.000000,1.000000,1.000000,1.000000,0,0,1,1
1400,27,387,1012,1.000000,1.000000,1.000000,1.000000,0,0,0,1
1401,25,387,1013,1.000000,1.000000,1.000000,1.000000,1,1,0,0
1402,29,388,1013,1.000000,1.000000,1.000000,1.000000,1,1,0,0
1403,27,388,1014,1.000000,1.000000,1.000000,1.000000,0,0,0,0
1404,29,389,1014,1.000000,1.000000,1.000000,1.000000,0,0,0,0
1405,27,389,1015,1.000000,1.000000,1.000000,1.000000,0,0,1,0
1406,25,389,1016,1.000000,1.000000,1.000000,1.000000,0,0,0,0
1407,29,390,1016,1.000000,1.000000,1.000000,1.000000,0,0,0,0
1408,27,390,1017,1.000000,1.000000,1.000000,1.000000,0,0,0,0
1409,25,390,1018,1.000000,1.000000,1.000000,1.000000,0,0,0,0
1410,23,390,1019,1.000000,1.000000,1.000000,1.000000,0,0,1,0
1411,21,390,1020,1.000000,1.000000,1.000000,1.000000,0,1,0,0
1412,29,391,1020,1.000000,1.000000,1.000000,1.000000,0,1,0,0
1413,27,391,1021,1.000000,1.000000,1.000000,1.000000,0,0,0,0
1414,29,392,1021,1.000000,1.000000,1.000000,1.000000,0,0,0,0
1415,27,392,1022,1.000000,1.000000,1.000000,1.000000,0,0,0,0
1416,25,392,1023,1.000000,1.000000,1.000000,1.000000,0,0,0,0
1417,23,392,1024,1.000000,1.000000,1.000000,1.000000,0,0,0,0
1418,21,392,1025,1.000000,1.000000,1.000000,1.000000,0,0,0,0
1419,19,392,1026,1.000000,1.000000,1.000000,1.000000,0,0,0,0
1420,17,392,1027,1.000000,1.000000,1.000000,1.000000,0,0,0,0
1421,15,392,1028,1.000000,1.000000,1.000000,1.000000,0,0,0,0
1422,13,392,1029,1.000000,1.000000,1.000000,1.000000,0,0,0,0
1423,11,392,1030,1.000000,1.000000,1.000000,1.000000,0,0,0,0
1424,9,392,1031,1.000000,1.000000,1.000000,1.000000,0,0,1,0
1425,7,392,1032,1.000000,1.000000,1.000000,1.000000,0,0,0,0
1426,29,393,1032,1.000000,1.000000,1.000000,1.000000,0,0,0,0
1427,27,393,1033,1.000000,1.000000,1.000000,1.000000,0,1,0,0
1428,25,393,1034,1.000000,1.000000,1.000000,1.000000,0,0,0,0
1429,29,394,1034,1.000000,1.000000,1.000000,1.000000,0,0,0,0
1430,27,394,1035,1.000000,1.000000,1.000000,1.000000,0,1,0,0
1431,25,394,1036,1.000000,1.000000,1.000000,1.000000,0,1,0,0
1432,29,395,1036,1.000000,1.000000,1.000000,1.000000,0,1,0,0
1433,27,395,1037,1.000000,1.000000,1.000000,1.000000,1,0,0,0
1434,29,396,1037,1.000000,1.000000,1.000000,1.000000,1,0,0,0
1435,27,396,1038,1.000000,1.000000,1.000000,1.000000,1,0,0,0
1436,25,396,1039,1.000000,1.000000,1.000000,1.000000,0,0,1,0
1437,29,397,1039,1.000000,1.000000,1.000000,1.000000,0,0,1,0
1438,27,397,1040,1.000000,1.000000,1.000000,1.000000,0,0,0,0
1439,29,398,1040,1.000000,1.000000,1.000000,1.000000,0,0,0,0
1440,27,398,1041,1.000000,1.000000,1.000000,1.000000,0,0,0,0
1441,25,398,1042,1.000000,1.000000,1.000000,1.000000,0,0,0,0
1442,23,398,1043,1.000000,1.000000,1.000000,1.000000,0,0,0,0
1443,21,398,1044,1.000000,1.000000,1.000000,1.000000,0,0,0,0
1444,19,398,1045,1.000000,1.000000,1.000000,1.000000,0,0,0,0
1445,17,398,1046,1.000000,1.000000,1.000000,1.000000,0,0,1,0
1446,15,398,1047,1.000000,1.000000,1.000000,1.000000,0,0,0,0
1447,29,399,1047,1.000000,1.000000,1.000000,1.000000,0,0,0,0
1448,27,399,1048,1.000000,1.000000,1.000000,1.000000,0,0,0,1
1449,25,399,1049,1.000000,1.000000,1.000000,1.000000,0,0,0,0
1450,23,399,1050,1.000000,1.000000,1.000000,1.000000,0,0,0,0
1451,21,399,1051,1.000000,1.000000,1.000000,1.000000,0,0,0,0
1452,19,399,1052,1.000000,1.000000,1.000000,1.000000,0,0,0,1
1453,17,399,1053,1.000000,1.000000,1.000000,1.000000,1,0,0,1
1454,15,399,1054,1.000000,1.000000,1.000000,1.000000,0,1,0,0
1455,13,399,1055,1.000000,1.000000,1.000000,1.000000,1,0,0,1
1456,29,400,1055,1.000000,1.000000,1.000000,1.000000,1,0,0,1
1457,27,400,1056,1.000000,1.000000,1.000000,1.000000,0,0,0,0
1458,29,401,1056,1.000000,1.000000,1.000000,1.000000,0,0,0,0
1459,27,401,1057,1.000000,1.000000,1.000000,1.000000,1,0,0,0
1460,25,401,1058,1.000000,1.000000,1.000000,1.000000,1,0,0,0
1461,29,402,1058,1.000000,1.000000,1.000000,1.000000,1,0,0,0
1462,27,402,1059,1.000000,1.000000,1.000000,1.000000,0,0,0,0
1463,29,403,1059,1.000000,1.000000,1.000000,1.000000,0,0,0,0
1464,27,403,1060,1.000000,1.000000,1.000000,1.000000,0,0,0,0
1465,25,403,1061,1.000000,1.000000,1.000000,1.000000,0,0,0,0
1466,23,403,1062,1.000000,1.000000,1.000000,1.000000,0,0,0,0
1467,21,403,1063,1.000000,1.000000,1.000000,1.000000,0,0,0,0
1468,19,403,1064,1.000000,1.000000,1.000000,1.000000,0,0,1,0
1469,17,403,1065,1.000000,1.000000,1.000000,1.000000,0,0,0,0
1470,29,404,1065,1.000000,1.000000,1.000000,1.000000,0,0,0,0
1471,27,404,1066,1.000000,1.000000,1.000000,1.000000,1,0,0,0
1472,25,404,1067,1.000000,1.000000,1.000000,1.000000,0,0,0,1
1473,23,404,1068,1.000000,1.000000,1.000000,1.000000,0,1,0,0
1474,29,405,1068,1.000000,1.000000,1.000000,1.000000,0,1,0,0
1475,27,405,1069,1.000000,1.000000,1.000000,1.000000,1,0,0,0
1476,29,406,1069,1.000000,1.000000,1.000000,1.000000,1,0,0,0
1477,27,406,1070,1.000000,1.000000,1.000000,1.000000,1,0,0,0
1478,29,407,1070,1.000000,1.000000,1.000000,1.000000,1,0,0,0
1479,27,407,1071,1.000000,1.000000,1.000000,1.000000,0,0,0,0
1480,29,408,1071,1.000000,1.000000,1.000000,1.000000,0,0,0,0
1481,27,408,1072,1.000000,1.000000,1.000000,1.000000,1,0,0,0
1482,25,408,1073,1.000000,1.000000,1.000000,1.000000,1,0,0,0
1483,29,409,1073,1.000000,1.000000,1.000000,1.000000,1,0,0,0
1484,27,409,1074,1.000000,1.000000,1.000000,1.000000,0,0,0,1
1485,29,410,1074,1.000000,1.000000,1.000000,1.000000,0,0,0,1
1486,27,410,1075,1.000000,1.000000,1.000000,1.000000,0,0,0,0
1487,29,411,1075,1.000000,1.000000,1.000000,1.000000,0,0,0,0
1488,27,411,1076,1.000000,1.000000,1.000000,1.000000,1,0,0,0
1489,25,411,1077,1.000000,1.000000,1.000000,1.000000,0,0,0,0
1490,29,412,1077,1.000000,1.000000,1.000000,1.000000,0,0,0,0
1491,27,412,1078,1.000000,1.000000,1.000000,1.000000,0,0,0,0
1492,25,412,1079,1.000000,1.000000,1.000000,1.000000,0,0,0,0
1493,23,412,1080,1.000000,1.000000,1.000000,1.000000,1,0,0,0
1494,21,412,1081,1.000000,1.000000,1.000000,1.000000,1,0,0,0
1495,29,413,1081,1.000000,1.000000,1.000000,1.000000,1,0,0,0
1496,27,413,1082,1.000000,1.000000,1.000000,1.000000,0,0,0,0
1497,29,414,1082,1.000000,1.000000,1.000000,1.000000,0,0,0,0
1498,27,414,1083,1.000000,1.000000,1.000000,1.000000,0,0,0,0
1499,25,414,1084,1.000000,1.000000,1.000000,1.000000,0,0,0,0
1500,23,414,1085,1.000000,1.000000,1.000000,1.000000,0,0,0,0
1501,21,414,1086,1.000000,1.000000,1.000000,1.000000,1,1,0,0
1502,19,414,1087,1.000000,1.000000,1.000000,1.000000,0,1,0,0
1503,29,415,1087,1.000000,1.000000,1.000000,1.000000,0,1,0,0
1504,27,415,1088,1.000000,1.000000,1.000000,1.000000,0,1,0,0
1505,29,416,1088,1.000000,1.000000,1.000000,1.000000,0,1,0,0
1506,27,416,1089,1.000000,1.000000,1.000000,1.000000,0,0,0,0
1507,29,417,1089,1.000000,1.000000,1.000000,1.000000,0,0,0,0
1508,27,417,1090,1.000000,1.000000,1.000000,1.000000,0,0,0,0
1509,25,417,1091,1.000000,1.000000,1.000000,1.000000,0,0,0,0
1510,23,417,1092,1.000000,1.000000,1.000000,1.000000,0,1,0,0
1511,21,417,1093,1.000000,1.000000,1.000000,1.000000,0,0,0,0
1512,29,418,1093,1.000000,1.000000,1.000000,1.000000,0,0,0,0
1513,27,418,1094,1.000000,1.000000,1.000000,1.000000,0,0,0,0
1514,25,418,1095,1.000000,1.000000,1.000000,1.000000,1,0,0,0
1515,23,418,1096,1.000000,1.000000,1.000000,1.000000,0,0,0,0
1516,29,419,1096,1.000000,1.000000,1.000000,1.000000,0,0,0,0
1517,27,419,1097,1.000000,1.000000,1.000000,1.000000,0,0,0,0
1518,25,419,1098,1.000000,1.000000,1.000000,1.000000,0,0,0,0
1519,23,419,1099,1.000000,1.000000,1.000000,1.000000,0,0,0,0
1520,21,419,1100,1.000000,1.000000,1.000000,1.000000,0,0,0,0
1521,19,419,1101,1.000000,1.000000,1.000000,1.000000,0,0,0,0
1522,17,419,1102,1.000000,1.000000,1.000000,1.000000,0,0,0,0
1523,15,419,1103,1.000000,1.000000,1.000000,1.000000,0,0,0,0
1524,13,419,1104,1.000000,1.000000,1.000000,1.000000,0,0,1,0
1525,11,419,1105,1.000000,1.000000,1.000000,1.000000,0,0,0,1
1526,29,420,1105,1.000000,1.000000,1.000000,1.000000,0,0,0,1
1527,27,420,1106,1.000000,1.000000,1.000000,1.000000,0,0,0,1
1528,29,421,1106,1.000000,1.000000,1.000000,1.000000,0,0,0,1
1529,27,421,1107,1.000000,1.000000,1.000000,1.000000,0,0,0,0
1530,25,421,1108,1.000000,1.000000,1.000000,1.000000,0,0,1,0
1531,23,421,1109,1.000000,1.000000,1.000000,1.000000,0,0,0,0
1532,21,421,1110,1.000000,1.000000,1.000000,1.000000,0,0,0,0
1533,19,421,1111,1.000000,1.000000,1.000000,1.000000,0,0,0,0
1534,17,421,1112,1.000000,1.000000,1.000000,1.000000,0,0,1,0
1535,15,421,1113,1.000000,1.000000,1.000000,1.000000,0,0,0,0
1536,29,422,1113,1.000000,1.000000,1.000000,1.000000,0,0,0,0
1537,27,422,1114,1.000000,1.000000,1.000000,1.000000,0,0,1,0
1538,25,422,1115,1.000000,1.000000,1.000000,1.000000,0,1,0,0
1539,29,423,1115,1.000000,1.000000,1.000000,1.000000,0,1,0,0
1540,27,423,1116,1.000000,1.000000,1.000000,1.000000,0,0,0,0
1541,29,424,1116,1.000000,1.000000,1.000000,1.000000,0,0,0,0
1542,27,424,1117,1.000000,1.000000,1.000000,1.000000,0,1,0,0
1543,25,424,1118,1.000000,1.000000,1.000000,1.000000,0,0,0,0
1544,29,425,1118,1.000000,1.000000,1.000000,1.000000,0,0,0,0
1545,27,425,1119,1.000000,1.000000,1.000000,1.000000,0,0,0,0
1546,25,425,1120,1.000000,1.000000,1.000000,1.000000,0,0,0,0
1547,23,425,1121,1.000000,1.000000,1.000000,1.000000,0,0,0,0
1548,21,425,1122,1.000000,1.000000,1.000000,1.000000,0,0,0,0
1549,19,425,1123,1.000000,1.000000,1.000000,1.000000,0,0,0,0
1550,17,425,1124,1.000000,1.000000,1.000000,1.000000,0,0,0,0
1551,15,425,1125,1.000000,1.000000,1.000000,1.000000,0,0,0,0
1552,13,425,1126,1.000000,1.000000,1.000000,1.000000,0,0,0,0
1553,11,425,1127,1.000000,1.000000,1.000000,1.000000,0,0,0,0
1554,9,425,1128,1.000000,1.000000,1.000000,1.000000,0,0,0,1
1555,7,425,1129,1.000000,1.000000,1.000000,1.000000,0,1,0,0
1556,29,426,1129,1.000000,1.000000,1.000000,1.000000,0,1,0,0
1557,27,426,1130,1.000000,1.000000,1.000000,1.000000,0,0,0,0
1558,29,427,1130,1.000000,1.000000,1.000000,1.000000,0,0,0,0
1559,27,427,1131,1.000000,1.000000,1.000000,1.000000,0,0,0,0
1560,25,427,1132,1.000000,1.000000,1.000000,1.000000,0,0,0,0
1561,23,427,1133,1.000000,1.000000,1.000000,1.000000,0,0,0,0
1562,21,427,1134,1.000000,1.000000,1.000000,1.000000,1,0,0,0
1563,19,427,1135,1.000000,1.000000,1.000000,1.000000,0,0,0,0
1564,29,428,1135,1.000000,1.000000,1.000000,1.000000,0,0,0,0
1565,27,428,1136,1.000000,1.000000,1.000000,1.000000,1,0,0,0
1566,25,428,1137,1.000000,1.000000,1.000000,1.000000,0,0,0,1
1567,29,429,1137,1.000000,1.000000,1.000000,1.000000,0,0,0,1
1568,27,429,1138,1.000000,1.000000,1.000000,1.000000,0,0,0,1
1569,29,430,1138,1.000000,1.000000,1.000000,1.000000,0,0,0,1
1570,27,430,1139,1.000000,1.000000,1.000000,1.000000,0,0,0,0
1571,29,431,1139,1.000000,1.000000,1.000000,1.000000,0,0,0,0
1572,27,431,1140,1.000000,1.000000,1.000000,1.000000,0,0,0,1
1573,25,431,1141,1.000000,1.000000,1.000000,1.000000,0,0,0,0
1574,29,432,1141,1.000000,1.000000,1.000000,1.000000,0,0,0,0
1575,27,432,1142,1.000000,1.000000,1.000000,1.000000,1,0,0,1
1576,25,432,1143,1.000000,1.000000,1.000000,1.000000,1,0,0,0
1577,23,432,1144,1.000000,1.000000,1.000000,1.000000,0,1,1,0
1578,29,433,1144,1.000000,1.000000,1.000000,1.000000,0,1,1,0
1579,27,433,1145,1.000000,1.000000,1.000000,1.000000,0,0,0,0
1580,29,434,1145,1.000000,1.000000,1.000000,1.000000,0,0,0,0
1581,27,434,1146,1.000000,1.000000,1.000000,1.000000,0,0,0,1
1582,25,434,1147,1.000000,1.000000,1.000000,1.000000,0,0,0,1
1583,29,435,1147,1.000000,1.000000,1.000000,1.000000,0,0,0,1
1584,27,435,1148,1.000000,1.000000,1.000000,1.000000,0,0,0,0
1585,29,436,1148,1.000000,1.000000,1.000000,1.000000,0,0,0,0
1586,27,436,1149,1.000000,1.000000,1.000000,1.000000,0,0,1,0
1587,25,436,1150,1.000000,1.000000,1.000000,1.000000,0,0,1,0
1588,29,437,1150,1.000000,1.000000,1.000000,1.000000,0,0,1,0
1589,27,437,1151,1.000000,1.000000,1.000000,1.000000,0,0,0,0
1590,29,438,1151,1.000000,1.000000,1.000000,1.000000,0,0,0,0
1591,27,438,1152,1.000000,1.000000,1.000000,1.000000,0,0,0,0
1592,25,438,1153,1.000000,1.000000,1.000000,1.000000,0,0,0,0
1593,23,438,1154,1.000000,1.000000,1.000000,1.000000,0,0,0,0
1594,21,438,1155,1.000000,1.000000,1.000000,1.000000,0,0,1,0
1595,19,438,1156,1.000000,1.000000,1.000000,1.000000,0,0,1,0
1596,29,439,1156,1.000000,1.000000,1.000000,1.000000,0,0,1,0
1597,27,439,1157,1.000000,1.000000,1.000000,1.000000,0,0,0,0
1598,29,440,1157,1.000000,1.000000,1.000000,1.000000,0,0,0,0
1599,27,440,1158,1.000000,1.000000,1.000000,1.000000,0,0,0,0
1600,25,440,1159,1.000000,1.000000,1.000000,1.000000,0,0,0,0
1601,23,440,1160,1.000000,1.000000,1.000000,1.000000,0,0,0,0
1602,21,440,1161,1.000000,1.000000,1.000000,1.000000,0,0,0,0
1603,19,440,1162,1.000000,1.000000,1.000000,1.000000,0,0,0,0
1604,17,440,1163,1.000000,1.000000,1.000000,1.000000,0,0,0,0
1605,15,440,1164,1.000000,1.000000,1.000000,1.000000,0,0,0,0
1606,13,440,1165,1.000000,1.000000,1.000000,1.000000,0,0,1,0
1607,11,440,1166,1.000000,1.000000,1.000000,1.000000,0,1,0,0
1608,29,441,1166,1.000000,1.000000,1.000000,1.000000,0,1,0,0
1609,27,441,1167,1.000000,1.000000,1.000000,1.000000,0,0,0,0
1610,29,442,1167,1.000000,1.000000,1.000000,1.000000,0,0,0,0
1611,27,442,1168,1.000000,1.000000,1.000000,1.000000,0,0,0,0
1612,25,442,1169,1.000000,1.000000,1.000000,1.000000,0,0,0,0
1613,23,442,1170,1.000000,1.000000,1.000000,1.000000,0,0,0,0
1614,21,442,1171,1.000000,1.000000,1.000000,1.000000,0,0,1,0
1615,19,442,1172,1.000000,1.000000,1.000000,1.000000,0,0,0,0
1616,29,443,1172,1.000000,1.000000,1.000000,1.000000,0,0,0,0
1617,27,443,1173,1.000000,1.000000,1.000000,1.000000,0,0,0,0
1618,25,443,1174,1.000000,1.000000,1.000000,1.000000,0,0,0,0
1619,23,443,1175,1.000000,1.000000,1.000000,1.000000,0,0,0,0
1620,21,443,1176,1.000000,1.000000,1.000000,1.000000,0,0,0,0
1621,19,443,1177,1.000000,1.000000,1.000000,1.000000,0,0,0,0
1622,17,443,1178,1.000000,1.000000,1.000000,1.000000,1,1,0,0
1623,15,443,1179,1.000000,1.000000,1.000000,1.000000,1,0,0,0
1624,13,443,1180,1.000000,1.000000,1.000000,1.000000,0,0,1,1
1625,29,444,1180,1.000000,1.000000,1.000000,1.000000,0,0,1,1
1626,27,444,1181,1.000000,1.000000,1.000000,1.000000,0,0,0,0
1627,29,445,1181,1.000000,1.000000,1.000000,1.000000,0,0,0,0
1628,27,445,1182,1.000000,1.000000,1.000000,1.000000,1,0,0,1
1629,25,445,1183,1.000000,1.000000,1.000000,1.000000,0,0,0,0
1630,23,445,1184,1.000000,1.000000,1.000000,1.000000,0,0,1,0
1631,21,445,1185,1.000000,1.000000,1.000000,1.000000,0,0,0,0
1632,29,446,1185,1.000000,1.000000,1.000000,1.000000,0,0,0,0
1633,27,446,1186,1.000000,1.000000,1.000000,1.000000,0,0,0,0
1634,25,446,1187,1.000000,1.000000,1.000000,1.000000,0,0,0,0
1635,23,446,1188,1.000000,1.000000,1.000000,1.000000,0,0,1,1
1636,21,446,1189,1.000000,1.000000,1.000000,1.000000,0,0,0,0
1637,29,447,1189,1.000000,1.000000,1.000000,1.000000,0,0,0,0
1638,27,447,1190,1.000000,1.000000,1.000000,1.000000,0,0,0,0
1639,25,447,1191,1.000000,1.000000,1.000000,1.000000,0,0,0,0
1640,23,447,1192,1.000000,1.000000,1.000000,1.000000,0,0,0,1
1641,21,447,1193,1.000000,1.000000,1.000000,1.000000,1,0,0,0
1642,19,447,1194,1.000000,1.000000,1.000000,1.000000,0,0,1,0
1643,29,448,1194,1.000000,1.000000,1.000000,1.000000,0,0,1,0
1644,27,448,1195,1.000000,1.000000,1.000000,1.000000,0,0,0,0
1645,25,448,1196,1.000000,1.000000,1.000000,1.000000,0,1,0,0
1646,23,448,1197,1.000000,1.000000,1.000000,1.000000,0,0,0,0
1647,29,449,1197,1.000000,1.000000,1.000000,1.000000,0,0,0,0
1648,27,449,1198,1.000000,1.000000,1.000000,1.000000,0,0,0,0
1649,25,449,1199,1.000000,1.000000,1.000000,1.000000,0,0,0,0
1650,23,449,1200,1.000000,1.000000,1.000000,1.000000,0,0,0,0
1651,21,449,1201,1.000000,1.000000,1.000000,1.000000,0,0,0,0
1652,19,449,1202,1.000000,1.000000,1.000000,1.000000,0,1,1,0
1653,17,449,1203,1.000000,1.000000,1.000000,1.000000,0,0,0,0
1654,29,450,1203,1.000000,1.000000,1.000000,1.000000,0,0,0,0
1655,27,450,1204,1.000000,1.000000,1.000000,1.000000,0,1,0,0
1656,25,450,1205,1.000000,1.000000,1.000000,1.000000,0,1,0,0
1657,29,451,1205,1.000000,1.000000,1.000000,1.000000,0,1,0,0
1658,27,451,1206,1.000000,1.000000,1.000000,1.000000,0,0,1,0
1659,29,452,1206,1.000000,1.000000,1.000000,1.000000,0,0,1,0
1660,27,452,1207,1.000000,1.000000,1.000000,1.000000,0,0,0,0
1661,29,453,1207,1.000000,1.000000,1.000000,1.000000,0,0,0,0
1662,27,453,1208,1.000000,1.000000,1.000000,1.000000,0,0,0,0
1663,25,453,1209,1.000000,1.000000,1.000000,1.000000,0,0,0,0
1664,23,453,1210,1.000000,1.000000,1.000000,1.000000,0,0,0,0
1665,21,453,1211,1.000000,1.000000,1.000000,1.000000,0,0,0,0
1666,19,453,1212,1.000000,1.000000,1.000000,1.000000,0,0,0,0
1667,17,453,1213,1.000000,1.000000,1.000000,1.000000,0,0,0,0
1668,15,453,1214,1.000000,1.000000,1.000000,1.000000,1,0,0,0
1669,13,453,1215,1.000000,1.000000,1.000000,1.000000,0,0,0,0
1670,29,454,1215,1.000000,1.000000,1.000000,1.000000,0,0,0,0
1671,27,454,1216,1.000000,1.000000,1.000000,1.000000,0,1,0,1
1672,25,454,1217,1.000000,1.000000,1.000000,1.000000,1,0,0,0
1673,29,455,1217,1.000000,1.000000,1.000000,1.000000,1,0,0,0
1674,27,455,1218,1.000000,1.000000,1.000000,1.000000,0,0,0,0
1675,29,456,1218,1.000000,1.000000,1.000000,1.000000,0,0,0,0
1676,27,456,1219,1.000000,1.000000,1.000000,1.000000,0,0,0,0
1677,25,456,1220,1.000000,1.000000,1.000000,1.000000,0,0,1,0
1678,23,456,1221,1.000000,1.000000,1.000000,1.000000,0,0,0,0
1679,29,457,1221,1.000000,1.000000,1.000000,1.000000,0,0,0,0
1680,27,457,1222,1.000000,1.000000,1.000000,1.000000,0,0,0,0
1681,25,457,1223,1.000000,1.000000,1.000000,1.000000,1,0,1,0
1682,23,457,1224,1.000000,1.000000,1.000000,1.000000,0,0,0,0
1683,29,458,1224,1.000000,1.000000,1.000000,1.000000,0,0,0,0
1684,27,458,1225,1.000000,1.000000,1.000000,1.000000,0,0,1,0
1685,25,458,1226,1.000000,1.000000,1.000000,1.000000,0,0,1,0
1686,23,458,1227,1.000000,1.000000,1.000000,1.000000,0,0,0,1
1687,29,459,1227,1.000000,1.000000,1.000000,1.000000,0,0,0,1
1688,27,459,1228,1.000000,1.000000,1.000000,1.000000,0,0,0,0
1689,25,459,1229,1.000000,1.000000,1.000000,1.000000,0,0,0,0
1690,23,459,1230,1.000000,1.000000,1.000000,1.000000,0,0,0,0
1691,21,459,1231,1.000000,1.000000,1.000000,1.000000,1,0,0,0
1692,19,459,1232,1.000000,1.000000,1.000000,1.000000,0,1,0,1
1693,17,459,1233,1.000000,1.000000,1.000000,1.000000,0,0,0,1
1694,29,460,1233,1.000000,1.000000,1.000000,1.000000,0,0,0,1
1695,27,460,1234,1.000000,1.000000,1.000000,1.000000,0,0,0,1
1696,29,461,1234,1.000000,1.000000,1.000000,1.000000,0,0,0,1
1697,27,461,1235,1.000000,1.000000,1.000000,1.000000,0,0,0,0
1698,29,462,1235,1.000000,1.000000,1.000000,1.000000,0,0,0,0
1699,27,462,1236,1.000000,1.000000,1.000000,1.000000,0,0,0,0
1700,25,462,1237,1.000000,1.000000,1.000000,1.000000,0,1,0,0
1701,23,462,1238,1.000000,1.000000,1.000000,1.000000,0,0,0,0
1702,29,463,1238,1.000000,1.000000,1.000000,1.000000,0,0,0,0
1703,27,463,1239,1.000000,1.000000,1.000000,1.000000,0,0,0,0
1704,25,463,1240,1.000000,1.000000,1.000000,1.000000,0,0,0,0
1705,23,463,1241,1.000000,1.000000,1.000000,1.000000,0,0,0,0
1706,21,463,1242,1.000000,1.000000,1.000000,1.000000,0,0,0,0
1707,19,463,1243,1.000000,1.000000,1.000000,1.000000,0,0,0,0
1708,17,463,1244,1.000000,1.000000,1.000000,1.000000,0,0,0,0
1709,15,463,1245,1.000000,1.000000,1.000000,1.000000,0,0,0,0
1710,13,463,1246,1.000000,1.000000,1.000000,1.000000,0,0,0,0
1711,11,463,1247,1.000000,1.000000,1.000000,1.000000,0,0,0,0
1712,9,463,1248,1.000000,1.000000,1.000000,1.000000,0,0,1,0
1713,7,463,1249,1.000000,1.000000,1.000000,1.000000,0,0,0,1
1714,29,464,1249,1.000000,1.000000,1.000000,1.000000,0,0,0,1
1715,27,464,1250,1.000000,1.000000,1.000000,1.000000,0,0,0,0
1716,29,465,1250,1.000000,1.000000,1.000000,1.000000,0,0,0,0
1717,27,465,1251,1.000000,1.000000,1.000000,1.000000,0,0,0,1
1718,25,465,1252,1.000000,1.000000,1.000000,1.000000,0,0,1,1
1719,23,465,1253,1.000000,1.000000,1.000000,1.000000,0,1,0,0
1720,29,466,1253,1.000000,1.000000,1.000000,1.000000,0,1,0,0
1721,27,466,1254,1.000000,1.000000,1.000000,1.000000,0,0,1,0
1722,25,466,1255,1.000000,1.000000,1.000000,1.000000,1,0,0,0
1723,29,467,1255,1.000000,1.000000,1.000000,1.000000,1,0,0,0
1724,27,467,1256,1.000000,1.000000,1.000000,1.000000,0,0,0,0
1725,29,468,1256,1.000000,1.000000,1.000000,1.000000,0,0,0,0
1726,27,468,1257,1.000000,1.000000,1.000000,1.000000,0,0,0,0
1727,25,468,1258,1.000000,1.000000,1.000000,1.000000,0,0,0,0
1728,23,468,1259,1.000000,1.000000,1.000000,1.000000,0,0,0,0
1729,21,468,1260,1.000000,1.000000,1.000000,1.000000,0,0,0,0
1730,19,468,1261,1.000000,1.000000,1.000000,1.000000,1,0,0,0
1731,17,468,1262,1.000000,1.000000,1.000000,1.000000,0,1,0,0
1732,29,469,1262,1.000000,1.000000,1.000000,1.000000,0,1,0,0
1733,27,469,1263,1.000000,1.000000,1.000000,1.000000,0,0,0,0
1734,29,470,1263,1.000000,1.000000,1.000000,1.000000,0,0,0,0
1735,27,470,1264,1.000000,1.000000,1.000000,1.000000,0,0,0,0
1736,25,470,1265,1.000000,1.000000,1.000000,1.000000,0,0,0,0
1737,23,470,1266,1.000000,1.000000,1.000000,1.000000,0,0,0,0
1738,21,470,1267,1.000000,1.000000,1.000000,1.000000,0,0,0,0
1739,19,470,1268,1.000000,1.000000,1.000000,1.000000,1,1,0,0
1740,17,470,1269,1.000000,1.000000,1.000000,1.000000,0,0,0,0
1741,29,471,1269,1.000000,1.000000,1.000000,1.000000,0,0,0,0
1742,27,471,1270,1.000000,1.000000,1.000000,1.000000,0,0,1,0
1743,25,471,1271,1.000000,1.000000,1.000000,1.000000,0,1,0,0
1744,29,472,1271,1.000000,1.000000,1.000000,1.000000,0,1,0,0
1745,27,472,1272,1.000000,1.000000,1.000000,1.000000,0,0,0,0
1746,29,473,1272,1.000000,1.000000,1.000000,1.000000,0,0,0,0
1747,27,473,1273,1.000000,1.000000,1.000000,1.000000,0,0,0,0
1748,25,473,1274,1.000000,1.000000,1.000000,1.000000,0,0,0,0
1749,23,473,1275,1.000000,1.000000,1.000000,1.000000,0,0,0,0
1750,21,473,1276,1.000000,1.000000,1.000000,1.000000,0,0,1,0
1751,19,473,1277,1.000000,1.000000,1.000000,1.000000,0,0,0,1
1752,29,474,1277,1.000000,1.000000,1.000000,1.000000,0,0,0,1
1753,27,474,1278,1.000000,1.000000,1.000000,1.000000,0,0,0,0
1754,29,475,1278,1.000000,1.000000,1.000000,1.000000,0,0,0,0
1755,27,475,1279,1.000000,1.000000,1.000000,1.000000,0,0,0,0
1756,25,475,1280,1.000000,1.000000,1.000000,1.000000,0,0,0,0
1757,23,475,1281,1.000000,1.000000,1.000000,1.000000,0,0,0,0
1758,21,475,1282,1.000000,1.000000,1.000000,1.000000,0,0,0,0
1759,19,475,1283,1.000000,1.000000,1.000000,1.000000,1,0,0,0
1760,17,475,1284,1.000000,1.000000,1.000000,1.000000,0,0,0,0
1761,29,476,1284,1.000000,1.000000,1.000000,1.000000,0,0,0,0
1762,27,476,1285,1.000000,1.000000,1.000000,1.000000,0,0,0,0
1763,25,476,1286,1.000000,1.000000,1.000000,1.000000,1,1,0,0
1764,23,476,1287,1.000000,1.000000,1.000000,1.000000,0,0,0,0
1765,29,477,1287,1.000000,1.000000,1.000000,1.000000,0,0,0,0
1766,27,477,1288,1.000000,1.000000,1.000000,1.000000,1,0,0,0
1767,25,477,1289,1.000000,1.000000,1.000000,1.000000,0,0,0,0
1768,23,477,1290,1.000000,1.000000,1.000000,1.000000,0,1,0,0
1769,21,477,1291,1.000000,1.000000,1.000000,1.000000,0,1,0,0
1770,29,478,1291,1.000000,1.000000,1.000000,1.000000,0,1,0,0
1771,27,478,1292,1.000000,1.000000,1.000000,1.000000,0,0,0,0
1772,29,479,1292,1.000000,1.000000,1.000000,1.000000,0,0,0,0
1773,27,479,1293,1.000000,1.000000,1.000000,1.000000,0,0,0,0
1774,25,479,1294,1.000000,1.000000,1.000000,1.000000,0,0,0,0
1775,23,479,1295,1.000000,1.000000,1.000000,1.000000,0,0,0,0
1776,21,479,1296,1.000000,1.000000,1.000000,1.000000,0,0,0,0
1777,19,479,1297,1.000000,1.000000,1.000000,1.000000,0,0,0,0
1778,17,479,1298,1.000000,1.000000,1.000000,1.000000,0,0,0,0
1779,15,479,1299,1.000000,1.000000,1.000000,1.000000,0,0,0,0
1780,13,479,1300,1.000000,1.000000,1.000000,1.000000,0,0,0,0
1781,11,479,1301,1.000000,1.000000,1.000000,1.000000,0,0,0,0
1782,9,479,1302,1.000000,1.000000,1.000000,1.000000,0,0,0,0
1783,7,479,1303,1.000000,1.000000,1.000000,1.000000,0,0,0,0
1784,5,479,1304,1.000000,1.000000,1.000000,1.000000,1,0,0,0
1785,3,479,1305,1.000000,1.000000,1.000000,1.000000,0,0,0,0
1786,1,479,1306,1.000000,1.000000,1.000000,1.000000,1,1,0,0
1787,0,479,1307,1.000000,1.000000,1.000000,1.000000,0,1,0,0
