tick,energy,eats,distance,conn_1_6_weight,conn_2_7_weight,conn_3_8_weight,conn_4_9_weight,food_north_sensed,food_east_sensed,food_south_sensed,food_west_sensed
0,30,0,0,1.000000,1.000000,1.000000,1.000000,0,0,0,0
1,29,0,0,1.000000,1.000000,1.000000,1.000000,0,0,1,0
2,27,0,1,1.000000,1.000000,1.000000,1.000000,0,0,1,0
3,25,0,2,1.000000,1.000000,1.000000,1.000000,0,1,0,1
4,29,1,2,1.000000,1.000000,1.000000,1.000000,0,1,0,1
5,27,1,3,1.000000,1.000000,1.000000,1.000000,0,0,0,0
6,29,2,3,1.000000,1.000000,1.000000,1.000000,0,0,0,0
7,27,2,4,1.000000,1.000000,1.000000,1.000000,0,0,0,0
8,25,2,5,1.000000,1.000000,1.000000,1.000000,0,0,1,1
9,23,2,6,1.000000,1.000000,1.000000,1.000000,0,0,1,0
10,29,3,6,1.000000,1.000000,1.000000,1.000000,0,0,1,0
11,27,3,7,1.000000,1.000000,1.000000,1.000000,0,1,0,1
12,29,4,7,1.000000,1.000000,1.000000,1.000000,0,1,0,1
13,27,4,8,1.000000,1.000000,1.000000,1.000000,0,1,1,0
14,29,5,8,1.000000,1.000000,1.000000,1.000000,0,1,1,0
15,27,5,9,1.000000,1.000000,1.000000,1.000000,0,0,0,0
16,29,6,9,1.000000,1.000000,1.000000,1.000000,0,0,0,0
17,27,6,10,1.000000,1.000000,1.000000,1.000000,0,0,1,0
18,25,6,11,1.000000,1.000000,1.000000,1.000000,0,0,1,0
19,29,7,11,1.000000,1.000000,1.000000,1.000000,0,0,1,0
20,27,7,12,1.000000,1.000000,1.000000,1.000000,0,0,1,0
21,29,8,12,1.000000,1.000000,1.000000,1.000000,0,0,1,0
22,27,8,13,1.000000,1.000000,1.000000,1.000000,0,0,0,0
23,25,8,14,1.000000,1.000000,1.000000,1.000000,0,0,1,0
24,23,8,15,1.000000,1.000000,1.000000,1.000000,0,1,1,1
25,29,9,15,1.000000,1.000000,1.000000,1.000000,0,1,1,1
26,27,9,16,1.000000,1.000000,1.000000,1.000000,0,0,0,0
27,29,10,16,1.000000,1.000000,1.000000,1.000000,0,0,0,0
28,27,10,17,1.000000,1.000000,1.000000,1.000000,0,0,1,1
29,25,10,18,1.000000,1.000000,1.000000,1.000000,0,0,0,0
30,29,11,18,1.000000,1.000000,1.000000,1.000000,0,0,0,0
31,27,11,19,1.000000,1.000000,1.000000,1.000000,0,0,1,0
32,25,11,20,1.000000,1.000000,1.000000,1.000000,0,0,0,0
33,29,12,20,1.000000,1.000000,1.000000,1.000000,0,0,0,0
34,27,12,21,1.000000,1.000000,1.000000,1.000000,0,1,0,0
35,25,12,22,1.000000,1.000000,1.000000,1.000000,0,1,0,0
36,23,12,23,1.000000,1.000000,1.000000,1.000000,1,0,0,0
37,29,13,23,1.000000,1.000000,1.000000,1.000000,1,0,0,0
38,27,13,24,1.000000,1.000000,1.000000,1.000000,0,0,0,0
39,25,13,25,1.000000,1.000000,1.000000,1.000000,1,0,0,0
40,23,13,26,1.000000,1.000000,1.000000,1.000000,0,0,0,0
41,29,14,26,1.000000,1.000000,1.000000,1.000000,0,0,0,0
42,27,14,27,1.000000,1.000000,1.000000,1.000000,1,1,0,0
43,25,14,28,1.000000,1.000000,1.000000,1.000000,0,0,0,0
44,29,15,28,1.000000,1.000000,1.000000,1.000000,0,0,0,0
45,27,15,29,1.000000,1.000000,1.000000,1.000000,1,0,0,0
46,25,15,30,1.000000,1.000000,1.000000,1.000000,0,1,0,0
47,23,15,31,1.000000,1.000000,1.000000,1.000000,0,0,0,1
48,29,16,31,1.000000,1.000000,1.000000,1.000000,0,0,0,1
49,27,16,32,1.000000,1.000000,1.000000,1.000000,0,0,0,0
50,29,17,32,1.000000,1.000000,1.000000,1.000000,0,0,0,0
51,27,17,33,1.000000,1.000000,1.000000,1.000000,0,0,0,1
52,25,17,34,1.000000,1.000000,1.000000,1.000000,0,0,0,1
53,29,18,34,1.000000,1.000000,1.000000,1.000000,0,0,0,1
54,27,18,35,1.000000,1.000000,1.000000,1.000000,1,0,1,1
55,25,18,36,1.000000,1.000000,1.000000,1.000000,0,1,0,1
56,29,19,36,1.000000,1.000000,1.000000,1.000000,0,1,0,1
57,27,19,37,1.000000,1.000000,1.000000,1.000000,1,0,1,0
58,29,20,37,1.000000,1.000000,1.000000,1.000000,1,0,1,0
59,27,20,38,1.000000,1.000000,1.000000,1.000000,0,0,0,0
60,29,21,38,1.000000,1.000000,1.000000,1.000000,0,0,0,0
61,27,21,39,1.000000,1.000000,1.000000,1.000000,0,0,1,1
62,25,21,40,1.000000,1.000000,1.000000,1.000000,1,0,1,0
63,29,22,40,1.000000,1.000000,1.000000,1.000000,1,0,1,0
64,27,22,41,1.000000,1.000000,1.000000,1.000000,0,1,0,1
65,25,22,42,1.000000,1.000000,1.000000,1.000000,0,0,0,1
66,29,23,42,1.000000,1.000000,1.000000,1.000000,0,0,0,1
67,27,23,43,1.000000,1.000000,1.000000,1.000000,0,0,0,1
68,29,24,43,1.000000,1.000000,1.000000,1.000000,0,0,0,1
69,27,24,44,1.000000,1.000000,1.000000,1.000000,0,0,0,0
70,29,25,44,1.000000,1.000000,1.000000,1.000000,0,0,0,0
71,27,25,45,1.000000,1.000000,1.000000,1.000000,0,0,0,0
72,25,25,46,1.000000,1.000000,1.000000,1.000000,0,0,0,0
73,23,25,47,1.000000,1.000000,1.000000,1.000000,0,0,0,0
74,21,25,48,1.000000,1.000000,1.000000,1.000000,0,0,0,0
75,19,25,49,1.000000,1.000000,1.000000,1.000000,0,0,1,0
76,17,25,50,1.000000,1.000000,1.000000,1.000000,0,0,0,0
77,29,26,50,1.000000,1.000000,1.000000,1.000000,0,0,0,0
78,27,26,51,1.000000,1.000000,1.000000,1.000000,0,0,1,0
79,25,26,52,1.000000,1.000000,1.000000,1.000000,0,0,1,0
80,29,27,52,1.000000,1.000000,1.000000,1.000000,0,0,1,0
81,27,27,53,1.000000,1.000000,1.000000,1.000000,0,0,0,0
82,29,28,53,1.000000,1.000000,1.000000,1.000000,0,0,0,0
83,27,28,54,1.000000,1.000000,1.000000,1.000000,0,1,1,0
84,25,28,55,1.000000,1.000000,1.000000,1.000000,0,0,0,1
85,29,29,55,1.000000,1.000000,1.000000,1.000000,0,0,0,1
86,27,29,56,1.000000,1.000000,1.000000,1.000000,0,0,0,0
87,29,30,56,1.000000,1.000000,1.000000,1.000000,0,0,0,0
88,27,30,57,1.000000,1.000000,1.000000,1.000000,0,0,0,0
89,25,30,58,1.000000,1.000000,1.000000,1.000000,0,0,0,0
90,23,30,59,1.000000,1.000000,1.000000,1.000000,0,1,0,0
91,21,30,60,1.000000,1.000000,1.000000,1.000000,0,0,0,0
92,29,31,60,1.000000,1.000000,1.000000,1.000000,0,0,0,0
93,27,31,61,1.000000,1.000000,1.000000,1.000000,0,0,0,0
94,25,31,62,1.000000,1.000000,1.000000,1.000000,0,0,0,1
95,23,31,63,1.000000,1.000000,1.000000,1.000000,0,0,1,0
96,29,32,63,1.000000,1.000000,1.000000,1.000000,0,0,1,0
97,27,32,64,1.000000,1.000000,1.000000,1.000000,0,0,0,0
98,29,33,64,1.000000,1.000000,1.000000,1.000000,0,0,0,0
99,27,33,65,1.000000,1.000000,1.000000,1.000000,0,0,0,0
100,25,33,66,1.000000,1.000000,1.000000,1.000000,0,0,0,0
101,23,33,67,1.000000,1.000000,1.000000,1.000000,0,0,0,0
102,21,33,68,1.000000,1.000000,1.000000,1.000000,0,0,0,0
103,19,33,69,1.000000,1.000000,1.000000,1.000000,0,0,0,0
104,17,33,70,1.000000,1.000000,1.000000,1.000000,0,0,0,0
105,15,33,71,1.000000,1.000000,1.000000,1.000000,0,0,0,0
106,13,33,72,1.000000,1.000000,1.000000,1.000000,0,0,1,0
107,11,33,73,1.000000,1.000000,1.000000,1.000000,0,1,0,1
108,29,34,73,1.000000,1.000000,1.000000,1.000000,0,1,0,1
109,27,34,74,1.000000,1.000000,1.000000,1.000000,0,1,0,0
110,29,35,74,1.000000,1.000000,1.000000,1.000000,0,1,0,0
111,27,35,75,1.000000,1.000000,1.000000,1.000000,0,1,0,0
112,25,35,76,1.000000,1.000000,1.000000,1.000000,1,0,1,0
113,23,35,77,1.000000,1.000000,1.000000,1.000000,1,0,1,0
114,29,36,77,1.000000,1.000000,1.000000,1.000000,1,0,1,0
115,27,36,78,1.000000,1.000000,1.000000,1.000000,0,0,0,1
116,29,37,78,1.000000,1.000000,1.000000,1.000000,0,0,0,1
117,27,37,79,1.000000,1.000000,1.000000,1.000000,0,0,0,0
118,25,37,80,1.000000,1.000000,1.000000,1.000000,0,0,0,0
119,23,37,81,1.000000,1.000000,1.000000,1.000000,0,0,0,1
120,21,37,82,1.000000,1.000000,1.000000,1.000000,1,0,0,0
121,29,38,82,1.000000,1.000000,1.000000,1.000000,1,0,0,0
122,27,38,83,1.000000,1.000000,1.000000,1.000000,0,0,0,0
123,29,39,83,1.000000,1.000000,1.000000,1.000000,0,0,0,0
124,27,39,84,1.000000,1.000000,1.000000,1.000000,0,0,0,1
125,29,40,84,1.000000,1.000000,1.000000,1.000000,0,0,0,1
126,27,40,85,1.000000,1.000000,1.000000,1.000000,0,0,0,1
127,25,40,86,1.000000,1.000000,1.000000,1.000000,0,1,1,0
128,23,40,87,1.000000,1.000000,1.000000,1.000000,1,0,1,0
129,29,41,87,1.000000,1.000000,1.000000,1.000000,1,0,1,0
130,27,41,88,1.000000,1.000000,1.000000,1.000000,0,1,0,0
131,29,42,88,1.000000,1.000000,1.000000,1.000000,0,1,0,0
132,27,42,89,1.000000,1.000000,1.000000,1.000000,0,0,0,0
133,29,43,89,1.000000,1.000000,1.000000,1.000000,0,0,0,0
134,27,43,90,1.000000,1.000000,1.000000,1.000000,0,0,0,0
135,25,43,91,1.000000,1.000000,1.000000,1.000000,0,0,1,0
136,23,43,92,1.000000,1.000000,1.000000,1.000000,0,0,1,0
137,21,43,93,1.000000,1.000000,1.000000,1.000000,1,0,1,0
138,29,44,93,1.000000,1.000000,1.000000,1.000000,1,0,1,0
139,27,44,94,1.000000,1.000000,1.000000,1.000000,0,0,0,1
140,25,44,95,1.000000,1.000000,1.000000,1.000000,0,1,0,0
141,29,45,95,1.000000,1.000000,1.000000,1.000000,0,1,0,0
142,27,45,96,1.000000,1.000000,1.000000,1.000000,0,0,0,0
143,29,46,96,1.000000,1.000000,1.000000,1.000000,0,0,0,0
144,27,46,97,1.000000,1.000000,1.000000,1.000000,0,0,0,0
145,25,46,98,1.000000,1.000000,1.000000,1.000000,0,0,0,0
146,23,46,99,1.000000,1.000000,1.000000,1.000000,1,0,0,0
147,21,46,100,1.000000,1.000000,1.000000,1.000000,0,0,0,0
148,19,46,101,1.000000,1.000000,1.000000,1.000000,0,0,0,0
149,17,46,102,1.000000,1.000000,1.000000,1.000000,0,0,0,0
150,15,46,103,1.000000,1.000000,1.000000,1.000000,0,0,0,0
151,13,46,104,1.000000,1.000000,1.000000,1.000000,0,0,0,0
152,11,46,105,1.000000,1.000000,1.000000,1.000000,0,0,0,1
153,9,46,106,1.000000,1.000000,1.000000,1.000000,1,0,1,0
154,7,46,107,1.000000,1.000000,1.000000,1.000000,0,0,1,1
155,5,46,108,1.000000,1.000000,1.000000,1.000000,1,0,1,0
156,29,47,108,1.000000,1.000000,1.000000,1.000000,1,0,1,0
157,27,47,109,1.000000,1.000000,1.000000,1.000000,0,0,1,0
158,29,48,109,1.000000,1.000000,1.000000,1.000000,0,0,1,0
159,27,48,110,1.000000,1.000000,1.000000,1.000000,1,0,0,0
160,25,48,111,1.000000,1.000000,1.000000,1.000000,0,0,0,1
161,29,49,111,1.000000,1.000000,1.000000,1.000000,0,0,0,1
162,27,49,112,1.000000,1.000000,1.000000,1.000000,0,1,0,0
163,25,49,113,1.000000,1.000000,1.000000,1.000000,0,0,0,0
164,29,50,113,1.000000,1.000000,1.000000,1.000000,0,0,0,0
165,27,50,114,1.000000,1.000000,1.000000,1.000000,0,0,0,0
166,25,50,115,1.000000,1.000000,1.000000,1.000000,0,0,1,0
167,23,50,116,1.000000,1.000000,1.000000,1.000000,0,0,0,1
168,29,51,116,1.000000,1.000000,1.000000,1.000000,0,0,0,1
169,27,51,117,1.000000,1.000000,1.000000,1.000000,0,0,0,1
170,29,52,117,1.000000,1.000000,1.000000,1.000000,0,0,0,1
171,27,52,118,1.000000,1.000000,1.000000,1.000000,0,0,1,0
172,29,53,118,1.000000,1.000000,1.000000,1.000000,0,0,1,0
173,27,53,119,1.000000,1.000000,1.000000,1.000000,0,0,1,0
174,25,53,120,1.000000,1.000000,1.000000,1.000000,1,1,0,1
175,29,54,120,1.000000,1.000000,1.000000,1.000000,1,1,0,1
176,27,54,121,1.000000,1.000000,1.000000,1.000000,0,0,0,0
177,29,55,121,1.000000,1.000000,1.000000,1.000000,0,0,0,0
178,27,55,122,1.000000,1.000000,1.000000,1.000000,0,1,0,0
179,25,55,123,1.000000,1.000000,1.000000,1.000000,0,0,0,0
180,29,56,123,1.000000,1.000000,1.000000,1.000000,0,0,0,0
181,27,56,124,1.000000,1.000000,1.000000,1.000000,0,0,1,0
182,25,56,125,1.000000,1.000000,1.000000,1.000000,0,0,0,0
183,29,57,125,1.000000,1.000000,1.000000,1.000000,0,0,0,0
184,27,57,126,1.000000,1.000000,1.000000,1.000000,0,0,0,0
185,25,57,127,1.000000,1.000000,1.000000,1.000000,0,0,0,0
186,23,57,128,1.000000,1.000000,1.000000,1.000000,0,0,0,0
187,21,57,129,1.000000,1.000000,1.000000,1.000000,1,0,0,0
188,19,57,130,1.000000,1.000000,1.000000,1.000000,0,1,0,0
189,17,57,131,1.000000,1.000000,1.000000,1.000000,0,1,0,1
190,29,58,131,1.000000,1.000000,1.000000,1.000000,0,1,0,1
191,27,58,132,1.000000,1.000000,1.000000,1.000000,0,0,0,0
192,29,59,132,1.000000,1.000000,1.000000,1.000000,0,0,0,0
193,27,59,133,1.000000,1.000000,1.000000,1.000000,0,0,0,1
194,25,59,134,1.000000,1.000000,1.000000,1.000000,1,0,0,0
195,29,60,134,1.000000,1.000000,1.000000,1.000000,1,0,0,0
196,27,60,135,1.000000,1.000000,1.000000,1.000000,0,0,0,0
197,29,61,135,1.000000,1.000000,1.000000,1.000000,0,0,0,0
198,27,61,136,1.000000,1.000000,1.000000,1.000000,0,0,0,0
199,25,61,137,1.000000,1.000000,1.000000,1.000000,0,0,0,0
200,23,61,138,1.000000,1.000000,1.000000,1.000000,0,0,0,0
201,21,61,139,1.000000,1.000000,1.000000,1.000000,0,0,0,0
202,19,61,140,1.000000,1.000000,1.000000,1.000000,0,0,0,0
203,17,61,141,1.000000,1.000000,1.000000,1.000000,0,0,0,0
204,15,61,142,1.000000,1.000000,1.000000,1.000000,0,0,0,0
205,13,61,143,1.000000,1.000000,1.000000,1.000000,0,0,0,1
206,11,61,144,1.000000,1.000000,1.000000,1.000000,0,0,0,0
207,29,62,144,1.000000,1.000000,1.000000,1.000000,0,0,0,0
208,27,62,145,1.000000,1.000000,1.000000,1.000000,0,0,0,0
209,25,62,146,1.000000,1.000000,1.000000,1.000000,1,0,1,0
210,23,62,147,1.000000,1.000000,1.000000,1.000000,0,0,0,1
211,21,62,148,1.000000,1.000000,1.000000,1.000000,1,1,0,0
212,29,63,148,1.000000,1.000000,1.000000,1.000000,1,1,0,0
213,27,63,149,1.000000,1.000000,1.000000,1.000000,0,0,0,0
214,29,64,149,1.000000,1.000000,1.000000,1.000000,0,0,0,0
215,27,64,150,1.000000,1.000000,1.000000,1.000000,1,0,0,1
216,25,64,151,1.000000,1.000000,1.000000,1.000000,0,0,0,0
217,29,65,151,1.000000,1.000000,1.000000,1.000000,0,0,0,0
218,27,65,152,1.000000,1.000000,1.000000,1.000000,1,0,0,0
219,25,65,153,1.000000,1.000000,1.000000,1.000000,0,1,0,0
220,29,66,153,1.000000,1.000000,1.000000,1.000000,0,1,0,0
221,27,66,154,1.000000,1.000000,1.000000,1.000000,0,0,0,0
222,29,67,154,1.000000,1.000000,1.000000,1.000000,0,0,0,0
223,27,67,155,1.000000,1.000000,1.000000,1.000000,0,0,0,0
224,25,67,156,1.000000,1.000000,1.000000,1.000000,0,0,0,0
225,23,67,157,1.000000,1.000000,1.000000,1.000000,0,0,0,0
226,21,67,158,1.000000,1.000000,1.000000,1.000000,0,0,0,0
227,19,67,159,1.000000,1.000000,1.000000,1.000000,0,0,0,0
228,17,67,160,1.000000,1.000000,1.000000,1.000000,0,0,0,0
229,15,67,161,1.000000,1.000000,1.000000,1.000000,0,0,1,0
230,13,67,162,1.000000,1.000000,1.000000,1.000000,0,0,0,0
231,29,68,162,1.000000,1.000000,1.000000,1.000000,0,0,0,0
232,27,68,163,1.000000,1.000000,1.000000,1.000000,0,0,0,0
233,25,68,164,1.000000,1.000000,1.000000,1.000000,0,0,1,1
234,23,68,165,1.000000,1.000000,1.000000,1.000000,0,0,0,1
235,29,69,165,1.000000,1.000000,1.000000,1.000000,0,0,0,1
236,27,69,166,1.000000,1.000000,1.000000,1.000000,1,0,0,0
237,25,69,167,1.000000,1.000000,1.000000,1.000000,0,0,1,0
238,29,70,167,1.000000,1.000000,1.000000,1.000000,0,0,1,0
239,27,70,168,1.000000,1.000000,1.000000,1.000000,0,0,0,0
240,29,71,168,1.000000,1.000000,1.000000,1.000000,0,0,0,0
241,27,71,169,1.000000,1.000000,1.000000,1.000000,0,0,0,0
242,25,71,170,1.000000,1.000000,1.000000,1.000000,1,0,1,1
243,23,71,171,1.000000,1.000000,1.000000,1.000000,0,0,0,0
244,29,72,171,1.000000,1.000000,1.000000,1.000000,0,0,0,0
245,27,72,172,1.000000,1.000000,1.000000,1.000000,1,0,0,0
246,25,72,173,1.000000,1.000000,1.000000,1.000000,0,0,0,0
247,29,73,173,1.000000,1.000000,1.000000,1.000000,0,0,0,0
248,27,73,174,1.000000,1.000000,1.000000,1.000000,0,0,0,0
249,25,73,175,1.000000,1.000000,1.000000,1.000000,0,0,0,0
250,23,73,176,1.000000,1.000000,1.000000,1.000000,0,0,1,0
251,21,73,177,1.000000,1.000000,1.000000,1.000000,0,0,0,0
252,29,74,177,1.000000,1.000000,1.000000,1.000000,0,0,0,0
253,27,74,178,1.000000,1.000000,1.000000,1.000000,1,0,0,0
254,25,74,179,1.000000,1.000000,1.000000,1.000000,0,0,1,0
255,23,74,180,1.000000,1.000000,1.000000,1.000000,1,0,0,0
256,21,74,181,1.000000,1.000000,1.000000,1.000000,0,0,1,0
257,29,75,181,1.000000,1.000000,1.000000,1.000000,0,0,1,0
258,27,75,182,1.000000,1.000000,1.000000,1.000000,0,0,0,0
259,29,76,182,1.000000,1.000000,1.000000,1.000000,0,0,0,0
260,27,76,183,1.000000,1.000000,1.000000,1.000000,0,0,0,0
261,25,76,184,1.000000,1.000000,1.000000,1.000000,0,0,0,1
262,23,76,185,1.000000,1.000000,1.000000,1.000000,0,0,0,1
263,29,77,185,1.000000,1.000000,1.000000,1.000000,0,0,0,1
264,27,77,186,1.000000,1.000000,1.000000,1.000000,1,0,0,0
265,29,78,186,1.000000,1.000000,1.000000,1.000000,1,0,0,0
266,27,78,187,1.000000,1.000000,1.000000,1.000000,0,0,0,0
267,29,79,187,1.000000,1.000000,1.000000,1.000000,0,0,0,0
268,27,79,188,1.000000,1.000000,1.000000,1.000000,1,1,0,1
269,25,79,189,1.000000,1.000000,1.000000,1.000000,0,0,0,0
270,29,80,189,1.000000,1.000000,1.000000,1.000000,0,0,0,0
271,27,80,190,1.000000,1.000000,1.000000,1.000000,0,0,1,0
272,25,80,191,1.000000,1.000000,1.000000,1.000000,0,0,0,0
273,29,81,191,1.000000,1.000000,1.000000,1.000000,0,0,0,0
274,27,81,192,1.000000,1.000000,1.000000,1.000000,0,0,0,1
275,25,81,193,1.000000,1.000000,1.000000,1.000000,0,0,1,0
276,23,81,194,1.000000,1.000000,1.000000,1.000000,1,0,0,1
277,29,82,194,1.000000,1.000000,1.000000,1.000000,1,0,0,1
278,27,82,195,1.000000,1.000000,1.000000,1.000000,0,0,1,0
279,29,83,195,1.000000,1.000000,1.000000,1.000000,0,0,1,0
280,27,83,196,1.000000,1.000000,1.000000,1.000000,0,0,0,0
281,29,84,196,1.000000,1.000000,1.000000,1.000000,0,0,0,0
282,27,84,197,1.000000,1.000000,1.000000,1.000000,0,1,0,1
283,25,84,198,1.000000,1.000000,1.000000,1.000000,0,0,0,1
284,29,85,198,1.000000,1.000000,1.000000,1.000000,0,0,0,1
285,27,85,199,1.000000,1.000000,1.000000,1.000000,0,0,0,0
286,29,86,199,1.000000,1.000000,1.000000,1.000000,0,0,0,0
287,27,86,200,1.000000,1.000000,1.000000,1.000000,0,0,0,0
288,25,86,201,1.000000,1.000000,1.000000,1.000000,0,0,0,0
289,23,86,202,1.000000,1.000000,1.000000,1.000000,0,0,0,0
290,21,86,203,1.000000,1.000000,1.000000,1.000000,0,0,1,0
291,19,86,204,1.000000,1.000000,1.000000,1.000000,0,0,0,1
292,29,87,204,1.000000,1.000000,1.000000,1.000000,0,0,0,1
293,27,87,205,1.000000,1.000000,1.000000,1.000000,0,0,1,0
294,29,88,205,1.000000,1.000000,1.000000,1.000000,0,0,1,0
295,27,88,206,1.000000,1.000000,1.000000,1.000000,0,0,1,0
296,29,89,206,1.000000,1.000000,1.000000,1.000000,0,0,1,0
297,27,89,207,1.000000,1.000000,1.000000,1.000000,0,1,0,0
298,29,90,207,1.000000,1.000000,1.000000,1.000000,0,1,0,0
299,27,90,208,1.000000,1.000000,1.000000,1.000000,0,0,0,0
300,29,91,208,1.000000,1.000000,1.000000,1.000000,0,0,0,0
301,27,91,209,1.000000,1.000000,1.000000,1.000000,0,0,0,0
302,25,91,210,1.000000,1.000000,1.000000,1.000000,0,0,0,0
303,23,91,211,1.000000,1.000000,1.000000,1.000000,0,0,0,0
304,21,91,212,1.000000,1.000000,1.000000,1.000000,0,0,0,0
305,19,91,213,1.000000,1.000000,1.000000,1.000000,0,0,0,0
306,17,91,214,1.000000,1.000000,1.000000,1.000000,0,0,0,0
307,15,91,215,1.000000,1.000000,1.000000,1.000000,1,0,0,0
308,13,91,216,1.000000,1.000000,1.000000,1.000000,0,0,0,0
309,29,92,216,1.000000,1.000000,1.000000,1.000000,0,0,0,0
310,27,92,217,1.000000,1.000000,1.000000,1.000000,0,0,0,0
311,25,92,218,1.000000,1.000000,1.000000,1.000000,0,0,0,0
312,23,92,219,1.000000,1.000000,1.000000,1.000000,0,0,0,0
313,21,92,220,1.000000,1.000000,1.000000,1.000000,0,0,1,0
314,19,92,221,1.000000,1.000000,1.000000,1.000000,0,1,1,0
315,29,93,221,1.000000,1.000000,1.000000,1.000000,0,1,1,0
316,27,93,222,1.000000,1.000000,1.000000,1.000000,0,0,0,0
317,29,94,222,1.000000,1.000000,1.000000,1.000000,0,0,0,0
318,27,94,223,1.000000,1.000000,1.000000,1.000000,0,0,0,0
319,25,94,224,1.000000,1.000000,1.000000,1.000000,0,1,0,0
320,23,94,225,1.000000,1.000000,1.000000,1.000000,0,1,0,0
321,29,95,225,1.000000,1.000000,1.000000,1.000000,0,1,0,0
322,27,95,226,1.000000,1.000000,1.000000,1.000000,0,0,0,0
323,25,95,227,1.000000,1.000000,1.000000,1.000000,0,0,0,0
324,23,95,228,1.000000,1.000000,1.000000,1.000000,0,0,0,0
325,21,95,229,1.000000,1.000000,1.000000,1.000000,0,0,0,0
326,19,95,230,1.000000,1.000000,1.000000,1.000000,1,0,0,0
327,17,95,231,1.000000,1.000000,1.000000,1.000000,0,0,0,0
328,15,95,232,1.000000,1.000000,1.000000,1.000000,1,0,0,0
329,13,95,233,1.000000,1.000000,1.000000,1.000000,1,0,0,1
330,29,96,233,1.000000,1.000000,1.000000,1.000000,1,0,0,1
331,27,96,234,1.000000,1.000000,1.000000,1.000000,0,1,0,1
332,25,96,235,1.000000,1.000000,1.000000,1.000000,1,1,1,0
333,29,97,235,1.000000,1.000000,1.000000,1.000000,1,1,1,0
334,27,97,236,1.000000,1.000000,1.000000,1.000000,0,0,0,0
335,29,98,236,1.000000,1.000000,1.000000,1.000000,0,0,0,0
336,27,98,237,1.000000,1.000000,1.000000,1.000000,0,0,0,0
337,25,98,238,1.000000,1.000000,1.000000,1.000000,1,0,0,1
338,23,98,239,1.000000,1.000000,1.000000,1.000000,1,0,0,0
339,29,99,239,1.000000,1.000000,1.000000,1.000000,1,0,0,0
340,27,99,240,1.000000,1.000000,1.000000,1.000000,1,0,0,0
341,29,100,240,1.000000,1.000000,1.000000,1.000000,1,0,0,0
342,27,100,241,1.000000,1.000000,1.000000,1.000000,0,0,0,1
343,25,100,242,1.000000,1.000000,1.000000,1.000000,0,1,0,0
344,23,100,243,1.000000,1.000000,1.000000,1.000000,0,0,0,1
345,29,101,243,1.000000,1.000000,1.000000,1.000000,0,0,0,1
346,27,101,244,1.000000,1.000000,1.000000,1.000000,0,0,0,0
347,29,102,244,1.000000,1.000000,1.000000,1.000000,0,0,0,0
348,27,102,245,1.000000,1.000000,1.000000,1.000000,0,0,0,0
349,25,102,246,1.000000,1.000000,1.000000,1.000000,0,0,0,0
350,23,102,247,1.000000,1.000000,1.000000,1.000000,1,0,0,0
351,21,102,248,1.000000,1.000000,1.000000,1.000000,0,0,0,0
352,29,103,248,1.000000,1.000000,1.000000,1.000000,0,0,0,0
353,27,103,249,1.000000,1.000000,1.000000,1.000000,0,0,0,0
354,25,103,250,1.000000,1.000000,1.000000,1.000000,0,0,0,0
355,23,103,251,1.000000,1.000000,1.000000,1.000000,0,1,0,0
356,21,103,252,1.000000,1.000000,1.000000,1.000000,0,0,1,0
357,29,104,252,1.000000,1.000000,1.000000,1.000000,0,0,1,0
358,27,104,253,1.000000,1.000000,1.000000,1.000000,0,0,0,0
359,29,105,253,1.000000,1.000000,1.000000,1.000000,0,0,0,0
360,27,105,254,1.000000,1.000000,1.000000,1.000000,1,0,0,0
361,25,105,255,1.000000,1.000000,1.000000,1.000000,0,0,0,1
362,29,106,255,1.000000,1.000000,1.000000,1.000000,0,0,0,1
363,27,106,256,1.000000,1.000000,1.000000,1.000000,0,0,0,0
364,29,107,256,1.000000,1.000000,1.000000,1.000000,0,0,0,0
365,27,107,257,1.000000,1.000000,1.000000,1.000000,0,0,0,0
366,25,107,258,1.000000,1.000000,1.000000,1.000000,1,1,0,0
367,23,107,259,1.000000,1.000000,1.000000,1.000000,1,1,0,0
368,29,108,259,1.000000,1.000000,1.000000,1.000000,1,1,0,0
369,27,108,260,1.000000,1.000000,1.000000,1.000000,0,1,0,0
370,29,109,260,1.000000,1.000000,1.000000,1.000000,0,1,0,0
371,27,109,261,1.000000,1.000000,1.000000,1.000000,0,0,1,0
372,29,110,261,1.000000,1.000000,1.000000,1.000000,0,0,1,0
373,27,110,262,1.000000,1.000000,1.000000,1.000000,0,0,1,0
374,29,111,262,1.000000,1.000000,1.000000,1.000000,0,0,1,0
375,27,111,263,1.000000,1.000000,1.000000,1.000000,0,0,0,0
376,29,112,263,1.000000,1.000000,1.000000,1.000000,0,0,0,0
377,27,112,264,1.000000,1.000000,1.000000,1.000000,0,0,0,1
378,25,112,265,1.000000,1.000000,1.000000,1.000000,0,0,1,1
379,29,113,265,1.000000,1.000000,1.000000,1.000000,0,0,1,1
380,27,113,266,1.000000,1.000000,1.000000,1.000000,0,0,0,0
381,29,114,266,1.000000,1.000000,1.000000,1.000000,0,0,0,0
382,27,114,267,1.000000,1.000000,1.000000,1.000000,0,1,0,0
383,25,114,268,1.000000,1.000000,1.000000,1.000000,0,0,1,0
384,23,114,269,1.000000,1.000000,1.000000,1.000000,1,0,0,0
385,29,115,269,1.000000,1.000000,1.000000,1.000000,1,0,0,0
386,27,115,270,1.000000,1.000000,1.000000,1.000000,0,0,0,0
387,29,116,270,1.000000,1.000000,1.000000,1.000000,0,0,0,0
388,27,116,271,1.000000,1.000000,1.000000,1.000000,0,0,0,0
389,25,116,272,1.000000,1.000000,1.000000,1.000000,0,0,1,0
390,23,116,273,1.000000,1.000000,1.000000,1.000000,0,0,0,0
391,29,117,273,1.000000,1.000000,1.000000,1.000000,0,0,0,0
392,27,117,274,1.000000,1.000000,1.000000,1.000000,0,0,1,0
393,25,117,275,1.000000,1.000000,1.000000,1.000000,0,0,0,0
394,29,118,275,1.000000,1.000000,1.000000,1.000000,0,0,0,0
395,27,118,276,1.000000,1.000000,1.000000,1.000000,0,1,0,0
396,25,118,277,1.000000,1.000000,1.000000,1.000000,1,1,1,0
397,29,119,277,1.000000,1.000000,1.000000,1.000000,1,1,1,0
398,27,119,278,1.000000,1.000000,1.000000,1.000000,0,1,0,0
399,29,120,278,1.000000,1.000000,1.000000,1.000000,0,1,0,0
400,27,120,279,1.000000,1.000000,1.000000,1.000000,1,0,0,0
401,29,121,279,1.000000,1.000000,1.000000,1.000000,1,0,0,0
402,27,121,280,1.000000,1.000000,1.000000,1.000000,0,0,0,0
403,25,121,281,1.000000,1.000000,1.000000,1.000000,0,0,1,0
404,23,121,282,1.000000,1.000000,1.000000,1.000000,0,0,0,0
405,29,122,282,1.000000,1.000000,1.000000,1.000000,0,0,0,0
406,27,122,283,1.000000,1.000000,1.000000,1.000000,0,0,0,0
407,25,122,284,1.000000,1.000000,1.000000,1.000000,0,0,0,0
408,23,122,285,1.000000,1.000000,1.000000,1.000000,0,0,0,0
409,21,122,286,1.000000,1.000000,1.000000,1.000000,0,1,0,0
410,19,122,287,1.000000,1.000000,1.000000,1.000000,0,0,0,0
411,29,123,287,1.000000,1.000000,1.000000,1.000000,0,0,0,0
412,27,123,288,1.000000,1.000000,1.000000,1.000000,1,0,0,0
413,25,123,289,1.000000,1.000000,1.000000,1.000000,0,0,0,0
414,29,124,289,1.000000,1.000000,1.000000,1.000000,0,0,0,0
415,27,124,290,1.000000,1.000000,1.000000,1.000000,0,0,0,0
416,25,124,291,1.000000,1.000000,1.000000,1.000000,0,0,0,1
417,23,124,292,1.000000,1.000000,1.000000,1.000000,0,0,0,0
418,21,124,293,1.000000,1.000000,1.000000,1.000000,0,1,0,0
419,19,124,294,1.000000,1.000000,1.000000,1.000000,0,0,1,0
420,29,125,294,1.000000,1.000000,1.000000,1.000000,0,0,1,0
421,27,125,295,1.000000,1.000000,1.000000,1.000000,0,1,1,0
422,29,126,295,1.000000,1.000000,1.000000,1.000000,0,1,1,0
423,27,126,296,1.000000,1.000000,1.000000,1.000000,0,1,1,0
424,29,127,296,1.000000,1.000000,1.000000,1.000000,0,1,1,0
425,27,127,297,1.000000,1.000000,1.000000,1.000000,0,0,0,0
426,29,128,297,1.000000,1.000000,1.000000,1.000000,0,0,0,0
427,27,128,298,1.000000,1.000000,1.000000,1.000000,0,0,1,0
428,25,128,299,1.000000,1.000000,1.000000,1.000000,0,0,0,0
429,23,128,300,1.000000,1.000000,1.000000,1.000000,1,0,0,0
430,21,128,301,1.000000,1.000000,1.000000,1.000000,0,0,0,0
431,19,128,302,1.000000,1.000000,1.000000,1.000000,0,1,0,0
432,17,128,303,1.000000,1.000000,1.000000,1.000000,0,0,0,0
433,29,129,303,1.000000,1.000000,1.000000,1.000000,0,0,0,0
434,27,129,304,1.000000,1.000000,1.000000,1.000000,0,1,0,0
435,25,129,305,1.000000,1.000000,1.000000,1.000000,0,0,0,0
436,29,130,305,1.000000,1.000000,1.000000,1.000000,0,0,0,0
437,27,130,306,1.000000,1.000000,1.000000,1.000000,0,0,0,0
438,25,130,307,1.000000,1.000000,1.000000,1.000000,0,0,0,1
439,23,130,308,1.000000,1.000000,1.000000,1.000000,0,0,0,1
440,29,131,308,1.000000,1.000000,1.000000,1.000000,0,0,0,1
441,27,131,309,1.000000,1.000000,1.000000,1.000000,0,0,0,0
442,25,131,310,1.000000,1.000000,1.000000,1.000000,0,0,0,1
443,23,131,311,1.000000,1.000000,1.000000,1.000000,0,0,0,0
444,29,132,311,1.000000,1.000000,1.000000,1.000000,0,0,0,0
445,27,132,312,1.000000,1.000000,1.000000,1.000000,0,0,0,0
446,25,132,313,1.000000,1.000000,1.000000,1.000000,0,0,0,0
447,23,132,314,1.000000,1.000000,1.000000,1.000000,0,0,1,0
448,21,132,315,1.000000,1.000000,1.000000,1.000000,0,0,0,0
449,29,133,315,1.000000,1.000000,1.000000,1.000000,0,0,0,0
450,27,133,316,1.000000,1.000000,1.000000,1.000000,0,1,0,0
451,25,133,317,1.000000,1.000000,1.000000,1.000000,0,1,1,0
452,29,134,317,1.000000,1.000000,1.000000,1.000000,0,1,1,0
453,27,134,318,1.000000,1.000000,1.000000,1.000000,0,0,0,0
454,29,135,318,1.000000,1.000000,1.000000,1.000000,0,0,0,0
455,27,135,319,1.000000,1.000000,1.000000,1.000000,0,1,0,0
456,25,135,320,1.000000,1.000000,1.000000,1.000000,1,0,0,0
457,29,136,320,1.000000,1.000000,1.000000,1.000000,1,0,0,0
458,27,136,321,1.000000,1.000000,1.000000,1.000000,0,0,0,0
459,29,137,321,1.000000,1.000000,1.000000,1.000000,0,0,0,0
460,27,137,322,1.000000,1.000000,1.000000,1.000000,0,1,0,1
461,25,137,323,1.000000,1.000000,1.000000,1.000000,0,0,0,0
462,23,137,324,1.000000,1.000000,1.000000,1.000000,0,1,1,0
463,21,137,325,1.000000,1.000000,1.000000,1.000000,0,0,0,0
464,29,138,325,1.000000,1.000000,1.000000,1.000000,0,0,0,0
465,27,138,326,1.000000,1.000000,1.000000,1.000000,0,0,0,1
466,25,138,327,1.000000,1.000000,1.000000,1.000000,0,0,0,0
467,29,139,327,1.000000,1.000000,1.000000,1.000000,0,0,0,0
468,27,139,328,1.000000,1.000000,1.000000,1.000000,0,0,0,0
469,25,139,329,1.000000,1.000000,1.000000,1.000000,1,0,0,0
470,23,139,330,1.000000,1.000000,1.000000,1.000000,0,0,0,1
471,21,139,331,1.000000,1.000000,1.000000,1.000000,0,1,0,0
472,29,140,331,1.000000,1.000000,1.000000,1.000000,0,1,0,0
473,27,140,332,1.000000,1.000000,1.000000,1.000000,0,0,0,0
474,29,141,332,1.000000,1.000000,1.000000,1.000000,0,0,0,0
475,27,141,333,1.000000,1.000000,1.000000,1.000000,0,0,0,0
476,25,141,334,1.000000,1.000000,1.000000,1.000000,0,0,0,0
477,23,141,335,1.000000,1.000000,1.000000,1.000000,0,0,0,0
478,21,141,336,1.000000,1.000000,1.000000,1.000000,0,0,0,0
479,19,141,337,1.000000,1.000000,1.000000,1.000000,0,0,0,0
480,17,141,338,1.000000,1.000000,1.000000,1.000000,0,0,0,0
481,15,141,339,1.000000,1.000000,1.000000,1.000000,0,0,0,0
482,13,141,340,1.000000,1.000000,1.000000,1.000000,0,0,0,0
483,11,141,341,1.000000,1.000000,1.000000,1.000000,0,0,0,0
484,9,141,342,1.000000,1.000000,1.000000,1.000000,0,1,1,0
485,7,141,343,1.000000,1.000000,1.000000,1.000000,0,0,0,0
486,29,142,343,1.000000,1.000000,1.000000,1.000000,0,0,0,0
487,27,142,344,1.000000,1.000000,1.000000,1.000000,0,0,0,0
488,25,142,345,1.000000,1.000000,1.000000,1.000000,0,0,0,0
489,23,142,346,1.000000,1.000000,1.000000,1.000000,0,0,1,0
490,21,142,347,1.000000,1.000000,1.000000,1.000000,1,0,0,0
491,19,142,348,1.000000,1.000000,1.000000,1.000000,0,0,0,1
492,29,143,348,1.000000,1.000000,1.000000,1.000000,0,0,0,1
493,27,143,349,1.000000,1.000000,1.000000,1.000000,0,0,0,0
494,29,144,349,1.000000,1.000000,1.000000,1.000000,0,0,0,0
495,27,144,350,1.000000,1.000000,1.000000,1.000000,0,0,0,0
496,25,144,351,1.000000,1.000000,1.000000,1.000000,0,0,0,0
497,23,144,352,1.000000,1.000000,1.000000,1.000000,0,0,0,0
498,21,144,353,1.000000,1.000000,1.000000,1.000000,0,0,0,0
499,19,144,354,1.000000,1.000000,1.000000,1.000000,0,0,0,0
500,17,144,355,1.000000,1.000000,1.000000,1.000000,0,0,0,0
501,15,144,356,1.000000,1.000000,1.000000,1.000000,0,0,0,0
502,13,144,357,1.000000,1.000000,1.000000,1.000000,0,0,0,0
503,11,144,358,1.000000,1.000000,1.000000,1.000000,0,0,0,0
504,9,144,359,1.000000,1.000000,1.000000,1.000000,0,0,0,0
505,7,144,360,1.000000,1.000000,1.000000,1.000000,0,0,0,0
506,5,144,361,1.000000,1.000000,1.000000,1.000000,0,0,0,1
507,3,144,362,1.000000,1.000000,1.000000,1.000000,0,0,0,0
508,29,145,362,1.000000,1.000000,1.000000,1.000000,0,0,0,1
509,27,145,363,1.000000,1.000000,1.000000,1.000000,0,0,0,0
510,29,146,363,1.000000,1.000000,1.000000,1.000000,0,0,0,0
511,27,146,364,1.000000,1.000000,1.000000,1.000000,0,0,0,0
512,25,146,365,1.000000,1.000000,1.000000,1.000000,1,0,0,0
513,23,146,366,1.000000,1.000000,1.000000,1.000000,1,0,0,1
514,29,147,366,1.000000,1.000000,1.000000,1.000000,1,0,0,1
515,27,147,367,1.000000,1.000000,1.000000,1.000000,0,0,0,0
516,29,148,367,1.000000,1.000000,1.000000,1.000000,0,0,0,0
517,27,148,368,1.000000,1.000000,1.000000,1.000000,0,0,0,1
518,25,148,369,1.000000,1.000000,1.000000,1.000000,0,0,0,0
519,29,149,369,1.000000,1.000000,1.000000,1.000000,0,0,0,0
520,27,149,370,1.000000,1.000000,1.000000,1.000000,0,0,0,0
521,25,149,371,1.000000,1.000000,1.000000,1.000000,0,0,0,0
522,23,149,372,1.000000,1.000000,1.000000,1.000000,0,0,0,0
523,21,149,373,1.000000,1.000000,1.000000,1.000000,0,0,0,1
524,19,149,374,1.000000,1.000000,1.000000,1.000000,1,0,1,1
525,17,149,375,1.000000,1.000000,1.000000,1.000000,0,0,1,1
526,29,150,375,1.000000,1.000000,1.000000,1.000000,0,0,1,1
527,27,150,376,1.000000,1.000000,1.000000,1.000000,0,0,1,1
528,29,151,376,1.000000,1.000000,1.000000,1.000000,0,0,1,1
529,27,151,377,1.000000,1.000000,1.000000,1.000000,1,0,0,0
530,29,152,377,1.000000,1.000000,1.000000,1.000000,1,0,0,0
531,27,152,378,1.000000,1.000000,1.000000,1.000000,0,0,0,0
532,29,153,378,1.000000,1.000000,1.000000,1.000000,0,0,0,0
533,27,153,379,1.000000,1.000000,1.000000,1.000000,1,0,0,0
534,25,153,380,1.000000,1.000000,1.000000,1.000000,0,0,0,0
535,29,154,380,1.000000,1.000000,1.000000,1.000000,0,0,0,0
536,27,154,381,1.000000,1.000000,1.000000,1.000000,0,0,0,0
537,25,154,382,1.000000,1.000000,1.000000,1.000000,0,0,0,0
538,23,154,383,1.000000,1.000000,1.000000,1.000000,0,0,0,0
539,21,154,384,1.000000,1.000000,1.000000,1.000000,1,0,0,0
540,19,154,385,1.000000,1.000000,1.000000,1.000000,1,1,0,0
541,29,155,385,1.000000,1.000000,1.000000,1.000000,1,1,0,0
542,27,155,386,1.000000,1.000000,1.000000,1.000000,0,0,0,0
543,29,156,386,1.000000,1.000000,1.000000,1.000000,0,0,0,0
544,27,156,387,1.000000,1.000000,1.000000,1.000000,0,0,0,0
545,25,156,388,1.000000,1.000000,1.000000,1.000000,0,0,0,0
546,23,156,389,1.000000,1.000000,1.000000,1.000000,0,0,0,0
547,21,156,390,1.000000,1.000000,1.000000,1.000000,0,0,0,0
548,19,156,391,1.000000,1.000000,1.000000,1.000000,0,0,1,0
549,17,156,392,1.000000,1.000000,1.000000,1.000000,0,1,1,0
550,29,157,392,1.000000,1.000000,1.000000,1.000000,0,1,1,0
551,27,157,393,1.000000,1.000000,1.000000,1.000000,0,0,1,0
552,29,158,393,1.000000,1.000000,1.000000,1.000000,0,0,1,0
553,27,158,394,1.000000,1.000000,1.000000,1.000000,0,0,1,1
554,29,159,394,1.000000,1.000000,1.000000,1.000000,0,0,1,1
555,27,159,395,1.000000,1.000000,1.000000,1.000000,0,0,0,0
556,25,159,396,1.000000,1.000000,1.000000,1.000000,1,1,0,1
557,23,159,397,1.000000,1.000000,1.000000,1.000000,0,0,0,0
558,29,160,397,1.000000,1.000000,1.000000,1.000000,0,0,0,0
559,27,160,398,1.000000,1.000000,1.000000,1.000000,1,0,0,1
560,25,160,399,1.000000,1.000000,1.000000,1.000000,0,0,1,1
561,29,161,399,1.000000,1.000000,1.000000,1.000000,0,0,1,1
562,27,161,400,1.000000,1.000000,1.000000,1.000000,0,0,1,0
563,29,162,400,1.000000,1.000000,1.000000,1.000000,0,0,1,0
564,27,162,401,1.000000,1.000000,1.000000,1.000000,0,0,0,0
565,29,163,401,1.000000,1.000000,1.000000,1.000000,0,0,0,0
566,27,163,402,1.000000,1.000000,1.000000,1.000000,0,0,1,0
567,25,163,403,1.000000,1.000000,1.000000,1.000000,0,0,0,0
568,29,164,403,1.000000,1.000000,1.000000,1.000000,0,0,0,0
569,27,164,404,1.000000,1.000000,1.000000,1.000000,0,0,1,0
570,25,164,405,1.000000,1.000000,1.000000,1.000000,0,0,0,0
571,29,165,405,1.000000,1.000000,1.000000,1.000000,0,0,0,0
572,27,165,406,1.000000,1.000000,1.000000,1.000000,0,0,0,0
573,25,165,407,1.000000,1.000000,1.000000,1.000000,0,0,0,1
574,23,165,408,1.000000,1.000000,1.000000,1.000000,0,0,0,0
575,29,166,408,1.000000,1.000000,1.000000,1.000000,0,0,0,0
576,27,166,409,1.000000,1.000000,1.000000,1.000000,0,0,0,0
577,25,166,410,1.000000,1.000000,1.000000,1.000000,0,0,0,0
578,23,166,411,1.000000,1.000000,1.000000,1.000000,0,0,0,0
579,21,166,412,1.000000,1.000000,1.000000,1.000000,1,0,0,0
580,19,166,413,1.000000,1.000000,1.000000,1.000000,1,0,0,0
581,17,166,414,1.000000,1.000000,1.000000,1.000000,1,0,1,0
582,29,167,414,1.000000,1.000000,1.000000,1.000000,1,0,1,0
583,27,167,415,1.000000,1.000000,1.000000,1.000000,0,0,0,1
584,29,168,415,1.000000,1.000000,1.000000,1.000000,0,0,0,1
585,27,168,416,1.000000,1.000000,1.000000,1.000000,0,0,0,0
586,29,169,416,1.000000,1.000000,1.000000,1.000000,0,0,0,0
587,27,169,417,1.000000,1.000000,1.000000,1.000000,1,0,0,1
588,25,169,418,1.000000,1.000000,1.000000,1.000000,0,0,0,0
589,29,170,418,1.000000,1.000000,1.000000,1.000000,0,0,0,0
590,27,170,419,1.000000,1.000000,1.000000,1.000000,0,0,0,1
591,25,170,420,1.000000,1.000000,1.000000,1.000000,0,0,0,0
592,29,171,420,1.000000,1.000000,1.000000,1.000000,0,0,0,0
593,27,171,421,1.000000,1.000000,1.000000,1.000000,0,0,0,0
594,25,171,422,1.000000,1.000000,1.000000,1.000000,0,0,0,0
595,23,171,423,1.000000,1.000000,1.000000,1.000000,0,0,0,0
596,21,171,424,1.000000,1.000000,1.000000,1.000000,0,0,0,0
597,19,171,425,1.000000,1.000000,1.000000,1.000000,0,1,0,0
598,17,171,426,1.000000,1.000000,1.000000,1.000000,0,1,1,0
599,29,172,426,1.000000,1.000000,1.000000,1.000000,0,1,1,0
600,27,172,427,1.000000,1.000000,1.000000,1.000000,0,1,0,0
601,29,173,427,1.000000,1.000000,1.000000,1.000000,0,1,0,0
602,27,173,428,1.000000,1.000000,1.000000,1.000000,1,0,1,0
603,29,174,428,1.000000,1.000000,1.000000,1.000000,1,0,1,0
604,27,174,429,1.000000,1.000000,1.000000,1.000000,0,0,0,0
605,29,175,429,1.000000,1.000000,1.000000,1.000000,0,0,0,0
606,27,175,430,1.000000,1.000000,1.000000,1.000000,0,0,0,0
607,25,175,431,1.000000,1.000000,1.000000,1.000000,0,0,0,0
608,23,175,432,1.000000,1.000000,1.000000,1.000000,1,0,0,0
609,21,175,433,1.000000,1.000000,1.000000,1.000000,0,0,0,0
610,29,176,433,1.000000,1.000000,1.000000,1.000000,0,0,0,0
611,27,176,434,1.000000,1.000000,1.000000,1.000000,0,0,0,0
612,25,176,435,1.000000,1.000000,1.000000,1.000000,0,0,0,0
613,23,176,436,1.000000,1.000000,1.000000,1.000000,0,0,0,1
614,21,176,437,1.000000,1.000000,1.000000,1.000000,0,0,1,1
615,29,177,437,1.000000,1.000000,1.000000,1.000000,0,0,1,1
616,27,177,438,1.000000,1.000000,1.000000,1.000000,0,0,1,0
617,29,178,438,1.000000,1.000000,1.000000,1.000000,0,0,1,0
618,27,178,439,1.000000,1.000000,1.000000,1.000000,1,0,0,0
619,25,178,440,1.000000,1.000000,1.000000,1.000000,0,0,0,0
620,29,179,440,1.000000,1.000000,1.000000,1.000000,0,0,0,0
621,27,179,441,1.000000,1.000000,1.000000,1.000000,1,0,0,0
622,25,179,442,1.000000,1.000000,1.000000,1.000000,0,0,0,0
623,29,180,442,1.000000,1.000000,1.000000,1.000000,0,0,0,0
624,27,180,443,1.000000,1.000000,1.000000,1.000000,0,1,0,0
625,25,180,444,1.000000,1.000000,1.000000,1.000000,0,0,0,0
626,23,180,445,1.000000,1.000000,1.000000,1.000000,0,1,0,0
627,21,180,446,1.000000,1.000000,1.000000,1.000000,0,0,0,0
628,29,181,446,1.000000,1.000000,1.000000,1.000000,0,0,0,0
629,27,181,447,1.000000,1.000000,1.000000,1.000000,0,0,0,0
630,25,181,448,1.000000,1.000000,1.000000,1.000000,0,0,0,0
631,23,181,449,1.000000,1.000000,1.000000,1.000000,0,1,0,0
632,21,181,450,1.000000,1.000000,1.000000,1.000000,0,0,0,0
633,29,182,450,1.000000,1.000000,1.000000,1.000000,0,0,0,0
634,27,182,451,1.000000,1.000000,1.000000,1.000000,0,0,0,0
635,25,182,452,1.000000,1.000000,1.000000,1.000000,0,0,0,0
636,23,182,453,1.000000,1.000000,1.000000,1.000000,0,0,1,0
637,21,182,454,1.000000,1.000000,1.000000,1.000000,0,0,1,0
638,19,182,455,1.000000,1.000000,1.000000,1.000000,0,0,1,1
639,29,183,455,1.000000,1.000000,1.000000,1.000000,0,0,1,1
640,27,183,456,1.000000,1.000000,1.000000,1.000000,0,0,1,0
641,29,184,456,1.000000,1.000000,1.000000,1.000000,0,0,1,0
642,27,184,457,1.000000,1.000000,1.000000,1.000000,0,1,0,0
643,29,185,457,1.000000,1.000000,1.000000,1.000000,0,1,0,0
644,27,185,458,1.000000,1.000000,1.000000,1.000000,0,0,1,0
645,29,186,458,1.000000,1.000000,1.000000,1.000000,0,0,1,0
646,27,186,459,1.000000,1.000000,1.000000,1.000000,0,0,0,0
647,29,187,459,1.000000,1.000000,1.000000,1.000000,0,0,0,0
648,27,187,460,1.000000,1.000000,1.000000,1.000000,0,0,0,0
649,25,187,461,1.000000,1.000000,1.000000,1.000000,0,0,0,1
650,23,187,462,1.000000,1.000000,1.000000,1.000000,1,0,1,0
651,29,188,462,1.000000,1.000000,1.000000,1.000000,1,0,1,0
652,27,188,463,1.000000,1.000000,1.000000,1.000000,0,0,0,1
653,29,189,463,1.000000,1.000000,1.000000,1.000000,0,0,0,1
654,27,189,464,1.000000,1.000000,1.000000,1.000000,0,0,0,0
655,29,190,464,1.000000,1.000000,1.000000,1.000000,0,0,0,0
656,27,190,465,1.000000,1.000000,1.000000,1.000000,1,0,0,0
657,25,190,466,1.000000,1.000000,1.000000,1.000000,0,0,0,0
658,29,191,466,1.000000,1.000000,1.000000,1.000000,0,0,0,0
659,27,191,467,1.000000,1.000000,1.000000,1.000000,0,0,0,0
660,25,191,468,1.000000,1.000000,1.000000,1.000000,0,0,0,0
661,23,191,469,1.000000,1.000000,1.000000,1.000000,0,0,0,0
662,21,191,470,1.000000,1.000000,1.000000,1.000000,0,0,0,0
663,19,191,471,1.000000,1.000000,1.000000,1.000000,0,0,0,0
664,17,191,472,1.000000,1.000000,1.000000,1.000000,0,1,0,0
665,15,191,473,1.000000,1.000000,1.000000,1.000000,1,1,0,0
666,29,192,473,1.000000,1.000000,1.000000,1.000000,1,1,0,0
667,27,192,474,1.000000,1.000000,1.000000,1.000000,1,0,1,0
668,29,193,474,1.000000,1.000000,1.000000,1.000000,1,0,1,0
669,27,193,475,1.000000,1.000000,1.000000,1.000000,0,0,0,0
670,29,194,475,1.000000,1.000000,1.000000,1.000000,0,0,0,0
671,27,194,476,1.000000,1.000000,1.000000,1.000000,0,0,0,0
672,25,194,477,1.000000,1.000000,1.000000,1.000000,0,0,0,0
673,23,194,478,1.000000,1.000000,1.000000,1.000000,1,0,0,0
674,21,194,479,1.000000,1.000000,1.000000,1.000000,0,1,0,0
675,29,195,479,1.000000,1.000000,1.000000,1.000000,0,1,0,0
676,27,195,480,1.000000,1.000000,1.000000,1.000000,1,0,0,0
677,29,196,480,1.000000,1.000000,1.000000,1.000000,1,0,0,0
678,27,196,481,1.000000,1.000000,1.000000,1.000000,0,0,0,0
679,29,197,481,1.000000,1.000000,1.000000,1.000000,0,0,0,0
680,27,197,482,1.000000,1.000000,1.000000,1.000000,1,0,0,0
681,25,197,483,1.000000,1.000000,1.000000,1.000000,0,0,0,0
682,29,198,483,1.000000,1.000000,1.000000,1.000000,0,0,0,0
683,27,198,484,1.000000,1.000000,1.000000,1.000000,0,0,0,0
684,25,198,485,1.000000,1.000000,1.000000,1.000000,0,0,0,0
685,23,198,486,1.000000,1.000000,1.000000,1.000000,0,0,0,0
686,21,198,487,1.000000,1.000000,1.000000,1.000000,0,0,0,0
687,19,198,488,1.000000,1.000000,1.000000,1.000000,0,0,0,0
688,17,198,489,1.000000,1.000000,1.000000,1.000000,0,0,0,0
689,15,198,490,1.000000,1.000000,1.000000,1.000000,0,0,0,0
690,13,198,491,1.000000,1.000000,1.000000,1.000000,0,1,0,0
691,11,198,492,1.000000,1.000000,1.000000,1.000000,1,0,0,0
692,29,199,492,1.000000,1.000000,1.000000,1.000000,1,0,0,0
693,27,199,493,1.000000,1.000000,1.000000,1.000000,0,0,0,0
694,29,200,493,1.000000,1.000000,1.000000,1.000000,0,0,0,0
695,27,200,494,1.000000,1.000000,1.000000,1.000000,0,0,0,0
696,25,200,495,1.000000,1.000000,1.000000,1.000000,0,0,0,0
697,23,200,496,1.000000,1.000000,1.000000,1.000000,0,0,1,0
698,21,200,497,1.000000,1.000000,1.000000,1.000000,0,0,0,0
699,29,201,497,1.000000,1.000000,1.000000,1.000000,0,0,0,0
700,27,201,498,1.000000,1.000000,1.000000,1.000000,0,0,0,0
701,25,201,499,1.000000,1.000000,1.000000,1.000000,0,0,0,0
702,23,201,500,1.000000,1.000000,1.000000,1.000000,0,0,0,0
703,21,201,501,1.000000,1.000000,1.000000,1.000000,0,0,0,0
704,19,201,502,1.000000,1.000000,1.000000,1.000000,0,0,0,0
705,17,201,503,1.000000,1.000000,1.000000,1.000000,0,0,0,0
706,15,201,504,1.000000,1.000000,1.000000,1.000000,0,0,0,0
707,13,201,505,1.000000,1.000000,1.000000,1.000000,0,0,0,0
708,11,201,506,1.000000,1.000000,1.000000,1.000000,0,0,1,0
709,9,201,507,1.000000,1.000000,1.000000,1.000000,0,0,1,0
710,29,202,507,1.000000,1.000000,1.000000,1.000000,0,0,1,0
711,27,202,508,1.000000,1.000000,1.000000,1.000000,0,1,0,0
712,25,202,509,1.000000,1.000000,1.000000,1.000000,0,0,1,0
713,29,203,509,1.000000,1.000000,1.000000,1.000000,0,0,1,0
714,27,203,510,1.000000,1.000000,1.000000,1.000000,0,0,1,0
715,29,204,510,1.000000,1.000000,1.000000,1.000000,0,0,1,0
716,27,204,511,1.000000,1.000000,1.000000,1.000000,0,0,0,1
717,29,205,511,1.000000,1.000000,1.000000,1.000000,0,0,0,1
718,27,205,512,1.000000,1.000000,1.000000,1.000000,0,0,0,0
719,29,206,512,1.000000,1.000000,1.000000,1.000000,0,0,0,0
720,27,206,513,1.000000,1.000000,1.000000,1.000000,1,0,0,0
721,25,206,514,1.000000,1.000000,1.000000,1.000000,0,0,0,0
722,29,207,514,1.000000,1.000000,1.000000,1.000000,0,0,0,0
723,27,207,515,1.000000,1.000000,1.000000,1.000000,0,0,0,0
724,25,207,516,1.000000,1.000000,1.000000,1.000000,1,0,0,0
725,23,207,517,1.000000,1.000000,1.000000,1.000000,0,0,0,0
726,29,208,517,1.000000,1.000000,1.000000,1.000000,0,0,0,0
727,27,208,518,1.000000,1.000000,1.000000,1.000000,0,0,0,0
728,25,208,519,1.000000,1.000000,1.000000,1.000000,0,0,0,0
729,23,208,520,1.000000,1.000000,1.000000,1.000000,0,0,0,0
730,21,208,521,1.000000,1.000000,1.000000,1.000000,0,0,0,0
731,19,208,522,1.000000,1.000000,1.000000,1.000000,0,1,0,0
732,17,208,523,1.000000,1.000000,1.000000,1.000000,1,0,0,0
733,15,208,524,1.000000,1.000000,1.000000,1.000000,1,0,1,0
734,29,209,524,1.000000,1.000000,1.000000,1.000000,1,0,1,0
735,27,209,525,1.000000,1.000000,1.000000,1.000000,0,0,0,0
736,29,210,525,1.000000,1.000000,1.000000,1.000000,0,0,0,0
737,27,210,526,1.000000,1.000000,1.000000,1.000000,0,0,0,0
738,25,210,527,1.000000,1.000000,1.000000,1.000000,0,0,1,1
739,23,210,528,1.000000,1.000000,1.000000,1.000000,0,1,0,0
740,29,211,528,1.000000,1.000000,1.000000,1.000000,0,1,0,0
741,27,211,529,1.000000,1.000000,1.000000,1.000000,0,0,0,0
742,29,212,529,1.000000,1.000000,1.000000,1.000000,0,0,0,0
743,27,212,530,1.000000,1.000000,1.000000,1.000000,0,0,0,0
744,25,212,531,1.000000,1.000000,1.000000,1.000000,0,0,0,0
745,23,212,532,1.000000,1.000000,1.000000,1.000000,1,0,0,0
746,21,212,533,1.000000,1.000000,1.000000,1.000000,0,0,0,0
747,29,213,533,1.000000,1.000000,1.000000,1.000000,0,0,0,0
748,27,213,534,1.000000,1.000000,1.000000,1.000000,0,0,0,0
749,25,213,535,1.000000,1.000000,1.000000,1.000000,1,0,0,0
750,23,213,536,1.000000,1.000000,1.000000,1.000000,0,0,0,0
751,29,214,536,1.000000,1.000000,1.000000,1.000000,0,0,0,0
752,27,214,537,1.000000,1.000000,1.000000,1.000000,0,0,0,0
753,25,214,538,1.000000,1.000000,1.000000,1.000000,0,0,0,0
754,23,214,539,1.000000,1.000000,1.000000,1.000000,0,0,0,0
755,21,214,540,1.000000,1.000000,1.000000,1.000000,0,0,0,0
756,19,214,541,1.000000,1.000000,1.000000,1.000000,0,0,0,0
757,17,214,542,1.000000,1.000000,1.000000,1.000000,0,0,0,0
758,15,214,543,1.000000,1.000000,1.000000,1.000000,0,0,0,0
759,13,214,544,1.000000,1.000000,1.000000,1.000000,0,0,0,0
760,11,214,545,1.000000,1.000000,1.000000,1.000000,0,0,0,1
761,9,214,546,1.000000,1.000000,1.000000,1.000000,0,0,0,1
762,29,215,546,1.000000,1.000000,1.000000,1.000000,0,0,0,1
763,27,215,547,1.000000,1.000000,1.000000,1.000000,0,0,0,0
764,29,216,547,1.000000,1.000000,1.000000,1.000000,0,0,0,0
765,27,216,548,1.000000,1.000000,1.000000,1.000000,0,0,0,0
766,25,216,549,1.000000,1.000000,1.000000,1.000000,0,0,1,0
767,23,216,550,1.000000,1.000000,1.000000,1.000000,0,0,0,0
768,29,217,550,1.000000,1.000000,1.000000,1.000000,0,0,0,0
769,27,217,551,1.000000,1.000000,1.000000,1.000000,0,0,0,0
770,25,217,552,1.000000,1.000000,1.000000,1.000000,0,0,0,0
771,23,217,553,1.000000,1.000000,1.000000,1.000000,0,0,0,0
772,21,217,554,1.000000,1.000000,1.000000,1.000000,0,0,0,0
773,19,217,555,1.000000,1.000000,1.000000,1.000000,0,0,0,0
774,17,217,556,1.000000,1.000000,1.000000,1.000000,0,1,0,1
775,15,217,557,1.000000,1.000000,1.000000,1.000000,0,0,0,0
776,29,218,557,1.000000,1.000000,1.000000,1.000000,0,0,0,0
777,27,218,558,1.000000,1.000000,1.000000,1.000000,0,0,0,0
778,25,218,559,1.000000,1.000000,1.000000,1.000000,0,1,0,0
779,23,218,560,1.000000,1.000000,1.000000,1.000000,0,0,0,0
780,29,219,560,1.000000,1.000000,1.000000,1.000000,0,0,0,0
781,27,219,561,1.000000,1.000000,1.000000,1.000000,0,0,0,0
782,25,219,562,1.000000,1.000000,1.000000,1.000000,0,0,0,0
783,23,219,563,1.000000,1.000000,1.000000,1.000000,0,0,1,0
784,21,219,564,1.000000,1.000000,1.000000,1.000000,0,0,0,1
785,29,220,564,1.000000,1.000000,1.000000,1.000000,0,0,0,1
786,27,220,565,1.000000,1.000000,1.000000,1.000000,0,0,0,0
787,29,221,565,1.000000,1.000000,1.000000,1.000000,0,0,0,0
788,27,221,566,1.000000,1.000000,1.000000,1.000000,0,0,0,0
789,25,221,567,1.000000,1.000000,1.000000,1.000000,0,0,0,0
790,23,221,568,1.000000,1.000000,1.000000,1.000000,0,0,0,0
791,21,221,569,1.000000,1.000000,1.000000,1.000000,0,0,0,0
792,19,221,570,1.000000,1.000000,1.000000,1.000000,0,0,0,0
793,17,221,571,1.000000,1.000000,1.000000,1.000000,0,0,0,0
794,15,221,572,1.000000,1.000000,1.000000,1.000000,0,0,0,0
795,13,221,573,1.000000,1.000000,1.000000,1.000000,0,0,0,0
796,11,221,574,1.000000,1.000000,1.000000,1.000000,0,0,1,0
797,9,221,575,1.000000,1.000000,1.000000,1.000000,0,1,0,0
798,29,222,575,1.000000,1.000000,1.000000,1.000000,0,1,0,0
799,27,222,576,1.000000,1.000000,1.000000,1.000000,0,0,0,0
800,29,223,576,1.000000,1.000000,1.000000,1.000000,0,0,0,0
801,27,223,577,1.000000,1.000000,1.000000,1.000000,0,0,0,0
802,25,223,578,1.000000,1.000000,1.000000,1.000000,0,0,0,0
803,23,223,579,1.000000,1.000000,1.000000,1.000000,0,0,0,0
804,21,223,580,1.000000,1.000000,1.000000,1.000000,0,0,0,0
805,19,223,581,1.000000,1.000000,1.000000,1.000000,0,0,0,0
806,17,223,582,1.000000,1.000000,1.000000,1.000000,0,0,0,0
807,15,223,583,1.000000,1.000000,1.000000,1.000000,0,0,0,0
808,13,223,584,1.000000,1.000000,1.000000,1.000000,0,0,0,0
809,11,223,585,1.000000,1.000000,1.000000,1.000000,0,0,0,0
810,9,223,586,1.000000,1.000000,1.000000,1.000000,0,0,0,0
811,7,223,587,1.000000,1.000000,1.000000,1.000000,0,0,0,0
812,5,223,588,1.000000,1.000000,1.000000,1.000000,1,0,0,0
813,3,223,589,1.000000,1.000000,1.000000,1.000000,0,0,0,0
814,29,224,589,1.000000,1.000000,1.000000,1.000000,0,1,0,0
815,27,224,590,1.000000,1.000000,1.000000,1.000000,0,0,0,0
816,25,224,591,1.000000,1.000000,1.000000,1.000000,0,1,0,0
817,23,224,592,1.000000,1.000000,1.000000,1.000000,0,0,0,0
818,29,225,592,1.000000,1.000000,1.000000,1.000000,0,0,0,0
819,27,225,593,1.000000,1.000000,1.000000,1.000000,0,1,0,0
820,25,225,594,1.000000,1.000000,1.000000,1.000000,0,1,0,0
821,29,226,594,1.000000,1.000000,1.000000,1.000000,0,1,0,0
822,27,226,595,1.000000,1.000000,1.000000,1.000000,0,0,0,0
823,29,227,595,1.000000,1.000000,1.000000,1.000000,0,0,0,0
824,27,227,596,1.000000,1.000000,1.000000,1.000000,0,0,0,0
825,25,227,597,1.000000,1.000000,1.000000,1.000000,0,0,0,0
826,23,227,598,1.000000,1.000000,1.000000,1.000000,0,0,0,0
827,21,227,599,1.000000,1.000000,1.000000,1.000000,0,0,0,0
828,19,227,600,1.000000,1.000000,1.000000,1.000000,0,0,0,0
829,17,227,601,1.000000,1.000000,1.000000,1.000000,0,0,0,0
830,15,227,602,1.000000,1.000000,1.000000,1.000000,0,0,0,0
831,13,227,603,1.000000,1.000000,1.000000,1.000000,0,0,0,0
832,11,227,604,1.000000,1.000000,1.000000,1.000000,0,0,0,0
833,9,227,605,1.000000,1.000000,1.000000,1.000000,0,0,0,0
834,7,227,606,1.000000,1.000000,1.000000,1.000000,0,1,0,0
835,5,227,607,1.000000,1.000000,1.000000,1.000000,0,1,1,0
836,29,228,607,1.000000,1.000000,1.000000,1.000000,0,1,1,0
837,27,228,608,1.000000,1.000000,1.000000,1.000000,0,0,0,0
838,29,229,608,1.000000,1.000000,1.000000,1.000000,0,0,0,0
839,27,229,609,1.000000,1.000000,1.000000,1.000000,1,0,0,0
840,25,229,610,1.000000,1.000000,1.000000,1.000000,0,0,0,0
841,23,229,611,1.000000,1.000000,1.000000,1.000000,0,1,0,0
842,21,229,612,1.000000,1.000000,1.000000,1.000000,0,0,0,0
843,29,230,612,1.000000,1.000000,1.000000,1.000000,0,0,0,0
844,27,230,613,1.000000,1.000000,1.000000,1.000000,0,0,0,0
845,25,230,614,1.000000,1.000000,1.000000,1.000000,0,0,0,0
846,23,230,615,1.000000,1.000000,1.000000,1.000000,0,0,0,0
847,21,230,616,1.000000,1.000000,1.000000,1.000000,0,0,0,0
848,19,230,617,1.000000,1.000000,1.000000,1.000000,0,0,0,0
849,17,230,618,1.000000,1.000000,1.000000,1.000000,1,0,0,1
850,15,230,619,1.000000,1.000000,1.000000,1.000000,0,0,0,0
851,29,231,619,1.000000,1.000000,1.000000,1.000000,0,0,0,0
852,27,231,620,1.000000,1.000000,1.000000,1.000000,0,1,0,0
853,25,231,621,1.000000,1.000000,1.000000,1.000000,1,1,0,0
854,29,232,621,1.000000,1.000000,1.000000,1.000000,1,1,0,0
855,27,232,622,1.000000,1.000000,1.000000,1.000000,0,0,0,0
856,29,233,622,1.000000,1.000000,1.000000,1.000000,0,0,0,0
857,27,233,623,1.000000,1.000000,1.000000,1.000000,0,1,0,0
858,25,233,624,1.000000,1.000000,1.000000,1.000000,0,0,0,0
859,29,234,624,1.000000,1.000000,1.000000,1.000000,0,0,0,0
860,27,234,625,1.000000,1.000000,1.000000,1.000000,0,0,0,0
861,25,234,626,1.000000,1.000000,1.000000,1.000000,0,0,0,0
862,23,234,627,1.000000,1.000000,1.000000,1.000000,0,0,0,0
863,21,234,628,1.000000,1.000000,1.000000,1.000000,0,0,0,0
864,19,234,629,1.000000,1.000000,1.000000,1.000000,0,0,0,0
865,17,234,630,1.000000,1.000000,1.000000,1.000000,0,0,0,0
866,15,234,631,1.000000,1.000000,1.000000,1.000000,0,0,0,0
867,13,234,632,1.000000,1.000000,1.000000,1.000000,0,0,0,0
868,11,234,633,1.000000,1.000000,1.000000,1.000000,0,0,0,0
869,9,234,634,1.000000,1.000000,1.000000,1.000000,0,1,0,1
870,7,234,635,1.000000,1.000000,1.000000,1.000000,0,0,0,0
871,29,235,635,1.000000,1.000000,1.000000,1.000000,0,0,0,0
872,27,235,636,1.000000,1.000000,1.000000,1.000000,0,0,1,1
873,25,235,637,1.000000,1.000000,1.000000,1.000000,0,1,1,0
874,29,236,637,1.000000,1.000000,1.000000,1.000000,0,1,1,0
875,27,236,638,1.000000,1.000000,1.000000,1.000000,0,0,0,0
876,29,237,638,1.000000,1.000000,1.000000,1.000000,0,0,0,0
877,27,237,639,1.000000,1.000000,1.000000,1.000000,0,0,0,1
878,25,237,640,1.000000,1.000000,1.000000,1.000000,0,0,0,0
879,23,237,641,1.000000,1.000000,1.000000,1.000000,0,0,0,1
880,21,237,642,1.000000,1.000000,1.000000,1.000000,0,0,0,0
881,29,238,642,1.000000,1.000000,1.000000,1.000000,0,0,0,0
882,27,238,643,1.000000,1.000000,1.000000,1.000000,0,0,0,0
883,25,238,644,1.000000,1.000000,1.000000,1.000000,0,0,0,0
884,23,238,645,1.000000,1.000000,1.000000,1.000000,0,0,0,1
885,21,238,646,1.000000,1.000000,1.000000,1.000000,0,0,0,0
886,29,239,646,1.000000,1.000000,1.000000,1.000000,0,0,0,0
887,27,239,647,1.000000,1.000000,1.000000,1.000000,0,0,0,0
888,25,239,648,1.000000,1.000000,1.000000,1.000000,0,0,1,0
889,23,239,649,1.000000,1.000000,1.000000,1.000000,0,0,1,0
890,29,240,649,1.000000,1.000000,1.000000,1.000000,0,0,1,0
891,27,240,650,1.000000,1.000000,1.000000,1.000000,0,0,0,0
892,29,241,650,1.000000,1.000000,1.000000,1.000000,0,0,0,0
893,27,241,651,1.000000,1.000000,1.000000,1.000000,0,0,0,0
894,25,241,652,1.000000,1.000000,1.000000,1.000000,0,0,0,0
895,23,241,653,1.000000,1.000000,1.000000,1.000000,0,0,0,0
896,21,241,654,1.000000,1.000000,1.000000,1.000000,0,0,0,0
897,19,241,655,1.000000,1.000000,1.000000,1.000000,0,0,0,0
898,17,241,656,1.000000,1.000000,1.000000,1.000000,0,0,0,0
899,15,241,657,1.000000,1.000000,1.000000,1.000000,0,0,0,0
900,13,241,658,1.000000,1.000000,1.000000,1.000000,0,0,0,0
901,29,242,658,1.000000,1.000000,1.000000,1.000000,0,0,0,0
902,27,242,659,1.000000,1.000000,1.000000,1.000000,0,0,0,0
903,25,242,660,1.000000,1.000000,1.000000,1.000000,0,0,0,0
904,23,242,661,1.000000,1.000000,1.000000,1.000000,0,0,0,0
905,21,242,662,1.000000,1.000000,1.000000,1.000000,0,0,0,0
906,19,242,663,1.000000,1.000000,1.000000,1.000000,0,0,0,0
907,17,242,664,1.000000,1.000000,1.000000,1.000000,0,0,0,0
908,15,242,665,1.000000,1.000000,1.000000,1.000000,0,0,0,0
909,13,242,666,1.000000,1.000000,1.000000,1.000000,0,1,1,0
910,11,242,667,1.000000,1.000000,1.000000,1.000000,0,0,1,1
911,29,243,667,1.000000,1.000000,1.000000,1.000000,0,0,1,1
912,27,243,668,1.000000,1.000000,1.000000,1.000000,0,0,1,0
913,29,244,668,1.000000,1.000000,1.000000,1.000000,0,0,1,0
914,27,244,669,1.000000,1.000000,1.000000,1.000000,0,0,1,0
915,29,245,669,1.000000,1.000000,1.000000,1.000000,0,0,1,0
916,27,245,670,1.000000,1.000000,1.000000,1.000000,0,0,0,1
917,29,246,670,1.000000,1.000000,1.000000,1.000000,0,0,0,1
918,27,246,671,1.000000,1.000000,1.000000,1.000000,0,0,0,0
919,29,247,671,1.000000,1.000000,1.000000,1.000000,0,0,0,0
920,27,247,672,1.000000,1.000000,1.000000,1.000000,1,0,1,0
921,25,247,673,1.000000,1.000000,1.000000,1.000000,0,0,1,0
922,29,248,673,1.000000,1.000000,1.000000,1.000000,0,0,1,0
923,27,248,674,1.000000,1.000000,1.000000,1.000000,0,1,0,0
924,29,249,674,1.000000,1.000000,1.000000,1.000000,0,1,0,0
925,27,249,675,1.000000,1.000000,1.000000,1.000000,0,1,0,0
926,29,250,675,1.000000,1.000000,1.000000,1.000000,0,1,0,0
927,27,250,676,1.000000,1.000000,1.000000,1.000000,0,0,0,0
928,29,251,676,1.000000,1.000000,1.000000,1.000000,0,0,0,0
929,27,251,677,1.000000,1.000000,1.000000,1.000000,0,0,0,0
930,25,251,678,1.000000,1.000000,1.000000,1.000000,0,0,0,0
931,23,251,679,1.000000,1.000000,1.000000,1.000000,0,0,0,0
932,21,251,680,1.000000,1.000000,1.000000,1.000000,0,0,0,0
933,19,251,681,1.000000,1.000000,1.000000,1.000000,0,0,1,0
934,17,251,682,1.000000,1.000000,1.000000,1.000000,0,0,0,0
935,15,251,683,1.000000,1.000000,1.000000,1.000000,0,0,1,0
936,13,251,684,1.000000,1.000000,1.000000,1.000000,0,0,1,0
937,29,252,684,1.000000,1.000000,1.000000,1.000000,0,0,1,0
938,27,252,685,1.000000,1.000000,1.000000,1.000000,0,0,1,1
939,29,253,685,1.000000,1.000000,1.000000,1.000000,0,0,1,1
940,27,253,686,1.000000,1.000000,1.000000,1.000000,0,0,1,0
941,29,254,686,1.000000,1.000000,1.000000,1.000000,0,0,1,0
942,27,254,687,1.000000,1.000000,1.000000,1.000000,0,1,0,0
943,25,254,688,1.000000,1.000000,1.000000,1.000000,0,0,0,1
944,29,255,688,1.000000,1.000000,1.000000,1.000000,0,0,0,1
945,27,255,689,1.000000,1.000000,1.000000,1.000000,0,0,0,0
946,29,256,689,1.000000,1.000000,1.000000,1.000000,0,0,0,0
947,27,256,690,1.000000,1.000000,1.000000,1.000000,0,0,0,0
948,25,256,691,1.000000,1.000000,1.000000,1.000000,0,0,0,0
949,23,256,692,1.000000,1.000000,1.000000,1.000000,0,0,0,0
950,21,256,693,1.000000,1.000000,1.000000,1.000000,0,0,0,0
951,19,256,694,1.000000,1.000000,1.000000,1.000000,0,0,1,0
952,17,256,695,1.000000,1.000000,1.000000,1.000000,0,0,1,1
953,29,257,695,1.000000,1.000000,1.000000,1.000000,0,0,1,1
954,27,257,696,1.000000,1.000000,1.000000,1.000000,0,0,0,0
955,29,258,696,1.000000,1.000000,1.000000,1.000000,0,0,0,0
956,27,258,697,1.000000,1.000000,1.000000,1.000000,0,0,0,0
957,25,258,698,1.000000,1.000000,1.000000,1.000000,0,0,0,0
958,23,258,699,1.000000,1.000000,1.000000,1.000000,0,0,0,0
959,21,258,700,1.000000,1.000000,1.000000,1.000000,1,0,0,1
960,19,258,701,1.000000,1.000000,1.000000,1.000000,1,0,0,1
961,29,259,701,1.000000,1.000000,1.000000,1.000000,1,0,0,1
962,27,259,702,1.000000,1.000000,1.000000,1.000000,0,0,1,1
963,29,260,702,1.000000,1.000000,1.000000,1.000000,0,0,1,1
964,27,260,703,1.000000,1.000000,1.000000,1.000000,0,0,0,1
965,29,261,703,1.000000,1.000000,1.000000,1.000000,0,0,0,1
966,27,261,704,1.000000,1.000000,1.000000,1.000000,1,0,0,0
967,29,262,704,1.000000,1.000000,1.000000,1.000000,1,0,0,0
968,27,262,705,1.000000,1.000000,1.000000,1.000000,0,0,0,1
969,29,263,705,1.000000,1.000000,1.000000,1.000000,0,0,0,1
970,27,263,706,1.000000,1.000000,1.000000,1.000000,1,0,0,0
971,29,264,706,1.000000,1.000000,1.000000,1.000000,1,0,0,0
972,27,264,707,1.000000,1.000000,1.000000,1.000000,0,0,0,0
973,29,265,707,1.000000,1.000000,1.000000,1.000000,0,0,0,0
974,27,265,708,1.000000,1.000000,1.000000,1.000000,1,0,0,1
975,25,265,709,1.000000,1.000000,1.000000,1.000000,0,0,0,0
976,29,266,709,1.000000,1.000000,1.000000,1.000000,0,0,0,0
977,27,266,710,1.000000,1.000000,1.000000,1.000000,0,0,1,1
978,25,266,711,1.000000,1.000000,1.000000,1.000000,1,0,1,0
979,29,267,711,1.000000,1.000000,1.000000,1.000000,1,0,1,0
980,27,267,712,1.000000,1.000000,1.000000,1.000000,0,0,0,1
981,29,268,712,1.000000,1.000000,1.000000,1.000000,0,0,0,1
982,27,268,713,1.000000,1.000000,1.000000,1.000000,0,0,0,1
983,29,269,713,1.000000,1.000000,1.000000,1.000000,0,0,0,1
984,27,269,714,1.000000,1.000000,1.000000,1.000000,0,0,1,0
985,25,269,715,1.000000,1.000000,1.000000,1.000000,1,0,0,0
986,29,270,715,1.000000,1.000000,1.000000,1.000000,1,0,0,0
987,27,270,716,1.000000,1.000000,1.000000,1.000000,0,0,0,0
988,29,271,716,1.000000,1.000000,1.000000,1.000000,0,0,0,0
989,27,271,717,1.000000,1.000000,1.000000,1.000000,0,0,0,1
990,25,271,718,1.000000,1.000000,1.000000,1.000000,0,0,0,0
991,29,272,718,1.000000,1.000000,1.000000,1.000000,0,0,0,0
992,27,272,719,1.000000,1.000000,1.000000,1.000000,0,0,0,0
993,25,272,720,1.000000,1.000000,1.000000,1.000000,0,0,0,0
994,23,272,721,1.000000,1.000000,1.000000,1.000000,0,0,0,0
995,21,272,722,1.000000,1.000000,1.000000,1.000000,0,0,0,1
996,19,272,723,1.000000,1.000000,1.000000,1.000000,0,0,0,1
997,29,273,723,1.000000,1.000000,1.000000,1.000000,0,0,0,1
998,27,273,724,1.000000,1.000000,1.000000,1.000000,0,0,1,0
999,29,274,724,1.000000,1.000000,1.000000,1.000000,0,0,1,0
1000,27,274,725,1.000000,1.000000,1.000000,1.000000,0,0,0,0
1001,25,274,726,1.000000,1.000000,1.000000,1.000000,0,0,0,0
1002,23,274,727,1.000000,1.000000,1.000000,1.000000,0,1,0,1
1003,21,274,728,1.000000,1.000000,1.000000,1.000000,0,0,0,0
1004,29,275,728,1.000000,1.000000,1.000000,1.000000,0,0,0,0
1005,27,275,729,1.000000,1.000000,1.000000,1.000000,0,0,0,0
1006,25,275,730,1.000000,1.000000,1.000000,1.000000,1,0,0,0
1007,23,275,731,1.000000,1.000000,1.000000,1.000000,1,0,0,0
1008,29,276,731,1.000000,1.000000,1.000000,1.000000,1,0,0,0
1009,27,276,732,1.000000,1.000000,1.000000,1.000000,0,0,0,0
1010,29,277,732,1.000000,1.000000,1.000000,1.000000,0,0,0,0
1011,27,277,733,1.000000,1.000000,1.000000,1.000000,0,0,0,0
1012,25,277,734,1.000000,1.000000,1.000000,1.000000,0,0,0,0
1013,23,277,735,1.000000,1.000000,1.000000,1.000000,0,0,0,0
1014,21,277,736,1.000000,1.000000,1.000000,1.000000,0,0,0,0
1015,19,277,737,1.000000,1.000000,1.000000,1.000000,1,0,0,0
1016,17,277,738,1.000000,1.000000,1.000000,1.000000,0,0,0,1
1017,29,278,738,1.000000,1.000000,1.000000,1.000000,0,0,0,1
1018,27,278,739,1.000000,1.000000,1.000000,1.000000,0,0,0,0
1019,29,279,739,1.000000,1.000000,1.000000,1.000000,0,0,0,0
1020,27,279,740,1.000000,1.000000,1.000000,1.000000,0,0,0,0
1021,25,279,741,1.000000,1.000000,1.000000,1.000000,0,0,0,1
1022,23,279,742,1.000000,1.000000,1.000000,1.000000,0,0,0,1
1023,29,280,742,1.000000,1.000000,1.000000,1.000000,0,0,0,1
1024,27,280,743,1.000000,1.000000,1.000000,1.000000,0,0,1,0
1025,29,281,743,1.000000,1.000000,1.000000,1.000000,0,0,1,0
1026,27,281,744,1.000000,1.000000,1.000000,1.000000,0,0,1,0
1027,29,282,744,1.000000,1.000000,1.000000,1.000000,0,0,1,0
1028,27,282,745,1.000000,1.000000,1.000000,1.000000,0,1,0,0
1029,29,283,745,1.000000,1.000000,1.000000,1.000000,0,1,0,0
1030,27,283,746,1.000000,1.000000,1.000000,1.000000,0,0,0,0
1031,25,283,747,1.000000,1.000000,1.000000,1.000000,1,0,0,0
1032,23,283,748,1.000000,1.000000,1.000000,1.000000,0,0,0,0
1033,29,284,748,1.000000,1.000000,1.000000,1.000000,0,0,0,0
1034,27,284,749,1.000000,1.000000,1.000000,1.000000,0,0,0,0
1035,25,284,750,1.000000,1.000000,1.000000,1.000000,0,0,1,0
1036,23,284,751,1.000000,1.000000,1.000000,1.000000,0,0,0,0
1037,29,285,751,1.000000,1.000000,1.000000,1.000000,0,0,0,0
1038,27,285,752,1.000000,1.000000,1.000000,1.000000,0,0,0,0
1039,25,285,753,1.000000,1.000000,1.000000,1.000000,0,0,0,0
1040,23,285,754,1.000000,1.000000,1.000000,1.000000,0,0,1,0
1041,21,285,755,1.000000,1.000000,1.000000,1.000000,0,1,0,0
1042,29,286,755,1.000000,1.000000,1.000000,1.000000,0,1,0,0
1043,27,286,756,1.000000,1.000000,1.000000,1.000000,0,0,0,0
1044,29,287,756,1.000000,1.000000,1.000000,1.000000,0,0,0,0
1045,27,287,757,1.000000,1.000000,1.000000,1.000000,0,1,0,0
1046,25,287,758,1.000000,1.000000,1.000000,1.000000,0,0,0,0
1047,29,288,758,1.000000,1.000000,1.000000,1.000000,0,0,0,0
1048,27,288,759,1.000000,1.000000,1.000000,1.000000,0,1,0,0
1049,25,288,760,1.000000,1.000000,1.000000,1.000000,0,0,0,0
1050,29,289,760,1.000000,1.000000,1.000000,1.000000,0,0,0,0
1051,27,289,761,1.000000,1.000000,1.000000,1.000000,0,0,0,0
1052,25,289,762,1.000000,1.000000,1.000000,1.000000,0,0,0,1
1053,23,289,763,1.000000,1.000000,1.000000,1.000000,0,0,0,0
1054,29,290,763,1.000000,1.000000,1.000000,1.000000,0,0,0,0
1055,27,290,764,1.000000,1.000000,1.000000,1.000000,0,0,0,0
1056,25,290,765,1.000000,1.000000,1.000000,1.000000,0,0,0,0
1057,23,290,766,1.000000,1.000000,1.000000,1.000000,0,0,0,0
1058,21,290,767,1.000000,1.000000,1.000000,1.000000,0,0,0,1
1059,19,290,768,1.000000,1.000000,1.000000,1.000000,0,0,0,1
1060,29,291,768,1.000000,1.000000,1.000000,1.000000,0,0,0,1
1061,27,291,769,1.000000,1.000000,1.000000,1.000000,1,0,0,0
1062,29,292,769,1.000000,1.000000,1.000000,1.000000,1,0,0,0
1063,27,292,770,1.000000,1.000000,1.000000,1.000000,1,0,0,0
1064,29,293,770,1.000000,1.000000,1.000000,1.000000,1,0,0,0
1065,27,293,771,1.000000,1.000000,1.000000,1.000000,0,1,0,0
1066,29,294,771,1.000000,1.000000,1.000000,1.000000,0,1,0,0
1067,27,294,772,1.000000,1.000000,1.000000,1.000000,0,0,0,0
1068,29,295,772,1.000000,1.000000,1.000000,1.000000,0,0,0,0
1069,27,295,773,1.000000,1.000000,1.000000,1.000000,0,0,0,0
1070,25,295,774,1.000000,1.000000,1.000000,1.000000,0,0,0,0
1071,23,295,775,1.000000,1.000000,1.000000,1.000000,0,0,0,0
1072,21,295,776,1.000000,1.000000,1.000000,1.000000,0,0,0,1
1073,19,295,777,1.000000,1.000000,1.000000,1.000000,0,0,0,0
1074,29,296,777,1.000000,1.000000,1.000000,1.000000,0,0,0,0
1075,27,296,778,1.000000,1.000000,1.000000,1.000000,1,0,0,1
1076,25,296,779,1.000000,1.000000,1.000000,1.000000,0,0,0,0
1077,29,297,779,1.000000,1.000000,1.000000,1.000000,0,0,0,0
1078,27,297,780,1.000000,1.000000,1.000000,1.000000,1,1,0,0
1079,25,297,781,1.000000,1.000000,1.000000,1.000000,0,0,0,0
1080,29,298,781,1.000000,1.000000,1.000000,1.000000,0,0,0,0
1081,27,298,782,1.000000,1.000000,1.000000,1.000000,1,0,0,0
1082,25,298,783,1.000000,1.000000,1.000000,1.000000,0,0,0,0
1083,29,299,783,1.000000,1.000000,1.000000,1.000000,0,0,0,0
1084,27,299,784,1.000000,1.000000,1.000000,1.000000,0,0,0,0
1085,25,299,785,1.000000,1.000000,1.000000,1.000000,0,1,0,0
1086,23,299,786,1.000000,1.000000,1.000000,1.000000,1,0,1,0
1087,21,299,787,1.000000,1.000000,1.000000,1.000000,0,1,1,0
1088,29,300,787,1.000000,1.000000,1.000000,1.000000,0,1,1,0
1089,27,300,788,1.000000,1.000000,1.000000,1.000000,0,0,0,0
1090,29,301,788,1.000000,1.000000,1.000000,1.000000,0,0,0,0
1091,27,301,789,1.000000,1.000000,1.000000,1.000000,0,0,1,1
1092,25,301,790,1.000000,1.000000,1.000000,1.000000,0,0,1,0
1093,29,302,790,1.000000,1.000000,1.000000,1.000000,0,0,1,0
1094,27,302,791,1.000000,1.000000,1.000000,1.000000,0,0,1,0
1095,25,302,792,1.000000,1.000000,1.000000,1.000000,0,0,0,1
1096,29,303,792,1.000000,1.000000,1.000000,1.000000,0,0,0,1
1097,27,303,793,1.000000,1.000000,1.000000,1.000000,0,0,0,0
1098,29,304,793,1.000000,1.000000,1.000000,1.000000,0,0,0,0
1099,27,304,794,1.000000,1.000000,1.000000,1.000000,0,0,0,0
1100,25,304,795,1.000000,1.000000,1.000000,1.000000,0,0,0,0
1101,23,304,796,1.000000,1.000000,1.000000,1.000000,0,0,0,0
1102,21,304,797,1.000000,1.000000,1.000000,1.000000,0,0,0,0
1103,19,304,798,1.000000,1.000000,1.000000,1.000000,1,0,1,0
1104,17,304,799,1.000000,1.000000,1.000000,1.000000,0,0,0,1
1105,29,305,799,1.000000,1.000000,1.000000,1.000000,0,0,0,1
1106,27,305,800,1.000000,1.000000,1.000000,1.000000,1,0,0,0
1107,29,306,800,1.000000,1.000000,1.000000,1.000000,1,0,0,0
1108,27,306,801,1.000000,1.000000,1.000000,1.000000,0,0,0,0
1109,29,307,801,1.000000,1.000000,1.000000,1.000000,0,0,0,0
1110,27,307,802,1.000000,1.000000,1.000000,1.000000,0,0,0,0
1111,25,307,803,1.000000,1.000000,1.000000,1.000000,0,0,0,0
1112,23,307,804,1.000000,1.000000,1.000000,1.000000,0,1,0,0
1113,21,307,805,1.000000,1.000000,1.000000,1.000000,0,0,0,0
1114,29,308,805,1.000000,1.000000,1.000000,1.000000,0,0,0,0
1115,27,308,806,1.000000,1.000000,1.000000,1.000000,0,0,1,0
1116,25,308,807,1.000000,1.000000,1.000000,1.000000,0,0,0,0
1117,29,309,807,1.000000,1.000000,1.000000,1.000000,0,0,0,0
1118,27,309,808,1.000000,1.000000,1.000000,1.000000,0,0,1,0
1119,25,309,809,1.000000,1.000000,1.000000,1.000000,0,0,0,0
1120,29,310,809,1.000000,1.000000,1.000000,1.000000,0,0,0,0
1121,27,310,810,1.000000,1.000000,1.000000,1.000000,0,0,1,0
1122,25,310,811,1.000000,1.000000,1.000000,1.000000,0,0,1,0
1123,23,310,812,1.000000,1.000000,1.000000,1.000000,1,1,0,0
1124,29,311,812,1.000000,1.000000,1.000000,1.000000,1,1,0,0
1125,27,311,813,1.000000,1.000000,1.000000,1.000000,0,0,0,0
1126,29,312,813,1.000000,1.000000,1.000000,1.000000,0,0,0,0
1127,27,312,814,1.000000,1.000000,1.000000,1.000000,0,0,0,0
1128,25,312,815,1.000000,1.000000,1.000000,1.000000,0,0,0,0
1129,23,312,816,1.000000,1.000000,1.000000,1.000000,0,0,0,0
1130,21,312,817,1.000000,1.000000,1.000000,1.000000,0,0,0,0
1131,19,312,818,1.000000,1.000000,1.000000,1.000000,0,0,0,1
1132,17,312,819,1.000000,1.000000,1.000000,1.000000,0,0,0,0
1133,29,313,819,1.000000,1.000000,1.000000,1.000000,0,0,0,0
1134,27,313,820,1.000000,1.000000,1.000000,1.000000,0,0,1,0
1135,25,313,821,1.000000,1.000000,1.000000,1.000000,0,0,0,1
1136,29,314,821,1.000000,1.000000,1.000000,1.000000,0,0,0,1
1137,27,314,822,1.000000,1.000000,1.000000,1.000000,0,0,1,0
1138,25,314,823,1.000000,1.000000,1.000000,1.000000,0,0,0,1
1139,23,314,824,1.000000,1.000000,1.000000,1.000000,0,0,0,0
1140,29,315,824,1.000000,1.000000,1.000000,1.000000,0,0,0,0
1141,27,315,825,1.000000,1.000000,1.000000,1.000000,0,0,0,0
1142,25,315,826,1.000000,1.000000,1.000000,1.000000,0,0,0,0
1143,23,315,827,1.000000,1.000000,1.000000,1.000000,0,0,0,0
1144,21,315,828,1.000000,1.000000,1.000000,1.000000,0,0,0,0
1145,19,315,829,1.000000,1.000000,1.000000,1.000000,0,0,0,0
1146,17,315,830,1.000000,1.000000,1.000000,1.000000,0,0,0,0
1147,15,315,831,1.000000,1.000000,1.000000,1.000000,0,0,0,0
1148,13,315,832,1.000000,1.000000,1.000000,1.000000,0,1,1,0
1149,11,315,833,1.000000,1.000000,1.000000,1.000000,0,1,0,0
1150,29,316,833,1.000000,1.000000,1.000000,1.000000,0,1,0,0
1151,27,316,834,1.000000,1.000000,1.000000,1.000000,0,1,0,0
1152,29,317,834,1.000000,1.000000,1.000000,1.000000,0,1,0,0
1153,27,317,835,1.000000,1.000000,1.000000,1.000000,0,0,0,0
1154,25,317,836,1.000000,1.000000,1.000000,1.000000,0,1,0,0
1155,23,317,837,1.000000,1.000000,1.000000,1.000000,1,0,0,0
1156,29,318,837,1.000000,1.000000,1.000000,1.000000,1,0,0,0
1157,27,318,838,1.000000,1.000000,1.000000,1.000000,1,0,0,0
1158,25,318,839,1.000000,1.000000,1.000000,1.000000,0,0,1,1
1159,29,319,839,1.000000,1.000000,1.000000,1.000000,0,0,1,1
1160,27,319,840,1.000000,1.000000,1.000000,1.000000,0,0,0,0
1161,29,320,840,1.000000,1.000000,1.000000,1.000000,0,0,0,0
1162,27,320,841,1.000000,1.000000,1.000000,1.000000,1,0,0,0
1163,25,320,842,1.000000,1.000000,1.000000,1.000000,0,0,0,1
1164,29,321,842,1.000000,1.000000,1.000000,1.000000,0,0,0,1
1165,27,321,843,1.000000,1.000000,1.000000,1.000000,0,0,0,1
1166,29,322,843,1.000000,1.000000,1.000000,1.000000,0,0,0,1
1167,27,322,844,1.000000,1.000000,1.000000,1.000000,1,0,0,0
1168,25,322,845,1.000000,1.000000,1.000000,1.000000,0,0,1,0
1169,29,323,845,1.000000,1.000000,1.000000,1.000000,0,0,1,0
1170,27,323,846,1.000000,1.000000,1.000000,1.000000,1,0,0,0
1171,25,323,847,1.000000,1.000000,1.000000,1.000000,0,0,0,0
1172,29,324,847,1.000000,1.000000,1.000000,1.000000,0,0,0,0
1173,27,324,848,1.000000,1.000000,1.000000,1.000000,0,0,0,0
1174,25,324,849,1.000000,1.000000,1.000000,1.000000,0,0,0,0
1175,23,324,850,1.000000,1.000000,1.000000,1.000000,1,1,0,0
1176,21,324,851,1.000000,1.000000,1.000000,1.000000,0,0,0,0
1177,29,325,851,1.000000,1.000000,1.000000,1.000000,0,0,0,0
1178,27,325,852,1.000000,1.000000,1.000000,1.000000,0,0,0,1
1179,25,325,853,1.000000,1.000000,1.000000,1.000000,0,0,0,0
1180,29,326,853,1.000000,1.000000,1.000000,1.000000,0,0,0,0
1181,27,326,854,1.000000,1.000000,1.000000,1.000000,1,0,0,0
1182,25,326,855,1.000000,1.000000,1.000000,1.000000,0,0,0,1
1183,29,327,855,1.000000,1.000000,1.000000,1.000000,0,0,0,1
1184,27,327,856,1.000000,1.000000,1.000000,1.000000,0,0,0,0
1185,25,327,857,1.000000,1.000000,1.000000,1.000000,0,0,0,0
1186,23,327,858,1.000000,1.000000,1.000000,1.000000,0,0,0,0
1187,21,327,859,1.000000,1.000000,1.000000,1.000000,0,0,0,0
1188,19,327,860,1.000000,1.000000,1.000000,1.000000,0,1,1,0
1189,17,327,861,1.000000,1.000000,1.000000,1.000000,0,0,1,0
1190,29,328,861,1.000000,1.000000,1.000000,1.000000,0,0,1,0
1191,27,328,862,1.000000,1.000000,1.000000,1.000000,0,1,0,0
1192,25,328,863,1.000000,1.000000,1.000000,1.000000,0,1,0,1
1193,29,329,863,1.000000,1.000000,1.000000,1.000000,0,1,0,1
1194,27,329,864,1.000000,1.000000,1.000000,1.000000,0,1,0,0
1195,29,330,864,1.000000,1.000000,1.000000,1.000000,0,1,0,0
1196,27,330,865,1.000000,1.000000,1.000000,1.000000,0,0,1,0
1197,29,331,865,1.000000,1.000000,1.000000,1.000000,0,0,1,0
1198,27,331,866,1.000000,1.000000,1.000000,1.000000,0,1,0,0
1199,25,331,867,1.000000,1.000000,1.000000,1.000000,0,1,0,0
1200,29,332,867,1.000000,1.000000,1.000000,1.000000,0,1,0,0
1201,27,332,868,1.000000,1.000000,1.000000,1.000000,0,0,0,0
1202,25,332,869,1.000000,1.000000,1.000000,1.000000,1,0,0,0
1203,23,332,870,1.000000,1.000000,1.000000,1.000000,0,0,0,1
1204,29,333,870,1.000000,1.000000,1.000000,1.000000,0,0,0,1
1205,27,333,871,1.000000,1.000000,1.000000,1.000000,1,0,0,0
1206,29,334,871,1.000000,1.000000,1.000000,1.000000,1,0,0,0
1207,27,334,872,1.000000,1.000000,1.000000,1.000000,1,0,0,0
1208,29,335,872,1.000000,1.000000,1.000000,1.000000,1,0,0,0
1209,27,335,873,1.000000,1.000000,1.000000,1.000000,0,1,0,0
1210,29,336,873,1.000000,1.000000,1.000000,1.000000,0,1,0,0
1211,27,336,874,1.000000,1.000000,1.000000,1.000000,0,0,0,0
1212,29,337,874,1.000000,1.000000,1.000000,1.000000,0,0,0,0
1213,27,337,875,1.000000,1.000000,1.000000,1.000000,0,0,0,0
1214,25,337,876,1.000000,1.000000,1.000000,1.000000,0,0,0,0
1215,23,337,877,1.000000,1.000000,1.000000,1.000000,0,0,0,0
1216,21,337,878,1.000000,1.000000,1.000000,1.000000,0,0,0,0
1217,19,337,879,1.000000,1.000000,1.000000,1.000000,0,0,0,0
1218,17,337,880,1.000000,1.000000,1.000000,1.000000,0,0,0,0
1219,15,337,881,1.000000,1.000000,1.000000,1.000000,0,0,0,0
1220,13,337,882,1.000000,1.000000,1.000000,1.000000,0,1,0,0
1221,11,337,883,1.000000,1.000000,1.000000,1.000000,0,0,0,0
1222,9,337,884,1.000000,1.000000,1.000000,1.000000,1,0,0,1
1223,7,337,885,1.000000,1.000000,1.000000,1.000000,0,0,0,1
1224,29,338,885,1.000000,1.000000,1.000000,1.000000,0,0,0,1
1225,27,338,886,1.000000,1.000000,1.000000,1.000000,0,0,1,1
1226,29,339,886,1.000000,1.000000,1.000000,1.000000,0,0,1,1
1227,27,339,887,1.000000,1.000000,1.000000,1.000000,0,0,0,1
1228,29,340,887,1.000000,1.000000,1.000000,1.000000,0,0,0,1
1229,27,340,888,1.000000,1.000000,1.000000,1.000000,0,0,0,1
1230,25,340,889,1.000000,1.000000,1.000000,1.000000,0,0,0,1
1231,23,340,890,1.000000,1.000000,1.000000,1.000000,1,0,0,0
1232,21,340,891,1.000000,1.000000,1.000000,1.000000,1,0,1,0
1233,19,340,892,1.000000,1.000000,1.000000,1.000000,0,0,1,0
1234,29,341,892,1.000000,1.000000,1.000000,1.000000,0,0,1,0
1235,27,341,893,1.000000,1.000000,1.000000,1.000000,0,0,1,0
1236,25,341,894,1.000000,1.000000,1.000000,1.000000,1,0,0,0
1237,23,341,895,1.000000,1.000000,1.000000,1.000000,0,0,1,0
1238,29,342,895,1.000000,1.000000,1.000000,1.000000,0,0,1,0
1239,27,342,896,1.000000,1.000000,1.000000,1.000000,0,0,0,1
1240,25,342,897,1.000000,1.000000,1.000000,1.000000,0,0,0,0
1241,29,343,897,1.000000,1.000000,1.000000,1.000000,0,0,0,0
1242,27,343,898,1.000000,1.000000,1.000000,1.000000,1,0,0,0
1243,25,343,899,1.000000,1.000000,1.000000,1.000000,0,0,0,0
1244,29,344,899,1.000000,1.000000,1.000000,1.000000,0,0,0,0
1245,27,344,900,1.000000,1.000000,1.000000,1.000000,0,1,0,0
1246,25,344,901,1.000000,1.000000,1.000000,1.000000,1,0,0,0
1247,29,345,901,1.000000,1.000000,1.000000,1.000000,1,0,0,0
1248,27,345,902,1.000000,1.000000,1.000000,1.000000,1,0,0,0
1249,29,346,902,1.000000,1.000000,1.000000,1.000000,1,0,0,0
1250,27,346,903,1.000000,1.000000,1.000000,1.000000,0,0,0,1
1251,29,347,903,1.000000,1.000000,1.000000,1.000000,0,0,0,1
1252,27,347,904,1.000000,1.000000,1.000000,1.000000,0,0,0,0
1253,29,348,904,1.000000,1.000000,1.000000,1.000000,0,0,0,0
1254,27,348,905,1.000000,1.000000,1.000000,1.000000,0,0,0,0
1255,25,348,906,1.000000,1.000000,1.000000,1.000000,0,0,0,0
1256,23,348,907,1.000000,1.000000,1.000000,1.000000,0,0,0,0
1257,21,348,908,1.000000,1.000000,1.000000,1.000000,0,0,0,0
1258,19,348,909,1.000000,1.000000,1.000000,1.000000,0,0,0,0
1259,17,348,910,1.000000,1.000000,1.000000,1.000000,0,0,0,0
1260,15,348,911,1.000000,1.000000,1.000000,1.000000,0,0,0,0
1261,13,348,912,1.000000,1.000000,1.000000,1.000000,1,1,0,0
1262,11,348,913,1.000000,1.000000,1.000000,1.000000,1,0,0,0
1263,29,349,913,1.000000,1.000000,1.000000,1.000000,1,0,0,0
1264,27,349,914,1.000000,1.000000,1.000000,1.000000,1,0,0,1
1265,29,350,914,1.000000,1.000000,1.000000,1.000000,1,0,0,1
1266,27,350,915,1.000000,1.000000,1.000000,1.000000,0,0,0,1
1267,29,351,915,1.000000,1.000000,1.000000,1.000000,0,0,0,1
1268,27,351,916,1.000000,1.000000,1.000000,1.000000,0,0,1,0
1269,25,351,917,1.000000,1.000000,1.000000,1.000000,1,0,0,0
1270,29,352,917,1.000000,1.000000,1.000000,1.000000,1,0,0,0
1271,27,352,918,1.000000,1.000000,1.000000,1.000000,0,0,0,0
1272,29,353,918,1.000000,1.000000,1.000000,1.000000,0,0,0,0
1273,27,353,919,1.000000,1.000000,1.000000,1.000000,0,0,0,0
1274,25,353,920,1.000000,1.000000,1.000000,1.000000,0,0,0,1
1275,23,353,921,1.000000,1.000000,1.000000,1.000000,0,0,1,1
1276,29,354,921,1.000000,1.000000,1.000000,1.000000,0,0,1,1
1277,27,354,922,1.000000,1.000000,1.000000,1.000000,0,0,0,0
1278,29,355,922,1.000000,1.000000,1.000000,1.000000,0,0,0,0
1279,27,355,923,1.000000,1.000000,1.000000,1.000000,0,1,0,0
1280,25,355,924,1.000000,1.000000,1.000000,1.000000,0,0,0,0
1281,23,355,925,1.000000,1.000000,1.000000,1.000000,0,1,0,0
1282,21,355,926,1.000000,1.000000,1.000000,1.000000,0,0,1,0
1283,19,355,927,1.000000,1.000000,1.000000,1.000000,1,0,0,0
1284,17,355,928,1.000000,1.000000,1.000000,1.000000,0,0,1,0
1285,29,356,928,1.000000,1.000000,1.000000,1.000000,0,0,1,0
1286,27,356,929,1.000000,1.000000,1.000000,1.000000,0,0,0,0
1287,29,357,929,1.000000,1.000000,1.000000,1.000000,0,0,0,0
1288,27,357,930,1.000000,1.000000,1.000000,1.000000,0,0,0,0
1289,25,357,931,1.000000,1.000000,1.000000,1.000000,0,0,0,0
1290,23,357,932,1.000000,1.000000,1.000000,1.000000,0,1,0,0
1291,21,357,933,1.000000,1.000000,1.000000,1.000000,0,0,0,0
1292,19,357,934,1.000000,1.000000,1.000000,1.000000,0,1,0,0
1293,29,358,934,1.000000,1.000000,1.000000,1.000000,0,1,0,0
1294,27,358,935,1.000000,1.000000,1.000000,1.000000,0,0,0,0
1295,29,359,935,1.000000,1.000000,1.000000,1.000000,0,0,0,0
1296,27,359,936,1.000000,1.000000,1.000000,1.000000,0,0,0,0
1297,25,359,937,1.000000,1.000000,1.000000,1.000000,0,0,0,0
1298,23,359,938,1.000000,1.000000,1.000000,1.000000,0,0,0,0
1299,21,359,939,1.000000,1.000000,1.000000,1.000000,1,0,0,1
1300,19,359,940,1.000000,1.000000,1.000000,1.000000,0,0,0,0
1301,29,360,940,1.000000,1.000000,1.000000,1.000000,0,0,0,0
1302,27,360,941,1.000000,1.000000,1.000000,1.000000,0,0,0,0
1303,25,360,942,1.000000,1.000000,1.000000,1.000000,0,0,0,0
1304,23,360,943,1.000000,1.000000,1.000000,1.000000,0,1,0,0
1305,21,360,944,1.000000,1.000000,1.000000,1.000000,0,0,1,0
1306,29,361,944,1.000000,1.000000,1.000000,1.000000,0,0,1,0
1307,27,361,945,1.000000,1.000000,1.000000,1.000000,0,0,0,0
1308,29,362,945,1.000000,1.000000,1.000000,1.000000,0,0,0,0
1309,27,362,946,1.000000,1.000000,1.000000,1.000000,0,0,0,1
1310,25,362,947,1.000000,1.000000,1.000000,1.000000,0,0,0,0
1311,29,363,947,1.000000,1.000000,1.000000,1.000000,0,0,0,0
1312,27,363,948,1.000000,1.000000,1.000000,1.000000,0,0,0,0
1313,25,363,949,1.000000,1.000000,1.000000,1.000000,1,0,0,0
1314,23,363,950,1.000000,1.000000,1.000000,1.000000,0,1,0,0
1315,29,364,950,1.000000,1.000000,1.000000,1.000000,0,1,0,0
1316,27,364,951,1.000000,1.000000,1.000000,1.000000,0,0,0,0
1317,29,365,951,1.000000,1.000000,1.000000,1.000000,0,0,0,0
1318,27,365,952,1.000000,1.000000,1.000000,1.000000,0,0,0,0
1319,25,365,953,1.000000,1.000000,1.000000,1.000000,0,0,0,0
1320,23,365,954,1.000000,1.000000,1.000000,1.000000,0,0,0,0
1321,29,366,954,1.000000,1.000000,1.000000,1.000000,0,0,0,0
1322,27,366,955,1.000000,1.000000,1.000000,1.000000,0,0,0,0
1323,25,366,956,1.000000,1.000000,1.000000,1.000000,0,0,0,0
1324,23,366,957,1.000000,1.000000,1.000000,1.000000,0,0,0,0
1325,21,366,958,1.000000,1.000000,1.000000,1.000000,0,0,0,0
1326,19,366,959,1.000000,1.000000,1.000000,1.000000,0,0,1,0
1327,17,366,960,1.000000,1.000000,1.000000,1.000000,0,0,0,0
1328,15,366,961,1.000000,1.000000,1.000000,1.000000,1,0,0,1
1329,13,366,962,1.000000,1.000000,1.000000,1.000000,1,0,0,0
1330,29,367,962,1.000000,1.000000,1.000000,1.000000,1,0,0,0
1331,27,367,963,1.000000,1.000000,1.000000,1.000000,0,1,0,1
1332,29,368,963,1.000000,1.000000,1.000000,1.000000,0,1,0,1
1333,27,368,964,1.000000,1.000000,1.000000,1.000000,0,0,0,1
1334,29,369,964,1.000000,1.000000,1.000000,1.000000,0,0,0,1
1335,27,369,965,1.000000,1.000000,1.000000,1.000000,0,0,1,0
1336,25,369,966,1.000000,1.000000,1.000000,1.000000,1,0,1,0
1337,23,369,967,1.000000,1.000000,1.000000,1.000000,0,0,1,0
1338,29,370,967,1.000000,1.000000,1.000000,1.000000,0,0,1,0
1339,27,370,968,1.000000,1.000000,1.000000,1.000000,0,0,1,0
1340,25,370,969,1.000000,1.000000,1.000000,1.000000,1,0,0,0
1341,29,371,969,1.000000,1.000000,1.000000,1.000000,1,0,0,0
1342,27,371,970,1.000000,1.000000,1.000000,1.000000,0,0,0,0
1343,29,372,970,1.000000,1.000000,1.000000,1.000000,0,0,0,0
1344,27,372,971,1.000000,1.000000,1.000000,1.000000,0,1,0,0
1345,25,372,972,1.000000,1.000000,1.000000,1.000000,0,0,0,0
1346,29,373,972,1.000000,1.000000,1.000000,1.000000,1,0,0,0
1347,27,373,973,1.000000,1.000000,1.000000,1.000000,0,1,0,0
1348,29,374,973,1.000000,1.000000,1.000000,1.000000,0,1,0,1
1349,27,374,974,1.000000,1.000000,1.000000,1.000000,0,0,0,0
1350,29,375,974,1.000000,1.000000,1.000000,1.000000,0,0,0,0
1351,27,375,975,1.000000,1.000000,1.000000,1.000000,0,0,0,0
1352,25,375,976,1.000000,1.000000,1.000000,1.000000,0,0,0,1
1353,23,375,977,1.000000,1.000000,1.000000,1.000000,0,0,0,0
1354,29,376,977,1.000000,1.000000,1.000000,1.000000,0,0,0,0
1355,27,376,978,1.000000,1.000000,1.000000,1.000000,0,0,1,0
1356,25,376,979,1.000000,1.000000,1.000000,1.000000,0,0,0,0
1357,29,377,979,1.000000,1.000000,1.000000,1.000000,1,0,0,0
1358,27,377,980,1.000000,1.000000,1.000000,1.000000,0,0,0,0
1359,29,378,980,1.000000,1.000000,1.000000,1.000000,0,0,0,0
1360,27,378,981,1.000000,1.000000,1.000000,1.000000,0,0,0,0
1361,25,378,982,1.000000,1.000000,1.000000,1.000000,0,0,0,0
1362,23,378,983,1.000000,1.000000,1.000000,1.000000,0,0,0,0
1363,21,378,984,1.000000,1.000000,1.000000,1.000000,0,0,0,0
1364,19,378,985,1.000000,1.000000,1.000000,1.000000,0,0,0,0
1365,17,378,986,1.000000,1.000000,1.000000,1.000000,0,0,0,0
1366,15,378,987,1.000000,1.000000,1.000000,1.000000,0,1,0,0
1367,13,378,988,1.000000,1.000000,1.000000,1.000000,0,1,0,0
1368,29,379,988,1.000000,1.000000,1.000000,1.000000,0,1,0,1
1369,27,379,989,1.000000,1.000000,1.000000,1.000000,0,1,1,0
1370,29,380,989,1.000000,1.000000,1.000000,1.000000,0,1,1,0
1371,27,380,990,1.000000,1.000000,1.000000,1.000000,0,0,0,0
1372,29,381,990,1.000000,1.000000,1.000000,1.000000,0,0,0,0
1373,27,381,991,1.000000,1.000000,1.000000,1.000000,0,1,0,0
1374,25,381,992,1.000000,1.000000,1.000000,1.000000,0,0,0,0
1375,29,382,992,1.000000,1.000000,1.000000,1.000000,0,0,0,0
1376,27,382,993,1.000000,1.000000,1.000000,1.000000,1,0,0,0
1377,25,382,994,1.000000,1.000000,1.000000,1.000000,1,0,0,0
1378,29,383,994,1.000000,1.000000,1.000000,1.000000,1,0,0,0
1379,27,383,995,1.000000,1.000000,1.000000,1.000000,1,1,0,0
1380,29,384,995,1.000000,1.000000,1.000000,1.000000,1,1,0,0
1381,27,384,996,1.000000,1.000000,1.000000,1.000000,0,0,0,0
1382,29,385,996,1.000000,1.000000,1.000000,1.000000,0,0,0,0
1383,27,385,997,1.000000,1.000000,1.000000,1.000000,1,1,0,1
1384,25,385,998,1.000000,1.000000,1.000000,1.000000,0,0,0,0
1385,29,386,998,1.000000,1.000000,1.000000,1.000000,0,0,0,0
1386,27,386,999,1.000000,1.000000,1.000000,1.000000,1,0,0,0
1387,25,386,1000,1.000000,1.000000,1.000000,1.000000,0,0,0,0
1388,29,387,1000,1.000000,1.000000,1.000000,1.000000,0,0,0,0
1389,27,387,1001,1.000000,1.000000,1.000000,1.000000,0,1,0,1
1390,25,387,1002,1.000000,1.000000,1.000000,1.000000,1,0,0,0
1391,29,388,1002,1.000000,1.000000,1.000000,1.000000,1,0,0,0
1392,27,388,1003,1.000000,1.000000,1.000000,1.000000,0,0,0,1
1393,29,389,1003,1.000000,1.000000,1.000000,1.000000,0,0,0,1
1394,27,389,1004,1.000000,1.000000,1.000000,1.000000,0,0,0,1
1395,29,390,1004,1.000000,1.000000,1.000000,1.000000,0,0,0,1
1396,27,390,1005,1.000000,1.000000,1.000000,1.000000,0,0,0,0
1397,29,391,1005,1.000000,1.000000,1.000000,1.000000,0,0,0,0
1398,27,391,1006,1.000000,1.000000,1.000000,1.000000,0,0,0,0
1399,25,391,1007,1.000000,1.000000,1.000000,1.000000,0,0,0,0
1400,23,391,1008,1.000000,1.000000,1.000000,1.000000,0,0,0,0
1401,21,391,1009,1.000000,1.000000,1.000000,1.000000,0,0,0,0
1402,19,391,1010,1.000000,1.000000,1.000000,1.000000,0,0,0,0
1403,17,391,1011,1.000000,1.000000,1.000000,1.000000,0,1,0,0
1404,15,391,1012,1.000000,1.000000,1.000000,1.000000,0,0,0,0
1405,29,392,1012,1.000000,1.000000,1.000000,1.000000,0,0,0,0
1406,27,392,1013,1.000000,1.000000,1.000000,1.000000,0,1,0,1
1407,25,392,1014,1.000000,1.000000,1.000000,1.000000,1,0,0,0
1408,29,393,1014,1.000000,1.000000,1.000000,1.000000,1,0,0,0
1409,27,393,1015,1.000000,1.000000,1.000000,1.000000,0,0,0,1
1410,29,394,1015,1.000000,1.000000,1.000000,1.000000,0,0,0,1
1411,27,394,1016,1.000000,1.000000,1.000000,1.000000,0,0,0,1
1412,29,395,1016,1.000000,1.000000,1.000000,1.000000,0,0,0,1
1413,27,395,1017,1.000000,1.000000,1.000000,1.000000,0,0,0,0
1414,25,395,1018,1.000000,1.000000,1.000000,1.000000,0,0,0,0
1415,23,395,1019,1.000000,1.000000,1.000000,1.000000,0,0,0,0
1416,21,395,1020,1.000000,1.000000,1.000000,1.000000,1,0,0,0
1417,19,395,1021,1.000000,1.000000,1.000000,1.000000,0,0,0,0
1418,29,396,1021,1.000000,1.000000,1.000000,1.000000,0,0,0,0
1419,27,396,1022,1.000000,1.000000,1.000000,1.000000,0,0,0,0
1420,25,396,1023,1.000000,1.000000,1.000000,1.000000,0,0,0,1
1421,23,396,1024,1.000000,1.000000,1.000000,1.000000,0,0,0,0
1422,29,397,1024,1.000000,1.000000,1.000000,1.000000,0,0,0,0
1423,27,397,1025,1.000000,1.000000,1.000000,1.000000,0,0,0,0
1424,25,397,1026,1.000000,1.000000,1.000000,1.000000,0,0,0,0
1425,23,397,1027,1.000000,1.000000,1.000000,1.000000,0,0,1,0
1426,21,397,1028,1.000000,1.000000,1.000000,1.000000,0,0,0,0
1427,29,398,1028,1.000000,1.000000,1.000000,1.000000,0,0,0,0
1428,27,398,1029,1.000000,1.000000,1.000000,1.000000,0,0,0,0
1429,25,398,1030,1.000000,1.000000,1.000000,1.000000,0,0,0,0
1430,23,398,1031,1.000000,1.000000,1.000000,1.000000,0,0,0,0
1431,21,398,1032,1.000000,1.000000,1.000000,1.000000,0,0,0,0
1432,19,398,1033,1.000000,1.000000,1.000000,1.000000,0,0,0,0
1433,17,398,1034,1.000000,1.000000,1.000000,1.000000,0,0,0,0
1434,15,398,1035,1.000000,1.000000,1.000000,1.000000,0,0,0,0
1435,13,398,1036,1.000000,1.000000,1.000000,1.000000,0,0,0,0
1436,11,398,1037,1.000000,1.000000,1.000000,1.000000,0,0,0,0
1437,9,398,1038,1.000000,1.000000,1.000000,1.000000,0,0,0,0
1438,7,398,1039,1.000000,1.000000,1.000000,1.000000,0,0,0,0
1439,5,398,1040,1.000000,1.000000,1.000000,1.000000,1,0,0,0
1440,3,398,1041,1.000000,1.000000,1.000000,1.000000,0,1,0,0
1441,29,399,1041,1.000000,1.000000,1.000000,1.000000,0,1,0,0
1442,27,399,1042,1.000000,1.000000,1.000000,1.000000,0,1,0,0
1443,29,400,1042,1.000000,1.000000,1.000000,1.000000,0,1,0,0
1444,27,400,1043,1.000000,1.000000,1.000000,1.000000,0,0,1,0
1445,25,400,1044,1.000000,1.000000,1.000000,1.000000,1,0,0,0
1446,23,400,1045,1.000000,1.000000,1.000000,1.000000,0,0,1,0
1447,21,400,1046,1.000000,1.000000,1.000000,1.000000,1,0,0,0
1448,29,401,1046,1.000000,1.000000,1.000000,1.000000,1,0,0,0
1449,27,401,1047,1.000000,1.000000,1.000000,1.000000,0,0,0,0
1450,25,401,1048,1.000000,1.000000,1.000000,1.000000,0,0,0,1
1451,23,401,1049,1.000000,1.000000,1.000000,1.000000,0,0,0,0
1452,29,402,1049,1.000000,1.000000,1.000000,1.000000,0,0,0,0
1453,27,402,1050,1.000000,1.000000,1.000000,1.000000,0,0,0,0
1454,25,402,1051,1.000000,1.000000,1.000000,1.000000,0,1,1,0
1455,23,402,1052,1.000000,1.000000,1.000000,1.000000,0,0,0,0
1456,29,403,1052,1.000000,1.000000,1.000000,1.000000,0,0,0,0
1457,27,403,1053,1.000000,1.000000,1.000000,1.000000,0,0,0,0
1458,25,403,1054,1.000000,1.000000,1.000000,1.000000,0,1,0,0
1459,23,403,1055,1.000000,1.000000,1.000000,1.000000,1,1,0,0
1460,21,403,1056,1.000000,1.000000,1.000000,1.000000,0,0,1,0
1461,19,403,1057,1.000000,1.000000,1.000000,1.000000,1,1,0,0
1462,29,404,1057,1.000000,1.000000,1.000000,1.000000,1,1,0,0
1463,27,404,1058,1.000000,1.000000,1.000000,1.000000,0,0,1,0
1464,29,405,1058,1.000000,1.000000,1.000000,1.000000,0,0,1,0
1465,27,405,1059,1.000000,1.000000,1.000000,1.000000,0,0,0,0
1466,29,406,1059,1.000000,1.000000,1.000000,1.000000,0,0,0,0
1467,27,406,1060,1.000000,1.000000,1.000000,1.000000,0,0,0,0
1468,25,406,1061,1.000000,1.000000,1.000000,1.000000,0,0,1,1
1469,23,406,1062,1.000000,1.000000,1.000000,1.000000,0,0,0,0
1470,29,407,1062,1.000000,1.000000,1.000000,1.000000,0,0,0,0
1471,27,407,1063,1.000000,1.000000,1.000000,1.000000,0,0,1,0
1472,25,407,1064,1.000000,1.000000,1.000000,1.000000,0,0,0,0
1473,29,408,1064,1.000000,1.000000,1.000000,1.000000,0,0,0,0
1474,27,408,1065,1.000000,1.000000,1.000000,1.000000,0,0,0,0
1475,25,408,1066,1.000000,1.000000,1.000000,1.000000,0,1,0,0
1476,23,408,1067,1.000000,1.000000,1.000000,1.000000,1,1,0,0
1477,29,409,1067,1.000000,1.000000,1.000000,1.000000,1,1,0,0
1478,27,409,1068,1.000000,1.000000,1.000000,1.000000,0,0,0,0
1479,29,410,1068,1.000000,1.000000,1.000000,1.000000,0,0,0,0
1480,27,410,1069,1.000000,1.000000,1.000000,1.000000,0,0,0,1
1481,25,410,1070,1.000000,1.000000,1.000000,1.000000,0,0,0,0
1482,29,411,1070,1.000000,1.000000,1.000000,1.000000,0,0,0,0
1483,27,411,1071,1.000000,1.000000,1.000000,1.000000,0,0,0,0
1484,25,411,1072,1.000000,1.000000,1.000000,1.000000,0,0,0,0
1485,23,411,1073,1.000000,1.000000,1.000000,1.000000,0,0,0,0
1486,21,411,1074,1.000000,1.000000,1.000000,1.000000,0,0,0,0
1487,19,411,1075,1.000000,1.000000,1.000000,1.000000,0,0,1,0
1488,17,411,1076,1.000000,1.000000,1.000000,1.000000,0,0,0,0
1489,29,412,1076,1.000000,1.000000,1.000000,1.000000,0,0,0,0
1490,27,412,1077,1.000000,1.000000,1.000000,1.000000,0,0,1,0
1491,25,412,1078,1.000000,1.000000,1.000000,1.000000,0,1,1,0
1492,29,413,1078,1.000000,1.000000,1.000000,1.000000,0,1,1,0
1493,27,413,1079,1.000000,1.000000,1.000000,1.000000,0,1,0,0
1494,25,413,1080,1.000000,1.000000,1.000000,1.000000,1,0,1,1
1495,29,414,1080,1.000000,1.000000,1.000000,1.000000,1,0,1,1
1496,27,414,1081,1.000000,1.000000,1.000000,1.000000,0,0,0,0
1497,29,415,1081,1.000000,1.000000,1.000000,1.000000,0,0,0,0
1498,27,415,1082,1.000000,1.000000,1.000000,1.000000,1,0,0,1
1499,25,415,1083,1.000000,1.000000,1.000000,1.000000,0,0,0,0
1500,29,416,1083,1.000000,1.000000,1.000000,1.000000,0,0,0,0
1501,27,416,1084,1.000000,1.000000,1.000000,1.000000,0,1,0,0
1502,25,416,1085,1.000000,1.000000,1.000000,1.000000,0,0,0,0
1503,23,416,1086,1.000000,1.000000,1.000000,1.000000,0,0,0,1
1504,21,416,1087,1.000000,1.000000,1.000000,1.000000,0,0,0,0
1505,19,416,1088,1.000000,1.000000,1.000000,1.000000,0,1,0,0
1506,17,416,1089,1.000000,1.000000,1.000000,1.000000,0,0,0,0
1507,29,417,1089,1.000000,1.000000,1.000000,1.000000,0,0,0,0
1508,27,417,1090,1.000000,1.000000,1.000000,1.000000,0,0,1,0
1509,25,417,1091,1.000000,1.000000,1.000000,1.000000,0,0,1,0
1510,23,417,1092,1.000000,1.000000,1.000000,1.000000,1,0,0,1
1511,29,418,1092,1.000000,1.000000,1.000000,1.000000,1,0,0,1
1512,27,418,1093,1.000000,1.000000,1.000000,1.000000,0,0,0,0
1513,29,419,1093,1.000000,1.000000,1.000000,1.000000,0,0,0,0
1514,27,419,1094,1.000000,1.000000,1.000000,1.000000,0,0,0,1
1515,25,419,1095,1.000000,1.000000,1.000000,1.000000,1,0,0,0
1516,29,420,1095,1.000000,1.000000,1.000000,1.000000,1,0,0,0
1517,27,420,1096,1.000000,1.000000,1.000000,1.000000,1,0,0,1
1518,25,420,1097,1.000000,1.000000,1.000000,1.000000,0,0,1,1
1519,29,421,1097,1.000000,1.000000,1.000000,1.000000,0,0,1,1
1520,27,421,1098,1.000000,1.000000,1.000000,1.000000,0,0,0,1
1521,29,422,1098,1.000000,1.000000,1.000000,1.000000,0,0,0,1
1522,27,422,1099,1.000000,1.000000,1.000000,1.000000,1,0,0,0
1523,29,423,1099,1.000000,1.000000,1.000000,1.000000,1,0,0,0
1524,27,423,1100,1.000000,1.000000,1.000000,1.000000,0,0,0,0
1525,29,424,1100,1.000000,1.000000,1.000000,1.000000,0,0,0,0
1526,27,424,1101,1.000000,1.000000,1.000000,1.000000,0,0,0,1
1527,25,424,1102,1.000000,1.000000,1.000000,1.000000,0,0,0,0
1528,29,425,1102,1.000000,1.000000,1.000000,1.000000,0,0,0,0
1529,27,425,1103,1.000000,1.000000,1.000000,1.000000,0,0,0,0
1530,25,425,1104,1.000000,1.000000,1.000000,1.000000,0,0,0,0
1531,23,425,1105,1.000000,1.000000,1.000000,1.000000,0,0,0,0
1532,21,425,1106,1.000000,1.000000,1.000000,1.000000,0,0,0,0
1533,19,425,1107,1.000000,1.000000,1.000000,1.000000,0,0,0,0
1534,17,425,1108,1.000000,1.000000,1.000000,1.000000,0,0,0,0
1535,15,425,1109,1.000000,1.000000,1.000000,1.000000,0,0,0,0
1536,13,425,1110,1.000000,1.000000,1.000000,1.000000,0,1,0,0
1537,11,425,1111,1.000000,1.000000,1.000000,1.000000,1,1,0,0
1538,9,425,1112,1.000000,1.000000,1.000000,1.000000,0,0,1,0
1539,29,426,1112,1.000000,1.000000,1.000000,1.000000,0,0,1,0
1540,27,426,1113,1.000000,1.000000,1.000000,1.000000,0,1,0,0
1541,29,427,1113,1.000000,1.000000,1.000000,1.000000,0,1,0,0
1542,27,427,1114,1.000000,1.000000,1.000000,1.000000,0,0,0,0
1543,29,428,1114,1.000000,1.000000,1.000000,1.000000,0,0,0,0
1544,27,428,1115,1.000000,1.000000,1.000000,1.000000,0,0,0,0
1545,25,428,1116,1.000000,1.000000,1.000000,1.000000,0,0,0,0
1546,23,428,1117,1.000000,1.000000,1.000000,1.000000,0,0,0,0
1547,21,428,1118,1.000000,1.000000,1.000000,1.000000,1,0,0,0
1548,19,428,1119,1.000000,1.000000,1.000000,1.000000,0,0,0,0
1549,29,429,1119,1.000000,1.000000,1.000000,1.000000,0,0,0,0
1550,27,429,1120,1.000000,1.000000,1.000000,1.000000,0,0,0,0
1551,25,429,1121,1.000000,1.000000,1.000000,1.000000,0,0,0,1
1552,23,429,1122,1.000000,1.000000,1.000000,1.000000,1,0,0,0
1553,21,429,1123,1.000000,1.000000,1.000000,1.000000,0,0,1,1
1554,29,430,1123,1.000000,1.000000,1.000000,1.000000,0,0,1,1
1555,27,430,1124,1.000000,1.000000,1.000000,1.000000,0,0,0,0
1556,29,431,1124,1.000000,1.000000,1.000000,1.000000,0,0,0,0
1557,27,431,1125,1.000000,1.000000,1.000000,1.000000,0,0,0,1
1558,25,431,1126,1.000000,1.000000,1.000000,1.000000,0,0,1,1
1559,29,432,1126,1.000000,1.000000,1.000000,1.000000,0,0,1,1
1560,27,432,1127,1.000000,1.000000,1.000000,1.000000,1,0,0,0
1561,25,432,1128,1.000000,1.000000,1.000000,1.000000,0,0,1,0
1562,29,433,1128,1.000000,1.000000,1.000000,1.000000,0,0,1,0
1563,27,433,1129,1.000000,1.000000,1.000000,1.000000,0,0,0,0
1564,29,434,1129,1.000000,1.000000,1.000000,1.000000,0,0,0,0
1565,27,434,1130,1.000000,1.000000,1.000000,1.000000,0,0,1,0
1566,25,434,1131,1.000000,1.000000,1.000000,1.000000,0,0,0,0
1567,29,435,1131,1.000000,1.000000,1.000000,1.000000,0,0,0,0
1568,27,435,1132,1.000000,1.000000,1.000000,1.000000,0,0,0,0
1569,25,435,1133,1.000000,1.000000,1.000000,1.000000,0,0,1,1
1570,23,435,1134,1.000000,1.000000,1.000000,1.000000,0,0,0,0
1571,29,436,1134,1.000000,1.000000,1.000000,1.000000,0,0,0,0
1572,27,436,1135,1.000000,1.000000,1.000000,1.000000,1,0,1,1
1573,25,436,1136,1.000000,1.000000,1.000000,1.000000,0,0,0,0
1574,29,437,1136,1.000000,1.000000,1.000000,1.000000,0,0,0,0
1575,27,437,1137,1.000000,1.000000,1.000000,1.000000,0,0,1,1
1576,25,437,1138,1.000000,1.000000,1.000000,1.000000,1,0,0,0
1577,29,438,1138,1.000000,1.000000,1.000000,1.000000,1,0,0,0
1578,27,438,1139,1.000000,1.000000,1.000000,1.000000,0,0,0,1
1579,29,439,1139,1.000000,1.000000,1.000000,1.000000,0,0,0,1
1580,27,439,1140,1.000000,1.000000,1.000000,1.000000,0,0,0,1
1581,25,439,1141,1.000000,1.000000,1.000000,1.000000,0,1,0,0
1582,29,440,1141,1.000000,1.000000,1.000000,1.000000,0,1,0,0
1583,27,440,1142,1.000000,1.000000,1.000000,1.000000,0,0,0,0
1584,29,441,1142,1.000000,1.000000,1.000000,1.000000,0,0,0,0
1585,27,441,1143,1.000000,1.000000,1.000000,1.000000,0,0,0,0
1586,25,441,1144,1.000000,1.000000,1.000000,1.000000,0,0,0,0
1587,23,441,1145,1.000000,1.000000,1.000000,1.000000,0,0,0,0
1588,21,441,1146,1.000000,1.000000,1.000000,1.000000,0,0,0,0
1589,19,441,1147,1.000000,1.000000,1.000000,1.000000,0,0,0,1
1590,17,441,1148,1.000000,1.000000,1.000000,1.000000,0,0,0,0
1591,29,442,1148,1.000000,1.000000,1.000000,1.000000,0,0,0,0
1592,27,442,1149,1.000000,1.000000,1.000000,1.000000,0,0,0,1
1593,25,442,1150,1.000000,1.000000,1.000000,1.000000,1,0,0,0
1594,29,443,1150,1.000000,1.000000,1.000000,1.000000,1,0,0,0
1595,27,443,1151,1.000000,1.000000,1.000000,1.000000,0,0,0,1
1596,29,444,1151,1.000000,1.000000,1.000000,1.000000,0,0,0,1
1597,27,444,1152,1.000000,1.000000,1.000000,1.000000,0,0,0,1
1598,29,445,1152,1.000000,1.000000,1.000000,1.000000,0,0,0,1
1599,27,445,1153,1.000000,1.000000,1.000000,1.000000,0,0,0,1
1600,29,446,1153,1.000000,1.000000,1.000000,1.000000,0,0,0,1
1601,27,446,1154,1.000000,1.000000,1.000000,1.000000,0,0,0,0
1602,29,447,1154,1.000000,1.000000,1.000000,1.000000,0,0,0,0
1603,27,447,1155,1.000000,1.000000,1.000000,1.000000,0,0,1,0
1604,25,447,1156,1.000000,1.000000,1.000000,1.000000,0,0,0,1
1605,23,447,1157,1.000000,1.000000,1.000000,1.000000,0,1,0,1
1606,29,448,1157,1.000000,1.000000,1.000000,1.000000,0,1,0,1
1607,27,448,1158,1.000000,1.000000,1.000000,1.000000,0,0,0,0
1608,29,449,1158,1.000000,1.000000,1.000000,1.000000,0,0,0,0
1609,27,449,1159,1.000000,1.000000,1.000000,1.000000,0,0,1,0
1610,25,449,1160,1.000000,1.000000,1.000000,1.000000,0,0,0,0
1611,29,450,1160,1.000000,1.000000,1.000000,1.000000,0,0,0,0
1612,27,450,1161,1.000000,1.000000,1.000000,1.000000,0,0,0,0
1613,25,450,1162,1.000000,1.000000,1.000000,1.000000,0,0,0,0
1614,23,450,1163,1.000000,1.000000,1.000000,1.000000,0,0,0,0
1615,21,450,1164,1.000000,1.000000,1.000000,1.000000,0,0,0,0
1616,19,450,1165,1.000000,1.000000,1.000000,1.000000,0,0,0,0
1617,17,450,1166,1.000000,1.000000,1.000000,1.000000,0,0,0,0
1618,15,450,1167,1.000000,1.000000,1.000000,1.000000,0,0,0,0
1619,13,450,1168,1.000000,1.000000,1.000000,1.000000,0,0,0,0
1620,11,450,1169,1.000000,1.000000,1.000000,1.000000,0,0,0,1
1621,9,450,1170,1.000000,1.000000,1.000000,1.000000,0,0,0,1
1622,29,451,1170,1.000000,1.000000,1.000000,1.000000,0,0,0,1
1623,27,451,1171,1.000000,1.000000,1.000000,1.000000,0,0,0,0
1624,25,451,1172,1.000000,1.000000,1.000000,1.000000,1,0,0,0
1625,23,451,1173,1.000000,1.000000,1.000000,1.000000,1,0,0,0
1626,29,452,1173,1.000000,1.000000,1.000000,1.000000,1,0,0,0
1627,27,452,1174,1.000000,1.000000,1.000000,1.000000,0,0,0,1
1628,29,453,1174,1.000000,1.000000,1.000000,1.000000,0,0,0,1
1629,27,453,1175,1.000000,1.000000,1.000000,1.000000,0,0,0,0
1630,29,454,1175,1.000000,1.000000,1.000000,1.000000,0,0,0,0
1631,27,454,1176,1.000000,1.000000,1.000000,1.000000,0,0,0,0
1632,25,454,1177,1.000000,1.000000,1.000000,1.000000,0,0,0,0
1633,23,454,1178,1.000000,1.000000,1.000000,1.000000,0,0,0,0
1634,21,454,1179,1.000000,1.000000,1.000000,1.000000,0,0,0,0
1635,19,454,1180,1.000000,1.000000,1.000000,1.000000,0,0,0,0
1636,17,454,1181,1.000000,1.000000,1.000000,1.000000,0,0,0,0
1637,15,454,1182,1.000000,1.000000,1.000000,1.000000,0,0,0,0
1638,13,454,1183,1.000000,1.000000,1.000000,1.000000,0,0,0,0
1639,11,454,1184,1.000000,1.000000,1.000000,1.000000,0,0,0,0
1640,9,454,1185,1.000000,1.000000,1.000000,1.000000,0,0,1,0
1641,7,454,1186,1.000000,1.000000,1.000000,1.000000,0,0,0,0
1642,29,455,1186,1.000000,1.000000,1.000000,1.000000,0,0,0,0
1643,27,455,1187,1.000000,1.000000,1.000000,1.000000,0,1,0,1
1644,25,455,1188,1.000000,1.000000,1.000000,1.000000,0,0,0,0
1645,29,456,1188,1.000000,1.000000,1.000000,1.000000,0,0,0,0
1646,27,456,1189,1.000000,1.000000,1.000000,1.000000,0,0,0,0
1647,25,456,1190,1.000000,1.000000,1.000000,1.000000,0,0,0,0
1648,23,456,1191,1.000000,1.000000,1.000000,1.000000,0,0,0,1
1649,21,456,1192,1.000000,1.000000,1.000000,1.000000,0,0,0,0
1650,19,456,1193,1.000000,1.000000,1.000000,1.000000,0,0,0,1
1651,17,456,1194,1.000000,1.000000,1.000000,1.000000,0,0,0,0
1652,29,457,1194,1.000000,1.000000,1.000000,1.000000,0,0,0,0
1653,27,457,1195,1.000000,1.000000,1.000000,1.000000,0,0,0,0
1654,25,457,1196,1.000000,1.000000,1.000000,1.000000,0,0,0,0
1655,23,457,1197,1.000000,1.000000,1.000000,1.000000,0,0,0,0
1656,21,457,1198,1.000000,1.000000,1.000000,1.000000,0,0,1,0
1657,19,457,1199,1.000000,1.000000,1.000000,1.000000,0,0,0,1
1658,17,457,1200,1.000000,1.000000,1.000000,1.000000,0,1,0,0
1659,15,457,1201,1.000000,1.000000,1.000000,1.000000,0,0,0,1
1660,29,458,1201,1.000000,1.000000,1.000000,1.000000,0,0,0,1
1661,27,458,1202,1.000000,1.000000,1.000000,1.000000,0,0,0,0
1662,29,459,1202,1.000000,1.000000,1.000000,1.000000,0,0,0,0
1663,27,459,1203,1.000000,1.000000,1.000000,1.000000,0,0,0,0
1664,25,459,1204,1.000000,1.000000,1.000000,1.000000,0,0,0,0
1665,23,459,1205,1.000000,1.000000,1.000000,1.000000,0,0,0,0
1666,21,459,1206,1.000000,1.000000,1.000000,1.000000,0,0,0,0
1667,19,459,1207,1.000000,1.000000,1.000000,1.000000,0,0,0,0
1668,17,459,1208,1.000000,1.000000,1.000000,1.000000,0,0,0,0
1669,15,459,1209,1.000000,1.000000,1.000000,1.000000,0,0,0,0
1670,13,459,1210,1.000000,1.000000,1.000000,1.000000,0,0,0,0
1671,11,459,1211,1.000000,1.000000,1.000000,1.000000,0,0,1,0
1672,9,459,1212,1.000000,1.000000,1.000000,1.000000,0,0,0,0
1673,29,460,1212,1.000000,1.000000,1.000000,1.000000,0,0,0,0
1674,27,460,1213,1.000000,1.000000,1.000000,1.000000,0,0,0,0
1675,25,460,1214,1.000000,1.000000,1.000000,1.000000,0,0,0,0
1676,23,460,1215,1.000000,1.000000,1.000000,1.000000,0,0,1,0
1677,21,460,1216,1.000000,1.000000,1.000000,1.000000,0,1,0,0
1678,19,460,1217,1.000000,1.000000,1.000000,1.000000,0,0,0,1
1679,29,461,1217,1.000000,1.000000,1.000000,1.000000,0,0,0,1
1680,27,461,1218,1.000000,1.000000,1.000000,1.000000,0,0,0,0
1681,29,462,1218,1.000000,1.000000,1.000000,1.000000,0,0,0,0
1682,27,462,1219,1.000000,1.000000,1.000000,1.000000,0,0,0,0
1683,25,462,1220,1.000000,1.000000,1.000000,1.000000,0,0,0,0
1684,23,462,1221,1.000000,1.000000,1.000000,1.000000,0,0,0,0
1685,21,462,1222,1.000000,1.000000,1.000000,1.000000,0,0,0,0
1686,19,462,1223,1.000000,1.000000,1.000000,1.000000,0,1,0,0
1687,17,462,1224,1.000000,1.000000,1.000000,1.000000,0,0,1,0
1688,29,463,1224,1.000000,1.000000,1.000000,1.000000,0,0,1,0
1689,27,463,1225,1.000000,1.000000,1.000000,1.000000,0,0,0,0
1690,29,464,1225,1.000000,1.000000,1.000000,1.000000,0,0,0,0
1691,27,464,1226,1.000000,1.000000,1.000000,1.000000,0,0,0,0
1692,25,464,1227,1.000000,1.000000,1.000000,1.000000,0,0,0,0
1693,23,464,1228,1.000000,1.000000,1.000000,1.000000,0,0,0,0
1694,21,464,1229,1.000000,1.000000,1.000000,1.000000,0,0,0,0
1695,19,464,1230,1.000000,1.000000,1.000000,1.000000,0,0,0,0
1696,17,464,1231,1.000000,1.000000,1.000000,1.000000,0,0,0,0
1697,15,464,1232,1.000000,1.000000,1.000000,1.000000,0,0,0,0
1698,13,464,1233,1.000000,1.000000,1.000000,1.000000,0,0,0,0
1699,11,464,1234,1.000000,1.000000,1.000000,1.000000,1,0,0,0
1700,9,464,1235,1.000000,1.000000,1.000000,1.000000,0,0,0,0
1701,29,465,1235,1.000000,1.000000,1.000000,1.000000,0,0,0,0
1702,27,465,1236,1.000000,1.000000,1.000000,1.000000,0,0,0,0
1703,25,465,1237,1.000000,1.000000,1.000000,1.000000,0,0,0,0
1704,23,465,1238,1.000000,1.000000,1.000000,1.000000,1,1,0,0
1705,21,465,1239,1.000000,1.000000,1.000000,1.000000,0,0,0,0
1706,29,466,1239,1.000000,1.000000,1.000000,1.000000,0,0,0,0
1707,27,466,1240,1.000000,1.000000,1.000000,1.000000,1,0,0,0
1708,25,466,1241,1.000000,1.000000,1.000000,1.000000,1,0,0,0
1709,29,467,1241,1.000000,1.000000,1.000000,1.000000,1,0,0,0
1710,27,467,1242,1.000000,1.000000,1.000000,1.000000,1,0,0,1
1711,29,468,1242,1.000000,1.000000,1.000000,1.000000,1,0,0,1
1712,27,468,1243,1.000000,1.000000,1.000000,1.000000,1,0,0,0
1713,29,469,1243,1.000000,1.000000,1.000000,1.000000,1,0,0,0
1714,27,469,1244,1.000000,1.000000,1.000000,1.000000,0,1,0,0
1715,29,470,1244,1.000000,1.000000,1.000000,1.000000,0,1,0,0
1716,27,470,1245,1.000000,1.000000,1.000000,1.000000,1,0,0,0
1717,25,470,1246,1.000000,1.000000,1.000000,1.000000,0,0,1,0
1718,29,471,1246,1.000000,1.000000,1.000000,1.000000,0,0,1,0
1719,27,471,1247,1.000000,1.000000,1.000000,1.000000,0,0,0,0
1720,29,472,1247,1.000000,1.000000,1.000000,1.000000,0,0,0,0
1721,27,472,1248,1.000000,1.000000,1.000000,1.000000,0,1,0,0
1722,25,472,1249,1.000000,1.000000,1.000000,1.000000,0,0,0,0
1723,29,473,1249,1.000000,1.000000,1.000000,1.000000,0,0,0,0
1724,27,473,1250,1.000000,1.000000,1.000000,1.000000,0,0,0,0
1725,25,473,1251,1.000000,1.000000,1.000000,1.000000,0,0,0,0
1726,23,473,1252,1.000000,1.000000,1.000000,1.000000,1,0,0,0
1727,21,473,1253,1.000000,1.000000,1.000000,1.000000,0,0,0,0
1728,29,474,1253,1.000000,1.000000,1.000000,1.000000,0,0,0,0
1729,27,474,1254,1.000000,1.000000,1.000000,1.000000,0,0,0,0
1730,25,474,1255,1.000000,1.000000,1.000000,1.000000,0,0,0,0
1731,23,474,1256,1.000000,1.000000,1.000000,1.000000,0,0,0,0
1732,21,474,1257,1.000000,1.000000,1.000000,1.000000,1,1,0,1
1733,19,474,1258,1.000000,1.000000,1.000000,1.000000,0,0,0,0
1734,29,475,1258,1.000000,1.000000,1.000000,1.000000,0,0,0,0
1735,27,475,1259,1.000000,1.000000,1.000000,1.000000,0,0,0,0
1736,25,475,1260,1.000000,1.000000,1.000000,1.000000,0,0,0,0
1737,23,475,1261,1.000000,1.000000,1.000000,1.000000,0,1,0,0
1738,21,475,1262,1.000000,1.000000,1.000000,1.000000,0,0,0,0
1739,29,476,1262,1.000000,1.000000,1.000000,1.000000,0,0,0,0
1740,27,476,1263,1.000000,1.000000,1.000000,1.000000,0,1,0,0
1741,25,476,1264,1.000000,1.000000,1.000000,1.000000,0,0,0,0
1742,29,477,1264,1.000000,1.000000,1.000000,1.000000,0,0,0,0
1743,27,477,1265,1.000000,1.000000,1.000000,1.000000,0,0,0,0
1744,25,477,1266,1.000000,1.000000,1.000000,1.000000,0,0,1,0
1745,23,477,1267,1.000000,1.000000,1.000000,1.000000,0,0,0,0
1746,29,478,1267,1.000000,1.000000,1.000000,1.000000,0,0,0,0
1747,27,478,1268,1.000000,1.000000,1.000000,1.000000,0,0,0,0
1748,25,478,1269,1.000000,1.000000,1.000000,1.000000,0,0,0,0
1749,23,478,1270,1.000000,1.000000,1.000000,1.000000,1,1,1,0
1750,21,478,1271,1.000000,1.000000,1.000000,1.000000,0,1,0,0
1751,29,479,1271,1.000000,1.000000,1.000000,1.000000,0,1,0,0
1752,27,479,1272,1.000000,1.000000,1.000000,1.000000,1,1,0,0
1753,29,480,1272,1.000000,1.000000,1.000000,1.000000,1,1,0,0
1754,27,480,1273,1.000000,1.000000,1.000000,1.000000,0,1,0,0
1755,29,481,1273,1.000000,1.000000,1.000000,1.000000,0,1,0,0
1756,27,481,1274,1.000000,1.000000,1.000000,1.000000,1,0,1,0
1757,29,482,1274,1.000000,1.000000,1.000000,1.000000,1,0,1,0
1758,27,482,1275,1.000000,1.000000,1.000000,1.000000,0,1,0,0
1759,29,483,1275,1.000000,1.000000,1.000000,1.000000,0,1,0,0
1760,27,483,1276,1.000000,1.000000,1.000000,1.000000,1,0,0,0
1761,29,484,1276,1.000000,1.000000,1.000000,1.000000,1,0,0,0
1762,27,484,1277,1.000000,1.000000,1.000000,1.000000,0,0,0,0
1763,25,484,1278,1.000000,1.000000,1.000000,1.000000,1,0,0,0
1764,23,484,1279,1.000000,1.000000,1.000000,1.000000,0,0,0,0
1765,29,485,1279,1.000000,1.000000,1.000000,1.000000,0,0,0,0
1766,27,485,1280,1.000000,1.000000,1.000000,1.000000,1,1,0,0
1767,25,485,1281,1.000000,1.000000,1.000000,1.000000,0,0,0,0
1768,29,486,1281,1.000000,1.000000,1.000000,1.000000,0,0,0,0
1769,27,486,1282,1.000000,1.000000,1.000000,1.000000,0,0,0,1
1770,25,486,1283,1.000000,1.000000,1.000000,1.000000,0,0,0,0
1771,29,487,1283,1.000000,1.000000,1.000000,1.000000,0,0,0,0
1772,27,487,1284,1.000000,1.000000,1.000000,1.000000,0,0,0,0
1773,25,487,1285,1.000000,1.000000,1.000000,1.000000,0,0,0,0
1774,23,487,1286,1.000000,1.000000,1.000000,1.000000,0,0,0,0
1775,21,487,1287,1.000000,1.000000,1.000000,1.000000,0,0,0,0
1776,19,487,1288,1.000000,1.000000,1.000000,1.000000,0,0,0,0
1777,17,487,1289,1.000000,1.000000,1.000000,1.000000,0,0,0,0
1778,15,487,1290,1.000000,1.000000,1.000000,1.000000,0,0,0,0
1779,13,487,1291,1.000000,1.000000,1.000000,1.000000,1,0,0,0
1780,11,487,1292,1.000000,1.000000,1.000000,1.000000,0,0,0,0
1781,29,488,1292,1.000000,1.000000,1.000000,1.000000,0,0,0,0
1782,27,488,1293,1.000000,1.000000,1.000000,1.000000,0,0,0,0
1783,25,488,1294,1.000000,1.000000,1.000000,1.000000,0,1,1,1
1784,23,488,1295,1.000000,1.000000,1.000000,1.000000,0,1,1,0
1785,29,489,1295,1.000000,1.000000,1.000000,1.000000,0,1,1,0
1786,27,489,1296,1.000000,1.000000,1.000000,1.000000,0,0,1,1
1787,29,490,1296,1.000000,1.000000,1.000000,1.000000,0,0,1,1
1788,27,490,1297,1.000000,1.000000,1.000000,1.000000,0,0,1,0
1789,25,490,1298,1.000000,1.000000,1.000000,1.000000,1,1,0,1
1790,29,491,1298,1.000000,1.000000,1.000000,1.000000,1,1,0,1
1791,27,491,1299,1.000000,1.000000,1.000000,1.000000,0,0,0,0
1792,29,492,1299,1.000000,1.000000,1.000000,1.000000,0,0,0,0
1793,27,492,1300,1.000000,1.000000,1.000000,1.000000,1,1,0,0
1794,25,492,1301,1.000000,1.000000,1.000000,1.000000,0,1,0,0
1795,29,493,1301,1.000000,1.000000,1.000000,1.000000,0,1,0,0
1796,27,493,1302,1.000000,1.000000,1.000000,1.000000,0,1,0,0
1797,29,494,1302,1.000000,1.000000,1.000000,1.000000,0,1,0,0
1798,27,494,1303,1.000000,1.000000,1.000000,1.000000,0,0,0,0
1799,29,495,1303,1.000000,1.000000,1.000000,1.000000,0,0,0,0
1800,27,495,1304,1.000000,1.000000,1.000000,1.000000,0,0,0,0
1801,25,495,1305,1.000000,1.000000,1.000000,1.000000,1,0,0,1
1802,23,495,1306,1.000000,1.000000,1.000000,1.000000,1,0,0,1
1803,29,496,1306,1.000000,1.000000,1.000000,1.000000,1,0,0,1
1804,27,496,1307,1.000000,1.000000,1.000000,1.000000,0,0,1,0
1805,25,496,1308,1.000000,1.000000,1.000000,1.000000,1,0,0,0
1806,29,497,1308,1.000000,1.000000,1.000000,1.000000,1,0,0,1
1807,27,497,1309,1.000000,1.000000,1.000000,1.000000,0,0,0,0
1808,29,498,1309,1.000000,1.000000,1.000000,1.000000,0,0,0,0
1809,27,498,1310,1.000000,1.000000,1.000000,1.000000,1,1,0,0
1810,25,498,1311,1.000000,1.000000,1.000000,1.000000,0,0,0,0
1811,29,499,1311,1.000000,1.000000,1.000000,1.000000,0,1,0,0
1812,27,499,1312,1.000000,1.000000,1.000000,1.000000,0,0,0,0
1813,29,500,1312,1.000000,1.000000,1.000000,1.000000,0,1,0,0
1814,27,500,1313,1.000000,1.000000,1.000000,1.000000,0,0,0,0
1815,29,501,1313,1.000000,1.000000,1.000000,1.000000,0,0,0,0
1816,27,501,1314,1.000000,1.000000,1.000000,1.000000,0,0,0,0
1817,25,501,1315,1.000000,1.000000,1.000000,1.000000,0,0,0,0
1818,23,501,1316,1.000000,1.000000,1.000000,1.000000,0,0,0,0
1819,21,501,1317,1.000000,1.000000,1.000000,1.000000,0,1,0,0
1820,19,501,1318,1.000000,1.000000,1.000000,1.000000,1,0,1,0
1821,29,502,1318,1.000000,1.000000,1.000000,1.000000,1,0,1,0
1822,27,502,1319,1.000000,1.000000,1.000000,1.000000,0,0,0,0
1823,29,503,1319,1.000000,1.000000,1.000000,1.000000,0,0,0,0
1824,27,503,1320,1.000000,1.000000,1.000000,1.000000,0,0,0,0
1825,25,503,1321,1.000000,1.000000,1.000000,1.000000,0,0,0,0
1826,23,503,1322,1.000000,1.000000,1.000000,1.000000,0,0,1,0
1827,21,503,1323,1.000000,1.000000,1.000000,1.000000,0,0,0,0
1828,29,504,1323,1.000000,1.000000,1.000000,1.000000,0,0,0,0
1829,27,504,1324,1.000000,1.000000,1.000000,1.000000,0,0,0,0
1830,25,504,1325,1.000000,1.000000,1.000000,1.000000,0,1,1,0
1831,23,504,1326,1.000000,1.000000,1.000000,1.000000,0,0,0,0
1832,29,505,1326,1.000000,1.000000,1.000000,1.000000,0,0,0,0
1833,27,505,1327,1.000000,1.000000,1.000000,1.000000,1,0,0,0
1834,25,505,1328,1.000000,1.000000,1.000000,1.000000,0,0,0,0
1835,29,506,1328,1.000000,1.000000,1.000000,1.000000,0,0,0,0
1836,27,506,1329,1.000000,1.000000,1.000000,1.000000,0,0,0,0
1837,25,506,1330,1.000000,1.000000,1.000000,1.000000,0,0,1,0
1838,23,506,1331,1.000000,1.000000,1.000000,1.000000,0,0,1,0
1839,29,507,1331,1.000000,1.000000,1.000000,1.000000,0,0,1,0
1840,27,507,1332,1.000000,1.000000,1.000000,1.000000,0,1,0,0
1841,29,508,1332,1.000000,1.000000,1.000000,1.000000,0,1,0,0
1842,27,508,1333,1.000000,1.000000,1.000000,1.000000,0,0,0,0
1843,29,509,1333,1.000000,1.000000,1.000000,1.000000,0,0,0,0
1844,27,509,1334,1.000000,1.000000,1.000000,1.000000,0,0,0,0
1845,25,509,1335,1.000000,1.000000,1.000000,1.000000,1,0,0,0
1846,23,509,1336,1.000000,1.000000,1.000000,1.000000,0,0,0,0
1847,29,510,1336,1.000000,1.000000,1.000000,1.000000,0,0,0,0
1848,27,510,1337,1.000000,1.000000,1.000000,1.000000,0,0,0,0
1849,25,510,1338,1.000000,1.000000,1.000000,1.000000,0,1,0,0
1850,23,510,1339,1.000000,1.000000,1.000000,1.000000,0,1,1,0
1851,29,511,1339,1.000000,1.000000,1.000000,1.000000,0,1,1,0
1852,27,511,1340,1.000000,1.000000,1.000000,1.000000,0,0,1,0
1853,29,512,1340,1.000000,1.000000,1.000000,1.000000,0,0,1,0
1854,27,512,1341,1.000000,1.000000,1.000000,1.000000,0,1,0,0
1855,29,513,1341,1.000000,1.000000,1.000000,1.000000,0,1,0,0
1856,27,513,1342,1.000000,1.000000,1.000000,1.000000,0,0,1,1
1857,25,513,1343,1.000000,1.000000,1.000000,1.000000,0,0,0,0
1858,29,514,1343,1.000000,1.000000,1.000000,1.000000,0,0,0,0
1859,27,514,1344,1.000000,1.000000,1.000000,1.000000,0,0,0,1
1860,25,514,1345,1.000000,1.000000,1.000000,1.000000,0,0,0,0
1861,29,515,1345,1.000000,1.000000,1.000000,1.000000,0,0,0,0
1862,27,515,1346,1.000000,1.000000,1.000000,1.000000,0,0,0,1
1863,25,515,1347,1.000000,1.000000,1.000000,1.000000,0,0,0,0
1864,29,516,1347,1.000000,1.000000,1.000000,1.000000,0,0,0,0
1865,27,516,1348,1.000000,1.000000,1.000000,1.000000,1,0,0,0
1866,25,516,1349,1.000000,1.000000,1.000000,1.000000,0,0,0,0
1867,29,517,1349,1.000000,1.000000,1.000000,1.000000,0,0,0,0
1868,27,517,1350,1.000000,1.000000,1.000000,1.000000,1,0,0,0
1869,25,517,1351,1.000000,1.000000,1.000000,1.000000,0,0,0,0
1870,23,517,1352,1.000000,1.000000,1.000000,1.000000,0,0,0,0
1871,21,517,1353,1.000000,1.000000,1.000000,1.000000,0,0,0,0
1872,19,517,1354,1.000000,1.000000,1.000000,1.000000,0,1,0,0
1873,17,517,1355,1.000000,1.000000,1.000000,1.000000,0,0,0,0
1874,29,518,1355,1.000000,1.000000,1.000000,1.000000,0,0,0,0
1875,27,518,1356,1.000000,1.000000,1.000000,1.000000,0,1,0,1
1876,25,518,1357,1.000000,1.000000,1.000000,1.000000,0,0,0,0
1877,29,519,1357,1.000000,1.000000,1.000000,1.000000,0,0,0,0
1878,27,519,1358,1.000000,1.000000,1.000000,1.000000,0,1,0,0
1879,25,519,1359,1.000000,1.000000,1.000000,1.000000,0,1,0,0
1880,23,519,1360,1.000000,1.000000,1.000000,1.000000,1,0,1,0
1881,29,520,1360,1.000000,1.000000,1.000000,1.000000,1,0,1,0
1882,27,520,1361,1.000000,1.000000,1.000000,1.000000,0,1,0,0
1883,29,521,1361,1.000000,1.000000,1.000000,1.000000,0,1,0,0
1884,27,521,1362,1.000000,1.000000,1.000000,1.000000,0,0,0,0
1885,29,522,1362,1.000000,1.000000,1.000000,1.000000,0,0,0,0
1886,27,522,1363,1.000000,1.000000,1.000000,1.000000,0,0,0,0
1887,25,522,1364,1.000000,1.000000,1.000000,1.000000,0,0,0,0
1888,23,522,1365,1.000000,1.000000,1.000000,1.000000,1,0,0,0
1889,21,522,1366,1.000000,1.000000,1.000000,1.000000,0,0,0,1
1890,29,523,1366,1.000000,1.000000,1.000000,1.000000,0,0,0,1
1891,27,523,1367,1.000000,1.000000,1.000000,1.000000,0,0,0,0
1892,29,524,1367,1.000000,1.000000,1.000000,1.000000,0,0,0,0
1893,27,524,1368,1.000000,1.000000,1.000000,1.000000,0,0,0,0
1894,25,524,1369,1.000000,1.000000,1.000000,1.000000,1,0,0,1
1895,23,524,1370,1.000000,1.000000,1.000000,1.000000,0,0,0,0
1896,29,525,1370,1.000000,1.000000,1.000000,1.000000,0,0,0,0
1897,27,525,1371,1.000000,1.000000,1.000000,1.000000,0,1,0,0
1898,25,525,1372,1.000000,1.000000,1.000000,1.000000,1,1,0,0
1899,29,526,1372,1.000000,1.000000,1.000000,1.000000,1,1,0,0
1900,27,526,1373,1.000000,1.000000,1.000000,1.000000,1,0,0,0
1901,29,527,1373,1.000000,1.000000,1.000000,1.000000,1,0,0,0
1902,27,527,1374,1.000000,1.000000,1.000000,1.000000,0,1,0,1
1903,29,528,1374,1.000000,1.000000,1.000000,1.000000,0,1,0,1
1904,27,528,1375,1.000000,1.000000,1.000000,1.000000,1,0,0,0
1905,29,529,1375,1.000000,1.000000,1.000000,1.000000,1,0,0,0
1906,27,529,1376,1.000000,1.000000,1.000000,1.000000,0,0,0,0
1907,29,530,1376,1.000000,1.000000,1.000000,1.000000,0,0,0,0
1908,27,530,1377,1.000000,1.000000,1.000000,1.000000,0,0,0,0
1909,25,530,1378,1.000000,1.000000,1.000000,1.000000,0,0,0,0
1910,23,530,1379,1.000000,1.000000,1.000000,1.000000,0,0,0,0
1911,21,530,1380,1.000000,1.000000,1.000000,1.000000,0,1,0,0
1912,19,530,1381,1.000000,1.000000,1.000000,1.000000,0,1,0,0
1913,17,530,1382,1.000000,1.000000,1.000000,1.000000,0,0,0,1
1914,29,531,1382,1.000000,1.000000,1.000000,1.000000,0,0,0,1
1915,27,531,1383,1.000000,1.000000,1.000000,1.000000,0,0,0,0
1916,29,532,1383,1.000000,1.000000,1.000000,1.000000,0,0,0,0
1917,27,532,1384,1.000000,1.000000,1.000000,1.000000,0,0,0,0
1918,25,532,1385,1.000000,1.000000,1.000000,1.000000,0,0,0,0
1919,23,532,1386,1.000000,1.000000,1.000000,1.000000,0,0,0,0
1920,21,532,1387,1.000000,1.000000,1.000000,1.000000,0,0,0,0
1921,19,532,1388,1.000000,1.000000,1.000000,1.000000,0,1,1,0
1922,17,532,1389,1.000000,1.000000,1.000000,1.000000,0,0,0,0
1923,29,533,1389,1.000000,1.000000,1.000000,1.000000,0,0,0,0
1924,27,533,1390,1.000000,1.000000,1.000000,1.000000,0,0,0,1
1925,25,533,1391,1.000000,1.000000,1.000000,1.000000,0,0,0,1
1926,29,534,1391,1.000000,1.000000,1.000000,1.000000,0,0,0,1
1927,27,534,1392,1.000000,1.000000,1.000000,1.000000,0,0,1,1
1928,29,535,1392,1.000000,1.000000,1.000000,1.000000,0,0,1,1
1929,27,535,1393,1.000000,1.000000,1.000000,1.000000,1,0,1,0
1930,29,536,1393,1.000000,1.000000,1.000000,1.000000,1,0,1,0
1931,27,536,1394,1.000000,1.000000,1.000000,1.000000,0,0,0,0
1932,29,537,1394,1.000000,1.000000,1.000000,1.000000,0,0,0,0
1933,27,537,1395,1.000000,1.000000,1.000000,1.000000,0,0,1,0
1934,25,537,1396,1.000000,1.000000,1.000000,1.000000,0,1,0,0
1935,29,538,1396,1.000000,1.000000,1.000000,1.000000,0,1,0,0
1936,27,538,1397,1.000000,1.000000,1.000000,1.000000,0,0,0,0
1937,29,539,1397,1.000000,1.000000,1.000000,1.000000,0,0,0,0
1938,27,539,1398,1.000000,1.000000,1.000000,1.000000,0,0,0,0
1939,25,539,1399,1.000000,1.000000,1.000000,1.000000,0,0,0,0
1940,23,539,1400,1.000000,1.000000,1.000000,1.000000,0,1,0,1
1941,21,539,1401,1.000000,1.000000,1.000000,1.000000,0,0,0,0
1942,29,540,1401,1.000000,1.000000,1.000000,1.000000,0,0,0,1
1943,27,540,1402,1.000000,1.000000,1.000000,1.000000,0,0,0,0
1944,29,541,1402,1.000000,1.000000,1.000000,1.000000,0,0,0,1
1945,27,541,1403,1.000000,1.000000,1.000000,1.000000,0,0,0,0
1946,29,542,1403,1.000000,1.000000,1.000000,1.000000,1,0,0,0
1947,27,542,1404,1.000000,1.000000,1.000000,1.000000,0,0,0,0
1948,29,543,1404,1.000000,1.000000,1.000000,1.000000,0,0,0,0
1949,27,543,1405,1.000000,1.000000,1.000000,1.000000,0,0,0,0
1950,25,543,1406,1.000000,1.000000,1.000000,1.000000,0,0,0,0
1951,23,543,1407,1.000000,1.000000,1.000000,1.000000,0,0,0,0
1952,21,543,1408,1.000000,1.000000,1.000000,1.000000,0,0,0,0
1953,19,543,1409,1.000000,1.000000,1.000000,1.000000,0,0,1,0
1954,17,543,1410,1.000000,1.000000,1.000000,1.000000,0,1,0,0
1955,29,544,1410,1.000000,1.000000,1.000000,1.000000,0,1,0,0
1956,27,544,1411,1.000000,1.000000,1.000000,1.000000,0,0,0,0
1957,29,545,1411,1.000000,1.000000,1.000000,1.000000,0,0,0,0
1958,27,545,1412,1.000000,1.000000,1.000000,1.000000,0,0,0,0
1959,25,545,1413,1.000000,1.000000,1.000000,1.000000,1,0,0,0
1960,23,545,1414,1.000000,1.000000,1.000000,1.000000,0,1,0,1
1961,29,546,1414,1.000000,1.000000,1.000000,1.000000,0,1,0,1
1962,27,546,1415,1.000000,1.000000,1.000000,1.000000,0,0,0,0
1963,29,547,1415,1.000000,1.000000,1.000000,1.000000,0,0,0,0
1964,27,547,1416,1.000000,1.000000,1.000000,1.000000,0,1,0,0
1965,25,547,1417,1.000000,1.000000,1.000000,1.000000,0,0,0,0
1966,29,548,1417,1.000000,1.000000,1.000000,1.000000,0,0,0,0
1967,27,548,1418,1.000000,1.000000,1.000000,1.000000,0,1,0,0
1968,25,548,1419,1.000000,1.000000,1.000000,1.000000,0,0,0,0
1969,29,549,1419,1.000000,1.000000,1.000000,1.000000,0,0,0,0
1970,27,549,1420,1.000000,1.000000,1.000000,1.000000,0,1,1,0
1971,25,549,1421,1.000000,1.000000,1.000000,1.000000,0,1,1,0
1972,23,549,1422,1.000000,1.000000,1.000000,1.000000,1,0,0,1
1973,21,549,1423,1.000000,1.000000,1.000000,1.000000,0,0,1,0
1974,29,550,1423,1.000000,1.000000,1.000000,1.000000,0,0,1,0
1975,27,550,1424,1.000000,1.000000,1.000000,1.000000,0,0,0,1
1976,25,550,1425,1.000000,1.000000,1.000000,1.000000,0,1,1,0
1977,29,551,1425,1.000000,1.000000,1.000000,1.000000,0,1,1,0
1978,27,551,1426,1.000000,1.000000,1.000000,1.000000,0,0,0,0
1979,29,552,1426,1.000000,1.000000,1.000000,1.000000,0,0,0,0
1980,27,552,1427,1.000000,1.000000,1.000000,1.000000,0,0,0,0
1981,25,552,1428,1.000000,1.000000,1.000000,1.000000,0,1,0,0
1982,23,552,1429,1.000000,1.000000,1.000000,1.000000,0,0,0,0
1983,29,553,1429,1.000000,1.000000,1.000000,1.000000,0,0,0,0
1984,27,553,1430,1.000000,1.000000,1.000000,1.000000,0,0,0,1
1985,25,553,1431,1.000000,1.000000,1.000000,1.000000,0,0,0,0
1986,29,554,1431,1.000000,1.000000,1.000000,1.000000,0,0,0,0
1987,27,554,1432,1.000000,1.000000,1.000000,1.000000,0,0,0,1
1988,25,554,1433,1.000000,1.000000,1.000000,1.000000,0,0,1,0
1989,23,554,1434,1.000000,1.000000,1.000000,1.000000,0,0,0,0
1990,29,555,1434,1.000000,1.000000,1.000000,1.000000,0,0,0,0
1991,27,555,1435,1.000000,1.000000,1.000000,1.000000,0,1,0,1
1992,25,555,1436,1.000000,1.000000,1.000000,1.000000,0,0,1,0
1993,29,556,1436,1.000000,1.000000,1.000000,1.000000,0,0,1,0
1994,27,556,1437,1.000000,1.000000,1.000000,1.000000,0,0,0,0
1995,29,557,1437,1.000000,1.000000,1.000000,1.000000,0,0,0,0
1996,27,557,1438,1.000000,1.000000,1.000000,1.000000,0,0,0,0
1997,25,557,1439,1.000000,1.000000,1.000000,1.000000,1,0,0,0
1998,23,557,1440,1.000000,1.000000,1.000000,1.000000,0,0,0,0
1999,21,557,1441,1.000000,1.000000,1.000000,1.000000,0,0,0,0
2000,19,557,1442,1.000000,1.000000,1.000000,1.000000,0,0,0,0
