tick,energy,eats,distance,conn_1_6_weight,conn_2_7_weight,conn_3_8_weight,conn_4_9_weight,food_north_sensed,food_east_sensed,food_south_sensed,food_west_sensed
0,30,0,0,1.000000,1.000000,1.000000,1.000000,0,0,0,0
1,29,0,0,1.000000,1.000000,1.000000,1.000000,0,0,1,0
2,27,0,1,1.000000,1.000000,1.000000,1.000000,0,0,0,0
3,29,1,1,1.000000,1.000000,1.000000,1.000000,0,0,0,0
4,27,1,2,1.000000,1.000000,1.000000,1.000000,0,1,1,0
5,25,1,3,1.000000,1.000000,1.000000,1.000000,0,0,0,0
6,29,2,3,1.000000,1.000000,1.000000,1.000000,0,0,0,0
7,27,2,4,1.000000,1.000000,1.000000,1.000000,0,0,0,0
8,25,2,5,1.000000,1.000000,1.000000,1.000000,0,0,0,0
9,23,2,6,1.000000,1.000000,1.000000,1.000000,0,0,0,0
10,21,2,7,1.000000,1.000000,1.000000,1.000000,0,1,0,0
11,19,2,8,1.000000,1.000000,1.000000,1.000000,0,0,0,0
12,29,3,8,1.000000,1.000000,1.000000,1.000000,0,0,0,0
13,27,3,9,1.000000,1.000000,1.000000,1.000000,1,0,0,0
14,25,3,10,1.000000,1.000000,1.000000,1.000000,1,1,0,0
15,23,3,11,1.000000,1.000000,1.000000,1.000000,0,0,1,0
16,29,4,11,1.000000,1.000000,1.000000,1.000000,0,0,1,0
17,27,4,12,1.000000,1.000000,1.000000,1.000000,0,1,0,0
18,29,5,12,1.000000,1.000000,1.000000,1.000000,0,1,0,0
19,27,5,13,1.000000,1.000000,1.000000,1.000000,0,1,0,0
20,29,6,13,1.000000,1.000000,1.000000,1.000000,0,1,0,0
21,27,6,14,1.000000,1.000000,1.000000,1.000000,0,0,0,0
22,25,6,15,1.000000,1.000000,1.000000,1.000000,0,1,0,0
23,23,6,16,1.000000,1.000000,1.000000,1.000000,0,0,0,0
24,29,7,16,1.000000,1.000000,1.000000,1.000000,0,0,0,0
25,27,7,17,1.000000,1.000000,1.000000,1.000000,0,0,0,0
26,25,7,18,1.000000,1.000000,1.000000,1.000000,1,0,0,0
27,23,7,19,1.000000,1.000000,1.000000,1.000000,0,0,0,0
28,21,7,20,1.000000,1.000000,1.000000,1.000000,0,0,0,0
29,19,7,21,1.000000,1.000000,1.000000,1.000000,0,0,1,0
30,17,7,22,1.000000,1.000000,1.000000,1.000000,0,0,0,0
31,29,8,22,1.000000,1.000000,1.000000,1.000000,0,0,0,0
32,27,8,23,1.000000,1.000000,1.000000,1.000000,1,0,0,0
33,25,8,24,1.000000,1.000000,1.000000,1.000000,1,0,0,0
34,29,9,24,1.000000,1.000000,1.000000,1.000000,1,1,0,0
35,27,9,25,1.000000,1.000000,1.000000,1.000000,0,1,0,0
36,29,10,25,1.000000,1.000000,1.000000,1.000000,0,1,0,0
37,27,10,26,1.000000,1.000000,1.000000,1.000000,0,0,0,0
38,29,11,26,1.000000,1.000000,1.000000,1.000000,0,0,0,0
39,27,11,27,1.000000,1.000000,1.000000,1.000000,1,0,0,0
40,25,11,28,1.000000,1.000000,1.000000,1.000000,0,0,0,0
41,23,11,29,1.000000,1.000000,1.000000,1.000000,0,0,0,0
42,21,11,30,1.000000,1.000000,1.000000,1.000000,1,0,0,0
43,19,11,31,1.000000,1.000000,1.000000,1.000000,0,0,0,0
44,29,12,31,1.000000,1.000000,1.000000,1.000000,0,0,0,0
45,27,12,32,1.000000,1.000000,1.000000,1.000000,0,0,0,0
46,25,12,33,1.000000,1.000000,1.000000,1.000000,0,0,0,1
47,23,12,34,1.000000,1.000000,1.000000,1.000000,0,0,0,0
48,29,13,34,1.000000,1.000000,1.000000,1.000000,0,0,0,0
49,27,13,35,1.000000,1.000000,1.000000,1.000000,0,0,0,0
50,25,13,36,1.000000,1.000000,1.000000,1.000000,0,0,0,0
51,23,13,37,1.000000,1.000000,1.000000,1.000000,0,1,0,0
52,21,13,38,1.000000,1.000000,1.000000,1.000000,0,1,0,0
53,29,14,38,1.000000,1.000000,1.000000,1.000000,0,1,0,0
54,27,14,39,1.000000,1.000000,1.000000,1.000000,0,1,0,0
55,29,15,39,1.000000,1.000000,1.000000,1.000000,0,1,0,0
56,27,15,40,1.000000,1.000000,1.000000,1.000000,0,0,0,0
57,29,16,40,1.000000,1.000000,1.000000,1.000000,0,0,0,0
58,27,16,41,1.000000,1.000000,1.000000,1.000000,1,0,0,0
59,25,16,42,1.000000,1.000000,1.000000,1.000000,0,0,0,0
60,29,17,42,1.000000,1.000000,1.000000,1.000000,0,0,0,0
61,27,17,43,1.000000,1.000000,1.000000,1.000000,0,0,0,0
62,25,17,44,1.000000,1.000000,1.000000,1.000000,0,0,0,1
63,23,17,45,1.000000,1.000000,1.000000,1.000000,0,0,0,0
64,29,18,45,1.000000,1.000000,1.000000,1.000000,0,0,0,0
65,27,18,46,1.000000,1.000000,1.000000,1.000000,0,0,0,0
66,25,18,47,1.000000,1.000000,1.000000,1.000000,1,0,0,1
67,23,18,48,1.000000,1.000000,1.000000,1.000000,0,0,0,0
68,29,19,48,1.000000,1.000000,1.000000,1.000000,0,0,0,0
69,27,19,49,1.000000,1.000000,1.000000,1.000000,0,0,0,1
70,25,19,50,1.000000,1.000000,1.000000,1.000000,0,0,0,0
71,29,20,50,1.000000,1.000000,1.000000,1.000000,0,0,0,0
72,27,20,51,1.000000,1.000000,1.000000,1.000000,0,0,0,0
73,25,20,52,1.000000,1.000000,1.000000,1.000000,0,0,0,0
74,23,20,53,1.000000,1.000000,1.000000,1.000000,0,0,0,0
75,21,20,54,1.000000,1.000000,1.000000,1.000000,0,0,1,0
76,19,20,55,1.000000,1.000000,1.000000,1.000000,0,0,0,0
77,29,21,55,1.000000,1.000000,1.000000,1.000000,0,0,0,0
78,27,21,56,1.000000,1.000000,1.000000,1.000000,0,1,1,0
79,25,21,57,1.000000,1.000000,1.000000,1.000000,0,0,0,0
80,29,22,57,1.000000,1.000000,1.000000,1.000000,0,0,0,0
81,27,22,58,1.000000,1.000000,1.000000,1.000000,0,0,1,1
82,25,22,59,1.000000,1.000000,1.000000,1.000000,0,0,0,0
83,29,23,59,1.000000,1.000000,1.000000,1.000000,0,0,0,0
84,27,23,60,1.000000,1.000000,1.000000,1.000000,1,0,0,0
85,25,23,61,1.000000,1.000000,1.000000,1.000000,0,0,0,0
86,29,24,61,1.000000,1.000000,1.000000,1.000000,0,0,0,0
87,27,24,62,1.000000,1.000000,1.000000,1.000000,0,0,0,0
88,25,24,63,1.000000,1.000000,1.000000,1.000000,0,0,0,0
89,23,24,64,1.000000,1.000000,1.000000,1.000000,0,0,1,0
90,21,24,65,1.000000,1.000000,1.000000,1.000000,0,0,0,0
91,29,25,65,1.000000,1.000000,1.000000,1.000000,0,0,0,0
92,27,25,66,1.000000,1.000000,1.000000,1.000000,0,0,0,0
93,25,25,67,1.000000,1.000000,1.000000,1.000000,1,0,0,0
94,23,25,68,1.000000,1.000000,1.000000,1.000000,0,0,0,0
95,29,26,68,1.000000,1.000000,1.000000,1.000000,0,0,0,0
96,27,26,69,1.000000,1.000000,1.000000,1.000000,0,1,0,0
97,25,26,70,1.000000,1.000000,1.000000,1.000000,0,1,1,0
98,23,26,71,1.000000,1.000000,1.000000,1.000000,1,0,0,1
99,29,27,71,1.000000,1.000000,1.000000,1.000000,1,0,0,1
100,27,27,72,1.000000,1.000000,1.000000,1.000000,0,1,0,0
101,29,28,72,1.000000,1.000000,1.000000,1.000000,0,1,0,0
102,27,28,73,1.000000,1.000000,1.000000,1.000000,1,0,0,0
103,25,28,74,1.000000,1.000000,1.000000,1.000000,1,0,1,0
104,23,28,75,1.000000,1.000000,1.000000,1.000000,1,0,0,0
105,21,28,76,1.000000,1.000000,1.000000,1.000000,1,0,1,0
106,29,29,76,1.000000,1.000000,1.000000,1.000000,1,0,1,0
107,27,29,77,1.000000,1.000000,1.000000,1.000000,0,0,0,0
108,29,30,77,1.000000,1.000000,1.000000,1.000000,0,0,0,0
109,27,30,78,1.000000,1.000000,1.000000,1.000000,0,0,1,0
110,25,30,79,1.000000,1.000000,1.000000,1.000000,0,0,0,0
111,29,31,79,1.000000,1.000000,1.000000,1.000000,0,0,0,0
112,27,31,80,1.000000,1.000000,1.000000,1.000000,0,1,1,1
113,25,31,81,1.000000,1.000000,1.000000,1.000000,0,0,0,0
114,29,32,81,1.000000,1.000000,1.000000,1.000000,0,0,0,0
115,27,32,82,1.000000,1.000000,1.000000,1.000000,0,1,0,1
116,25,32,83,1.000000,1.000000,1.000000,1.000000,0,0,0,0
117,29,33,83,1.000000,1.000000,1.000000,1.000000,0,0,0,0
118,27,33,84,1.000000,1.000000,1.000000,1.000000,0,0,0,0
119,25,33,85,1.000000,1.000000,1.000000,1.000000,0,0,0,0
120,23,33,86,1.000000,1.000000,1.000000,1.000000,0,0,0,0
121,21,33,87,1.000000,1.000000,1.000000,1.000000,0,0,0,0
122,19,33,88,1.000000,1.000000,1.000000,1.000000,0,0,0,0
123,17,33,89,1.000000,1.000000,1.000000,1.000000,0,0,0,0
124,15,33,90,1.000000,1.000000,1.000000,1.000000,0,0,0,0
125,13,33,91,1.000000,1.000000,1.000000,1.000000,0,0,0,0
126,11,33,92,1.000000,1.000000,1.000000,1.000000,0,1,0,0
127,9,33,93,1.000000,1.000000,1.000000,1.000000,0,1,1,0
128,29,34,93,1.000000,1.000000,1.000000,1.000000,0,1,1,0
129,27,34,94,1.000000,1.000000,1.000000,1.000000,0,0,1,0
130,29,35,94,1.000000,1.000000,1.000000,1.000000,0,0,1,0
131,27,35,95,1.000000,1.000000,1.000000,1.000000,0,0,0,1
132,29,36,95,1.000000,1.000000,1.000000,1.000000,0,0,0,1
133,27,36,96,1.000000,1.000000,1.000000,1.000000,0,0,0,1
134,29,37,96,1.000000,1.000000,1.000000,1.000000,0,0,0,1
135,27,37,97,1.000000,1.000000,1.000000,1.000000,0,0,0,0
136,29,38,97,1.000000,1.000000,1.000000,1.000000,0,0,0,0
137,27,38,98,1.000000,1.000000,1.000000,1.000000,0,0,0,1
138,25,38,99,1.000000,1.000000,1.000000,1.000000,0,0,0,1
139,29,39,99,1.000000,1.000000,1.000000,1.000000,0,0,0,1
140,27,39,100,1.000000,1.000000,1.000000,1.000000,0,0,0,0
141,29,40,100,1.000000,1.000000,1.000000,1.000000,0,0,0,0
142,27,40,101,1.000000,1.000000,1.000000,1.000000,0,0,0,0
143,25,40,102,1.000000,1.000000,1.000000,1.000000,0,0,0,0
144,23,40,103,1.000000,1.000000,1.000000,1.000000,0,0,0,0
145,21,40,104,1.000000,1.000000,1.000000,1.000000,0,0,0,0
146,19,40,105,1.000000,1.000000,1.000000,1.000000,0,0,1,0
147,17,40,106,1.000000,1.000000,1.000000,1.000000,0,0,0,0
148,15,40,107,1.000000,1.000000,1.000000,1.000000,0,1,0,0
149,13,40,108,1.000000,1.000000,1.000000,1.000000,0,1,1,0
150,29,41,108,1.000000,1.000000,1.000000,1.000000,0,1,1,0
151,27,41,109,1.000000,1.000000,1.000000,1.000000,0,0,0,0
152,29,42,109,1.000000,1.000000,1.000000,1.000000,0,0,0,0
153,27,42,110,1.000000,1.000000,1.000000,1.000000,0,0,0,1
154,25,42,111,1.000000,1.000000,1.000000,1.000000,0,0,0,0
155,29,43,111,1.000000,1.000000,1.000000,1.000000,0,0,0,0
156,27,43,112,1.000000,1.000000,1.000000,1.000000,0,0,0,0
157,25,43,113,1.000000,1.000000,1.000000,1.000000,0,0,0,0
158,23,43,114,1.000000,1.000000,1.000000,1.000000,0,1,0,0
159,21,43,115,1.000000,1.000000,1.000000,1.000000,0,1,0,0
160,29,44,115,1.000000,1.000000,1.000000,1.000000,0,1,0,0
161,27,44,116,1.000000,1.000000,1.000000,1.000000,0,0,0,0
162,29,45,116,1.000000,1.000000,1.000000,1.000000,0,0,0,0
163,27,45,117,1.000000,1.000000,1.000000,1.000000,0,0,1,0
164,25,45,118,1.000000,1.000000,1.000000,1.000000,0,0,1,0
165,29,46,118,1.000000,1.000000,1.000000,1.000000,0,0,1,0
166,27,46,119,1.000000,1.000000,1.000000,1.000000,0,0,0,1
167,29,47,119,1.000000,1.000000,1.000000,1.000000,0,0,0,1
168,27,47,120,1.000000,1.000000,1.000000,1.000000,0,0,1,1
169,29,48,120,1.000000,1.000000,1.000000,1.000000,0,0,1,1
170,27,48,121,1.000000,1.000000,1.000000,1.000000,0,0,0,0
171,29,49,121,1.000000,1.000000,1.000000,1.000000,0,0,0,0
172,27,49,122,1.000000,1.000000,1.000000,1.000000,0,0,0,1
173,25,49,123,1.000000,1.000000,1.000000,1.000000,1,0,0,0
174,29,50,123,1.000000,1.000000,1.000000,1.000000,1,0,0,0
175,27,50,124,1.000000,1.000000,1.000000,1.000000,0,1,0,0
176,29,51,124,1.000000,1.000000,1.000000,1.000000,0,1,0,0
177,27,51,125,1.000000,1.000000,1.000000,1.000000,0,1,0,0
178,29,52,125,1.000000,1.000000,1.000000,1.000000,0,1,0,0
179,27,52,126,1.000000,1.000000,1.000000,1.000000,0,0,0,0
180,29,53,126,1.000000,1.000000,1.000000,1.000000,0,0,0,0
181,27,53,127,1.000000,1.000000,1.000000,1.000000,0,1,0,0
182,25,53,128,1.000000,1.000000,1.000000,1.000000,0,0,1,0
183,29,54,128,1.000000,1.000000,1.000000,1.000000,0,0,1,0
184,27,54,129,1.000000,1.000000,1.000000,1.000000,0,0,0,1
185,29,55,129,1.000000,1.000000,1.000000,1.000000,0,0,0,1
186,27,55,130,1.000000,1.000000,1.000000,1.000000,0,0,1,1
187,29,56,130,1.000000,1.000000,1.000000,1.000000,0,0,1,1
188,27,56,131,1.000000,1.000000,1.000000,1.000000,0,0,0,0
189,29,57,131,1.000000,1.000000,1.000000,1.000000,0,0,0,0
190,27,57,132,1.000000,1.000000,1.000000,1.000000,1,0,1,0
191,25,57,133,1.000000,1.000000,1.000000,1.000000,0,0,0,0
192,29,58,133,1.000000,1.000000,1.000000,1.000000,0,0,0,0
193,27,58,134,1.000000,1.000000,1.000000,1.000000,0,1,0,0
194,25,58,135,1.000000,1.000000,1.000000,1.000000,0,0,0,0
195,29,59,135,1.000000,1.000000,1.000000,1.000000,0,0,0,0
196,27,59,136,1.000000,1.000000,1.000000,1.000000,0,0,0,0
197,25,59,137,1.000000,1.000000,1.000000,1.000000,0,0,0,0
198,23,59,138,1.000000,1.000000,1.000000,1.000000,1,0,0,1
199,21,59,139,1.000000,1.000000,1.000000,1.000000,1,0,0,0
200,29,60,139,1.000000,1.000000,1.000000,1.000000,1,0,0,0
201,27,60,140,1.000000,1.000000,1.000000,1.000000,0,1,0,0
202,29,61,140,1.000000,1.000000,1.000000,1.000000,0,1,0,0
203,27,61,141,1.000000,1.000000,1.000000,1.000000,0,1,0,0
204,29,62,141,1.000000,1.000000,1.000000,1.000000,0,1,0,0
205,27,62,142,1.000000,1.000000,1.000000,1.000000,0,0,0,0
206,29,63,142,1.000000,1.000000,1.000000,1.000000,0,0,0,0
207,27,63,143,1.000000,1.000000,1.000000,1.000000,0,0,0,0
208,25,63,144,1.000000,1.000000,1.000000,1.000000,1,0,0,0
209,23,63,145,1.000000,1.000000,1.000000,1.000000,1,0,0,1
210,29,64,145,1.000000,1.000000,1.000000,1.000000,1,0,0,1
211,27,64,146,1.000000,1.000000,1.000000,1.000000,0,0,0,1
212,29,65,146,1.000000,1.000000,1.000000,1.000000,0,0,0,1
213,27,65,147,1.000000,1.000000,1.000000,1.000000,1,0,0,0
214,25,65,148,1.000000,1.000000,1.000000,1.000000,1,0,0,0
215,29,66,148,1.000000,1.000000,1.000000,1.000000,1,0,0,0
216,27,66,149,1.000000,1.000000,1.000000,1.000000,0,1,0,0
217,29,67,149,1.000000,1.000000,1.000000,1.000000,0,1,0,0
218,27,67,150,1.000000,1.000000,1.000000,1.000000,0,0,0,0
219,29,68,150,1.000000,1.000000,1.000000,1.000000,0,0,0,0
220,27,68,151,1.000000,1.000000,1.000000,1.000000,0,1,0,0
221,25,68,152,1.000000,1.000000,1.000000,1.000000,1,1,1,0
222,29,69,152,1.000000,1.000000,1.000000,1.000000,1,1,1,0
223,27,69,153,1.000000,1.000000,1.000000,1.000000,0,0,0,0
224,29,70,153,1.000000,1.000000,1.000000,1.000000,0,0,0,0
225,27,70,154,1.000000,1.000000,1.000000,1.000000,1,1,0,0
226,25,70,155,1.000000,1.000000,1.000000,1.000000,0,0,0,0
227,29,71,155,1.000000,1.000000,1.000000,1.000000,0,0,0,0
228,27,71,156,1.000000,1.000000,1.000000,1.000000,1,0,1,0
229,25,71,157,1.000000,1.000000,1.000000,1.000000,0,1,0,0
230,29,72,157,1.000000,1.000000,1.000000,1.000000,0,1,0,0
231,27,72,158,1.000000,1.000000,1.000000,1.000000,0,0,0,0
232,29,73,158,1.000000,1.000000,1.000000,1.000000,0,0,0,0
233,27,73,159,1.000000,1.000000,1.000000,1.000000,0,0,1,0
234,25,73,160,1.000000,1.000000,1.000000,1.000000,0,0,0,0
235,29,74,160,1.000000,1.000000,1.000000,1.000000,0,0,0,0
236,27,74,161,1.000000,1.000000,1.000000,1.000000,0,0,0,0
237,25,74,162,1.000000,1.000000,1.000000,1.000000,0,0,1,0
238,23,74,163,1.000000,1.000000,1.000000,1.000000,0,0,0,1
239,29,75,163,1.000000,1.000000,1.000000,1.000000,0,0,0,1
240,27,75,164,1.000000,1.000000,1.000000,1.000000,0,1,0,0
241,25,75,165,1.000000,1.000000,1.000000,1.000000,0,1,0,0
242,29,76,165,1.000000,1.000000,1.000000,1.000000,0,1,0,0
243,27,76,166,1.000000,1.000000,1.000000,1.000000,0,1,1,0
244,29,77,166,1.000000,1.000000,1.000000,1.000000,0,1,1,0
245,27,77,167,1.000000,1.000000,1.000000,1.000000,0,0,0,0
246,29,78,167,1.000000,1.000000,1.000000,1.000000,0,0,0,0
247,27,78,168,1.000000,1.000000,1.000000,1.000000,1,0,0,0
248,25,78,169,1.000000,1.000000,1.000000,1.000000,0,0,0,0
249,29,79,169,1.000000,1.000000,1.000000,1.000000,0,0,0,0
250,27,79,170,1.000000,1.000000,1.000000,1.000000,0,0,0,0
251,25,79,171,1.000000,1.000000,1.000000,1.000000,0,1,0,0
252,23,79,172,1.000000,1.000000,1.000000,1.000000,0,0,0,0
253,29,80,172,1.000000,1.000000,1.000000,1.000000,0,0,0,0
254,27,80,173,1.000000,1.000000,1.000000,1.000000,1,0,0,0
255,25,80,174,1.000000,1.000000,1.000000,1.000000,1,0,0,0
256,29,81,174,1.000000,1.000000,1.000000,1.000000,1,0,0,0
257,27,81,175,1.000000,1.000000,1.000000,1.000000,0,0,0,0
258,29,82,175,1.000000,1.000000,1.000000,1.000000,0,0,0,0
259,27,82,176,1.000000,1.000000,1.000000,1.000000,0,0,0,1
260,25,82,177,1.000000,1.000000,1.000000,1.000000,0,0,0,0
261,29,83,177,1.000000,1.000000,1.000000,1.000000,0,0,0,0
262,27,83,178,1.000000,1.000000,1.000000,1.000000,0,0,0,1
263,25,83,179,1.000000,1.000000,1.000000,1.000000,1,0,0,0
264,23,83,180,1.000000,1.000000,1.000000,1.000000,0,0,1,0
265,29,84,180,1.000000,1.000000,1.000000,1.000000,0,0,1,0
266,27,84,181,1.000000,1.000000,1.000000,1.000000,0,0,0,0
267,29,85,181,1.000000,1.000000,1.000000,1.000000,0,0,0,0
268,27,85,182,1.000000,1.000000,1.000000,1.000000,0,0,0,0
269,25,85,183,1.000000,1.000000,1.000000,1.000000,0,0,0,0
270,23,85,184,1.000000,1.000000,1.000000,1.000000,0,0,0,0
271,21,85,185,1.000000,1.000000,1.000000,1.000000,0,0,0,0
272,19,85,186,1.000000,1.000000,1.000000,1.000000,0,0,0,0
273,17,85,187,1.000000,1.000000,1.000000,1.000000,1,0,0,0
274,15,85,188,1.000000,1.000000,1.000000,1.000000,0,0,0,0
275,29,86,188,1.000000,1.000000,1.000000,1.000000,0,0,0,0
276,27,86,189,1.000000,1.000000,1.000000,1.000000,0,0,0,0
277,25,86,190,1.000000,1.000000,1.000000,1.000000,0,0,0,0
278,23,86,191,1.000000,1.000000,1.000000,1.000000,0,0,0,0
279,21,86,192,1.000000,1.000000,1.000000,1.000000,0,0,0,0
280,19,86,193,1.000000,1.000000,1.000000,1.000000,0,0,0,1
281,17,86,194,1.000000,1.000000,1.000000,1.000000,0,0,0,1
282,29,87,194,1.000000,1.000000,1.000000,1.000000,0,0,0,1
283,27,87,195,1.000000,1.000000,1.000000,1.000000,0,0,0,0
284,25,87,196,1.000000,1.000000,1.000000,1.000000,0,0,0,0
285,23,87,197,1.000000,1.000000,1.000000,1.000000,0,0,0,0
286,21,87,198,1.000000,1.000000,1.000000,1.000000,0,0,0,1
287,19,87,199,1.000000,1.000000,1.000000,1.000000,0,0,0,0
288,29,88,199,1.000000,1.000000,1.000000,1.000000,0,0,0,0
289,27,88,200,1.000000,1.000000,1.000000,1.000000,0,0,1,0
290,25,88,201,1.000000,1.000000,1.000000,1.000000,0,0,1,0
291,29,89,201,1.000000,1.000000,1.000000,1.000000,0,0,1,0
292,27,89,202,1.000000,1.000000,1.000000,1.000000,0,1,1,0
293,29,90,202,1.000000,1.000000,1.000000,1.000000,0,1,1,0
294,27,90,203,1.000000,1.000000,1.000000,1.000000,0,0,0,0
295,29,91,203,1.000000,1.000000,1.000000,1.000000,0,0,0,0
296,27,91,204,1.000000,1.000000,1.000000,1.000000,1,0,0,0
297,25,91,205,1.000000,1.000000,1.000000,1.000000,0,1,0,0
298,29,92,205,1.000000,1.000000,1.000000,1.000000,0,1,0,0
299,27,92,206,1.000000,1.000000,1.000000,1.000000,0,0,0,0
300,29,93,206,1.000000,1.000000,1.000000,1.000000,0,0,0,0
301,27,93,207,1.000000,1.000000,1.000000,1.000000,1,0,0,0
302,25,93,208,1.000000,1.000000,1.000000,1.000000,0,0,0,1
303,23,93,209,1.000000,1.000000,1.000000,1.000000,0,1,0,0
304,21,93,210,1.000000,1.000000,1.000000,1.000000,0,0,0,1
305,29,94,210,1.000000,1.000000,1.000000,1.000000,0,0,0,1
306,27,94,211,1.000000,1.000000,1.000000,1.000000,0,0,0,0
307,29,95,211,1.000000,1.000000,1.000000,1.000000,0,0,0,0
308,27,95,212,1.000000,1.000000,1.000000,1.000000,0,0,0,0
309,25,95,213,1.000000,1.000000,1.000000,1.000000,0,0,0,0
310,23,95,214,1.000000,1.000000,1.000000,1.000000,0,0,0,0
311,21,95,215,1.000000,1.000000,1.000000,1.000000,0,0,0,0
312,19,95,216,1.000000,1.000000,1.000000,1.000000,0,0,1,1
313,17,95,217,1.000000,1.000000,1.000000,1.000000,0,0,1,0
314,29,96,217,1.000000,1.000000,1.000000,1.000000,0,0,1,0
315,27,96,218,1.000000,1.000000,1.000000,1.000000,0,1,1,0
316,29,97,218,1.000000,1.000000,1.000000,1.000000,0,1,1,0
317,27,97,219,1.000000,1.000000,1.000000,1.000000,0,0,0,0
318,29,98,219,1.000000,1.000000,1.000000,1.000000,0,0,0,0
319,27,98,220,1.000000,1.000000,1.000000,1.000000,1,0,0,0
320,25,98,221,1.000000,1.000000,1.000000,1.000000,0,1,0,0
321,23,98,222,1.000000,1.000000,1.000000,1.000000,0,0,0,1
322,29,99,222,1.000000,1.000000,1.000000,1.000000,0,0,0,1
323,27,99,223,1.000000,1.000000,1.000000,1.000000,0,0,0,0
324,29,100,223,1.000000,1.000000,1.000000,1.000000,0,0,0,0
325,27,100,224,1.000000,1.000000,1.000000,1.000000,0,0,0,0
326,25,100,225,1.000000,1.000000,1.000000,1.000000,0,0,0,1
327,23,100,226,1.000000,1.000000,1.000000,1.000000,0,0,0,1
328,29,101,226,1.000000,1.000000,1.000000,1.000000,0,0,0,1
329,27,101,227,1.000000,1.000000,1.000000,1.000000,0,0,1,0
330,29,102,227,1.000000,1.000000,1.000000,1.000000,0,0,1,0
331,27,102,228,1.000000,1.000000,1.000000,1.000000,1,0,0,0
332,25,102,229,1.000000,1.000000,1.000000,1.000000,0,0,0,0
333,29,103,229,1.000000,1.000000,1.000000,1.000000,0,0,0,0
334,27,103,230,1.000000,1.000000,1.000000,1.000000,1,0,0,0
335,25,103,231,1.000000,1.000000,1.000000,1.000000,0,0,0,0
336,29,104,231,1.000000,1.000000,1.000000,1.000000,0,0,0,0
337,27,104,232,1.000000,1.000000,1.000000,1.000000,1,0,0,1
338,25,104,233,1.000000,1.000000,1.000000,1.000000,0,0,0,0
339,29,105,233,1.000000,1.000000,1.000000,1.000000,0,0,0,0
340,27,105,234,1.000000,1.000000,1.000000,1.000000,0,0,0,0
341,25,105,235,1.000000,1.000000,1.000000,1.000000,0,0,0,0
342,23,105,236,1.000000,1.000000,1.000000,1.000000,0,0,0,0
343,21,105,237,1.000000,1.000000,1.000000,1.000000,0,0,0,0
344,19,105,238,1.000000,1.000000,1.000000,1.000000,0,0,1,0
345,17,105,239,1.000000,1.000000,1.000000,1.000000,0,1,0,0
346,29,106,239,1.000000,1.000000,1.000000,1.000000,0,1,0,0
347,27,106,240,1.000000,1.000000,1.000000,1.000000,0,1,0,0
348,29,107,240,1.000000,1.000000,1.000000,1.000000,0,1,0,0
349,27,107,241,1.000000,1.000000,1.000000,1.000000,1,0,0,0
350,29,108,241,1.000000,1.000000,1.000000,1.000000,1,0,0,0
351,27,108,242,1.000000,1.000000,1.000000,1.000000,0,0,0,0
352,25,108,243,1.000000,1.000000,1.000000,1.000000,0,0,0,0
353,23,108,244,1.000000,1.000000,1.000000,1.000000,1,0,0,0
354,21,108,245,1.000000,1.000000,1.000000,1.000000,1,0,0,0
355,29,109,245,1.000000,1.000000,1.000000,1.000000,1,0,0,0
356,27,109,246,1.000000,1.000000,1.000000,1.000000,1,1,0,0
357,29,110,246,1.000000,1.000000,1.000000,1.000000,1,1,0,0
358,27,110,247,1.000000,1.000000,1.000000,1.000000,0,0,0,0
359,29,111,247,1.000000,1.000000,1.000000,1.000000,0,0,0,0
360,27,111,248,1.000000,1.000000,1.000000,1.000000,0,1,0,0
361,25,111,249,1.000000,1.000000,1.000000,1.000000,0,1,0,0
362,23,111,250,1.000000,1.000000,1.000000,1.000000,0,0,0,1
363,29,112,250,1.000000,1.000000,1.000000,1.000000,0,0,0,1
364,27,112,251,1.000000,1.000000,1.000000,1.000000,0,0,0,0
365,29,113,251,1.000000,1.000000,1.000000,1.000000,0,0,0,0
366,27,113,252,1.000000,1.000000,1.000000,1.000000,0,0,0,0
367,25,113,253,1.000000,1.000000,1.000000,1.000000,0,0,1,0
368,23,113,254,1.000000,1.000000,1.000000,1.000000,0,0,0,0
369,29,114,254,1.000000,1.000000,1.000000,1.000000,0,0,0,0
370,27,114,255,1.000000,1.000000,1.000000,1.000000,0,0,0,0
371,25,114,256,1.000000,1.000000,1.000000,1.000000,0,0,1,0
372,23,114,257,1.000000,1.000000,1.000000,1.000000,0,0,0,1
373,29,115,257,1.000000,1.000000,1.000000,1.000000,0,0,0,1
374,27,115,258,1.000000,1.000000,1.000000,1.000000,0,0,0,1
375,29,116,258,1.000000,1.000000,1.000000,1.000000,0,0,0,1
376,27,116,259,1.000000,1.000000,1.000000,1.000000,0,0,0,0
377,29,117,259,1.000000,1.000000,1.000000,1.000000,0,0,0,0
378,27,117,260,1.000000,1.000000,1.000000,1.000000,0,0,0,0
379,25,117,261,1.000000,1.000000,1.000000,1.000000,0,0,0,0
380,23,117,262,1.000000,1.000000,1.000000,1.000000,0,0,0,0
381,21,117,263,1.000000,1.000000,1.000000,1.000000,0,0,0,0
382,19,117,264,1.000000,1.000000,1.000000,1.000000,1,0,0,0
383,17,117,265,1.000000,1.000000,1.000000,1.000000,1,0,0,1
384,29,118,265,1.000000,1.000000,1.000000,1.000000,1,0,0,1
385,27,118,266,1.000000,1.000000,1.000000,1.000000,0,0,0,1
386,29,119,266,1.000000,1.000000,1.000000,1.000000,0,0,0,1
387,27,119,267,1.000000,1.000000,1.000000,1.000000,0,0,0,0
388,29,120,267,1.000000,1.000000,1.000000,1.000000,0,0,0,0
389,27,120,268,1.000000,1.000000,1.000000,1.000000,0,0,0,1
390,25,120,269,1.000000,1.000000,1.000000,1.000000,0,0,0,1
391,29,121,269,1.000000,1.000000,1.000000,1.000000,0,0,0,1
392,27,121,270,1.000000,1.000000,1.000000,1.000000,0,0,0,0
393,29,122,270,1.000000,1.000000,1.000000,1.000000,0,0,0,0
394,27,122,271,1.000000,1.000000,1.000000,1.000000,0,0,0,0
395,25,122,272,1.000000,1.000000,1.000000,1.000000,0,0,0,0
396,23,122,273,1.000000,1.000000,1.000000,1.000000,0,0,0,1
397,21,122,274,1.000000,1.000000,1.000000,1.000000,1,0,0,0
398,19,122,275,1.000000,1.000000,1.000000,1.000000,0,0,1,0
399,29,123,275,1.000000,1.000000,1.000000,1.000000,0,0,1,0
400,27,123,276,1.000000,1.000000,1.000000,1.000000,0,0,0,0
401,29,124,276,1.000000,1.000000,1.000000,1.000000,0,0,0,0
402,27,124,277,1.000000,1.000000,1.000000,1.000000,0,0,0,0
403,25,124,278,1.000000,1.000000,1.000000,1.000000,1,0,0,0
404,23,124,279,1.000000,1.000000,1.000000,1.000000,0,0,0,0
405,29,125,279,1.000000,1.000000,1.000000,1.000000,0,0,0,0
406,27,125,280,1.000000,1.000000,1.000000,1.000000,1,0,0,0
407,25,125,281,1.000000,1.000000,1.000000,1.000000,0,0,0,0
408,29,126,281,1.000000,1.000000,1.000000,1.000000,0,0,0,0
409,27,126,282,1.000000,1.000000,1.000000,1.000000,0,0,0,0
410,25,126,283,1.000000,1.000000,1.000000,1.000000,0,0,0,0
411,23,126,284,1.000000,1.000000,1.000000,1.000000,0,0,0,0
412,21,126,285,1.000000,1.000000,1.000000,1.000000,0,0,0,0
413,19,126,286,1.000000,1.000000,1.000000,1.000000,1,0,0,0
414,17,126,287,1.000000,1.000000,1.000000,1.000000,1,0,0,0
415,29,127,287,1.000000,1.000000,1.000000,1.000000,1,0,0,0
416,27,127,288,1.000000,1.000000,1.000000,1.000000,0,1,0,0
417,29,128,288,1.000000,1.000000,1.000000,1.000000,0,1,0,0
418,27,128,289,1.000000,1.000000,1.000000,1.000000,1,0,0,0
419,29,129,289,1.000000,1.000000,1.000000,1.000000,1,0,0,0
420,27,129,290,1.000000,1.000000,1.000000,1.000000,0,1,0,0
421,29,130,290,1.000000,1.000000,1.000000,1.000000,0,1,0,0
422,27,130,291,1.000000,1.000000,1.000000,1.000000,1,0,0,0
423,29,131,291,1.000000,1.000000,1.000000,1.000000,1,0,0,0
424,27,131,292,1.000000,1.000000,1.000000,1.000000,1,0,0,0
425,25,131,293,1.000000,1.000000,1.000000,1.000000,1,0,1,0
426,29,132,293,1.000000,1.000000,1.000000,1.000000,1,0,1,0
427,27,132,294,1.000000,1.000000,1.000000,1.000000,0,0,0,0
428,29,133,294,1.000000,1.000000,1.000000,1.000000,0,0,0,0
429,27,133,295,1.000000,1.000000,1.000000,1.000000,0,1,0,0
430,25,133,296,1.000000,1.000000,1.000000,1.000000,0,0,0,0
431,29,134,296,1.000000,1.000000,1.000000,1.000000,0,0,0,0
432,27,134,297,1.000000,1.000000,1.000000,1.000000,0,0,0,0
433,25,134,298,1.000000,1.000000,1.000000,1.000000,0,0,1,0
434,23,134,299,1.000000,1.000000,1.000000,1.000000,0,0,0,0
435,29,135,299,1.000000,1.000000,1.000000,1.000000,0,0,0,0
436,27,135,300,1.000000,1.000000,1.000000,1.000000,0,0,0,0
437,25,135,301,1.000000,1.000000,1.000000,1.000000,0,0,0,0
438,23,135,302,1.000000,1.000000,1.000000,1.000000,0,0,0,0
439,21,135,303,1.000000,1.000000,1.000000,1.000000,0,0,0,0
440,19,135,304,1.000000,1.000000,1.000000,1.000000,0,0,0,0
441,17,135,305,1.000000,1.000000,1.000000,1.000000,0,0,0,0
442,15,135,306,1.000000,1.000000,1.000000,1.000000,1,0,1,0
443,29,136,306,1.000000,1.000000,1.000000,1.000000,1,0,1,0
444,27,136,307,1.000000,1.000000,1.000000,1.000000,1,0,0,0
445,29,137,307,1.000000,1.000000,1.000000,1.000000,1,0,0,0
446,27,137,308,1.000000,1.000000,1.000000,1.000000,0,0,0,0
447,29,138,308,1.000000,1.000000,1.000000,1.000000,0,0,0,0
448,27,138,309,1.000000,1.000000,1.000000,1.000000,0,0,0,1
449,25,138,310,1.000000,1.000000,1.000000,1.000000,0,0,0,0
450,23,138,311,1.000000,1.000000,1.000000,1.000000,1,0,0,0
451,21,138,312,1.000000,1.000000,1.000000,1.000000,0,0,0,0
452,29,139,312,1.000000,1.000000,1.000000,1.000000,0,0,0,0
453,27,139,313,1.000000,1.000000,1.000000,1.000000,0,0,0,0
454,25,139,314,1.000000,1.000000,1.000000,1.000000,0,0,0,0
455,23,139,315,1.000000,1.000000,1.000000,1.000000,0,0,0,1
456,21,139,316,1.000000,1.000000,1.000000,1.000000,0,0,0,0
457,29,140,316,1.000000,1.000000,1.000000,1.000000,0,0,0,0
458,27,140,317,1.000000,1.000000,1.000000,1.000000,0,0,0,0
459,25,140,318,1.000000,1.000000,1.000000,1.000000,0,0,0,0
460,23,140,319,1.000000,1.000000,1.000000,1.000000,0,1,0,0
461,21,140,320,1.000000,1.000000,1.000000,1.000000,0,0,0,0
462,29,141,320,1.000000,1.000000,1.000000,1.000000,0,0,0,0
463,27,141,321,1.000000,1.000000,1.000000,1.000000,0,0,0,0
464,25,141,322,1.000000,1.000000,1.000000,1.000000,0,0,0,0
465,23,141,323,1.000000,1.000000,1.000000,1.000000,1,0,0,0
466,21,141,324,1.000000,1.000000,1.000000,1.000000,0,0,0,0
467,29,142,324,1.000000,1.000000,1.000000,1.000000,0,0,0,0
468,27,142,325,1.000000,1.000000,1.000000,1.000000,0,0,0,1
469,25,142,326,1.000000,1.000000,1.000000,1.000000,0,0,0,0
470,29,143,326,1.000000,1.000000,1.000000,1.000000,0,0,0,0
471,27,143,327,1.000000,1.000000,1.000000,1.000000,0,0,0,0
472,25,143,328,1.000000,1.000000,1.000000,1.000000,1,0,0,0
473,23,143,329,1.000000,1.000000,1.000000,1.000000,0,0,0,1
474,29,144,329,1.000000,1.000000,1.000000,1.000000,0,0,0,1
475,27,144,330,1.000000,1.000000,1.000000,1.000000,0,0,0,0
476,29,145,330,1.000000,1.000000,1.000000,1.000000,0,0,0,0
477,27,145,331,1.000000,1.000000,1.000000,1.000000,0,0,0,0
478,25,145,332,1.000000,1.000000,1.000000,1.000000,0,0,0,0
479,23,145,333,1.000000,1.000000,1.000000,1.000000,0,0,0,0
480,21,145,334,1.000000,1.000000,1.000000,1.000000,0,0,0,0
481,19,145,335,1.000000,1.000000,1.000000,1.000000,0,0,1,1
482,17,145,336,1.000000,1.000000,1.000000,1.000000,0,0,1,1
483,29,146,336,1.000000,1.000000,1.000000,1.000000,0,0,1,1
484,27,146,337,1.000000,1.000000,1.000000,1.000000,0,0,0,0
485,29,147,337,1.000000,1.000000,1.000000,1.000000,0,0,0,0
486,27,147,338,1.000000,1.000000,1.000000,1.000000,0,1,1,0
487,25,147,339,1.000000,1.000000,1.000000,1.000000,0,1,1,0
488,29,148,339,1.000000,1.000000,1.000000,1.000000,0,1,1,0
489,27,148,340,1.000000,1.000000,1.000000,1.000000,0,0,0,1
490,25,148,341,1.000000,1.000000,1.000000,1.000000,0,1,0,1
491,29,149,341,1.000000,1.000000,1.000000,1.000000,0,1,0,1
492,27,149,342,1.000000,1.000000,1.000000,1.000000,0,0,0,0
493,29,150,342,1.000000,1.000000,1.000000,1.000000,0,0,0,0
494,27,150,343,1.000000,1.000000,1.000000,1.000000,0,0,0,0
495,25,150,344,1.000000,1.000000,1.000000,1.000000,0,0,1,0
496,23,150,345,1.000000,1.000000,1.000000,1.000000,0,0,0,0
497,29,151,345,1.000000,1.000000,1.000000,1.000000,0,0,0,0
498,27,151,346,1.000000,1.000000,1.000000,1.000000,0,0,0,0
499,25,151,347,1.000000,1.000000,1.000000,1.000000,0,0,0,0
500,23,151,348,1.000000,1.000000,1.000000,1.000000,0,1,0,0
501,21,151,349,1.000000,1.000000,1.000000,1.000000,0,0,0,0
502,29,152,349,1.000000,1.000000,1.000000,1.000000,0,0,0,0
503,27,152,350,1.000000,1.000000,1.000000,1.000000,0,0,1,0
504,25,152,351,1.000000,1.000000,1.000000,1.000000,0,0,1,0
505,29,153,351,1.000000,1.000000,1.000000,1.000000,0,0,1,0
506,27,153,352,1.000000,1.000000,1.000000,1.000000,0,0,0,0
507,25,153,353,1.000000,1.000000,1.000000,1.000000,0,0,0,1
508,23,153,354,1.000000,1.000000,1.000000,1.000000,0,0,0,0
509,29,154,354,1.000000,1.000000,1.000000,1.000000,0,0,0,0
510,27,154,355,1.000000,1.000000,1.000000,1.000000,0,0,0,0
511,25,154,356,1.000000,1.000000,1.000000,1.000000,1,0,0,0
512,23,154,357,1.000000,1.000000,1.000000,1.000000,0,0,0,0
513,29,155,357,1.000000,1.000000,1.000000,1.000000,0,0,0,0
514,27,155,358,1.000000,1.000000,1.000000,1.000000,0,0,0,0
515,25,155,359,1.000000,1.000000,1.000000,1.000000,0,0,0,0
516,23,155,360,1.000000,1.000000,1.000000,1.000000,0,0,0,0
517,21,155,361,1.000000,1.000000,1.000000,1.000000,0,0,0,0
518,19,155,362,1.000000,1.000000,1.000000,1.000000,1,0,0,0
519,17,155,363,1.000000,1.000000,1.000000,1.000000,0,1,0,1
520,29,156,363,1.000000,1.000000,1.000000,1.000000,0,1,0,1
521,27,156,364,1.000000,1.000000,1.000000,1.000000,0,0,0,0
522,29,157,364,1.000000,1.000000,1.000000,1.000000,0,0,0,0
523,27,157,365,1.000000,1.000000,1.000000,1.000000,0,0,0,0
524,25,157,366,1.000000,1.000000,1.000000,1.000000,0,0,1,0
525,23,157,367,1.000000,1.000000,1.000000,1.000000,0,0,0,1
526,29,158,367,1.000000,1.000000,1.000000,1.000000,0,0,0,1
527,27,158,368,1.000000,1.000000,1.000000,1.000000,0,0,0,1
528,29,159,368,1.000000,1.000000,1.000000,1.000000,0,0,0,1
529,27,159,369,1.000000,1.000000,1.000000,1.000000,0,0,1,0
530,29,160,369,1.000000,1.000000,1.000000,1.000000,0,0,1,0
531,27,160,370,1.000000,1.000000,1.000000,1.000000,0,0,0,0
532,25,160,371,1.000000,1.000000,1.000000,1.000000,0,0,0,0
533,23,160,372,1.000000,1.000000,1.000000,1.000000,0,0,0,0
534,21,160,373,1.000000,1.000000,1.000000,1.000000,0,0,0,0
535,19,160,374,1.000000,1.000000,1.000000,1.000000,1,0,0,0
536,17,160,375,1.000000,1.000000,1.000000,1.000000,0,0,0,0
537,29,161,375,1.000000,1.000000,1.000000,1.000000,0,0,0,0
538,27,161,376,1.000000,1.000000,1.000000,1.000000,0,1,0,1
539,25,161,377,1.000000,1.000000,1.000000,1.000000,1,0,0,0
540,29,162,377,1.000000,1.000000,1.000000,1.000000,1,0,0,0
541,27,162,378,1.000000,1.000000,1.000000,1.000000,0,0,0,0
542,29,163,378,1.000000,1.000000,1.000000,1.000000,0,0,0,0
543,27,163,379,1.000000,1.000000,1.000000,1.000000,0,0,0,0
544,25,163,380,1.000000,1.000000,1.000000,1.000000,0,0,0,0
545,23,163,381,1.000000,1.000000,1.000000,1.000000,1,0,0,0
546,21,163,382,1.000000,1.000000,1.000000,1.000000,0,0,0,0
547,29,164,382,1.000000,1.000000,1.000000,1.000000,0,0,0,0
548,27,164,383,1.000000,1.000000,1.000000,1.000000,0,0,0,0
549,25,164,384,1.000000,1.000000,1.000000,1.000000,0,0,0,0
550,23,164,385,1.000000,1.000000,1.000000,1.000000,0,0,0,0
551,21,164,386,1.000000,1.000000,1.000000,1.000000,0,0,0,0
552,19,164,387,1.000000,1.000000,1.000000,1.000000,0,0,0,0
553,17,164,388,1.000000,1.000000,1.000000,1.000000,0,0,0,1
554,15,164,389,1.000000,1.000000,1.000000,1.000000,0,0,0,0
555,29,165,389,1.000000,1.000000,1.000000,1.000000,0,0,0,0
556,27,165,390,1.000000,1.000000,1.000000,1.000000,0,0,1,0
557,25,165,391,1.000000,1.000000,1.000000,1.000000,0,0,0,0
558,23,165,392,1.000000,1.000000,1.000000,1.000000,0,0,0,0
559,21,165,393,1.000000,1.000000,1.000000,1.000000,1,0,0,0
560,19,165,394,1.000000,1.000000,1.000000,1.000000,0,0,0,1
561,29,166,394,1.000000,1.000000,1.000000,1.000000,0,0,0,1
562,27,166,395,1.000000,1.000000,1.000000,1.000000,0,0,0,0
563,29,167,395,1.000000,1.000000,1.000000,1.000000,0,0,0,0
564,27,167,396,1.000000,1.000000,1.000000,1.000000,0,0,0,1
565,25,167,397,1.000000,1.000000,1.000000,1.000000,0,0,0,1
566,29,168,397,1.000000,1.000000,1.000000,1.000000,0,0,0,1
567,27,168,398,1.000000,1.000000,1.000000,1.000000,0,0,0,0
568,25,168,399,1.000000,1.000000,1.000000,1.000000,1,0,0,0
569,23,168,400,1.000000,1.000000,1.000000,1.000000,1,0,0,1
570,29,169,400,1.000000,1.000000,1.000000,1.000000,1,0,0,1
571,27,169,401,1.000000,1.000000,1.000000,1.000000,1,0,0,0
572,29,170,401,1.000000,1.000000,1.000000,1.000000,1,0,0,0
573,27,170,402,1.000000,1.000000,1.000000,1.000000,0,0,0,0
574,29,171,402,1.000000,1.000000,1.000000,1.000000,0,0,0,0
575,27,171,403,1.000000,1.000000,1.000000,1.000000,0,0,0,0
576,25,171,404,1.000000,1.000000,1.000000,1.000000,0,0,0,0
577,23,171,405,1.000000,1.000000,1.000000,1.000000,0,0,0,0
578,21,171,406,1.000000,1.000000,1.000000,1.000000,0,1,0,0
579,19,171,407,1.000000,1.000000,1.000000,1.000000,0,1,0,0
580,29,172,407,1.000000,1.000000,1.000000,1.000000,0,1,0,0
581,27,172,408,1.000000,1.000000,1.000000,1.000000,0,0,1,0
582,25,172,409,1.000000,1.000000,1.000000,1.000000,0,0,0,0
583,29,173,409,1.000000,1.000000,1.000000,1.000000,0,0,0,0
584,27,173,410,1.000000,1.000000,1.000000,1.000000,0,0,0,0
585,25,173,411,1.000000,1.000000,1.000000,1.000000,0,1,0,0
586,23,173,412,1.000000,1.000000,1.000000,1.000000,0,0,0,0
587,29,174,412,1.000000,1.000000,1.000000,1.000000,0,0,0,0
588,27,174,413,1.000000,1.000000,1.000000,1.000000,0,0,0,0
589,25,174,414,1.000000,1.000000,1.000000,1.000000,0,0,0,1
590,23,174,415,1.000000,1.000000,1.000000,1.000000,1,0,1,0
591,29,175,415,1.000000,1.000000,1.000000,1.000000,1,0,1,0
592,27,175,416,1.000000,1.000000,1.000000,1.000000,0,0,0,0
593,29,176,416,1.000000,1.000000,1.000000,1.000000,0,0,0,0
594,27,176,417,1.000000,1.000000,1.000000,1.000000,0,0,0,1
595,25,176,418,1.000000,1.000000,1.000000,1.000000,1,0,0,0
596,29,177,418,1.000000,1.000000,1.000000,1.000000,1,0,0,0
597,27,177,419,1.000000,1.000000,1.000000,1.000000,0,0,0,0
598,29,178,419,1.000000,1.000000,1.000000,1.000000,0,0,0,0
599,27,178,420,1.000000,1.000000,1.000000,1.000000,0,0,0,0
600,25,178,421,1.000000,1.000000,1.000000,1.000000,0,0,0,0
601,23,178,422,1.000000,1.000000,1.000000,1.000000,0,0,0,0
602,21,178,423,1.000000,1.000000,1.000000,1.000000,0,0,0,0
603,19,178,424,1.000000,1.000000,1.000000,1.000000,1,0,0,0
604,17,178,425,1.000000,1.000000,1.000000,1.000000,0,1,0,0
605,29,179,425,1.000000,1.000000,1.000000,1.000000,0,1,0,0
606,27,179,426,1.000000,1.000000,1.000000,1.000000,0,0,0,0
607,29,180,426,1.000000,1.000000,1.000000,1.000000,0,0,0,0
608,27,180,427,1.000000,1.000000,1.000000,1.000000,0,0,0,0
609,25,180,428,1.000000,1.000000,1.000000,1.000000,0,0,0,0
610,23,180,429,1.000000,1.000000,1.000000,1.000000,0,1,0,0
611,21,180,430,1.000000,1.000000,1.000000,1.000000,0,0,0,0
612,29,181,430,1.000000,1.000000,1.000000,1.000000,0,0,0,0
613,27,181,431,1.000000,1.000000,1.000000,1.000000,0,0,0,0
614,25,181,432,1.000000,1.000000,1.000000,1.000000,0,0,0,0
615,23,181,433,1.000000,1.000000,1.000000,1.000000,0,0,0,0
616,21,181,434,1.000000,1.000000,1.000000,1.000000,0,0,0,0
617,19,181,435,1.000000,1.000000,1.000000,1.000000,0,0,0,0
618,17,181,436,1.000000,1.000000,1.000000,1.000000,0,0,0,0
619,15,181,437,1.000000,1.000000,1.000000,1.000000,0,1,0,0
620,13,181,438,1.000000,1.000000,1.000000,1.000000,1,0,0,0
621,29,182,438,1.000000,1.000000,1.000000,1.000000,1,0,0,0
622,27,182,439,1.000000,1.000000,1.000000,1.000000,0,0,0,0
623,29,183,439,1.000000,1.000000,1.000000,1.000000,0,0,0,0
624,27,183,440,1.000000,1.000000,1.000000,1.000000,0,0,0,0
625,25,183,441,1.000000,1.000000,1.000000,1.000000,0,0,0,0
626,23,183,442,1.000000,1.000000,1.000000,1.000000,0,1,0,1
627,21,183,443,1.000000,1.000000,1.000000,1.000000,0,0,0,0
628,29,184,443,1.000000,1.000000,1.000000,1.000000,0,0,0,0
629,27,184,444,1.000000,1.000000,1.000000,1.000000,0,1,0,0
630,25,184,445,1.000000,1.000000,1.000000,1.000000,0,1,0,0
631,29,185,445,1.000000,1.000000,1.000000,1.000000,0,1,0,0
632,27,185,446,1.000000,1.000000,1.000000,1.000000,0,0,0,0
633,25,185,447,1.000000,1.000000,1.000000,1.000000,0,1,0,0
634,23,185,448,1.000000,1.000000,1.000000,1.000000,0,0,1,0
635,21,185,449,1.000000,1.000000,1.000000,1.000000,1,0,0,0
636,29,186,449,1.000000,1.000000,1.000000,1.000000,1,0,0,0
637,27,186,450,1.000000,1.000000,1.000000,1.000000,0,0,0,0
638,29,187,450,1.000000,1.000000,1.000000,1.000000,0,0,0,0
639,27,187,451,1.000000,1.000000,1.000000,1.000000,0,0,0,0
640,25,187,452,1.000000,1.000000,1.000000,1.000000,0,0,0,0
641,23,187,453,1.000000,1.000000,1.000000,1.000000,0,0,0,0
642,21,187,454,1.000000,1.000000,1.000000,1.000000,0,0,0,1
643,19,187,455,1.000000,1.000000,1.000000,1.000000,0,0,0,0
644,29,188,455,1.000000,1.000000,1.000000,1.000000,0,0,0,0
645,27,188,456,1.000000,1.000000,1.000000,1.000000,0,0,0,0
646,25,188,457,1.000000,1.000000,1.000000,1.000000,0,0,0,0
647,23,188,458,1.000000,1.000000,1.000000,1.000000,0,0,0,0
648,21,188,459,1.000000,1.000000,1.000000,1.000000,0,0,0,1
649,19,188,460,1.000000,1.000000,1.000000,1.000000,1,0,0,0
650,17,188,461,1.000000,1.000000,1.000000,1.000000,0,0,1,0
651,29,189,461,1.000000,1.000000,1.000000,1.000000,0,0,1,0
652,27,189,462,1.000000,1.000000,1.000000,1.000000,1,0,0,0
653,25,189,463,1.000000,1.000000,1.000000,1.000000,1,0,0,0
654,29,190,463,1.000000,1.000000,1.000000,1.000000,1,0,0,0
655,27,190,464,1.000000,1.000000,1.000000,1.000000,0,1,0,0
656,29,191,464,1.000000,1.000000,1.000000,1.000000,0,1,0,0
657,27,191,465,1.000000,1.000000,1.000000,1.000000,1,0,0,0
658,29,192,465,1.000000,1.000000,1.000000,1.000000,1,0,0,0
659,27,192,466,1.000000,1.000000,1.000000,1.000000,0,0,0,0
660,29,193,466,1.000000,1.000000,1.000000,1.000000,0,0,0,0
661,27,193,467,1.000000,1.000000,1.000000,1.000000,0,0,0,0
662,25,193,468,1.000000,1.000000,1.000000,1.000000,0,0,0,0
663,23,193,469,1.000000,1.000000,1.000000,1.000000,0,0,0,0
664,21,193,470,1.000000,1.000000,1.000000,1.000000,1,0,0,0
665,19,193,471,1.000000,1.000000,1.000000,1.000000,0,0,0,0
666,17,193,472,1.000000,1.000000,1.000000,1.000000,1,1,0,0
667,15,193,473,1.000000,1.000000,1.000000,1.000000,0,0,0,0
668,29,194,473,1.000000,1.000000,1.000000,1.000000,0,0,0,0
669,27,194,474,1.000000,1.000000,1.000000,1.000000,0,1,0,0
670,25,194,475,1.000000,1.000000,1.000000,1.000000,0,0,0,0
671,29,195,475,1.000000,1.000000,1.000000,1.000000,0,0,0,0
672,27,195,476,1.000000,1.000000,1.000000,1.000000,0,0,0,0
673,25,195,477,1.000000,1.000000,1.000000,1.000000,0,0,0,0
674,23,195,478,1.000000,1.000000,1.000000,1.000000,0,1,0,0
675,21,195,479,1.000000,1.000000,1.000000,1.000000,1,0,1,0
676,29,196,479,1.000000,1.000000,1.000000,1.000000,1,0,1,0
677,27,196,480,1.000000,1.000000,1.000000,1.000000,0,1,0,0
678,29,197,480,1.000000,1.000000,1.000000,1.000000,0,1,0,0
679,27,197,481,1.000000,1.000000,1.000000,1.000000,1,1,0,0
680,29,198,481,1.000000,1.000000,1.000000,1.000000,1,1,0,0
681,27,198,482,1.000000,1.000000,1.000000,1.000000,0,0,0,0
682,29,199,482,1.000000,1.000000,1.000000,1.000000,0,0,0,0
683,27,199,483,1.000000,1.000000,1.000000,1.000000,0,0,0,0
684,25,199,484,1.000000,1.000000,1.000000,1.000000,0,0,0,0
685,23,199,485,1.000000,1.000000,1.000000,1.000000,1,0,1,0
686,21,199,486,1.000000,1.000000,1.000000,1.000000,0,0,0,0
687,29,200,486,1.000000,1.000000,1.000000,1.000000,0,0,0,0
688,27,200,487,1.000000,1.000000,1.000000,1.000000,0,0,1,0
689,25,200,488,1.000000,1.000000,1.000000,1.000000,0,0,0,0
690,29,201,488,1.000000,1.000000,1.000000,1.000000,0,0,0,0
691,27,201,489,1.000000,1.000000,1.000000,1.000000,0,0,0,0
692,25,201,490,1.000000,1.000000,1.000000,1.000000,0,0,0,0
693,23,201,491,1.000000,1.000000,1.000000,1.000000,0,0,0,0
694,21,201,492,1.000000,1.000000,1.000000,1.000000,0,0,0,0
695,19,201,493,1.000000,1.000000,1.000000,1.000000,1,0,0,0
696,17,201,494,1.000000,1.000000,1.000000,1.000000,0,1,0,0
697,29,202,494,1.000000,1.000000,1.000000,1.000000,0,1,0,0
698,27,202,495,1.000000,1.000000,1.000000,1.000000,0,0,0,0
699,29,203,495,1.000000,1.000000,1.000000,1.000000,0,0,0,0
700,27,203,496,1.000000,1.000000,1.000000,1.000000,0,0,0,0
701,25,203,497,1.000000,1.000000,1.000000,1.000000,0,0,1,1
702,23,203,498,1.000000,1.000000,1.000000,1.000000,0,0,0,0
703,29,204,498,1.000000,1.000000,1.000000,1.000000,0,0,0,0
704,27,204,499,1.000000,1.000000,1.000000,1.000000,1,0,1,0
705,25,204,500,1.000000,1.000000,1.000000,1.000000,0,0,1,0
706,29,205,500,1.000000,1.000000,1.000000,1.000000,0,0,1,0
707,27,205,501,1.000000,1.000000,1.000000,1.000000,0,1,0,1
708,29,206,501,1.000000,1.000000,1.000000,1.000000,0,1,0,1
709,27,206,502,1.000000,1.000000,1.000000,1.000000,0,0,1,0
710,29,207,502,1.000000,1.000000,1.000000,1.000000,0,0,1,0
711,27,207,503,1.000000,1.000000,1.000000,1.000000,0,0,1,0
712,25,207,504,1.000000,1.000000,1.000000,1.000000,1,0,0,0
713,23,207,505,1.000000,1.000000,1.000000,1.000000,0,0,1,0
714,21,207,506,1.000000,1.000000,1.000000,1.000000,1,0,0,0
715,29,208,506,1.000000,1.000000,1.000000,1.000000,1,0,0,0
716,27,208,507,1.000000,1.000000,1.000000,1.000000,0,0,0,0
717,29,209,507,1.000000,1.000000,1.000000,1.000000,0,0,0,0
718,27,209,508,1.000000,1.000000,1.000000,1.000000,0,0,0,0
719,25,209,509,1.000000,1.000000,1.000000,1.000000,0,0,0,1
720,23,209,510,1.000000,1.000000,1.000000,1.000000,0,0,1,0
721,29,210,510,1.000000,1.000000,1.000000,1.000000,0,0,1,0
722,27,210,511,1.000000,1.000000,1.000000,1.000000,0,0,0,1
723,29,211,511,1.000000,1.000000,1.000000,1.000000,0,0,0,1
724,27,211,512,1.000000,1.000000,1.000000,1.000000,0,0,1,0
725,29,212,512,1.000000,1.000000,1.000000,1.000000,0,0,1,0
726,27,212,513,1.000000,1.000000,1.000000,1.000000,0,0,0,0
727,29,213,513,1.000000,1.000000,1.000000,1.000000,0,0,0,0
728,27,213,514,1.000000,1.000000,1.000000,1.000000,0,0,1,0
729,25,213,515,1.000000,1.000000,1.000000,1.000000,0,0,1,0
730,29,214,515,1.000000,1.000000,1.000000,1.000000,0,0,1,0
731,27,214,516,1.000000,1.000000,1.000000,1.000000,0,0,0,0
732,29,215,516,1.000000,1.000000,1.000000,1.000000,0,0,0,0
733,27,215,517,1.000000,1.000000,1.000000,1.000000,0,0,0,0
734,25,215,518,1.000000,1.000000,1.000000,1.000000,1,1,0,0
735,23,215,519,1.000000,1.000000,1.000000,1.000000,1,0,0,0
736,29,216,519,1.000000,1.000000,1.000000,1.000000,1,0,0,0
737,27,216,520,1.000000,1.000000,1.000000,1.000000,0,0,0,0
738,29,217,520,1.000000,1.000000,1.000000,1.000000,0,0,0,0
739,27,217,521,1.000000,1.000000,1.000000,1.000000,0,0,0,0
740,25,217,522,1.000000,1.000000,1.000000,1.000000,0,0,0,0
741,23,217,523,1.000000,1.000000,1.000000,1.000000,0,0,0,0
742,21,217,524,1.000000,1.000000,1.000000,1.000000,0,0,0,0
743,19,217,525,1.000000,1.000000,1.000000,1.000000,0,0,0,0
744,17,217,526,1.000000,1.000000,1.000000,1.000000,0,0,0,0
745,15,217,527,1.000000,1.000000,1.000000,1.000000,1,0,0,0
746,13,217,528,1.000000,1.000000,1.000000,1.000000,1,0,0,0
747,29,218,528,1.000000,1.000000,1.000000,1.000000,1,0,0,0
748,27,218,529,1.000000,1.000000,1.000000,1.000000,1,0,0,0
749,25,218,530,1.000000,1.000000,1.000000,1.000000,0,1,1,0
750,29,219,530,1.000000,1.000000,1.000000,1.000000,0,1,1,0
751,27,219,531,1.000000,1.000000,1.000000,1.000000,1,1,0,0
752,29,220,531,1.000000,1.000000,1.000000,1.000000,1,1,0,0
753,27,220,532,1.000000,1.000000,1.000000,1.000000,0,0,0,0
754,29,221,532,1.000000,1.000000,1.000000,1.000000,0,0,0,0
755,27,221,533,1.000000,1.000000,1.000000,1.000000,0,1,0,0
756,25,221,534,1.000000,1.000000,1.000000,1.000000,0,0,0,0
757,29,222,534,1.000000,1.000000,1.000000,1.000000,0,0,0,0
758,27,222,535,1.000000,1.000000,1.000000,1.000000,0,0,0,0
759,25,222,536,1.000000,1.000000,1.000000,1.000000,0,0,0,0
760,23,222,537,1.000000,1.000000,1.000000,1.000000,0,0,0,0
761,21,222,538,1.000000,1.000000,1.000000,1.000000,0,1,0,0
762,19,222,539,1.000000,1.000000,1.000000,1.000000,0,1,0,0
763,29,223,539,1.000000,1.000000,1.000000,1.000000,0,1,0,0
764,27,223,540,1.000000,1.000000,1.000000,1.000000,0,0,1,0
765,29,224,540,1.000000,1.000000,1.000000,1.000000,0,0,1,0
766,27,224,541,1.000000,1.000000,1.000000,1.000000,0,0,0,0
767,29,225,541,1.000000,1.000000,1.000000,1.000000,0,0,0,0
768,27,225,542,1.000000,1.000000,1.000000,1.000000,0,0,0,0
769,25,225,543,1.000000,1.000000,1.000000,1.000000,0,0,0,0
770,23,225,544,1.000000,1.000000,1.000000,1.000000,0,0,0,0
771,21,225,545,1.000000,1.000000,1.000000,1.000000,0,0,0,0
772,19,225,546,1.000000,1.000000,1.000000,1.000000,0,0,0,0
773,17,225,547,1.000000,1.000000,1.000000,1.000000,0,0,0,0
774,15,225,548,1.000000,1.000000,1.000000,1.000000,0,0,0,0
775,13,225,549,1.000000,1.000000,1.000000,1.000000,0,0,0,0
776,11,225,550,1.000000,1.000000,1.000000,1.000000,0,0,0,0
777,9,225,551,1.000000,1.000000,1.000000,1.000000,0,1,0,0
778,7,225,552,1.000000,1.000000,1.000000,1.000000,1,0,0,0
779,29,226,552,1.000000,1.000000,1.000000,1.000000,1,0,0,0
780,27,226,553,1.000000,1.000000,1.000000,1.000000,1,1,0,0
781,29,227,553,1.000000,1.000000,1.000000,1.000000,1,1,0,0
782,27,227,554,1.000000,1.000000,1.000000,1.000000,0,0,0,0
783,29,228,554,1.000000,1.000000,1.000000,1.000000,0,0,0,0
784,27,228,555,1.000000,1.000000,1.000000,1.000000,1,0,0,0
785,25,228,556,1.000000,1.000000,1.000000,1.000000,0,0,0,1
786,29,229,556,1.000000,1.000000,1.000000,1.000000,0,0,0,1
787,27,229,557,1.000000,1.000000,1.000000,1.000000,1,0,0,0
788,29,230,557,1.000000,1.000000,1.000000,1.000000,1,0,0,0
789,27,230,558,1.000000,1.000000,1.000000,1.000000,1,0,0,0
790,29,231,558,1.000000,1.000000,1.000000,1.000000,1,0,0,0
791,27,231,559,1.000000,1.000000,1.000000,1.000000,1,1,0,1
792,25,231,560,1.000000,1.000000,1.000000,1.000000,0,1,1,1
793,29,232,560,1.000000,1.000000,1.000000,1.000000,0,1,1,1
794,27,232,561,1.000000,1.000000,1.000000,1.000000,0,0,1,0
795,29,233,561,1.000000,1.000000,1.000000,1.000000,0,0,1,0
796,27,233,562,1.000000,1.000000,1.000000,1.000000,0,1,0,1
797,29,234,562,1.000000,1.000000,1.000000,1.000000,0,1,0,1
798,27,234,563,1.000000,1.000000,1.000000,1.000000,0,1,0,0
799,29,235,563,1.000000,1.000000,1.000000,1.000000,0,1,0,0
800,27,235,564,1.000000,1.000000,1.000000,1.000000,1,0,0,0
801,29,236,564,1.000000,1.000000,1.000000,1.000000,1,0,0,0
802,27,236,565,1.000000,1.000000,1.000000,1.000000,0,1,1,0
803,25,236,566,1.000000,1.000000,1.000000,1.000000,0,0,0,0
804,29,237,566,1.000000,1.000000,1.000000,1.000000,0,0,0,0
805,27,237,567,1.000000,1.000000,1.000000,1.000000,0,0,0,0
806,25,237,568,1.000000,1.000000,1.000000,1.000000,1,0,0,0
807,23,237,569,1.000000,1.000000,1.000000,1.000000,1,0,0,1
808,29,238,569,1.000000,1.000000,1.000000,1.000000,1,0,0,1
809,27,238,570,1.000000,1.000000,1.000000,1.000000,0,0,0,1
810,25,238,571,1.000000,1.000000,1.000000,1.000000,0,1,0,0
811,29,239,571,1.000000,1.000000,1.000000,1.000000,0,1,1,0
812,27,239,572,1.000000,1.000000,1.000000,1.000000,0,0,0,1
813,29,240,572,1.000000,1.000000,1.000000,1.000000,0,1,0,1
814,27,240,573,1.000000,1.000000,1.000000,1.000000,1,0,1,0
815,25,240,574,1.000000,1.000000,1.000000,1.000000,1,0,1,0
816,23,240,575,1.000000,1.000000,1.000000,1.000000,1,1,1,0
817,29,241,575,1.000000,1.000000,1.000000,1.000000,1,1,1,0
818,27,241,576,1.000000,1.000000,1.000000,1.000000,0,0,1,0
819,29,242,576,1.000000,1.000000,1.000000,1.000000,0,0,1,0
820,27,242,577,1.000000,1.000000,1.000000,1.000000,0,1,0,0
821,29,243,577,1.000000,1.000000,1.000000,1.000000,0,1,0,0
822,27,243,578,1.000000,1.000000,1.000000,1.000000,0,0,0,0
823,29,244,578,1.000000,1.000000,1.000000,1.000000,0,0,0,0
824,27,244,579,1.000000,1.000000,1.000000,1.000000,1,0,1,0
825,25,244,580,1.000000,1.000000,1.000000,1.000000,0,0,0,0
826,29,245,580,1.000000,1.000000,1.000000,1.000000,0,0,0,0
827,27,245,581,1.000000,1.000000,1.000000,1.000000,0,0,0,1
828,25,245,582,1.000000,1.000000,1.000000,1.000000,1,0,0,0
829,29,246,582,1.000000,1.000000,1.000000,1.000000,1,0,0,0
830,27,246,583,1.000000,1.000000,1.000000,1.000000,1,0,0,1
831,29,247,583,1.000000,1.000000,1.000000,1.000000,1,0,0,1
832,27,247,584,1.000000,1.000000,1.000000,1.000000,1,0,0,0
833,29,248,584,1.000000,1.000000,1.000000,1.000000,1,0,0,0
834,27,248,585,1.000000,1.000000,1.000000,1.000000,1,0,0,1
835,29,249,585,1.000000,1.000000,1.000000,1.000000,1,0,0,1
836,27,249,586,1.000000,1.000000,1.000000,1.000000,0,0,0,0
837,29,250,586,1.000000,1.000000,1.000000,1.000000,0,0,0,0
838,27,250,587,1.000000,1.000000,1.000000,1.000000,0,0,0,0
839,25,250,588,1.000000,1.000000,1.000000,1.000000,1,0,0,1
840,23,250,589,1.000000,1.000000,1.000000,1.000000,0,0,0,0
841,29,251,589,1.000000,1.000000,1.000000,1.000000,0,0,0,0
842,27,251,590,1.000000,1.000000,1.000000,1.000000,1,0,0,0
843,25,251,591,1.000000,1.000000,1.000000,1.000000,0,0,0,0
844,29,252,591,1.000000,1.000000,1.000000,1.000000,0,0,0,0
845,27,252,592,1.000000,1.000000,1.000000,1.000000,0,0,0,0
846,25,252,593,1.000000,1.000000,1.000000,1.000000,0,0,0,0
847,23,252,594,1.000000,1.000000,1.000000,1.000000,0,0,0,0
848,21,252,595,1.000000,1.000000,1.000000,1.000000,0,1,0,0
849,19,252,596,1.000000,1.000000,1.000000,1.000000,0,0,1,0
850,29,253,596,1.000000,1.000000,1.000000,1.000000,0,0,1,0
851,27,253,597,1.000000,1.000000,1.000000,1.000000,0,0,1,1
852,25,253,598,1.000000,1.000000,1.000000,1.000000,0,1,0,0
853,29,254,598,1.000000,1.000000,1.000000,1.000000,0,1,0,0
854,27,254,599,1.000000,1.000000,1.000000,1.000000,0,0,1,0
855,25,254,600,1.000000,1.000000,1.000000,1.000000,1,0,1,0
856,29,255,600,1.000000,1.000000,1.000000,1.000000,1,0,1,0
857,27,255,601,1.000000,1.000000,1.000000,1.000000,0,0,1,1
858,29,256,601,1.000000,1.000000,1.000000,1.000000,0,0,1,1
859,27,256,602,1.000000,1.000000,1.000000,1.000000,0,0,0,1
860,29,257,602,1.000000,1.000000,1.000000,1.000000,0,0,0,1
861,27,257,603,1.000000,1.000000,1.000000,1.000000,1,0,1,1
862,29,258,603,1.000000,1.000000,1.000000,1.000000,1,0,1,1
863,27,258,604,1.000000,1.000000,1.000000,1.000000,0,0,0,1
864,29,259,604,1.000000,1.000000,1.000000,1.000000,0,0,0,1
865,27,259,605,1.000000,1.000000,1.000000,1.000000,0,0,1,0
866,29,260,605,1.000000,1.000000,1.000000,1.000000,0,0,1,0
867,27,260,606,1.000000,1.000000,1.000000,1.000000,0,0,0,1
868,25,260,607,1.000000,1.000000,1.000000,1.000000,0,1,0,0
869,23,260,608,1.000000,1.000000,1.000000,1.000000,0,0,0,1
870,29,261,608,1.000000,1.000000,1.000000,1.000000,0,0,0,1
871,27,261,609,1.000000,1.000000,1.000000,1.000000,0,0,0,0
872,29,262,609,1.000000,1.000000,1.000000,1.000000,0,0,0,0
873,27,262,610,1.000000,1.000000,1.000000,1.000000,0,0,0,0
874,25,262,611,1.000000,1.000000,1.000000,1.000000,0,1,0,0
875,23,262,612,1.000000,1.000000,1.000000,1.000000,0,0,1,0
876,29,263,612,1.000000,1.000000,1.000000,1.000000,1,0,1,0
877,27,263,613,1.000000,1.000000,1.000000,1.000000,0,1,0,0
878,29,264,613,1.000000,1.000000,1.000000,1.000000,1,1,0,0
879,27,264,614,1.000000,1.000000,1.000000,1.000000,0,1,0,0
880,29,265,614,1.000000,1.000000,1.000000,1.000000,0,1,0,1
881,27,265,615,1.000000,1.000000,1.000000,1.000000,0,0,0,0
882,29,266,615,1.000000,1.000000,1.000000,1.000000,0,0,0,0
883,27,266,616,1.000000,1.000000,1.000000,1.000000,0,1,0,0
884,25,266,617,1.000000,1.000000,1.000000,1.000000,1,0,1,0
885,29,267,617,1.000000,1.000000,1.000000,1.000000,1,0,1,0
886,27,267,618,1.000000,1.000000,1.000000,1.000000,1,0,0,0
887,29,268,618,1.000000,1.000000,1.000000,1.000000,1,0,0,0
888,27,268,619,1.000000,1.000000,1.000000,1.000000,1,0,0,1
889,29,269,619,1.000000,1.000000,1.000000,1.000000,1,0,0,1
890,27,269,620,1.000000,1.000000,1.000000,1.000000,0,0,0,0
891,29,270,620,1.000000,1.000000,1.000000,1.000000,0,0,0,0
892,27,270,621,1.000000,1.000000,1.000000,1.000000,1,0,0,0
893,25,270,622,1.000000,1.000000,1.000000,1.000000,1,0,0,0
894,29,271,622,1.000000,1.000000,1.000000,1.000000,1,0,0,0
895,27,271,623,1.000000,1.000000,1.000000,1.000000,1,1,0,0
896,25,271,624,1.000000,1.000000,1.000000,1.000000,1,0,0,1
897,29,272,624,1.000000,1.000000,1.000000,1.000000,1,0,0,1
898,27,272,625,1.000000,1.000000,1.000000,1.000000,0,0,0,0
899,29,273,625,1.000000,1.000000,1.000000,1.000000,0,0,0,0
900,27,273,626,1.000000,1.000000,1.000000,1.000000,1,0,1,0
901,25,273,627,1.000000,1.000000,1.000000,1.000000,0,0,0,1
902,29,274,627,1.000000,1.000000,1.000000,1.000000,0,0,0,1
903,27,274,628,1.000000,1.000000,1.000000,1.000000,0,0,0,1
904,29,275,628,1.000000,1.000000,1.000000,1.000000,0,0,0,1
905,27,275,629,1.000000,1.000000,1.000000,1.000000,0,0,1,0
906,29,276,629,1.000000,1.000000,1.000000,1.000000,0,0,1,0
907,27,276,630,1.000000,1.000000,1.000000,1.000000,0,0,0,0
908,29,277,630,1.000000,1.000000,1.000000,1.000000,0,0,0,0
909,27,277,631,1.000000,1.000000,1.000000,1.000000,0,0,0,0
910,25,277,632,1.000000,1.000000,1.000000,1.000000,0,0,0,0
911,23,277,633,1.000000,1.000000,1.000000,1.000000,1,0,0,0
912,21,277,634,1.000000,1.000000,1.000000,1.000000,0,0,0,1
913,29,278,634,1.000000,1.000000,1.000000,1.000000,0,0,0,1
914,27,278,635,1.000000,1.000000,1.000000,1.000000,0,0,0,0
915,29,279,635,1.000000,1.000000,1.000000,1.000000,0,0,0,0
916,27,279,636,1.000000,1.000000,1.000000,1.000000,0,0,0,0
917,25,279,637,1.000000,1.000000,1.000000,1.000000,0,1,0,0
918,23,279,638,1.000000,1.000000,1.000000,1.000000,0,0,0,0
919,21,279,639,1.000000,1.000000,1.000000,1.000000,0,0,0,0
920,19,279,640,1.000000,1.000000,1.000000,1.000000,0,0,1,0
921,17,279,641,1.000000,1.000000,1.000000,1.000000,0,1,0,0
922,15,279,642,1.000000,1.000000,1.000000,1.000000,0,1,0,1
923,29,280,642,1.000000,1.000000,1.000000,1.000000,0,1,0,1
924,27,280,643,1.000000,1.000000,1.000000,1.000000,0,0,0,0
925,25,280,644,1.000000,1.000000,1.000000,1.000000,0,0,1,0
926,23,280,645,1.000000,1.000000,1.000000,1.000000,0,0,0,0
927,29,281,645,1.000000,1.000000,1.000000,1.000000,0,0,0,0
928,27,281,646,1.000000,1.000000,1.000000,1.000000,0,0,1,0
929,25,281,647,1.000000,1.000000,1.000000,1.000000,0,0,1,0
930,29,282,647,1.000000,1.000000,1.000000,1.000000,0,0,1,0
931,27,282,648,1.000000,1.000000,1.000000,1.000000,0,0,0,1
932,29,283,648,1.000000,1.000000,1.000000,1.000000,0,0,0,1
933,27,283,649,1.000000,1.000000,1.000000,1.000000,0,0,1,1
934,25,283,650,1.000000,1.000000,1.000000,1.000000,0,1,0,0
935,29,284,650,1.000000,1.000000,1.000000,1.000000,0,1,0,0
936,27,284,651,1.000000,1.000000,1.000000,1.000000,0,0,1,0
937,29,285,651,1.000000,1.000000,1.000000,1.000000,0,0,1,0
938,27,285,652,1.000000,1.000000,1.000000,1.000000,0,0,0,0
939,29,286,652,1.000000,1.000000,1.000000,1.000000,0,0,0,0
940,27,286,653,1.000000,1.000000,1.000000,1.000000,0,0,1,0
941,25,286,654,1.000000,1.000000,1.000000,1.000000,0,0,1,0
942,29,287,654,1.000000,1.000000,1.000000,1.000000,0,0,1,0
943,27,287,655,1.000000,1.000000,1.000000,1.000000,0,0,1,1
944,29,288,655,1.000000,1.000000,1.000000,1.000000,0,0,1,1
945,27,288,656,1.000000,1.000000,1.000000,1.000000,0,0,1,0
946,29,289,656,1.000000,1.000000,1.000000,1.000000,0,0,1,0
947,27,289,657,1.000000,1.000000,1.000000,1.000000,0,0,1,1
948,29,290,657,1.000000,1.000000,1.000000,1.000000,0,0,1,1
949,27,290,658,1.000000,1.000000,1.000000,1.000000,0,0,0,1
950,29,291,658,1.000000,1.000000,1.000000,1.000000,0,0,0,1
951,27,291,659,1.000000,1.000000,1.000000,1.000000,1,0,1,1
952,29,292,659,1.000000,1.000000,1.000000,1.000000,1,0,1,1
953,27,292,660,1.000000,1.000000,1.000000,1.000000,0,0,1,0
954,29,293,660,1.000000,1.000000,1.000000,1.000000,0,0,1,0
955,27,293,661,1.000000,1.000000,1.000000,1.000000,0,1,0,0
956,29,294,661,1.000000,1.000000,1.000000,1.000000,0,1,0,0
957,27,294,662,1.000000,1.000000,1.000000,1.000000,0,0,0,0
958,29,295,662,1.000000,1.000000,1.000000,1.000000,0,0,0,0
959,27,295,663,1.000000,1.000000,1.000000,1.000000,1,0,1,0
960,25,295,664,1.000000,1.000000,1.000000,1.000000,0,0,0,0
961,29,296,664,1.000000,1.000000,1.000000,1.000000,0,0,0,0
962,27,296,665,1.000000,1.000000,1.000000,1.000000,0,0,1,0
963,25,296,666,1.000000,1.000000,1.000000,1.000000,0,0,1,0
964,29,297,666,1.000000,1.000000,1.000000,1.000000,0,0,1,0
965,27,297,667,1.000000,1.000000,1.000000,1.000000,0,1,1,0
966,29,298,667,1.000000,1.000000,1.000000,1.000000,0,1,1,0
967,27,298,668,1.000000,1.000000,1.000000,1.000000,0,0,0,0
968,29,299,668,1.000000,1.000000,1.000000,1.000000,0,0,0,0
969,27,299,669,1.000000,1.000000,1.000000,1.000000,0,0,1,0
970,25,299,670,1.000000,1.000000,1.000000,1.000000,0,0,0,0
971,29,300,670,1.000000,1.000000,1.000000,1.000000,0,0,0,0
972,27,300,671,1.000000,1.000000,1.000000,1.000000,0,0,1,0
973,25,300,672,1.000000,1.000000,1.000000,1.000000,0,0,0,0
974,23,300,673,1.000000,1.000000,1.000000,1.000000,0,1,0,0
975,21,300,674,1.000000,1.000000,1.000000,1.000000,0,0,0,0
976,29,301,674,1.000000,1.000000,1.000000,1.000000,0,0,0,0
977,27,301,675,1.000000,1.000000,1.000000,1.000000,0,0,0,0
978,25,301,676,1.000000,1.000000,1.000000,1.000000,0,0,0,0
979,23,301,677,1.000000,1.000000,1.000000,1.000000,0,0,0,0
980,21,301,678,1.000000,1.000000,1.000000,1.000000,1,0,0,0
981,19,301,679,1.000000,1.000000,1.000000,1.000000,1,0,0,0
982,29,302,679,1.000000,1.000000,1.000000,1.000000,1,1,0,0
983,27,302,680,1.000000,1.000000,1.000000,1.000000,0,0,0,0
984,29,303,680,1.000000,1.000000,1.000000,1.000000,0,0,0,0
985,27,303,681,1.000000,1.000000,1.000000,1.000000,1,0,0,0
986,25,303,682,1.000000,1.000000,1.000000,1.000000,0,0,0,1
987,29,304,682,1.000000,1.000000,1.000000,1.000000,0,0,0,1
988,27,304,683,1.000000,1.000000,1.000000,1.000000,1,0,0,0
989,25,304,684,1.000000,1.000000,1.000000,1.000000,1,0,1,0
990,29,305,684,1.000000,1.000000,1.000000,1.000000,1,0,1,0
991,27,305,685,1.000000,1.000000,1.000000,1.000000,0,0,0,0
992,29,306,685,1.000000,1.000000,1.000000,1.000000,0,0,0,0
993,27,306,686,1.000000,1.000000,1.000000,1.000000,0,0,0,0
994,25,306,687,1.000000,1.000000,1.000000,1.000000,0,0,0,0
995,23,306,688,1.000000,1.000000,1.000000,1.000000,0,0,0,0
996,21,306,689,1.000000,1.000000,1.000000,1.000000,0,0,0,0
997,19,306,690,1.000000,1.000000,1.000000,1.000000,0,0,0,0
998,17,306,691,1.000000,1.000000,1.000000,1.000000,0,0,0,0
999,15,306,692,1.000000,1.000000,1.000000,1.000000,0,0,0,0
1000,13,306,693,1.000000,1.000000,1.000000,1.000000,0,0,1,0
1001,11,306,694,1.000000,1.000000,1.000000,1.000000,0,0,1,1
1002,29,307,694,1.000000,1.000000,1.000000,1.000000,0,0,1,1
1003,27,307,695,1.000000,1.000000,1.000000,1.000000,0,0,0,0
1004,29,308,695,1.000000,1.000000,1.000000,1.000000,0,0,0,0
1005,27,308,696,1.000000,1.000000,1.000000,1.000000,0,0,0,1
1006,25,308,697,1.000000,1.000000,1.000000,1.000000,0,0,0,0
1007,23,308,698,1.000000,1.000000,1.000000,1.000000,0,0,1,0
1008,21,308,699,1.000000,1.000000,1.000000,1.000000,0,0,0,0
1009,29,309,699,1.000000,1.000000,1.000000,1.000000,0,0,0,0
1010,27,309,700,1.000000,1.000000,1.000000,1.000000,0,0,0,0
1011,25,309,701,1.000000,1.000000,1.000000,1.000000,0,0,0,0
1012,23,309,702,1.000000,1.000000,1.000000,1.000000,0,0,0,0
1013,21,309,703,1.000000,1.000000,1.000000,1.000000,0,0,0,0
1014,19,309,704,1.000000,1.000000,1.000000,1.000000,0,1,0,0
1015,17,309,705,1.000000,1.000000,1.000000,1.000000,0,0,0,0
1016,29,310,705,1.000000,1.000000,1.000000,1.000000,0,0,0,0
1017,27,310,706,1.000000,1.000000,1.000000,1.000000,0,0,1,0
1018,25,310,707,1.000000,1.000000,1.000000,1.000000,0,1,0,0
1019,23,310,708,1.000000,1.000000,1.000000,1.000000,0,0,0,1
1020,29,311,708,1.000000,1.000000,1.000000,1.000000,0,0,0,1
1021,27,311,709,1.000000,1.000000,1.000000,1.000000,0,0,0,0
1022,29,312,709,1.000000,1.000000,1.000000,1.000000,0,0,0,0
1023,27,312,710,1.000000,1.000000,1.000000,1.000000,0,0,1,0
1024,25,312,711,1.000000,1.000000,1.000000,1.000000,0,0,0,0
1025,23,312,712,1.000000,1.000000,1.000000,1.000000,0,0,1,0
1026,21,312,713,1.000000,1.000000,1.000000,1.000000,0,0,0,0
1027,29,313,713,1.000000,1.000000,1.000000,1.000000,0,0,0,0
1028,27,313,714,1.000000,1.000000,1.000000,1.000000,0,0,0,0
1029,25,313,715,1.000000,1.000000,1.000000,1.000000,0,0,0,0
1030,23,313,716,1.000000,1.000000,1.000000,1.000000,0,0,0,0
1031,21,313,717,1.000000,1.000000,1.000000,1.000000,0,0,1,0
1032,19,313,718,1.000000,1.000000,1.000000,1.000000,0,1,1,0
1033,29,314,718,1.000000,1.000000,1.000000,1.000000,0,1,1,0
1034,27,314,719,1.000000,1.000000,1.000000,1.000000,0,0,0,0
1035,29,315,719,1.000000,1.000000,1.000000,1.000000,0,0,0,0
1036,27,315,720,1.000000,1.000000,1.000000,1.000000,0,0,1,0
1037,25,315,721,1.000000,1.000000,1.000000,1.000000,0,0,0,0
1038,29,316,721,1.000000,1.000000,1.000000,1.000000,0,0,0,0
1039,27,316,722,1.000000,1.000000,1.000000,1.000000,0,0,0,0
1040,25,316,723,1.000000,1.000000,1.000000,1.000000,0,0,0,0
1041,23,316,724,1.000000,1.000000,1.000000,1.000000,0,1,0,0
1042,21,316,725,1.000000,1.000000,1.000000,1.000000,0,1,0,0
1043,29,317,725,1.000000,1.000000,1.000000,1.000000,0,1,0,0
1044,27,317,726,1.000000,1.000000,1.000000,1.000000,0,1,0,0
1045,25,317,727,1.000000,1.000000,1.000000,1.000000,0,0,1,0
1046,29,318,727,1.000000,1.000000,1.000000,1.000000,0,0,1,0
1047,27,318,728,1.000000,1.000000,1.000000,1.000000,0,0,0,0
1048,25,318,729,1.000000,1.000000,1.000000,1.000000,0,1,0,0
1049,23,318,730,1.000000,1.000000,1.000000,1.000000,0,0,0,0
1050,29,319,730,1.000000,1.000000,1.000000,1.000000,0,0,0,0
1051,27,319,731,1.000000,1.000000,1.000000,1.000000,0,0,0,0
1052,25,319,732,1.000000,1.000000,1.000000,1.000000,0,0,0,0
1053,23,319,733,1.000000,1.000000,1.000000,1.000000,0,0,0,1
1054,21,319,734,1.000000,1.000000,1.000000,1.000000,0,0,0,1
1055,19,319,735,1.000000,1.000000,1.000000,1.000000,0,1,0,0
1056,29,320,735,1.000000,1.000000,1.000000,1.000000,0,1,0,0
1057,27,320,736,1.000000,1.000000,1.000000,1.000000,0,0,0,0
1058,29,321,736,1.000000,1.000000,1.000000,1.000000,0,0,0,0
1059,27,321,737,1.000000,1.000000,1.000000,1.000000,0,0,0,0
1060,25,321,738,1.000000,1.000000,1.000000,1.000000,0,0,0,0
1061,23,321,739,1.000000,1.000000,1.000000,1.000000,0,0,0,0
1062,21,321,740,1.000000,1.000000,1.000000,1.000000,0,0,0,1
1063,19,321,741,1.000000,1.000000,1.000000,1.000000,0,0,0,1
1064,29,322,741,1.000000,1.000000,1.000000,1.000000,0,0,0,1
1065,27,322,742,1.000000,1.000000,1.000000,1.000000,0,0,0,1
1066,29,323,742,1.000000,1.000000,1.000000,1.000000,0,0,0,1
1067,27,323,743,1.000000,1.000000,1.000000,1.000000,0,0,0,0
1068,29,324,743,1.000000,1.000000,1.000000,1.000000,0,0,0,0
1069,27,324,744,1.000000,1.000000,1.000000,1.000000,1,0,0,1
1070,25,324,745,1.000000,1.000000,1.000000,1.000000,0,0,0,0
1071,29,325,745,1.000000,1.000000,1.000000,1.000000,0,0,0,0
1072,27,325,746,1.000000,1.000000,1.000000,1.000000,0,0,0,0
1073,25,325,747,1.000000,1.000000,1.000000,1.000000,1,1,0,0
1074,23,325,748,1.000000,1.000000,1.000000,1.000000,1,0,0,0
1075,29,326,748,1.000000,1.000000,1.000000,1.000000,1,0,0,0
1076,27,326,749,1.000000,1.000000,1.000000,1.000000,1,1,0,0
1077,29,327,749,1.000000,1.000000,1.000000,1.000000,1,1,0,0
1078,27,327,750,1.000000,1.000000,1.000000,1.000000,0,0,0,0
1079,29,328,750,1.000000,1.000000,1.000000,1.000000,0,0,0,0
1080,27,328,751,1.000000,1.000000,1.000000,1.000000,0,1,1,0
1081,25,328,752,1.000000,1.000000,1.000000,1.000000,1,0,0,0
1082,23,328,753,1.000000,1.000000,1.000000,1.000000,1,1,1,0
1083,29,329,753,1.000000,1.000000,1.000000,1.000000,1,1,1,0
1084,27,329,754,1.000000,1.000000,1.000000,1.000000,1,0,0,0
1085,25,329,755,1.000000,1.000000,1.000000,1.000000,1,0,1,1
1086,29,330,755,1.000000,1.000000,1.000000,1.000000,1,0,1,1
1087,27,330,756,1.000000,1.000000,1.000000,1.000000,0,0,0,0
1088,29,331,756,1.000000,1.000000,1.000000,1.000000,0,0,0,0
1089,27,331,757,1.000000,1.000000,1.000000,1.000000,1,0,1,0
1090,25,331,758,1.000000,1.000000,1.000000,1.000000,0,1,0,0
1091,29,332,758,1.000000,1.000000,1.000000,1.000000,0,1,0,0
1092,27,332,759,1.000000,1.000000,1.000000,1.000000,0,0,0,0
1093,29,333,759,1.000000,1.000000,1.000000,1.000000,0,0,0,0
1094,27,333,760,1.000000,1.000000,1.000000,1.000000,0,0,0,0
1095,25,333,761,1.000000,1.000000,1.000000,1.000000,0,0,0,0
1096,23,333,762,1.000000,1.000000,1.000000,1.000000,0,0,0,0
1097,21,333,763,1.000000,1.000000,1.000000,1.000000,0,0,0,0
1098,19,333,764,1.000000,1.000000,1.000000,1.000000,0,1,0,0
1099,17,333,765,1.000000,1.000000,1.000000,1.000000,0,0,0,0
1100,15,333,766,1.000000,1.000000,1.000000,1.000000,0,1,0,0
1101,13,333,767,1.000000,1.000000,1.000000,1.000000,0,0,0,0
1102,29,334,767,1.000000,1.000000,1.000000,1.000000,0,0,0,0
1103,27,334,768,1.000000,1.000000,1.000000,1.000000,0,0,0,0
1104,25,334,769,1.000000,1.000000,1.000000,1.000000,0,0,0,0
1105,23,334,770,1.000000,1.000000,1.000000,1.000000,0,0,0,0
1106,21,334,771,1.000000,1.000000,1.000000,1.000000,1,0,0,0
1107,19,334,772,1.000000,1.000000,1.000000,1.000000,0,0,0,0
1108,29,335,772,1.000000,1.000000,1.000000,1.000000,0,0,0,0
1109,27,335,773,1.000000,1.000000,1.000000,1.000000,0,0,0,0
1110,25,335,774,1.000000,1.000000,1.000000,1.000000,0,0,0,0
1111,23,335,775,1.000000,1.000000,1.000000,1.000000,0,0,0,0
1112,21,335,776,1.000000,1.000000,1.000000,1.000000,1,0,0,0
1113,19,335,777,1.000000,1.000000,1.000000,1.000000,0,0,0,0
1114,29,336,777,1.000000,1.000000,1.000000,1.000000,0,0,0,0
1115,27,336,778,1.000000,1.000000,1.000000,1.000000,0,1,0,0
1116,25,336,779,1.000000,1.000000,1.000000,1.000000,0,1,1,0
1117,29,337,779,1.000000,1.000000,1.000000,1.000000,0,1,1,0
1118,27,337,780,1.000000,1.000000,1.000000,1.000000,0,0,0,0
1119,25,337,781,1.000000,1.000000,1.000000,1.000000,0,1,0,0
1120,23,337,782,1.000000,1.000000,1.000000,1.000000,0,0,0,0
1121,29,338,782,1.000000,1.000000,1.000000,1.000000,0,0,0,0
1122,27,338,783,1.000000,1.000000,1.000000,1.000000,0,0,0,0
1123,25,338,784,1.000000,1.000000,1.000000,1.000000,0,0,0,0
1124,23,338,785,1.000000,1.000000,1.000000,1.000000,0,0,0,0
1125,21,338,786,1.000000,1.000000,1.000000,1.000000,0,0,0,0
1126,19,338,787,1.000000,1.000000,1.000000,1.000000,0,0,1,0
1127,17,338,788,1.000000,1.000000,1.000000,1.000000,0,0,0,0
1128,29,339,788,1.000000,1.000000,1.000000,1.000000,0,0,0,0
1129,27,339,789,1.000000,1.000000,1.000000,1.000000,0,0,0,0
1130,25,339,790,1.000000,1.000000,1.000000,1.000000,0,0,0,0
1131,23,339,791,1.000000,1.000000,1.000000,1.000000,0,0,0,0
1132,21,339,792,1.000000,1.000000,1.000000,1.000000,0,0,0,0
1133,19,339,793,1.000000,1.000000,1.000000,1.000000,1,0,0,0
1134,17,339,794,1.000000,1.000000,1.000000,1.000000,1,0,0,0
1135,29,340,794,1.000000,1.000000,1.000000,1.000000,1,0,0,0
1136,27,340,795,1.000000,1.000000,1.000000,1.000000,0,1,0,1
1137,29,341,795,1.000000,1.000000,1.000000,1.000000,0,1,0,1
1138,27,341,796,1.000000,1.000000,1.000000,1.000000,0,0,0,0
1139,29,342,796,1.000000,1.000000,1.000000,1.000000,0,0,0,0
1140,27,342,797,1.000000,1.000000,1.000000,1.000000,0,0,0,0
1141,25,342,798,1.000000,1.000000,1.000000,1.000000,0,1,0,0
1142,23,342,799,1.000000,1.000000,1.000000,1.000000,0,0,0,0
1143,29,343,799,1.000000,1.000000,1.000000,1.000000,0,0,0,0
1144,27,343,800,1.000000,1.000000,1.000000,1.000000,0,0,0,0
1145,25,343,801,1.000000,1.000000,1.000000,1.000000,0,0,0,0
1146,23,343,802,1.000000,1.000000,1.000000,1.000000,0,0,0,0
1147,21,343,803,1.000000,1.000000,1.000000,1.000000,0,0,0,0
1148,19,343,804,1.000000,1.000000,1.000000,1.000000,0,0,0,0
1149,17,343,805,1.000000,1.000000,1.000000,1.000000,0,0,0,1
1150,15,343,806,1.000000,1.000000,1.000000,1.000000,0,0,0,0
1151,29,344,806,1.000000,1.000000,1.000000,1.000000,1,0,0,0
1152,27,344,807,1.000000,1.000000,1.000000,1.000000,0,0,0,0
1153,25,344,808,1.000000,1.000000,1.000000,1.000000,0,0,0,1
1154,29,345,808,1.000000,1.000000,1.000000,1.000000,0,0,0,1
1155,27,345,809,1.000000,1.000000,1.000000,1.000000,0,0,0,1
1156,29,346,809,1.000000,1.000000,1.000000,1.000000,0,0,0,1
1157,27,346,810,1.000000,1.000000,1.000000,1.000000,0,0,0,0
1158,29,347,810,1.000000,1.000000,1.000000,1.000000,0,0,0,0
1159,27,347,811,1.000000,1.000000,1.000000,1.000000,0,0,0,0
1160,25,347,812,1.000000,1.000000,1.000000,1.000000,0,0,0,0
1161,23,347,813,1.000000,1.000000,1.000000,1.000000,0,0,0,1
1162,21,347,814,1.000000,1.000000,1.000000,1.000000,0,0,0,0
1163,19,347,815,1.000000,1.000000,1.000000,1.000000,0,0,0,1
1164,17,347,816,1.000000,1.000000,1.000000,1.000000,0,0,0,1
1165,15,347,817,1.000000,1.000000,1.000000,1.000000,0,1,0,1
1166,29,348,817,1.000000,1.000000,1.000000,1.000000,0,1,0,1
1167,27,348,818,1.000000,1.000000,1.000000,1.000000,0,0,0,0
1168,25,348,819,1.000000,1.000000,1.000000,1.000000,0,1,0,0
1169,23,348,820,1.000000,1.000000,1.000000,1.000000,0,0,0,0
1170,29,349,820,1.000000,1.000000,1.000000,1.000000,0,0,0,0
1171,27,349,821,1.000000,1.000000,1.000000,1.000000,0,0,0,0
1172,25,349,822,1.000000,1.000000,1.000000,1.000000,0,0,0,0
1173,23,349,823,1.000000,1.000000,1.000000,1.000000,0,1,0,0
1174,21,349,824,1.000000,1.000000,1.000000,1.000000,0,0,0,0
1175,29,350,824,1.000000,1.000000,1.000000,1.000000,0,0,0,0
1176,27,350,825,1.000000,1.000000,1.000000,1.000000,0,0,1,0
1177,25,350,826,1.000000,1.000000,1.000000,1.000000,0,1,0,0
1178,29,351,826,1.000000,1.000000,1.000000,1.000000,0,1,0,0
1179,27,351,827,1.000000,1.000000,1.000000,1.000000,0,1,1,0
1180,29,352,827,1.000000,1.000000,1.000000,1.000000,0,1,1,0
1181,27,352,828,1.000000,1.000000,1.000000,1.000000,0,0,0,0
1182,29,353,828,1.000000,1.000000,1.000000,1.000000,0,0,0,0
1183,27,353,829,1.000000,1.000000,1.000000,1.000000,0,0,0,0
1184,25,353,830,1.000000,1.000000,1.000000,1.000000,1,0,1,0
1185,23,353,831,1.000000,1.000000,1.000000,1.000000,1,0,0,0
1186,29,354,831,1.000000,1.000000,1.000000,1.000000,1,0,0,0
1187,27,354,832,1.000000,1.000000,1.000000,1.000000,0,0,0,0
1188,25,354,833,1.000000,1.000000,1.000000,1.000000,0,0,0,0
1189,23,354,834,1.000000,1.000000,1.000000,1.000000,0,1,1,0
1190,21,354,835,1.000000,1.000000,1.000000,1.000000,0,1,1,0
1191,29,355,835,1.000000,1.000000,1.000000,1.000000,0,1,1,0
1192,27,355,836,1.000000,1.000000,1.000000,1.000000,1,1,0,0
1193,25,355,837,1.000000,1.000000,1.000000,1.000000,0,1,0,1
1194,23,355,838,1.000000,1.000000,1.000000,1.000000,1,1,0,0
1195,29,356,838,1.000000,1.000000,1.000000,1.000000,1,1,0,0
1196,27,356,839,1.000000,1.000000,1.000000,1.000000,0,0,0,0
1197,29,357,839,1.000000,1.000000,1.000000,1.000000,0,0,0,0
1198,27,357,840,1.000000,1.000000,1.000000,1.000000,0,0,0,0
1199,25,357,841,1.000000,1.000000,1.000000,1.000000,0,0,1,0
1200,23,357,842,1.000000,1.000000,1.000000,1.000000,0,0,0,0
1201,29,358,842,1.000000,1.000000,1.000000,1.000000,0,0,0,0
1202,27,358,843,1.000000,1.000000,1.000000,1.000000,0,0,0,0
1203,25,358,844,1.000000,1.000000,1.000000,1.000000,0,1,0,0
1204,23,358,845,1.000000,1.000000,1.000000,1.000000,0,0,1,0
1205,29,359,845,1.000000,1.000000,1.000000,1.000000,0,0,1,0
1206,27,359,846,1.000000,1.000000,1.000000,1.000000,0,0,1,0
1207,29,360,846,1.000000,1.000000,1.000000,1.000000,0,0,1,0
1208,27,360,847,1.000000,1.000000,1.000000,1.000000,0,0,0,0
1209,29,361,847,1.000000,1.000000,1.000000,1.000000,0,0,0,0
1210,27,361,848,1.000000,1.000000,1.000000,1.000000,0,1,0,0
1211,25,361,849,1.000000,1.000000,1.000000,1.000000,0,0,0,0
1212,29,362,849,1.000000,1.000000,1.000000,1.000000,0,0,0,0
1213,27,362,850,1.000000,1.000000,1.000000,1.000000,0,0,0,0
1214,25,362,851,1.000000,1.000000,1.000000,1.000000,0,0,0,0
1215,23,362,852,1.000000,1.000000,1.000000,1.000000,0,0,0,0
1216,21,362,853,1.000000,1.000000,1.000000,1.000000,0,0,0,0
1217,19,362,854,1.000000,1.000000,1.000000,1.000000,0,0,0,0
1218,17,362,855,1.000000,1.000000,1.000000,1.000000,0,0,0,0
1219,15,362,856,1.000000,1.000000,1.000000,1.000000,0,0,0,0
1220,13,362,857,1.000000,1.000000,1.000000,1.000000,0,0,0,0
1221,11,362,858,1.000000,1.000000,1.000000,1.000000,0,0,1,0
1222,9,362,859,1.000000,1.000000,1.000000,1.000000,0,0,0,0
1223,29,363,859,1.000000,1.000000,1.000000,1.000000,0,0,0,0
1224,27,363,860,1.000000,1.000000,1.000000,1.000000,0,0,0,1
1225,25,363,861,1.000000,1.000000,1.000000,1.000000,0,0,0,0
1226,29,364,861,1.000000,1.000000,1.000000,1.000000,0,0,0,0
1227,27,364,862,1.000000,1.000000,1.000000,1.000000,1,0,0,0
1228,25,364,863,1.000000,1.000000,1.000000,1.000000,0,0,0,1
1229,29,365,863,1.000000,1.000000,1.000000,1.000000,0,0,0,1
1230,27,365,864,1.000000,1.000000,1.000000,1.000000,1,0,0,0
1231,25,365,865,1.000000,1.000000,1.000000,1.000000,0,0,1,0
1232,29,366,865,1.000000,1.000000,1.000000,1.000000,0,0,1,0
1233,27,366,866,1.000000,1.000000,1.000000,1.000000,0,0,0,0
1234,29,367,866,1.000000,1.000000,1.000000,1.000000,0,0,0,0
1235,27,367,867,1.000000,1.000000,1.000000,1.000000,0,0,1,0
1236,25,367,868,1.000000,1.000000,1.000000,1.000000,0,0,0,1
1237,29,368,868,1.000000,1.000000,1.000000,1.000000,0,0,0,1
1238,27,368,869,1.000000,1.000000,1.000000,1.000000,0,0,0,0
1239,29,369,869,1.000000,1.000000,1.000000,1.000000,0,0,0,0
1240,27,369,870,1.000000,1.000000,1.000000,1.000000,0,0,0,1
1241,25,369,871,1.000000,1.000000,1.000000,1.000000,0,0,0,0
1242,29,370,871,1.000000,1.000000,1.000000,1.000000,0,0,0,0
1243,27,370,872,1.000000,1.000000,1.000000,1.000000,0,0,0,0
1244,25,370,873,1.000000,1.000000,1.000000,1.000000,0,0,0,0
1245,23,370,874,1.000000,1.000000,1.000000,1.000000,0,0,0,0
1246,21,370,875,1.000000,1.000000,1.000000,1.000000,0,0,0,0
1247,19,370,876,1.000000,1.000000,1.000000,1.000000,0,0,0,0
1248,17,370,877,1.000000,1.000000,1.000000,1.000000,1,0,0,0
1249,15,370,878,1.000000,1.000000,1.000000,1.000000,0,0,0,0
1250,13,370,879,1.000000,1.000000,1.000000,1.000000,1,0,0,0
1251,11,370,880,1.000000,1.000000,1.000000,1.000000,0,0,0,0
1252,29,371,880,1.000000,1.000000,1.000000,1.000000,0,0,0,0
1253,27,371,881,1.000000,1.000000,1.000000,1.000000,0,0,0,0
1254,25,371,882,1.000000,1.000000,1.000000,1.000000,0,1,0,0
1255,23,371,883,1.000000,1.000000,1.000000,1.000000,0,0,0,0
1256,29,372,883,1.000000,1.000000,1.000000,1.000000,0,0,0,0
1257,27,372,884,1.000000,1.000000,1.000000,1.000000,0,0,1,0
1258,25,372,885,1.000000,1.000000,1.000000,1.000000,0,0,1,0
1259,29,373,885,1.000000,1.000000,1.000000,1.000000,0,0,1,0
1260,27,373,886,1.000000,1.000000,1.000000,1.000000,0,1,0,0
1261,29,374,886,1.000000,1.000000,1.000000,1.000000,0,1,0,0
1262,27,374,887,1.000000,1.000000,1.000000,1.000000,0,0,0,0
1263,29,375,887,1.000000,1.000000,1.000000,1.000000,0,0,0,0
1264,27,375,888,1.000000,1.000000,1.000000,1.000000,0,1,0,0
1265,25,375,889,1.000000,1.000000,1.000000,1.000000,0,0,0,0
1266,29,376,889,1.000000,1.000000,1.000000,1.000000,0,0,0,0
1267,27,376,890,1.000000,1.000000,1.000000,1.000000,0,0,0,0
1268,25,376,891,1.000000,1.000000,1.000000,1.000000,0,0,0,1
1269,23,376,892,1.000000,1.000000,1.000000,1.000000,0,0,0,0
1270,29,377,892,1.000000,1.000000,1.000000,1.000000,0,0,0,0
1271,27,377,893,1.000000,1.000000,1.000000,1.000000,0,0,0,0
1272,25,377,894,1.000000,1.000000,1.000000,1.000000,0,0,0,0
1273,23,377,895,1.000000,1.000000,1.000000,1.000000,0,0,0,0
1274,21,377,896,1.000000,1.000000,1.000000,1.000000,0,0,0,0
1275,19,377,897,1.000000,1.000000,1.000000,1.000000,0,0,1,0
1276,17,377,898,1.000000,1.000000,1.000000,1.000000,0,0,0,0
1277,29,378,898,1.000000,1.000000,1.000000,1.000000,0,0,0,0
1278,27,378,899,1.000000,1.000000,1.000000,1.000000,0,0,1,0
1279,25,378,900,1.000000,1.000000,1.000000,1.000000,0,0,0,0
1280,29,379,900,1.000000,1.000000,1.000000,1.000000,0,0,0,0
1281,27,379,901,1.000000,1.000000,1.000000,1.000000,0,0,0,0
1282,25,379,902,1.000000,1.000000,1.000000,1.000000,0,0,0,0
1283,23,379,903,1.000000,1.000000,1.000000,1.000000,0,0,0,0
1284,21,379,904,1.000000,1.000000,1.000000,1.000000,0,0,0,0
1285,19,379,905,1.000000,1.000000,1.000000,1.000000,0,0,0,0
1286,17,379,906,1.000000,1.000000,1.000000,1.000000,0,0,0,0
1287,15,379,907,1.000000,1.000000,1.000000,1.000000,1,0,0,0
1288,13,379,908,1.000000,1.000000,1.000000,1.000000,0,0,0,0
1289,29,380,908,1.000000,1.000000,1.000000,1.000000,0,0,0,0
1290,27,380,909,1.000000,1.000000,1.000000,1.000000,0,0,0,0
1291,25,380,910,1.000000,1.000000,1.000000,1.000000,0,0,0,0
1292,23,380,911,1.000000,1.000000,1.000000,1.000000,1,0,0,1
1293,21,380,912,1.000000,1.000000,1.000000,1.000000,1,1,0,0
1294,29,381,912,1.000000,1.000000,1.000000,1.000000,1,1,0,0
1295,27,381,913,1.000000,1.000000,1.000000,1.000000,0,0,0,0
1296,29,382,913,1.000000,1.000000,1.000000,1.000000,0,0,0,0
1297,27,382,914,1.000000,1.000000,1.000000,1.000000,0,1,1,0
1298,25,382,915,1.000000,1.000000,1.000000,1.000000,0,0,0,0
1299,29,383,915,1.000000,1.000000,1.000000,1.000000,0,0,0,0
1300,27,383,916,1.000000,1.000000,1.000000,1.000000,0,0,0,0
1301,25,383,917,1.000000,1.000000,1.000000,1.000000,0,1,0,0
1302,23,383,918,1.000000,1.000000,1.000000,1.000000,0,0,0,0
1303,21,383,919,1.000000,1.000000,1.000000,1.000000,0,1,0,0
1304,19,383,920,1.000000,1.000000,1.000000,1.000000,0,0,0,0
1305,29,384,920,1.000000,1.000000,1.000000,1.000000,0,0,0,0
1306,27,384,921,1.000000,1.000000,1.000000,1.000000,0,0,0,0
1307,25,384,922,1.000000,1.000000,1.000000,1.000000,0,0,0,0
1308,23,384,923,1.000000,1.000000,1.000000,1.000000,0,0,0,0
1309,21,384,924,1.000000,1.000000,1.000000,1.000000,0,0,0,0
1310,19,384,925,1.000000,1.000000,1.000000,1.000000,0,0,0,0
1311,17,384,926,1.000000,1.000000,1.000000,1.000000,0,0,0,0
1312,15,384,927,1.000000,1.000000,1.000000,1.000000,0,0,0,0
1313,13,384,928,1.000000,1.000000,1.000000,1.000000,1,0,0,1
1314,11,384,929,1.000000,1.000000,1.000000,1.000000,0,0,0,0
1315,29,385,929,1.000000,1.000000,1.000000,1.000000,0,0,0,0
1316,27,385,930,1.000000,1.000000,1.000000,1.000000,0,0,0,0
1317,25,385,931,1.000000,1.000000,1.000000,1.000000,0,0,0,0
1318,23,385,932,1.000000,1.000000,1.000000,1.000000,0,1,0,0
1319,21,385,933,1.000000,1.000000,1.000000,1.000000,0,0,0,0
1320,29,386,933,1.000000,1.000000,1.000000,1.000000,0,0,0,0
1321,27,386,934,1.000000,1.000000,1.000000,1.000000,0,0,0,0
1322,25,386,935,1.000000,1.000000,1.000000,1.000000,0,0,0,0
1323,23,386,936,1.000000,1.000000,1.000000,1.000000,0,0,0,0
1324,21,386,937,1.000000,1.000000,1.000000,1.000000,0,1,0,0
1325,19,386,938,1.000000,1.000000,1.000000,1.000000,0,0,0,0
1326,29,387,938,1.000000,1.000000,1.000000,1.000000,0,0,0,0
1327,27,387,939,1.000000,1.000000,1.000000,1.000000,1,0,0,0
1328,25,387,940,1.000000,1.000000,1.000000,1.000000,0,0,0,0
1329,29,388,940,1.000000,1.000000,1.000000,1.000000,0,0,0,0
1330,27,388,941,1.000000,1.000000,1.000000,1.000000,0,1,0,0
1331,25,388,942,1.000000,1.000000,1.000000,1.000000,0,0,0,0
1332,29,389,942,1.000000,1.000000,1.000000,1.000000,0,0,0,0
1333,27,389,943,1.000000,1.000000,1.000000,1.000000,0,0,0,0
1334,25,389,944,1.000000,1.000000,1.000000,1.000000,0,0,0,0
1335,23,389,945,1.000000,1.000000,1.000000,1.000000,0,0,0,0
1336,21,389,946,1.000000,1.000000,1.000000,1.000000,0,0,0,0
1337,19,389,947,1.000000,1.000000,1.000000,1.000000,0,0,0,0
1338,17,389,948,1.000000,1.000000,1.000000,1.000000,0,0,0,0
1339,15,389,949,1.000000,1.000000,1.000000,1.000000,0,0,0,0
1340,13,389,950,1.000000,1.000000,1.000000,1.000000,0,0,0,0
1341,11,389,951,1.000000,1.000000,1.000000,1.000000,0,0,1,0
1342,9,389,952,1.000000,1.000000,1.000000,1.000000,0,0,0,0
1343,29,390,952,1.000000,1.000000,1.000000,1.000000,0,0,0,0
1344,27,390,953,1.000000,1.000000,1.000000,1.000000,1,0,0,0
1345,25,390,954,1.000000,1.000000,1.000000,1.000000,0,0,0,0
1346,29,391,954,1.000000,1.000000,1.000000,1.000000,0,0,0,0
1347,27,391,955,1.000000,1.000000,1.000000,1.000000,0,0,0,0
1348,25,391,956,1.000000,1.000000,1.000000,1.000000,0,0,0,0
1349,23,391,957,1.000000,1.000000,1.000000,1.000000,0,0,0,0
1350,21,391,958,1.000000,1.000000,1.000000,1.000000,0,0,0,0
1351,19,391,959,1.000000,1.000000,1.000000,1.000000,0,0,0,0
1352,17,391,960,1.000000,1.000000,1.000000,1.000000,0,0,0,0
1353,15,391,961,1.000000,1.000000,1.000000,1.000000,0,0,0,0
1354,13,391,962,1.000000,1.000000,1.000000,1.000000,1,0,0,1
1355,11,391,963,1.000000,1.000000,1.000000,1.000000,0,0,0,0
1356,29,392,963,1.000000,1.000000,1.000000,1.000000,0,0,0,0
1357,27,392,964,1.000000,1.000000,1.000000,1.000000,0,0,1,1
1358,25,392,965,1.000000,1.000000,1.000000,1.000000,0,0,0,1
1359,29,393,965,1.000000,1.000000,1.000000,1.000000,0,0,0,1
1360,27,393,966,1.000000,1.000000,1.000000,1.000000,1,0,0,0
1361,29,394,966,1.000000,1.000000,1.000000,1.000000,1,0,0,0
1362,27,394,967,1.000000,1.000000,1.000000,1.000000,0,0,0,0
1363,29,395,967,1.000000,1.000000,1.000000,1.000000,0,0,0,0
1364,27,395,968,1.000000,1.000000,1.000000,1.000000,0,0,0,0
1365,25,395,969,1.000000,1.000000,1.000000,1.000000,0,0,0,0
1366,23,395,970,1.000000,1.000000,1.000000,1.000000,1,0,0,0
1367,21,395,971,1.000000,1.000000,1.000000,1.000000,0,0,0,0
1368,29,396,971,1.000000,1.000000,1.000000,1.000000,0,0,0,0
1369,27,396,972,1.000000,1.000000,1.000000,1.000000,0,0,0,0
1370,25,396,973,1.000000,1.000000,1.000000,1.000000,0,0,0,0
1371,23,396,974,1.000000,1.000000,1.000000,1.000000,0,0,0,0
1372,21,396,975,1.000000,1.000000,1.000000,1.000000,0,0,0,0
1373,19,396,976,1.000000,1.000000,1.000000,1.000000,0,0,0,0
1374,17,396,977,1.000000,1.000000,1.000000,1.000000,0,0,0,0
1375,15,396,978,1.000000,1.000000,1.000000,1.000000,0,0,0,0
1376,13,396,979,1.000000,1.000000,1.000000,1.000000,0,0,0,0
1377,11,396,980,1.000000,1.000000,1.000000,1.000000,1,1,0,1
1378,9,396,981,1.000000,1.000000,1.000000,1.000000,0,0,0,0
1379,29,397,981,1.000000,1.000000,1.000000,1.000000,0,0,0,0
1380,27,397,982,1.000000,1.000000,1.000000,1.000000,1,0,1,0
1381,25,397,983,1.000000,1.000000,1.000000,1.000000,0,0,0,1
1382,29,398,983,1.000000,1.000000,1.000000,1.000000,0,0,0,1
1383,27,398,984,1.000000,1.000000,1.000000,1.000000,0,0,0,0
1384,29,399,984,1.000000,1.000000,1.000000,1.000000,0,0,0,0
1385,27,399,985,1.000000,1.000000,1.000000,1.000000,0,0,1,1
1386,25,399,986,1.000000,1.000000,1.000000,1.000000,0,0,0,0
1387,29,400,986,1.000000,1.000000,1.000000,1.000000,0,0,0,0
1388,27,400,987,1.000000,1.000000,1.000000,1.000000,0,1,0,1
1389,25,400,988,1.000000,1.000000,1.000000,1.000000,0,0,0,0
1390,29,401,988,1.000000,1.000000,1.000000,1.000000,0,0,0,0
1391,27,401,989,1.000000,1.000000,1.000000,1.000000,0,0,0,1
1392,25,401,990,1.000000,1.000000,1.000000,1.000000,0,0,0,1
1393,29,402,990,1.000000,1.000000,1.000000,1.000000,0,0,0,1
1394,27,402,991,1.000000,1.000000,1.000000,1.000000,0,0,1,0
1395,29,403,991,1.000000,1.000000,1.000000,1.000000,0,0,1,0
1396,27,403,992,1.000000,1.000000,1.000000,1.000000,0,0,0,0
1397,29,404,992,1.000000,1.000000,1.000000,1.000000,0,0,0,0
1398,27,404,993,1.000000,1.000000,1.000000,1.000000,0,0,0,1
1399,25,404,994,1.000000,1.000000,1.000000,1.000000,0,0,0,0
1400,29,405,994,1.000000,1.000000,1.000000,1.000000,0,0,0,0
1401,27,405,995,1.000000,1.000000,1.000000,1.000000,0,0,0,1
1402,25,405,996,1.000000,1.000000,1.000000,1.000000,0,0,0,0
1403,29,406,996,1.000000,1.000000,1.000000,1.000000,0,0,0,0
1404,27,406,997,1.000000,1.000000,1.000000,1.000000,0,0,1,0
1405,25,406,998,1.000000,1.000000,1.000000,1.000000,0,0,1,0
1406,29,407,998,1.000000,1.000000,1.000000,1.000000,0,0,1,0
1407,27,407,999,1.000000,1.000000,1.000000,1.000000,0,0,0,1
1408,29,408,999,1.000000,1.000000,1.000000,1.000000,0,0,0,1
1409,27,408,1000,1.000000,1.000000,1.000000,1.000000,0,0,0,0
1410,29,409,1000,1.000000,1.000000,1.000000,1.000000,0,0,0,0
1411,27,409,1001,1.000000,1.000000,1.000000,1.000000,0,0,0,0
1412,25,409,1002,1.000000,1.000000,1.000000,1.000000,0,0,0,1
1413,23,409,1003,1.000000,1.000000,1.000000,1.000000,0,0,0,1
1414,29,410,1003,1.000000,1.000000,1.000000,1.000000,0,0,0,1
1415,27,410,1004,1.000000,1.000000,1.000000,1.000000,0,0,0,0
1416,25,410,1005,1.000000,1.000000,1.000000,1.000000,0,0,0,1
1417,23,410,1006,1.000000,1.000000,1.000000,1.000000,0,0,0,0
1418,29,411,1006,1.000000,1.000000,1.000000,1.000000,0,0,0,0
1419,27,411,1007,1.000000,1.000000,1.000000,1.000000,1,0,0,1
1420,25,411,1008,1.000000,1.000000,1.000000,1.000000,1,0,0,0
1421,23,411,1009,1.000000,1.000000,1.000000,1.000000,1,1,1,0
1422,29,412,1009,1.000000,1.000000,1.000000,1.000000,1,1,1,0
1423,27,412,1010,1.000000,1.000000,1.000000,1.000000,0,0,0,0
1424,29,413,1010,1.000000,1.000000,1.000000,1.000000,0,0,0,0
1425,27,413,1011,1.000000,1.000000,1.000000,1.000000,1,0,0,1
1426,25,413,1012,1.000000,1.000000,1.000000,1.000000,0,0,0,1
1427,23,413,1013,1.000000,1.000000,1.000000,1.000000,1,1,0,0
1428,29,414,1013,1.000000,1.000000,1.000000,1.000000,1,1,0,0
1429,27,414,1014,1.000000,1.000000,1.000000,1.000000,0,0,0,0
1430,29,415,1014,1.000000,1.000000,1.000000,1.000000,0,0,0,0
1431,27,415,1015,1.000000,1.000000,1.000000,1.000000,1,0,0,0
1432,25,415,1016,1.000000,1.000000,1.000000,1.000000,0,0,0,0
1433,23,415,1017,1.000000,1.000000,1.000000,1.000000,1,1,0,1
1434,21,415,1018,1.000000,1.000000,1.000000,1.000000,0,0,0,0
1435,29,416,1018,1.000000,1.000000,1.000000,1.000000,0,0,0,0
1436,27,416,1019,1.000000,1.000000,1.000000,1.000000,0,0,0,1
1437,25,416,1020,1.000000,1.000000,1.000000,1.000000,1,0,0,1
1438,29,417,1020,1.000000,1.000000,1.000000,1.000000,1,0,0,1
1439,27,417,1021,1.000000,1.000000,1.000000,1.000000,1,0,0,1
1440,29,418,1021,1.000000,1.000000,1.000000,1.000000,1,0,0,1
1441,27,418,1022,1.000000,1.000000,1.000000,1.000000,0,0,1,1
1442,29,419,1022,1.000000,1.000000,1.000000,1.000000,0,0,1,1
1443,27,419,1023,1.000000,1.000000,1.000000,1.000000,0,0,1,1
1444,25,419,1024,1.000000,1.000000,1.000000,1.000000,1,0,1,0
1445,29,420,1024,1.000000,1.000000,1.000000,1.000000,1,0,1,0
1446,27,420,1025,1.000000,1.000000,1.000000,1.000000,0,1,0,0
1447,29,421,1025,1.000000,1.000000,1.000000,1.000000,0,1,0,0
1448,27,421,1026,1.000000,1.000000,1.000000,1.000000,0,0,0,0
1449,29,422,1026,1.000000,1.000000,1.000000,1.000000,0,0,0,0
1450,27,422,1027,1.000000,1.000000,1.000000,1.000000,0,0,0,0
1451,25,422,1028,1.000000,1.000000,1.000000,1.000000,0,0,0,0
1452,23,422,1029,1.000000,1.000000,1.000000,1.000000,1,0,1,0
1453,21,422,1030,1.000000,1.000000,1.000000,1.000000,0,0,1,0
1454,29,423,1030,1.000000,1.000000,1.000000,1.000000,0,0,1,0
1455,27,423,1031,1.000000,1.000000,1.000000,1.000000,0,0,0,0
1456,25,423,1032,1.000000,1.000000,1.000000,1.000000,0,1,0,0
1457,23,423,1033,1.000000,1.000000,1.000000,1.000000,0,1,1,0
1458,29,424,1033,1.000000,1.000000,1.000000,1.000000,0,1,1,0
1459,27,424,1034,1.000000,1.000000,1.000000,1.000000,0,0,0,0
1460,29,425,1034,1.000000,1.000000,1.000000,1.000000,0,0,0,0
1461,27,425,1035,1.000000,1.000000,1.000000,1.000000,0,0,1,0
1462,25,425,1036,1.000000,1.000000,1.000000,1.000000,0,0,0,0
1463,29,426,1036,1.000000,1.000000,1.000000,1.000000,0,0,0,0
1464,27,426,1037,1.000000,1.000000,1.000000,1.000000,0,0,1,0
1465,25,426,1038,1.000000,1.000000,1.000000,1.000000,0,0,0,0
1466,29,427,1038,1.000000,1.000000,1.000000,1.000000,0,0,0,0
1467,27,427,1039,1.000000,1.000000,1.000000,1.000000,0,0,0,0
1468,25,427,1040,1.000000,1.000000,1.000000,1.000000,0,0,1,0
1469,23,427,1041,1.000000,1.000000,1.000000,1.000000,0,0,0,0
1470,29,428,1041,1.000000,1.000000,1.000000,1.000000,0,0,0,0
1471,27,428,1042,1.000000,1.000000,1.000000,1.000000,0,0,0,0
1472,25,428,1043,1.000000,1.000000,1.000000,1.000000,0,0,0,1
1473,23,428,1044,1.000000,1.000000,1.000000,1.000000,0,0,1,1
1474,29,429,1044,1.000000,1.000000,1.000000,1.000000,0,0,1,1
1475,27,429,1045,1.000000,1.000000,1.000000,1.000000,0,0,0,0
1476,29,430,1045,1.000000,1.000000,1.000000,1.000000,0,0,0,0
1477,27,430,1046,1.000000,1.000000,1.000000,1.000000,0,0,1,0
1478,25,430,1047,1.000000,1.000000,1.000000,1.000000,0,0,0,0
1479,29,431,1047,1.000000,1.000000,1.000000,1.000000,0,0,0,0
1480,27,431,1048,1.000000,1.000000,1.000000,1.000000,0,0,0,0
1481,25,431,1049,1.000000,1.000000,1.000000,1.000000,0,0,0,0
1482,23,431,1050,1.000000,1.000000,1.000000,1.000000,0,0,0,0
1483,21,431,1051,1.000000,1.000000,1.000000,1.000000,0,0,0,0
1484,19,431,1052,1.000000,1.000000,1.000000,1.000000,0,0,0,0
1485,17,431,1053,1.000000,1.000000,1.000000,1.000000,0,0,0,0
1486,15,431,1054,1.000000,1.000000,1.000000,1.000000,0,0,0,0
1487,13,431,1055,1.000000,1.000000,1.000000,1.000000,0,0,0,0
1488,11,431,1056,1.000000,1.000000,1.000000,1.000000,0,0,0,0
1489,9,431,1057,1.000000,1.000000,1.000000,1.000000,1,0,0,0
1490,7,431,1058,1.000000,1.000000,1.000000,1.000000,0,0,0,1
1491,5,431,1059,1.000000,1.000000,1.000000,1.000000,0,1,0,0
1492,29,432,1059,1.000000,1.000000,1.000000,1.000000,0,1,0,0
1493,27,432,1060,1.000000,1.000000,1.000000,1.000000,0,0,1,0
1494,25,432,1061,1.000000,1.000000,1.000000,1.000000,1,0,0,0
1495,29,433,1061,1.000000,1.000000,1.000000,1.000000,1,0,0,0
1496,27,433,1062,1.000000,1.000000,1.000000,1.000000,0,0,0,0
1497,25,433,1063,1.000000,1.000000,1.000000,1.000000,1,0,0,0
1498,23,433,1064,1.000000,1.000000,1.000000,1.000000,0,0,0,0
1499,29,434,1064,1.000000,1.000000,1.000000,1.000000,0,0,0,0
1500,27,434,1065,1.000000,1.000000,1.000000,1.000000,0,0,0,0
1501,25,434,1066,1.000000,1.000000,1.000000,1.000000,0,1,1,0
1502,23,434,1067,1.000000,1.000000,1.000000,1.000000,0,0,0,0
1503,29,435,1067,1.000000,1.000000,1.000000,1.000000,0,0,0,0
1504,27,435,1068,1.000000,1.000000,1.000000,1.000000,0,0,0,0
1505,25,435,1069,1.000000,1.000000,1.000000,1.000000,0,0,0,0
1506,23,435,1070,1.000000,1.000000,1.000000,1.000000,0,1,0,1
1507,21,435,1071,1.000000,1.000000,1.000000,1.000000,0,1,0,0
1508,29,436,1071,1.000000,1.000000,1.000000,1.000000,0,1,0,0
1509,27,436,1072,1.000000,1.000000,1.000000,1.000000,0,1,0,0
1510,29,437,1072,1.000000,1.000000,1.000000,1.000000,0,1,0,0
1511,27,437,1073,1.000000,1.000000,1.000000,1.000000,0,0,0,0
1512,29,438,1073,1.000000,1.000000,1.000000,1.000000,0,0,0,0
1513,27,438,1074,1.000000,1.000000,1.000000,1.000000,0,0,0,0
1514,25,438,1075,1.000000,1.000000,1.000000,1.000000,0,0,0,0
1515,23,438,1076,1.000000,1.000000,1.000000,1.000000,0,0,0,1
1516,21,438,1077,1.000000,1.000000,1.000000,1.000000,0,0,0,0
1517,29,439,1077,1.000000,1.000000,1.000000,1.000000,0,0,0,0
1518,27,439,1078,1.000000,1.000000,1.000000,1.000000,1,0,0,0
1519,25,439,1079,1.000000,1.000000,1.000000,1.000000,0,0,0,0
1520,29,440,1079,1.000000,1.000000,1.000000,1.000000,0,0,0,0
1521,27,440,1080,1.000000,1.000000,1.000000,1.000000,0,0,0,0
1522,25,440,1081,1.000000,1.000000,1.000000,1.000000,0,1,0,0
1523,23,440,1082,1.000000,1.000000,1.000000,1.000000,1,0,0,0
1524,29,441,1082,1.000000,1.000000,1.000000,1.000000,1,0,0,0
1525,27,441,1083,1.000000,1.000000,1.000000,1.000000,1,1,0,0
1526,29,442,1083,1.000000,1.000000,1.000000,1.000000,1,1,0,0
1527,27,442,1084,1.000000,1.000000,1.000000,1.000000,0,0,0,0
1528,29,443,1084,1.000000,1.000000,1.000000,1.000000,0,0,0,0
1529,27,443,1085,1.000000,1.000000,1.000000,1.000000,0,1,0,1
1530,25,443,1086,1.000000,1.000000,1.000000,1.000000,0,0,0,0
1531,29,444,1086,1.000000,1.000000,1.000000,1.000000,0,0,0,0
1532,27,444,1087,1.000000,1.000000,1.000000,1.000000,1,0,0,1
1533,25,444,1088,1.000000,1.000000,1.000000,1.000000,0,0,0,1
1534,29,445,1088,1.000000,1.000000,1.000000,1.000000,0,0,0,1
1535,27,445,1089,1.000000,1.000000,1.000000,1.000000,1,0,0,0
1536,29,446,1089,1.000000,1.000000,1.000000,1.000000,1,0,0,0
1537,27,446,1090,1.000000,1.000000,1.000000,1.000000,1,0,0,0
1538,29,447,1090,1.000000,1.000000,1.000000,1.000000,1,0,0,0
1539,27,447,1091,1.000000,1.000000,1.000000,1.000000,1,1,0,1
1540,29,448,1091,1.000000,1.000000,1.000000,1.000000,1,1,0,1
1541,27,448,1092,1.000000,1.000000,1.000000,1.000000,0,1,0,1
1542,29,449,1092,1.000000,1.000000,1.000000,1.000000,0,1,0,1
1543,27,449,1093,1.000000,1.000000,1.000000,1.000000,1,0,1,0
1544,29,450,1093,1.000000,1.000000,1.000000,1.000000,1,0,1,0
1545,27,450,1094,1.000000,1.000000,1.000000,1.000000,0,0,0,0
1546,29,451,1094,1.000000,1.000000,1.000000,1.000000,0,0,0,0
1547,27,451,1095,1.000000,1.000000,1.000000,1.000000,1,0,0,0
1548,25,451,1096,1.000000,1.000000,1.000000,1.000000,1,0,0,0
1549,29,452,1096,1.000000,1.000000,1.000000,1.000000,1,0,0,0
1550,27,452,1097,1.000000,1.000000,1.000000,1.000000,1,0,0,1
1551,29,453,1097,1.000000,1.000000,1.000000,1.000000,1,0,0,1
1552,27,453,1098,1.000000,1.000000,1.000000,1.000000,0,0,0,0
1553,29,454,1098,1.000000,1.000000,1.000000,1.000000,0,0,0,0
1554,27,454,1099,1.000000,1.000000,1.000000,1.000000,0,0,0,0
1555,25,454,1100,1.000000,1.000000,1.000000,1.000000,0,0,0,1
1556,23,454,1101,1.000000,1.000000,1.000000,1.000000,0,0,0,0
1557,29,455,1101,1.000000,1.000000,1.000000,1.000000,0,0,0,0
1558,27,455,1102,1.000000,1.000000,1.000000,1.000000,0,0,0,0
1559,25,455,1103,1.000000,1.000000,1.000000,1.000000,0,1,0,0
1560,23,455,1104,1.000000,1.000000,1.000000,1.000000,0,0,0,0
1561,29,456,1104,1.000000,1.000000,1.000000,1.000000,0,0,0,0
1562,27,456,1105,1.000000,1.000000,1.000000,1.000000,0,0,0,0
1563,25,456,1106,1.000000,1.000000,1.000000,1.000000,0,0,0,0
1564,23,456,1107,1.000000,1.000000,1.000000,1.000000,0,0,1,0
1565,21,456,1108,1.000000,1.000000,1.000000,1.000000,1,0,1,0
1566,19,456,1109,1.000000,1.000000,1.000000,1.000000,1,0,1,1
1567,29,457,1109,1.000000,1.000000,1.000000,1.000000,1,0,1,1
1568,27,457,1110,1.000000,1.000000,1.000000,1.000000,1,0,0,0
1569,29,458,1110,1.000000,1.000000,1.000000,1.000000,1,0,0,0
1570,27,458,1111,1.000000,1.000000,1.000000,1.000000,0,0,0,1
1571,29,459,1111,1.000000,1.000000,1.000000,1.000000,0,0,0,1
1572,27,459,1112,1.000000,1.000000,1.000000,1.000000,0,0,0,0
1573,29,460,1112,1.000000,1.000000,1.000000,1.000000,0,0,0,0
1574,27,460,1113,1.000000,1.000000,1.000000,1.000000,0,0,0,0
1575,25,460,1114,1.000000,1.000000,1.000000,1.000000,0,0,0,1
1576,23,460,1115,1.000000,1.000000,1.000000,1.000000,0,0,0,0
1577,29,461,1115,1.000000,1.000000,1.000000,1.000000,0,0,0,0
1578,27,461,1116,1.000000,1.000000,1.000000,1.000000,0,0,0,1
1579,25,461,1117,1.000000,1.000000,1.000000,1.000000,0,0,0,0
1580,29,462,1117,1.000000,1.000000,1.000000,1.000000,0,0,0,0
1581,27,462,1118,1.000000,1.000000,1.000000,1.000000,1,0,0,1
1582,25,462,1119,1.000000,1.000000,1.000000,1.000000,0,0,0,1
1583,29,463,1119,1.000000,1.000000,1.000000,1.000000,0,0,0,1
1584,27,463,1120,1.000000,1.000000,1.000000,1.000000,0,0,1,0
1585,29,464,1120,1.000000,1.000000,1.000000,1.000000,0,0,1,0
1586,27,464,1121,1.000000,1.000000,1.000000,1.000000,0,0,0,0
1587,29,465,1121,1.000000,1.000000,1.000000,1.000000,0,0,0,0
1588,27,465,1122,1.000000,1.000000,1.000000,1.000000,0,0,0,1
1589,25,465,1123,1.000000,1.000000,1.000000,1.000000,0,0,0,1
1590,29,466,1123,1.000000,1.000000,1.000000,1.000000,0,0,0,1
1591,27,466,1124,1.000000,1.000000,1.000000,1.000000,1,0,0,0
1592,29,467,1124,1.000000,1.000000,1.000000,1.000000,1,0,0,0
1593,27,467,1125,1.000000,1.000000,1.000000,1.000000,0,0,0,0
1594,25,467,1126,1.000000,1.000000,1.000000,1.000000,1,0,0,0
1595,23,467,1127,1.000000,1.000000,1.000000,1.000000,0,0,0,0
1596,29,468,1127,1.000000,1.000000,1.000000,1.000000,0,0,0,0
1597,27,468,1128,1.000000,1.000000,1.000000,1.000000,0,0,0,0
1598,25,468,1129,1.000000,1.000000,1.000000,1.000000,0,0,0,0
1599,23,468,1130,1.000000,1.000000,1.000000,1.000000,0,0,0,0
1600,21,468,1131,1.000000,1.000000,1.000000,1.000000,0,0,0,0
1601,19,468,1132,1.000000,1.000000,1.000000,1.000000,0,0,0,0
1602,17,468,1133,1.000000,1.000000,1.000000,1.000000,0,0,0,0
1603,15,468,1134,1.000000,1.000000,1.000000,1.000000,0,1,0,0
1604,13,468,1135,1.000000,1.000000,1.000000,1.000000,1,0,0,0
1605,29,469,1135,1.000000,1.000000,1.000000,1.000000,1,0,0,0
1606,27,469,1136,1.000000,1.000000,1.000000,1.000000,0,1,0,0
1607,29,470,1136,1.000000,1.000000,1.000000,1.000000,0,1,0,0
1608,27,470,1137,1.000000,1.000000,1.000000,1.000000,0,0,0,0
1609,29,471,1137,1.000000,1.000000,1.000000,1.000000,0,0,0,0
1610,27,471,1138,1.000000,1.000000,1.000000,1.000000,0,0,0,0
1611,25,471,1139,1.000000,1.000000,1.000000,1.000000,0,0,0,1
1612,23,471,1140,1.000000,1.000000,1.000000,1.000000,0,0,0,0
1613,29,472,1140,1.000000,1.000000,1.000000,1.000000,0,0,0,0
1614,27,472,1141,1.000000,1.000000,1.000000,1.000000,0,0,0,1
1615,25,472,1142,1.000000,1.000000,1.000000,1.000000,1,0,0,1
1616,29,473,1142,1.000000,1.000000,1.000000,1.000000,1,0,0,1
1617,27,473,1143,1.000000,1.000000,1.000000,1.000000,0,0,0,0
1618,29,474,1143,1.000000,1.000000,1.000000,1.000000,0,0,0,0
1619,27,474,1144,1.000000,1.000000,1.000000,1.000000,0,1,0,0
1620,25,474,1145,1.000000,1.000000,1.000000,1.000000,0,1,0,0
1621,29,475,1145,1.000000,1.000000,1.000000,1.000000,0,1,0,0
1622,27,475,1146,1.000000,1.000000,1.000000,1.000000,1,0,0,0
1623,29,476,1146,1.000000,1.000000,1.000000,1.000000,1,0,0,0
1624,27,476,1147,1.000000,1.000000,1.000000,1.000000,0,0,0,0
1625,29,477,1147,1.000000,1.000000,1.000000,1.000000,0,0,0,0
1626,27,477,1148,1.000000,1.000000,1.000000,1.000000,0,0,0,0
1627,25,477,1149,1.000000,1.000000,1.000000,1.000000,0,0,0,0
1628,23,477,1150,1.000000,1.000000,1.000000,1.000000,1,0,0,0
1629,21,477,1151,1.000000,1.000000,1.000000,1.000000,1,0,0,0
1630,29,478,1151,1.000000,1.000000,1.000000,1.000000,1,0,0,0
1631,27,478,1152,1.000000,1.000000,1.000000,1.000000,0,0,0,0
1632,29,479,1152,1.000000,1.000000,1.000000,1.000000,0,0,0,0
1633,27,479,1153,1.000000,1.000000,1.000000,1.000000,1,0,0,1
1634,25,479,1154,1.000000,1.000000,1.000000,1.000000,1,0,0,0
1635,29,480,1154,1.000000,1.000000,1.000000,1.000000,1,0,0,0
1636,27,480,1155,1.000000,1.000000,1.000000,1.000000,0,0,0,0
1637,29,481,1155,1.000000,1.000000,1.000000,1.000000,0,0,0,0
1638,27,481,1156,1.000000,1.000000,1.000000,1.000000,0,0,0,0
1639,25,481,1157,1.000000,1.000000,1.000000,1.000000,0,0,0,0
1640,23,481,1158,1.000000,1.000000,1.000000,1.000000,0,0,0,0
1641,21,481,1159,1.000000,1.000000,1.000000,1.000000,0,1,0,0
1642,19,481,1160,1.000000,1.000000,1.000000,1.000000,0,0,0,0
1643,29,482,1160,1.000000,1.000000,1.000000,1.000000,0,0,0,0
1644,27,482,1161,1.000000,1.000000,1.000000,1.000000,0,0,0,0
1645,25,482,1162,1.000000,1.000000,1.000000,1.000000,0,0,1,0
1646,23,482,1163,1.000000,1.000000,1.000000,1.000000,1,0,0,0
1647,29,483,1163,1.000000,1.000000,1.000000,1.000000,1,0,0,0
1648,27,483,1164,1.000000,1.000000,1.000000,1.000000,0,0,0,0
1649,29,484,1164,1.000000,1.000000,1.000000,1.000000,0,0,0,0
1650,27,484,1165,1.000000,1.000000,1.000000,1.000000,0,0,0,0
1651,25,484,1166,1.000000,1.000000,1.000000,1.000000,0,1,0,0
1652,23,484,1167,1.000000,1.000000,1.000000,1.000000,0,1,0,0
1653,29,485,1167,1.000000,1.000000,1.000000,1.000000,0,1,0,0
1654,27,485,1168,1.000000,1.000000,1.000000,1.000000,0,0,0,0
1655,29,486,1168,1.000000,1.000000,1.000000,1.000000,0,0,0,0
1656,27,486,1169,1.000000,1.000000,1.000000,1.000000,0,0,0,0
1657,25,486,1170,1.000000,1.000000,1.000000,1.000000,0,0,1,0
1658,23,486,1171,1.000000,1.000000,1.000000,1.000000,0,1,1,0
1659,29,487,1171,1.000000,1.000000,1.000000,1.000000,0,1,1,0
1660,27,487,1172,1.000000,1.000000,1.000000,1.000000,0,1,0,0
1661,29,488,1172,1.000000,1.000000,1.000000,1.000000,0,1,0,0
1662,27,488,1173,1.000000,1.000000,1.000000,1.000000,0,0,0,0
1663,29,489,1173,1.000000,1.000000,1.000000,1.000000,0,0,0,0
1664,27,489,1174,1.000000,1.000000,1.000000,1.000000,0,0,1,0
1665,25,489,1175,1.000000,1.000000,1.000000,1.000000,0,0,1,0
1666,29,490,1175,1.000000,1.000000,1.000000,1.000000,0,0,1,0
1667,27,490,1176,1.000000,1.000000,1.000000,1.000000,0,0,0,1
1668,29,491,1176,1.000000,1.000000,1.000000,1.000000,0,0,0,1
1669,27,491,1177,1.000000,1.000000,1.000000,1.000000,0,0,1,1
1670,29,492,1177,1.000000,1.000000,1.000000,1.000000,0,0,1,1
1671,27,492,1178,1.000000,1.000000,1.000000,1.000000,0,0,0,0
1672,29,493,1178,1.000000,1.000000,1.000000,1.000000,0,0,0,0
1673,27,493,1179,1.000000,1.000000,1.000000,1.000000,0,0,1,0
1674,25,493,1180,1.000000,1.000000,1.000000,1.000000,0,0,0,0
1675,29,494,1180,1.000000,1.000000,1.000000,1.000000,0,0,0,0
1676,27,494,1181,1.000000,1.000000,1.000000,1.000000,0,1,0,0
1677,25,494,1182,1.000000,1.000000,1.000000,1.000000,0,0,1,0
1678,29,495,1182,1.000000,1.000000,1.000000,1.000000,0,0,1,0
1679,27,495,1183,1.000000,1.000000,1.000000,1.000000,0,0,0,0
1680,29,496,1183,1.000000,1.000000,1.000000,1.000000,0,0,0,0
1681,27,496,1184,1.000000,1.000000,1.000000,1.000000,0,0,0,0
1682,25,496,1185,1.000000,1.000000,1.000000,1.000000,0,0,0,0
1683,23,496,1186,1.000000,1.000000,1.000000,1.000000,0,0,0,0
1684,21,496,1187,1.000000,1.000000,1.000000,1.000000,0,0,0,1
1685,19,496,1188,1.000000,1.000000,1.000000,1.000000,0,0,0,0
1686,17,496,1189,1.000000,1.000000,1.000000,1.000000,0,0,0,1
1687,15,496,1190,1.000000,1.000000,1.000000,1.000000,0,0,0,0
1688,13,496,1191,1.000000,1.000000,1.000000,1.000000,0,0,0,0
1689,11,496,1192,1.000000,1.000000,1.000000,1.000000,0,0,0,0
1690,9,496,1193,1.000000,1.000000,1.000000,1.000000,0,0,1,0
1691,7,496,1194,1.000000,1.000000,1.000000,1.000000,0,0,0,0
1692,29,497,1194,1.000000,1.000000,1.000000,1.000000,0,0,0,0
1693,27,497,1195,1.000000,1.000000,1.000000,1.000000,0,1,1,0
1694,25,497,1196,1.000000,1.000000,1.000000,1.000000,0,1,1,0
1695,29,498,1196,1.000000,1.000000,1.000000,1.000000,0,1,1,0
1696,27,498,1197,1.000000,1.000000,1.000000,1.000000,1,0,1,0
1697,29,499,1197,1.000000,1.000000,1.000000,1.000000,1,0,1,0
1698,27,499,1198,1.000000,1.000000,1.000000,1.000000,0,0,0,1
1699,29,500,1198,1.000000,1.000000,1.000000,1.000000,0,0,0,1
1700,27,500,1199,1.000000,1.000000,1.000000,1.000000,0,0,1,0
1701,29,501,1199,1.000000,1.000000,1.000000,1.000000,0,0,1,0
1702,27,501,1200,1.000000,1.000000,1.000000,1.000000,0,0,0,0
1703,29,502,1200,1.000000,1.000000,1.000000,1.000000,0,0,0,0
1704,27,502,1201,1.000000,1.000000,1.000000,1.000000,0,0,0,0
1705,25,502,1202,1.000000,1.000000,1.000000,1.000000,0,0,0,0
1706,23,502,1203,1.000000,1.000000,1.000000,1.000000,0,0,0,0
1707,21,502,1204,1.000000,1.000000,1.000000,1.000000,0,0,0,0
1708,19,502,1205,1.000000,1.000000,1.000000,1.000000,0,1,1,0
1709,17,502,1206,1.000000,1.000000,1.000000,1.000000,0,0,1,0
1710,29,503,1206,1.000000,1.000000,1.000000,1.000000,0,0,1,0
1711,27,503,1207,1.000000,1.000000,1.000000,1.000000,0,0,0,1
1712,29,504,1207,1.000000,1.000000,1.000000,1.000000,0,0,0,1
1713,27,504,1208,1.000000,1.000000,1.000000,1.000000,0,0,0,0
1714,29,505,1208,1.000000,1.000000,1.000000,1.000000,0,0,0,0
1715,27,505,1209,1.000000,1.000000,1.000000,1.000000,0,0,0,0
1716,25,505,1210,1.000000,1.000000,1.000000,1.000000,0,0,0,0
1717,23,505,1211,1.000000,1.000000,1.000000,1.000000,0,0,0,0
1718,21,505,1212,1.000000,1.000000,1.000000,1.000000,0,0,1,0
1719,19,505,1213,1.000000,1.000000,1.000000,1.000000,1,0,1,0
1720,17,505,1214,1.000000,1.000000,1.000000,1.000000,0,0,0,0
1721,29,506,1214,1.000000,1.000000,1.000000,1.000000,0,0,0,0
1722,27,506,1215,1.000000,1.000000,1.000000,1.000000,1,0,0,0
1723,25,506,1216,1.000000,1.000000,1.000000,1.000000,1,0,0,0
1724,29,507,1216,1.000000,1.000000,1.000000,1.000000,1,0,0,0
1725,27,507,1217,1.000000,1.000000,1.000000,1.000000,1,1,0,0
1726,29,508,1217,1.000000,1.000000,1.000000,1.000000,1,1,0,0
1727,27,508,1218,1.000000,1.000000,1.000000,1.000000,0,0,0,0
1728,29,509,1218,1.000000,1.000000,1.000000,1.000000,0,0,0,0
1729,27,509,1219,1.000000,1.000000,1.000000,1.000000,0,1,0,0
1730,25,509,1220,1.000000,1.000000,1.000000,1.000000,0,0,0,0
1731,29,510,1220,1.000000,1.000000,1.000000,1.000000,0,0,0,0
1732,27,510,1221,1.000000,1.000000,1.000000,1.000000,1,0,0,0
1733,25,510,1222,1.000000,1.000000,1.000000,1.000000,1,0,0,0
1734,29,511,1222,1.000000,1.000000,1.000000,1.000000,1,0,0,0
1735,27,511,1223,1.000000,1.000000,1.000000,1.000000,1,1,0,0
1736,29,512,1223,1.000000,1.000000,1.000000,1.000000,1,1,0,0
1737,27,512,1224,1.000000,1.000000,1.000000,1.000000,1,0,0,0
1738,25,512,1225,1.000000,1.000000,1.000000,1.000000,1,0,1,1
1739,23,512,1226,1.000000,1.000000,1.000000,1.000000,0,1,1,0
1740,29,513,1226,1.000000,1.000000,1.000000,1.000000,0,1,1,0
1741,27,513,1227,1.000000,1.000000,1.000000,1.000000,0,0,0,0
1742,29,514,1227,1.000000,1.000000,1.000000,1.000000,0,0,0,0
1743,27,514,1228,1.000000,1.000000,1.000000,1.000000,0,0,0,0
1744,25,514,1229,1.000000,1.000000,1.000000,1.000000,0,0,0,0
1745,23,514,1230,1.000000,1.000000,1.000000,1.000000,0,1,0,0
1746,21,514,1231,1.000000,1.000000,1.000000,1.000000,0,0,0,0
1747,29,515,1231,1.000000,1.000000,1.000000,1.000000,0,0,0,0
1748,27,515,1232,1.000000,1.000000,1.000000,1.000000,0,0,0,0
1749,25,515,1233,1.000000,1.000000,1.000000,1.000000,0,0,0,0
1750,23,515,1234,1.000000,1.000000,1.000000,1.000000,0,0,0,0
1751,21,515,1235,1.000000,1.000000,1.000000,1.000000,0,0,1,0
1752,19,515,1236,1.000000,1.000000,1.000000,1.000000,0,0,0,0
1753,17,515,1237,1.000000,1.000000,1.000000,1.000000,0,0,0,0
1754,15,515,1238,1.000000,1.000000,1.000000,1.000000,0,0,0,0
1755,13,515,1239,1.000000,1.000000,1.000000,1.000000,0,0,0,0
1756,11,515,1240,1.000000,1.000000,1.000000,1.000000,0,0,0,0
1757,9,515,1241,1.000000,1.000000,1.000000,1.000000,0,0,0,0
1758,7,515,1242,1.000000,1.000000,1.000000,1.000000,0,0,1,0
1759,5,515,1243,1.000000,1.000000,1.000000,1.000000,0,0,0,1
1760,29,516,1243,1.000000,1.000000,1.000000,1.000000,0,0,0,1
1761,27,516,1244,1.000000,1.000000,1.000000,1.000000,0,0,1,0
1762,29,517,1244,1.000000,1.000000,1.000000,1.000000,0,0,1,0
1763,27,517,1245,1.000000,1.000000,1.000000,1.000000,0,0,0,0
1764,25,517,1246,1.000000,1.000000,1.000000,1.000000,0,0,0,1
1765,23,517,1247,1.000000,1.000000,1.000000,1.000000,0,0,1,1
1766,29,518,1247,1.000000,1.000000,1.000000,1.000000,0,0,1,1
1767,27,518,1248,1.000000,1.000000,1.000000,1.000000,0,0,1,0
1768,29,519,1248,1.000000,1.000000,1.000000,1.000000,0,0,1,0
1769,27,519,1249,1.000000,1.000000,1.000000,1.000000,0,1,1,0
1770,29,520,1249,1.000000,1.000000,1.000000,1.000000,0,1,1,0
1771,27,520,1250,1.000000,1.000000,1.000000,1.000000,0,0,0,0
1772,29,521,1250,1.000000,1.000000,1.000000,1.000000,0,0,0,0
1773,27,521,1251,1.000000,1.000000,1.000000,1.000000,0,0,0,0
1774,25,521,1252,1.000000,1.000000,1.000000,1.000000,0,0,0,0
1775,23,521,1253,1.000000,1.000000,1.000000,1.000000,0,0,1,0
1776,21,521,1254,1.000000,1.000000,1.000000,1.000000,0,0,0,0
1777,29,522,1254,1.000000,1.000000,1.000000,1.000000,0,0,0,0
1778,27,522,1255,1.000000,1.000000,1.000000,1.000000,0,0,0,0
1779,25,522,1256,1.000000,1.000000,1.000000,1.000000,0,0,0,0
1780,23,522,1257,1.000000,1.000000,1.000000,1.000000,0,0,0,0
1781,21,522,1258,1.000000,1.000000,1.000000,1.000000,0,0,0,0
1782,19,522,1259,1.000000,1.000000,1.000000,1.000000,1,0,0,0
1783,17,522,1260,1.000000,1.000000,1.000000,1.000000,0,1,0,0
1784,29,523,1260,1.000000,1.000000,1.000000,1.000000,0,1,1,0
1785,27,523,1261,1.000000,1.000000,1.000000,1.000000,1,0,0,0
1786,29,524,1261,1.000000,1.000000,1.000000,1.000000,1,0,1,0
1787,27,524,1262,1.000000,1.000000,1.000000,1.000000,0,1,0,0
1788,25,524,1263,1.000000,1.000000,1.000000,1.000000,0,0,0,1
1789,29,525,1263,1.000000,1.000000,1.000000,1.000000,0,0,0,1
1790,27,525,1264,1.000000,1.000000,1.000000,1.000000,0,0,0,0
1791,29,526,1264,1.000000,1.000000,1.000000,1.000000,0,0,0,0
1792,27,526,1265,1.000000,1.000000,1.000000,1.000000,0,0,0,1
1793,25,526,1266,1.000000,1.000000,1.000000,1.000000,0,0,0,0
1794,29,527,1266,1.000000,1.000000,1.000000,1.000000,0,0,0,0
1795,27,527,1267,1.000000,1.000000,1.000000,1.000000,0,0,0,0
1796,25,527,1268,1.000000,1.000000,1.000000,1.000000,0,0,0,1
1797,23,527,1269,1.000000,1.000000,1.000000,1.000000,1,0,1,1
1798,21,527,1270,1.000000,1.000000,1.000000,1.000000,1,0,1,0
1799,29,528,1270,1.000000,1.000000,1.000000,1.000000,1,0,1,0
1800,27,528,1271,1.000000,1.000000,1.000000,1.000000,0,0,1,1
1801,25,528,1272,1.000000,1.000000,1.000000,1.000000,0,1,1,1
1802,29,529,1272,1.000000,1.000000,1.000000,1.000000,0,1,1,1
1803,27,529,1273,1.000000,1.000000,1.000000,1.000000,0,1,1,1
1804,29,530,1273,1.000000,1.000000,1.000000,1.000000,0,1,1,1
1805,27,530,1274,1.000000,1.000000,1.000000,1.000000,0,0,1,0
1806,29,531,1274,1.000000,1.000000,1.000000,1.000000,0,0,1,0
1807,27,531,1275,1.000000,1.000000,1.000000,1.000000,0,1,0,0
1808,29,532,1275,1.000000,1.000000,1.000000,1.000000,0,1,0,0
1809,27,532,1276,1.000000,1.000000,1.000000,1.000000,0,0,0,0
1810,29,533,1276,1.000000,1.000000,1.000000,1.000000,0,0,0,0
1811,27,533,1277,1.000000,1.000000,1.000000,1.000000,0,1,0,0
1812,25,533,1278,1.000000,1.000000,1.000000,1.000000,0,0,1,0
1813,29,534,1278,1.000000,1.000000,1.000000,1.000000,0,0,1,0
1814,27,534,1279,1.000000,1.000000,1.000000,1.000000,0,1,1,0
1815,29,535,1279,1.000000,1.000000,1.000000,1.000000,0,1,1,0
1816,27,535,1280,1.000000,1.000000,1.000000,1.000000,0,0,0,0
1817,29,536,1280,1.000000,1.000000,1.000000,1.000000,0,0,0,0
1818,27,536,1281,1.000000,1.000000,1.000000,1.000000,1,0,0,0
1819,25,536,1282,1.000000,1.000000,1.000000,1.000000,1,0,0,0
1820,23,536,1283,1.000000,1.000000,1.000000,1.000000,1,1,1,0
1821,21,536,1284,1.000000,1.000000,1.000000,1.000000,1,0,0,1
1822,19,536,1285,1.000000,1.000000,1.000000,1.000000,1,1,1,0
1823,29,537,1285,1.000000,1.000000,1.000000,1.000000,1,1,1,0
1824,27,537,1286,1.000000,1.000000,1.000000,1.000000,0,0,0,0
1825,29,538,1286,1.000000,1.000000,1.000000,1.000000,0,0,0,0
1826,27,538,1287,1.000000,1.000000,1.000000,1.000000,1,1,0,0
1827,25,538,1288,1.000000,1.000000,1.000000,1.000000,0,1,0,0
1828,29,539,1288,1.000000,1.000000,1.000000,1.000000,0,1,0,0
1829,27,539,1289,1.000000,1.000000,1.000000,1.000000,1,1,0,0
1830,25,539,1290,1.000000,1.000000,1.000000,1.000000,0,0,0,0
1831,29,540,1290,1.000000,1.000000,1.000000,1.000000,0,0,0,0
1832,27,540,1291,1.000000,1.000000,1.000000,1.000000,0,0,1,0
1833,25,540,1292,1.000000,1.000000,1.000000,1.000000,0,0,1,0
1834,23,540,1293,1.000000,1.000000,1.000000,1.000000,0,0,0,1
1835,29,541,1293,1.000000,1.000000,1.000000,1.000000,0,0,0,1
1836,27,541,1294,1.000000,1.000000,1.000000,1.000000,0,0,1,0
1837,29,542,1294,1.000000,1.000000,1.000000,1.000000,0,0,1,0
1838,27,542,1295,1.000000,1.000000,1.000000,1.000000,0,0,1,0
1839,29,543,1295,1.000000,1.000000,1.000000,1.000000,0,0,1,0
1840,27,543,1296,1.000000,1.000000,1.000000,1.000000,0,0,0,1
1841,29,544,1296,1.000000,1.000000,1.000000,1.000000,0,0,0,1
1842,27,544,1297,1.000000,1.000000,1.000000,1.000000,1,0,1,0
1843,29,545,1297,1.000000,1.000000,1.000000,1.000000,1,0,1,0
1844,27,545,1298,1.000000,1.000000,1.000000,1.000000,0,0,0,0
1845,29,546,1298,1.000000,1.000000,1.000000,1.000000,0,0,0,0
1846,27,546,1299,1.000000,1.000000,1.000000,1.000000,1,0,0,0
1847,25,546,1300,1.000000,1.000000,1.000000,1.000000,0,0,0,0
1848,29,547,1300,1.000000,1.000000,1.000000,1.000000,0,0,0,0
1849,27,547,1301,1.000000,1.000000,1.000000,1.000000,0,0,0,0
1850,25,547,1302,1.000000,1.000000,1.000000,1.000000,0,0,0,0
1851,23,547,1303,1.000000,1.000000,1.000000,1.000000,0,0,0,0
1852,21,547,1304,1.000000,1.000000,1.000000,1.000000,0,0,0,0
1853,19,547,1305,1.000000,1.000000,1.000000,1.000000,0,1,0,0
1854,17,547,1306,1.000000,1.000000,1.000000,1.000000,0,1,0,0
1855,15,547,1307,1.000000,1.000000,1.000000,1.000000,1,0,1,0
1856,29,548,1307,1.000000,1.000000,1.000000,1.000000,1,0,1,0
1857,27,548,1308,1.000000,1.000000,1.000000,1.000000,0,0,0,1
1858,29,549,1308,1.000000,1.000000,1.000000,1.000000,0,0,0,1
1859,27,549,1309,1.000000,1.000000,1.000000,1.000000,1,0,1,0
1860,29,550,1309,1.000000,1.000000,1.000000,1.000000,1,0,1,0
1861,27,550,1310,1.000000,1.000000,1.000000,1.000000,0,0,0,0
1862,29,551,1310,1.000000,1.000000,1.000000,1.000000,0,0,0,0
1863,27,551,1311,1.000000,1.000000,1.000000,1.000000,1,0,0,0
1864,25,551,1312,1.000000,1.000000,1.000000,1.000000,0,0,0,0
1865,29,552,1312,1.000000,1.000000,1.000000,1.000000,0,0,0,0
1866,27,552,1313,1.000000,1.000000,1.000000,1.000000,0,0,0,1
1867,25,552,1314,1.000000,1.000000,1.000000,1.000000,0,0,0,0
1868,29,553,1314,1.000000,1.000000,1.000000,1.000000,0,0,0,0
1869,27,553,1315,1.000000,1.000000,1.000000,1.000000,1,0,1,1
1870,25,553,1316,1.000000,1.000000,1.000000,1.000000,0,0,0,1
1871,29,554,1316,1.000000,1.000000,1.000000,1.000000,0,0,0,1
1872,27,554,1317,1.000000,1.000000,1.000000,1.000000,1,0,0,0
1873,29,555,1317,1.000000,1.000000,1.000000,1.000000,1,0,0,0
1874,27,555,1318,1.000000,1.000000,1.000000,1.000000,1,0,0,0
1875,29,556,1318,1.000000,1.000000,1.000000,1.000000,1,0,0,0
1876,27,556,1319,1.000000,1.000000,1.000000,1.000000,1,1,0,1
1877,29,557,1319,1.000000,1.000000,1.000000,1.000000,1,1,0,1
1878,27,557,1320,1.000000,1.000000,1.000000,1.000000,1,0,0,1
1879,25,557,1321,1.000000,1.000000,1.000000,1.000000,0,1,1,0
1880,29,558,1321,1.000000,1.000000,1.000000,1.000000,0,1,1,0
1881,27,558,1322,1.000000,1.000000,1.000000,1.000000,0,1,0,0
1882,29,559,1322,1.000000,1.000000,1.000000,1.000000,0,1,0,0
1883,27,559,1323,1.000000,1.000000,1.000000,1.000000,1,0,1,0
1884,29,560,1323,1.000000,1.000000,1.000000,1.000000,1,0,1,0
1885,27,560,1324,1.000000,1.000000,1.000000,1.000000,0,0,0,0
1886,29,561,1324,1.000000,1.000000,1.000000,1.000000,0,0,0,0
1887,27,561,1325,1.000000,1.000000,1.000000,1.000000,0,1,1,0
1888,25,561,1326,1.000000,1.000000,1.000000,1.000000,0,0,0,1
1889,23,561,1327,1.000000,1.000000,1.000000,1.000000,1,1,0,0
1890,29,562,1327,1.000000,1.000000,1.000000,1.000000,1,1,0,0
1891,27,562,1328,1.000000,1.000000,1.000000,1.000000,0,0,0,0
1892,29,563,1328,1.000000,1.000000,1.000000,1.000000,0,0,0,0
1893,27,563,1329,1.000000,1.000000,1.000000,1.000000,1,0,0,0
1894,25,563,1330,1.000000,1.000000,1.000000,1.000000,1,0,0,0
1895,29,564,1330,1.000000,1.000000,1.000000,1.000000,1,0,0,0
1896,27,564,1331,1.000000,1.000000,1.000000,1.000000,1,0,0,1
1897,29,565,1331,1.000000,1.000000,1.000000,1.000000,1,0,0,1
1898,27,565,1332,1.000000,1.000000,1.000000,1.000000,0,1,0,1
1899,29,566,1332,1.000000,1.000000,1.000000,1.000000,0,1,0,1
1900,27,566,1333,1.000000,1.000000,1.000000,1.000000,1,0,1,0
1901,25,566,1334,1.000000,1.000000,1.000000,1.000000,1,0,0,0
1902,29,567,1334,1.000000,1.000000,1.000000,1.000000,1,0,0,0
1903,27,567,1335,1.000000,1.000000,1.000000,1.000000,1,0,0,0
1904,29,568,1335,1.000000,1.000000,1.000000,1.000000,1,0,0,0
1905,27,568,1336,1.000000,1.000000,1.000000,1.000000,1,0,0,0
1906,29,569,1336,1.000000,1.000000,1.000000,1.000000,1,0,0,0
1907,27,569,1337,1.000000,1.000000,1.000000,1.000000,0,0,0,0
1908,25,569,1338,1.000000,1.000000,1.000000,1.000000,0,0,0,0
1909,23,569,1339,1.000000,1.000000,1.000000,1.000000,0,0,0,0
1910,21,569,1340,1.000000,1.000000,1.000000,1.000000,0,0,0,1
1911,19,569,1341,1.000000,1.000000,1.000000,1.000000,1,0,0,1
1912,17,569,1342,1.000000,1.000000,1.000000,1.000000,0,0,1,0
1913,15,569,1343,1.000000,1.000000,1.000000,1.000000,1,0,0,1
1914,29,570,1343,1.000000,1.000000,1.000000,1.000000,1,0,0,1
1915,27,570,1344,1.000000,1.000000,1.000000,1.000000,0,0,0,0
1916,29,571,1344,1.000000,1.000000,1.000000,1.000000,0,0,0,0
1917,27,571,1345,1.000000,1.000000,1.000000,1.000000,0,0,0,1
1918,25,571,1346,1.000000,1.000000,1.000000,1.000000,0,0,0,0
1919,29,572,1346,1.000000,1.000000,1.000000,1.000000,0,0,0,0
1920,27,572,1347,1.000000,1.000000,1.000000,1.000000,0,0,0,0
1921,25,572,1348,1.000000,1.000000,1.000000,1.000000,1,0,0,1
1922,23,572,1349,1.000000,1.000000,1.000000,1.000000,0,0,0,0
1923,29,573,1349,1.000000,1.000000,1.000000,1.000000,0,0,0,0
1924,27,573,1350,1.000000,1.000000,1.000000,1.000000,0,0,0,1
1925,25,573,1351,1.000000,1.000000,1.000000,1.000000,0,0,0,0
1926,29,574,1351,1.000000,1.000000,1.000000,1.000000,0,0,0,0
1927,27,574,1352,1.000000,1.000000,1.000000,1.000000,0,0,0,0
1928,25,574,1353,1.000000,1.000000,1.000000,1.000000,0,0,0,0
1929,23,574,1354,1.000000,1.000000,1.000000,1.000000,0,1,1,0
1930,21,574,1355,1.000000,1.000000,1.000000,1.000000,0,1,0,0
1931,29,575,1355,1.000000,1.000000,1.000000,1.000000,0,1,0,0
1932,27,575,1356,1.000000,1.000000,1.000000,1.000000,1,1,0,0
1933,29,576,1356,1.000000,1.000000,1.000000,1.000000,1,1,0,0
1934,27,576,1357,1.000000,1.000000,1.000000,1.000000,1,1,1,0
1935,29,577,1357,1.000000,1.000000,1.000000,1.000000,1,1,1,0
1936,27,577,1358,1.000000,1.000000,1.000000,1.000000,1,0,0,0
1937,29,578,1358,1.000000,1.000000,1.000000,1.000000,1,0,0,0
1938,27,578,1359,1.000000,1.000000,1.000000,1.000000,1,0,0,1
1939,29,579,1359,1.000000,1.000000,1.000000,1.000000,1,0,0,1
1940,27,579,1360,1.000000,1.000000,1.000000,1.000000,1,0,0,0
1941,29,580,1360,1.000000,1.000000,1.000000,1.000000,1,0,0,0
1942,27,580,1361,1.000000,1.000000,1.000000,1.000000,1,0,0,1
1943,25,580,1362,1.000000,1.000000,1.000000,1.000000,0,1,0,0
1944,29,581,1362,1.000000,1.000000,1.000000,1.000000,0,1,0,0
1945,27,581,1363,1.000000,1.000000,1.000000,1.000000,1,0,0,0
1946,29,582,1363,1.000000,1.000000,1.000000,1.000000,1,0,0,0
1947,27,582,1364,1.000000,1.000000,1.000000,1.000000,0,0,0,0
1948,29,583,1364,1.000000,1.000000,1.000000,1.000000,0,0,0,0
1949,27,583,1365,1.000000,1.000000,1.000000,1.000000,1,0,0,0
1950,25,583,1366,1.000000,1.000000,1.000000,1.000000,1,0,0,0
1951,29,584,1366,1.000000,1.000000,1.000000,1.000000,1,0,0,0
1952,27,584,1367,1.000000,1.000000,1.000000,1.000000,0,1,0,1
1953,29,585,1367,1.000000,1.000000,1.000000,1.000000,0,1,0,1
1954,27,585,1368,1.000000,1.000000,1.000000,1.000000,1,0,0,0
1955,25,585,1369,1.000000,1.000000,1.000000,1.000000,0,0,1,0
1956,29,586,1369,1.000000,1.000000,1.000000,1.000000,0,0,1,0
1957,27,586,1370,1.000000,1.000000,1.000000,1.000000,0,0,0,0
1958,29,587,1370,1.000000,1.000000,1.000000,1.000000,0,0,0,0
1959,27,587,1371,1.000000,1.000000,1.000000,1.000000,0,0,0,1
1960,25,587,1372,1.000000,1.000000,1.000000,1.000000,0,0,0,0
1961,29,588,1372,1.000000,1.000000,1.000000,1.000000,0,0,0,0
1962,27,588,1373,1.000000,1.000000,1.000000,1.000000,1,0,0,1
1963,25,588,1374,1.000000,1.000000,1.000000,1.000000,0,1,0,1
1964,23,588,1375,1.000000,1.000000,1.000000,1.000000,0,0,0,1
1965,29,589,1375,1.000000,1.000000,1.000000,1.000000,0,0,0,1
1966,27,589,1376,1.000000,1.000000,1.000000,1.000000,0,0,0,1
1967,29,590,1376,1.000000,1.000000,1.000000,1.000000,0,0,0,1
1968,27,590,1377,1.000000,1.000000,1.000000,1.000000,0,0,0,1
1969,25,590,1378,1.000000,1.000000,1.000000,1.000000,1,0,0,0
1970,29,591,1378,1.000000,1.000000,1.000000,1.000000,1,0,0,0
1971,27,591,1379,1.000000,1.000000,1.000000,1.000000,0,0,0,0
1972,29,592,1379,1.000000,1.000000,1.000000,1.000000,0,0,0,0
1973,27,592,1380,1.000000,1.000000,1.000000,1.000000,0,0,0,0
1974,25,592,1381,1.000000,1.000000,1.000000,1.000000,0,0,0,0
1975,23,592,1382,1.000000,1.000000,1.000000,1.000000,0,0,0,0
1976,21,592,1383,1.000000,1.000000,1.000000,1.000000,0,0,1,0
1977,19,592,1384,1.000000,1.000000,1.000000,1.000000,0,1,0,0
1978,29,593,1384,1.000000,1.000000,1.000000,1.000000,0,1,0,0
1979,27,593,1385,1.000000,1.000000,1.000000,1.000000,0,1,1,0
1980,29,594,1385,1.000000,1.000000,1.000000,1.000000,0,1,1,0
1981,27,594,1386,1.000000,1.000000,1.000000,1.000000,0,0,0,0
1982,29,595,1386,1.000000,1.000000,1.000000,1.000000,0,0,0,0
1983,27,595,1387,1.000000,1.000000,1.000000,1.000000,0,0,0,1
1984,25,595,1388,1.000000,1.000000,1.000000,1.000000,0,0,0,0
1985,23,595,1389,1.000000,1.000000,1.000000,1.000000,0,0,0,1
1986,21,595,1390,1.000000,1.000000,1.000000,1.000000,0,0,0,0
1987,29,596,1390,1.000000,1.000000,1.000000,1.000000,0,0,0,0
1988,27,596,1391,1.000000,1.000000,1.000000,1.000000,0,0,0,0
1989,25,596,1392,1.000000,1.000000,1.000000,1.000000,0,0,0,0
1990,23,596,1393,1.000000,1.000000,1.000000,1.000000,1,1,0,0
1991,21,596,1394,1.000000,1.000000,1.000000,1.000000,0,0,1,0
1992,29,597,1394,1.000000,1.000000,1.000000,1.000000,0,0,1,0
1993,27,597,1395,1.000000,1.000000,1.000000,1.000000,0,0,0,0
1994,29,598,1395,1.000000,1.000000,1.000000,1.000000,0,0,0,0
1995,27,598,1396,1.000000,1.000000,1.000000,1.000000,0,0,0,0
1996,25,598,1397,1.000000,1.000000,1.000000,1.000000,0,1,0,0
1997,23,598,1398,1.000000,1.000000,1.000000,1.000000,0,0,0,0
1998,29,599,1398,1.000000,1.000000,1.000000,1.000000,0,0,0,0
1999,27,599,1399,1.000000,1.000000,1.000000,1.000000,0,0,0,0
2000,25,599,1400,1.000000,1.000000,1.000000,1.000000,0,0,0,0
