tick,energy,eats,distance,conn_1_6_weight,conn_2_7_weight,conn_3_8_weight,conn_4_9_weight,food_north_sensed,food_east_sensed,food_south_sensed,food_west_sensed
0,30,0,0,1.000000,1.000000,1.000000,1.000000,0,0,0,0
1,29,0,0,1.000000,1.000000,1.000000,1.000000,0,0,0,0
2,27,0,1,1.000000,1.000000,1.000000,1.000000,0,1,0,0
3,25,0,2,1.000000,1.000000,1.000000,1.000000,0,0,1,0
4,29,1,2,1.000000,1.000000,1.000000,1.000000,0,0,1,0
5,27,1,3,1.000000,1.000000,1.000000,1.000000,0,0,1,0
6,29,2,3,1.000000,1.000000,1.000000,1.000000,0,0,1,0
7,27,2,4,1.000000,1.000000,1.000000,1.000000,0,0,0,0
8,29,3,4,1.000000,1.000000,1.000000,1.000000,0,0,0,0
9,27,3,5,1.000000,1.000000,1.000000,1.000000,0,0,0,0
10,25,3,6,1.000000,1.000000,1.000000,1.000000,0,0,0,0
11,23,3,7,1.000000,1.000000,1.000000,1.000000,0,0,0,0
12,21,3,8,1.000000,1.000000,1.000000,1.000000,0,0,0,0
13,19,3,9,1.000000,1.000000,1.000000,1.000000,0,0,0,0
14,17,3,10,1.000000,1.000000,1.000000,1.000000,0,0,0,0
15,15,3,11,1.000000,1.000000,1.000000,1.000000,0,0,0,0
16,13,3,12,1.000000,1.000000,1.000000,1.000000,0,0,0,0
17,11,3,13,1.000000,1.000000,1.000000,1.000000,0,0,0,0
18,9,3,14,1.000000,1.000000,1.000000,1.000000,0,0,0,0
19,29,4,14,1.000000,1.000000,1.000000,1.000000,0,0,0,0
20,27,4,15,1.000000,1.000000,1.000000,1.000000,0,0,0,0
21,25,4,16,1.000000,1.000000,1.000000,1.000000,0,0,0,0
22,23,4,17,1.000000,1.000000,1.000000,1.000000,0,0,0,1
23,21,4,18,1.000000,1.000000,1.000000,1.000000,0,0,1,0
24,29,5,18,1.000000,1.000000,1.000000,1.000000,0,0,1,0
25,27,5,19,1.000000,1.000000,1.000000,1.000000,0,0,0,0
26,29,6,19,1.000000,1.000000,1.000000,1.000000,0,0,0,0
27,27,6,20,1.000000,1.000000,1.000000,1.000000,0,0,1,0
28,25,6,21,1.000000,1.000000,1.000000,1.000000,0,0,0,1
29,23,6,22,1.000000,1.000000,1.000000,1.000000,0,1,1,1
30,21,6,23,1.000000,1.000000,1.000000,1.000000,1,1,0,0
31,29,7,23,1.000000,1.000000,1.000000,1.000000,1,1,0,0
32,27,7,24,1.000000,1.000000,1.000000,1.000000,0,0,0,0
33,29,8,24,1.000000,1.000000,1.000000,1.000000,0,0,0,0
34,27,8,25,1.000000,1.000000,1.000000,1.000000,0,1,0,0
35,25,8,26,1.000000,1.000000,1.000000,1.000000,0,1,1,0
36,29,9,26,1.000000,1.000000,1.000000,1.000000,0,1,1,0
37,27,9,27,1.000000,1.000000,1.000000,1.000000,0,0,0,0
38,29,10,27,1.000000,1.000000,1.000000,1.000000,0,0,0,0
39,27,10,28,1.000000,1.000000,1.000000,1.000000,0,0,1,0
40,25,10,29,1.000000,1.000000,1.000000,1.000000,0,0,0,0
41,29,11,29,1.000000,1.000000,1.000000,1.000000,0,0,0,0
42,27,11,30,1.000000,1.000000,1.000000,1.000000,0,0,0,0
43,25,11,31,1.000000,1.000000,1.000000,1.000000,0,0,1,0
44,23,11,32,1.000000,1.000000,1.000000,1.000000,0,0,0,0
45,29,12,32,1.000000,1.000000,1.000000,1.000000,0,0,0,0
46,27,12,33,1.000000,1.000000,1.000000,1.000000,0,0,1,0
47,25,12,34,1.000000,1.000000,1.000000,1.000000,0,0,0,0
48,29,13,34,1.000000,1.000000,1.000000,1.000000,0,0,0,0
49,27,13,35,1.000000,1.000000,1.000000,1.000000,0,1,0,1
50,25,13,36,1.000000,1.000000,1.000000,1.000000,0,0,0,0
51,29,14,36,1.000000,1.000000,1.000000,1.000000,0,0,0,0
52,27,14,37,1.000000,1.000000,1.000000,1.000000,0,1,0,0
53,25,14,38,1.000000,1.000000,1.000000,1.000000,0,1,0,0
54,29,15,38,1.000000,1.000000,1.000000,1.000000,0,1,0,0
55,27,15,39,1.000000,1.000000,1.000000,1.000000,0,1,0,0
56,29,16,39,1.000000,1.000000,1.000000,1.000000,0,1,0,0
57,27,16,40,1.000000,1.000000,1.000000,1.000000,1,0,0,0
58,29,17,40,1.000000,1.000000,1.000000,1.000000,1,0,0,0
59,27,17,41,1.000000,1.000000,1.000000,1.000000,1,0,0,0
60,29,18,41,1.000000,1.000000,1.000000,1.000000,1,0,0,0
61,27,18,42,1.000000,1.000000,1.000000,1.000000,0,0,0,0
62,29,19,42,1.000000,1.000000,1.000000,1.000000,0,0,0,0
63,27,19,43,1.000000,1.000000,1.000000,1.000000,0,0,0,0
64,25,19,44,1.000000,1.000000,1.000000,1.000000,1,0,0,0
65,23,19,45,1.000000,1.000000,1.000000,1.000000,0,0,0,0
66,29,20,45,1.000000,1.000000,1.000000,1.000000,0,0,0,0
67,27,20,46,1.000000,1.000000,1.000000,1.000000,0,0,0,1
68,25,20,47,1.000000,1.000000,1.000000,1.000000,0,0,0,0
69,29,21,47,1.000000,1.000000,1.000000,1.000000,0,0,0,0
70,27,21,48,1.000000,1.000000,1.000000,1.000000,0,0,0,1
71,25,21,49,1.000000,1.000000,1.000000,1.000000,0,0,0,1
72,29,22,49,1.000000,1.000000,1.000000,1.000000,0,0,0,1
73,27,22,50,1.000000,1.000000,1.000000,1.000000,0,0,1,1
74,29,23,50,1.000000,1.000000,1.000000,1.000000,0,0,1,1
75,27,23,51,1.000000,1.000000,1.000000,1.000000,1,0,0,0
76,29,24,51,1.000000,1.000000,1.000000,1.000000,1,0,0,0
77,27,24,52,1.000000,1.000000,1.000000,1.000000,0,0,0,0
78,29,25,52,1.000000,1.000000,1.000000,1.000000,0,0,0,0
79,27,25,53,1.000000,1.000000,1.000000,1.000000,1,0,0,1
80,25,25,54,1.000000,1.000000,1.000000,1.000000,1,0,0,0
81,29,26,54,1.000000,1.000000,1.000000,1.000000,1,0,0,0
82,27,26,55,1.000000,1.000000,1.000000,1.000000,1,1,0,1
83,29,27,55,1.000000,1.000000,1.000000,1.000000,1,1,0,1
84,27,27,56,1.000000,1.000000,1.000000,1.000000,1,0,0,0
85,25,27,57,1.000000,1.000000,1.000000,1.000000,0,1,1,0
86,29,28,57,1.000000,1.000000,1.000000,1.000000,0,1,1,0
87,27,28,58,1.000000,1.000000,1.000000,1.000000,0,0,0,0
88,29,29,58,1.000000,1.000000,1.000000,1.000000,0,0,0,0
89,27,29,59,1.000000,1.000000,1.000000,1.000000,0,1,0,0
90,25,29,60,1.000000,1.000000,1.000000,1.000000,0,0,0,0
91,29,30,60,1.000000,1.000000,1.000000,1.000000,0,0,0,0
92,27,30,61,1.000000,1.000000,1.000000,1.000000,0,1,0,0
93,25,30,62,1.000000,1.000000,1.000000,1.000000,0,0,0,0
94,29,31,62,1.000000,1.000000,1.000000,1.000000,0,0,0,0
95,27,31,63,1.000000,1.000000,1.000000,1.000000,0,0,1,1
96,25,31,64,1.000000,1.000000,1.000000,1.000000,0,0,1,0
97,29,32,64,1.000000,1.000000,1.000000,1.000000,0,0,1,0
98,27,32,65,1.000000,1.000000,1.000000,1.000000,0,1,0,0
99,29,33,65,1.000000,1.000000,1.000000,1.000000,0,1,0,0
100,27,33,66,1.000000,1.000000,1.000000,1.000000,0,1,1,0
101,29,34,66,1.000000,1.000000,1.000000,1.000000,0,1,1,0
102,27,34,67,1.000000,1.000000,1.000000,1.000000,0,0,0,0
103,29,35,67,1.000000,1.000000,1.000000,1.000000,0,0,0,0
104,27,35,68,1.000000,1.000000,1.000000,1.000000,0,0,0,0
105,25,35,69,1.000000,1.000000,1.000000,1.000000,0,0,1,0
106,23,35,70,1.000000,1.000000,1.000000,1.000000,0,0,0,0
107,29,36,70,1.000000,1.000000,1.000000,1.000000,0,0,0,0
108,27,36,71,1.000000,1.000000,1.000000,1.000000,0,0,0,0
109,25,36,72,1.000000,1.000000,1.000000,1.000000,0,0,0,0
110,23,36,73,1.000000,1.000000,1.000000,1.000000,0,0,1,0
111,21,36,74,1.000000,1.000000,1.000000,1.000000,0,0,1,0
112,29,37,74,1.000000,1.000000,1.000000,1.000000,0,0,1,0
113,27,37,75,1.000000,1.000000,1.000000,1.000000,0,0,1,0
114,29,38,75,1.000000,1.000000,1.000000,1.000000,0,0,1,0
115,27,38,76,1.000000,1.000000,1.000000,1.000000,0,0,0,0
116,25,38,77,1.000000,1.000000,1.000000,1.000000,0,1,0,0
117,23,38,78,1.000000,1.000000,1.000000,1.000000,0,0,0,0
118,29,39,78,1.000000,1.000000,1.000000,1.000000,0,0,0,0
119,27,39,79,1.000000,1.000000,1.000000,1.000000,0,0,0,0
120,25,39,80,1.000000,1.000000,1.000000,1.000000,0,0,0,0
121,23,39,81,1.000000,1.000000,1.000000,1.000000,0,0,0,1
122,21,39,82,1.000000,1.000000,1.000000,1.000000,0,0,0,1
123,29,40,82,1.000000,1.000000,1.000000,1.000000,0,0,0,1
124,27,40,83,1.000000,1.000000,1.000000,1.000000,0,0,0,1
125,29,41,83,1.000000,1.000000,1.000000,1.000000,0,0,0,1
126,27,41,84,1.000000,1.000000,1.000000,1.000000,0,0,0,0
127,29,42,84,1.000000,1.000000,1.000000,1.000000,0,0,0,0
128,27,42,85,1.000000,1.000000,1.000000,1.000000,1,0,0,1
129,25,42,86,1.000000,1.000000,1.000000,1.000000,0,0,0,0
130,29,43,86,1.000000,1.000000,1.000000,1.000000,0,0,0,0
131,27,43,87,1.000000,1.000000,1.000000,1.000000,0,0,1,0
132,25,43,88,1.000000,1.000000,1.000000,1.000000,0,0,0,0
133,23,43,89,1.000000,1.000000,1.000000,1.000000,0,1,0,1
134,21,43,90,1.000000,1.000000,1.000000,1.000000,0,0,0,0
135,29,44,90,1.000000,1.000000,1.000000,1.000000,0,0,0,0
136,27,44,91,1.000000,1.000000,1.000000,1.000000,0,0,0,1
137,25,44,92,1.000000,1.000000,1.000000,1.000000,0,0,0,0
138,23,44,93,1.000000,1.000000,1.000000,1.000000,0,0,0,0
139,21,44,94,1.000000,1.000000,1.000000,1.000000,0,0,0,0
140,19,44,95,1.000000,1.000000,1.000000,1.000000,0,0,0,0
141,17,44,96,1.000000,1.000000,1.000000,1.000000,0,0,0,0
142,15,44,97,1.000000,1.000000,1.000000,1.000000,0,0,0,0
143,13,44,98,1.000000,1.000000,1.000000,1.000000,0,0,0,0
144,11,44,99,1.000000,1.000000,1.000000,1.000000,0,0,0,1
145,9,44,100,1.000000,1.000000,1.000000,1.000000,0,0,1,1
146,29,45,100,1.000000,1.000000,1.000000,1.000000,0,0,1,1
147,27,45,101,1.000000,1.000000,1.000000,1.000000,0,0,0,0
148,29,46,101,1.000000,1.000000,1.000000,1.000000,0,0,0,0
149,27,46,102,1.000000,1.000000,1.000000,1.000000,0,0,0,1
150,25,46,103,1.000000,1.000000,1.000000,1.000000,1,0,0,1
151,29,47,103,1.000000,1.000000,1.000000,1.000000,1,0,0,1
152,27,47,104,1.000000,1.000000,1.000000,1.000000,0,0,0,0
153,29,48,104,1.000000,1.000000,1.000000,1.000000,0,0,0,0
154,27,48,105,1.000000,1.000000,1.000000,1.000000,1,1,0,0
155,25,48,106,1.000000,1.000000,1.000000,1.000000,0,0,0,0
156,29,49,106,1.000000,1.000000,1.000000,1.000000,0,0,0,0
157,27,49,107,1.000000,1.000000,1.000000,1.000000,1,0,0,1
158,25,49,108,1.000000,1.000000,1.000000,1.000000,0,0,0,0
159,29,50,108,1.000000,1.000000,1.000000,1.000000,0,0,0,0
160,27,50,109,1.000000,1.000000,1.000000,1.000000,1,0,0,0
161,25,50,110,1.000000,1.000000,1.000000,1.000000,0,0,0,0
162,29,51,110,1.000000,1.000000,1.000000,1.000000,0,0,0,0
163,27,51,111,1.000000,1.000000,1.000000,1.000000,1,0,0,0
164,25,51,112,1.000000,1.000000,1.000000,1.000000,1,0,0,0
165,29,52,112,1.000000,1.000000,1.000000,1.000000,1,0,0,0
166,27,52,113,1.000000,1.000000,1.000000,1.000000,0,0,0,1
167,29,53,113,1.000000,1.000000,1.000000,1.000000,0,0,0,1
168,27,53,114,1.000000,1.000000,1.000000,1.000000,1,0,0,0
169,29,54,114,1.000000,1.000000,1.000000,1.000000,1,0,0,0
170,27,54,115,1.000000,1.000000,1.000000,1.000000,0,0,0,0
171,29,55,115,1.000000,1.000000,1.000000,1.000000,0,0,0,0
172,27,55,116,1.000000,1.000000,1.000000,1.000000,0,0,0,0
173,25,55,117,1.000000,1.000000,1.000000,1.000000,0,0,0,0
174,23,55,118,1.000000,1.000000,1.000000,1.000000,0,0,0,0
175,21,55,119,1.000000,1.000000,1.000000,1.000000,0,0,0,0
176,19,55,120,1.000000,1.000000,1.000000,1.000000,0,0,0,0
177,17,55,121,1.000000,1.000000,1.000000,1.000000,0,0,0,0
178,15,55,122,1.000000,1.000000,1.000000,1.000000,1,0,0,0
179,13,55,123,1.000000,1.000000,1.000000,1.000000,1,0,0,0
180,29,56,123,1.000000,1.000000,1.000000,1.000000,1,0,0,0
181,27,56,124,1.000000,1.000000,1.000000,1.000000,0,0,0,1
182,29,57,124,1.000000,1.000000,1.000000,1.000000,0,0,0,1
183,27,57,125,1.000000,1.000000,1.000000,1.000000,0,0,0,0
184,29,58,125,1.000000,1.000000,1.000000,1.000000,0,0,0,0
185,27,58,126,1.000000,1.000000,1.000000,1.000000,0,0,0,0
186,25,58,127,1.000000,1.000000,1.000000,1.000000,0,0,0,0
187,23,58,128,1.000000,1.000000,1.000000,1.000000,0,0,0,0
188,21,58,129,1.000000,1.000000,1.000000,1.000000,0,0,0,0
189,19,58,130,1.000000,1.000000,1.000000,1.000000,0,0,0,0
190,17,58,131,1.000000,1.000000,1.000000,1.000000,0,0,0,0
191,15,58,132,1.000000,1.000000,1.000000,1.000000,0,0,1,1
192,13,58,133,1.000000,1.000000,1.000000,1.000000,0,0,1,0
193,29,59,133,1.000000,1.000000,1.000000,1.000000,0,0,1,0
194,27,59,134,1.000000,1.000000,1.000000,1.000000,0,1,0,0
195,29,60,134,1.000000,1.000000,1.000000,1.000000,0,1,0,0
196,27,60,135,1.000000,1.000000,1.000000,1.000000,0,0,1,0
197,29,61,135,1.000000,1.000000,1.000000,1.000000,0,0,1,0
198,27,61,136,1.000000,1.000000,1.000000,1.000000,0,0,0,0
199,29,62,136,1.000000,1.000000,1.000000,1.000000,0,0,0,0
200,27,62,137,1.000000,1.000000,1.000000,1.000000,0,0,0,0
201,25,62,138,1.000000,1.000000,1.000000,1.000000,1,0,0,0
202,23,62,139,1.000000,1.000000,1.000000,1.000000,1,0,0,0
203,29,63,139,1.000000,1.000000,1.000000,1.000000,1,0,0,0
204,27,63,140,1.000000,1.000000,1.000000,1.000000,0,0,0,1
205,29,64,140,1.000000,1.000000,1.000000,1.000000,0,0,0,1
206,27,64,141,1.000000,1.000000,1.000000,1.000000,0,0,0,0
207,29,65,141,1.000000,1.000000,1.000000,1.000000,0,0,0,0
208,27,65,142,1.000000,1.000000,1.000000,1.000000,0,0,1,0
209,25,65,143,1.000000,1.000000,1.000000,1.000000,0,0,1,0
210,29,66,143,1.000000,1.000000,1.000000,1.000000,0,0,1,0
211,27,66,144,1.000000,1.000000,1.000000,1.000000,0,0,0,0
212,25,66,145,1.000000,1.000000,1.000000,1.000000,0,0,0,1
213,23,66,146,1.000000,1.000000,1.000000,1.000000,0,0,0,1
214,21,66,147,1.000000,1.000000,1.000000,1.000000,0,1,0,0
215,29,67,147,1.000000,1.000000,1.000000,1.000000,0,1,0,0
216,27,67,148,1.000000,1.000000,1.000000,1.000000,0,0,0,0
217,29,68,148,1.000000,1.000000,1.000000,1.000000,0,0,0,0
218,27,68,149,1.000000,1.000000,1.000000,1.000000,0,0,0,0
219,25,68,150,1.000000,1.000000,1.000000,1.000000,0,0,0,1
220,23,68,151,1.000000,1.000000,1.000000,1.000000,0,0,0,0
221,29,69,151,1.000000,1.000000,1.000000,1.000000,0,0,0,0
222,27,69,152,1.000000,1.000000,1.000000,1.000000,0,0,0,0
223,25,69,153,1.000000,1.000000,1.000000,1.000000,0,0,0,0
224,23,69,154,1.000000,1.000000,1.000000,1.000000,0,0,0,0
225,21,69,155,1.000000,1.000000,1.000000,1.000000,0,0,0,0
226,19,69,156,1.000000,1.000000,1.000000,1.000000,0,0,0,0
227,17,69,157,1.000000,1.000000,1.000000,1.000000,0,0,0,0
228,15,69,158,1.000000,1.000000,1.000000,1.000000,0,0,1,0
229,13,69,159,1.000000,1.000000,1.000000,1.000000,0,0,0,0
230,29,70,159,1.000000,1.000000,1.000000,1.000000,0,0,0,0
231,27,70,160,1.000000,1.000000,1.000000,1.000000,0,0,0,0
232,25,70,161,1.000000,1.000000,1.000000,1.000000,0,0,0,0
233,23,70,162,1.000000,1.000000,1.000000,1.000000,0,0,0,0
234,21,70,163,1.000000,1.000000,1.000000,1.000000,0,0,0,0
235,19,70,164,1.000000,1.000000,1.000000,1.000000,1,0,0,1
236,17,70,165,1.000000,1.000000,1.000000,1.000000,0,1,0,0
237,15,70,166,1.000000,1.000000,1.000000,1.000000,0,0,0,1
238,13,70,167,1.000000,1.000000,1.000000,1.000000,0,1,0,0
239,29,71,167,1.000000,1.000000,1.000000,1.000000,0,1,0,0
240,27,71,168,1.000000,1.000000,1.000000,1.000000,0,0,0,0
241,25,71,169,1.000000,1.000000,1.000000,1.000000,1,0,0,0
242,23,71,170,1.000000,1.000000,1.000000,1.000000,0,0,0,0
243,29,72,170,1.000000,1.000000,1.000000,1.000000,0,0,0,0
244,27,72,171,1.000000,1.000000,1.000000,1.000000,0,1,0,0
245,25,72,172,1.000000,1.000000,1.000000,1.000000,0,0,0,1
246,23,72,173,1.000000,1.000000,1.000000,1.000000,0,0,0,1
247,29,73,173,1.000000,1.000000,1.000000,1.000000,0,0,0,1
248,27,73,174,1.000000,1.000000,1.000000,1.000000,1,0,0,1
249,25,73,175,1.000000,1.000000,1.000000,1.000000,0,0,1,0
250,29,74,175,1.000000,1.000000,1.000000,1.000000,0,0,1,0
251,27,74,176,1.000000,1.000000,1.000000,1.000000,0,0,1,0
252,29,75,176,1.000000,1.000000,1.000000,1.000000,0,0,1,0
253,27,75,177,1.000000,1.000000,1.000000,1.000000,0,0,1,1
254,29,76,177,1.000000,1.000000,1.000000,1.000000,0,0,1,1
255,27,76,178,1.000000,1.000000,1.000000,1.000000,0,0,0,0
256,29,77,178,1.000000,1.000000,1.000000,1.000000,0,0,0,0
257,27,77,179,1.000000,1.000000,1.000000,1.000000,0,0,0,1
258,25,77,180,1.000000,1.000000,1.000000,1.000000,0,0,0,1
259,23,77,181,1.000000,1.000000,1.000000,1.000000,0,1,0,1
260,29,78,181,1.000000,1.000000,1.000000,1.000000,0,1,0,1
261,27,78,182,1.000000,1.000000,1.000000,1.000000,0,0,0,0
262,29,79,182,1.000000,1.000000,1.000000,1.000000,0,0,0,0
263,27,79,183,1.000000,1.000000,1.000000,1.000000,0,0,0,0
264,25,79,184,1.000000,1.000000,1.000000,1.000000,0,0,0,0
265,23,79,185,1.000000,1.000000,1.000000,1.000000,0,0,0,1
266,21,79,186,1.000000,1.000000,1.000000,1.000000,0,0,0,0
267,29,80,186,1.000000,1.000000,1.000000,1.000000,0,0,0,0
268,27,80,187,1.000000,1.000000,1.000000,1.000000,0,0,0,0
269,25,80,188,1.000000,1.000000,1.000000,1.000000,0,0,0,0
270,23,80,189,1.000000,1.000000,1.000000,1.000000,0,1,0,0
271,21,80,190,1.000000,1.000000,1.000000,1.000000,1,0,0,0
272,29,81,190,1.000000,1.000000,1.000000,1.000000,1,0,0,0
273,27,81,191,1.000000,1.000000,1.000000,1.000000,1,0,0,0
274,29,82,191,1.000000,1.000000,1.000000,1.000000,1,0,0,0
275,27,82,192,1.000000,1.000000,1.000000,1.000000,1,1,0,0
276,29,83,192,1.000000,1.000000,1.000000,1.000000,1,1,0,0
277,27,83,193,1.000000,1.000000,1.000000,1.000000,0,0,0,0
278,29,84,193,1.000000,1.000000,1.000000,1.000000,0,0,0,0
279,27,84,194,1.000000,1.000000,1.000000,1.000000,1,0,0,1
280,25,84,195,1.000000,1.000000,1.000000,1.000000,1,1,0,0
281,29,85,195,1.000000,1.000000,1.000000,1.000000,1,1,0,0
282,27,85,196,1.000000,1.000000,1.000000,1.000000,0,1,0,0
283,29,86,196,1.000000,1.000000,1.000000,1.000000,0,1,0,0
284,27,86,197,1.000000,1.000000,1.000000,1.000000,0,0,1,0
285,25,86,198,1.000000,1.000000,1.000000,1.000000,1,1,0,0
286,23,86,199,1.000000,1.000000,1.000000,1.000000,0,1,0,1
287,21,86,200,1.000000,1.000000,1.000000,1.000000,1,0,0,1
288,29,87,200,1.000000,1.000000,1.000000,1.000000,1,0,0,1
289,27,87,201,1.000000,1.000000,1.000000,1.000000,0,0,0,1
290,29,88,201,1.000000,1.000000,1.000000,1.000000,0,0,0,1
291,27,88,202,1.000000,1.000000,1.000000,1.000000,1,0,0,0
292,29,89,202,1.000000,1.000000,1.000000,1.000000,1,0,0,0
293,27,89,203,1.000000,1.000000,1.000000,1.000000,0,0,0,0
294,29,90,203,1.000000,1.000000,1.000000,1.000000,0,0,0,0
295,27,90,204,1.000000,1.000000,1.000000,1.000000,0,0,0,1
296,25,90,205,1.000000,1.000000,1.000000,1.000000,0,0,0,0
297,29,91,205,1.000000,1.000000,1.000000,1.000000,1,0,0,0
298,27,91,206,1.000000,1.000000,1.000000,1.000000,0,0,0,0
299,29,92,206,1.000000,1.000000,1.000000,1.000000,0,0,0,0
300,27,92,207,1.000000,1.000000,1.000000,1.000000,0,0,0,1
301,25,92,208,1.000000,1.000000,1.000000,1.000000,0,0,1,0
302,29,93,208,1.000000,1.000000,1.000000,1.000000,0,0,1,0
303,27,93,209,1.000000,1.000000,1.000000,1.000000,0,0,0,0
304,29,94,209,1.000000,1.000000,1.000000,1.000000,0,0,0,0
305,27,94,210,1.000000,1.000000,1.000000,1.000000,0,0,0,0
306,25,94,211,1.000000,1.000000,1.000000,1.000000,0,0,0,0
307,23,94,212,1.000000,1.000000,1.000000,1.000000,0,0,0,0
308,21,94,213,1.000000,1.000000,1.000000,1.000000,0,0,0,1
309,19,94,214,1.000000,1.000000,1.000000,1.000000,0,0,0,1
310,29,95,214,1.000000,1.000000,1.000000,1.000000,0,0,0,1
311,27,95,215,1.000000,1.000000,1.000000,1.000000,0,0,0,1
312,29,96,215,1.000000,1.000000,1.000000,1.000000,0,0,0,1
313,27,96,216,1.000000,1.000000,1.000000,1.000000,0,0,0,0
314,29,97,216,1.000000,1.000000,1.000000,1.000000,0,0,0,0
315,27,97,217,1.000000,1.000000,1.000000,1.000000,0,0,0,0
316,25,97,218,1.000000,1.000000,1.000000,1.000000,0,0,0,0
317,23,97,219,1.000000,1.000000,1.000000,1.000000,0,0,0,0
318,21,97,220,1.000000,1.000000,1.000000,1.000000,0,0,0,0
319,19,97,221,1.000000,1.000000,1.000000,1.000000,1,0,0,0
320,17,97,222,1.000000,1.000000,1.000000,1.000000,0,0,0,0
321,15,97,223,1.000000,1.000000,1.000000,1.000000,0,0,0,0
322,13,97,224,1.000000,1.000000,1.000000,1.000000,0,1,0,0
323,11,97,225,1.000000,1.000000,1.000000,1.000000,0,0,0,0
324,29,98,225,1.000000,1.000000,1.000000,1.000000,0,0,0,0
325,27,98,226,1.000000,1.000000,1.000000,1.000000,0,0,0,0
326,25,98,227,1.000000,1.000000,1.000000,1.000000,0,0,0,0
327,23,98,228,1.000000,1.000000,1.000000,1.000000,0,0,0,0
328,21,98,229,1.000000,1.000000,1.000000,1.000000,0,0,0,0
329,19,98,230,1.000000,1.000000,1.000000,1.000000,0,0,0,0
330,17,98,231,1.000000,1.000000,1.000000,1.000000,0,1,0,1
331,15,98,232,1.000000,1.000000,1.000000,1.000000,0,1,1,0
332,29,99,232,1.000000,1.000000,1.000000,1.000000,0,1,1,0
333,27,99,233,1.000000,1.000000,1.000000,1.000000,0,1,0,0
334,29,100,233,1.000000,1.000000,1.000000,1.000000,0,1,0,0
335,27,100,234,1.000000,1.000000,1.000000,1.000000,1,1,0,0
336,29,101,234,1.000000,1.000000,1.000000,1.000000,1,1,0,0
337,27,101,235,1.000000,1.000000,1.000000,1.000000,0,1,0,0
338,29,102,235,1.000000,1.000000,1.000000,1.000000,0,1,0,0
339,27,102,236,1.000000,1.000000,1.000000,1.000000,1,0,0,0
340,29,103,236,1.000000,1.000000,1.000000,1.000000,1,0,0,0
341,27,103,237,1.000000,1.000000,1.000000,1.000000,0,0,0,0
342,29,104,237,1.000000,1.000000,1.000000,1.000000,0,0,0,0
343,27,104,238,1.000000,1.000000,1.000000,1.000000,0,0,0,0
344,25,104,239,1.000000,1.000000,1.000000,1.000000,0,0,1,0
345,23,104,240,1.000000,1.000000,1.000000,1.000000,0,1,0,0
346,29,105,240,1.000000,1.000000,1.000000,1.000000,0,1,0,0
347,27,105,241,1.000000,1.000000,1.000000,1.000000,0,0,0,0
348,25,105,242,1.000000,1.000000,1.000000,1.000000,0,0,1,0
349,23,105,243,1.000000,1.000000,1.000000,1.000000,0,0,0,0
350,29,106,243,1.000000,1.000000,1.000000,1.000000,0,0,0,0
351,27,106,244,1.000000,1.000000,1.000000,1.000000,0,0,1,0
352,25,106,245,1.000000,1.000000,1.000000,1.000000,0,1,1,0
353,29,107,245,1.000000,1.000000,1.000000,1.000000,0,1,1,0
354,27,107,246,1.000000,1.000000,1.000000,1.000000,0,0,1,0
355,29,108,246,1.000000,1.000000,1.000000,1.000000,0,0,1,0
356,27,108,247,1.000000,1.000000,1.000000,1.000000,0,0,1,0
357,25,108,248,1.000000,1.000000,1.000000,1.000000,0,0,0,1
358,29,109,248,1.000000,1.000000,1.000000,1.000000,0,0,0,1
359,27,109,249,1.000000,1.000000,1.000000,1.000000,0,0,1,1
360,29,110,249,1.000000,1.000000,1.000000,1.000000,0,0,1,1
361,27,110,250,1.000000,1.000000,1.000000,1.000000,0,0,0,0
362,29,111,250,1.000000,1.000000,1.000000,1.000000,0,0,0,0
363,27,111,251,1.000000,1.000000,1.000000,1.000000,0,1,0,0
364,25,111,252,1.000000,1.000000,1.000000,1.000000,0,0,1,0
365,23,111,253,1.000000,1.000000,1.000000,1.000000,1,1,0,0
366,29,112,253,1.000000,1.000000,1.000000,1.000000,1,1,0,0
367,27,112,254,1.000000,1.000000,1.000000,1.000000,0,0,0,0
368,29,113,254,1.000000,1.000000,1.000000,1.000000,0,0,0,0
369,27,113,255,1.000000,1.000000,1.000000,1.000000,0,0,0,0
370,25,113,256,1.000000,1.000000,1.000000,1.000000,0,0,0,0
371,23,113,257,1.000000,1.000000,1.000000,1.000000,0,0,0,0
372,21,113,258,1.000000,1.000000,1.000000,1.000000,0,0,0,0
373,19,113,259,1.000000,1.000000,1.000000,1.000000,0,0,0,0
374,17,113,260,1.000000,1.000000,1.000000,1.000000,0,0,0,0
375,15,113,261,1.000000,1.000000,1.000000,1.000000,0,0,0,0
376,13,113,262,1.000000,1.000000,1.000000,1.000000,0,0,0,0
377,11,113,263,1.000000,1.000000,1.000000,1.000000,1,0,0,0
378,9,113,264,1.000000,1.000000,1.000000,1.000000,1,0,0,0
379,29,114,264,1.000000,1.000000,1.000000,1.000000,1,0,0,0
380,27,114,265,1.000000,1.000000,1.000000,1.000000,1,1,0,1
381,29,115,265,1.000000,1.000000,1.000000,1.000000,1,1,0,1
382,27,115,266,1.000000,1.000000,1.000000,1.000000,0,0,0,1
383,29,116,266,1.000000,1.000000,1.000000,1.000000,0,0,0,1
384,27,116,267,1.000000,1.000000,1.000000,1.000000,0,0,1,0
385,29,117,267,1.000000,1.000000,1.000000,1.000000,0,0,1,0
386,27,117,268,1.000000,1.000000,1.000000,1.000000,0,0,0,0
387,29,118,268,1.000000,1.000000,1.000000,1.000000,0,0,0,0
388,27,118,269,1.000000,1.000000,1.000000,1.000000,0,0,0,0
389,25,118,270,1.000000,1.000000,1.000000,1.000000,0,0,0,0
390,23,118,271,1.000000,1.000000,1.000000,1.000000,1,0,1,0
391,21,118,272,1.000000,1.000000,1.000000,1.000000,0,0,0,0
392,29,119,272,1.000000,1.000000,1.000000,1.000000,0,0,0,0
393,27,119,273,1.000000,1.000000,1.000000,1.000000,0,1,0,0
394,25,119,274,1.000000,1.000000,1.000000,1.000000,0,0,1,0
395,29,120,274,1.000000,1.000000,1.000000,1.000000,0,0,1,0
396,27,120,275,1.000000,1.000000,1.000000,1.000000,0,0,0,0
397,29,121,275,1.000000,1.000000,1.000000,1.000000,0,0,0,0
398,27,121,276,1.000000,1.000000,1.000000,1.000000,0,0,1,0
399,25,121,277,1.000000,1.000000,1.000000,1.000000,0,0,0,1
400,23,121,278,1.000000,1.000000,1.000000,1.000000,0,1,1,1
401,21,121,279,1.000000,1.000000,1.000000,1.000000,1,1,0,0
402,29,122,279,1.000000,1.000000,1.000000,1.000000,1,1,0,0
403,27,122,280,1.000000,1.000000,1.000000,1.000000,0,1,1,0
404,29,123,280,1.000000,1.000000,1.000000,1.000000,0,1,1,0
405,27,123,281,1.000000,1.000000,1.000000,1.000000,0,0,0,0
406,29,124,281,1.000000,1.000000,1.000000,1.000000,0,0,0,0
407,27,124,282,1.000000,1.000000,1.000000,1.000000,1,1,0,0
408,25,124,283,1.000000,1.000000,1.000000,1.000000,0,0,0,0
409,29,125,283,1.000000,1.000000,1.000000,1.000000,0,0,0,0
410,27,125,284,1.000000,1.000000,1.000000,1.000000,0,0,0,0
411,25,125,285,1.000000,1.000000,1.000000,1.000000,0,0,0,1
412,23,125,286,1.000000,1.000000,1.000000,1.000000,0,0,0,0
413,29,126,286,1.000000,1.000000,1.000000,1.000000,0,0,0,0
414,27,126,287,1.000000,1.000000,1.000000,1.000000,0,0,0,0
415,25,126,288,1.000000,1.000000,1.000000,1.000000,0,0,0,0
416,23,126,289,1.000000,1.000000,1.000000,1.000000,0,0,0,1
417,21,126,290,1.000000,1.000000,1.000000,1.000000,0,0,1,1
418,29,127,290,1.000000,1.000000,1.000000,1.000000,0,0,1,1
419,27,127,291,1.000000,1.000000,1.000000,1.000000,0,0,0,0
420,29,128,291,1.000000,1.000000,1.000000,1.000000,0,0,0,0
421,27,128,292,1.000000,1.000000,1.000000,1.000000,0,0,0,1
422,25,128,293,1.000000,1.000000,1.000000,1.000000,0,0,0,0
423,29,129,293,1.000000,1.000000,1.000000,1.000000,0,0,0,0
424,27,129,294,1.000000,1.000000,1.000000,1.000000,0,0,0,0
425,25,129,295,1.000000,1.000000,1.000000,1.000000,0,0,0,0
426,23,129,296,1.000000,1.000000,1.000000,1.000000,0,0,1,0
427,21,129,297,1.000000,1.000000,1.000000,1.000000,0,0,1,0
428,29,130,297,1.000000,1.000000,1.000000,1.000000,0,0,1,0
429,27,130,298,1.000000,1.000000,1.000000,1.000000,0,1,0,0
430,29,131,298,1.000000,1.000000,1.000000,1.000000,0,1,0,0
431,27,131,299,1.000000,1.000000,1.000000,1.000000,0,0,1,0
432,29,132,299,1.000000,1.000000,1.000000,1.000000,0,0,1,0
433,27,132,300,1.000000,1.000000,1.000000,1.000000,0,0,0,0
434,29,133,300,1.000000,1.000000,1.000000,1.000000,0,0,0,0
435,27,133,301,1.000000,1.000000,1.000000,1.000000,0,0,0,0
436,25,133,302,1.000000,1.000000,1.000000,1.000000,0,0,0,0
437,23,133,303,1.000000,1.000000,1.000000,1.000000,0,0,0,0
438,21,133,304,1.000000,1.000000,1.000000,1.000000,0,0,0,0
439,19,133,305,1.000000,1.000000,1.000000,1.000000,0,1,1,0
440,17,133,306,1.000000,1.000000,1.000000,1.000000,0,0,0,0
441,29,134,306,1.000000,1.000000,1.000000,1.000000,0,0,0,0
442,27,134,307,1.000000,1.000000,1.000000,1.000000,1,1,0,0
443,25,134,308,1.000000,1.000000,1.000000,1.000000,0,1,0,0
444,23,134,309,1.000000,1.000000,1.000000,1.000000,0,1,0,1
445,21,134,310,1.000000,1.000000,1.000000,1.000000,0,1,0,0
446,29,135,310,1.000000,1.000000,1.000000,1.000000,0,1,0,0
447,27,135,311,1.000000,1.000000,1.000000,1.000000,0,1,0,0
448,29,136,311,1.000000,1.000000,1.000000,1.000000,0,1,0,0
449,27,136,312,1.000000,1.000000,1.000000,1.000000,1,0,0,0
450,29,137,312,1.000000,1.000000,1.000000,1.000000,1,0,0,0
451,27,137,313,1.000000,1.000000,1.000000,1.000000,1,0,0,0
452,29,138,313,1.000000,1.000000,1.000000,1.000000,1,0,0,0
453,27,138,314,1.000000,1.000000,1.000000,1.000000,0,0,0,0
454,29,139,314,1.000000,1.000000,1.000000,1.000000,0,0,0,0
455,27,139,315,1.000000,1.000000,1.000000,1.000000,0,0,0,0
456,25,139,316,1.000000,1.000000,1.000000,1.000000,1,1,0,0
457,23,139,317,1.000000,1.000000,1.000000,1.000000,0,0,0,0
458,29,140,317,1.000000,1.000000,1.000000,1.000000,0,0,0,0
459,27,140,318,1.000000,1.000000,1.000000,1.000000,0,0,0,1
460,25,140,319,1.000000,1.000000,1.000000,1.000000,0,0,0,0
461,29,141,319,1.000000,1.000000,1.000000,1.000000,0,0,0,0
462,27,141,320,1.000000,1.000000,1.000000,1.000000,1,0,0,1
463,25,141,321,1.000000,1.000000,1.000000,1.000000,0,0,0,1
464,23,141,322,1.000000,1.000000,1.000000,1.000000,0,1,1,1
465,21,141,323,1.000000,1.000000,1.000000,1.000000,1,1,0,0
466,29,142,323,1.000000,1.000000,1.000000,1.000000,1,1,0,0
467,27,142,324,1.000000,1.000000,1.000000,1.000000,0,1,1,0
468,25,142,325,1.000000,1.000000,1.000000,1.000000,0,0,0,1
469,29,143,325,1.000000,1.000000,1.000000,1.000000,0,0,0,1
470,27,143,326,1.000000,1.000000,1.000000,1.000000,0,0,1,0
471,29,144,326,1.000000,1.000000,1.000000,1.000000,0,0,1,0
472,27,144,327,1.000000,1.000000,1.000000,1.000000,0,0,0,0
473,29,145,327,1.000000,1.000000,1.000000,1.000000,0,0,0,0
474,27,145,328,1.000000,1.000000,1.000000,1.000000,0,0,0,0
475,25,145,329,1.000000,1.000000,1.000000,1.000000,0,0,0,0
476,23,145,330,1.000000,1.000000,1.000000,1.000000,0,0,0,0
477,21,145,331,1.000000,1.000000,1.000000,1.000000,0,0,0,0
478,19,145,332,1.000000,1.000000,1.000000,1.000000,1,0,0,0
479,17,145,333,1.000000,1.000000,1.000000,1.000000,1,0,0,0
480,29,146,333,1.000000,1.000000,1.000000,1.000000,1,0,0,0
481,27,146,334,1.000000,1.000000,1.000000,1.000000,0,0,0,0
482,29,147,334,1.000000,1.000000,1.000000,1.000000,0,0,0,0
483,27,147,335,1.000000,1.000000,1.000000,1.000000,0,0,0,0
484,25,147,336,1.000000,1.000000,1.000000,1.000000,0,0,0,0
485,23,147,337,1.000000,1.000000,1.000000,1.000000,0,1,0,0
486,21,147,338,1.000000,1.000000,1.000000,1.000000,0,0,1,0
487,19,147,339,1.000000,1.000000,1.000000,1.000000,1,0,1,0
488,29,148,339,1.000000,1.000000,1.000000,1.000000,1,0,1,0
489,27,148,340,1.000000,1.000000,1.000000,1.000000,0,0,0,0
490,29,149,340,1.000000,1.000000,1.000000,1.000000,0,0,0,0
491,27,149,341,1.000000,1.000000,1.000000,1.000000,0,0,0,0
492,25,149,342,1.000000,1.000000,1.000000,1.000000,1,1,0,0
493,23,149,343,1.000000,1.000000,1.000000,1.000000,0,0,0,0
494,29,150,343,1.000000,1.000000,1.000000,1.000000,0,0,0,0
495,27,150,344,1.000000,1.000000,1.000000,1.000000,0,0,0,1
496,25,150,345,1.000000,1.000000,1.000000,1.000000,1,0,0,0
497,29,151,345,1.000000,1.000000,1.000000,1.000000,1,0,0,0
498,27,151,346,1.000000,1.000000,1.000000,1.000000,1,0,0,0
499,29,152,346,1.000000,1.000000,1.000000,1.000000,1,0,0,0
500,27,152,347,1.000000,1.000000,1.000000,1.000000,1,0,0,0
501,29,153,347,1.000000,1.000000,1.000000,1.000000,1,0,0,0
502,27,153,348,1.000000,1.000000,1.000000,1.000000,0,0,0,0
503,29,154,348,1.000000,1.000000,1.000000,1.000000,0,0,0,0
504,27,154,349,1.000000,1.000000,1.000000,1.000000,0,0,0,1
505,25,154,350,1.000000,1.000000,1.000000,1.000000,0,0,0,0
506,23,154,351,1.000000,1.000000,1.000000,1.000000,0,0,0,1
507,21,154,352,1.000000,1.000000,1.000000,1.000000,0,0,0,1
508,29,155,352,1.000000,1.000000,1.000000,1.000000,0,0,0,1
509,27,155,353,1.000000,1.000000,1.000000,1.000000,0,0,0,1
510,29,156,353,1.000000,1.000000,1.000000,1.000000,0,0,0,1
511,27,156,354,1.000000,1.000000,1.000000,1.000000,1,0,0,0
512,29,157,354,1.000000,1.000000,1.000000,1.000000,1,0,0,0
513,27,157,355,1.000000,1.000000,1.000000,1.000000,1,0,0,0
514,29,158,355,1.000000,1.000000,1.000000,1.000000,1,0,0,0
515,27,158,356,1.000000,1.000000,1.000000,1.000000,1,1,0,0
516,29,159,356,1.000000,1.000000,1.000000,1.000000,1,1,0,0
517,27,159,357,1.000000,1.000000,1.000000,1.000000,0,0,0,0
518,29,160,357,1.000000,1.000000,1.000000,1.000000,0,0,0,0
519,27,160,358,1.000000,1.000000,1.000000,1.000000,0,0,0,0
520,25,160,359,1.000000,1.000000,1.000000,1.000000,0,0,0,0
521,23,160,360,1.000000,1.000000,1.000000,1.000000,0,0,0,0
522,21,160,361,1.000000,1.000000,1.000000,1.000000,0,0,0,0
523,19,160,362,1.000000,1.000000,1.000000,1.000000,1,0,0,0
524,17,160,363,1.000000,1.000000,1.000000,1.000000,0,0,0,0
525,29,161,363,1.000000,1.000000,1.000000,1.000000,0,0,0,0
526,27,161,364,1.000000,1.000000,1.000000,1.000000,1,0,0,0
527,25,161,365,1.000000,1.000000,1.000000,1.000000,0,0,0,0
528,29,162,365,1.000000,1.000000,1.000000,1.000000,0,0,0,0
529,27,162,366,1.000000,1.000000,1.000000,1.000000,0,0,0,0
530,25,162,367,1.000000,1.000000,1.000000,1.000000,0,0,0,1
531,23,162,368,1.000000,1.000000,1.000000,1.000000,0,0,1,0
532,29,163,368,1.000000,1.000000,1.000000,1.000000,0,0,1,0
533,27,163,369,1.000000,1.000000,1.000000,1.000000,0,0,0,0
534,25,163,370,1.000000,1.000000,1.000000,1.000000,0,0,1,1
535,23,163,371,1.000000,1.000000,1.000000,1.000000,0,0,0,0
536,29,164,371,1.000000,1.000000,1.000000,1.000000,0,0,0,0
537,27,164,372,1.000000,1.000000,1.000000,1.000000,1,0,0,0
538,25,164,373,1.000000,1.000000,1.000000,1.000000,0,0,0,0
539,29,165,373,1.000000,1.000000,1.000000,1.000000,0,0,0,0
540,27,165,374,1.000000,1.000000,1.000000,1.000000,0,0,0,0
541,25,165,375,1.000000,1.000000,1.000000,1.000000,0,0,1,0
542,23,165,376,1.000000,1.000000,1.000000,1.000000,0,0,0,0
543,29,166,376,1.000000,1.000000,1.000000,1.000000,0,0,0,0
544,27,166,377,1.000000,1.000000,1.000000,1.000000,0,0,0,0
545,25,166,378,1.000000,1.000000,1.000000,1.000000,0,0,0,0
546,23,166,379,1.000000,1.000000,1.000000,1.000000,1,0,0,0
547,21,166,380,1.000000,1.000000,1.000000,1.000000,0,0,0,0
548,29,167,380,1.000000,1.000000,1.000000,1.000000,0,0,0,0
549,27,167,381,1.000000,1.000000,1.000000,1.000000,0,0,0,0
550,25,167,382,1.000000,1.000000,1.000000,1.000000,0,0,0,1
551,23,167,383,1.000000,1.000000,1.000000,1.000000,0,0,0,0
552,29,168,383,1.000000,1.000000,1.000000,1.000000,0,0,0,0
553,27,168,384,1.000000,1.000000,1.000000,1.000000,0,0,0,1
554,25,168,385,1.000000,1.000000,1.000000,1.000000,0,0,0,1
555,29,169,385,1.000000,1.000000,1.000000,1.000000,0,0,0,1
556,27,169,386,1.000000,1.000000,1.000000,1.000000,0,0,1,0
557,29,170,386,1.000000,1.000000,1.000000,1.000000,0,0,1,0
558,27,170,387,1.000000,1.000000,1.000000,1.000000,0,0,0,1
559,25,170,388,1.000000,1.000000,1.000000,1.000000,0,1,0,1
560,29,171,388,1.000000,1.000000,1.000000,1.000000,0,1,0,1
561,27,171,389,1.000000,1.000000,1.000000,1.000000,0,0,0,0
562,29,172,389,1.000000,1.000000,1.000000,1.000000,0,0,0,0
563,27,172,390,1.000000,1.000000,1.000000,1.000000,0,0,0,0
564,25,172,391,1.000000,1.000000,1.000000,1.000000,0,0,0,0
565,23,172,392,1.000000,1.000000,1.000000,1.000000,1,0,0,1
566,21,172,393,1.000000,1.000000,1.000000,1.000000,1,0,0,1
567,29,173,393,1.000000,1.000000,1.000000,1.000000,1,0,0,1
568,27,173,394,1.000000,1.000000,1.000000,1.000000,0,0,1,0
569,29,174,394,1.000000,1.000000,1.000000,1.000000,0,0,1,0
570,27,174,395,1.000000,1.000000,1.000000,1.000000,0,0,1,0
571,29,175,395,1.000000,1.000000,1.000000,1.000000,0,0,1,0
572,27,175,396,1.000000,1.000000,1.000000,1.000000,0,1,0,0
573,29,176,396,1.000000,1.000000,1.000000,1.000000,0,1,0,0
574,27,176,397,1.000000,1.000000,1.000000,1.000000,0,1,0,0
575,29,177,397,1.000000,1.000000,1.000000,1.000000,0,1,0,0
576,27,177,398,1.000000,1.000000,1.000000,1.000000,0,1,0,0
577,29,178,398,1.000000,1.000000,1.000000,1.000000,0,1,0,0
578,27,178,399,1.000000,1.000000,1.000000,1.000000,1,0,0,0
579,29,179,399,1.000000,1.000000,1.000000,1.000000,1,0,0,0
580,27,179,400,1.000000,1.000000,1.000000,1.000000,0,1,0,0
581,29,180,400,1.000000,1.000000,1.000000,1.000000,0,1,0,0
582,27,180,401,1.000000,1.000000,1.000000,1.000000,0,0,0,0
583,29,181,401,1.000000,1.000000,1.000000,1.000000,0,0,0,0
584,27,181,402,1.000000,1.000000,1.000000,1.000000,1,0,0,0
585,25,181,403,1.000000,1.000000,1.000000,1.000000,0,0,0,1
586,29,182,403,1.000000,1.000000,1.000000,1.000000,0,0,0,1
587,27,182,404,1.000000,1.000000,1.000000,1.000000,0,0,0,1
588,29,183,404,1.000000,1.000000,1.000000,1.000000,0,0,0,1
589,27,183,405,1.000000,1.000000,1.000000,1.000000,0,0,0,1
590,25,183,406,1.000000,1.000000,1.000000,1.000000,0,1,1,0
591,29,184,406,1.000000,1.000000,1.000000,1.000000,0,1,1,0
592,27,184,407,1.000000,1.000000,1.000000,1.000000,0,0,0,0
593,29,185,407,1.000000,1.000000,1.000000,1.000000,0,0,0,0
594,27,185,408,1.000000,1.000000,1.000000,1.000000,0,0,0,0
595,25,185,409,1.000000,1.000000,1.000000,1.000000,0,0,0,0
596,23,185,410,1.000000,1.000000,1.000000,1.000000,0,0,0,0
597,21,185,411,1.000000,1.000000,1.000000,1.000000,0,0,0,0
598,19,185,412,1.000000,1.000000,1.000000,1.000000,0,0,0,0
599,17,185,413,1.000000,1.000000,1.000000,1.000000,0,0,0,0
600,15,185,414,1.000000,1.000000,1.000000,1.000000,0,0,0,0
601,13,185,415,1.000000,1.000000,1.000000,1.000000,0,1,0,0
602,11,185,416,1.000000,1.000000,1.000000,1.000000,0,0,1,0
603,9,185,417,1.000000,1.000000,1.000000,1.000000,0,0,0,1
604,29,186,417,1.000000,1.000000,1.000000,1.000000,0,0,0,1
605,27,186,418,1.000000,1.000000,1.000000,1.000000,0,0,1,0
606,25,186,419,1.000000,1.000000,1.000000,1.000000,0,0,0,1
607,29,187,419,1.000000,1.000000,1.000000,1.000000,0,0,0,1
608,27,187,420,1.000000,1.000000,1.000000,1.000000,0,0,1,0
609,29,188,420,1.000000,1.000000,1.000000,1.000000,0,0,1,0
610,27,188,421,1.000000,1.000000,1.000000,1.000000,0,0,0,1
611,29,189,421,1.000000,1.000000,1.000000,1.000000,0,0,0,1
612,27,189,422,1.000000,1.000000,1.000000,1.000000,0,0,0,1
613,25,189,423,1.000000,1.000000,1.000000,1.000000,0,1,0,1
614,29,190,423,1.000000,1.000000,1.000000,1.000000,0,1,0,1
615,27,190,424,1.000000,1.000000,1.000000,1.000000,1,0,0,0
616,29,191,424,1.000000,1.000000,1.000000,1.000000,1,0,0,0
617,27,191,425,1.000000,1.000000,1.000000,1.000000,1,0,0,0
618,29,192,425,1.000000,1.000000,1.000000,1.000000,1,0,0,0
619,27,192,426,1.000000,1.000000,1.000000,1.000000,1,0,0,0
620,25,192,427,1.000000,1.000000,1.000000,1.000000,1,0,0,1
621,29,193,427,1.000000,1.000000,1.000000,1.000000,1,0,0,1
622,27,193,428,1.000000,1.000000,1.000000,1.000000,0,1,0,0
623,25,193,429,1.000000,1.000000,1.000000,1.000000,0,1,0,1
624,29,194,429,1.000000,1.000000,1.000000,1.000000,0,1,0,1
625,27,194,430,1.000000,1.000000,1.000000,1.000000,0,0,0,0
626,29,195,430,1.000000,1.000000,1.000000,1.000000,0,0,0,0
627,27,195,431,1.000000,1.000000,1.000000,1.000000,0,1,0,0
628,25,195,432,1.000000,1.000000,1.000000,1.000000,0,1,0,0
629,29,196,432,1.000000,1.000000,1.000000,1.000000,0,1,0,0
630,27,196,433,1.000000,1.000000,1.000000,1.000000,0,0,0,0
631,29,197,433,1.000000,1.000000,1.000000,1.000000,0,0,0,0
632,27,197,434,1.000000,1.000000,1.000000,1.000000,0,0,0,0
633,25,197,435,1.000000,1.000000,1.000000,1.000000,0,0,0,0
634,23,197,436,1.000000,1.000000,1.000000,1.000000,0,0,0,0
635,21,197,437,1.000000,1.000000,1.000000,1.000000,0,0,0,0
636,19,197,438,1.000000,1.000000,1.000000,1.000000,0,0,1,0
637,17,197,439,1.000000,1.000000,1.000000,1.000000,0,0,0,1
638,29,198,439,1.000000,1.000000,1.000000,1.000000,0,0,0,1
639,27,198,440,1.000000,1.000000,1.000000,1.000000,0,0,1,0
640,29,199,440,1.000000,1.000000,1.000000,1.000000,0,0,1,0
641,27,199,441,1.000000,1.000000,1.000000,1.000000,0,0,0,1
642,29,200,441,1.000000,1.000000,1.000000,1.000000,0,0,0,1
643,27,200,442,1.000000,1.000000,1.000000,1.000000,0,0,0,1
644,29,201,442,1.000000,1.000000,1.000000,1.000000,0,0,0,1
645,27,201,443,1.000000,1.000000,1.000000,1.000000,0,0,0,1
646,29,202,443,1.000000,1.000000,1.000000,1.000000,0,0,0,1
647,27,202,444,1.000000,1.000000,1.000000,1.000000,0,0,0,0
648,25,202,445,1.000000,1.000000,1.000000,1.000000,0,0,0,0
649,23,202,446,1.000000,1.000000,1.000000,1.000000,0,0,0,0
650,21,202,447,1.000000,1.000000,1.000000,1.000000,0,0,0,1
651,19,202,448,1.000000,1.000000,1.000000,1.000000,1,0,0,0
652,29,203,448,1.000000,1.000000,1.000000,1.000000,1,0,0,0
653,27,203,449,1.000000,1.000000,1.000000,1.000000,1,0,0,0
654,29,204,449,1.000000,1.000000,1.000000,1.000000,1,0,0,0
655,27,204,450,1.000000,1.000000,1.000000,1.000000,0,1,0,0
656,25,204,451,1.000000,1.000000,1.000000,1.000000,1,0,0,1
657,29,205,451,1.000000,1.000000,1.000000,1.000000,1,0,0,1
658,27,205,452,1.000000,1.000000,1.000000,1.000000,0,1,0,0
659,29,206,452,1.000000,1.000000,1.000000,1.000000,0,1,0,0
660,27,206,453,1.000000,1.000000,1.000000,1.000000,0,1,0,0
661,29,207,453,1.000000,1.000000,1.000000,1.000000,0,1,0,0
662,27,207,454,1.000000,1.000000,1.000000,1.000000,0,1,0,0
663,29,208,454,1.000000,1.000000,1.000000,1.000000,0,1,0,0
664,27,208,455,1.000000,1.000000,1.000000,1.000000,0,0,0,0
665,29,209,455,1.000000,1.000000,1.000000,1.000000,0,0,0,0
666,27,209,456,1.000000,1.000000,1.000000,1.000000,0,0,0,0
667,25,209,457,1.000000,1.000000,1.000000,1.000000,0,0,0,0
668,23,209,458,1.000000,1.000000,1.000000,1.000000,0,0,0,0
669,21,209,459,1.000000,1.000000,1.000000,1.000000,0,0,0,0
670,19,209,460,1.000000,1.000000,1.000000,1.000000,0,0,0,0
671,17,209,461,1.000000,1.000000,1.000000,1.000000,0,0,0,0
672,15,209,462,1.000000,1.000000,1.000000,1.000000,0,0,0,0
673,13,209,463,1.000000,1.000000,1.000000,1.000000,0,0,0,0
674,11,209,464,1.000000,1.000000,1.000000,1.000000,0,0,0,0
675,9,209,465,1.000000,1.000000,1.000000,1.000000,0,1,0,0
676,7,209,466,1.000000,1.000000,1.000000,1.000000,0,0,0,0
677,29,210,466,1.000000,1.000000,1.000000,1.000000,0,0,0,0
678,27,210,467,1.000000,1.000000,1.000000,1.000000,0,0,0,0
679,25,210,468,1.000000,1.000000,1.000000,1.000000,0,0,0,0
680,23,210,469,1.000000,1.000000,1.000000,1.000000,0,0,0,0
681,21,210,470,1.000000,1.000000,1.000000,1.000000,0,0,1,0
682,19,210,471,1.000000,1.000000,1.000000,1.000000,0,0,0,1
683,17,210,472,1.000000,1.000000,1.000000,1.000000,0,1,0,1
684,15,210,473,1.000000,1.000000,1.000000,1.000000,0,1,0,1
685,29,211,473,1.000000,1.000000,1.000000,1.000000,0,1,0,1
686,27,211,474,1.000000,1.000000,1.000000,1.000000,0,1,0,0
687,29,212,474,1.000000,1.000000,1.000000,1.000000,0,1,0,0
688,27,212,475,1.000000,1.000000,1.000000,1.000000,0,0,0,0
689,29,213,475,1.000000,1.000000,1.000000,1.000000,0,0,0,0
690,27,213,476,1.000000,1.000000,1.000000,1.000000,0,0,0,0
691,25,213,477,1.000000,1.000000,1.000000,1.000000,1,0,0,0
692,23,213,478,1.000000,1.000000,1.000000,1.000000,0,0,0,0
693,29,214,478,1.000000,1.000000,1.000000,1.000000,0,0,0,0
694,27,214,479,1.000000,1.000000,1.000000,1.000000,0,0,0,0
695,25,214,480,1.000000,1.000000,1.000000,1.000000,0,0,0,0
696,23,214,481,1.000000,1.000000,1.000000,1.000000,0,0,0,0
697,21,214,482,1.000000,1.000000,1.000000,1.000000,0,0,0,0
698,19,214,483,1.000000,1.000000,1.000000,1.000000,0,0,0,0
699,17,214,484,1.000000,1.000000,1.000000,1.000000,0,0,1,0
700,15,214,485,1.000000,1.000000,1.000000,1.000000,0,0,0,1
701,29,215,485,1.000000,1.000000,1.000000,1.000000,0,0,0,1
702,27,215,486,1.000000,1.000000,1.000000,1.000000,0,0,1,0
703,29,216,486,1.000000,1.000000,1.000000,1.000000,0,0,1,0
704,27,216,487,1.000000,1.000000,1.000000,1.000000,0,0,0,1
705,29,217,487,1.000000,1.000000,1.000000,1.000000,0,0,0,1
706,27,217,488,1.000000,1.000000,1.000000,1.000000,0,0,0,1
707,29,218,488,1.000000,1.000000,1.000000,1.000000,0,0,0,1
708,27,218,489,1.000000,1.000000,1.000000,1.000000,0,0,0,1
709,29,219,489,1.000000,1.000000,1.000000,1.000000,0,0,0,1
710,27,219,490,1.000000,1.000000,1.000000,1.000000,1,0,0,0
711,29,220,490,1.000000,1.000000,1.000000,1.000000,1,0,0,0
712,27,220,491,1.000000,1.000000,1.000000,1.000000,0,0,0,0
713,25,220,492,1.000000,1.000000,1.000000,1.000000,0,0,0,1
714,23,220,493,1.000000,1.000000,1.000000,1.000000,0,0,0,0
715,29,221,493,1.000000,1.000000,1.000000,1.000000,0,0,0,0
716,27,221,494,1.000000,1.000000,1.000000,1.000000,0,0,0,0
717,25,221,495,1.000000,1.000000,1.000000,1.000000,0,0,0,0
718,23,221,496,1.000000,1.000000,1.000000,1.000000,0,0,0,0
719,21,221,497,1.000000,1.000000,1.000000,1.000000,0,0,0,0
720,19,221,498,1.000000,1.000000,1.000000,1.000000,1,0,0,0
721,17,221,499,1.000000,1.000000,1.000000,1.000000,1,0,0,0
722,29,222,499,1.000000,1.000000,1.000000,1.000000,1,0,0,0
723,27,222,500,1.000000,1.000000,1.000000,1.000000,0,1,0,0
724,29,223,500,1.000000,1.000000,1.000000,1.000000,0,1,0,0
725,27,223,501,1.000000,1.000000,1.000000,1.000000,1,0,0,0
726,29,224,501,1.000000,1.000000,1.000000,1.000000,1,0,0,0
727,27,224,502,1.000000,1.000000,1.000000,1.000000,0,1,0,0
728,29,225,502,1.000000,1.000000,1.000000,1.000000,0,1,0,0
729,27,225,503,1.000000,1.000000,1.000000,1.000000,0,1,0,0
730,29,226,503,1.000000,1.000000,1.000000,1.000000,0,1,0,0
731,27,226,504,1.000000,1.000000,1.000000,1.000000,0,1,0,0
732,29,227,504,1.000000,1.000000,1.000000,1.000000,0,1,0,0
733,27,227,505,1.000000,1.000000,1.000000,1.000000,0,0,1,0
734,25,227,506,1.000000,1.000000,1.000000,1.000000,0,0,0,0
735,23,227,507,1.000000,1.000000,1.000000,1.000000,0,1,1,0
736,21,227,508,1.000000,1.000000,1.000000,1.000000,0,1,0,1
737,19,227,509,1.000000,1.000000,1.000000,1.000000,0,1,0,1
738,17,227,510,1.000000,1.000000,1.000000,1.000000,0,1,0,1
739,29,228,510,1.000000,1.000000,1.000000,1.000000,0,1,0,1
740,27,228,511,1.000000,1.000000,1.000000,1.000000,1,0,0,0
741,25,228,512,1.000000,1.000000,1.000000,1.000000,0,1,1,0
742,29,229,512,1.000000,1.000000,1.000000,1.000000,0,1,1,0
743,27,229,513,1.000000,1.000000,1.000000,1.000000,0,0,0,0
744,29,230,513,1.000000,1.000000,1.000000,1.000000,0,0,0,0
745,27,230,514,1.000000,1.000000,1.000000,1.000000,0,1,0,0
746,25,230,515,1.000000,1.000000,1.000000,1.000000,0,0,0,0
747,29,231,515,1.000000,1.000000,1.000000,1.000000,0,0,0,0
748,27,231,516,1.000000,1.000000,1.000000,1.000000,0,1,0,0
749,25,231,517,1.000000,1.000000,1.000000,1.000000,0,0,0,0
750,29,232,517,1.000000,1.000000,1.000000,1.000000,0,0,0,0
751,27,232,518,1.000000,1.000000,1.000000,1.000000,0,0,0,0
752,25,232,519,1.000000,1.000000,1.000000,1.000000,0,0,0,0
753,23,232,520,1.000000,1.000000,1.000000,1.000000,0,0,0,0
754,21,232,521,1.000000,1.000000,1.000000,1.000000,0,0,0,0
755,19,232,522,1.000000,1.000000,1.000000,1.000000,0,0,0,0
756,17,232,523,1.000000,1.000000,1.000000,1.000000,0,0,0,0
757,15,232,524,1.000000,1.000000,1.000000,1.000000,0,0,0,0
758,13,232,525,1.000000,1.000000,1.000000,1.000000,1,0,0,1
759,11,232,526,1.000000,1.000000,1.000000,1.000000,0,1,0,1
760,29,233,526,1.000000,1.000000,1.000000,1.000000,0,1,0,1
761,27,233,527,1.000000,1.000000,1.000000,1.000000,1,0,0,0
762,29,234,527,1.000000,1.000000,1.000000,1.000000,1,0,0,0
763,27,234,528,1.000000,1.000000,1.000000,1.000000,0,1,0,0
764,29,235,528,1.000000,1.000000,1.000000,1.000000,0,1,0,0
765,27,235,529,1.000000,1.000000,1.000000,1.000000,0,0,0,0
766,29,236,529,1.000000,1.000000,1.000000,1.000000,0,0,0,0
767,27,236,530,1.000000,1.000000,1.000000,1.000000,0,1,0,0
768,25,236,531,1.000000,1.000000,1.000000,1.000000,0,0,0,0
769,29,237,531,1.000000,1.000000,1.000000,1.000000,0,0,0,0
770,27,237,532,1.000000,1.000000,1.000000,1.000000,0,0,0,0
771,25,237,533,1.000000,1.000000,1.000000,1.000000,0,0,0,0
772,23,237,534,1.000000,1.000000,1.000000,1.000000,0,0,0,0
773,21,237,535,1.000000,1.000000,1.000000,1.000000,0,0,0,0
774,19,237,536,1.000000,1.000000,1.000000,1.000000,0,0,0,0
775,17,237,537,1.000000,1.000000,1.000000,1.000000,0,0,0,0
776,15,237,538,1.000000,1.000000,1.000000,1.000000,0,0,0,0
777,13,237,539,1.000000,1.000000,1.000000,1.000000,0,0,0,0
778,11,237,540,1.000000,1.000000,1.000000,1.000000,0,0,0,0
779,9,237,541,1.000000,1.000000,1.000000,1.000000,0,1,0,0
780,7,237,542,1.000000,1.000000,1.000000,1.000000,0,0,0,0
781,29,238,542,1.000000,1.000000,1.000000,1.000000,0,0,0,0
782,27,238,543,1.000000,1.000000,1.000000,1.000000,0,0,0,0
783,25,238,544,1.000000,1.000000,1.000000,1.000000,0,0,0,1
784,23,238,545,1.000000,1.000000,1.000000,1.000000,0,0,0,0
785,29,239,545,1.000000,1.000000,1.000000,1.000000,0,0,0,0
786,27,239,546,1.000000,1.000000,1.000000,1.000000,0,0,0,0
787,25,239,547,1.000000,1.000000,1.000000,1.000000,0,0,0,0
788,23,239,548,1.000000,1.000000,1.000000,1.000000,0,0,0,0
789,21,239,549,1.000000,1.000000,1.000000,1.000000,1,1,0,0
790,19,239,550,1.000000,1.000000,1.000000,1.000000,0,0,0,0
791,29,240,550,1.000000,1.000000,1.000000,1.000000,0,0,0,0
792,27,240,551,1.000000,1.000000,1.000000,1.000000,1,0,0,0
793,25,240,552,1.000000,1.000000,1.000000,1.000000,0,0,0,1
794,29,241,552,1.000000,1.000000,1.000000,1.000000,0,0,0,1
795,27,241,553,1.000000,1.000000,1.000000,1.000000,0,0,0,0
796,29,242,553,1.000000,1.000000,1.000000,1.000000,0,0,0,0
797,27,242,554,1.000000,1.000000,1.000000,1.000000,0,0,0,0
798,25,242,555,1.000000,1.000000,1.000000,1.000000,0,0,0,0
799,23,242,556,1.000000,1.000000,1.000000,1.000000,0,0,0,0
800,21,242,557,1.000000,1.000000,1.000000,1.000000,0,0,0,0
801,19,242,558,1.000000,1.000000,1.000000,1.000000,0,0,0,0
802,17,242,559,1.000000,1.000000,1.000000,1.000000,0,0,0,0
803,15,242,560,1.000000,1.000000,1.000000,1.000000,0,0,0,0
804,13,242,561,1.000000,1.000000,1.000000,1.000000,0,0,0,0
805,11,242,562,1.000000,1.000000,1.000000,1.000000,0,0,0,0
806,29,243,562,1.000000,1.000000,1.000000,1.000000,0,0,0,0
807,27,243,563,1.000000,1.000000,1.000000,1.000000,0,0,0,0
808,25,243,564,1.000000,1.000000,1.000000,1.000000,0,0,0,0
809,23,243,565,1.000000,1.000000,1.000000,1.000000,0,0,0,0
810,21,243,566,1.000000,1.000000,1.000000,1.000000,0,0,0,0
811,19,243,567,1.000000,1.000000,1.000000,1.000000,0,0,0,0
812,17,243,568,1.000000,1.000000,1.000000,1.000000,0,1,0,0
813,15,243,569,1.000000,1.000000,1.000000,1.000000,0,0,0,0
814,29,244,569,1.000000,1.000000,1.000000,1.000000,0,0,0,0
815,27,244,570,1.000000,1.000000,1.000000,1.000000,1,1,0,0
816,25,244,571,1.000000,1.000000,1.000000,1.000000,1,0,0,0
817,23,244,572,1.000000,1.000000,1.000000,1.000000,1,0,1,1
818,29,245,572,1.000000,1.000000,1.000000,1.000000,1,0,1,1
819,27,245,573,1.000000,1.000000,1.000000,1.000000,1,0,0,0
820,29,246,573,1.000000,1.000000,1.000000,1.000000,1,0,0,0
821,27,246,574,1.000000,1.000000,1.000000,1.000000,0,1,0,0
822,25,246,575,1.000000,1.000000,1.000000,1.000000,0,1,0,1
823,29,247,575,1.000000,1.000000,1.000000,1.000000,0,1,0,1
824,27,247,576,1.000000,1.000000,1.000000,1.000000,0,0,0,0
825,29,248,576,1.000000,1.000000,1.000000,1.000000,0,0,0,0
826,27,248,577,1.000000,1.000000,1.000000,1.000000,0,1,0,0
827,25,248,578,1.000000,1.000000,1.000000,1.000000,1,0,0,0
828,29,249,578,1.000000,1.000000,1.000000,1.000000,1,0,0,0
829,27,249,579,1.000000,1.000000,1.000000,1.000000,0,0,0,0
830,29,250,579,1.000000,1.000000,1.000000,1.000000,0,0,0,0
831,27,250,580,1.000000,1.000000,1.000000,1.000000,0,0,0,0
832,25,250,581,1.000000,1.000000,1.000000,1.000000,0,0,0,0
833,23,250,582,1.000000,1.000000,1.000000,1.000000,0,0,1,0
834,21,250,583,1.000000,1.000000,1.000000,1.000000,0,0,0,1
835,19,250,584,1.000000,1.000000,1.000000,1.000000,0,0,1,0
836,17,250,585,1.000000,1.000000,1.000000,1.000000,0,0,0,0
837,29,251,585,1.000000,1.000000,1.000000,1.000000,0,0,0,0
838,27,251,586,1.000000,1.000000,1.000000,1.000000,0,0,1,1
839,25,251,587,1.000000,1.000000,1.000000,1.000000,0,0,0,0
840,29,252,587,1.000000,1.000000,1.000000,1.000000,0,0,0,0
841,27,252,588,1.000000,1.000000,1.000000,1.000000,1,0,1,0
842,25,252,589,1.000000,1.000000,1.000000,1.000000,1,0,0,0
843,29,253,589,1.000000,1.000000,1.000000,1.000000,1,0,0,0
844,27,253,590,1.000000,1.000000,1.000000,1.000000,1,0,0,1
845,29,254,590,1.000000,1.000000,1.000000,1.000000,1,0,0,1
846,27,254,591,1.000000,1.000000,1.000000,1.000000,1,0,0,0
847,29,255,591,1.000000,1.000000,1.000000,1.000000,1,0,0,0
848,27,255,592,1.000000,1.000000,1.000000,1.000000,0,1,0,0
849,29,256,592,1.000000,1.000000,1.000000,1.000000,0,1,0,0
850,27,256,593,1.000000,1.000000,1.000000,1.000000,0,1,0,0
851,29,257,593,1.000000,1.000000,1.000000,1.000000,0,1,0,0
852,27,257,594,1.000000,1.000000,1.000000,1.000000,1,0,0,0
853,29,258,594,1.000000,1.000000,1.000000,1.000000,1,0,0,0
854,27,258,595,1.000000,1.000000,1.000000,1.000000,0,0,0,0
855,29,259,595,1.000000,1.000000,1.000000,1.000000,0,0,0,0
856,27,259,596,1.000000,1.000000,1.000000,1.000000,0,0,0,0
857,25,259,597,1.000000,1.000000,1.000000,1.000000,1,0,0,0
858,23,259,598,1.000000,1.000000,1.000000,1.000000,0,0,0,0
859,29,260,598,1.000000,1.000000,1.000000,1.000000,0,0,0,0
860,27,260,599,1.000000,1.000000,1.000000,1.000000,0,0,0,0
861,25,260,600,1.000000,1.000000,1.000000,1.000000,0,0,0,0
862,23,260,601,1.000000,1.000000,1.000000,1.000000,1,0,0,0
863,21,260,602,1.000000,1.000000,1.000000,1.000000,0,0,0,0
864,29,261,602,1.000000,1.000000,1.000000,1.000000,0,0,0,0
865,27,261,603,1.000000,1.000000,1.000000,1.000000,0,1,0,0
866,25,261,604,1.000000,1.000000,1.000000,1.000000,0,0,0,0
867,29,262,604,1.000000,1.000000,1.000000,1.000000,0,0,0,0
868,27,262,605,1.000000,1.000000,1.000000,1.000000,0,0,0,0
869,25,262,606,1.000000,1.000000,1.000000,1.000000,0,0,0,0
870,23,262,607,1.000000,1.000000,1.000000,1.000000,0,0,0,1
871,21,262,608,1.000000,1.000000,1.000000,1.000000,0,0,0,0
872,29,263,608,1.000000,1.000000,1.000000,1.000000,0,0,0,0
873,27,263,609,1.000000,1.000000,1.000000,1.000000,1,0,0,0
874,25,263,610,1.000000,1.000000,1.000000,1.000000,1,0,0,1
875,29,264,610,1.000000,1.000000,1.000000,1.000000,1,0,0,1
876,27,264,611,1.000000,1.000000,1.000000,1.000000,0,0,0,0
877,29,265,611,1.000000,1.000000,1.000000,1.000000,0,0,0,0
878,27,265,612,1.000000,1.000000,1.000000,1.000000,1,0,0,0
879,25,265,613,1.000000,1.000000,1.000000,1.000000,1,0,0,0
880,29,266,613,1.000000,1.000000,1.000000,1.000000,1,0,0,0
881,27,266,614,1.000000,1.000000,1.000000,1.000000,1,0,0,0
882,29,267,614,1.000000,1.000000,1.000000,1.000000,1,0,0,0
883,27,267,615,1.000000,1.000000,1.000000,1.000000,0,0,0,0
884,29,268,615,1.000000,1.000000,1.000000,1.000000,0,0,0,0
885,27,268,616,1.000000,1.000000,1.000000,1.000000,0,0,0,0
886,25,268,617,1.000000,1.000000,1.000000,1.000000,1,0,0,0
887,23,268,618,1.000000,1.000000,1.000000,1.000000,0,0,0,0
888,21,268,619,1.000000,1.000000,1.000000,1.000000,1,1,0,0
889,19,268,620,1.000000,1.000000,1.000000,1.000000,0,0,0,0
890,29,269,620,1.000000,1.000000,1.000000,1.000000,0,0,0,0
891,27,269,621,1.000000,1.000000,1.000000,1.000000,0,1,0,1
892,25,269,622,1.000000,1.000000,1.000000,1.000000,0,0,0,0
893,29,270,622,1.000000,1.000000,1.000000,1.000000,0,0,0,0
894,27,270,623,1.000000,1.000000,1.000000,1.000000,0,0,0,1
895,25,270,624,1.000000,1.000000,1.000000,1.000000,0,0,0,0
896,29,271,624,1.000000,1.000000,1.000000,1.000000,0,0,0,0
897,27,271,625,1.000000,1.000000,1.000000,1.000000,0,0,0,0
898,25,271,626,1.000000,1.000000,1.000000,1.000000,0,0,0,0
899,23,271,627,1.000000,1.000000,1.000000,1.000000,0,0,0,0
900,21,271,628,1.000000,1.000000,1.000000,1.000000,0,0,1,0
901,19,271,629,1.000000,1.000000,1.000000,1.000000,0,0,1,0
902,29,272,629,1.000000,1.000000,1.000000,1.000000,0,0,1,0
903,27,272,630,1.000000,1.000000,1.000000,1.000000,0,0,1,0
904,29,273,630,1.000000,1.000000,1.000000,1.000000,0,0,1,0
905,27,273,631,1.000000,1.000000,1.000000,1.000000,0,0,1,0
906,29,274,631,1.000000,1.000000,1.000000,1.000000,0,0,1,0
907,27,274,632,1.000000,1.000000,1.000000,1.000000,0,0,0,1
908,29,275,632,1.000000,1.000000,1.000000,1.000000,0,0,0,1
909,27,275,633,1.000000,1.000000,1.000000,1.000000,0,0,0,0
910,29,276,633,1.000000,1.000000,1.000000,1.000000,0,0,0,0
911,27,276,634,1.000000,1.000000,1.000000,1.000000,0,0,0,0
912,25,276,635,1.000000,1.000000,1.000000,1.000000,0,0,0,0
913,23,276,636,1.000000,1.000000,1.000000,1.000000,0,0,0,0
914,21,276,637,1.000000,1.000000,1.000000,1.000000,0,0,1,0
915,19,276,638,1.000000,1.000000,1.000000,1.000000,0,1,0,0
916,29,277,638,1.000000,1.000000,1.000000,1.000000,0,1,0,0
917,27,277,639,1.000000,1.000000,1.000000,1.000000,0,0,0,0
918,29,278,639,1.000000,1.000000,1.000000,1.000000,0,0,0,0
919,27,278,640,1.000000,1.000000,1.000000,1.000000,0,0,1,0
920,25,278,641,1.000000,1.000000,1.000000,1.000000,0,0,0,1
921,29,279,641,1.000000,1.000000,1.000000,1.000000,0,0,0,1
922,27,279,642,1.000000,1.000000,1.000000,1.000000,0,0,0,0
923,29,280,642,1.000000,1.000000,1.000000,1.000000,0,0,0,0
924,27,280,643,1.000000,1.000000,1.000000,1.000000,1,0,0,0
925,25,280,644,1.000000,1.000000,1.000000,1.000000,0,0,0,0
926,29,281,644,1.000000,1.000000,1.000000,1.000000,0,0,0,0
927,27,281,645,1.000000,1.000000,1.000000,1.000000,0,0,0,0
928,25,281,646,1.000000,1.000000,1.000000,1.000000,0,0,0,0
929,23,281,647,1.000000,1.000000,1.000000,1.000000,0,0,0,0
930,21,281,648,1.000000,1.000000,1.000000,1.000000,0,0,0,0
931,19,281,649,1.000000,1.000000,1.000000,1.000000,0,0,0,0
932,17,281,650,1.000000,1.000000,1.000000,1.000000,0,0,0,0
933,15,281,651,1.000000,1.000000,1.000000,1.000000,0,0,1,0
934,13,281,652,1.000000,1.000000,1.000000,1.000000,0,1,1,0
935,29,282,652,1.000000,1.000000,1.000000,1.000000,0,1,1,0
936,27,282,653,1.000000,1.000000,1.000000,1.000000,0,0,0,0
937,29,283,653,1.000000,1.000000,1.000000,1.000000,0,0,0,0
938,27,283,654,1.000000,1.000000,1.000000,1.000000,0,0,0,0
939,25,283,655,1.000000,1.000000,1.000000,1.000000,0,0,0,0
940,23,283,656,1.000000,1.000000,1.000000,1.000000,0,0,1,1
941,21,283,657,1.000000,1.000000,1.000000,1.000000,0,0,0,1
942,29,284,657,1.000000,1.000000,1.000000,1.000000,0,0,0,1
943,27,284,658,1.000000,1.000000,1.000000,1.000000,0,0,0,0
944,25,284,659,1.000000,1.000000,1.000000,1.000000,0,0,0,1
945,23,284,660,1.000000,1.000000,1.000000,1.000000,0,0,0,0
946,21,284,661,1.000000,1.000000,1.000000,1.000000,0,0,0,0
947,19,284,662,1.000000,1.000000,1.000000,1.000000,0,0,0,0
948,17,284,663,1.000000,1.000000,1.000000,1.000000,0,0,0,1
949,15,284,664,1.000000,1.000000,1.000000,1.000000,0,0,1,0
950,29,285,664,1.000000,1.000000,1.000000,1.000000,0,0,1,0
951,27,285,665,1.000000,1.000000,1.000000,1.000000,0,1,0,1
952,25,285,666,1.000000,1.000000,1.000000,1.000000,0,0,0,1
953,29,286,666,1.000000,1.000000,1.000000,1.000000,0,0,0,1
954,27,286,667,1.000000,1.000000,1.000000,1.000000,0,0,0,1
955,29,287,667,1.000000,1.000000,1.000000,1.000000,0,0,0,1
956,27,287,668,1.000000,1.000000,1.000000,1.000000,0,0,0,0
957,25,287,669,1.000000,1.000000,1.000000,1.000000,0,0,1,0
958,23,287,670,1.000000,1.000000,1.000000,1.000000,0,1,0,0
959,29,288,670,1.000000,1.000000,1.000000,1.000000,0,1,0,0
960,27,288,671,1.000000,1.000000,1.000000,1.000000,0,0,0,0
961,29,289,671,1.000000,1.000000,1.000000,1.000000,0,0,0,0
962,27,289,672,1.000000,1.000000,1.000000,1.000000,0,0,0,0
963,25,289,673,1.000000,1.000000,1.000000,1.000000,0,0,0,0
964,23,289,674,1.000000,1.000000,1.000000,1.000000,0,0,0,0
965,21,289,675,1.000000,1.000000,1.000000,1.000000,0,0,1,0
966,19,289,676,1.000000,1.000000,1.000000,1.000000,0,0,0,0
967,29,290,676,1.000000,1.000000,1.000000,1.000000,0,0,0,0
968,27,290,677,1.000000,1.000000,1.000000,1.000000,0,0,1,0
969,25,290,678,1.000000,1.000000,1.000000,1.000000,0,0,0,0
970,29,291,678,1.000000,1.000000,1.000000,1.000000,0,0,0,0
971,27,291,679,1.000000,1.000000,1.000000,1.000000,0,0,0,0
972,25,291,680,1.000000,1.000000,1.000000,1.000000,0,0,1,0
973,23,291,681,1.000000,1.000000,1.000000,1.000000,0,0,0,1
974,29,292,681,1.000000,1.000000,1.000000,1.000000,0,0,0,1
975,27,292,682,1.000000,1.000000,1.000000,1.000000,0,0,0,1
976,29,293,682,1.000000,1.000000,1.000000,1.000000,0,0,0,1
977,27,293,683,1.000000,1.000000,1.000000,1.000000,0,0,0,1
978,29,294,683,1.000000,1.000000,1.000000,1.000000,0,0,0,1
979,27,294,684,1.000000,1.000000,1.000000,1.000000,0,0,1,0
980,29,295,684,1.000000,1.000000,1.000000,1.000000,0,0,1,0
981,27,295,685,1.000000,1.000000,1.000000,1.000000,0,0,0,1
982,29,296,685,1.000000,1.000000,1.000000,1.000000,0,0,0,1
983,27,296,686,1.000000,1.000000,1.000000,1.000000,0,0,1,0
984,25,296,687,1.000000,1.000000,1.000000,1.000000,1,0,1,0
985,29,297,687,1.000000,1.000000,1.000000,1.000000,1,0,1,0
986,27,297,688,1.000000,1.000000,1.000000,1.000000,0,0,0,0
987,29,298,688,1.000000,1.000000,1.000000,1.000000,0,0,0,0
988,27,298,689,1.000000,1.000000,1.000000,1.000000,0,0,0,1
989,25,298,690,1.000000,1.000000,1.000000,1.000000,0,0,0,0
990,29,299,690,1.000000,1.000000,1.000000,1.000000,0,0,0,0
991,27,299,691,1.000000,1.000000,1.000000,1.000000,0,0,0,0
992,25,299,692,1.000000,1.000000,1.000000,1.000000,0,0,1,0
993,23,299,693,1.000000,1.000000,1.000000,1.000000,0,0,0,0
994,29,300,693,1.000000,1.000000,1.000000,1.000000,0,0,0,0
995,27,300,694,1.000000,1.000000,1.000000,1.000000,0,0,0,0
996,25,300,695,1.000000,1.000000,1.000000,1.000000,0,0,0,0
997,23,300,696,1.000000,1.000000,1.000000,1.000000,0,0,0,0
998,21,300,697,1.000000,1.000000,1.000000,1.000000,1,0,0,0
999,19,300,698,1.000000,1.000000,1.000000,1.000000,1,1,0,0
1000,17,300,699,1.000000,1.000000,1.000000,1.000000,0,0,1,0
1001,29,301,699,1.000000,1.000000,1.000000,1.000000,1,0,1,0
1002,27,301,700,1.000000,1.000000,1.000000,1.000000,0,1,0,0
1003,29,302,700,1.000000,1.000000,1.000000,1.000000,0,1,0,0
1004,27,302,701,1.000000,1.000000,1.000000,1.000000,1,0,0,0
1005,29,303,701,1.000000,1.000000,1.000000,1.000000,1,0,0,0
1006,27,303,702,1.000000,1.000000,1.000000,1.000000,0,1,0,0
1007,29,304,702,1.000000,1.000000,1.000000,1.000000,0,1,0,0
1008,27,304,703,1.000000,1.000000,1.000000,1.000000,0,1,0,0
1009,29,305,703,1.000000,1.000000,1.000000,1.000000,0,1,0,0
1010,27,305,704,1.000000,1.000000,1.000000,1.000000,0,1,0,0
1011,29,306,704,1.000000,1.000000,1.000000,1.000000,0,1,0,0
1012,27,306,705,1.000000,1.000000,1.000000,1.000000,0,0,0,0
1013,29,307,705,1.000000,1.000000,1.000000,1.000000,0,0,0,0
1014,27,307,706,1.000000,1.000000,1.000000,1.000000,0,0,0,0
1015,25,307,707,1.000000,1.000000,1.000000,1.000000,1,0,0,0
1016,23,307,708,1.000000,1.000000,1.000000,1.000000,0,0,0,0
1017,29,308,708,1.000000,1.000000,1.000000,1.000000,0,0,0,0
1018,27,308,709,1.000000,1.000000,1.000000,1.000000,0,1,0,0
1019,25,308,710,1.000000,1.000000,1.000000,1.000000,0,0,0,0
1020,29,309,710,1.000000,1.000000,1.000000,1.000000,0,0,0,0
1021,27,309,711,1.000000,1.000000,1.000000,1.000000,0,1,0,0
1022,25,309,712,1.000000,1.000000,1.000000,1.000000,0,1,0,0
1023,23,309,713,1.000000,1.000000,1.000000,1.000000,1,0,0,1
1024,29,310,713,1.000000,1.000000,1.000000,1.000000,1,0,0,1
1025,27,310,714,1.000000,1.000000,1.000000,1.000000,0,1,0,0
1026,29,311,714,1.000000,1.000000,1.000000,1.000000,0,1,0,0
1027,27,311,715,1.000000,1.000000,1.000000,1.000000,1,0,0,0
1028,29,312,715,1.000000,1.000000,1.000000,1.000000,1,0,0,0
1029,27,312,716,1.000000,1.000000,1.000000,1.000000,0,1,0,0
1030,29,313,716,1.000000,1.000000,1.000000,1.000000,0,1,0,0
1031,27,313,717,1.000000,1.000000,1.000000,1.000000,0,0,0,0
1032,25,313,718,1.000000,1.000000,1.000000,1.000000,1,0,1,0
1033,23,313,719,1.000000,1.000000,1.000000,1.000000,0,0,0,0
1034,29,314,719,1.000000,1.000000,1.000000,1.000000,0,0,0,0
1035,27,314,720,1.000000,1.000000,1.000000,1.000000,0,0,0,0
1036,25,314,721,1.000000,1.000000,1.000000,1.000000,0,0,0,0
1037,23,314,722,1.000000,1.000000,1.000000,1.000000,0,0,0,0
1038,21,314,723,1.000000,1.000000,1.000000,1.000000,0,0,1,0
1039,19,314,724,1.000000,1.000000,1.000000,1.000000,0,1,1,0
1040,17,314,725,1.000000,1.000000,1.000000,1.000000,0,1,0,1
1041,15,314,726,1.000000,1.000000,1.000000,1.000000,0,1,1,0
1042,29,315,726,1.000000,1.000000,1.000000,1.000000,0,1,1,0
1043,27,315,727,1.000000,1.000000,1.000000,1.000000,0,1,0,0
1044,25,315,728,1.000000,1.000000,1.000000,1.000000,1,0,0,1
1045,29,316,728,1.000000,1.000000,1.000000,1.000000,1,0,0,1
1046,27,316,729,1.000000,1.000000,1.000000,1.000000,0,0,0,0
1047,29,317,729,1.000000,1.000000,1.000000,1.000000,0,0,0,0
1048,27,317,730,1.000000,1.000000,1.000000,1.000000,0,0,0,0
1049,25,317,731,1.000000,1.000000,1.000000,1.000000,0,0,0,0
1050,23,317,732,1.000000,1.000000,1.000000,1.000000,0,0,0,1
1051,21,317,733,1.000000,1.000000,1.000000,1.000000,0,0,0,0
1052,29,318,733,1.000000,1.000000,1.000000,1.000000,0,0,0,0
1053,27,318,734,1.000000,1.000000,1.000000,1.000000,0,0,0,0
1054,25,318,735,1.000000,1.000000,1.000000,1.000000,0,0,0,0
1055,23,318,736,1.000000,1.000000,1.000000,1.000000,0,0,0,0
1056,21,318,737,1.000000,1.000000,1.000000,1.000000,0,0,0,0
1057,19,318,738,1.000000,1.000000,1.000000,1.000000,0,0,1,0
1058,17,318,739,1.000000,1.000000,1.000000,1.000000,0,0,0,0
1059,29,319,739,1.000000,1.000000,1.000000,1.000000,0,0,0,0
1060,27,319,740,1.000000,1.000000,1.000000,1.000000,0,0,0,0
1061,25,319,741,1.000000,1.000000,1.000000,1.000000,0,0,0,0
1062,23,319,742,1.000000,1.000000,1.000000,1.000000,0,0,0,0
1063,21,319,743,1.000000,1.000000,1.000000,1.000000,0,0,0,0
1064,19,319,744,1.000000,1.000000,1.000000,1.000000,0,0,0,1
1065,17,319,745,1.000000,1.000000,1.000000,1.000000,0,0,0,0
1066,29,320,745,1.000000,1.000000,1.000000,1.000000,0,0,0,0
1067,27,320,746,1.000000,1.000000,1.000000,1.000000,0,0,1,1
1068,25,320,747,1.000000,1.000000,1.000000,1.000000,1,0,0,0
1069,29,321,747,1.000000,1.000000,1.000000,1.000000,1,0,0,0
1070,27,321,748,1.000000,1.000000,1.000000,1.000000,1,0,0,1
1071,29,322,748,1.000000,1.000000,1.000000,1.000000,1,0,0,1
1072,27,322,749,1.000000,1.000000,1.000000,1.000000,1,0,0,0
1073,29,323,749,1.000000,1.000000,1.000000,1.000000,1,0,0,0
1074,27,323,750,1.000000,1.000000,1.000000,1.000000,0,1,0,0
1075,29,324,750,1.000000,1.000000,1.000000,1.000000,0,1,0,0
1076,27,324,751,1.000000,1.000000,1.000000,1.000000,0,1,0,0
1077,29,325,751,1.000000,1.000000,1.000000,1.000000,0,1,0,0
1078,27,325,752,1.000000,1.000000,1.000000,1.000000,1,0,0,0
1079,29,326,752,1.000000,1.000000,1.000000,1.000000,1,0,0,0
1080,27,326,753,1.000000,1.000000,1.000000,1.000000,0,0,0,0
1081,29,327,753,1.000000,1.000000,1.000000,1.000000,0,0,0,0
1082,27,327,754,1.000000,1.000000,1.000000,1.000000,0,0,0,0
1083,25,327,755,1.000000,1.000000,1.000000,1.000000,0,1,0,1
1084,23,327,756,1.000000,1.000000,1.000000,1.000000,0,0,0,0
1085,29,328,756,1.000000,1.000000,1.000000,1.000000,0,0,0,0
1086,27,328,757,1.000000,1.000000,1.000000,1.000000,0,0,0,0
1087,25,328,758,1.000000,1.000000,1.000000,1.000000,1,1,0,0
1088,23,328,759,1.000000,1.000000,1.000000,1.000000,0,0,0,0
1089,29,329,759,1.000000,1.000000,1.000000,1.000000,0,0,0,0
1090,27,329,760,1.000000,1.000000,1.000000,1.000000,1,0,0,0
1091,25,329,761,1.000000,1.000000,1.000000,1.000000,0,0,0,0
1092,23,329,762,1.000000,1.000000,1.000000,1.000000,1,0,0,0
1093,21,329,763,1.000000,1.000000,1.000000,1.000000,0,0,0,0
1094,29,330,763,1.000000,1.000000,1.000000,1.000000,0,0,0,0
1095,27,330,764,1.000000,1.000000,1.000000,1.000000,0,0,0,0
1096,25,330,765,1.000000,1.000000,1.000000,1.000000,0,0,0,0
1097,23,330,766,1.000000,1.000000,1.000000,1.000000,0,0,0,0
1098,21,330,767,1.000000,1.000000,1.000000,1.000000,0,0,0,0
1099,19,330,768,1.000000,1.000000,1.000000,1.000000,0,0,0,0
1100,17,330,769,1.000000,1.000000,1.000000,1.000000,0,0,1,0
1101,15,330,770,1.000000,1.000000,1.000000,1.000000,0,0,0,0
1102,29,331,770,1.000000,1.000000,1.000000,1.000000,0,0,0,0
1103,27,331,771,1.000000,1.000000,1.000000,1.000000,0,1,0,0
1104,25,331,772,1.000000,1.000000,1.000000,1.000000,0,1,0,0
1105,29,332,772,1.000000,1.000000,1.000000,1.000000,0,1,0,0
1106,27,332,773,1.000000,1.000000,1.000000,1.000000,1,0,1,0
1107,29,333,773,1.000000,1.000000,1.000000,1.000000,1,0,1,0
1108,27,333,774,1.000000,1.000000,1.000000,1.000000,1,0,0,0
1109,29,334,774,1.000000,1.000000,1.000000,1.000000,1,0,0,0
1110,27,334,775,1.000000,1.000000,1.000000,1.000000,0,0,0,0
1111,29,335,775,1.000000,1.000000,1.000000,1.000000,0,0,0,0
1112,27,335,776,1.000000,1.000000,1.000000,1.000000,1,0,0,0
1113,25,335,777,1.000000,1.000000,1.000000,1.000000,0,0,0,0
1114,29,336,777,1.000000,1.000000,1.000000,1.000000,0,0,0,0
1115,27,336,778,1.000000,1.000000,1.000000,1.000000,0,0,0,0
1116,25,336,779,1.000000,1.000000,1.000000,1.000000,0,0,1,0
1117,23,336,780,1.000000,1.000000,1.000000,1.000000,0,0,0,0
1118,29,337,780,1.000000,1.000000,1.000000,1.000000,0,0,0,0
1119,27,337,781,1.000000,1.000000,1.000000,1.000000,0,0,1,0
1120,25,337,782,1.000000,1.000000,1.000000,1.000000,0,0,0,0
1121,29,338,782,1.000000,1.000000,1.000000,1.000000,0,1,0,0
1122,27,338,783,1.000000,1.000000,1.000000,1.000000,0,0,1,0
1123,29,339,783,1.000000,1.000000,1.000000,1.000000,1,0,1,0
1124,27,339,784,1.000000,1.000000,1.000000,1.000000,0,0,0,0
1125,29,340,784,1.000000,1.000000,1.000000,1.000000,0,0,0,0
1126,27,340,785,1.000000,1.000000,1.000000,1.000000,0,0,0,0
1127,25,340,786,1.000000,1.000000,1.000000,1.000000,0,0,0,0
1128,23,340,787,1.000000,1.000000,1.000000,1.000000,0,1,1,0
1129,21,340,788,1.000000,1.000000,1.000000,1.000000,0,0,0,0
1130,29,341,788,1.000000,1.000000,1.000000,1.000000,0,0,0,0
1131,27,341,789,1.000000,1.000000,1.000000,1.000000,1,0,0,0
1132,25,341,790,1.000000,1.000000,1.000000,1.000000,0,0,0,0
1133,29,342,790,1.000000,1.000000,1.000000,1.000000,0,0,0,0
1134,27,342,791,1.000000,1.000000,1.000000,1.000000,0,0,0,0
1135,25,342,792,1.000000,1.000000,1.000000,1.000000,0,0,0,0
1136,23,342,793,1.000000,1.000000,1.000000,1.000000,0,0,0,0
1137,21,342,794,1.000000,1.000000,1.000000,1.000000,0,0,0,0
1138,19,342,795,1.000000,1.000000,1.000000,1.000000,1,0,0,0
1139,17,342,796,1.000000,1.000000,1.000000,1.000000,0,1,0,0
1140,29,343,796,1.000000,1.000000,1.000000,1.000000,0,1,0,0
1141,27,343,797,1.000000,1.000000,1.000000,1.000000,0,1,0,0
1142,29,344,797,1.000000,1.000000,1.000000,1.000000,0,1,0,0
1143,27,344,798,1.000000,1.000000,1.000000,1.000000,0,0,0,0
1144,25,344,799,1.000000,1.000000,1.000000,1.000000,0,0,0,0
1145,23,344,800,1.000000,1.000000,1.000000,1.000000,0,0,0,0
1146,21,344,801,1.000000,1.000000,1.000000,1.000000,0,0,0,1
1147,19,344,802,1.000000,1.000000,1.000000,1.000000,0,0,0,0
1148,29,345,802,1.000000,1.000000,1.000000,1.000000,0,0,0,0
1149,27,345,803,1.000000,1.000000,1.000000,1.000000,0,0,0,0
1150,25,345,804,1.000000,1.000000,1.000000,1.000000,0,0,0,0
1151,23,345,805,1.000000,1.000000,1.000000,1.000000,0,0,0,0
1152,21,345,806,1.000000,1.000000,1.000000,1.000000,0,0,0,0
1153,19,345,807,1.000000,1.000000,1.000000,1.000000,0,0,0,0
1154,17,345,808,1.000000,1.000000,1.000000,1.000000,0,0,0,0
1155,15,345,809,1.000000,1.000000,1.000000,1.000000,0,0,0,0
1156,13,345,810,1.000000,1.000000,1.000000,1.000000,0,0,0,1
1157,11,345,811,1.000000,1.000000,1.000000,1.000000,0,0,0,0
1158,29,346,811,1.000000,1.000000,1.000000,1.000000,0,0,0,0
1159,27,346,812,1.000000,1.000000,1.000000,1.000000,0,0,0,0
1160,25,346,813,1.000000,1.000000,1.000000,1.000000,1,0,0,0
1161,23,346,814,1.000000,1.000000,1.000000,1.000000,1,0,0,0
1162,29,347,814,1.000000,1.000000,1.000000,1.000000,1,0,0,0
1163,27,347,815,1.000000,1.000000,1.000000,1.000000,1,0,0,1
1164,29,348,815,1.000000,1.000000,1.000000,1.000000,1,0,0,1
1165,27,348,816,1.000000,1.000000,1.000000,1.000000,1,0,0,0
1166,25,348,817,1.000000,1.000000,1.000000,1.000000,0,0,1,0
1167,23,348,818,1.000000,1.000000,1.000000,1.000000,1,0,0,0
1168,29,349,818,1.000000,1.000000,1.000000,1.000000,1,0,0,0
1169,27,349,819,1.000000,1.000000,1.000000,1.000000,0,0,0,0
1170,29,350,819,1.000000,1.000000,1.000000,1.000000,0,0,0,0
1171,27,350,820,1.000000,1.000000,1.000000,1.000000,0,0,0,0
1172,25,350,821,1.000000,1.000000,1.000000,1.000000,0,0,1,1
1173,23,350,822,1.000000,1.000000,1.000000,1.000000,0,0,0,0
1174,29,351,822,1.000000,1.000000,1.000000,1.000000,0,0,0,0
1175,27,351,823,1.000000,1.000000,1.000000,1.000000,0,0,0,0
1176,25,351,824,1.000000,1.000000,1.000000,1.000000,0,0,0,0
1177,23,351,825,1.000000,1.000000,1.000000,1.000000,1,0,0,0
1178,21,351,826,1.000000,1.000000,1.000000,1.000000,0,0,1,0
1179,19,351,827,1.000000,1.000000,1.000000,1.000000,0,0,1,0
1180,29,352,827,1.000000,1.000000,1.000000,1.000000,0,0,1,0
1181,27,352,828,1.000000,1.000000,1.000000,1.000000,0,0,0,1
1182,29,353,828,1.000000,1.000000,1.000000,1.000000,0,0,0,1
1183,27,353,829,1.000000,1.000000,1.000000,1.000000,0,0,0,1
1184,29,354,829,1.000000,1.000000,1.000000,1.000000,0,0,0,1
1185,27,354,830,1.000000,1.000000,1.000000,1.000000,0,0,1,0
1186,29,355,830,1.000000,1.000000,1.000000,1.000000,0,0,1,0
1187,27,355,831,1.000000,1.000000,1.000000,1.000000,0,0,1,0
1188,25,355,832,1.000000,1.000000,1.000000,1.000000,1,0,1,1
1189,23,355,833,1.000000,1.000000,1.000000,1.000000,0,0,1,0
1190,29,356,833,1.000000,1.000000,1.000000,1.000000,0,0,1,0
1191,27,356,834,1.000000,1.000000,1.000000,1.000000,0,0,1,1
1192,29,357,834,1.000000,1.000000,1.000000,1.000000,0,0,1,1
1193,27,357,835,1.000000,1.000000,1.000000,1.000000,0,0,0,0
1194,29,358,835,1.000000,1.000000,1.000000,1.000000,0,0,0,0
1195,27,358,836,1.000000,1.000000,1.000000,1.000000,0,1,1,0
1196,25,358,837,1.000000,1.000000,1.000000,1.000000,0,0,0,0
1197,29,359,837,1.000000,1.000000,1.000000,1.000000,0,0,0,0
1198,27,359,838,1.000000,1.000000,1.000000,1.000000,0,0,1,0
1199,25,359,839,1.000000,1.000000,1.000000,1.000000,0,0,0,0
1200,29,360,839,1.000000,1.000000,1.000000,1.000000,0,0,0,0
1201,27,360,840,1.000000,1.000000,1.000000,1.000000,0,0,0,0
1202,25,360,841,1.000000,1.000000,1.000000,1.000000,0,0,0,0
1203,23,360,842,1.000000,1.000000,1.000000,1.000000,0,0,0,0
1204,21,360,843,1.000000,1.000000,1.000000,1.000000,0,0,0,0
1205,19,360,844,1.000000,1.000000,1.000000,1.000000,0,1,0,0
1206,17,360,845,1.000000,1.000000,1.000000,1.000000,0,0,0,1
1207,15,360,846,1.000000,1.000000,1.000000,1.000000,1,0,0,1
1208,29,361,846,1.000000,1.000000,1.000000,1.000000,1,0,1,1
1209,27,361,847,1.000000,1.000000,1.000000,1.000000,0,0,0,0
1210,29,362,847,1.000000,1.000000,1.000000,1.000000,0,0,0,0
1211,27,362,848,1.000000,1.000000,1.000000,1.000000,1,0,0,1
1212,25,362,849,1.000000,1.000000,1.000000,1.000000,1,0,0,0
1213,29,363,849,1.000000,1.000000,1.000000,1.000000,1,0,0,0
1214,27,363,850,1.000000,1.000000,1.000000,1.000000,0,1,0,0
1215,29,364,850,1.000000,1.000000,1.000000,1.000000,0,1,0,0
1216,27,364,851,1.000000,1.000000,1.000000,1.000000,0,1,0,0
1217,29,365,851,1.000000,1.000000,1.000000,1.000000,0,1,0,0
1218,27,365,852,1.000000,1.000000,1.000000,1.000000,1,0,0,0
1219,29,366,852,1.000000,1.000000,1.000000,1.000000,1,0,0,0
1220,27,366,853,1.000000,1.000000,1.000000,1.000000,0,0,0,0
1221,29,367,853,1.000000,1.000000,1.000000,1.000000,0,0,0,0
1222,27,367,854,1.000000,1.000000,1.000000,1.000000,0,0,0,0
1223,25,367,855,1.000000,1.000000,1.000000,1.000000,0,0,0,0
1224,23,367,856,1.000000,1.000000,1.000000,1.000000,0,0,0,0
1225,21,367,857,1.000000,1.000000,1.000000,1.000000,0,0,0,0
1226,19,367,858,1.000000,1.000000,1.000000,1.000000,0,0,0,0
1227,17,367,859,1.000000,1.000000,1.000000,1.000000,0,0,1,0
1228,29,368,859,1.000000,1.000000,1.000000,1.000000,0,0,1,0
1229,27,368,860,1.000000,1.000000,1.000000,1.000000,0,0,0,0
1230,25,368,861,1.000000,1.000000,1.000000,1.000000,0,0,0,1
1231,23,368,862,1.000000,1.000000,1.000000,1.000000,0,0,1,1
1232,29,369,862,1.000000,1.000000,1.000000,1.000000,0,0,1,1
1233,27,369,863,1.000000,1.000000,1.000000,1.000000,0,0,0,0
1234,29,370,863,1.000000,1.000000,1.000000,1.000000,0,0,0,0
1235,27,370,864,1.000000,1.000000,1.000000,1.000000,0,0,1,0
1236,25,370,865,1.000000,1.000000,1.000000,1.000000,0,0,0,0
1237,29,371,865,1.000000,1.000000,1.000000,1.000000,0,0,0,0
1238,27,371,866,1.000000,1.000000,1.000000,1.000000,0,1,1,0
1239,25,371,867,1.000000,1.000000,1.000000,1.000000,0,0,0,0
1240,29,372,867,1.000000,1.000000,1.000000,1.000000,0,0,0,0
1241,27,372,868,1.000000,1.000000,1.000000,1.000000,1,0,0,0
1242,25,372,869,1.000000,1.000000,1.000000,1.000000,0,0,0,0
1243,29,373,869,1.000000,1.000000,1.000000,1.000000,0,0,0,0
1244,27,373,870,1.000000,1.000000,1.000000,1.000000,0,0,0,0
1245,25,373,871,1.000000,1.000000,1.000000,1.000000,0,0,0,0
1246,23,373,872,1.000000,1.000000,1.000000,1.000000,0,0,0,0
1247,21,373,873,1.000000,1.000000,1.000000,1.000000,0,0,0,0
1248,19,373,874,1.000000,1.000000,1.000000,1.000000,0,0,0,0
1249,17,373,875,1.000000,1.000000,1.000000,1.000000,0,0,0,0
1250,15,373,876,1.000000,1.000000,1.000000,1.000000,0,0,0,0
1251,13,373,877,1.000000,1.000000,1.000000,1.000000,0,0,0,0
1252,11,373,878,1.000000,1.000000,1.000000,1.000000,1,1,0,0
1253,9,373,879,1.000000,1.000000,1.000000,1.000000,0,1,0,0
1254,7,373,880,1.000000,1.000000,1.000000,1.000000,1,0,1,1
1255,29,374,880,1.000000,1.000000,1.000000,1.000000,1,0,1,1
1256,27,374,881,1.000000,1.000000,1.000000,1.000000,1,0,0,0
1257,29,375,881,1.000000,1.000000,1.000000,1.000000,1,0,0,0
1258,27,375,882,1.000000,1.000000,1.000000,1.000000,0,1,0,0
1259,29,376,882,1.000000,1.000000,1.000000,1.000000,0,1,0,0
1260,27,376,883,1.000000,1.000000,1.000000,1.000000,0,1,0,0
1261,29,377,883,1.000000,1.000000,1.000000,1.000000,0,1,0,0
1262,27,377,884,1.000000,1.000000,1.000000,1.000000,0,0,0,0
1263,25,377,885,1.000000,1.000000,1.000000,1.000000,0,0,0,0
1264,23,377,886,1.000000,1.000000,1.000000,1.000000,0,0,1,1
1265,21,377,887,1.000000,1.000000,1.000000,1.000000,0,0,0,0
1266,29,378,887,1.000000,1.000000,1.000000,1.000000,0,0,0,0
1267,27,378,888,1.000000,1.000000,1.000000,1.000000,1,0,0,1
1268,25,378,889,1.000000,1.000000,1.000000,1.000000,1,0,0,1
1269,29,379,889,1.000000,1.000000,1.000000,1.000000,1,0,0,1
1270,27,379,890,1.000000,1.000000,1.000000,1.000000,0,0,1,0
1271,29,380,890,1.000000,1.000000,1.000000,1.000000,0,0,1,0
1272,27,380,891,1.000000,1.000000,1.000000,1.000000,1,0,0,0
1273,25,380,892,1.000000,1.000000,1.000000,1.000000,0,1,0,0
1274,29,381,892,1.000000,1.000000,1.000000,1.000000,0,1,0,0
1275,27,381,893,1.000000,1.000000,1.000000,1.000000,0,0,0,0
1276,29,382,893,1.000000,1.000000,1.000000,1.000000,0,0,0,0
1277,27,382,894,1.000000,1.000000,1.000000,1.000000,1,0,0,0
1278,25,382,895,1.000000,1.000000,1.000000,1.000000,0,0,0,0
1279,23,382,896,1.000000,1.000000,1.000000,1.000000,0,0,0,0
1280,21,382,897,1.000000,1.000000,1.000000,1.000000,0,0,1,0
1281,19,382,898,1.000000,1.000000,1.000000,1.000000,0,1,1,0
1282,29,383,898,1.000000,1.000000,1.000000,1.000000,0,1,1,0
1283,27,383,899,1.000000,1.000000,1.000000,1.000000,0,1,0,0
1284,29,384,899,1.000000,1.000000,1.000000,1.000000,0,1,0,0
1285,27,384,900,1.000000,1.000000,1.000000,1.000000,1,0,0,0
1286,29,385,900,1.000000,1.000000,1.000000,1.000000,1,0,0,0
1287,27,385,901,1.000000,1.000000,1.000000,1.000000,0,0,0,0
1288,29,386,901,1.000000,1.000000,1.000000,1.000000,0,0,0,0
1289,27,386,902,1.000000,1.000000,1.000000,1.000000,0,0,0,0
1290,25,386,903,1.000000,1.000000,1.000000,1.000000,0,0,0,0
1291,23,386,904,1.000000,1.000000,1.000000,1.000000,0,0,1,0
1292,21,386,905,1.000000,1.000000,1.000000,1.000000,0,0,0,0
1293,29,387,905,1.000000,1.000000,1.000000,1.000000,0,0,0,0
1294,27,387,906,1.000000,1.000000,1.000000,1.000000,0,0,0,0
1295,25,387,907,1.000000,1.000000,1.000000,1.000000,0,0,0,0
1296,23,387,908,1.000000,1.000000,1.000000,1.000000,0,0,0,0
1297,21,387,909,1.000000,1.000000,1.000000,1.000000,0,0,0,0
1298,19,387,910,1.000000,1.000000,1.000000,1.000000,0,0,0,0
1299,17,387,911,1.000000,1.000000,1.000000,1.000000,0,0,1,0
1300,15,387,912,1.000000,1.000000,1.000000,1.000000,0,0,0,0
1301,13,387,913,1.000000,1.000000,1.000000,1.000000,0,1,0,1
1302,11,387,914,1.000000,1.000000,1.000000,1.000000,0,0,1,0
1303,29,388,914,1.000000,1.000000,1.000000,1.000000,0,0,1,0
1304,27,388,915,1.000000,1.000000,1.000000,1.000000,0,0,0,0
1305,25,388,916,1.000000,1.000000,1.000000,1.000000,1,1,0,0
1306,23,388,917,1.000000,1.000000,1.000000,1.000000,0,0,0,0
1307,29,389,917,1.000000,1.000000,1.000000,1.000000,0,0,0,0
1308,27,389,918,1.000000,1.000000,1.000000,1.000000,0,0,1,0
1309,25,389,919,1.000000,1.000000,1.000000,1.000000,0,0,0,0
1310,29,390,919,1.000000,1.000000,1.000000,1.000000,0,0,0,0
1311,27,390,920,1.000000,1.000000,1.000000,1.000000,0,0,0,0
1312,25,390,921,1.000000,1.000000,1.000000,1.000000,0,0,0,0
1313,23,390,922,1.000000,1.000000,1.000000,1.000000,0,0,0,0
1314,21,390,923,1.000000,1.000000,1.000000,1.000000,0,0,0,0
1315,19,390,924,1.000000,1.000000,1.000000,1.000000,0,0,1,1
1316,17,390,925,1.000000,1.000000,1.000000,1.000000,0,0,0,1
1317,29,391,925,1.000000,1.000000,1.000000,1.000000,0,0,0,1
1318,27,391,926,1.000000,1.000000,1.000000,1.000000,1,0,1,0
1319,29,392,926,1.000000,1.000000,1.000000,1.000000,1,0,1,0
1320,27,392,927,1.000000,1.000000,1.000000,1.000000,0,0,0,0
1321,29,393,927,1.000000,1.000000,1.000000,1.000000,0,0,0,0
1322,27,393,928,1.000000,1.000000,1.000000,1.000000,0,0,0,0
1323,25,393,929,1.000000,1.000000,1.000000,1.000000,0,0,0,0
1324,23,393,930,1.000000,1.000000,1.000000,1.000000,0,0,0,1
1325,21,393,931,1.000000,1.000000,1.000000,1.000000,0,0,0,0
1326,29,394,931,1.000000,1.000000,1.000000,1.000000,0,0,0,0
1327,27,394,932,1.000000,1.000000,1.000000,1.000000,0,0,0,0
1328,25,394,933,1.000000,1.000000,1.000000,1.000000,0,0,0,0
1329,23,394,934,1.000000,1.000000,1.000000,1.000000,1,0,0,0
1330,21,394,935,1.000000,1.000000,1.000000,1.000000,0,0,0,0
1331,29,395,935,1.000000,1.000000,1.000000,1.000000,0,0,0,0
1332,27,395,936,1.000000,1.000000,1.000000,1.000000,0,0,0,1
1333,25,395,937,1.000000,1.000000,1.000000,1.000000,1,0,0,0
1334,29,396,937,1.000000,1.000000,1.000000,1.000000,1,0,0,0
1335,27,396,938,1.000000,1.000000,1.000000,1.000000,0,0,0,0
1336,29,397,938,1.000000,1.000000,1.000000,1.000000,0,0,0,0
1337,27,397,939,1.000000,1.000000,1.000000,1.000000,0,1,0,0
1338,25,397,940,1.000000,1.000000,1.000000,1.000000,0,0,0,0
1339,29,398,940,1.000000,1.000000,1.000000,1.000000,0,0,0,0
1340,27,398,941,1.000000,1.000000,1.000000,1.000000,0,0,0,0
1341,25,398,942,1.000000,1.000000,1.000000,1.000000,0,1,0,0
1342,23,398,943,1.000000,1.000000,1.000000,1.000000,0,1,0,0
1343,21,398,944,1.000000,1.000000,1.000000,1.000000,0,1,0,1
1344,19,398,945,1.000000,1.000000,1.000000,1.000000,0,0,0,1
1345,29,399,945,1.000000,1.000000,1.000000,1.000000,0,0,0,1
1346,27,399,946,1.000000,1.000000,1.000000,1.000000,0,0,0,1
1347,29,400,946,1.000000,1.000000,1.000000,1.000000,0,0,0,1
1348,27,400,947,1.000000,1.000000,1.000000,1.000000,0,0,0,0
1349,29,401,947,1.000000,1.000000,1.000000,1.000000,0,0,0,0
1350,27,401,948,1.000000,1.000000,1.000000,1.000000,0,0,0,0
1351,25,401,949,1.000000,1.000000,1.000000,1.000000,0,0,0,0
1352,23,401,950,1.000000,1.000000,1.000000,1.000000,0,0,0,1
1353,21,401,951,1.000000,1.000000,1.000000,1.000000,0,0,0,0
1354,29,402,951,1.000000,1.000000,1.000000,1.000000,0,0,0,0
1355,27,402,952,1.000000,1.000000,1.000000,1.000000,0,0,0,1
1356,25,402,953,1.000000,1.000000,1.000000,1.000000,1,0,0,0
1357,29,403,953,1.000000,1.000000,1.000000,1.000000,1,0,0,0
1358,27,403,954,1.000000,1.000000,1.000000,1.000000,0,0,0,0
1359,29,404,954,1.000000,1.000000,1.000000,1.000000,0,0,0,0
1360,27,404,955,1.000000,1.000000,1.000000,1.000000,0,0,0,0
1361,25,404,956,1.000000,1.000000,1.000000,1.000000,1,0,0,1
1362,23,404,957,1.000000,1.000000,1.000000,1.000000,0,0,0,0
1363,29,405,957,1.000000,1.000000,1.000000,1.000000,0,0,0,0
1364,27,405,958,1.000000,1.000000,1.000000,1.000000,1,0,1,0
1365,25,405,959,1.000000,1.000000,1.000000,1.000000,0,0,0,0
1366,29,406,959,1.000000,1.000000,1.000000,1.000000,0,0,0,0
1367,27,406,960,1.000000,1.000000,1.000000,1.000000,0,0,0,0
1368,25,406,961,1.000000,1.000000,1.000000,1.000000,0,0,0,0
1369,23,406,962,1.000000,1.000000,1.000000,1.000000,1,0,0,0
1370,21,406,963,1.000000,1.000000,1.000000,1.000000,0,0,0,0
1371,19,406,964,1.000000,1.000000,1.000000,1.000000,1,1,0,0
1372,17,406,965,1.000000,1.000000,1.000000,1.000000,1,0,0,0
1373,29,407,965,1.000000,1.000000,1.000000,1.000000,1,0,0,0
1374,27,407,966,1.000000,1.000000,1.000000,1.000000,1,0,0,1
1375,25,407,967,1.000000,1.000000,1.000000,1.000000,0,1,0,0
1376,29,408,967,1.000000,1.000000,1.000000,1.000000,0,1,0,0
1377,27,408,968,1.000000,1.000000,1.000000,1.000000,1,0,0,0
1378,29,409,968,1.000000,1.000000,1.000000,1.000000,1,0,0,0
1379,27,409,969,1.000000,1.000000,1.000000,1.000000,1,0,0,0
1380,29,410,969,1.000000,1.000000,1.000000,1.000000,1,0,0,0
1381,27,410,970,1.000000,1.000000,1.000000,1.000000,0,1,0,0
1382,29,411,970,1.000000,1.000000,1.000000,1.000000,0,1,0,0
1383,27,411,971,1.000000,1.000000,1.000000,1.000000,0,1,0,0
1384,25,411,972,1.000000,1.000000,1.000000,1.000000,1,0,0,1
1385,29,412,972,1.000000,1.000000,1.000000,1.000000,1,0,0,1
1386,27,412,973,1.000000,1.000000,1.000000,1.000000,0,0,0,0
1387,29,413,973,1.000000,1.000000,1.000000,1.000000,0,0,0,0
1388,27,413,974,1.000000,1.000000,1.000000,1.000000,0,0,1,0
1389,25,413,975,1.000000,1.000000,1.000000,1.000000,0,0,0,0
1390,29,414,975,1.000000,1.000000,1.000000,1.000000,0,0,0,0
1391,27,414,976,1.000000,1.000000,1.000000,1.000000,0,0,0,0
1392,25,414,977,1.000000,1.000000,1.000000,1.000000,0,0,0,0
1393,23,414,978,1.000000,1.000000,1.000000,1.000000,0,0,0,0
1394,21,414,979,1.000000,1.000000,1.000000,1.000000,1,0,0,0
1395,19,414,980,1.000000,1.000000,1.000000,1.000000,0,0,0,0
1396,29,415,980,1.000000,1.000000,1.000000,1.000000,0,0,0,0
1397,27,415,981,1.000000,1.000000,1.000000,1.000000,0,0,0,0
1398,25,415,982,1.000000,1.000000,1.000000,1.000000,0,0,0,0
1399,23,415,983,1.000000,1.000000,1.000000,1.000000,0,0,0,0
1400,21,415,984,1.000000,1.000000,1.000000,1.000000,0,0,0,0
1401,19,415,985,1.000000,1.000000,1.000000,1.000000,0,0,0,0
1402,17,415,986,1.000000,1.000000,1.000000,1.000000,0,0,0,0
1403,15,415,987,1.000000,1.000000,1.000000,1.000000,0,0,0,0
1404,13,415,988,1.000000,1.000000,1.000000,1.000000,0,0,0,0
1405,11,415,989,1.000000,1.000000,1.000000,1.000000,0,0,0,0
1406,9,415,990,1.000000,1.000000,1.000000,1.000000,0,0,0,1
1407,7,415,991,1.000000,1.000000,1.000000,1.000000,0,0,0,1
1408,29,416,991,1.000000,1.000000,1.000000,1.000000,0,0,0,1
1409,27,416,992,1.000000,1.000000,1.000000,1.000000,0,0,0,0
1410,29,417,992,1.000000,1.000000,1.000000,1.000000,0,0,0,0
1411,27,417,993,1.000000,1.000000,1.000000,1.000000,0,0,0,0
1412,25,417,994,1.000000,1.000000,1.000000,1.000000,0,0,0,0
1413,23,417,995,1.000000,1.000000,1.000000,1.000000,0,0,1,1
1414,21,417,996,1.000000,1.000000,1.000000,1.000000,0,1,0,0
1415,29,418,996,1.000000,1.000000,1.000000,1.000000,0,1,0,0
1416,27,418,997,1.000000,1.000000,1.000000,1.000000,0,0,1,0
1417,25,418,998,1.000000,1.000000,1.000000,1.000000,0,1,1,0
1418,29,419,998,1.000000,1.000000,1.000000,1.000000,0,1,1,0
1419,27,419,999,1.000000,1.000000,1.000000,1.000000,0,0,0,1
1420,29,420,999,1.000000,1.000000,1.000000,1.000000,0,0,0,1
1421,27,420,1000,1.000000,1.000000,1.000000,1.000000,0,0,1,0
1422,25,420,1001,1.000000,1.000000,1.000000,1.000000,1,0,0,1
1423,29,421,1001,1.000000,1.000000,1.000000,1.000000,1,0,0,1
1424,27,421,1002,1.000000,1.000000,1.000000,1.000000,0,0,0,0
1425,25,421,1003,1.000000,1.000000,1.000000,1.000000,1,0,0,1
1426,23,421,1004,1.000000,1.000000,1.000000,1.000000,0,0,0,0
1427,29,422,1004,1.000000,1.000000,1.000000,1.000000,0,0,0,0
1428,27,422,1005,1.000000,1.000000,1.000000,1.000000,1,0,1,0
1429,25,422,1006,1.000000,1.000000,1.000000,1.000000,0,0,0,0
1430,29,423,1006,1.000000,1.000000,1.000000,1.000000,0,0,0,0
1431,27,423,1007,1.000000,1.000000,1.000000,1.000000,1,0,0,0
1432,25,423,1008,1.000000,1.000000,1.000000,1.000000,0,0,0,1
1433,23,423,1009,1.000000,1.000000,1.000000,1.000000,0,1,0,1
1434,29,424,1009,1.000000,1.000000,1.000000,1.000000,0,1,0,1
1435,27,424,1010,1.000000,1.000000,1.000000,1.000000,0,0,0,1
1436,29,425,1010,1.000000,1.000000,1.000000,1.000000,0,0,0,1
1437,27,425,1011,1.000000,1.000000,1.000000,1.000000,0,0,1,0
1438,29,426,1011,1.000000,1.000000,1.000000,1.000000,0,0,1,0
1439,27,426,1012,1.000000,1.000000,1.000000,1.000000,0,0,0,0
1440,29,427,1012,1.000000,1.000000,1.000000,1.000000,0,0,0,0
1441,27,427,1013,1.000000,1.000000,1.000000,1.000000,0,0,0,0
1442,25,427,1014,1.000000,1.000000,1.000000,1.000000,0,0,0,0
1443,23,427,1015,1.000000,1.000000,1.000000,1.000000,0,0,0,0
1444,21,427,1016,1.000000,1.000000,1.000000,1.000000,0,0,0,0
1445,19,427,1017,1.000000,1.000000,1.000000,1.000000,0,0,0,0
1446,17,427,1018,1.000000,1.000000,1.000000,1.000000,0,0,0,0
1447,15,427,1019,1.000000,1.000000,1.000000,1.000000,0,0,0,0
1448,13,427,1020,1.000000,1.000000,1.000000,1.000000,0,1,0,0
1449,11,427,1021,1.000000,1.000000,1.000000,1.000000,0,0,0,0
1450,9,427,1022,1.000000,1.000000,1.000000,1.000000,1,0,0,0
1451,7,427,1023,1.000000,1.000000,1.000000,1.000000,0,1,0,1
1452,29,428,1023,1.000000,1.000000,1.000000,1.000000,0,1,0,1
1453,27,428,1024,1.000000,1.000000,1.000000,1.000000,0,0,0,1
1454,29,429,1024,1.000000,1.000000,1.000000,1.000000,0,0,0,1
1455,27,429,1025,1.000000,1.000000,1.000000,1.000000,0,0,1,0
1456,29,430,1025,1.000000,1.000000,1.000000,1.000000,0,0,1,0
1457,27,430,1026,1.000000,1.000000,1.000000,1.000000,0,0,0,0
1458,29,431,1026,1.000000,1.000000,1.000000,1.000000,0,0,0,0
1459,27,431,1027,1.000000,1.000000,1.000000,1.000000,0,0,0,0
1460,25,431,1028,1.000000,1.000000,1.000000,1.000000,0,0,0,0
1461,23,431,1029,1.000000,1.000000,1.000000,1.000000,0,0,0,0
1462,21,431,1030,1.000000,1.000000,1.000000,1.000000,0,0,0,1
1463,19,431,1031,1.000000,1.000000,1.000000,1.000000,0,0,1,0
1464,29,432,1031,1.000000,1.000000,1.000000,1.000000,0,0,1,0
1465,27,432,1032,1.000000,1.000000,1.000000,1.000000,0,0,0,1
1466,29,433,1032,1.000000,1.000000,1.000000,1.000000,0,0,0,1
1467,27,433,1033,1.000000,1.000000,1.000000,1.000000,0,0,0,0
1468,29,434,1033,1.000000,1.000000,1.000000,1.000000,0,0,0,0
1469,27,434,1034,1.000000,1.000000,1.000000,1.000000,0,0,0,0
1470,25,434,1035,1.000000,1.000000,1.000000,1.000000,0,0,0,0
1471,23,434,1036,1.000000,1.000000,1.000000,1.000000,0,0,0,0
1472,21,434,1037,1.000000,1.000000,1.000000,1.000000,0,1,0,0
1473,19,434,1038,1.000000,1.000000,1.000000,1.000000,0,0,0,0
1474,29,435,1038,1.000000,1.000000,1.000000,1.000000,0,0,0,0
1475,27,435,1039,1.000000,1.000000,1.000000,1.000000,0,0,0,0
1476,25,435,1040,1.000000,1.000000,1.000000,1.000000,0,0,0,0
1477,23,435,1041,1.000000,1.000000,1.000000,1.000000,0,1,0,0
1478,21,435,1042,1.000000,1.000000,1.000000,1.000000,0,0,0,0
1479,19,435,1043,1.000000,1.000000,1.000000,1.000000,1,0,0,1
1480,17,435,1044,1.000000,1.000000,1.000000,1.000000,1,0,0,0
1481,29,436,1044,1.000000,1.000000,1.000000,1.000000,1,0,0,0
1482,27,436,1045,1.000000,1.000000,1.000000,1.000000,0,1,0,0
1483,29,437,1045,1.000000,1.000000,1.000000,1.000000,0,1,0,0
1484,27,437,1046,1.000000,1.000000,1.000000,1.000000,0,1,0,0
1485,29,438,1046,1.000000,1.000000,1.000000,1.000000,0,1,0,0
1486,27,438,1047,1.000000,1.000000,1.000000,1.000000,0,1,0,0
1487,29,439,1047,1.000000,1.000000,1.000000,1.000000,0,1,0,0
1488,27,439,1048,1.000000,1.000000,1.000000,1.000000,0,0,0,0
1489,29,440,1048,1.000000,1.000000,1.000000,1.000000,0,0,0,0
1490,27,440,1049,1.000000,1.000000,1.000000,1.000000,0,1,1,0
1491,25,440,1050,1.000000,1.000000,1.000000,1.000000,0,1,1,0
1492,29,441,1050,1.000000,1.000000,1.000000,1.000000,0,1,1,0
1493,27,441,1051,1.000000,1.000000,1.000000,1.000000,0,0,0,1
1494,25,441,1052,1.000000,1.000000,1.000000,1.000000,0,1,0,0
1495,29,442,1052,1.000000,1.000000,1.000000,1.000000,0,1,0,0
1496,27,442,1053,1.000000,1.000000,1.000000,1.000000,0,0,0,0
1497,29,443,1053,1.000000,1.000000,1.000000,1.000000,0,0,0,0
1498,27,443,1054,1.000000,1.000000,1.000000,1.000000,0,1,0,0
1499,25,443,1055,1.000000,1.000000,1.000000,1.000000,1,0,0,0
1500,29,444,1055,1.000000,1.000000,1.000000,1.000000,1,0,0,0
1501,27,444,1056,1.000000,1.000000,1.000000,1.000000,1,0,1,0
1502,25,444,1057,1.000000,1.000000,1.000000,1.000000,0,0,0,0
1503,29,445,1057,1.000000,1.000000,1.000000,1.000000,0,0,0,0
1504,27,445,1058,1.000000,1.000000,1.000000,1.000000,0,1,0,0
1505,25,445,1059,1.000000,1.000000,1.000000,1.000000,0,1,0,0
1506,29,446,1059,1.000000,1.000000,1.000000,1.000000,0,1,0,0
1507,27,446,1060,1.000000,1.000000,1.000000,1.000000,1,0,1,0
1508,25,446,1061,1.000000,1.000000,1.000000,1.000000,1,0,1,0
1509,29,447,1061,1.000000,1.000000,1.000000,1.000000,1,0,1,0
1510,27,447,1062,1.000000,1.000000,1.000000,1.000000,0,0,1,0
1511,29,448,1062,1.000000,1.000000,1.000000,1.000000,0,0,1,0
1512,27,448,1063,1.000000,1.000000,1.000000,1.000000,0,0,0,0
1513,29,449,1063,1.000000,1.000000,1.000000,1.000000,0,0,0,0
1514,27,449,1064,1.000000,1.000000,1.000000,1.000000,0,1,1,0
1515,25,449,1065,1.000000,1.000000,1.000000,1.000000,0,0,0,0
1516,29,450,1065,1.000000,1.000000,1.000000,1.000000,0,0,0,0
1517,27,450,1066,1.000000,1.000000,1.000000,1.000000,0,0,0,1
1518,25,450,1067,1.000000,1.000000,1.000000,1.000000,0,0,0,0
1519,29,451,1067,1.000000,1.000000,1.000000,1.000000,0,0,0,0
1520,27,451,1068,1.000000,1.000000,1.000000,1.000000,0,0,0,0
1521,25,451,1069,1.000000,1.000000,1.000000,1.000000,0,0,0,0
1522,23,451,1070,1.000000,1.000000,1.000000,1.000000,0,0,0,0
1523,21,451,1071,1.000000,1.000000,1.000000,1.000000,0,0,0,0
1524,19,451,1072,1.000000,1.000000,1.000000,1.000000,0,0,0,0
1525,17,451,1073,1.000000,1.000000,1.000000,1.000000,0,0,0,0
1526,15,451,1074,1.000000,1.000000,1.000000,1.000000,0,0,0,0
1527,13,451,1075,1.000000,1.000000,1.000000,1.000000,0,0,0,0
1528,11,451,1076,1.000000,1.000000,1.000000,1.000000,1,0,0,0
1529,9,451,1077,1.000000,1.000000,1.000000,1.000000,1,0,0,0
1530,29,452,1077,1.000000,1.000000,1.000000,1.000000,1,0,0,0
1531,27,452,1078,1.000000,1.000000,1.000000,1.000000,1,0,0,1
1532,29,453,1078,1.000000,1.000000,1.000000,1.000000,1,0,0,1
1533,27,453,1079,1.000000,1.000000,1.000000,1.000000,0,0,0,0
1534,29,454,1079,1.000000,1.000000,1.000000,1.000000,0,0,0,0
1535,27,454,1080,1.000000,1.000000,1.000000,1.000000,0,1,0,1
1536,25,454,1081,1.000000,1.000000,1.000000,1.000000,1,0,0,0
1537,29,455,1081,1.000000,1.000000,1.000000,1.000000,1,0,0,0
1538,27,455,1082,1.000000,1.000000,1.000000,1.000000,0,1,0,0
1539,29,456,1082,1.000000,1.000000,1.000000,1.000000,0,1,0,0
1540,27,456,1083,1.000000,1.000000,1.000000,1.000000,0,1,0,0
1541,29,457,1083,1.000000,1.000000,1.000000,1.000000,0,1,0,0
1542,27,457,1084,1.000000,1.000000,1.000000,1.000000,1,0,0,0
1543,29,458,1084,1.000000,1.000000,1.000000,1.000000,1,0,0,0
1544,27,458,1085,1.000000,1.000000,1.000000,1.000000,0,0,0,0
1545,29,459,1085,1.000000,1.000000,1.000000,1.000000,0,0,0,0
1546,27,459,1086,1.000000,1.000000,1.000000,1.000000,0,0,0,0
1547,25,459,1087,1.000000,1.000000,1.000000,1.000000,0,0,0,0
1548,23,459,1088,1.000000,1.000000,1.000000,1.000000,0,0,0,0
1549,21,459,1089,1.000000,1.000000,1.000000,1.000000,0,0,0,0
1550,19,459,1090,1.000000,1.000000,1.000000,1.000000,0,0,0,0
1551,17,459,1091,1.000000,1.000000,1.000000,1.000000,0,0,0,1
1552,15,459,1092,1.000000,1.000000,1.000000,1.000000,1,0,1,1
1553,13,459,1093,1.000000,1.000000,1.000000,1.000000,1,0,1,0
1554,29,460,1093,1.000000,1.000000,1.000000,1.000000,1,0,1,0
1555,27,460,1094,1.000000,1.000000,1.000000,1.000000,0,1,0,0
1556,25,460,1095,1.000000,1.000000,1.000000,1.000000,0,0,0,1
1557,29,461,1095,1.000000,1.000000,1.000000,1.000000,0,1,0,1
1558,27,461,1096,1.000000,1.000000,1.000000,1.000000,0,0,0,0
1559,29,462,1096,1.000000,1.000000,1.000000,1.000000,0,0,0,0
1560,27,462,1097,1.000000,1.000000,1.000000,1.000000,0,0,0,0
1561,25,462,1098,1.000000,1.000000,1.000000,1.000000,1,0,1,1
1562,23,462,1099,1.000000,1.000000,1.000000,1.000000,0,0,0,1
1563,29,463,1099,1.000000,1.000000,1.000000,1.000000,0,0,0,1
1564,27,463,1100,1.000000,1.000000,1.000000,1.000000,0,0,1,0
1565,29,464,1100,1.000000,1.000000,1.000000,1.000000,0,0,1,0
1566,27,464,1101,1.000000,1.000000,1.000000,1.000000,0,0,0,1
1567,25,464,1102,1.000000,1.000000,1.000000,1.000000,0,1,1,0
1568,23,464,1103,1.000000,1.000000,1.000000,1.000000,1,0,0,1
1569,29,465,1103,1.000000,1.000000,1.000000,1.000000,1,0,0,1
1570,27,465,1104,1.000000,1.000000,1.000000,1.000000,0,0,0,0
1571,29,466,1104,1.000000,1.000000,1.000000,1.000000,0,0,0,0
1572,27,466,1105,1.000000,1.000000,1.000000,1.000000,1,1,0,0
1573,25,466,1106,1.000000,1.000000,1.000000,1.000000,0,1,0,0
1574,29,467,1106,1.000000,1.000000,1.000000,1.000000,0,1,0,0
1575,27,467,1107,1.000000,1.000000,1.000000,1.000000,0,0,0,0
1576,29,468,1107,1.000000,1.000000,1.000000,1.000000,0,0,0,0
1577,27,468,1108,1.000000,1.000000,1.000000,1.000000,1,0,1,0
1578,25,468,1109,1.000000,1.000000,1.000000,1.000000,0,0,0,0
1579,29,469,1109,1.000000,1.000000,1.000000,1.000000,0,0,0,1
1580,27,469,1110,1.000000,1.000000,1.000000,1.000000,0,0,0,0
1581,29,470,1110,1.000000,1.000000,1.000000,1.000000,0,0,0,0
1582,27,470,1111,1.000000,1.000000,1.000000,1.000000,0,0,0,1
1583,25,470,1112,1.000000,1.000000,1.000000,1.000000,0,0,0,1
1584,29,471,1112,1.000000,1.000000,1.000000,1.000000,0,0,0,1
1585,27,471,1113,1.000000,1.000000,1.000000,1.000000,0,0,0,1
1586,25,471,1114,1.000000,1.000000,1.000000,1.000000,0,1,0,1
1587,23,471,1115,1.000000,1.000000,1.000000,1.000000,0,0,0,1
1588,21,471,1116,1.000000,1.000000,1.000000,1.000000,0,1,0,1
1589,29,472,1116,1.000000,1.000000,1.000000,1.000000,0,1,0,1
1590,27,472,1117,1.000000,1.000000,1.000000,1.000000,0,0,0,0
1591,29,473,1117,1.000000,1.000000,1.000000,1.000000,0,0,0,0
1592,27,473,1118,1.000000,1.000000,1.000000,1.000000,0,0,0,0
1593,25,473,1119,1.000000,1.000000,1.000000,1.000000,0,0,0,0
1594,23,473,1120,1.000000,1.000000,1.000000,1.000000,0,0,0,0
1595,21,473,1121,1.000000,1.000000,1.000000,1.000000,0,1,1,0
1596,19,473,1122,1.000000,1.000000,1.000000,1.000000,0,1,1,0
1597,29,474,1122,1.000000,1.000000,1.000000,1.000000,0,1,1,0
1598,27,474,1123,1.000000,1.000000,1.000000,1.000000,0,0,0,1
1599,25,474,1124,1.000000,1.000000,1.000000,1.000000,0,1,0,0
1600,29,475,1124,1.000000,1.000000,1.000000,1.000000,0,1,0,0
1601,27,475,1125,1.000000,1.000000,1.000000,1.000000,0,0,0,0
1602,29,476,1125,1.000000,1.000000,1.000000,1.000000,0,0,0,0
1603,27,476,1126,1.000000,1.000000,1.000000,1.000000,0,0,0,0
1604,25,476,1127,1.000000,1.000000,1.000000,1.000000,0,1,1,0
1605,23,476,1128,1.000000,1.000000,1.000000,1.000000,0,0,0,1
1606,29,477,1128,1.000000,1.000000,1.000000,1.000000,0,0,0,1
1607,27,477,1129,1.000000,1.000000,1.000000,1.000000,0,0,0,0
1608,29,478,1129,1.000000,1.000000,1.000000,1.000000,0,0,0,0
1609,27,478,1130,1.000000,1.000000,1.000000,1.000000,0,0,0,0
1610,25,478,1131,1.000000,1.000000,1.000000,1.000000,0,0,0,0
1611,23,478,1132,1.000000,1.000000,1.000000,1.000000,0,0,0,0
1612,21,478,1133,1.000000,1.000000,1.000000,1.000000,1,0,0,1
1613,19,478,1134,1.000000,1.000000,1.000000,1.000000,0,0,0,0
1614,29,479,1134,1.000000,1.000000,1.000000,1.000000,0,0,0,0
1615,27,479,1135,1.000000,1.000000,1.000000,1.000000,1,0,0,0
1616,25,479,1136,1.000000,1.000000,1.000000,1.000000,0,0,0,0
1617,29,480,1136,1.000000,1.000000,1.000000,1.000000,0,0,0,0
1618,27,480,1137,1.000000,1.000000,1.000000,1.000000,0,1,0,0
1619,25,480,1138,1.000000,1.000000,1.000000,1.000000,0,0,0,0
1620,23,480,1139,1.000000,1.000000,1.000000,1.000000,1,0,0,0
1621,21,480,1140,1.000000,1.000000,1.000000,1.000000,0,1,0,0
1622,29,481,1140,1.000000,1.000000,1.000000,1.000000,0,1,0,0
1623,27,481,1141,1.000000,1.000000,1.000000,1.000000,1,0,0,0
1624,25,481,1142,1.000000,1.000000,1.000000,1.000000,0,1,1,0
1625,29,482,1142,1.000000,1.000000,1.000000,1.000000,0,1,1,0
1626,27,482,1143,1.000000,1.000000,1.000000,1.000000,1,0,0,0
1627,25,482,1144,1.000000,1.000000,1.000000,1.000000,0,1,1,0
1628,29,483,1144,1.000000,1.000000,1.000000,1.000000,0,1,1,0
1629,27,483,1145,1.000000,1.000000,1.000000,1.000000,0,0,0,0
1630,29,484,1145,1.000000,1.000000,1.000000,1.000000,0,0,0,0
1631,27,484,1146,1.000000,1.000000,1.000000,1.000000,0,0,1,0
1632,25,484,1147,1.000000,1.000000,1.000000,1.000000,0,0,0,1
1633,23,484,1148,1.000000,1.000000,1.000000,1.000000,0,0,0,1
1634,29,485,1148,1.000000,1.000000,1.000000,1.000000,0,0,0,1
1635,27,485,1149,1.000000,1.000000,1.000000,1.000000,0,0,0,1
1636,29,486,1149,1.000000,1.000000,1.000000,1.000000,0,0,0,1
1637,27,486,1150,1.000000,1.000000,1.000000,1.000000,0,0,0,1
1638,29,487,1150,1.000000,1.000000,1.000000,1.000000,0,0,0,1
1639,27,487,1151,1.000000,1.000000,1.000000,1.000000,0,0,1,0
1640,29,488,1151,1.000000,1.000000,1.000000,1.000000,0,0,1,0
1641,27,488,1152,1.000000,1.000000,1.000000,1.000000,0,0,0,0
1642,29,489,1152,1.000000,1.000000,1.000000,1.000000,0,0,0,0
1643,27,489,1153,1.000000,1.000000,1.000000,1.000000,0,0,0,0
1644,25,489,1154,1.000000,1.000000,1.000000,1.000000,0,0,0,0
1645,23,489,1155,1.000000,1.000000,1.000000,1.000000,0,0,0,0
1646,21,489,1156,1.000000,1.000000,1.000000,1.000000,0,0,0,0
1647,19,489,1157,1.000000,1.000000,1.000000,1.000000,0,0,0,0
1648,17,489,1158,1.000000,1.000000,1.000000,1.000000,0,0,0,0
1649,15,489,1159,1.000000,1.000000,1.000000,1.000000,0,1,1,0
1650,13,489,1160,1.000000,1.000000,1.000000,1.000000,0,1,0,0
1651,11,489,1161,1.000000,1.000000,1.000000,1.000000,1,0,0,1
1652,29,490,1161,1.000000,1.000000,1.000000,1.000000,1,0,0,1
1653,27,490,1162,1.000000,1.000000,1.000000,1.000000,0,0,0,0
1654,29,491,1162,1.000000,1.000000,1.000000,1.000000,0,0,0,0
1655,27,491,1163,1.000000,1.000000,1.000000,1.000000,0,0,1,0
1656,25,491,1164,1.000000,1.000000,1.000000,1.000000,0,0,0,0
1657,29,492,1164,1.000000,1.000000,1.000000,1.000000,0,0,0,0
1658,27,492,1165,1.000000,1.000000,1.000000,1.000000,0,0,0,0
1659,25,492,1166,1.000000,1.000000,1.000000,1.000000,0,0,0,0
1660,23,492,1167,1.000000,1.000000,1.000000,1.000000,0,0,0,0
1661,21,492,1168,1.000000,1.000000,1.000000,1.000000,0,0,0,0
1662,19,492,1169,1.000000,1.000000,1.000000,1.000000,0,0,1,0
1663,17,492,1170,1.000000,1.000000,1.000000,1.000000,0,0,0,0
1664,29,493,1170,1.000000,1.000000,1.000000,1.000000,0,0,0,0
1665,27,493,1171,1.000000,1.000000,1.000000,1.000000,0,0,0,0
1666,25,493,1172,1.000000,1.000000,1.000000,1.000000,1,1,0,0
1667,23,493,1173,1.000000,1.000000,1.000000,1.000000,0,1,0,0
1668,29,494,1173,1.000000,1.000000,1.000000,1.000000,0,1,0,0
1669,27,494,1174,1.000000,1.000000,1.000000,1.000000,1,0,0,0
1670,25,494,1175,1.000000,1.000000,1.000000,1.000000,0,0,0,0
1671,29,495,1175,1.000000,1.000000,1.000000,1.000000,0,0,0,0
1672,27,495,1176,1.000000,1.000000,1.000000,1.000000,1,0,0,1
1673,25,495,1177,1.000000,1.000000,1.000000,1.000000,0,0,0,1
1674,29,496,1177,1.000000,1.000000,1.000000,1.000000,0,0,0,1
1675,27,496,1178,1.000000,1.000000,1.000000,1.000000,0,0,1,0
1676,29,497,1178,1.000000,1.000000,1.000000,1.000000,0,0,1,0
1677,27,497,1179,1.000000,1.000000,1.000000,1.000000,0,0,0,1
1678,25,497,1180,1.000000,1.000000,1.000000,1.000000,0,1,1,0
1679,29,498,1180,1.000000,1.000000,1.000000,1.000000,0,1,1,0
1680,27,498,1181,1.000000,1.000000,1.000000,1.000000,0,0,0,0
1681,29,499,1181,1.000000,1.000000,1.000000,1.000000,0,0,0,0
1682,27,499,1182,1.000000,1.000000,1.000000,1.000000,0,0,0,0
1683,25,499,1183,1.000000,1.000000,1.000000,1.000000,0,0,0,0
1684,23,499,1184,1.000000,1.000000,1.000000,1.000000,0,0,0,1
1685,21,499,1185,1.000000,1.000000,1.000000,1.000000,0,0,0,1
1686,29,500,1185,1.000000,1.000000,1.000000,1.000000,0,0,0,1
1687,27,500,1186,1.000000,1.000000,1.000000,1.000000,0,0,0,0
1688,29,501,1186,1.000000,1.000000,1.000000,1.000000,0,0,0,0
1689,27,501,1187,1.000000,1.000000,1.000000,1.000000,0,0,1,0
1690,25,501,1188,1.000000,1.000000,1.000000,1.000000,0,0,0,0
1691,29,502,1188,1.000000,1.000000,1.000000,1.000000,0,0,0,0
1692,27,502,1189,1.000000,1.000000,1.000000,1.000000,0,0,0,0
1693,25,502,1190,1.000000,1.000000,1.000000,1.000000,0,0,0,0
1694,23,502,1191,1.000000,1.000000,1.000000,1.000000,1,0,0,0
1695,21,502,1192,1.000000,1.000000,1.000000,1.000000,1,0,0,0
1696,29,503,1192,1.000000,1.000000,1.000000,1.000000,1,0,0,0
1697,27,503,1193,1.000000,1.000000,1.000000,1.000000,0,1,0,0
1698,29,504,1193,1.000000,1.000000,1.000000,1.000000,0,1,0,0
1699,27,504,1194,1.000000,1.000000,1.000000,1.000000,0,1,0,0
1700,29,505,1194,1.000000,1.000000,1.000000,1.000000,0,1,0,0
1701,27,505,1195,1.000000,1.000000,1.000000,1.000000,0,1,0,0
1702,29,506,1195,1.000000,1.000000,1.000000,1.000000,0,1,0,0
1703,27,506,1196,1.000000,1.000000,1.000000,1.000000,0,0,0,0
1704,29,507,1196,1.000000,1.000000,1.000000,1.000000,0,0,0,0
1705,27,507,1197,1.000000,1.000000,1.000000,1.000000,0,0,0,0
1706,25,507,1198,1.000000,1.000000,1.000000,1.000000,0,0,0,0
1707,23,507,1199,1.000000,1.000000,1.000000,1.000000,0,0,0,0
1708,21,507,1200,1.000000,1.000000,1.000000,1.000000,0,0,0,0
1709,19,507,1201,1.000000,1.000000,1.000000,1.000000,0,0,0,0
1710,17,507,1202,1.000000,1.000000,1.000000,1.000000,1,0,0,0
1711,15,507,1203,1.000000,1.000000,1.000000,1.000000,0,0,0,0
1712,29,508,1203,1.000000,1.000000,1.000000,1.000000,0,0,0,0
1713,27,508,1204,1.000000,1.000000,1.000000,1.000000,0,0,0,0
1714,25,508,1205,1.000000,1.000000,1.000000,1.000000,0,0,0,0
1715,23,508,1206,1.000000,1.000000,1.000000,1.000000,1,0,0,0
1716,21,508,1207,1.000000,1.000000,1.000000,1.000000,0,0,0,0
1717,29,509,1207,1.000000,1.000000,1.000000,1.000000,0,0,0,0
1718,27,509,1208,1.000000,1.000000,1.000000,1.000000,0,0,0,0
1719,25,509,1209,1.000000,1.000000,1.000000,1.000000,0,0,0,0
1720,23,509,1210,1.000000,1.000000,1.000000,1.000000,0,0,0,0
1721,21,509,1211,1.000000,1.000000,1.000000,1.000000,0,0,0,0
1722,19,509,1212,1.000000,1.000000,1.000000,1.000000,0,0,0,0
1723,17,509,1213,1.000000,1.000000,1.000000,1.000000,0,0,0,1
1724,15,509,1214,1.000000,1.000000,1.000000,1.000000,0,0,0,0
1725,29,510,1214,1.000000,1.000000,1.000000,1.000000,0,0,0,0
1726,27,510,1215,1.000000,1.000000,1.000000,1.000000,0,0,0,0
1727,25,510,1216,1.000000,1.000000,1.000000,1.000000,0,0,0,0
1728,23,510,1217,1.000000,1.000000,1.000000,1.000000,0,0,0,1
1729,21,510,1218,1.000000,1.000000,1.000000,1.000000,0,0,0,0
1730,29,511,1218,1.000000,1.000000,1.000000,1.000000,0,0,0,0
1731,27,511,1219,1.000000,1.000000,1.000000,1.000000,0,0,0,0
1732,25,511,1220,1.000000,1.000000,1.000000,1.000000,0,0,0,0
1733,23,511,1221,1.000000,1.000000,1.000000,1.000000,1,0,0,1
1734,21,511,1222,1.000000,1.000000,1.000000,1.000000,0,0,0,0
1735,29,512,1222,1.000000,1.000000,1.000000,1.000000,0,0,0,0
1736,27,512,1223,1.000000,1.000000,1.000000,1.000000,1,1,0,0
1737,25,512,1224,1.000000,1.000000,1.000000,1.000000,0,0,0,0
1738,29,513,1224,1.000000,1.000000,1.000000,1.000000,0,0,0,0
1739,27,513,1225,1.000000,1.000000,1.000000,1.000000,1,0,0,0
1740,25,513,1226,1.000000,1.000000,1.000000,1.000000,1,0,0,0
1741,23,513,1227,1.000000,1.000000,1.000000,1.000000,1,0,1,0
1742,29,514,1227,1.000000,1.000000,1.000000,1.000000,1,0,1,0
1743,27,514,1228,1.000000,1.000000,1.000000,1.000000,0,0,0,0
1744,29,515,1228,1.000000,1.000000,1.000000,1.000000,0,0,0,0
1745,27,515,1229,1.000000,1.000000,1.000000,1.000000,0,0,0,0
1746,25,515,1230,1.000000,1.000000,1.000000,1.000000,0,0,0,0
1747,23,515,1231,1.000000,1.000000,1.000000,1.000000,0,0,0,0
1748,21,515,1232,1.000000,1.000000,1.000000,1.000000,0,0,0,0
1749,19,515,1233,1.000000,1.000000,1.000000,1.000000,0,0,0,0
1750,17,515,1234,1.000000,1.000000,1.000000,1.000000,0,0,0,0
1751,15,515,1235,1.000000,1.000000,1.000000,1.000000,0,0,0,0
1752,13,515,1236,1.000000,1.000000,1.000000,1.000000,0,1,0,0
1753,11,515,1237,1.000000,1.000000,1.000000,1.000000,0,0,0,0
1754,29,516,1237,1.000000,1.000000,1.000000,1.000000,0,0,0,0
1755,27,516,1238,1.000000,1.000000,1.000000,1.000000,0,0,1,0
1756,25,516,1239,1.000000,1.000000,1.000000,1.000000,0,0,0,0
1757,29,517,1239,1.000000,1.000000,1.000000,1.000000,0,0,0,0
1758,27,517,1240,1.000000,1.000000,1.000000,1.000000,0,0,0,0
1759,25,517,1241,1.000000,1.000000,1.000000,1.000000,0,0,0,0
1760,23,517,1242,1.000000,1.000000,1.000000,1.000000,0,0,0,0
1761,21,517,1243,1.000000,1.000000,1.000000,1.000000,0,0,0,0
1762,19,517,1244,1.000000,1.000000,1.000000,1.000000,0,0,0,0
1763,17,517,1245,1.000000,1.000000,1.000000,1.000000,0,0,0,0
1764,15,517,1246,1.000000,1.000000,1.000000,1.000000,0,0,0,0
1765,13,517,1247,1.000000,1.000000,1.000000,1.000000,0,0,0,0
1766,11,517,1248,1.000000,1.000000,1.000000,1.000000,0,0,0,0
1767,9,517,1249,1.000000,1.000000,1.000000,1.000000,0,0,0,0
1768,7,517,1250,1.000000,1.000000,1.000000,1.000000,0,0,0,0
1769,5,517,1251,1.000000,1.000000,1.000000,1.000000,0,0,0,0
1770,3,517,1252,1.000000,1.000000,1.000000,1.000000,0,0,0,0
1771,1,517,1253,1.000000,1.000000,1.000000,1.000000,0,0,0,0
1772,0,517,1254,1.000000,1.000000,1.000000,1.000000,0,0,0,0
