tick,energy,eats,distance,conn_1_6_weight,conn_2_7_weight,conn_3_8_weight,conn_4_9_weight,food_north_sensed,food_east_sensed,food_south_sensed,food_west_sensed
0,30,0,0,1.000000,1.000000,1.000000,1.000000,0,0,0,0
1,29,0,0,1.000000,1.000000,1.000000,1.000000,1,1,0,0
2,27,0,1,1.000000,1.000000,1.000000,1.000000,0,0,0,1
3,29,1,1,1.000000,1.000000,1.000000,1.000000,0,0,0,1
4,27,1,2,1.000000,1.000000,1.000000,1.000000,0,0,0,0
5,29,2,2,1.000000,1.000000,1.000000,1.000000,0,0,0,0
6,27,2,3,1.000000,1.000000,1.000000,1.000000,0,0,0,0
7,25,2,4,1.000000,1.000000,1.000000,1.000000,0,1,0,0
8,23,2,5,1.000000,1.000000,1.000000,1.000000,0,0,0,0
9,29,3,5,1.000000,1.000000,1.000000,1.000000,0,0,0,0
10,27,3,6,1.000000,1.000000,1.000000,1.000000,0,1,1,0
11,25,3,7,1.000000,1.000000,1.000000,1.000000,0,0,1,0
12,29,4,7,1.000000,1.000000,1.000000,1.000000,0,0,1,0
13,27,4,8,1.000000,1.000000,1.000000,1.000000,0,0,0,0
14,29,5,8,1.000000,1.000000,1.000000,1.000000,0,0,0,0
15,27,5,9,1.000000,1.000000,1.000000,1.000000,0,0,0,0
16,25,5,10,1.000000,1.000000,1.000000,1.000000,1,0,0,0
17,23,5,11,1.000000,1.000000,1.000000,1.000000,0,0,0,0
18,21,5,12,1.000000,1.000000,1.000000,1.000000,1,0,0,0
19,19,5,13,1.000000,1.000000,1.000000,1.000000,0,0,0,1
20,29,6,13,1.000000,1.000000,1.000000,1.000000,0,0,0,1
21,27,6,14,1.000000,1.000000,1.000000,1.000000,0,0,0,0
22,29,7,14,1.000000,1.000000,1.000000,1.000000,0,0,0,0
23,27,7,15,1.000000,1.000000,1.000000,1.000000,0,0,0,1
24,25,7,16,1.000000,1.000000,1.000000,1.000000,0,0,0,0
25,29,8,16,1.000000,1.000000,1.000000,1.000000,0,0,0,0
26,27,8,17,1.000000,1.000000,1.000000,1.000000,0,0,0,0
27,25,8,18,1.000000,1.000000,1.000000,1.000000,1,0,0,0
28,23,8,19,1.000000,1.000000,1.000000,1.000000,0,0,0,1
29,29,9,19,1.000000,1.000000,1.000000,1.000000,0,0,0,1
30,27,9,20,1.000000,1.000000,1.000000,1.000000,1,0,0,0
31,25,9,21,1.000000,1.000000,1.000000,1.000000,1,0,0,0
32,23,9,22,1.000000,1.000000,1.000000,1.000000,0,1,0,0
33,21,9,23,1.000000,1.000000,1.000000,1.000000,0,0,0,0
34,29,10,23,1.000000,1.000000,1.000000,1.000000,0,0,0,0
35,27,10,24,1.000000,1.000000,1.000000,1.000000,0,0,0,0
36,25,10,25,1.000000,1.000000,1.000000,1.000000,1,0,0,0
37,23,10,26,1.000000,1.000000,1.000000,1.000000,0,0,0,1
38,21,10,27,1.000000,1.000000,1.000000,1.000000,1,1,0,0
39,29,11,27,1.000000,1.000000,1.000000,1.000000,1,1,0,0
40,27,11,28,1.000000,1.000000,1.000000,1.000000,1,0,0,0
41,29,12,28,1.000000,1.000000,1.000000,1.000000,1,0,0,0
42,27,12,29,1.000000,1.000000,1.000000,1.000000,0,0,0,0
43,29,13,29,1.000000,1.000000,1.000000,1.000000,0,0,0,0
44,27,13,30,1.000000,1.000000,1.000000,1.000000,1,0,0,0
45,25,13,31,1.000000,1.000000,1.000000,1.000000,1,0,0,0
46,29,14,31,1.000000,1.000000,1.000000,1.000000,1,0,0,0
47,27,14,32,1.000000,1.000000,1.000000,1.000000,0,1,0,1
48,29,15,32,1.000000,1.000000,1.000000,1.000000,0,1,0,1
49,27,15,33,1.000000,1.000000,1.000000,1.000000,0,0,0,0
50,29,16,33,1.000000,1.000000,1.000000,1.000000,0,0,0,0
51,27,16,34,1.000000,1.000000,1.000000,1.000000,0,1,0,0
52,25,16,35,1.000000,1.000000,1.000000,1.000000,0,0,0,0
53,29,17,35,1.000000,1.000000,1.000000,1.000000,0,0,0,0
54,27,17,36,1.000000,1.000000,1.000000,1.000000,0,1,0,0
55,25,17,37,1.000000,1.000000,1.000000,1.000000,0,0,0,0
56,29,18,37,1.000000,1.000000,1.000000,1.000000,0,0,0,0
57,27,18,38,1.000000,1.000000,1.000000,1.000000,0,0,0,0
58,25,18,39,1.000000,1.000000,1.000000,1.000000,0,0,0,0
59,23,18,40,1.000000,1.000000,1.000000,1.000000,0,0,0,0
60,21,18,41,1.000000,1.000000,1.000000,1.000000,0,0,0,0
61,19,18,42,1.000000,1.000000,1.000000,1.000000,0,1,0,0
62,17,18,43,1.000000,1.000000,1.000000,1.000000,0,0,0,0
63,29,19,43,1.000000,1.000000,1.000000,1.000000,0,0,0,0
64,27,19,44,1.000000,1.000000,1.000000,1.000000,0,0,0,0
65,25,19,45,1.000000,1.000000,1.000000,1.000000,0,0,0,0
66,23,19,46,1.000000,1.000000,1.000000,1.000000,0,0,0,0
67,21,19,47,1.000000,1.000000,1.000000,1.000000,0,0,0,0
68,19,19,48,1.000000,1.000000,1.000000,1.000000,0,0,0,0
69,17,19,49,1.000000,1.000000,1.000000,1.000000,0,1,0,0
70,15,19,50,1.000000,1.000000,1.000000,1.000000,0,0,0,0
71,13,19,51,1.000000,1.000000,1.000000,1.000000,0,1,0,0
72,11,19,52,1.000000,1.000000,1.000000,1.000000,0,0,0,0
73,29,20,52,1.000000,1.000000,1.000000,1.000000,0,0,0,0
74,27,20,53,1.000000,1.000000,1.000000,1.000000,0,0,1,0
75,25,20,54,1.000000,1.000000,1.000000,1.000000,0,0,0,0
76,29,21,54,1.000000,1.000000,1.000000,1.000000,0,0,0,0
77,27,21,55,1.000000,1.000000,1.000000,1.000000,0,0,0,0
78,25,21,56,1.000000,1.000000,1.000000,1.000000,0,0,0,0
79,23,21,57,1.000000,1.000000,1.000000,1.000000,1,0,0,0
80,21,21,58,1.000000,1.000000,1.000000,1.000000,0,0,0,0
81,29,22,58,1.000000,1.000000,1.000000,1.000000,0,0,0,0
82,27,22,59,1.000000,1.000000,1.000000,1.000000,1,0,0,1
83,25,22,60,1.000000,1.000000,1.000000,1.000000,0,0,0,1
84,29,23,60,1.000000,1.000000,1.000000,1.000000,0,0,0,1
85,27,23,61,1.000000,1.000000,1.000000,1.000000,0,0,1,0
86,29,24,61,1.000000,1.000000,1.000000,1.000000,0,0,1,0
87,27,24,62,1.000000,1.000000,1.000000,1.000000,0,0,0,0
88,29,25,62,1.000000,1.000000,1.000000,1.000000,0,0,0,0
89,27,25,63,1.000000,1.000000,1.000000,1.000000,0,0,0,0
90,25,25,64,1.000000,1.000000,1.000000,1.000000,0,0,0,0
91,23,25,65,1.000000,1.000000,1.000000,1.000000,0,0,0,0
92,21,25,66,1.000000,1.000000,1.000000,1.000000,0,0,0,0
93,19,25,67,1.000000,1.000000,1.000000,1.000000,0,0,0,0
94,17,25,68,1.000000,1.000000,1.000000,1.000000,0,0,0,0
95,15,25,69,1.000000,1.000000,1.000000,1.000000,1,0,0,0
96,13,25,70,1.000000,1.000000,1.000000,1.000000,0,0,0,0
97,29,26,70,1.000000,1.000000,1.000000,1.000000,0,0,0,0
98,27,26,71,1.000000,1.000000,1.000000,1.000000,0,0,0,0
99,25,26,72,1.000000,1.000000,1.000000,1.000000,0,0,0,0
100,23,26,73,1.000000,1.000000,1.000000,1.000000,0,0,0,0
101,21,26,74,1.000000,1.000000,1.000000,1.000000,0,0,0,0
102,19,26,75,1.000000,1.000000,1.000000,1.000000,0,1,0,0
103,17,26,76,1.000000,1.000000,1.000000,1.000000,0,0,0,0
104,29,27,76,1.000000,1.000000,1.000000,1.000000,0,0,0,0
105,27,27,77,1.000000,1.000000,1.000000,1.000000,0,1,1,0
106,25,27,78,1.000000,1.000000,1.000000,1.000000,0,0,0,0
107,29,28,78,1.000000,1.000000,1.000000,1.000000,0,0,0,0
108,27,28,79,1.000000,1.000000,1.000000,1.000000,0,0,1,0
109,25,28,80,1.000000,1.000000,1.000000,1.000000,0,0,0,0
110,29,29,80,1.000000,1.000000,1.000000,1.000000,0,0,0,0
111,27,29,81,1.000000,1.000000,1.000000,1.000000,0,1,1,0
112,25,29,82,1.000000,1.000000,1.000000,1.000000,0,0,1,0
113,29,30,82,1.000000,1.000000,1.000000,1.000000,0,0,1,0
114,27,30,83,1.000000,1.000000,1.000000,1.000000,0,1,0,0
115,29,31,83,1.000000,1.000000,1.000000,1.000000,0,1,0,0
116,27,31,84,1.000000,1.000000,1.000000,1.000000,0,0,0,0
117,29,32,84,1.000000,1.000000,1.000000,1.000000,0,0,0,0
118,27,32,85,1.000000,1.000000,1.000000,1.000000,0,0,0,0
119,25,32,86,1.000000,1.000000,1.000000,1.000000,0,0,1,1
120,23,32,87,1.000000,1.000000,1.000000,1.000000,0,0,0,1
121,29,33,87,1.000000,1.000000,1.000000,1.000000,0,0,0,1
122,27,33,88,1.000000,1.000000,1.000000,1.000000,1,0,0,0
123,29,34,88,1.000000,1.000000,1.000000,1.000000,1,0,0,0
124,27,34,89,1.000000,1.000000,1.000000,1.000000,0,0,0,0
125,25,34,90,1.000000,1.000000,1.000000,1.000000,0,1,0,0
126,23,34,91,1.000000,1.000000,1.000000,1.000000,0,0,0,0
127,29,35,91,1.000000,1.000000,1.000000,1.000000,0,0,0,0
128,27,35,92,1.000000,1.000000,1.000000,1.000000,0,0,0,0
129,25,35,93,1.000000,1.000000,1.000000,1.000000,0,0,1,1
130,23,35,94,1.000000,1.000000,1.000000,1.000000,1,0,0,0
131,29,36,94,1.000000,1.000000,1.000000,1.000000,1,0,0,0
132,27,36,95,1.000000,1.000000,1.000000,1.000000,0,0,0,1
133,29,37,95,1.000000,1.000000,1.000000,1.000000,0,0,0,1
134,27,37,96,1.000000,1.000000,1.000000,1.000000,0,0,0,1
135,29,38,96,1.000000,1.000000,1.000000,1.000000,0,0,0,1
136,27,38,97,1.000000,1.000000,1.000000,1.000000,0,0,0,0
137,25,38,98,1.000000,1.000000,1.000000,1.000000,1,0,1,0
138,23,38,99,1.000000,1.000000,1.000000,1.000000,0,0,0,1
139,29,39,99,1.000000,1.000000,1.000000,1.000000,0,0,0,1
140,27,39,100,1.000000,1.000000,1.000000,1.000000,0,0,0,1
141,29,40,100,1.000000,1.000000,1.000000,1.000000,0,0,0,1
142,27,40,101,1.000000,1.000000,1.000000,1.000000,0,0,0,0
143,29,41,101,1.000000,1.000000,1.000000,1.000000,0,0,0,0
144,27,41,102,1.000000,1.000000,1.000000,1.000000,0,0,0,1
145,25,41,103,1.000000,1.000000,1.000000,1.000000,0,0,0,0
146,29,42,103,1.000000,1.000000,1.000000,1.000000,0,0,0,0
147,27,42,104,1.000000,1.000000,1.000000,1.000000,0,0,1,1
148,25,42,105,1.000000,1.000000,1.000000,1.000000,0,0,1,0
149,23,42,106,1.000000,1.000000,1.000000,1.000000,1,0,0,0
150,21,42,107,1.000000,1.000000,1.000000,1.000000,0,0,1,0
151,29,43,107,1.000000,1.000000,1.000000,1.000000,0,0,1,0
152,27,43,108,1.000000,1.000000,1.000000,1.000000,0,0,0,0
153,29,44,108,1.000000,1.000000,1.000000,1.000000,0,0,0,0
154,27,44,109,1.000000,1.000000,1.000000,1.000000,0,0,0,0
155,25,44,110,1.000000,1.000000,1.000000,1.000000,1,0,0,0
156,23,44,111,1.000000,1.000000,1.000000,1.000000,0,0,0,1
157,29,45,111,1.000000,1.000000,1.000000,1.000000,0,0,0,1
158,27,45,112,1.000000,1.000000,1.000000,1.000000,0,0,0,0
159,29,46,112,1.000000,1.000000,1.000000,1.000000,0,0,0,0
160,27,46,113,1.000000,1.000000,1.000000,1.000000,0,0,0,0
161,25,46,114,1.000000,1.000000,1.000000,1.000000,0,0,0,0
162,23,46,115,1.000000,1.000000,1.000000,1.000000,0,0,1,0
163,21,46,116,1.000000,1.000000,1.000000,1.000000,0,0,0,0
164,29,47,116,1.000000,1.000000,1.000000,1.000000,0,0,0,0
165,27,47,117,1.000000,1.000000,1.000000,1.000000,0,0,1,0
166,25,47,118,1.000000,1.000000,1.000000,1.000000,0,0,0,0
167,29,48,118,1.000000,1.000000,1.000000,1.000000,0,0,0,0
168,27,48,119,1.000000,1.000000,1.000000,1.000000,0,0,0,0
169,25,48,120,1.000000,1.000000,1.000000,1.000000,0,0,0,0
170,23,48,121,1.000000,1.000000,1.000000,1.000000,0,0,0,0
171,21,48,122,1.000000,1.000000,1.000000,1.000000,0,0,0,0
172,19,48,123,1.000000,1.000000,1.000000,1.000000,0,0,0,0
173,17,48,124,1.000000,1.000000,1.000000,1.000000,0,0,1,0
174,15,48,125,1.000000,1.000000,1.000000,1.000000,0,0,0,0
175,29,49,125,1.000000,1.000000,1.000000,1.000000,0,0,0,0
176,27,49,126,1.000000,1.000000,1.000000,1.000000,0,0,0,0
177,25,49,127,1.000000,1.000000,1.000000,1.000000,0,0,0,0
178,23,49,128,1.000000,1.000000,1.000000,1.000000,0,0,0,0
179,21,49,129,1.000000,1.000000,1.000000,1.000000,0,0,0,0
180,19,49,130,1.000000,1.000000,1.000000,1.000000,0,0,0,0
181,17,49,131,1.000000,1.000000,1.000000,1.000000,0,0,0,0
182,15,49,132,1.000000,1.000000,1.000000,1.000000,0,0,0,0
183,13,49,133,1.000000,1.000000,1.000000,1.000000,0,1,0,0
184,11,49,134,1.000000,1.000000,1.000000,1.000000,0,0,0,0
185,29,50,134,1.000000,1.000000,1.000000,1.000000,0,0,0,0
186,27,50,135,1.000000,1.000000,1.000000,1.000000,1,0,0,0
187,25,50,136,1.000000,1.000000,1.000000,1.000000,0,1,0,0
188,29,51,136,1.000000,1.000000,1.000000,1.000000,0,1,0,0
189,27,51,137,1.000000,1.000000,1.000000,1.000000,0,0,0,0
190,29,52,137,1.000000,1.000000,1.000000,1.000000,0,0,0,0
191,27,52,138,1.000000,1.000000,1.000000,1.000000,0,1,0,0
192,25,52,139,1.000000,1.000000,1.000000,1.000000,0,0,0,0
193,29,53,139,1.000000,1.000000,1.000000,1.000000,0,0,0,0
194,27,53,140,1.000000,1.000000,1.000000,1.000000,0,1,1,0
195,25,53,141,1.000000,1.000000,1.000000,1.000000,0,1,0,0
196,29,54,141,1.000000,1.000000,1.000000,1.000000,0,1,0,0
197,27,54,142,1.000000,1.000000,1.000000,1.000000,0,1,0,0
198,29,55,142,1.000000,1.000000,1.000000,1.000000,0,1,0,0
199,27,55,143,1.000000,1.000000,1.000000,1.000000,0,1,0,0
200,29,56,143,1.000000,1.000000,1.000000,1.000000,0,1,0,0
201,27,56,144,1.000000,1.000000,1.000000,1.000000,0,0,0,0
202,25,56,145,1.000000,1.000000,1.000000,1.000000,0,0,0,0
203,23,56,146,1.000000,1.000000,1.000000,1.000000,0,0,0,1
204,21,56,147,1.000000,1.000000,1.000000,1.000000,0,0,1,0
205,29,57,147,1.000000,1.000000,1.000000,1.000000,0,0,1,0
206,27,57,148,1.000000,1.000000,1.000000,1.000000,0,0,0,0
207,29,58,148,1.000000,1.000000,1.000000,1.000000,0,0,0,0
208,27,58,149,1.000000,1.000000,1.000000,1.000000,0,0,1,1
209,25,58,150,1.000000,1.000000,1.000000,1.000000,0,0,0,0
210,29,59,150,1.000000,1.000000,1.000000,1.000000,0,0,0,0
211,27,59,151,1.000000,1.000000,1.000000,1.000000,0,0,0,0
212,25,59,152,1.000000,1.000000,1.000000,1.000000,0,0,0,0
213,23,59,153,1.000000,1.000000,1.000000,1.000000,0,0,0,0
214,21,59,154,1.000000,1.000000,1.000000,1.000000,0,0,0,0
215,19,59,155,1.000000,1.000000,1.000000,1.000000,0,0,0,0
216,17,59,156,1.000000,1.000000,1.000000,1.000000,0,0,0,0
217,15,59,157,1.000000,1.000000,1.000000,1.000000,0,0,0,0
218,13,59,158,1.000000,1.000000,1.000000,1.000000,0,0,0,0
219,11,59,159,1.000000,1.000000,1.000000,1.000000,0,0,0,0
220,9,59,160,1.000000,1.000000,1.000000,1.000000,0,0,0,0
221,7,59,161,1.000000,1.000000,1.000000,1.000000,0,1,0,0
222,5,59,162,1.000000,1.000000,1.000000,1.000000,0,0,0,0
223,29,60,162,1.000000,1.000000,1.000000,1.000000,0,0,0,0
224,27,60,163,1.000000,1.000000,1.000000,1.000000,0,1,0,0
225,25,60,164,1.000000,1.000000,1.000000,1.000000,0,0,0,0
226,29,61,164,1.000000,1.000000,1.000000,1.000000,0,0,0,0
227,27,61,165,1.000000,1.000000,1.000000,1.000000,0,0,0,0
228,25,61,166,1.000000,1.000000,1.000000,1.000000,0,0,0,0
229,23,61,167,1.000000,1.000000,1.000000,1.000000,0,0,0,1
230,21,61,168,1.000000,1.000000,1.000000,1.000000,1,0,0,0
231,29,62,168,1.000000,1.000000,1.000000,1.000000,1,0,0,0
232,27,62,169,1.000000,1.000000,1.000000,1.000000,0,0,0,0
233,29,63,169,1.000000,1.000000,1.000000,1.000000,0,0,0,0
234,27,63,170,1.000000,1.000000,1.000000,1.000000,1,0,0,0
235,25,63,171,1.000000,1.000000,1.000000,1.000000,0,0,0,1
236,29,64,171,1.000000,1.000000,1.000000,1.000000,0,0,0,1
237,27,64,172,1.000000,1.000000,1.000000,1.000000,0,0,0,0
238,29,65,172,1.000000,1.000000,1.000000,1.000000,0,0,0,0
239,27,65,173,1.000000,1.000000,1.000000,1.000000,0,0,0,1
240,25,65,174,1.000000,1.000000,1.000000,1.000000,0,0,0,0
241,29,66,174,1.000000,1.000000,1.000000,1.000000,0,0,0,0
242,27,66,175,1.000000,1.000000,1.000000,1.000000,0,0,0,0
243,25,66,176,1.000000,1.000000,1.000000,1.000000,0,0,0,0
244,23,66,177,1.000000,1.000000,1.000000,1.000000,1,0,0,0
245,21,66,178,1.000000,1.000000,1.000000,1.000000,0,1,0,0
246,29,67,178,1.000000,1.000000,1.000000,1.000000,0,1,0,0
247,27,67,179,1.000000,1.000000,1.000000,1.000000,0,0,0,0
248,29,68,179,1.000000,1.000000,1.000000,1.000000,0,0,0,0
249,27,68,180,1.000000,1.000000,1.000000,1.000000,0,0,0,0
250,25,68,181,1.000000,1.000000,1.000000,1.000000,0,0,0,0
251,23,68,182,1.000000,1.000000,1.000000,1.000000,0,0,0,0
252,21,68,183,1.000000,1.000000,1.000000,1.000000,0,0,0,1
253,19,68,184,1.000000,1.000000,1.000000,1.000000,0,0,0,0
254,29,69,184,1.000000,1.000000,1.000000,1.000000,0,0,0,0
255,27,69,185,1.000000,1.000000,1.000000,1.000000,0,0,0,0
256,25,69,186,1.000000,1.000000,1.000000,1.000000,0,1,0,0
257,23,69,187,1.000000,1.000000,1.000000,1.000000,1,1,0,0
258,29,70,187,1.000000,1.000000,1.000000,1.000000,1,1,0,0
259,27,70,188,1.000000,1.000000,1.000000,1.000000,1,0,0,0
260,29,71,188,1.000000,1.000000,1.000000,1.000000,1,0,0,0
261,27,71,189,1.000000,1.000000,1.000000,1.000000,0,0,0,0
262,29,72,189,1.000000,1.000000,1.000000,1.000000,0,0,0,0
263,27,72,190,1.000000,1.000000,1.000000,1.000000,0,0,0,0
264,25,72,191,1.000000,1.000000,1.000000,1.000000,0,0,1,0
265,23,72,192,1.000000,1.000000,1.000000,1.000000,0,0,0,0
266,29,73,192,1.000000,1.000000,1.000000,1.000000,0,0,0,0
267,27,73,193,1.000000,1.000000,1.000000,1.000000,0,0,0,0
268,25,73,194,1.000000,1.000000,1.000000,1.000000,0,0,0,1
269,23,73,195,1.000000,1.000000,1.000000,1.000000,0,0,0,1
270,29,74,195,1.000000,1.000000,1.000000,1.000000,0,0,0,1
271,27,74,196,1.000000,1.000000,1.000000,1.000000,0,0,0,0
272,29,75,196,1.000000,1.000000,1.000000,1.000000,0,0,0,0
273,27,75,197,1.000000,1.000000,1.000000,1.000000,0,0,1,0
274,25,75,198,1.000000,1.000000,1.000000,1.000000,0,0,0,0
275,29,76,198,1.000000,1.000000,1.000000,1.000000,0,0,0,0
276,27,76,199,1.000000,1.000000,1.000000,1.000000,0,0,0,0
277,25,76,200,1.000000,1.000000,1.000000,1.000000,0,0,0,0
278,23,76,201,1.000000,1.000000,1.000000,1.000000,1,0,1,0
279,21,76,202,1.000000,1.000000,1.000000,1.000000,0,0,0,0
280,29,77,202,1.000000,1.000000,1.000000,1.000000,0,0,0,0
281,27,77,203,1.000000,1.000000,1.000000,1.000000,0,0,0,0
282,25,77,204,1.000000,1.000000,1.000000,1.000000,0,0,1,0
283,23,77,205,1.000000,1.000000,1.000000,1.000000,0,0,0,0
284,29,78,205,1.000000,1.000000,1.000000,1.000000,0,0,0,0
285,27,78,206,1.000000,1.000000,1.000000,1.000000,0,0,0,0
286,25,78,207,1.000000,1.000000,1.000000,1.000000,0,0,0,0
287,23,78,208,1.000000,1.000000,1.000000,1.000000,0,0,0,0
288,21,78,209,1.000000,1.000000,1.000000,1.000000,0,0,0,1
289,19,78,210,1.000000,1.000000,1.000000,1.000000,1,0,0,0
290,29,79,210,1.000000,1.000000,1.000000,1.000000,1,0,0,0
291,27,79,211,1.000000,1.000000,1.000000,1.000000,0,0,0,0
292,29,80,211,1.000000,1.000000,1.000000,1.000000,0,0,0,0
293,27,80,212,1.000000,1.000000,1.000000,1.000000,0,0,0,1
294,25,80,213,1.000000,1.000000,1.000000,1.000000,1,0,0,0
295,23,80,214,1.000000,1.000000,1.000000,1.000000,0,0,0,0
296,29,81,214,1.000000,1.000000,1.000000,1.000000,0,0,0,0
297,27,81,215,1.000000,1.000000,1.000000,1.000000,1,0,0,0
298,25,81,216,1.000000,1.000000,1.000000,1.000000,0,1,0,0
299,29,82,216,1.000000,1.000000,1.000000,1.000000,0,1,0,0
300,27,82,217,1.000000,1.000000,1.000000,1.000000,0,0,0,0
301,25,82,218,1.000000,1.000000,1.000000,1.000000,0,1,0,0
302,23,82,219,1.000000,1.000000,1.000000,1.000000,0,0,0,0
303,29,83,219,1.000000,1.000000,1.000000,1.000000,0,0,0,0
304,27,83,220,1.000000,1.000000,1.000000,1.000000,0,0,0,0
305,25,83,221,1.000000,1.000000,1.000000,1.000000,0,0,0,0
306,23,83,222,1.000000,1.000000,1.000000,1.000000,0,1,0,0
307,21,83,223,1.000000,1.000000,1.000000,1.000000,1,1,0,0
308,29,84,223,1.000000,1.000000,1.000000,1.000000,1,1,0,0
309,27,84,224,1.000000,1.000000,1.000000,1.000000,0,0,0,0
310,29,85,224,1.000000,1.000000,1.000000,1.000000,0,0,0,0
311,27,85,225,1.000000,1.000000,1.000000,1.000000,0,0,0,0
312,25,85,226,1.000000,1.000000,1.000000,1.000000,0,0,1,0
313,23,85,227,1.000000,1.000000,1.000000,1.000000,0,0,0,0
314,29,86,227,1.000000,1.000000,1.000000,1.000000,0,0,0,0
315,27,86,228,1.000000,1.000000,1.000000,1.000000,0,0,1,0
316,25,86,229,1.000000,1.000000,1.000000,1.000000,0,0,0,1
317,23,86,230,1.000000,1.000000,1.000000,1.000000,0,1,0,0
318,29,87,230,1.000000,1.000000,1.000000,1.000000,0,1,0,0
319,27,87,231,1.000000,1.000000,1.000000,1.000000,0,0,0,0
320,29,88,231,1.000000,1.000000,1.000000,1.000000,0,0,0,0
321,27,88,232,1.000000,1.000000,1.000000,1.000000,0,0,0,0
322,25,88,233,1.000000,1.000000,1.000000,1.000000,0,0,0,0
323,23,88,234,1.000000,1.000000,1.000000,1.000000,0,0,0,0
324,21,88,235,1.000000,1.000000,1.000000,1.000000,0,0,0,0
325,19,88,236,1.000000,1.000000,1.000000,1.000000,0,0,0,0
326,17,88,237,1.000000,1.000000,1.000000,1.000000,0,0,0,0
327,15,88,238,1.000000,1.000000,1.000000,1.000000,1,0,0,0
328,13,88,239,1.000000,1.000000,1.000000,1.000000,0,0,0,1
329,29,89,239,1.000000,1.000000,1.000000,1.000000,0,0,0,1
330,27,89,240,1.000000,1.000000,1.000000,1.000000,0,0,0,0
331,29,90,240,1.000000,1.000000,1.000000,1.000000,0,0,0,0
332,27,90,241,1.000000,1.000000,1.000000,1.000000,0,0,0,1
333,25,90,242,1.000000,1.000000,1.000000,1.000000,0,0,0,0
334,23,90,243,1.000000,1.000000,1.000000,1.000000,1,0,1,1
335,21,90,244,1.000000,1.000000,1.000000,1.000000,0,0,0,0
336,29,91,244,1.000000,1.000000,1.000000,1.000000,0,0,0,0
337,27,91,245,1.000000,1.000000,1.000000,1.000000,1,0,0,0
338,25,91,246,1.000000,1.000000,1.000000,1.000000,0,0,0,0
339,29,92,246,1.000000,1.000000,1.000000,1.000000,0,0,0,0
340,27,92,247,1.000000,1.000000,1.000000,1.000000,1,1,0,0
341,25,92,248,1.000000,1.000000,1.000000,1.000000,1,0,0,0
342,29,93,248,1.000000,1.000000,1.000000,1.000000,1,0,0,0
343,27,93,249,1.000000,1.000000,1.000000,1.000000,0,1,0,1
344,29,94,249,1.000000,1.000000,1.000000,1.000000,0,1,0,1
345,27,94,250,1.000000,1.000000,1.000000,1.000000,0,0,0,0
346,29,95,250,1.000000,1.000000,1.000000,1.000000,0,0,0,0
347,27,95,251,1.000000,1.000000,1.000000,1.000000,1,0,0,1
348,25,95,252,1.000000,1.000000,1.000000,1.000000,0,0,0,1
349,29,96,252,1.000000,1.000000,1.000000,1.000000,0,0,0,1
350,27,96,253,1.000000,1.000000,1.000000,1.000000,0,0,1,1
351,29,97,253,1.000000,1.000000,1.000000,1.000000,0,0,1,1
352,27,97,254,1.000000,1.000000,1.000000,1.000000,0,0,0,0
353,29,98,254,1.000000,1.000000,1.000000,1.000000,0,0,0,0
354,27,98,255,1.000000,1.000000,1.000000,1.000000,0,0,0,1
355,25,98,256,1.000000,1.000000,1.000000,1.000000,0,0,0,0
356,29,99,256,1.000000,1.000000,1.000000,1.000000,0,0,0,0
357,27,99,257,1.000000,1.000000,1.000000,1.000000,0,0,1,0
358,25,99,258,1.000000,1.000000,1.000000,1.000000,0,0,0,1
359,29,100,258,1.000000,1.000000,1.000000,1.000000,0,0,0,1
360,27,100,259,1.000000,1.000000,1.000000,1.000000,0,0,1,1
361,29,101,259,1.000000,1.000000,1.000000,1.000000,0,0,1,1
362,27,101,260,1.000000,1.000000,1.000000,1.000000,0,0,1,1
363,29,102,260,1.000000,1.000000,1.000000,1.000000,0,0,1,1
364,27,102,261,1.000000,1.000000,1.000000,1.000000,0,0,1,0
365,25,102,262,1.000000,1.000000,1.000000,1.000000,1,1,1,1
366,29,103,262,1.000000,1.000000,1.000000,1.000000,1,1,1,1
367,27,103,263,1.000000,1.000000,1.000000,1.000000,0,1,0,0
368,25,103,264,1.000000,1.000000,1.000000,1.000000,0,0,0,1
369,29,104,264,1.000000,1.000000,1.000000,1.000000,0,0,0,1
370,27,104,265,1.000000,1.000000,1.000000,1.000000,0,0,0,0
371,25,104,266,1.000000,1.000000,1.000000,1.000000,0,0,1,1
372,23,104,267,1.000000,1.000000,1.000000,1.000000,0,0,0,0
373,29,105,267,1.000000,1.000000,1.000000,1.000000,0,0,0,0
374,27,105,268,1.000000,1.000000,1.000000,1.000000,0,0,1,1
375,25,105,269,1.000000,1.000000,1.000000,1.000000,0,1,0,0
376,23,105,270,1.000000,1.000000,1.000000,1.000000,0,0,0,1
377,21,105,271,1.000000,1.000000,1.000000,1.000000,0,1,0,0
378,29,106,271,1.000000,1.000000,1.000000,1.000000,0,1,0,0
379,27,106,272,1.000000,1.000000,1.000000,1.000000,0,0,0,0
380,29,107,272,1.000000,1.000000,1.000000,1.000000,0,0,0,0
381,27,107,273,1.000000,1.000000,1.000000,1.000000,0,0,0,0
382,25,107,274,1.000000,1.000000,1.000000,1.000000,0,0,0,1
383,23,107,275,1.000000,1.000000,1.000000,1.000000,1,0,0,0
384,29,108,275,1.000000,1.000000,1.000000,1.000000,1,0,0,0
385,27,108,276,1.000000,1.000000,1.000000,1.000000,1,0,0,1
386,29,109,276,1.000000,1.000000,1.000000,1.000000,1,0,0,1
387,27,109,277,1.000000,1.000000,1.000000,1.000000,0,1,0,0
388,29,110,277,1.000000,1.000000,1.000000,1.000000,0,1,0,0
389,27,110,278,1.000000,1.000000,1.000000,1.000000,0,1,0,1
390,25,110,279,1.000000,1.000000,1.000000,1.000000,1,1,0,0
391,29,111,279,1.000000,1.000000,1.000000,1.000000,1,1,0,0
392,27,111,280,1.000000,1.000000,1.000000,1.000000,0,1,0,0
393,29,112,280,1.000000,1.000000,1.000000,1.000000,0,1,0,0
394,27,112,281,1.000000,1.000000,1.000000,1.000000,0,1,1,0
395,29,113,281,1.000000,1.000000,1.000000,1.000000,0,1,1,0
396,27,113,282,1.000000,1.000000,1.000000,1.000000,0,0,0,0
397,29,114,282,1.000000,1.000000,1.000000,1.000000,0,0,0,0
398,27,114,283,1.000000,1.000000,1.000000,1.000000,0,0,1,0
399,25,114,284,1.000000,1.000000,1.000000,1.000000,0,0,0,1
400,29,115,284,1.000000,1.000000,1.000000,1.000000,0,0,0,1
401,27,115,285,1.000000,1.000000,1.000000,1.000000,0,0,0,0
402,29,116,285,1.000000,1.000000,1.000000,1.000000,0,0,0,0
403,27,116,286,1.000000,1.000000,1.000000,1.000000,0,0,0,1
404,25,116,287,1.000000,1.000000,1.000000,1.000000,1,0,0,0
405,23,116,288,1.000000,1.000000,1.000000,1.000000,1,1,1,1
406,29,117,288,1.000000,1.000000,1.000000,1.000000,1,1,1,1
407,27,117,289,1.000000,1.000000,1.000000,1.000000,1,0,0,0
408,29,118,289,1.000000,1.000000,1.000000,1.000000,1,0,0,0
409,27,118,290,1.000000,1.000000,1.000000,1.000000,0,1,0,1
410,29,119,290,1.000000,1.000000,1.000000,1.000000,0,1,0,1
411,27,119,291,1.000000,1.000000,1.000000,1.000000,0,1,1,0
412,29,120,291,1.000000,1.000000,1.000000,1.000000,0,1,1,0
413,27,120,292,1.000000,1.000000,1.000000,1.000000,0,0,0,0
414,29,121,292,1.000000,1.000000,1.000000,1.000000,0,0,0,0
415,27,121,293,1.000000,1.000000,1.000000,1.000000,0,0,1,0
416,25,121,294,1.000000,1.000000,1.000000,1.000000,0,0,0,0
417,29,122,294,1.000000,1.000000,1.000000,1.000000,0,0,0,0
418,27,122,295,1.000000,1.000000,1.000000,1.000000,0,0,0,0
419,25,122,296,1.000000,1.000000,1.000000,1.000000,0,0,0,1
420,23,122,297,1.000000,1.000000,1.000000,1.000000,0,0,1,0
421,29,123,297,1.000000,1.000000,1.000000,1.000000,0,0,1,0
422,27,123,298,1.000000,1.000000,1.000000,1.000000,0,1,1,1
423,29,124,298,1.000000,1.000000,1.000000,1.000000,0,1,1,1
424,27,124,299,1.000000,1.000000,1.000000,1.000000,1,0,0,0
425,29,125,299,1.000000,1.000000,1.000000,1.000000,1,0,0,0
426,27,125,300,1.000000,1.000000,1.000000,1.000000,0,1,0,0
427,25,125,301,1.000000,1.000000,1.000000,1.000000,0,0,0,1
428,29,126,301,1.000000,1.000000,1.000000,1.000000,0,1,0,1
429,27,126,302,1.000000,1.000000,1.000000,1.000000,0,0,0,0
430,29,127,302,1.000000,1.000000,1.000000,1.000000,0,0,0,0
431,27,127,303,1.000000,1.000000,1.000000,1.000000,0,1,0,1
432,25,127,304,1.000000,1.000000,1.000000,1.000000,0,0,0,0
433,29,128,304,1.000000,1.000000,1.000000,1.000000,0,0,0,0
434,27,128,305,1.000000,1.000000,1.000000,1.000000,0,0,0,1
435,25,128,306,1.000000,1.000000,1.000000,1.000000,0,0,0,1
436,23,128,307,1.000000,1.000000,1.000000,1.000000,0,1,0,0
437,29,129,307,1.000000,1.000000,1.000000,1.000000,0,1,1,0
438,27,129,308,1.000000,1.000000,1.000000,1.000000,0,0,0,0
439,29,130,308,1.000000,1.000000,1.000000,1.000000,0,0,1,0
440,27,130,309,1.000000,1.000000,1.000000,1.000000,0,0,0,1
441,25,130,310,1.000000,1.000000,1.000000,1.000000,0,1,1,1
442,23,130,311,1.000000,1.000000,1.000000,1.000000,0,1,0,0
443,29,131,311,1.000000,1.000000,1.000000,1.000000,0,1,0,0
444,27,131,312,1.000000,1.000000,1.000000,1.000000,0,0,0,0
445,25,131,313,1.000000,1.000000,1.000000,1.000000,0,0,0,0
446,23,131,314,1.000000,1.000000,1.000000,1.000000,0,0,0,1
447,21,131,315,1.000000,1.000000,1.000000,1.000000,0,0,0,0
448,29,132,315,1.000000,1.000000,1.000000,1.000000,0,0,0,0
449,27,132,316,1.000000,1.000000,1.000000,1.000000,0,0,0,0
450,25,132,317,1.000000,1.000000,1.000000,1.000000,0,0,0,0
451,23,132,318,1.000000,1.000000,1.000000,1.000000,0,0,1,0
452,21,132,319,1.000000,1.000000,1.000000,1.000000,0,0,1,0
453,29,133,319,1.000000,1.000000,1.000000,1.000000,0,1,1,0
454,27,133,320,1.000000,1.000000,1.000000,1.000000,0,1,1,0
455,29,134,320,1.000000,1.000000,1.000000,1.000000,0,1,1,0
456,27,134,321,1.000000,1.000000,1.000000,1.000000,0,0,0,0
457,29,135,321,1.000000,1.000000,1.000000,1.000000,0,0,0,0
458,27,135,322,1.000000,1.000000,1.000000,1.000000,1,0,0,0
459,25,135,323,1.000000,1.000000,1.000000,1.000000,0,0,0,0
460,29,136,323,1.000000,1.000000,1.000000,1.000000,0,0,0,0
461,27,136,324,1.000000,1.000000,1.000000,1.000000,0,0,0,0
462,25,136,325,1.000000,1.000000,1.000000,1.000000,0,1,0,0
463,23,136,326,1.000000,1.000000,1.000000,1.000000,0,1,1,0
464,29,137,326,1.000000,1.000000,1.000000,1.000000,0,1,1,0
465,27,137,327,1.000000,1.000000,1.000000,1.000000,0,1,1,0
466,29,138,327,1.000000,1.000000,1.000000,1.000000,0,1,1,0
467,27,138,328,1.000000,1.000000,1.000000,1.000000,0,0,0,1
468,29,139,328,1.000000,1.000000,1.000000,1.000000,0,0,0,1
469,27,139,329,1.000000,1.000000,1.000000,1.000000,0,0,1,0
470,25,139,330,1.000000,1.000000,1.000000,1.000000,0,0,0,1
471,29,140,330,1.000000,1.000000,1.000000,1.000000,0,0,0,1
472,27,140,331,1.000000,1.000000,1.000000,1.000000,0,0,0,0
473,29,141,331,1.000000,1.000000,1.000000,1.000000,0,0,0,0
474,27,141,332,1.000000,1.000000,1.000000,1.000000,0,0,0,0
475,25,141,333,1.000000,1.000000,1.000000,1.000000,0,0,0,0
476,23,141,334,1.000000,1.000000,1.000000,1.000000,1,0,0,0
477,21,141,335,1.000000,1.000000,1.000000,1.000000,1,0,0,0
478,29,142,335,1.000000,1.000000,1.000000,1.000000,1,0,0,0
479,27,142,336,1.000000,1.000000,1.000000,1.000000,1,1,0,1
480,29,143,336,1.000000,1.000000,1.000000,1.000000,1,1,0,1
481,27,143,337,1.000000,1.000000,1.000000,1.000000,0,0,0,0
482,29,144,337,1.000000,1.000000,1.000000,1.000000,0,0,0,0
483,27,144,338,1.000000,1.000000,1.000000,1.000000,0,1,0,0
484,25,144,339,1.000000,1.000000,1.000000,1.000000,0,0,0,0
485,23,144,340,1.000000,1.000000,1.000000,1.000000,0,0,0,1
486,21,144,341,1.000000,1.000000,1.000000,1.000000,0,0,0,0
487,29,145,341,1.000000,1.000000,1.000000,1.000000,0,0,0,0
488,27,145,342,1.000000,1.000000,1.000000,1.000000,0,0,0,0
489,25,145,343,1.000000,1.000000,1.000000,1.000000,0,0,0,0
490,23,145,344,1.000000,1.000000,1.000000,1.000000,0,0,0,0
491,21,145,345,1.000000,1.000000,1.000000,1.000000,0,0,0,0
492,19,145,346,1.000000,1.000000,1.000000,1.000000,0,0,0,0
493,17,145,347,1.000000,1.000000,1.000000,1.000000,0,1,0,0
494,15,145,348,1.000000,1.000000,1.000000,1.000000,0,0,1,0
495,13,145,349,1.000000,1.000000,1.000000,1.000000,1,0,0,0
496,29,146,349,1.000000,1.000000,1.000000,1.000000,1,0,0,0
497,27,146,350,1.000000,1.000000,1.000000,1.000000,0,0,0,0
498,29,147,350,1.000000,1.000000,1.000000,1.000000,0,0,0,0
499,27,147,351,1.000000,1.000000,1.000000,1.000000,1,0,0,0
500,25,147,352,1.000000,1.000000,1.000000,1.000000,0,0,0,0
501,23,147,353,1.000000,1.000000,1.000000,1.000000,0,0,0,0
502,21,147,354,1.000000,1.000000,1.000000,1.000000,0,0,0,0
503,19,147,355,1.000000,1.000000,1.000000,1.000000,0,0,0,0
504,17,147,356,1.000000,1.000000,1.000000,1.000000,0,0,1,0
505,15,147,357,1.000000,1.000000,1.000000,1.000000,0,0,0,0
506,29,148,357,1.000000,1.000000,1.000000,1.000000,0,0,0,0
507,27,148,358,1.000000,1.000000,1.000000,1.000000,0,0,0,0
508,25,148,359,1.000000,1.000000,1.000000,1.000000,0,0,0,0
509,23,148,360,1.000000,1.000000,1.000000,1.000000,0,0,0,0
510,21,148,361,1.000000,1.000000,1.000000,1.000000,0,0,0,0
511,19,148,362,1.000000,1.000000,1.000000,1.000000,0,0,0,0
512,17,148,363,1.000000,1.000000,1.000000,1.000000,0,0,0,0
513,15,148,364,1.000000,1.000000,1.000000,1.000000,0,0,0,1
514,13,148,365,1.000000,1.000000,1.000000,1.000000,0,0,0,0
515,29,149,365,1.000000,1.000000,1.000000,1.000000,0,0,0,0
516,27,149,366,1.000000,1.000000,1.000000,1.000000,0,0,0,0
517,25,149,367,1.000000,1.000000,1.000000,1.000000,1,0,0,0
518,23,149,368,1.000000,1.000000,1.000000,1.000000,1,0,0,0
519,29,150,368,1.000000,1.000000,1.000000,1.000000,1,0,0,0
520,27,150,369,1.000000,1.000000,1.000000,1.000000,0,1,0,1
521,25,150,370,1.000000,1.000000,1.000000,1.000000,0,1,0,1
522,29,151,370,1.000000,1.000000,1.000000,1.000000,0,1,0,1
523,27,151,371,1.000000,1.000000,1.000000,1.000000,0,0,1,0
524,29,152,371,1.000000,1.000000,1.000000,1.000000,0,0,1,0
525,27,152,372,1.000000,1.000000,1.000000,1.000000,0,0,0,0
526,29,153,372,1.000000,1.000000,1.000000,1.000000,0,0,0,0
527,27,153,373,1.000000,1.000000,1.000000,1.000000,0,0,0,0
528,25,153,374,1.000000,1.000000,1.000000,1.000000,0,0,0,0
529,23,153,375,1.000000,1.000000,1.000000,1.000000,0,0,0,0
530,21,153,376,1.000000,1.000000,1.000000,1.000000,0,0,0,0
531,19,153,377,1.000000,1.000000,1.000000,1.000000,0,0,0,0
532,17,153,378,1.000000,1.000000,1.000000,1.000000,0,0,0,0
533,15,153,379,1.000000,1.000000,1.000000,1.000000,0,0,0,0
534,13,153,380,1.000000,1.000000,1.000000,1.000000,0,1,0,0
535,11,153,381,1.000000,1.000000,1.000000,1.000000,1,0,0,0
536,29,154,381,1.000000,1.000000,1.000000,1.000000,1,0,0,0
537,27,154,382,1.000000,1.000000,1.000000,1.000000,0,0,0,0
538,29,155,382,1.000000,1.000000,1.000000,1.000000,0,0,0,0
539,27,155,383,1.000000,1.000000,1.000000,1.000000,1,0,0,0
540,25,155,384,1.000000,1.000000,1.000000,1.000000,0,0,0,0
541,29,156,384,1.000000,1.000000,1.000000,1.000000,0,0,0,0
542,27,156,385,1.000000,1.000000,1.000000,1.000000,0,1,0,1
543,25,156,386,1.000000,1.000000,1.000000,1.000000,0,0,0,0
544,29,157,386,1.000000,1.000000,1.000000,1.000000,0,0,0,0
545,27,157,387,1.000000,1.000000,1.000000,1.000000,0,0,0,0
546,25,157,388,1.000000,1.000000,1.000000,1.000000,0,0,0,0
547,23,157,389,1.000000,1.000000,1.000000,1.000000,0,0,0,0
548,21,157,390,1.000000,1.000000,1.000000,1.000000,0,0,0,0
549,19,157,391,1.000000,1.000000,1.000000,1.000000,0,0,0,0
550,17,157,392,1.000000,1.000000,1.000000,1.000000,0,1,0,0
551,15,157,393,1.000000,1.000000,1.000000,1.000000,0,0,0,0
552,29,158,393,1.000000,1.000000,1.000000,1.000000,0,0,0,0
553,27,158,394,1.000000,1.000000,1.000000,1.000000,0,1,0,0
554,25,158,395,1.000000,1.000000,1.000000,1.000000,0,1,1,0
555,29,159,395,1.000000,1.000000,1.000000,1.000000,0,1,1,0
556,27,159,396,1.000000,1.000000,1.000000,1.000000,1,1,1,0
557,29,160,396,1.000000,1.000000,1.000000,1.000000,1,1,1,0
558,27,160,397,1.000000,1.000000,1.000000,1.000000,0,1,0,0
559,29,161,397,1.000000,1.000000,1.000000,1.000000,0,1,0,0
560,27,161,398,1.000000,1.000000,1.000000,1.000000,1,0,1,0
561,29,162,398,1.000000,1.000000,1.000000,1.000000,1,0,1,0
562,27,162,399,1.000000,1.000000,1.000000,1.000000,0,0,0,0
563,29,163,399,1.000000,1.000000,1.000000,1.000000,0,0,0,0
564,27,163,400,1.000000,1.000000,1.000000,1.000000,0,0,0,0
565,25,163,401,1.000000,1.000000,1.000000,1.000000,0,1,1,0
566,23,163,402,1.000000,1.000000,1.000000,1.000000,0,0,0,0
567,29,164,402,1.000000,1.000000,1.000000,1.000000,0,0,0,0
568,27,164,403,1.000000,1.000000,1.000000,1.000000,0,0,0,1
569,25,164,404,1.000000,1.000000,1.000000,1.000000,0,0,1,0
570,23,164,405,1.000000,1.000000,1.000000,1.000000,1,0,0,0
571,29,165,405,1.000000,1.000000,1.000000,1.000000,1,0,0,0
572,27,165,406,1.000000,1.000000,1.000000,1.000000,0,0,0,0
573,29,166,406,1.000000,1.000000,1.000000,1.000000,0,0,0,0
574,27,166,407,1.000000,1.000000,1.000000,1.000000,0,0,0,0
575,25,166,408,1.000000,1.000000,1.000000,1.000000,0,0,0,0
576,23,166,409,1.000000,1.000000,1.000000,1.000000,0,0,0,0
577,21,166,410,1.000000,1.000000,1.000000,1.000000,0,1,0,0
578,19,166,411,1.000000,1.000000,1.000000,1.000000,0,0,1,0
579,17,166,412,1.000000,1.000000,1.000000,1.000000,1,0,0,0
580,29,167,412,1.000000,1.000000,1.000000,1.000000,1,0,0,0
581,27,167,413,1.000000,1.000000,1.000000,1.000000,0,0,0,0
582,29,168,413,1.000000,1.000000,1.000000,1.000000,0,0,0,0
583,27,168,414,1.000000,1.000000,1.000000,1.000000,0,0,0,0
584,25,168,415,1.000000,1.000000,1.000000,1.000000,1,0,0,1
585,23,168,416,1.000000,1.000000,1.000000,1.000000,0,0,0,0
586,29,169,416,1.000000,1.000000,1.000000,1.000000,0,0,0,0
587,27,169,417,1.000000,1.000000,1.000000,1.000000,0,0,0,1
588,25,169,418,1.000000,1.000000,1.000000,1.000000,0,0,1,0
589,29,170,418,1.000000,1.000000,1.000000,1.000000,0,0,1,0
590,27,170,419,1.000000,1.000000,1.000000,1.000000,0,0,0,0
591,29,171,419,1.000000,1.000000,1.000000,1.000000,0,0,0,0
592,27,171,420,1.000000,1.000000,1.000000,1.000000,0,0,0,0
593,25,171,421,1.000000,1.000000,1.000000,1.000000,0,0,0,0
594,23,171,422,1.000000,1.000000,1.000000,1.000000,0,0,0,0
595,21,171,423,1.000000,1.000000,1.000000,1.000000,1,0,1,1
596,19,171,424,1.000000,1.000000,1.000000,1.000000,1,0,0,0
597,17,171,425,1.000000,1.000000,1.000000,1.000000,1,0,1,1
598,29,172,425,1.000000,1.000000,1.000000,1.000000,1,0,1,1
599,27,172,426,1.000000,1.000000,1.000000,1.000000,0,0,0,0
600,29,173,426,1.000000,1.000000,1.000000,1.000000,0,0,0,0
601,27,173,427,1.000000,1.000000,1.000000,1.000000,0,0,0,0
602,25,173,428,1.000000,1.000000,1.000000,1.000000,0,0,0,0
603,23,173,429,1.000000,1.000000,1.000000,1.000000,0,1,0,0
604,21,173,430,1.000000,1.000000,1.000000,1.000000,0,0,0,0
605,29,174,430,1.000000,1.000000,1.000000,1.000000,0,0,1,0
606,27,174,431,1.000000,1.000000,1.000000,1.000000,0,0,0,0
607,29,175,431,1.000000,1.000000,1.000000,1.000000,0,0,0,0
608,27,175,432,1.000000,1.000000,1.000000,1.000000,0,0,0,0
609,25,175,433,1.000000,1.000000,1.000000,1.000000,0,0,0,0
610,23,175,434,1.000000,1.000000,1.000000,1.000000,0,0,0,0
611,21,175,435,1.000000,1.000000,1.000000,1.000000,0,0,0,0
612,19,175,436,1.000000,1.000000,1.000000,1.000000,0,0,0,0
613,17,175,437,1.000000,1.000000,1.000000,1.000000,1,0,0,0
614,15,175,438,1.000000,1.000000,1.000000,1.000000,0,0,0,0
615,29,176,438,1.000000,1.000000,1.000000,1.000000,0,0,0,0
616,27,176,439,1.000000,1.000000,1.000000,1.000000,0,1,0,0
617,25,176,440,1.000000,1.000000,1.000000,1.000000,1,0,0,0
618,29,177,440,1.000000,1.000000,1.000000,1.000000,1,0,0,0
619,27,177,441,1.000000,1.000000,1.000000,1.000000,0,0,0,0
620,25,177,442,1.000000,1.000000,1.000000,1.000000,0,1,0,0
621,23,177,443,1.000000,1.000000,1.000000,1.000000,0,0,0,0
622,29,178,443,1.000000,1.000000,1.000000,1.000000,0,0,0,0
623,27,178,444,1.000000,1.000000,1.000000,1.000000,0,0,0,0
624,25,178,445,1.000000,1.000000,1.000000,1.000000,0,0,0,0
625,23,178,446,1.000000,1.000000,1.000000,1.000000,0,0,0,0
626,21,178,447,1.000000,1.000000,1.000000,1.000000,0,0,0,0
627,19,178,448,1.000000,1.000000,1.000000,1.000000,0,0,0,1
628,17,178,449,1.000000,1.000000,1.000000,1.000000,1,0,0,1
629,29,179,449,1.000000,1.000000,1.000000,1.000000,1,0,0,1
630,27,179,450,1.000000,1.000000,1.000000,1.000000,1,0,1,1
631,29,180,450,1.000000,1.000000,1.000000,1.000000,1,0,1,1
632,27,180,451,1.000000,1.000000,1.000000,1.000000,0,0,1,1
633,29,181,451,1.000000,1.000000,1.000000,1.000000,0,0,1,1
634,27,181,452,1.000000,1.000000,1.000000,1.000000,1,0,0,0
635,29,182,452,1.000000,1.000000,1.000000,1.000000,1,0,0,0
636,27,182,453,1.000000,1.000000,1.000000,1.000000,0,0,0,0
637,29,183,453,1.000000,1.000000,1.000000,1.000000,0,0,0,0
638,27,183,454,1.000000,1.000000,1.000000,1.000000,0,1,0,1
639,25,183,455,1.000000,1.000000,1.000000,1.000000,0,1,0,0
640,29,184,455,1.000000,1.000000,1.000000,1.000000,0,1,0,0
641,27,184,456,1.000000,1.000000,1.000000,1.000000,1,0,0,0
642,25,184,457,1.000000,1.000000,1.000000,1.000000,0,0,1,0
643,23,184,458,1.000000,1.000000,1.000000,1.000000,1,0,1,0
644,29,185,458,1.000000,1.000000,1.000000,1.000000,1,0,1,0
645,27,185,459,1.000000,1.000000,1.000000,1.000000,0,0,0,1
646,29,186,459,1.000000,1.000000,1.000000,1.000000,0,0,0,1
647,27,186,460,1.000000,1.000000,1.000000,1.000000,0,0,1,0
648,29,187,460,1.000000,1.000000,1.000000,1.000000,0,0,1,0
649,27,187,461,1.000000,1.000000,1.000000,1.000000,0,0,1,1
650,29,188,461,1.000000,1.000000,1.000000,1.000000,0,0,1,1
651,27,188,462,1.000000,1.000000,1.000000,1.000000,0,0,0,0
652,29,189,462,1.000000,1.000000,1.000000,1.000000,0,0,0,0
653,27,189,463,1.000000,1.000000,1.000000,1.000000,0,1,0,0
654,25,189,464,1.000000,1.000000,1.000000,1.000000,0,0,1,0
655,29,190,464,1.000000,1.000000,1.000000,1.000000,0,0,1,0
656,27,190,465,1.000000,1.000000,1.000000,1.000000,0,0,0,0
657,29,191,465,1.000000,1.000000,1.000000,1.000000,0,0,0,0
658,27,191,466,1.000000,1.000000,1.000000,1.000000,0,0,0,0
659,25,191,467,1.000000,1.000000,1.000000,1.000000,0,0,0,0
660,23,191,468,1.000000,1.000000,1.000000,1.000000,0,0,0,0
661,21,191,469,1.000000,1.000000,1.000000,1.000000,0,0,0,1
662,19,191,470,1.000000,1.000000,1.000000,1.000000,0,0,0,0
663,29,192,470,1.000000,1.000000,1.000000,1.000000,0,0,0,0
664,27,192,471,1.000000,1.000000,1.000000,1.000000,0,0,1,0
665,25,192,472,1.000000,1.000000,1.000000,1.000000,0,0,0,0
666,29,193,472,1.000000,1.000000,1.000000,1.000000,0,0,0,0
667,27,193,473,1.000000,1.000000,1.000000,1.000000,0,0,0,0
668,25,193,474,1.000000,1.000000,1.000000,1.000000,0,0,0,0
669,23,193,475,1.000000,1.000000,1.000000,1.000000,0,0,0,1
670,21,193,476,1.000000,1.000000,1.000000,1.000000,0,0,0,0
671,29,194,476,1.000000,1.000000,1.000000,1.000000,0,0,0,0
672,27,194,477,1.000000,1.000000,1.000000,1.000000,0,0,0,0
673,25,194,478,1.000000,1.000000,1.000000,1.000000,0,0,0,0
674,23,194,479,1.000000,1.000000,1.000000,1.000000,1,0,0,0
675,21,194,480,1.000000,1.000000,1.000000,1.000000,0,0,0,0
676,29,195,480,1.000000,1.000000,1.000000,1.000000,0,0,0,0
677,27,195,481,1.000000,1.000000,1.000000,1.000000,0,0,0,1
678,25,195,482,1.000000,1.000000,1.000000,1.000000,0,0,1,0
679,23,195,483,1.000000,1.000000,1.000000,1.000000,1,0,0,0
680,29,196,483,1.000000,1.000000,1.000000,1.000000,1,0,0,0
681,27,196,484,1.000000,1.000000,1.000000,1.000000,0,0,0,0
682,29,197,484,1.000000,1.000000,1.000000,1.000000,0,0,0,0
683,27,197,485,1.000000,1.000000,1.000000,1.000000,0,0,0,0
684,25,197,486,1.000000,1.000000,1.000000,1.000000,0,0,0,0
685,23,197,487,1.000000,1.000000,1.000000,1.000000,0,0,0,1
686,21,197,488,1.000000,1.000000,1.000000,1.000000,1,0,0,0
687,29,198,488,1.000000,1.000000,1.000000,1.000000,1,0,0,0
688,27,198,489,1.000000,1.000000,1.000000,1.000000,0,0,0,1
689,29,199,489,1.000000,1.000000,1.000000,1.000000,0,0,0,1
690,27,199,490,1.000000,1.000000,1.000000,1.000000,0,0,0,1
691,29,200,490,1.000000,1.000000,1.000000,1.000000,0,0,0,1
692,27,200,491,1.000000,1.000000,1.000000,1.000000,0,0,1,1
693,29,201,491,1.000000,1.000000,1.000000,1.000000,0,0,1,1
694,27,201,492,1.000000,1.000000,1.000000,1.000000,0,0,0,0
695,29,202,492,1.000000,1.000000,1.000000,1.000000,0,0,0,0
696,27,202,493,1.000000,1.000000,1.000000,1.000000,1,0,0,0
697,25,202,494,1.000000,1.000000,1.000000,1.000000,0,1,0,1
698,29,203,494,1.000000,1.000000,1.000000,1.000000,0,1,0,1
699,27,203,495,1.000000,1.000000,1.000000,1.000000,0,1,0,0
700,29,204,495,1.000000,1.000000,1.000000,1.000000,0,1,0,0
701,27,204,496,1.000000,1.000000,1.000000,1.000000,0,0,0,0
702,29,205,496,1.000000,1.000000,1.000000,1.000000,0,0,0,0
703,27,205,497,1.000000,1.000000,1.000000,1.000000,0,0,0,0
704,25,205,498,1.000000,1.000000,1.000000,1.000000,0,1,0,0
705,23,205,499,1.000000,1.000000,1.000000,1.000000,0,0,1,1
706,29,206,499,1.000000,1.000000,1.000000,1.000000,0,0,1,1
707,27,206,500,1.000000,1.000000,1.000000,1.000000,0,0,0,1
708,29,207,500,1.000000,1.000000,1.000000,1.000000,0,0,0,1
709,27,207,501,1.000000,1.000000,1.000000,1.000000,0,0,1,1
710,29,208,501,1.000000,1.000000,1.000000,1.000000,0,0,1,1
711,27,208,502,1.000000,1.000000,1.000000,1.000000,0,0,0,0
712,29,209,502,1.000000,1.000000,1.000000,1.000000,0,0,0,0
713,27,209,503,1.000000,1.000000,1.000000,1.000000,0,0,0,0
714,25,209,504,1.000000,1.000000,1.000000,1.000000,0,0,0,1
715,23,209,505,1.000000,1.000000,1.000000,1.000000,0,0,0,0
716,21,209,506,1.000000,1.000000,1.000000,1.000000,0,1,0,0
717,19,209,507,1.000000,1.000000,1.000000,1.000000,0,0,0,0
718,29,210,507,1.000000,1.000000,1.000000,1.000000,0,0,0,0
719,27,210,508,1.000000,1.000000,1.000000,1.000000,0,0,0,0
720,25,210,509,1.000000,1.000000,1.000000,1.000000,0,0,0,0
721,23,210,510,1.000000,1.000000,1.000000,1.000000,0,0,0,0
722,21,210,511,1.000000,1.000000,1.000000,1.000000,0,0,0,0
723,19,210,512,1.000000,1.000000,1.000000,1.000000,0,1,0,0
724,17,210,513,1.000000,1.000000,1.000000,1.000000,0,0,0,0
725,29,211,513,1.000000,1.000000,1.000000,1.000000,0,0,0,0
726,27,211,514,1.000000,1.000000,1.000000,1.000000,0,0,0,0
727,25,211,515,1.000000,1.000000,1.000000,1.000000,0,0,0,0
728,23,211,516,1.000000,1.000000,1.000000,1.000000,0,0,0,0
729,21,211,517,1.000000,1.000000,1.000000,1.000000,0,0,0,0
730,19,211,518,1.000000,1.000000,1.000000,1.000000,0,1,0,0
731,17,211,519,1.000000,1.000000,1.000000,1.000000,0,1,0,0
732,29,212,519,1.000000,1.000000,1.000000,1.000000,0,1,0,0
733,27,212,520,1.000000,1.000000,1.000000,1.000000,1,1,1,0
734,29,213,520,1.000000,1.000000,1.000000,1.000000,1,1,1,0
735,27,213,521,1.000000,1.000000,1.000000,1.000000,1,1,0,0
736,29,214,521,1.000000,1.000000,1.000000,1.000000,1,1,0,0
737,27,214,522,1.000000,1.000000,1.000000,1.000000,1,0,0,0
738,25,214,523,1.000000,1.000000,1.000000,1.000000,0,1,1,1
739,29,215,523,1.000000,1.000000,1.000000,1.000000,0,1,1,1
740,27,215,524,1.000000,1.000000,1.000000,1.000000,0,0,0,0
741,29,216,524,1.000000,1.000000,1.000000,1.000000,0,0,0,0
742,27,216,525,1.000000,1.000000,1.000000,1.000000,0,1,0,1
743,25,216,526,1.000000,1.000000,1.000000,1.000000,0,0,0,0
744,29,217,526,1.000000,1.000000,1.000000,1.000000,0,0,0,0
745,27,217,527,1.000000,1.000000,1.000000,1.000000,1,1,0,0
746,25,217,528,1.000000,1.000000,1.000000,1.000000,0,1,0,0
747,29,218,528,1.000000,1.000000,1.000000,1.000000,0,1,0,0
748,27,218,529,1.000000,1.000000,1.000000,1.000000,0,1,1,0
749,29,219,529,1.000000,1.000000,1.000000,1.000000,0,1,1,0
750,27,219,530,1.000000,1.000000,1.000000,1.000000,0,0,0,0
751,29,220,530,1.000000,1.000000,1.000000,1.000000,0,0,0,0
752,27,220,531,1.000000,1.000000,1.000000,1.000000,1,0,1,0
753,25,220,532,1.000000,1.000000,1.000000,1.000000,0,1,0,0
754,29,221,532,1.000000,1.000000,1.000000,1.000000,0,1,0,0
755,27,221,533,1.000000,1.000000,1.000000,1.000000,0,1,1,0
756,29,222,533,1.000000,1.000000,1.000000,1.000000,0,1,1,0
757,27,222,534,1.000000,1.000000,1.000000,1.000000,0,0,0,0
758,29,223,534,1.000000,1.000000,1.000000,1.000000,0,0,0,0
759,27,223,535,1.000000,1.000000,1.000000,1.000000,1,0,0,0
760,25,223,536,1.000000,1.000000,1.000000,1.000000,0,0,0,0
761,29,224,536,1.000000,1.000000,1.000000,1.000000,0,0,0,0
762,27,224,537,1.000000,1.000000,1.000000,1.000000,0,0,0,0
763,25,224,538,1.000000,1.000000,1.000000,1.000000,1,0,1,0
764,23,224,539,1.000000,1.000000,1.000000,1.000000,0,0,1,0
765,29,225,539,1.000000,1.000000,1.000000,1.000000,0,0,1,0
766,27,225,540,1.000000,1.000000,1.000000,1.000000,0,0,1,0
767,29,226,540,1.000000,1.000000,1.000000,1.000000,0,0,1,0
768,27,226,541,1.000000,1.000000,1.000000,1.000000,0,1,0,0
769,29,227,541,1.000000,1.000000,1.000000,1.000000,0,1,0,0
770,27,227,542,1.000000,1.000000,1.000000,1.000000,0,0,0,0
771,29,228,542,1.000000,1.000000,1.000000,1.000000,0,0,0,0
772,27,228,543,1.000000,1.000000,1.000000,1.000000,0,0,0,0
773,25,228,544,1.000000,1.000000,1.000000,1.000000,0,0,0,1
774,23,228,545,1.000000,1.000000,1.000000,1.000000,0,0,0,1
775,21,228,546,1.000000,1.000000,1.000000,1.000000,0,1,0,0
776,29,229,546,1.000000,1.000000,1.000000,1.000000,0,1,0,0
777,27,229,547,1.000000,1.000000,1.000000,1.000000,0,0,0,0
778,29,230,547,1.000000,1.000000,1.000000,1.000000,0,0,0,0
779,27,230,548,1.000000,1.000000,1.000000,1.000000,0,0,0,0
780,25,230,549,1.000000,1.000000,1.000000,1.000000,0,0,0,0
781,23,230,550,1.000000,1.000000,1.000000,1.000000,1,0,0,0
782,29,231,550,1.000000,1.000000,1.000000,1.000000,1,0,0,0
783,27,231,551,1.000000,1.000000,1.000000,1.000000,0,0,0,0
784,29,232,551,1.000000,1.000000,1.000000,1.000000,0,0,0,0
785,27,232,552,1.000000,1.000000,1.000000,1.000000,0,0,0,0
786,25,232,553,1.000000,1.000000,1.000000,1.000000,0,0,0,0
787,23,232,554,1.000000,1.000000,1.000000,1.000000,0,0,1,0
788,21,232,555,1.000000,1.000000,1.000000,1.000000,0,1,0,0
789,29,233,555,1.000000,1.000000,1.000000,1.000000,0,1,0,0
790,27,233,556,1.000000,1.000000,1.000000,1.000000,0,0,0,0
791,29,234,556,1.000000,1.000000,1.000000,1.000000,0,0,0,0
792,27,234,557,1.000000,1.000000,1.000000,1.000000,0,0,0,0
793,25,234,558,1.000000,1.000000,1.000000,1.000000,0,1,1,0
794,23,234,559,1.000000,1.000000,1.000000,1.000000,0,0,0,0
795,29,235,559,1.000000,1.000000,1.000000,1.000000,0,0,0,0
796,27,235,560,1.000000,1.000000,1.000000,1.000000,0,0,0,0
797,25,235,561,1.000000,1.000000,1.000000,1.000000,0,0,0,0
798,23,235,562,1.000000,1.000000,1.000000,1.000000,0,0,0,0
799,21,235,563,1.000000,1.000000,1.000000,1.000000,0,0,0,0
800,19,235,564,1.000000,1.000000,1.000000,1.000000,0,0,1,0
801,17,235,565,1.000000,1.000000,1.000000,1.000000,0,0,0,1
802,29,236,565,1.000000,1.000000,1.000000,1.000000,0,0,0,1
803,27,236,566,1.000000,1.000000,1.000000,1.000000,0,0,0,0
804,29,237,566,1.000000,1.000000,1.000000,1.000000,0,0,0,0
805,27,237,567,1.000000,1.000000,1.000000,1.000000,0,0,1,0
806,25,237,568,1.000000,1.000000,1.000000,1.000000,0,0,0,0
807,29,238,568,1.000000,1.000000,1.000000,1.000000,0,0,0,0
808,27,238,569,1.000000,1.000000,1.000000,1.000000,0,1,0,0
809,25,238,570,1.000000,1.000000,1.000000,1.000000,0,0,0,0
810,29,239,570,1.000000,1.000000,1.000000,1.000000,0,0,0,0
811,27,239,571,1.000000,1.000000,1.000000,1.000000,0,1,0,0
812,25,239,572,1.000000,1.000000,1.000000,1.000000,1,0,0,0
813,29,240,572,1.000000,1.000000,1.000000,1.000000,1,0,0,0
814,27,240,573,1.000000,1.000000,1.000000,1.000000,0,0,0,0
815,29,241,573,1.000000,1.000000,1.000000,1.000000,0,0,0,0
816,27,241,574,1.000000,1.000000,1.000000,1.000000,0,0,0,0
817,25,241,575,1.000000,1.000000,1.000000,1.000000,0,0,0,0
818,23,241,576,1.000000,1.000000,1.000000,1.000000,0,0,0,0
819,21,241,577,1.000000,1.000000,1.000000,1.000000,0,0,0,0
820,19,241,578,1.000000,1.000000,1.000000,1.000000,0,0,0,0
821,17,241,579,1.000000,1.000000,1.000000,1.000000,1,0,0,0
822,15,241,580,1.000000,1.000000,1.000000,1.000000,0,0,0,1
823,13,241,581,1.000000,1.000000,1.000000,1.000000,0,0,0,0
824,29,242,581,1.000000,1.000000,1.000000,1.000000,0,0,0,0
825,27,242,582,1.000000,1.000000,1.000000,1.000000,0,0,0,0
826,25,242,583,1.000000,1.000000,1.000000,1.000000,0,1,0,0
827,23,242,584,1.000000,1.000000,1.000000,1.000000,0,0,0,0
828,29,243,584,1.000000,1.000000,1.000000,1.000000,0,0,0,0
829,27,243,585,1.000000,1.000000,1.000000,1.000000,0,0,0,0
830,25,243,586,1.000000,1.000000,1.000000,1.000000,0,0,0,0
831,23,243,587,1.000000,1.000000,1.000000,1.000000,1,0,0,0
832,21,243,588,1.000000,1.000000,1.000000,1.000000,0,0,0,1
833,19,243,589,1.000000,1.000000,1.000000,1.000000,0,0,1,0
834,29,244,589,1.000000,1.000000,1.000000,1.000000,0,0,1,0
835,27,244,590,1.000000,1.000000,1.000000,1.000000,0,0,0,0
836,25,244,591,1.000000,1.000000,1.000000,1.000000,0,0,0,0
837,23,244,592,1.000000,1.000000,1.000000,1.000000,0,0,0,0
838,21,244,593,1.000000,1.000000,1.000000,1.000000,0,0,0,0
839,19,244,594,1.000000,1.000000,1.000000,1.000000,0,0,0,0
840,17,244,595,1.000000,1.000000,1.000000,1.000000,1,0,0,0
841,15,244,596,1.000000,1.000000,1.000000,1.000000,0,0,0,0
842,29,245,596,1.000000,1.000000,1.000000,1.000000,0,0,0,0
843,27,245,597,1.000000,1.000000,1.000000,1.000000,1,0,0,0
844,25,245,598,1.000000,1.000000,1.000000,1.000000,0,1,0,0
845,29,246,598,1.000000,1.000000,1.000000,1.000000,0,1,0,0
846,27,246,599,1.000000,1.000000,1.000000,1.000000,0,0,0,0
847,29,247,599,1.000000,1.000000,1.000000,1.000000,0,0,0,0
848,27,247,600,1.000000,1.000000,1.000000,1.000000,0,0,0,0
849,25,247,601,1.000000,1.000000,1.000000,1.000000,0,0,0,0
850,23,247,602,1.000000,1.000000,1.000000,1.000000,0,0,0,0
851,21,247,603,1.000000,1.000000,1.000000,1.000000,0,0,0,0
852,19,247,604,1.000000,1.000000,1.000000,1.000000,0,0,0,0
853,17,247,605,1.000000,1.000000,1.000000,1.000000,0,0,0,0
854,15,247,606,1.000000,1.000000,1.000000,1.000000,0,0,0,0
855,13,247,607,1.000000,1.000000,1.000000,1.000000,0,0,1,0
856,11,247,608,1.000000,1.000000,1.000000,1.000000,0,1,0,0
857,29,248,608,1.000000,1.000000,1.000000,1.000000,0,1,0,0
858,27,248,609,1.000000,1.000000,1.000000,1.000000,0,0,0,0
859,29,249,609,1.000000,1.000000,1.000000,1.000000,0,0,0,0
860,27,249,610,1.000000,1.000000,1.000000,1.000000,0,1,0,0
861,25,249,611,1.000000,1.000000,1.000000,1.000000,0,0,0,0
862,29,250,611,1.000000,1.000000,1.000000,1.000000,0,0,0,0
863,27,250,612,1.000000,1.000000,1.000000,1.000000,0,0,0,0
864,25,250,613,1.000000,1.000000,1.000000,1.000000,0,0,0,0
865,23,250,614,1.000000,1.000000,1.000000,1.000000,0,0,0,0
866,21,250,615,1.000000,1.000000,1.000000,1.000000,0,0,0,0
867,19,250,616,1.000000,1.000000,1.000000,1.000000,0,1,0,0
868,17,250,617,1.000000,1.000000,1.000000,1.000000,0,0,1,0
869,29,251,617,1.000000,1.000000,1.000000,1.000000,0,0,1,0
870,27,251,618,1.000000,1.000000,1.000000,1.000000,0,0,0,0
871,29,252,618,1.000000,1.000000,1.000000,1.000000,0,0,0,0
872,27,252,619,1.000000,1.000000,1.000000,1.000000,0,0,0,0
873,25,252,620,1.000000,1.000000,1.000000,1.000000,1,0,0,0
874,23,252,621,1.000000,1.000000,1.000000,1.000000,0,1,0,0
875,29,253,621,1.000000,1.000000,1.000000,1.000000,0,1,0,0
876,27,253,622,1.000000,1.000000,1.000000,1.000000,0,1,0,0
877,25,253,623,1.000000,1.000000,1.000000,1.000000,0,1,0,1
878,29,254,623,1.000000,1.000000,1.000000,1.000000,0,1,0,1
879,27,254,624,1.000000,1.000000,1.000000,1.000000,0,0,0,0
880,29,255,624,1.000000,1.000000,1.000000,1.000000,0,0,0,0
881,27,255,625,1.000000,1.000000,1.000000,1.000000,0,0,0,0
882,25,255,626,1.000000,1.000000,1.000000,1.000000,0,0,0,0
883,23,255,627,1.000000,1.000000,1.000000,1.000000,0,0,0,0
884,21,255,628,1.000000,1.000000,1.000000,1.000000,0,0,0,1
885,19,255,629,1.000000,1.000000,1.000000,1.000000,0,0,1,0
886,17,255,630,1.000000,1.000000,1.000000,1.000000,1,0,0,0
887,29,256,630,1.000000,1.000000,1.000000,1.000000,1,0,0,0
888,27,256,631,1.000000,1.000000,1.000000,1.000000,0,0,0,0
889,29,257,631,1.000000,1.000000,1.000000,1.000000,0,0,0,0
890,27,257,632,1.000000,1.000000,1.000000,1.000000,1,0,0,0
891,25,257,633,1.000000,1.000000,1.000000,1.000000,0,0,0,1
892,29,258,633,1.000000,1.000000,1.000000,1.000000,0,0,0,1
893,27,258,634,1.000000,1.000000,1.000000,1.000000,0,0,0,0
894,29,259,634,1.000000,1.000000,1.000000,1.000000,0,0,0,0
895,27,259,635,1.000000,1.000000,1.000000,1.000000,0,0,1,0
896,25,259,636,1.000000,1.000000,1.000000,1.000000,0,0,0,0
897,29,260,636,1.000000,1.000000,1.000000,1.000000,0,0,0,0
898,27,260,637,1.000000,1.000000,1.000000,1.000000,0,0,0,0
899,25,260,638,1.000000,1.000000,1.000000,1.000000,0,0,0,0
900,23,260,639,1.000000,1.000000,1.000000,1.000000,0,0,0,0
901,21,260,640,1.000000,1.000000,1.000000,1.000000,0,0,0,0
902,19,260,641,1.000000,1.000000,1.000000,1.000000,0,0,1,0
903,17,260,642,1.000000,1.000000,1.000000,1.000000,1,0,0,0
904,29,261,642,1.000000,1.000000,1.000000,1.000000,1,0,0,0
905,27,261,643,1.000000,1.000000,1.000000,1.000000,0,0,0,0
906,29,262,643,1.000000,1.000000,1.000000,1.000000,0,0,0,0
907,27,262,644,1.000000,1.000000,1.000000,1.000000,1,1,0,1
908,25,262,645,1.000000,1.000000,1.000000,1.000000,0,1,0,0
909,29,263,645,1.000000,1.000000,1.000000,1.000000,0,1,0,0
910,27,263,646,1.000000,1.000000,1.000000,1.000000,0,1,0,0
911,29,264,646,1.000000,1.000000,1.000000,1.000000,0,1,0,0
912,27,264,647,1.000000,1.000000,1.000000,1.000000,0,1,0,0
913,29,265,647,1.000000,1.000000,1.000000,1.000000,0,1,0,0
914,27,265,648,1.000000,1.000000,1.000000,1.000000,0,1,0,0
915,25,265,649,1.000000,1.000000,1.000000,1.000000,0,0,1,1
916,29,266,649,1.000000,1.000000,1.000000,1.000000,0,0,1,1
917,27,266,650,1.000000,1.000000,1.000000,1.000000,0,0,0,0
918,29,267,650,1.000000,1.000000,1.000000,1.000000,0,0,0,0
919,27,267,651,1.000000,1.000000,1.000000,1.000000,0,0,0,1
920,25,267,652,1.000000,1.000000,1.000000,1.000000,0,0,0,0
921,29,268,652,1.000000,1.000000,1.000000,1.000000,0,0,0,0
922,27,268,653,1.000000,1.000000,1.000000,1.000000,0,0,0,0
923,25,268,654,1.000000,1.000000,1.000000,1.000000,0,0,0,0
924,23,268,655,1.000000,1.000000,1.000000,1.000000,0,0,0,0
925,21,268,656,1.000000,1.000000,1.000000,1.000000,0,0,0,0
926,19,268,657,1.000000,1.000000,1.000000,1.000000,0,0,0,1
927,17,268,658,1.000000,1.000000,1.000000,1.000000,0,1,0,1
928,29,269,658,1.000000,1.000000,1.000000,1.000000,0,1,0,1
929,27,269,659,1.000000,1.000000,1.000000,1.000000,0,0,0,0
930,29,270,659,1.000000,1.000000,1.000000,1.000000,0,0,0,0
931,27,270,660,1.000000,1.000000,1.000000,1.000000,0,1,0,0
932,25,270,661,1.000000,1.000000,1.000000,1.000000,0,0,1,0
933,29,271,661,1.000000,1.000000,1.000000,1.000000,0,0,1,0
934,27,271,662,1.000000,1.000000,1.000000,1.000000,0,0,0,0
935,29,272,662,1.000000,1.000000,1.000000,1.000000,0,0,0,0
936,27,272,663,1.000000,1.000000,1.000000,1.000000,0,1,0,0
937,25,272,664,1.000000,1.000000,1.000000,1.000000,0,0,0,0
938,29,273,664,1.000000,1.000000,1.000000,1.000000,0,0,0,0
939,27,273,665,1.000000,1.000000,1.000000,1.000000,0,1,0,0
940,25,273,666,1.000000,1.000000,1.000000,1.000000,0,1,0,0
941,29,274,666,1.000000,1.000000,1.000000,1.000000,0,1,0,0
942,27,274,667,1.000000,1.000000,1.000000,1.000000,0,1,0,0
943,29,275,667,1.000000,1.000000,1.000000,1.000000,0,1,0,0
944,27,275,668,1.000000,1.000000,1.000000,1.000000,0,0,0,0
945,29,276,668,1.000000,1.000000,1.000000,1.000000,0,0,0,0
946,27,276,669,1.000000,1.000000,1.000000,1.000000,0,1,0,0
947,25,276,670,1.000000,1.000000,1.000000,1.000000,0,0,0,0
948,29,277,670,1.000000,1.000000,1.000000,1.000000,0,0,0,0
949,27,277,671,1.000000,1.000000,1.000000,1.000000,0,0,0,0
950,25,277,672,1.000000,1.000000,1.000000,1.000000,0,0,0,0
951,23,277,673,1.000000,1.000000,1.000000,1.000000,0,0,0,0
952,21,277,674,1.000000,1.000000,1.000000,1.000000,0,0,0,0
953,19,277,675,1.000000,1.000000,1.000000,1.000000,0,0,0,0
954,17,277,676,1.000000,1.000000,1.000000,1.000000,0,0,0,0
955,15,277,677,1.000000,1.000000,1.000000,1.000000,1,0,0,0
956,13,277,678,1.000000,1.000000,1.000000,1.000000,0,0,0,0
957,29,278,678,1.000000,1.000000,1.000000,1.000000,0,1,0,0
958,27,278,679,1.000000,1.000000,1.000000,1.000000,0,0,0,0
959,29,279,679,1.000000,1.000000,1.000000,1.000000,0,1,0,0
960,27,279,680,1.000000,1.000000,1.000000,1.000000,0,0,0,0
961,29,280,680,1.000000,1.000000,1.000000,1.000000,0,0,0,0
962,27,280,681,1.000000,1.000000,1.000000,1.000000,0,0,0,0
963,25,280,682,1.000000,1.000000,1.000000,1.000000,0,0,0,0
964,23,280,683,1.000000,1.000000,1.000000,1.000000,0,0,0,1
965,21,280,684,1.000000,1.000000,1.000000,1.000000,0,0,0,0
966,29,281,684,1.000000,1.000000,1.000000,1.000000,0,0,0,0
967,27,281,685,1.000000,1.000000,1.000000,1.000000,0,0,0,0
968,25,281,686,1.000000,1.000000,1.000000,1.000000,0,0,0,0
969,23,281,687,1.000000,1.000000,1.000000,1.000000,0,0,0,0
970,21,281,688,1.000000,1.000000,1.000000,1.000000,0,0,0,0
971,19,281,689,1.000000,1.000000,1.000000,1.000000,0,1,0,0
972,17,281,690,1.000000,1.000000,1.000000,1.000000,0,0,0,0
973,29,282,690,1.000000,1.000000,1.000000,1.000000,0,1,0,0
974,27,282,691,1.000000,1.000000,1.000000,1.000000,0,0,0,0
975,29,283,691,1.000000,1.000000,1.000000,1.000000,0,1,0,0
976,27,283,692,1.000000,1.000000,1.000000,1.000000,0,0,0,0
977,29,284,692,1.000000,1.000000,1.000000,1.000000,0,0,0,0
978,27,284,693,1.000000,1.000000,1.000000,1.000000,0,1,0,0
979,25,284,694,1.000000,1.000000,1.000000,1.000000,0,0,0,0
980,29,285,694,1.000000,1.000000,1.000000,1.000000,0,0,0,0
981,27,285,695,1.000000,1.000000,1.000000,1.000000,0,1,0,0
982,25,285,696,1.000000,1.000000,1.000000,1.000000,0,0,0,0
983,29,286,696,1.000000,1.000000,1.000000,1.000000,0,0,0,0
984,27,286,697,1.000000,1.000000,1.000000,1.000000,0,1,0,0
985,25,286,698,1.000000,1.000000,1.000000,1.000000,0,0,0,0
986,29,287,698,1.000000,1.000000,1.000000,1.000000,0,0,0,0
987,27,287,699,1.000000,1.000000,1.000000,1.000000,0,0,0,0
988,25,287,700,1.000000,1.000000,1.000000,1.000000,0,0,0,0
989,23,287,701,1.000000,1.000000,1.000000,1.000000,1,0,0,0
990,21,287,702,1.000000,1.000000,1.000000,1.000000,1,0,0,0
991,29,288,702,1.000000,1.000000,1.000000,1.000000,1,0,0,0
992,27,288,703,1.000000,1.000000,1.000000,1.000000,0,1,0,0
993,29,289,703,1.000000,1.000000,1.000000,1.000000,0,1,0,0
994,27,289,704,1.000000,1.000000,1.000000,1.000000,1,1,0,0
995,29,290,704,1.000000,1.000000,1.000000,1.000000,1,1,0,0
996,27,290,705,1.000000,1.000000,1.000000,1.000000,0,0,0,0
997,29,291,705,1.000000,1.000000,1.000000,1.000000,0,0,0,0
998,27,291,706,1.000000,1.000000,1.000000,1.000000,1,0,0,0
999,25,291,707,1.000000,1.000000,1.000000,1.000000,0,0,0,0
1000,29,292,707,1.000000,1.000000,1.000000,1.000000,0,0,0,0
1001,27,292,708,1.000000,1.000000,1.000000,1.000000,0,1,0,0
1002,25,292,709,1.000000,1.000000,1.000000,1.000000,1,0,0,0
1003,29,293,709,1.000000,1.000000,1.000000,1.000000,1,0,0,0
1004,27,293,710,1.000000,1.000000,1.000000,1.000000,1,0,0,0
1005,29,294,710,1.000000,1.000000,1.000000,1.000000,1,0,0,0
1006,27,294,711,1.000000,1.000000,1.000000,1.000000,1,0,0,0
1007,29,295,711,1.000000,1.000000,1.000000,1.000000,1,0,0,0
1008,27,295,712,1.000000,1.000000,1.000000,1.000000,0,0,0,0
1009,29,296,712,1.000000,1.000000,1.000000,1.000000,0,0,0,0
1010,27,296,713,1.000000,1.000000,1.000000,1.000000,0,0,0,0
1011,25,296,714,1.000000,1.000000,1.000000,1.000000,1,0,0,0
1012,23,296,715,1.000000,1.000000,1.000000,1.000000,0,0,0,0
1013,29,297,715,1.000000,1.000000,1.000000,1.000000,0,0,0,0
1014,27,297,716,1.000000,1.000000,1.000000,1.000000,0,0,0,0
1015,25,297,717,1.000000,1.000000,1.000000,1.000000,0,0,0,0
1016,23,297,718,1.000000,1.000000,1.000000,1.000000,0,0,0,0
1017,21,297,719,1.000000,1.000000,1.000000,1.000000,0,0,0,0
1018,19,297,720,1.000000,1.000000,1.000000,1.000000,0,0,0,0
1019,17,297,721,1.000000,1.000000,1.000000,1.000000,0,0,0,0
1020,15,297,722,1.000000,1.000000,1.000000,1.000000,0,0,0,0
1021,13,297,723,1.000000,1.000000,1.000000,1.000000,0,0,1,0
1022,29,298,723,1.000000,1.000000,1.000000,1.000000,0,0,1,0
1023,27,298,724,1.000000,1.000000,1.000000,1.000000,0,0,0,0
1024,25,298,725,1.000000,1.000000,1.000000,1.000000,1,0,1,0
1025,23,298,726,1.000000,1.000000,1.000000,1.000000,0,0,1,0
1026,29,299,726,1.000000,1.000000,1.000000,1.000000,0,0,1,0
1027,27,299,727,1.000000,1.000000,1.000000,1.000000,0,0,0,0
1028,29,300,727,1.000000,1.000000,1.000000,1.000000,0,0,0,0
1029,27,300,728,1.000000,1.000000,1.000000,1.000000,0,0,1,1
1030,25,300,729,1.000000,1.000000,1.000000,1.000000,0,0,1,0
1031,23,300,730,1.000000,1.000000,1.000000,1.000000,1,1,0,1
1032,29,301,730,1.000000,1.000000,1.000000,1.000000,1,1,0,1
1033,27,301,731,1.000000,1.000000,1.000000,1.000000,0,0,0,0
1034,25,301,732,1.000000,1.000000,1.000000,1.000000,1,0,1,0
1035,23,301,733,1.000000,1.000000,1.000000,1.000000,0,0,0,0
1036,29,302,733,1.000000,1.000000,1.000000,1.000000,0,0,0,0
1037,27,302,734,1.000000,1.000000,1.000000,1.000000,0,0,1,0
1038,25,302,735,1.000000,1.000000,1.000000,1.000000,0,0,1,0
1039,29,303,735,1.000000,1.000000,1.000000,1.000000,0,0,1,0
1040,27,303,736,1.000000,1.000000,1.000000,1.000000,0,0,0,0
1041,29,304,736,1.000000,1.000000,1.000000,1.000000,0,0,0,0
1042,27,304,737,1.000000,1.000000,1.000000,1.000000,0,0,0,0
1043,25,304,738,1.000000,1.000000,1.000000,1.000000,0,1,0,0
1044,23,304,739,1.000000,1.000000,1.000000,1.000000,0,0,0,0
1045,29,305,739,1.000000,1.000000,1.000000,1.000000,0,0,0,0
1046,27,305,740,1.000000,1.000000,1.000000,1.000000,0,0,0,0
1047,29,306,740,1.000000,1.000000,1.000000,1.000000,0,0,0,0
1048,27,306,741,1.000000,1.000000,1.000000,1.000000,0,0,0,0
1049,25,306,742,1.000000,1.000000,1.000000,1.000000,0,0,0,0
1050,23,306,743,1.000000,1.000000,1.000000,1.000000,0,0,0,0
1051,21,306,744,1.000000,1.000000,1.000000,1.000000,0,0,0,0
1052,19,306,745,1.000000,1.000000,1.000000,1.000000,0,0,0,0
1053,17,306,746,1.000000,1.000000,1.000000,1.000000,0,1,0,0
1054,15,306,747,1.000000,1.000000,1.000000,1.000000,0,0,0,0
1055,29,307,747,1.000000,1.000000,1.000000,1.000000,0,0,0,0
1056,27,307,748,1.000000,1.000000,1.000000,1.000000,0,0,0,0
1057,25,307,749,1.000000,1.000000,1.000000,1.000000,0,0,0,0
1058,23,307,750,1.000000,1.000000,1.000000,1.000000,0,0,1,0
1059,21,307,751,1.000000,1.000000,1.000000,1.000000,0,0,0,0
1060,29,308,751,1.000000,1.000000,1.000000,1.000000,0,0,0,0
1061,27,308,752,1.000000,1.000000,1.000000,1.000000,0,0,0,0
1062,25,308,753,1.000000,1.000000,1.000000,1.000000,0,0,0,0
1063,23,308,754,1.000000,1.000000,1.000000,1.000000,0,0,0,0
1064,21,308,755,1.000000,1.000000,1.000000,1.000000,0,0,0,0
1065,19,308,756,1.000000,1.000000,1.000000,1.000000,0,0,0,0
1066,17,308,757,1.000000,1.000000,1.000000,1.000000,0,0,0,0
1067,15,308,758,1.000000,1.000000,1.000000,1.000000,0,0,0,0
1068,13,308,759,1.000000,1.000000,1.000000,1.000000,0,0,0,0
1069,11,308,760,1.000000,1.000000,1.000000,1.000000,1,1,0,0
1070,9,308,761,1.000000,1.000000,1.000000,1.000000,0,0,0,1
1071,7,308,762,1.000000,1.000000,1.000000,1.000000,1,1,0,1
1072,29,309,762,1.000000,1.000000,1.000000,1.000000,1,1,0,1
1073,27,309,763,1.000000,1.000000,1.000000,1.000000,0,0,0,0
1074,29,310,763,1.000000,1.000000,1.000000,1.000000,0,0,0,0
1075,27,310,764,1.000000,1.000000,1.000000,1.000000,1,0,0,1
1076,25,310,765,1.000000,1.000000,1.000000,1.000000,0,0,1,0
1077,29,311,765,1.000000,1.000000,1.000000,1.000000,0,0,1,0
1078,27,311,766,1.000000,1.000000,1.000000,1.000000,0,0,0,0
1079,25,311,767,1.000000,1.000000,1.000000,1.000000,0,0,1,0
1080,23,311,768,1.000000,1.000000,1.000000,1.000000,0,0,0,0
1081,29,312,768,1.000000,1.000000,1.000000,1.000000,0,0,0,0
1082,27,312,769,1.000000,1.000000,1.000000,1.000000,0,0,0,0
1083,25,312,770,1.000000,1.000000,1.000000,1.000000,0,1,0,0
1084,23,312,771,1.000000,1.000000,1.000000,1.000000,0,0,0,0
1085,29,313,771,1.000000,1.000000,1.000000,1.000000,0,0,0,0
1086,27,313,772,1.000000,1.000000,1.000000,1.000000,0,1,0,0
1087,25,313,773,1.000000,1.000000,1.000000,1.000000,1,0,0,0
1088,29,314,773,1.000000,1.000000,1.000000,1.000000,1,0,0,0
1089,27,314,774,1.000000,1.000000,1.000000,1.000000,1,0,0,0
1090,29,315,774,1.000000,1.000000,1.000000,1.000000,1,0,0,0
1091,27,315,775,1.000000,1.000000,1.000000,1.000000,1,0,0,0
1092,29,316,775,1.000000,1.000000,1.000000,1.000000,1,0,0,0
1093,27,316,776,1.000000,1.000000,1.000000,1.000000,0,0,0,0
1094,29,317,776,1.000000,1.000000,1.000000,1.000000,0,0,0,0
1095,27,317,777,1.000000,1.000000,1.000000,1.000000,0,0,0,0
1096,25,317,778,1.000000,1.000000,1.000000,1.000000,0,0,0,0
1097,23,317,779,1.000000,1.000000,1.000000,1.000000,0,0,1,0
1098,21,317,780,1.000000,1.000000,1.000000,1.000000,0,1,0,0
1099,29,318,780,1.000000,1.000000,1.000000,1.000000,0,1,0,0
1100,27,318,781,1.000000,1.000000,1.000000,1.000000,0,1,1,0
1101,29,319,781,1.000000,1.000000,1.000000,1.000000,0,1,1,0
1102,27,319,782,1.000000,1.000000,1.000000,1.000000,0,1,0,0
1103,29,320,782,1.000000,1.000000,1.000000,1.000000,0,1,0,0
1104,27,320,783,1.000000,1.000000,1.000000,1.000000,0,1,0,0
1105,29,321,783,1.000000,1.000000,1.000000,1.000000,0,1,0,0
1106,27,321,784,1.000000,1.000000,1.000000,1.000000,1,1,0,0
1107,29,322,784,1.000000,1.000000,1.000000,1.000000,1,1,0,0
1108,27,322,785,1.000000,1.000000,1.000000,1.000000,0,0,0,0
1109,29,323,785,1.000000,1.000000,1.000000,1.000000,0,0,0,0
1110,27,323,786,1.000000,1.000000,1.000000,1.000000,0,1,0,0
1111,25,323,787,1.000000,1.000000,1.000000,1.000000,0,1,0,0
1112,29,324,787,1.000000,1.000000,1.000000,1.000000,0,1,0,0
1113,27,324,788,1.000000,1.000000,1.000000,1.000000,0,0,0,0
1114,29,325,788,1.000000,1.000000,1.000000,1.000000,0,0,0,0
1115,27,325,789,1.000000,1.000000,1.000000,1.000000,0,0,0,0
1116,25,325,790,1.000000,1.000000,1.000000,1.000000,1,0,0,0
1117,23,325,791,1.000000,1.000000,1.000000,1.000000,0,0,0,0
1118,21,325,792,1.000000,1.000000,1.000000,1.000000,0,0,0,0
1119,19,325,793,1.000000,1.000000,1.000000,1.000000,0,0,0,1
1120,17,325,794,1.000000,1.000000,1.000000,1.000000,0,0,0,0
1121,29,326,794,1.000000,1.000000,1.000000,1.000000,0,0,0,0
1122,27,326,795,1.000000,1.000000,1.000000,1.000000,0,0,0,0
1123,25,326,796,1.000000,1.000000,1.000000,1.000000,0,1,0,0
1124,23,326,797,1.000000,1.000000,1.000000,1.000000,0,0,0,0
1125,29,327,797,1.000000,1.000000,1.000000,1.000000,0,0,0,0
1126,27,327,798,1.000000,1.000000,1.000000,1.000000,0,0,1,0
1127,25,327,799,1.000000,1.000000,1.000000,1.000000,0,0,0,0
1128,29,328,799,1.000000,1.000000,1.000000,1.000000,0,1,0,0
1129,27,328,800,1.000000,1.000000,1.000000,1.000000,0,0,0,0
1130,29,329,800,1.000000,1.000000,1.000000,1.000000,0,0,0,0
1131,27,329,801,1.000000,1.000000,1.000000,1.000000,0,0,0,0
1132,25,329,802,1.000000,1.000000,1.000000,1.000000,0,0,0,0
1133,23,329,803,1.000000,1.000000,1.000000,1.000000,0,0,0,0
1134,21,329,804,1.000000,1.000000,1.000000,1.000000,0,0,0,0
1135,19,329,805,1.000000,1.000000,1.000000,1.000000,0,1,1,0
1136,17,329,806,1.000000,1.000000,1.000000,1.000000,1,0,1,0
1137,29,330,806,1.000000,1.000000,1.000000,1.000000,1,0,1,0
1138,27,330,807,1.000000,1.000000,1.000000,1.000000,0,0,0,0
1139,29,331,807,1.000000,1.000000,1.000000,1.000000,0,0,0,0
1140,27,331,808,1.000000,1.000000,1.000000,1.000000,0,0,0,0
1141,25,331,809,1.000000,1.000000,1.000000,1.000000,0,0,0,0
1142,23,331,810,1.000000,1.000000,1.000000,1.000000,0,1,0,0
1143,21,331,811,1.000000,1.000000,1.000000,1.000000,0,0,0,0
1144,29,332,811,1.000000,1.000000,1.000000,1.000000,0,0,0,0
1145,27,332,812,1.000000,1.000000,1.000000,1.000000,0,0,0,0
1146,25,332,813,1.000000,1.000000,1.000000,1.000000,0,0,0,0
1147,23,332,814,1.000000,1.000000,1.000000,1.000000,1,0,0,1
1148,21,332,815,1.000000,1.000000,1.000000,1.000000,0,0,0,0
1149,29,333,815,1.000000,1.000000,1.000000,1.000000,0,0,0,0
1150,27,333,816,1.000000,1.000000,1.000000,1.000000,1,0,0,0
1151,25,333,817,1.000000,1.000000,1.000000,1.000000,0,0,0,0
1152,29,334,817,1.000000,1.000000,1.000000,1.000000,0,0,0,0
1153,27,334,818,1.000000,1.000000,1.000000,1.000000,1,0,0,0
1154,25,334,819,1.000000,1.000000,1.000000,1.000000,0,0,0,0
1155,29,335,819,1.000000,1.000000,1.000000,1.000000,0,0,0,0
1156,27,335,820,1.000000,1.000000,1.000000,1.000000,1,0,0,0
1157,25,335,821,1.000000,1.000000,1.000000,1.000000,0,0,0,1
1158,29,336,821,1.000000,1.000000,1.000000,1.000000,0,0,0,1
1159,27,336,822,1.000000,1.000000,1.000000,1.000000,0,0,0,0
1160,29,337,822,1.000000,1.000000,1.000000,1.000000,0,0,0,0
1161,27,337,823,1.000000,1.000000,1.000000,1.000000,0,0,0,0
1162,25,337,824,1.000000,1.000000,1.000000,1.000000,0,0,0,0
1163,23,337,825,1.000000,1.000000,1.000000,1.000000,0,0,0,0
1164,21,337,826,1.000000,1.000000,1.000000,1.000000,0,0,0,0
1165,19,337,827,1.000000,1.000000,1.000000,1.000000,0,0,0,0
1166,17,337,828,1.000000,1.000000,1.000000,1.000000,0,0,0,0
1167,15,337,829,1.000000,1.000000,1.000000,1.000000,1,0,0,0
1168,13,337,830,1.000000,1.000000,1.000000,1.000000,1,0,0,0
1169,29,338,830,1.000000,1.000000,1.000000,1.000000,1,0,0,0
1170,27,338,831,1.000000,1.000000,1.000000,1.000000,0,0,0,0
1171,29,339,831,1.000000,1.000000,1.000000,1.000000,0,0,0,0
1172,27,339,832,1.000000,1.000000,1.000000,1.000000,0,0,0,0
1173,25,339,833,1.000000,1.000000,1.000000,1.000000,0,0,0,0
1174,23,339,834,1.000000,1.000000,1.000000,1.000000,0,0,0,0
1175,21,339,835,1.000000,1.000000,1.000000,1.000000,0,1,0,0
1176,19,339,836,1.000000,1.000000,1.000000,1.000000,0,0,0,0
1177,29,340,836,1.000000,1.000000,1.000000,1.000000,0,0,0,0
1178,27,340,837,1.000000,1.000000,1.000000,1.000000,0,0,0,0
1179,25,340,838,1.000000,1.000000,1.000000,1.000000,0,0,1,1
1180,23,340,839,1.000000,1.000000,1.000000,1.000000,0,0,0,0
1181,29,341,839,1.000000,1.000000,1.000000,1.000000,0,0,0,0
1182,27,341,840,1.000000,1.000000,1.000000,1.000000,0,0,1,0
1183,25,341,841,1.000000,1.000000,1.000000,1.000000,1,0,0,0
1184,23,341,842,1.000000,1.000000,1.000000,1.000000,0,0,0,0
1185,29,342,842,1.000000,1.000000,1.000000,1.000000,1,0,0,0
1186,27,342,843,1.000000,1.000000,1.000000,1.000000,0,0,0,0
1187,29,343,843,1.000000,1.000000,1.000000,1.000000,0,0,0,0
1188,27,343,844,1.000000,1.000000,1.000000,1.000000,1,0,0,0
1189,25,343,845,1.000000,1.000000,1.000000,1.000000,0,0,0,0
1190,29,344,845,1.000000,1.000000,1.000000,1.000000,0,0,0,0
1191,27,344,846,1.000000,1.000000,1.000000,1.000000,0,1,0,0
1192,25,344,847,1.000000,1.000000,1.000000,1.000000,0,1,0,0
1193,23,344,848,1.000000,1.000000,1.000000,1.000000,1,0,1,1
1194,21,344,849,1.000000,1.000000,1.000000,1.000000,0,1,0,0
1195,19,344,850,1.000000,1.000000,1.000000,1.000000,1,0,1,1
1196,29,345,850,1.000000,1.000000,1.000000,1.000000,1,0,1,1
1197,27,345,851,1.000000,1.000000,1.000000,1.000000,0,1,0,0
1198,29,346,851,1.000000,1.000000,1.000000,1.000000,0,1,0,0
1199,27,346,852,1.000000,1.000000,1.000000,1.000000,1,0,0,0
1200,25,346,853,1.000000,1.000000,1.000000,1.000000,0,0,0,0
1201,29,347,853,1.000000,1.000000,1.000000,1.000000,0,0,0,0
1202,27,347,854,1.000000,1.000000,1.000000,1.000000,0,0,0,0
1203,25,347,855,1.000000,1.000000,1.000000,1.000000,0,0,0,0
1204,23,347,856,1.000000,1.000000,1.000000,1.000000,0,0,1,0
1205,21,347,857,1.000000,1.000000,1.000000,1.000000,0,0,0,0
1206,29,348,857,1.000000,1.000000,1.000000,1.000000,0,0,0,0
1207,27,348,858,1.000000,1.000000,1.000000,1.000000,0,0,1,0
1208,25,348,859,1.000000,1.000000,1.000000,1.000000,0,0,1,0
1209,29,349,859,1.000000,1.000000,1.000000,1.000000,0,0,1,0
1210,27,349,860,1.000000,1.000000,1.000000,1.000000,0,0,0,0
1211,29,350,860,1.000000,1.000000,1.000000,1.000000,0,0,0,0
1212,27,350,861,1.000000,1.000000,1.000000,1.000000,0,0,0,0
1213,25,350,862,1.000000,1.000000,1.000000,1.000000,0,0,0,0
1214,23,350,863,1.000000,1.000000,1.000000,1.000000,0,0,0,0
1215,21,350,864,1.000000,1.000000,1.000000,1.000000,0,0,0,0
1216,19,350,865,1.000000,1.000000,1.000000,1.000000,0,0,1,0
1217,17,350,866,1.000000,1.000000,1.000000,1.000000,0,0,0,0
1218,15,350,867,1.000000,1.000000,1.000000,1.000000,1,0,0,0
1219,13,350,868,1.000000,1.000000,1.000000,1.000000,0,0,0,0
1220,29,351,868,1.000000,1.000000,1.000000,1.000000,0,0,0,0
1221,27,351,869,1.000000,1.000000,1.000000,1.000000,0,0,0,0
1222,25,351,870,1.000000,1.000000,1.000000,1.000000,0,0,0,1
1223,23,351,871,1.000000,1.000000,1.000000,1.000000,0,0,0,0
1224,29,352,871,1.000000,1.000000,1.000000,1.000000,0,0,0,0
1225,27,352,872,1.000000,1.000000,1.000000,1.000000,0,0,0,1
1226,25,352,873,1.000000,1.000000,1.000000,1.000000,0,0,0,0
1227,29,353,873,1.000000,1.000000,1.000000,1.000000,0,0,0,0
1228,27,353,874,1.000000,1.000000,1.000000,1.000000,0,0,0,0
1229,25,353,875,1.000000,1.000000,1.000000,1.000000,0,0,0,0
1230,23,353,876,1.000000,1.000000,1.000000,1.000000,0,0,0,0
1231,21,353,877,1.000000,1.000000,1.000000,1.000000,0,0,0,0
1232,19,353,878,1.000000,1.000000,1.000000,1.000000,0,0,0,1
1233,17,353,879,1.000000,1.000000,1.000000,1.000000,0,0,0,0
1234,29,354,879,1.000000,1.000000,1.000000,1.000000,0,0,0,0
1235,27,354,880,1.000000,1.000000,1.000000,1.000000,0,0,0,1
1236,25,354,881,1.000000,1.000000,1.000000,1.000000,0,0,0,1
1237,29,355,881,1.000000,1.000000,1.000000,1.000000,0,0,0,1
1238,27,355,882,1.000000,1.000000,1.000000,1.000000,0,0,0,0
1239,29,356,882,1.000000,1.000000,1.000000,1.000000,0,0,0,0
1240,27,356,883,1.000000,1.000000,1.000000,1.000000,0,0,0,0
1241,25,356,884,1.000000,1.000000,1.000000,1.000000,0,0,0,0
1242,23,356,885,1.000000,1.000000,1.000000,1.000000,0,0,0,0
1243,21,356,886,1.000000,1.000000,1.000000,1.000000,0,1,0,0
1244,19,356,887,1.000000,1.000000,1.000000,1.000000,0,0,0,0
1245,29,357,887,1.000000,1.000000,1.000000,1.000000,0,0,0,0
1246,27,357,888,1.000000,1.000000,1.000000,1.000000,0,1,0,0
1247,25,357,889,1.000000,1.000000,1.000000,1.000000,0,1,0,0
1248,29,358,889,1.000000,1.000000,1.000000,1.000000,0,1,0,0
1249,27,358,890,1.000000,1.000000,1.000000,1.000000,1,0,1,0
1250,29,359,890,1.000000,1.000000,1.000000,1.000000,1,0,1,0
1251,27,359,891,1.000000,1.000000,1.000000,1.000000,0,1,0,0
1252,29,360,891,1.000000,1.000000,1.000000,1.000000,0,1,0,0
1253,27,360,892,1.000000,1.000000,1.000000,1.000000,0,0,0,0
1254,29,361,892,1.000000,1.000000,1.000000,1.000000,0,0,0,0
1255,27,361,893,1.000000,1.000000,1.000000,1.000000,0,1,0,0
1256,25,361,894,1.000000,1.000000,1.000000,1.000000,0,0,0,0
1257,23,361,895,1.000000,1.000000,1.000000,1.000000,0,1,0,1
1258,21,361,896,1.000000,1.000000,1.000000,1.000000,0,0,0,0
1259,29,362,896,1.000000,1.000000,1.000000,1.000000,0,0,0,0
1260,27,362,897,1.000000,1.000000,1.000000,1.000000,0,0,0,0
1261,25,362,898,1.000000,1.000000,1.000000,1.000000,1,1,0,0
1262,23,362,899,1.000000,1.000000,1.000000,1.000000,0,1,0,0
1263,29,363,899,1.000000,1.000000,1.000000,1.000000,0,1,0,0
1264,27,363,900,1.000000,1.000000,1.000000,1.000000,0,1,1,0
1265,29,364,900,1.000000,1.000000,1.000000,1.000000,0,1,1,0
1266,27,364,901,1.000000,1.000000,1.000000,1.000000,0,0,0,0
1267,29,365,901,1.000000,1.000000,1.000000,1.000000,0,0,0,0
1268,27,365,902,1.000000,1.000000,1.000000,1.000000,0,1,0,0
1269,25,365,903,1.000000,1.000000,1.000000,1.000000,0,1,0,0
1270,29,366,903,1.000000,1.000000,1.000000,1.000000,0,1,0,0
1271,27,366,904,1.000000,1.000000,1.000000,1.000000,0,0,1,0
1272,29,367,904,1.000000,1.000000,1.000000,1.000000,0,0,1,0
1273,27,367,905,1.000000,1.000000,1.000000,1.000000,0,0,0,0
1274,29,368,905,1.000000,1.000000,1.000000,1.000000,0,0,0,0
1275,27,368,906,1.000000,1.000000,1.000000,1.000000,0,0,0,0
1276,25,368,907,1.000000,1.000000,1.000000,1.000000,0,0,0,0
1277,23,368,908,1.000000,1.000000,1.000000,1.000000,0,1,0,0
1278,21,368,909,1.000000,1.000000,1.000000,1.000000,0,0,1,0
1279,29,369,909,1.000000,1.000000,1.000000,1.000000,0,0,1,0
1280,27,369,910,1.000000,1.000000,1.000000,1.000000,0,0,0,0
1281,29,370,910,1.000000,1.000000,1.000000,1.000000,0,0,0,0
1282,27,370,911,1.000000,1.000000,1.000000,1.000000,0,0,0,0
1283,25,370,912,1.000000,1.000000,1.000000,1.000000,0,0,0,0
1284,23,370,913,1.000000,1.000000,1.000000,1.000000,0,0,0,0
1285,21,370,914,1.000000,1.000000,1.000000,1.000000,0,1,0,0
1286,19,370,915,1.000000,1.000000,1.000000,1.000000,0,0,0,0
1287,29,371,915,1.000000,1.000000,1.000000,1.000000,0,0,0,0
1288,27,371,916,1.000000,1.000000,1.000000,1.000000,0,0,1,0
1289,25,371,917,1.000000,1.000000,1.000000,1.000000,0,1,1,1
1290,29,372,917,1.000000,1.000000,1.000000,1.000000,0,1,1,1
1291,27,372,918,1.000000,1.000000,1.000000,1.000000,0,0,1,0
1292,29,373,918,1.000000,1.000000,1.000000,1.000000,0,0,1,0
1293,27,373,919,1.000000,1.000000,1.000000,1.000000,0,1,1,1
1294,29,374,919,1.000000,1.000000,1.000000,1.000000,0,1,1,1
1295,27,374,920,1.000000,1.000000,1.000000,1.000000,0,1,0,0
1296,29,375,920,1.000000,1.000000,1.000000,1.000000,0,1,0,0
1297,27,375,921,1.000000,1.000000,1.000000,1.000000,1,0,0,0
1298,29,376,921,1.000000,1.000000,1.000000,1.000000,1,0,0,0
1299,27,376,922,1.000000,1.000000,1.000000,1.000000,0,1,0,0
1300,29,377,922,1.000000,1.000000,1.000000,1.000000,0,1,0,0
1301,27,377,923,1.000000,1.000000,1.000000,1.000000,0,0,0,0
1302,29,378,923,1.000000,1.000000,1.000000,1.000000,0,0,0,0
1303,27,378,924,1.000000,1.000000,1.000000,1.000000,0,0,0,0
1304,25,378,925,1.000000,1.000000,1.000000,1.000000,0,0,0,0
1305,29,379,925,1.000000,1.000000,1.000000,1.000000,0,0,0,0
1306,27,379,926,1.000000,1.000000,1.000000,1.000000,1,0,0,0
1307,25,379,927,1.000000,1.000000,1.000000,1.000000,0,0,0,1
1308,23,379,928,1.000000,1.000000,1.000000,1.000000,1,0,0,0
1309,21,379,929,1.000000,1.000000,1.000000,1.000000,0,0,0,0
1310,29,380,929,1.000000,1.000000,1.000000,1.000000,0,0,0,0
1311,27,380,930,1.000000,1.000000,1.000000,1.000000,0,0,0,0
1312,25,380,931,1.000000,1.000000,1.000000,1.000000,0,0,0,1
1313,23,380,932,1.000000,1.000000,1.000000,1.000000,1,0,0,0
1314,21,380,933,1.000000,1.000000,1.000000,1.000000,0,0,1,0
1315,29,381,933,1.000000,1.000000,1.000000,1.000000,0,0,1,0
1316,27,381,934,1.000000,1.000000,1.000000,1.000000,0,0,0,0
1317,29,382,934,1.000000,1.000000,1.000000,1.000000,0,0,0,0
1318,27,382,935,1.000000,1.000000,1.000000,1.000000,0,0,0,0
1319,25,382,936,1.000000,1.000000,1.000000,1.000000,1,0,0,0
1320,23,382,937,1.000000,1.000000,1.000000,1.000000,0,0,0,0
1321,29,383,937,1.000000,1.000000,1.000000,1.000000,0,0,0,0
1322,27,383,938,1.000000,1.000000,1.000000,1.000000,1,0,0,0
1323,25,383,939,1.000000,1.000000,1.000000,1.000000,0,0,0,0
1324,23,383,940,1.000000,1.000000,1.000000,1.000000,0,0,0,0
1325,21,383,941,1.000000,1.000000,1.000000,1.000000,0,0,0,0
1326,19,383,942,1.000000,1.000000,1.000000,1.000000,0,0,0,0
1327,17,383,943,1.000000,1.000000,1.000000,1.000000,0,0,0,0
1328,15,383,944,1.000000,1.000000,1.000000,1.000000,1,0,0,0
1329,13,383,945,1.000000,1.000000,1.000000,1.000000,0,0,0,0
1330,29,384,945,1.000000,1.000000,1.000000,1.000000,0,0,0,0
1331,27,384,946,1.000000,1.000000,1.000000,1.000000,0,0,0,0
1332,25,384,947,1.000000,1.000000,1.000000,1.000000,0,1,0,0
1333,23,384,948,1.000000,1.000000,1.000000,1.000000,0,0,0,0
1334,29,385,948,1.000000,1.000000,1.000000,1.000000,0,0,0,0
1335,27,385,949,1.000000,1.000000,1.000000,1.000000,0,0,0,0
1336,25,385,950,1.000000,1.000000,1.000000,1.000000,0,0,0,0
1337,23,385,951,1.000000,1.000000,1.000000,1.000000,0,0,0,0
1338,21,385,952,1.000000,1.000000,1.000000,1.000000,0,0,0,0
1339,19,385,953,1.000000,1.000000,1.000000,1.000000,0,0,0,0
1340,17,385,954,1.000000,1.000000,1.000000,1.000000,0,0,0,0
1341,15,385,955,1.000000,1.000000,1.000000,1.000000,0,0,0,0
1342,13,385,956,1.000000,1.000000,1.000000,1.000000,0,0,0,1
1343,11,385,957,1.000000,1.000000,1.000000,1.000000,1,0,0,1
1344,29,386,957,1.000000,1.000000,1.000000,1.000000,1,0,0,1
1345,27,386,958,1.000000,1.000000,1.000000,1.000000,1,0,0,0
1346,29,387,958,1.000000,1.000000,1.000000,1.000000,1,0,0,0
1347,27,387,959,1.000000,1.000000,1.000000,1.000000,0,1,0,1
1348,25,387,960,1.000000,1.000000,1.000000,1.000000,0,1,0,0
1349,29,388,960,1.000000,1.000000,1.000000,1.000000,0,1,0,0
1350,27,388,961,1.000000,1.000000,1.000000,1.000000,0,1,0,0
1351,29,389,961,1.000000,1.000000,1.000000,1.000000,0,1,0,0
1352,27,389,962,1.000000,1.000000,1.000000,1.000000,0,0,0,0
1353,29,390,962,1.000000,1.000000,1.000000,1.000000,0,0,0,0
1354,27,390,963,1.000000,1.000000,1.000000,1.000000,0,0,0,0
1355,25,390,964,1.000000,1.000000,1.000000,1.000000,0,0,0,0
1356,23,390,965,1.000000,1.000000,1.000000,1.000000,0,0,0,0
1357,21,390,966,1.000000,1.000000,1.000000,1.000000,0,0,0,0
1358,19,390,967,1.000000,1.000000,1.000000,1.000000,0,0,0,0
1359,29,391,967,1.000000,1.000000,1.000000,1.000000,0,0,0,0
1360,27,391,968,1.000000,1.000000,1.000000,1.000000,0,0,0,0
1361,25,391,969,1.000000,1.000000,1.000000,1.000000,0,0,0,1
1362,23,391,970,1.000000,1.000000,1.000000,1.000000,0,0,0,0
1363,29,392,970,1.000000,1.000000,1.000000,1.000000,0,0,0,0
1364,27,392,971,1.000000,1.000000,1.000000,1.000000,1,0,1,0
1365,25,392,972,1.000000,1.000000,1.000000,1.000000,0,0,1,0
1366,29,393,972,1.000000,1.000000,1.000000,1.000000,0,0,1,0
1367,27,393,973,1.000000,1.000000,1.000000,1.000000,0,0,0,1
1368,25,393,974,1.000000,1.000000,1.000000,1.000000,0,1,1,0
1369,29,394,974,1.000000,1.000000,1.000000,1.000000,0,1,1,0
1370,27,394,975,1.000000,1.000000,1.000000,1.000000,0,0,0,0
1371,29,395,975,1.000000,1.000000,1.000000,1.000000,0,0,0,0
1372,27,395,976,1.000000,1.000000,1.000000,1.000000,0,0,1,1
1373,25,395,977,1.000000,1.000000,1.000000,1.000000,0,0,0,0
1374,29,396,977,1.000000,1.000000,1.000000,1.000000,0,0,0,0
1375,27,396,978,1.000000,1.000000,1.000000,1.000000,0,1,0,0
1376,25,396,979,1.000000,1.000000,1.000000,1.000000,0,0,0,0
1377,23,396,980,1.000000,1.000000,1.000000,1.000000,0,1,1,0
1378,21,396,981,1.000000,1.000000,1.000000,1.000000,0,0,0,0
1379,29,397,981,1.000000,1.000000,1.000000,1.000000,0,0,0,0
1380,27,397,982,1.000000,1.000000,1.000000,1.000000,0,0,1,0
1381,25,397,983,1.000000,1.000000,1.000000,1.000000,0,0,1,0
1382,23,397,984,1.000000,1.000000,1.000000,1.000000,1,0,0,0
1383,29,398,984,1.000000,1.000000,1.000000,1.000000,1,0,0,0
1384,27,398,985,1.000000,1.000000,1.000000,1.000000,0,0,0,0
1385,29,399,985,1.000000,1.000000,1.000000,1.000000,0,0,0,0
1386,27,399,986,1.000000,1.000000,1.000000,1.000000,0,0,0,0
1387,25,399,987,1.000000,1.000000,1.000000,1.000000,0,0,0,0
1388,23,399,988,1.000000,1.000000,1.000000,1.000000,0,1,0,0
1389,21,399,989,1.000000,1.000000,1.000000,1.000000,0,0,0,0
1390,19,399,990,1.000000,1.000000,1.000000,1.000000,0,1,1,0
1391,17,399,991,1.000000,1.000000,1.000000,1.000000,0,0,0,0
1392,29,400,991,1.000000,1.000000,1.000000,1.000000,0,0,0,0
1393,27,400,992,1.000000,1.000000,1.000000,1.000000,0,1,0,0
1394,25,400,993,1.000000,1.000000,1.000000,1.000000,0,0,0,0
1395,29,401,993,1.000000,1.000000,1.000000,1.000000,0,0,0,0
1396,27,401,994,1.000000,1.000000,1.000000,1.000000,0,1,0,0
1397,25,401,995,1.000000,1.000000,1.000000,1.000000,0,0,0,0
1398,29,402,995,1.000000,1.000000,1.000000,1.000000,0,0,0,0
1399,27,402,996,1.000000,1.000000,1.000000,1.000000,1,1,0,0
1400,25,402,997,1.000000,1.000000,1.000000,1.000000,1,1,0,0
1401,29,403,997,1.000000,1.000000,1.000000,1.000000,1,1,0,0
1402,27,403,998,1.000000,1.000000,1.000000,1.000000,1,0,1,0
1403,29,404,998,1.000000,1.000000,1.000000,1.000000,1,0,1,0
1404,27,404,999,1.000000,1.000000,1.000000,1.000000,0,0,0,0
1405,29,405,999,1.000000,1.000000,1.000000,1.000000,0,0,0,0
1406,27,405,1000,1.000000,1.000000,1.000000,1.000000,0,0,0,0
1407,25,405,1001,1.000000,1.000000,1.000000,1.000000,0,0,0,0
1408,23,405,1002,1.000000,1.000000,1.000000,1.000000,0,0,0,1
1409,21,405,1003,1.000000,1.000000,1.000000,1.000000,0,0,0,0
1410,29,406,1003,1.000000,1.000000,1.000000,1.000000,0,0,0,0
1411,27,406,1004,1.000000,1.000000,1.000000,1.000000,0,1,0,0
1412,25,406,1005,1.000000,1.000000,1.000000,1.000000,0,0,0,0
1413,29,407,1005,1.000000,1.000000,1.000000,1.000000,0,0,0,0
1414,27,407,1006,1.000000,1.000000,1.000000,1.000000,0,0,1,0
1415,25,407,1007,1.000000,1.000000,1.000000,1.000000,0,0,0,0
1416,29,408,1007,1.000000,1.000000,1.000000,1.000000,0,0,0,0
1417,27,408,1008,1.000000,1.000000,1.000000,1.000000,0,1,0,0
1418,25,408,1009,1.000000,1.000000,1.000000,1.000000,0,0,0,0
1419,29,409,1009,1.000000,1.000000,1.000000,1.000000,0,0,0,0
1420,27,409,1010,1.000000,1.000000,1.000000,1.000000,0,0,1,0
1421,25,409,1011,1.000000,1.000000,1.000000,1.000000,0,0,0,0
1422,29,410,1011,1.000000,1.000000,1.000000,1.000000,0,0,0,0
1423,27,410,1012,1.000000,1.000000,1.000000,1.000000,0,1,1,1
1424,25,410,1013,1.000000,1.000000,1.000000,1.000000,0,1,0,0
1425,23,410,1014,1.000000,1.000000,1.000000,1.000000,0,1,1,1
1426,29,411,1014,1.000000,1.000000,1.000000,1.000000,0,1,1,1
1427,27,411,1015,1.000000,1.000000,1.000000,1.000000,0,0,0,0
1428,29,412,1015,1.000000,1.000000,1.000000,1.000000,0,0,0,0
1429,27,412,1016,1.000000,1.000000,1.000000,1.000000,0,0,1,1
1430,25,412,1017,1.000000,1.000000,1.000000,1.000000,0,0,0,0
1431,29,413,1017,1.000000,1.000000,1.000000,1.000000,0,0,0,0
1432,27,413,1018,1.000000,1.000000,1.000000,1.000000,0,1,0,1
1433,25,413,1019,1.000000,1.000000,1.000000,1.000000,0,0,0,0
1434,29,414,1019,1.000000,1.000000,1.000000,1.000000,0,0,0,0
1435,27,414,1020,1.000000,1.000000,1.000000,1.000000,0,1,0,0
1436,25,414,1021,1.000000,1.000000,1.000000,1.000000,0,0,0,0
1437,29,415,1021,1.000000,1.000000,1.000000,1.000000,0,0,0,0
1438,27,415,1022,1.000000,1.000000,1.000000,1.000000,0,1,0,0
1439,25,415,1023,1.000000,1.000000,1.000000,1.000000,0,0,0,0
1440,29,416,1023,1.000000,1.000000,1.000000,1.000000,0,0,0,0
1441,27,416,1024,1.000000,1.000000,1.000000,1.000000,1,0,1,0
1442,25,416,1025,1.000000,1.000000,1.000000,1.000000,1,0,0,0
1443,29,417,1025,1.000000,1.000000,1.000000,1.000000,1,0,0,0
1444,27,417,1026,1.000000,1.000000,1.000000,1.000000,0,1,0,1
1445,25,417,1027,1.000000,1.000000,1.000000,1.000000,0,0,0,1
1446,29,418,1027,1.000000,1.000000,1.000000,1.000000,0,0,0,1
1447,27,418,1028,1.000000,1.000000,1.000000,1.000000,0,0,0,1
1448,29,419,1028,1.000000,1.000000,1.000000,1.000000,0,0,0,1
1449,27,419,1029,1.000000,1.000000,1.000000,1.000000,0,0,0,0
1450,29,420,1029,1.000000,1.000000,1.000000,1.000000,0,0,0,0
1451,27,420,1030,1.000000,1.000000,1.000000,1.000000,1,0,0,1
1452,25,420,1031,1.000000,1.000000,1.000000,1.000000,0,1,0,0
1453,29,421,1031,1.000000,1.000000,1.000000,1.000000,0,1,0,0
1454,27,421,1032,1.000000,1.000000,1.000000,1.000000,1,0,0,0
1455,29,422,1032,1.000000,1.000000,1.000000,1.000000,1,0,0,0
1456,27,422,1033,1.000000,1.000000,1.000000,1.000000,0,0,0,0
1457,29,423,1033,1.000000,1.000000,1.000000,1.000000,0,0,0,0
1458,27,423,1034,1.000000,1.000000,1.000000,1.000000,0,0,0,0
1459,25,423,1035,1.000000,1.000000,1.000000,1.000000,0,0,0,0
1460,23,423,1036,1.000000,1.000000,1.000000,1.000000,0,0,0,0
1461,21,423,1037,1.000000,1.000000,1.000000,1.000000,0,1,0,0
1462,19,423,1038,1.000000,1.000000,1.000000,1.000000,0,1,0,0
1463,29,424,1038,1.000000,1.000000,1.000000,1.000000,0,1,0,0
1464,27,424,1039,1.000000,1.000000,1.000000,1.000000,0,1,1,0
1465,29,425,1039,1.000000,1.000000,1.000000,1.000000,0,1,1,0
1466,27,425,1040,1.000000,1.000000,1.000000,1.000000,0,0,0,0
1467,29,426,1040,1.000000,1.000000,1.000000,1.000000,0,0,0,0
1468,27,426,1041,1.000000,1.000000,1.000000,1.000000,0,1,0,1
1469,25,426,1042,1.000000,1.000000,1.000000,1.000000,0,0,0,0
1470,29,427,1042,1.000000,1.000000,1.000000,1.000000,0,0,0,0
1471,27,427,1043,1.000000,1.000000,1.000000,1.000000,0,0,0,0
1472,25,427,1044,1.000000,1.000000,1.000000,1.000000,0,0,0,0
1473,23,427,1045,1.000000,1.000000,1.000000,1.000000,0,0,0,1
1474,21,427,1046,1.000000,1.000000,1.000000,1.000000,0,0,0,0
1475,29,428,1046,1.000000,1.000000,1.000000,1.000000,0,0,0,0
1476,27,428,1047,1.000000,1.000000,1.000000,1.000000,0,0,0,0
1477,25,428,1048,1.000000,1.000000,1.000000,1.000000,0,0,0,0
1478,23,428,1049,1.000000,1.000000,1.000000,1.000000,0,0,1,0
1479,21,428,1050,1.000000,1.000000,1.000000,1.000000,0,1,0,0
1480,29,429,1050,1.000000,1.000000,1.000000,1.000000,0,1,0,0
1481,27,429,1051,1.000000,1.000000,1.000000,1.000000,0,1,0,0
1482,29,430,1051,1.000000,1.000000,1.000000,1.000000,0,1,0,0
1483,27,430,1052,1.000000,1.000000,1.000000,1.000000,0,0,0,0
1484,29,431,1052,1.000000,1.000000,1.000000,1.000000,0,0,0,0
1485,27,431,1053,1.000000,1.000000,1.000000,1.000000,0,0,1,0
1486,25,431,1054,1.000000,1.000000,1.000000,1.000000,0,0,0,0
1487,29,432,1054,1.000000,1.000000,1.000000,1.000000,0,0,0,0
1488,27,432,1055,1.000000,1.000000,1.000000,1.000000,0,0,0,0
1489,25,432,1056,1.000000,1.000000,1.000000,1.000000,0,0,0,0
1490,23,432,1057,1.000000,1.000000,1.000000,1.000000,0,0,0,0
1491,21,432,1058,1.000000,1.000000,1.000000,1.000000,0,0,0,0
1492,19,432,1059,1.000000,1.000000,1.000000,1.000000,0,1,0,0
1493,17,432,1060,1.000000,1.000000,1.000000,1.000000,0,0,0,0
1494,29,433,1060,1.000000,1.000000,1.000000,1.000000,0,0,0,0
1495,27,433,1061,1.000000,1.000000,1.000000,1.000000,0,0,0,0
1496,25,433,1062,1.000000,1.000000,1.000000,1.000000,0,0,0,0
1497,23,433,1063,1.000000,1.000000,1.000000,1.000000,0,0,0,0
1498,21,433,1064,1.000000,1.000000,1.000000,1.000000,0,0,0,0
1499,19,433,1065,1.000000,1.000000,1.000000,1.000000,0,0,0,0
1500,17,433,1066,1.000000,1.000000,1.000000,1.000000,0,1,0,0
1501,15,433,1067,1.000000,1.000000,1.000000,1.000000,0,0,0,0
1502,29,434,1067,1.000000,1.000000,1.000000,1.000000,0,0,0,0
1503,27,434,1068,1.000000,1.000000,1.000000,1.000000,0,0,0,0
1504,25,434,1069,1.000000,1.000000,1.000000,1.000000,0,0,0,0
1505,23,434,1070,1.000000,1.000000,1.000000,1.000000,0,0,0,0
1506,21,434,1071,1.000000,1.000000,1.000000,1.000000,0,0,0,0
1507,19,434,1072,1.000000,1.000000,1.000000,1.000000,0,0,0,0
1508,17,434,1073,1.000000,1.000000,1.000000,1.000000,1,0,0,0
1509,15,434,1074,1.000000,1.000000,1.000000,1.000000,0,0,0,1
1510,29,435,1074,1.000000,1.000000,1.000000,1.000000,0,0,0,1
1511,27,435,1075,1.000000,1.000000,1.000000,1.000000,0,0,0,0
1512,29,436,1075,1.000000,1.000000,1.000000,1.000000,0,0,0,0
1513,27,436,1076,1.000000,1.000000,1.000000,1.000000,0,0,0,0
1514,25,436,1077,1.000000,1.000000,1.000000,1.000000,0,0,0,0
1515,23,436,1078,1.000000,1.000000,1.000000,1.000000,0,0,0,0
1516,21,436,1079,1.000000,1.000000,1.000000,1.000000,0,0,0,1
1517,19,436,1080,1.000000,1.000000,1.000000,1.000000,0,0,0,0
1518,17,436,1081,1.000000,1.000000,1.000000,1.000000,0,0,0,0
1519,15,436,1082,1.000000,1.000000,1.000000,1.000000,0,0,0,0
1520,13,436,1083,1.000000,1.000000,1.000000,1.000000,0,0,0,0
1521,11,436,1084,1.000000,1.000000,1.000000,1.000000,0,0,0,0
1522,9,436,1085,1.000000,1.000000,1.000000,1.000000,0,0,1,0
1523,7,436,1086,1.000000,1.000000,1.000000,1.000000,0,0,0,0
1524,29,437,1086,1.000000,1.000000,1.000000,1.000000,0,0,0,0
1525,27,437,1087,1.000000,1.000000,1.000000,1.000000,0,0,0,0
1526,25,437,1088,1.000000,1.000000,1.000000,1.000000,0,0,1,0
1527,23,437,1089,1.000000,1.000000,1.000000,1.000000,0,1,1,1
1528,29,438,1089,1.000000,1.000000,1.000000,1.000000,0,1,1,1
1529,27,438,1090,1.000000,1.000000,1.000000,1.000000,0,0,0,0
1530,29,439,1090,1.000000,1.000000,1.000000,1.000000,0,0,0,0
1531,27,439,1091,1.000000,1.000000,1.000000,1.000000,0,1,0,1
1532,25,439,1092,1.000000,1.000000,1.000000,1.000000,0,0,0,0
1533,29,440,1092,1.000000,1.000000,1.000000,1.000000,0,0,0,0
1534,27,440,1093,1.000000,1.000000,1.000000,1.000000,0,0,0,1
1535,25,440,1094,1.000000,1.000000,1.000000,1.000000,0,0,0,0
1536,29,441,1094,1.000000,1.000000,1.000000,1.000000,0,0,0,0
1537,27,441,1095,1.000000,1.000000,1.000000,1.000000,0,0,0,0
1538,25,441,1096,1.000000,1.000000,1.000000,1.000000,0,0,0,0
1539,23,441,1097,1.000000,1.000000,1.000000,1.000000,0,0,0,0
1540,21,441,1098,1.000000,1.000000,1.000000,1.000000,0,0,0,0
1541,19,441,1099,1.000000,1.000000,1.000000,1.000000,0,0,1,0
1542,17,441,1100,1.000000,1.000000,1.000000,1.000000,0,0,1,0
1543,29,442,1100,1.000000,1.000000,1.000000,1.000000,0,0,1,0
1544,27,442,1101,1.000000,1.000000,1.000000,1.000000,0,0,1,0
1545,29,443,1101,1.000000,1.000000,1.000000,1.000000,0,0,1,0
1546,27,443,1102,1.000000,1.000000,1.000000,1.000000,0,0,0,0
1547,25,443,1103,1.000000,1.000000,1.000000,1.000000,0,0,1,0
1548,23,443,1104,1.000000,1.000000,1.000000,1.000000,0,0,0,0
1549,21,443,1105,1.000000,1.000000,1.000000,1.000000,0,0,1,0
1550,19,443,1106,1.000000,1.000000,1.000000,1.000000,0,1,0,0
1551,29,444,1106,1.000000,1.000000,1.000000,1.000000,0,1,0,0
1552,27,444,1107,1.000000,1.000000,1.000000,1.000000,0,0,0,0
1553,29,445,1107,1.000000,1.000000,1.000000,1.000000,0,0,0,0
1554,27,445,1108,1.000000,1.000000,1.000000,1.000000,0,0,0,0
1555,25,445,1109,1.000000,1.000000,1.000000,1.000000,0,0,0,0
1556,23,445,1110,1.000000,1.000000,1.000000,1.000000,0,0,0,0
1557,21,445,1111,1.000000,1.000000,1.000000,1.000000,0,0,0,0
1558,19,445,1112,1.000000,1.000000,1.000000,1.000000,0,0,0,0
1559,17,445,1113,1.000000,1.000000,1.000000,1.000000,1,0,0,0
1560,15,445,1114,1.000000,1.000000,1.000000,1.000000,0,0,0,0
1561,13,445,1115,1.000000,1.000000,1.000000,1.000000,1,1,0,1
1562,11,445,1116,1.000000,1.000000,1.000000,1.000000,0,0,0,0
1563,29,446,1116,1.000000,1.000000,1.000000,1.000000,0,0,0,0
1564,27,446,1117,1.000000,1.000000,1.000000,1.000000,0,0,0,0
1565,25,446,1118,1.000000,1.000000,1.000000,1.000000,0,0,0,0
1566,23,446,1119,1.000000,1.000000,1.000000,1.000000,0,0,0,1
1567,21,446,1120,1.000000,1.000000,1.000000,1.000000,0,0,1,0
1568,29,447,1120,1.000000,1.000000,1.000000,1.000000,0,0,1,0
1569,27,447,1121,1.000000,1.000000,1.000000,1.000000,0,0,1,0
1570,25,447,1122,1.000000,1.000000,1.000000,1.000000,1,1,0,0
1571,29,448,1122,1.000000,1.000000,1.000000,1.000000,1,1,0,0
1572,27,448,1123,1.000000,1.000000,1.000000,1.000000,0,0,0,0
1573,29,449,1123,1.000000,1.000000,1.000000,1.000000,0,0,0,0
1574,27,449,1124,1.000000,1.000000,1.000000,1.000000,0,0,0,0
1575,25,449,1125,1.000000,1.000000,1.000000,1.000000,0,0,0,0
1576,23,449,1126,1.000000,1.000000,1.000000,1.000000,0,0,0,0
1577,21,449,1127,1.000000,1.000000,1.000000,1.000000,0,0,0,0
1578,19,449,1128,1.000000,1.000000,1.000000,1.000000,0,0,1,0
1579,17,449,1129,1.000000,1.000000,1.000000,1.000000,0,0,0,0
1580,29,450,1129,1.000000,1.000000,1.000000,1.000000,0,0,0,0
1581,27,450,1130,1.000000,1.000000,1.000000,1.000000,0,0,0,0
1582,25,450,1131,1.000000,1.000000,1.000000,1.000000,0,0,0,1
1583,23,450,1132,1.000000,1.000000,1.000000,1.000000,0,0,0,0
1584,29,451,1132,1.000000,1.000000,1.000000,1.000000,0,0,0,0
1585,27,451,1133,1.000000,1.000000,1.000000,1.000000,0,0,0,0
1586,25,451,1134,1.000000,1.000000,1.000000,1.000000,0,0,0,0
1587,23,451,1135,1.000000,1.000000,1.000000,1.000000,0,0,0,0
1588,21,451,1136,1.000000,1.000000,1.000000,1.000000,0,0,0,0
1589,19,451,1137,1.000000,1.000000,1.000000,1.000000,0,0,0,0
1590,17,451,1138,1.000000,1.000000,1.000000,1.000000,0,0,0,0
1591,15,451,1139,1.000000,1.000000,1.000000,1.000000,0,0,0,0
1592,13,451,1140,1.000000,1.000000,1.000000,1.000000,0,0,0,0
1593,11,451,1141,1.000000,1.000000,1.000000,1.000000,0,0,0,0
1594,9,451,1142,1.000000,1.000000,1.000000,1.000000,0,0,0,0
1595,7,451,1143,1.000000,1.000000,1.000000,1.000000,1,0,0,0
1596,5,451,1144,1.000000,1.000000,1.000000,1.000000,0,0,0,0
1597,29,452,1144,1.000000,1.000000,1.000000,1.000000,0,0,0,0
1598,27,452,1145,1.000000,1.000000,1.000000,1.000000,0,0,0,1
1599,25,452,1146,1.000000,1.000000,1.000000,1.000000,0,0,0,1
1600,29,453,1146,1.000000,1.000000,1.000000,1.000000,0,0,0,1
1601,27,453,1147,1.000000,1.000000,1.000000,1.000000,0,0,1,1
1602,29,454,1147,1.000000,1.000000,1.000000,1.000000,0,0,1,1
1603,27,454,1148,1.000000,1.000000,1.000000,1.000000,0,0,0,0
1604,29,455,1148,1.000000,1.000000,1.000000,1.000000,0,0,0,0
1605,27,455,1149,1.000000,1.000000,1.000000,1.000000,0,1,0,0
1606,25,455,1150,1.000000,1.000000,1.000000,1.000000,0,0,0,0
1607,29,456,1150,1.000000,1.000000,1.000000,1.000000,0,0,0,0
1608,27,456,1151,1.000000,1.000000,1.000000,1.000000,0,0,1,0
1609,25,456,1152,1.000000,1.000000,1.000000,1.000000,0,0,1,0
1610,29,457,1152,1.000000,1.000000,1.000000,1.000000,0,0,1,0
1611,27,457,1153,1.000000,1.000000,1.000000,1.000000,0,0,1,0
1612,29,458,1153,1.000000,1.000000,1.000000,1.000000,0,0,1,0
1613,27,458,1154,1.000000,1.000000,1.000000,1.000000,0,1,0,0
1614,29,459,1154,1.000000,1.000000,1.000000,1.000000,0,1,0,0
1615,27,459,1155,1.000000,1.000000,1.000000,1.000000,0,0,0,0
1616,29,460,1155,1.000000,1.000000,1.000000,1.000000,0,0,0,0
1617,27,460,1156,1.000000,1.000000,1.000000,1.000000,0,0,0,0
1618,25,460,1157,1.000000,1.000000,1.000000,1.000000,0,1,1,0
1619,23,460,1158,1.000000,1.000000,1.000000,1.000000,0,0,0,1
1620,29,461,1158,1.000000,1.000000,1.000000,1.000000,0,0,0,1
1621,27,461,1159,1.000000,1.000000,1.000000,1.000000,0,0,0,0
1622,29,462,1159,1.000000,1.000000,1.000000,1.000000,0,0,0,0
1623,27,462,1160,1.000000,1.000000,1.000000,1.000000,0,0,0,0
1624,25,462,1161,1.000000,1.000000,1.000000,1.000000,1,1,1,0
1625,23,462,1162,1.000000,1.000000,1.000000,1.000000,0,0,0,0
1626,29,463,1162,1.000000,1.000000,1.000000,1.000000,0,0,0,0
1627,27,463,1163,1.000000,1.000000,1.000000,1.000000,0,0,1,0
1628,25,463,1164,1.000000,1.000000,1.000000,1.000000,0,1,0,0
1629,29,464,1164,1.000000,1.000000,1.000000,1.000000,0,1,0,0
1630,27,464,1165,1.000000,1.000000,1.000000,1.000000,0,1,0,0
1631,29,465,1165,1.000000,1.000000,1.000000,1.000000,0,1,0,0
1632,27,465,1166,1.000000,1.000000,1.000000,1.000000,0,1,0,0
1633,29,466,1166,1.000000,1.000000,1.000000,1.000000,0,1,0,0
1634,27,466,1167,1.000000,1.000000,1.000000,1.000000,0,1,0,0
1635,29,467,1167,1.000000,1.000000,1.000000,1.000000,0,1,0,0
1636,27,467,1168,1.000000,1.000000,1.000000,1.000000,0,0,1,0
1637,29,468,1168,1.000000,1.000000,1.000000,1.000000,0,0,1,0
1638,27,468,1169,1.000000,1.000000,1.000000,1.000000,0,0,0,0
1639,29,469,1169,1.000000,1.000000,1.000000,1.000000,0,0,0,0
1640,27,469,1170,1.000000,1.000000,1.000000,1.000000,0,1,0,0
1641,25,469,1171,1.000000,1.000000,1.000000,1.000000,0,0,0,0
1642,23,469,1172,1.000000,1.000000,1.000000,1.000000,0,1,0,0
1643,21,469,1173,1.000000,1.000000,1.000000,1.000000,0,0,0,0
1644,29,470,1173,1.000000,1.000000,1.000000,1.000000,0,0,0,0
1645,27,470,1174,1.000000,1.000000,1.000000,1.000000,0,0,0,0
1646,25,470,1175,1.000000,1.000000,1.000000,1.000000,0,0,0,0
1647,23,470,1176,1.000000,1.000000,1.000000,1.000000,1,0,0,0
1648,21,470,1177,1.000000,1.000000,1.000000,1.000000,1,1,0,0
1649,29,471,1177,1.000000,1.000000,1.000000,1.000000,1,1,0,0
1650,27,471,1178,1.000000,1.000000,1.000000,1.000000,0,0,0,0
1651,29,472,1178,1.000000,1.000000,1.000000,1.000000,0,0,0,0
1652,27,472,1179,1.000000,1.000000,1.000000,1.000000,0,0,0,0
1653,25,472,1180,1.000000,1.000000,1.000000,1.000000,0,0,0,0
1654,23,472,1181,1.000000,1.000000,1.000000,1.000000,0,0,0,0
1655,21,472,1182,1.000000,1.000000,1.000000,1.000000,1,0,0,0
1656,19,472,1183,1.000000,1.000000,1.000000,1.000000,0,0,0,0
1657,29,473,1183,1.000000,1.000000,1.000000,1.000000,0,0,0,0
1658,27,473,1184,1.000000,1.000000,1.000000,1.000000,0,0,0,0
1659,25,473,1185,1.000000,1.000000,1.000000,1.000000,0,0,0,0
1660,23,473,1186,1.000000,1.000000,1.000000,1.000000,0,0,0,0
1661,21,473,1187,1.000000,1.000000,1.000000,1.000000,0,0,0,0
1662,19,473,1188,1.000000,1.000000,1.000000,1.000000,0,0,0,0
1663,17,473,1189,1.000000,1.000000,1.000000,1.000000,0,0,0,0
1664,15,473,1190,1.000000,1.000000,1.000000,1.000000,0,0,0,0
1665,13,473,1191,1.000000,1.000000,1.000000,1.000000,0,0,1,0
1666,11,473,1192,1.000000,1.000000,1.000000,1.000000,0,0,1,1
1667,29,474,1192,1.000000,1.000000,1.000000,1.000000,0,0,1,1
1668,27,474,1193,1.000000,1.000000,1.000000,1.000000,0,0,0,0
1669,29,475,1193,1.000000,1.000000,1.000000,1.000000,0,0,0,0
1670,27,475,1194,1.000000,1.000000,1.000000,1.000000,0,0,0,1
1671,25,475,1195,1.000000,1.000000,1.000000,1.000000,0,0,0,1
1672,23,475,1196,1.000000,1.000000,1.000000,1.000000,0,1,0,1
1673,29,476,1196,1.000000,1.000000,1.000000,1.000000,0,1,0,1
1674,27,476,1197,1.000000,1.000000,1.000000,1.000000,0,0,0,1
1675,25,476,1198,1.000000,1.000000,1.000000,1.000000,0,1,0,0
1676,29,477,1198,1.000000,1.000000,1.000000,1.000000,0,1,0,0
1677,27,477,1199,1.000000,1.000000,1.000000,1.000000,0,0,0,0
1678,29,478,1199,1.000000,1.000000,1.000000,1.000000,0,0,0,0
1679,27,478,1200,1.000000,1.000000,1.000000,1.000000,0,0,0,0
1680,25,478,1201,1.000000,1.000000,1.000000,1.000000,0,0,0,0
1681,23,478,1202,1.000000,1.000000,1.000000,1.000000,0,1,0,0
1682,21,478,1203,1.000000,1.000000,1.000000,1.000000,0,1,0,0
1683,29,479,1203,1.000000,1.000000,1.000000,1.000000,0,1,0,0
1684,27,479,1204,1.000000,1.000000,1.000000,1.000000,0,0,1,0
1685,29,480,1204,1.000000,1.000000,1.000000,1.000000,0,0,1,0
1686,27,480,1205,1.000000,1.000000,1.000000,1.000000,0,0,0,0
1687,29,481,1205,1.000000,1.000000,1.000000,1.000000,0,0,0,0
1688,27,481,1206,1.000000,1.000000,1.000000,1.000000,0,0,0,0
1689,25,481,1207,1.000000,1.000000,1.000000,1.000000,0,0,0,0
1690,23,481,1208,1.000000,1.000000,1.000000,1.000000,0,0,0,0
1691,21,481,1209,1.000000,1.000000,1.000000,1.000000,0,0,0,0
1692,19,481,1210,1.000000,1.000000,1.000000,1.000000,0,0,1,0
1693,17,481,1211,1.000000,1.000000,1.000000,1.000000,0,0,0,0
1694,29,482,1211,1.000000,1.000000,1.000000,1.000000,0,0,0,0
1695,27,482,1212,1.000000,1.000000,1.000000,1.000000,0,0,1,0
1696,25,482,1213,1.000000,1.000000,1.000000,1.000000,0,1,0,0
1697,23,482,1214,1.000000,1.000000,1.000000,1.000000,0,1,0,1
1698,29,483,1214,1.000000,1.000000,1.000000,1.000000,0,1,0,1
1699,27,483,1215,1.000000,1.000000,1.000000,1.000000,0,0,0,0
1700,29,484,1215,1.000000,1.000000,1.000000,1.000000,0,0,0,0
1701,27,484,1216,1.000000,1.000000,1.000000,1.000000,0,0,0,1
1702,25,484,1217,1.000000,1.000000,1.000000,1.000000,0,0,0,0
1703,29,485,1217,1.000000,1.000000,1.000000,1.000000,0,0,0,0
1704,27,485,1218,1.000000,1.000000,1.000000,1.000000,0,0,0,0
1705,25,485,1219,1.000000,1.000000,1.000000,1.000000,0,0,0,0
1706,23,485,1220,1.000000,1.000000,1.000000,1.000000,0,0,0,0
1707,21,485,1221,1.000000,1.000000,1.000000,1.000000,0,0,0,0
1708,19,485,1222,1.000000,1.000000,1.000000,1.000000,1,0,0,0
1709,17,485,1223,1.000000,1.000000,1.000000,1.000000,0,0,0,0
1710,29,486,1223,1.000000,1.000000,1.000000,1.000000,0,0,0,0
1711,27,486,1224,1.000000,1.000000,1.000000,1.000000,0,0,0,1
1712,25,486,1225,1.000000,1.000000,1.000000,1.000000,0,1,0,0
1713,23,486,1226,1.000000,1.000000,1.000000,1.000000,0,0,0,0
1714,29,487,1226,1.000000,1.000000,1.000000,1.000000,0,0,0,0
1715,27,487,1227,1.000000,1.000000,1.000000,1.000000,1,0,0,0
1716,25,487,1228,1.000000,1.000000,1.000000,1.000000,0,0,0,0
1717,29,488,1228,1.000000,1.000000,1.000000,1.000000,0,0,0,0
1718,27,488,1229,1.000000,1.000000,1.000000,1.000000,1,0,0,0
1719,25,488,1230,1.000000,1.000000,1.000000,1.000000,0,0,0,1
1720,29,489,1230,1.000000,1.000000,1.000000,1.000000,0,0,0,1
1721,27,489,1231,1.000000,1.000000,1.000000,1.000000,1,0,0,0
1722,29,490,1231,1.000000,1.000000,1.000000,1.000000,1,0,0,0
1723,27,490,1232,1.000000,1.000000,1.000000,1.000000,0,0,0,0
1724,29,491,1232,1.000000,1.000000,1.000000,1.000000,0,0,0,0
1725,27,491,1233,1.000000,1.000000,1.000000,1.000000,0,0,0,0
1726,25,491,1234,1.000000,1.000000,1.000000,1.000000,0,0,0,0
1727,23,491,1235,1.000000,1.000000,1.000000,1.000000,0,0,0,1
1728,21,491,1236,1.000000,1.000000,1.000000,1.000000,0,0,0,1
1729,29,492,1236,1.000000,1.000000,1.000000,1.000000,0,0,0,1
1730,27,492,1237,1.000000,1.000000,1.000000,1.000000,1,0,0,0
1731,29,493,1237,1.000000,1.000000,1.000000,1.000000,1,0,0,0
1732,27,493,1238,1.000000,1.000000,1.000000,1.000000,0,0,0,0
1733,29,494,1238,1.000000,1.000000,1.000000,1.000000,0,0,0,0
1734,27,494,1239,1.000000,1.000000,1.000000,1.000000,0,0,0,0
1735,25,494,1240,1.000000,1.000000,1.000000,1.000000,0,0,0,0
1736,23,494,1241,1.000000,1.000000,1.000000,1.000000,0,0,1,0
1737,21,494,1242,1.000000,1.000000,1.000000,1.000000,0,0,0,0
1738,19,494,1243,1.000000,1.000000,1.000000,1.000000,0,1,1,0
1739,17,494,1244,1.000000,1.000000,1.000000,1.000000,0,0,0,1
1740,29,495,1244,1.000000,1.000000,1.000000,1.000000,0,0,0,1
1741,27,495,1245,1.000000,1.000000,1.000000,1.000000,0,1,0,0
1742,25,495,1246,1.000000,1.000000,1.000000,1.000000,0,0,1,0
1743,29,496,1246,1.000000,1.000000,1.000000,1.000000,0,0,1,0
1744,27,496,1247,1.000000,1.000000,1.000000,1.000000,0,0,0,0
1745,29,497,1247,1.000000,1.000000,1.000000,1.000000,0,0,0,0
1746,27,497,1248,1.000000,1.000000,1.000000,1.000000,0,0,1,1
1747,25,497,1249,1.000000,1.000000,1.000000,1.000000,0,0,0,0
1748,23,497,1250,1.000000,1.000000,1.000000,1.000000,1,1,0,0
1749,21,497,1251,1.000000,1.000000,1.000000,1.000000,0,0,0,0
1750,29,498,1251,1.000000,1.000000,1.000000,1.000000,0,0,0,0
1751,27,498,1252,1.000000,1.000000,1.000000,1.000000,0,0,1,0
1752,25,498,1253,1.000000,1.000000,1.000000,1.000000,0,0,0,0
1753,29,499,1253,1.000000,1.000000,1.000000,1.000000,0,0,0,0
1754,27,499,1254,1.000000,1.000000,1.000000,1.000000,0,0,0,0
1755,25,499,1255,1.000000,1.000000,1.000000,1.000000,0,0,0,0
1756,23,499,1256,1.000000,1.000000,1.000000,1.000000,0,1,1,0
1757,21,499,1257,1.000000,1.000000,1.000000,1.000000,0,0,0,0
1758,29,500,1257,1.000000,1.000000,1.000000,1.000000,0,0,0,0
1759,27,500,1258,1.000000,1.000000,1.000000,1.000000,0,0,0,0
1760,25,500,1259,1.000000,1.000000,1.000000,1.000000,0,0,0,0
1761,23,500,1260,1.000000,1.000000,1.000000,1.000000,0,0,0,0
1762,21,500,1261,1.000000,1.000000,1.000000,1.000000,0,0,0,0
1763,19,500,1262,1.000000,1.000000,1.000000,1.000000,1,0,0,0
1764,17,500,1263,1.000000,1.000000,1.000000,1.000000,0,0,0,0
1765,29,501,1263,1.000000,1.000000,1.000000,1.000000,0,0,0,0
1766,27,501,1264,1.000000,1.000000,1.000000,1.000000,0,0,0,0
1767,25,501,1265,1.000000,1.000000,1.000000,1.000000,0,0,0,0
1768,23,501,1266,1.000000,1.000000,1.000000,1.000000,0,0,0,1
1769,21,501,1267,1.000000,1.000000,1.000000,1.000000,0,0,0,0
1770,19,501,1268,1.000000,1.000000,1.000000,1.000000,0,0,0,0
1771,17,501,1269,1.000000,1.000000,1.000000,1.000000,0,0,0,0
1772,15,501,1270,1.000000,1.000000,1.000000,1.000000,0,0,0,0
1773,13,501,1271,1.000000,1.000000,1.000000,1.000000,0,1,0,0
1774,11,501,1272,1.000000,1.000000,1.000000,1.000000,0,0,1,0
1775,9,501,1273,1.000000,1.000000,1.000000,1.000000,0,0,0,0
1776,29,502,1273,1.000000,1.000000,1.000000,1.000000,0,0,0,0
1777,27,502,1274,1.000000,1.000000,1.000000,1.000000,0,0,1,0
1778,25,502,1275,1.000000,1.000000,1.000000,1.000000,0,0,0,0
1779,23,502,1276,1.000000,1.000000,1.000000,1.000000,0,0,1,0
1780,21,502,1277,1.000000,1.000000,1.000000,1.000000,0,0,0,0
1781,29,503,1277,1.000000,1.000000,1.000000,1.000000,0,0,0,0
1782,27,503,1278,1.000000,1.000000,1.000000,1.000000,0,1,0,0
1783,25,503,1279,1.000000,1.000000,1.000000,1.000000,0,0,0,0
1784,29,504,1279,1.000000,1.000000,1.000000,1.000000,0,0,0,0
1785,27,504,1280,1.000000,1.000000,1.000000,1.000000,0,0,0,0
1786,25,504,1281,1.000000,1.000000,1.000000,1.000000,0,0,0,1
1787,23,504,1282,1.000000,1.000000,1.000000,1.000000,0,0,0,0
1788,29,505,1282,1.000000,1.000000,1.000000,1.000000,0,0,0,0
1789,27,505,1283,1.000000,1.000000,1.000000,1.000000,0,0,0,0
1790,25,505,1284,1.000000,1.000000,1.000000,1.000000,0,0,0,0
1791,23,505,1285,1.000000,1.000000,1.000000,1.000000,0,0,0,0
1792,21,505,1286,1.000000,1.000000,1.000000,1.000000,0,0,0,0
1793,19,505,1287,1.000000,1.000000,1.000000,1.000000,0,0,0,0
1794,17,505,1288,1.000000,1.000000,1.000000,1.000000,0,0,0,0
1795,15,505,1289,1.000000,1.000000,1.000000,1.000000,0,0,0,0
1796,13,505,1290,1.000000,1.000000,1.000000,1.000000,1,0,0,0
1797,11,505,1291,1.000000,1.000000,1.000000,1.000000,0,0,0,0
1798,29,506,1291,1.000000,1.000000,1.000000,1.000000,0,0,0,0
1799,27,506,1292,1.000000,1.000000,1.000000,1.000000,0,1,0,0
1800,25,506,1293,1.000000,1.000000,1.000000,1.000000,0,0,0,0
1801,29,507,1293,1.000000,1.000000,1.000000,1.000000,0,0,0,0
1802,27,507,1294,1.000000,1.000000,1.000000,1.000000,0,0,0,0
1803,25,507,1295,1.000000,1.000000,1.000000,1.000000,0,0,0,0
1804,23,507,1296,1.000000,1.000000,1.000000,1.000000,0,0,0,0
1805,21,507,1297,1.000000,1.000000,1.000000,1.000000,0,0,0,0
1806,19,507,1298,1.000000,1.000000,1.000000,1.000000,0,0,1,0
1807,17,507,1299,1.000000,1.000000,1.000000,1.000000,0,0,0,0
1808,29,508,1299,1.000000,1.000000,1.000000,1.000000,0,0,0,0
1809,27,508,1300,1.000000,1.000000,1.000000,1.000000,0,0,0,0
1810,25,508,1301,1.000000,1.000000,1.000000,1.000000,0,0,0,1
1811,23,508,1302,1.000000,1.000000,1.000000,1.000000,0,0,0,0
1812,29,509,1302,1.000000,1.000000,1.000000,1.000000,0,0,0,0
1813,27,509,1303,1.000000,1.000000,1.000000,1.000000,0,0,0,0
1814,25,509,1304,1.000000,1.000000,1.000000,1.000000,0,0,0,0
1815,23,509,1305,1.000000,1.000000,1.000000,1.000000,0,0,0,0
1816,21,509,1306,1.000000,1.000000,1.000000,1.000000,0,0,1,0
1817,19,509,1307,1.000000,1.000000,1.000000,1.000000,0,0,0,0
1818,29,510,1307,1.000000,1.000000,1.000000,1.000000,0,0,0,0
1819,27,510,1308,1.000000,1.000000,1.000000,1.000000,0,0,0,0
1820,25,510,1309,1.000000,1.000000,1.000000,1.000000,0,0,0,0
1821,23,510,1310,1.000000,1.000000,1.000000,1.000000,0,0,0,0
1822,21,510,1311,1.000000,1.000000,1.000000,1.000000,0,0,0,0
1823,19,510,1312,1.000000,1.000000,1.000000,1.000000,1,0,0,0
1824,17,510,1313,1.000000,1.000000,1.000000,1.000000,0,0,0,0
1825,29,511,1313,1.000000,1.000000,1.000000,1.000000,0,0,0,0
1826,27,511,1314,1.000000,1.000000,1.000000,1.000000,0,0,0,0
1827,25,511,1315,1.000000,1.000000,1.000000,1.000000,0,0,0,0
1828,23,511,1316,1.000000,1.000000,1.000000,1.000000,0,0,0,1
1829,21,511,1317,1.000000,1.000000,1.000000,1.000000,0,0,0,0
1830,29,512,1317,1.000000,1.000000,1.000000,1.000000,0,0,0,0
1831,27,512,1318,1.000000,1.000000,1.000000,1.000000,0,0,0,0
1832,25,512,1319,1.000000,1.000000,1.000000,1.000000,1,0,0,0
1833,23,512,1320,1.000000,1.000000,1.000000,1.000000,0,0,0,0
1834,29,513,1320,1.000000,1.000000,1.000000,1.000000,0,0,0,0
1835,27,513,1321,1.000000,1.000000,1.000000,1.000000,0,0,0,0
1836,25,513,1322,1.000000,1.000000,1.000000,1.000000,0,1,0,0
1837,23,513,1323,1.000000,1.000000,1.000000,1.000000,0,1,1,0
1838,29,514,1323,1.000000,1.000000,1.000000,1.000000,0,1,1,0
1839,27,514,1324,1.000000,1.000000,1.000000,1.000000,0,0,0,0
1840,29,515,1324,1.000000,1.000000,1.000000,1.000000,0,0,0,0
1841,27,515,1325,1.000000,1.000000,1.000000,1.000000,0,0,1,0
1842,25,515,1326,1.000000,1.000000,1.000000,1.000000,0,0,0,0
1843,29,516,1326,1.000000,1.000000,1.000000,1.000000,0,0,0,0
1844,27,516,1327,1.000000,1.000000,1.000000,1.000000,0,0,0,0
1845,25,516,1328,1.000000,1.000000,1.000000,1.000000,0,0,0,1
1846,23,516,1329,1.000000,1.000000,1.000000,1.000000,0,0,0,0
1847,21,516,1330,1.000000,1.000000,1.000000,1.000000,0,0,1,0
1848,19,516,1331,1.000000,1.000000,1.000000,1.000000,0,0,0,0
1849,29,517,1331,1.000000,1.000000,1.000000,1.000000,0,0,0,0
1850,27,517,1332,1.000000,1.000000,1.000000,1.000000,0,0,0,0
1851,25,517,1333,1.000000,1.000000,1.000000,1.000000,0,0,0,1
1852,23,517,1334,1.000000,1.000000,1.000000,1.000000,0,0,0,0
1853,29,518,1334,1.000000,1.000000,1.000000,1.000000,0,0,0,0
1854,27,518,1335,1.000000,1.000000,1.000000,1.000000,0,0,0,0
1855,25,518,1336,1.000000,1.000000,1.000000,1.000000,0,0,1,0
1856,23,518,1337,1.000000,1.000000,1.000000,1.000000,0,0,0,0
1857,29,519,1337,1.000000,1.000000,1.000000,1.000000,0,0,0,0
1858,27,519,1338,1.000000,1.000000,1.000000,1.000000,0,0,0,0
1859,25,519,1339,1.000000,1.000000,1.000000,1.000000,0,0,0,0
1860,23,519,1340,1.000000,1.000000,1.000000,1.000000,0,0,0,0
1861,21,519,1341,1.000000,1.000000,1.000000,1.000000,0,0,0,0
1862,19,519,1342,1.000000,1.000000,1.000000,1.000000,0,0,0,0
1863,17,519,1343,1.000000,1.000000,1.000000,1.000000,0,0,0,0
1864,15,519,1344,1.000000,1.000000,1.000000,1.000000,0,0,0,0
1865,13,519,1345,1.000000,1.000000,1.000000,1.000000,0,0,0,1
1866,11,519,1346,1.000000,1.000000,1.000000,1.000000,0,0,0,1
1867,29,520,1346,1.000000,1.000000,1.000000,1.000000,0,0,0,1
1868,27,520,1347,1.000000,1.000000,1.000000,1.000000,1,0,0,0
1869,25,520,1348,1.000000,1.000000,1.000000,1.000000,0,0,1,0
1870,29,521,1348,1.000000,1.000000,1.000000,1.000000,0,0,1,0
1871,27,521,1349,1.000000,1.000000,1.000000,1.000000,0,0,0,0
1872,29,522,1349,1.000000,1.000000,1.000000,1.000000,0,0,0,0
1873,27,522,1350,1.000000,1.000000,1.000000,1.000000,0,0,0,0
1874,25,522,1351,1.000000,1.000000,1.000000,1.000000,0,0,0,0
1875,23,522,1352,1.000000,1.000000,1.000000,1.000000,0,0,0,0
1876,21,522,1353,1.000000,1.000000,1.000000,1.000000,0,0,0,0
1877,19,522,1354,1.000000,1.000000,1.000000,1.000000,0,0,0,0
1878,17,522,1355,1.000000,1.000000,1.000000,1.000000,0,0,0,0
1879,15,522,1356,1.000000,1.000000,1.000000,1.000000,0,0,0,0
1880,13,522,1357,1.000000,1.000000,1.000000,1.000000,0,0,0,0
1881,11,522,1358,1.000000,1.000000,1.000000,1.000000,0,0,0,0
1882,9,522,1359,1.000000,1.000000,1.000000,1.000000,1,0,0,0
1883,7,522,1360,1.000000,1.000000,1.000000,1.000000,1,0,0,1
1884,5,522,1361,1.000000,1.000000,1.000000,1.000000,0,0,1,0
1885,29,523,1361,1.000000,1.000000,1.000000,1.000000,0,0,1,0
1886,27,523,1362,1.000000,1.000000,1.000000,1.000000,0,0,0,1
1887,29,524,1362,1.000000,1.000000,1.000000,1.000000,0,0,0,1
1888,27,524,1363,1.000000,1.000000,1.000000,1.000000,0,0,0,0
1889,29,525,1363,1.000000,1.000000,1.000000,1.000000,0,0,0,0
1890,27,525,1364,1.000000,1.000000,1.000000,1.000000,1,0,0,0
1891,25,525,1365,1.000000,1.000000,1.000000,1.000000,0,0,0,0
1892,29,526,1365,1.000000,1.000000,1.000000,1.000000,0,0,0,0
1893,27,526,1366,1.000000,1.000000,1.000000,1.000000,0,0,0,0
1894,25,526,1367,1.000000,1.000000,1.000000,1.000000,0,0,0,0
1895,23,526,1368,1.000000,1.000000,1.000000,1.000000,0,0,0,0
1896,21,526,1369,1.000000,1.000000,1.000000,1.000000,0,0,0,0
1897,19,526,1370,1.000000,1.000000,1.000000,1.000000,0,0,0,0
1898,17,526,1371,1.000000,1.000000,1.000000,1.000000,0,0,0,0
1899,15,526,1372,1.000000,1.000000,1.000000,1.000000,0,0,0,0
1900,13,526,1373,1.000000,1.000000,1.000000,1.000000,0,0,0,0
1901,11,526,1374,1.000000,1.000000,1.000000,1.000000,1,0,0,0
1902,9,526,1375,1.000000,1.000000,1.000000,1.000000,0,0,0,0
1903,29,527,1375,1.000000,1.000000,1.000000,1.000000,0,0,0,0
1904,27,527,1376,1.000000,1.000000,1.000000,1.000000,0,1,0,0
1905,25,527,1377,1.000000,1.000000,1.000000,1.000000,1,0,0,0
1906,23,527,1378,1.000000,1.000000,1.000000,1.000000,0,0,1,0
1907,21,527,1379,1.000000,1.000000,1.000000,1.000000,1,0,0,0
1908,29,528,1379,1.000000,1.000000,1.000000,1.000000,1,0,0,0
1909,27,528,1380,1.000000,1.000000,1.000000,1.000000,0,0,0,0
1910,25,528,1381,1.000000,1.000000,1.000000,1.000000,0,0,0,0
1911,23,528,1382,1.000000,1.000000,1.000000,1.000000,0,0,0,0
1912,21,528,1383,1.000000,1.000000,1.000000,1.000000,0,0,0,0
1913,19,528,1384,1.000000,1.000000,1.000000,1.000000,0,0,0,0
1914,17,528,1385,1.000000,1.000000,1.000000,1.000000,0,0,0,0
1915,15,528,1386,1.000000,1.000000,1.000000,1.000000,0,0,0,0
1916,13,528,1387,1.000000,1.000000,1.000000,1.000000,0,0,0,0
1917,11,528,1388,1.000000,1.000000,1.000000,1.000000,0,0,1,0
1918,9,528,1389,1.000000,1.000000,1.000000,1.000000,0,0,0,0
1919,29,529,1389,1.000000,1.000000,1.000000,1.000000,0,0,0,0
1920,27,529,1390,1.000000,1.000000,1.000000,1.000000,0,0,0,0
1921,25,529,1391,1.000000,1.000000,1.000000,1.000000,0,0,0,0
1922,23,529,1392,1.000000,1.000000,1.000000,1.000000,0,1,0,0
1923,21,529,1393,1.000000,1.000000,1.000000,1.000000,1,0,0,0
1924,29,530,1393,1.000000,1.000000,1.000000,1.000000,1,0,0,0
1925,27,530,1394,1.000000,1.000000,1.000000,1.000000,0,0,0,0
1926,29,531,1394,1.000000,1.000000,1.000000,1.000000,0,0,0,0
1927,27,531,1395,1.000000,1.000000,1.000000,1.000000,0,0,0,1
1928,25,531,1396,1.000000,1.000000,1.000000,1.000000,0,0,0,0
1929,29,532,1396,1.000000,1.000000,1.000000,1.000000,0,0,0,0
1930,27,532,1397,1.000000,1.000000,1.000000,1.000000,1,0,0,0
1931,25,532,1398,1.000000,1.000000,1.000000,1.000000,0,0,0,0
1932,23,532,1399,1.000000,1.000000,1.000000,1.000000,0,0,0,0
1933,21,532,1400,1.000000,1.000000,1.000000,1.000000,0,0,0,0
1934,19,532,1401,1.000000,1.000000,1.000000,1.000000,1,0,0,0
1935,17,532,1402,1.000000,1.000000,1.000000,1.000000,0,0,0,0
1936,15,532,1403,1.000000,1.000000,1.000000,1.000000,1,0,0,0
1937,13,532,1404,1.000000,1.000000,1.000000,1.000000,0,0,0,0
1938,29,533,1404,1.000000,1.000000,1.000000,1.000000,0,0,0,0
1939,27,533,1405,1.000000,1.000000,1.000000,1.000000,0,1,0,0
1940,25,533,1406,1.000000,1.000000,1.000000,1.000000,0,0,0,0
1941,29,534,1406,1.000000,1.000000,1.000000,1.000000,0,0,0,0
1942,27,534,1407,1.000000,1.000000,1.000000,1.000000,0,0,0,0
1943,25,534,1408,1.000000,1.000000,1.000000,1.000000,0,0,0,0
1944,23,534,1409,1.000000,1.000000,1.000000,1.000000,0,0,0,0
1945,21,534,1410,1.000000,1.000000,1.000000,1.000000,0,1,0,0
1946,19,534,1411,1.000000,1.000000,1.000000,1.000000,0,0,0,0
1947,29,535,1411,1.000000,1.000000,1.000000,1.000000,0,0,0,0
1948,27,535,1412,1.000000,1.000000,1.000000,1.000000,1,0,0,0
1949,25,535,1413,1.000000,1.000000,1.000000,1.000000,0,1,0,0
1950,29,536,1413,1.000000,1.000000,1.000000,1.000000,0,1,0,0
1951,27,536,1414,1.000000,1.000000,1.000000,1.000000,0,0,0,0
1952,29,537,1414,1.000000,1.000000,1.000000,1.000000,0,0,0,0
1953,27,537,1415,1.000000,1.000000,1.000000,1.000000,0,0,0,0
1954,25,537,1416,1.000000,1.000000,1.000000,1.000000,0,0,0,0
1955,23,537,1417,1.000000,1.000000,1.000000,1.000000,0,0,0,0
1956,21,537,1418,1.000000,1.000000,1.000000,1.000000,0,0,0,0
1957,19,537,1419,1.000000,1.000000,1.000000,1.000000,0,1,0,0
1958,17,537,1420,1.000000,1.000000,1.000000,1.000000,1,1,0,0
1959,29,538,1420,1.000000,1.000000,1.000000,1.000000,1,1,0,0
1960,27,538,1421,1.000000,1.000000,1.000000,1.000000,1,0,0,0
1961,29,539,1421,1.000000,1.000000,1.000000,1.000000,1,0,0,0
1962,27,539,1422,1.000000,1.000000,1.000000,1.000000,0,0,0,0
1963,29,540,1422,1.000000,1.000000,1.000000,1.000000,0,0,0,0
1964,27,540,1423,1.000000,1.000000,1.000000,1.000000,1,0,0,0
1965,25,540,1424,1.000000,1.000000,1.000000,1.000000,1,0,0,0
1966,29,541,1424,1.000000,1.000000,1.000000,1.000000,1,0,0,0
1967,27,541,1425,1.000000,1.000000,1.000000,1.000000,0,1,0,1
1968,29,542,1425,1.000000,1.000000,1.000000,1.000000,0,1,0,1
1969,27,542,1426,1.000000,1.000000,1.000000,1.000000,0,0,0,0
1970,29,543,1426,1.000000,1.000000,1.000000,1.000000,0,0,0,0
1971,27,543,1427,1.000000,1.000000,1.000000,1.000000,0,0,0,0
1972,25,543,1428,1.000000,1.000000,1.000000,1.000000,0,0,0,0
1973,23,543,1429,1.000000,1.000000,1.000000,1.000000,1,0,1,0
1974,21,543,1430,1.000000,1.000000,1.000000,1.000000,0,0,0,0
1975,29,544,1430,1.000000,1.000000,1.000000,1.000000,0,0,0,0
1976,27,544,1431,1.000000,1.000000,1.000000,1.000000,1,0,0,0
1977,25,544,1432,1.000000,1.000000,1.000000,1.000000,0,0,0,0
1978,29,545,1432,1.000000,1.000000,1.000000,1.000000,0,0,0,0
1979,27,545,1433,1.000000,1.000000,1.000000,1.000000,0,0,0,0
1980,25,545,1434,1.000000,1.000000,1.000000,1.000000,0,1,0,0
1981,23,545,1435,1.000000,1.000000,1.000000,1.000000,0,1,0,0
1982,29,546,1435,1.000000,1.000000,1.000000,1.000000,0,1,0,0
1983,27,546,1436,1.000000,1.000000,1.000000,1.000000,0,0,0,0
1984,29,547,1436,1.000000,1.000000,1.000000,1.000000,0,0,0,0
1985,27,547,1437,1.000000,1.000000,1.000000,1.000000,0,0,0,0
1986,25,547,1438,1.000000,1.000000,1.000000,1.000000,0,0,0,0
1987,23,547,1439,1.000000,1.000000,1.000000,1.000000,0,0,0,0
1988,21,547,1440,1.000000,1.000000,1.000000,1.000000,0,0,0,0
1989,19,547,1441,1.000000,1.000000,1.000000,1.000000,0,0,0,0
1990,17,547,1442,1.000000,1.000000,1.000000,1.000000,0,0,0,0
1991,15,547,1443,1.000000,1.000000,1.000000,1.000000,0,0,0,0
1992,13,547,1444,1.000000,1.000000,1.000000,1.000000,0,0,0,0
1993,11,547,1445,1.000000,1.000000,1.000000,1.000000,0,0,0,1
1994,9,547,1446,1.000000,1.000000,1.000000,1.000000,0,0,0,0
1995,29,548,1446,1.000000,1.000000,1.000000,1.000000,0,0,0,0
1996,27,548,1447,1.000000,1.000000,1.000000,1.000000,0,0,1,0
1997,25,548,1448,1.000000,1.000000,1.000000,1.000000,0,0,0,1
1998,29,549,1448,1.000000,1.000000,1.000000,1.000000,0,0,0,1
1999,27,549,1449,1.000000,1.000000,1.000000,1.000000,0,0,1,1
2000,29,550,1449,1.000000,1.000000,1.000000,1.000000,0,0,1,1
