tick,energy,eats,distance,conn_1_6_weight,conn_2_7_weight,conn_3_8_weight,conn_4_9_weight,food_north_sensed,food_east_sensed,food_south_sensed,food_west_sensed
0,30,0,0,1.000000,1.000000,1.000000,1.000000,0,0,0,0
1,29,0,0,1.000000,1.000000,1.000000,1.000000,1,0,0,0
2,27,0,1,1.000000,1.000000,1.000000,1.000000,0,0,0,0
3,29,1,1,1.000000,1.000000,1.000000,1.000000,0,0,0,0
4,27,1,2,1.000000,1.000000,1.000000,1.000000,0,0,0,0
5,25,1,3,1.000000,1.000000,1.000000,1.000000,0,0,0,0
6,23,1,4,1.000000,1.000000,1.000000,1.000000,0,0,0,0
7,21,1,5,1.000000,1.000000,1.000000,1.000000,0,0,0,0
8,19,1,6,1.000000,1.000000,1.000000,1.000000,0,1,0,0
9,17,1,7,1.000000,1.000000,1.000000,1.000000,0,0,0,0
10,15,1,8,1.000000,1.000000,1.000000,1.000000,0,1,0,0
11,13,1,9,1.000000,1.000000,1.000000,1.000000,0,0,0,0
12,29,2,9,1.000000,1.000000,1.000000,1.000000,0,0,0,0
13,27,2,10,1.000000,1.000000,1.000000,1.000000,1,0,0,0
14,25,2,11,1.000000,1.000000,1.000000,1.000000,0,0,0,0
15,29,3,11,1.000000,1.000000,1.000000,1.000000,0,0,0,0
16,27,3,12,1.000000,1.000000,1.000000,1.000000,0,0,0,0
17,25,3,13,1.000000,1.000000,1.000000,1.000000,0,0,0,0
18,23,3,14,1.000000,1.000000,1.000000,1.000000,1,1,0,0
19,21,3,15,1.000000,1.000000,1.000000,1.000000,1,1,0,0
20,19,3,16,1.000000,1.000000,1.000000,1.000000,1,0,1,1
21,29,4,16,1.000000,1.000000,1.000000,1.000000,1,0,1,1
22,27,4,17,1.000000,1.000000,1.000000,1.000000,1,0,0,0
23,25,4,18,1.000000,1.000000,1.000000,1.000000,1,1,1,0
24,29,5,18,1.000000,1.000000,1.000000,1.000000,1,1,1,0
25,27,5,19,1.000000,1.000000,1.000000,1.000000,1,0,0,0
26,25,5,20,1.000000,1.000000,1.000000,1.000000,1,0,1,1
27,29,6,20,1.000000,1.000000,1.000000,1.000000,1,0,1,1
28,27,6,21,1.000000,1.000000,1.000000,1.000000,0,0,0,0
29,29,7,21,1.000000,1.000000,1.000000,1.000000,0,0,0,0
30,27,7,22,1.000000,1.000000,1.000000,1.000000,0,1,0,0
31,25,7,23,1.000000,1.000000,1.000000,1.000000,0,0,0,0
32,23,7,24,1.000000,1.000000,1.000000,1.000000,0,0,0,0
33,21,7,25,1.000000,1.000000,1.000000,1.000000,0,0,0,1
34,19,7,26,1.000000,1.000000,1.000000,1.000000,0,0,0,1
35,17,7,27,1.000000,1.000000,1.000000,1.000000,1,1,0,0
36,29,8,27,1.000000,1.000000,1.000000,1.000000,1,1,0,0
37,27,8,28,1.000000,1.000000,1.000000,1.000000,0,0,0,0
38,29,9,28,1.000000,1.000000,1.000000,1.000000,0,0,0,0
39,27,9,29,1.000000,1.000000,1.000000,1.000000,0,0,0,0
40,25,9,30,1.000000,1.000000,1.000000,1.000000,0,0,0,0
41,23,9,31,1.000000,1.000000,1.000000,1.000000,0,0,0,0
42,21,9,32,1.000000,1.000000,1.000000,1.000000,0,0,0,0
43,19,9,33,1.000000,1.000000,1.000000,1.000000,0,0,0,0
44,17,9,34,1.000000,1.000000,1.000000,1.000000,0,1,1,0
45,15,9,35,1.000000,1.000000,1.000000,1.000000,0,1,0,0
46,29,10,35,1.000000,1.000000,1.000000,1.000000,0,1,0,0
47,27,10,36,1.000000,1.000000,1.000000,1.000000,1,0,1,0
48,29,11,36,1.000000,1.000000,1.000000,1.000000,1,0,1,0
49,27,11,37,1.000000,1.000000,1.000000,1.000000,1,0,0,0
50,29,12,37,1.000000,1.000000,1.000000,1.000000,1,0,0,0
51,27,12,38,1.000000,1.000000,1.000000,1.000000,0,0,0,0
52,29,13,38,1.000000,1.000000,1.000000,1.000000,0,0,0,0
53,27,13,39,1.000000,1.000000,1.000000,1.000000,0,0,0,0
54,25,13,40,1.000000,1.000000,1.000000,1.000000,0,1,0,0
55,23,13,41,1.000000,1.000000,1.000000,1.000000,0,0,0,0
56,29,14,41,1.000000,1.000000,1.000000,1.000000,0,0,0,0
57,27,14,42,1.000000,1.000000,1.000000,1.000000,0,0,0,0
58,25,14,43,1.000000,1.000000,1.000000,1.000000,1,1,0,0
59,23,14,44,1.000000,1.000000,1.000000,1.000000,0,1,0,0
60,21,14,45,1.000000,1.000000,1.000000,1.000000,0,1,1,1
61,29,15,45,1.000000,1.000000,1.000000,1.000000,0,1,1,1
62,27,15,46,1.000000,1.000000,1.000000,1.000000,0,0,0,0
63,29,16,46,1.000000,1.000000,1.000000,1.000000,0,0,0,0
64,27,16,47,1.000000,1.000000,1.000000,1.000000,1,0,1,0
65,25,16,48,1.000000,1.000000,1.000000,1.000000,0,1,0,0
66,29,17,48,1.000000,1.000000,1.000000,1.000000,0,1,0,0
67,27,17,49,1.000000,1.000000,1.000000,1.000000,0,1,0,0
68,25,17,50,1.000000,1.000000,1.000000,1.000000,0,1,0,1
69,23,17,51,1.000000,1.000000,1.000000,1.000000,0,0,0,1
70,29,18,51,1.000000,1.000000,1.000000,1.000000,0,0,0,1
71,27,18,52,1.000000,1.000000,1.000000,1.000000,0,0,0,1
72,29,19,52,1.000000,1.000000,1.000000,1.000000,0,0,0,1
73,27,19,53,1.000000,1.000000,1.000000,1.000000,0,0,0,0
74,29,20,53,1.000000,1.000000,1.000000,1.000000,0,0,0,0
75,27,20,54,1.000000,1.000000,1.000000,1.000000,0,0,0,0
76,25,20,55,1.000000,1.000000,1.000000,1.000000,1,0,0,0
77,23,20,56,1.000000,1.000000,1.000000,1.000000,0,0,0,0
78,29,21,56,1.000000,1.000000,1.000000,1.000000,0,0,0,0
79,27,21,57,1.000000,1.000000,1.000000,1.000000,0,0,0,0
80,25,21,58,1.000000,1.000000,1.000000,1.000000,0,0,0,0
81,23,21,59,1.000000,1.000000,1.000000,1.000000,0,0,1,0
82,21,21,60,1.000000,1.000000,1.000000,1.000000,0,0,0,0
83,19,21,61,1.000000,1.000000,1.000000,1.000000,0,0,0,0
84,17,21,62,1.000000,1.000000,1.000000,1.000000,0,0,0,1
85,15,21,63,1.000000,1.000000,1.000000,1.000000,0,0,1,0
86,29,22,63,1.000000,1.000000,1.000000,1.000000,0,0,1,0
87,27,22,64,1.000000,1.000000,1.000000,1.000000,0,0,0,0
88,29,23,64,1.000000,1.000000,1.000000,1.000000,0,0,0,0
89,27,23,65,1.000000,1.000000,1.000000,1.000000,0,0,0,0
90,25,23,66,1.000000,1.000000,1.000000,1.000000,0,0,0,0
91,23,23,67,1.000000,1.000000,1.000000,1.000000,1,0,0,0
92,21,23,68,1.000000,1.000000,1.000000,1.000000,0,1,0,0
93,29,24,68,1.000000,1.000000,1.000000,1.000000,0,1,0,0
94,27,24,69,1.000000,1.000000,1.000000,1.000000,1,1,0,0
95,29,25,69,1.000000,1.000000,1.000000,1.000000,1,1,0,0
96,27,25,70,1.000000,1.000000,1.000000,1.000000,0,1,0,0
97,29,26,70,1.000000,1.000000,1.000000,1.000000,0,1,0,0
98,27,26,71,1.000000,1.000000,1.000000,1.000000,0,0,1,0
99,29,27,71,1.000000,1.000000,1.000000,1.000000,0,0,1,0
100,27,27,72,1.000000,1.000000,1.000000,1.000000,0,0,0,0
101,29,28,72,1.000000,1.000000,1.000000,1.000000,0,0,0,0
102,27,28,73,1.000000,1.000000,1.000000,1.000000,0,0,0,0
103,25,28,74,1.000000,1.000000,1.000000,1.000000,0,1,0,0
104,23,28,75,1.000000,1.000000,1.000000,1.000000,0,0,0,0
105,29,29,75,1.000000,1.000000,1.000000,1.000000,0,0,0,0
106,27,29,76,1.000000,1.000000,1.000000,1.000000,0,0,0,0
107,25,29,77,1.000000,1.000000,1.000000,1.000000,0,0,0,0
108,23,29,78,1.000000,1.000000,1.000000,1.000000,0,0,0,0
109,21,29,79,1.000000,1.000000,1.000000,1.000000,0,0,0,0
110,19,29,80,1.000000,1.000000,1.000000,1.000000,0,0,1,0
111,17,29,81,1.000000,1.000000,1.000000,1.000000,1,0,0,1
112,29,30,81,1.000000,1.000000,1.000000,1.000000,1,0,0,1
113,27,30,82,1.000000,1.000000,1.000000,1.000000,0,1,0,0
114,29,31,82,1.000000,1.000000,1.000000,1.000000,0,1,0,0
115,27,31,83,1.000000,1.000000,1.000000,1.000000,0,0,1,0
116,25,31,84,1.000000,1.000000,1.000000,1.000000,1,0,0,0
117,23,31,85,1.000000,1.000000,1.000000,1.000000,0,0,1,0
118,21,31,86,1.000000,1.000000,1.000000,1.000000,1,0,0,0
119,29,32,86,1.000000,1.000000,1.000000,1.000000,1,0,0,0
120,27,32,87,1.000000,1.000000,1.000000,1.000000,0,0,0,0
121,29,33,87,1.000000,1.000000,1.000000,1.000000,0,0,0,0
122,27,33,88,1.000000,1.000000,1.000000,1.000000,0,0,0,0
123,25,33,89,1.000000,1.000000,1.000000,1.000000,0,0,1,0
124,23,33,90,1.000000,1.000000,1.000000,1.000000,0,0,0,0
125,29,34,90,1.000000,1.000000,1.000000,1.000000,0,0,0,0
126,27,34,91,1.000000,1.000000,1.000000,1.000000,0,0,0,0
127,29,35,91,1.000000,1.000000,1.000000,1.000000,0,0,0,0
128,27,35,92,1.000000,1.000000,1.000000,1.000000,0,0,0,0
129,29,36,92,1.000000,1.000000,1.000000,1.000000,0,0,0,0
130,27,36,93,1.000000,1.000000,1.000000,1.000000,0,0,0,0
131,25,36,94,1.000000,1.000000,1.000000,1.000000,0,1,0,0
132,23,36,95,1.000000,1.000000,1.000000,1.000000,0,0,0,0
133,21,36,96,1.000000,1.000000,1.000000,1.000000,0,0,0,0
134,19,36,97,1.000000,1.000000,1.000000,1.000000,0,1,0,0
135,17,36,98,1.000000,1.000000,1.000000,1.000000,0,0,0,0
136,29,37,98,1.000000,1.000000,1.000000,1.000000,0,0,0,0
137,27,37,99,1.000000,1.000000,1.000000,1.000000,0,0,0,0
138,25,37,100,1.000000,1.000000,1.000000,1.000000,0,0,0,0
139,23,37,101,1.000000,1.000000,1.000000,1.000000,0,0,0,1
140,21,37,102,1.000000,1.000000,1.000000,1.000000,1,0,0,0
141,29,38,102,1.000000,1.000000,1.000000,1.000000,1,0,0,1
142,27,38,103,1.000000,1.000000,1.000000,1.000000,0,0,0,0
143,29,39,103,1.000000,1.000000,1.000000,1.000000,0,0,0,1
144,27,39,104,1.000000,1.000000,1.000000,1.000000,0,0,1,0
145,29,40,104,1.000000,1.000000,1.000000,1.000000,0,0,1,0
146,27,40,105,1.000000,1.000000,1.000000,1.000000,0,0,0,1
147,29,41,105,1.000000,1.000000,1.000000,1.000000,0,0,0,1
148,27,41,106,1.000000,1.000000,1.000000,1.000000,0,0,0,0
149,29,42,106,1.000000,1.000000,1.000000,1.000000,0,0,0,0
150,27,42,107,1.000000,1.000000,1.000000,1.000000,0,0,0,0
151,25,42,108,1.000000,1.000000,1.000000,1.000000,0,0,1,1
152,23,42,109,1.000000,1.000000,1.000000,1.000000,0,0,0,0
153,29,43,109,1.000000,1.000000,1.000000,1.000000,0,0,0,0
154,27,43,110,1.000000,1.000000,1.000000,1.000000,0,1,0,0
155,25,43,111,1.000000,1.000000,1.000000,1.000000,0,0,1,0
156,29,44,111,1.000000,1.000000,1.000000,1.000000,0,0,1,0
157,27,44,112,1.000000,1.000000,1.000000,1.000000,0,0,0,0
158,29,45,112,1.000000,1.000000,1.000000,1.000000,0,0,0,0
159,27,45,113,1.000000,1.000000,1.000000,1.000000,0,0,1,0
160,25,45,114,1.000000,1.000000,1.000000,1.000000,0,1,0,0
161,29,46,114,1.000000,1.000000,1.000000,1.000000,0,1,0,0
162,27,46,115,1.000000,1.000000,1.000000,1.000000,0,1,1,0
163,29,47,115,1.000000,1.000000,1.000000,1.000000,0,1,1,0
164,27,47,116,1.000000,1.000000,1.000000,1.000000,0,0,0,0
165,29,48,116,1.000000,1.000000,1.000000,1.000000,0,0,0,0
166,27,48,117,1.000000,1.000000,1.000000,1.000000,0,0,0,0
167,25,48,118,1.000000,1.000000,1.000000,1.000000,0,0,0,0
168,23,48,119,1.000000,1.000000,1.000000,1.000000,1,1,0,0
169,21,48,120,1.000000,1.000000,1.000000,1.000000,0,0,0,0
170,29,49,120,1.000000,1.000000,1.000000,1.000000,0,0,0,0
171,27,49,121,1.000000,1.000000,1.000000,1.000000,0,0,0,0
172,25,49,122,1.000000,1.000000,1.000000,1.000000,0,0,0,0
173,23,49,123,1.000000,1.000000,1.000000,1.000000,0,0,0,0
174,21,49,124,1.000000,1.000000,1.000000,1.000000,0,0,0,0
175,19,49,125,1.000000,1.000000,1.000000,1.000000,0,1,0,0
176,17,49,126,1.000000,1.000000,1.000000,1.000000,0,0,0,0
177,29,50,126,1.000000,1.000000,1.000000,1.000000,0,0,0,0
178,27,50,127,1.000000,1.000000,1.000000,1.000000,0,0,1,0
179,25,50,128,1.000000,1.000000,1.000000,1.000000,0,0,0,0
180,29,51,128,1.000000,1.000000,1.000000,1.000000,0,0,0,0
181,27,51,129,1.000000,1.000000,1.000000,1.000000,0,0,0,0
182,25,51,130,1.000000,1.000000,1.000000,1.000000,0,0,0,0
183,23,51,131,1.000000,1.000000,1.000000,1.000000,0,0,0,0
184,21,51,132,1.000000,1.000000,1.000000,1.000000,0,0,0,0
185,19,51,133,1.000000,1.000000,1.000000,1.000000,0,1,0,0
186,17,51,134,1.000000,1.000000,1.000000,1.000000,1,0,0,0
187,29,52,134,1.000000,1.000000,1.000000,1.000000,1,0,0,0
188,27,52,135,1.000000,1.000000,1.000000,1.000000,0,0,0,0
189,29,53,135,1.000000,1.000000,1.000000,1.000000,0,0,0,0
190,27,53,136,1.000000,1.000000,1.000000,1.000000,1,0,0,0
191,25,53,137,1.000000,1.000000,1.000000,1.000000,0,0,0,1
192,23,53,138,1.000000,1.000000,1.000000,1.000000,0,1,0,1
193,21,53,139,1.000000,1.000000,1.000000,1.000000,0,0,0,1
194,29,54,139,1.000000,1.000000,1.000000,1.000000,0,0,0,1
195,27,54,140,1.000000,1.000000,1.000000,1.000000,0,0,0,1
196,25,54,141,1.000000,1.000000,1.000000,1.000000,0,1,0,1
197,29,55,141,1.000000,1.000000,1.000000,1.000000,0,1,0,1
198,27,55,142,1.000000,1.000000,1.000000,1.000000,0,0,0,0
199,29,56,142,1.000000,1.000000,1.000000,1.000000,0,0,0,0
200,27,56,143,1.000000,1.000000,1.000000,1.000000,0,0,1,1
201,25,56,144,1.000000,1.000000,1.000000,1.000000,0,0,0,0
202,29,57,144,1.000000,1.000000,1.000000,1.000000,0,0,0,0
203,27,57,145,1.000000,1.000000,1.000000,1.000000,1,0,0,1
204,25,57,146,1.000000,1.000000,1.000000,1.000000,0,0,0,1
205,29,58,146,1.000000,1.000000,1.000000,1.000000,0,0,0,1
206,27,58,147,1.000000,1.000000,1.000000,1.000000,0,0,1,1
207,29,59,147,1.000000,1.000000,1.000000,1.000000,0,0,1,1
208,27,59,148,1.000000,1.000000,1.000000,1.000000,0,0,0,0
209,29,60,148,1.000000,1.000000,1.000000,1.000000,0,0,0,0
210,27,60,149,1.000000,1.000000,1.000000,1.000000,0,0,0,0
211,25,60,150,1.000000,1.000000,1.000000,1.000000,0,0,0,0
212,23,60,151,1.000000,1.000000,1.000000,1.000000,1,0,0,0
213,21,60,152,1.000000,1.000000,1.000000,1.000000,1,0,0,0
214,29,61,152,1.000000,1.000000,1.000000,1.000000,1,0,0,0
215,27,61,153,1.000000,1.000000,1.000000,1.000000,0,0,0,0
216,29,62,153,1.000000,1.000000,1.000000,1.000000,0,0,0,0
217,27,62,154,1.000000,1.000000,1.000000,1.000000,0,0,0,0
218,25,62,155,1.000000,1.000000,1.000000,1.000000,0,0,0,0
219,23,62,156,1.000000,1.000000,1.000000,1.000000,0,0,0,0
220,21,62,157,1.000000,1.000000,1.000000,1.000000,0,0,0,0
221,19,62,158,1.000000,1.000000,1.000000,1.000000,0,0,0,0
222,17,62,159,1.000000,1.000000,1.000000,1.000000,0,0,0,0
223,15,62,160,1.000000,1.000000,1.000000,1.000000,0,0,0,0
224,13,62,161,1.000000,1.000000,1.000000,1.000000,0,0,0,0
225,11,62,162,1.000000,1.000000,1.000000,1.000000,0,0,1,0
226,9,62,163,1.000000,1.000000,1.000000,1.000000,0,1,1,1
227,29,63,163,1.000000,1.000000,1.000000,1.000000,0,1,1,1
228,27,63,164,1.000000,1.000000,1.000000,1.000000,0,0,0,0
229,29,64,164,1.000000,1.000000,1.000000,1.000000,0,0,0,0
230,27,64,165,1.000000,1.000000,1.000000,1.000000,0,1,0,0
231,25,64,166,1.000000,1.000000,1.000000,1.000000,0,0,0,0
232,29,65,166,1.000000,1.000000,1.000000,1.000000,0,0,0,0
233,27,65,167,1.000000,1.000000,1.000000,1.000000,0,0,0,0
234,25,65,168,1.000000,1.000000,1.000000,1.000000,0,0,0,0
235,23,65,169,1.000000,1.000000,1.000000,1.000000,0,0,0,0
236,21,65,170,1.000000,1.000000,1.000000,1.000000,0,0,0,0
237,19,65,171,1.000000,1.000000,1.000000,1.000000,0,0,0,0
238,17,65,172,1.000000,1.000000,1.000000,1.000000,0,0,0,0
239,15,65,173,1.000000,1.000000,1.000000,1.000000,0,0,0,0
240,13,65,174,1.000000,1.000000,1.000000,1.000000,0,0,1,0
241,11,65,175,1.000000,1.000000,1.000000,1.000000,0,0,0,0
242,29,66,175,1.000000,1.000000,1.000000,1.000000,0,0,0,0
243,27,66,176,1.000000,1.000000,1.000000,1.000000,0,0,0,0
244,25,66,177,1.000000,1.000000,1.000000,1.000000,0,0,0,1
245,23,66,178,1.000000,1.000000,1.000000,1.000000,0,0,1,0
246,29,67,178,1.000000,1.000000,1.000000,1.000000,0,0,1,0
247,27,67,179,1.000000,1.000000,1.000000,1.000000,0,0,1,0
248,29,68,179,1.000000,1.000000,1.000000,1.000000,0,0,1,0
249,27,68,180,1.000000,1.000000,1.000000,1.000000,0,0,1,1
250,29,69,180,1.000000,1.000000,1.000000,1.000000,0,0,1,1
251,27,69,181,1.000000,1.000000,1.000000,1.000000,0,0,1,0
252,29,70,181,1.000000,1.000000,1.000000,1.000000,0,0,1,0
253,27,70,182,1.000000,1.000000,1.000000,1.000000,0,1,1,0
254,25,70,183,1.000000,1.000000,1.000000,1.000000,0,0,1,1
255,29,71,183,1.000000,1.000000,1.000000,1.000000,0,0,1,1
256,27,71,184,1.000000,1.000000,1.000000,1.000000,0,0,1,0
257,25,71,185,1.000000,1.000000,1.000000,1.000000,1,1,0,0
258,23,71,186,1.000000,1.000000,1.000000,1.000000,0,0,1,0
259,29,72,186,1.000000,1.000000,1.000000,1.000000,0,0,1,0
260,27,72,187,1.000000,1.000000,1.000000,1.000000,0,1,0,0
261,29,73,187,1.000000,1.000000,1.000000,1.000000,0,1,0,0
262,27,73,188,1.000000,1.000000,1.000000,1.000000,0,0,1,0
263,29,74,188,1.000000,1.000000,1.000000,1.000000,0,0,1,0
264,27,74,189,1.000000,1.000000,1.000000,1.000000,0,1,0,0
265,29,75,189,1.000000,1.000000,1.000000,1.000000,0,1,0,0
266,27,75,190,1.000000,1.000000,1.000000,1.000000,0,0,0,0
267,25,75,191,1.000000,1.000000,1.000000,1.000000,0,0,0,0
268,23,75,192,1.000000,1.000000,1.000000,1.000000,0,0,0,1
269,21,75,193,1.000000,1.000000,1.000000,1.000000,0,0,0,0
270,29,76,193,1.000000,1.000000,1.000000,1.000000,0,0,0,0
271,27,76,194,1.000000,1.000000,1.000000,1.000000,0,0,0,0
272,25,76,195,1.000000,1.000000,1.000000,1.000000,0,1,0,0
273,23,76,196,1.000000,1.000000,1.000000,1.000000,0,1,1,0
274,29,77,196,1.000000,1.000000,1.000000,1.000000,0,1,1,0
275,27,77,197,1.000000,1.000000,1.000000,1.000000,0,0,0,0
276,29,78,197,1.000000,1.000000,1.000000,1.000000,0,0,0,0
277,27,78,198,1.000000,1.000000,1.000000,1.000000,0,0,0,0
278,25,78,199,1.000000,1.000000,1.000000,1.000000,0,0,0,0
279,23,78,200,1.000000,1.000000,1.000000,1.000000,1,1,0,0
280,21,78,201,1.000000,1.000000,1.000000,1.000000,1,0,0,0
281,29,79,201,1.000000,1.000000,1.000000,1.000000,1,0,0,0
282,27,79,202,1.000000,1.000000,1.000000,1.000000,1,0,0,1
283,29,80,202,1.000000,1.000000,1.000000,1.000000,1,0,0,1
284,27,80,203,1.000000,1.000000,1.000000,1.000000,0,0,0,1
285,29,81,203,1.000000,1.000000,1.000000,1.000000,0,0,0,1
286,27,81,204,1.000000,1.000000,1.000000,1.000000,1,0,1,0
287,25,81,205,1.000000,1.000000,1.000000,1.000000,1,0,0,0
288,29,82,205,1.000000,1.000000,1.000000,1.000000,1,0,0,0
289,27,82,206,1.000000,1.000000,1.000000,1.000000,1,0,0,0
290,29,83,206,1.000000,1.000000,1.000000,1.000000,1,0,0,0
291,27,83,207,1.000000,1.000000,1.000000,1.000000,0,0,0,0
292,25,83,208,1.000000,1.000000,1.000000,1.000000,1,0,0,0
293,23,83,209,1.000000,1.000000,1.000000,1.000000,1,0,0,0
294,29,84,209,1.000000,1.000000,1.000000,1.000000,1,0,0,0
295,27,84,210,1.000000,1.000000,1.000000,1.000000,1,0,0,1
296,29,85,210,1.000000,1.000000,1.000000,1.000000,1,0,0,1
297,27,85,211,1.000000,1.000000,1.000000,1.000000,1,0,0,0
298,29,86,211,1.000000,1.000000,1.000000,1.000000,1,0,0,0
299,27,86,212,1.000000,1.000000,1.000000,1.000000,0,0,0,0
300,29,87,212,1.000000,1.000000,1.000000,1.000000,0,0,0,0
301,27,87,213,1.000000,1.000000,1.000000,1.000000,0,0,0,0
302,25,87,214,1.000000,1.000000,1.000000,1.000000,0,0,0,0
303,23,87,215,1.000000,1.000000,1.000000,1.000000,0,0,0,0
304,21,87,216,1.000000,1.000000,1.000000,1.000000,0,0,0,0
305,19,87,217,1.000000,1.000000,1.000000,1.000000,0,0,0,0
306,17,87,218,1.000000,1.000000,1.000000,1.000000,0,0,0,0
307,15,87,219,1.000000,1.000000,1.000000,1.000000,0,0,0,0
308,13,87,220,1.000000,1.000000,1.000000,1.000000,0,0,0,0
309,11,87,221,1.000000,1.000000,1.000000,1.000000,0,0,0,0
310,9,87,222,1.000000,1.000000,1.000000,1.000000,0,0,1,0
311,7,87,223,1.000000,1.000000,1.000000,1.000000,0,1,0,0
312,5,87,224,1.000000,1.000000,1.000000,1.000000,1,0,1,1
313,3,87,225,1.000000,1.000000,1.000000,1.000000,1,0,1,0
314,29,88,225,1.000000,1.000000,1.000000,1.000000,1,0,1,0
315,27,88,226,1.000000,1.000000,1.000000,1.000000,0,1,1,0
316,29,89,226,1.000000,1.000000,1.000000,1.000000,0,1,1,0
317,27,89,227,1.000000,1.000000,1.000000,1.000000,0,0,1,0
318,29,90,227,1.000000,1.000000,1.000000,1.000000,0,0,1,0
319,27,90,228,1.000000,1.000000,1.000000,1.000000,0,0,1,1
320,25,90,229,1.000000,1.000000,1.000000,1.000000,0,1,0,0
321,29,91,229,1.000000,1.000000,1.000000,1.000000,0,1,0,0
322,27,91,230,1.000000,1.000000,1.000000,1.000000,0,0,1,0
323,29,92,230,1.000000,1.000000,1.000000,1.000000,0,0,1,0
324,27,92,231,1.000000,1.000000,1.000000,1.000000,0,0,1,0
325,25,92,232,1.000000,1.000000,1.000000,1.000000,0,1,1,1
326,29,93,232,1.000000,1.000000,1.000000,1.000000,0,1,1,1
327,27,93,233,1.000000,1.000000,1.000000,1.000000,0,0,0,0
328,29,94,233,1.000000,1.000000,1.000000,1.000000,0,0,0,0
329,27,94,234,1.000000,1.000000,1.000000,1.000000,1,0,0,0
330,25,94,235,1.000000,1.000000,1.000000,1.000000,0,0,0,0
331,29,95,235,1.000000,1.000000,1.000000,1.000000,0,0,0,0
332,27,95,236,1.000000,1.000000,1.000000,1.000000,1,0,0,0
333,25,95,237,1.000000,1.000000,1.000000,1.000000,0,0,0,1
334,23,95,238,1.000000,1.000000,1.000000,1.000000,1,1,0,0
335,29,96,238,1.000000,1.000000,1.000000,1.000000,1,1,1,0
336,27,96,239,1.000000,1.000000,1.000000,1.000000,0,0,0,0
337,29,97,239,1.000000,1.000000,1.000000,1.000000,0,0,1,0
338,27,97,240,1.000000,1.000000,1.000000,1.000000,0,0,0,1
339,25,97,241,1.000000,1.000000,1.000000,1.000000,0,1,0,0
340,29,98,241,1.000000,1.000000,1.000000,1.000000,0,1,0,0
341,27,98,242,1.000000,1.000000,1.000000,1.000000,0,0,0,0
342,29,99,242,1.000000,1.000000,1.000000,1.000000,0,0,0,0
343,27,99,243,1.000000,1.000000,1.000000,1.000000,0,1,0,0
344,25,99,244,1.000000,1.000000,1.000000,1.000000,0,1,1,0
345,29,100,244,1.000000,1.000000,1.000000,1.000000,0,1,1,1
346,27,100,245,1.000000,1.000000,1.000000,1.000000,0,0,0,0
347,29,101,245,1.000000,1.000000,1.000000,1.000000,0,0,0,0
348,27,101,246,1.000000,1.000000,1.000000,1.000000,0,1,0,0
349,25,101,247,1.000000,1.000000,1.000000,1.000000,0,0,0,0
350,29,102,247,1.000000,1.000000,1.000000,1.000000,0,0,0,0
351,27,102,248,1.000000,1.000000,1.000000,1.000000,1,0,0,0
352,25,102,249,1.000000,1.000000,1.000000,1.000000,0,0,0,0
353,29,103,249,1.000000,1.000000,1.000000,1.000000,0,0,0,0
354,27,103,250,1.000000,1.000000,1.000000,1.000000,0,0,0,0
355,25,103,251,1.000000,1.000000,1.000000,1.000000,0,0,0,0
356,23,103,252,1.000000,1.000000,1.000000,1.000000,0,0,0,0
357,21,103,253,1.000000,1.000000,1.000000,1.000000,0,0,0,0
358,19,103,254,1.000000,1.000000,1.000000,1.000000,0,0,0,0
359,17,103,255,1.000000,1.000000,1.000000,1.000000,0,0,0,0
360,15,103,256,1.000000,1.000000,1.000000,1.000000,0,1,0,0
361,13,103,257,1.000000,1.000000,1.000000,1.000000,0,0,0,0
362,29,104,257,1.000000,1.000000,1.000000,1.000000,0,0,0,0
363,27,104,258,1.000000,1.000000,1.000000,1.000000,0,0,0,0
364,25,104,259,1.000000,1.000000,1.000000,1.000000,0,0,0,0
365,23,104,260,1.000000,1.000000,1.000000,1.000000,0,0,0,0
366,21,104,261,1.000000,1.000000,1.000000,1.000000,0,0,0,0
367,19,104,262,1.000000,1.000000,1.000000,1.000000,0,0,0,0
368,17,104,263,1.000000,1.000000,1.000000,1.000000,0,0,1,0
369,15,104,264,1.000000,1.000000,1.000000,1.000000,0,0,1,0
370,29,105,264,1.000000,1.000000,1.000000,1.000000,0,0,1,0
371,27,105,265,1.000000,1.000000,1.000000,1.000000,0,1,0,0
372,29,106,265,1.000000,1.000000,1.000000,1.000000,0,1,0,0
373,27,106,266,1.000000,1.000000,1.000000,1.000000,0,0,0,0
374,29,107,266,1.000000,1.000000,1.000000,1.000000,0,0,0,0
375,27,107,267,1.000000,1.000000,1.000000,1.000000,0,0,0,0
376,25,107,268,1.000000,1.000000,1.000000,1.000000,0,0,0,0
377,23,107,269,1.000000,1.000000,1.000000,1.000000,0,0,1,0
378,21,107,270,1.000000,1.000000,1.000000,1.000000,0,0,1,1
379,29,108,270,1.000000,1.000000,1.000000,1.000000,0,0,1,1
380,27,108,271,1.000000,1.000000,1.000000,1.000000,0,0,1,0
381,29,109,271,1.000000,1.000000,1.000000,1.000000,0,0,1,0
382,27,109,272,1.000000,1.000000,1.000000,1.000000,0,0,1,0
383,25,109,273,1.000000,1.000000,1.000000,1.000000,0,0,1,1
384,29,110,273,1.000000,1.000000,1.000000,1.000000,0,0,1,1
385,27,110,274,1.000000,1.000000,1.000000,1.000000,0,1,0,0
386,25,110,275,1.000000,1.000000,1.000000,1.000000,0,1,0,1
387,29,111,275,1.000000,1.000000,1.000000,1.000000,0,1,0,1
388,27,111,276,1.000000,1.000000,1.000000,1.000000,0,0,0,0
389,29,112,276,1.000000,1.000000,1.000000,1.000000,0,0,0,0
390,27,112,277,1.000000,1.000000,1.000000,1.000000,0,0,0,1
391,25,112,278,1.000000,1.000000,1.000000,1.000000,0,0,0,0
392,29,113,278,1.000000,1.000000,1.000000,1.000000,0,0,0,0
393,27,113,279,1.000000,1.000000,1.000000,1.000000,1,0,0,0
394,25,113,280,1.000000,1.000000,1.000000,1.000000,0,0,0,0
395,29,114,280,1.000000,1.000000,1.000000,1.000000,1,0,0,0
396,27,114,281,1.000000,1.000000,1.000000,1.000000,0,1,0,0
397,29,115,281,1.000000,1.000000,1.000000,1.000000,0,1,0,0
398,27,115,282,1.000000,1.000000,1.000000,1.000000,0,0,1,0
399,29,116,282,1.000000,1.000000,1.000000,1.000000,0,0,1,0
400,27,116,283,1.000000,1.000000,1.000000,1.000000,0,0,0,0
401,29,117,283,1.000000,1.000000,1.000000,1.000000,0,0,0,0
402,27,117,284,1.000000,1.000000,1.000000,1.000000,0,0,0,0
403,25,117,285,1.000000,1.000000,1.000000,1.000000,0,0,0,0
404,23,117,286,1.000000,1.000000,1.000000,1.000000,0,0,0,0
405,21,117,287,1.000000,1.000000,1.000000,1.000000,0,0,0,0
406,19,117,288,1.000000,1.000000,1.000000,1.000000,0,0,0,1
407,17,117,289,1.000000,1.000000,1.000000,1.000000,0,0,0,0
408,29,118,289,1.000000,1.000000,1.000000,1.000000,0,0,0,0
409,27,118,290,1.000000,1.000000,1.000000,1.000000,0,0,0,0
410,25,118,291,1.000000,1.000000,1.000000,1.000000,0,1,0,0
411,23,118,292,1.000000,1.000000,1.000000,1.000000,1,0,0,0
412,21,118,293,1.000000,1.000000,1.000000,1.000000,0,0,1,0
413,29,119,293,1.000000,1.000000,1.000000,1.000000,0,1,1,0
414,27,119,294,1.000000,1.000000,1.000000,1.000000,0,0,0,0
415,29,120,294,1.000000,1.000000,1.000000,1.000000,0,1,0,0
416,27,120,295,1.000000,1.000000,1.000000,1.000000,1,0,1,0
417,29,121,295,1.000000,1.000000,1.000000,1.000000,1,0,1,0
418,27,121,296,1.000000,1.000000,1.000000,1.000000,0,0,0,0
419,29,122,296,1.000000,1.000000,1.000000,1.000000,0,0,0,0
420,27,122,297,1.000000,1.000000,1.000000,1.000000,0,0,1,0
421,25,122,298,1.000000,1.000000,1.000000,1.000000,0,1,0,0
422,23,122,299,1.000000,1.000000,1.000000,1.000000,0,1,0,1
423,21,122,300,1.000000,1.000000,1.000000,1.000000,0,1,0,0
424,29,123,300,1.000000,1.000000,1.000000,1.000000,0,1,0,0
425,27,123,301,1.000000,1.000000,1.000000,1.000000,0,1,0,0
426,25,123,302,1.000000,1.000000,1.000000,1.000000,0,0,0,1
427,29,124,302,1.000000,1.000000,1.000000,1.000000,0,0,0,1
428,27,124,303,1.000000,1.000000,1.000000,1.000000,0,0,0,0
429,29,125,303,1.000000,1.000000,1.000000,1.000000,0,0,0,0
430,27,125,304,1.000000,1.000000,1.000000,1.000000,0,0,0,0
431,25,125,305,1.000000,1.000000,1.000000,1.000000,1,0,0,0
432,23,125,306,1.000000,1.000000,1.000000,1.000000,1,1,0,0
433,29,126,306,1.000000,1.000000,1.000000,1.000000,1,1,0,0
434,27,126,307,1.000000,1.000000,1.000000,1.000000,0,1,0,0
435,29,127,307,1.000000,1.000000,1.000000,1.000000,0,1,0,0
436,27,127,308,1.000000,1.000000,1.000000,1.000000,0,0,1,0
437,25,127,309,1.000000,1.000000,1.000000,1.000000,1,0,0,0
438,29,128,309,1.000000,1.000000,1.000000,1.000000,1,0,1,0
439,27,128,310,1.000000,1.000000,1.000000,1.000000,0,0,0,0
440,29,129,310,1.000000,1.000000,1.000000,1.000000,0,0,0,0
441,27,129,311,1.000000,1.000000,1.000000,1.000000,0,0,0,0
442,25,129,312,1.000000,1.000000,1.000000,1.000000,0,0,0,1
443,23,129,313,1.000000,1.000000,1.000000,1.000000,0,0,0,0
444,29,130,313,1.000000,1.000000,1.000000,1.000000,0,0,0,0
445,27,130,314,1.000000,1.000000,1.000000,1.000000,1,0,0,0
446,25,130,315,1.000000,1.000000,1.000000,1.000000,1,1,0,0
447,29,131,315,1.000000,1.000000,1.000000,1.000000,1,1,0,0
448,27,131,316,1.000000,1.000000,1.000000,1.000000,0,0,0,0
449,29,132,316,1.000000,1.000000,1.000000,1.000000,0,0,0,0
450,27,132,317,1.000000,1.000000,1.000000,1.000000,0,1,0,0
451,25,132,318,1.000000,1.000000,1.000000,1.000000,0,0,0,0
452,29,133,318,1.000000,1.000000,1.000000,1.000000,0,0,0,0
453,27,133,319,1.000000,1.000000,1.000000,1.000000,0,0,0,0
454,25,133,320,1.000000,1.000000,1.000000,1.000000,0,0,0,0
455,23,133,321,1.000000,1.000000,1.000000,1.000000,0,0,0,0
456,21,133,322,1.000000,1.000000,1.000000,1.000000,0,0,0,0
457,19,133,323,1.000000,1.000000,1.000000,1.000000,0,0,0,0
458,17,133,324,1.000000,1.000000,1.000000,1.000000,0,0,0,0
459,15,133,325,1.000000,1.000000,1.000000,1.000000,0,0,1,0
460,13,133,326,1.000000,1.000000,1.000000,1.000000,0,0,1,1
461,29,134,326,1.000000,1.000000,1.000000,1.000000,0,0,1,1
462,27,134,327,1.000000,1.000000,1.000000,1.000000,0,0,1,1
463,29,135,327,1.000000,1.000000,1.000000,1.000000,0,0,1,1
464,27,135,328,1.000000,1.000000,1.000000,1.000000,0,1,0,0
465,29,136,328,1.000000,1.000000,1.000000,1.000000,0,1,0,0
466,27,136,329,1.000000,1.000000,1.000000,1.000000,0,1,0,0
467,29,137,329,1.000000,1.000000,1.000000,1.000000,0,1,0,0
468,27,137,330,1.000000,1.000000,1.000000,1.000000,0,0,0,0
469,25,137,331,1.000000,1.000000,1.000000,1.000000,0,0,0,0
470,23,137,332,1.000000,1.000000,1.000000,1.000000,0,0,1,1
471,21,137,333,1.000000,1.000000,1.000000,1.000000,0,0,0,0
472,29,138,333,1.000000,1.000000,1.000000,1.000000,0,0,0,0
473,27,138,334,1.000000,1.000000,1.000000,1.000000,1,0,0,1
474,25,138,335,1.000000,1.000000,1.000000,1.000000,1,0,0,1
475,23,138,336,1.000000,1.000000,1.000000,1.000000,1,1,0,1
476,29,139,336,1.000000,1.000000,1.000000,1.000000,1,1,0,1
477,27,139,337,1.000000,1.000000,1.000000,1.000000,1,0,0,0
478,29,140,337,1.000000,1.000000,1.000000,1.000000,1,0,0,0
479,27,140,338,1.000000,1.000000,1.000000,1.000000,1,1,0,1
480,29,141,338,1.000000,1.000000,1.000000,1.000000,1,1,0,1
481,27,141,339,1.000000,1.000000,1.000000,1.000000,0,0,0,0
482,29,142,339,1.000000,1.000000,1.000000,1.000000,0,0,0,0
483,27,142,340,1.000000,1.000000,1.000000,1.000000,0,1,0,0
484,25,142,341,1.000000,1.000000,1.000000,1.000000,0,0,0,0
485,23,142,342,1.000000,1.000000,1.000000,1.000000,1,1,0,0
486,21,142,343,1.000000,1.000000,1.000000,1.000000,0,0,0,0
487,29,143,343,1.000000,1.000000,1.000000,1.000000,0,0,0,0
488,27,143,344,1.000000,1.000000,1.000000,1.000000,0,1,0,0
489,25,143,345,1.000000,1.000000,1.000000,1.000000,0,0,0,0
490,29,144,345,1.000000,1.000000,1.000000,1.000000,0,0,0,0
491,27,144,346,1.000000,1.000000,1.000000,1.000000,0,0,0,0
492,25,144,347,1.000000,1.000000,1.000000,1.000000,1,0,0,0
493,23,144,348,1.000000,1.000000,1.000000,1.000000,1,1,0,0
494,29,145,348,1.000000,1.000000,1.000000,1.000000,1,1,0,0
495,27,145,349,1.000000,1.000000,1.000000,1.000000,0,1,0,0
496,25,145,350,1.000000,1.000000,1.000000,1.000000,0,0,0,1
497,29,146,350,1.000000,1.000000,1.000000,1.000000,0,0,0,1
498,27,146,351,1.000000,1.000000,1.000000,1.000000,0,0,0,0
499,29,147,351,1.000000,1.000000,1.000000,1.000000,0,0,0,0
500,27,147,352,1.000000,1.000000,1.000000,1.000000,1,0,0,0
501,25,147,353,1.000000,1.000000,1.000000,1.000000,1,0,0,1
502,29,148,353,1.000000,1.000000,1.000000,1.000000,1,0,0,1
503,27,148,354,1.000000,1.000000,1.000000,1.000000,0,0,0,1
504,29,149,354,1.000000,1.000000,1.000000,1.000000,0,0,0,1
505,27,149,355,1.000000,1.000000,1.000000,1.000000,0,0,1,0
506,29,150,355,1.000000,1.000000,1.000000,1.000000,0,0,1,0
507,27,150,356,1.000000,1.000000,1.000000,1.000000,1,0,0,0
508,25,150,357,1.000000,1.000000,1.000000,1.000000,0,0,0,0
509,29,151,357,1.000000,1.000000,1.000000,1.000000,0,0,0,0
510,27,151,358,1.000000,1.000000,1.000000,1.000000,0,0,0,0
511,25,151,359,1.000000,1.000000,1.000000,1.000000,0,0,1,0
512,23,151,360,1.000000,1.000000,1.000000,1.000000,0,0,0,0
513,29,152,360,1.000000,1.000000,1.000000,1.000000,0,0,0,0
514,27,152,361,1.000000,1.000000,1.000000,1.000000,0,0,0,0
515,25,152,362,1.000000,1.000000,1.000000,1.000000,0,0,0,0
516,23,152,363,1.000000,1.000000,1.000000,1.000000,0,0,0,0
517,21,152,364,1.000000,1.000000,1.000000,1.000000,0,0,0,1
518,19,152,365,1.000000,1.000000,1.000000,1.000000,1,0,0,0
519,29,153,365,1.000000,1.000000,1.000000,1.000000,1,0,0,0
520,27,153,366,1.000000,1.000000,1.000000,1.000000,0,0,0,0
521,29,154,366,1.000000,1.000000,1.000000,1.000000,0,0,0,0
522,27,154,367,1.000000,1.000000,1.000000,1.000000,0,0,0,0
523,25,154,368,1.000000,1.000000,1.000000,1.000000,0,0,0,0
524,23,154,369,1.000000,1.000000,1.000000,1.000000,0,0,0,0
525,21,154,370,1.000000,1.000000,1.000000,1.000000,0,0,0,0
526,19,154,371,1.000000,1.000000,1.000000,1.000000,0,0,0,0
527,17,154,372,1.000000,1.000000,1.000000,1.000000,0,0,1,0
528,15,154,373,1.000000,1.000000,1.000000,1.000000,0,0,1,0
529,29,155,373,1.000000,1.000000,1.000000,1.000000,0,0,1,0
530,27,155,374,1.000000,1.000000,1.000000,1.000000,0,0,0,0
531,29,156,374,1.000000,1.000000,1.000000,1.000000,0,0,0,0
532,27,156,375,1.000000,1.000000,1.000000,1.000000,0,0,0,0
533,25,156,376,1.000000,1.000000,1.000000,1.000000,0,0,0,0
534,23,156,377,1.000000,1.000000,1.000000,1.000000,0,0,0,0
535,21,156,378,1.000000,1.000000,1.000000,1.000000,0,0,0,0
536,19,156,379,1.000000,1.000000,1.000000,1.000000,0,0,0,0
537,17,156,380,1.000000,1.000000,1.000000,1.000000,0,0,0,0
538,15,156,381,1.000000,1.000000,1.000000,1.000000,0,0,0,0
539,13,156,382,1.000000,1.000000,1.000000,1.000000,1,0,0,0
540,11,156,383,1.000000,1.000000,1.000000,1.000000,0,0,0,0
541,29,157,383,1.000000,1.000000,1.000000,1.000000,0,0,0,0
542,27,157,384,1.000000,1.000000,1.000000,1.000000,0,0,0,0
543,25,157,385,1.000000,1.000000,1.000000,1.000000,0,0,0,0
544,23,157,386,1.000000,1.000000,1.000000,1.000000,0,0,0,0
545,21,157,387,1.000000,1.000000,1.000000,1.000000,0,1,0,0
546,19,157,388,1.000000,1.000000,1.000000,1.000000,1,0,0,0
547,17,157,389,1.000000,1.000000,1.000000,1.000000,0,0,1,0
548,15,157,390,1.000000,1.000000,1.000000,1.000000,1,0,0,0
549,13,157,391,1.000000,1.000000,1.000000,1.000000,0,0,1,0
550,29,158,391,1.000000,1.000000,1.000000,1.000000,0,0,1,0
551,27,158,392,1.000000,1.000000,1.000000,1.000000,0,0,0,0
552,29,159,392,1.000000,1.000000,1.000000,1.000000,0,0,0,0
553,27,159,393,1.000000,1.000000,1.000000,1.000000,0,0,0,0
554,25,159,394,1.000000,1.000000,1.000000,1.000000,0,0,0,0
555,23,159,395,1.000000,1.000000,1.000000,1.000000,0,0,0,0
556,21,159,396,1.000000,1.000000,1.000000,1.000000,0,0,0,0
557,19,159,397,1.000000,1.000000,1.000000,1.000000,0,0,0,0
558,17,159,398,1.000000,1.000000,1.000000,1.000000,0,0,0,0
559,15,159,399,1.000000,1.000000,1.000000,1.000000,0,0,0,0
560,13,159,400,1.000000,1.000000,1.000000,1.000000,1,0,0,0
561,11,159,401,1.000000,1.000000,1.000000,1.000000,0,0,0,0
562,29,160,401,1.000000,1.000000,1.000000,1.000000,0,0,0,0
563,27,160,402,1.000000,1.000000,1.000000,1.000000,0,0,0,0
564,25,160,403,1.000000,1.000000,1.000000,1.000000,0,0,0,0
565,23,160,404,1.000000,1.000000,1.000000,1.000000,0,0,0,0
566,21,160,405,1.000000,1.000000,1.000000,1.000000,0,1,0,0
567,19,160,406,1.000000,1.000000,1.000000,1.000000,0,0,0,0
568,17,160,407,1.000000,1.000000,1.000000,1.000000,0,1,0,0
569,15,160,408,1.000000,1.000000,1.000000,1.000000,1,0,0,0
570,29,161,408,1.000000,1.000000,1.000000,1.000000,1,0,0,0
571,27,161,409,1.000000,1.000000,1.000000,1.000000,0,0,0,0
572,29,162,409,1.000000,1.000000,1.000000,1.000000,0,0,0,0
573,27,162,410,1.000000,1.000000,1.000000,1.000000,1,0,0,0
574,25,162,411,1.000000,1.000000,1.000000,1.000000,1,0,0,0
575,29,163,411,1.000000,1.000000,1.000000,1.000000,1,0,0,0
576,27,163,412,1.000000,1.000000,1.000000,1.000000,0,0,0,0
577,29,164,412,1.000000,1.000000,1.000000,1.000000,0,0,0,0
578,27,164,413,1.000000,1.000000,1.000000,1.000000,0,0,0,0
579,25,164,414,1.000000,1.000000,1.000000,1.000000,0,0,0,0
580,23,164,415,1.000000,1.000000,1.000000,1.000000,0,0,0,0
581,21,164,416,1.000000,1.000000,1.000000,1.000000,0,0,0,0
582,19,164,417,1.000000,1.000000,1.000000,1.000000,0,0,0,0
583,17,164,418,1.000000,1.000000,1.000000,1.000000,0,0,0,0
584,15,164,419,1.000000,1.000000,1.000000,1.000000,0,0,0,0
585,13,164,420,1.000000,1.000000,1.000000,1.000000,1,1,0,0
586,11,164,421,1.000000,1.000000,1.000000,1.000000,0,1,1,0
587,29,165,421,1.000000,1.000000,1.000000,1.000000,0,1,1,0
588,27,165,422,1.000000,1.000000,1.000000,1.000000,0,1,0,0
589,29,166,422,1.000000,1.000000,1.000000,1.000000,0,1,0,0
590,27,166,423,1.000000,1.000000,1.000000,1.000000,1,0,1,0
591,29,167,423,1.000000,1.000000,1.000000,1.000000,1,0,1,0
592,27,167,424,1.000000,1.000000,1.000000,1.000000,0,0,0,0
593,29,168,424,1.000000,1.000000,1.000000,1.000000,0,0,0,0
594,27,168,425,1.000000,1.000000,1.000000,1.000000,0,0,0,0
595,25,168,426,1.000000,1.000000,1.000000,1.000000,0,0,0,0
596,23,168,427,1.000000,1.000000,1.000000,1.000000,0,0,0,0
597,21,168,428,1.000000,1.000000,1.000000,1.000000,0,0,0,0
598,19,168,429,1.000000,1.000000,1.000000,1.000000,0,0,0,0
599,17,168,430,1.000000,1.000000,1.000000,1.000000,1,0,0,0
600,15,168,431,1.000000,1.000000,1.000000,1.000000,0,0,0,0
601,29,169,431,1.000000,1.000000,1.000000,1.000000,0,0,0,0
602,27,169,432,1.000000,1.000000,1.000000,1.000000,0,1,0,0
603,25,169,433,1.000000,1.000000,1.000000,1.000000,0,0,1,0
604,23,169,434,1.000000,1.000000,1.000000,1.000000,1,0,0,0
605,29,170,434,1.000000,1.000000,1.000000,1.000000,1,1,0,0
606,27,170,435,1.000000,1.000000,1.000000,1.000000,0,0,0,0
607,29,171,435,1.000000,1.000000,1.000000,1.000000,0,1,0,0
608,27,171,436,1.000000,1.000000,1.000000,1.000000,0,0,1,0
609,29,172,436,1.000000,1.000000,1.000000,1.000000,0,0,1,0
610,27,172,437,1.000000,1.000000,1.000000,1.000000,0,0,1,0
611,29,173,437,1.000000,1.000000,1.000000,1.000000,0,0,1,0
612,27,173,438,1.000000,1.000000,1.000000,1.000000,0,1,0,0
613,29,174,438,1.000000,1.000000,1.000000,1.000000,0,1,0,0
614,27,174,439,1.000000,1.000000,1.000000,1.000000,0,1,0,0
615,29,175,439,1.000000,1.000000,1.000000,1.000000,0,1,0,0
616,27,175,440,1.000000,1.000000,1.000000,1.000000,0,0,0,0
617,29,176,440,1.000000,1.000000,1.000000,1.000000,0,0,0,0
618,27,176,441,1.000000,1.000000,1.000000,1.000000,0,0,0,0
619,25,176,442,1.000000,1.000000,1.000000,1.000000,0,1,0,0
620,23,176,443,1.000000,1.000000,1.000000,1.000000,0,0,0,0
621,29,177,443,1.000000,1.000000,1.000000,1.000000,0,0,0,0
622,27,177,444,1.000000,1.000000,1.000000,1.000000,0,0,0,0
623,25,177,445,1.000000,1.000000,1.000000,1.000000,1,1,0,0
624,23,177,446,1.000000,1.000000,1.000000,1.000000,0,1,0,0
625,21,177,447,1.000000,1.000000,1.000000,1.000000,0,0,0,1
626,29,178,447,1.000000,1.000000,1.000000,1.000000,0,0,0,1
627,27,178,448,1.000000,1.000000,1.000000,1.000000,0,0,0,0
628,29,179,448,1.000000,1.000000,1.000000,1.000000,0,0,0,0
629,27,179,449,1.000000,1.000000,1.000000,1.000000,0,0,0,0
630,25,179,450,1.000000,1.000000,1.000000,1.000000,0,0,0,0
631,23,179,451,1.000000,1.000000,1.000000,1.000000,0,0,0,1
632,21,179,452,1.000000,1.000000,1.000000,1.000000,0,0,0,0
633,29,180,452,1.000000,1.000000,1.000000,1.000000,0,0,0,0
634,27,180,453,1.000000,1.000000,1.000000,1.000000,0,0,0,0
635,25,180,454,1.000000,1.000000,1.000000,1.000000,0,0,1,0
636,23,180,455,1.000000,1.000000,1.000000,1.000000,0,0,0,0
637,21,180,456,1.000000,1.000000,1.000000,1.000000,0,0,0,0
638,19,180,457,1.000000,1.000000,1.000000,1.000000,0,0,0,0
639,17,180,458,1.000000,1.000000,1.000000,1.000000,0,1,0,0
640,15,180,459,1.000000,1.000000,1.000000,1.000000,0,0,0,0
641,29,181,459,1.000000,1.000000,1.000000,1.000000,0,0,0,0
642,27,181,460,1.000000,1.000000,1.000000,1.000000,0,0,0,0
643,25,181,461,1.000000,1.000000,1.000000,1.000000,0,1,0,0
644,23,181,462,1.000000,1.000000,1.000000,1.000000,0,1,0,0
645,29,182,462,1.000000,1.000000,1.000000,1.000000,0,1,0,0
646,27,182,463,1.000000,1.000000,1.000000,1.000000,0,0,0,0
647,29,183,463,1.000000,1.000000,1.000000,1.000000,0,0,0,0
648,27,183,464,1.000000,1.000000,1.000000,1.000000,0,0,1,0
649,25,183,465,1.000000,1.000000,1.000000,1.000000,0,0,0,0
650,29,184,465,1.000000,1.000000,1.000000,1.000000,0,0,0,0
651,27,184,466,1.000000,1.000000,1.000000,1.000000,0,0,0,0
652,25,184,467,1.000000,1.000000,1.000000,1.000000,0,0,0,0
653,23,184,468,1.000000,1.000000,1.000000,1.000000,0,0,0,0
654,21,184,469,1.000000,1.000000,1.000000,1.000000,0,0,0,0
655,19,184,470,1.000000,1.000000,1.000000,1.000000,0,0,0,0
656,17,184,471,1.000000,1.000000,1.000000,1.000000,0,0,0,0
657,15,184,472,1.000000,1.000000,1.000000,1.000000,0,0,0,0
658,13,184,473,1.000000,1.000000,1.000000,1.000000,0,0,0,0
659,11,184,474,1.000000,1.000000,1.000000,1.000000,0,0,0,0
660,9,184,475,1.000000,1.000000,1.000000,1.000000,0,0,0,1
661,7,184,476,1.000000,1.000000,1.000000,1.000000,0,0,0,1
662,29,185,476,1.000000,1.000000,1.000000,1.000000,0,0,0,1
663,27,185,477,1.000000,1.000000,1.000000,1.000000,0,0,0,0
664,29,186,477,1.000000,1.000000,1.000000,1.000000,0,0,0,0
665,27,186,478,1.000000,1.000000,1.000000,1.000000,0,0,1,0
666,25,186,479,1.000000,1.000000,1.000000,1.000000,0,0,1,0
667,29,187,479,1.000000,1.000000,1.000000,1.000000,0,0,1,0
668,27,187,480,1.000000,1.000000,1.000000,1.000000,0,1,0,0
669,29,188,480,1.000000,1.000000,1.000000,1.000000,0,1,0,0
670,27,188,481,1.000000,1.000000,1.000000,1.000000,0,1,0,0
671,25,188,482,1.000000,1.000000,1.000000,1.000000,0,0,0,1
672,29,189,482,1.000000,1.000000,1.000000,1.000000,0,0,0,1
673,27,189,483,1.000000,1.000000,1.000000,1.000000,0,0,0,0
674,29,190,483,1.000000,1.000000,1.000000,1.000000,0,0,0,0
675,27,190,484,1.000000,1.000000,1.000000,1.000000,0,0,1,0
676,25,190,485,1.000000,1.000000,1.000000,1.000000,0,0,0,1
677,29,191,485,1.000000,1.000000,1.000000,1.000000,0,0,0,1
678,27,191,486,1.000000,1.000000,1.000000,1.000000,0,0,0,0
679,29,192,486,1.000000,1.000000,1.000000,1.000000,0,0,0,0
680,27,192,487,1.000000,1.000000,1.000000,1.000000,0,0,0,0
681,25,192,488,1.000000,1.000000,1.000000,1.000000,0,0,0,0
682,23,192,489,1.000000,1.000000,1.000000,1.000000,0,0,0,0
683,21,192,490,1.000000,1.000000,1.000000,1.000000,0,0,1,0
684,19,192,491,1.000000,1.000000,1.000000,1.000000,0,0,1,0
685,29,193,491,1.000000,1.000000,1.000000,1.000000,0,0,1,0
686,27,193,492,1.000000,1.000000,1.000000,1.000000,0,0,0,0
687,29,194,492,1.000000,1.000000,1.000000,1.000000,0,0,0,0
688,27,194,493,1.000000,1.000000,1.000000,1.000000,0,1,0,0
689,25,194,494,1.000000,1.000000,1.000000,1.000000,0,1,0,0
690,23,194,495,1.000000,1.000000,1.000000,1.000000,1,0,0,0
691,29,195,495,1.000000,1.000000,1.000000,1.000000,1,0,0,0
692,27,195,496,1.000000,1.000000,1.000000,1.000000,0,0,0,0
693,25,195,497,1.000000,1.000000,1.000000,1.000000,0,0,0,0
694,23,195,498,1.000000,1.000000,1.000000,1.000000,0,0,0,0
695,21,195,499,1.000000,1.000000,1.000000,1.000000,0,0,0,0
696,19,195,500,1.000000,1.000000,1.000000,1.000000,0,0,0,1
697,17,195,501,1.000000,1.000000,1.000000,1.000000,1,0,0,0
698,29,196,501,1.000000,1.000000,1.000000,1.000000,1,0,0,0
699,27,196,502,1.000000,1.000000,1.000000,1.000000,0,0,0,1
700,29,197,502,1.000000,1.000000,1.000000,1.000000,0,0,0,1
701,27,197,503,1.000000,1.000000,1.000000,1.000000,0,0,0,0
702,29,198,503,1.000000,1.000000,1.000000,1.000000,0,0,0,0
703,27,198,504,1.000000,1.000000,1.000000,1.000000,0,0,0,1
704,25,198,505,1.000000,1.000000,1.000000,1.000000,0,0,0,0
705,29,199,505,1.000000,1.000000,1.000000,1.000000,0,0,0,0
706,27,199,506,1.000000,1.000000,1.000000,1.000000,0,0,0,0
707,25,199,507,1.000000,1.000000,1.000000,1.000000,0,0,0,0
708,23,199,508,1.000000,1.000000,1.000000,1.000000,0,0,0,0
709,21,199,509,1.000000,1.000000,1.000000,1.000000,0,0,0,0
710,19,199,510,1.000000,1.000000,1.000000,1.000000,0,0,0,0
711,17,199,511,1.000000,1.000000,1.000000,1.000000,0,0,0,0
712,15,199,512,1.000000,1.000000,1.000000,1.000000,0,1,0,0
713,13,199,513,1.000000,1.000000,1.000000,1.000000,0,0,0,0
714,29,200,513,1.000000,1.000000,1.000000,1.000000,1,0,0,0
715,27,200,514,1.000000,1.000000,1.000000,1.000000,0,0,0,0
716,29,201,514,1.000000,1.000000,1.000000,1.000000,0,0,0,1
717,27,201,515,1.000000,1.000000,1.000000,1.000000,0,0,0,0
718,29,202,515,1.000000,1.000000,1.000000,1.000000,0,0,0,0
719,27,202,516,1.000000,1.000000,1.000000,1.000000,0,0,0,1
720,25,202,517,1.000000,1.000000,1.000000,1.000000,0,0,0,0
721,23,202,518,1.000000,1.000000,1.000000,1.000000,0,0,0,0
722,21,202,519,1.000000,1.000000,1.000000,1.000000,0,0,0,0
723,19,202,520,1.000000,1.000000,1.000000,1.000000,0,0,0,0
724,17,202,521,1.000000,1.000000,1.000000,1.000000,0,0,0,0
725,15,202,522,1.000000,1.000000,1.000000,1.000000,0,0,0,0
726,13,202,523,1.000000,1.000000,1.000000,1.000000,1,0,0,0
727,11,202,524,1.000000,1.000000,1.000000,1.000000,1,0,0,0
728,29,203,524,1.000000,1.000000,1.000000,1.000000,1,0,0,0
729,27,203,525,1.000000,1.000000,1.000000,1.000000,0,0,0,0
730,29,204,525,1.000000,1.000000,1.000000,1.000000,0,0,0,0
731,27,204,526,1.000000,1.000000,1.000000,1.000000,0,0,0,0
732,25,204,527,1.000000,1.000000,1.000000,1.000000,0,0,0,1
733,23,204,528,1.000000,1.000000,1.000000,1.000000,0,0,0,1
734,29,205,528,1.000000,1.000000,1.000000,1.000000,0,0,0,1
735,27,205,529,1.000000,1.000000,1.000000,1.000000,0,0,0,0
736,29,206,529,1.000000,1.000000,1.000000,1.000000,0,0,0,0
737,27,206,530,1.000000,1.000000,1.000000,1.000000,1,0,0,0
738,25,206,531,1.000000,1.000000,1.000000,1.000000,0,0,0,0
739,29,207,531,1.000000,1.000000,1.000000,1.000000,0,0,0,0
740,27,207,532,1.000000,1.000000,1.000000,1.000000,0,0,0,0
741,25,207,533,1.000000,1.000000,1.000000,1.000000,0,0,0,0
742,23,207,534,1.000000,1.000000,1.000000,1.000000,0,0,0,0
743,21,207,535,1.000000,1.000000,1.000000,1.000000,0,0,0,0
744,19,207,536,1.000000,1.000000,1.000000,1.000000,0,0,0,0
745,17,207,537,1.000000,1.000000,1.000000,1.000000,0,0,0,0
746,15,207,538,1.000000,1.000000,1.000000,1.000000,0,0,0,0
747,13,207,539,1.000000,1.000000,1.000000,1.000000,0,0,0,0
748,11,207,540,1.000000,1.000000,1.000000,1.000000,0,0,0,0
749,9,207,541,1.000000,1.000000,1.000000,1.000000,0,0,0,0
750,7,207,542,1.000000,1.000000,1.000000,1.000000,0,0,0,0
751,5,207,543,1.000000,1.000000,1.000000,1.000000,0,0,0,0
752,3,207,544,1.000000,1.000000,1.000000,1.000000,0,1,0,0
753,1,207,545,1.000000,1.000000,1.000000,1.000000,0,1,0,0
754,29,208,545,1.000000,1.000000,1.000000,1.000000,0,1,0,0
755,27,208,546,1.000000,1.000000,1.000000,1.000000,0,0,0,0
756,29,209,546,1.000000,1.000000,1.000000,1.000000,0,0,0,0
757,27,209,547,1.000000,1.000000,1.000000,1.000000,0,0,0,0
758,25,209,548,1.000000,1.000000,1.000000,1.000000,0,0,0,0
759,23,209,549,1.000000,1.000000,1.000000,1.000000,0,0,0,0
760,21,209,550,1.000000,1.000000,1.000000,1.000000,0,0,0,0
761,19,209,551,1.000000,1.000000,1.000000,1.000000,0,0,0,0
762,17,209,552,1.000000,1.000000,1.000000,1.000000,0,0,1,0
763,15,209,553,1.000000,1.000000,1.000000,1.000000,0,1,0,0
764,29,210,553,1.000000,1.000000,1.000000,1.000000,0,1,0,0
765,27,210,554,1.000000,1.000000,1.000000,1.000000,0,0,1,0
766,29,211,554,1.000000,1.000000,1.000000,1.000000,0,0,1,0
767,27,211,555,1.000000,1.000000,1.000000,1.000000,0,0,0,0
768,29,212,555,1.000000,1.000000,1.000000,1.000000,0,0,0,0
769,27,212,556,1.000000,1.000000,1.000000,1.000000,0,0,0,0
770,25,212,557,1.000000,1.000000,1.000000,1.000000,0,0,0,0
771,23,212,558,1.000000,1.000000,1.000000,1.000000,0,0,0,0
772,21,212,559,1.000000,1.000000,1.000000,1.000000,0,0,0,0
773,19,212,560,1.000000,1.000000,1.000000,1.000000,1,0,0,0
774,17,212,561,1.000000,1.000000,1.000000,1.000000,1,0,0,0
775,29,213,561,1.000000,1.000000,1.000000,1.000000,1,0,0,0
776,27,213,562,1.000000,1.000000,1.000000,1.000000,0,0,0,0
777,29,214,562,1.000000,1.000000,1.000000,1.000000,0,0,0,0
778,27,214,563,1.000000,1.000000,1.000000,1.000000,1,0,0,0
779,25,214,564,1.000000,1.000000,1.000000,1.000000,0,0,0,0
780,23,214,565,1.000000,1.000000,1.000000,1.000000,0,0,0,0
781,21,214,566,1.000000,1.000000,1.000000,1.000000,0,0,0,0
782,19,214,567,1.000000,1.000000,1.000000,1.000000,0,0,0,0
783,17,214,568,1.000000,1.000000,1.000000,1.000000,0,0,0,0
784,15,214,569,1.000000,1.000000,1.000000,1.000000,0,0,0,0
785,13,214,570,1.000000,1.000000,1.000000,1.000000,0,0,0,0
786,11,214,571,1.000000,1.000000,1.000000,1.000000,0,0,0,0
787,9,214,572,1.000000,1.000000,1.000000,1.000000,0,0,0,0
788,7,214,573,1.000000,1.000000,1.000000,1.000000,0,0,0,0
789,5,214,574,1.000000,1.000000,1.000000,1.000000,1,0,0,0
790,3,214,575,1.000000,1.000000,1.000000,1.000000,0,0,0,0
791,29,215,575,1.000000,1.000000,1.000000,1.000000,1,0,0,0
792,27,215,576,1.000000,1.000000,1.000000,1.000000,0,0,0,0
793,29,216,576,1.000000,1.000000,1.000000,1.000000,0,0,0,0
794,27,216,577,1.000000,1.000000,1.000000,1.000000,0,0,0,0
795,25,216,578,1.000000,1.000000,1.000000,1.000000,0,0,0,0
796,23,216,579,1.000000,1.000000,1.000000,1.000000,0,1,1,0
797,21,216,580,1.000000,1.000000,1.000000,1.000000,0,0,0,0
798,29,217,580,1.000000,1.000000,1.000000,1.000000,0,0,0,0
799,27,217,581,1.000000,1.000000,1.000000,1.000000,0,0,1,0
800,25,217,582,1.000000,1.000000,1.000000,1.000000,0,0,1,0
801,29,218,582,1.000000,1.000000,1.000000,1.000000,0,0,1,0
802,27,218,583,1.000000,1.000000,1.000000,1.000000,0,1,0,0
803,29,219,583,1.000000,1.000000,1.000000,1.000000,0,1,0,0
804,27,219,584,1.000000,1.000000,1.000000,1.000000,0,0,0,0
805,29,220,584,1.000000,1.000000,1.000000,1.000000,0,0,0,0
806,27,220,585,1.000000,1.000000,1.000000,1.000000,0,0,0,0
807,25,220,586,1.000000,1.000000,1.000000,1.000000,0,0,0,0
808,23,220,587,1.000000,1.000000,1.000000,1.000000,1,0,0,0
809,21,220,588,1.000000,1.000000,1.000000,1.000000,0,1,0,0
810,29,221,588,1.000000,1.000000,1.000000,1.000000,0,1,0,0
811,27,221,589,1.000000,1.000000,1.000000,1.000000,1,0,0,0
812,29,222,589,1.000000,1.000000,1.000000,1.000000,1,0,0,0
813,27,222,590,1.000000,1.000000,1.000000,1.000000,1,1,0,0
814,29,223,590,1.000000,1.000000,1.000000,1.000000,1,1,0,0
815,27,223,591,1.000000,1.000000,1.000000,1.000000,0,0,0,0
816,29,224,591,1.000000,1.000000,1.000000,1.000000,0,0,0,0
817,27,224,592,1.000000,1.000000,1.000000,1.000000,1,0,0,0
818,25,224,593,1.000000,1.000000,1.000000,1.000000,1,0,0,0
819,23,224,594,1.000000,1.000000,1.000000,1.000000,1,1,1,1
820,29,225,594,1.000000,1.000000,1.000000,1.000000,1,1,1,1
821,27,225,595,1.000000,1.000000,1.000000,1.000000,0,0,0,0
822,29,226,595,1.000000,1.000000,1.000000,1.000000,0,0,0,0
823,27,226,596,1.000000,1.000000,1.000000,1.000000,1,0,0,0
824,25,226,597,1.000000,1.000000,1.000000,1.000000,0,0,0,0
825,23,226,598,1.000000,1.000000,1.000000,1.000000,0,0,0,1
826,21,226,599,1.000000,1.000000,1.000000,1.000000,0,0,0,0
827,29,227,599,1.000000,1.000000,1.000000,1.000000,0,0,0,0
828,27,227,600,1.000000,1.000000,1.000000,1.000000,0,0,0,0
829,25,227,601,1.000000,1.000000,1.000000,1.000000,0,0,0,0
830,23,227,602,1.000000,1.000000,1.000000,1.000000,0,0,0,0
831,21,227,603,1.000000,1.000000,1.000000,1.000000,0,0,0,0
832,19,227,604,1.000000,1.000000,1.000000,1.000000,0,0,0,0
833,17,227,605,1.000000,1.000000,1.000000,1.000000,0,0,0,0
834,15,227,606,1.000000,1.000000,1.000000,1.000000,1,0,0,0
835,13,227,607,1.000000,1.000000,1.000000,1.000000,1,0,0,0
836,29,228,607,1.000000,1.000000,1.000000,1.000000,1,0,0,0
837,27,228,608,1.000000,1.000000,1.000000,1.000000,0,0,0,0
838,29,229,608,1.000000,1.000000,1.000000,1.000000,0,0,0,0
839,27,229,609,1.000000,1.000000,1.000000,1.000000,0,0,0,0
840,25,229,610,1.000000,1.000000,1.000000,1.000000,1,0,0,0
841,23,229,611,1.000000,1.000000,1.000000,1.000000,0,0,0,0
842,21,229,612,1.000000,1.000000,1.000000,1.000000,0,1,0,0
843,19,229,613,1.000000,1.000000,1.000000,1.000000,0,0,0,0
844,29,230,613,1.000000,1.000000,1.000000,1.000000,0,0,0,0
845,27,230,614,1.000000,1.000000,1.000000,1.000000,0,0,0,0
846,25,230,615,1.000000,1.000000,1.000000,1.000000,0,0,0,0
847,23,230,616,1.000000,1.000000,1.000000,1.000000,0,0,0,0
848,21,230,617,1.000000,1.000000,1.000000,1.000000,0,0,1,0
849,19,230,618,1.000000,1.000000,1.000000,1.000000,0,0,0,0
850,29,231,618,1.000000,1.000000,1.000000,1.000000,0,0,0,0
851,27,231,619,1.000000,1.000000,1.000000,1.000000,0,0,0,0
852,25,231,620,1.000000,1.000000,1.000000,1.000000,0,0,0,0
853,23,231,621,1.000000,1.000000,1.000000,1.000000,0,0,0,1
854,21,231,622,1.000000,1.000000,1.000000,1.000000,0,0,1,0
855,29,232,622,1.000000,1.000000,1.000000,1.000000,0,0,1,0
856,27,232,623,1.000000,1.000000,1.000000,1.000000,0,0,0,0
857,29,233,623,1.000000,1.000000,1.000000,1.000000,0,0,0,0
858,27,233,624,1.000000,1.000000,1.000000,1.000000,0,0,0,0
859,25,233,625,1.000000,1.000000,1.000000,1.000000,1,0,0,0
860,23,233,626,1.000000,1.000000,1.000000,1.000000,0,0,0,1
861,29,234,626,1.000000,1.000000,1.000000,1.000000,0,0,0,1
862,27,234,627,1.000000,1.000000,1.000000,1.000000,0,0,0,1
863,29,235,627,1.000000,1.000000,1.000000,1.000000,0,0,0,1
864,27,235,628,1.000000,1.000000,1.000000,1.000000,1,0,0,0
865,29,236,628,1.000000,1.000000,1.000000,1.000000,1,0,0,0
866,27,236,629,1.000000,1.000000,1.000000,1.000000,0,0,0,0
867,29,237,629,1.000000,1.000000,1.000000,1.000000,0,0,0,0
868,27,237,630,1.000000,1.000000,1.000000,1.000000,0,0,0,0
869,25,237,631,1.000000,1.000000,1.000000,1.000000,0,0,0,0
870,23,237,632,1.000000,1.000000,1.000000,1.000000,0,0,0,1
871,21,237,633,1.000000,1.000000,1.000000,1.000000,0,0,0,0
872,29,238,633,1.000000,1.000000,1.000000,1.000000,0,0,0,0
873,27,238,634,1.000000,1.000000,1.000000,1.000000,1,0,0,1
874,25,238,635,1.000000,1.000000,1.000000,1.000000,1,0,0,1
875,29,239,635,1.000000,1.000000,1.000000,1.000000,1,0,0,1
876,27,239,636,1.000000,1.000000,1.000000,1.000000,1,1,0,1
877,29,240,636,1.000000,1.000000,1.000000,1.000000,1,1,0,1
878,27,240,637,1.000000,1.000000,1.000000,1.000000,0,0,0,0
879,29,241,637,1.000000,1.000000,1.000000,1.000000,0,0,0,0
880,27,241,638,1.000000,1.000000,1.000000,1.000000,0,0,0,0
881,25,241,639,1.000000,1.000000,1.000000,1.000000,0,0,0,0
882,23,241,640,1.000000,1.000000,1.000000,1.000000,1,0,0,1
883,21,241,641,1.000000,1.000000,1.000000,1.000000,0,0,1,0
884,29,242,641,1.000000,1.000000,1.000000,1.000000,0,0,1,0
885,27,242,642,1.000000,1.000000,1.000000,1.000000,0,0,0,1
886,29,243,642,1.000000,1.000000,1.000000,1.000000,0,0,0,1
887,27,243,643,1.000000,1.000000,1.000000,1.000000,0,0,0,1
888,29,244,643,1.000000,1.000000,1.000000,1.000000,0,0,0,1
889,27,244,644,1.000000,1.000000,1.000000,1.000000,0,0,0,0
890,29,245,644,1.000000,1.000000,1.000000,1.000000,0,0,0,0
891,27,245,645,1.000000,1.000000,1.000000,1.000000,0,0,0,1
892,25,245,646,1.000000,1.000000,1.000000,1.000000,0,0,0,0
893,29,246,646,1.000000,1.000000,1.000000,1.000000,0,0,0,0
894,27,246,647,1.000000,1.000000,1.000000,1.000000,0,0,1,0
895,25,246,648,1.000000,1.000000,1.000000,1.000000,0,0,1,0
896,23,246,649,1.000000,1.000000,1.000000,1.000000,0,1,1,1
897,29,247,649,1.000000,1.000000,1.000000,1.000000,0,1,1,1
898,27,247,650,1.000000,1.000000,1.000000,1.000000,0,0,0,0
899,29,248,650,1.000000,1.000000,1.000000,1.000000,0,0,0,0
900,27,248,651,1.000000,1.000000,1.000000,1.000000,0,0,0,0
901,25,248,652,1.000000,1.000000,1.000000,1.000000,0,0,0,0
902,23,248,653,1.000000,1.000000,1.000000,1.000000,0,1,1,0
903,21,248,654,1.000000,1.000000,1.000000,1.000000,0,0,0,0
904,29,249,654,1.000000,1.000000,1.000000,1.000000,0,0,0,0
905,27,249,655,1.000000,1.000000,1.000000,1.000000,0,0,1,0
906,25,249,656,1.000000,1.000000,1.000000,1.000000,0,0,0,0
907,29,250,656,1.000000,1.000000,1.000000,1.000000,0,0,0,0
908,27,250,657,1.000000,1.000000,1.000000,1.000000,0,0,0,0
909,25,250,658,1.000000,1.000000,1.000000,1.000000,0,0,0,0
910,23,250,659,1.000000,1.000000,1.000000,1.000000,0,0,0,0
911,21,250,660,1.000000,1.000000,1.000000,1.000000,0,0,0,0
912,19,250,661,1.000000,1.000000,1.000000,1.000000,0,0,0,0
913,17,250,662,1.000000,1.000000,1.000000,1.000000,0,0,0,1
914,15,250,663,1.000000,1.000000,1.000000,1.000000,0,0,0,0
915,29,251,663,1.000000,1.000000,1.000000,1.000000,0,0,0,0
916,27,251,664,1.000000,1.000000,1.000000,1.000000,0,0,1,1
917,25,251,665,1.000000,1.000000,1.000000,1.000000,0,0,0,0
918,29,252,665,1.000000,1.000000,1.000000,1.000000,0,0,0,0
919,27,252,666,1.000000,1.000000,1.000000,1.000000,0,0,0,0
920,25,252,667,1.000000,1.000000,1.000000,1.000000,0,0,0,0
921,23,252,668,1.000000,1.000000,1.000000,1.000000,0,0,0,0
922,21,252,669,1.000000,1.000000,1.000000,1.000000,0,0,0,1
923,19,252,670,1.000000,1.000000,1.000000,1.000000,0,0,0,0
924,29,253,670,1.000000,1.000000,1.000000,1.000000,0,0,0,0
925,27,253,671,1.000000,1.000000,1.000000,1.000000,0,0,1,1
926,25,253,672,1.000000,1.000000,1.000000,1.000000,0,0,1,0
927,29,254,672,1.000000,1.000000,1.000000,1.000000,0,0,1,0
928,27,254,673,1.000000,1.000000,1.000000,1.000000,0,0,0,1
929,25,254,674,1.000000,1.000000,1.000000,1.000000,1,0,0,0
930,29,255,674,1.000000,1.000000,1.000000,1.000000,1,0,0,0
931,27,255,675,1.000000,1.000000,1.000000,1.000000,0,0,0,0
932,29,256,675,1.000000,1.000000,1.000000,1.000000,0,0,0,0
933,27,256,676,1.000000,1.000000,1.000000,1.000000,0,0,0,0
934,25,256,677,1.000000,1.000000,1.000000,1.000000,0,0,0,0
935,23,256,678,1.000000,1.000000,1.000000,1.000000,0,0,0,0
936,21,256,679,1.000000,1.000000,1.000000,1.000000,0,0,0,0
937,19,256,680,1.000000,1.000000,1.000000,1.000000,0,0,0,1
938,17,256,681,1.000000,1.000000,1.000000,1.000000,0,0,0,0
939,29,257,681,1.000000,1.000000,1.000000,1.000000,0,0,0,0
940,27,257,682,1.000000,1.000000,1.000000,1.000000,0,0,0,1
941,25,257,683,1.000000,1.000000,1.000000,1.000000,0,0,0,0
942,23,257,684,1.000000,1.000000,1.000000,1.000000,0,0,0,0
943,21,257,685,1.000000,1.000000,1.000000,1.000000,0,0,0,0
944,19,257,686,1.000000,1.000000,1.000000,1.000000,0,1,0,0
945,17,257,687,1.000000,1.000000,1.000000,1.000000,1,0,0,0
946,29,258,687,1.000000,1.000000,1.000000,1.000000,1,0,0,0
947,27,258,688,1.000000,1.000000,1.000000,1.000000,0,0,0,0
948,29,259,688,1.000000,1.000000,1.000000,1.000000,0,0,0,0
949,27,259,689,1.000000,1.000000,1.000000,1.000000,0,0,0,0
950,25,259,690,1.000000,1.000000,1.000000,1.000000,0,0,0,0
951,23,259,691,1.000000,1.000000,1.000000,1.000000,0,0,0,0
952,21,259,692,1.000000,1.000000,1.000000,1.000000,0,0,1,0
953,19,259,693,1.000000,1.000000,1.000000,1.000000,0,0,0,0
954,29,260,693,1.000000,1.000000,1.000000,1.000000,0,0,0,0
955,27,260,694,1.000000,1.000000,1.000000,1.000000,0,1,1,0
956,25,260,695,1.000000,1.000000,1.000000,1.000000,0,0,0,0
957,29,261,695,1.000000,1.000000,1.000000,1.000000,0,0,0,0
958,27,261,696,1.000000,1.000000,1.000000,1.000000,0,0,0,1
959,25,261,697,1.000000,1.000000,1.000000,1.000000,0,0,0,0
960,29,262,697,1.000000,1.000000,1.000000,1.000000,0,0,0,0
961,27,262,698,1.000000,1.000000,1.000000,1.000000,0,0,0,0
962,25,262,699,1.000000,1.000000,1.000000,1.000000,0,0,0,0
963,23,262,700,1.000000,1.000000,1.000000,1.000000,0,0,0,0
964,21,262,701,1.000000,1.000000,1.000000,1.000000,0,0,0,0
965,19,262,702,1.000000,1.000000,1.000000,1.000000,0,0,0,0
966,17,262,703,1.000000,1.000000,1.000000,1.000000,0,0,0,0
967,15,262,704,1.000000,1.000000,1.000000,1.000000,0,0,0,0
968,13,262,705,1.000000,1.000000,1.000000,1.000000,0,0,0,0
969,11,262,706,1.000000,1.000000,1.000000,1.000000,0,0,0,0
970,9,262,707,1.000000,1.000000,1.000000,1.000000,0,0,0,0
971,7,262,708,1.000000,1.000000,1.000000,1.000000,0,0,0,1
972,5,262,709,1.000000,1.000000,1.000000,1.000000,0,0,0,0
973,29,263,709,1.000000,1.000000,1.000000,1.000000,0,0,0,0
974,27,263,710,1.000000,1.000000,1.000000,1.000000,0,0,0,1
975,25,263,711,1.000000,1.000000,1.000000,1.000000,0,0,0,0
976,29,264,711,1.000000,1.000000,1.000000,1.000000,0,0,0,0
977,27,264,712,1.000000,1.000000,1.000000,1.000000,0,0,0,0
978,25,264,713,1.000000,1.000000,1.000000,1.000000,0,0,1,0
979,23,264,714,1.000000,1.000000,1.000000,1.000000,0,0,0,0
980,29,265,714,1.000000,1.000000,1.000000,1.000000,0,0,0,0
981,27,265,715,1.000000,1.000000,1.000000,1.000000,0,0,0,0
982,25,265,716,1.000000,1.000000,1.000000,1.000000,0,0,0,0
983,23,265,717,1.000000,1.000000,1.000000,1.000000,0,0,0,0
984,21,265,718,1.000000,1.000000,1.000000,1.000000,0,0,0,0
985,19,265,719,1.000000,1.000000,1.000000,1.000000,0,0,0,0
986,17,265,720,1.000000,1.000000,1.000000,1.000000,0,0,0,0
987,15,265,721,1.000000,1.000000,1.000000,1.000000,0,0,0,0
988,13,265,722,1.000000,1.000000,1.000000,1.000000,0,0,0,0
989,11,265,723,1.000000,1.000000,1.000000,1.000000,0,0,0,0
990,9,265,724,1.000000,1.000000,1.000000,1.000000,1,0,0,0
991,7,265,725,1.000000,1.000000,1.000000,1.000000,0,0,0,0
992,29,266,725,1.000000,1.000000,1.000000,1.000000,0,0,0,0
993,27,266,726,1.000000,1.000000,1.000000,1.000000,1,0,0,0
994,25,266,727,1.000000,1.000000,1.000000,1.000000,0,0,0,0
995,29,267,727,1.000000,1.000000,1.000000,1.000000,0,0,0,0
996,27,267,728,1.000000,1.000000,1.000000,1.000000,0,0,0,1
997,25,267,729,1.000000,1.000000,1.000000,1.000000,0,0,0,0
998,23,267,730,1.000000,1.000000,1.000000,1.000000,1,0,0,0
999,21,267,731,1.000000,1.000000,1.000000,1.000000,1,0,0,0
1000,29,268,731,1.000000,1.000000,1.000000,1.000000,1,0,0,0
1001,27,268,732,1.000000,1.000000,1.000000,1.000000,0,0,0,0
1002,25,268,733,1.000000,1.000000,1.000000,1.000000,1,0,0,0
1003,23,268,734,1.000000,1.000000,1.000000,1.000000,0,0,0,0
1004,21,268,735,1.000000,1.000000,1.000000,1.000000,1,0,0,0
1005,19,268,736,1.000000,1.000000,1.000000,1.000000,0,0,0,0
1006,29,269,736,1.000000,1.000000,1.000000,1.000000,0,0,0,0
1007,27,269,737,1.000000,1.000000,1.000000,1.000000,0,0,0,0
1008,25,269,738,1.000000,1.000000,1.000000,1.000000,0,0,0,0
1009,23,269,739,1.000000,1.000000,1.000000,1.000000,0,0,0,0
1010,21,269,740,1.000000,1.000000,1.000000,1.000000,0,0,0,0
1011,19,269,741,1.000000,1.000000,1.000000,1.000000,0,0,0,0
1012,17,269,742,1.000000,1.000000,1.000000,1.000000,0,0,0,1
1013,15,269,743,1.000000,1.000000,1.000000,1.000000,0,0,0,0
1014,13,269,744,1.000000,1.000000,1.000000,1.000000,1,0,0,1
1015,11,269,745,1.000000,1.000000,1.000000,1.000000,0,0,0,0
1016,29,270,745,1.000000,1.000000,1.000000,1.000000,0,0,0,0
1017,27,270,746,1.000000,1.000000,1.000000,1.000000,0,1,0,0
1018,25,270,747,1.000000,1.000000,1.000000,1.000000,0,0,0,0
1019,29,271,747,1.000000,1.000000,1.000000,1.000000,0,0,0,0
1020,27,271,748,1.000000,1.000000,1.000000,1.000000,0,0,0,0
1021,25,271,749,1.000000,1.000000,1.000000,1.000000,0,0,0,0
1022,23,271,750,1.000000,1.000000,1.000000,1.000000,1,0,0,0
1023,21,271,751,1.000000,1.000000,1.000000,1.000000,0,0,0,0
1024,29,272,751,1.000000,1.000000,1.000000,1.000000,0,0,0,0
1025,27,272,752,1.000000,1.000000,1.000000,1.000000,0,0,0,1
1026,25,272,753,1.000000,1.000000,1.000000,1.000000,0,0,1,0
1027,29,273,753,1.000000,1.000000,1.000000,1.000000,0,0,1,0
1028,27,273,754,1.000000,1.000000,1.000000,1.000000,0,0,0,1
1029,29,274,754,1.000000,1.000000,1.000000,1.000000,0,0,0,1
1030,27,274,755,1.000000,1.000000,1.000000,1.000000,0,0,1,0
1031,29,275,755,1.000000,1.000000,1.000000,1.000000,0,0,1,0
1032,27,275,756,1.000000,1.000000,1.000000,1.000000,0,0,0,0
1033,29,276,756,1.000000,1.000000,1.000000,1.000000,0,0,0,0
1034,27,276,757,1.000000,1.000000,1.000000,1.000000,0,0,1,0
1035,25,276,758,1.000000,1.000000,1.000000,1.000000,0,0,1,0
1036,29,277,758,1.000000,1.000000,1.000000,1.000000,0,0,1,0
1037,27,277,759,1.000000,1.000000,1.000000,1.000000,0,0,0,0
1038,29,278,759,1.000000,1.000000,1.000000,1.000000,0,0,0,0
1039,27,278,760,1.000000,1.000000,1.000000,1.000000,0,0,0,0
1040,25,278,761,1.000000,1.000000,1.000000,1.000000,0,0,0,0
1041,23,278,762,1.000000,1.000000,1.000000,1.000000,0,0,0,0
1042,21,278,763,1.000000,1.000000,1.000000,1.000000,0,0,0,0
1043,19,278,764,1.000000,1.000000,1.000000,1.000000,0,0,0,0
1044,17,278,765,1.000000,1.000000,1.000000,1.000000,0,0,0,0
1045,15,278,766,1.000000,1.000000,1.000000,1.000000,0,0,0,0
1046,13,278,767,1.000000,1.000000,1.000000,1.000000,0,0,0,0
1047,11,278,768,1.000000,1.000000,1.000000,1.000000,0,0,0,0
1048,9,278,769,1.000000,1.000000,1.000000,1.000000,1,0,0,1
1049,7,278,770,1.000000,1.000000,1.000000,1.000000,0,0,0,0
1050,29,279,770,1.000000,1.000000,1.000000,1.000000,0,0,0,0
1051,27,279,771,1.000000,1.000000,1.000000,1.000000,0,1,0,0
1052,25,279,772,1.000000,1.000000,1.000000,1.000000,0,0,0,0
1053,29,280,772,1.000000,1.000000,1.000000,1.000000,0,0,0,0
1054,27,280,773,1.000000,1.000000,1.000000,1.000000,0,0,0,0
1055,25,280,774,1.000000,1.000000,1.000000,1.000000,0,0,0,0
1056,23,280,775,1.000000,1.000000,1.000000,1.000000,0,0,0,0
1057,21,280,776,1.000000,1.000000,1.000000,1.000000,1,0,0,0
1058,19,280,777,1.000000,1.000000,1.000000,1.000000,1,0,0,0
1059,29,281,777,1.000000,1.000000,1.000000,1.000000,1,0,0,0
1060,27,281,778,1.000000,1.000000,1.000000,1.000000,0,0,0,0
1061,29,282,778,1.000000,1.000000,1.000000,1.000000,0,0,0,0
1062,27,282,779,1.000000,1.000000,1.000000,1.000000,0,0,0,0
1063,25,282,780,1.000000,1.000000,1.000000,1.000000,0,0,0,0
1064,23,282,781,1.000000,1.000000,1.000000,1.000000,0,0,0,0
1065,21,282,782,1.000000,1.000000,1.000000,1.000000,0,0,0,0
1066,19,282,783,1.000000,1.000000,1.000000,1.000000,0,0,0,0
1067,17,282,784,1.000000,1.000000,1.000000,1.000000,0,0,0,1
1068,15,282,785,1.000000,1.000000,1.000000,1.000000,0,0,0,0
1069,13,282,786,1.000000,1.000000,1.000000,1.000000,0,0,0,0
1070,11,282,787,1.000000,1.000000,1.000000,1.000000,0,0,0,0
1071,9,282,788,1.000000,1.000000,1.000000,1.000000,0,0,0,0
1072,7,282,789,1.000000,1.000000,1.000000,1.000000,0,0,0,0
1073,5,282,790,1.000000,1.000000,1.000000,1.000000,1,0,0,0
1074,3,282,791,1.000000,1.000000,1.000000,1.000000,0,0,0,0
1075,29,283,791,1.000000,1.000000,1.000000,1.000000,1,0,0,0
1076,27,283,792,1.000000,1.000000,1.000000,1.000000,0,0,0,0
1077,29,284,792,1.000000,1.000000,1.000000,1.000000,0,0,0,0
1078,27,284,793,1.000000,1.000000,1.000000,1.000000,0,0,0,0
1079,25,284,794,1.000000,1.000000,1.000000,1.000000,0,0,0,0
1080,23,284,795,1.000000,1.000000,1.000000,1.000000,0,0,0,0
1081,21,284,796,1.000000,1.000000,1.000000,1.000000,0,0,0,0
1082,19,284,797,1.000000,1.000000,1.000000,1.000000,0,0,0,0
1083,17,284,798,1.000000,1.000000,1.000000,1.000000,0,0,0,0
1084,15,284,799,1.000000,1.000000,1.000000,1.000000,0,0,0,0
1085,13,284,800,1.000000,1.000000,1.000000,1.000000,1,0,0,0
1086,11,284,801,1.000000,1.000000,1.000000,1.000000,0,1,0,0
1087,29,285,801,1.000000,1.000000,1.000000,1.000000,0,1,0,0
1088,27,285,802,1.000000,1.000000,1.000000,1.000000,0,0,0,0
1089,29,286,802,1.000000,1.000000,1.000000,1.000000,0,0,0,0
1090,27,286,803,1.000000,1.000000,1.000000,1.000000,0,0,0,0
1091,25,286,804,1.000000,1.000000,1.000000,1.000000,0,0,0,0
1092,23,286,805,1.000000,1.000000,1.000000,1.000000,0,0,0,0
1093,21,286,806,1.000000,1.000000,1.000000,1.000000,0,0,0,0
1094,19,286,807,1.000000,1.000000,1.000000,1.000000,0,0,0,0
1095,17,286,808,1.000000,1.000000,1.000000,1.000000,0,0,0,0
1096,15,286,809,1.000000,1.000000,1.000000,1.000000,0,0,0,0
1097,13,286,810,1.000000,1.000000,1.000000,1.000000,0,0,0,0
1098,11,286,811,1.000000,1.000000,1.000000,1.000000,0,0,1,0
1099,9,286,812,1.000000,1.000000,1.000000,1.000000,0,0,1,0
1100,29,287,812,1.000000,1.000000,1.000000,1.000000,0,0,1,0
1101,27,287,813,1.000000,1.000000,1.000000,1.000000,0,0,0,0
1102,29,288,813,1.000000,1.000000,1.000000,1.000000,0,0,0,0
1103,27,288,814,1.000000,1.000000,1.000000,1.000000,0,0,0,0
1104,25,288,815,1.000000,1.000000,1.000000,1.000000,0,0,0,0
1105,23,288,816,1.000000,1.000000,1.000000,1.000000,0,1,0,0
1106,21,288,817,1.000000,1.000000,1.000000,1.000000,0,1,0,0
1107,19,288,818,1.000000,1.000000,1.000000,1.000000,0,0,0,1
1108,29,289,818,1.000000,1.000000,1.000000,1.000000,0,0,0,1
1109,27,289,819,1.000000,1.000000,1.000000,1.000000,0,0,0,0
1110,29,290,819,1.000000,1.000000,1.000000,1.000000,0,0,0,0
1111,27,290,820,1.000000,1.000000,1.000000,1.000000,0,0,0,0
1112,25,290,821,1.000000,1.000000,1.000000,1.000000,0,0,0,0
1113,23,290,822,1.000000,1.000000,1.000000,1.000000,0,0,0,0
1114,21,290,823,1.000000,1.000000,1.000000,1.000000,0,0,0,0
1115,19,290,824,1.000000,1.000000,1.000000,1.000000,0,0,0,0
1116,17,290,825,1.000000,1.000000,1.000000,1.000000,0,0,0,0
1117,15,290,826,1.000000,1.000000,1.000000,1.000000,0,0,0,0
1118,13,290,827,1.000000,1.000000,1.000000,1.000000,0,0,0,0
1119,11,290,828,1.000000,1.000000,1.000000,1.000000,1,0,0,0
1120,9,290,829,1.000000,1.000000,1.000000,1.000000,0,1,0,0
1121,29,291,829,1.000000,1.000000,1.000000,1.000000,0,1,0,0
1122,27,291,830,1.000000,1.000000,1.000000,1.000000,0,0,0,0
1123,29,292,830,1.000000,1.000000,1.000000,1.000000,0,0,0,0
1124,27,292,831,1.000000,1.000000,1.000000,1.000000,0,0,0,0
1125,25,292,832,1.000000,1.000000,1.000000,1.000000,0,0,0,0
1126,23,292,833,1.000000,1.000000,1.000000,1.000000,0,0,0,0
1127,21,292,834,1.000000,1.000000,1.000000,1.000000,0,0,0,0
1128,19,292,835,1.000000,1.000000,1.000000,1.000000,0,0,0,0
1129,17,292,836,1.000000,1.000000,1.000000,1.000000,0,0,0,0
1130,15,292,837,1.000000,1.000000,1.000000,1.000000,0,0,0,0
1131,13,292,838,1.000000,1.000000,1.000000,1.000000,0,0,0,0
1132,11,292,839,1.000000,1.000000,1.000000,1.000000,0,0,0,0
1133,9,292,840,1.000000,1.000000,1.000000,1.000000,0,0,0,0
1134,7,292,841,1.000000,1.000000,1.000000,1.000000,0,0,0,0
1135,5,292,842,1.000000,1.000000,1.000000,1.000000,0,1,0,0
1136,3,292,843,1.000000,1.000000,1.000000,1.000000,0,0,0,0
1137,29,293,843,1.000000,1.000000,1.000000,1.000000,0,0,0,0
1138,27,293,844,1.000000,1.000000,1.000000,1.000000,0,0,0,0
1139,25,293,845,1.000000,1.000000,1.000000,1.000000,0,0,0,0
1140,23,293,846,1.000000,1.000000,1.000000,1.000000,0,0,0,0
1141,21,293,847,1.000000,1.000000,1.000000,1.000000,0,0,0,0
1142,19,293,848,1.000000,1.000000,1.000000,1.000000,0,0,0,0
1143,17,293,849,1.000000,1.000000,1.000000,1.000000,0,0,0,0
1144,15,293,850,1.000000,1.000000,1.000000,1.000000,0,0,0,0
1145,13,293,851,1.000000,1.000000,1.000000,1.000000,0,0,0,1
1146,11,293,852,1.000000,1.000000,1.000000,1.000000,0,0,0,1
1147,29,294,852,1.000000,1.000000,1.000000,1.000000,0,0,0,1
1148,27,294,853,1.000000,1.000000,1.000000,1.000000,0,0,0,0
1149,25,294,854,1.000000,1.000000,1.000000,1.000000,0,0,0,0
1150,23,294,855,1.000000,1.000000,1.000000,1.000000,0,0,0,0
1151,21,294,856,1.000000,1.000000,1.000000,1.000000,0,0,0,0
1152,19,294,857,1.000000,1.000000,1.000000,1.000000,0,0,0,0
1153,17,294,858,1.000000,1.000000,1.000000,1.000000,0,0,0,0
1154,15,294,859,1.000000,1.000000,1.000000,1.000000,0,0,0,0
1155,13,294,860,1.000000,1.000000,1.000000,1.000000,0,0,0,0
1156,11,294,861,1.000000,1.000000,1.000000,1.000000,0,0,0,0
1157,9,294,862,1.000000,1.000000,1.000000,1.000000,1,0,0,0
1158,7,294,863,1.000000,1.000000,1.000000,1.000000,0,0,0,0
1159,29,295,863,1.000000,1.000000,1.000000,1.000000,0,0,0,0
1160,27,295,864,1.000000,1.000000,1.000000,1.000000,0,1,0,0
1161,25,295,865,1.000000,1.000000,1.000000,1.000000,0,0,0,0
1162,29,296,865,1.000000,1.000000,1.000000,1.000000,0,0,0,0
1163,27,296,866,1.000000,1.000000,1.000000,1.000000,0,0,0,0
1164,25,296,867,1.000000,1.000000,1.000000,1.000000,0,0,0,0
1165,23,296,868,1.000000,1.000000,1.000000,1.000000,0,0,0,0
1166,21,296,869,1.000000,1.000000,1.000000,1.000000,0,1,0,0
1167,19,296,870,1.000000,1.000000,1.000000,1.000000,1,0,0,0
1168,17,296,871,1.000000,1.000000,1.000000,1.000000,0,0,1,0
1169,29,297,871,1.000000,1.000000,1.000000,1.000000,0,0,1,0
1170,27,297,872,1.000000,1.000000,1.000000,1.000000,0,0,0,0
1171,25,297,873,1.000000,1.000000,1.000000,1.000000,0,1,0,0
1172,23,297,874,1.000000,1.000000,1.000000,1.000000,0,0,0,0
1173,29,298,874,1.000000,1.000000,1.000000,1.000000,0,0,0,0
1174,27,298,875,1.000000,1.000000,1.000000,1.000000,0,0,1,0
1175,25,298,876,1.000000,1.000000,1.000000,1.000000,0,1,0,0
1176,29,299,876,1.000000,1.000000,1.000000,1.000000,0,1,0,0
1177,27,299,877,1.000000,1.000000,1.000000,1.000000,0,1,0,0
1178,29,300,877,1.000000,1.000000,1.000000,1.000000,0,1,0,0
1179,27,300,878,1.000000,1.000000,1.000000,1.000000,1,1,0,0
1180,29,301,878,1.000000,1.000000,1.000000,1.000000,1,1,0,0
1181,27,301,879,1.000000,1.000000,1.000000,1.000000,1,0,0,0
1182,29,302,879,1.000000,1.000000,1.000000,1.000000,1,0,0,0
1183,27,302,880,1.000000,1.000000,1.000000,1.000000,1,1,0,1
1184,29,303,880,1.000000,1.000000,1.000000,1.000000,1,1,0,1
1185,27,303,881,1.000000,1.000000,1.000000,1.000000,0,0,0,0
1186,29,304,881,1.000000,1.000000,1.000000,1.000000,0,0,0,0
1187,27,304,882,1.000000,1.000000,1.000000,1.000000,0,0,0,0
1188,25,304,883,1.000000,1.000000,1.000000,1.000000,0,0,0,0
1189,23,304,884,1.000000,1.000000,1.000000,1.000000,0,0,0,0
1190,21,304,885,1.000000,1.000000,1.000000,1.000000,0,0,0,0
1191,19,304,886,1.000000,1.000000,1.000000,1.000000,0,0,0,0
1192,17,304,887,1.000000,1.000000,1.000000,1.000000,0,0,0,0
1193,15,304,888,1.000000,1.000000,1.000000,1.000000,0,0,0,1
1194,13,304,889,1.000000,1.000000,1.000000,1.000000,0,1,0,1
1195,11,304,890,1.000000,1.000000,1.000000,1.000000,0,0,0,1
1196,29,305,890,1.000000,1.000000,1.000000,1.000000,0,1,0,1
1197,27,305,891,1.000000,1.000000,1.000000,1.000000,0,0,0,0
1198,29,306,891,1.000000,1.000000,1.000000,1.000000,1,0,0,0
1199,27,306,892,1.000000,1.000000,1.000000,1.000000,1,1,0,0
1200,29,307,892,1.000000,1.000000,1.000000,1.000000,1,1,0,1
1201,27,307,893,1.000000,1.000000,1.000000,1.000000,0,0,0,0
1202,29,308,893,1.000000,1.000000,1.000000,1.000000,0,0,0,0
1203,27,308,894,1.000000,1.000000,1.000000,1.000000,1,1,0,0
1204,25,308,895,1.000000,1.000000,1.000000,1.000000,0,0,0,0
1205,29,309,895,1.000000,1.000000,1.000000,1.000000,0,0,0,0
1206,27,309,896,1.000000,1.000000,1.000000,1.000000,0,1,0,0
1207,25,309,897,1.000000,1.000000,1.000000,1.000000,0,0,0,0
1208,29,310,897,1.000000,1.000000,1.000000,1.000000,0,0,0,0
1209,27,310,898,1.000000,1.000000,1.000000,1.000000,0,0,1,0
1210,25,310,899,1.000000,1.000000,1.000000,1.000000,0,0,0,0
1211,29,311,899,1.000000,1.000000,1.000000,1.000000,0,0,0,0
1212,27,311,900,1.000000,1.000000,1.000000,1.000000,0,0,0,0
1213,25,311,901,1.000000,1.000000,1.000000,1.000000,0,0,0,0
1214,23,311,902,1.000000,1.000000,1.000000,1.000000,0,1,0,0
1215,21,311,903,1.000000,1.000000,1.000000,1.000000,0,0,1,0
1216,29,312,903,1.000000,1.000000,1.000000,1.000000,0,0,1,0
1217,27,312,904,1.000000,1.000000,1.000000,1.000000,0,1,0,0
1218,29,313,904,1.000000,1.000000,1.000000,1.000000,0,1,0,0
1219,27,313,905,1.000000,1.000000,1.000000,1.000000,0,1,0,0
1220,25,313,906,1.000000,1.000000,1.000000,1.000000,0,0,0,1
1221,23,313,907,1.000000,1.000000,1.000000,1.000000,0,1,0,0
1222,29,314,907,1.000000,1.000000,1.000000,1.000000,0,1,0,0
1223,27,314,908,1.000000,1.000000,1.000000,1.000000,0,0,0,0
1224,29,315,908,1.000000,1.000000,1.000000,1.000000,0,0,0,0
1225,27,315,909,1.000000,1.000000,1.000000,1.000000,0,0,0,0
1226,25,315,910,1.000000,1.000000,1.000000,1.000000,0,0,0,1
1227,23,315,911,1.000000,1.000000,1.000000,1.000000,0,0,0,1
1228,29,316,911,1.000000,1.000000,1.000000,1.000000,0,0,0,1
1229,27,316,912,1.000000,1.000000,1.000000,1.000000,0,0,0,0
1230,29,317,912,1.000000,1.000000,1.000000,1.000000,0,0,0,0
1231,27,317,913,1.000000,1.000000,1.000000,1.000000,0,0,0,0
1232,25,317,914,1.000000,1.000000,1.000000,1.000000,0,0,0,0
1233,23,317,915,1.000000,1.000000,1.000000,1.000000,0,0,0,0
1234,21,317,916,1.000000,1.000000,1.000000,1.000000,0,0,0,1
1235,19,317,917,1.000000,1.000000,1.000000,1.000000,0,0,0,0
1236,29,318,917,1.000000,1.000000,1.000000,1.000000,0,0,0,0
1237,27,318,918,1.000000,1.000000,1.000000,1.000000,0,0,0,1
1238,25,318,919,1.000000,1.000000,1.000000,1.000000,0,0,0,1
1239,29,319,919,1.000000,1.000000,1.000000,1.000000,0,0,0,1
1240,27,319,920,1.000000,1.000000,1.000000,1.000000,0,0,0,1
1241,25,319,921,1.000000,1.000000,1.000000,1.000000,1,0,0,1
1242,29,320,921,1.000000,1.000000,1.000000,1.000000,1,0,0,1
1243,27,320,922,1.000000,1.000000,1.000000,1.000000,1,0,0,1
1244,29,321,922,1.000000,1.000000,1.000000,1.000000,1,0,0,1
1245,27,321,923,1.000000,1.000000,1.000000,1.000000,0,0,0,0
1246,29,322,923,1.000000,1.000000,1.000000,1.000000,0,0,0,0
1247,27,322,924,1.000000,1.000000,1.000000,1.000000,0,0,0,0
1248,25,322,925,1.000000,1.000000,1.000000,1.000000,0,0,0,0
1249,23,322,926,1.000000,1.000000,1.000000,1.000000,0,0,0,1
1250,21,322,927,1.000000,1.000000,1.000000,1.000000,0,0,1,0
1251,19,322,928,1.000000,1.000000,1.000000,1.000000,1,0,0,1
1252,29,323,928,1.000000,1.000000,1.000000,1.000000,1,0,0,1
1253,27,323,929,1.000000,1.000000,1.000000,1.000000,0,0,0,0
1254,29,324,929,1.000000,1.000000,1.000000,1.000000,0,0,0,0
1255,27,324,930,1.000000,1.000000,1.000000,1.000000,0,0,0,1
1256,25,324,931,1.000000,1.000000,1.000000,1.000000,0,0,0,1
1257,29,325,931,1.000000,1.000000,1.000000,1.000000,0,0,0,1
1258,27,325,932,1.000000,1.000000,1.000000,1.000000,0,0,0,0
1259,29,326,932,1.000000,1.000000,1.000000,1.000000,0,0,0,0
1260,27,326,933,1.000000,1.000000,1.000000,1.000000,0,0,0,0
1261,25,326,934,1.000000,1.000000,1.000000,1.000000,0,0,1,0
1262,23,326,935,1.000000,1.000000,1.000000,1.000000,0,0,0,1
1263,21,326,936,1.000000,1.000000,1.000000,1.000000,0,0,0,0
1264,29,327,936,1.000000,1.000000,1.000000,1.000000,0,0,0,0
1265,27,327,937,1.000000,1.000000,1.000000,1.000000,0,0,0,0
1266,25,327,938,1.000000,1.000000,1.000000,1.000000,0,0,1,0
1267,23,327,939,1.000000,1.000000,1.000000,1.000000,0,0,0,0
1268,29,328,939,1.000000,1.000000,1.000000,1.000000,0,0,0,0
1269,27,328,940,1.000000,1.000000,1.000000,1.000000,0,1,0,0
1270,25,328,941,1.000000,1.000000,1.000000,1.000000,0,1,0,0
1271,29,329,941,1.000000,1.000000,1.000000,1.000000,0,1,0,0
1272,27,329,942,1.000000,1.000000,1.000000,1.000000,0,0,0,0
1273,29,330,942,1.000000,1.000000,1.000000,1.000000,0,0,0,0
1274,27,330,943,1.000000,1.000000,1.000000,1.000000,0,0,0,0
1275,25,330,944,1.000000,1.000000,1.000000,1.000000,0,0,1,0
1276,23,330,945,1.000000,1.000000,1.000000,1.000000,0,1,0,0
1277,21,330,946,1.000000,1.000000,1.000000,1.000000,0,0,1,1
1278,29,331,946,1.000000,1.000000,1.000000,1.000000,0,0,1,1
1279,27,331,947,1.000000,1.000000,1.000000,1.000000,0,0,0,0
1280,29,332,947,1.000000,1.000000,1.000000,1.000000,0,0,0,0
1281,27,332,948,1.000000,1.000000,1.000000,1.000000,0,0,0,0
1282,25,332,949,1.000000,1.000000,1.000000,1.000000,0,0,0,0
1283,23,332,950,1.000000,1.000000,1.000000,1.000000,0,0,0,0
1284,21,332,951,1.000000,1.000000,1.000000,1.000000,1,0,0,0
1285,19,332,952,1.000000,1.000000,1.000000,1.000000,1,0,0,0
1286,29,333,952,1.000000,1.000000,1.000000,1.000000,1,0,0,0
1287,27,333,953,1.000000,1.000000,1.000000,1.000000,0,0,0,0
1288,29,334,953,1.000000,1.000000,1.000000,1.000000,0,0,0,0
1289,27,334,954,1.000000,1.000000,1.000000,1.000000,0,0,0,0
1290,25,334,955,1.000000,1.000000,1.000000,1.000000,0,0,0,0
1291,23,334,956,1.000000,1.000000,1.000000,1.000000,0,0,0,0
1292,21,334,957,1.000000,1.000000,1.000000,1.000000,0,0,0,1
1293,19,334,958,1.000000,1.000000,1.000000,1.000000,0,0,0,1
1294,29,335,958,1.000000,1.000000,1.000000,1.000000,0,0,0,1
1295,27,335,959,1.000000,1.000000,1.000000,1.000000,0,0,0,0
1296,29,336,959,1.000000,1.000000,1.000000,1.000000,0,0,0,0
1297,27,336,960,1.000000,1.000000,1.000000,1.000000,0,0,0,1
1298,25,336,961,1.000000,1.000000,1.000000,1.000000,0,0,0,0
1299,29,337,961,1.000000,1.000000,1.000000,1.000000,0,0,0,0
1300,27,337,962,1.000000,1.000000,1.000000,1.000000,1,0,0,0
1301,25,337,963,1.000000,1.000000,1.000000,1.000000,0,1,0,1
1302,29,338,963,1.000000,1.000000,1.000000,1.000000,0,1,0,1
1303,27,338,964,1.000000,1.000000,1.000000,1.000000,1,1,0,0
1304,29,339,964,1.000000,1.000000,1.000000,1.000000,1,1,0,0
1305,27,339,965,1.000000,1.000000,1.000000,1.000000,0,1,0,0
1306,29,340,965,1.000000,1.000000,1.000000,1.000000,0,1,0,0
1307,27,340,966,1.000000,1.000000,1.000000,1.000000,1,1,1,0
1308,29,341,966,1.000000,1.000000,1.000000,1.000000,1,1,1,0
1309,27,341,967,1.000000,1.000000,1.000000,1.000000,0,0,0,0
1310,29,342,967,1.000000,1.000000,1.000000,1.000000,0,0,0,0
1311,27,342,968,1.000000,1.000000,1.000000,1.000000,0,0,1,0
1312,25,342,969,1.000000,1.000000,1.000000,1.000000,0,0,0,0
1313,23,342,970,1.000000,1.000000,1.000000,1.000000,0,1,1,0
1314,21,342,971,1.000000,1.000000,1.000000,1.000000,0,0,0,0
1315,29,343,971,1.000000,1.000000,1.000000,1.000000,0,0,0,0
1316,27,343,972,1.000000,1.000000,1.000000,1.000000,0,0,1,0
1317,25,343,973,1.000000,1.000000,1.000000,1.000000,0,1,0,0
1318,23,343,974,1.000000,1.000000,1.000000,1.000000,1,1,0,0
1319,29,344,974,1.000000,1.000000,1.000000,1.000000,1,1,0,0
1320,27,344,975,1.000000,1.000000,1.000000,1.000000,0,0,0,0
1321,29,345,975,1.000000,1.000000,1.000000,1.000000,0,0,0,0
1322,27,345,976,1.000000,1.000000,1.000000,1.000000,0,1,0,0
1323,25,345,977,1.000000,1.000000,1.000000,1.000000,0,1,0,0
1324,29,346,977,1.000000,1.000000,1.000000,1.000000,0,1,0,0
1325,27,346,978,1.000000,1.000000,1.000000,1.000000,0,0,0,0
1326,29,347,978,1.000000,1.000000,1.000000,1.000000,0,0,0,0
1327,27,347,979,1.000000,1.000000,1.000000,1.000000,0,0,1,0
1328,25,347,980,1.000000,1.000000,1.000000,1.000000,0,0,0,1
1329,29,348,980,1.000000,1.000000,1.000000,1.000000,0,0,0,1
1330,27,348,981,1.000000,1.000000,1.000000,1.000000,0,0,0,0
1331,29,349,981,1.000000,1.000000,1.000000,1.000000,0,0,0,0
1332,27,349,982,1.000000,1.000000,1.000000,1.000000,0,0,0,0
1333,25,349,983,1.000000,1.000000,1.000000,1.000000,0,0,0,0
1334,23,349,984,1.000000,1.000000,1.000000,1.000000,0,0,0,1
1335,21,349,985,1.000000,1.000000,1.000000,1.000000,0,0,0,1
1336,29,350,985,1.000000,1.000000,1.000000,1.000000,0,0,0,1
1337,27,350,986,1.000000,1.000000,1.000000,1.000000,0,0,0,0
1338,29,351,986,1.000000,1.000000,1.000000,1.000000,0,0,0,0
1339,27,351,987,1.000000,1.000000,1.000000,1.000000,0,0,0,0
1340,25,351,988,1.000000,1.000000,1.000000,1.000000,0,0,0,0
1341,23,351,989,1.000000,1.000000,1.000000,1.000000,0,0,0,0
1342,21,351,990,1.000000,1.000000,1.000000,1.000000,0,0,0,0
1343,19,351,991,1.000000,1.000000,1.000000,1.000000,0,0,1,0
1344,17,351,992,1.000000,1.000000,1.000000,1.000000,0,0,0,0
1345,29,352,992,1.000000,1.000000,1.000000,1.000000,0,0,0,0
1346,27,352,993,1.000000,1.000000,1.000000,1.000000,0,0,0,0
1347,25,352,994,1.000000,1.000000,1.000000,1.000000,0,1,1,0
1348,23,352,995,1.000000,1.000000,1.000000,1.000000,0,0,1,0
1349,29,353,995,1.000000,1.000000,1.000000,1.000000,0,0,1,0
1350,27,353,996,1.000000,1.000000,1.000000,1.000000,0,1,1,1
1351,29,354,996,1.000000,1.000000,1.000000,1.000000,0,1,1,1
1352,27,354,997,1.000000,1.000000,1.000000,1.000000,0,0,0,0
1353,29,355,997,1.000000,1.000000,1.000000,1.000000,0,0,0,0
1354,27,355,998,1.000000,1.000000,1.000000,1.000000,0,0,0,0
1355,25,355,999,1.000000,1.000000,1.000000,1.000000,0,0,0,0
1356,23,355,1000,1.000000,1.000000,1.000000,1.000000,0,1,0,0
1357,21,355,1001,1.000000,1.000000,1.000000,1.000000,0,0,1,0
1358,29,356,1001,1.000000,1.000000,1.000000,1.000000,0,0,1,0
1359,27,356,1002,1.000000,1.000000,1.000000,1.000000,0,1,1,0
1360,29,357,1002,1.000000,1.000000,1.000000,1.000000,0,1,1,0
1361,27,357,1003,1.000000,1.000000,1.000000,1.000000,0,0,0,0
1362,29,358,1003,1.000000,1.000000,1.000000,1.000000,0,0,0,0
1363,27,358,1004,1.000000,1.000000,1.000000,1.000000,1,0,0,0
1364,25,358,1005,1.000000,1.000000,1.000000,1.000000,0,0,0,0
1365,29,359,1005,1.000000,1.000000,1.000000,1.000000,0,0,0,1
1366,27,359,1006,1.000000,1.000000,1.000000,1.000000,1,0,0,0
1367,29,360,1006,1.000000,1.000000,1.000000,1.000000,1,0,0,1
1368,27,360,1007,1.000000,1.000000,1.000000,1.000000,0,0,0,0
1369,29,361,1007,1.000000,1.000000,1.000000,1.000000,0,0,0,0
1370,27,361,1008,1.000000,1.000000,1.000000,1.000000,0,0,0,1
1371,25,361,1009,1.000000,1.000000,1.000000,1.000000,1,0,0,0
1372,29,362,1009,1.000000,1.000000,1.000000,1.000000,1,0,0,0
1373,27,362,1010,1.000000,1.000000,1.000000,1.000000,0,0,0,0
1374,25,362,1011,1.000000,1.000000,1.000000,1.000000,1,0,0,1
1375,23,362,1012,1.000000,1.000000,1.000000,1.000000,0,0,0,0
1376,29,363,1012,1.000000,1.000000,1.000000,1.000000,0,0,0,0
1377,27,363,1013,1.000000,1.000000,1.000000,1.000000,1,0,0,0
1378,25,363,1014,1.000000,1.000000,1.000000,1.000000,0,0,0,0
1379,29,364,1014,1.000000,1.000000,1.000000,1.000000,0,0,0,0
1380,27,364,1015,1.000000,1.000000,1.000000,1.000000,0,0,0,0
1381,25,364,1016,1.000000,1.000000,1.000000,1.000000,0,0,0,0
1382,23,364,1017,1.000000,1.000000,1.000000,1.000000,1,0,0,0
1383,21,364,1018,1.000000,1.000000,1.000000,1.000000,0,1,0,0
1384,29,365,1018,1.000000,1.000000,1.000000,1.000000,0,1,0,0
1385,27,365,1019,1.000000,1.000000,1.000000,1.000000,0,0,0,0
1386,29,366,1019,1.000000,1.000000,1.000000,1.000000,0,0,0,0
1387,27,366,1020,1.000000,1.000000,1.000000,1.000000,1,0,0,0
1388,25,366,1021,1.000000,1.000000,1.000000,1.000000,0,1,0,1
1389,29,367,1021,1.000000,1.000000,1.000000,1.000000,0,1,0,1
1390,27,367,1022,1.000000,1.000000,1.000000,1.000000,0,0,0,0
1391,29,368,1022,1.000000,1.000000,1.000000,1.000000,0,0,0,0
1392,27,368,1023,1.000000,1.000000,1.000000,1.000000,1,0,0,0
1393,25,368,1024,1.000000,1.000000,1.000000,1.000000,0,0,0,1
1394,29,369,1024,1.000000,1.000000,1.000000,1.000000,0,0,0,1
1395,27,369,1025,1.000000,1.000000,1.000000,1.000000,0,0,0,0
1396,29,370,1025,1.000000,1.000000,1.000000,1.000000,0,0,0,0
1397,27,370,1026,1.000000,1.000000,1.000000,1.000000,0,0,1,0
1398,25,370,1027,1.000000,1.000000,1.000000,1.000000,0,0,1,0
1399,29,371,1027,1.000000,1.000000,1.000000,1.000000,0,0,1,0
1400,27,371,1028,1.000000,1.000000,1.000000,1.000000,0,0,0,0
1401,29,372,1028,1.000000,1.000000,1.000000,1.000000,0,0,0,0
1402,27,372,1029,1.000000,1.000000,1.000000,1.000000,0,0,0,0
1403,25,372,1030,1.000000,1.000000,1.000000,1.000000,0,1,0,0
1404,23,372,1031,1.000000,1.000000,1.000000,1.000000,0,0,0,0
1405,29,373,1031,1.000000,1.000000,1.000000,1.000000,0,1,0,0
1406,27,373,1032,1.000000,1.000000,1.000000,1.000000,0,0,0,0
1407,29,374,1032,1.000000,1.000000,1.000000,1.000000,0,0,0,0
1408,27,374,1033,1.000000,1.000000,1.000000,1.000000,0,1,0,0
1409,25,374,1034,1.000000,1.000000,1.000000,1.000000,0,0,1,0
1410,29,375,1034,1.000000,1.000000,1.000000,1.000000,0,0,1,0
1411,27,375,1035,1.000000,1.000000,1.000000,1.000000,0,0,0,0
1412,29,376,1035,1.000000,1.000000,1.000000,1.000000,0,0,0,0
1413,27,376,1036,1.000000,1.000000,1.000000,1.000000,0,0,0,0
1414,25,376,1037,1.000000,1.000000,1.000000,1.000000,0,0,0,0
1415,23,376,1038,1.000000,1.000000,1.000000,1.000000,0,0,0,0
1416,21,376,1039,1.000000,1.000000,1.000000,1.000000,0,0,0,0
1417,19,376,1040,1.000000,1.000000,1.000000,1.000000,0,0,0,0
1418,17,376,1041,1.000000,1.000000,1.000000,1.000000,0,0,1,0
1419,15,376,1042,1.000000,1.000000,1.000000,1.000000,0,0,1,0
1420,13,376,1043,1.000000,1.000000,1.000000,1.000000,1,0,0,0
1421,11,376,1044,1.000000,1.000000,1.000000,1.000000,0,0,1,0
1422,29,377,1044,1.000000,1.000000,1.000000,1.000000,0,0,1,0
1423,27,377,1045,1.000000,1.000000,1.000000,1.000000,0,0,0,0
1424,25,377,1046,1.000000,1.000000,1.000000,1.000000,0,1,0,1
1425,23,377,1047,1.000000,1.000000,1.000000,1.000000,0,0,0,0
1426,29,378,1047,1.000000,1.000000,1.000000,1.000000,0,0,0,0
1427,27,378,1048,1.000000,1.000000,1.000000,1.000000,0,0,0,0
1428,25,378,1049,1.000000,1.000000,1.000000,1.000000,0,0,0,0
1429,23,378,1050,1.000000,1.000000,1.000000,1.000000,0,0,0,0
1430,21,378,1051,1.000000,1.000000,1.000000,1.000000,0,0,0,0
1431,19,378,1052,1.000000,1.000000,1.000000,1.000000,0,0,0,0
1432,17,378,1053,1.000000,1.000000,1.000000,1.000000,0,0,0,0
1433,15,378,1054,1.000000,1.000000,1.000000,1.000000,0,0,0,0
1434,13,378,1055,1.000000,1.000000,1.000000,1.000000,0,0,0,0
1435,11,378,1056,1.000000,1.000000,1.000000,1.000000,0,0,0,0
1436,9,378,1057,1.000000,1.000000,1.000000,1.000000,1,0,0,0
1437,7,378,1058,1.000000,1.000000,1.000000,1.000000,0,0,0,0
1438,29,379,1058,1.000000,1.000000,1.000000,1.000000,0,0,0,0
1439,27,379,1059,1.000000,1.000000,1.000000,1.000000,0,0,0,0
1440,25,379,1060,1.000000,1.000000,1.000000,1.000000,0,0,0,0
1441,23,379,1061,1.000000,1.000000,1.000000,1.000000,0,0,0,0
1442,21,379,1062,1.000000,1.000000,1.000000,1.000000,0,0,0,0
1443,19,379,1063,1.000000,1.000000,1.000000,1.000000,1,0,0,0
1444,17,379,1064,1.000000,1.000000,1.000000,1.000000,0,0,0,0
1445,29,380,1064,1.000000,1.000000,1.000000,1.000000,0,0,0,0
1446,27,380,1065,1.000000,1.000000,1.000000,1.000000,0,0,0,0
1447,25,380,1066,1.000000,1.000000,1.000000,1.000000,0,0,0,0
1448,23,380,1067,1.000000,1.000000,1.000000,1.000000,0,0,0,0
1449,21,380,1068,1.000000,1.000000,1.000000,1.000000,0,0,0,0
1450,19,380,1069,1.000000,1.000000,1.000000,1.000000,0,0,0,0
1451,17,380,1070,1.000000,1.000000,1.000000,1.000000,0,0,0,0
1452,15,380,1071,1.000000,1.000000,1.000000,1.000000,0,0,1,0
1453,13,380,1072,1.000000,1.000000,1.000000,1.000000,0,0,0,0
1454,11,380,1073,1.000000,1.000000,1.000000,1.000000,0,0,0,0
1455,9,380,1074,1.000000,1.000000,1.000000,1.000000,0,0,0,0
1456,7,380,1075,1.000000,1.000000,1.000000,1.000000,0,0,1,0
1457,5,380,1076,1.000000,1.000000,1.000000,1.000000,0,0,1,0
1458,29,381,1076,1.000000,1.000000,1.000000,1.000000,0,0,1,0
1459,27,381,1077,1.000000,1.000000,1.000000,1.000000,0,0,0,0
1460,29,382,1077,1.000000,1.000000,1.000000,1.000000,0,0,0,0
1461,27,382,1078,1.000000,1.000000,1.000000,1.000000,0,0,0,0
1462,25,382,1079,1.000000,1.000000,1.000000,1.000000,0,0,0,0
1463,23,382,1080,1.000000,1.000000,1.000000,1.000000,0,0,0,1
1464,21,382,1081,1.000000,1.000000,1.000000,1.000000,0,0,0,0
1465,29,383,1081,1.000000,1.000000,1.000000,1.000000,0,0,0,0
1466,27,383,1082,1.000000,1.000000,1.000000,1.000000,0,0,1,0
1467,25,383,1083,1.000000,1.000000,1.000000,1.000000,0,0,1,0
1468,29,384,1083,1.000000,1.000000,1.000000,1.000000,0,0,1,0
1469,27,384,1084,1.000000,1.000000,1.000000,1.000000,0,1,1,1
1470,25,384,1085,1.000000,1.000000,1.000000,1.000000,0,0,0,1
1471,29,385,1085,1.000000,1.000000,1.000000,1.000000,0,0,0,1
1472,27,385,1086,1.000000,1.000000,1.000000,1.000000,0,0,0,0
1473,25,385,1087,1.000000,1.000000,1.000000,1.000000,0,0,0,0
1474,23,385,1088,1.000000,1.000000,1.000000,1.000000,0,0,0,1
1475,21,385,1089,1.000000,1.000000,1.000000,1.000000,0,0,0,1
1476,29,386,1089,1.000000,1.000000,1.000000,1.000000,0,0,0,1
1477,27,386,1090,1.000000,1.000000,1.000000,1.000000,1,0,1,0
1478,29,387,1090,1.000000,1.000000,1.000000,1.000000,1,0,1,0
1479,27,387,1091,1.000000,1.000000,1.000000,1.000000,0,0,0,1
1480,29,388,1091,1.000000,1.000000,1.000000,1.000000,0,0,0,1
1481,27,388,1092,1.000000,1.000000,1.000000,1.000000,0,0,0,0
1482,29,389,1092,1.000000,1.000000,1.000000,1.000000,0,0,0,0
1483,27,389,1093,1.000000,1.000000,1.000000,1.000000,1,0,0,1
1484,25,389,1094,1.000000,1.000000,1.000000,1.000000,0,0,0,0
1485,29,390,1094,1.000000,1.000000,1.000000,1.000000,0,0,0,0
1486,27,390,1095,1.000000,1.000000,1.000000,1.000000,1,0,0,0
1487,25,390,1096,1.000000,1.000000,1.000000,1.000000,0,0,0,0
1488,29,391,1096,1.000000,1.000000,1.000000,1.000000,0,0,0,0
1489,27,391,1097,1.000000,1.000000,1.000000,1.000000,0,0,0,0
1490,25,391,1098,1.000000,1.000000,1.000000,1.000000,0,0,0,0
1491,23,391,1099,1.000000,1.000000,1.000000,1.000000,0,0,1,1
1492,21,391,1100,1.000000,1.000000,1.000000,1.000000,0,0,0,1
1493,29,392,1100,1.000000,1.000000,1.000000,1.000000,0,0,0,1
1494,27,392,1101,1.000000,1.000000,1.000000,1.000000,0,0,0,0
1495,25,392,1102,1.000000,1.000000,1.000000,1.000000,0,0,0,1
1496,23,392,1103,1.000000,1.000000,1.000000,1.000000,1,0,0,0
1497,29,393,1103,1.000000,1.000000,1.000000,1.000000,1,0,0,0
1498,27,393,1104,1.000000,1.000000,1.000000,1.000000,0,0,0,0
1499,29,394,1104,1.000000,1.000000,1.000000,1.000000,0,0,0,0
1500,27,394,1105,1.000000,1.000000,1.000000,1.000000,0,0,0,0
1501,25,394,1106,1.000000,1.000000,1.000000,1.000000,0,0,0,0
1502,23,394,1107,1.000000,1.000000,1.000000,1.000000,0,0,0,0
1503,21,394,1108,1.000000,1.000000,1.000000,1.000000,0,0,0,0
1504,19,394,1109,1.000000,1.000000,1.000000,1.000000,0,0,0,0
1505,17,394,1110,1.000000,1.000000,1.000000,1.000000,0,0,0,0
1506,15,394,1111,1.000000,1.000000,1.000000,1.000000,0,0,1,0
1507,13,394,1112,1.000000,1.000000,1.000000,1.000000,0,0,0,0
1508,29,395,1112,1.000000,1.000000,1.000000,1.000000,0,0,0,0
1509,27,395,1113,1.000000,1.000000,1.000000,1.000000,0,0,0,0
1510,25,395,1114,1.000000,1.000000,1.000000,1.000000,0,0,0,0
1511,23,395,1115,1.000000,1.000000,1.000000,1.000000,0,0,0,0
1512,21,395,1116,1.000000,1.000000,1.000000,1.000000,0,0,0,1
1513,19,395,1117,1.000000,1.000000,1.000000,1.000000,0,0,0,0
1514,29,396,1117,1.000000,1.000000,1.000000,1.000000,0,0,0,0
1515,27,396,1118,1.000000,1.000000,1.000000,1.000000,1,0,0,1
1516,25,396,1119,1.000000,1.000000,1.000000,1.000000,0,0,0,0
1517,29,397,1119,1.000000,1.000000,1.000000,1.000000,0,0,0,0
1518,27,397,1120,1.000000,1.000000,1.000000,1.000000,0,0,0,1
1519,25,397,1121,1.000000,1.000000,1.000000,1.000000,0,0,0,0
1520,29,398,1121,1.000000,1.000000,1.000000,1.000000,0,0,0,0
1521,27,398,1122,1.000000,1.000000,1.000000,1.000000,0,0,0,0
1522,25,398,1123,1.000000,1.000000,1.000000,1.000000,0,0,0,0
1523,23,398,1124,1.000000,1.000000,1.000000,1.000000,0,0,0,0
1524,21,398,1125,1.000000,1.000000,1.000000,1.000000,0,0,0,0
1525,19,398,1126,1.000000,1.000000,1.000000,1.000000,0,0,0,0
1526,17,398,1127,1.000000,1.000000,1.000000,1.000000,0,0,0,1
1527,15,398,1128,1.000000,1.000000,1.000000,1.000000,0,0,0,0
1528,29,399,1128,1.000000,1.000000,1.000000,1.000000,0,0,0,0
1529,27,399,1129,1.000000,1.000000,1.000000,1.000000,0,0,0,1
1530,25,399,1130,1.000000,1.000000,1.000000,1.000000,0,0,0,0
1531,29,400,1130,1.000000,1.000000,1.000000,1.000000,0,0,0,0
1532,27,400,1131,1.000000,1.000000,1.000000,1.000000,0,0,0,0
1533,25,400,1132,1.000000,1.000000,1.000000,1.000000,0,0,0,0
1534,23,400,1133,1.000000,1.000000,1.000000,1.000000,0,0,0,0
1535,21,400,1134,1.000000,1.000000,1.000000,1.000000,0,0,0,1
1536,19,400,1135,1.000000,1.000000,1.000000,1.000000,1,0,0,0
1537,17,400,1136,1.000000,1.000000,1.000000,1.000000,0,0,1,0
1538,29,401,1136,1.000000,1.000000,1.000000,1.000000,0,0,1,0
1539,27,401,1137,1.000000,1.000000,1.000000,1.000000,0,0,0,0
1540,29,402,1137,1.000000,1.000000,1.000000,1.000000,0,0,0,0
1541,27,402,1138,1.000000,1.000000,1.000000,1.000000,0,0,1,0
1542,25,402,1139,1.000000,1.000000,1.000000,1.000000,0,1,0,0
1543,29,403,1139,1.000000,1.000000,1.000000,1.000000,0,1,0,0
1544,27,403,1140,1.000000,1.000000,1.000000,1.000000,0,0,0,0
1545,29,404,1140,1.000000,1.000000,1.000000,1.000000,0,0,0,0
1546,27,404,1141,1.000000,1.000000,1.000000,1.000000,0,0,0,0
1547,25,404,1142,1.000000,1.000000,1.000000,1.000000,0,0,0,0
1548,23,404,1143,1.000000,1.000000,1.000000,1.000000,0,1,1,1
1549,21,404,1144,1.000000,1.000000,1.000000,1.000000,0,0,0,0
1550,29,405,1144,1.000000,1.000000,1.000000,1.000000,0,0,0,0
1551,27,405,1145,1.000000,1.000000,1.000000,1.000000,0,0,1,1
1552,25,405,1146,1.000000,1.000000,1.000000,1.000000,0,0,1,0
1553,23,405,1147,1.000000,1.000000,1.000000,1.000000,1,1,1,0
1554,21,405,1148,1.000000,1.000000,1.000000,1.000000,0,0,1,1
1555,29,406,1148,1.000000,1.000000,1.000000,1.000000,0,0,1,1
1556,27,406,1149,1.000000,1.000000,1.000000,1.000000,1,0,1,0
1557,29,407,1149,1.000000,1.000000,1.000000,1.000000,1,0,1,0
1558,27,407,1150,1.000000,1.000000,1.000000,1.000000,0,0,0,0
1559,29,408,1150,1.000000,1.000000,1.000000,1.000000,0,0,0,0
1560,27,408,1151,1.000000,1.000000,1.000000,1.000000,1,0,0,0
1561,25,408,1152,1.000000,1.000000,1.000000,1.000000,0,0,0,1
1562,29,409,1152,1.000000,1.000000,1.000000,1.000000,0,0,0,1
1563,27,409,1153,1.000000,1.000000,1.000000,1.000000,0,0,0,0
1564,29,410,1153,1.000000,1.000000,1.000000,1.000000,0,0,0,0
1565,27,410,1154,1.000000,1.000000,1.000000,1.000000,1,0,0,1
1566,25,410,1155,1.000000,1.000000,1.000000,1.000000,0,0,0,0
1567,29,411,1155,1.000000,1.000000,1.000000,1.000000,0,0,0,0
1568,27,411,1156,1.000000,1.000000,1.000000,1.000000,1,0,0,0
1569,25,411,1157,1.000000,1.000000,1.000000,1.000000,0,1,0,0
1570,29,412,1157,1.000000,1.000000,1.000000,1.000000,0,1,0,0
1571,27,412,1158,1.000000,1.000000,1.000000,1.000000,0,0,0,0
1572,29,413,1158,1.000000,1.000000,1.000000,1.000000,0,0,0,0
1573,27,413,1159,1.000000,1.000000,1.000000,1.000000,0,0,0,0
1574,25,413,1160,1.000000,1.000000,1.000000,1.000000,0,0,0,0
1575,23,413,1161,1.000000,1.000000,1.000000,1.000000,0,0,0,0
1576,21,413,1162,1.000000,1.000000,1.000000,1.000000,0,0,0,0
1577,19,413,1163,1.000000,1.000000,1.000000,1.000000,0,0,0,0
1578,17,413,1164,1.000000,1.000000,1.000000,1.000000,0,0,0,0
1579,15,413,1165,1.000000,1.000000,1.000000,1.000000,0,0,0,0
1580,13,413,1166,1.000000,1.000000,1.000000,1.000000,0,0,0,0
1581,11,413,1167,1.000000,1.000000,1.000000,1.000000,0,0,0,0
1582,9,413,1168,1.000000,1.000000,1.000000,1.000000,1,0,0,0
1583,7,413,1169,1.000000,1.000000,1.000000,1.000000,1,0,0,0
1584,29,414,1169,1.000000,1.000000,1.000000,1.000000,1,0,0,0
1585,27,414,1170,1.000000,1.000000,1.000000,1.000000,0,0,0,0
1586,29,415,1170,1.000000,1.000000,1.000000,1.000000,0,0,0,0
1587,27,415,1171,1.000000,1.000000,1.000000,1.000000,0,0,0,0
1588,25,415,1172,1.000000,1.000000,1.000000,1.000000,0,0,1,0
1589,23,415,1173,1.000000,1.000000,1.000000,1.000000,0,1,0,0
1590,29,416,1173,1.000000,1.000000,1.000000,1.000000,0,1,0,0
1591,27,416,1174,1.000000,1.000000,1.000000,1.000000,0,0,0,0
1592,29,417,1174,1.000000,1.000000,1.000000,1.000000,0,0,0,0
1593,27,417,1175,1.000000,1.000000,1.000000,1.000000,0,0,0,0
1594,25,417,1176,1.000000,1.000000,1.000000,1.000000,0,0,0,0
1595,23,417,1177,1.000000,1.000000,1.000000,1.000000,0,0,0,1
1596,21,417,1178,1.000000,1.000000,1.000000,1.000000,0,0,1,1
1597,29,418,1178,1.000000,1.000000,1.000000,1.000000,0,0,1,1
1598,27,418,1179,1.000000,1.000000,1.000000,1.000000,0,0,0,0
1599,29,419,1179,1.000000,1.000000,1.000000,1.000000,0,0,0,0
1600,27,419,1180,1.000000,1.000000,1.000000,1.000000,0,0,0,1
1601,25,419,1181,1.000000,1.000000,1.000000,1.000000,1,0,0,0
1602,29,420,1181,1.000000,1.000000,1.000000,1.000000,1,0,0,0
1603,27,420,1182,1.000000,1.000000,1.000000,1.000000,0,0,0,0
1604,29,421,1182,1.000000,1.000000,1.000000,1.000000,0,0,0,0
1605,27,421,1183,1.000000,1.000000,1.000000,1.000000,0,1,0,0
1606,25,421,1184,1.000000,1.000000,1.000000,1.000000,0,0,0,0
1607,29,422,1184,1.000000,1.000000,1.000000,1.000000,0,0,0,0
1608,27,422,1185,1.000000,1.000000,1.000000,1.000000,1,1,0,0
1609,25,422,1186,1.000000,1.000000,1.000000,1.000000,0,0,1,0
1610,23,422,1187,1.000000,1.000000,1.000000,1.000000,1,0,0,0
1611,29,423,1187,1.000000,1.000000,1.000000,1.000000,1,0,0,0
1612,27,423,1188,1.000000,1.000000,1.000000,1.000000,0,0,1,0
1613,25,423,1189,1.000000,1.000000,1.000000,1.000000,0,1,0,0
1614,29,424,1189,1.000000,1.000000,1.000000,1.000000,0,1,0,0
1615,27,424,1190,1.000000,1.000000,1.000000,1.000000,0,0,0,0
1616,29,425,1190,1.000000,1.000000,1.000000,1.000000,0,0,0,0
1617,27,425,1191,1.000000,1.000000,1.000000,1.000000,0,0,0,0
1618,25,425,1192,1.000000,1.000000,1.000000,1.000000,0,0,0,0
1619,23,425,1193,1.000000,1.000000,1.000000,1.000000,0,0,0,0
1620,21,425,1194,1.000000,1.000000,1.000000,1.000000,0,0,0,0
1621,19,425,1195,1.000000,1.000000,1.000000,1.000000,0,0,0,0
1622,17,425,1196,1.000000,1.000000,1.000000,1.000000,0,0,0,0
1623,15,425,1197,1.000000,1.000000,1.000000,1.000000,1,1,0,0
1624,13,425,1198,1.000000,1.000000,1.000000,1.000000,0,0,0,0
1625,29,426,1198,1.000000,1.000000,1.000000,1.000000,0,0,0,0
1626,27,426,1199,1.000000,1.000000,1.000000,1.000000,0,0,0,0
1627,25,426,1200,1.000000,1.000000,1.000000,1.000000,0,0,0,0
1628,23,426,1201,1.000000,1.000000,1.000000,1.000000,0,0,0,0
1629,21,426,1202,1.000000,1.000000,1.000000,1.000000,0,0,0,0
1630,19,426,1203,1.000000,1.000000,1.000000,1.000000,0,0,0,0
1631,17,426,1204,1.000000,1.000000,1.000000,1.000000,0,0,0,0
1632,15,426,1205,1.000000,1.000000,1.000000,1.000000,0,0,0,1
1633,13,426,1206,1.000000,1.000000,1.000000,1.000000,0,0,0,0
1634,29,427,1206,1.000000,1.000000,1.000000,1.000000,0,0,0,0
1635,27,427,1207,1.000000,1.000000,1.000000,1.000000,0,0,0,1
1636,25,427,1208,1.000000,1.000000,1.000000,1.000000,0,0,0,0
1637,23,427,1209,1.000000,1.000000,1.000000,1.000000,0,0,0,0
1638,21,427,1210,1.000000,1.000000,1.000000,1.000000,0,0,0,0
1639,19,427,1211,1.000000,1.000000,1.000000,1.000000,1,1,0,0
1640,17,427,1212,1.000000,1.000000,1.000000,1.000000,0,0,0,0
1641,29,428,1212,1.000000,1.000000,1.000000,1.000000,0,0,0,0
1642,27,428,1213,1.000000,1.000000,1.000000,1.000000,0,0,0,0
1643,25,428,1214,1.000000,1.000000,1.000000,1.000000,0,0,0,0
1644,23,428,1215,1.000000,1.000000,1.000000,1.000000,0,0,0,0
1645,21,428,1216,1.000000,1.000000,1.000000,1.000000,0,0,0,0
1646,19,428,1217,1.000000,1.000000,1.000000,1.000000,0,0,0,0
1647,17,428,1218,1.000000,1.000000,1.000000,1.000000,0,0,0,0
1648,15,428,1219,1.000000,1.000000,1.000000,1.000000,0,0,0,1
1649,13,428,1220,1.000000,1.000000,1.000000,1.000000,0,0,0,1
1650,29,429,1220,1.000000,1.000000,1.000000,1.000000,0,0,0,1
1651,27,429,1221,1.000000,1.000000,1.000000,1.000000,0,0,0,0
1652,29,430,1221,1.000000,1.000000,1.000000,1.000000,0,0,0,0
1653,27,430,1222,1.000000,1.000000,1.000000,1.000000,0,0,0,0
1654,25,430,1223,1.000000,1.000000,1.000000,1.000000,0,0,0,0
1655,23,430,1224,1.000000,1.000000,1.000000,1.000000,0,0,0,1
1656,21,430,1225,1.000000,1.000000,1.000000,1.000000,0,1,0,0
1657,19,430,1226,1.000000,1.000000,1.000000,1.000000,0,0,0,0
1658,17,430,1227,1.000000,1.000000,1.000000,1.000000,0,0,0,0
1659,15,430,1228,1.000000,1.000000,1.000000,1.000000,0,0,0,0
1660,13,430,1229,1.000000,1.000000,1.000000,1.000000,0,0,0,0
1661,11,430,1230,1.000000,1.000000,1.000000,1.000000,0,0,0,1
1662,9,430,1231,1.000000,1.000000,1.000000,1.000000,1,0,0,1
1663,7,430,1232,1.000000,1.000000,1.000000,1.000000,0,0,1,0
1664,29,431,1232,1.000000,1.000000,1.000000,1.000000,0,0,1,0
1665,27,431,1233,1.000000,1.000000,1.000000,1.000000,0,0,0,0
1666,29,432,1233,1.000000,1.000000,1.000000,1.000000,0,0,0,0
1667,27,432,1234,1.000000,1.000000,1.000000,1.000000,0,0,0,0
1668,25,432,1235,1.000000,1.000000,1.000000,1.000000,0,0,0,1
1669,23,432,1236,1.000000,1.000000,1.000000,1.000000,0,0,1,1
1670,29,433,1236,1.000000,1.000000,1.000000,1.000000,0,0,1,1
1671,27,433,1237,1.000000,1.000000,1.000000,1.000000,0,0,0,0
1672,29,434,1237,1.000000,1.000000,1.000000,1.000000,0,0,0,0
1673,27,434,1238,1.000000,1.000000,1.000000,1.000000,0,0,1,0
1674,25,434,1239,1.000000,1.000000,1.000000,1.000000,0,0,0,0
1675,29,435,1239,1.000000,1.000000,1.000000,1.000000,0,0,0,0
1676,27,435,1240,1.000000,1.000000,1.000000,1.000000,0,1,1,0
1677,25,435,1241,1.000000,1.000000,1.000000,1.000000,0,0,0,0
1678,29,436,1241,1.000000,1.000000,1.000000,1.000000,0,0,0,0
1679,27,436,1242,1.000000,1.000000,1.000000,1.000000,0,0,1,1
1680,25,436,1243,1.000000,1.000000,1.000000,1.000000,0,1,0,0
1681,29,437,1243,1.000000,1.000000,1.000000,1.000000,0,1,0,0
1682,27,437,1244,1.000000,1.000000,1.000000,1.000000,0,0,0,0
1683,29,438,1244,1.000000,1.000000,1.000000,1.000000,0,0,0,0
1684,27,438,1245,1.000000,1.000000,1.000000,1.000000,0,1,0,0
1685,25,438,1246,1.000000,1.000000,1.000000,1.000000,0,0,1,0
1686,29,439,1246,1.000000,1.000000,1.000000,1.000000,0,0,1,0
1687,27,439,1247,1.000000,1.000000,1.000000,1.000000,0,1,1,0
1688,29,440,1247,1.000000,1.000000,1.000000,1.000000,0,1,1,0
1689,27,440,1248,1.000000,1.000000,1.000000,1.000000,0,1,0,0
1690,29,441,1248,1.000000,1.000000,1.000000,1.000000,0,1,0,0
1691,27,441,1249,1.000000,1.000000,1.000000,1.000000,1,0,0,0
1692,29,442,1249,1.000000,1.000000,1.000000,1.000000,1,0,0,0
1693,27,442,1250,1.000000,1.000000,1.000000,1.000000,0,0,0,0
1694,29,443,1250,1.000000,1.000000,1.000000,1.000000,0,0,0,0
1695,27,443,1251,1.000000,1.000000,1.000000,1.000000,0,0,0,0
1696,25,443,1252,1.000000,1.000000,1.000000,1.000000,0,0,0,0
1697,23,443,1253,1.000000,1.000000,1.000000,1.000000,0,0,1,0
1698,21,443,1254,1.000000,1.000000,1.000000,1.000000,0,0,0,0
1699,29,444,1254,1.000000,1.000000,1.000000,1.000000,0,0,0,0
1700,27,444,1255,1.000000,1.000000,1.000000,1.000000,0,0,1,0
1701,25,444,1256,1.000000,1.000000,1.000000,1.000000,0,0,0,0
1702,23,444,1257,1.000000,1.000000,1.000000,1.000000,0,0,0,1
1703,21,444,1258,1.000000,1.000000,1.000000,1.000000,0,0,0,0
1704,29,445,1258,1.000000,1.000000,1.000000,1.000000,0,0,0,0
1705,27,445,1259,1.000000,1.000000,1.000000,1.000000,0,0,0,0
1706,25,445,1260,1.000000,1.000000,1.000000,1.000000,0,0,0,1
1707,23,445,1261,1.000000,1.000000,1.000000,1.000000,0,0,0,1
1708,29,446,1261,1.000000,1.000000,1.000000,1.000000,0,0,0,1
1709,27,446,1262,1.000000,1.000000,1.000000,1.000000,1,0,0,0
1710,29,447,1262,1.000000,1.000000,1.000000,1.000000,1,0,0,0
1711,27,447,1263,1.000000,1.000000,1.000000,1.000000,0,0,0,1
1712,29,448,1263,1.000000,1.000000,1.000000,1.000000,0,0,0,1
1713,27,448,1264,1.000000,1.000000,1.000000,1.000000,1,0,0,0
1714,29,449,1264,1.000000,1.000000,1.000000,1.000000,1,0,0,0
1715,27,449,1265,1.000000,1.000000,1.000000,1.000000,1,0,0,1
1716,29,450,1265,1.000000,1.000000,1.000000,1.000000,1,0,0,1
1717,27,450,1266,1.000000,1.000000,1.000000,1.000000,0,0,0,1
1718,29,451,1266,1.000000,1.000000,1.000000,1.000000,0,0,0,1
1719,27,451,1267,1.000000,1.000000,1.000000,1.000000,0,0,1,0
1720,29,452,1267,1.000000,1.000000,1.000000,1.000000,0,0,1,0
1721,27,452,1268,1.000000,1.000000,1.000000,1.000000,0,0,0,0
1722,25,452,1269,1.000000,1.000000,1.000000,1.000000,0,0,1,0
1723,23,452,1270,1.000000,1.000000,1.000000,1.000000,0,0,0,1
1724,29,453,1270,1.000000,1.000000,1.000000,1.000000,0,0,0,1
1725,27,453,1271,1.000000,1.000000,1.000000,1.000000,0,0,0,1
1726,29,454,1271,1.000000,1.000000,1.000000,1.000000,0,0,0,1
1727,27,454,1272,1.000000,1.000000,1.000000,1.000000,0,0,1,0
1728,29,455,1272,1.000000,1.000000,1.000000,1.000000,0,0,1,0
1729,27,455,1273,1.000000,1.000000,1.000000,1.000000,0,0,0,1
1730,29,456,1273,1.000000,1.000000,1.000000,1.000000,0,0,0,1
1731,27,456,1274,1.000000,1.000000,1.000000,1.000000,0,0,1,0
1732,29,457,1274,1.000000,1.000000,1.000000,1.000000,0,0,1,0
1733,27,457,1275,1.000000,1.000000,1.000000,1.000000,0,0,0,0
1734,29,458,1275,1.000000,1.000000,1.000000,1.000000,0,0,0,0
1735,27,458,1276,1.000000,1.000000,1.000000,1.000000,0,1,1,1
1736,25,458,1277,1.000000,1.000000,1.000000,1.000000,0,0,0,0
1737,29,459,1277,1.000000,1.000000,1.000000,1.000000,0,0,0,0
1738,27,459,1278,1.000000,1.000000,1.000000,1.000000,1,0,0,0
1739,25,459,1279,1.000000,1.000000,1.000000,1.000000,0,0,0,0
1740,29,460,1279,1.000000,1.000000,1.000000,1.000000,0,0,0,0
1741,27,460,1280,1.000000,1.000000,1.000000,1.000000,0,1,0,0
1742,25,460,1281,1.000000,1.000000,1.000000,1.000000,0,1,0,0
1743,29,461,1281,1.000000,1.000000,1.000000,1.000000,0,1,0,0
1744,27,461,1282,1.000000,1.000000,1.000000,1.000000,0,0,0,0
1745,25,461,1283,1.000000,1.000000,1.000000,1.000000,0,0,0,0
1746,23,461,1284,1.000000,1.000000,1.000000,1.000000,0,0,0,0
1747,21,461,1285,1.000000,1.000000,1.000000,1.000000,0,0,0,0
1748,19,461,1286,1.000000,1.000000,1.000000,1.000000,0,0,1,1
1749,17,461,1287,1.000000,1.000000,1.000000,1.000000,0,0,0,1
1750,29,462,1287,1.000000,1.000000,1.000000,1.000000,0,0,0,1
1751,27,462,1288,1.000000,1.000000,1.000000,1.000000,1,0,0,0
1752,29,463,1288,1.000000,1.000000,1.000000,1.000000,1,0,0,0
1753,27,463,1289,1.000000,1.000000,1.000000,1.000000,0,0,0,0
1754,29,464,1289,1.000000,1.000000,1.000000,1.000000,0,0,0,0
1755,27,464,1290,1.000000,1.000000,1.000000,1.000000,0,0,0,0
1756,25,464,1291,1.000000,1.000000,1.000000,1.000000,0,0,0,1
1757,23,464,1292,1.000000,1.000000,1.000000,1.000000,0,0,0,0
1758,29,465,1292,1.000000,1.000000,1.000000,1.000000,0,0,0,0
1759,27,465,1293,1.000000,1.000000,1.000000,1.000000,0,0,0,0
1760,25,465,1294,1.000000,1.000000,1.000000,1.000000,1,0,0,0
1761,23,465,1295,1.000000,1.000000,1.000000,1.000000,0,0,0,0
1762,21,465,1296,1.000000,1.000000,1.000000,1.000000,0,0,0,0
1763,19,465,1297,1.000000,1.000000,1.000000,1.000000,0,0,0,0
1764,17,465,1298,1.000000,1.000000,1.000000,1.000000,0,0,1,0
1765,15,465,1299,1.000000,1.000000,1.000000,1.000000,0,0,0,0
1766,29,466,1299,1.000000,1.000000,1.000000,1.000000,0,0,0,0
1767,27,466,1300,1.000000,1.000000,1.000000,1.000000,0,0,0,0
1768,25,466,1301,1.000000,1.000000,1.000000,1.000000,0,0,0,0
1769,23,466,1302,1.000000,1.000000,1.000000,1.000000,1,0,0,0
1770,21,466,1303,1.000000,1.000000,1.000000,1.000000,1,0,0,0
1771,29,467,1303,1.000000,1.000000,1.000000,1.000000,1,0,0,0
1772,27,467,1304,1.000000,1.000000,1.000000,1.000000,0,0,0,0
1773,29,468,1304,1.000000,1.000000,1.000000,1.000000,0,0,0,0
1774,27,468,1305,1.000000,1.000000,1.000000,1.000000,0,1,0,0
1775,25,468,1306,1.000000,1.000000,1.000000,1.000000,0,0,0,0
1776,23,468,1307,1.000000,1.000000,1.000000,1.000000,0,0,0,0
1777,21,468,1308,1.000000,1.000000,1.000000,1.000000,0,0,0,0
1778,19,468,1309,1.000000,1.000000,1.000000,1.000000,0,0,1,0
1779,17,468,1310,1.000000,1.000000,1.000000,1.000000,0,0,0,0
1780,29,469,1310,1.000000,1.000000,1.000000,1.000000,0,0,0,0
1781,27,469,1311,1.000000,1.000000,1.000000,1.000000,0,0,0,0
1782,25,469,1312,1.000000,1.000000,1.000000,1.000000,0,1,0,0
1783,23,469,1313,1.000000,1.000000,1.000000,1.000000,0,0,0,0
1784,29,470,1313,1.000000,1.000000,1.000000,1.000000,0,0,0,0
1785,27,470,1314,1.000000,1.000000,1.000000,1.000000,0,0,0,0
1786,25,470,1315,1.000000,1.000000,1.000000,1.000000,1,0,0,0
1787,23,470,1316,1.000000,1.000000,1.000000,1.000000,1,1,0,0
1788,29,471,1316,1.000000,1.000000,1.000000,1.000000,1,1,0,0
1789,27,471,1317,1.000000,1.000000,1.000000,1.000000,0,0,0,0
1790,29,472,1317,1.000000,1.000000,1.000000,1.000000,0,0,0,0
1791,27,472,1318,1.000000,1.000000,1.000000,1.000000,1,0,0,0
1792,25,472,1319,1.000000,1.000000,1.000000,1.000000,0,0,0,0
1793,23,472,1320,1.000000,1.000000,1.000000,1.000000,0,0,1,0
1794,21,472,1321,1.000000,1.000000,1.000000,1.000000,0,1,0,0
1795,29,473,1321,1.000000,1.000000,1.000000,1.000000,0,1,0,0
1796,27,473,1322,1.000000,1.000000,1.000000,1.000000,0,0,0,0
1797,29,474,1322,1.000000,1.000000,1.000000,1.000000,0,0,0,0
1798,27,474,1323,1.000000,1.000000,1.000000,1.000000,0,0,1,0
1799,25,474,1324,1.000000,1.000000,1.000000,1.000000,0,0,0,1
1800,29,475,1324,1.000000,1.000000,1.000000,1.000000,0,0,0,1
1801,27,475,1325,1.000000,1.000000,1.000000,1.000000,0,0,0,0
1802,29,476,1325,1.000000,1.000000,1.000000,1.000000,0,0,0,0
1803,27,476,1326,1.000000,1.000000,1.000000,1.000000,0,0,0,0
1804,25,476,1327,1.000000,1.000000,1.000000,1.000000,0,0,0,0
1805,23,476,1328,1.000000,1.000000,1.000000,1.000000,1,0,0,0
1806,21,476,1329,1.000000,1.000000,1.000000,1.000000,0,0,0,1
1807,29,477,1329,1.000000,1.000000,1.000000,1.000000,0,0,0,1
1808,27,477,1330,1.000000,1.000000,1.000000,1.000000,1,0,0,0
1809,25,477,1331,1.000000,1.000000,1.000000,1.000000,0,0,1,0
1810,29,478,1331,1.000000,1.000000,1.000000,1.000000,0,0,1,0
1811,27,478,1332,1.000000,1.000000,1.000000,1.000000,0,0,0,0
1812,29,479,1332,1.000000,1.000000,1.000000,1.000000,0,0,0,0
1813,27,479,1333,1.000000,1.000000,1.000000,1.000000,0,0,0,1
1814,25,479,1334,1.000000,1.000000,1.000000,1.000000,0,0,0,0
1815,29,480,1334,1.000000,1.000000,1.000000,1.000000,0,0,0,0
1816,27,480,1335,1.000000,1.000000,1.000000,1.000000,0,0,0,0
1817,25,480,1336,1.000000,1.000000,1.000000,1.000000,1,0,0,0
1818,23,480,1337,1.000000,1.000000,1.000000,1.000000,1,0,0,0
1819,21,480,1338,1.000000,1.000000,1.000000,1.000000,1,0,1,0
1820,29,481,1338,1.000000,1.000000,1.000000,1.000000,1,0,1,0
1821,27,481,1339,1.000000,1.000000,1.000000,1.000000,1,0,0,0
1822,29,482,1339,1.000000,1.000000,1.000000,1.000000,1,0,0,0
1823,27,482,1340,1.000000,1.000000,1.000000,1.000000,1,0,0,0
1824,29,483,1340,1.000000,1.000000,1.000000,1.000000,1,0,0,0
1825,27,483,1341,1.000000,1.000000,1.000000,1.000000,0,0,0,0
1826,25,483,1342,1.000000,1.000000,1.000000,1.000000,1,0,0,1
1827,23,483,1343,1.000000,1.000000,1.000000,1.000000,0,0,0,0
1828,29,484,1343,1.000000,1.000000,1.000000,1.000000,0,0,0,0
1829,27,484,1344,1.000000,1.000000,1.000000,1.000000,0,0,0,1
1830,25,484,1345,1.000000,1.000000,1.000000,1.000000,0,0,0,0
1831,29,485,1345,1.000000,1.000000,1.000000,1.000000,0,0,0,0
1832,27,485,1346,1.000000,1.000000,1.000000,1.000000,0,0,0,0
1833,25,485,1347,1.000000,1.000000,1.000000,1.000000,0,0,0,0
1834,23,485,1348,1.000000,1.000000,1.000000,1.000000,1,1,0,0
1835,21,485,1349,1.000000,1.000000,1.000000,1.000000,1,0,0,0
1836,29,486,1349,1.000000,1.000000,1.000000,1.000000,1,0,0,0
1837,27,486,1350,1.000000,1.000000,1.000000,1.000000,0,1,0,1
1838,29,487,1350,1.000000,1.000000,1.000000,1.000000,0,1,0,1
1839,27,487,1351,1.000000,1.000000,1.000000,1.000000,1,0,0,0
1840,29,488,1351,1.000000,1.000000,1.000000,1.000000,1,0,0,0
1841,27,488,1352,1.000000,1.000000,1.000000,1.000000,0,0,0,0
1842,29,489,1352,1.000000,1.000000,1.000000,1.000000,0,0,0,0
1843,27,489,1353,1.000000,1.000000,1.000000,1.000000,0,1,0,0
1844,25,489,1354,1.000000,1.000000,1.000000,1.000000,1,0,0,0
1845,23,489,1355,1.000000,1.000000,1.000000,1.000000,1,0,1,0
1846,21,489,1356,1.000000,1.000000,1.000000,1.000000,0,0,1,1
1847,29,490,1356,1.000000,1.000000,1.000000,1.000000,0,0,1,1
1848,27,490,1357,1.000000,1.000000,1.000000,1.000000,0,0,0,0
1849,29,491,1357,1.000000,1.000000,1.000000,1.000000,0,0,0,0
1850,27,491,1358,1.000000,1.000000,1.000000,1.000000,0,1,0,0
1851,25,491,1359,1.000000,1.000000,1.000000,1.000000,0,0,1,0
1852,29,492,1359,1.000000,1.000000,1.000000,1.000000,0,0,1,0
1853,27,492,1360,1.000000,1.000000,1.000000,1.000000,0,0,0,0
1854,29,493,1360,1.000000,1.000000,1.000000,1.000000,0,0,0,0
1855,27,493,1361,1.000000,1.000000,1.000000,1.000000,0,1,1,0
1856,25,493,1362,1.000000,1.000000,1.000000,1.000000,0,1,1,0
1857,29,494,1362,1.000000,1.000000,1.000000,1.000000,0,1,1,0
1858,27,494,1363,1.000000,1.000000,1.000000,1.000000,1,0,0,0
1859,29,495,1363,1.000000,1.000000,1.000000,1.000000,1,0,0,0
1860,27,495,1364,1.000000,1.000000,1.000000,1.000000,0,0,0,0
1861,29,496,1364,1.000000,1.000000,1.000000,1.000000,0,0,0,0
1862,27,496,1365,1.000000,1.000000,1.000000,1.000000,1,1,0,0
1863,25,496,1366,1.000000,1.000000,1.000000,1.000000,0,0,0,0
1864,29,497,1366,1.000000,1.000000,1.000000,1.000000,0,0,0,0
1865,27,497,1367,1.000000,1.000000,1.000000,1.000000,0,0,0,0
1866,25,497,1368,1.000000,1.000000,1.000000,1.000000,0,0,0,0
1867,23,497,1369,1.000000,1.000000,1.000000,1.000000,0,0,0,0
1868,21,497,1370,1.000000,1.000000,1.000000,1.000000,0,1,0,0
1869,19,497,1371,1.000000,1.000000,1.000000,1.000000,1,0,0,0
1870,29,498,1371,1.000000,1.000000,1.000000,1.000000,1,0,0,0
1871,27,498,1372,1.000000,1.000000,1.000000,1.000000,0,0,0,0
1872,29,499,1372,1.000000,1.000000,1.000000,1.000000,0,0,0,0
1873,27,499,1373,1.000000,1.000000,1.000000,1.000000,0,0,0,0
1874,25,499,1374,1.000000,1.000000,1.000000,1.000000,0,0,0,0
1875,23,499,1375,1.000000,1.000000,1.000000,1.000000,0,0,0,0
1876,21,499,1376,1.000000,1.000000,1.000000,1.000000,0,0,0,0
1877,19,499,1377,1.000000,1.000000,1.000000,1.000000,0,0,0,0
1878,17,499,1378,1.000000,1.000000,1.000000,1.000000,0,0,0,0
1879,15,499,1379,1.000000,1.000000,1.000000,1.000000,0,0,0,0
1880,13,499,1380,1.000000,1.000000,1.000000,1.000000,0,0,0,0
1881,11,499,1381,1.000000,1.000000,1.000000,1.000000,0,0,0,0
1882,9,499,1382,1.000000,1.000000,1.000000,1.000000,0,0,0,0
1883,7,499,1383,1.000000,1.000000,1.000000,1.000000,0,0,0,0
1884,5,499,1384,1.000000,1.000000,1.000000,1.000000,0,0,0,0
1885,3,499,1385,1.000000,1.000000,1.000000,1.000000,0,0,0,1
1886,1,499,1386,1.000000,1.000000,1.000000,1.000000,0,0,0,1
1887,0,499,1387,1.000000,1.000000,1.000000,1.000000,1,1,0,0
