tick,energy,eats,distance,conn_1_6_weight,conn_2_7_weight,conn_3_8_weight,conn_4_9_weight,food_north_sensed,food_east_sensed,food_south_sensed,food_west_sensed
0,30,0,0,1.000000,1.000000,1.000000,1.000000,0,0,0,0
1,29,0,0,1.000000,1.000000,1.000000,1.000000,0,1,0,0
2,27,0,1,1.000000,1.000000,1.000000,1.000000,0,0,0,0
3,29,1,1,1.000000,1.000000,1.000000,1.000000,0,0,0,0
4,27,1,2,1.000000,1.000000,1.000000,1.000000,1,0,0,0
5,25,1,3,1.000000,1.000000,1.000000,1.000000,1,1,0,1
6,29,2,3,1.000000,1.000000,1.000000,1.000000,1,1,0,1
7,27,2,4,1.000000,1.000000,1.000000,1.000000,0,0,0,0
8,29,3,4,1.000000,1.000000,1.000000,1.000000,0,0,0,0
9,27,3,5,1.000000,1.000000,1.000000,1.000000,0,0,0,0
10,25,3,6,1.000000,1.000000,1.000000,1.000000,1,0,0,0
11,23,3,7,1.000000,1.000000,1.000000,1.000000,1,0,0,0
12,29,4,7,1.000000,1.000000,1.000000,1.000000,1,0,0,0
13,27,4,8,1.000000,1.000000,1.000000,1.000000,0,0,0,0
14,29,5,8,1.000000,1.000000,1.000000,1.000000,0,0,0,0
15,27,5,9,1.000000,1.000000,1.000000,1.000000,0,0,0,0
16,25,5,10,1.000000,1.000000,1.000000,1.000000,0,0,0,0
17,23,5,11,1.000000,1.000000,1.000000,1.000000,0,0,0,0
18,21,5,12,1.000000,1.000000,1.000000,1.000000,0,0,1,0
19,19,5,13,1.000000,1.000000,1.000000,1.000000,0,0,1,1
20,29,6,13,1.000000,1.000000,1.000000,1.000000,0,0,1,1
21,27,6,14,1.000000,1.000000,1.000000,1.000000,0,0,0,0
22,29,7,14,1.000000,1.000000,1.000000,1.000000,0,0,0,0
23,27,7,15,1.000000,1.000000,1.000000,1.000000,0,1,0,0
24,25,7,16,1.000000,1.000000,1.000000,1.000000,0,0,0,0
25,29,8,16,1.000000,1.000000,1.000000,1.000000,0,0,0,0
26,27,8,17,1.000000,1.000000,1.000000,1.000000,0,0,0,0
27,25,8,18,1.000000,1.000000,1.000000,1.000000,0,0,0,0
28,23,8,19,1.000000,1.000000,1.000000,1.000000,0,0,1,0
29,21,8,20,1.000000,1.000000,1.000000,1.000000,0,0,0,1
30,29,9,20,1.000000,1.000000,1.000000,1.000000,0,0,0,1
31,27,9,21,1.000000,1.000000,1.000000,1.000000,0,1,0,0
32,25,9,22,1.000000,1.000000,1.000000,1.000000,0,0,0,0
33,29,10,22,1.000000,1.000000,1.000000,1.000000,0,0,0,0
34,27,10,23,1.000000,1.000000,1.000000,1.000000,0,1,0,0
35,25,10,24,1.000000,1.000000,1.000000,1.000000,0,1,0,0
36,29,11,24,1.000000,1.000000,1.000000,1.000000,0,1,0,0
37,27,11,25,1.000000,1.000000,1.000000,1.000000,0,0,0,0
38,25,11,26,1.000000,1.000000,1.000000,1.000000,1,0,0,0
39,23,11,27,1.000000,1.000000,1.000000,1.000000,0,0,0,0
40,29,12,27,1.000000,1.000000,1.000000,1.000000,0,0,0,0
41,27,12,28,1.000000,1.000000,1.000000,1.000000,0,1,0,0
42,25,12,29,1.000000,1.000000,1.000000,1.000000,0,0,0,0
43,29,13,29,1.000000,1.000000,1.000000,1.000000,0,0,0,0
44,27,13,30,1.000000,1.000000,1.000000,1.000000,0,1,1,0
45,25,13,31,1.000000,1.000000,1.000000,1.000000,0,1,0,0
46,29,14,31,1.000000,1.000000,1.000000,1.000000,0,1,0,0
47,27,14,32,1.000000,1.000000,1.000000,1.000000,0,0,1,0
48,29,15,32,1.000000,1.000000,1.000000,1.000000,0,0,1,0
49,27,15,33,1.000000,1.000000,1.000000,1.000000,0,0,1,0
50,29,16,33,1.000000,1.000000,1.000000,1.000000,0,0,1,0
51,27,16,34,1.000000,1.000000,1.000000,1.000000,0,1,0,0
52,29,17,34,1.000000,1.000000,1.000000,1.000000,0,1,0,0
53,27,17,35,1.000000,1.000000,1.000000,1.000000,0,0,0,0
54,29,18,35,1.000000,1.000000,1.000000,1.000000,0,0,0,0
55,27,18,36,1.000000,1.000000,1.000000,1.000000,0,0,0,0
56,25,18,37,1.000000,1.000000,1.000000,1.000000,0,0,0,0
57,23,18,38,1.000000,1.000000,1.000000,1.000000,0,0,1,0
58,21,18,39,1.000000,1.000000,1.000000,1.000000,0,0,1,0
59,29,19,39,1.000000,1.000000,1.000000,1.000000,0,0,1,0
60,27,19,40,1.000000,1.000000,1.000000,1.000000,0,0,1,0
61,25,19,41,1.000000,1.000000,1.000000,1.000000,0,0,0,0
62,23,19,42,1.000000,1.000000,1.000000,1.000000,0,0,1,0
63,21,19,43,1.000000,1.000000,1.000000,1.000000,0,1,0,0
64,29,20,43,1.000000,1.000000,1.000000,1.000000,0,1,0,0
65,27,20,44,1.000000,1.000000,1.000000,1.000000,0,0,0,0
66,29,21,44,1.000000,1.000000,1.000000,1.000000,0,0,0,0
67,27,21,45,1.000000,1.000000,1.000000,1.000000,0,0,0,0
68,25,21,46,1.000000,1.000000,1.000000,1.000000,0,0,0,0
69,23,21,47,1.000000,1.000000,1.000000,1.000000,0,0,0,0
70,21,21,48,1.000000,1.000000,1.000000,1.000000,0,0,0,0
71,19,21,49,1.000000,1.000000,1.000000,1.000000,0,0,0,0
72,17,21,50,1.000000,1.000000,1.000000,1.000000,0,0,0,0
73,15,21,51,1.000000,1.000000,1.000000,1.000000,0,0,0,0
74,13,21,52,1.000000,1.000000,1.000000,1.000000,1,0,0,0
75,11,21,53,1.000000,1.000000,1.000000,1.000000,0,0,0,0
76,29,22,53,1.000000,1.000000,1.000000,1.000000,0,0,0,0
77,27,22,54,1.000000,1.000000,1.000000,1.000000,0,0,0,0
78,25,22,55,1.000000,1.000000,1.000000,1.000000,0,0,1,0
79,23,22,56,1.000000,1.000000,1.000000,1.000000,0,0,0,0
80,29,23,56,1.000000,1.000000,1.000000,1.000000,0,0,0,0
81,27,23,57,1.000000,1.000000,1.000000,1.000000,0,0,0,0
82,25,23,58,1.000000,1.000000,1.000000,1.000000,0,0,0,0
83,23,23,59,1.000000,1.000000,1.000000,1.000000,0,0,0,0
84,21,23,60,1.000000,1.000000,1.000000,1.000000,0,0,1,0
85,19,23,61,1.000000,1.000000,1.000000,1.000000,0,0,1,0
86,29,24,61,1.000000,1.000000,1.000000,1.000000,0,0,1,0
87,27,24,62,1.000000,1.000000,1.000000,1.000000,0,1,1,0
88,29,25,62,1.000000,1.000000,1.000000,1.000000,0,1,1,0
89,27,25,63,1.000000,1.000000,1.000000,1.000000,0,0,1,1
90,29,26,63,1.000000,1.000000,1.000000,1.000000,0,0,1,1
91,27,26,64,1.000000,1.000000,1.000000,1.000000,0,0,0,0
92,29,27,64,1.000000,1.000000,1.000000,1.000000,0,0,0,0
93,27,27,65,1.000000,1.000000,1.000000,1.000000,1,0,0,1
94,25,27,66,1.000000,1.000000,1.000000,1.000000,0,0,0,1
95,29,28,66,1.000000,1.000000,1.000000,1.000000,0,0,0,1
96,27,28,67,1.000000,1.000000,1.000000,1.000000,1,0,1,0
97,29,29,67,1.000000,1.000000,1.000000,1.000000,1,0,1,0
98,27,29,68,1.000000,1.000000,1.000000,1.000000,0,0,0,0
99,29,30,68,1.000000,1.000000,1.000000,1.000000,0,0,0,0
100,27,30,69,1.000000,1.000000,1.000000,1.000000,0,0,1,0
101,25,30,70,1.000000,1.000000,1.000000,1.000000,0,0,1,0
102,29,31,70,1.000000,1.000000,1.000000,1.000000,0,0,1,0
103,27,31,71,1.000000,1.000000,1.000000,1.000000,0,0,0,0
104,29,32,71,1.000000,1.000000,1.000000,1.000000,0,0,0,0
105,27,32,72,1.000000,1.000000,1.000000,1.000000,0,0,0,0
106,25,32,73,1.000000,1.000000,1.000000,1.000000,0,0,0,1
107,23,32,74,1.000000,1.000000,1.000000,1.000000,0,0,0,0
108,29,33,74,1.000000,1.000000,1.000000,1.000000,0,0,0,0
109,27,33,75,1.000000,1.000000,1.000000,1.000000,0,0,0,0
110,25,33,76,1.000000,1.000000,1.000000,1.000000,0,0,0,0
111,23,33,77,1.000000,1.000000,1.000000,1.000000,0,0,0,0
112,21,33,78,1.000000,1.000000,1.000000,1.000000,0,0,0,0
113,19,33,79,1.000000,1.000000,1.000000,1.000000,0,0,0,0
114,17,33,80,1.000000,1.000000,1.000000,1.000000,0,0,0,0
115,15,33,81,1.000000,1.000000,1.000000,1.000000,0,0,0,0
116,13,33,82,1.000000,1.000000,1.000000,1.000000,0,1,0,0
117,11,33,83,1.000000,1.000000,1.000000,1.000000,1,1,1,0
118,9,33,84,1.000000,1.000000,1.000000,1.000000,0,1,0,1
119,29,34,84,1.000000,1.000000,1.000000,1.000000,0,1,0,1
120,27,34,85,1.000000,1.000000,1.000000,1.000000,1,0,1,0
121,29,35,85,1.000000,1.000000,1.000000,1.000000,1,0,1,0
122,27,35,86,1.000000,1.000000,1.000000,1.000000,1,1,0,0
123,29,36,86,1.000000,1.000000,1.000000,1.000000,1,1,0,0
124,27,36,87,1.000000,1.000000,1.000000,1.000000,0,0,0,0
125,29,37,87,1.000000,1.000000,1.000000,1.000000,0,0,0,0
126,27,37,88,1.000000,1.000000,1.000000,1.000000,0,0,0,0
127,25,37,89,1.000000,1.000000,1.000000,1.000000,0,0,0,1
128,23,37,90,1.000000,1.000000,1.000000,1.000000,0,0,0,0
129,29,38,90,1.000000,1.000000,1.000000,1.000000,0,0,0,0
130,27,38,91,1.000000,1.000000,1.000000,1.000000,0,0,0,0
131,25,38,92,1.000000,1.000000,1.000000,1.000000,0,0,0,0
132,23,38,93,1.000000,1.000000,1.000000,1.000000,0,0,0,1
133,21,38,94,1.000000,1.000000,1.000000,1.000000,0,0,1,0
134,29,39,94,1.000000,1.000000,1.000000,1.000000,0,0,1,0
135,27,39,95,1.000000,1.000000,1.000000,1.000000,0,1,1,0
136,29,40,95,1.000000,1.000000,1.000000,1.000000,0,1,1,0
137,27,40,96,1.000000,1.000000,1.000000,1.000000,0,1,0,0
138,29,41,96,1.000000,1.000000,1.000000,1.000000,0,1,0,0
139,27,41,97,1.000000,1.000000,1.000000,1.000000,1,0,1,0
140,29,42,97,1.000000,1.000000,1.000000,1.000000,1,0,1,0
141,27,42,98,1.000000,1.000000,1.000000,1.000000,1,1,0,0
142,29,43,98,1.000000,1.000000,1.000000,1.000000,1,1,0,0
143,27,43,99,1.000000,1.000000,1.000000,1.000000,0,1,0,0
144,29,44,99,1.000000,1.000000,1.000000,1.000000,0,1,0,0
145,27,44,100,1.000000,1.000000,1.000000,1.000000,0,0,0,0
146,29,45,100,1.000000,1.000000,1.000000,1.000000,0,0,0,0
147,27,45,101,1.000000,1.000000,1.000000,1.000000,0,0,0,0
148,25,45,102,1.000000,1.000000,1.000000,1.000000,0,0,0,1
149,23,45,103,1.000000,1.000000,1.000000,1.000000,0,0,0,0
150,29,46,103,1.000000,1.000000,1.000000,1.000000,0,0,0,0
151,27,46,104,1.000000,1.000000,1.000000,1.000000,0,0,0,0
152,25,46,105,1.000000,1.000000,1.000000,1.000000,0,0,0,0
153,23,46,106,1.000000,1.000000,1.000000,1.000000,0,0,0,0
154,21,46,107,1.000000,1.000000,1.000000,1.000000,1,0,1,0
155,19,46,108,1.000000,1.000000,1.000000,1.000000,0,0,1,0
156,29,47,108,1.000000,1.000000,1.000000,1.000000,0,0,1,0
157,27,47,109,1.000000,1.000000,1.000000,1.000000,0,1,1,0
158,25,47,110,1.000000,1.000000,1.000000,1.000000,0,1,1,0
159,23,47,111,1.000000,1.000000,1.000000,1.000000,0,0,0,1
160,29,48,111,1.000000,1.000000,1.000000,1.000000,0,1,0,1
161,27,48,112,1.000000,1.000000,1.000000,1.000000,0,0,1,0
162,29,49,112,1.000000,1.000000,1.000000,1.000000,0,0,1,0
163,27,49,113,1.000000,1.000000,1.000000,1.000000,0,0,1,1
164,29,50,113,1.000000,1.000000,1.000000,1.000000,0,0,1,1
165,27,50,114,1.000000,1.000000,1.000000,1.000000,0,0,0,1
166,29,51,114,1.000000,1.000000,1.000000,1.000000,0,0,0,1
167,27,51,115,1.000000,1.000000,1.000000,1.000000,0,0,1,0
168,25,51,116,1.000000,1.000000,1.000000,1.000000,1,0,1,0
169,29,52,116,1.000000,1.000000,1.000000,1.000000,1,0,1,0
170,27,52,117,1.000000,1.000000,1.000000,1.000000,1,0,0,0
171,29,53,117,1.000000,1.000000,1.000000,1.000000,1,0,0,0
172,27,53,118,1.000000,1.000000,1.000000,1.000000,0,0,0,0
173,29,54,118,1.000000,1.000000,1.000000,1.000000,0,0,0,0
174,27,54,119,1.000000,1.000000,1.000000,1.000000,0,0,0,0
175,25,54,120,1.000000,1.000000,1.000000,1.000000,0,0,0,0
176,23,54,121,1.000000,1.000000,1.000000,1.000000,0,0,0,0
177,21,54,122,1.000000,1.000000,1.000000,1.000000,0,0,0,0
178,19,54,123,1.000000,1.000000,1.000000,1.000000,0,0,0,0
179,17,54,124,1.000000,1.000000,1.000000,1.000000,0,0,0,0
180,15,54,125,1.000000,1.000000,1.000000,1.000000,0,0,0,0
181,13,54,126,1.000000,1.000000,1.000000,1.000000,0,0,0,0
182,11,54,127,1.000000,1.000000,1.000000,1.000000,0,0,0,0
183,9,54,128,1.000000,1.000000,1.000000,1.000000,0,0,0,1
184,7,54,129,1.000000,1.000000,1.000000,1.000000,0,0,0,1
185,29,55,129,1.000000,1.000000,1.000000,1.000000,0,0,0,1
186,27,55,130,1.000000,1.000000,1.000000,1.000000,1,0,0,0
187,29,56,130,1.000000,1.000000,1.000000,1.000000,1,0,0,0
188,27,56,131,1.000000,1.000000,1.000000,1.000000,0,0,0,1
189,29,57,131,1.000000,1.000000,1.000000,1.000000,0,0,0,1
190,27,57,132,1.000000,1.000000,1.000000,1.000000,0,0,0,1
191,29,58,132,1.000000,1.000000,1.000000,1.000000,0,0,0,1
192,27,58,133,1.000000,1.000000,1.000000,1.000000,0,0,0,0
193,29,59,133,1.000000,1.000000,1.000000,1.000000,0,0,0,0
194,27,59,134,1.000000,1.000000,1.000000,1.000000,0,0,1,0
195,25,59,135,1.000000,1.000000,1.000000,1.000000,0,0,0,0
196,29,60,135,1.000000,1.000000,1.000000,1.000000,0,0,0,0
197,27,60,136,1.000000,1.000000,1.000000,1.000000,0,0,0,0
198,25,60,137,1.000000,1.000000,1.000000,1.000000,0,0,0,0
199,23,60,138,1.000000,1.000000,1.000000,1.000000,0,0,0,0
200,21,60,139,1.000000,1.000000,1.000000,1.000000,0,0,0,0
201,19,60,140,1.000000,1.000000,1.000000,1.000000,0,0,0,0
202,17,60,141,1.000000,1.000000,1.000000,1.000000,0,1,0,0
203,15,60,142,1.000000,1.000000,1.000000,1.000000,1,1,0,0
204,13,60,143,1.000000,1.000000,1.000000,1.000000,0,0,1,0
205,29,61,143,1.000000,1.000000,1.000000,1.000000,0,0,1,1
206,27,61,144,1.000000,1.000000,1.000000,1.000000,0,1,0,0
207,29,62,144,1.000000,1.000000,1.000000,1.000000,0,1,0,0
208,27,62,145,1.000000,1.000000,1.000000,1.000000,0,0,0,0
209,29,63,145,1.000000,1.000000,1.000000,1.000000,0,0,0,0
210,27,63,146,1.000000,1.000000,1.000000,1.000000,0,0,0,0
211,25,63,147,1.000000,1.000000,1.000000,1.000000,0,1,0,0
212,23,63,148,1.000000,1.000000,1.000000,1.000000,0,0,0,0
213,29,64,148,1.000000,1.000000,1.000000,1.000000,0,0,0,0
214,27,64,149,1.000000,1.000000,1.000000,1.000000,0,0,0,0
215,25,64,150,1.000000,1.000000,1.000000,1.000000,0,0,0,0
216,23,64,151,1.000000,1.000000,1.000000,1.000000,0,0,0,0
217,21,64,152,1.000000,1.000000,1.000000,1.000000,0,0,0,0
218,19,64,153,1.000000,1.000000,1.000000,1.000000,0,0,0,0
219,17,64,154,1.000000,1.000000,1.000000,1.000000,0,0,0,0
220,15,64,155,1.000000,1.000000,1.000000,1.000000,0,0,0,0
221,13,64,156,1.000000,1.000000,1.000000,1.000000,0,0,0,1
222,11,64,157,1.000000,1.000000,1.000000,1.000000,0,0,1,1
223,29,65,157,1.000000,1.000000,1.000000,1.000000,0,0,1,1
224,27,65,158,1.000000,1.000000,1.000000,1.000000,0,1,0,0
225,29,66,158,1.000000,1.000000,1.000000,1.000000,0,1,0,0
226,27,66,159,1.000000,1.000000,1.000000,1.000000,0,0,0,0
227,29,67,159,1.000000,1.000000,1.000000,1.000000,0,0,0,0
228,27,67,160,1.000000,1.000000,1.000000,1.000000,0,0,0,0
229,25,67,161,1.000000,1.000000,1.000000,1.000000,0,0,0,0
230,23,67,162,1.000000,1.000000,1.000000,1.000000,0,0,0,1
231,21,67,163,1.000000,1.000000,1.000000,1.000000,0,0,0,0
232,29,68,163,1.000000,1.000000,1.000000,1.000000,0,0,0,0
233,27,68,164,1.000000,1.000000,1.000000,1.000000,0,0,1,0
234,25,68,165,1.000000,1.000000,1.000000,1.000000,0,0,0,1
235,29,69,165,1.000000,1.000000,1.000000,1.000000,0,0,0,1
236,27,69,166,1.000000,1.000000,1.000000,1.000000,0,0,0,0
237,29,70,166,1.000000,1.000000,1.000000,1.000000,0,0,0,0
238,27,70,167,1.000000,1.000000,1.000000,1.000000,0,0,0,0
239,25,70,168,1.000000,1.000000,1.000000,1.000000,0,1,0,0
240,23,70,169,1.000000,1.000000,1.000000,1.000000,0,0,0,0
241,29,71,169,1.000000,1.000000,1.000000,1.000000,0,0,0,0
242,27,71,170,1.000000,1.000000,1.000000,1.000000,0,0,0,0
243,25,71,171,1.000000,1.000000,1.000000,1.000000,0,0,0,1
244,23,71,172,1.000000,1.000000,1.000000,1.000000,0,0,0,1
245,29,72,172,1.000000,1.000000,1.000000,1.000000,0,0,0,1
246,27,72,173,1.000000,1.000000,1.000000,1.000000,1,0,0,0
247,29,73,173,1.000000,1.000000,1.000000,1.000000,1,0,0,0
248,27,73,174,1.000000,1.000000,1.000000,1.000000,1,0,0,0
249,29,74,174,1.000000,1.000000,1.000000,1.000000,1,0,0,0
250,27,74,175,1.000000,1.000000,1.000000,1.000000,1,0,0,1
251,29,75,175,1.000000,1.000000,1.000000,1.000000,1,0,0,1
252,27,75,176,1.000000,1.000000,1.000000,1.000000,0,0,0,0
253,29,76,176,1.000000,1.000000,1.000000,1.000000,0,0,0,0
254,27,76,177,1.000000,1.000000,1.000000,1.000000,0,0,1,0
255,25,76,178,1.000000,1.000000,1.000000,1.000000,0,0,0,0
256,29,77,178,1.000000,1.000000,1.000000,1.000000,0,0,0,0
257,27,77,179,1.000000,1.000000,1.000000,1.000000,0,0,1,0
258,25,77,180,1.000000,1.000000,1.000000,1.000000,0,0,0,0
259,29,78,180,1.000000,1.000000,1.000000,1.000000,0,0,0,0
260,27,78,181,1.000000,1.000000,1.000000,1.000000,0,0,0,0
261,25,78,182,1.000000,1.000000,1.000000,1.000000,0,1,0,0
262,23,78,183,1.000000,1.000000,1.000000,1.000000,0,0,0,0
263,21,78,184,1.000000,1.000000,1.000000,1.000000,0,0,0,0
264,19,78,185,1.000000,1.000000,1.000000,1.000000,0,0,0,0
265,17,78,186,1.000000,1.000000,1.000000,1.000000,0,1,0,0
266,15,78,187,1.000000,1.000000,1.000000,1.000000,0,0,1,0
267,29,79,187,1.000000,1.000000,1.000000,1.000000,0,0,1,0
268,27,79,188,1.000000,1.000000,1.000000,1.000000,0,1,0,0
269,25,79,189,1.000000,1.000000,1.000000,1.000000,0,0,1,1
270,23,79,190,1.000000,1.000000,1.000000,1.000000,0,1,0,0
271,29,80,190,1.000000,1.000000,1.000000,1.000000,0,1,0,0
272,27,80,191,1.000000,1.000000,1.000000,1.000000,0,0,1,0
273,29,81,191,1.000000,1.000000,1.000000,1.000000,0,0,1,0
274,27,81,192,1.000000,1.000000,1.000000,1.000000,0,0,0,0
275,25,81,193,1.000000,1.000000,1.000000,1.000000,0,1,0,1
276,23,81,194,1.000000,1.000000,1.000000,1.000000,0,0,0,0
277,29,82,194,1.000000,1.000000,1.000000,1.000000,0,0,0,0
278,27,82,195,1.000000,1.000000,1.000000,1.000000,0,0,0,1
279,25,82,196,1.000000,1.000000,1.000000,1.000000,0,0,0,1
280,23,82,197,1.000000,1.000000,1.000000,1.000000,1,0,0,0
281,29,83,197,1.000000,1.000000,1.000000,1.000000,1,0,0,0
282,27,83,198,1.000000,1.000000,1.000000,1.000000,0,0,1,0
283,25,83,199,1.000000,1.000000,1.000000,1.000000,0,1,0,1
284,23,83,200,1.000000,1.000000,1.000000,1.000000,0,1,0,0
285,29,84,200,1.000000,1.000000,1.000000,1.000000,0,1,0,0
286,27,84,201,1.000000,1.000000,1.000000,1.000000,0,1,0,0
287,25,84,202,1.000000,1.000000,1.000000,1.000000,0,0,0,1
288,29,85,202,1.000000,1.000000,1.000000,1.000000,0,0,0,1
289,27,85,203,1.000000,1.000000,1.000000,1.000000,0,0,0,0
290,29,86,203,1.000000,1.000000,1.000000,1.000000,0,0,0,0
291,27,86,204,1.000000,1.000000,1.000000,1.000000,0,0,0,0
292,25,86,205,1.000000,1.000000,1.000000,1.000000,0,0,0,1
293,23,86,206,1.000000,1.000000,1.000000,1.000000,0,0,0,0
294,29,87,206,1.000000,1.000000,1.000000,1.000000,0,0,0,0
295,27,87,207,1.000000,1.000000,1.000000,1.000000,0,0,0,0
296,25,87,208,1.000000,1.000000,1.000000,1.000000,1,0,0,0
297,23,87,209,1.000000,1.000000,1.000000,1.000000,1,0,0,0
298,29,88,209,1.000000,1.000000,1.000000,1.000000,1,0,0,0
299,27,88,210,1.000000,1.000000,1.000000,1.000000,1,0,0,0
300,29,89,210,1.000000,1.000000,1.000000,1.000000,1,0,0,0
301,27,89,211,1.000000,1.000000,1.000000,1.000000,0,0,0,1
302,29,90,211,1.000000,1.000000,1.000000,1.000000,0,0,0,1
303,27,90,212,1.000000,1.000000,1.000000,1.000000,1,0,0,0
304,29,91,212,1.000000,1.000000,1.000000,1.000000,1,0,0,0
305,27,91,213,1.000000,1.000000,1.000000,1.000000,0,0,0,0
306,29,92,213,1.000000,1.000000,1.000000,1.000000,0,0,0,0
307,27,92,214,1.000000,1.000000,1.000000,1.000000,0,1,0,0
308,25,92,215,1.000000,1.000000,1.000000,1.000000,1,1,0,0
309,23,92,216,1.000000,1.000000,1.000000,1.000000,0,0,0,1
310,29,93,216,1.000000,1.000000,1.000000,1.000000,0,0,0,1
311,27,93,217,1.000000,1.000000,1.000000,1.000000,1,0,0,0
312,29,94,217,1.000000,1.000000,1.000000,1.000000,1,0,0,0
313,27,94,218,1.000000,1.000000,1.000000,1.000000,0,0,0,0
314,25,94,219,1.000000,1.000000,1.000000,1.000000,0,0,0,0
315,23,94,220,1.000000,1.000000,1.000000,1.000000,0,0,0,0
316,21,94,221,1.000000,1.000000,1.000000,1.000000,1,0,0,0
317,19,94,222,1.000000,1.000000,1.000000,1.000000,0,0,0,0
318,29,95,222,1.000000,1.000000,1.000000,1.000000,0,0,0,0
319,27,95,223,1.000000,1.000000,1.000000,1.000000,0,0,0,0
320,25,95,224,1.000000,1.000000,1.000000,1.000000,0,1,0,0
321,23,95,225,1.000000,1.000000,1.000000,1.000000,0,0,1,0
322,29,96,225,1.000000,1.000000,1.000000,1.000000,0,0,1,0
323,27,96,226,1.000000,1.000000,1.000000,1.000000,0,1,0,0
324,25,96,227,1.000000,1.000000,1.000000,1.000000,0,0,1,1
325,29,97,227,1.000000,1.000000,1.000000,1.000000,0,0,1,1
326,27,97,228,1.000000,1.000000,1.000000,1.000000,0,0,1,0
327,29,98,228,1.000000,1.000000,1.000000,1.000000,0,0,1,0
328,27,98,229,1.000000,1.000000,1.000000,1.000000,1,0,0,0
329,25,98,230,1.000000,1.000000,1.000000,1.000000,0,0,0,0
330,29,99,230,1.000000,1.000000,1.000000,1.000000,0,0,0,0
331,27,99,231,1.000000,1.000000,1.000000,1.000000,0,0,0,0
332,25,99,232,1.000000,1.000000,1.000000,1.000000,0,0,0,0
333,23,99,233,1.000000,1.000000,1.000000,1.000000,0,0,0,0
334,21,99,234,1.000000,1.000000,1.000000,1.000000,0,0,1,0
335,19,99,235,1.000000,1.000000,1.000000,1.000000,0,0,0,0
336,29,100,235,1.000000,1.000000,1.000000,1.000000,0,0,0,0
337,27,100,236,1.000000,1.000000,1.000000,1.000000,0,0,1,0
338,25,100,237,1.000000,1.000000,1.000000,1.000000,0,1,0,1
339,23,100,238,1.000000,1.000000,1.000000,1.000000,0,0,0,1
340,29,101,238,1.000000,1.000000,1.000000,1.000000,0,0,0,1
341,27,101,239,1.000000,1.000000,1.000000,1.000000,0,0,0,1
342,25,101,240,1.000000,1.000000,1.000000,1.000000,0,1,0,0
343,29,102,240,1.000000,1.000000,1.000000,1.000000,0,1,0,0
344,27,102,241,1.000000,1.000000,1.000000,1.000000,0,0,0,0
345,29,103,241,1.000000,1.000000,1.000000,1.000000,0,0,0,0
346,27,103,242,1.000000,1.000000,1.000000,1.000000,0,0,0,0
347,25,103,243,1.000000,1.000000,1.000000,1.000000,0,0,0,0
348,23,103,244,1.000000,1.000000,1.000000,1.000000,0,0,0,0
349,21,103,245,1.000000,1.000000,1.000000,1.000000,0,0,0,1
350,19,103,246,1.000000,1.000000,1.000000,1.000000,0,0,0,0
351,29,104,246,1.000000,1.000000,1.000000,1.000000,0,0,0,0
352,27,104,247,1.000000,1.000000,1.000000,1.000000,0,0,0,0
353,25,104,248,1.000000,1.000000,1.000000,1.000000,0,0,0,0
354,23,104,249,1.000000,1.000000,1.000000,1.000000,0,1,0,0
355,21,104,250,1.000000,1.000000,1.000000,1.000000,0,1,0,0
356,29,105,250,1.000000,1.000000,1.000000,1.000000,0,1,0,0
357,27,105,251,1.000000,1.000000,1.000000,1.000000,0,0,0,0
358,25,105,252,1.000000,1.000000,1.000000,1.000000,0,0,0,1
359,23,105,253,1.000000,1.000000,1.000000,1.000000,1,0,1,0
360,29,106,253,1.000000,1.000000,1.000000,1.000000,1,0,1,0
361,27,106,254,1.000000,1.000000,1.000000,1.000000,0,0,0,0
362,29,107,254,1.000000,1.000000,1.000000,1.000000,0,0,0,0
363,27,107,255,1.000000,1.000000,1.000000,1.000000,0,0,0,0
364,25,107,256,1.000000,1.000000,1.000000,1.000000,0,0,1,1
365,23,107,257,1.000000,1.000000,1.000000,1.000000,0,0,0,1
366,21,107,258,1.000000,1.000000,1.000000,1.000000,0,1,0,0
367,29,108,258,1.000000,1.000000,1.000000,1.000000,0,1,0,0
368,27,108,259,1.000000,1.000000,1.000000,1.000000,0,0,0,0
369,29,109,259,1.000000,1.000000,1.000000,1.000000,0,0,0,0
370,27,109,260,1.000000,1.000000,1.000000,1.000000,1,0,0,0
371,25,109,261,1.000000,1.000000,1.000000,1.000000,0,0,0,0
372,23,109,262,1.000000,1.000000,1.000000,1.000000,0,0,0,0
373,21,109,263,1.000000,1.000000,1.000000,1.000000,0,0,0,0
374,19,109,264,1.000000,1.000000,1.000000,1.000000,0,1,0,0
375,17,109,265,1.000000,1.000000,1.000000,1.000000,0,1,0,0
376,29,110,265,1.000000,1.000000,1.000000,1.000000,0,1,0,0
377,27,110,266,1.000000,1.000000,1.000000,1.000000,1,0,1,0
378,29,111,266,1.000000,1.000000,1.000000,1.000000,1,0,1,0
379,27,111,267,1.000000,1.000000,1.000000,1.000000,1,0,0,0
380,29,112,267,1.000000,1.000000,1.000000,1.000000,1,0,0,0
381,27,112,268,1.000000,1.000000,1.000000,1.000000,0,0,0,0
382,29,113,268,1.000000,1.000000,1.000000,1.000000,0,0,0,0
383,27,113,269,1.000000,1.000000,1.000000,1.000000,0,0,0,0
384,25,113,270,1.000000,1.000000,1.000000,1.000000,0,0,0,0
385,23,113,271,1.000000,1.000000,1.000000,1.000000,0,0,0,0
386,21,113,272,1.000000,1.000000,1.000000,1.000000,0,0,0,0
387,19,113,273,1.000000,1.000000,1.000000,1.000000,0,1,0,0
388,17,113,274,1.000000,1.000000,1.000000,1.000000,0,1,0,0
389,29,114,274,1.000000,1.000000,1.000000,1.000000,0,1,0,0
390,27,114,275,1.000000,1.000000,1.000000,1.000000,0,0,0,0
391,29,115,275,1.000000,1.000000,1.000000,1.000000,0,0,0,0
392,27,115,276,1.000000,1.000000,1.000000,1.000000,0,0,0,0
393,25,115,277,1.000000,1.000000,1.000000,1.000000,1,0,0,0
394,23,115,278,1.000000,1.000000,1.000000,1.000000,0,1,0,0
395,29,116,278,1.000000,1.000000,1.000000,1.000000,0,1,0,0
396,27,116,279,1.000000,1.000000,1.000000,1.000000,0,1,0,0
397,29,117,279,1.000000,1.000000,1.000000,1.000000,0,1,0,0
398,27,117,280,1.000000,1.000000,1.000000,1.000000,0,0,0,0
399,29,118,280,1.000000,1.000000,1.000000,1.000000,0,0,0,0
400,27,118,281,1.000000,1.000000,1.000000,1.000000,0,0,0,0
401,25,118,282,1.000000,1.000000,1.000000,1.000000,0,0,0,0
402,23,118,283,1.000000,1.000000,1.000000,1.000000,0,0,0,0
403,21,118,284,1.000000,1.000000,1.000000,1.000000,0,0,0,0
404,29,119,284,1.000000,1.000000,1.000000,1.000000,0,0,0,0
405,27,119,285,1.000000,1.000000,1.000000,1.000000,0,0,0,0
406,29,120,285,1.000000,1.000000,1.000000,1.000000,0,0,0,0
407,27,120,286,1.000000,1.000000,1.000000,1.000000,0,0,1,0
408,25,120,287,1.000000,1.000000,1.000000,1.000000,0,0,0,0
409,29,121,287,1.000000,1.000000,1.000000,1.000000,0,0,0,0
410,27,121,288,1.000000,1.000000,1.000000,1.000000,0,0,0,0
411,25,121,289,1.000000,1.000000,1.000000,1.000000,0,0,0,0
412,23,121,290,1.000000,1.000000,1.000000,1.000000,0,0,0,0
413,21,121,291,1.000000,1.000000,1.000000,1.000000,0,0,0,0
414,19,121,292,1.000000,1.000000,1.000000,1.000000,0,0,0,0
415,17,121,293,1.000000,1.000000,1.000000,1.000000,0,0,1,0
416,15,121,294,1.000000,1.000000,1.000000,1.000000,0,0,1,0
417,29,122,294,1.000000,1.000000,1.000000,1.000000,0,0,1,0
418,27,122,295,1.000000,1.000000,1.000000,1.000000,0,0,0,0
419,29,123,295,1.000000,1.000000,1.000000,1.000000,0,0,0,0
420,27,123,296,1.000000,1.000000,1.000000,1.000000,0,0,0,0
421,25,123,297,1.000000,1.000000,1.000000,1.000000,0,0,0,0
422,23,123,298,1.000000,1.000000,1.000000,1.000000,0,0,0,1
423,21,123,299,1.000000,1.000000,1.000000,1.000000,1,0,0,0
424,29,124,299,1.000000,1.000000,1.000000,1.000000,1,0,0,0
425,27,124,300,1.000000,1.000000,1.000000,1.000000,1,0,0,1
426,29,125,300,1.000000,1.000000,1.000000,1.000000,1,0,0,1
427,27,125,301,1.000000,1.000000,1.000000,1.000000,0,0,0,0
428,29,126,301,1.000000,1.000000,1.000000,1.000000,0,0,0,0
429,27,126,302,1.000000,1.000000,1.000000,1.000000,1,0,0,0
430,25,126,303,1.000000,1.000000,1.000000,1.000000,1,0,0,1
431,23,126,304,1.000000,1.000000,1.000000,1.000000,0,1,0,0
432,29,127,304,1.000000,1.000000,1.000000,1.000000,0,1,0,0
433,27,127,305,1.000000,1.000000,1.000000,1.000000,0,0,0,0
434,29,128,305,1.000000,1.000000,1.000000,1.000000,0,0,0,0
435,27,128,306,1.000000,1.000000,1.000000,1.000000,0,0,0,0
436,25,128,307,1.000000,1.000000,1.000000,1.000000,0,0,0,1
437,23,128,308,1.000000,1.000000,1.000000,1.000000,0,0,0,0
438,21,128,309,1.000000,1.000000,1.000000,1.000000,1,0,1,0
439,19,128,310,1.000000,1.000000,1.000000,1.000000,0,0,0,0
440,29,129,310,1.000000,1.000000,1.000000,1.000000,0,0,0,0
441,27,129,311,1.000000,1.000000,1.000000,1.000000,0,1,1,1
442,25,129,312,1.000000,1.000000,1.000000,1.000000,0,0,0,0
443,29,130,312,1.000000,1.000000,1.000000,1.000000,0,0,0,0
444,27,130,313,1.000000,1.000000,1.000000,1.000000,0,0,0,0
445,25,130,314,1.000000,1.000000,1.000000,1.000000,0,0,0,0
446,23,130,315,1.000000,1.000000,1.000000,1.000000,0,0,0,1
447,21,130,316,1.000000,1.000000,1.000000,1.000000,0,0,0,0
448,19,130,317,1.000000,1.000000,1.000000,1.000000,0,1,0,0
449,17,130,318,1.000000,1.000000,1.000000,1.000000,1,1,0,0
450,29,131,318,1.000000,1.000000,1.000000,1.000000,1,1,0,0
451,27,131,319,1.000000,1.000000,1.000000,1.000000,0,1,0,0
452,29,132,319,1.000000,1.000000,1.000000,1.000000,0,1,0,0
453,27,132,320,1.000000,1.000000,1.000000,1.000000,1,0,1,0
454,29,133,320,1.000000,1.000000,1.000000,1.000000,1,0,1,0
455,27,133,321,1.000000,1.000000,1.000000,1.000000,0,0,0,0
456,29,134,321,1.000000,1.000000,1.000000,1.000000,0,0,0,0
457,27,134,322,1.000000,1.000000,1.000000,1.000000,0,0,1,0
458,25,134,323,1.000000,1.000000,1.000000,1.000000,0,0,0,0
459,29,135,323,1.000000,1.000000,1.000000,1.000000,0,0,0,0
460,27,135,324,1.000000,1.000000,1.000000,1.000000,0,0,0,0
461,25,135,325,1.000000,1.000000,1.000000,1.000000,0,0,0,0
462,23,135,326,1.000000,1.000000,1.000000,1.000000,0,0,0,0
463,21,135,327,1.000000,1.000000,1.000000,1.000000,0,0,0,0
464,19,135,328,1.000000,1.000000,1.000000,1.000000,1,0,0,0
465,17,135,329,1.000000,1.000000,1.000000,1.000000,0,0,0,0
466,29,136,329,1.000000,1.000000,1.000000,1.000000,0,0,0,0
467,27,136,330,1.000000,1.000000,1.000000,1.000000,1,0,0,0
468,25,136,331,1.000000,1.000000,1.000000,1.000000,1,0,0,0
469,29,137,331,1.000000,1.000000,1.000000,1.000000,1,0,0,0
470,27,137,332,1.000000,1.000000,1.000000,1.000000,0,0,1,0
471,25,137,333,1.000000,1.000000,1.000000,1.000000,0,0,1,0
472,29,138,333,1.000000,1.000000,1.000000,1.000000,0,0,1,0
473,27,138,334,1.000000,1.000000,1.000000,1.000000,0,0,1,1
474,25,138,335,1.000000,1.000000,1.000000,1.000000,0,1,1,0
475,29,139,335,1.000000,1.000000,1.000000,1.000000,0,1,1,0
476,27,139,336,1.000000,1.000000,1.000000,1.000000,0,0,1,0
477,29,140,336,1.000000,1.000000,1.000000,1.000000,0,0,1,0
478,27,140,337,1.000000,1.000000,1.000000,1.000000,0,0,0,1
479,25,140,338,1.000000,1.000000,1.000000,1.000000,0,1,0,0
480,29,141,338,1.000000,1.000000,1.000000,1.000000,0,1,0,0
481,27,141,339,1.000000,1.000000,1.000000,1.000000,0,0,0,0
482,29,142,339,1.000000,1.000000,1.000000,1.000000,0,0,0,0
483,27,142,340,1.000000,1.000000,1.000000,1.000000,0,0,0,0
484,25,142,341,1.000000,1.000000,1.000000,1.000000,0,0,0,0
485,23,142,342,1.000000,1.000000,1.000000,1.000000,0,0,0,0
486,21,142,343,1.000000,1.000000,1.000000,1.000000,0,0,0,0
487,19,142,344,1.000000,1.000000,1.000000,1.000000,0,1,0,0
488,17,142,345,1.000000,1.000000,1.000000,1.000000,0,0,0,0
489,29,143,345,1.000000,1.000000,1.000000,1.000000,0,0,0,0
490,27,143,346,1.000000,1.000000,1.000000,1.000000,0,1,0,0
491,25,143,347,1.000000,1.000000,1.000000,1.000000,0,0,1,0
492,29,144,347,1.000000,1.000000,1.000000,1.000000,0,0,1,0
493,27,144,348,1.000000,1.000000,1.000000,1.000000,0,0,0,0
494,29,145,348,1.000000,1.000000,1.000000,1.000000,0,0,0,0
495,27,145,349,1.000000,1.000000,1.000000,1.000000,0,0,0,0
496,25,145,350,1.000000,1.000000,1.000000,1.000000,0,0,1,0
497,23,145,351,1.000000,1.000000,1.000000,1.000000,0,0,0,1
498,29,146,351,1.000000,1.000000,1.000000,1.000000,0,0,0,1
499,27,146,352,1.000000,1.000000,1.000000,1.000000,0,0,0,0
500,29,147,352,1.000000,1.000000,1.000000,1.000000,0,0,0,0
501,27,147,353,1.000000,1.000000,1.000000,1.000000,0,0,0,0
502,25,147,354,1.000000,1.000000,1.000000,1.000000,0,0,0,0
503,23,147,355,1.000000,1.000000,1.000000,1.000000,0,0,0,0
504,21,147,356,1.000000,1.000000,1.000000,1.000000,0,0,0,0
505,19,147,357,1.000000,1.000000,1.000000,1.000000,0,0,0,0
506,17,147,358,1.000000,1.000000,1.000000,1.000000,0,0,0,0
507,15,147,359,1.000000,1.000000,1.000000,1.000000,0,0,0,0
508,13,147,360,1.000000,1.000000,1.000000,1.000000,0,0,0,0
509,11,147,361,1.000000,1.000000,1.000000,1.000000,0,0,0,0
510,9,147,362,1.000000,1.000000,1.000000,1.000000,0,0,0,0
511,7,147,363,1.000000,1.000000,1.000000,1.000000,0,0,1,0
512,5,147,364,1.000000,1.000000,1.000000,1.000000,0,0,0,0
513,29,148,364,1.000000,1.000000,1.000000,1.000000,0,0,0,0
514,27,148,365,1.000000,1.000000,1.000000,1.000000,1,0,0,0
515,25,148,366,1.000000,1.000000,1.000000,1.000000,0,1,0,0
516,29,149,366,1.000000,1.000000,1.000000,1.000000,0,1,0,0
517,27,149,367,1.000000,1.000000,1.000000,1.000000,0,0,0,0
518,29,150,367,1.000000,1.000000,1.000000,1.000000,0,0,0,0
519,27,150,368,1.000000,1.000000,1.000000,1.000000,0,0,0,0
520,25,150,369,1.000000,1.000000,1.000000,1.000000,1,0,0,0
521,23,150,370,1.000000,1.000000,1.000000,1.000000,1,0,0,0
522,29,151,370,1.000000,1.000000,1.000000,1.000000,1,0,0,0
523,27,151,371,1.000000,1.000000,1.000000,1.000000,0,0,0,0
524,29,152,371,1.000000,1.000000,1.000000,1.000000,0,0,0,0
525,27,152,372,1.000000,1.000000,1.000000,1.000000,0,0,0,0
526,25,152,373,1.000000,1.000000,1.000000,1.000000,0,0,0,0
527,23,152,374,1.000000,1.000000,1.000000,1.000000,1,0,0,0
528,21,152,375,1.000000,1.000000,1.000000,1.000000,0,0,0,0
529,29,153,375,1.000000,1.000000,1.000000,1.000000,0,0,0,0
530,27,153,376,1.000000,1.000000,1.000000,1.000000,0,0,0,0
531,25,153,377,1.000000,1.000000,1.000000,1.000000,0,0,0,0
532,23,153,378,1.000000,1.000000,1.000000,1.000000,0,0,0,1
533,21,153,379,1.000000,1.000000,1.000000,1.000000,1,0,0,1
534,29,154,379,1.000000,1.000000,1.000000,1.000000,1,0,0,1
535,27,154,380,1.000000,1.000000,1.000000,1.000000,1,0,0,1
536,29,155,380,1.000000,1.000000,1.000000,1.000000,1,0,0,1
537,27,155,381,1.000000,1.000000,1.000000,1.000000,0,0,1,0
538,29,156,381,1.000000,1.000000,1.000000,1.000000,0,0,1,0
539,27,156,382,1.000000,1.000000,1.000000,1.000000,0,0,0,0
540,29,157,382,1.000000,1.000000,1.000000,1.000000,0,0,0,0
541,27,157,383,1.000000,1.000000,1.000000,1.000000,0,0,0,0
542,25,157,384,1.000000,1.000000,1.000000,1.000000,0,0,0,0
543,23,157,385,1.000000,1.000000,1.000000,1.000000,0,0,0,0
544,21,157,386,1.000000,1.000000,1.000000,1.000000,0,0,1,0
545,19,157,387,1.000000,1.000000,1.000000,1.000000,0,0,0,0
546,17,157,388,1.000000,1.000000,1.000000,1.000000,0,1,0,1
547,15,157,389,1.000000,1.000000,1.000000,1.000000,0,0,1,0
548,29,158,389,1.000000,1.000000,1.000000,1.000000,0,0,1,0
549,27,158,390,1.000000,1.000000,1.000000,1.000000,0,0,0,0
550,29,159,390,1.000000,1.000000,1.000000,1.000000,0,0,0,0
551,27,159,391,1.000000,1.000000,1.000000,1.000000,0,0,0,0
552,25,159,392,1.000000,1.000000,1.000000,1.000000,0,0,1,0
553,23,159,393,1.000000,1.000000,1.000000,1.000000,0,0,0,1
554,29,160,393,1.000000,1.000000,1.000000,1.000000,0,0,0,1
555,27,160,394,1.000000,1.000000,1.000000,1.000000,0,0,0,0
556,29,161,394,1.000000,1.000000,1.000000,1.000000,0,0,0,0
557,27,161,395,1.000000,1.000000,1.000000,1.000000,0,0,0,0
558,25,161,396,1.000000,1.000000,1.000000,1.000000,0,0,0,0
559,23,161,397,1.000000,1.000000,1.000000,1.000000,0,0,0,0
560,21,161,398,1.000000,1.000000,1.000000,1.000000,1,0,0,0
561,19,161,399,1.000000,1.000000,1.000000,1.000000,0,0,0,0
562,29,162,399,1.000000,1.000000,1.000000,1.000000,0,0,0,0
563,27,162,400,1.000000,1.000000,1.000000,1.000000,0,1,0,0
564,25,162,401,1.000000,1.000000,1.000000,1.000000,0,0,1,0
565,23,162,402,1.000000,1.000000,1.000000,1.000000,1,0,0,0
566,29,163,402,1.000000,1.000000,1.000000,1.000000,1,0,0,0
567,27,163,403,1.000000,1.000000,1.000000,1.000000,0,0,0,0
568,29,164,403,1.000000,1.000000,1.000000,1.000000,0,0,0,0
569,27,164,404,1.000000,1.000000,1.000000,1.000000,0,0,0,0
570,25,164,405,1.000000,1.000000,1.000000,1.000000,0,0,0,0
571,23,164,406,1.000000,1.000000,1.000000,1.000000,0,0,0,0
572,21,164,407,1.000000,1.000000,1.000000,1.000000,0,0,0,0
573,19,164,408,1.000000,1.000000,1.000000,1.000000,0,0,0,0
574,17,164,409,1.000000,1.000000,1.000000,1.000000,0,0,0,0
575,15,164,410,1.000000,1.000000,1.000000,1.000000,0,0,0,0
576,13,164,411,1.000000,1.000000,1.000000,1.000000,0,1,0,0
577,11,164,412,1.000000,1.000000,1.000000,1.000000,0,0,0,0
578,29,165,412,1.000000,1.000000,1.000000,1.000000,0,0,0,0
579,27,165,413,1.000000,1.000000,1.000000,1.000000,0,0,0,0
580,25,165,414,1.000000,1.000000,1.000000,1.000000,0,0,0,0
581,23,165,415,1.000000,1.000000,1.000000,1.000000,0,1,0,0
582,21,165,416,1.000000,1.000000,1.000000,1.000000,0,0,0,0
583,29,166,416,1.000000,1.000000,1.000000,1.000000,0,0,0,0
584,27,166,417,1.000000,1.000000,1.000000,1.000000,0,1,0,0
585,25,166,418,1.000000,1.000000,1.000000,1.000000,0,0,0,0
586,29,167,418,1.000000,1.000000,1.000000,1.000000,0,0,0,0
587,27,167,419,1.000000,1.000000,1.000000,1.000000,0,1,0,0
588,25,167,420,1.000000,1.000000,1.000000,1.000000,1,0,0,0
589,29,168,420,1.000000,1.000000,1.000000,1.000000,1,0,0,0
590,27,168,421,1.000000,1.000000,1.000000,1.000000,1,0,0,0
591,25,168,422,1.000000,1.000000,1.000000,1.000000,0,0,1,0
592,29,169,422,1.000000,1.000000,1.000000,1.000000,0,0,1,0
593,27,169,423,1.000000,1.000000,1.000000,1.000000,0,0,0,0
594,29,170,423,1.000000,1.000000,1.000000,1.000000,0,0,0,0
595,27,170,424,1.000000,1.000000,1.000000,1.000000,0,0,0,0
596,25,170,425,1.000000,1.000000,1.000000,1.000000,0,0,0,0
597,23,170,426,1.000000,1.000000,1.000000,1.000000,0,0,0,0
598,21,170,427,1.000000,1.000000,1.000000,1.000000,0,0,0,0
599,19,170,428,1.000000,1.000000,1.000000,1.000000,0,0,0,0
600,17,170,429,1.000000,1.000000,1.000000,1.000000,0,1,0,0
601,15,170,430,1.000000,1.000000,1.000000,1.000000,0,0,0,0
602,13,170,431,1.000000,1.000000,1.000000,1.000000,0,0,0,0
603,11,170,432,1.000000,1.000000,1.000000,1.000000,0,0,1,0
604,9,170,433,1.000000,1.000000,1.000000,1.000000,0,0,0,1
605,7,170,434,1.000000,1.000000,1.000000,1.000000,0,0,0,0
606,29,171,434,1.000000,1.000000,1.000000,1.000000,0,0,0,0
607,27,171,435,1.000000,1.000000,1.000000,1.000000,0,0,0,0
608,25,171,436,1.000000,1.000000,1.000000,1.000000,1,0,0,0
609,23,171,437,1.000000,1.000000,1.000000,1.000000,1,0,0,0
610,29,172,437,1.000000,1.000000,1.000000,1.000000,1,0,0,0
611,27,172,438,1.000000,1.000000,1.000000,1.000000,0,0,0,0
612,29,173,438,1.000000,1.000000,1.000000,1.000000,0,0,0,0
613,27,173,439,1.000000,1.000000,1.000000,1.000000,0,0,0,0
614,25,173,440,1.000000,1.000000,1.000000,1.000000,1,0,0,0
615,23,173,441,1.000000,1.000000,1.000000,1.000000,1,0,0,1
616,29,174,441,1.000000,1.000000,1.000000,1.000000,1,0,0,1
617,27,174,442,1.000000,1.000000,1.000000,1.000000,0,0,0,0
618,29,175,442,1.000000,1.000000,1.000000,1.000000,0,0,0,0
619,27,175,443,1.000000,1.000000,1.000000,1.000000,1,0,0,0
620,25,175,444,1.000000,1.000000,1.000000,1.000000,0,0,0,0
621,29,176,444,1.000000,1.000000,1.000000,1.000000,0,0,0,0
622,27,176,445,1.000000,1.000000,1.000000,1.000000,0,0,0,0
623,25,176,446,1.000000,1.000000,1.000000,1.000000,0,0,0,0
624,23,176,447,1.000000,1.000000,1.000000,1.000000,0,1,0,0
625,21,176,448,1.000000,1.000000,1.000000,1.000000,0,1,0,0
626,29,177,448,1.000000,1.000000,1.000000,1.000000,0,1,0,0
627,27,177,449,1.000000,1.000000,1.000000,1.000000,0,0,0,0
628,29,178,449,1.000000,1.000000,1.000000,1.000000,0,0,0,0
629,27,178,450,1.000000,1.000000,1.000000,1.000000,0,0,0,0
630,25,178,451,1.000000,1.000000,1.000000,1.000000,0,0,0,1
631,23,178,452,1.000000,1.000000,1.000000,1.000000,0,0,1,0
632,21,178,453,1.000000,1.000000,1.000000,1.000000,1,0,1,0
633,29,179,453,1.000000,1.000000,1.000000,1.000000,1,0,1,0
634,27,179,454,1.000000,1.000000,1.000000,1.000000,0,0,0,0
635,29,180,454,1.000000,1.000000,1.000000,1.000000,0,0,0,0
636,27,180,455,1.000000,1.000000,1.000000,1.000000,0,0,0,0
637,25,180,456,1.000000,1.000000,1.000000,1.000000,0,0,0,0
638,23,180,457,1.000000,1.000000,1.000000,1.000000,0,0,0,0
639,21,180,458,1.000000,1.000000,1.000000,1.000000,0,0,0,0
640,19,180,459,1.000000,1.000000,1.000000,1.000000,0,0,0,0
641,17,180,460,1.000000,1.000000,1.000000,1.000000,1,0,0,0
642,15,180,461,1.000000,1.000000,1.000000,1.000000,0,1,0,0
643,29,181,461,1.000000,1.000000,1.000000,1.000000,0,1,0,0
644,27,181,462,1.000000,1.000000,1.000000,1.000000,0,0,0,0
645,29,182,462,1.000000,1.000000,1.000000,1.000000,0,0,0,0
646,27,182,463,1.000000,1.000000,1.000000,1.000000,1,0,0,0
647,25,182,464,1.000000,1.000000,1.000000,1.000000,0,0,0,0
648,29,183,464,1.000000,1.000000,1.000000,1.000000,0,0,0,0
649,27,183,465,1.000000,1.000000,1.000000,1.000000,1,0,0,0
650,25,183,466,1.000000,1.000000,1.000000,1.000000,1,0,0,0
651,29,184,466,1.000000,1.000000,1.000000,1.000000,1,0,0,0
652,27,184,467,1.000000,1.000000,1.000000,1.000000,1,1,0,0
653,25,184,468,1.000000,1.000000,1.000000,1.000000,0,0,1,0
654,29,185,468,1.000000,1.000000,1.000000,1.000000,0,0,1,0
655,27,185,469,1.000000,1.000000,1.000000,1.000000,0,1,0,0
656,29,186,469,1.000000,1.000000,1.000000,1.000000,0,1,0,0
657,27,186,470,1.000000,1.000000,1.000000,1.000000,0,0,0,0
658,29,187,470,1.000000,1.000000,1.000000,1.000000,0,0,0,0
659,27,187,471,1.000000,1.000000,1.000000,1.000000,0,0,0,0
660,25,187,472,1.000000,1.000000,1.000000,1.000000,0,0,0,0
661,23,187,473,1.000000,1.000000,1.000000,1.000000,0,1,0,0
662,21,187,474,1.000000,1.000000,1.000000,1.000000,0,1,0,0
663,29,188,474,1.000000,1.000000,1.000000,1.000000,0,1,0,0
664,27,188,475,1.000000,1.000000,1.000000,1.000000,0,1,1,0
665,29,189,475,1.000000,1.000000,1.000000,1.000000,0,1,1,0
666,27,189,476,1.000000,1.000000,1.000000,1.000000,0,0,1,0
667,29,190,476,1.000000,1.000000,1.000000,1.000000,0,0,1,0
668,27,190,477,1.000000,1.000000,1.000000,1.000000,0,0,0,1
669,29,191,477,1.000000,1.000000,1.000000,1.000000,0,0,0,1
670,27,191,478,1.000000,1.000000,1.000000,1.000000,0,0,0,0
671,29,192,478,1.000000,1.000000,1.000000,1.000000,0,0,0,0
672,27,192,479,1.000000,1.000000,1.000000,1.000000,0,0,0,0
673,25,192,480,1.000000,1.000000,1.000000,1.000000,0,0,0,0
674,23,192,481,1.000000,1.000000,1.000000,1.000000,0,0,0,0
675,21,192,482,1.000000,1.000000,1.000000,1.000000,0,0,0,0
676,19,192,483,1.000000,1.000000,1.000000,1.000000,0,0,0,0
677,17,192,484,1.000000,1.000000,1.000000,1.000000,0,0,0,0
678,15,192,485,1.000000,1.000000,1.000000,1.000000,0,0,0,0
679,13,192,486,1.000000,1.000000,1.000000,1.000000,0,0,0,1
680,11,192,487,1.000000,1.000000,1.000000,1.000000,1,0,0,0
681,9,192,488,1.000000,1.000000,1.000000,1.000000,0,0,0,0
682,29,193,488,1.000000,1.000000,1.000000,1.000000,0,0,0,0
683,27,193,489,1.000000,1.000000,1.000000,1.000000,0,0,1,0
684,25,193,490,1.000000,1.000000,1.000000,1.000000,0,0,1,1
685,29,194,490,1.000000,1.000000,1.000000,1.000000,0,0,1,1
686,27,194,491,1.000000,1.000000,1.000000,1.000000,0,0,0,1
687,29,195,491,1.000000,1.000000,1.000000,1.000000,0,0,0,1
688,27,195,492,1.000000,1.000000,1.000000,1.000000,1,0,0,0
689,29,196,492,1.000000,1.000000,1.000000,1.000000,1,0,0,0
690,27,196,493,1.000000,1.000000,1.000000,1.000000,0,0,0,1
691,29,197,493,1.000000,1.000000,1.000000,1.000000,0,0,0,1
692,27,197,494,1.000000,1.000000,1.000000,1.000000,0,0,0,0
693,29,198,494,1.000000,1.000000,1.000000,1.000000,0,0,0,0
694,27,198,495,1.000000,1.000000,1.000000,1.000000,0,0,0,0
695,25,198,496,1.000000,1.000000,1.000000,1.000000,0,0,0,0
696,23,198,497,1.000000,1.000000,1.000000,1.000000,0,0,0,1
697,21,198,498,1.000000,1.000000,1.000000,1.000000,0,0,0,1
698,29,199,498,1.000000,1.000000,1.000000,1.000000,0,0,0,1
699,27,199,499,1.000000,1.000000,1.000000,1.000000,1,0,1,0
700,29,200,499,1.000000,1.000000,1.000000,1.000000,1,0,1,0
701,27,200,500,1.000000,1.000000,1.000000,1.000000,0,0,0,0
702,29,201,500,1.000000,1.000000,1.000000,1.000000,0,0,0,0
703,27,201,501,1.000000,1.000000,1.000000,1.000000,0,0,1,0
704,25,201,502,1.000000,1.000000,1.000000,1.000000,0,0,0,0
705,23,201,503,1.000000,1.000000,1.000000,1.000000,0,0,1,0
706,21,201,504,1.000000,1.000000,1.000000,1.000000,0,0,0,0
707,29,202,504,1.000000,1.000000,1.000000,1.000000,0,0,0,0
708,27,202,505,1.000000,1.000000,1.000000,1.000000,0,0,0,0
709,25,202,506,1.000000,1.000000,1.000000,1.000000,0,0,0,0
710,23,202,507,1.000000,1.000000,1.000000,1.000000,0,0,0,0
711,21,202,508,1.000000,1.000000,1.000000,1.000000,0,0,0,0
712,19,202,509,1.000000,1.000000,1.000000,1.000000,0,0,0,0
713,17,202,510,1.000000,1.000000,1.000000,1.000000,0,0,0,0
714,15,202,511,1.000000,1.000000,1.000000,1.000000,0,0,1,0
715,13,202,512,1.000000,1.000000,1.000000,1.000000,0,0,0,0
716,29,203,512,1.000000,1.000000,1.000000,1.000000,0,0,0,0
717,27,203,513,1.000000,1.000000,1.000000,1.000000,0,0,0,0
718,25,203,514,1.000000,1.000000,1.000000,1.000000,0,0,1,0
719,23,203,515,1.000000,1.000000,1.000000,1.000000,0,0,0,0
720,29,204,515,1.000000,1.000000,1.000000,1.000000,0,0,0,0
721,27,204,516,1.000000,1.000000,1.000000,1.000000,0,0,0,0
722,25,204,517,1.000000,1.000000,1.000000,1.000000,0,0,0,0
723,23,204,518,1.000000,1.000000,1.000000,1.000000,0,0,0,0
724,21,204,519,1.000000,1.000000,1.000000,1.000000,0,0,0,0
725,19,204,520,1.000000,1.000000,1.000000,1.000000,0,0,0,0
726,17,204,521,1.000000,1.000000,1.000000,1.000000,0,0,1,0
727,15,204,522,1.000000,1.000000,1.000000,1.000000,0,0,0,0
728,29,205,522,1.000000,1.000000,1.000000,1.000000,0,0,0,0
729,27,205,523,1.000000,1.000000,1.000000,1.000000,0,0,0,0
730,25,205,524,1.000000,1.000000,1.000000,1.000000,0,0,0,0
731,23,205,525,1.000000,1.000000,1.000000,1.000000,0,0,0,0
732,21,205,526,1.000000,1.000000,1.000000,1.000000,0,0,0,0
733,19,205,527,1.000000,1.000000,1.000000,1.000000,0,0,0,0
734,17,205,528,1.000000,1.000000,1.000000,1.000000,0,0,1,0
735,15,205,529,1.000000,1.000000,1.000000,1.000000,0,0,0,0
736,29,206,529,1.000000,1.000000,1.000000,1.000000,0,0,0,0
737,27,206,530,1.000000,1.000000,1.000000,1.000000,0,0,1,0
738,25,206,531,1.000000,1.000000,1.000000,1.000000,0,0,1,0
739,29,207,531,1.000000,1.000000,1.000000,1.000000,0,0,1,0
740,27,207,532,1.000000,1.000000,1.000000,1.000000,0,1,0,0
741,29,208,532,1.000000,1.000000,1.000000,1.000000,0,1,0,0
742,27,208,533,1.000000,1.000000,1.000000,1.000000,0,1,0,0
743,29,209,533,1.000000,1.000000,1.000000,1.000000,0,1,0,0
744,27,209,534,1.000000,1.000000,1.000000,1.000000,0,0,0,0
745,29,210,534,1.000000,1.000000,1.000000,1.000000,0,0,0,0
746,27,210,535,1.000000,1.000000,1.000000,1.000000,0,0,0,0
747,25,210,536,1.000000,1.000000,1.000000,1.000000,0,0,0,0
748,23,210,537,1.000000,1.000000,1.000000,1.000000,0,0,0,0
749,21,210,538,1.000000,1.000000,1.000000,1.000000,0,0,1,0
750,19,210,539,1.000000,1.000000,1.000000,1.000000,0,1,1,0
751,29,211,539,1.000000,1.000000,1.000000,1.000000,0,1,1,0
752,27,211,540,1.000000,1.000000,1.000000,1.000000,0,0,0,0
753,29,212,540,1.000000,1.000000,1.000000,1.000000,0,0,0,0
754,27,212,541,1.000000,1.000000,1.000000,1.000000,1,0,0,0
755,25,212,542,1.000000,1.000000,1.000000,1.000000,0,0,0,0
756,29,213,542,1.000000,1.000000,1.000000,1.000000,0,0,0,0
757,27,213,543,1.000000,1.000000,1.000000,1.000000,0,0,0,0
758,25,213,544,1.000000,1.000000,1.000000,1.000000,1,0,0,0
759,23,213,545,1.000000,1.000000,1.000000,1.000000,0,0,0,0
760,29,214,545,1.000000,1.000000,1.000000,1.000000,0,0,0,0
761,27,214,546,1.000000,1.000000,1.000000,1.000000,0,0,0,0
762,25,214,547,1.000000,1.000000,1.000000,1.000000,1,0,0,0
763,23,214,548,1.000000,1.000000,1.000000,1.000000,0,0,0,0
764,29,215,548,1.000000,1.000000,1.000000,1.000000,0,0,0,0
765,27,215,549,1.000000,1.000000,1.000000,1.000000,0,0,0,0
766,25,215,550,1.000000,1.000000,1.000000,1.000000,0,0,0,0
767,23,215,551,1.000000,1.000000,1.000000,1.000000,0,0,0,0
768,21,215,552,1.000000,1.000000,1.000000,1.000000,0,0,0,0
769,19,215,553,1.000000,1.000000,1.000000,1.000000,0,0,0,0
770,17,215,554,1.000000,1.000000,1.000000,1.000000,0,0,0,0
771,15,215,555,1.000000,1.000000,1.000000,1.000000,1,0,0,0
772,13,215,556,1.000000,1.000000,1.000000,1.000000,0,0,0,1
773,29,216,556,1.000000,1.000000,1.000000,1.000000,0,0,0,1
774,27,216,557,1.000000,1.000000,1.000000,1.000000,0,0,0,0
775,29,217,557,1.000000,1.000000,1.000000,1.000000,0,0,0,0
776,27,217,558,1.000000,1.000000,1.000000,1.000000,0,0,1,0
777,25,217,559,1.000000,1.000000,1.000000,1.000000,0,0,0,1
778,23,217,560,1.000000,1.000000,1.000000,1.000000,0,1,0,0
779,29,218,560,1.000000,1.000000,1.000000,1.000000,0,1,0,0
780,27,218,561,1.000000,1.000000,1.000000,1.000000,0,0,0,0
781,29,219,561,1.000000,1.000000,1.000000,1.000000,0,0,0,0
782,27,219,562,1.000000,1.000000,1.000000,1.000000,0,0,0,0
783,25,219,563,1.000000,1.000000,1.000000,1.000000,0,0,0,0
784,23,219,564,1.000000,1.000000,1.000000,1.000000,0,0,0,0
785,21,219,565,1.000000,1.000000,1.000000,1.000000,0,0,0,0
786,19,219,566,1.000000,1.000000,1.000000,1.000000,0,0,0,0
787,17,219,567,1.000000,1.000000,1.000000,1.000000,0,0,0,1
788,15,219,568,1.000000,1.000000,1.000000,1.000000,0,0,0,0
789,29,220,568,1.000000,1.000000,1.000000,1.000000,0,0,0,0
790,27,220,569,1.000000,1.000000,1.000000,1.000000,0,0,0,0
791,25,220,570,1.000000,1.000000,1.000000,1.000000,1,0,0,0
792,23,220,571,1.000000,1.000000,1.000000,1.000000,0,0,0,0
793,29,221,571,1.000000,1.000000,1.000000,1.000000,0,0,0,0
794,27,221,572,1.000000,1.000000,1.000000,1.000000,0,0,0,0
795,25,221,573,1.000000,1.000000,1.000000,1.000000,0,0,0,0
796,23,221,574,1.000000,1.000000,1.000000,1.000000,0,0,0,1
797,21,221,575,1.000000,1.000000,1.000000,1.000000,0,0,0,0
798,29,222,575,1.000000,1.000000,1.000000,1.000000,0,0,0,0
799,27,222,576,1.000000,1.000000,1.000000,1.000000,0,0,0,1
800,25,222,577,1.000000,1.000000,1.000000,1.000000,0,0,0,1
801,29,223,577,1.000000,1.000000,1.000000,1.000000,0,0,0,1
802,27,223,578,1.000000,1.000000,1.000000,1.000000,0,0,0,1
803,25,223,579,1.000000,1.000000,1.000000,1.000000,0,1,1,0
804,29,224,579,1.000000,1.000000,1.000000,1.000000,0,1,1,0
805,27,224,580,1.000000,1.000000,1.000000,1.000000,0,0,0,0
806,29,225,580,1.000000,1.000000,1.000000,1.000000,0,0,0,0
807,27,225,581,1.000000,1.000000,1.000000,1.000000,0,0,0,1
808,25,225,582,1.000000,1.000000,1.000000,1.000000,0,0,0,0
809,29,226,582,1.000000,1.000000,1.000000,1.000000,0,0,0,0
810,27,226,583,1.000000,1.000000,1.000000,1.000000,0,0,0,0
811,25,226,584,1.000000,1.000000,1.000000,1.000000,0,0,0,0
812,23,226,585,1.000000,1.000000,1.000000,1.000000,0,0,0,0
813,21,226,586,1.000000,1.000000,1.000000,1.000000,0,0,0,0
814,19,226,587,1.000000,1.000000,1.000000,1.000000,0,0,0,0
815,17,226,588,1.000000,1.000000,1.000000,1.000000,0,0,0,0
816,15,226,589,1.000000,1.000000,1.000000,1.000000,0,0,1,0
817,13,226,590,1.000000,1.000000,1.000000,1.000000,0,0,0,0
818,29,227,590,1.000000,1.000000,1.000000,1.000000,0,0,0,0
819,27,227,591,1.000000,1.000000,1.000000,1.000000,0,0,0,0
820,25,227,592,1.000000,1.000000,1.000000,1.000000,0,0,0,0
821,23,227,593,1.000000,1.000000,1.000000,1.000000,0,0,0,0
822,21,227,594,1.000000,1.000000,1.000000,1.000000,0,0,0,0
823,19,227,595,1.000000,1.000000,1.000000,1.000000,0,0,0,0
824,17,227,596,1.000000,1.000000,1.000000,1.000000,0,0,0,0
825,15,227,597,1.000000,1.000000,1.000000,1.000000,0,0,0,0
826,13,227,598,1.000000,1.000000,1.000000,1.000000,1,0,0,0
827,11,227,599,1.000000,1.000000,1.000000,1.000000,0,0,0,0
828,29,228,599,1.000000,1.000000,1.000000,1.000000,0,0,0,0
829,27,228,600,1.000000,1.000000,1.000000,1.000000,0,0,0,0
830,25,228,601,1.000000,1.000000,1.000000,1.000000,0,0,0,0
831,23,228,602,1.000000,1.000000,1.000000,1.000000,0,0,1,0
832,21,228,603,1.000000,1.000000,1.000000,1.000000,0,1,0,0
833,29,229,603,1.000000,1.000000,1.000000,1.000000,0,1,0,0
834,27,229,604,1.000000,1.000000,1.000000,1.000000,0,0,0,0
835,29,230,604,1.000000,1.000000,1.000000,1.000000,0,0,0,0
836,27,230,605,1.000000,1.000000,1.000000,1.000000,0,0,0,0
837,25,230,606,1.000000,1.000000,1.000000,1.000000,0,0,1,0
838,23,230,607,1.000000,1.000000,1.000000,1.000000,0,0,0,1
839,29,231,607,1.000000,1.000000,1.000000,1.000000,0,0,0,1
840,27,231,608,1.000000,1.000000,1.000000,1.000000,0,0,0,0
841,29,232,608,1.000000,1.000000,1.000000,1.000000,0,0,0,0
842,27,232,609,1.000000,1.000000,1.000000,1.000000,0,0,0,1
843,25,232,610,1.000000,1.000000,1.000000,1.000000,0,0,0,0
844,23,232,611,1.000000,1.000000,1.000000,1.000000,1,0,0,0
845,21,232,612,1.000000,1.000000,1.000000,1.000000,0,0,0,0
846,29,233,612,1.000000,1.000000,1.000000,1.000000,0,0,0,0
847,27,233,613,1.000000,1.000000,1.000000,1.000000,0,0,0,0
848,25,233,614,1.000000,1.000000,1.000000,1.000000,0,0,0,0
849,23,233,615,1.000000,1.000000,1.000000,1.000000,0,0,0,0
850,21,233,616,1.000000,1.000000,1.000000,1.000000,0,0,0,0
851,19,233,617,1.000000,1.000000,1.000000,1.000000,0,0,0,0
852,17,233,618,1.000000,1.000000,1.000000,1.000000,0,0,0,0
853,15,233,619,1.000000,1.000000,1.000000,1.000000,0,0,0,0
854,13,233,620,1.000000,1.000000,1.000000,1.000000,1,0,0,0
855,11,233,621,1.000000,1.000000,1.000000,1.000000,0,0,0,0
856,9,233,622,1.000000,1.000000,1.000000,1.000000,1,0,0,0
857,7,233,623,1.000000,1.000000,1.000000,1.000000,0,0,0,0
858,5,233,624,1.000000,1.000000,1.000000,1.000000,1,0,0,0
859,3,233,625,1.000000,1.000000,1.000000,1.000000,0,0,0,0
860,29,234,625,1.000000,1.000000,1.000000,1.000000,0,0,0,0
861,27,234,626,1.000000,1.000000,1.000000,1.000000,1,0,0,0
862,25,234,627,1.000000,1.000000,1.000000,1.000000,0,0,0,0
863,29,235,627,1.000000,1.000000,1.000000,1.000000,0,0,0,0
864,27,235,628,1.000000,1.000000,1.000000,1.000000,1,0,0,0
865,25,235,629,1.000000,1.000000,1.000000,1.000000,0,0,0,1
866,29,236,629,1.000000,1.000000,1.000000,1.000000,0,0,0,1
867,27,236,630,1.000000,1.000000,1.000000,1.000000,0,0,0,1
868,29,237,630,1.000000,1.000000,1.000000,1.000000,0,0,0,1
869,27,237,631,1.000000,1.000000,1.000000,1.000000,0,0,1,0
870,29,238,631,1.000000,1.000000,1.000000,1.000000,0,0,1,0
871,27,238,632,1.000000,1.000000,1.000000,1.000000,0,0,0,0
872,29,239,632,1.000000,1.000000,1.000000,1.000000,0,0,0,0
873,27,239,633,1.000000,1.000000,1.000000,1.000000,0,0,0,0
874,25,239,634,1.000000,1.000000,1.000000,1.000000,0,0,0,0
875,23,239,635,1.000000,1.000000,1.000000,1.000000,0,0,0,0
876,21,239,636,1.000000,1.000000,1.000000,1.000000,0,0,0,0
877,19,239,637,1.000000,1.000000,1.000000,1.000000,0,0,0,0
878,17,239,638,1.000000,1.000000,1.000000,1.000000,1,1,0,0
879,15,239,639,1.000000,1.000000,1.000000,1.000000,0,0,0,0
880,29,240,639,1.000000,1.000000,1.000000,1.000000,0,0,0,0
881,27,240,640,1.000000,1.000000,1.000000,1.000000,0,0,0,1
882,25,240,641,1.000000,1.000000,1.000000,1.000000,0,0,0,1
883,29,241,641,1.000000,1.000000,1.000000,1.000000,0,0,0,1
884,27,241,642,1.000000,1.000000,1.000000,1.000000,0,0,0,1
885,29,242,642,1.000000,1.000000,1.000000,1.000000,0,0,0,1
886,27,242,643,1.000000,1.000000,1.000000,1.000000,0,0,1,0
887,29,243,643,1.000000,1.000000,1.000000,1.000000,0,0,1,0
888,27,243,644,1.000000,1.000000,1.000000,1.000000,0,0,0,0
889,29,244,644,1.000000,1.000000,1.000000,1.000000,0,0,0,0
890,27,244,645,1.000000,1.000000,1.000000,1.000000,0,0,0,0
891,25,244,646,1.000000,1.000000,1.000000,1.000000,0,0,0,0
892,23,244,647,1.000000,1.000000,1.000000,1.000000,0,0,0,0
893,21,244,648,1.000000,1.000000,1.000000,1.000000,0,0,0,0
894,19,244,649,1.000000,1.000000,1.000000,1.000000,0,0,0,0
895,17,244,650,1.000000,1.000000,1.000000,1.000000,0,0,0,0
896,15,244,651,1.000000,1.000000,1.000000,1.000000,0,0,0,0
897,13,244,652,1.000000,1.000000,1.000000,1.000000,0,0,0,0
898,11,244,653,1.000000,1.000000,1.000000,1.000000,0,0,0,0
899,9,244,654,1.000000,1.000000,1.000000,1.000000,0,0,0,0
900,7,244,655,1.000000,1.000000,1.000000,1.000000,0,0,0,1
901,5,244,656,1.000000,1.000000,1.000000,1.000000,0,0,0,0
902,29,245,656,1.000000,1.000000,1.000000,1.000000,0,0,0,0
903,27,245,657,1.000000,1.000000,1.000000,1.000000,0,0,0,0
904,25,245,658,1.000000,1.000000,1.000000,1.000000,0,0,0,0
905,23,245,659,1.000000,1.000000,1.000000,1.000000,0,0,1,0
906,21,245,660,1.000000,1.000000,1.000000,1.000000,0,0,0,0
907,19,245,661,1.000000,1.000000,1.000000,1.000000,0,0,1,0
908,17,245,662,1.000000,1.000000,1.000000,1.000000,0,0,0,0
909,29,246,662,1.000000,1.000000,1.000000,1.000000,0,0,0,0
910,27,246,663,1.000000,1.000000,1.000000,1.000000,0,0,0,0
911,25,246,664,1.000000,1.000000,1.000000,1.000000,0,0,0,0
912,23,246,665,1.000000,1.000000,1.000000,1.000000,0,0,0,1
913,21,246,666,1.000000,1.000000,1.000000,1.000000,1,0,1,0
914,29,247,666,1.000000,1.000000,1.000000,1.000000,1,0,1,0
915,27,247,667,1.000000,1.000000,1.000000,1.000000,0,0,0,1
916,29,248,667,1.000000,1.000000,1.000000,1.000000,0,0,0,1
917,27,248,668,1.000000,1.000000,1.000000,1.000000,1,0,0,1
918,25,248,669,1.000000,1.000000,1.000000,1.000000,0,0,1,0
919,29,249,669,1.000000,1.000000,1.000000,1.000000,0,0,1,0
920,27,249,670,1.000000,1.000000,1.000000,1.000000,0,0,0,0
921,29,250,670,1.000000,1.000000,1.000000,1.000000,0,0,0,0
922,27,250,671,1.000000,1.000000,1.000000,1.000000,0,0,0,0
923,25,250,672,1.000000,1.000000,1.000000,1.000000,0,0,0,0
924,23,250,673,1.000000,1.000000,1.000000,1.000000,0,0,0,0
925,21,250,674,1.000000,1.000000,1.000000,1.000000,0,0,0,0
926,19,250,675,1.000000,1.000000,1.000000,1.000000,0,0,0,0
927,17,250,676,1.000000,1.000000,1.000000,1.000000,0,0,0,0
928,15,250,677,1.000000,1.000000,1.000000,1.000000,0,0,0,0
929,13,250,678,1.000000,1.000000,1.000000,1.000000,0,0,0,0
930,11,250,679,1.000000,1.000000,1.000000,1.000000,0,0,0,0
931,9,250,680,1.000000,1.000000,1.000000,1.000000,1,0,0,1
932,7,250,681,1.000000,1.000000,1.000000,1.000000,0,0,0,1
933,29,251,681,1.000000,1.000000,1.000000,1.000000,0,0,0,1
934,27,251,682,1.000000,1.000000,1.000000,1.000000,1,0,0,0
935,25,251,683,1.000000,1.000000,1.000000,1.000000,0,0,1,1
936,29,252,683,1.000000,1.000000,1.000000,1.000000,0,0,1,1
937,27,252,684,1.000000,1.000000,1.000000,1.000000,0,0,0,0
938,29,253,684,1.000000,1.000000,1.000000,1.000000,0,0,0,0
939,27,253,685,1.000000,1.000000,1.000000,1.000000,0,0,0,0
940,25,253,686,1.000000,1.000000,1.000000,1.000000,0,0,1,0
941,23,253,687,1.000000,1.000000,1.000000,1.000000,0,1,0,1
942,29,254,687,1.000000,1.000000,1.000000,1.000000,0,1,0,1
943,27,254,688,1.000000,1.000000,1.000000,1.000000,0,0,1,0
944,29,255,688,1.000000,1.000000,1.000000,1.000000,0,0,1,0
945,27,255,689,1.000000,1.000000,1.000000,1.000000,0,0,0,0
946,29,256,689,1.000000,1.000000,1.000000,1.000000,0,0,0,0
947,27,256,690,1.000000,1.000000,1.000000,1.000000,0,0,0,1
948,25,256,691,1.000000,1.000000,1.000000,1.000000,0,0,0,0
949,29,257,691,1.000000,1.000000,1.000000,1.000000,0,0,0,0
950,27,257,692,1.000000,1.000000,1.000000,1.000000,0,0,0,0
951,25,257,693,1.000000,1.000000,1.000000,1.000000,0,1,0,0
952,23,257,694,1.000000,1.000000,1.000000,1.000000,0,0,0,0
953,29,258,694,1.000000,1.000000,1.000000,1.000000,0,0,0,0
954,27,258,695,1.000000,1.000000,1.000000,1.000000,0,0,0,0
955,25,258,696,1.000000,1.000000,1.000000,1.000000,0,0,0,0
956,23,258,697,1.000000,1.000000,1.000000,1.000000,0,0,0,0
957,21,258,698,1.000000,1.000000,1.000000,1.000000,0,0,0,0
958,19,258,699,1.000000,1.000000,1.000000,1.000000,1,0,0,0
959,17,258,700,1.000000,1.000000,1.000000,1.000000,0,1,0,0
960,29,259,700,1.000000,1.000000,1.000000,1.000000,0,1,1,0
961,27,259,701,1.000000,1.000000,1.000000,1.000000,0,0,0,0
962,29,260,701,1.000000,1.000000,1.000000,1.000000,0,0,0,0
963,27,260,702,1.000000,1.000000,1.000000,1.000000,1,0,0,0
964,25,260,703,1.000000,1.000000,1.000000,1.000000,0,1,0,0
965,29,261,703,1.000000,1.000000,1.000000,1.000000,0,1,0,0
966,27,261,704,1.000000,1.000000,1.000000,1.000000,0,0,0,0
967,29,262,704,1.000000,1.000000,1.000000,1.000000,0,0,0,0
968,27,262,705,1.000000,1.000000,1.000000,1.000000,1,0,0,0
969,25,262,706,1.000000,1.000000,1.000000,1.000000,1,1,0,0
970,29,263,706,1.000000,1.000000,1.000000,1.000000,1,1,0,0
971,27,263,707,1.000000,1.000000,1.000000,1.000000,0,0,0,0
972,29,264,707,1.000000,1.000000,1.000000,1.000000,0,0,0,0
973,27,264,708,1.000000,1.000000,1.000000,1.000000,1,0,0,0
974,25,264,709,1.000000,1.000000,1.000000,1.000000,1,1,0,0
975,29,265,709,1.000000,1.000000,1.000000,1.000000,1,1,0,0
976,27,265,710,1.000000,1.000000,1.000000,1.000000,0,0,0,0
977,29,266,710,1.000000,1.000000,1.000000,1.000000,0,0,0,0
978,27,266,711,1.000000,1.000000,1.000000,1.000000,0,0,0,1
979,25,266,712,1.000000,1.000000,1.000000,1.000000,0,0,0,0
980,29,267,712,1.000000,1.000000,1.000000,1.000000,0,0,0,0
981,27,267,713,1.000000,1.000000,1.000000,1.000000,0,0,0,0
982,25,267,714,1.000000,1.000000,1.000000,1.000000,0,0,0,0
983,23,267,715,1.000000,1.000000,1.000000,1.000000,0,0,0,0
984,21,267,716,1.000000,1.000000,1.000000,1.000000,0,0,0,0
985,19,267,717,1.000000,1.000000,1.000000,1.000000,0,0,0,0
986,17,267,718,1.000000,1.000000,1.000000,1.000000,0,0,1,0
987,15,267,719,1.000000,1.000000,1.000000,1.000000,0,0,1,1
988,13,267,720,1.000000,1.000000,1.000000,1.000000,1,1,0,0
989,29,268,720,1.000000,1.000000,1.000000,1.000000,1,1,0,0
990,27,268,721,1.000000,1.000000,1.000000,1.000000,0,0,0,0
991,29,269,721,1.000000,1.000000,1.000000,1.000000,0,0,0,0
992,27,269,722,1.000000,1.000000,1.000000,1.000000,1,0,0,0
993,25,269,723,1.000000,1.000000,1.000000,1.000000,0,0,0,1
994,29,270,723,1.000000,1.000000,1.000000,1.000000,0,0,0,1
995,27,270,724,1.000000,1.000000,1.000000,1.000000,0,0,0,0
996,29,271,724,1.000000,1.000000,1.000000,1.000000,0,0,0,0
997,27,271,725,1.000000,1.000000,1.000000,1.000000,0,0,0,0
998,25,271,726,1.000000,1.000000,1.000000,1.000000,0,0,0,0
999,23,271,727,1.000000,1.000000,1.000000,1.000000,0,0,0,0
1000,21,271,728,1.000000,1.000000,1.000000,1.000000,0,0,0,0
1001,19,271,729,1.000000,1.000000,1.000000,1.000000,0,0,0,0
1002,17,271,730,1.000000,1.000000,1.000000,1.000000,0,1,0,0
1003,15,271,731,1.000000,1.000000,1.000000,1.000000,1,1,0,0
1004,29,272,731,1.000000,1.000000,1.000000,1.000000,1,1,0,0
1005,27,272,732,1.000000,1.000000,1.000000,1.000000,0,0,0,0
1006,29,273,732,1.000000,1.000000,1.000000,1.000000,0,0,0,0
1007,27,273,733,1.000000,1.000000,1.000000,1.000000,0,1,0,0
1008,25,273,734,1.000000,1.000000,1.000000,1.000000,0,0,0,0
1009,29,274,734,1.000000,1.000000,1.000000,1.000000,0,0,0,0
1010,27,274,735,1.000000,1.000000,1.000000,1.000000,0,0,0,0
1011,25,274,736,1.000000,1.000000,1.000000,1.000000,0,0,0,0
1012,23,274,737,1.000000,1.000000,1.000000,1.000000,1,0,0,0
1013,21,274,738,1.000000,1.000000,1.000000,1.000000,0,0,0,0
1014,29,275,738,1.000000,1.000000,1.000000,1.000000,0,0,0,0
1015,27,275,739,1.000000,1.000000,1.000000,1.000000,0,0,0,0
1016,25,275,740,1.000000,1.000000,1.000000,1.000000,0,0,0,0
1017,23,275,741,1.000000,1.000000,1.000000,1.000000,0,0,0,0
1018,21,275,742,1.000000,1.000000,1.000000,1.000000,0,0,0,0
1019,19,275,743,1.000000,1.000000,1.000000,1.000000,1,0,0,0
1020,17,275,744,1.000000,1.000000,1.000000,1.000000,1,0,0,0
1021,15,275,745,1.000000,1.000000,1.000000,1.000000,1,0,1,0
1022,13,275,746,1.000000,1.000000,1.000000,1.000000,0,0,1,0
1023,29,276,746,1.000000,1.000000,1.000000,1.000000,0,0,1,0
1024,27,276,747,1.000000,1.000000,1.000000,1.000000,1,0,0,0
1025,25,276,748,1.000000,1.000000,1.000000,1.000000,0,0,0,1
1026,29,277,748,1.000000,1.000000,1.000000,1.000000,0,0,0,1
1027,27,277,749,1.000000,1.000000,1.000000,1.000000,0,0,0,1
1028,29,278,749,1.000000,1.000000,1.000000,1.000000,0,0,0,1
1029,27,278,750,1.000000,1.000000,1.000000,1.000000,0,0,0,1
1030,25,278,751,1.000000,1.000000,1.000000,1.000000,0,1,0,0
1031,29,279,751,1.000000,1.000000,1.000000,1.000000,0,1,0,0
1032,27,279,752,1.000000,1.000000,1.000000,1.000000,0,0,0,0
1033,29,280,752,1.000000,1.000000,1.000000,1.000000,0,0,0,0
1034,27,280,753,1.000000,1.000000,1.000000,1.000000,0,0,0,0
1035,25,280,754,1.000000,1.000000,1.000000,1.000000,0,0,0,0
1036,23,280,755,1.000000,1.000000,1.000000,1.000000,0,0,0,0
1037,21,280,756,1.000000,1.000000,1.000000,1.000000,0,0,0,1
1038,19,280,757,1.000000,1.000000,1.000000,1.000000,0,0,0,0
1039,29,281,757,1.000000,1.000000,1.000000,1.000000,0,0,0,0
1040,27,281,758,1.000000,1.000000,1.000000,1.000000,0,0,0,0
1041,25,281,759,1.000000,1.000000,1.000000,1.000000,0,0,0,0
1042,23,281,760,1.000000,1.000000,1.000000,1.000000,0,0,0,0
1043,21,281,761,1.000000,1.000000,1.000000,1.000000,1,0,0,0
1044,19,281,762,1.000000,1.000000,1.000000,1.000000,0,0,0,0
1045,29,282,762,1.000000,1.000000,1.000000,1.000000,0,0,0,0
1046,27,282,763,1.000000,1.000000,1.000000,1.000000,0,0,0,0
1047,25,282,764,1.000000,1.000000,1.000000,1.000000,0,0,0,0
1048,23,282,765,1.000000,1.000000,1.000000,1.000000,0,0,0,0
1049,21,282,766,1.000000,1.000000,1.000000,1.000000,0,0,1,0
1050,19,282,767,1.000000,1.000000,1.000000,1.000000,0,1,1,0
1051,29,283,767,1.000000,1.000000,1.000000,1.000000,0,1,1,0
1052,27,283,768,1.000000,1.000000,1.000000,1.000000,0,0,0,0
1053,29,284,768,1.000000,1.000000,1.000000,1.000000,0,0,0,0
1054,27,284,769,1.000000,1.000000,1.000000,1.000000,0,0,0,0
1055,25,284,770,1.000000,1.000000,1.000000,1.000000,1,0,0,0
1056,23,284,771,1.000000,1.000000,1.000000,1.000000,0,0,0,0
1057,29,285,771,1.000000,1.000000,1.000000,1.000000,0,0,0,0
1058,27,285,772,1.000000,1.000000,1.000000,1.000000,0,0,0,0
1059,25,285,773,1.000000,1.000000,1.000000,1.000000,0,0,0,0
1060,23,285,774,1.000000,1.000000,1.000000,1.000000,1,0,0,0
1061,21,285,775,1.000000,1.000000,1.000000,1.000000,0,0,0,0
1062,29,286,775,1.000000,1.000000,1.000000,1.000000,0,0,0,0
1063,27,286,776,1.000000,1.000000,1.000000,1.000000,0,0,0,0
1064,25,286,777,1.000000,1.000000,1.000000,1.000000,0,0,0,0
1065,23,286,778,1.000000,1.000000,1.000000,1.000000,0,0,0,0
1066,21,286,779,1.000000,1.000000,1.000000,1.000000,0,0,0,0
1067,19,286,780,1.000000,1.000000,1.000000,1.000000,0,0,0,0
1068,17,286,781,1.000000,1.000000,1.000000,1.000000,0,0,0,0
1069,15,286,782,1.000000,1.000000,1.000000,1.000000,0,0,0,0
1070,13,286,783,1.000000,1.000000,1.000000,1.000000,0,0,0,0
1071,11,286,784,1.000000,1.000000,1.000000,1.000000,0,0,0,0
1072,9,286,785,1.000000,1.000000,1.000000,1.000000,0,0,0,0
1073,7,286,786,1.000000,1.000000,1.000000,1.000000,0,0,0,0
1074,5,286,787,1.000000,1.000000,1.000000,1.000000,0,0,0,0
1075,3,286,788,1.000000,1.000000,1.000000,1.000000,0,1,0,0
1076,1,286,789,1.000000,1.000000,1.000000,1.000000,0,0,0,0
1077,29,287,789,1.000000,1.000000,1.000000,1.000000,0,0,0,0
1078,27,287,790,1.000000,1.000000,1.000000,1.000000,0,0,0,0
1079,25,287,791,1.000000,1.000000,1.000000,1.000000,0,0,0,1
1080,23,287,792,1.000000,1.000000,1.000000,1.000000,0,0,0,0
1081,29,288,792,1.000000,1.000000,1.000000,1.000000,0,0,0,0
1082,27,288,793,1.000000,1.000000,1.000000,1.000000,0,0,0,0
1083,25,288,794,1.000000,1.000000,1.000000,1.000000,1,0,0,0
1084,23,288,795,1.000000,1.000000,1.000000,1.000000,0,0,0,0
1085,29,289,795,1.000000,1.000000,1.000000,1.000000,0,0,0,0
1086,27,289,796,1.000000,1.000000,1.000000,1.000000,0,0,0,0
1087,25,289,797,1.000000,1.000000,1.000000,1.000000,0,0,0,0
1088,23,289,798,1.000000,1.000000,1.000000,1.000000,0,0,0,0
1089,21,289,799,1.000000,1.000000,1.000000,1.000000,0,0,0,0
1090,19,289,800,1.000000,1.000000,1.000000,1.000000,0,0,0,0
1091,17,289,801,1.000000,1.000000,1.000000,1.000000,0,0,0,0
1092,15,289,802,1.000000,1.000000,1.000000,1.000000,0,0,0,0
1093,13,289,803,1.000000,1.000000,1.000000,1.000000,0,0,0,0
1094,11,289,804,1.000000,1.000000,1.000000,1.000000,0,0,0,0
1095,9,289,805,1.000000,1.000000,1.000000,1.000000,1,1,0,0
1096,7,289,806,1.000000,1.000000,1.000000,1.000000,1,1,0,0
1097,5,289,807,1.000000,1.000000,1.000000,1.000000,1,1,1,1
1098,29,290,807,1.000000,1.000000,1.000000,1.000000,1,1,1,1
1099,27,290,808,1.000000,1.000000,1.000000,1.000000,0,1,0,0
1100,29,291,808,1.000000,1.000000,1.000000,1.000000,0,1,0,0
1101,27,291,809,1.000000,1.000000,1.000000,1.000000,1,0,0,0
1102,25,291,810,1.000000,1.000000,1.000000,1.000000,0,0,0,0
1103,29,292,810,1.000000,1.000000,1.000000,1.000000,0,0,0,0
1104,27,292,811,1.000000,1.000000,1.000000,1.000000,1,1,0,0
1105,25,292,812,1.000000,1.000000,1.000000,1.000000,1,1,1,0
1106,29,293,812,1.000000,1.000000,1.000000,1.000000,1,1,1,0
1107,27,293,813,1.000000,1.000000,1.000000,1.000000,0,0,0,0
1108,29,294,813,1.000000,1.000000,1.000000,1.000000,0,0,0,0
1109,27,294,814,1.000000,1.000000,1.000000,1.000000,0,1,0,0
1110,25,294,815,1.000000,1.000000,1.000000,1.000000,0,0,0,0
1111,29,295,815,1.000000,1.000000,1.000000,1.000000,0,0,0,0
1112,27,295,816,1.000000,1.000000,1.000000,1.000000,0,0,0,0
1113,25,295,817,1.000000,1.000000,1.000000,1.000000,0,0,0,0
1114,23,295,818,1.000000,1.000000,1.000000,1.000000,0,0,0,0
1115,21,295,819,1.000000,1.000000,1.000000,1.000000,0,0,1,0
1116,19,295,820,1.000000,1.000000,1.000000,1.000000,0,0,1,0
1117,29,296,820,1.000000,1.000000,1.000000,1.000000,0,0,1,0
1118,27,296,821,1.000000,1.000000,1.000000,1.000000,0,0,0,0
1119,29,297,821,1.000000,1.000000,1.000000,1.000000,0,0,0,0
1120,27,297,822,1.000000,1.000000,1.000000,1.000000,0,0,1,0
1121,25,297,823,1.000000,1.000000,1.000000,1.000000,0,0,0,0
1122,29,298,823,1.000000,1.000000,1.000000,1.000000,0,0,0,0
1123,27,298,824,1.000000,1.000000,1.000000,1.000000,0,0,0,0
1124,25,298,825,1.000000,1.000000,1.000000,1.000000,0,0,0,0
1125,23,298,826,1.000000,1.000000,1.000000,1.000000,0,0,0,0
1126,21,298,827,1.000000,1.000000,1.000000,1.000000,0,0,1,0
1127,19,298,828,1.000000,1.000000,1.000000,1.000000,0,0,0,1
1128,29,299,828,1.000000,1.000000,1.000000,1.000000,0,0,0,1
1129,27,299,829,1.000000,1.000000,1.000000,1.000000,0,1,0,0
1130,25,299,830,1.000000,1.000000,1.000000,1.000000,0,1,0,0
1131,23,299,831,1.000000,1.000000,1.000000,1.000000,1,0,1,0
1132,29,300,831,1.000000,1.000000,1.000000,1.000000,1,0,1,0
1133,27,300,832,1.000000,1.000000,1.000000,1.000000,0,0,0,0
1134,29,301,832,1.000000,1.000000,1.000000,1.000000,0,0,0,0
1135,27,301,833,1.000000,1.000000,1.000000,1.000000,0,0,0,0
1136,25,301,834,1.000000,1.000000,1.000000,1.000000,0,0,0,0
1137,23,301,835,1.000000,1.000000,1.000000,1.000000,0,1,1,0
1138,21,301,836,1.000000,1.000000,1.000000,1.000000,0,1,0,0
1139,29,302,836,1.000000,1.000000,1.000000,1.000000,0,1,0,0
1140,27,302,837,1.000000,1.000000,1.000000,1.000000,1,0,1,0
1141,29,303,837,1.000000,1.000000,1.000000,1.000000,1,0,1,0
1142,27,303,838,1.000000,1.000000,1.000000,1.000000,0,0,0,0
1143,29,304,838,1.000000,1.000000,1.000000,1.000000,0,0,0,0
1144,27,304,839,1.000000,1.000000,1.000000,1.000000,0,0,1,0
1145,25,304,840,1.000000,1.000000,1.000000,1.000000,0,0,1,0
1146,23,304,841,1.000000,1.000000,1.000000,1.000000,1,1,0,0
1147,29,305,841,1.000000,1.000000,1.000000,1.000000,1,1,0,0
1148,27,305,842,1.000000,1.000000,1.000000,1.000000,0,0,0,0
1149,29,306,842,1.000000,1.000000,1.000000,1.000000,0,0,0,0
1150,27,306,843,1.000000,1.000000,1.000000,1.000000,0,0,0,0
1151,25,306,844,1.000000,1.000000,1.000000,1.000000,0,0,0,0
1152,23,306,845,1.000000,1.000000,1.000000,1.000000,1,0,0,0
1153,21,306,846,1.000000,1.000000,1.000000,1.000000,0,0,0,0
1154,29,307,846,1.000000,1.000000,1.000000,1.000000,0,0,0,0
1155,27,307,847,1.000000,1.000000,1.000000,1.000000,1,0,0,1
1156,25,307,848,1.000000,1.000000,1.000000,1.000000,0,0,0,0
1157,29,308,848,1.000000,1.000000,1.000000,1.000000,0,0,0,0
1158,27,308,849,1.000000,1.000000,1.000000,1.000000,0,1,0,0
1159,25,308,850,1.000000,1.000000,1.000000,1.000000,0,1,0,0
1160,29,309,850,1.000000,1.000000,1.000000,1.000000,0,1,0,0
1161,27,309,851,1.000000,1.000000,1.000000,1.000000,1,0,0,0
1162,29,310,851,1.000000,1.000000,1.000000,1.000000,1,0,0,0
1163,27,310,852,1.000000,1.000000,1.000000,1.000000,0,0,0,0
1164,29,311,852,1.000000,1.000000,1.000000,1.000000,0,0,0,0
1165,27,311,853,1.000000,1.000000,1.000000,1.000000,0,0,0,0
1166,25,311,854,1.000000,1.000000,1.000000,1.000000,0,0,0,0
1167,23,311,855,1.000000,1.000000,1.000000,1.000000,0,0,0,0
1168,21,311,856,1.000000,1.000000,1.000000,1.000000,0,0,0,0
1169,19,311,857,1.000000,1.000000,1.000000,1.000000,0,0,0,0
1170,17,311,858,1.000000,1.000000,1.000000,1.000000,0,0,0,0
1171,15,311,859,1.000000,1.000000,1.000000,1.000000,0,0,0,1
1172,13,311,860,1.000000,1.000000,1.000000,1.000000,1,0,0,0
1173,29,312,860,1.000000,1.000000,1.000000,1.000000,1,0,0,0
1174,27,312,861,1.000000,1.000000,1.000000,1.000000,1,0,0,0
1175,29,313,861,1.000000,1.000000,1.000000,1.000000,1,0,0,0
1176,27,313,862,1.000000,1.000000,1.000000,1.000000,0,0,0,0
1177,29,314,862,1.000000,1.000000,1.000000,1.000000,0,0,0,0
1178,27,314,863,1.000000,1.000000,1.000000,1.000000,1,0,0,0
1179,25,314,864,1.000000,1.000000,1.000000,1.000000,0,0,0,1
1180,29,315,864,1.000000,1.000000,1.000000,1.000000,0,0,0,1
1181,27,315,865,1.000000,1.000000,1.000000,1.000000,0,0,0,1
1182,29,316,865,1.000000,1.000000,1.000000,1.000000,0,0,0,1
1183,27,316,866,1.000000,1.000000,1.000000,1.000000,0,0,0,1
1184,25,316,867,1.000000,1.000000,1.000000,1.000000,0,1,0,0
1185,29,317,867,1.000000,1.000000,1.000000,1.000000,0,1,0,0
1186,27,317,868,1.000000,1.000000,1.000000,1.000000,0,0,0,0
1187,29,318,868,1.000000,1.000000,1.000000,1.000000,0,0,0,0
1188,27,318,869,1.000000,1.000000,1.000000,1.000000,0,0,0,0
1189,25,318,870,1.000000,1.000000,1.000000,1.000000,0,0,0,0
1190,23,318,871,1.000000,1.000000,1.000000,1.000000,1,0,0,0
1191,21,318,872,1.000000,1.000000,1.000000,1.000000,0,1,0,1
1192,29,319,872,1.000000,1.000000,1.000000,1.000000,0,1,0,1
1193,27,319,873,1.000000,1.000000,1.000000,1.000000,0,0,0,0
1194,29,320,873,1.000000,1.000000,1.000000,1.000000,0,0,0,0
1195,27,320,874,1.000000,1.000000,1.000000,1.000000,0,0,0,1
1196,25,320,875,1.000000,1.000000,1.000000,1.000000,0,0,0,0
1197,29,321,875,1.000000,1.000000,1.000000,1.000000,0,0,0,0
1198,27,321,876,1.000000,1.000000,1.000000,1.000000,1,0,0,0
1199,25,321,877,1.000000,1.000000,1.000000,1.000000,1,0,0,1
1200,23,321,878,1.000000,1.000000,1.000000,1.000000,1,1,0,0
1201,29,322,878,1.000000,1.000000,1.000000,1.000000,1,1,0,0
1202,27,322,879,1.000000,1.000000,1.000000,1.000000,1,1,0,1
1203,29,323,879,1.000000,1.000000,1.000000,1.000000,1,1,0,1
1204,27,323,880,1.000000,1.000000,1.000000,1.000000,0,0,0,0
1205,29,324,880,1.000000,1.000000,1.000000,1.000000,0,0,0,0
1206,27,324,881,1.000000,1.000000,1.000000,1.000000,1,1,0,0
1207,25,324,882,1.000000,1.000000,1.000000,1.000000,1,1,1,0
1208,29,325,882,1.000000,1.000000,1.000000,1.000000,1,1,1,0
1209,27,325,883,1.000000,1.000000,1.000000,1.000000,0,0,0,0
1210,29,326,883,1.000000,1.000000,1.000000,1.000000,0,0,0,0
1211,27,326,884,1.000000,1.000000,1.000000,1.000000,0,0,0,1
1212,25,326,885,1.000000,1.000000,1.000000,1.000000,0,0,0,1
1213,23,326,886,1.000000,1.000000,1.000000,1.000000,0,1,0,0
1214,29,327,886,1.000000,1.000000,1.000000,1.000000,0,1,0,0
1215,27,327,887,1.000000,1.000000,1.000000,1.000000,0,0,1,0
1216,25,327,888,1.000000,1.000000,1.000000,1.000000,0,1,0,0
1217,29,328,888,1.000000,1.000000,1.000000,1.000000,1,1,0,0
1218,27,328,889,1.000000,1.000000,1.000000,1.000000,0,0,0,0
1219,29,329,889,1.000000,1.000000,1.000000,1.000000,0,0,0,1
1220,27,329,890,1.000000,1.000000,1.000000,1.000000,0,0,0,0
1221,25,329,891,1.000000,1.000000,1.000000,1.000000,0,0,0,1
1222,23,329,892,1.000000,1.000000,1.000000,1.000000,0,0,0,0
1223,29,330,892,1.000000,1.000000,1.000000,1.000000,0,0,0,0
1224,27,330,893,1.000000,1.000000,1.000000,1.000000,1,0,0,0
1225,25,330,894,1.000000,1.000000,1.000000,1.000000,0,0,0,0
1226,29,331,894,1.000000,1.000000,1.000000,1.000000,0,0,0,0
1227,27,331,895,1.000000,1.000000,1.000000,1.000000,0,0,0,0
1228,25,331,896,1.000000,1.000000,1.000000,1.000000,0,1,0,0
1229,23,331,897,1.000000,1.000000,1.000000,1.000000,0,1,0,0
1230,29,332,897,1.000000,1.000000,1.000000,1.000000,0,1,0,0
1231,27,332,898,1.000000,1.000000,1.000000,1.000000,0,0,0,0
1232,29,333,898,1.000000,1.000000,1.000000,1.000000,0,0,0,0
1233,27,333,899,1.000000,1.000000,1.000000,1.000000,0,1,0,0
1234,25,333,900,1.000000,1.000000,1.000000,1.000000,0,0,0,0
1235,29,334,900,1.000000,1.000000,1.000000,1.000000,0,0,0,0
1236,27,334,901,1.000000,1.000000,1.000000,1.000000,0,0,0,0
1237,25,334,902,1.000000,1.000000,1.000000,1.000000,0,0,0,0
1238,23,334,903,1.000000,1.000000,1.000000,1.000000,0,0,0,0
1239,21,334,904,1.000000,1.000000,1.000000,1.000000,0,0,1,0
1240,19,334,905,1.000000,1.000000,1.000000,1.000000,0,0,1,1
1241,29,335,905,1.000000,1.000000,1.000000,1.000000,0,0,1,1
1242,27,335,906,1.000000,1.000000,1.000000,1.000000,0,1,1,1
1243,29,336,906,1.000000,1.000000,1.000000,1.000000,0,1,1,1
1244,27,336,907,1.000000,1.000000,1.000000,1.000000,0,0,0,0
1245,29,337,907,1.000000,1.000000,1.000000,1.000000,0,0,0,0
1246,27,337,908,1.000000,1.000000,1.000000,1.000000,0,0,1,1
1247,25,337,909,1.000000,1.000000,1.000000,1.000000,1,0,1,1
1248,29,338,909,1.000000,1.000000,1.000000,1.000000,1,0,1,1
1249,27,338,910,1.000000,1.000000,1.000000,1.000000,0,0,0,0
1250,29,339,910,1.000000,1.000000,1.000000,1.000000,0,0,0,0
1251,27,339,911,1.000000,1.000000,1.000000,1.000000,0,0,0,1
1252,25,339,912,1.000000,1.000000,1.000000,1.000000,0,0,0,0
1253,29,340,912,1.000000,1.000000,1.000000,1.000000,0,0,0,0
1254,27,340,913,1.000000,1.000000,1.000000,1.000000,1,0,0,0
1255,25,340,914,1.000000,1.000000,1.000000,1.000000,1,0,0,1
1256,29,341,914,1.000000,1.000000,1.000000,1.000000,1,0,0,1
1257,27,341,915,1.000000,1.000000,1.000000,1.000000,0,0,0,0
1258,29,342,915,1.000000,1.000000,1.000000,1.000000,0,0,0,0
1259,27,342,916,1.000000,1.000000,1.000000,1.000000,0,0,0,1
1260,25,342,917,1.000000,1.000000,1.000000,1.000000,0,0,0,0
1261,29,343,917,1.000000,1.000000,1.000000,1.000000,0,0,0,0
1262,27,343,918,1.000000,1.000000,1.000000,1.000000,1,0,0,0
1263,25,343,919,1.000000,1.000000,1.000000,1.000000,0,0,0,1
1264,29,344,919,1.000000,1.000000,1.000000,1.000000,0,0,0,1
1265,27,344,920,1.000000,1.000000,1.000000,1.000000,1,0,0,1
1266,25,344,921,1.000000,1.000000,1.000000,1.000000,1,0,1,0
1267,29,345,921,1.000000,1.000000,1.000000,1.000000,1,0,1,0
1268,27,345,922,1.000000,1.000000,1.000000,1.000000,0,0,0,0
1269,29,346,922,1.000000,1.000000,1.000000,1.000000,0,0,0,0
1270,27,346,923,1.000000,1.000000,1.000000,1.000000,0,0,1,0
1271,25,346,924,1.000000,1.000000,1.000000,1.000000,0,0,0,0
1272,23,346,925,1.000000,1.000000,1.000000,1.000000,0,0,1,0
1273,21,346,926,1.000000,1.000000,1.000000,1.000000,0,0,0,1
1274,19,346,927,1.000000,1.000000,1.000000,1.000000,0,1,0,0
1275,17,346,928,1.000000,1.000000,1.000000,1.000000,0,0,0,1
1276,29,347,928,1.000000,1.000000,1.000000,1.000000,0,0,0,1
1277,27,347,929,1.000000,1.000000,1.000000,1.000000,0,0,0,0
1278,29,348,929,1.000000,1.000000,1.000000,1.000000,0,0,0,0
1279,27,348,930,1.000000,1.000000,1.000000,1.000000,0,0,0,1
1280,25,348,931,1.000000,1.000000,1.000000,1.000000,1,0,0,0
1281,29,349,931,1.000000,1.000000,1.000000,1.000000,1,0,0,0
1282,27,349,932,1.000000,1.000000,1.000000,1.000000,1,0,0,1
1283,25,349,933,1.000000,1.000000,1.000000,1.000000,0,1,0,0
1284,29,350,933,1.000000,1.000000,1.000000,1.000000,0,1,0,0
1285,27,350,934,1.000000,1.000000,1.000000,1.000000,1,0,0,0
1286,29,351,934,1.000000,1.000000,1.000000,1.000000,1,0,0,0
1287,27,351,935,1.000000,1.000000,1.000000,1.000000,0,1,0,0
1288,25,351,936,1.000000,1.000000,1.000000,1.000000,0,0,0,1
1289,29,352,936,1.000000,1.000000,1.000000,1.000000,0,0,0,1
1290,27,352,937,1.000000,1.000000,1.000000,1.000000,0,0,0,0
1291,29,353,937,1.000000,1.000000,1.000000,1.000000,0,0,0,0
1292,27,353,938,1.000000,1.000000,1.000000,1.000000,0,0,0,0
1293,25,353,939,1.000000,1.000000,1.000000,1.000000,1,0,0,0
1294,23,353,940,1.000000,1.000000,1.000000,1.000000,0,0,0,0
1295,29,354,940,1.000000,1.000000,1.000000,1.000000,0,0,0,0
1296,27,354,941,1.000000,1.000000,1.000000,1.000000,0,0,0,0
1297,25,354,942,1.000000,1.000000,1.000000,1.000000,1,0,0,1
1298,23,354,943,1.000000,1.000000,1.000000,1.000000,0,0,0,0
1299,29,355,943,1.000000,1.000000,1.000000,1.000000,0,0,0,0
1300,27,355,944,1.000000,1.000000,1.000000,1.000000,0,0,1,0
1301,25,355,945,1.000000,1.000000,1.000000,1.000000,0,0,0,0
1302,29,356,945,1.000000,1.000000,1.000000,1.000000,0,0,0,0
1303,27,356,946,1.000000,1.000000,1.000000,1.000000,0,0,0,0
1304,25,356,947,1.000000,1.000000,1.000000,1.000000,0,0,0,0
1305,23,356,948,1.000000,1.000000,1.000000,1.000000,0,0,0,0
1306,21,356,949,1.000000,1.000000,1.000000,1.000000,0,0,0,0
1307,19,356,950,1.000000,1.000000,1.000000,1.000000,0,0,0,0
1308,17,356,951,1.000000,1.000000,1.000000,1.000000,0,0,0,0
1309,15,356,952,1.000000,1.000000,1.000000,1.000000,0,0,0,0
1310,29,357,952,1.000000,1.000000,1.000000,1.000000,0,0,0,0
1311,27,357,953,1.000000,1.000000,1.000000,1.000000,0,0,0,0
1312,25,357,954,1.000000,1.000000,1.000000,1.000000,0,0,0,0
1313,23,357,955,1.000000,1.000000,1.000000,1.000000,0,0,0,0
1314,21,357,956,1.000000,1.000000,1.000000,1.000000,1,0,0,0
1315,19,357,957,1.000000,1.000000,1.000000,1.000000,0,0,0,0
1316,29,358,957,1.000000,1.000000,1.000000,1.000000,0,0,0,0
1317,27,358,958,1.000000,1.000000,1.000000,1.000000,0,0,1,0
1318,25,358,959,1.000000,1.000000,1.000000,1.000000,0,0,0,0
1319,29,359,959,1.000000,1.000000,1.000000,1.000000,0,0,0,0
1320,27,359,960,1.000000,1.000000,1.000000,1.000000,0,0,0,0
1321,25,359,961,1.000000,1.000000,1.000000,1.000000,0,0,0,0
1322,23,359,962,1.000000,1.000000,1.000000,1.000000,0,0,0,0
1323,21,359,963,1.000000,1.000000,1.000000,1.000000,0,0,0,0
1324,19,359,964,1.000000,1.000000,1.000000,1.000000,0,0,0,0
1325,17,359,965,1.000000,1.000000,1.000000,1.000000,0,0,0,0
1326,15,359,966,1.000000,1.000000,1.000000,1.000000,0,0,0,0
1327,13,359,967,1.000000,1.000000,1.000000,1.000000,0,0,0,0
1328,11,359,968,1.000000,1.000000,1.000000,1.000000,0,0,0,0
1329,9,359,969,1.000000,1.000000,1.000000,1.000000,0,0,0,0
1330,7,359,970,1.000000,1.000000,1.000000,1.000000,0,0,0,0
1331,5,359,971,1.000000,1.000000,1.000000,1.000000,0,0,0,0
1332,3,359,972,1.000000,1.000000,1.000000,1.000000,0,1,0,0
1333,1,359,973,1.000000,1.000000,1.000000,1.000000,0,0,0,0
1334,29,360,973,1.000000,1.000000,1.000000,1.000000,0,0,0,0
1335,27,360,974,1.000000,1.000000,1.000000,1.000000,0,0,0,0
1336,25,360,975,1.000000,1.000000,1.000000,1.000000,0,0,0,0
1337,23,360,976,1.000000,1.000000,1.000000,1.000000,0,0,0,0
1338,21,360,977,1.000000,1.000000,1.000000,1.000000,0,0,0,1
1339,19,360,978,1.000000,1.000000,1.000000,1.000000,0,0,0,0
1340,29,361,978,1.000000,1.000000,1.000000,1.000000,0,0,0,0
1341,27,361,979,1.000000,1.000000,1.000000,1.000000,0,0,0,0
1342,25,361,980,1.000000,1.000000,1.000000,1.000000,0,1,1,0
1343,23,361,981,1.000000,1.000000,1.000000,1.000000,0,1,1,0
1344,29,362,981,1.000000,1.000000,1.000000,1.000000,0,1,1,0
1345,27,362,982,1.000000,1.000000,1.000000,1.000000,0,0,1,1
1346,29,363,982,1.000000,1.000000,1.000000,1.000000,0,0,1,1
1347,27,363,983,1.000000,1.000000,1.000000,1.000000,0,0,0,0
1348,29,364,983,1.000000,1.000000,1.000000,1.000000,0,0,0,0
1349,27,364,984,1.000000,1.000000,1.000000,1.000000,1,0,0,0
1350,25,364,985,1.000000,1.000000,1.000000,1.000000,0,0,1,0
1351,23,364,986,1.000000,1.000000,1.000000,1.000000,0,0,0,1
1352,29,365,986,1.000000,1.000000,1.000000,1.000000,0,0,0,1
1353,27,365,987,1.000000,1.000000,1.000000,1.000000,0,0,0,0
1354,29,366,987,1.000000,1.000000,1.000000,1.000000,0,0,0,0
1355,27,366,988,1.000000,1.000000,1.000000,1.000000,0,0,0,0
1356,25,366,989,1.000000,1.000000,1.000000,1.000000,0,0,0,0
1357,23,366,990,1.000000,1.000000,1.000000,1.000000,0,1,0,0
1358,21,366,991,1.000000,1.000000,1.000000,1.000000,0,0,0,0
1359,29,367,991,1.000000,1.000000,1.000000,1.000000,0,0,0,0
1360,27,367,992,1.000000,1.000000,1.000000,1.000000,0,0,0,0
1361,25,367,993,1.000000,1.000000,1.000000,1.000000,0,0,0,0
1362,23,367,994,1.000000,1.000000,1.000000,1.000000,0,0,0,0
1363,21,367,995,1.000000,1.000000,1.000000,1.000000,0,0,0,0
1364,19,367,996,1.000000,1.000000,1.000000,1.000000,0,0,0,0
1365,17,367,997,1.000000,1.000000,1.000000,1.000000,1,0,0,0
1366,15,367,998,1.000000,1.000000,1.000000,1.000000,0,0,0,0
1367,29,368,998,1.000000,1.000000,1.000000,1.000000,0,0,0,0
1368,27,368,999,1.000000,1.000000,1.000000,1.000000,0,0,0,0
1369,25,368,1000,1.000000,1.000000,1.000000,1.000000,1,0,0,1
1370,23,368,1001,1.000000,1.000000,1.000000,1.000000,0,0,0,0
1371,29,369,1001,1.000000,1.000000,1.000000,1.000000,0,0,0,0
1372,27,369,1002,1.000000,1.000000,1.000000,1.000000,0,0,0,0
1373,25,369,1003,1.000000,1.000000,1.000000,1.000000,0,0,0,0
1374,23,369,1004,1.000000,1.000000,1.000000,1.000000,0,0,0,0
1375,21,369,1005,1.000000,1.000000,1.000000,1.000000,0,0,0,0
1376,19,369,1006,1.000000,1.000000,1.000000,1.000000,0,0,0,0
1377,17,369,1007,1.000000,1.000000,1.000000,1.000000,0,0,0,0
1378,15,369,1008,1.000000,1.000000,1.000000,1.000000,0,0,0,1
1379,13,369,1009,1.000000,1.000000,1.000000,1.000000,0,0,0,0
1380,29,370,1009,1.000000,1.000000,1.000000,1.000000,0,0,0,0
1381,27,370,1010,1.000000,1.000000,1.000000,1.000000,0,0,0,0
1382,25,370,1011,1.000000,1.000000,1.000000,1.000000,0,0,0,0
1383,23,370,1012,1.000000,1.000000,1.000000,1.000000,0,0,0,0
1384,21,370,1013,1.000000,1.000000,1.000000,1.000000,0,0,0,0
1385,19,370,1014,1.000000,1.000000,1.000000,1.000000,0,0,0,0
1386,17,370,1015,1.000000,1.000000,1.000000,1.000000,0,0,0,0
1387,15,370,1016,1.000000,1.000000,1.000000,1.000000,0,0,0,0
1388,13,370,1017,1.000000,1.000000,1.000000,1.000000,0,0,0,1
1389,11,370,1018,1.000000,1.000000,1.000000,1.000000,0,0,0,0
1390,29,371,1018,1.000000,1.000000,1.000000,1.000000,0,0,0,0
1391,27,371,1019,1.000000,1.000000,1.000000,1.000000,0,0,0,1
1392,25,371,1020,1.000000,1.000000,1.000000,1.000000,0,0,0,0
1393,23,371,1021,1.000000,1.000000,1.000000,1.000000,0,0,0,0
1394,21,371,1022,1.000000,1.000000,1.000000,1.000000,0,0,1,0
1395,19,371,1023,1.000000,1.000000,1.000000,1.000000,0,0,0,0
1396,29,372,1023,1.000000,1.000000,1.000000,1.000000,0,0,0,0
1397,27,372,1024,1.000000,1.000000,1.000000,1.000000,0,0,0,0
1398,25,372,1025,1.000000,1.000000,1.000000,1.000000,0,0,0,0
1399,23,372,1026,1.000000,1.000000,1.000000,1.000000,0,0,1,0
1400,21,372,1027,1.000000,1.000000,1.000000,1.000000,0,0,0,0
1401,29,373,1027,1.000000,1.000000,1.000000,1.000000,0,0,0,0
1402,27,373,1028,1.000000,1.000000,1.000000,1.000000,0,1,1,0
1403,25,373,1029,1.000000,1.000000,1.000000,1.000000,0,0,0,0
1404,29,374,1029,1.000000,1.000000,1.000000,1.000000,0,0,0,0
1405,27,374,1030,1.000000,1.000000,1.000000,1.000000,0,0,0,0
1406,25,374,1031,1.000000,1.000000,1.000000,1.000000,0,0,0,0
1407,23,374,1032,1.000000,1.000000,1.000000,1.000000,0,1,0,0
1408,21,374,1033,1.000000,1.000000,1.000000,1.000000,0,0,0,0
1409,29,375,1033,1.000000,1.000000,1.000000,1.000000,0,0,0,0
1410,27,375,1034,1.000000,1.000000,1.000000,1.000000,0,0,0,0
1411,25,375,1035,1.000000,1.000000,1.000000,1.000000,0,0,0,0
1412,23,375,1036,1.000000,1.000000,1.000000,1.000000,0,0,0,0
1413,21,375,1037,1.000000,1.000000,1.000000,1.000000,0,0,0,0
1414,19,375,1038,1.000000,1.000000,1.000000,1.000000,0,0,0,0
1415,17,375,1039,1.000000,1.000000,1.000000,1.000000,0,1,0,0
1416,15,375,1040,1.000000,1.000000,1.000000,1.000000,0,0,0,0
1417,29,376,1040,1.000000,1.000000,1.000000,1.000000,0,0,0,0
1418,27,376,1041,1.000000,1.000000,1.000000,1.000000,0,0,0,0
1419,25,376,1042,1.000000,1.000000,1.000000,1.000000,0,1,1,0
1420,23,376,1043,1.000000,1.000000,1.000000,1.000000,0,0,0,1
1421,29,377,1043,1.000000,1.000000,1.000000,1.000000,0,0,0,1
1422,27,377,1044,1.000000,1.000000,1.000000,1.000000,0,0,0,0
1423,29,378,1044,1.000000,1.000000,1.000000,1.000000,0,0,0,0
1424,27,378,1045,1.000000,1.000000,1.000000,1.000000,0,0,1,0
1425,25,378,1046,1.000000,1.000000,1.000000,1.000000,0,1,0,1
1426,29,379,1046,1.000000,1.000000,1.000000,1.000000,0,1,0,1
1427,27,379,1047,1.000000,1.000000,1.000000,1.000000,0,0,0,0
1428,29,380,1047,1.000000,1.000000,1.000000,1.000000,0,0,0,0
1429,27,380,1048,1.000000,1.000000,1.000000,1.000000,0,0,0,0
1430,25,380,1049,1.000000,1.000000,1.000000,1.000000,0,0,0,0
1431,23,380,1050,1.000000,1.000000,1.000000,1.000000,0,0,0,0
1432,21,380,1051,1.000000,1.000000,1.000000,1.000000,0,0,0,0
1433,19,380,1052,1.000000,1.000000,1.000000,1.000000,0,0,0,0
1434,17,380,1053,1.000000,1.000000,1.000000,1.000000,0,0,0,0
1435,15,380,1054,1.000000,1.000000,1.000000,1.000000,0,0,0,0
1436,13,380,1055,1.000000,1.000000,1.000000,1.000000,0,0,0,0
1437,11,380,1056,1.000000,1.000000,1.000000,1.000000,0,0,0,0
1438,9,380,1057,1.000000,1.000000,1.000000,1.000000,0,0,0,0
1439,7,380,1058,1.000000,1.000000,1.000000,1.000000,1,0,0,0
1440,5,380,1059,1.000000,1.000000,1.000000,1.000000,0,0,0,1
1441,29,381,1059,1.000000,1.000000,1.000000,1.000000,0,0,0,1
1442,27,381,1060,1.000000,1.000000,1.000000,1.000000,0,0,0,0
1443,29,382,1060,1.000000,1.000000,1.000000,1.000000,0,0,0,0
1444,27,382,1061,1.000000,1.000000,1.000000,1.000000,0,0,0,0
1445,25,382,1062,1.000000,1.000000,1.000000,1.000000,1,0,0,0
1446,23,382,1063,1.000000,1.000000,1.000000,1.000000,0,0,0,0
1447,29,383,1063,1.000000,1.000000,1.000000,1.000000,0,0,0,0
1448,27,383,1064,1.000000,1.000000,1.000000,1.000000,0,0,0,0
1449,25,383,1065,1.000000,1.000000,1.000000,1.000000,0,0,0,0
1450,23,383,1066,1.000000,1.000000,1.000000,1.000000,0,0,0,0
1451,21,383,1067,1.000000,1.000000,1.000000,1.000000,0,0,1,0
1452,19,383,1068,1.000000,1.000000,1.000000,1.000000,0,0,1,1
1453,17,383,1069,1.000000,1.000000,1.000000,1.000000,0,1,0,0
1454,29,384,1069,1.000000,1.000000,1.000000,1.000000,0,1,0,0
1455,27,384,1070,1.000000,1.000000,1.000000,1.000000,0,1,0,0
1456,29,385,1070,1.000000,1.000000,1.000000,1.000000,0,1,0,0
1457,27,385,1071,1.000000,1.000000,1.000000,1.000000,0,0,0,0
1458,29,386,1071,1.000000,1.000000,1.000000,1.000000,0,0,0,0
1459,27,386,1072,1.000000,1.000000,1.000000,1.000000,0,0,0,0
1460,25,386,1073,1.000000,1.000000,1.000000,1.000000,0,0,0,0
1461,23,386,1074,1.000000,1.000000,1.000000,1.000000,0,0,0,0
1462,21,386,1075,1.000000,1.000000,1.000000,1.000000,0,0,0,0
1463,19,386,1076,1.000000,1.000000,1.000000,1.000000,0,0,0,0
1464,17,386,1077,1.000000,1.000000,1.000000,1.000000,0,1,0,0
1465,15,386,1078,1.000000,1.000000,1.000000,1.000000,0,0,0,0
1466,29,387,1078,1.000000,1.000000,1.000000,1.000000,0,0,0,0
1467,27,387,1079,1.000000,1.000000,1.000000,1.000000,0,0,0,0
1468,25,387,1080,1.000000,1.000000,1.000000,1.000000,0,0,0,0
1469,23,387,1081,1.000000,1.000000,1.000000,1.000000,0,0,1,0
1470,21,387,1082,1.000000,1.000000,1.000000,1.000000,0,0,0,1
1471,29,388,1082,1.000000,1.000000,1.000000,1.000000,0,0,0,1
1472,27,388,1083,1.000000,1.000000,1.000000,1.000000,0,0,0,0
1473,25,388,1084,1.000000,1.000000,1.000000,1.000000,0,0,0,0
1474,23,388,1085,1.000000,1.000000,1.000000,1.000000,1,0,0,0
1475,21,388,1086,1.000000,1.000000,1.000000,1.000000,0,0,0,0
1476,19,388,1087,1.000000,1.000000,1.000000,1.000000,0,0,1,0
1477,17,388,1088,1.000000,1.000000,1.000000,1.000000,0,0,0,0
1478,29,389,1088,1.000000,1.000000,1.000000,1.000000,0,0,0,0
1479,27,389,1089,1.000000,1.000000,1.000000,1.000000,0,0,0,0
1480,25,389,1090,1.000000,1.000000,1.000000,1.000000,0,0,0,0
1481,23,389,1091,1.000000,1.000000,1.000000,1.000000,0,0,0,0
1482,21,389,1092,1.000000,1.000000,1.000000,1.000000,0,0,0,0
1483,19,389,1093,1.000000,1.000000,1.000000,1.000000,0,0,0,0
1484,17,389,1094,1.000000,1.000000,1.000000,1.000000,0,0,0,0
1485,15,389,1095,1.000000,1.000000,1.000000,1.000000,0,0,0,0
1486,13,389,1096,1.000000,1.000000,1.000000,1.000000,0,0,0,0
1487,11,389,1097,1.000000,1.000000,1.000000,1.000000,0,0,0,0
1488,9,389,1098,1.000000,1.000000,1.000000,1.000000,1,0,0,0
1489,7,389,1099,1.000000,1.000000,1.000000,1.000000,0,0,0,1
1490,5,389,1100,1.000000,1.000000,1.000000,1.000000,0,1,0,0
1491,29,390,1100,1.000000,1.000000,1.000000,1.000000,0,1,0,0
1492,27,390,1101,1.000000,1.000000,1.000000,1.000000,0,0,0,0
1493,25,390,1102,1.000000,1.000000,1.000000,1.000000,1,0,1,0
1494,23,390,1103,1.000000,1.000000,1.000000,1.000000,0,0,0,1
1495,29,391,1103,1.000000,1.000000,1.000000,1.000000,0,0,0,1
1496,27,391,1104,1.000000,1.000000,1.000000,1.000000,0,0,0,0
1497,29,392,1104,1.000000,1.000000,1.000000,1.000000,0,0,0,0
1498,27,392,1105,1.000000,1.000000,1.000000,1.000000,0,0,0,0
1499,25,392,1106,1.000000,1.000000,1.000000,1.000000,1,0,0,0
1500,23,392,1107,1.000000,1.000000,1.000000,1.000000,0,0,0,0
1501,29,393,1107,1.000000,1.000000,1.000000,1.000000,0,0,0,0
1502,27,393,1108,1.000000,1.000000,1.000000,1.000000,1,0,0,0
1503,25,393,1109,1.000000,1.000000,1.000000,1.000000,0,1,0,0
1504,29,394,1109,1.000000,1.000000,1.000000,1.000000,0,1,0,0
1505,27,394,1110,1.000000,1.000000,1.000000,1.000000,0,0,0,0
1506,29,395,1110,1.000000,1.000000,1.000000,1.000000,0,0,0,0
1507,27,395,1111,1.000000,1.000000,1.000000,1.000000,0,0,0,0
1508,25,395,1112,1.000000,1.000000,1.000000,1.000000,0,0,0,0
1509,23,395,1113,1.000000,1.000000,1.000000,1.000000,0,0,0,0
1510,21,395,1114,1.000000,1.000000,1.000000,1.000000,0,0,0,0
1511,19,395,1115,1.000000,1.000000,1.000000,1.000000,0,0,0,0
1512,17,395,1116,1.000000,1.000000,1.000000,1.000000,0,0,0,0
1513,15,395,1117,1.000000,1.000000,1.000000,1.000000,0,0,0,0
1514,13,395,1118,1.000000,1.000000,1.000000,1.000000,0,0,0,0
1515,11,395,1119,1.000000,1.000000,1.000000,1.000000,0,0,0,0
1516,9,395,1120,1.000000,1.000000,1.000000,1.000000,0,0,0,0
1517,7,395,1121,1.000000,1.000000,1.000000,1.000000,0,0,1,0
1518,5,395,1122,1.000000,1.000000,1.000000,1.000000,0,0,0,0
1519,29,396,1122,1.000000,1.000000,1.000000,1.000000,0,0,0,0
1520,27,396,1123,1.000000,1.000000,1.000000,1.000000,0,0,0,0
1521,25,396,1124,1.000000,1.000000,1.000000,1.000000,0,0,0,0
1522,23,396,1125,1.000000,1.000000,1.000000,1.000000,0,0,0,0
1523,21,396,1126,1.000000,1.000000,1.000000,1.000000,0,0,0,0
1524,19,396,1127,1.000000,1.000000,1.000000,1.000000,0,0,0,0
1525,17,396,1128,1.000000,1.000000,1.000000,1.000000,0,0,0,0
1526,15,396,1129,1.000000,1.000000,1.000000,1.000000,0,0,1,0
1527,13,396,1130,1.000000,1.000000,1.000000,1.000000,0,1,0,0
1528,29,397,1130,1.000000,1.000000,1.000000,1.000000,0,1,0,0
1529,27,397,1131,1.000000,1.000000,1.000000,1.000000,0,1,0,0
1530,29,398,1131,1.000000,1.000000,1.000000,1.000000,0,1,0,0
1531,27,398,1132,1.000000,1.000000,1.000000,1.000000,0,0,0,0
1532,25,398,1133,1.000000,1.000000,1.000000,1.000000,1,1,0,0
1533,23,398,1134,1.000000,1.000000,1.000000,1.000000,0,0,0,0
1534,29,399,1134,1.000000,1.000000,1.000000,1.000000,0,0,0,0
1535,27,399,1135,1.000000,1.000000,1.000000,1.000000,0,1,1,0
1536,25,399,1136,1.000000,1.000000,1.000000,1.000000,0,1,0,0
1537,23,399,1137,1.000000,1.000000,1.000000,1.000000,1,1,1,1
1538,29,400,1137,1.000000,1.000000,1.000000,1.000000,1,1,1,1
1539,27,400,1138,1.000000,1.000000,1.000000,1.000000,0,0,0,0
1540,29,401,1138,1.000000,1.000000,1.000000,1.000000,0,0,0,0
1541,27,401,1139,1.000000,1.000000,1.000000,1.000000,1,1,1,0
1542,25,401,1140,1.000000,1.000000,1.000000,1.000000,0,1,0,0
1543,23,401,1141,1.000000,1.000000,1.000000,1.000000,0,0,1,1
1544,29,402,1141,1.000000,1.000000,1.000000,1.000000,0,0,1,1
1545,27,402,1142,1.000000,1.000000,1.000000,1.000000,0,0,0,0
1546,29,403,1142,1.000000,1.000000,1.000000,1.000000,0,0,0,0
1547,27,403,1143,1.000000,1.000000,1.000000,1.000000,0,0,0,0
1548,25,403,1144,1.000000,1.000000,1.000000,1.000000,0,0,0,0
1549,29,404,1144,1.000000,1.000000,1.000000,1.000000,0,0,0,0
1550,27,404,1145,1.000000,1.000000,1.000000,1.000000,1,0,0,0
1551,25,404,1146,1.000000,1.000000,1.000000,1.000000,1,0,0,1
1552,23,404,1147,1.000000,1.000000,1.000000,1.000000,0,1,0,1
1553,29,405,1147,1.000000,1.000000,1.000000,1.000000,0,1,0,1
1554,27,405,1148,1.000000,1.000000,1.000000,1.000000,1,0,0,0
1555,29,406,1148,1.000000,1.000000,1.000000,1.000000,1,0,0,0
1556,27,406,1149,1.000000,1.000000,1.000000,1.000000,0,0,0,0
1557,29,407,1149,1.000000,1.000000,1.000000,1.000000,0,0,0,0
1558,27,407,1150,1.000000,1.000000,1.000000,1.000000,0,0,0,0
1559,25,407,1151,1.000000,1.000000,1.000000,1.000000,0,0,0,0
1560,23,407,1152,1.000000,1.000000,1.000000,1.000000,0,0,0,1
1561,21,407,1153,1.000000,1.000000,1.000000,1.000000,0,0,0,0
1562,29,408,1153,1.000000,1.000000,1.000000,1.000000,0,0,0,0
1563,27,408,1154,1.000000,1.000000,1.000000,1.000000,0,0,0,0
1564,25,408,1155,1.000000,1.000000,1.000000,1.000000,0,0,0,0
1565,23,408,1156,1.000000,1.000000,1.000000,1.000000,0,0,0,0
1566,21,408,1157,1.000000,1.000000,1.000000,1.000000,0,0,0,0
1567,19,408,1158,1.000000,1.000000,1.000000,1.000000,1,0,0,0
1568,17,408,1159,1.000000,1.000000,1.000000,1.000000,0,0,0,1
1569,29,409,1159,1.000000,1.000000,1.000000,1.000000,0,0,0,1
1570,27,409,1160,1.000000,1.000000,1.000000,1.000000,1,0,0,1
1571,29,410,1160,1.000000,1.000000,1.000000,1.000000,1,0,0,1
1572,27,410,1161,1.000000,1.000000,1.000000,1.000000,1,0,0,0
1573,29,411,1161,1.000000,1.000000,1.000000,1.000000,1,0,0,0
1574,27,411,1162,1.000000,1.000000,1.000000,1.000000,0,0,0,0
1575,29,412,1162,1.000000,1.000000,1.000000,1.000000,0,0,0,0
1576,27,412,1163,1.000000,1.000000,1.000000,1.000000,0,0,0,0
1577,25,412,1164,1.000000,1.000000,1.000000,1.000000,0,0,1,1
1578,23,412,1165,1.000000,1.000000,1.000000,1.000000,1,0,0,0
1579,29,413,1165,1.000000,1.000000,1.000000,1.000000,1,0,0,0
1580,27,413,1166,1.000000,1.000000,1.000000,1.000000,1,0,0,1
1581,29,414,1166,1.000000,1.000000,1.000000,1.000000,1,0,0,1
1582,27,414,1167,1.000000,1.000000,1.000000,1.000000,0,0,0,0
1583,29,415,1167,1.000000,1.000000,1.000000,1.000000,0,0,0,0
1584,27,415,1168,1.000000,1.000000,1.000000,1.000000,1,0,0,0
1585,25,415,1169,1.000000,1.000000,1.000000,1.000000,0,1,0,0
1586,29,416,1169,1.000000,1.000000,1.000000,1.000000,0,1,0,0
1587,27,416,1170,1.000000,1.000000,1.000000,1.000000,0,0,0,0
1588,29,417,1170,1.000000,1.000000,1.000000,1.000000,0,0,0,0
1589,27,417,1171,1.000000,1.000000,1.000000,1.000000,0,0,1,0
1590,25,417,1172,1.000000,1.000000,1.000000,1.000000,0,0,1,0
1591,29,418,1172,1.000000,1.000000,1.000000,1.000000,0,0,1,0
1592,27,418,1173,1.000000,1.000000,1.000000,1.000000,0,0,1,0
1593,29,419,1173,1.000000,1.000000,1.000000,1.000000,0,0,1,0
1594,27,419,1174,1.000000,1.000000,1.000000,1.000000,0,1,0,1
1595,29,420,1174,1.000000,1.000000,1.000000,1.000000,0,1,0,1
1596,27,420,1175,1.000000,1.000000,1.000000,1.000000,0,0,0,0
1597,29,421,1175,1.000000,1.000000,1.000000,1.000000,0,0,0,0
1598,27,421,1176,1.000000,1.000000,1.000000,1.000000,0,0,0,1
1599,25,421,1177,1.000000,1.000000,1.000000,1.000000,0,0,0,0
1600,29,422,1177,1.000000,1.000000,1.000000,1.000000,0,0,0,0
1601,27,422,1178,1.000000,1.000000,1.000000,1.000000,0,0,0,1
1602,25,422,1179,1.000000,1.000000,1.000000,1.000000,1,0,0,0
1603,29,423,1179,1.000000,1.000000,1.000000,1.000000,1,0,0,0
1604,27,423,1180,1.000000,1.000000,1.000000,1.000000,1,0,0,1
1605,25,423,1181,1.000000,1.000000,1.000000,1.000000,0,1,0,0
1606,29,424,1181,1.000000,1.000000,1.000000,1.000000,0,1,0,0
1607,27,424,1182,1.000000,1.000000,1.000000,1.000000,1,0,0,0
1608,25,424,1183,1.000000,1.000000,1.000000,1.000000,0,1,1,0
1609,29,425,1183,1.000000,1.000000,1.000000,1.000000,0,1,1,0
1610,27,425,1184,1.000000,1.000000,1.000000,1.000000,0,0,0,0
1611,29,426,1184,1.000000,1.000000,1.000000,1.000000,0,0,0,0
1612,27,426,1185,1.000000,1.000000,1.000000,1.000000,1,1,0,0
1613,25,426,1186,1.000000,1.000000,1.000000,1.000000,0,0,0,0
1614,29,427,1186,1.000000,1.000000,1.000000,1.000000,0,0,0,0
1615,27,427,1187,1.000000,1.000000,1.000000,1.000000,0,1,0,0
1616,25,427,1188,1.000000,1.000000,1.000000,1.000000,0,0,1,0
1617,29,428,1188,1.000000,1.000000,1.000000,1.000000,0,0,1,0
1618,27,428,1189,1.000000,1.000000,1.000000,1.000000,0,0,1,0
1619,25,428,1190,1.000000,1.000000,1.000000,1.000000,1,1,0,1
1620,29,429,1190,1.000000,1.000000,1.000000,1.000000,1,1,0,1
1621,27,429,1191,1.000000,1.000000,1.000000,1.000000,0,0,0,0
1622,29,430,1191,1.000000,1.000000,1.000000,1.000000,0,0,0,0
1623,27,430,1192,1.000000,1.000000,1.000000,1.000000,0,1,1,0
1624,25,430,1193,1.000000,1.000000,1.000000,1.000000,0,0,0,0
1625,29,431,1193,1.000000,1.000000,1.000000,1.000000,0,0,0,0
1626,27,431,1194,1.000000,1.000000,1.000000,1.000000,0,0,1,0
1627,25,431,1195,1.000000,1.000000,1.000000,1.000000,0,0,0,0
1628,29,432,1195,1.000000,1.000000,1.000000,1.000000,0,0,0,0
1629,27,432,1196,1.000000,1.000000,1.000000,1.000000,0,0,0,0
1630,25,432,1197,1.000000,1.000000,1.000000,1.000000,0,0,0,0
1631,23,432,1198,1.000000,1.000000,1.000000,1.000000,0,0,0,0
1632,21,432,1199,1.000000,1.000000,1.000000,1.000000,0,0,0,0
1633,19,432,1200,1.000000,1.000000,1.000000,1.000000,0,1,0,0
1634,17,432,1201,1.000000,1.000000,1.000000,1.000000,1,0,0,0
1635,29,433,1201,1.000000,1.000000,1.000000,1.000000,1,0,0,0
1636,27,433,1202,1.000000,1.000000,1.000000,1.000000,0,1,0,0
1637,29,434,1202,1.000000,1.000000,1.000000,1.000000,0,1,0,0
1638,27,434,1203,1.000000,1.000000,1.000000,1.000000,0,1,0,0
1639,29,435,1203,1.000000,1.000000,1.000000,1.000000,0,1,0,0
1640,27,435,1204,1.000000,1.000000,1.000000,1.000000,0,1,0,0
1641,29,436,1204,1.000000,1.000000,1.000000,1.000000,0,1,0,0
1642,27,436,1205,1.000000,1.000000,1.000000,1.000000,0,0,0,0
1643,29,437,1205,1.000000,1.000000,1.000000,1.000000,0,0,0,0
1644,27,437,1206,1.000000,1.000000,1.000000,1.000000,0,0,0,0
1645,25,437,1207,1.000000,1.000000,1.000000,1.000000,0,0,0,0
1646,23,437,1208,1.000000,1.000000,1.000000,1.000000,0,0,0,0
1647,21,437,1209,1.000000,1.000000,1.000000,1.000000,0,0,0,0
1648,19,437,1210,1.000000,1.000000,1.000000,1.000000,0,0,0,0
1649,17,437,1211,1.000000,1.000000,1.000000,1.000000,0,0,0,0
1650,15,437,1212,1.000000,1.000000,1.000000,1.000000,0,0,0,0
1651,13,437,1213,1.000000,1.000000,1.000000,1.000000,0,0,0,0
1652,11,437,1214,1.000000,1.000000,1.000000,1.000000,0,0,0,0
1653,9,437,1215,1.000000,1.000000,1.000000,1.000000,0,0,0,0
1654,7,437,1216,1.000000,1.000000,1.000000,1.000000,0,0,0,0
1655,5,437,1217,1.000000,1.000000,1.000000,1.000000,1,0,0,0
1656,3,437,1218,1.000000,1.000000,1.000000,1.000000,0,0,0,1
1657,29,438,1218,1.000000,1.000000,1.000000,1.000000,0,1,0,1
1658,27,438,1219,1.000000,1.000000,1.000000,1.000000,0,0,0,0
1659,29,439,1219,1.000000,1.000000,1.000000,1.000000,0,0,0,0
1660,27,439,1220,1.000000,1.000000,1.000000,1.000000,0,0,0,1
1661,25,439,1221,1.000000,1.000000,1.000000,1.000000,0,0,0,1
1662,23,439,1222,1.000000,1.000000,1.000000,1.000000,0,1,1,0
1663,21,439,1223,1.000000,1.000000,1.000000,1.000000,1,0,0,0
1664,29,440,1223,1.000000,1.000000,1.000000,1.000000,1,0,0,0
1665,27,440,1224,1.000000,1.000000,1.000000,1.000000,0,1,0,0
1666,29,441,1224,1.000000,1.000000,1.000000,1.000000,0,1,0,0
1667,27,441,1225,1.000000,1.000000,1.000000,1.000000,0,0,0,0
1668,29,442,1225,1.000000,1.000000,1.000000,1.000000,0,0,0,0
1669,27,442,1226,1.000000,1.000000,1.000000,1.000000,0,0,0,0
1670,25,442,1227,1.000000,1.000000,1.000000,1.000000,0,0,0,0
1671,23,442,1228,1.000000,1.000000,1.000000,1.000000,0,0,0,0
1672,21,442,1229,1.000000,1.000000,1.000000,1.000000,0,0,0,0
1673,19,442,1230,1.000000,1.000000,1.000000,1.000000,0,0,0,0
1674,17,442,1231,1.000000,1.000000,1.000000,1.000000,0,0,0,0
1675,15,442,1232,1.000000,1.000000,1.000000,1.000000,1,0,1,0
1676,13,442,1233,1.000000,1.000000,1.000000,1.000000,0,0,0,0
1677,29,443,1233,1.000000,1.000000,1.000000,1.000000,0,0,0,0
1678,27,443,1234,1.000000,1.000000,1.000000,1.000000,0,0,0,0
1679,25,443,1235,1.000000,1.000000,1.000000,1.000000,0,0,1,0
1680,23,443,1236,1.000000,1.000000,1.000000,1.000000,0,1,0,0
1681,21,443,1237,1.000000,1.000000,1.000000,1.000000,0,1,0,1
1682,29,444,1237,1.000000,1.000000,1.000000,1.000000,0,1,0,1
1683,27,444,1238,1.000000,1.000000,1.000000,1.000000,1,0,0,0
1684,29,445,1238,1.000000,1.000000,1.000000,1.000000,1,0,0,0
1685,27,445,1239,1.000000,1.000000,1.000000,1.000000,0,0,0,0
1686,29,446,1239,1.000000,1.000000,1.000000,1.000000,0,0,0,0
1687,27,446,1240,1.000000,1.000000,1.000000,1.000000,0,0,0,0
1688,25,446,1241,1.000000,1.000000,1.000000,1.000000,0,0,1,0
1689,23,446,1242,1.000000,1.000000,1.000000,1.000000,0,0,0,0
1690,29,447,1242,1.000000,1.000000,1.000000,1.000000,0,0,0,0
1691,27,447,1243,1.000000,1.000000,1.000000,1.000000,0,1,1,0
1692,25,447,1244,1.000000,1.000000,1.000000,1.000000,0,1,1,0
1693,29,448,1244,1.000000,1.000000,1.000000,1.000000,0,1,1,0
1694,27,448,1245,1.000000,1.000000,1.000000,1.000000,0,1,1,1
1695,29,449,1245,1.000000,1.000000,1.000000,1.000000,0,1,1,1
1696,27,449,1246,1.000000,1.000000,1.000000,1.000000,1,1,1,0
1697,25,449,1247,1.000000,1.000000,1.000000,1.000000,1,0,0,1
1698,29,450,1247,1.000000,1.000000,1.000000,1.000000,1,0,0,1
1699,27,450,1248,1.000000,1.000000,1.000000,1.000000,1,1,0,0
1700,29,451,1248,1.000000,1.000000,1.000000,1.000000,1,1,0,0
1701,27,451,1249,1.000000,1.000000,1.000000,1.000000,0,0,0,0
1702,29,452,1249,1.000000,1.000000,1.000000,1.000000,0,0,0,0
1703,27,452,1250,1.000000,1.000000,1.000000,1.000000,1,0,0,0
1704,25,452,1251,1.000000,1.000000,1.000000,1.000000,0,0,0,0
1705,29,453,1251,1.000000,1.000000,1.000000,1.000000,0,0,0,0
1706,27,453,1252,1.000000,1.000000,1.000000,1.000000,0,0,0,0
1707,25,453,1253,1.000000,1.000000,1.000000,1.000000,0,0,0,1
1708,23,453,1254,1.000000,1.000000,1.000000,1.000000,0,0,0,0
1709,29,454,1254,1.000000,1.000000,1.000000,1.000000,1,0,0,0
1710,27,454,1255,1.000000,1.000000,1.000000,1.000000,1,0,0,1
1711,29,455,1255,1.000000,1.000000,1.000000,1.000000,1,0,0,1
1712,27,455,1256,1.000000,1.000000,1.000000,1.000000,0,0,0,0
1713,29,456,1256,1.000000,1.000000,1.000000,1.000000,0,0,0,0
1714,27,456,1257,1.000000,1.000000,1.000000,1.000000,1,1,0,0
1715,25,456,1258,1.000000,1.000000,1.000000,1.000000,0,0,0,0
1716,29,457,1258,1.000000,1.000000,1.000000,1.000000,0,0,0,0
1717,27,457,1259,1.000000,1.000000,1.000000,1.000000,0,0,0,1
1718,25,457,1260,1.000000,1.000000,1.000000,1.000000,1,0,0,1
1719,29,458,1260,1.000000,1.000000,1.000000,1.000000,1,0,0,1
1720,27,458,1261,1.000000,1.000000,1.000000,1.000000,0,0,0,1
1721,29,459,1261,1.000000,1.000000,1.000000,1.000000,0,0,0,1
1722,27,459,1262,1.000000,1.000000,1.000000,1.000000,0,0,0,0
1723,29,460,1262,1.000000,1.000000,1.000000,1.000000,0,0,0,0
1724,27,460,1263,1.000000,1.000000,1.000000,1.000000,0,0,0,0
1725,25,460,1264,1.000000,1.000000,1.000000,1.000000,1,1,0,0
1726,23,460,1265,1.000000,1.000000,1.000000,1.000000,0,0,0,0
1727,29,461,1265,1.000000,1.000000,1.000000,1.000000,0,0,0,0
1728,27,461,1266,1.000000,1.000000,1.000000,1.000000,0,0,0,0
1729,25,461,1267,1.000000,1.000000,1.000000,1.000000,0,0,0,0
1730,23,461,1268,1.000000,1.000000,1.000000,1.000000,0,0,0,0
1731,21,461,1269,1.000000,1.000000,1.000000,1.000000,0,0,0,0
1732,19,461,1270,1.000000,1.000000,1.000000,1.000000,0,0,0,0
1733,17,461,1271,1.000000,1.000000,1.000000,1.000000,0,0,0,0
1734,15,461,1272,1.000000,1.000000,1.000000,1.000000,0,0,0,0
1735,13,461,1273,1.000000,1.000000,1.000000,1.000000,0,0,0,0
1736,11,461,1274,1.000000,1.000000,1.000000,1.000000,0,0,0,1
1737,9,461,1275,1.000000,1.000000,1.000000,1.000000,0,0,0,0
1738,29,462,1275,1.000000,1.000000,1.000000,1.000000,0,0,0,0
1739,27,462,1276,1.000000,1.000000,1.000000,1.000000,0,0,1,0
1740,25,462,1277,1.000000,1.000000,1.000000,1.000000,0,1,0,1
1741,23,462,1278,1.000000,1.000000,1.000000,1.000000,0,1,0,0
1742,29,463,1278,1.000000,1.000000,1.000000,1.000000,0,1,0,0
1743,27,463,1279,1.000000,1.000000,1.000000,1.000000,0,1,0,0
1744,29,464,1279,1.000000,1.000000,1.000000,1.000000,0,1,0,0
1745,27,464,1280,1.000000,1.000000,1.000000,1.000000,1,0,0,0
1746,25,464,1281,1.000000,1.000000,1.000000,1.000000,0,0,1,0
1747,29,465,1281,1.000000,1.000000,1.000000,1.000000,0,0,1,0
1748,27,465,1282,1.000000,1.000000,1.000000,1.000000,0,0,0,0
1749,29,466,1282,1.000000,1.000000,1.000000,1.000000,0,0,0,0
1750,27,466,1283,1.000000,1.000000,1.000000,1.000000,0,0,0,0
1751,25,466,1284,1.000000,1.000000,1.000000,1.000000,0,0,0,0
1752,23,466,1285,1.000000,1.000000,1.000000,1.000000,0,0,0,0
1753,21,466,1286,1.000000,1.000000,1.000000,1.000000,0,0,0,0
1754,19,466,1287,1.000000,1.000000,1.000000,1.000000,0,0,0,0
1755,17,466,1288,1.000000,1.000000,1.000000,1.000000,0,0,0,0
1756,15,466,1289,1.000000,1.000000,1.000000,1.000000,0,0,0,0
1757,13,466,1290,1.000000,1.000000,1.000000,1.000000,0,0,0,0
1758,11,466,1291,1.000000,1.000000,1.000000,1.000000,1,1,1,0
1759,9,466,1292,1.000000,1.000000,1.000000,1.000000,0,1,0,0
1760,29,467,1292,1.000000,1.000000,1.000000,1.000000,0,1,0,0
1761,27,467,1293,1.000000,1.000000,1.000000,1.000000,1,1,1,0
1762,29,468,1293,1.000000,1.000000,1.000000,1.000000,1,1,1,0
1763,27,468,1294,1.000000,1.000000,1.000000,1.000000,0,1,0,0
1764,29,469,1294,1.000000,1.000000,1.000000,1.000000,0,1,0,0
1765,27,469,1295,1.000000,1.000000,1.000000,1.000000,1,0,0,0
1766,29,470,1295,1.000000,1.000000,1.000000,1.000000,1,0,0,0
1767,27,470,1296,1.000000,1.000000,1.000000,1.000000,1,1,0,0
1768,29,471,1296,1.000000,1.000000,1.000000,1.000000,1,1,0,0
1769,27,471,1297,1.000000,1.000000,1.000000,1.000000,0,0,0,0
1770,29,472,1297,1.000000,1.000000,1.000000,1.000000,0,0,0,0
1771,27,472,1298,1.000000,1.000000,1.000000,1.000000,0,1,0,0
1772,25,472,1299,1.000000,1.000000,1.000000,1.000000,0,0,0,0
1773,29,473,1299,1.000000,1.000000,1.000000,1.000000,0,0,0,0
1774,27,473,1300,1.000000,1.000000,1.000000,1.000000,0,0,0,0
1775,25,473,1301,1.000000,1.000000,1.000000,1.000000,0,0,1,0
1776,23,473,1302,1.000000,1.000000,1.000000,1.000000,0,0,1,0
1777,21,473,1303,1.000000,1.000000,1.000000,1.000000,1,0,0,0
1778,29,474,1303,1.000000,1.000000,1.000000,1.000000,1,0,0,0
1779,27,474,1304,1.000000,1.000000,1.000000,1.000000,0,0,0,0
1780,29,475,1304,1.000000,1.000000,1.000000,1.000000,0,0,0,0
1781,27,475,1305,1.000000,1.000000,1.000000,1.000000,0,0,0,0
1782,25,475,1306,1.000000,1.000000,1.000000,1.000000,0,0,0,0
1783,23,475,1307,1.000000,1.000000,1.000000,1.000000,0,0,0,0
1784,21,475,1308,1.000000,1.000000,1.000000,1.000000,0,0,0,0
1785,19,475,1309,1.000000,1.000000,1.000000,1.000000,1,1,0,0
1786,17,475,1310,1.000000,1.000000,1.000000,1.000000,1,0,0,0
1787,29,476,1310,1.000000,1.000000,1.000000,1.000000,1,0,0,0
1788,27,476,1311,1.000000,1.000000,1.000000,1.000000,0,1,0,0
1789,25,476,1312,1.000000,1.000000,1.000000,1.000000,0,0,0,1
1790,29,477,1312,1.000000,1.000000,1.000000,1.000000,0,0,0,1
1791,27,477,1313,1.000000,1.000000,1.000000,1.000000,0,0,0,0
1792,29,478,1313,1.000000,1.000000,1.000000,1.000000,0,0,0,0
1793,27,478,1314,1.000000,1.000000,1.000000,1.000000,0,0,0,0
1794,25,478,1315,1.000000,1.000000,1.000000,1.000000,0,0,1,0
1795,23,478,1316,1.000000,1.000000,1.000000,1.000000,0,1,0,0
1796,29,479,1316,1.000000,1.000000,1.000000,1.000000,0,1,0,0
1797,27,479,1317,1.000000,1.000000,1.000000,1.000000,0,0,0,0
1798,29,480,1317,1.000000,1.000000,1.000000,1.000000,0,0,0,0
1799,27,480,1318,1.000000,1.000000,1.000000,1.000000,0,0,0,0
1800,25,480,1319,1.000000,1.000000,1.000000,1.000000,0,0,0,0
1801,23,480,1320,1.000000,1.000000,1.000000,1.000000,0,0,0,0
1802,21,480,1321,1.000000,1.000000,1.000000,1.000000,0,0,0,0
1803,19,480,1322,1.000000,1.000000,1.000000,1.000000,0,0,0,0
1804,17,480,1323,1.000000,1.000000,1.000000,1.000000,0,0,0,0
1805,15,480,1324,1.000000,1.000000,1.000000,1.000000,0,0,0,0
1806,13,480,1325,1.000000,1.000000,1.000000,1.000000,0,0,0,0
1807,11,480,1326,1.000000,1.000000,1.000000,1.000000,0,1,0,0
1808,9,480,1327,1.000000,1.000000,1.000000,1.000000,0,1,0,0
1809,29,481,1327,1.000000,1.000000,1.000000,1.000000,0,1,0,0
1810,27,481,1328,1.000000,1.000000,1.000000,1.000000,0,1,0,0
1811,29,482,1328,1.000000,1.000000,1.000000,1.000000,0,1,0,0
1812,27,482,1329,1.000000,1.000000,1.000000,1.000000,0,0,1,0
1813,29,483,1329,1.000000,1.000000,1.000000,1.000000,0,0,1,0
1814,27,483,1330,1.000000,1.000000,1.000000,1.000000,0,1,0,0
1815,29,484,1330,1.000000,1.000000,1.000000,1.000000,0,1,0,0
1816,27,484,1331,1.000000,1.000000,1.000000,1.000000,0,0,0,0
1817,29,485,1331,1.000000,1.000000,1.000000,1.000000,0,0,0,0
1818,27,485,1332,1.000000,1.000000,1.000000,1.000000,0,0,0,0
1819,25,485,1333,1.000000,1.000000,1.000000,1.000000,0,0,0,0
1820,23,485,1334,1.000000,1.000000,1.000000,1.000000,1,0,0,0
1821,21,485,1335,1.000000,1.000000,1.000000,1.000000,1,1,0,0
1822,19,485,1336,1.000000,1.000000,1.000000,1.000000,1,0,0,1
1823,29,486,1336,1.000000,1.000000,1.000000,1.000000,1,0,0,1
1824,27,486,1337,1.000000,1.000000,1.000000,1.000000,0,0,0,0
1825,29,487,1337,1.000000,1.000000,1.000000,1.000000,0,0,0,0
1826,27,487,1338,1.000000,1.000000,1.000000,1.000000,0,1,0,0
1827,25,487,1339,1.000000,1.000000,1.000000,1.000000,0,0,0,0
1828,29,488,1339,1.000000,1.000000,1.000000,1.000000,0,0,0,0
1829,27,488,1340,1.000000,1.000000,1.000000,1.000000,0,0,0,0
1830,25,488,1341,1.000000,1.000000,1.000000,1.000000,0,0,0,0
1831,23,488,1342,1.000000,1.000000,1.000000,1.000000,1,0,0,0
1832,21,488,1343,1.000000,1.000000,1.000000,1.000000,0,0,0,1
1833,29,489,1343,1.000000,1.000000,1.000000,1.000000,0,0,0,1
1834,27,489,1344,1.000000,1.000000,1.000000,1.000000,1,0,0,0
1835,29,490,1344,1.000000,1.000000,1.000000,1.000000,1,0,0,0
1836,27,490,1345,1.000000,1.000000,1.000000,1.000000,1,0,0,0
1837,29,491,1345,1.000000,1.000000,1.000000,1.000000,1,0,0,0
1838,27,491,1346,1.000000,1.000000,1.000000,1.000000,0,0,0,1
1839,25,491,1347,1.000000,1.000000,1.000000,1.000000,0,1,0,0
1840,29,492,1347,1.000000,1.000000,1.000000,1.000000,0,1,0,0
1841,27,492,1348,1.000000,1.000000,1.000000,1.000000,0,0,0,0
1842,29,493,1348,1.000000,1.000000,1.000000,1.000000,0,0,0,0
1843,27,493,1349,1.000000,1.000000,1.000000,1.000000,0,0,0,0
1844,25,493,1350,1.000000,1.000000,1.000000,1.000000,0,0,0,1
1845,23,493,1351,1.000000,1.000000,1.000000,1.000000,0,0,0,1
1846,21,493,1352,1.000000,1.000000,1.000000,1.000000,0,1,0,0
1847,29,494,1352,1.000000,1.000000,1.000000,1.000000,0,1,0,0
1848,27,494,1353,1.000000,1.000000,1.000000,1.000000,0,0,0,0
1849,29,495,1353,1.000000,1.000000,1.000000,1.000000,0,0,0,0
1850,27,495,1354,1.000000,1.000000,1.000000,1.000000,0,0,0,0
1851,25,495,1355,1.000000,1.000000,1.000000,1.000000,0,0,0,0
1852,23,495,1356,1.000000,1.000000,1.000000,1.000000,0,0,0,0
1853,21,495,1357,1.000000,1.000000,1.000000,1.000000,0,0,1,0
1854,19,495,1358,1.000000,1.000000,1.000000,1.000000,0,0,0,0
1855,29,496,1358,1.000000,1.000000,1.000000,1.000000,0,0,0,0
1856,27,496,1359,1.000000,1.000000,1.000000,1.000000,0,0,0,0
1857,25,496,1360,1.000000,1.000000,1.000000,1.000000,0,0,0,0
1858,23,496,1361,1.000000,1.000000,1.000000,1.000000,0,0,0,0
1859,21,496,1362,1.000000,1.000000,1.000000,1.000000,0,1,0,1
1860,19,496,1363,1.000000,1.000000,1.000000,1.000000,0,0,0,0
1861,29,497,1363,1.000000,1.000000,1.000000,1.000000,0,0,0,0
1862,27,497,1364,1.000000,1.000000,1.000000,1.000000,0,0,0,0
1863,25,497,1365,1.000000,1.000000,1.000000,1.000000,0,0,1,0
1864,23,497,1366,1.000000,1.000000,1.000000,1.000000,0,1,0,0
1865,21,497,1367,1.000000,1.000000,1.000000,1.000000,0,0,0,1
1866,29,498,1367,1.000000,1.000000,1.000000,1.000000,0,0,0,1
1867,27,498,1368,1.000000,1.000000,1.000000,1.000000,0,0,0,0
1868,29,499,1368,1.000000,1.000000,1.000000,1.000000,0,0,0,0
1869,27,499,1369,1.000000,1.000000,1.000000,1.000000,0,0,0,1
1870,25,499,1370,1.000000,1.000000,1.000000,1.000000,0,0,0,0
1871,29,500,1370,1.000000,1.000000,1.000000,1.000000,0,0,0,0
1872,27,500,1371,1.000000,1.000000,1.000000,1.000000,0,0,0,0
1873,25,500,1372,1.000000,1.000000,1.000000,1.000000,0,0,0,1
1874,23,500,1373,1.000000,1.000000,1.000000,1.000000,0,0,0,1
1875,29,501,1373,1.000000,1.000000,1.000000,1.000000,0,0,0,1
1876,27,501,1374,1.000000,1.000000,1.000000,1.000000,0,0,0,0
1877,29,502,1374,1.000000,1.000000,1.000000,1.000000,0,0,0,0
1878,27,502,1375,1.000000,1.000000,1.000000,1.000000,1,0,0,1
1879,25,502,1376,1.000000,1.000000,1.000000,1.000000,0,0,0,1
1880,29,503,1376,1.000000,1.000000,1.000000,1.000000,0,0,0,1
1881,27,503,1377,1.000000,1.000000,1.000000,1.000000,0,0,1,0
1882,25,503,1378,1.000000,1.000000,1.000000,1.000000,1,0,0,0
1883,29,504,1378,1.000000,1.000000,1.000000,1.000000,1,0,0,0
1884,27,504,1379,1.000000,1.000000,1.000000,1.000000,0,0,0,0
1885,25,504,1380,1.000000,1.000000,1.000000,1.000000,0,0,0,0
1886,23,504,1381,1.000000,1.000000,1.000000,1.000000,0,0,0,0
1887,21,504,1382,1.000000,1.000000,1.000000,1.000000,0,0,0,0
1888,19,504,1383,1.000000,1.000000,1.000000,1.000000,0,0,0,0
1889,17,504,1384,1.000000,1.000000,1.000000,1.000000,0,1,0,0
1890,15,504,1385,1.000000,1.000000,1.000000,1.000000,0,0,0,0
1891,29,505,1385,1.000000,1.000000,1.000000,1.000000,0,0,0,1
1892,27,505,1386,1.000000,1.000000,1.000000,1.000000,0,0,0,0
1893,29,506,1386,1.000000,1.000000,1.000000,1.000000,0,0,0,0
1894,27,506,1387,1.000000,1.000000,1.000000,1.000000,0,0,0,0
1895,25,506,1388,1.000000,1.000000,1.000000,1.000000,0,0,0,0
1896,23,506,1389,1.000000,1.000000,1.000000,1.000000,0,0,0,0
1897,21,506,1390,1.000000,1.000000,1.000000,1.000000,0,0,0,0
1898,19,506,1391,1.000000,1.000000,1.000000,1.000000,1,0,0,0
1899,17,506,1392,1.000000,1.000000,1.000000,1.000000,0,0,0,0
1900,29,507,1392,1.000000,1.000000,1.000000,1.000000,0,0,0,0
1901,27,507,1393,1.000000,1.000000,1.000000,1.000000,0,0,0,0
1902,25,507,1394,1.000000,1.000000,1.000000,1.000000,1,0,0,0
1903,23,507,1395,1.000000,1.000000,1.000000,1.000000,0,0,0,0
1904,29,508,1395,1.000000,1.000000,1.000000,1.000000,0,0,0,0
1905,27,508,1396,1.000000,1.000000,1.000000,1.000000,1,0,0,0
1906,25,508,1397,1.000000,1.000000,1.000000,1.000000,0,0,0,0
1907,29,509,1397,1.000000,1.000000,1.000000,1.000000,0,0,0,0
1908,27,509,1398,1.000000,1.000000,1.000000,1.000000,0,0,0,0
1909,25,509,1399,1.000000,1.000000,1.000000,1.000000,0,0,0,0
1910,23,509,1400,1.000000,1.000000,1.000000,1.000000,0,0,0,0
1911,21,509,1401,1.000000,1.000000,1.000000,1.000000,1,0,0,0
1912,19,509,1402,1.000000,1.000000,1.000000,1.000000,0,1,0,0
1913,17,509,1403,1.000000,1.000000,1.000000,1.000000,1,1,0,1
1914,29,510,1403,1.000000,1.000000,1.000000,1.000000,1,1,0,1
1915,27,510,1404,1.000000,1.000000,1.000000,1.000000,0,0,0,0
1916,29,511,1404,1.000000,1.000000,1.000000,1.000000,0,0,0,0
1917,27,511,1405,1.000000,1.000000,1.000000,1.000000,1,1,0,0
1918,25,511,1406,1.000000,1.000000,1.000000,1.000000,0,1,0,0
1919,29,512,1406,1.000000,1.000000,1.000000,1.000000,0,1,0,0
1920,27,512,1407,1.000000,1.000000,1.000000,1.000000,0,1,1,0
1921,25,512,1408,1.000000,1.000000,1.000000,1.000000,0,0,0,1
1922,29,513,1408,1.000000,1.000000,1.000000,1.000000,0,0,0,1
1923,27,513,1409,1.000000,1.000000,1.000000,1.000000,0,0,1,0
1924,29,514,1409,1.000000,1.000000,1.000000,1.000000,0,0,1,0
1925,27,514,1410,1.000000,1.000000,1.000000,1.000000,0,0,0,0
1926,29,515,1410,1.000000,1.000000,1.000000,1.000000,0,0,0,0
1927,27,515,1411,1.000000,1.000000,1.000000,1.000000,0,0,0,0
1928,25,515,1412,1.000000,1.000000,1.000000,1.000000,1,0,1,0
1929,23,515,1413,1.000000,1.000000,1.000000,1.000000,0,0,0,0
1930,29,516,1413,1.000000,1.000000,1.000000,1.000000,0,0,0,1
1931,27,516,1414,1.000000,1.000000,1.000000,1.000000,0,0,0,0
1932,29,517,1414,1.000000,1.000000,1.000000,1.000000,0,0,0,0
1933,27,517,1415,1.000000,1.000000,1.000000,1.000000,0,0,0,0
1934,25,517,1416,1.000000,1.000000,1.000000,1.000000,1,0,0,0
1935,23,517,1417,1.000000,1.000000,1.000000,1.000000,1,0,0,0
1936,29,518,1417,1.000000,1.000000,1.000000,1.000000,1,0,0,0
1937,27,518,1418,1.000000,1.000000,1.000000,1.000000,0,0,0,0
1938,29,519,1418,1.000000,1.000000,1.000000,1.000000,0,0,0,0
1939,27,519,1419,1.000000,1.000000,1.000000,1.000000,0,1,0,0
1940,25,519,1420,1.000000,1.000000,1.000000,1.000000,0,0,0,0
1941,29,520,1420,1.000000,1.000000,1.000000,1.000000,0,0,0,0
1942,27,520,1421,1.000000,1.000000,1.000000,1.000000,0,1,0,0
1943,25,520,1422,1.000000,1.000000,1.000000,1.000000,0,0,0,0
1944,29,521,1422,1.000000,1.000000,1.000000,1.000000,0,0,0,0
1945,27,521,1423,1.000000,1.000000,1.000000,1.000000,1,0,1,0
1946,25,521,1424,1.000000,1.000000,1.000000,1.000000,0,0,0,0
1947,29,522,1424,1.000000,1.000000,1.000000,1.000000,0,0,0,0
1948,27,522,1425,1.000000,1.000000,1.000000,1.000000,0,0,0,0
1949,25,522,1426,1.000000,1.000000,1.000000,1.000000,0,0,0,0
1950,23,522,1427,1.000000,1.000000,1.000000,1.000000,0,0,0,0
1951,21,522,1428,1.000000,1.000000,1.000000,1.000000,0,0,0,0
1952,19,522,1429,1.000000,1.000000,1.000000,1.000000,0,0,1,0
1953,17,522,1430,1.000000,1.000000,1.000000,1.000000,0,0,1,0
1954,15,522,1431,1.000000,1.000000,1.000000,1.000000,1,0,0,0
1955,29,523,1431,1.000000,1.000000,1.000000,1.000000,1,0,0,0
1956,27,523,1432,1.000000,1.000000,1.000000,1.000000,0,0,0,0
1957,29,524,1432,1.000000,1.000000,1.000000,1.000000,0,0,0,0
1958,27,524,1433,1.000000,1.000000,1.000000,1.000000,0,0,0,0
1959,25,524,1434,1.000000,1.000000,1.000000,1.000000,0,0,0,1
1960,23,524,1435,1.000000,1.000000,1.000000,1.000000,0,0,0,0
1961,29,525,1435,1.000000,1.000000,1.000000,1.000000,0,0,0,0
1962,27,525,1436,1.000000,1.000000,1.000000,1.000000,0,0,0,0
1963,25,525,1437,1.000000,1.000000,1.000000,1.000000,0,0,0,0
1964,23,525,1438,1.000000,1.000000,1.000000,1.000000,0,0,0,0
1965,21,525,1439,1.000000,1.000000,1.000000,1.000000,0,0,0,0
1966,19,525,1440,1.000000,1.000000,1.000000,1.000000,0,0,0,0
1967,17,525,1441,1.000000,1.000000,1.000000,1.000000,1,0,0,0
1968,15,525,1442,1.000000,1.000000,1.000000,1.000000,1,0,0,0
1969,29,526,1442,1.000000,1.000000,1.000000,1.000000,1,0,0,0
1970,27,526,1443,1.000000,1.000000,1.000000,1.000000,1,1,0,0
1971,29,527,1443,1.000000,1.000000,1.000000,1.000000,1,1,0,0
1972,27,527,1444,1.000000,1.000000,1.000000,1.000000,0,0,0,0
1973,29,528,1444,1.000000,1.000000,1.000000,1.000000,0,0,0,0
1974,27,528,1445,1.000000,1.000000,1.000000,1.000000,0,0,1,0
1975,25,528,1446,1.000000,1.000000,1.000000,1.000000,0,1,0,0
1976,23,528,1447,1.000000,1.000000,1.000000,1.000000,0,0,0,1
1977,29,529,1447,1.000000,1.000000,1.000000,1.000000,0,0,0,1
1978,27,529,1448,1.000000,1.000000,1.000000,1.000000,0,0,0,0
1979,29,530,1448,1.000000,1.000000,1.000000,1.000000,0,0,0,0
1980,27,530,1449,1.000000,1.000000,1.000000,1.000000,0,0,0,0
1981,25,530,1450,1.000000,1.000000,1.000000,1.000000,1,0,0,0
1982,23,530,1451,1.000000,1.000000,1.000000,1.000000,0,1,0,0
1983,21,530,1452,1.000000,1.000000,1.000000,1.000000,1,1,0,1
1984,29,531,1452,1.000000,1.000000,1.000000,1.000000,1,1,0,1
1985,27,531,1453,1.000000,1.000000,1.000000,1.000000,1,0,0,0
1986,29,532,1453,1.000000,1.000000,1.000000,1.000000,1,0,0,0
1987,27,532,1454,1.000000,1.000000,1.000000,1.000000,0,0,0,0
1988,29,533,1454,1.000000,1.000000,1.000000,1.000000,0,0,0,0
1989,27,533,1455,1.000000,1.000000,1.000000,1.000000,0,0,0,0
1990,25,533,1456,1.000000,1.000000,1.000000,1.000000,0,0,1,0
1991,23,533,1457,1.000000,1.000000,1.000000,1.000000,0,0,0,0
1992,29,534,1457,1.000000,1.000000,1.000000,1.000000,0,0,0,0
1993,27,534,1458,1.000000,1.000000,1.000000,1.000000,0,0,1,0
1994,25,534,1459,1.000000,1.000000,1.000000,1.000000,0,0,0,1
1995,29,535,1459,1.000000,1.000000,1.000000,1.000000,0,0,0,1
1996,27,535,1460,1.000000,1.000000,1.000000,1.000000,0,0,0,1
1997,29,536,1460,1.000000,1.000000,1.000000,1.000000,0,0,0,1
1998,27,536,1461,1.000000,1.000000,1.000000,1.000000,1,0,1,0
1999,29,537,1461,1.000000,1.000000,1.000000,1.000000,1,0,1,0
2000,27,537,1462,1.000000,1.000000,1.000000,1.000000,0,0,0,0
