tick,energy,eats,distance,conn_1_6_weight,conn_2_7_weight,conn_3_8_weight,conn_4_9_weight,food_north_sensed,food_east_sensed,food_south_sensed,food_west_sensed
0,30,0,0,1.000000,1.000000,1.000000,1.000000,0,0,0,0
1,29,0,0,1.000000,1.000000,1.000000,1.000000,0,1,0,0
2,27,0,1,1.000000,1.000000,1.000000,1.000000,0,0,1,0
3,29,1,1,1.000000,1.000000,1.000000,1.000000,0,0,1,0
4,27,1,2,1.000000,1.000000,1.000000,1.000000,0,0,0,0
5,29,2,2,1.000000,1.000000,1.000000,1.000000,0,0,0,0
6,27,2,3,1.000000,1.000000,1.000000,1.000000,0,0,1,0
7,25,2,4,1.000000,1.000000,1.000000,1.000000,0,0,0,0
8,29,3,4,1.000000,1.000000,1.000000,1.000000,0,0,0,0
9,27,3,5,1.000000,1.000000,1.000000,1.000000,0,1,0,0
10,25,3,6,1.000000,1.000000,1.000000,1.000000,0,0,0,0
11,29,4,6,1.000000,1.000000,1.000000,1.000000,0,0,0,0
12,27,4,7,1.000000,1.000000,1.000000,1.000000,0,1,0,0
13,25,4,8,1.000000,1.000000,1.000000,1.000000,0,0,1,0
14,29,5,8,1.000000,1.000000,1.000000,1.000000,0,0,1,0
15,27,5,9,1.000000,1.000000,1.000000,1.000000,0,0,0,0
16,29,6,9,1.000000,1.000000,1.000000,1.000000,0,0,0,0
17,27,6,10,1.000000,1.000000,1.000000,1.000000,0,0,0,0
18,25,6,11,1.000000,1.000000,1.000000,1.000000,0,1,0,0
19,23,6,12,1.000000,1.000000,1.000000,1.000000,1,0,0,0
20,29,7,12,1.000000,1.000000,1.000000,1.000000,1,0,0,0
21,27,7,13,1.000000,1.000000,1.000000,1.000000,0,0,0,0
22,29,8,13,1.000000,1.000000,1.000000,1.000000,0,0,0,0
23,27,8,14,1.000000,1.000000,1.000000,1.000000,1,0,0,0
24,25,8,15,1.000000,1.000000,1.000000,1.000000,0,0,0,0
25,29,9,15,1.000000,1.000000,1.000000,1.000000,0,0,0,0
26,27,9,16,1.000000,1.000000,1.000000,1.000000,1,0,0,1
27,25,9,17,1.000000,1.000000,1.000000,1.000000,0,0,0,0
28,29,10,17,1.000000,1.000000,1.000000,1.000000,0,0,0,0
29,27,10,18,1.000000,1.000000,1.000000,1.000000,1,0,1,0
30,25,10,19,1.000000,1.000000,1.000000,1.000000,1,0,0,1
31,29,11,19,1.000000,1.000000,1.000000,1.000000,1,0,0,1
32,27,11,20,1.000000,1.000000,1.000000,1.000000,0,0,0,0
33,29,12,20,1.000000,1.000000,1.000000,1.000000,0,0,0,0
34,27,12,21,1.000000,1.000000,1.000000,1.000000,1,0,0,0
35,25,12,22,1.000000,1.000000,1.000000,1.000000,0,0,0,0
36,29,13,22,1.000000,1.000000,1.000000,1.000000,0,0,0,0
37,27,13,23,1.000000,1.000000,1.000000,1.000000,0,0,0,0
38,25,13,24,1.000000,1.000000,1.000000,1.000000,0,0,0,0
39,23,13,25,1.000000,1.000000,1.000000,1.000000,0,0,0,0
40,21,13,26,1.000000,1.000000,1.000000,1.000000,0,0,1,0
41,19,13,27,1.000000,1.000000,1.000000,1.000000,0,0,0,0
42,29,14,27,1.000000,1.000000,1.000000,1.000000,0,0,0,0
43,27,14,28,1.000000,1.000000,1.000000,1.000000,1,1,1,0
44,25,14,29,1.000000,1.000000,1.000000,1.000000,0,0,1,0
45,29,15,29,1.000000,1.000000,1.000000,1.000000,0,0,1,0
46,27,15,30,1.000000,1.000000,1.000000,1.000000,0,0,0,0
47,25,15,31,1.000000,1.000000,1.000000,1.000000,0,0,1,0
48,23,15,32,1.000000,1.000000,1.000000,1.000000,0,0,0,0
49,29,16,32,1.000000,1.000000,1.000000,1.000000,0,0,0,0
50,27,16,33,1.000000,1.000000,1.000000,1.000000,0,0,0,0
51,25,16,34,1.000000,1.000000,1.000000,1.000000,1,0,0,0
52,23,16,35,1.000000,1.000000,1.000000,1.000000,0,0,0,0
53,29,17,35,1.000000,1.000000,1.000000,1.000000,0,0,0,0
54,27,17,36,1.000000,1.000000,1.000000,1.000000,0,0,0,0
55,25,17,37,1.000000,1.000000,1.000000,1.000000,0,0,0,0
56,23,17,38,1.000000,1.000000,1.000000,1.000000,1,1,0,1
57,21,17,39,1.000000,1.000000,1.000000,1.000000,0,0,0,0
58,29,18,39,1.000000,1.000000,1.000000,1.000000,0,0,0,0
59,27,18,40,1.000000,1.000000,1.000000,1.000000,0,0,0,0
60,25,18,41,1.000000,1.000000,1.000000,1.000000,0,0,0,0
61,23,18,42,1.000000,1.000000,1.000000,1.000000,0,0,0,0
62,21,18,43,1.000000,1.000000,1.000000,1.000000,0,0,0,0
63,19,18,44,1.000000,1.000000,1.000000,1.000000,0,0,0,0
64,17,18,45,1.000000,1.000000,1.000000,1.000000,0,0,0,0
65,15,18,46,1.000000,1.000000,1.000000,1.000000,0,0,0,1
66,13,18,47,1.000000,1.000000,1.000000,1.000000,0,0,1,0
67,29,19,47,1.000000,1.000000,1.000000,1.000000,0,0,1,0
68,27,19,48,1.000000,1.000000,1.000000,1.000000,0,0,0,0
69,29,20,48,1.000000,1.000000,1.000000,1.000000,0,0,0,0
70,27,20,49,1.000000,1.000000,1.000000,1.000000,0,0,0,0
71,25,20,50,1.000000,1.000000,1.000000,1.000000,1,1,0,1
72,23,20,51,1.000000,1.000000,1.000000,1.000000,0,0,0,0
73,29,21,51,1.000000,1.000000,1.000000,1.000000,0,0,0,0
74,27,21,52,1.000000,1.000000,1.000000,1.000000,1,1,0,0
75,25,21,53,1.000000,1.000000,1.000000,1.000000,0,0,0,0
76,29,22,53,1.000000,1.000000,1.000000,1.000000,0,0,0,0
77,27,22,54,1.000000,1.000000,1.000000,1.000000,1,1,0,1
78,25,22,55,1.000000,1.000000,1.000000,1.000000,0,0,0,0
79,29,23,55,1.000000,1.000000,1.000000,1.000000,0,0,0,0
80,27,23,56,1.000000,1.000000,1.000000,1.000000,0,0,0,0
81,25,23,57,1.000000,1.000000,1.000000,1.000000,0,0,0,0
82,23,23,58,1.000000,1.000000,1.000000,1.000000,0,0,0,0
83,21,23,59,1.000000,1.000000,1.000000,1.000000,0,0,0,0
84,19,23,60,1.000000,1.000000,1.000000,1.000000,0,0,0,0
85,17,23,61,1.000000,1.000000,1.000000,1.000000,0,1,1,0
86,15,23,62,1.000000,1.000000,1.000000,1.000000,0,1,0,0
87,29,24,62,1.000000,1.000000,1.000000,1.000000,0,1,0,0
88,27,24,63,1.000000,1.000000,1.000000,1.000000,1,0,0,0
89,29,25,63,1.000000,1.000000,1.000000,1.000000,1,0,0,0
90,27,25,64,1.000000,1.000000,1.000000,1.000000,0,0,0,0
91,29,26,64,1.000000,1.000000,1.000000,1.000000,0,0,0,0
92,27,26,65,1.000000,1.000000,1.000000,1.000000,0,1,0,0
93,25,26,66,1.000000,1.000000,1.000000,1.000000,0,1,0,0
94,29,27,66,1.000000,1.000000,1.000000,1.000000,0,1,0,0
95,27,27,67,1.000000,1.000000,1.000000,1.000000,0,0,0,0
96,29,28,67,1.000000,1.000000,1.000000,1.000000,0,0,0,0
97,27,28,68,1.000000,1.000000,1.000000,1.000000,0,0,0,0
98,25,28,69,1.000000,1.000000,1.000000,1.000000,0,0,0,0
99,23,28,70,1.000000,1.000000,1.000000,1.000000,0,0,0,0
100,21,28,71,1.000000,1.000000,1.000000,1.000000,1,1,0,0
101,19,28,72,1.000000,1.000000,1.000000,1.000000,0,1,0,0
102,29,29,72,1.000000,1.000000,1.000000,1.000000,0,1,0,0
103,27,29,73,1.000000,1.000000,1.000000,1.000000,0,1,1,0
104,29,30,73,1.000000,1.000000,1.000000,1.000000,0,1,1,0
105,27,30,74,1.000000,1.000000,1.000000,1.000000,0,0,0,0
106,29,31,74,1.000000,1.000000,1.000000,1.000000,0,0,0,0
107,27,31,75,1.000000,1.000000,1.000000,1.000000,0,0,1,0
108,25,31,76,1.000000,1.000000,1.000000,1.000000,0,0,0,0
109,23,31,77,1.000000,1.000000,1.000000,1.000000,0,0,0,0
110,21,31,78,1.000000,1.000000,1.000000,1.000000,0,0,0,0
111,19,31,79,1.000000,1.000000,1.000000,1.000000,0,1,0,0
112,17,31,80,1.000000,1.000000,1.000000,1.000000,0,0,0,0
113,29,32,80,1.000000,1.000000,1.000000,1.000000,0,0,0,0
114,27,32,81,1.000000,1.000000,1.000000,1.000000,0,0,0,0
115,25,32,82,1.000000,1.000000,1.000000,1.000000,0,0,0,0
116,23,32,83,1.000000,1.000000,1.000000,1.000000,0,0,0,1
117,21,32,84,1.000000,1.000000,1.000000,1.000000,0,0,0,0
118,29,33,84,1.000000,1.000000,1.000000,1.000000,0,1,0,0
119,27,33,85,1.000000,1.000000,1.000000,1.000000,0,0,0,0
120,25,33,86,1.000000,1.000000,1.000000,1.000000,0,1,0,0
121,23,33,87,1.000000,1.000000,1.000000,1.000000,0,1,0,0
122,29,34,87,1.000000,1.000000,1.000000,1.000000,0,1,0,0
123,27,34,88,1.000000,1.000000,1.000000,1.000000,0,0,0,0
124,25,34,89,1.000000,1.000000,1.000000,1.000000,0,0,0,0
125,23,34,90,1.000000,1.000000,1.000000,1.000000,0,0,0,0
126,21,34,91,1.000000,1.000000,1.000000,1.000000,0,0,1,0
127,19,34,92,1.000000,1.000000,1.000000,1.000000,0,0,0,0
128,29,35,92,1.000000,1.000000,1.000000,1.000000,0,0,0,0
129,27,35,93,1.000000,1.000000,1.000000,1.000000,0,0,0,0
130,25,35,94,1.000000,1.000000,1.000000,1.000000,0,0,0,0
131,23,35,95,1.000000,1.000000,1.000000,1.000000,0,0,1,0
132,21,35,96,1.000000,1.000000,1.000000,1.000000,0,0,0,0
133,29,36,96,1.000000,1.000000,1.000000,1.000000,0,0,0,0
134,27,36,97,1.000000,1.000000,1.000000,1.000000,0,0,0,0
135,25,36,98,1.000000,1.000000,1.000000,1.000000,0,0,0,0
136,23,36,99,1.000000,1.000000,1.000000,1.000000,0,0,0,0
137,21,36,100,1.000000,1.000000,1.000000,1.000000,1,0,0,0
138,19,36,101,1.000000,1.000000,1.000000,1.000000,0,0,0,1
139,29,37,101,1.000000,1.000000,1.000000,1.000000,0,0,0,1
140,27,37,102,1.000000,1.000000,1.000000,1.000000,0,0,0,0
141,29,38,102,1.000000,1.000000,1.000000,1.000000,0,0,0,0
142,27,38,103,1.000000,1.000000,1.000000,1.000000,0,1,0,0
143,25,38,104,1.000000,1.000000,1.000000,1.000000,0,0,0,0
144,29,39,104,1.000000,1.000000,1.000000,1.000000,0,0,0,0
145,27,39,105,1.000000,1.000000,1.000000,1.000000,0,0,0,0
146,25,39,106,1.000000,1.000000,1.000000,1.000000,0,0,0,0
147,23,39,107,1.000000,1.000000,1.000000,1.000000,0,0,0,0
148,21,39,108,1.000000,1.000000,1.000000,1.000000,0,0,0,0
149,19,39,109,1.000000,1.000000,1.000000,1.000000,0,0,0,0
150,17,39,110,1.000000,1.000000,1.000000,1.000000,0,0,0,0
151,15,39,111,1.000000,1.000000,1.000000,1.000000,0,0,0,0
152,13,39,112,1.000000,1.000000,1.000000,1.000000,0,1,0,0
153,11,39,113,1.000000,1.000000,1.000000,1.000000,1,0,0,0
154,9,39,114,1.000000,1.000000,1.000000,1.000000,0,0,1,0
155,29,40,114,1.000000,1.000000,1.000000,1.000000,0,0,1,0
156,27,40,115,1.000000,1.000000,1.000000,1.000000,0,0,0,0
157,29,41,115,1.000000,1.000000,1.000000,1.000000,0,0,0,0
158,27,41,116,1.000000,1.000000,1.000000,1.000000,0,0,0,0
159,25,41,117,1.000000,1.000000,1.000000,1.000000,0,0,0,0
160,23,41,118,1.000000,1.000000,1.000000,1.000000,0,0,0,0
161,21,41,119,1.000000,1.000000,1.000000,1.000000,0,0,0,0
162,19,41,120,1.000000,1.000000,1.000000,1.000000,0,1,0,0
163,17,41,121,1.000000,1.000000,1.000000,1.000000,0,0,0,0
164,29,42,121,1.000000,1.000000,1.000000,1.000000,0,0,0,0
165,27,42,122,1.000000,1.000000,1.000000,1.000000,1,1,0,0
166,25,42,123,1.000000,1.000000,1.000000,1.000000,0,1,0,0
167,29,43,123,1.000000,1.000000,1.000000,1.000000,0,1,0,0
168,27,43,124,1.000000,1.000000,1.000000,1.000000,0,1,1,0
169,29,44,124,1.000000,1.000000,1.000000,1.000000,0,1,1,0
170,27,44,125,1.000000,1.000000,1.000000,1.000000,0,0,0,0
171,29,45,125,1.000000,1.000000,1.000000,1.000000,0,0,0,0
172,27,45,126,1.000000,1.000000,1.000000,1.000000,0,0,1,0
173,25,45,127,1.000000,1.000000,1.000000,1.000000,0,0,0,0
174,29,46,127,1.000000,1.000000,1.000000,1.000000,0,0,0,0
175,27,46,128,1.000000,1.000000,1.000000,1.000000,0,0,0,0
176,25,46,129,1.000000,1.000000,1.000000,1.000000,0,0,0,0
177,23,46,130,1.000000,1.000000,1.000000,1.000000,0,1,0,0
178,21,46,131,1.000000,1.000000,1.000000,1.000000,0,0,0,0
179,29,47,131,1.000000,1.000000,1.000000,1.000000,0,0,0,0
180,27,47,132,1.000000,1.000000,1.000000,1.000000,0,0,0,0
181,25,47,133,1.000000,1.000000,1.000000,1.000000,0,0,0,0
182,23,47,134,1.000000,1.000000,1.000000,1.000000,0,0,1,0
183,21,47,135,1.000000,1.000000,1.000000,1.000000,0,0,0,0
184,29,48,135,1.000000,1.000000,1.000000,1.000000,0,0,0,0
185,27,48,136,1.000000,1.000000,1.000000,1.000000,0,0,0,0
186,25,48,137,1.000000,1.000000,1.000000,1.000000,0,1,0,0
187,23,48,138,1.000000,1.000000,1.000000,1.000000,1,1,1,0
188,29,49,138,1.000000,1.000000,1.000000,1.000000,1,1,1,0
189,27,49,139,1.000000,1.000000,1.000000,1.000000,1,0,0,0
190,25,49,140,1.000000,1.000000,1.000000,1.000000,0,0,1,0
191,29,50,140,1.000000,1.000000,1.000000,1.000000,0,0,1,0
192,27,50,141,1.000000,1.000000,1.000000,1.000000,0,0,0,0
193,29,51,141,1.000000,1.000000,1.000000,1.000000,0,0,0,0
194,27,51,142,1.000000,1.000000,1.000000,1.000000,0,0,0,0
195,25,51,143,1.000000,1.000000,1.000000,1.000000,0,0,0,0
196,23,51,144,1.000000,1.000000,1.000000,1.000000,0,0,0,0
197,21,51,145,1.000000,1.000000,1.000000,1.000000,0,0,0,0
198,19,51,146,1.000000,1.000000,1.000000,1.000000,0,0,1,0
199,17,51,147,1.000000,1.000000,1.000000,1.000000,0,0,0,0
200,29,52,147,1.000000,1.000000,1.000000,1.000000,0,0,0,0
201,27,52,148,1.000000,1.000000,1.000000,1.000000,0,0,0,0
202,25,52,149,1.000000,1.000000,1.000000,1.000000,0,0,1,0
203,23,52,150,1.000000,1.000000,1.000000,1.000000,0,0,1,0
204,29,53,150,1.000000,1.000000,1.000000,1.000000,0,0,1,0
205,27,53,151,1.000000,1.000000,1.000000,1.000000,0,0,0,0
206,29,54,151,1.000000,1.000000,1.000000,1.000000,0,0,0,0
207,27,54,152,1.000000,1.000000,1.000000,1.000000,0,0,1,1
208,25,54,153,1.000000,1.000000,1.000000,1.000000,0,0,0,0
209,29,55,153,1.000000,1.000000,1.000000,1.000000,0,0,0,0
210,27,55,154,1.000000,1.000000,1.000000,1.000000,0,0,0,1
211,25,55,155,1.000000,1.000000,1.000000,1.000000,0,0,0,0
212,29,56,155,1.000000,1.000000,1.000000,1.000000,0,0,0,0
213,27,56,156,1.000000,1.000000,1.000000,1.000000,0,0,0,0
214,25,56,157,1.000000,1.000000,1.000000,1.000000,0,0,0,0
215,23,56,158,1.000000,1.000000,1.000000,1.000000,0,0,0,0
216,21,56,159,1.000000,1.000000,1.000000,1.000000,0,0,0,0
217,19,56,160,1.000000,1.000000,1.000000,1.000000,0,1,0,0
218,17,56,161,1.000000,1.000000,1.000000,1.000000,1,0,1,0
219,29,57,161,1.000000,1.000000,1.000000,1.000000,1,0,1,0
220,27,57,162,1.000000,1.000000,1.000000,1.000000,0,0,0,0
221,29,58,162,1.000000,1.000000,1.000000,1.000000,0,0,0,0
222,27,58,163,1.000000,1.000000,1.000000,1.000000,0,0,0,0
223,25,58,164,1.000000,1.000000,1.000000,1.000000,0,0,0,0
224,23,58,165,1.000000,1.000000,1.000000,1.000000,0,0,1,0
225,21,58,166,1.000000,1.000000,1.000000,1.000000,0,1,1,0
226,19,58,167,1.000000,1.000000,1.000000,1.000000,0,0,0,1
227,29,59,167,1.000000,1.000000,1.000000,1.000000,0,0,0,1
228,27,59,168,1.000000,1.000000,1.000000,1.000000,0,0,1,0
229,29,60,168,1.000000,1.000000,1.000000,1.000000,0,0,1,0
230,27,60,169,1.000000,1.000000,1.000000,1.000000,0,0,0,0
231,25,60,170,1.000000,1.000000,1.000000,1.000000,0,1,0,1
232,23,60,171,1.000000,1.000000,1.000000,1.000000,0,0,0,0
233,29,61,171,1.000000,1.000000,1.000000,1.000000,0,0,0,0
234,27,61,172,1.000000,1.000000,1.000000,1.000000,0,0,1,1
235,25,61,173,1.000000,1.000000,1.000000,1.000000,0,0,0,0
236,29,62,173,1.000000,1.000000,1.000000,1.000000,0,0,0,0
237,27,62,174,1.000000,1.000000,1.000000,1.000000,0,1,1,0
238,25,62,175,1.000000,1.000000,1.000000,1.000000,0,1,1,0
239,29,63,175,1.000000,1.000000,1.000000,1.000000,0,1,1,0
240,27,63,176,1.000000,1.000000,1.000000,1.000000,0,0,0,0
241,29,64,176,1.000000,1.000000,1.000000,1.000000,0,0,0,0
242,27,64,177,1.000000,1.000000,1.000000,1.000000,0,0,0,1
243,25,64,178,1.000000,1.000000,1.000000,1.000000,0,0,1,1
244,29,65,178,1.000000,1.000000,1.000000,1.000000,0,0,1,1
245,27,65,179,1.000000,1.000000,1.000000,1.000000,0,0,0,0
246,29,66,179,1.000000,1.000000,1.000000,1.000000,0,0,0,0
247,27,66,180,1.000000,1.000000,1.000000,1.000000,0,1,1,0
248,25,66,181,1.000000,1.000000,1.000000,1.000000,0,0,0,0
249,29,67,181,1.000000,1.000000,1.000000,1.000000,0,0,0,0
250,27,67,182,1.000000,1.000000,1.000000,1.000000,0,0,0,1
251,25,67,183,1.000000,1.000000,1.000000,1.000000,0,0,1,0
252,23,67,184,1.000000,1.000000,1.000000,1.000000,1,0,1,0
253,29,68,184,1.000000,1.000000,1.000000,1.000000,1,0,1,0
254,27,68,185,1.000000,1.000000,1.000000,1.000000,0,0,0,0
255,29,69,185,1.000000,1.000000,1.000000,1.000000,0,0,0,0
256,27,69,186,1.000000,1.000000,1.000000,1.000000,1,0,0,0
257,25,69,187,1.000000,1.000000,1.000000,1.000000,0,0,0,0
258,29,70,187,1.000000,1.000000,1.000000,1.000000,0,0,0,0
259,27,70,188,1.000000,1.000000,1.000000,1.000000,0,0,0,0
260,25,70,189,1.000000,1.000000,1.000000,1.000000,0,0,0,0
261,23,70,190,1.000000,1.000000,1.000000,1.000000,0,0,0,0
262,21,70,191,1.000000,1.000000,1.000000,1.000000,1,0,0,0
263,19,70,192,1.000000,1.000000,1.000000,1.000000,1,0,0,0
264,29,71,192,1.000000,1.000000,1.000000,1.000000,1,0,0,0
265,27,71,193,1.000000,1.000000,1.000000,1.000000,0,0,0,0
266,29,72,193,1.000000,1.000000,1.000000,1.000000,0,0,0,0
267,27,72,194,1.000000,1.000000,1.000000,1.000000,0,0,0,0
268,25,72,195,1.000000,1.000000,1.000000,1.000000,0,0,0,0
269,23,72,196,1.000000,1.000000,1.000000,1.000000,0,0,0,0
270,21,72,197,1.000000,1.000000,1.000000,1.000000,0,0,0,0
271,19,72,198,1.000000,1.000000,1.000000,1.000000,0,0,0,0
272,17,72,199,1.000000,1.000000,1.000000,1.000000,0,0,0,0
273,15,72,200,1.000000,1.000000,1.000000,1.000000,1,1,1,0
274,13,72,201,1.000000,1.000000,1.000000,1.000000,0,0,1,0
275,11,72,202,1.000000,1.000000,1.000000,1.000000,1,0,1,0
276,29,73,202,1.000000,1.000000,1.000000,1.000000,1,0,1,0
277,27,73,203,1.000000,1.000000,1.000000,1.000000,0,0,0,0
278,29,74,203,1.000000,1.000000,1.000000,1.000000,0,0,0,0
279,27,74,204,1.000000,1.000000,1.000000,1.000000,0,0,1,0
280,25,74,205,1.000000,1.000000,1.000000,1.000000,0,0,0,0
281,23,74,206,1.000000,1.000000,1.000000,1.000000,1,0,1,0
282,21,74,207,1.000000,1.000000,1.000000,1.000000,0,1,0,0
283,29,75,207,1.000000,1.000000,1.000000,1.000000,0,1,0,0
284,27,75,208,1.000000,1.000000,1.000000,1.000000,0,0,0,0
285,29,76,208,1.000000,1.000000,1.000000,1.000000,0,0,0,0
286,27,76,209,1.000000,1.000000,1.000000,1.000000,0,1,1,0
287,25,76,210,1.000000,1.000000,1.000000,1.000000,0,0,0,0
288,29,77,210,1.000000,1.000000,1.000000,1.000000,0,0,0,0
289,27,77,211,1.000000,1.000000,1.000000,1.000000,0,1,0,0
290,25,77,212,1.000000,1.000000,1.000000,1.000000,0,0,0,0
291,23,77,213,1.000000,1.000000,1.000000,1.000000,1,0,1,0
292,21,77,214,1.000000,1.000000,1.000000,1.000000,0,0,0,0
293,29,78,214,1.000000,1.000000,1.000000,1.000000,0,0,0,0
294,27,78,215,1.000000,1.000000,1.000000,1.000000,0,0,0,0
295,25,78,216,1.000000,1.000000,1.000000,1.000000,0,0,0,0
296,23,78,217,1.000000,1.000000,1.000000,1.000000,0,0,0,0
297,21,78,218,1.000000,1.000000,1.000000,1.000000,0,0,0,0
298,19,78,219,1.000000,1.000000,1.000000,1.000000,0,0,0,0
299,17,78,220,1.000000,1.000000,1.000000,1.000000,1,0,1,0
300,15,78,221,1.000000,1.000000,1.000000,1.000000,1,0,0,0
301,29,79,221,1.000000,1.000000,1.000000,1.000000,1,0,0,0
302,27,79,222,1.000000,1.000000,1.000000,1.000000,1,0,0,0
303,25,79,223,1.000000,1.000000,1.000000,1.000000,0,0,1,0
304,23,79,224,1.000000,1.000000,1.000000,1.000000,1,0,0,0
305,29,80,224,1.000000,1.000000,1.000000,1.000000,1,0,0,0
306,27,80,225,1.000000,1.000000,1.000000,1.000000,0,0,0,0
307,29,81,225,1.000000,1.000000,1.000000,1.000000,0,0,0,0
308,27,81,226,1.000000,1.000000,1.000000,1.000000,1,0,0,0
309,25,81,227,1.000000,1.000000,1.000000,1.000000,1,0,0,0
310,29,82,227,1.000000,1.000000,1.000000,1.000000,1,0,0,0
311,27,82,228,1.000000,1.000000,1.000000,1.000000,1,0,0,1
312,29,83,228,1.000000,1.000000,1.000000,1.000000,1,0,0,1
313,27,83,229,1.000000,1.000000,1.000000,1.000000,0,0,0,0
314,29,84,229,1.000000,1.000000,1.000000,1.000000,0,0,0,0
315,27,84,230,1.000000,1.000000,1.000000,1.000000,1,1,0,0
316,25,84,231,1.000000,1.000000,1.000000,1.000000,0,0,0,0
317,29,85,231,1.000000,1.000000,1.000000,1.000000,0,0,0,0
318,27,85,232,1.000000,1.000000,1.000000,1.000000,0,1,0,0
319,25,85,233,1.000000,1.000000,1.000000,1.000000,0,0,0,0
320,23,85,234,1.000000,1.000000,1.000000,1.000000,1,0,0,1
321,21,85,235,1.000000,1.000000,1.000000,1.000000,0,0,0,1
322,19,85,236,1.000000,1.000000,1.000000,1.000000,0,1,0,1
323,29,86,236,1.000000,1.000000,1.000000,1.000000,0,1,0,1
324,27,86,237,1.000000,1.000000,1.000000,1.000000,0,0,0,1
325,29,87,237,1.000000,1.000000,1.000000,1.000000,0,0,0,1
326,27,87,238,1.000000,1.000000,1.000000,1.000000,0,0,0,0
327,29,88,238,1.000000,1.000000,1.000000,1.000000,0,0,0,0
328,27,88,239,1.000000,1.000000,1.000000,1.000000,0,0,0,0
329,25,88,240,1.000000,1.000000,1.000000,1.000000,0,0,0,0
330,23,88,241,1.000000,1.000000,1.000000,1.000000,0,0,0,0
331,21,88,242,1.000000,1.000000,1.000000,1.000000,0,0,0,0
332,19,88,243,1.000000,1.000000,1.000000,1.000000,0,0,0,0
333,17,88,244,1.000000,1.000000,1.000000,1.000000,0,0,0,0
334,15,88,245,1.000000,1.000000,1.000000,1.000000,0,0,1,1
335,13,88,246,1.000000,1.000000,1.000000,1.000000,0,0,0,0
336,29,89,246,1.000000,1.000000,1.000000,1.000000,0,0,0,0
337,27,89,247,1.000000,1.000000,1.000000,1.000000,0,1,0,0
338,25,89,248,1.000000,1.000000,1.000000,1.000000,0,0,0,0
339,29,90,248,1.000000,1.000000,1.000000,1.000000,0,0,0,0
340,27,90,249,1.000000,1.000000,1.000000,1.000000,0,0,0,0
341,25,90,250,1.000000,1.000000,1.000000,1.000000,0,0,0,0
342,23,90,251,1.000000,1.000000,1.000000,1.000000,0,0,0,0
343,21,90,252,1.000000,1.000000,1.000000,1.000000,0,0,1,1
344,19,90,253,1.000000,1.000000,1.000000,1.000000,0,0,0,0
345,29,91,253,1.000000,1.000000,1.000000,1.000000,0,0,0,0
346,27,91,254,1.000000,1.000000,1.000000,1.000000,0,1,1,0
347,25,91,255,1.000000,1.000000,1.000000,1.000000,0,0,0,0
348,29,92,255,1.000000,1.000000,1.000000,1.000000,0,0,0,0
349,27,92,256,1.000000,1.000000,1.000000,1.000000,0,0,0,0
350,25,92,257,1.000000,1.000000,1.000000,1.000000,0,0,0,0
351,23,92,258,1.000000,1.000000,1.000000,1.000000,0,0,0,0
352,21,92,259,1.000000,1.000000,1.000000,1.000000,0,0,0,0
353,19,92,260,1.000000,1.000000,1.000000,1.000000,0,0,0,0
354,17,92,261,1.000000,1.000000,1.000000,1.000000,1,0,0,0
355,15,92,262,1.000000,1.000000,1.000000,1.000000,1,0,0,0
356,29,93,262,1.000000,1.000000,1.000000,1.000000,1,0,0,0
357,27,93,263,1.000000,1.000000,1.000000,1.000000,0,0,0,0
358,25,93,264,1.000000,1.000000,1.000000,1.000000,1,1,1,0
359,23,93,265,1.000000,1.000000,1.000000,1.000000,0,1,0,0
360,29,94,265,1.000000,1.000000,1.000000,1.000000,0,1,0,0
361,27,94,266,1.000000,1.000000,1.000000,1.000000,1,0,1,0
362,29,95,266,1.000000,1.000000,1.000000,1.000000,1,0,1,0
363,27,95,267,1.000000,1.000000,1.000000,1.000000,0,1,0,0
364,29,96,267,1.000000,1.000000,1.000000,1.000000,0,1,0,0
365,27,96,268,1.000000,1.000000,1.000000,1.000000,0,0,0,0
366,29,97,268,1.000000,1.000000,1.000000,1.000000,0,0,0,0
367,27,97,269,1.000000,1.000000,1.000000,1.000000,0,1,0,0
368,25,97,270,1.000000,1.000000,1.000000,1.000000,1,0,0,0
369,29,98,270,1.000000,1.000000,1.000000,1.000000,1,0,0,0
370,27,98,271,1.000000,1.000000,1.000000,1.000000,0,0,0,0
371,29,99,271,1.000000,1.000000,1.000000,1.000000,0,0,0,0
372,27,99,272,1.000000,1.000000,1.000000,1.000000,0,0,0,1
373,25,99,273,1.000000,1.000000,1.000000,1.000000,0,0,0,1
374,29,100,273,1.000000,1.000000,1.000000,1.000000,0,0,0,1
375,27,100,274,1.000000,1.000000,1.000000,1.000000,1,0,1,0
376,29,101,274,1.000000,1.000000,1.000000,1.000000,1,0,1,0
377,27,101,275,1.000000,1.000000,1.000000,1.000000,1,0,0,0
378,29,102,275,1.000000,1.000000,1.000000,1.000000,1,0,0,0
379,27,102,276,1.000000,1.000000,1.000000,1.000000,0,0,1,0
380,25,102,277,1.000000,1.000000,1.000000,1.000000,0,0,0,0
381,29,103,277,1.000000,1.000000,1.000000,1.000000,0,0,0,0
382,27,103,278,1.000000,1.000000,1.000000,1.000000,0,0,1,1
383,25,103,279,1.000000,1.000000,1.000000,1.000000,0,0,0,0
384,29,104,279,1.000000,1.000000,1.000000,1.000000,0,0,0,0
385,27,104,280,1.000000,1.000000,1.000000,1.000000,0,1,1,0
386,25,104,281,1.000000,1.000000,1.000000,1.000000,0,1,1,0
387,29,105,281,1.000000,1.000000,1.000000,1.000000,0,1,1,0
388,27,105,282,1.000000,1.000000,1.000000,1.000000,0,0,1,1
389,29,106,282,1.000000,1.000000,1.000000,1.000000,0,0,1,1
390,27,106,283,1.000000,1.000000,1.000000,1.000000,0,0,0,0
391,29,107,283,1.000000,1.000000,1.000000,1.000000,0,0,0,0
392,27,107,284,1.000000,1.000000,1.000000,1.000000,1,0,1,0
393,25,107,285,1.000000,1.000000,1.000000,1.000000,0,0,1,0
394,29,108,285,1.000000,1.000000,1.000000,1.000000,0,0,1,0
395,27,108,286,1.000000,1.000000,1.000000,1.000000,0,0,1,0
396,25,108,287,1.000000,1.000000,1.000000,1.000000,1,0,0,0
397,23,108,288,1.000000,1.000000,1.000000,1.000000,0,0,1,0
398,29,109,288,1.000000,1.000000,1.000000,1.000000,0,0,1,0
399,27,109,289,1.000000,1.000000,1.000000,1.000000,0,0,0,0
400,25,109,290,1.000000,1.000000,1.000000,1.000000,0,1,0,0
401,23,109,291,1.000000,1.000000,1.000000,1.000000,0,0,0,0
402,29,110,291,1.000000,1.000000,1.000000,1.000000,0,0,0,0
403,27,110,292,1.000000,1.000000,1.000000,1.000000,0,0,0,0
404,25,110,293,1.000000,1.000000,1.000000,1.000000,0,0,0,0
405,23,110,294,1.000000,1.000000,1.000000,1.000000,0,0,0,0
406,21,110,295,1.000000,1.000000,1.000000,1.000000,0,0,0,0
407,19,110,296,1.000000,1.000000,1.000000,1.000000,0,0,0,0
408,17,110,297,1.000000,1.000000,1.000000,1.000000,0,0,0,0
409,15,110,298,1.000000,1.000000,1.000000,1.000000,0,0,0,0
410,13,110,299,1.000000,1.000000,1.000000,1.000000,0,0,0,0
411,11,110,300,1.000000,1.000000,1.000000,1.000000,0,0,1,0
412,9,110,301,1.000000,1.000000,1.000000,1.000000,0,1,0,0
413,29,111,301,1.000000,1.000000,1.000000,1.000000,0,1,0,0
414,27,111,302,1.000000,1.000000,1.000000,1.000000,0,0,0,0
415,29,112,302,1.000000,1.000000,1.000000,1.000000,0,0,0,0
416,27,112,303,1.000000,1.000000,1.000000,1.000000,0,1,0,0
417,25,112,304,1.000000,1.000000,1.000000,1.000000,0,0,0,0
418,29,113,304,1.000000,1.000000,1.000000,1.000000,0,0,0,0
419,27,113,305,1.000000,1.000000,1.000000,1.000000,0,0,0,0
420,25,113,306,1.000000,1.000000,1.000000,1.000000,0,0,0,1
421,23,113,307,1.000000,1.000000,1.000000,1.000000,0,0,0,0
422,29,114,307,1.000000,1.000000,1.000000,1.000000,0,0,0,0
423,27,114,308,1.000000,1.000000,1.000000,1.000000,0,0,0,0
424,25,114,309,1.000000,1.000000,1.000000,1.000000,0,0,0,1
425,23,114,310,1.000000,1.000000,1.000000,1.000000,1,0,1,0
426,29,115,310,1.000000,1.000000,1.000000,1.000000,1,0,1,0
427,27,115,311,1.000000,1.000000,1.000000,1.000000,0,0,0,0
428,29,116,311,1.000000,1.000000,1.000000,1.000000,0,0,0,0
429,27,116,312,1.000000,1.000000,1.000000,1.000000,0,0,0,0
430,25,116,313,1.000000,1.000000,1.000000,1.000000,0,0,0,0
431,23,116,314,1.000000,1.000000,1.000000,1.000000,0,0,0,0
432,21,116,315,1.000000,1.000000,1.000000,1.000000,0,0,0,0
433,19,116,316,1.000000,1.000000,1.000000,1.000000,0,1,0,0
434,17,116,317,1.000000,1.000000,1.000000,1.000000,0,0,0,0
435,29,117,317,1.000000,1.000000,1.000000,1.000000,0,0,0,0
436,27,117,318,1.000000,1.000000,1.000000,1.000000,0,0,0,0
437,25,117,319,1.000000,1.000000,1.000000,1.000000,0,0,0,0
438,23,117,320,1.000000,1.000000,1.000000,1.000000,0,0,0,0
439,21,117,321,1.000000,1.000000,1.000000,1.000000,0,0,0,0
440,19,117,322,1.000000,1.000000,1.000000,1.000000,0,0,0,0
441,17,117,323,1.000000,1.000000,1.000000,1.000000,0,0,0,0
442,15,117,324,1.000000,1.000000,1.000000,1.000000,0,1,0,0
443,13,117,325,1.000000,1.000000,1.000000,1.000000,0,1,0,0
444,29,118,325,1.000000,1.000000,1.000000,1.000000,0,1,0,0
445,27,118,326,1.000000,1.000000,1.000000,1.000000,0,0,0,0
446,29,119,326,1.000000,1.000000,1.000000,1.000000,0,0,0,0
447,27,119,327,1.000000,1.000000,1.000000,1.000000,0,0,0,0
448,25,119,328,1.000000,1.000000,1.000000,1.000000,0,0,1,0
449,23,119,329,1.000000,1.000000,1.000000,1.000000,0,0,0,0
450,29,120,329,1.000000,1.000000,1.000000,1.000000,0,0,0,0
451,27,120,330,1.000000,1.000000,1.000000,1.000000,0,0,0,0
452,25,120,331,1.000000,1.000000,1.000000,1.000000,0,0,0,0
453,23,120,332,1.000000,1.000000,1.000000,1.000000,0,0,1,0
454,21,120,333,1.000000,1.000000,1.000000,1.000000,0,0,1,0
455,19,120,334,1.000000,1.000000,1.000000,1.000000,0,1,1,1
456,29,121,334,1.000000,1.000000,1.000000,1.000000,0,1,1,1
457,27,121,335,1.000000,1.000000,1.000000,1.000000,0,1,0,0
458,29,122,335,1.000000,1.000000,1.000000,1.000000,0,1,0,0
459,27,122,336,1.000000,1.000000,1.000000,1.000000,0,0,1,0
460,29,123,336,1.000000,1.000000,1.000000,1.000000,0,0,1,0
461,27,123,337,1.000000,1.000000,1.000000,1.000000,0,0,0,0
462,29,124,337,1.000000,1.000000,1.000000,1.000000,0,0,0,0
463,27,124,338,1.000000,1.000000,1.000000,1.000000,0,0,1,0
464,25,124,339,1.000000,1.000000,1.000000,1.000000,0,0,1,0
465,23,124,340,1.000000,1.000000,1.000000,1.000000,1,0,0,0
466,29,125,340,1.000000,1.000000,1.000000,1.000000,1,0,0,0
467,27,125,341,1.000000,1.000000,1.000000,1.000000,0,0,0,0
468,29,126,341,1.000000,1.000000,1.000000,1.000000,0,0,0,0
469,27,126,342,1.000000,1.000000,1.000000,1.000000,0,0,0,0
470,25,126,343,1.000000,1.000000,1.000000,1.000000,0,0,0,0
471,23,126,344,1.000000,1.000000,1.000000,1.000000,0,0,0,0
472,21,126,345,1.000000,1.000000,1.000000,1.000000,0,0,0,1
473,29,127,345,1.000000,1.000000,1.000000,1.000000,0,0,0,1
474,27,127,346,1.000000,1.000000,1.000000,1.000000,0,0,1,1
475,29,128,346,1.000000,1.000000,1.000000,1.000000,0,0,1,1
476,27,128,347,1.000000,1.000000,1.000000,1.000000,0,0,0,0
477,29,129,347,1.000000,1.000000,1.000000,1.000000,0,0,0,0
478,27,129,348,1.000000,1.000000,1.000000,1.000000,0,0,0,0
479,25,129,349,1.000000,1.000000,1.000000,1.000000,0,0,0,0
480,23,129,350,1.000000,1.000000,1.000000,1.000000,0,0,0,0
481,21,129,351,1.000000,1.000000,1.000000,1.000000,0,0,0,0
482,19,129,352,1.000000,1.000000,1.000000,1.000000,0,1,0,0
483,17,129,353,1.000000,1.000000,1.000000,1.000000,1,0,0,0
484,29,130,353,1.000000,1.000000,1.000000,1.000000,1,0,0,0
485,27,130,354,1.000000,1.000000,1.000000,1.000000,0,0,0,0
486,29,131,354,1.000000,1.000000,1.000000,1.000000,0,0,0,0
487,27,131,355,1.000000,1.000000,1.000000,1.000000,0,0,0,0
488,29,132,355,1.000000,1.000000,1.000000,1.000000,0,0,0,0
489,27,132,356,1.000000,1.000000,1.000000,1.000000,1,0,0,0
490,25,132,357,1.000000,1.000000,1.000000,1.000000,0,0,0,0
491,29,133,357,1.000000,1.000000,1.000000,1.000000,0,0,0,0
492,27,133,358,1.000000,1.000000,1.000000,1.000000,0,0,0,0
493,25,133,359,1.000000,1.000000,1.000000,1.000000,0,0,0,1
494,23,133,360,1.000000,1.000000,1.000000,1.000000,1,0,1,0
495,29,134,360,1.000000,1.000000,1.000000,1.000000,1,0,1,0
496,27,134,361,1.000000,1.000000,1.000000,1.000000,0,0,0,0
497,29,135,361,1.000000,1.000000,1.000000,1.000000,0,0,0,0
498,27,135,362,1.000000,1.000000,1.000000,1.000000,0,1,0,0
499,25,135,363,1.000000,1.000000,1.000000,1.000000,0,1,0,0
500,29,136,363,1.000000,1.000000,1.000000,1.000000,0,1,0,0
501,27,136,364,1.000000,1.000000,1.000000,1.000000,0,0,1,0
502,29,137,364,1.000000,1.000000,1.000000,1.000000,0,1,1,0
503,27,137,365,1.000000,1.000000,1.000000,1.000000,0,0,0,0
504,29,138,365,1.000000,1.000000,1.000000,1.000000,0,0,0,0
505,27,138,366,1.000000,1.000000,1.000000,1.000000,1,1,0,0
506,25,138,367,1.000000,1.000000,1.000000,1.000000,0,1,0,0
507,29,139,367,1.000000,1.000000,1.000000,1.000000,0,1,0,0
508,27,139,368,1.000000,1.000000,1.000000,1.000000,0,0,1,0
509,29,140,368,1.000000,1.000000,1.000000,1.000000,0,0,1,0
510,27,140,369,1.000000,1.000000,1.000000,1.000000,0,0,0,0
511,29,141,369,1.000000,1.000000,1.000000,1.000000,0,0,0,0
512,27,141,370,1.000000,1.000000,1.000000,1.000000,0,0,1,0
513,25,141,371,1.000000,1.000000,1.000000,1.000000,0,0,0,0
514,23,141,372,1.000000,1.000000,1.000000,1.000000,0,1,0,0
515,21,141,373,1.000000,1.000000,1.000000,1.000000,0,0,1,0
516,29,142,373,1.000000,1.000000,1.000000,1.000000,0,0,1,0
517,27,142,374,1.000000,1.000000,1.000000,1.000000,0,0,0,0
518,25,142,375,1.000000,1.000000,1.000000,1.000000,0,0,1,0
519,23,142,376,1.000000,1.000000,1.000000,1.000000,0,0,0,0
520,29,143,376,1.000000,1.000000,1.000000,1.000000,0,0,0,0
521,27,143,377,1.000000,1.000000,1.000000,1.000000,0,1,0,0
522,25,143,378,1.000000,1.000000,1.000000,1.000000,0,0,0,0
523,29,144,378,1.000000,1.000000,1.000000,1.000000,0,0,0,0
524,27,144,379,1.000000,1.000000,1.000000,1.000000,0,0,0,0
525,25,144,380,1.000000,1.000000,1.000000,1.000000,0,0,0,0
526,23,144,381,1.000000,1.000000,1.000000,1.000000,0,1,0,0
527,21,144,382,1.000000,1.000000,1.000000,1.000000,1,0,0,0
528,29,145,382,1.000000,1.000000,1.000000,1.000000,1,0,0,0
529,27,145,383,1.000000,1.000000,1.000000,1.000000,0,0,0,0
530,29,146,383,1.000000,1.000000,1.000000,1.000000,0,0,0,0
531,27,146,384,1.000000,1.000000,1.000000,1.000000,0,0,0,0
532,25,146,385,1.000000,1.000000,1.000000,1.000000,0,0,1,0
533,23,146,386,1.000000,1.000000,1.000000,1.000000,0,0,0,0
534,29,147,386,1.000000,1.000000,1.000000,1.000000,0,0,0,0
535,27,147,387,1.000000,1.000000,1.000000,1.000000,0,1,0,0
536,25,147,388,1.000000,1.000000,1.000000,1.000000,0,0,0,0
537,29,148,388,1.000000,1.000000,1.000000,1.000000,0,0,0,0
538,27,148,389,1.000000,1.000000,1.000000,1.000000,0,1,0,0
539,25,148,390,1.000000,1.000000,1.000000,1.000000,0,0,0,0
540,29,149,390,1.000000,1.000000,1.000000,1.000000,0,0,0,0
541,27,149,391,1.000000,1.000000,1.000000,1.000000,1,1,1,0
542,25,149,392,1.000000,1.000000,1.000000,1.000000,0,0,0,0
543,29,150,392,1.000000,1.000000,1.000000,1.000000,0,0,0,0
544,27,150,393,1.000000,1.000000,1.000000,1.000000,0,0,0,0
545,25,150,394,1.000000,1.000000,1.000000,1.000000,0,0,0,0
546,23,150,395,1.000000,1.000000,1.000000,1.000000,0,0,0,1
547,21,150,396,1.000000,1.000000,1.000000,1.000000,0,0,0,0
548,29,151,396,1.000000,1.000000,1.000000,1.000000,0,0,0,0
549,27,151,397,1.000000,1.000000,1.000000,1.000000,0,0,0,0
550,25,151,398,1.000000,1.000000,1.000000,1.000000,0,0,0,0
551,23,151,399,1.000000,1.000000,1.000000,1.000000,0,0,0,0
552,21,151,400,1.000000,1.000000,1.000000,1.000000,0,0,0,0
553,19,151,401,1.000000,1.000000,1.000000,1.000000,0,0,0,0
554,17,151,402,1.000000,1.000000,1.000000,1.000000,0,0,0,0
555,15,151,403,1.000000,1.000000,1.000000,1.000000,0,0,0,0
556,13,151,404,1.000000,1.000000,1.000000,1.000000,0,0,0,0
557,11,151,405,1.000000,1.000000,1.000000,1.000000,1,0,0,0
558,9,151,406,1.000000,1.000000,1.000000,1.000000,0,0,0,0
559,7,151,407,1.000000,1.000000,1.000000,1.000000,0,0,0,0
560,5,151,408,1.000000,1.000000,1.000000,1.000000,0,0,0,0
561,3,151,409,1.000000,1.000000,1.000000,1.000000,0,0,1,1
562,1,151,410,1.000000,1.000000,1.000000,1.000000,0,0,0,0
563,29,152,410,1.000000,1.000000,1.000000,1.000000,0,0,0,0
564,27,152,411,1.000000,1.000000,1.000000,1.000000,0,0,0,1
565,25,152,412,1.000000,1.000000,1.000000,1.000000,1,0,0,0
566,29,153,412,1.000000,1.000000,1.000000,1.000000,1,0,0,0
567,27,153,413,1.000000,1.000000,1.000000,1.000000,0,0,0,0
568,29,154,413,1.000000,1.000000,1.000000,1.000000,0,0,0,0
569,27,154,414,1.000000,1.000000,1.000000,1.000000,0,0,0,0
570,25,154,415,1.000000,1.000000,1.000000,1.000000,1,0,0,0
571,23,154,416,1.000000,1.000000,1.000000,1.000000,1,1,0,0
572,29,155,416,1.000000,1.000000,1.000000,1.000000,1,1,0,0
573,27,155,417,1.000000,1.000000,1.000000,1.000000,1,0,0,1
574,29,156,417,1.000000,1.000000,1.000000,1.000000,1,0,0,1
575,27,156,418,1.000000,1.000000,1.000000,1.000000,0,0,0,1
576,29,157,418,1.000000,1.000000,1.000000,1.000000,0,0,0,1
577,27,157,419,1.000000,1.000000,1.000000,1.000000,0,0,0,1
578,29,158,419,1.000000,1.000000,1.000000,1.000000,0,0,0,1
579,27,158,420,1.000000,1.000000,1.000000,1.000000,0,0,0,0
580,29,159,420,1.000000,1.000000,1.000000,1.000000,0,0,0,0
581,27,159,421,1.000000,1.000000,1.000000,1.000000,1,0,0,1
582,25,159,422,1.000000,1.000000,1.000000,1.000000,0,0,0,0
583,29,160,422,1.000000,1.000000,1.000000,1.000000,0,0,0,0
584,27,160,423,1.000000,1.000000,1.000000,1.000000,0,0,0,1
585,25,160,424,1.000000,1.000000,1.000000,1.000000,0,0,0,0
586,29,161,424,1.000000,1.000000,1.000000,1.000000,0,0,0,0
587,27,161,425,1.000000,1.000000,1.000000,1.000000,0,0,0,1
588,25,161,426,1.000000,1.000000,1.000000,1.000000,0,0,0,1
589,29,162,426,1.000000,1.000000,1.000000,1.000000,0,0,0,1
590,27,162,427,1.000000,1.000000,1.000000,1.000000,0,0,0,0
591,29,163,427,1.000000,1.000000,1.000000,1.000000,0,0,0,0
592,27,163,428,1.000000,1.000000,1.000000,1.000000,0,0,1,0
593,25,163,429,1.000000,1.000000,1.000000,1.000000,0,0,0,0
594,29,164,429,1.000000,1.000000,1.000000,1.000000,0,0,0,0
595,27,164,430,1.000000,1.000000,1.000000,1.000000,0,0,1,0
596,25,164,431,1.000000,1.000000,1.000000,1.000000,0,1,0,1
597,29,165,431,1.000000,1.000000,1.000000,1.000000,0,1,0,1
598,27,165,432,1.000000,1.000000,1.000000,1.000000,0,0,1,1
599,25,165,433,1.000000,1.000000,1.000000,1.000000,0,1,0,0
600,29,166,433,1.000000,1.000000,1.000000,1.000000,0,1,0,0
601,27,166,434,1.000000,1.000000,1.000000,1.000000,0,0,1,0
602,25,166,435,1.000000,1.000000,1.000000,1.000000,1,0,0,0
603,29,167,435,1.000000,1.000000,1.000000,1.000000,1,0,0,0
604,27,167,436,1.000000,1.000000,1.000000,1.000000,0,0,0,0
605,29,168,436,1.000000,1.000000,1.000000,1.000000,0,0,0,0
606,27,168,437,1.000000,1.000000,1.000000,1.000000,0,0,0,0
607,25,168,438,1.000000,1.000000,1.000000,1.000000,0,0,0,0
608,23,168,439,1.000000,1.000000,1.000000,1.000000,0,0,0,0
609,21,168,440,1.000000,1.000000,1.000000,1.000000,0,0,0,0
610,19,168,441,1.000000,1.000000,1.000000,1.000000,0,0,0,0
611,17,168,442,1.000000,1.000000,1.000000,1.000000,0,1,0,0
612,15,168,443,1.000000,1.000000,1.000000,1.000000,0,0,0,0
613,29,169,443,1.000000,1.000000,1.000000,1.000000,0,0,0,0
614,27,169,444,1.000000,1.000000,1.000000,1.000000,0,0,1,0
615,25,169,445,1.000000,1.000000,1.000000,1.000000,0,1,0,0
616,29,170,445,1.000000,1.000000,1.000000,1.000000,0,1,0,0
617,27,170,446,1.000000,1.000000,1.000000,1.000000,0,0,1,0
618,29,171,446,1.000000,1.000000,1.000000,1.000000,0,0,1,0
619,27,171,447,1.000000,1.000000,1.000000,1.000000,0,0,0,0
620,29,172,447,1.000000,1.000000,1.000000,1.000000,0,0,0,0
621,27,172,448,1.000000,1.000000,1.000000,1.000000,0,0,1,0
622,25,172,449,1.000000,1.000000,1.000000,1.000000,0,0,1,0
623,23,172,450,1.000000,1.000000,1.000000,1.000000,1,0,0,0
624,29,173,450,1.000000,1.000000,1.000000,1.000000,1,0,0,0
625,27,173,451,1.000000,1.000000,1.000000,1.000000,0,0,0,0
626,29,174,451,1.000000,1.000000,1.000000,1.000000,0,0,0,0
627,27,174,452,1.000000,1.000000,1.000000,1.000000,0,0,0,0
628,25,174,453,1.000000,1.000000,1.000000,1.000000,0,0,0,0
629,23,174,454,1.000000,1.000000,1.000000,1.000000,0,0,0,0
630,21,174,455,1.000000,1.000000,1.000000,1.000000,0,0,0,0
631,19,174,456,1.000000,1.000000,1.000000,1.000000,0,0,0,0
632,17,174,457,1.000000,1.000000,1.000000,1.000000,0,0,0,0
633,15,174,458,1.000000,1.000000,1.000000,1.000000,0,1,0,0
634,13,174,459,1.000000,1.000000,1.000000,1.000000,0,0,1,0
635,29,175,459,1.000000,1.000000,1.000000,1.000000,0,0,1,0
636,27,175,460,1.000000,1.000000,1.000000,1.000000,0,0,0,0
637,29,176,460,1.000000,1.000000,1.000000,1.000000,0,0,0,0
638,27,176,461,1.000000,1.000000,1.000000,1.000000,0,1,0,0
639,25,176,462,1.000000,1.000000,1.000000,1.000000,0,0,0,0
640,29,177,462,1.000000,1.000000,1.000000,1.000000,0,0,0,0
641,27,177,463,1.000000,1.000000,1.000000,1.000000,0,0,1,0
642,25,177,464,1.000000,1.000000,1.000000,1.000000,0,0,0,0
643,29,178,464,1.000000,1.000000,1.000000,1.000000,0,0,0,0
644,27,178,465,1.000000,1.000000,1.000000,1.000000,0,0,0,0
645,25,178,466,1.000000,1.000000,1.000000,1.000000,0,0,0,0
646,23,178,467,1.000000,1.000000,1.000000,1.000000,0,0,0,0
647,21,178,468,1.000000,1.000000,1.000000,1.000000,0,0,0,0
648,19,178,469,1.000000,1.000000,1.000000,1.000000,0,0,0,0
649,17,178,470,1.000000,1.000000,1.000000,1.000000,0,1,0,0
650,15,178,471,1.000000,1.000000,1.000000,1.000000,0,0,0,0
651,29,179,471,1.000000,1.000000,1.000000,1.000000,0,0,1,0
652,27,179,472,1.000000,1.000000,1.000000,1.000000,0,0,0,0
653,29,180,472,1.000000,1.000000,1.000000,1.000000,0,0,0,0
654,27,180,473,1.000000,1.000000,1.000000,1.000000,0,1,0,0
655,25,180,474,1.000000,1.000000,1.000000,1.000000,0,0,0,0
656,29,181,474,1.000000,1.000000,1.000000,1.000000,0,0,0,0
657,27,181,475,1.000000,1.000000,1.000000,1.000000,0,0,1,0
658,25,181,476,1.000000,1.000000,1.000000,1.000000,0,0,0,0
659,29,182,476,1.000000,1.000000,1.000000,1.000000,0,0,0,0
660,27,182,477,1.000000,1.000000,1.000000,1.000000,0,0,0,0
661,25,182,478,1.000000,1.000000,1.000000,1.000000,0,0,0,0
662,23,182,479,1.000000,1.000000,1.000000,1.000000,0,0,0,0
663,21,182,480,1.000000,1.000000,1.000000,1.000000,0,0,0,0
664,19,182,481,1.000000,1.000000,1.000000,1.000000,0,0,0,0
665,17,182,482,1.000000,1.000000,1.000000,1.000000,0,0,0,0
666,15,182,483,1.000000,1.000000,1.000000,1.000000,0,0,1,0
667,13,182,484,1.000000,1.000000,1.000000,1.000000,0,0,0,0
668,29,183,484,1.000000,1.000000,1.000000,1.000000,0,0,0,0
669,27,183,485,1.000000,1.000000,1.000000,1.000000,0,0,0,0
670,25,183,486,1.000000,1.000000,1.000000,1.000000,0,0,0,0
671,23,183,487,1.000000,1.000000,1.000000,1.000000,1,0,0,0
672,21,183,488,1.000000,1.000000,1.000000,1.000000,0,0,0,0
673,29,184,488,1.000000,1.000000,1.000000,1.000000,0,0,0,0
674,27,184,489,1.000000,1.000000,1.000000,1.000000,1,0,0,0
675,25,184,490,1.000000,1.000000,1.000000,1.000000,0,0,0,0
676,23,184,491,1.000000,1.000000,1.000000,1.000000,1,0,0,0
677,21,184,492,1.000000,1.000000,1.000000,1.000000,1,0,0,1
678,19,184,493,1.000000,1.000000,1.000000,1.000000,0,1,1,1
679,29,185,493,1.000000,1.000000,1.000000,1.000000,0,1,1,1
680,27,185,494,1.000000,1.000000,1.000000,1.000000,0,0,0,1
681,29,186,494,1.000000,1.000000,1.000000,1.000000,0,0,0,1
682,27,186,495,1.000000,1.000000,1.000000,1.000000,1,0,0,0
683,29,187,495,1.000000,1.000000,1.000000,1.000000,1,0,0,0
684,27,187,496,1.000000,1.000000,1.000000,1.000000,0,0,0,0
685,29,188,496,1.000000,1.000000,1.000000,1.000000,0,0,0,0
686,27,188,497,1.000000,1.000000,1.000000,1.000000,0,1,0,0
687,25,188,498,1.000000,1.000000,1.000000,1.000000,0,0,0,0
688,23,188,499,1.000000,1.000000,1.000000,1.000000,0,1,0,0
689,21,188,500,1.000000,1.000000,1.000000,1.000000,0,0,0,0
690,29,189,500,1.000000,1.000000,1.000000,1.000000,0,0,0,0
691,27,189,501,1.000000,1.000000,1.000000,1.000000,1,0,0,0
692,25,189,502,1.000000,1.000000,1.000000,1.000000,0,0,0,0
693,29,190,502,1.000000,1.000000,1.000000,1.000000,0,0,0,1
694,27,190,503,1.000000,1.000000,1.000000,1.000000,0,0,0,0
695,29,191,503,1.000000,1.000000,1.000000,1.000000,0,0,1,0
696,27,191,504,1.000000,1.000000,1.000000,1.000000,0,0,0,0
697,29,192,504,1.000000,1.000000,1.000000,1.000000,0,0,0,1
698,27,192,505,1.000000,1.000000,1.000000,1.000000,0,0,0,0
699,29,193,505,1.000000,1.000000,1.000000,1.000000,1,0,0,0
700,27,193,506,1.000000,1.000000,1.000000,1.000000,0,0,0,0
701,29,194,506,1.000000,1.000000,1.000000,1.000000,0,0,0,0
702,27,194,507,1.000000,1.000000,1.000000,1.000000,0,0,0,1
703,25,194,508,1.000000,1.000000,1.000000,1.000000,0,0,1,0
704,29,195,508,1.000000,1.000000,1.000000,1.000000,0,0,1,0
705,27,195,509,1.000000,1.000000,1.000000,1.000000,0,0,1,1
706,25,195,510,1.000000,1.000000,1.000000,1.000000,1,1,0,0
707,29,196,510,1.000000,1.000000,1.000000,1.000000,1,1,0,0
708,27,196,511,1.000000,1.000000,1.000000,1.000000,0,0,0,1
709,25,196,512,1.000000,1.000000,1.000000,1.000000,0,1,0,1
710,29,197,512,1.000000,1.000000,1.000000,1.000000,0,1,0,1
711,27,197,513,1.000000,1.000000,1.000000,1.000000,0,0,0,0
712,29,198,513,1.000000,1.000000,1.000000,1.000000,0,0,0,0
713,27,198,514,1.000000,1.000000,1.000000,1.000000,0,0,0,0
714,25,198,515,1.000000,1.000000,1.000000,1.000000,0,0,0,0
715,23,198,516,1.000000,1.000000,1.000000,1.000000,0,1,0,0
716,21,198,517,1.000000,1.000000,1.000000,1.000000,0,0,0,0
717,29,199,517,1.000000,1.000000,1.000000,1.000000,0,0,0,0
718,27,199,518,1.000000,1.000000,1.000000,1.000000,0,1,0,0
719,25,199,519,1.000000,1.000000,1.000000,1.000000,1,1,0,0
720,29,200,519,1.000000,1.000000,1.000000,1.000000,1,1,0,0
721,27,200,520,1.000000,1.000000,1.000000,1.000000,0,1,0,0
722,25,200,521,1.000000,1.000000,1.000000,1.000000,0,1,1,1
723,29,201,521,1.000000,1.000000,1.000000,1.000000,0,1,1,1
724,27,201,522,1.000000,1.000000,1.000000,1.000000,0,0,0,0
725,29,202,522,1.000000,1.000000,1.000000,1.000000,0,0,0,0
726,27,202,523,1.000000,1.000000,1.000000,1.000000,0,1,0,0
727,25,202,524,1.000000,1.000000,1.000000,1.000000,0,0,0,0
728,23,202,525,1.000000,1.000000,1.000000,1.000000,0,0,0,1
729,21,202,526,1.000000,1.000000,1.000000,1.000000,1,0,0,0
730,29,203,526,1.000000,1.000000,1.000000,1.000000,1,0,0,0
731,27,203,527,1.000000,1.000000,1.000000,1.000000,1,0,0,1
732,29,204,527,1.000000,1.000000,1.000000,1.000000,1,0,0,1
733,27,204,528,1.000000,1.000000,1.000000,1.000000,0,0,0,0
734,29,205,528,1.000000,1.000000,1.000000,1.000000,0,0,0,0
735,27,205,529,1.000000,1.000000,1.000000,1.000000,0,0,0,1
736,25,205,530,1.000000,1.000000,1.000000,1.000000,0,0,0,0
737,29,206,530,1.000000,1.000000,1.000000,1.000000,0,0,0,0
738,27,206,531,1.000000,1.000000,1.000000,1.000000,0,0,0,0
739,25,206,532,1.000000,1.000000,1.000000,1.000000,0,0,0,0
740,23,206,533,1.000000,1.000000,1.000000,1.000000,0,0,0,0
741,21,206,534,1.000000,1.000000,1.000000,1.000000,0,0,0,0
742,19,206,535,1.000000,1.000000,1.000000,1.000000,0,0,0,0
743,17,206,536,1.000000,1.000000,1.000000,1.000000,0,0,0,0
744,15,206,537,1.000000,1.000000,1.000000,1.000000,0,0,0,0
745,13,206,538,1.000000,1.000000,1.000000,1.000000,0,0,0,0
746,11,206,539,1.000000,1.000000,1.000000,1.000000,0,0,0,1
747,9,206,540,1.000000,1.000000,1.000000,1.000000,0,0,0,0
748,29,207,540,1.000000,1.000000,1.000000,1.000000,0,0,0,0
749,27,207,541,1.000000,1.000000,1.000000,1.000000,0,0,0,0
750,25,207,542,1.000000,1.000000,1.000000,1.000000,0,0,0,0
751,23,207,543,1.000000,1.000000,1.000000,1.000000,0,0,0,0
752,21,207,544,1.000000,1.000000,1.000000,1.000000,0,0,0,0
753,19,207,545,1.000000,1.000000,1.000000,1.000000,0,0,0,0
754,17,207,546,1.000000,1.000000,1.000000,1.000000,0,0,0,0
755,15,207,547,1.000000,1.000000,1.000000,1.000000,0,1,1,0
756,13,207,548,1.000000,1.000000,1.000000,1.000000,0,1,0,0
757,29,208,548,1.000000,1.000000,1.000000,1.000000,0,1,0,0
758,27,208,549,1.000000,1.000000,1.000000,1.000000,1,0,1,0
759,29,209,549,1.000000,1.000000,1.000000,1.000000,1,0,1,0
760,27,209,550,1.000000,1.000000,1.000000,1.000000,0,0,0,0
761,29,210,550,1.000000,1.000000,1.000000,1.000000,0,0,0,0
762,27,210,551,1.000000,1.000000,1.000000,1.000000,0,0,0,0
763,25,210,552,1.000000,1.000000,1.000000,1.000000,0,0,0,0
764,23,210,553,1.000000,1.000000,1.000000,1.000000,0,0,0,0
765,21,210,554,1.000000,1.000000,1.000000,1.000000,1,1,0,0
766,19,210,555,1.000000,1.000000,1.000000,1.000000,0,0,1,0
767,29,211,555,1.000000,1.000000,1.000000,1.000000,0,0,1,0
768,27,211,556,1.000000,1.000000,1.000000,1.000000,0,0,0,0
769,29,212,556,1.000000,1.000000,1.000000,1.000000,0,0,0,0
770,27,212,557,1.000000,1.000000,1.000000,1.000000,0,0,0,0
771,25,212,558,1.000000,1.000000,1.000000,1.000000,0,0,0,1
772,23,212,559,1.000000,1.000000,1.000000,1.000000,0,0,0,0
773,29,213,559,1.000000,1.000000,1.000000,1.000000,0,0,0,0
774,27,213,560,1.000000,1.000000,1.000000,1.000000,0,0,0,0
775,25,213,561,1.000000,1.000000,1.000000,1.000000,0,0,0,1
776,23,213,562,1.000000,1.000000,1.000000,1.000000,0,0,0,1
777,21,213,563,1.000000,1.000000,1.000000,1.000000,1,0,1,1
778,29,214,563,1.000000,1.000000,1.000000,1.000000,1,0,1,1
779,27,214,564,1.000000,1.000000,1.000000,1.000000,0,0,0,0
780,29,215,564,1.000000,1.000000,1.000000,1.000000,0,0,0,0
781,27,215,565,1.000000,1.000000,1.000000,1.000000,0,1,0,1
782,25,215,566,1.000000,1.000000,1.000000,1.000000,0,0,0,0
783,29,216,566,1.000000,1.000000,1.000000,1.000000,0,0,0,0
784,27,216,567,1.000000,1.000000,1.000000,1.000000,0,0,1,0
785,25,216,568,1.000000,1.000000,1.000000,1.000000,0,1,1,0
786,29,217,568,1.000000,1.000000,1.000000,1.000000,0,1,1,0
787,27,217,569,1.000000,1.000000,1.000000,1.000000,0,1,1,0
788,29,218,569,1.000000,1.000000,1.000000,1.000000,0,1,1,0
789,27,218,570,1.000000,1.000000,1.000000,1.000000,0,0,0,1
790,29,219,570,1.000000,1.000000,1.000000,1.000000,0,0,0,1
791,27,219,571,1.000000,1.000000,1.000000,1.000000,0,0,0,0
792,29,220,571,1.000000,1.000000,1.000000,1.000000,0,0,0,0
793,27,220,572,1.000000,1.000000,1.000000,1.000000,0,0,0,0
794,25,220,573,1.000000,1.000000,1.000000,1.000000,0,0,0,0
795,23,220,574,1.000000,1.000000,1.000000,1.000000,0,0,0,1
796,21,220,575,1.000000,1.000000,1.000000,1.000000,0,0,0,1
797,19,220,576,1.000000,1.000000,1.000000,1.000000,1,1,0,0
798,29,221,576,1.000000,1.000000,1.000000,1.000000,1,1,0,0
799,27,221,577,1.000000,1.000000,1.000000,1.000000,1,0,0,1
800,29,222,577,1.000000,1.000000,1.000000,1.000000,1,0,0,1
801,27,222,578,1.000000,1.000000,1.000000,1.000000,0,0,0,1
802,29,223,578,1.000000,1.000000,1.000000,1.000000,0,0,0,1
803,27,223,579,1.000000,1.000000,1.000000,1.000000,0,0,0,1
804,29,224,579,1.000000,1.000000,1.000000,1.000000,0,0,0,1
805,27,224,580,1.000000,1.000000,1.000000,1.000000,0,0,0,0
806,29,225,580,1.000000,1.000000,1.000000,1.000000,0,0,0,0
807,27,225,581,1.000000,1.000000,1.000000,1.000000,1,0,0,0
808,25,225,582,1.000000,1.000000,1.000000,1.000000,0,0,0,0
809,29,226,582,1.000000,1.000000,1.000000,1.000000,0,0,0,0
810,27,226,583,1.000000,1.000000,1.000000,1.000000,1,0,0,0
811,25,226,584,1.000000,1.000000,1.000000,1.000000,0,0,0,1
812,29,227,584,1.000000,1.000000,1.000000,1.000000,0,0,0,1
813,27,227,585,1.000000,1.000000,1.000000,1.000000,0,0,0,0
814,29,228,585,1.000000,1.000000,1.000000,1.000000,0,0,0,0
815,27,228,586,1.000000,1.000000,1.000000,1.000000,0,0,0,0
816,25,228,587,1.000000,1.000000,1.000000,1.000000,0,1,0,0
817,23,228,588,1.000000,1.000000,1.000000,1.000000,0,0,0,0
818,29,229,588,1.000000,1.000000,1.000000,1.000000,0,0,0,0
819,27,229,589,1.000000,1.000000,1.000000,1.000000,0,0,0,0
820,25,229,590,1.000000,1.000000,1.000000,1.000000,0,0,0,0
821,23,229,591,1.000000,1.000000,1.000000,1.000000,0,0,0,0
822,21,229,592,1.000000,1.000000,1.000000,1.000000,0,0,0,0
823,19,229,593,1.000000,1.000000,1.000000,1.000000,0,0,1,1
824,17,229,594,1.000000,1.000000,1.000000,1.000000,0,0,0,0
825,29,230,594,1.000000,1.000000,1.000000,1.000000,0,0,0,0
826,27,230,595,1.000000,1.000000,1.000000,1.000000,0,0,1,0
827,25,230,596,1.000000,1.000000,1.000000,1.000000,0,1,0,0
828,29,231,596,1.000000,1.000000,1.000000,1.000000,0,1,0,0
829,27,231,597,1.000000,1.000000,1.000000,1.000000,0,1,0,0
830,29,232,597,1.000000,1.000000,1.000000,1.000000,0,1,0,0
831,27,232,598,1.000000,1.000000,1.000000,1.000000,0,1,0,0
832,29,233,598,1.000000,1.000000,1.000000,1.000000,0,1,0,0
833,27,233,599,1.000000,1.000000,1.000000,1.000000,1,0,1,0
834,29,234,599,1.000000,1.000000,1.000000,1.000000,1,0,1,0
835,27,234,600,1.000000,1.000000,1.000000,1.000000,0,1,0,0
836,29,235,600,1.000000,1.000000,1.000000,1.000000,0,1,0,0
837,27,235,601,1.000000,1.000000,1.000000,1.000000,0,0,0,0
838,29,236,601,1.000000,1.000000,1.000000,1.000000,0,0,0,0
839,27,236,602,1.000000,1.000000,1.000000,1.000000,0,1,0,0
840,25,236,603,1.000000,1.000000,1.000000,1.000000,1,1,0,0
841,23,236,604,1.000000,1.000000,1.000000,1.000000,0,1,1,0
842,29,237,604,1.000000,1.000000,1.000000,1.000000,0,1,1,0
843,27,237,605,1.000000,1.000000,1.000000,1.000000,0,1,0,0
844,25,237,606,1.000000,1.000000,1.000000,1.000000,1,0,0,1
845,29,238,606,1.000000,1.000000,1.000000,1.000000,1,0,0,1
846,27,238,607,1.000000,1.000000,1.000000,1.000000,0,1,0,0
847,29,239,607,1.000000,1.000000,1.000000,1.000000,0,1,0,0
848,27,239,608,1.000000,1.000000,1.000000,1.000000,0,0,0,0
849,29,240,608,1.000000,1.000000,1.000000,1.000000,0,0,0,0
850,27,240,609,1.000000,1.000000,1.000000,1.000000,0,0,1,0
851,25,240,610,1.000000,1.000000,1.000000,1.000000,0,0,0,0
852,29,241,610,1.000000,1.000000,1.000000,1.000000,0,0,0,0
853,27,241,611,1.000000,1.000000,1.000000,1.000000,0,0,0,0
854,25,241,612,1.000000,1.000000,1.000000,1.000000,0,0,0,0
855,23,241,613,1.000000,1.000000,1.000000,1.000000,0,0,0,0
856,21,241,614,1.000000,1.000000,1.000000,1.000000,0,0,0,0
857,19,241,615,1.000000,1.000000,1.000000,1.000000,0,0,0,0
858,17,241,616,1.000000,1.000000,1.000000,1.000000,0,0,0,0
859,15,241,617,1.000000,1.000000,1.000000,1.000000,0,1,1,0
860,13,241,618,1.000000,1.000000,1.000000,1.000000,0,0,0,0
861,29,242,618,1.000000,1.000000,1.000000,1.000000,0,0,0,0
862,27,242,619,1.000000,1.000000,1.000000,1.000000,1,1,1,0
863,25,242,620,1.000000,1.000000,1.000000,1.000000,0,0,1,0
864,29,243,620,1.000000,1.000000,1.000000,1.000000,0,0,1,0
865,27,243,621,1.000000,1.000000,1.000000,1.000000,0,0,0,0
866,29,244,621,1.000000,1.000000,1.000000,1.000000,0,0,0,0
867,27,244,622,1.000000,1.000000,1.000000,1.000000,0,0,1,0
868,25,244,623,1.000000,1.000000,1.000000,1.000000,0,0,0,0
869,29,245,623,1.000000,1.000000,1.000000,1.000000,0,0,0,0
870,27,245,624,1.000000,1.000000,1.000000,1.000000,0,0,0,0
871,25,245,625,1.000000,1.000000,1.000000,1.000000,0,0,0,0
872,23,245,626,1.000000,1.000000,1.000000,1.000000,0,0,0,0
873,21,245,627,1.000000,1.000000,1.000000,1.000000,0,1,0,0
874,19,245,628,1.000000,1.000000,1.000000,1.000000,0,1,0,0
875,17,245,629,1.000000,1.000000,1.000000,1.000000,1,0,1,0
876,29,246,629,1.000000,1.000000,1.000000,1.000000,1,0,1,0
877,27,246,630,1.000000,1.000000,1.000000,1.000000,0,0,0,0
878,29,247,630,1.000000,1.000000,1.000000,1.000000,0,0,0,0
879,27,247,631,1.000000,1.000000,1.000000,1.000000,0,0,0,0
880,25,247,632,1.000000,1.000000,1.000000,1.000000,0,0,0,0
881,23,247,633,1.000000,1.000000,1.000000,1.000000,1,0,0,0
882,21,247,634,1.000000,1.000000,1.000000,1.000000,0,0,0,1
883,29,248,634,1.000000,1.000000,1.000000,1.000000,0,0,0,1
884,27,248,635,1.000000,1.000000,1.000000,1.000000,1,0,0,0
885,29,249,635,1.000000,1.000000,1.000000,1.000000,1,0,0,0
886,27,249,636,1.000000,1.000000,1.000000,1.000000,1,0,0,0
887,25,249,637,1.000000,1.000000,1.000000,1.000000,0,0,1,0
888,29,250,637,1.000000,1.000000,1.000000,1.000000,0,0,1,0
889,27,250,638,1.000000,1.000000,1.000000,1.000000,0,0,0,0
890,29,251,638,1.000000,1.000000,1.000000,1.000000,0,0,0,0
891,27,251,639,1.000000,1.000000,1.000000,1.000000,0,0,0,0
892,25,251,640,1.000000,1.000000,1.000000,1.000000,0,0,0,0
893,23,251,641,1.000000,1.000000,1.000000,1.000000,0,0,0,0
894,21,251,642,1.000000,1.000000,1.000000,1.000000,0,0,0,0
895,19,251,643,1.000000,1.000000,1.000000,1.000000,0,0,0,0
896,17,251,644,1.000000,1.000000,1.000000,1.000000,0,0,0,0
897,15,251,645,1.000000,1.000000,1.000000,1.000000,0,0,0,0
898,13,251,646,1.000000,1.000000,1.000000,1.000000,0,0,0,0
899,11,251,647,1.000000,1.000000,1.000000,1.000000,0,0,0,0
900,9,251,648,1.000000,1.000000,1.000000,1.000000,0,0,1,0
901,7,251,649,1.000000,1.000000,1.000000,1.000000,0,1,0,0
902,29,252,649,1.000000,1.000000,1.000000,1.000000,0,1,0,0
903,27,252,650,1.000000,1.000000,1.000000,1.000000,0,0,0,0
904,29,253,650,1.000000,1.000000,1.000000,1.000000,0,0,0,0
905,27,253,651,1.000000,1.000000,1.000000,1.000000,0,0,0,1
906,25,253,652,1.000000,1.000000,1.000000,1.000000,1,0,0,0
907,23,253,653,1.000000,1.000000,1.000000,1.000000,0,0,1,0
908,29,254,653,1.000000,1.000000,1.000000,1.000000,0,0,1,0
909,27,254,654,1.000000,1.000000,1.000000,1.000000,0,0,0,0
910,29,255,654,1.000000,1.000000,1.000000,1.000000,0,0,0,0
911,27,255,655,1.000000,1.000000,1.000000,1.000000,0,0,0,0
912,25,255,656,1.000000,1.000000,1.000000,1.000000,0,0,0,0
913,23,255,657,1.000000,1.000000,1.000000,1.000000,0,0,0,0
914,21,255,658,1.000000,1.000000,1.000000,1.000000,0,0,0,0
915,19,255,659,1.000000,1.000000,1.000000,1.000000,0,0,0,0
916,17,255,660,1.000000,1.000000,1.000000,1.000000,0,0,1,0
917,15,255,661,1.000000,1.000000,1.000000,1.000000,0,0,0,0
918,29,256,661,1.000000,1.000000,1.000000,1.000000,0,1,0,0
919,27,256,662,1.000000,1.000000,1.000000,1.000000,0,0,0,0
920,29,257,662,1.000000,1.000000,1.000000,1.000000,0,0,0,0
921,27,257,663,1.000000,1.000000,1.000000,1.000000,0,0,0,0
922,25,257,664,1.000000,1.000000,1.000000,1.000000,0,1,0,0
923,23,257,665,1.000000,1.000000,1.000000,1.000000,0,0,1,0
924,29,258,665,1.000000,1.000000,1.000000,1.000000,0,0,1,0
925,27,258,666,1.000000,1.000000,1.000000,1.000000,0,0,0,0
926,29,259,666,1.000000,1.000000,1.000000,1.000000,0,0,0,0
927,27,259,667,1.000000,1.000000,1.000000,1.000000,0,0,0,0
928,25,259,668,1.000000,1.000000,1.000000,1.000000,0,0,0,0
929,23,259,669,1.000000,1.000000,1.000000,1.000000,0,0,0,0
930,21,259,670,1.000000,1.000000,1.000000,1.000000,0,0,0,0
931,19,259,671,1.000000,1.000000,1.000000,1.000000,0,0,0,0
932,17,259,672,1.000000,1.000000,1.000000,1.000000,0,0,0,0
933,15,259,673,1.000000,1.000000,1.000000,1.000000,1,0,0,0
934,13,259,674,1.000000,1.000000,1.000000,1.000000,1,0,0,0
935,29,260,674,1.000000,1.000000,1.000000,1.000000,1,0,0,0
936,27,260,675,1.000000,1.000000,1.000000,1.000000,1,0,0,0
937,29,261,675,1.000000,1.000000,1.000000,1.000000,1,0,0,0
938,27,261,676,1.000000,1.000000,1.000000,1.000000,0,0,0,1
939,29,262,676,1.000000,1.000000,1.000000,1.000000,0,0,0,1
940,27,262,677,1.000000,1.000000,1.000000,1.000000,0,0,0,0
941,29,263,677,1.000000,1.000000,1.000000,1.000000,0,0,0,0
942,27,263,678,1.000000,1.000000,1.000000,1.000000,1,0,0,0
943,25,263,679,1.000000,1.000000,1.000000,1.000000,0,1,0,0
944,29,264,679,1.000000,1.000000,1.000000,1.000000,0,1,0,0
945,27,264,680,1.000000,1.000000,1.000000,1.000000,0,0,0,0
946,29,265,680,1.000000,1.000000,1.000000,1.000000,0,0,0,0
947,27,265,681,1.000000,1.000000,1.000000,1.000000,0,0,0,0
948,25,265,682,1.000000,1.000000,1.000000,1.000000,0,0,0,0
949,23,265,683,1.000000,1.000000,1.000000,1.000000,0,0,0,0
950,21,265,684,1.000000,1.000000,1.000000,1.000000,0,0,0,1
951,19,265,685,1.000000,1.000000,1.000000,1.000000,1,0,1,0
952,29,266,685,1.000000,1.000000,1.000000,1.000000,1,0,1,0
953,27,266,686,1.000000,1.000000,1.000000,1.000000,1,0,0,0
954,29,267,686,1.000000,1.000000,1.000000,1.000000,1,0,0,0
955,27,267,687,1.000000,1.000000,1.000000,1.000000,1,0,0,0
956,29,268,687,1.000000,1.000000,1.000000,1.000000,1,0,0,0
957,27,268,688,1.000000,1.000000,1.000000,1.000000,0,0,0,0
958,29,269,688,1.000000,1.000000,1.000000,1.000000,0,0,0,0
959,27,269,689,1.000000,1.000000,1.000000,1.000000,0,1,0,0
960,25,269,690,1.000000,1.000000,1.000000,1.000000,1,0,0,0
961,29,270,690,1.000000,1.000000,1.000000,1.000000,1,0,0,0
962,27,270,691,1.000000,1.000000,1.000000,1.000000,0,0,0,0
963,25,270,692,1.000000,1.000000,1.000000,1.000000,0,1,0,0
964,23,270,693,1.000000,1.000000,1.000000,1.000000,0,1,0,0
965,21,270,694,1.000000,1.000000,1.000000,1.000000,0,0,0,1
966,29,271,694,1.000000,1.000000,1.000000,1.000000,0,0,0,1
967,27,271,695,1.000000,1.000000,1.000000,1.000000,0,0,0,0
968,25,271,696,1.000000,1.000000,1.000000,1.000000,0,0,0,1
969,23,271,697,1.000000,1.000000,1.000000,1.000000,0,0,0,0
970,21,271,698,1.000000,1.000000,1.000000,1.000000,0,0,0,1
971,19,271,699,1.000000,1.000000,1.000000,1.000000,0,0,0,0
972,29,272,699,1.000000,1.000000,1.000000,1.000000,0,0,0,0
973,27,272,700,1.000000,1.000000,1.000000,1.000000,0,0,0,0
974,25,272,701,1.000000,1.000000,1.000000,1.000000,0,0,0,1
975,23,272,702,1.000000,1.000000,1.000000,1.000000,0,0,0,0
976,21,272,703,1.000000,1.000000,1.000000,1.000000,0,0,0,1
977,19,272,704,1.000000,1.000000,1.000000,1.000000,1,0,1,0
978,17,272,705,1.000000,1.000000,1.000000,1.000000,1,0,1,0
979,29,273,705,1.000000,1.000000,1.000000,1.000000,1,0,1,0
980,27,273,706,1.000000,1.000000,1.000000,1.000000,0,0,0,0
981,29,274,706,1.000000,1.000000,1.000000,1.000000,0,0,0,0
982,27,274,707,1.000000,1.000000,1.000000,1.000000,0,1,0,0
983,25,274,708,1.000000,1.000000,1.000000,1.000000,1,0,0,0
984,29,275,708,1.000000,1.000000,1.000000,1.000000,1,0,0,0
985,27,275,709,1.000000,1.000000,1.000000,1.000000,0,0,0,0
986,29,276,709,1.000000,1.000000,1.000000,1.000000,0,0,0,0
987,27,276,710,1.000000,1.000000,1.000000,1.000000,0,0,0,0
988,25,276,711,1.000000,1.000000,1.000000,1.000000,0,0,0,0
989,23,276,712,1.000000,1.000000,1.000000,1.000000,0,0,0,0
990,21,276,713,1.000000,1.000000,1.000000,1.000000,0,0,1,0
991,19,276,714,1.000000,1.000000,1.000000,1.000000,0,0,0,0
992,29,277,714,1.000000,1.000000,1.000000,1.000000,0,0,0,0
993,27,277,715,1.000000,1.000000,1.000000,1.000000,0,0,0,1
994,25,277,716,1.000000,1.000000,1.000000,1.000000,1,0,0,0
995,29,278,716,1.000000,1.000000,1.000000,1.000000,1,0,0,0
996,27,278,717,1.000000,1.000000,1.000000,1.000000,0,0,0,0
997,29,279,717,1.000000,1.000000,1.000000,1.000000,0,0,0,0
998,27,279,718,1.000000,1.000000,1.000000,1.000000,0,0,0,0
999,25,279,719,1.000000,1.000000,1.000000,1.000000,0,0,0,0
1000,23,279,720,1.000000,1.000000,1.000000,1.000000,1,0,0,0
1001,21,279,721,1.000000,1.000000,1.000000,1.000000,0,0,0,0
1002,29,280,721,1.000000,1.000000,1.000000,1.000000,0,0,0,0
1003,27,280,722,1.000000,1.000000,1.000000,1.000000,0,0,0,0
1004,25,280,723,1.000000,1.000000,1.000000,1.000000,0,0,0,0
1005,23,280,724,1.000000,1.000000,1.000000,1.000000,0,0,0,0
1006,21,280,725,1.000000,1.000000,1.000000,1.000000,0,0,0,0
1007,19,280,726,1.000000,1.000000,1.000000,1.000000,0,0,0,0
1008,17,280,727,1.000000,1.000000,1.000000,1.000000,0,0,0,0
1009,15,280,728,1.000000,1.000000,1.000000,1.000000,0,0,0,1
1010,13,280,729,1.000000,1.000000,1.000000,1.000000,1,0,1,1
1011,29,281,729,1.000000,1.000000,1.000000,1.000000,1,0,1,1
1012,27,281,730,1.000000,1.000000,1.000000,1.000000,0,0,0,0
1013,29,282,730,1.000000,1.000000,1.000000,1.000000,0,0,0,0
1014,27,282,731,1.000000,1.000000,1.000000,1.000000,1,0,0,1
1015,25,282,732,1.000000,1.000000,1.000000,1.000000,0,0,0,0
1016,29,283,732,1.000000,1.000000,1.000000,1.000000,0,0,0,0
1017,27,283,733,1.000000,1.000000,1.000000,1.000000,0,0,1,0
1018,25,283,734,1.000000,1.000000,1.000000,1.000000,0,0,0,0
1019,29,284,734,1.000000,1.000000,1.000000,1.000000,0,0,0,0
1020,27,284,735,1.000000,1.000000,1.000000,1.000000,0,0,0,0
1021,25,284,736,1.000000,1.000000,1.000000,1.000000,0,0,0,0
1022,23,284,737,1.000000,1.000000,1.000000,1.000000,1,0,0,0
1023,21,284,738,1.000000,1.000000,1.000000,1.000000,0,0,0,0
1024,29,285,738,1.000000,1.000000,1.000000,1.000000,0,0,0,0
1025,27,285,739,1.000000,1.000000,1.000000,1.000000,0,0,0,0
1026,25,285,740,1.000000,1.000000,1.000000,1.000000,0,0,1,0
1027,23,285,741,1.000000,1.000000,1.000000,1.000000,0,0,1,0
1028,21,285,742,1.000000,1.000000,1.000000,1.000000,1,0,0,0
1029,19,285,743,1.000000,1.000000,1.000000,1.000000,0,0,1,0
1030,29,286,743,1.000000,1.000000,1.000000,1.000000,0,0,1,1
1031,27,286,744,1.000000,1.000000,1.000000,1.000000,0,0,0,0
1032,29,287,744,1.000000,1.000000,1.000000,1.000000,0,0,0,0
1033,27,287,745,1.000000,1.000000,1.000000,1.000000,0,0,0,0
1034,25,287,746,1.000000,1.000000,1.000000,1.000000,0,1,0,0
1035,23,287,747,1.000000,1.000000,1.000000,1.000000,0,0,1,0
1036,21,287,748,1.000000,1.000000,1.000000,1.000000,1,0,0,0
1037,29,288,748,1.000000,1.000000,1.000000,1.000000,1,0,0,0
1038,27,288,749,1.000000,1.000000,1.000000,1.000000,0,0,0,0
1039,29,289,749,1.000000,1.000000,1.000000,1.000000,0,0,0,0
1040,27,289,750,1.000000,1.000000,1.000000,1.000000,0,0,0,0
1041,25,289,751,1.000000,1.000000,1.000000,1.000000,0,0,0,0
1042,23,289,752,1.000000,1.000000,1.000000,1.000000,0,0,0,0
1043,21,289,753,1.000000,1.000000,1.000000,1.000000,0,0,0,0
1044,19,289,754,1.000000,1.000000,1.000000,1.000000,0,0,0,0
1045,17,289,755,1.000000,1.000000,1.000000,1.000000,0,0,1,0
1046,15,289,756,1.000000,1.000000,1.000000,1.000000,0,0,1,0
1047,29,290,756,1.000000,1.000000,1.000000,1.000000,0,0,1,0
1048,27,290,757,1.000000,1.000000,1.000000,1.000000,0,1,0,0
1049,29,291,757,1.000000,1.000000,1.000000,1.000000,0,1,0,0
1050,27,291,758,1.000000,1.000000,1.000000,1.000000,0,0,0,0
1051,25,291,759,1.000000,1.000000,1.000000,1.000000,0,0,0,1
1052,23,291,760,1.000000,1.000000,1.000000,1.000000,0,0,0,0
1053,29,292,760,1.000000,1.000000,1.000000,1.000000,0,0,0,0
1054,27,292,761,1.000000,1.000000,1.000000,1.000000,0,0,0,0
1055,25,292,762,1.000000,1.000000,1.000000,1.000000,0,0,0,0
1056,23,292,763,1.000000,1.000000,1.000000,1.000000,0,0,0,0
1057,21,292,764,1.000000,1.000000,1.000000,1.000000,0,0,0,0
1058,19,292,765,1.000000,1.000000,1.000000,1.000000,1,0,0,1
1059,17,292,766,1.000000,1.000000,1.000000,1.000000,0,0,0,1
1060,29,293,766,1.000000,1.000000,1.000000,1.000000,0,0,0,1
1061,27,293,767,1.000000,1.000000,1.000000,1.000000,0,0,1,1
1062,29,294,767,1.000000,1.000000,1.000000,1.000000,0,0,1,1
1063,27,294,768,1.000000,1.000000,1.000000,1.000000,0,0,0,1
1064,29,295,768,1.000000,1.000000,1.000000,1.000000,0,0,0,1
1065,27,295,769,1.000000,1.000000,1.000000,1.000000,1,0,0,0
1066,25,295,770,1.000000,1.000000,1.000000,1.000000,0,0,1,0
1067,29,296,770,1.000000,1.000000,1.000000,1.000000,0,0,1,0
1068,27,296,771,1.000000,1.000000,1.000000,1.000000,0,0,0,0
1069,29,297,771,1.000000,1.000000,1.000000,1.000000,0,0,0,0
1070,27,297,772,1.000000,1.000000,1.000000,1.000000,0,0,0,1
1071,25,297,773,1.000000,1.000000,1.000000,1.000000,0,0,0,0
1072,23,297,774,1.000000,1.000000,1.000000,1.000000,1,0,0,0
1073,21,297,775,1.000000,1.000000,1.000000,1.000000,0,0,0,1
1074,29,298,775,1.000000,1.000000,1.000000,1.000000,0,0,0,1
1075,27,298,776,1.000000,1.000000,1.000000,1.000000,1,0,0,0
1076,29,299,776,1.000000,1.000000,1.000000,1.000000,1,0,0,0
1077,27,299,777,1.000000,1.000000,1.000000,1.000000,1,0,0,1
1078,29,300,777,1.000000,1.000000,1.000000,1.000000,1,0,0,1
1079,27,300,778,1.000000,1.000000,1.000000,1.000000,0,0,0,1
1080,25,300,779,1.000000,1.000000,1.000000,1.000000,0,1,0,1
1081,29,301,779,1.000000,1.000000,1.000000,1.000000,0,1,0,1
1082,27,301,780,1.000000,1.000000,1.000000,1.000000,0,0,0,0
1083,29,302,780,1.000000,1.000000,1.000000,1.000000,0,0,0,0
1084,27,302,781,1.000000,1.000000,1.000000,1.000000,0,1,0,0
1085,25,302,782,1.000000,1.000000,1.000000,1.000000,0,0,0,0
1086,29,303,782,1.000000,1.000000,1.000000,1.000000,0,0,0,0
1087,27,303,783,1.000000,1.000000,1.000000,1.000000,0,0,0,0
1088,25,303,784,1.000000,1.000000,1.000000,1.000000,0,0,0,0
1089,23,303,785,1.000000,1.000000,1.000000,1.000000,0,0,0,1
1090,21,303,786,1.000000,1.000000,1.000000,1.000000,0,0,0,0
1091,29,304,786,1.000000,1.000000,1.000000,1.000000,0,0,0,0
1092,27,304,787,1.000000,1.000000,1.000000,1.000000,0,0,0,0
1093,25,304,788,1.000000,1.000000,1.000000,1.000000,0,0,0,0
1094,23,304,789,1.000000,1.000000,1.000000,1.000000,0,1,0,0
1095,21,304,790,1.000000,1.000000,1.000000,1.000000,1,1,0,0
1096,19,304,791,1.000000,1.000000,1.000000,1.000000,0,0,1,0
1097,29,305,791,1.000000,1.000000,1.000000,1.000000,0,0,1,1
1098,27,305,792,1.000000,1.000000,1.000000,1.000000,0,1,0,0
1099,29,306,792,1.000000,1.000000,1.000000,1.000000,0,1,0,0
1100,27,306,793,1.000000,1.000000,1.000000,1.000000,0,0,0,0
1101,29,307,793,1.000000,1.000000,1.000000,1.000000,0,0,0,0
1102,27,307,794,1.000000,1.000000,1.000000,1.000000,0,0,0,0
1103,25,307,795,1.000000,1.000000,1.000000,1.000000,0,0,0,0
1104,23,307,796,1.000000,1.000000,1.000000,1.000000,0,1,0,0
1105,21,307,797,1.000000,1.000000,1.000000,1.000000,1,1,0,0
1106,29,308,797,1.000000,1.000000,1.000000,1.000000,1,1,0,0
1107,27,308,798,1.000000,1.000000,1.000000,1.000000,1,0,0,0
1108,29,309,798,1.000000,1.000000,1.000000,1.000000,1,0,0,0
1109,27,309,799,1.000000,1.000000,1.000000,1.000000,0,1,0,1
1110,25,309,800,1.000000,1.000000,1.000000,1.000000,0,0,0,1
1111,29,310,800,1.000000,1.000000,1.000000,1.000000,0,0,0,1
1112,27,310,801,1.000000,1.000000,1.000000,1.000000,0,1,0,0
1113,25,310,802,1.000000,1.000000,1.000000,1.000000,1,0,0,0
1114,29,311,802,1.000000,1.000000,1.000000,1.000000,1,0,0,0
1115,27,311,803,1.000000,1.000000,1.000000,1.000000,0,0,0,0
1116,25,311,804,1.000000,1.000000,1.000000,1.000000,0,1,0,0
1117,23,311,805,1.000000,1.000000,1.000000,1.000000,0,0,0,0
1118,29,312,805,1.000000,1.000000,1.000000,1.000000,0,0,0,0
1119,27,312,806,1.000000,1.000000,1.000000,1.000000,0,0,0,0
1120,25,312,807,1.000000,1.000000,1.000000,1.000000,0,0,0,0
1121,23,312,808,1.000000,1.000000,1.000000,1.000000,0,0,0,0
1122,21,312,809,1.000000,1.000000,1.000000,1.000000,1,0,0,0
1123,19,312,810,1.000000,1.000000,1.000000,1.000000,1,0,0,0
1124,29,313,810,1.000000,1.000000,1.000000,1.000000,1,0,0,0
1125,27,313,811,1.000000,1.000000,1.000000,1.000000,0,0,0,0
1126,29,314,811,1.000000,1.000000,1.000000,1.000000,0,0,0,0
1127,27,314,812,1.000000,1.000000,1.000000,1.000000,0,0,0,1
1128,25,314,813,1.000000,1.000000,1.000000,1.000000,0,0,0,0
1129,29,315,813,1.000000,1.000000,1.000000,1.000000,0,0,0,0
1130,27,315,814,1.000000,1.000000,1.000000,1.000000,0,0,0,0
1131,25,315,815,1.000000,1.000000,1.000000,1.000000,0,0,0,0
1132,23,315,816,1.000000,1.000000,1.000000,1.000000,0,0,0,0
1133,21,315,817,1.000000,1.000000,1.000000,1.000000,0,0,0,0
1134,19,315,818,1.000000,1.000000,1.000000,1.000000,0,0,0,0
1135,17,315,819,1.000000,1.000000,1.000000,1.000000,0,0,0,1
1136,15,315,820,1.000000,1.000000,1.000000,1.000000,1,0,0,1
1137,29,316,820,1.000000,1.000000,1.000000,1.000000,1,0,0,1
1138,27,316,821,1.000000,1.000000,1.000000,1.000000,0,0,0,0
1139,29,317,821,1.000000,1.000000,1.000000,1.000000,0,0,0,0
1140,27,317,822,1.000000,1.000000,1.000000,1.000000,0,0,0,0
1141,25,317,823,1.000000,1.000000,1.000000,1.000000,0,0,0,0
1142,23,317,824,1.000000,1.000000,1.000000,1.000000,0,0,0,0
1143,21,317,825,1.000000,1.000000,1.000000,1.000000,0,0,0,1
1144,19,317,826,1.000000,1.000000,1.000000,1.000000,0,0,0,0
1145,29,318,826,1.000000,1.000000,1.000000,1.000000,0,0,0,0
1146,27,318,827,1.000000,1.000000,1.000000,1.000000,0,0,0,0
1147,25,318,828,1.000000,1.000000,1.000000,1.000000,0,0,0,0
1148,23,318,829,1.000000,1.000000,1.000000,1.000000,0,0,0,0
1149,21,318,830,1.000000,1.000000,1.000000,1.000000,0,0,0,0
1150,19,318,831,1.000000,1.000000,1.000000,1.000000,0,0,0,1
1151,17,318,832,1.000000,1.000000,1.000000,1.000000,0,0,0,0
1152,15,318,833,1.000000,1.000000,1.000000,1.000000,0,0,0,0
1153,13,318,834,1.000000,1.000000,1.000000,1.000000,0,0,0,0
1154,11,318,835,1.000000,1.000000,1.000000,1.000000,0,0,0,0
1155,9,318,836,1.000000,1.000000,1.000000,1.000000,0,0,0,1
1156,7,318,837,1.000000,1.000000,1.000000,1.000000,0,0,1,0
1157,29,319,837,1.000000,1.000000,1.000000,1.000000,0,0,1,0
1158,27,319,838,1.000000,1.000000,1.000000,1.000000,0,0,0,0
1159,29,320,838,1.000000,1.000000,1.000000,1.000000,0,0,0,0
1160,27,320,839,1.000000,1.000000,1.000000,1.000000,0,0,0,0
1161,25,320,840,1.000000,1.000000,1.000000,1.000000,0,0,0,0
1162,23,320,841,1.000000,1.000000,1.000000,1.000000,0,0,0,0
1163,21,320,842,1.000000,1.000000,1.000000,1.000000,0,0,0,0
1164,19,320,843,1.000000,1.000000,1.000000,1.000000,0,0,0,0
1165,17,320,844,1.000000,1.000000,1.000000,1.000000,0,0,0,0
1166,15,320,845,1.000000,1.000000,1.000000,1.000000,0,0,0,0
1167,13,320,846,1.000000,1.000000,1.000000,1.000000,0,1,0,0
1168,11,320,847,1.000000,1.000000,1.000000,1.000000,0,0,0,0
1169,9,320,848,1.000000,1.000000,1.000000,1.000000,0,0,0,0
1170,7,320,849,1.000000,1.000000,1.000000,1.000000,0,0,0,0
1171,5,320,850,1.000000,1.000000,1.000000,1.000000,0,0,0,0
1172,3,320,851,1.000000,1.000000,1.000000,1.000000,0,0,1,0
1173,1,320,852,1.000000,1.000000,1.000000,1.000000,0,0,0,0
1174,29,321,852,1.000000,1.000000,1.000000,1.000000,0,0,0,0
1175,27,321,853,1.000000,1.000000,1.000000,1.000000,0,0,0,0
1176,25,321,854,1.000000,1.000000,1.000000,1.000000,0,0,0,0
1177,23,321,855,1.000000,1.000000,1.000000,1.000000,0,0,0,0
1178,21,321,856,1.000000,1.000000,1.000000,1.000000,0,0,0,0
1179,19,321,857,1.000000,1.000000,1.000000,1.000000,0,0,0,0
1180,17,321,858,1.000000,1.000000,1.000000,1.000000,1,0,0,0
1181,15,321,859,1.000000,1.000000,1.000000,1.000000,0,1,0,0
1182,13,321,860,1.000000,1.000000,1.000000,1.000000,1,0,0,1
1183,29,322,860,1.000000,1.000000,1.000000,1.000000,1,0,0,1
1184,27,322,861,1.000000,1.000000,1.000000,1.000000,0,0,0,0
1185,29,323,861,1.000000,1.000000,1.000000,1.000000,0,0,0,0
1186,27,323,862,1.000000,1.000000,1.000000,1.000000,1,0,0,0
1187,25,323,863,1.000000,1.000000,1.000000,1.000000,0,0,0,0
1188,29,324,863,1.000000,1.000000,1.000000,1.000000,0,0,0,0
1189,27,324,864,1.000000,1.000000,1.000000,1.000000,0,0,0,0
1190,25,324,865,1.000000,1.000000,1.000000,1.000000,0,0,0,0
1191,23,324,866,1.000000,1.000000,1.000000,1.000000,0,0,0,0
1192,21,324,867,1.000000,1.000000,1.000000,1.000000,0,0,0,0
1193,19,324,868,1.000000,1.000000,1.000000,1.000000,0,0,0,0
1194,17,324,869,1.000000,1.000000,1.000000,1.000000,0,0,0,0
1195,15,324,870,1.000000,1.000000,1.000000,1.000000,0,0,0,0
1196,13,324,871,1.000000,1.000000,1.000000,1.000000,0,0,0,0
1197,11,324,872,1.000000,1.000000,1.000000,1.000000,0,0,0,0
1198,9,324,873,1.000000,1.000000,1.000000,1.000000,0,0,0,0
1199,7,324,874,1.000000,1.000000,1.000000,1.000000,1,0,0,0
1200,5,324,875,1.000000,1.000000,1.000000,1.000000,0,0,0,0
1201,29,325,875,1.000000,1.000000,1.000000,1.000000,0,0,0,0
1202,27,325,876,1.000000,1.000000,1.000000,1.000000,0,0,0,0
1203,25,325,877,1.000000,1.000000,1.000000,1.000000,0,0,0,0
1204,23,325,878,1.000000,1.000000,1.000000,1.000000,1,0,0,0
1205,21,325,879,1.000000,1.000000,1.000000,1.000000,0,0,0,0
1206,29,326,879,1.000000,1.000000,1.000000,1.000000,0,0,0,0
1207,27,326,880,1.000000,1.000000,1.000000,1.000000,0,0,0,0
1208,25,326,881,1.000000,1.000000,1.000000,1.000000,0,0,0,0
1209,23,326,882,1.000000,1.000000,1.000000,1.000000,0,0,0,0
1210,21,326,883,1.000000,1.000000,1.000000,1.000000,0,0,0,0
1211,19,326,884,1.000000,1.000000,1.000000,1.000000,0,0,0,0
1212,17,326,885,1.000000,1.000000,1.000000,1.000000,0,0,0,0
1213,15,326,886,1.000000,1.000000,1.000000,1.000000,0,0,0,0
1214,13,326,887,1.000000,1.000000,1.000000,1.000000,0,0,0,0
1215,11,326,888,1.000000,1.000000,1.000000,1.000000,0,0,0,0
1216,9,326,889,1.000000,1.000000,1.000000,1.000000,0,0,0,0
1217,7,326,890,1.000000,1.000000,1.000000,1.000000,0,1,0,0
1218,5,326,891,1.000000,1.000000,1.000000,1.000000,0,0,0,0
1219,3,326,892,1.000000,1.000000,1.000000,1.000000,0,0,1,0
1220,1,326,893,1.000000,1.000000,1.000000,1.000000,0,0,0,0
1221,29,327,893,1.000000,1.000000,1.000000,1.000000,0,0,0,0
1222,27,327,894,1.000000,1.000000,1.000000,1.000000,1,0,0,0
1223,25,327,895,1.000000,1.000000,1.000000,1.000000,0,0,0,0
1224,29,328,895,1.000000,1.000000,1.000000,1.000000,0,0,0,0
1225,27,328,896,1.000000,1.000000,1.000000,1.000000,0,0,0,0
1226,25,328,897,1.000000,1.000000,1.000000,1.000000,0,0,0,0
1227,23,328,898,1.000000,1.000000,1.000000,1.000000,0,0,0,0
1228,21,328,899,1.000000,1.000000,1.000000,1.000000,0,0,0,0
1229,19,328,900,1.000000,1.000000,1.000000,1.000000,0,0,1,0
1230,17,328,901,1.000000,1.000000,1.000000,1.000000,0,0,0,0
1231,29,329,901,1.000000,1.000000,1.000000,1.000000,0,0,0,0
1232,27,329,902,1.000000,1.000000,1.000000,1.000000,0,0,0,0
1233,25,329,903,1.000000,1.000000,1.000000,1.000000,0,0,0,0
1234,23,329,904,1.000000,1.000000,1.000000,1.000000,0,0,0,0
1235,21,329,905,1.000000,1.000000,1.000000,1.000000,0,0,0,0
1236,29,330,905,1.000000,1.000000,1.000000,1.000000,0,0,0,0
1237,27,330,906,1.000000,1.000000,1.000000,1.000000,0,0,0,0
1238,25,330,907,1.000000,1.000000,1.000000,1.000000,0,0,0,0
1239,23,330,908,1.000000,1.000000,1.000000,1.000000,0,0,0,0
1240,21,330,909,1.000000,1.000000,1.000000,1.000000,0,0,0,0
1241,19,330,910,1.000000,1.000000,1.000000,1.000000,0,0,0,0
1242,17,330,911,1.000000,1.000000,1.000000,1.000000,0,0,0,0
1243,15,330,912,1.000000,1.000000,1.000000,1.000000,0,0,0,0
1244,13,330,913,1.000000,1.000000,1.000000,1.000000,0,0,0,0
1245,11,330,914,1.000000,1.000000,1.000000,1.000000,0,0,0,0
1246,9,330,915,1.000000,1.000000,1.000000,1.000000,1,0,0,0
1247,7,330,916,1.000000,1.000000,1.000000,1.000000,1,0,0,0
1248,29,331,916,1.000000,1.000000,1.000000,1.000000,1,0,0,0
1249,27,331,917,1.000000,1.000000,1.000000,1.000000,0,0,0,0
1250,29,332,917,1.000000,1.000000,1.000000,1.000000,0,0,0,0
1251,27,332,918,1.000000,1.000000,1.000000,1.000000,0,0,0,1
1252,25,332,919,1.000000,1.000000,1.000000,1.000000,1,0,0,0
1253,23,332,920,1.000000,1.000000,1.000000,1.000000,0,1,0,0
1254,29,333,920,1.000000,1.000000,1.000000,1.000000,0,1,0,0
1255,27,333,921,1.000000,1.000000,1.000000,1.000000,1,0,0,0
1256,29,334,921,1.000000,1.000000,1.000000,1.000000,1,0,0,0
1257,27,334,922,1.000000,1.000000,1.000000,1.000000,0,0,0,0
1258,25,334,923,1.000000,1.000000,1.000000,1.000000,0,0,0,0
1259,23,334,924,1.000000,1.000000,1.000000,1.000000,0,0,0,0
1260,21,334,925,1.000000,1.000000,1.000000,1.000000,0,1,0,0
1261,19,334,926,1.000000,1.000000,1.000000,1.000000,0,1,0,0
1262,29,335,926,1.000000,1.000000,1.000000,1.000000,0,1,0,0
1263,27,335,927,1.000000,1.000000,1.000000,1.000000,0,0,0,0
1264,29,336,927,1.000000,1.000000,1.000000,1.000000,0,0,0,0
1265,27,336,928,1.000000,1.000000,1.000000,1.000000,0,0,0,0
1266,25,336,929,1.000000,1.000000,1.000000,1.000000,0,0,0,0
1267,23,336,930,1.000000,1.000000,1.000000,1.000000,0,0,0,1
1268,21,336,931,1.000000,1.000000,1.000000,1.000000,0,0,0,1
1269,29,337,931,1.000000,1.000000,1.000000,1.000000,0,0,0,1
1270,27,337,932,1.000000,1.000000,1.000000,1.000000,0,0,1,0
1271,29,338,932,1.000000,1.000000,1.000000,1.000000,0,0,1,0
1272,27,338,933,1.000000,1.000000,1.000000,1.000000,0,0,0,1
1273,29,339,933,1.000000,1.000000,1.000000,1.000000,0,0,0,1
1274,27,339,934,1.000000,1.000000,1.000000,1.000000,0,0,0,0
1275,29,340,934,1.000000,1.000000,1.000000,1.000000,0,0,0,0
1276,27,340,935,1.000000,1.000000,1.000000,1.000000,0,0,0,1
1277,25,340,936,1.000000,1.000000,1.000000,1.000000,0,0,0,0
1278,29,341,936,1.000000,1.000000,1.000000,1.000000,0,0,0,0
1279,27,341,937,1.000000,1.000000,1.000000,1.000000,0,0,0,0
1280,25,341,938,1.000000,1.000000,1.000000,1.000000,0,0,0,0
1281,23,341,939,1.000000,1.000000,1.000000,1.000000,0,0,0,0
1282,21,341,940,1.000000,1.000000,1.000000,1.000000,0,0,0,0
1283,19,341,941,1.000000,1.000000,1.000000,1.000000,0,0,0,0
1284,17,341,942,1.000000,1.000000,1.000000,1.000000,0,0,0,0
1285,15,341,943,1.000000,1.000000,1.000000,1.000000,0,0,0,0
1286,13,341,944,1.000000,1.000000,1.000000,1.000000,0,0,0,1
1287,11,341,945,1.000000,1.000000,1.000000,1.000000,0,0,0,1
1288,29,342,945,1.000000,1.000000,1.000000,1.000000,0,0,0,1
1289,27,342,946,1.000000,1.000000,1.000000,1.000000,0,0,0,0
1290,29,343,946,1.000000,1.000000,1.000000,1.000000,0,0,0,0
1291,27,343,947,1.000000,1.000000,1.000000,1.000000,0,0,0,0
1292,25,343,948,1.000000,1.000000,1.000000,1.000000,0,0,0,0
1293,23,343,949,1.000000,1.000000,1.000000,1.000000,0,0,1,0
1294,21,343,950,1.000000,1.000000,1.000000,1.000000,0,0,0,0
1295,29,344,950,1.000000,1.000000,1.000000,1.000000,0,0,0,0
1296,27,344,951,1.000000,1.000000,1.000000,1.000000,0,0,0,0
1297,25,344,952,1.000000,1.000000,1.000000,1.000000,0,0,0,0
1298,23,344,953,1.000000,1.000000,1.000000,1.000000,0,0,0,0
1299,21,344,954,1.000000,1.000000,1.000000,1.000000,0,0,0,0
1300,19,344,955,1.000000,1.000000,1.000000,1.000000,0,0,0,0
1301,17,344,956,1.000000,1.000000,1.000000,1.000000,0,0,0,0
1302,15,344,957,1.000000,1.000000,1.000000,1.000000,0,0,0,0
1303,13,344,958,1.000000,1.000000,1.000000,1.000000,0,0,0,0
1304,11,344,959,1.000000,1.000000,1.000000,1.000000,0,1,0,0
1305,9,344,960,1.000000,1.000000,1.000000,1.000000,0,1,0,0
1306,29,345,960,1.000000,1.000000,1.000000,1.000000,0,1,0,0
1307,27,345,961,1.000000,1.000000,1.000000,1.000000,1,0,0,0
1308,29,346,961,1.000000,1.000000,1.000000,1.000000,1,0,0,0
1309,27,346,962,1.000000,1.000000,1.000000,1.000000,0,1,0,0
1310,29,347,962,1.000000,1.000000,1.000000,1.000000,0,1,0,0
1311,27,347,963,1.000000,1.000000,1.000000,1.000000,0,0,0,0
1312,29,348,963,1.000000,1.000000,1.000000,1.000000,0,0,0,0
1313,27,348,964,1.000000,1.000000,1.000000,1.000000,0,0,0,0
1314,25,348,965,1.000000,1.000000,1.000000,1.000000,0,0,0,1
1315,23,348,966,1.000000,1.000000,1.000000,1.000000,0,0,0,0
1316,29,349,966,1.000000,1.000000,1.000000,1.000000,0,0,0,0
1317,27,349,967,1.000000,1.000000,1.000000,1.000000,0,0,0,0
1318,25,349,968,1.000000,1.000000,1.000000,1.000000,0,0,0,0
1319,23,349,969,1.000000,1.000000,1.000000,1.000000,0,0,0,0
1320,21,349,970,1.000000,1.000000,1.000000,1.000000,0,0,0,0
1321,19,349,971,1.000000,1.000000,1.000000,1.000000,0,0,0,0
1322,17,349,972,1.000000,1.000000,1.000000,1.000000,0,0,0,0
1323,15,349,973,1.000000,1.000000,1.000000,1.000000,0,0,0,0
1324,13,349,974,1.000000,1.000000,1.000000,1.000000,0,0,0,0
1325,11,349,975,1.000000,1.000000,1.000000,1.000000,0,0,0,0
1326,9,349,976,1.000000,1.000000,1.000000,1.000000,1,0,0,0
1327,7,349,977,1.000000,1.000000,1.000000,1.000000,0,0,0,1
1328,29,350,977,1.000000,1.000000,1.000000,1.000000,0,0,0,1
1329,27,350,978,1.000000,1.000000,1.000000,1.000000,0,0,0,0
1330,29,351,978,1.000000,1.000000,1.000000,1.000000,0,0,0,0
1331,27,351,979,1.000000,1.000000,1.000000,1.000000,0,0,0,0
1332,25,351,980,1.000000,1.000000,1.000000,1.000000,0,0,0,0
1333,23,351,981,1.000000,1.000000,1.000000,1.000000,0,0,0,0
1334,21,351,982,1.000000,1.000000,1.000000,1.000000,0,0,1,0
1335,19,351,983,1.000000,1.000000,1.000000,1.000000,0,0,0,0
1336,29,352,983,1.000000,1.000000,1.000000,1.000000,0,0,0,0
1337,27,352,984,1.000000,1.000000,1.000000,1.000000,0,0,0,0
1338,25,352,985,1.000000,1.000000,1.000000,1.000000,0,0,0,0
1339,23,352,986,1.000000,1.000000,1.000000,1.000000,0,0,0,0
1340,21,352,987,1.000000,1.000000,1.000000,1.000000,0,0,0,0
1341,19,352,988,1.000000,1.000000,1.000000,1.000000,0,0,0,0
1342,17,352,989,1.000000,1.000000,1.000000,1.000000,0,0,0,0
1343,15,352,990,1.000000,1.000000,1.000000,1.000000,0,0,0,0
1344,13,352,991,1.000000,1.000000,1.000000,1.000000,1,0,0,0
1345,11,352,992,1.000000,1.000000,1.000000,1.000000,1,0,0,0
1346,29,353,992,1.000000,1.000000,1.000000,1.000000,1,0,0,0
1347,27,353,993,1.000000,1.000000,1.000000,1.000000,1,0,0,1
1348,29,354,993,1.000000,1.000000,1.000000,1.000000,1,0,0,1
1349,27,354,994,1.000000,1.000000,1.000000,1.000000,0,0,0,0
1350,29,355,994,1.000000,1.000000,1.000000,1.000000,0,0,0,0
1351,27,355,995,1.000000,1.000000,1.000000,1.000000,1,0,0,0
1352,25,355,996,1.000000,1.000000,1.000000,1.000000,1,1,0,0
1353,29,356,996,1.000000,1.000000,1.000000,1.000000,1,1,0,0
1354,27,356,997,1.000000,1.000000,1.000000,1.000000,1,0,0,0
1355,29,357,997,1.000000,1.000000,1.000000,1.000000,1,0,0,0
1356,27,357,998,1.000000,1.000000,1.000000,1.000000,0,0,0,0
1357,29,358,998,1.000000,1.000000,1.000000,1.000000,0,0,0,0
1358,27,358,999,1.000000,1.000000,1.000000,1.000000,0,0,0,0
1359,25,358,1000,1.000000,1.000000,1.000000,1.000000,0,0,0,0
1360,23,358,1001,1.000000,1.000000,1.000000,1.000000,1,0,0,0
1361,21,358,1002,1.000000,1.000000,1.000000,1.000000,1,0,0,0
1362,29,359,1002,1.000000,1.000000,1.000000,1.000000,1,0,0,0
1363,27,359,1003,1.000000,1.000000,1.000000,1.000000,0,0,0,0
1364,25,359,1004,1.000000,1.000000,1.000000,1.000000,1,0,0,0
1365,23,359,1005,1.000000,1.000000,1.000000,1.000000,0,0,0,0
1366,29,360,1005,1.000000,1.000000,1.000000,1.000000,0,0,0,0
1367,27,360,1006,1.000000,1.000000,1.000000,1.000000,0,0,0,0
1368,25,360,1007,1.000000,1.000000,1.000000,1.000000,0,0,0,0
1369,23,360,1008,1.000000,1.000000,1.000000,1.000000,0,0,0,0
1370,21,360,1009,1.000000,1.000000,1.000000,1.000000,0,0,0,0
1371,19,360,1010,1.000000,1.000000,1.000000,1.000000,0,0,1,0
1372,17,360,1011,1.000000,1.000000,1.000000,1.000000,0,0,1,0
1373,29,361,1011,1.000000,1.000000,1.000000,1.000000,0,0,1,0
1374,27,361,1012,1.000000,1.000000,1.000000,1.000000,0,0,0,0
1375,29,362,1012,1.000000,1.000000,1.000000,1.000000,0,0,0,0
1376,27,362,1013,1.000000,1.000000,1.000000,1.000000,0,0,0,0
1377,25,362,1014,1.000000,1.000000,1.000000,1.000000,0,0,0,0
1378,23,362,1015,1.000000,1.000000,1.000000,1.000000,0,0,0,1
1379,21,362,1016,1.000000,1.000000,1.000000,1.000000,0,0,0,0
1380,29,363,1016,1.000000,1.000000,1.000000,1.000000,1,0,0,0
1381,27,363,1017,1.000000,1.000000,1.000000,1.000000,0,0,0,0
1382,29,364,1017,1.000000,1.000000,1.000000,1.000000,0,0,0,0
1383,27,364,1018,1.000000,1.000000,1.000000,1.000000,0,0,0,1
1384,25,364,1019,1.000000,1.000000,1.000000,1.000000,0,0,0,0
1385,29,365,1019,1.000000,1.000000,1.000000,1.000000,0,0,0,0
1386,27,365,1020,1.000000,1.000000,1.000000,1.000000,0,0,0,1
1387,25,365,1021,1.000000,1.000000,1.000000,1.000000,1,0,0,1
1388,29,366,1021,1.000000,1.000000,1.000000,1.000000,1,0,0,1
1389,27,366,1022,1.000000,1.000000,1.000000,1.000000,1,0,0,0
1390,29,367,1022,1.000000,1.000000,1.000000,1.000000,1,0,0,0
1391,27,367,1023,1.000000,1.000000,1.000000,1.000000,0,0,0,0
1392,29,368,1023,1.000000,1.000000,1.000000,1.000000,0,0,0,0
1393,27,368,1024,1.000000,1.000000,1.000000,1.000000,0,1,0,0
1394,25,368,1025,1.000000,1.000000,1.000000,1.000000,0,1,0,0
1395,29,369,1025,1.000000,1.000000,1.000000,1.000000,0,1,0,0
1396,27,369,1026,1.000000,1.000000,1.000000,1.000000,0,1,0,0
1397,29,370,1026,1.000000,1.000000,1.000000,1.000000,0,1,0,0
1398,27,370,1027,1.000000,1.000000,1.000000,1.000000,0,0,0,0
1399,29,371,1027,1.000000,1.000000,1.000000,1.000000,0,0,0,0
1400,27,371,1028,1.000000,1.000000,1.000000,1.000000,0,0,0,0
1401,25,371,1029,1.000000,1.000000,1.000000,1.000000,0,0,0,0
1402,23,371,1030,1.000000,1.000000,1.000000,1.000000,0,0,0,0
1403,21,371,1031,1.000000,1.000000,1.000000,1.000000,0,0,0,0
1404,19,371,1032,1.000000,1.000000,1.000000,1.000000,0,0,1,0
1405,17,371,1033,1.000000,1.000000,1.000000,1.000000,0,1,0,0
1406,15,371,1034,1.000000,1.000000,1.000000,1.000000,0,0,0,1
1407,29,372,1034,1.000000,1.000000,1.000000,1.000000,0,0,0,1
1408,27,372,1035,1.000000,1.000000,1.000000,1.000000,0,0,0,0
1409,29,373,1035,1.000000,1.000000,1.000000,1.000000,0,0,0,0
1410,27,373,1036,1.000000,1.000000,1.000000,1.000000,0,0,0,0
1411,25,373,1037,1.000000,1.000000,1.000000,1.000000,0,0,0,0
1412,23,373,1038,1.000000,1.000000,1.000000,1.000000,0,0,0,0
1413,21,373,1039,1.000000,1.000000,1.000000,1.000000,0,0,0,1
1414,29,374,1039,1.000000,1.000000,1.000000,1.000000,0,0,0,1
1415,27,374,1040,1.000000,1.000000,1.000000,1.000000,0,0,0,1
1416,29,375,1040,1.000000,1.000000,1.000000,1.000000,0,0,0,1
1417,27,375,1041,1.000000,1.000000,1.000000,1.000000,0,0,0,0
1418,29,376,1041,1.000000,1.000000,1.000000,1.000000,0,0,0,0
1419,27,376,1042,1.000000,1.000000,1.000000,1.000000,0,0,0,1
1420,25,376,1043,1.000000,1.000000,1.000000,1.000000,0,0,1,0
1421,29,377,1043,1.000000,1.000000,1.000000,1.000000,0,0,1,0
1422,27,377,1044,1.000000,1.000000,1.000000,1.000000,0,0,1,0
1423,25,377,1045,1.000000,1.000000,1.000000,1.000000,1,0,0,1
1424,29,378,1045,1.000000,1.000000,1.000000,1.000000,1,0,0,1
1425,27,378,1046,1.000000,1.000000,1.000000,1.000000,0,0,0,0
1426,29,379,1046,1.000000,1.000000,1.000000,1.000000,0,0,0,0
1427,27,379,1047,1.000000,1.000000,1.000000,1.000000,0,0,1,1
1428,25,379,1048,1.000000,1.000000,1.000000,1.000000,0,0,0,0
1429,29,380,1048,1.000000,1.000000,1.000000,1.000000,0,0,0,0
1430,27,380,1049,1.000000,1.000000,1.000000,1.000000,0,0,1,0
1431,25,380,1050,1.000000,1.000000,1.000000,1.000000,0,0,1,0
1432,29,381,1050,1.000000,1.000000,1.000000,1.000000,0,0,1,0
1433,27,381,1051,1.000000,1.000000,1.000000,1.000000,0,0,0,0
1434,29,382,1051,1.000000,1.000000,1.000000,1.000000,0,0,0,0
1435,27,382,1052,1.000000,1.000000,1.000000,1.000000,0,0,0,0
1436,25,382,1053,1.000000,1.000000,1.000000,1.000000,0,0,0,0
1437,23,382,1054,1.000000,1.000000,1.000000,1.000000,0,0,0,0
1438,21,382,1055,1.000000,1.000000,1.000000,1.000000,0,0,0,0
1439,19,382,1056,1.000000,1.000000,1.000000,1.000000,0,0,0,0
1440,17,382,1057,1.000000,1.000000,1.000000,1.000000,0,0,0,0
1441,15,382,1058,1.000000,1.000000,1.000000,1.000000,1,0,0,0
1442,13,382,1059,1.000000,1.000000,1.000000,1.000000,0,0,0,0
1443,29,383,1059,1.000000,1.000000,1.000000,1.000000,0,0,0,0
1444,27,383,1060,1.000000,1.000000,1.000000,1.000000,0,0,0,0
1445,25,383,1061,1.000000,1.000000,1.000000,1.000000,1,0,0,0
1446,23,383,1062,1.000000,1.000000,1.000000,1.000000,0,0,0,0
1447,29,384,1062,1.000000,1.000000,1.000000,1.000000,0,0,0,0
1448,27,384,1063,1.000000,1.000000,1.000000,1.000000,0,0,0,0
1449,25,384,1064,1.000000,1.000000,1.000000,1.000000,0,1,0,0
1450,23,384,1065,1.000000,1.000000,1.000000,1.000000,0,0,1,0
1451,29,385,1065,1.000000,1.000000,1.000000,1.000000,0,0,1,0
1452,27,385,1066,1.000000,1.000000,1.000000,1.000000,0,0,1,0
1453,29,386,1066,1.000000,1.000000,1.000000,1.000000,0,0,1,0
1454,27,386,1067,1.000000,1.000000,1.000000,1.000000,0,0,0,0
1455,25,386,1068,1.000000,1.000000,1.000000,1.000000,0,0,1,1
1456,23,386,1069,1.000000,1.000000,1.000000,1.000000,0,0,0,0
1457,29,387,1069,1.000000,1.000000,1.000000,1.000000,0,0,0,0
1458,27,387,1070,1.000000,1.000000,1.000000,1.000000,0,0,0,1
1459,25,387,1071,1.000000,1.000000,1.000000,1.000000,0,0,0,1
1460,29,388,1071,1.000000,1.000000,1.000000,1.000000,0,0,0,1
1461,27,388,1072,1.000000,1.000000,1.000000,1.000000,0,0,1,0
1462,29,389,1072,1.000000,1.000000,1.000000,1.000000,0,0,1,0
1463,27,389,1073,1.000000,1.000000,1.000000,1.000000,1,0,0,0
1464,25,389,1074,1.000000,1.000000,1.000000,1.000000,0,0,0,0
1465,29,390,1074,1.000000,1.000000,1.000000,1.000000,0,0,0,0
1466,27,390,1075,1.000000,1.000000,1.000000,1.000000,0,0,0,0
1467,25,390,1076,1.000000,1.000000,1.000000,1.000000,0,0,0,0
1468,23,390,1077,1.000000,1.000000,1.000000,1.000000,0,0,0,0
1469,21,390,1078,1.000000,1.000000,1.000000,1.000000,0,0,0,0
1470,19,390,1079,1.000000,1.000000,1.000000,1.000000,0,0,0,0
1471,17,390,1080,1.000000,1.000000,1.000000,1.000000,0,0,0,1
1472,15,390,1081,1.000000,1.000000,1.000000,1.000000,0,0,0,0
1473,29,391,1081,1.000000,1.000000,1.000000,1.000000,0,0,0,0
1474,27,391,1082,1.000000,1.000000,1.000000,1.000000,0,0,0,0
1475,25,391,1083,1.000000,1.000000,1.000000,1.000000,0,0,0,0
1476,23,391,1084,1.000000,1.000000,1.000000,1.000000,1,0,0,0
1477,21,391,1085,1.000000,1.000000,1.000000,1.000000,0,0,0,0
1478,29,392,1085,1.000000,1.000000,1.000000,1.000000,0,0,0,0
1479,27,392,1086,1.000000,1.000000,1.000000,1.000000,0,0,0,0
1480,25,392,1087,1.000000,1.000000,1.000000,1.000000,0,0,0,0
1481,23,392,1088,1.000000,1.000000,1.000000,1.000000,0,0,0,0
1482,21,392,1089,1.000000,1.000000,1.000000,1.000000,0,0,0,0
1483,19,392,1090,1.000000,1.000000,1.000000,1.000000,0,0,0,0
1484,17,392,1091,1.000000,1.000000,1.000000,1.000000,0,0,0,0
1485,15,392,1092,1.000000,1.000000,1.000000,1.000000,0,0,0,0
1486,13,392,1093,1.000000,1.000000,1.000000,1.000000,0,0,0,0
1487,11,392,1094,1.000000,1.000000,1.000000,1.000000,0,0,0,0
1488,9,392,1095,1.000000,1.000000,1.000000,1.000000,0,0,0,0
1489,7,392,1096,1.000000,1.000000,1.000000,1.000000,0,0,0,1
1490,5,392,1097,1.000000,1.000000,1.000000,1.000000,0,0,0,0
1491,29,393,1097,1.000000,1.000000,1.000000,1.000000,0,0,0,0
1492,27,393,1098,1.000000,1.000000,1.000000,1.000000,0,0,0,1
1493,25,393,1099,1.000000,1.000000,1.000000,1.000000,0,0,1,0
1494,23,393,1100,1.000000,1.000000,1.000000,1.000000,1,0,0,0
1495,29,394,1100,1.000000,1.000000,1.000000,1.000000,1,0,0,0
1496,27,394,1101,1.000000,1.000000,1.000000,1.000000,0,0,0,0
1497,29,395,1101,1.000000,1.000000,1.000000,1.000000,0,0,0,0
1498,27,395,1102,1.000000,1.000000,1.000000,1.000000,0,0,0,0
1499,25,395,1103,1.000000,1.000000,1.000000,1.000000,0,0,0,0
1500,23,395,1104,1.000000,1.000000,1.000000,1.000000,0,0,0,0
1501,21,395,1105,1.000000,1.000000,1.000000,1.000000,0,0,0,0
1502,19,395,1106,1.000000,1.000000,1.000000,1.000000,0,0,0,0
1503,17,395,1107,1.000000,1.000000,1.000000,1.000000,0,0,0,0
1504,15,395,1108,1.000000,1.000000,1.000000,1.000000,0,0,0,0
1505,13,395,1109,1.000000,1.000000,1.000000,1.000000,0,0,0,0
1506,11,395,1110,1.000000,1.000000,1.000000,1.000000,0,0,0,0
1507,9,395,1111,1.000000,1.000000,1.000000,1.000000,1,0,0,0
1508,7,395,1112,1.000000,1.000000,1.000000,1.000000,0,0,0,0
1509,29,396,1112,1.000000,1.000000,1.000000,1.000000,0,0,0,0
1510,27,396,1113,1.000000,1.000000,1.000000,1.000000,0,0,0,0
1511,25,396,1114,1.000000,1.000000,1.000000,1.000000,0,0,0,1
1512,23,396,1115,1.000000,1.000000,1.000000,1.000000,0,0,0,0
1513,29,397,1115,1.000000,1.000000,1.000000,1.000000,0,0,0,0
1514,27,397,1116,1.000000,1.000000,1.000000,1.000000,0,0,0,0
1515,25,397,1117,1.000000,1.000000,1.000000,1.000000,0,0,0,0
1516,23,397,1118,1.000000,1.000000,1.000000,1.000000,0,0,0,0
1517,21,397,1119,1.000000,1.000000,1.000000,1.000000,0,0,0,0
1518,19,397,1120,1.000000,1.000000,1.000000,1.000000,0,0,0,0
1519,17,397,1121,1.000000,1.000000,1.000000,1.000000,0,0,0,0
1520,15,397,1122,1.000000,1.000000,1.000000,1.000000,0,0,0,0
1521,13,397,1123,1.000000,1.000000,1.000000,1.000000,0,0,0,0
1522,11,397,1124,1.000000,1.000000,1.000000,1.000000,0,1,0,0
1523,9,397,1125,1.000000,1.000000,1.000000,1.000000,0,0,1,0
1524,29,398,1125,1.000000,1.000000,1.000000,1.000000,0,0,1,0
1525,27,398,1126,1.000000,1.000000,1.000000,1.000000,0,0,0,0
1526,29,399,1126,1.000000,1.000000,1.000000,1.000000,0,0,0,0
1527,27,399,1127,1.000000,1.000000,1.000000,1.000000,0,0,0,0
1528,25,399,1128,1.000000,1.000000,1.000000,1.000000,0,0,0,0
1529,23,399,1129,1.000000,1.000000,1.000000,1.000000,0,0,0,0
1530,21,399,1130,1.000000,1.000000,1.000000,1.000000,0,0,0,0
1531,19,399,1131,1.000000,1.000000,1.000000,1.000000,0,0,0,0
1532,17,399,1132,1.000000,1.000000,1.000000,1.000000,0,0,0,0
1533,15,399,1133,1.000000,1.000000,1.000000,1.000000,0,0,0,0
1534,13,399,1134,1.000000,1.000000,1.000000,1.000000,0,0,0,0
1535,11,399,1135,1.000000,1.000000,1.000000,1.000000,0,0,0,0
1536,9,399,1136,1.000000,1.000000,1.000000,1.000000,0,0,1,0
1537,7,399,1137,1.000000,1.000000,1.000000,1.000000,0,1,0,1
1538,29,400,1137,1.000000,1.000000,1.000000,1.000000,0,1,0,1
1539,27,400,1138,1.000000,1.000000,1.000000,1.000000,0,0,0,0
1540,29,401,1138,1.000000,1.000000,1.000000,1.000000,0,0,0,0
1541,27,401,1139,1.000000,1.000000,1.000000,1.000000,0,0,0,0
1542,25,401,1140,1.000000,1.000000,1.000000,1.000000,0,1,0,0
1543,23,401,1141,1.000000,1.000000,1.000000,1.000000,0,0,0,0
1544,29,402,1141,1.000000,1.000000,1.000000,1.000000,0,0,0,0
1545,27,402,1142,1.000000,1.000000,1.000000,1.000000,0,0,0,0
1546,25,402,1143,1.000000,1.000000,1.000000,1.000000,0,0,0,0
1547,23,402,1144,1.000000,1.000000,1.000000,1.000000,0,0,0,0
1548,21,402,1145,1.000000,1.000000,1.000000,1.000000,0,0,0,0
1549,19,402,1146,1.000000,1.000000,1.000000,1.000000,0,1,0,0
1550,17,402,1147,1.000000,1.000000,1.000000,1.000000,0,0,0,0
1551,29,403,1147,1.000000,1.000000,1.000000,1.000000,0,0,0,0
1552,27,403,1148,1.000000,1.000000,1.000000,1.000000,0,0,0,0
1553,25,403,1149,1.000000,1.000000,1.000000,1.000000,0,0,0,0
1554,23,403,1150,1.000000,1.000000,1.000000,1.000000,0,0,0,0
1555,21,403,1151,1.000000,1.000000,1.000000,1.000000,0,0,0,0
1556,19,403,1152,1.000000,1.000000,1.000000,1.000000,0,0,0,0
1557,17,403,1153,1.000000,1.000000,1.000000,1.000000,0,0,0,0
1558,15,403,1154,1.000000,1.000000,1.000000,1.000000,0,1,0,0
1559,13,403,1155,1.000000,1.000000,1.000000,1.000000,1,0,0,0
1560,29,404,1155,1.000000,1.000000,1.000000,1.000000,1,0,0,0
1561,27,404,1156,1.000000,1.000000,1.000000,1.000000,0,1,0,0
1562,25,404,1157,1.000000,1.000000,1.000000,1.000000,1,0,0,1
1563,29,405,1157,1.000000,1.000000,1.000000,1.000000,1,0,0,1
1564,27,405,1158,1.000000,1.000000,1.000000,1.000000,0,0,0,0
1565,29,406,1158,1.000000,1.000000,1.000000,1.000000,0,0,0,0
1566,27,406,1159,1.000000,1.000000,1.000000,1.000000,0,1,0,1
1567,25,406,1160,1.000000,1.000000,1.000000,1.000000,1,0,0,0
1568,29,407,1160,1.000000,1.000000,1.000000,1.000000,1,0,0,0
1569,27,407,1161,1.000000,1.000000,1.000000,1.000000,0,0,0,0
1570,25,407,1162,1.000000,1.000000,1.000000,1.000000,1,0,0,1
1571,23,407,1163,1.000000,1.000000,1.000000,1.000000,0,1,0,0
1572,29,408,1163,1.000000,1.000000,1.000000,1.000000,0,1,0,0
1573,27,408,1164,1.000000,1.000000,1.000000,1.000000,0,1,0,0
1574,29,409,1164,1.000000,1.000000,1.000000,1.000000,0,1,0,0
1575,27,409,1165,1.000000,1.000000,1.000000,1.000000,0,0,0,0
1576,29,410,1165,1.000000,1.000000,1.000000,1.000000,0,0,0,0
1577,27,410,1166,1.000000,1.000000,1.000000,1.000000,0,1,0,0
1578,25,410,1167,1.000000,1.000000,1.000000,1.000000,0,0,0,0
1579,29,411,1167,1.000000,1.000000,1.000000,1.000000,0,0,0,0
1580,27,411,1168,1.000000,1.000000,1.000000,1.000000,0,1,0,0
1581,25,411,1169,1.000000,1.000000,1.000000,1.000000,0,0,0,0
1582,29,412,1169,1.000000,1.000000,1.000000,1.000000,0,0,0,0
1583,27,412,1170,1.000000,1.000000,1.000000,1.000000,0,0,0,0
1584,25,412,1171,1.000000,1.000000,1.000000,1.000000,0,0,0,0
1585,23,412,1172,1.000000,1.000000,1.000000,1.000000,0,0,0,0
1586,21,412,1173,1.000000,1.000000,1.000000,1.000000,1,0,0,0
1587,19,412,1174,1.000000,1.000000,1.000000,1.000000,1,0,0,0
1588,29,413,1174,1.000000,1.000000,1.000000,1.000000,1,0,0,0
1589,27,413,1175,1.000000,1.000000,1.000000,1.000000,0,0,0,1
1590,29,414,1175,1.000000,1.000000,1.000000,1.000000,0,0,0,1
1591,27,414,1176,1.000000,1.000000,1.000000,1.000000,0,0,0,0
1592,29,415,1176,1.000000,1.000000,1.000000,1.000000,0,0,0,0
1593,27,415,1177,1.000000,1.000000,1.000000,1.000000,0,0,0,0
1594,25,415,1178,1.000000,1.000000,1.000000,1.000000,0,0,0,0
1595,23,415,1179,1.000000,1.000000,1.000000,1.000000,0,0,0,0
1596,21,415,1180,1.000000,1.000000,1.000000,1.000000,0,0,0,0
1597,19,415,1181,1.000000,1.000000,1.000000,1.000000,0,0,0,0
1598,17,415,1182,1.000000,1.000000,1.000000,1.000000,0,0,0,0
1599,15,415,1183,1.000000,1.000000,1.000000,1.000000,0,0,0,0
1600,13,415,1184,1.000000,1.000000,1.000000,1.000000,0,0,0,0
1601,11,415,1185,1.000000,1.000000,1.000000,1.000000,1,0,0,1
1602,9,415,1186,1.000000,1.000000,1.000000,1.000000,1,0,0,0
1603,29,416,1186,1.000000,1.000000,1.000000,1.000000,1,0,0,0
1604,27,416,1187,1.000000,1.000000,1.000000,1.000000,0,1,0,1
1605,29,417,1187,1.000000,1.000000,1.000000,1.000000,0,1,0,1
1606,27,417,1188,1.000000,1.000000,1.000000,1.000000,0,0,0,0
1607,29,418,1188,1.000000,1.000000,1.000000,1.000000,0,0,0,0
1608,27,418,1189,1.000000,1.000000,1.000000,1.000000,0,1,0,0
1609,25,418,1190,1.000000,1.000000,1.000000,1.000000,0,1,0,0
1610,29,419,1190,1.000000,1.000000,1.000000,1.000000,0,1,0,0
1611,27,419,1191,1.000000,1.000000,1.000000,1.000000,0,0,0,0
1612,29,420,1191,1.000000,1.000000,1.000000,1.000000,0,0,0,0
1613,27,420,1192,1.000000,1.000000,1.000000,1.000000,0,0,0,0
1614,25,420,1193,1.000000,1.000000,1.000000,1.000000,1,0,0,0
1615,23,420,1194,1.000000,1.000000,1.000000,1.000000,0,0,0,0
1616,29,421,1194,1.000000,1.000000,1.000000,1.000000,0,0,0,0
1617,27,421,1195,1.000000,1.000000,1.000000,1.000000,0,0,0,0
1618,25,421,1196,1.000000,1.000000,1.000000,1.000000,0,0,0,0
1619,23,421,1197,1.000000,1.000000,1.000000,1.000000,0,0,0,0
1620,21,421,1198,1.000000,1.000000,1.000000,1.000000,0,0,0,0
1621,19,421,1199,1.000000,1.000000,1.000000,1.000000,0,0,0,0
1622,17,421,1200,1.000000,1.000000,1.000000,1.000000,0,0,0,0
1623,15,421,1201,1.000000,1.000000,1.000000,1.000000,0,1,0,0
1624,13,421,1202,1.000000,1.000000,1.000000,1.000000,0,0,0,0
1625,29,422,1202,1.000000,1.000000,1.000000,1.000000,0,0,0,0
1626,27,422,1203,1.000000,1.000000,1.000000,1.000000,0,0,0,0
1627,25,422,1204,1.000000,1.000000,1.000000,1.000000,0,0,0,1
1628,23,422,1205,1.000000,1.000000,1.000000,1.000000,1,0,0,1
1629,29,423,1205,1.000000,1.000000,1.000000,1.000000,1,0,0,1
1630,27,423,1206,1.000000,1.000000,1.000000,1.000000,0,0,0,0
1631,29,424,1206,1.000000,1.000000,1.000000,1.000000,0,0,0,0
1632,27,424,1207,1.000000,1.000000,1.000000,1.000000,1,0,0,0
1633,25,424,1208,1.000000,1.000000,1.000000,1.000000,0,0,0,0
1634,29,425,1208,1.000000,1.000000,1.000000,1.000000,0,0,0,0
1635,27,425,1209,1.000000,1.000000,1.000000,1.000000,0,0,0,0
1636,25,425,1210,1.000000,1.000000,1.000000,1.000000,0,0,0,0
1637,23,425,1211,1.000000,1.000000,1.000000,1.000000,0,0,0,0
1638,21,425,1212,1.000000,1.000000,1.000000,1.000000,0,0,0,0
1639,19,425,1213,1.000000,1.000000,1.000000,1.000000,0,0,0,0
1640,17,425,1214,1.000000,1.000000,1.000000,1.000000,0,0,0,0
1641,15,425,1215,1.000000,1.000000,1.000000,1.000000,0,0,0,0
1642,13,425,1216,1.000000,1.000000,1.000000,1.000000,0,0,0,0
1643,11,425,1217,1.000000,1.000000,1.000000,1.000000,0,0,0,0
1644,9,425,1218,1.000000,1.000000,1.000000,1.000000,0,0,1,0
1645,7,425,1219,1.000000,1.000000,1.000000,1.000000,0,0,0,1
1646,29,426,1219,1.000000,1.000000,1.000000,1.000000,0,0,0,1
1647,27,426,1220,1.000000,1.000000,1.000000,1.000000,0,0,0,0
1648,29,427,1220,1.000000,1.000000,1.000000,1.000000,0,0,0,0
1649,27,427,1221,1.000000,1.000000,1.000000,1.000000,1,0,0,0
1650,25,427,1222,1.000000,1.000000,1.000000,1.000000,0,0,0,0
1651,29,428,1222,1.000000,1.000000,1.000000,1.000000,0,0,0,0
1652,27,428,1223,1.000000,1.000000,1.000000,1.000000,0,0,0,0
1653,25,428,1224,1.000000,1.000000,1.000000,1.000000,0,0,0,0
1654,23,428,1225,1.000000,1.000000,1.000000,1.000000,0,0,0,0
1655,21,428,1226,1.000000,1.000000,1.000000,1.000000,0,0,0,0
1656,19,428,1227,1.000000,1.000000,1.000000,1.000000,0,0,0,0
1657,17,428,1228,1.000000,1.000000,1.000000,1.000000,0,0,0,0
1658,15,428,1229,1.000000,1.000000,1.000000,1.000000,0,0,0,0
1659,13,428,1230,1.000000,1.000000,1.000000,1.000000,0,0,0,0
1660,11,428,1231,1.000000,1.000000,1.000000,1.000000,0,0,0,1
1661,9,428,1232,1.000000,1.000000,1.000000,1.000000,0,0,0,0
1662,29,429,1232,1.000000,1.000000,1.000000,1.000000,0,0,0,0
1663,27,429,1233,1.000000,1.000000,1.000000,1.000000,0,0,0,0
1664,25,429,1234,1.000000,1.000000,1.000000,1.000000,0,0,0,0
1665,23,429,1235,1.000000,1.000000,1.000000,1.000000,0,0,0,0
1666,21,429,1236,1.000000,1.000000,1.000000,1.000000,0,0,0,0
1667,19,429,1237,1.000000,1.000000,1.000000,1.000000,0,1,1,0
1668,17,429,1238,1.000000,1.000000,1.000000,1.000000,0,0,1,0
1669,29,430,1238,1.000000,1.000000,1.000000,1.000000,0,0,1,0
1670,27,430,1239,1.000000,1.000000,1.000000,1.000000,0,0,0,1
1671,29,431,1239,1.000000,1.000000,1.000000,1.000000,0,0,0,1
1672,27,431,1240,1.000000,1.000000,1.000000,1.000000,0,0,0,0
1673,29,432,1240,1.000000,1.000000,1.000000,1.000000,0,0,0,0
1674,27,432,1241,1.000000,1.000000,1.000000,1.000000,0,0,0,0
1675,25,432,1242,1.000000,1.000000,1.000000,1.000000,0,0,0,0
1676,23,432,1243,1.000000,1.000000,1.000000,1.000000,0,0,0,0
1677,21,432,1244,1.000000,1.000000,1.000000,1.000000,0,0,0,0
1678,19,432,1245,1.000000,1.000000,1.000000,1.000000,0,0,0,0
1679,17,432,1246,1.000000,1.000000,1.000000,1.000000,0,0,0,0
1680,15,432,1247,1.000000,1.000000,1.000000,1.000000,0,0,0,0
1681,13,432,1248,1.000000,1.000000,1.000000,1.000000,1,1,0,0
1682,11,432,1249,1.000000,1.000000,1.000000,1.000000,0,0,1,0
1683,29,433,1249,1.000000,1.000000,1.000000,1.000000,0,0,1,0
1684,27,433,1250,1.000000,1.000000,1.000000,1.000000,0,0,0,0
1685,29,434,1250,1.000000,1.000000,1.000000,1.000000,0,0,0,0
1686,27,434,1251,1.000000,1.000000,1.000000,1.000000,0,0,1,0
1687,25,434,1252,1.000000,1.000000,1.000000,1.000000,0,0,0,0
1688,29,435,1252,1.000000,1.000000,1.000000,1.000000,0,0,0,0
1689,27,435,1253,1.000000,1.000000,1.000000,1.000000,0,1,0,0
1690,25,435,1254,1.000000,1.000000,1.000000,1.000000,1,0,1,0
1691,29,436,1254,1.000000,1.000000,1.000000,1.000000,1,0,1,0
1692,27,436,1255,1.000000,1.000000,1.000000,1.000000,0,0,0,0
1693,29,437,1255,1.000000,1.000000,1.000000,1.000000,0,0,0,0
1694,27,437,1256,1.000000,1.000000,1.000000,1.000000,0,0,0,0
1695,25,437,1257,1.000000,1.000000,1.000000,1.000000,0,0,0,0
1696,23,437,1258,1.000000,1.000000,1.000000,1.000000,0,0,0,0
1697,21,437,1259,1.000000,1.000000,1.000000,1.000000,0,0,0,0
1698,19,437,1260,1.000000,1.000000,1.000000,1.000000,0,1,0,0
1699,17,437,1261,1.000000,1.000000,1.000000,1.000000,0,0,1,0
1700,29,438,1261,1.000000,1.000000,1.000000,1.000000,0,0,1,0
1701,27,438,1262,1.000000,1.000000,1.000000,1.000000,0,0,0,0
1702,29,439,1262,1.000000,1.000000,1.000000,1.000000,0,0,0,0
1703,27,439,1263,1.000000,1.000000,1.000000,1.000000,0,0,1,0
1704,25,439,1264,1.000000,1.000000,1.000000,1.000000,0,0,0,0
1705,29,440,1264,1.000000,1.000000,1.000000,1.000000,0,0,0,0
1706,27,440,1265,1.000000,1.000000,1.000000,1.000000,0,0,0,1
1707,25,440,1266,1.000000,1.000000,1.000000,1.000000,0,0,0,0
1708,23,440,1267,1.000000,1.000000,1.000000,1.000000,0,0,1,0
1709,21,440,1268,1.000000,1.000000,1.000000,1.000000,0,1,0,0
1710,19,440,1269,1.000000,1.000000,1.000000,1.000000,0,0,1,1
1711,29,441,1269,1.000000,1.000000,1.000000,1.000000,0,0,1,1
1712,27,441,1270,1.000000,1.000000,1.000000,1.000000,0,0,0,0
1713,29,442,1270,1.000000,1.000000,1.000000,1.000000,0,0,0,0
1714,27,442,1271,1.000000,1.000000,1.000000,1.000000,0,0,0,0
1715,25,442,1272,1.000000,1.000000,1.000000,1.000000,0,0,0,0
1716,23,442,1273,1.000000,1.000000,1.000000,1.000000,0,0,1,0
1717,21,442,1274,1.000000,1.000000,1.000000,1.000000,0,1,0,0
1718,29,443,1274,1.000000,1.000000,1.000000,1.000000,0,1,0,0
1719,27,443,1275,1.000000,1.000000,1.000000,1.000000,0,0,0,0
1720,29,444,1275,1.000000,1.000000,1.000000,1.000000,0,0,0,0
1721,27,444,1276,1.000000,1.000000,1.000000,1.000000,0,0,0,0
1722,25,444,1277,1.000000,1.000000,1.000000,1.000000,0,0,0,0
1723,23,444,1278,1.000000,1.000000,1.000000,1.000000,0,0,0,0
1724,21,444,1279,1.000000,1.000000,1.000000,1.000000,0,0,0,0
1725,19,444,1280,1.000000,1.000000,1.000000,1.000000,0,0,0,0
1726,17,444,1281,1.000000,1.000000,1.000000,1.000000,0,0,0,0
1727,15,444,1282,1.000000,1.000000,1.000000,1.000000,1,0,0,0
1728,13,444,1283,1.000000,1.000000,1.000000,1.000000,0,0,0,1
1729,29,445,1283,1.000000,1.000000,1.000000,1.000000,0,0,0,1
1730,27,445,1284,1.000000,1.000000,1.000000,1.000000,0,0,0,0
1731,29,446,1284,1.000000,1.000000,1.000000,1.000000,0,0,0,0
1732,27,446,1285,1.000000,1.000000,1.000000,1.000000,0,0,1,0
1733,25,446,1286,1.000000,1.000000,1.000000,1.000000,0,0,0,0
1734,29,447,1286,1.000000,1.000000,1.000000,1.000000,0,1,0,0
1735,27,447,1287,1.000000,1.000000,1.000000,1.000000,0,0,0,0
1736,29,448,1287,1.000000,1.000000,1.000000,1.000000,0,0,0,0
1737,27,448,1288,1.000000,1.000000,1.000000,1.000000,0,0,0,0
1738,25,448,1289,1.000000,1.000000,1.000000,1.000000,0,0,0,0
1739,23,448,1290,1.000000,1.000000,1.000000,1.000000,0,0,0,1
1740,21,448,1291,1.000000,1.000000,1.000000,1.000000,0,0,0,0
1741,29,449,1291,1.000000,1.000000,1.000000,1.000000,0,0,0,0
1742,27,449,1292,1.000000,1.000000,1.000000,1.000000,0,0,0,0
1743,25,449,1293,1.000000,1.000000,1.000000,1.000000,0,0,0,0
1744,23,449,1294,1.000000,1.000000,1.000000,1.000000,0,0,0,0
1745,21,449,1295,1.000000,1.000000,1.000000,1.000000,0,0,0,0
1746,19,449,1296,1.000000,1.000000,1.000000,1.000000,0,0,0,0
1747,17,449,1297,1.000000,1.000000,1.000000,1.000000,0,0,0,0
1748,15,449,1298,1.000000,1.000000,1.000000,1.000000,0,0,0,0
1749,13,449,1299,1.000000,1.000000,1.000000,1.000000,0,0,1,0
1750,11,449,1300,1.000000,1.000000,1.000000,1.000000,0,0,1,0
1751,29,450,1300,1.000000,1.000000,1.000000,1.000000,0,0,1,0
1752,27,450,1301,1.000000,1.000000,1.000000,1.000000,0,0,0,0
1753,25,450,1302,1.000000,1.000000,1.000000,1.000000,0,0,0,0
1754,23,450,1303,1.000000,1.000000,1.000000,1.000000,0,0,0,0
1755,21,450,1304,1.000000,1.000000,1.000000,1.000000,0,0,0,0
1756,19,450,1305,1.000000,1.000000,1.000000,1.000000,0,0,0,0
1757,17,450,1306,1.000000,1.000000,1.000000,1.000000,0,0,0,0
1758,15,450,1307,1.000000,1.000000,1.000000,1.000000,0,0,0,0
1759,13,450,1308,1.000000,1.000000,1.000000,1.000000,0,0,0,0
1760,11,450,1309,1.000000,1.000000,1.000000,1.000000,0,0,0,0
1761,9,450,1310,1.000000,1.000000,1.000000,1.000000,0,0,0,0
1762,7,450,1311,1.000000,1.000000,1.000000,1.000000,0,0,0,0
1763,5,450,1312,1.000000,1.000000,1.000000,1.000000,0,0,0,0
1764,3,450,1313,1.000000,1.000000,1.000000,1.000000,0,0,0,0
1765,1,450,1314,1.000000,1.000000,1.000000,1.000000,0,0,0,0
1766,0,450,1315,1.000000,1.000000,1.000000,1.000000,0,0,0,0
