tick,energy,eats,distance,conn_1_6_weight,conn_2_7_weight,conn_3_8_weight,conn_4_9_weight,food_north_sensed,food_east_sensed,food_south_sensed,food_west_sensed
0,30,0,0,1.000000,1.000000,1.000000,1.000000,0,0,0,0
1,29,0,0,1.000000,1.000000,1.000000,1.000000,0,0,0,0
2,27,0,1,1.000000,1.000000,1.000000,1.000000,0,0,0,0
3,25,0,2,1.000000,1.000000,1.000000,1.000000,0,0,0,0
4,23,0,3,1.000000,1.000000,1.000000,1.000000,0,0,0,0
5,21,0,4,1.000000,1.000000,1.000000,1.000000,0,0,0,0
6,19,0,5,1.000000,1.000000,1.000000,1.000000,0,0,0,1
7,17,0,6,1.000000,1.000000,1.000000,1.000000,0,0,0,1
8,29,1,6,1.000000,1.000000,1.000000,1.000000,0,0,0,1
9,27,1,7,1.000000,1.000000,1.000000,1.000000,1,0,0,0
10,29,2,7,1.000000,1.000000,1.000000,1.000000,1,0,0,0
11,27,2,8,1.000000,1.000000,1.000000,1.000000,0,0,0,0
12,29,3,8,1.000000,1.000000,1.000000,1.000000,0,0,0,0
13,27,3,9,1.000000,1.000000,1.000000,1.000000,0,0,0,0
14,25,3,10,1.000000,1.000000,1.000000,1.000000,0,0,0,0
15,23,3,11,1.000000,1.000000,1.000000,1.000000,0,0,0,0
16,21,3,12,1.000000,1.000000,1.000000,1.000000,0,0,0,1
17,19,3,13,1.000000,1.000000,1.000000,1.000000,0,0,1,1
18,29,4,13,1.000000,1.000000,1.000000,1.000000,0,0,1,1
19,27,4,14,1.000000,1.000000,1.000000,1.000000,0,0,0,0
20,29,5,14,1.000000,1.000000,1.000000,1.000000,0,0,0,0
21,27,5,15,1.000000,1.000000,1.000000,1.000000,0,0,1,0
22,25,5,16,1.000000,1.000000,1.000000,1.000000,0,0,0,0
23,29,6,16,1.000000,1.000000,1.000000,1.000000,0,0,0,0
24,27,6,17,1.000000,1.000000,1.000000,1.000000,0,0,0,0
25,25,6,18,1.000000,1.000000,1.000000,1.000000,0,0,1,0
26,23,6,19,1.000000,1.000000,1.000000,1.000000,0,0,0,0
27,29,7,19,1.000000,1.000000,1.000000,1.000000,0,0,0,0
28,27,7,20,1.000000,1.000000,1.000000,1.000000,0,1,0,1
29,25,7,21,1.000000,1.000000,1.000000,1.000000,0,0,1,0
30,29,8,21,1.000000,1.000000,1.000000,1.000000,0,0,1,0
31,27,8,22,1.000000,1.000000,1.000000,1.000000,0,0,0,0
32,29,9,22,1.000000,1.000000,1.000000,1.000000,0,0,0,0
33,27,9,23,1.000000,1.000000,1.000000,1.000000,0,0,0,0
34,25,9,24,1.000000,1.000000,1.000000,1.000000,0,0,0,0
35,23,9,25,1.000000,1.000000,1.000000,1.000000,0,0,0,0
36,21,9,26,1.000000,1.000000,1.000000,1.000000,0,0,0,0
37,19,9,27,1.000000,1.000000,1.000000,1.000000,0,0,0,0
38,17,9,28,1.000000,1.000000,1.000000,1.000000,0,0,0,1
39,15,9,29,1.000000,1.000000,1.000000,1.000000,0,0,0,0
40,29,10,29,1.000000,1.000000,1.000000,1.000000,0,0,0,0
41,27,10,30,1.000000,1.000000,1.000000,1.000000,1,0,0,0
42,25,10,31,1.000000,1.000000,1.000000,1.000000,0,0,0,0
43,29,11,31,1.000000,1.000000,1.000000,1.000000,0,0,0,0
44,27,11,32,1.000000,1.000000,1.000000,1.000000,0,0,0,0
45,25,11,33,1.000000,1.000000,1.000000,1.000000,0,0,0,0
46,23,11,34,1.000000,1.000000,1.000000,1.000000,0,0,0,0
47,21,11,35,1.000000,1.000000,1.000000,1.000000,0,0,0,0
48,19,11,36,1.000000,1.000000,1.000000,1.000000,0,0,1,0
49,17,11,37,1.000000,1.000000,1.000000,1.000000,0,0,1,0
50,29,12,37,1.000000,1.000000,1.000000,1.000000,0,0,1,0
51,27,12,38,1.000000,1.000000,1.000000,1.000000,0,0,0,0
52,25,12,39,1.000000,1.000000,1.000000,1.000000,0,0,1,0
53,23,12,40,1.000000,1.000000,1.000000,1.000000,0,0,0,0
54,21,12,41,1.000000,1.000000,1.000000,1.000000,0,1,0,0
55,19,12,42,1.000000,1.000000,1.000000,1.000000,0,0,0,0
56,29,13,42,1.000000,1.000000,1.000000,1.000000,0,0,0,0
57,27,13,43,1.000000,1.000000,1.000000,1.000000,0,1,0,0
58,25,13,44,1.000000,1.000000,1.000000,1.000000,0,1,0,0
59,29,14,44,1.000000,1.000000,1.000000,1.000000,0,1,0,0
60,27,14,45,1.000000,1.000000,1.000000,1.000000,0,0,0,0
61,29,15,45,1.000000,1.000000,1.000000,1.000000,0,0,0,0
62,27,15,46,1.000000,1.000000,1.000000,1.000000,0,0,0,0
63,25,15,47,1.000000,1.000000,1.000000,1.000000,0,0,0,0
64,23,15,48,1.000000,1.000000,1.000000,1.000000,0,0,0,0
65,21,15,49,1.000000,1.000000,1.000000,1.000000,0,0,0,0
66,19,15,50,1.000000,1.000000,1.000000,1.000000,0,0,0,0
67,17,15,51,1.000000,1.000000,1.000000,1.000000,0,0,0,0
68,15,15,52,1.000000,1.000000,1.000000,1.000000,0,0,0,0
69,13,15,53,1.000000,1.000000,1.000000,1.000000,0,0,1,0
70,11,15,54,1.000000,1.000000,1.000000,1.000000,0,0,1,0
71,29,16,54,1.000000,1.000000,1.000000,1.000000,0,0,1,0
72,27,16,55,1.000000,1.000000,1.000000,1.000000,0,0,0,1
73,29,17,55,1.000000,1.000000,1.000000,1.000000,0,0,0,1
74,27,17,56,1.000000,1.000000,1.000000,1.000000,0,0,0,0
75,29,18,56,1.000000,1.000000,1.000000,1.000000,0,0,0,0
76,27,18,57,1.000000,1.000000,1.000000,1.000000,0,0,0,0
77,25,18,58,1.000000,1.000000,1.000000,1.000000,0,0,0,0
78,23,18,59,1.000000,1.000000,1.000000,1.000000,0,0,0,0
79,21,18,60,1.000000,1.000000,1.000000,1.000000,1,0,0,0
80,19,18,61,1.000000,1.000000,1.000000,1.000000,0,0,0,1
81,29,19,61,1.000000,1.000000,1.000000,1.000000,0,0,0,1
82,27,19,62,1.000000,1.000000,1.000000,1.000000,0,0,0,0
83,29,20,62,1.000000,1.000000,1.000000,1.000000,0,0,0,0
84,27,20,63,1.000000,1.000000,1.000000,1.000000,0,0,0,1
85,25,20,64,1.000000,1.000000,1.000000,1.000000,1,0,0,0
86,29,21,64,1.000000,1.000000,1.000000,1.000000,1,0,0,0
87,27,21,65,1.000000,1.000000,1.000000,1.000000,0,0,0,0
88,29,22,65,1.000000,1.000000,1.000000,1.000000,0,0,0,0
89,27,22,66,1.000000,1.000000,1.000000,1.000000,0,0,0,1
90,25,22,67,1.000000,1.000000,1.000000,1.000000,0,0,0,0
91,29,23,67,1.000000,1.000000,1.000000,1.000000,0,0,0,0
92,27,23,68,1.000000,1.000000,1.000000,1.000000,0,0,1,0
93,25,23,69,1.000000,1.000000,1.000000,1.000000,0,0,0,0
94,29,24,69,1.000000,1.000000,1.000000,1.000000,0,0,0,0
95,27,24,70,1.000000,1.000000,1.000000,1.000000,0,0,1,0
96,25,24,71,1.000000,1.000000,1.000000,1.000000,0,0,0,0
97,23,24,72,1.000000,1.000000,1.000000,1.000000,0,0,1,0
98,21,24,73,1.000000,1.000000,1.000000,1.000000,0,0,0,0
99,29,25,73,1.000000,1.000000,1.000000,1.000000,0,0,0,0
100,27,25,74,1.000000,1.000000,1.000000,1.000000,0,0,0,0
101,25,25,75,1.000000,1.000000,1.000000,1.000000,0,1,0,0
102,23,25,76,1.000000,1.000000,1.000000,1.000000,1,0,0,0
103,21,25,77,1.000000,1.000000,1.000000,1.000000,0,0,1,0
104,29,26,77,1.000000,1.000000,1.000000,1.000000,0,0,1,0
105,27,26,78,1.000000,1.000000,1.000000,1.000000,0,0,0,0
106,29,27,78,1.000000,1.000000,1.000000,1.000000,0,0,0,0
107,27,27,79,1.000000,1.000000,1.000000,1.000000,0,0,0,0
108,25,27,80,1.000000,1.000000,1.000000,1.000000,0,0,0,0
109,23,27,81,1.000000,1.000000,1.000000,1.000000,0,0,0,0
110,21,27,82,1.000000,1.000000,1.000000,1.000000,0,0,1,0
111,19,27,83,1.000000,1.000000,1.000000,1.000000,0,0,0,0
112,29,28,83,1.000000,1.000000,1.000000,1.000000,0,0,0,0
113,27,28,84,1.000000,1.000000,1.000000,1.000000,1,0,0,0
114,25,28,85,1.000000,1.000000,1.000000,1.000000,0,0,0,0
115,29,29,85,1.000000,1.000000,1.000000,1.000000,0,0,0,0
116,27,29,86,1.000000,1.000000,1.000000,1.000000,0,0,0,0
117,25,29,87,1.000000,1.000000,1.000000,1.000000,0,0,0,0
118,23,29,88,1.000000,1.000000,1.000000,1.000000,1,0,0,0
119,21,29,89,1.000000,1.000000,1.000000,1.000000,0,0,0,0
120,29,30,89,1.000000,1.000000,1.000000,1.000000,0,0,0,0
121,27,30,90,1.000000,1.000000,1.000000,1.000000,0,1,0,0
122,25,30,91,1.000000,1.000000,1.000000,1.000000,0,0,0,0
123,29,31,91,1.000000,1.000000,1.000000,1.000000,0,0,0,0
124,27,31,92,1.000000,1.000000,1.000000,1.000000,0,0,0,0
125,25,31,93,1.000000,1.000000,1.000000,1.000000,0,0,0,1
126,23,31,94,1.000000,1.000000,1.000000,1.000000,1,0,0,0
127,29,32,94,1.000000,1.000000,1.000000,1.000000,1,0,0,0
128,27,32,95,1.000000,1.000000,1.000000,1.000000,0,0,0,1
129,25,32,96,1.000000,1.000000,1.000000,1.000000,0,1,0,0
130,29,33,96,1.000000,1.000000,1.000000,1.000000,0,1,0,0
131,27,33,97,1.000000,1.000000,1.000000,1.000000,0,0,0,0
132,29,34,97,1.000000,1.000000,1.000000,1.000000,0,0,0,0
133,27,34,98,1.000000,1.000000,1.000000,1.000000,0,0,0,0
134,25,34,99,1.000000,1.000000,1.000000,1.000000,0,0,0,0
135,23,34,100,1.000000,1.000000,1.000000,1.000000,0,0,0,0
136,21,34,101,1.000000,1.000000,1.000000,1.000000,0,0,1,0
137,19,34,102,1.000000,1.000000,1.000000,1.000000,0,0,1,0
138,17,34,103,1.000000,1.000000,1.000000,1.000000,0,1,0,1
139,29,35,103,1.000000,1.000000,1.000000,1.000000,0,1,0,1
140,27,35,104,1.000000,1.000000,1.000000,1.000000,0,0,0,0
141,29,36,104,1.000000,1.000000,1.000000,1.000000,0,0,0,0
142,27,36,105,1.000000,1.000000,1.000000,1.000000,0,0,0,0
143,25,36,106,1.000000,1.000000,1.000000,1.000000,0,0,1,0
144,23,36,107,1.000000,1.000000,1.000000,1.000000,0,0,0,0
145,29,37,107,1.000000,1.000000,1.000000,1.000000,0,0,0,0
146,27,37,108,1.000000,1.000000,1.000000,1.000000,0,0,0,0
147,25,37,109,1.000000,1.000000,1.000000,1.000000,0,0,0,0
148,23,37,110,1.000000,1.000000,1.000000,1.000000,0,0,0,0
149,21,37,111,1.000000,1.000000,1.000000,1.000000,0,0,0,0
150,19,37,112,1.000000,1.000000,1.000000,1.000000,0,1,0,0
151,17,37,113,1.000000,1.000000,1.000000,1.000000,0,0,0,0
152,29,38,113,1.000000,1.000000,1.000000,1.000000,0,0,0,0
153,27,38,114,1.000000,1.000000,1.000000,1.000000,0,0,0,0
154,25,38,115,1.000000,1.000000,1.000000,1.000000,0,0,0,0
155,23,38,116,1.000000,1.000000,1.000000,1.000000,0,0,0,0
156,21,38,117,1.000000,1.000000,1.000000,1.000000,0,0,0,0
157,19,38,118,1.000000,1.000000,1.000000,1.000000,0,0,1,0
158,17,38,119,1.000000,1.000000,1.000000,1.000000,0,0,0,0
159,29,39,119,1.000000,1.000000,1.000000,1.000000,0,0,0,0
160,27,39,120,1.000000,1.000000,1.000000,1.000000,0,0,0,0
161,25,39,121,1.000000,1.000000,1.000000,1.000000,0,0,0,0
162,23,39,122,1.000000,1.000000,1.000000,1.000000,0,0,0,0
163,21,39,123,1.000000,1.000000,1.000000,1.000000,0,1,0,0
164,19,39,124,1.000000,1.000000,1.000000,1.000000,1,0,0,0
165,29,40,124,1.000000,1.000000,1.000000,1.000000,1,0,0,0
166,27,40,125,1.000000,1.000000,1.000000,1.000000,0,0,0,0
167,29,41,125,1.000000,1.000000,1.000000,1.000000,0,0,0,0
168,27,41,126,1.000000,1.000000,1.000000,1.000000,0,0,0,0
169,25,41,127,1.000000,1.000000,1.000000,1.000000,0,0,0,0
170,23,41,128,1.000000,1.000000,1.000000,1.000000,0,0,0,0
171,21,41,129,1.000000,1.000000,1.000000,1.000000,0,0,0,0
172,19,41,130,1.000000,1.000000,1.000000,1.000000,0,0,0,0
173,17,41,131,1.000000,1.000000,1.000000,1.000000,0,1,0,0
174,15,41,132,1.000000,1.000000,1.000000,1.000000,0,1,0,0
175,13,41,133,1.000000,1.000000,1.000000,1.000000,1,0,0,1
176,29,42,133,1.000000,1.000000,1.000000,1.000000,1,0,0,1
177,27,42,134,1.000000,1.000000,1.000000,1.000000,0,0,0,0
178,29,43,134,1.000000,1.000000,1.000000,1.000000,0,0,0,0
179,27,43,135,1.000000,1.000000,1.000000,1.000000,1,0,0,0
180,25,43,136,1.000000,1.000000,1.000000,1.000000,0,0,0,0
181,23,43,137,1.000000,1.000000,1.000000,1.000000,1,0,0,0
182,21,43,138,1.000000,1.000000,1.000000,1.000000,0,0,0,0
183,29,44,138,1.000000,1.000000,1.000000,1.000000,0,0,0,0
184,27,44,139,1.000000,1.000000,1.000000,1.000000,1,0,0,0
185,25,44,140,1.000000,1.000000,1.000000,1.000000,1,0,0,0
186,23,44,141,1.000000,1.000000,1.000000,1.000000,0,0,1,1
187,29,45,141,1.000000,1.000000,1.000000,1.000000,0,0,1,1
188,27,45,142,1.000000,1.000000,1.000000,1.000000,1,0,0,1
189,29,46,142,1.000000,1.000000,1.000000,1.000000,1,0,0,1
190,27,46,143,1.000000,1.000000,1.000000,1.000000,0,0,0,0
191,29,47,143,1.000000,1.000000,1.000000,1.000000,0,0,0,0
192,27,47,144,1.000000,1.000000,1.000000,1.000000,1,1,0,0
193,25,47,145,1.000000,1.000000,1.000000,1.000000,0,0,0,0
194,29,48,145,1.000000,1.000000,1.000000,1.000000,0,0,0,0
195,27,48,146,1.000000,1.000000,1.000000,1.000000,1,0,0,0
196,25,48,147,1.000000,1.000000,1.000000,1.000000,0,0,0,0
197,29,49,147,1.000000,1.000000,1.000000,1.000000,0,0,0,0
198,27,49,148,1.000000,1.000000,1.000000,1.000000,0,0,0,0
199,25,49,149,1.000000,1.000000,1.000000,1.000000,1,0,0,0
200,23,49,150,1.000000,1.000000,1.000000,1.000000,1,1,0,1
201,29,50,150,1.000000,1.000000,1.000000,1.000000,1,1,0,1
202,27,50,151,1.000000,1.000000,1.000000,1.000000,0,0,0,0
203,29,51,151,1.000000,1.000000,1.000000,1.000000,0,0,0,0
204,27,51,152,1.000000,1.000000,1.000000,1.000000,1,0,1,0
205,25,51,153,1.000000,1.000000,1.000000,1.000000,0,0,0,0
206,29,52,153,1.000000,1.000000,1.000000,1.000000,0,0,0,0
207,27,52,154,1.000000,1.000000,1.000000,1.000000,1,0,0,0
208,25,52,155,1.000000,1.000000,1.000000,1.000000,1,0,0,1
209,29,53,155,1.000000,1.000000,1.000000,1.000000,1,0,0,1
210,27,53,156,1.000000,1.000000,1.000000,1.000000,0,0,0,0
211,29,54,156,1.000000,1.000000,1.000000,1.000000,0,0,0,0
212,27,54,157,1.000000,1.000000,1.000000,1.000000,1,0,0,0
213,25,54,158,1.000000,1.000000,1.000000,1.000000,0,0,0,0
214,29,55,158,1.000000,1.000000,1.000000,1.000000,0,0,0,0
215,27,55,159,1.000000,1.000000,1.000000,1.000000,0,0,0,0
216,25,55,160,1.000000,1.000000,1.000000,1.000000,0,0,0,0
217,23,55,161,1.000000,1.000000,1.000000,1.000000,1,0,0,0
218,21,55,162,1.000000,1.000000,1.000000,1.000000,0,0,0,0
219,29,56,162,1.000000,1.000000,1.000000,1.000000,0,0,0,0
220,27,56,163,1.000000,1.000000,1.000000,1.000000,1,1,0,0
221,25,56,164,1.000000,1.000000,1.000000,1.000000,0,1,1,0
222,23,56,165,1.000000,1.000000,1.000000,1.000000,1,0,0,0
223,29,57,165,1.000000,1.000000,1.000000,1.000000,1,0,0,0
224,27,57,166,1.000000,1.000000,1.000000,1.000000,0,1,0,0
225,29,58,166,1.000000,1.000000,1.000000,1.000000,0,1,0,0
226,27,58,167,1.000000,1.000000,1.000000,1.000000,0,0,0,0
227,29,59,167,1.000000,1.000000,1.000000,1.000000,0,0,0,0
228,27,59,168,1.000000,1.000000,1.000000,1.000000,0,1,0,0
229,25,59,169,1.000000,1.000000,1.000000,1.000000,0,0,0,0
230,29,60,169,1.000000,1.000000,1.000000,1.000000,0,0,0,0
231,27,60,170,1.000000,1.000000,1.000000,1.000000,0,0,0,0
232,25,60,171,1.000000,1.000000,1.000000,1.000000,0,0,0,0
233,23,60,172,1.000000,1.000000,1.000000,1.000000,0,0,0,0
234,21,60,173,1.000000,1.000000,1.000000,1.000000,0,0,0,0
235,19,60,174,1.000000,1.000000,1.000000,1.000000,0,0,0,0
236,17,60,175,1.000000,1.000000,1.000000,1.000000,0,0,0,0
237,15,60,176,1.000000,1.000000,1.000000,1.000000,0,0,0,0
238,13,60,177,1.000000,1.000000,1.000000,1.000000,0,0,1,1
239,11,60,178,1.000000,1.000000,1.000000,1.000000,0,0,0,0
240,29,61,178,1.000000,1.000000,1.000000,1.000000,0,0,0,0
241,27,61,179,1.000000,1.000000,1.000000,1.000000,1,0,0,0
242,25,61,180,1.000000,1.000000,1.000000,1.000000,0,0,1,0
243,23,61,181,1.000000,1.000000,1.000000,1.000000,0,0,0,1
244,29,62,181,1.000000,1.000000,1.000000,1.000000,0,0,0,1
245,27,62,182,1.000000,1.000000,1.000000,1.000000,0,0,1,0
246,25,62,183,1.000000,1.000000,1.000000,1.000000,1,0,0,0
247,29,63,183,1.000000,1.000000,1.000000,1.000000,1,0,0,0
248,27,63,184,1.000000,1.000000,1.000000,1.000000,0,0,0,0
249,29,64,184,1.000000,1.000000,1.000000,1.000000,0,0,0,0
250,27,64,185,1.000000,1.000000,1.000000,1.000000,1,0,0,1
251,25,64,186,1.000000,1.000000,1.000000,1.000000,0,0,0,0
252,29,65,186,1.000000,1.000000,1.000000,1.000000,0,0,0,0
253,27,65,187,1.000000,1.000000,1.000000,1.000000,0,0,1,0
254,25,65,188,1.000000,1.000000,1.000000,1.000000,0,0,0,0
255,29,66,188,1.000000,1.000000,1.000000,1.000000,0,0,0,0
256,27,66,189,1.000000,1.000000,1.000000,1.000000,0,0,1,0
257,25,66,190,1.000000,1.000000,1.000000,1.000000,0,0,1,0
258,29,67,190,1.000000,1.000000,1.000000,1.000000,0,0,1,0
259,27,67,191,1.000000,1.000000,1.000000,1.000000,0,0,0,1
260,29,68,191,1.000000,1.000000,1.000000,1.000000,0,0,0,1
261,27,68,192,1.000000,1.000000,1.000000,1.000000,0,0,0,0
262,29,69,192,1.000000,1.000000,1.000000,1.000000,0,0,0,0
263,27,69,193,1.000000,1.000000,1.000000,1.000000,0,0,0,0
264,25,69,194,1.000000,1.000000,1.000000,1.000000,0,0,0,0
265,23,69,195,1.000000,1.000000,1.000000,1.000000,0,0,0,0
266,21,69,196,1.000000,1.000000,1.000000,1.000000,0,0,0,0
267,19,69,197,1.000000,1.000000,1.000000,1.000000,0,0,0,0
268,17,69,198,1.000000,1.000000,1.000000,1.000000,0,0,0,0
269,15,69,199,1.000000,1.000000,1.000000,1.000000,0,1,0,1
270,13,69,200,1.000000,1.000000,1.000000,1.000000,0,0,0,0
271,29,70,200,1.000000,1.000000,1.000000,1.000000,0,0,0,0
272,27,70,201,1.000000,1.000000,1.000000,1.000000,0,0,0,0
273,25,70,202,1.000000,1.000000,1.000000,1.000000,0,0,0,1
274,23,70,203,1.000000,1.000000,1.000000,1.000000,0,0,0,0
275,29,71,203,1.000000,1.000000,1.000000,1.000000,0,0,0,0
276,27,71,204,1.000000,1.000000,1.000000,1.000000,0,0,0,0
277,25,71,205,1.000000,1.000000,1.000000,1.000000,0,0,0,0
278,23,71,206,1.000000,1.000000,1.000000,1.000000,0,0,0,0
279,21,71,207,1.000000,1.000000,1.000000,1.000000,0,0,0,0
280,19,71,208,1.000000,1.000000,1.000000,1.000000,0,0,0,0
281,17,71,209,1.000000,1.000000,1.000000,1.000000,0,0,0,0
282,15,71,210,1.000000,1.000000,1.000000,1.000000,0,0,0,0
283,13,71,211,1.000000,1.000000,1.000000,1.000000,0,0,0,0
284,11,71,212,1.000000,1.000000,1.000000,1.000000,0,0,0,0
285,9,71,213,1.000000,1.000000,1.000000,1.000000,0,1,0,1
286,7,71,214,1.000000,1.000000,1.000000,1.000000,0,0,0,0
287,29,72,214,1.000000,1.000000,1.000000,1.000000,0,0,0,0
288,27,72,215,1.000000,1.000000,1.000000,1.000000,1,1,0,0
289,25,72,216,1.000000,1.000000,1.000000,1.000000,0,1,1,0
290,29,73,216,1.000000,1.000000,1.000000,1.000000,0,1,1,0
291,27,73,217,1.000000,1.000000,1.000000,1.000000,0,0,0,0
292,29,74,217,1.000000,1.000000,1.000000,1.000000,0,0,0,0
293,27,74,218,1.000000,1.000000,1.000000,1.000000,0,0,0,1
294,25,74,219,1.000000,1.000000,1.000000,1.000000,0,0,0,0
295,29,75,219,1.000000,1.000000,1.000000,1.000000,0,0,0,0
296,27,75,220,1.000000,1.000000,1.000000,1.000000,0,0,0,0
297,25,75,221,1.000000,1.000000,1.000000,1.000000,0,0,0,0
298,23,75,222,1.000000,1.000000,1.000000,1.000000,0,0,0,0
299,21,75,223,1.000000,1.000000,1.000000,1.000000,1,0,0,0
300,19,75,224,1.000000,1.000000,1.000000,1.000000,0,0,0,0
301,29,76,224,1.000000,1.000000,1.000000,1.000000,0,0,0,0
302,27,76,225,1.000000,1.000000,1.000000,1.000000,0,0,0,1
303,25,76,226,1.000000,1.000000,1.000000,1.000000,0,0,0,0
304,29,77,226,1.000000,1.000000,1.000000,1.000000,0,0,0,0
305,27,77,227,1.000000,1.000000,1.000000,1.000000,0,0,0,1
306,25,77,228,1.000000,1.000000,1.000000,1.000000,0,0,0,0
307,29,78,228,1.000000,1.000000,1.000000,1.000000,0,0,0,0
308,27,78,229,1.000000,1.000000,1.000000,1.000000,0,0,0,0
309,25,78,230,1.000000,1.000000,1.000000,1.000000,0,0,0,0
310,23,78,231,1.000000,1.000000,1.000000,1.000000,0,0,0,0
311,21,78,232,1.000000,1.000000,1.000000,1.000000,0,0,0,0
312,19,78,233,1.000000,1.000000,1.000000,1.000000,0,0,0,0
313,17,78,234,1.000000,1.000000,1.000000,1.000000,0,0,0,0
314,15,78,235,1.000000,1.000000,1.000000,1.000000,0,1,1,0
315,13,78,236,1.000000,1.000000,1.000000,1.000000,0,0,1,0
316,29,79,236,1.000000,1.000000,1.000000,1.000000,0,0,1,0
317,27,79,237,1.000000,1.000000,1.000000,1.000000,0,0,0,1
318,29,80,237,1.000000,1.000000,1.000000,1.000000,0,0,0,1
319,27,80,238,1.000000,1.000000,1.000000,1.000000,0,0,0,0
320,29,81,238,1.000000,1.000000,1.000000,1.000000,0,0,0,0
321,27,81,239,1.000000,1.000000,1.000000,1.000000,0,0,0,0
322,25,81,240,1.000000,1.000000,1.000000,1.000000,0,0,0,0
323,23,81,241,1.000000,1.000000,1.000000,1.000000,1,0,0,0
324,21,81,242,1.000000,1.000000,1.000000,1.000000,0,0,0,0
325,29,82,242,1.000000,1.000000,1.000000,1.000000,0,0,0,0
326,27,82,243,1.000000,1.000000,1.000000,1.000000,0,1,0,0
327,25,82,244,1.000000,1.000000,1.000000,1.000000,0,0,0,0
328,23,82,245,1.000000,1.000000,1.000000,1.000000,0,1,1,0
329,21,82,246,1.000000,1.000000,1.000000,1.000000,0,0,0,0
330,29,83,246,1.000000,1.000000,1.000000,1.000000,0,0,0,0
331,27,83,247,1.000000,1.000000,1.000000,1.000000,0,0,0,0
332,25,83,248,1.000000,1.000000,1.000000,1.000000,1,0,0,0
333,23,83,249,1.000000,1.000000,1.000000,1.000000,0,0,0,0
334,29,84,249,1.000000,1.000000,1.000000,1.000000,0,0,0,0
335,27,84,250,1.000000,1.000000,1.000000,1.000000,0,0,0,0
336,25,84,251,1.000000,1.000000,1.000000,1.000000,0,0,0,0
337,23,84,252,1.000000,1.000000,1.000000,1.000000,0,0,0,0
338,21,84,253,1.000000,1.000000,1.000000,1.000000,1,0,0,0
339,19,84,254,1.000000,1.000000,1.000000,1.000000,0,0,0,0
340,29,85,254,1.000000,1.000000,1.000000,1.000000,0,0,0,0
341,27,85,255,1.000000,1.000000,1.000000,1.000000,0,0,0,0
342,25,85,256,1.000000,1.000000,1.000000,1.000000,0,1,0,0
343,23,85,257,1.000000,1.000000,1.000000,1.000000,0,0,0,0
344,29,86,257,1.000000,1.000000,1.000000,1.000000,0,0,0,0
345,27,86,258,1.000000,1.000000,1.000000,1.000000,0,0,0,0
346,25,86,259,1.000000,1.000000,1.000000,1.000000,0,0,1,0
347,23,86,260,1.000000,1.000000,1.000000,1.000000,0,0,0,0
348,29,87,260,1.000000,1.000000,1.000000,1.000000,0,0,0,0
349,27,87,261,1.000000,1.000000,1.000000,1.000000,0,0,0,0
350,25,87,262,1.000000,1.000000,1.000000,1.000000,0,0,0,1
351,23,87,263,1.000000,1.000000,1.000000,1.000000,0,0,0,0
352,29,88,263,1.000000,1.000000,1.000000,1.000000,0,0,0,0
353,27,88,264,1.000000,1.000000,1.000000,1.000000,0,0,0,0
354,25,88,265,1.000000,1.000000,1.000000,1.000000,0,0,0,1
355,23,88,266,1.000000,1.000000,1.000000,1.000000,0,0,0,0
356,29,89,266,1.000000,1.000000,1.000000,1.000000,0,0,0,0
357,27,89,267,1.000000,1.000000,1.000000,1.000000,0,0,0,0
358,25,89,268,1.000000,1.000000,1.000000,1.000000,0,1,0,0
359,23,89,269,1.000000,1.000000,1.000000,1.000000,0,0,0,0
360,29,90,269,1.000000,1.000000,1.000000,1.000000,0,0,0,0
361,27,90,270,1.000000,1.000000,1.000000,1.000000,0,0,0,0
362,25,90,271,1.000000,1.000000,1.000000,1.000000,0,0,0,0
363,23,90,272,1.000000,1.000000,1.000000,1.000000,0,0,0,0
364,21,90,273,1.000000,1.000000,1.000000,1.000000,0,0,0,0
365,19,90,274,1.000000,1.000000,1.000000,1.000000,0,0,0,0
366,17,90,275,1.000000,1.000000,1.000000,1.000000,0,0,0,0
367,15,90,276,1.000000,1.000000,1.000000,1.000000,0,0,1,0
368,13,90,277,1.000000,1.000000,1.000000,1.000000,0,0,0,0
369,29,91,277,1.000000,1.000000,1.000000,1.000000,0,0,0,0
370,27,91,278,1.000000,1.000000,1.000000,1.000000,0,0,0,0
371,25,91,279,1.000000,1.000000,1.000000,1.000000,0,0,0,0
372,23,91,280,1.000000,1.000000,1.000000,1.000000,0,0,0,0
373,21,91,281,1.000000,1.000000,1.000000,1.000000,0,0,0,0
374,19,91,282,1.000000,1.000000,1.000000,1.000000,0,0,0,0
375,17,91,283,1.000000,1.000000,1.000000,1.000000,1,0,0,0
376,15,91,284,1.000000,1.000000,1.000000,1.000000,0,0,0,0
377,29,92,284,1.000000,1.000000,1.000000,1.000000,0,0,0,0
378,27,92,285,1.000000,1.000000,1.000000,1.000000,0,0,0,0
379,25,92,286,1.000000,1.000000,1.000000,1.000000,0,0,0,0
380,23,92,287,1.000000,1.000000,1.000000,1.000000,0,0,0,0
381,21,92,288,1.000000,1.000000,1.000000,1.000000,0,0,0,0
382,19,92,289,1.000000,1.000000,1.000000,1.000000,0,0,0,0
383,17,92,290,1.000000,1.000000,1.000000,1.000000,0,0,0,0
384,15,92,291,1.000000,1.000000,1.000000,1.000000,0,0,0,0
385,13,92,292,1.000000,1.000000,1.000000,1.000000,0,0,0,0
386,11,92,293,1.000000,1.000000,1.000000,1.000000,0,0,0,0
387,9,92,294,1.000000,1.000000,1.000000,1.000000,0,1,0,0
388,7,92,295,1.000000,1.000000,1.000000,1.000000,0,0,0,0
389,29,93,295,1.000000,1.000000,1.000000,1.000000,0,0,0,0
390,27,93,296,1.000000,1.000000,1.000000,1.000000,0,1,0,0
391,25,93,297,1.000000,1.000000,1.000000,1.000000,0,0,0,0
392,29,94,297,1.000000,1.000000,1.000000,1.000000,0,0,0,0
393,27,94,298,1.000000,1.000000,1.000000,1.000000,0,0,0,0
394,25,94,299,1.000000,1.000000,1.000000,1.000000,0,0,0,1
395,23,94,300,1.000000,1.000000,1.000000,1.000000,0,0,0,0
396,29,95,300,1.000000,1.000000,1.000000,1.000000,0,0,0,0
397,27,95,301,1.000000,1.000000,1.000000,1.000000,0,0,0,0
398,25,95,302,1.000000,1.000000,1.000000,1.000000,0,0,0,0
399,23,95,303,1.000000,1.000000,1.000000,1.000000,0,0,0,0
400,21,95,304,1.000000,1.000000,1.000000,1.000000,0,0,0,0
401,19,95,305,1.000000,1.000000,1.000000,1.000000,0,0,0,0
402,17,95,306,1.000000,1.000000,1.000000,1.000000,0,0,0,0
403,15,95,307,1.000000,1.000000,1.000000,1.000000,0,0,0,0
404,13,95,308,1.000000,1.000000,1.000000,1.000000,0,0,0,0
405,11,95,309,1.000000,1.000000,1.000000,1.000000,0,0,0,0
406,9,95,310,1.000000,1.000000,1.000000,1.000000,1,0,0,0
407,7,95,311,1.000000,1.000000,1.000000,1.000000,1,0,0,1
408,29,96,311,1.000000,1.000000,1.000000,1.000000,1,0,0,1
409,27,96,312,1.000000,1.000000,1.000000,1.000000,0,0,0,0
410,29,97,312,1.000000,1.000000,1.000000,1.000000,0,0,0,0
411,27,97,313,1.000000,1.000000,1.000000,1.000000,1,0,0,0
412,25,97,314,1.000000,1.000000,1.000000,1.000000,1,0,0,0
413,29,98,314,1.000000,1.000000,1.000000,1.000000,1,0,0,0
414,27,98,315,1.000000,1.000000,1.000000,1.000000,0,0,0,1
415,25,98,316,1.000000,1.000000,1.000000,1.000000,0,1,0,1
416,29,99,316,1.000000,1.000000,1.000000,1.000000,0,1,0,1
417,27,99,317,1.000000,1.000000,1.000000,1.000000,0,0,0,0
418,29,100,317,1.000000,1.000000,1.000000,1.000000,0,0,0,0
419,27,100,318,1.000000,1.000000,1.000000,1.000000,0,0,0,0
420,25,100,319,1.000000,1.000000,1.000000,1.000000,1,0,0,0
421,23,100,320,1.000000,1.000000,1.000000,1.000000,0,0,0,1
422,21,100,321,1.000000,1.000000,1.000000,1.000000,0,1,0,1
423,29,101,321,1.000000,1.000000,1.000000,1.000000,0,1,0,1
424,27,101,322,1.000000,1.000000,1.000000,1.000000,0,0,0,1
425,29,102,322,1.000000,1.000000,1.000000,1.000000,0,0,0,1
426,27,102,323,1.000000,1.000000,1.000000,1.000000,1,0,0,0
427,29,103,323,1.000000,1.000000,1.000000,1.000000,1,0,0,0
428,27,103,324,1.000000,1.000000,1.000000,1.000000,0,0,0,1
429,29,104,324,1.000000,1.000000,1.000000,1.000000,0,0,0,1
430,27,104,325,1.000000,1.000000,1.000000,1.000000,0,0,0,0
431,29,105,325,1.000000,1.000000,1.000000,1.000000,0,0,0,0
432,27,105,326,1.000000,1.000000,1.000000,1.000000,0,0,0,0
433,25,105,327,1.000000,1.000000,1.000000,1.000000,0,0,0,0
434,23,105,328,1.000000,1.000000,1.000000,1.000000,0,0,0,0
435,21,105,329,1.000000,1.000000,1.000000,1.000000,0,0,0,0
436,19,105,330,1.000000,1.000000,1.000000,1.000000,0,0,0,0
437,17,105,331,1.000000,1.000000,1.000000,1.000000,0,1,0,0
438,29,106,331,1.000000,1.000000,1.000000,1.000000,0,1,0,0
439,27,106,332,1.000000,1.000000,1.000000,1.000000,0,0,0,0
440,29,107,332,1.000000,1.000000,1.000000,1.000000,0,0,0,0
441,27,107,333,1.000000,1.000000,1.000000,1.000000,0,0,0,0
442,25,107,334,1.000000,1.000000,1.000000,1.000000,0,0,0,0
443,23,107,335,1.000000,1.000000,1.000000,1.000000,1,0,0,0
444,21,107,336,1.000000,1.000000,1.000000,1.000000,0,0,0,1
445,19,107,337,1.000000,1.000000,1.000000,1.000000,1,1,0,0
446,29,108,337,1.000000,1.000000,1.000000,1.000000,1,1,0,0
447,27,108,338,1.000000,1.000000,1.000000,1.000000,0,0,0,0
448,29,109,338,1.000000,1.000000,1.000000,1.000000,0,0,0,0
449,27,109,339,1.000000,1.000000,1.000000,1.000000,0,0,0,1
450,25,109,340,1.000000,1.000000,1.000000,1.000000,0,0,0,1
451,29,110,340,1.000000,1.000000,1.000000,1.000000,0,0,0,1
452,27,110,341,1.000000,1.000000,1.000000,1.000000,0,0,0,0
453,29,111,341,1.000000,1.000000,1.000000,1.000000,0,0,0,0
454,27,111,342,1.000000,1.000000,1.000000,1.000000,0,0,1,0
455,25,111,343,1.000000,1.000000,1.000000,1.000000,0,0,0,1
456,29,112,343,1.000000,1.000000,1.000000,1.000000,0,0,0,1
457,27,112,344,1.000000,1.000000,1.000000,1.000000,0,0,0,0
458,29,113,344,1.000000,1.000000,1.000000,1.000000,0,0,0,0
459,27,113,345,1.000000,1.000000,1.000000,1.000000,0,0,0,0
460,25,113,346,1.000000,1.000000,1.000000,1.000000,0,0,1,0
461,23,113,347,1.000000,1.000000,1.000000,1.000000,0,0,0,0
462,29,114,347,1.000000,1.000000,1.000000,1.000000,0,0,0,0
463,27,114,348,1.000000,1.000000,1.000000,1.000000,0,0,0,0
464,25,114,349,1.000000,1.000000,1.000000,1.000000,0,0,0,0
465,23,114,350,1.000000,1.000000,1.000000,1.000000,0,1,1,0
466,21,114,351,1.000000,1.000000,1.000000,1.000000,0,0,0,0
467,29,115,351,1.000000,1.000000,1.000000,1.000000,0,0,0,0
468,27,115,352,1.000000,1.000000,1.000000,1.000000,0,1,0,0
469,25,115,353,1.000000,1.000000,1.000000,1.000000,0,1,0,0
470,29,116,353,1.000000,1.000000,1.000000,1.000000,0,1,0,0
471,27,116,354,1.000000,1.000000,1.000000,1.000000,0,1,0,0
472,29,117,354,1.000000,1.000000,1.000000,1.000000,0,1,0,0
473,27,117,355,1.000000,1.000000,1.000000,1.000000,0,0,1,0
474,29,118,355,1.000000,1.000000,1.000000,1.000000,0,0,1,0
475,27,118,356,1.000000,1.000000,1.000000,1.000000,0,0,1,0
476,29,119,356,1.000000,1.000000,1.000000,1.000000,0,0,1,0
477,27,119,357,1.000000,1.000000,1.000000,1.000000,0,0,0,1
478,29,120,357,1.000000,1.000000,1.000000,1.000000,0,0,0,1
479,27,120,358,1.000000,1.000000,1.000000,1.000000,0,0,0,0
480,25,120,359,1.000000,1.000000,1.000000,1.000000,0,0,0,1
481,23,120,360,1.000000,1.000000,1.000000,1.000000,0,0,0,0
482,29,121,360,1.000000,1.000000,1.000000,1.000000,0,0,0,0
483,27,121,361,1.000000,1.000000,1.000000,1.000000,0,0,0,0
484,25,121,362,1.000000,1.000000,1.000000,1.000000,0,0,0,0
485,23,121,363,1.000000,1.000000,1.000000,1.000000,0,0,0,0
486,21,121,364,1.000000,1.000000,1.000000,1.000000,0,0,0,0
487,19,121,365,1.000000,1.000000,1.000000,1.000000,0,0,0,0
488,17,121,366,1.000000,1.000000,1.000000,1.000000,0,0,0,0
489,15,121,367,1.000000,1.000000,1.000000,1.000000,0,0,0,0
490,13,121,368,1.000000,1.000000,1.000000,1.000000,0,0,1,0
491,11,121,369,1.000000,1.000000,1.000000,1.000000,0,0,0,0
492,29,122,369,1.000000,1.000000,1.000000,1.000000,0,0,0,0
493,27,122,370,1.000000,1.000000,1.000000,1.000000,0,0,0,0
494,25,122,371,1.000000,1.000000,1.000000,1.000000,0,0,0,0
495,23,122,372,1.000000,1.000000,1.000000,1.000000,0,0,0,0
496,21,122,373,1.000000,1.000000,1.000000,1.000000,0,0,0,0
497,19,122,374,1.000000,1.000000,1.000000,1.000000,0,0,0,0
498,17,122,375,1.000000,1.000000,1.000000,1.000000,0,0,0,0
499,15,122,376,1.000000,1.000000,1.000000,1.000000,0,0,0,0
500,13,122,377,1.000000,1.000000,1.000000,1.000000,0,0,0,0
501,11,122,378,1.000000,1.000000,1.000000,1.000000,0,0,0,0
502,9,122,379,1.000000,1.000000,1.000000,1.000000,0,0,0,0
503,7,122,380,1.000000,1.000000,1.000000,1.000000,0,0,0,0
504,5,122,381,1.000000,1.000000,1.000000,1.000000,0,0,0,0
505,3,122,382,1.000000,1.000000,1.000000,1.000000,0,1,0,0
506,1,122,383,1.000000,1.000000,1.000000,1.000000,0,0,0,0
507,29,123,383,1.000000,1.000000,1.000000,1.000000,0,0,0,0
508,27,123,384,1.000000,1.000000,1.000000,1.000000,0,0,0,0
509,25,123,385,1.000000,1.000000,1.000000,1.000000,1,0,0,0
510,23,123,386,1.000000,1.000000,1.000000,1.000000,0,0,0,0
511,29,124,386,1.000000,1.000000,1.000000,1.000000,0,0,0,0
512,27,124,387,1.000000,1.000000,1.000000,1.000000,0,0,0,0
513,25,124,388,1.000000,1.000000,1.000000,1.000000,0,0,1,0
514,23,124,389,1.000000,1.000000,1.000000,1.000000,0,0,0,0
515,29,125,389,1.000000,1.000000,1.000000,1.000000,0,0,0,0
516,27,125,390,1.000000,1.000000,1.000000,1.000000,0,0,0,0
517,25,125,391,1.000000,1.000000,1.000000,1.000000,0,0,0,0
518,23,125,392,1.000000,1.000000,1.000000,1.000000,0,0,0,0
519,21,125,393,1.000000,1.000000,1.000000,1.000000,0,0,0,0
520,19,125,394,1.000000,1.000000,1.000000,1.000000,0,0,0,0
521,17,125,395,1.000000,1.000000,1.000000,1.000000,0,0,0,0
522,15,125,396,1.000000,1.000000,1.000000,1.000000,0,0,0,0
523,13,125,397,1.000000,1.000000,1.000000,1.000000,0,1,1,0
524,11,125,398,1.000000,1.000000,1.000000,1.000000,0,0,0,0
525,29,126,398,1.000000,1.000000,1.000000,1.000000,0,0,0,0
526,27,126,399,1.000000,1.000000,1.000000,1.000000,0,1,0,1
527,25,126,400,1.000000,1.000000,1.000000,1.000000,0,0,0,0
528,29,127,400,1.000000,1.000000,1.000000,1.000000,0,0,0,0
529,27,127,401,1.000000,1.000000,1.000000,1.000000,0,0,0,1
530,25,127,402,1.000000,1.000000,1.000000,1.000000,0,0,0,0
531,29,128,402,1.000000,1.000000,1.000000,1.000000,0,0,0,0
532,27,128,403,1.000000,1.000000,1.000000,1.000000,0,0,0,0
533,25,128,404,1.000000,1.000000,1.000000,1.000000,0,0,0,0
534,23,128,405,1.000000,1.000000,1.000000,1.000000,0,1,1,0
535,21,128,406,1.000000,1.000000,1.000000,1.000000,0,1,0,0
536,19,128,407,1.000000,1.000000,1.000000,1.000000,1,0,0,1
537,29,129,407,1.000000,1.000000,1.000000,1.000000,1,0,0,1
538,27,129,408,1.000000,1.000000,1.000000,1.000000,0,0,0,0
539,29,130,408,1.000000,1.000000,1.000000,1.000000,0,0,0,0
540,27,130,409,1.000000,1.000000,1.000000,1.000000,0,0,1,1
541,25,130,410,1.000000,1.000000,1.000000,1.000000,0,0,0,0
542,29,131,410,1.000000,1.000000,1.000000,1.000000,0,0,0,0
543,27,131,411,1.000000,1.000000,1.000000,1.000000,0,0,0,1
544,25,131,412,1.000000,1.000000,1.000000,1.000000,0,0,0,1
545,29,132,412,1.000000,1.000000,1.000000,1.000000,0,0,0,1
546,27,132,413,1.000000,1.000000,1.000000,1.000000,1,0,1,1
547,25,132,414,1.000000,1.000000,1.000000,1.000000,1,0,1,0
548,23,132,415,1.000000,1.000000,1.000000,1.000000,1,0,1,1
549,29,133,415,1.000000,1.000000,1.000000,1.000000,1,0,1,1
550,27,133,416,1.000000,1.000000,1.000000,1.000000,1,0,0,0
551,29,134,416,1.000000,1.000000,1.000000,1.000000,1,0,0,0
552,27,134,417,1.000000,1.000000,1.000000,1.000000,0,0,0,0
553,29,135,417,1.000000,1.000000,1.000000,1.000000,0,0,0,0
554,27,135,418,1.000000,1.000000,1.000000,1.000000,0,0,0,0
555,25,135,419,1.000000,1.000000,1.000000,1.000000,0,0,1,1
556,23,135,420,1.000000,1.000000,1.000000,1.000000,0,0,0,0
557,29,136,420,1.000000,1.000000,1.000000,1.000000,0,0,0,0
558,27,136,421,1.000000,1.000000,1.000000,1.000000,0,1,1,0
559,25,136,422,1.000000,1.000000,1.000000,1.000000,0,0,0,0
560,29,137,422,1.000000,1.000000,1.000000,1.000000,0,0,0,0
561,27,137,423,1.000000,1.000000,1.000000,1.000000,0,1,1,1
562,25,137,424,1.000000,1.000000,1.000000,1.000000,0,0,1,0
563,23,137,425,1.000000,1.000000,1.000000,1.000000,1,0,0,1
564,29,138,425,1.000000,1.000000,1.000000,1.000000,1,0,0,1
565,27,138,426,1.000000,1.000000,1.000000,1.000000,0,0,0,0
566,29,139,426,1.000000,1.000000,1.000000,1.000000,0,0,0,0
567,27,139,427,1.000000,1.000000,1.000000,1.000000,0,0,0,0
568,25,139,428,1.000000,1.000000,1.000000,1.000000,0,0,0,0
569,23,139,429,1.000000,1.000000,1.000000,1.000000,0,1,0,1
570,21,139,430,1.000000,1.000000,1.000000,1.000000,0,0,0,0
571,29,140,430,1.000000,1.000000,1.000000,1.000000,0,0,0,0
572,27,140,431,1.000000,1.000000,1.000000,1.000000,0,0,0,1
573,25,140,432,1.000000,1.000000,1.000000,1.000000,0,0,0,0
574,23,140,433,1.000000,1.000000,1.000000,1.000000,0,0,0,0
575,21,140,434,1.000000,1.000000,1.000000,1.000000,0,0,0,0
576,19,140,435,1.000000,1.000000,1.000000,1.000000,0,0,0,0
577,17,140,436,1.000000,1.000000,1.000000,1.000000,0,1,0,0
578,15,140,437,1.000000,1.000000,1.000000,1.000000,0,0,0,0
579,29,141,437,1.000000,1.000000,1.000000,1.000000,0,0,0,0
580,27,141,438,1.000000,1.000000,1.000000,1.000000,1,0,0,0
581,25,141,439,1.000000,1.000000,1.000000,1.000000,0,1,0,0
582,29,142,439,1.000000,1.000000,1.000000,1.000000,0,1,0,0
583,27,142,440,1.000000,1.000000,1.000000,1.000000,1,1,0,0
584,29,143,440,1.000000,1.000000,1.000000,1.000000,1,1,0,0
585,27,143,441,1.000000,1.000000,1.000000,1.000000,0,0,0,0
586,29,144,441,1.000000,1.000000,1.000000,1.000000,0,0,0,0
587,27,144,442,1.000000,1.000000,1.000000,1.000000,1,0,0,1
588,25,144,443,1.000000,1.000000,1.000000,1.000000,0,0,0,0
589,29,145,443,1.000000,1.000000,1.000000,1.000000,0,0,0,0
590,27,145,444,1.000000,1.000000,1.000000,1.000000,0,0,0,0
591,25,145,445,1.000000,1.000000,1.000000,1.000000,0,0,0,0
592,23,145,446,1.000000,1.000000,1.000000,1.000000,1,0,0,0
593,21,145,447,1.000000,1.000000,1.000000,1.000000,1,0,0,1
594,29,146,447,1.000000,1.000000,1.000000,1.000000,1,0,0,1
595,27,146,448,1.000000,1.000000,1.000000,1.000000,0,0,0,0
596,29,147,448,1.000000,1.000000,1.000000,1.000000,0,0,0,0
597,27,147,449,1.000000,1.000000,1.000000,1.000000,0,0,1,1
598,25,147,450,1.000000,1.000000,1.000000,1.000000,0,0,0,0
599,29,148,450,1.000000,1.000000,1.000000,1.000000,0,0,0,0
600,27,148,451,1.000000,1.000000,1.000000,1.000000,1,0,1,1
601,25,148,452,1.000000,1.000000,1.000000,1.000000,0,0,0,1
602,29,149,452,1.000000,1.000000,1.000000,1.000000,0,0,0,1
603,27,149,453,1.000000,1.000000,1.000000,1.000000,0,0,1,1
604,25,149,454,1.000000,1.000000,1.000000,1.000000,1,0,0,0
605,23,149,455,1.000000,1.000000,1.000000,1.000000,1,0,1,1
606,21,149,456,1.000000,1.000000,1.000000,1.000000,1,0,0,0
607,29,150,456,1.000000,1.000000,1.000000,1.000000,1,0,0,0
608,27,150,457,1.000000,1.000000,1.000000,1.000000,1,0,0,1
609,29,151,457,1.000000,1.000000,1.000000,1.000000,1,0,0,1
610,27,151,458,1.000000,1.000000,1.000000,1.000000,1,0,0,0
611,29,152,458,1.000000,1.000000,1.000000,1.000000,1,0,0,0
612,27,152,459,1.000000,1.000000,1.000000,1.000000,0,0,0,0
613,29,153,459,1.000000,1.000000,1.000000,1.000000,0,0,0,0
614,27,153,460,1.000000,1.000000,1.000000,1.000000,0,0,0,1
615,25,153,461,1.000000,1.000000,1.000000,1.000000,0,0,0,0
616,29,154,461,1.000000,1.000000,1.000000,1.000000,0,0,0,0
617,27,154,462,1.000000,1.000000,1.000000,1.000000,0,0,1,0
618,25,154,463,1.000000,1.000000,1.000000,1.000000,0,0,0,0
619,29,155,463,1.000000,1.000000,1.000000,1.000000,0,0,0,0
620,27,155,464,1.000000,1.000000,1.000000,1.000000,0,0,0,0
621,25,155,465,1.000000,1.000000,1.000000,1.000000,0,0,0,0
622,23,155,466,1.000000,1.000000,1.000000,1.000000,0,0,0,0
623,21,155,467,1.000000,1.000000,1.000000,1.000000,0,0,0,0
624,19,155,468,1.000000,1.000000,1.000000,1.000000,0,0,0,0
625,17,155,469,1.000000,1.000000,1.000000,1.000000,0,0,0,0
626,15,155,470,1.000000,1.000000,1.000000,1.000000,0,0,0,0
627,13,155,471,1.000000,1.000000,1.000000,1.000000,0,0,0,0
628,11,155,472,1.000000,1.000000,1.000000,1.000000,0,0,0,0
629,9,155,473,1.000000,1.000000,1.000000,1.000000,0,0,0,0
630,7,155,474,1.000000,1.000000,1.000000,1.000000,0,0,0,0
631,5,155,475,1.000000,1.000000,1.000000,1.000000,0,0,0,0
632,3,155,476,1.000000,1.000000,1.000000,1.000000,0,1,0,0
633,1,155,477,1.000000,1.000000,1.000000,1.000000,0,0,0,0
634,29,156,477,1.000000,1.000000,1.000000,1.000000,0,0,0,0
635,27,156,478,1.000000,1.000000,1.000000,1.000000,0,0,0,0
636,25,156,479,1.000000,1.000000,1.000000,1.000000,0,0,0,0
637,23,156,480,1.000000,1.000000,1.000000,1.000000,0,0,0,0
638,21,156,481,1.000000,1.000000,1.000000,1.000000,0,0,0,0
639,19,156,482,1.000000,1.000000,1.000000,1.000000,0,0,0,0
640,17,156,483,1.000000,1.000000,1.000000,1.000000,0,0,0,0
641,15,156,484,1.000000,1.000000,1.000000,1.000000,0,0,0,0
642,13,156,485,1.000000,1.000000,1.000000,1.000000,0,0,1,0
643,11,156,486,1.000000,1.000000,1.000000,1.000000,0,0,0,0
644,29,157,486,1.000000,1.000000,1.000000,1.000000,0,0,0,0
645,27,157,487,1.000000,1.000000,1.000000,1.000000,0,0,0,0
646,25,157,488,1.000000,1.000000,1.000000,1.000000,0,0,0,0
647,23,157,489,1.000000,1.000000,1.000000,1.000000,0,0,1,1
648,21,157,490,1.000000,1.000000,1.000000,1.000000,1,0,1,0
649,29,158,490,1.000000,1.000000,1.000000,1.000000,1,0,1,0
650,27,158,491,1.000000,1.000000,1.000000,1.000000,0,0,0,0
651,29,159,491,1.000000,1.000000,1.000000,1.000000,0,0,0,0
652,27,159,492,1.000000,1.000000,1.000000,1.000000,1,0,0,1
653,25,159,493,1.000000,1.000000,1.000000,1.000000,0,0,0,0
654,29,160,493,1.000000,1.000000,1.000000,1.000000,0,0,0,0
655,27,160,494,1.000000,1.000000,1.000000,1.000000,0,1,0,0
656,25,160,495,1.000000,1.000000,1.000000,1.000000,0,0,0,0
657,23,160,496,1.000000,1.000000,1.000000,1.000000,0,1,0,0
658,21,160,497,1.000000,1.000000,1.000000,1.000000,0,0,0,0
659,29,161,497,1.000000,1.000000,1.000000,1.000000,0,0,0,0
660,27,161,498,1.000000,1.000000,1.000000,1.000000,0,0,0,0
661,25,161,499,1.000000,1.000000,1.000000,1.000000,0,0,0,0
662,23,161,500,1.000000,1.000000,1.000000,1.000000,0,0,0,1
663,21,161,501,1.000000,1.000000,1.000000,1.000000,0,0,0,1
664,29,162,501,1.000000,1.000000,1.000000,1.000000,0,0,0,1
665,27,162,502,1.000000,1.000000,1.000000,1.000000,1,0,0,0
666,29,163,502,1.000000,1.000000,1.000000,1.000000,1,0,0,0
667,27,163,503,1.000000,1.000000,1.000000,1.000000,0,0,0,0
668,29,164,503,1.000000,1.000000,1.000000,1.000000,0,0,0,0
669,27,164,504,1.000000,1.000000,1.000000,1.000000,0,0,0,1
670,25,164,505,1.000000,1.000000,1.000000,1.000000,0,0,1,0
671,29,165,505,1.000000,1.000000,1.000000,1.000000,0,0,1,0
672,27,165,506,1.000000,1.000000,1.000000,1.000000,0,0,0,0
673,29,166,506,1.000000,1.000000,1.000000,1.000000,0,0,0,0
674,27,166,507,1.000000,1.000000,1.000000,1.000000,0,0,0,0
675,25,166,508,1.000000,1.000000,1.000000,1.000000,0,0,0,0
676,23,166,509,1.000000,1.000000,1.000000,1.000000,0,0,0,1
677,21,166,510,1.000000,1.000000,1.000000,1.000000,0,0,1,0
678,29,167,510,1.000000,1.000000,1.000000,1.000000,0,0,1,0
679,27,167,511,1.000000,1.000000,1.000000,1.000000,0,0,1,0
680,29,168,511,1.000000,1.000000,1.000000,1.000000,0,0,1,0
681,27,168,512,1.000000,1.000000,1.000000,1.000000,0,1,1,1
682,29,169,512,1.000000,1.000000,1.000000,1.000000,0,1,1,1
683,27,169,513,1.000000,1.000000,1.000000,1.000000,0,0,1,0
684,29,170,513,1.000000,1.000000,1.000000,1.000000,0,0,1,0
685,27,170,514,1.000000,1.000000,1.000000,1.000000,0,1,1,0
686,29,171,514,1.000000,1.000000,1.000000,1.000000,0,1,1,0
687,27,171,515,1.000000,1.000000,1.000000,1.000000,0,0,1,0
688,29,172,515,1.000000,1.000000,1.000000,1.000000,0,0,1,0
689,27,172,516,1.000000,1.000000,1.000000,1.000000,0,0,0,1
690,25,172,517,1.000000,1.000000,1.000000,1.000000,0,1,0,0
691,29,173,517,1.000000,1.000000,1.000000,1.000000,0,1,0,0
692,27,173,518,1.000000,1.000000,1.000000,1.000000,0,0,0,0
693,29,174,518,1.000000,1.000000,1.000000,1.000000,0,0,0,0
694,27,174,519,1.000000,1.000000,1.000000,1.000000,0,0,0,0
695,25,174,520,1.000000,1.000000,1.000000,1.000000,0,0,0,0
696,23,174,521,1.000000,1.000000,1.000000,1.000000,0,0,0,0
697,21,174,522,1.000000,1.000000,1.000000,1.000000,0,0,1,0
698,19,174,523,1.000000,1.000000,1.000000,1.000000,0,0,0,0
699,29,175,523,1.000000,1.000000,1.000000,1.000000,0,0,0,0
700,27,175,524,1.000000,1.000000,1.000000,1.000000,0,0,0,0
701,25,175,525,1.000000,1.000000,1.000000,1.000000,0,0,0,0
702,23,175,526,1.000000,1.000000,1.000000,1.000000,1,0,0,1
703,21,175,527,1.000000,1.000000,1.000000,1.000000,0,0,0,1
704,29,176,527,1.000000,1.000000,1.000000,1.000000,0,0,0,1
705,27,176,528,1.000000,1.000000,1.000000,1.000000,1,0,1,1
706,29,177,528,1.000000,1.000000,1.000000,1.000000,1,0,1,1
707,27,177,529,1.000000,1.000000,1.000000,1.000000,1,0,0,0
708,29,178,529,1.000000,1.000000,1.000000,1.000000,1,0,0,0
709,27,178,530,1.000000,1.000000,1.000000,1.000000,0,0,0,0
710,29,179,530,1.000000,1.000000,1.000000,1.000000,0,0,0,0
711,27,179,531,1.000000,1.000000,1.000000,1.000000,0,1,0,0
712,25,179,532,1.000000,1.000000,1.000000,1.000000,1,0,0,0
713,29,180,532,1.000000,1.000000,1.000000,1.000000,1,0,0,0
714,27,180,533,1.000000,1.000000,1.000000,1.000000,0,0,0,0
715,29,181,533,1.000000,1.000000,1.000000,1.000000,0,0,0,0
716,27,181,534,1.000000,1.000000,1.000000,1.000000,0,1,0,0
717,25,181,535,1.000000,1.000000,1.000000,1.000000,0,0,1,0
718,23,181,536,1.000000,1.000000,1.000000,1.000000,1,1,0,0
719,29,182,536,1.000000,1.000000,1.000000,1.000000,1,1,0,0
720,27,182,537,1.000000,1.000000,1.000000,1.000000,0,0,0,0
721,29,183,537,1.000000,1.000000,1.000000,1.000000,0,0,0,0
722,27,183,538,1.000000,1.000000,1.000000,1.000000,0,0,0,0
723,25,183,539,1.000000,1.000000,1.000000,1.000000,0,0,0,0
724,23,183,540,1.000000,1.000000,1.000000,1.000000,0,0,0,0
725,21,183,541,1.000000,1.000000,1.000000,1.000000,0,0,0,0
726,19,183,542,1.000000,1.000000,1.000000,1.000000,0,0,0,0
727,17,183,543,1.000000,1.000000,1.000000,1.000000,0,0,1,0
728,15,183,544,1.000000,1.000000,1.000000,1.000000,0,0,0,0
729,29,184,544,1.000000,1.000000,1.000000,1.000000,1,0,0,0
730,27,184,545,1.000000,1.000000,1.000000,1.000000,0,0,0,0
731,29,185,545,1.000000,1.000000,1.000000,1.000000,0,0,0,0
732,27,185,546,1.000000,1.000000,1.000000,1.000000,0,0,0,0
733,25,185,547,1.000000,1.000000,1.000000,1.000000,0,0,0,0
734,23,185,548,1.000000,1.000000,1.000000,1.000000,0,0,1,1
735,21,185,549,1.000000,1.000000,1.000000,1.000000,1,0,1,0
736,29,186,549,1.000000,1.000000,1.000000,1.000000,1,0,1,0
737,27,186,550,1.000000,1.000000,1.000000,1.000000,0,1,1,1
738,29,187,550,1.000000,1.000000,1.000000,1.000000,0,1,1,1
739,27,187,551,1.000000,1.000000,1.000000,1.000000,0,0,1,1
740,29,188,551,1.000000,1.000000,1.000000,1.000000,0,0,1,1
741,27,188,552,1.000000,1.000000,1.000000,1.000000,0,0,0,1
742,29,189,552,1.000000,1.000000,1.000000,1.000000,0,0,0,1
743,27,189,553,1.000000,1.000000,1.000000,1.000000,1,0,0,0
744,29,190,553,1.000000,1.000000,1.000000,1.000000,1,0,0,0
745,27,190,554,1.000000,1.000000,1.000000,1.000000,1,0,0,0
746,25,190,555,1.000000,1.000000,1.000000,1.000000,0,0,1,0
747,29,191,555,1.000000,1.000000,1.000000,1.000000,0,0,1,0
748,27,191,556,1.000000,1.000000,1.000000,1.000000,0,0,0,0
749,29,192,556,1.000000,1.000000,1.000000,1.000000,0,0,0,0
750,27,192,557,1.000000,1.000000,1.000000,1.000000,0,0,0,0
751,25,192,558,1.000000,1.000000,1.000000,1.000000,0,0,0,0
752,23,192,559,1.000000,1.000000,1.000000,1.000000,0,0,0,0
753,21,192,560,1.000000,1.000000,1.000000,1.000000,0,0,0,0
754,19,192,561,1.000000,1.000000,1.000000,1.000000,0,0,0,0
755,17,192,562,1.000000,1.000000,1.000000,1.000000,0,0,0,0
756,15,192,563,1.000000,1.000000,1.000000,1.000000,1,0,0,0
757,13,192,564,1.000000,1.000000,1.000000,1.000000,0,0,0,0
758,29,193,564,1.000000,1.000000,1.000000,1.000000,0,0,0,0
759,27,193,565,1.000000,1.000000,1.000000,1.000000,0,0,0,0
760,25,193,566,1.000000,1.000000,1.000000,1.000000,0,0,0,0
761,23,193,567,1.000000,1.000000,1.000000,1.000000,1,1,0,0
762,21,193,568,1.000000,1.000000,1.000000,1.000000,1,0,0,0
763,29,194,568,1.000000,1.000000,1.000000,1.000000,1,0,0,0
764,27,194,569,1.000000,1.000000,1.000000,1.000000,0,1,0,1
765,29,195,569,1.000000,1.000000,1.000000,1.000000,0,1,0,1
766,27,195,570,1.000000,1.000000,1.000000,1.000000,0,0,0,1
767,25,195,571,1.000000,1.000000,1.000000,1.000000,0,1,0,1
768,29,196,571,1.000000,1.000000,1.000000,1.000000,0,1,0,1
769,27,196,572,1.000000,1.000000,1.000000,1.000000,1,0,0,1
770,29,197,572,1.000000,1.000000,1.000000,1.000000,1,0,0,1
771,27,197,573,1.000000,1.000000,1.000000,1.000000,1,0,0,0
772,29,198,573,1.000000,1.000000,1.000000,1.000000,1,0,0,0
773,27,198,574,1.000000,1.000000,1.000000,1.000000,0,0,0,0
774,29,199,574,1.000000,1.000000,1.000000,1.000000,0,0,0,0
775,27,199,575,1.000000,1.000000,1.000000,1.000000,0,0,0,1
776,25,199,576,1.000000,1.000000,1.000000,1.000000,1,0,0,0
777,29,200,576,1.000000,1.000000,1.000000,1.000000,1,0,0,0
778,27,200,577,1.000000,1.000000,1.000000,1.000000,0,0,0,0
779,29,201,577,1.000000,1.000000,1.000000,1.000000,0,0,0,0
780,27,201,578,1.000000,1.000000,1.000000,1.000000,0,0,0,0
781,25,201,579,1.000000,1.000000,1.000000,1.000000,0,0,0,0
782,23,201,580,1.000000,1.000000,1.000000,1.000000,0,1,0,1
783,21,201,581,1.000000,1.000000,1.000000,1.000000,0,0,0,0
784,29,202,581,1.000000,1.000000,1.000000,1.000000,0,0,0,0
785,27,202,582,1.000000,1.000000,1.000000,1.000000,0,0,0,1
786,25,202,583,1.000000,1.000000,1.000000,1.000000,0,0,0,0
787,29,203,583,1.000000,1.000000,1.000000,1.000000,0,0,0,0
788,27,203,584,1.000000,1.000000,1.000000,1.000000,0,0,0,0
789,25,203,585,1.000000,1.000000,1.000000,1.000000,0,0,0,0
790,23,203,586,1.000000,1.000000,1.000000,1.000000,0,0,0,0
791,21,203,587,1.000000,1.000000,1.000000,1.000000,0,0,0,0
792,19,203,588,1.000000,1.000000,1.000000,1.000000,0,0,1,1
793,17,203,589,1.000000,1.000000,1.000000,1.000000,1,0,0,0
794,29,204,589,1.000000,1.000000,1.000000,1.000000,1,0,0,0
795,27,204,590,1.000000,1.000000,1.000000,1.000000,0,0,0,0
796,29,205,590,1.000000,1.000000,1.000000,1.000000,0,0,0,0
797,27,205,591,1.000000,1.000000,1.000000,1.000000,0,0,0,0
798,25,205,592,1.000000,1.000000,1.000000,1.000000,0,0,1,0
799,23,205,593,1.000000,1.000000,1.000000,1.000000,0,0,0,0
800,29,206,593,1.000000,1.000000,1.000000,1.000000,0,0,0,0
801,27,206,594,1.000000,1.000000,1.000000,1.000000,0,0,1,0
802,25,206,595,1.000000,1.000000,1.000000,1.000000,0,0,1,0
803,23,206,596,1.000000,1.000000,1.000000,1.000000,1,0,1,0
804,29,207,596,1.000000,1.000000,1.000000,1.000000,1,0,1,0
805,27,207,597,1.000000,1.000000,1.000000,1.000000,0,0,0,0
806,29,208,597,1.000000,1.000000,1.000000,1.000000,0,0,0,0
807,27,208,598,1.000000,1.000000,1.000000,1.000000,1,0,0,0
808,25,208,599,1.000000,1.000000,1.000000,1.000000,0,1,0,0
809,23,208,600,1.000000,1.000000,1.000000,1.000000,1,0,0,0
810,21,208,601,1.000000,1.000000,1.000000,1.000000,0,0,0,0
811,29,209,601,1.000000,1.000000,1.000000,1.000000,0,0,0,0
812,27,209,602,1.000000,1.000000,1.000000,1.000000,0,0,0,0
813,25,209,603,1.000000,1.000000,1.000000,1.000000,0,0,0,0
814,23,209,604,1.000000,1.000000,1.000000,1.000000,0,0,1,1
815,21,209,605,1.000000,1.000000,1.000000,1.000000,0,0,0,0
816,29,210,605,1.000000,1.000000,1.000000,1.000000,0,0,0,0
817,27,210,606,1.000000,1.000000,1.000000,1.000000,1,0,0,0
818,25,210,607,1.000000,1.000000,1.000000,1.000000,1,0,0,0
819,29,211,607,1.000000,1.000000,1.000000,1.000000,1,0,0,0
820,27,211,608,1.000000,1.000000,1.000000,1.000000,0,0,0,0
821,29,212,608,1.000000,1.000000,1.000000,1.000000,0,0,0,0
822,27,212,609,1.000000,1.000000,1.000000,1.000000,0,0,0,1
823,25,212,610,1.000000,1.000000,1.000000,1.000000,0,0,0,0
824,29,213,610,1.000000,1.000000,1.000000,1.000000,0,0,0,0
825,27,213,611,1.000000,1.000000,1.000000,1.000000,0,0,0,0
826,25,213,612,1.000000,1.000000,1.000000,1.000000,0,0,1,0
827,23,213,613,1.000000,1.000000,1.000000,1.000000,0,0,0,0
828,29,214,613,1.000000,1.000000,1.000000,1.000000,0,0,0,0
829,27,214,614,1.000000,1.000000,1.000000,1.000000,0,0,0,1
830,25,214,615,1.000000,1.000000,1.000000,1.000000,0,0,0,0
831,29,215,615,1.000000,1.000000,1.000000,1.000000,0,0,0,0
832,27,215,616,1.000000,1.000000,1.000000,1.000000,0,0,0,0
833,25,215,617,1.000000,1.000000,1.000000,1.000000,0,0,0,0
834,23,215,618,1.000000,1.000000,1.000000,1.000000,0,0,0,0
835,21,215,619,1.000000,1.000000,1.000000,1.000000,0,0,1,0
836,19,215,620,1.000000,1.000000,1.000000,1.000000,0,0,0,0
837,29,216,620,1.000000,1.000000,1.000000,1.000000,0,0,0,0
838,27,216,621,1.000000,1.000000,1.000000,1.000000,0,0,0,0
839,25,216,622,1.000000,1.000000,1.000000,1.000000,1,1,0,0
840,23,216,623,1.000000,1.000000,1.000000,1.000000,0,0,1,0
841,29,217,623,1.000000,1.000000,1.000000,1.000000,0,0,1,0
842,27,217,624,1.000000,1.000000,1.000000,1.000000,0,0,1,0
843,29,218,624,1.000000,1.000000,1.000000,1.000000,0,0,1,0
844,27,218,625,1.000000,1.000000,1.000000,1.000000,0,0,0,0
845,29,219,625,1.000000,1.000000,1.000000,1.000000,0,0,0,0
846,27,219,626,1.000000,1.000000,1.000000,1.000000,0,0,0,0
847,25,219,627,1.000000,1.000000,1.000000,1.000000,0,0,0,0
848,23,219,628,1.000000,1.000000,1.000000,1.000000,1,0,0,0
849,21,219,629,1.000000,1.000000,1.000000,1.000000,0,0,0,0
850,19,219,630,1.000000,1.000000,1.000000,1.000000,1,0,0,0
851,17,219,631,1.000000,1.000000,1.000000,1.000000,0,0,0,0
852,29,220,631,1.000000,1.000000,1.000000,1.000000,0,0,0,0
853,27,220,632,1.000000,1.000000,1.000000,1.000000,0,0,0,1
854,25,220,633,1.000000,1.000000,1.000000,1.000000,1,0,0,0
855,29,221,633,1.000000,1.000000,1.000000,1.000000,1,0,0,0
856,27,221,634,1.000000,1.000000,1.000000,1.000000,0,0,0,0
857,29,222,634,1.000000,1.000000,1.000000,1.000000,0,0,0,0
858,27,222,635,1.000000,1.000000,1.000000,1.000000,0,0,0,1
859,25,222,636,1.000000,1.000000,1.000000,1.000000,0,0,0,0
860,29,223,636,1.000000,1.000000,1.000000,1.000000,0,0,0,0
861,27,223,637,1.000000,1.000000,1.000000,1.000000,0,0,0,0
862,25,223,638,1.000000,1.000000,1.000000,1.000000,0,0,0,0
863,23,223,639,1.000000,1.000000,1.000000,1.000000,0,0,0,0
864,21,223,640,1.000000,1.000000,1.000000,1.000000,0,0,0,0
865,19,223,641,1.000000,1.000000,1.000000,1.000000,0,0,0,0
866,17,223,642,1.000000,1.000000,1.000000,1.000000,0,0,0,0
867,15,223,643,1.000000,1.000000,1.000000,1.000000,0,0,0,0
868,13,223,644,1.000000,1.000000,1.000000,1.000000,0,0,0,0
869,11,223,645,1.000000,1.000000,1.000000,1.000000,0,0,0,0
870,9,223,646,1.000000,1.000000,1.000000,1.000000,0,0,0,0
871,7,223,647,1.000000,1.000000,1.000000,1.000000,0,0,0,1
872,5,223,648,1.000000,1.000000,1.000000,1.000000,0,0,0,0
873,29,224,648,1.000000,1.000000,1.000000,1.000000,0,0,0,0
874,27,224,649,1.000000,1.000000,1.000000,1.000000,0,0,0,0
875,25,224,650,1.000000,1.000000,1.000000,1.000000,0,0,0,0
876,23,224,651,1.000000,1.000000,1.000000,1.000000,0,0,0,0
877,21,224,652,1.000000,1.000000,1.000000,1.000000,0,0,0,0
878,19,224,653,1.000000,1.000000,1.000000,1.000000,1,0,0,0
879,17,224,654,1.000000,1.000000,1.000000,1.000000,1,0,0,1
880,29,225,654,1.000000,1.000000,1.000000,1.000000,1,0,0,1
881,27,225,655,1.000000,1.000000,1.000000,1.000000,1,0,0,0
882,29,226,655,1.000000,1.000000,1.000000,1.000000,1,0,0,0
883,27,226,656,1.000000,1.000000,1.000000,1.000000,0,0,0,0
884,29,227,656,1.000000,1.000000,1.000000,1.000000,0,0,0,0
885,27,227,657,1.000000,1.000000,1.000000,1.000000,0,0,0,0
886,25,227,658,1.000000,1.000000,1.000000,1.000000,0,0,0,1
887,23,227,659,1.000000,1.000000,1.000000,1.000000,0,0,0,0
888,29,228,659,1.000000,1.000000,1.000000,1.000000,0,0,0,0
889,27,228,660,1.000000,1.000000,1.000000,1.000000,0,0,0,0
890,25,228,661,1.000000,1.000000,1.000000,1.000000,0,0,1,1
891,23,228,662,1.000000,1.000000,1.000000,1.000000,0,0,0,0
892,29,229,662,1.000000,1.000000,1.000000,1.000000,0,0,0,0
893,27,229,663,1.000000,1.000000,1.000000,1.000000,0,1,1,0
894,25,229,664,1.000000,1.000000,1.000000,1.000000,0,0,0,0
895,29,230,664,1.000000,1.000000,1.000000,1.000000,0,0,0,0
896,27,230,665,1.000000,1.000000,1.000000,1.000000,0,1,0,0
897,25,230,666,1.000000,1.000000,1.000000,1.000000,0,0,0,0
898,29,231,666,1.000000,1.000000,1.000000,1.000000,0,0,0,0
899,27,231,667,1.000000,1.000000,1.000000,1.000000,0,0,1,0
900,25,231,668,1.000000,1.000000,1.000000,1.000000,0,0,1,0
901,29,232,668,1.000000,1.000000,1.000000,1.000000,0,0,1,0
902,27,232,669,1.000000,1.000000,1.000000,1.000000,0,0,0,0
903,25,232,670,1.000000,1.000000,1.000000,1.000000,1,0,0,0
904,23,232,671,1.000000,1.000000,1.000000,1.000000,0,1,0,0
905,29,233,671,1.000000,1.000000,1.000000,1.000000,0,1,0,0
906,27,233,672,1.000000,1.000000,1.000000,1.000000,0,1,0,0
907,25,233,673,1.000000,1.000000,1.000000,1.000000,1,0,1,0
908,29,234,673,1.000000,1.000000,1.000000,1.000000,1,0,1,0
909,27,234,674,1.000000,1.000000,1.000000,1.000000,0,0,0,0
910,29,235,674,1.000000,1.000000,1.000000,1.000000,0,0,0,0
911,27,235,675,1.000000,1.000000,1.000000,1.000000,0,0,0,0
912,25,235,676,1.000000,1.000000,1.000000,1.000000,0,0,0,0
913,23,235,677,1.000000,1.000000,1.000000,1.000000,0,0,0,0
914,21,235,678,1.000000,1.000000,1.000000,1.000000,0,0,0,0
915,19,235,679,1.000000,1.000000,1.000000,1.000000,0,0,1,0
916,17,235,680,1.000000,1.000000,1.000000,1.000000,0,0,0,0
917,29,236,680,1.000000,1.000000,1.000000,1.000000,0,0,0,0
918,27,236,681,1.000000,1.000000,1.000000,1.000000,0,0,0,0
919,25,236,682,1.000000,1.000000,1.000000,1.000000,0,0,1,0
920,23,236,683,1.000000,1.000000,1.000000,1.000000,0,0,0,0
921,29,237,683,1.000000,1.000000,1.000000,1.000000,0,0,0,0
922,27,237,684,1.000000,1.000000,1.000000,1.000000,0,1,0,0
923,25,237,685,1.000000,1.000000,1.000000,1.000000,1,0,0,0
924,23,237,686,1.000000,1.000000,1.000000,1.000000,0,0,1,0
925,29,238,686,1.000000,1.000000,1.000000,1.000000,0,0,1,0
926,27,238,687,1.000000,1.000000,1.000000,1.000000,0,0,0,0
927,29,239,687,1.000000,1.000000,1.000000,1.000000,0,0,0,0
928,27,239,688,1.000000,1.000000,1.000000,1.000000,0,0,0,0
929,25,239,689,1.000000,1.000000,1.000000,1.000000,0,0,0,0
930,23,239,690,1.000000,1.000000,1.000000,1.000000,0,1,0,0
931,21,239,691,1.000000,1.000000,1.000000,1.000000,0,0,0,0
932,19,239,692,1.000000,1.000000,1.000000,1.000000,0,0,1,1
933,17,239,693,1.000000,1.000000,1.000000,1.000000,0,0,0,0
934,29,240,693,1.000000,1.000000,1.000000,1.000000,0,0,0,0
935,27,240,694,1.000000,1.000000,1.000000,1.000000,0,0,0,0
936,25,240,695,1.000000,1.000000,1.000000,1.000000,0,0,0,0
937,23,240,696,1.000000,1.000000,1.000000,1.000000,0,0,1,0
938,21,240,697,1.000000,1.000000,1.000000,1.000000,0,0,1,0
939,29,241,697,1.000000,1.000000,1.000000,1.000000,0,0,1,0
940,27,241,698,1.000000,1.000000,1.000000,1.000000,0,0,1,0
941,29,242,698,1.000000,1.000000,1.000000,1.000000,0,0,1,0
942,27,242,699,1.000000,1.000000,1.000000,1.000000,0,0,0,0
943,29,243,699,1.000000,1.000000,1.000000,1.000000,0,0,0,0
944,27,243,700,1.000000,1.000000,1.000000,1.000000,0,1,0,0
945,25,243,701,1.000000,1.000000,1.000000,1.000000,0,0,0,0
946,29,244,701,1.000000,1.000000,1.000000,1.000000,0,0,0,0
947,27,244,702,1.000000,1.000000,1.000000,1.000000,0,0,0,0
948,25,244,703,1.000000,1.000000,1.000000,1.000000,0,0,0,0
949,23,244,704,1.000000,1.000000,1.000000,1.000000,0,0,0,0
950,21,244,705,1.000000,1.000000,1.000000,1.000000,0,1,1,0
951,19,244,706,1.000000,1.000000,1.000000,1.000000,0,0,0,0
952,29,245,706,1.000000,1.000000,1.000000,1.000000,0,0,0,0
953,27,245,707,1.000000,1.000000,1.000000,1.000000,1,1,0,0
954,25,245,708,1.000000,1.000000,1.000000,1.000000,0,0,1,0
955,23,245,709,1.000000,1.000000,1.000000,1.000000,1,0,1,0
956,29,246,709,1.000000,1.000000,1.000000,1.000000,1,0,1,0
957,27,246,710,1.000000,1.000000,1.000000,1.000000,0,0,0,0
958,29,247,710,1.000000,1.000000,1.000000,1.000000,0,0,0,0
959,27,247,711,1.000000,1.000000,1.000000,1.000000,0,0,0,1
960,25,247,712,1.000000,1.000000,1.000000,1.000000,0,0,0,0
961,23,247,713,1.000000,1.000000,1.000000,1.000000,1,0,0,0
962,21,247,714,1.000000,1.000000,1.000000,1.000000,0,0,0,0
963,19,247,715,1.000000,1.000000,1.000000,1.000000,0,0,0,0
964,17,247,716,1.000000,1.000000,1.000000,1.000000,0,0,0,0
965,15,247,717,1.000000,1.000000,1.000000,1.000000,0,1,0,0
966,13,247,718,1.000000,1.000000,1.000000,1.000000,0,0,0,0
967,29,248,718,1.000000,1.000000,1.000000,1.000000,0,0,0,0
968,27,248,719,1.000000,1.000000,1.000000,1.000000,0,0,0,0
969,25,248,720,1.000000,1.000000,1.000000,1.000000,0,1,0,0
970,23,248,721,1.000000,1.000000,1.000000,1.000000,0,1,1,0
971,29,249,721,1.000000,1.000000,1.000000,1.000000,0,1,1,0
972,27,249,722,1.000000,1.000000,1.000000,1.000000,1,1,1,0
973,29,250,722,1.000000,1.000000,1.000000,1.000000,1,1,1,0
974,27,250,723,1.000000,1.000000,1.000000,1.000000,1,0,0,0
975,25,250,724,1.000000,1.000000,1.000000,1.000000,0,0,1,0
976,29,251,724,1.000000,1.000000,1.000000,1.000000,0,0,1,0
977,27,251,725,1.000000,1.000000,1.000000,1.000000,0,0,0,0
978,29,252,725,1.000000,1.000000,1.000000,1.000000,0,0,0,0
979,27,252,726,1.000000,1.000000,1.000000,1.000000,0,0,1,0
980,25,252,727,1.000000,1.000000,1.000000,1.000000,0,0,0,0
981,29,253,727,1.000000,1.000000,1.000000,1.000000,0,0,0,0
982,27,253,728,1.000000,1.000000,1.000000,1.000000,0,1,0,0
983,25,253,729,1.000000,1.000000,1.000000,1.000000,0,0,0,0
984,29,254,729,1.000000,1.000000,1.000000,1.000000,0,0,0,0
985,27,254,730,1.000000,1.000000,1.000000,1.000000,0,0,0,0
986,25,254,731,1.000000,1.000000,1.000000,1.000000,0,0,0,0
987,23,254,732,1.000000,1.000000,1.000000,1.000000,0,0,0,0
988,21,254,733,1.000000,1.000000,1.000000,1.000000,0,0,0,0
989,19,254,734,1.000000,1.000000,1.000000,1.000000,0,0,0,0
990,17,254,735,1.000000,1.000000,1.000000,1.000000,0,0,0,0
991,15,254,736,1.000000,1.000000,1.000000,1.000000,0,0,0,0
992,13,254,737,1.000000,1.000000,1.000000,1.000000,0,0,0,0
993,11,254,738,1.000000,1.000000,1.000000,1.000000,0,0,0,0
994,9,254,739,1.000000,1.000000,1.000000,1.000000,0,1,0,1
995,7,254,740,1.000000,1.000000,1.000000,1.000000,1,1,0,0
996,29,255,740,1.000000,1.000000,1.000000,1.000000,1,1,0,0
997,27,255,741,1.000000,1.000000,1.000000,1.000000,0,0,0,0
998,29,256,741,1.000000,1.000000,1.000000,1.000000,0,0,0,0
999,27,256,742,1.000000,1.000000,1.000000,1.000000,0,0,0,0
1000,25,256,743,1.000000,1.000000,1.000000,1.000000,0,0,0,0
1001,23,256,744,1.000000,1.000000,1.000000,1.000000,0,0,0,0
1002,21,256,745,1.000000,1.000000,1.000000,1.000000,0,1,0,0
1003,19,256,746,1.000000,1.000000,1.000000,1.000000,0,1,0,0
1004,29,257,746,1.000000,1.000000,1.000000,1.000000,0,1,0,0
1005,27,257,747,1.000000,1.000000,1.000000,1.000000,0,0,0,0
1006,25,257,748,1.000000,1.000000,1.000000,1.000000,0,0,0,0
1007,23,257,749,1.000000,1.000000,1.000000,1.000000,0,0,0,0
1008,21,257,750,1.000000,1.000000,1.000000,1.000000,0,0,0,0
1009,19,257,751,1.000000,1.000000,1.000000,1.000000,0,0,0,0
1010,17,257,752,1.000000,1.000000,1.000000,1.000000,0,0,0,0
1011,15,257,753,1.000000,1.000000,1.000000,1.000000,0,0,0,0
1012,13,257,754,1.000000,1.000000,1.000000,1.000000,1,0,0,1
1013,11,257,755,1.000000,1.000000,1.000000,1.000000,0,0,0,1
1014,29,258,755,1.000000,1.000000,1.000000,1.000000,0,0,0,1
1015,27,258,756,1.000000,1.000000,1.000000,1.000000,1,0,0,0
1016,29,259,756,1.000000,1.000000,1.000000,1.000000,1,0,0,0
1017,27,259,757,1.000000,1.000000,1.000000,1.000000,0,0,0,0
1018,29,260,757,1.000000,1.000000,1.000000,1.000000,0,0,0,0
1019,27,260,758,1.000000,1.000000,1.000000,1.000000,0,1,0,0
1020,25,260,759,1.000000,1.000000,1.000000,1.000000,0,0,0,0
1021,29,261,759,1.000000,1.000000,1.000000,1.000000,0,0,0,0
1022,27,261,760,1.000000,1.000000,1.000000,1.000000,0,0,0,0
1023,25,261,761,1.000000,1.000000,1.000000,1.000000,0,1,1,0
1024,23,261,762,1.000000,1.000000,1.000000,1.000000,1,0,1,0
1025,21,261,763,1.000000,1.000000,1.000000,1.000000,1,1,1,1
1026,29,262,763,1.000000,1.000000,1.000000,1.000000,1,1,1,1
1027,27,262,764,1.000000,1.000000,1.000000,1.000000,0,0,0,0
1028,29,263,764,1.000000,1.000000,1.000000,1.000000,0,0,0,0
1029,27,263,765,1.000000,1.000000,1.000000,1.000000,0,1,1,1
1030,25,263,766,1.000000,1.000000,1.000000,1.000000,0,0,1,0
1031,29,264,766,1.000000,1.000000,1.000000,1.000000,0,0,1,0
1032,27,264,767,1.000000,1.000000,1.000000,1.000000,0,0,0,1
1033,29,265,767,1.000000,1.000000,1.000000,1.000000,0,0,0,1
1034,27,265,768,1.000000,1.000000,1.000000,1.000000,0,0,0,0
1035,29,266,768,1.000000,1.000000,1.000000,1.000000,0,0,0,0
1036,27,266,769,1.000000,1.000000,1.000000,1.000000,0,0,0,0
1037,25,266,770,1.000000,1.000000,1.000000,1.000000,0,0,0,0
1038,23,266,771,1.000000,1.000000,1.000000,1.000000,0,0,0,0
1039,21,266,772,1.000000,1.000000,1.000000,1.000000,0,1,0,0
1040,19,266,773,1.000000,1.000000,1.000000,1.000000,0,0,0,0
1041,29,267,773,1.000000,1.000000,1.000000,1.000000,0,0,0,0
1042,27,267,774,1.000000,1.000000,1.000000,1.000000,1,0,0,0
1043,25,267,775,1.000000,1.000000,1.000000,1.000000,0,0,0,0
1044,23,267,776,1.000000,1.000000,1.000000,1.000000,0,0,0,0
1045,21,267,777,1.000000,1.000000,1.000000,1.000000,0,0,0,0
1046,19,267,778,1.000000,1.000000,1.000000,1.000000,0,0,0,0
1047,17,267,779,1.000000,1.000000,1.000000,1.000000,0,0,0,0
1048,15,267,780,1.000000,1.000000,1.000000,1.000000,0,0,0,0
1049,13,267,781,1.000000,1.000000,1.000000,1.000000,0,0,0,0
1050,11,267,782,1.000000,1.000000,1.000000,1.000000,0,0,0,0
1051,9,267,783,1.000000,1.000000,1.000000,1.000000,0,0,1,0
1052,7,267,784,1.000000,1.000000,1.000000,1.000000,0,0,0,0
1053,29,268,784,1.000000,1.000000,1.000000,1.000000,0,0,0,0
1054,27,268,785,1.000000,1.000000,1.000000,1.000000,0,0,0,0
1055,25,268,786,1.000000,1.000000,1.000000,1.000000,0,0,0,0
1056,23,268,787,1.000000,1.000000,1.000000,1.000000,0,0,0,0
1057,21,268,788,1.000000,1.000000,1.000000,1.000000,0,0,0,0
1058,19,268,789,1.000000,1.000000,1.000000,1.000000,0,0,0,0
1059,17,268,790,1.000000,1.000000,1.000000,1.000000,1,0,0,0
1060,15,268,791,1.000000,1.000000,1.000000,1.000000,1,0,0,1
1061,29,269,791,1.000000,1.000000,1.000000,1.000000,1,0,0,1
1062,27,269,792,1.000000,1.000000,1.000000,1.000000,0,0,0,0
1063,29,270,792,1.000000,1.000000,1.000000,1.000000,0,0,0,0
1064,27,270,793,1.000000,1.000000,1.000000,1.000000,0,0,0,1
1065,25,270,794,1.000000,1.000000,1.000000,1.000000,0,0,0,0
1066,29,271,794,1.000000,1.000000,1.000000,1.000000,0,0,0,0
1067,27,271,795,1.000000,1.000000,1.000000,1.000000,1,0,0,1
1068,25,271,796,1.000000,1.000000,1.000000,1.000000,0,0,0,0
1069,29,272,796,1.000000,1.000000,1.000000,1.000000,0,0,0,0
1070,27,272,797,1.000000,1.000000,1.000000,1.000000,1,1,0,0
1071,25,272,798,1.000000,1.000000,1.000000,1.000000,1,0,0,0
1072,29,273,798,1.000000,1.000000,1.000000,1.000000,1,0,0,0
1073,27,273,799,1.000000,1.000000,1.000000,1.000000,1,1,0,1
1074,29,274,799,1.000000,1.000000,1.000000,1.000000,1,1,0,1
1075,27,274,800,1.000000,1.000000,1.000000,1.000000,1,0,0,0
1076,29,275,800,1.000000,1.000000,1.000000,1.000000,1,0,0,0
1077,27,275,801,1.000000,1.000000,1.000000,1.000000,0,0,0,0
1078,29,276,801,1.000000,1.000000,1.000000,1.000000,0,0,0,0
1079,27,276,802,1.000000,1.000000,1.000000,1.000000,0,0,0,0
1080,25,276,803,1.000000,1.000000,1.000000,1.000000,0,0,1,0
1081,23,276,804,1.000000,1.000000,1.000000,1.000000,0,0,0,0
1082,29,277,804,1.000000,1.000000,1.000000,1.000000,0,0,0,0
1083,27,277,805,1.000000,1.000000,1.000000,1.000000,0,1,1,0
1084,25,277,806,1.000000,1.000000,1.000000,1.000000,0,0,0,0
1085,29,278,806,1.000000,1.000000,1.000000,1.000000,0,0,0,0
1086,27,278,807,1.000000,1.000000,1.000000,1.000000,0,0,0,1
1087,25,278,808,1.000000,1.000000,1.000000,1.000000,0,0,1,0
1088,29,279,808,1.000000,1.000000,1.000000,1.000000,0,0,1,0
1089,27,279,809,1.000000,1.000000,1.000000,1.000000,0,0,0,1
1090,29,280,809,1.000000,1.000000,1.000000,1.000000,0,0,0,1
1091,27,280,810,1.000000,1.000000,1.000000,1.000000,0,0,0,0
1092,29,281,810,1.000000,1.000000,1.000000,1.000000,0,0,0,0
1093,27,281,811,1.000000,1.000000,1.000000,1.000000,0,0,0,0
1094,25,281,812,1.000000,1.000000,1.000000,1.000000,0,0,0,0
1095,23,281,813,1.000000,1.000000,1.000000,1.000000,0,0,0,1
1096,21,281,814,1.000000,1.000000,1.000000,1.000000,0,0,0,0
1097,19,281,815,1.000000,1.000000,1.000000,1.000000,0,0,0,0
1098,17,281,816,1.000000,1.000000,1.000000,1.000000,0,0,0,0
1099,15,281,817,1.000000,1.000000,1.000000,1.000000,1,0,0,0
1100,13,281,818,1.000000,1.000000,1.000000,1.000000,0,0,0,0
1101,29,282,818,1.000000,1.000000,1.000000,1.000000,0,0,0,0
1102,27,282,819,1.000000,1.000000,1.000000,1.000000,0,0,0,1
1103,25,282,820,1.000000,1.000000,1.000000,1.000000,0,0,0,0
1104,29,283,820,1.000000,1.000000,1.000000,1.000000,0,0,1,0
1105,27,283,821,1.000000,1.000000,1.000000,1.000000,0,0,0,0
1106,29,284,821,1.000000,1.000000,1.000000,1.000000,0,0,0,1
1107,27,284,822,1.000000,1.000000,1.000000,1.000000,0,0,0,0
1108,25,284,823,1.000000,1.000000,1.000000,1.000000,0,0,0,0
1109,23,284,824,1.000000,1.000000,1.000000,1.000000,0,0,0,0
1110,21,284,825,1.000000,1.000000,1.000000,1.000000,0,0,0,1
1111,19,284,826,1.000000,1.000000,1.000000,1.000000,0,0,0,0
1112,29,285,826,1.000000,1.000000,1.000000,1.000000,0,0,0,0
1113,27,285,827,1.000000,1.000000,1.000000,1.000000,1,0,0,1
1114,25,285,828,1.000000,1.000000,1.000000,1.000000,0,0,0,0
1115,29,286,828,1.000000,1.000000,1.000000,1.000000,0,0,0,0
1116,27,286,829,1.000000,1.000000,1.000000,1.000000,0,0,0,0
1117,25,286,830,1.000000,1.000000,1.000000,1.000000,0,0,0,1
1118,23,286,831,1.000000,1.000000,1.000000,1.000000,0,0,1,0
1119,29,287,831,1.000000,1.000000,1.000000,1.000000,0,0,1,0
1120,27,287,832,1.000000,1.000000,1.000000,1.000000,0,0,1,1
1121,25,287,833,1.000000,1.000000,1.000000,1.000000,0,1,0,1
1122,29,288,833,1.000000,1.000000,1.000000,1.000000,0,1,0,1
1123,27,288,834,1.000000,1.000000,1.000000,1.000000,0,0,1,0
1124,25,288,835,1.000000,1.000000,1.000000,1.000000,1,1,0,0
1125,29,289,835,1.000000,1.000000,1.000000,1.000000,1,1,0,0
1126,27,289,836,1.000000,1.000000,1.000000,1.000000,0,0,1,0
1127,29,290,836,1.000000,1.000000,1.000000,1.000000,0,0,1,0
1128,27,290,837,1.000000,1.000000,1.000000,1.000000,0,0,1,0
1129,29,291,837,1.000000,1.000000,1.000000,1.000000,0,0,1,0
1130,27,291,838,1.000000,1.000000,1.000000,1.000000,0,0,0,0
1131,25,291,839,1.000000,1.000000,1.000000,1.000000,0,0,0,0
1132,23,291,840,1.000000,1.000000,1.000000,1.000000,0,0,0,0
1133,21,291,841,1.000000,1.000000,1.000000,1.000000,0,0,0,0
1134,19,291,842,1.000000,1.000000,1.000000,1.000000,0,0,0,0
1135,17,291,843,1.000000,1.000000,1.000000,1.000000,0,0,0,0
1136,15,291,844,1.000000,1.000000,1.000000,1.000000,0,0,0,0
1137,13,291,845,1.000000,1.000000,1.000000,1.000000,0,0,0,0
1138,11,291,846,1.000000,1.000000,1.000000,1.000000,1,0,0,0
1139,9,291,847,1.000000,1.000000,1.000000,1.000000,1,0,0,1
1140,29,292,847,1.000000,1.000000,1.000000,1.000000,1,0,0,1
1141,27,292,848,1.000000,1.000000,1.000000,1.000000,0,0,0,0
1142,29,293,848,1.000000,1.000000,1.000000,1.000000,0,0,0,0
1143,27,293,849,1.000000,1.000000,1.000000,1.000000,1,1,0,1
1144,25,293,850,1.000000,1.000000,1.000000,1.000000,0,0,0,1
1145,29,294,850,1.000000,1.000000,1.000000,1.000000,0,0,0,1
1146,27,294,851,1.000000,1.000000,1.000000,1.000000,1,0,1,1
1147,29,295,851,1.000000,1.000000,1.000000,1.000000,1,0,1,1
1148,27,295,852,1.000000,1.000000,1.000000,1.000000,1,0,0,0
1149,29,296,852,1.000000,1.000000,1.000000,1.000000,1,0,0,0
1150,27,296,853,1.000000,1.000000,1.000000,1.000000,0,0,0,0
1151,29,297,853,1.000000,1.000000,1.000000,1.000000,0,0,0,0
1152,27,297,854,1.000000,1.000000,1.000000,1.000000,0,0,0,0
1153,25,297,855,1.000000,1.000000,1.000000,1.000000,0,0,0,0
1154,23,297,856,1.000000,1.000000,1.000000,1.000000,0,0,0,0
1155,21,297,857,1.000000,1.000000,1.000000,1.000000,0,0,1,1
1156,19,297,858,1.000000,1.000000,1.000000,1.000000,0,0,0,0
1157,29,298,858,1.000000,1.000000,1.000000,1.000000,0,0,0,0
1158,27,298,859,1.000000,1.000000,1.000000,1.000000,1,0,1,0
1159,25,298,860,1.000000,1.000000,1.000000,1.000000,0,0,0,0
1160,29,299,860,1.000000,1.000000,1.000000,1.000000,0,0,0,0
1161,27,299,861,1.000000,1.000000,1.000000,1.000000,0,0,1,0
1162,25,299,862,1.000000,1.000000,1.000000,1.000000,0,0,0,0
1163,29,300,862,1.000000,1.000000,1.000000,1.000000,0,0,0,0
1164,27,300,863,1.000000,1.000000,1.000000,1.000000,0,1,1,0
1165,25,300,864,1.000000,1.000000,1.000000,1.000000,0,1,0,0
1166,29,301,864,1.000000,1.000000,1.000000,1.000000,0,1,0,0
1167,27,301,865,1.000000,1.000000,1.000000,1.000000,1,0,0,0
1168,29,302,865,1.000000,1.000000,1.000000,1.000000,1,0,0,0
1169,27,302,866,1.000000,1.000000,1.000000,1.000000,0,0,0,0
1170,29,303,866,1.000000,1.000000,1.000000,1.000000,0,0,0,0
1171,27,303,867,1.000000,1.000000,1.000000,1.000000,1,0,0,0
1172,25,303,868,1.000000,1.000000,1.000000,1.000000,0,0,0,0
1173,29,304,868,1.000000,1.000000,1.000000,1.000000,0,0,0,0
1174,27,304,869,1.000000,1.000000,1.000000,1.000000,1,0,0,0
1175,25,304,870,1.000000,1.000000,1.000000,1.000000,0,1,0,0
1176,29,305,870,1.000000,1.000000,1.000000,1.000000,0,1,0,0
1177,27,305,871,1.000000,1.000000,1.000000,1.000000,0,1,0,0
1178,25,305,872,1.000000,1.000000,1.000000,1.000000,0,0,0,0
1179,23,305,873,1.000000,1.000000,1.000000,1.000000,1,0,1,0
1180,21,305,874,1.000000,1.000000,1.000000,1.000000,0,0,1,0
1181,29,306,874,1.000000,1.000000,1.000000,1.000000,0,0,1,0
1182,27,306,875,1.000000,1.000000,1.000000,1.000000,0,0,0,0
1183,29,307,875,1.000000,1.000000,1.000000,1.000000,0,0,0,0
1184,27,307,876,1.000000,1.000000,1.000000,1.000000,0,0,0,0
1185,25,307,877,1.000000,1.000000,1.000000,1.000000,0,0,0,1
1186,23,307,878,1.000000,1.000000,1.000000,1.000000,0,0,0,1
1187,29,308,878,1.000000,1.000000,1.000000,1.000000,0,0,0,1
1188,27,308,879,1.000000,1.000000,1.000000,1.000000,1,0,1,1
1189,29,309,879,1.000000,1.000000,1.000000,1.000000,1,0,1,1
1190,27,309,880,1.000000,1.000000,1.000000,1.000000,0,0,0,0
1191,29,310,880,1.000000,1.000000,1.000000,1.000000,0,0,0,0
1192,27,310,881,1.000000,1.000000,1.000000,1.000000,1,0,0,1
1193,25,310,882,1.000000,1.000000,1.000000,1.000000,0,0,0,0
1194,29,311,882,1.000000,1.000000,1.000000,1.000000,0,0,0,0
1195,27,311,883,1.000000,1.000000,1.000000,1.000000,0,0,1,0
1196,25,311,884,1.000000,1.000000,1.000000,1.000000,0,0,0,0
1197,29,312,884,1.000000,1.000000,1.000000,1.000000,0,0,0,0
1198,27,312,885,1.000000,1.000000,1.000000,1.000000,0,1,0,0
1199,25,312,886,1.000000,1.000000,1.000000,1.000000,0,0,0,1
1200,23,312,887,1.000000,1.000000,1.000000,1.000000,0,0,1,0
1201,29,313,887,1.000000,1.000000,1.000000,1.000000,0,0,1,0
1202,27,313,888,1.000000,1.000000,1.000000,1.000000,0,0,1,1
1203,25,313,889,1.000000,1.000000,1.000000,1.000000,1,1,0,0
1204,29,314,889,1.000000,1.000000,1.000000,1.000000,1,1,0,0
1205,27,314,890,1.000000,1.000000,1.000000,1.000000,0,0,0,1
1206,29,315,890,1.000000,1.000000,1.000000,1.000000,0,0,0,1
1207,27,315,891,1.000000,1.000000,1.000000,1.000000,0,0,0,1
1208,29,316,891,1.000000,1.000000,1.000000,1.000000,0,0,0,1
1209,27,316,892,1.000000,1.000000,1.000000,1.000000,0,0,1,0
1210,29,317,892,1.000000,1.000000,1.000000,1.000000,0,0,1,0
1211,27,317,893,1.000000,1.000000,1.000000,1.000000,0,0,0,0
1212,29,318,893,1.000000,1.000000,1.000000,1.000000,0,0,0,0
1213,27,318,894,1.000000,1.000000,1.000000,1.000000,0,0,0,0
1214,25,318,895,1.000000,1.000000,1.000000,1.000000,0,0,0,0
1215,23,318,896,1.000000,1.000000,1.000000,1.000000,0,0,1,0
1216,21,318,897,1.000000,1.000000,1.000000,1.000000,0,0,0,0
1217,29,319,897,1.000000,1.000000,1.000000,1.000000,0,0,0,0
1218,27,319,898,1.000000,1.000000,1.000000,1.000000,0,0,1,1
1219,25,319,899,1.000000,1.000000,1.000000,1.000000,0,0,0,1
1220,29,320,899,1.000000,1.000000,1.000000,1.000000,0,0,0,1
1221,27,320,900,1.000000,1.000000,1.000000,1.000000,1,0,1,1
1222,25,320,901,1.000000,1.000000,1.000000,1.000000,0,0,1,0
1223,23,320,902,1.000000,1.000000,1.000000,1.000000,1,0,1,1
1224,29,321,902,1.000000,1.000000,1.000000,1.000000,1,0,1,1
1225,27,321,903,1.000000,1.000000,1.000000,1.000000,0,0,0,0
1226,29,322,903,1.000000,1.000000,1.000000,1.000000,0,0,0,0
1227,27,322,904,1.000000,1.000000,1.000000,1.000000,0,0,1,1
1228,25,322,905,1.000000,1.000000,1.000000,1.000000,0,0,0,0
1229,29,323,905,1.000000,1.000000,1.000000,1.000000,0,0,0,0
1230,27,323,906,1.000000,1.000000,1.000000,1.000000,0,0,0,0
1231,25,323,907,1.000000,1.000000,1.000000,1.000000,0,0,0,0
1232,23,323,908,1.000000,1.000000,1.000000,1.000000,0,0,0,0
1233,21,323,909,1.000000,1.000000,1.000000,1.000000,0,0,0,0
1234,19,323,910,1.000000,1.000000,1.000000,1.000000,1,0,0,0
1235,17,323,911,1.000000,1.000000,1.000000,1.000000,0,0,0,0
1236,29,324,911,1.000000,1.000000,1.000000,1.000000,0,0,0,0
1237,27,324,912,1.000000,1.000000,1.000000,1.000000,1,0,0,0
1238,25,324,913,1.000000,1.000000,1.000000,1.000000,0,0,0,0
1239,29,325,913,1.000000,1.000000,1.000000,1.000000,0,0,0,0
1240,27,325,914,1.000000,1.000000,1.000000,1.000000,0,0,0,0
1241,25,325,915,1.000000,1.000000,1.000000,1.000000,0,0,0,0
1242,23,325,916,1.000000,1.000000,1.000000,1.000000,0,0,0,0
1243,21,325,917,1.000000,1.000000,1.000000,1.000000,0,1,0,0
1244,19,325,918,1.000000,1.000000,1.000000,1.000000,1,0,0,0
1245,29,326,918,1.000000,1.000000,1.000000,1.000000,1,0,0,0
1246,27,326,919,1.000000,1.000000,1.000000,1.000000,1,0,0,0
1247,29,327,919,1.000000,1.000000,1.000000,1.000000,1,0,0,0
1248,27,327,920,1.000000,1.000000,1.000000,1.000000,0,0,0,1
1249,29,328,920,1.000000,1.000000,1.000000,1.000000,0,0,0,1
1250,27,328,921,1.000000,1.000000,1.000000,1.000000,1,0,0,0
1251,29,329,921,1.000000,1.000000,1.000000,1.000000,1,0,0,0
1252,27,329,922,1.000000,1.000000,1.000000,1.000000,0,0,0,0
1253,25,329,923,1.000000,1.000000,1.000000,1.000000,0,0,0,0
1254,23,329,924,1.000000,1.000000,1.000000,1.000000,0,0,0,1
1255,21,329,925,1.000000,1.000000,1.000000,1.000000,0,0,0,0
1256,29,330,925,1.000000,1.000000,1.000000,1.000000,0,0,0,0
1257,27,330,926,1.000000,1.000000,1.000000,1.000000,1,0,0,1
1258,25,330,927,1.000000,1.000000,1.000000,1.000000,1,0,0,0
1259,29,331,927,1.000000,1.000000,1.000000,1.000000,1,0,0,0
1260,27,331,928,1.000000,1.000000,1.000000,1.000000,0,1,0,0
1261,29,332,928,1.000000,1.000000,1.000000,1.000000,0,1,0,0
1262,27,332,929,1.000000,1.000000,1.000000,1.000000,0,1,0,0
1263,29,333,929,1.000000,1.000000,1.000000,1.000000,0,1,0,0
1264,27,333,930,1.000000,1.000000,1.000000,1.000000,1,0,0,0
1265,29,334,930,1.000000,1.000000,1.000000,1.000000,1,0,1,0
1266,27,334,931,1.000000,1.000000,1.000000,1.000000,0,0,0,0
1267,29,335,931,1.000000,1.000000,1.000000,1.000000,0,0,0,0
1268,27,335,932,1.000000,1.000000,1.000000,1.000000,0,0,1,0
1269,25,335,933,1.000000,1.000000,1.000000,1.000000,0,1,0,0
1270,29,336,933,1.000000,1.000000,1.000000,1.000000,0,1,0,0
1271,27,336,934,1.000000,1.000000,1.000000,1.000000,0,0,1,0
1272,29,337,934,1.000000,1.000000,1.000000,1.000000,0,0,1,0
1273,27,337,935,1.000000,1.000000,1.000000,1.000000,0,0,1,0
1274,29,338,935,1.000000,1.000000,1.000000,1.000000,0,0,1,0
1275,27,338,936,1.000000,1.000000,1.000000,1.000000,0,0,0,0
1276,29,339,936,1.000000,1.000000,1.000000,1.000000,0,0,0,0
1277,27,339,937,1.000000,1.000000,1.000000,1.000000,0,0,0,0
1278,25,339,938,1.000000,1.000000,1.000000,1.000000,0,0,0,0
1279,23,339,939,1.000000,1.000000,1.000000,1.000000,0,0,0,0
1280,21,339,940,1.000000,1.000000,1.000000,1.000000,0,0,0,0
1281,19,339,941,1.000000,1.000000,1.000000,1.000000,0,0,0,0
1282,17,339,942,1.000000,1.000000,1.000000,1.000000,0,0,0,1
1283,15,339,943,1.000000,1.000000,1.000000,1.000000,0,0,0,0
1284,29,340,943,1.000000,1.000000,1.000000,1.000000,0,0,0,0
1285,27,340,944,1.000000,1.000000,1.000000,1.000000,0,0,0,1
1286,25,340,945,1.000000,1.000000,1.000000,1.000000,0,0,0,1
1287,23,340,946,1.000000,1.000000,1.000000,1.000000,1,1,1,1
1288,29,341,946,1.000000,1.000000,1.000000,1.000000,1,1,1,1
1289,27,341,947,1.000000,1.000000,1.000000,1.000000,0,0,0,0
1290,29,342,947,1.000000,1.000000,1.000000,1.000000,0,0,0,0
1291,27,342,948,1.000000,1.000000,1.000000,1.000000,0,0,0,0
1292,25,342,949,1.000000,1.000000,1.000000,1.000000,0,0,0,0
1293,23,342,950,1.000000,1.000000,1.000000,1.000000,0,0,0,0
1294,21,342,951,1.000000,1.000000,1.000000,1.000000,0,0,0,0
1295,19,342,952,1.000000,1.000000,1.000000,1.000000,0,0,1,0
1296,17,342,953,1.000000,1.000000,1.000000,1.000000,0,0,1,1
1297,15,342,954,1.000000,1.000000,1.000000,1.000000,0,1,0,0
1298,13,342,955,1.000000,1.000000,1.000000,1.000000,0,0,1,1
1299,29,343,955,1.000000,1.000000,1.000000,1.000000,0,0,1,1
1300,27,343,956,1.000000,1.000000,1.000000,1.000000,0,0,0,0
1301,29,344,956,1.000000,1.000000,1.000000,1.000000,0,0,0,0
1302,27,344,957,1.000000,1.000000,1.000000,1.000000,1,0,0,1
1303,25,344,958,1.000000,1.000000,1.000000,1.000000,0,0,1,0
1304,29,345,958,1.000000,1.000000,1.000000,1.000000,0,0,1,0
1305,27,345,959,1.000000,1.000000,1.000000,1.000000,0,0,0,0
1306,29,346,959,1.000000,1.000000,1.000000,1.000000,0,0,0,0
1307,27,346,960,1.000000,1.000000,1.000000,1.000000,0,1,0,0
1308,25,346,961,1.000000,1.000000,1.000000,1.000000,0,0,1,0
1309,29,347,961,1.000000,1.000000,1.000000,1.000000,0,0,1,0
1310,27,347,962,1.000000,1.000000,1.000000,1.000000,0,0,0,0
1311,29,348,962,1.000000,1.000000,1.000000,1.000000,0,0,0,0
1312,27,348,963,1.000000,1.000000,1.000000,1.000000,0,0,0,0
1313,25,348,964,1.000000,1.000000,1.000000,1.000000,0,0,0,0
1314,23,348,965,1.000000,1.000000,1.000000,1.000000,1,0,0,0
1315,21,348,966,1.000000,1.000000,1.000000,1.000000,0,1,0,0
1316,19,348,967,1.000000,1.000000,1.000000,1.000000,0,0,1,1
1317,29,349,967,1.000000,1.000000,1.000000,1.000000,0,0,1,1
1318,27,349,968,1.000000,1.000000,1.000000,1.000000,0,0,0,0
1319,29,350,968,1.000000,1.000000,1.000000,1.000000,0,0,0,0
1320,27,350,969,1.000000,1.000000,1.000000,1.000000,0,0,0,1
1321,25,350,970,1.000000,1.000000,1.000000,1.000000,0,0,0,0
1322,29,351,970,1.000000,1.000000,1.000000,1.000000,0,0,0,0
1323,27,351,971,1.000000,1.000000,1.000000,1.000000,0,0,0,0
1324,25,351,972,1.000000,1.000000,1.000000,1.000000,1,0,0,0
1325,23,351,973,1.000000,1.000000,1.000000,1.000000,1,0,0,0
1326,29,352,973,1.000000,1.000000,1.000000,1.000000,1,0,0,0
1327,27,352,974,1.000000,1.000000,1.000000,1.000000,1,1,0,1
1328,29,353,974,1.000000,1.000000,1.000000,1.000000,1,1,0,1
1329,27,353,975,1.000000,1.000000,1.000000,1.000000,0,0,0,0
1330,29,354,975,1.000000,1.000000,1.000000,1.000000,0,0,0,0
1331,27,354,976,1.000000,1.000000,1.000000,1.000000,0,1,0,1
1332,25,354,977,1.000000,1.000000,1.000000,1.000000,1,0,0,0
1333,29,355,977,1.000000,1.000000,1.000000,1.000000,1,0,0,0
1334,27,355,978,1.000000,1.000000,1.000000,1.000000,0,1,0,0
1335,29,356,978,1.000000,1.000000,1.000000,1.000000,0,1,0,0
1336,27,356,979,1.000000,1.000000,1.000000,1.000000,0,1,0,0
1337,29,357,979,1.000000,1.000000,1.000000,1.000000,0,1,0,0
1338,27,357,980,1.000000,1.000000,1.000000,1.000000,1,0,1,0
1339,29,358,980,1.000000,1.000000,1.000000,1.000000,1,0,1,0
1340,27,358,981,1.000000,1.000000,1.000000,1.000000,0,1,0,0
1341,25,358,982,1.000000,1.000000,1.000000,1.000000,0,0,1,1
1342,29,359,982,1.000000,1.000000,1.000000,1.000000,0,0,1,1
1343,27,359,983,1.000000,1.000000,1.000000,1.000000,0,0,1,0
1344,29,360,983,1.000000,1.000000,1.000000,1.000000,0,0,1,0
1345,27,360,984,1.000000,1.000000,1.000000,1.000000,0,0,0,0
1346,29,361,984,1.000000,1.000000,1.000000,1.000000,0,0,0,0
1347,27,361,985,1.000000,1.000000,1.000000,1.000000,0,0,0,0
1348,25,361,986,1.000000,1.000000,1.000000,1.000000,0,0,0,0
1349,23,361,987,1.000000,1.000000,1.000000,1.000000,0,0,0,0
1350,21,361,988,1.000000,1.000000,1.000000,1.000000,0,0,0,0
1351,19,361,989,1.000000,1.000000,1.000000,1.000000,0,0,0,0
1352,17,361,990,1.000000,1.000000,1.000000,1.000000,0,0,0,0
1353,15,361,991,1.000000,1.000000,1.000000,1.000000,0,0,0,0
1354,13,361,992,1.000000,1.000000,1.000000,1.000000,0,0,0,0
1355,11,361,993,1.000000,1.000000,1.000000,1.000000,0,0,0,0
1356,9,361,994,1.000000,1.000000,1.000000,1.000000,0,0,0,0
1357,7,361,995,1.000000,1.000000,1.000000,1.000000,0,0,1,0
1358,5,361,996,1.000000,1.000000,1.000000,1.000000,0,0,1,0
1359,29,362,996,1.000000,1.000000,1.000000,1.000000,0,0,1,0
1360,27,362,997,1.000000,1.000000,1.000000,1.000000,0,1,0,0
1361,29,363,997,1.000000,1.000000,1.000000,1.000000,0,1,0,0
1362,27,363,998,1.000000,1.000000,1.000000,1.000000,0,0,0,0
1363,29,364,998,1.000000,1.000000,1.000000,1.000000,0,0,0,0
1364,27,364,999,1.000000,1.000000,1.000000,1.000000,0,0,0,0
1365,25,364,1000,1.000000,1.000000,1.000000,1.000000,0,0,1,0
1366,23,364,1001,1.000000,1.000000,1.000000,1.000000,0,0,0,0
1367,29,365,1001,1.000000,1.000000,1.000000,1.000000,0,0,0,0
1368,27,365,1002,1.000000,1.000000,1.000000,1.000000,0,1,0,1
1369,25,365,1003,1.000000,1.000000,1.000000,1.000000,0,0,1,0
1370,29,366,1003,1.000000,1.000000,1.000000,1.000000,0,0,1,0
1371,27,366,1004,1.000000,1.000000,1.000000,1.000000,0,0,0,0
1372,29,367,1004,1.000000,1.000000,1.000000,1.000000,0,0,0,0
1373,27,367,1005,1.000000,1.000000,1.000000,1.000000,0,0,0,0
1374,25,367,1006,1.000000,1.000000,1.000000,1.000000,0,0,0,0
1375,23,367,1007,1.000000,1.000000,1.000000,1.000000,0,0,0,0
1376,21,367,1008,1.000000,1.000000,1.000000,1.000000,0,0,0,0
1377,19,367,1009,1.000000,1.000000,1.000000,1.000000,0,0,0,0
1378,17,367,1010,1.000000,1.000000,1.000000,1.000000,0,0,0,0
1379,15,367,1011,1.000000,1.000000,1.000000,1.000000,0,0,0,0
1380,13,367,1012,1.000000,1.000000,1.000000,1.000000,0,0,0,0
1381,11,367,1013,1.000000,1.000000,1.000000,1.000000,1,0,0,0
1382,9,367,1014,1.000000,1.000000,1.000000,1.000000,0,0,0,1
1383,29,368,1014,1.000000,1.000000,1.000000,1.000000,0,0,0,1
1384,27,368,1015,1.000000,1.000000,1.000000,1.000000,1,0,0,0
1385,29,369,1015,1.000000,1.000000,1.000000,1.000000,1,0,0,0
1386,27,369,1016,1.000000,1.000000,1.000000,1.000000,0,0,0,1
1387,25,369,1017,1.000000,1.000000,1.000000,1.000000,0,0,1,1
1388,29,370,1017,1.000000,1.000000,1.000000,1.000000,0,0,1,1
1389,27,370,1018,1.000000,1.000000,1.000000,1.000000,0,0,0,0
1390,29,371,1018,1.000000,1.000000,1.000000,1.000000,0,0,0,0
1391,27,371,1019,1.000000,1.000000,1.000000,1.000000,0,0,0,1
1392,25,371,1020,1.000000,1.000000,1.000000,1.000000,0,0,0,0
1393,29,372,1020,1.000000,1.000000,1.000000,1.000000,0,0,0,0
1394,27,372,1021,1.000000,1.000000,1.000000,1.000000,0,0,0,0
1395,25,372,1022,1.000000,1.000000,1.000000,1.000000,0,0,0,0
1396,23,372,1023,1.000000,1.000000,1.000000,1.000000,0,0,0,0
1397,21,372,1024,1.000000,1.000000,1.000000,1.000000,0,0,0,1
1398,19,372,1025,1.000000,1.000000,1.000000,1.000000,0,0,1,1
1399,29,373,1025,1.000000,1.000000,1.000000,1.000000,0,0,1,1
1400,27,373,1026,1.000000,1.000000,1.000000,1.000000,0,0,0,0
1401,29,374,1026,1.000000,1.000000,1.000000,1.000000,0,0,0,0
1402,27,374,1027,1.000000,1.000000,1.000000,1.000000,0,0,1,0
1403,25,374,1028,1.000000,1.000000,1.000000,1.000000,0,0,0,0
1404,29,375,1028,1.000000,1.000000,1.000000,1.000000,0,0,0,0
1405,27,375,1029,1.000000,1.000000,1.000000,1.000000,0,0,0,1
1406,25,375,1030,1.000000,1.000000,1.000000,1.000000,0,0,1,0
1407,23,375,1031,1.000000,1.000000,1.000000,1.000000,1,0,0,0
1408,29,376,1031,1.000000,1.000000,1.000000,1.000000,1,0,0,0
1409,27,376,1032,1.000000,1.000000,1.000000,1.000000,0,0,0,0
1410,29,377,1032,1.000000,1.000000,1.000000,1.000000,0,0,0,0
1411,27,377,1033,1.000000,1.000000,1.000000,1.000000,0,0,0,0
1412,25,377,1034,1.000000,1.000000,1.000000,1.000000,0,0,0,0
1413,23,377,1035,1.000000,1.000000,1.000000,1.000000,0,0,0,0
1414,21,377,1036,1.000000,1.000000,1.000000,1.000000,0,0,0,0
1415,19,377,1037,1.000000,1.000000,1.000000,1.000000,0,1,0,0
1416,17,377,1038,1.000000,1.000000,1.000000,1.000000,0,1,0,0
1417,29,378,1038,1.000000,1.000000,1.000000,1.000000,0,1,0,0
1418,27,378,1039,1.000000,1.000000,1.000000,1.000000,0,0,1,0
1419,29,379,1039,1.000000,1.000000,1.000000,1.000000,0,0,1,0
1420,27,379,1040,1.000000,1.000000,1.000000,1.000000,0,0,0,0
1421,29,380,1040,1.000000,1.000000,1.000000,1.000000,0,0,0,0
1422,27,380,1041,1.000000,1.000000,1.000000,1.000000,0,1,0,0
1423,25,380,1042,1.000000,1.000000,1.000000,1.000000,0,1,0,0
1424,29,381,1042,1.000000,1.000000,1.000000,1.000000,0,1,0,0
1425,27,381,1043,1.000000,1.000000,1.000000,1.000000,0,1,0,0
1426,29,382,1043,1.000000,1.000000,1.000000,1.000000,0,1,0,0
1427,27,382,1044,1.000000,1.000000,1.000000,1.000000,0,0,0,0
1428,29,383,1044,1.000000,1.000000,1.000000,1.000000,0,0,0,0
1429,27,383,1045,1.000000,1.000000,1.000000,1.000000,1,1,0,0
1430,25,383,1046,1.000000,1.000000,1.000000,1.000000,1,0,0,0
1431,29,384,1046,1.000000,1.000000,1.000000,1.000000,1,0,0,0
1432,27,384,1047,1.000000,1.000000,1.000000,1.000000,0,0,0,1
1433,29,385,1047,1.000000,1.000000,1.000000,1.000000,0,0,0,1
1434,27,385,1048,1.000000,1.000000,1.000000,1.000000,0,0,0,0
1435,29,386,1048,1.000000,1.000000,1.000000,1.000000,0,0,0,0
1436,27,386,1049,1.000000,1.000000,1.000000,1.000000,0,0,0,0
1437,25,386,1050,1.000000,1.000000,1.000000,1.000000,0,0,0,0
1438,23,386,1051,1.000000,1.000000,1.000000,1.000000,0,0,0,0
1439,21,386,1052,1.000000,1.000000,1.000000,1.000000,1,0,0,0
1440,19,386,1053,1.000000,1.000000,1.000000,1.000000,0,0,0,0
1441,17,386,1054,1.000000,1.000000,1.000000,1.000000,0,0,1,0
1442,15,386,1055,1.000000,1.000000,1.000000,1.000000,0,0,0,0
1443,29,387,1055,1.000000,1.000000,1.000000,1.000000,0,0,0,0
1444,27,387,1056,1.000000,1.000000,1.000000,1.000000,0,0,1,0
1445,25,387,1057,1.000000,1.000000,1.000000,1.000000,0,0,0,0
1446,29,388,1057,1.000000,1.000000,1.000000,1.000000,0,0,0,0
1447,27,388,1058,1.000000,1.000000,1.000000,1.000000,0,0,0,0
1448,25,388,1059,1.000000,1.000000,1.000000,1.000000,0,0,0,1
1449,23,388,1060,1.000000,1.000000,1.000000,1.000000,1,0,0,0
1450,29,389,1060,1.000000,1.000000,1.000000,1.000000,1,0,0,0
1451,27,389,1061,1.000000,1.000000,1.000000,1.000000,0,0,0,1
1452,25,389,1062,1.000000,1.000000,1.000000,1.000000,0,1,0,0
1453,29,390,1062,1.000000,1.000000,1.000000,1.000000,0,1,0,0
1454,27,390,1063,1.000000,1.000000,1.000000,1.000000,0,0,0,0
1455,29,391,1063,1.000000,1.000000,1.000000,1.000000,0,0,0,0
1456,27,391,1064,1.000000,1.000000,1.000000,1.000000,0,0,0,0
1457,25,391,1065,1.000000,1.000000,1.000000,1.000000,0,0,1,0
1458,23,391,1066,1.000000,1.000000,1.000000,1.000000,0,0,0,1
1459,21,391,1067,1.000000,1.000000,1.000000,1.000000,0,1,0,1
1460,29,392,1067,1.000000,1.000000,1.000000,1.000000,0,1,0,1
1461,27,392,1068,1.000000,1.000000,1.000000,1.000000,0,0,0,0
1462,29,393,1068,1.000000,1.000000,1.000000,1.000000,0,0,0,0
1463,27,393,1069,1.000000,1.000000,1.000000,1.000000,0,0,0,1
1464,25,393,1070,1.000000,1.000000,1.000000,1.000000,0,0,0,0
1465,29,394,1070,1.000000,1.000000,1.000000,1.000000,0,0,0,0
1466,27,394,1071,1.000000,1.000000,1.000000,1.000000,1,0,0,0
1467,25,394,1072,1.000000,1.000000,1.000000,1.000000,1,0,0,0
1468,29,395,1072,1.000000,1.000000,1.000000,1.000000,1,0,0,0
1469,27,395,1073,1.000000,1.000000,1.000000,1.000000,1,0,0,1
1470,25,395,1074,1.000000,1.000000,1.000000,1.000000,0,0,1,0
1471,29,396,1074,1.000000,1.000000,1.000000,1.000000,0,0,1,0
1472,27,396,1075,1.000000,1.000000,1.000000,1.000000,0,0,0,0
1473,29,397,1075,1.000000,1.000000,1.000000,1.000000,0,0,0,0
1474,27,397,1076,1.000000,1.000000,1.000000,1.000000,0,0,0,0
1475,25,397,1077,1.000000,1.000000,1.000000,1.000000,0,1,0,0
1476,23,397,1078,1.000000,1.000000,1.000000,1.000000,0,1,0,0
1477,29,398,1078,1.000000,1.000000,1.000000,1.000000,0,1,0,0
1478,27,398,1079,1.000000,1.000000,1.000000,1.000000,0,0,0,0
1479,29,399,1079,1.000000,1.000000,1.000000,1.000000,0,0,0,0
1480,27,399,1080,1.000000,1.000000,1.000000,1.000000,0,0,0,0
1481,25,399,1081,1.000000,1.000000,1.000000,1.000000,0,0,0,0
1482,23,399,1082,1.000000,1.000000,1.000000,1.000000,0,0,0,0
1483,21,399,1083,1.000000,1.000000,1.000000,1.000000,0,0,0,0
1484,19,399,1084,1.000000,1.000000,1.000000,1.000000,0,0,0,0
1485,17,399,1085,1.000000,1.000000,1.000000,1.000000,0,0,0,0
1486,15,399,1086,1.000000,1.000000,1.000000,1.000000,0,0,0,0
1487,13,399,1087,1.000000,1.000000,1.000000,1.000000,0,1,0,0
1488,11,399,1088,1.000000,1.000000,1.000000,1.000000,0,0,1,0
1489,9,399,1089,1.000000,1.000000,1.000000,1.000000,0,1,0,1
1490,29,400,1089,1.000000,1.000000,1.000000,1.000000,0,1,0,1
1491,27,400,1090,1.000000,1.000000,1.000000,1.000000,0,0,0,0
1492,29,401,1090,1.000000,1.000000,1.000000,1.000000,0,0,0,0
1493,27,401,1091,1.000000,1.000000,1.000000,1.000000,1,0,0,0
1494,25,401,1092,1.000000,1.000000,1.000000,1.000000,1,0,0,0
1495,29,402,1092,1.000000,1.000000,1.000000,1.000000,1,0,0,0
1496,27,402,1093,1.000000,1.000000,1.000000,1.000000,0,0,0,0
1497,25,402,1094,1.000000,1.000000,1.000000,1.000000,0,0,0,0
1498,23,402,1095,1.000000,1.000000,1.000000,1.000000,0,1,0,0
1499,21,402,1096,1.000000,1.000000,1.000000,1.000000,0,0,0,0
1500,19,402,1097,1.000000,1.000000,1.000000,1.000000,0,0,1,0
1501,17,402,1098,1.000000,1.000000,1.000000,1.000000,0,1,0,0
1502,29,403,1098,1.000000,1.000000,1.000000,1.000000,0,1,0,0
1503,27,403,1099,1.000000,1.000000,1.000000,1.000000,0,0,1,0
1504,29,404,1099,1.000000,1.000000,1.000000,1.000000,0,0,1,0
1505,27,404,1100,1.000000,1.000000,1.000000,1.000000,0,0,0,0
1506,29,405,1100,1.000000,1.000000,1.000000,1.000000,0,0,0,0
1507,27,405,1101,1.000000,1.000000,1.000000,1.000000,0,0,0,0
1508,25,405,1102,1.000000,1.000000,1.000000,1.000000,0,0,0,0
1509,23,405,1103,1.000000,1.000000,1.000000,1.000000,0,0,0,0
1510,21,405,1104,1.000000,1.000000,1.000000,1.000000,0,0,0,0
1511,19,405,1105,1.000000,1.000000,1.000000,1.000000,0,0,0,0
1512,17,405,1106,1.000000,1.000000,1.000000,1.000000,1,0,0,0
1513,15,405,1107,1.000000,1.000000,1.000000,1.000000,1,1,0,0
1514,29,406,1107,1.000000,1.000000,1.000000,1.000000,1,1,0,0
1515,27,406,1108,1.000000,1.000000,1.000000,1.000000,0,0,0,0
1516,29,407,1108,1.000000,1.000000,1.000000,1.000000,0,0,0,0
1517,27,407,1109,1.000000,1.000000,1.000000,1.000000,0,0,1,0
1518,25,407,1110,1.000000,1.000000,1.000000,1.000000,0,0,0,0
1519,23,407,1111,1.000000,1.000000,1.000000,1.000000,0,0,0,1
1520,21,407,1112,1.000000,1.000000,1.000000,1.000000,0,0,0,0
1521,29,408,1112,1.000000,1.000000,1.000000,1.000000,0,0,0,0
1522,27,408,1113,1.000000,1.000000,1.000000,1.000000,0,0,0,0
1523,25,408,1114,1.000000,1.000000,1.000000,1.000000,0,0,0,0
1524,23,408,1115,1.000000,1.000000,1.000000,1.000000,0,0,0,0
1525,21,408,1116,1.000000,1.000000,1.000000,1.000000,0,0,0,0
1526,19,408,1117,1.000000,1.000000,1.000000,1.000000,0,1,0,0
1527,17,408,1118,1.000000,1.000000,1.000000,1.000000,0,1,0,0
1528,29,409,1118,1.000000,1.000000,1.000000,1.000000,0,1,0,0
1529,27,409,1119,1.000000,1.000000,1.000000,1.000000,1,0,0,0
1530,29,410,1119,1.000000,1.000000,1.000000,1.000000,1,0,0,0
1531,27,410,1120,1.000000,1.000000,1.000000,1.000000,0,0,0,0
1532,29,411,1120,1.000000,1.000000,1.000000,1.000000,0,0,0,0
1533,27,411,1121,1.000000,1.000000,1.000000,1.000000,0,0,0,0
1534,25,411,1122,1.000000,1.000000,1.000000,1.000000,0,0,0,0
1535,23,411,1123,1.000000,1.000000,1.000000,1.000000,0,0,0,0
1536,21,411,1124,1.000000,1.000000,1.000000,1.000000,0,0,0,0
1537,19,411,1125,1.000000,1.000000,1.000000,1.000000,0,0,0,0
1538,17,411,1126,1.000000,1.000000,1.000000,1.000000,0,0,0,0
1539,15,411,1127,1.000000,1.000000,1.000000,1.000000,0,0,0,0
1540,13,411,1128,1.000000,1.000000,1.000000,1.000000,0,0,0,0
1541,11,411,1129,1.000000,1.000000,1.000000,1.000000,0,0,0,1
1542,9,411,1130,1.000000,1.000000,1.000000,1.000000,0,0,0,1
1543,29,412,1130,1.000000,1.000000,1.000000,1.000000,0,0,0,1
1544,27,412,1131,1.000000,1.000000,1.000000,1.000000,1,0,0,0
1545,29,413,1131,1.000000,1.000000,1.000000,1.000000,1,0,0,0
1546,27,413,1132,1.000000,1.000000,1.000000,1.000000,0,0,0,0
1547,29,414,1132,1.000000,1.000000,1.000000,1.000000,0,0,0,0
1548,27,414,1133,1.000000,1.000000,1.000000,1.000000,0,0,0,0
1549,25,414,1134,1.000000,1.000000,1.000000,1.000000,0,0,0,0
1550,23,414,1135,1.000000,1.000000,1.000000,1.000000,0,0,0,0
1551,21,414,1136,1.000000,1.000000,1.000000,1.000000,0,0,0,0
1552,19,414,1137,1.000000,1.000000,1.000000,1.000000,0,0,0,1
1553,17,414,1138,1.000000,1.000000,1.000000,1.000000,0,0,1,1
1554,29,415,1138,1.000000,1.000000,1.000000,1.000000,0,0,1,1
1555,27,415,1139,1.000000,1.000000,1.000000,1.000000,0,0,1,0
1556,29,416,1139,1.000000,1.000000,1.000000,1.000000,0,0,1,0
1557,27,416,1140,1.000000,1.000000,1.000000,1.000000,0,0,0,0
1558,29,417,1140,1.000000,1.000000,1.000000,1.000000,0,0,0,0
1559,27,417,1141,1.000000,1.000000,1.000000,1.000000,0,0,0,0
1560,25,417,1142,1.000000,1.000000,1.000000,1.000000,0,0,0,0
1561,23,417,1143,1.000000,1.000000,1.000000,1.000000,0,0,0,0
1562,21,417,1144,1.000000,1.000000,1.000000,1.000000,1,0,0,1
1563,19,417,1145,1.000000,1.000000,1.000000,1.000000,0,0,0,1
1564,17,417,1146,1.000000,1.000000,1.000000,1.000000,1,1,1,1
1565,29,418,1146,1.000000,1.000000,1.000000,1.000000,1,1,1,1
1566,27,418,1147,1.000000,1.000000,1.000000,1.000000,0,0,0,0
1567,29,419,1147,1.000000,1.000000,1.000000,1.000000,0,0,0,0
1568,27,419,1148,1.000000,1.000000,1.000000,1.000000,1,1,0,1
1569,25,419,1149,1.000000,1.000000,1.000000,1.000000,0,0,0,0
1570,29,420,1149,1.000000,1.000000,1.000000,1.000000,0,0,0,0
1571,27,420,1150,1.000000,1.000000,1.000000,1.000000,0,0,0,0
1572,25,420,1151,1.000000,1.000000,1.000000,1.000000,0,0,0,0
1573,23,420,1152,1.000000,1.000000,1.000000,1.000000,1,0,0,0
1574,21,420,1153,1.000000,1.000000,1.000000,1.000000,0,0,0,0
1575,29,421,1153,1.000000,1.000000,1.000000,1.000000,0,0,0,0
1576,27,421,1154,1.000000,1.000000,1.000000,1.000000,1,1,0,0
1577,25,421,1155,1.000000,1.000000,1.000000,1.000000,1,0,1,0
1578,29,422,1155,1.000000,1.000000,1.000000,1.000000,1,0,1,0
1579,27,422,1156,1.000000,1.000000,1.000000,1.000000,0,0,0,1
1580,29,423,1156,1.000000,1.000000,1.000000,1.000000,0,0,0,1
1581,27,423,1157,1.000000,1.000000,1.000000,1.000000,1,0,0,0
1582,25,423,1158,1.000000,1.000000,1.000000,1.000000,1,0,1,1
1583,23,423,1159,1.000000,1.000000,1.000000,1.000000,1,0,0,0
1584,29,424,1159,1.000000,1.000000,1.000000,1.000000,1,0,0,0
1585,27,424,1160,1.000000,1.000000,1.000000,1.000000,1,0,0,1
1586,25,424,1161,1.000000,1.000000,1.000000,1.000000,0,0,1,0
1587,29,425,1161,1.000000,1.000000,1.000000,1.000000,0,0,1,0
1588,27,425,1162,1.000000,1.000000,1.000000,1.000000,0,0,0,1
1589,29,426,1162,1.000000,1.000000,1.000000,1.000000,0,0,0,1
1590,27,426,1163,1.000000,1.000000,1.000000,1.000000,0,0,0,1
1591,29,427,1163,1.000000,1.000000,1.000000,1.000000,0,0,0,1
1592,27,427,1164,1.000000,1.000000,1.000000,1.000000,0,0,1,0
1593,25,427,1165,1.000000,1.000000,1.000000,1.000000,1,0,0,0
1594,29,428,1165,1.000000,1.000000,1.000000,1.000000,1,0,0,0
1595,27,428,1166,1.000000,1.000000,1.000000,1.000000,0,0,0,0
1596,29,429,1166,1.000000,1.000000,1.000000,1.000000,0,0,0,0
1597,27,429,1167,1.000000,1.000000,1.000000,1.000000,0,0,0,0
1598,25,429,1168,1.000000,1.000000,1.000000,1.000000,0,0,0,0
1599,23,429,1169,1.000000,1.000000,1.000000,1.000000,0,0,0,0
1600,21,429,1170,1.000000,1.000000,1.000000,1.000000,0,0,0,0
1601,19,429,1171,1.000000,1.000000,1.000000,1.000000,0,0,0,0
1602,17,429,1172,1.000000,1.000000,1.000000,1.000000,0,0,0,0
1603,15,429,1173,1.000000,1.000000,1.000000,1.000000,0,0,0,0
1604,13,429,1174,1.000000,1.000000,1.000000,1.000000,0,0,1,1
1605,11,429,1175,1.000000,1.000000,1.000000,1.000000,0,0,0,0
1606,29,430,1175,1.000000,1.000000,1.000000,1.000000,0,0,0,0
1607,27,430,1176,1.000000,1.000000,1.000000,1.000000,0,1,1,0
1608,25,430,1177,1.000000,1.000000,1.000000,1.000000,0,0,1,0
1609,29,431,1177,1.000000,1.000000,1.000000,1.000000,0,0,1,0
1610,27,431,1178,1.000000,1.000000,1.000000,1.000000,0,1,1,1
1611,29,432,1178,1.000000,1.000000,1.000000,1.000000,0,1,1,1
1612,27,432,1179,1.000000,1.000000,1.000000,1.000000,0,0,0,0
1613,29,433,1179,1.000000,1.000000,1.000000,1.000000,0,0,0,0
1614,27,433,1180,1.000000,1.000000,1.000000,1.000000,0,1,0,1
1615,25,433,1181,1.000000,1.000000,1.000000,1.000000,0,0,0,0
1616,29,434,1181,1.000000,1.000000,1.000000,1.000000,0,0,0,0
1617,27,434,1182,1.000000,1.000000,1.000000,1.000000,0,0,0,1
1618,25,434,1183,1.000000,1.000000,1.000000,1.000000,0,0,1,0
1619,29,435,1183,1.000000,1.000000,1.000000,1.000000,0,0,1,0
1620,27,435,1184,1.000000,1.000000,1.000000,1.000000,1,0,0,0
1621,25,435,1185,1.000000,1.000000,1.000000,1.000000,0,0,0,0
1622,29,436,1185,1.000000,1.000000,1.000000,1.000000,0,0,0,0
1623,27,436,1186,1.000000,1.000000,1.000000,1.000000,0,1,0,0
1624,25,436,1187,1.000000,1.000000,1.000000,1.000000,0,0,0,0
1625,29,437,1187,1.000000,1.000000,1.000000,1.000000,0,0,0,0
1626,27,437,1188,1.000000,1.000000,1.000000,1.000000,0,1,0,0
1627,25,437,1189,1.000000,1.000000,1.000000,1.000000,0,1,0,0
1628,23,437,1190,1.000000,1.000000,1.000000,1.000000,1,1,1,0
1629,29,438,1190,1.000000,1.000000,1.000000,1.000000,1,1,1,0
1630,27,438,1191,1.000000,1.000000,1.000000,1.000000,0,0,0,0
1631,29,439,1191,1.000000,1.000000,1.000000,1.000000,0,0,0,0
1632,27,439,1192,1.000000,1.000000,1.000000,1.000000,0,0,0,1
1633,25,439,1193,1.000000,1.000000,1.000000,1.000000,0,0,0,0
1634,29,440,1193,1.000000,1.000000,1.000000,1.000000,0,0,0,0
1635,27,440,1194,1.000000,1.000000,1.000000,1.000000,0,0,0,0
1636,25,440,1195,1.000000,1.000000,1.000000,1.000000,0,0,0,0
1637,23,440,1196,1.000000,1.000000,1.000000,1.000000,1,0,0,0
1638,21,440,1197,1.000000,1.000000,1.000000,1.000000,0,0,0,0
1639,29,441,1197,1.000000,1.000000,1.000000,1.000000,0,0,0,0
1640,27,441,1198,1.000000,1.000000,1.000000,1.000000,1,1,0,1
1641,25,441,1199,1.000000,1.000000,1.000000,1.000000,1,0,0,0
1642,29,442,1199,1.000000,1.000000,1.000000,1.000000,1,0,0,0
1643,27,442,1200,1.000000,1.000000,1.000000,1.000000,0,1,0,0
1644,29,443,1200,1.000000,1.000000,1.000000,1.000000,0,1,0,0
1645,27,443,1201,1.000000,1.000000,1.000000,1.000000,0,1,0,0
1646,25,443,1202,1.000000,1.000000,1.000000,1.000000,1,0,1,1
1647,29,444,1202,1.000000,1.000000,1.000000,1.000000,1,0,1,1
1648,27,444,1203,1.000000,1.000000,1.000000,1.000000,0,0,0,0
1649,29,445,1203,1.000000,1.000000,1.000000,1.000000,0,0,0,0
1650,27,445,1204,1.000000,1.000000,1.000000,1.000000,0,0,0,0
1651,25,445,1205,1.000000,1.000000,1.000000,1.000000,0,0,0,0
1652,23,445,1206,1.000000,1.000000,1.000000,1.000000,0,1,0,0
1653,21,445,1207,1.000000,1.000000,1.000000,1.000000,0,0,0,0
1654,29,446,1207,1.000000,1.000000,1.000000,1.000000,0,0,0,0
1655,27,446,1208,1.000000,1.000000,1.000000,1.000000,0,0,0,0
1656,25,446,1209,1.000000,1.000000,1.000000,1.000000,0,1,0,0
1657,23,446,1210,1.000000,1.000000,1.000000,1.000000,0,0,0,0
1658,29,447,1210,1.000000,1.000000,1.000000,1.000000,0,0,0,0
1659,27,447,1211,1.000000,1.000000,1.000000,1.000000,0,0,0,0
1660,25,447,1212,1.000000,1.000000,1.000000,1.000000,0,0,0,0
1661,23,447,1213,1.000000,1.000000,1.000000,1.000000,1,1,0,0
1662,21,447,1214,1.000000,1.000000,1.000000,1.000000,0,1,0,0
1663,29,448,1214,1.000000,1.000000,1.000000,1.000000,0,1,0,0
1664,27,448,1215,1.000000,1.000000,1.000000,1.000000,1,1,1,0
1665,29,449,1215,1.000000,1.000000,1.000000,1.000000,1,1,1,0
1666,27,449,1216,1.000000,1.000000,1.000000,1.000000,0,0,0,0
1667,29,450,1216,1.000000,1.000000,1.000000,1.000000,0,0,0,0
1668,27,450,1217,1.000000,1.000000,1.000000,1.000000,0,1,1,1
1669,25,450,1218,1.000000,1.000000,1.000000,1.000000,0,0,1,0
1670,23,450,1219,1.000000,1.000000,1.000000,1.000000,1,0,0,1
1671,21,450,1220,1.000000,1.000000,1.000000,1.000000,0,1,0,0
1672,29,451,1220,1.000000,1.000000,1.000000,1.000000,0,1,0,0
1673,27,451,1221,1.000000,1.000000,1.000000,1.000000,1,1,0,1
1674,25,451,1222,1.000000,1.000000,1.000000,1.000000,0,0,0,0
1675,29,452,1222,1.000000,1.000000,1.000000,1.000000,0,0,0,0
1676,27,452,1223,1.000000,1.000000,1.000000,1.000000,1,1,0,0
1677,25,452,1224,1.000000,1.000000,1.000000,1.000000,0,0,0,0
1678,29,453,1224,1.000000,1.000000,1.000000,1.000000,0,0,0,0
1679,27,453,1225,1.000000,1.000000,1.000000,1.000000,1,0,0,0
1680,25,453,1226,1.000000,1.000000,1.000000,1.000000,0,0,0,0
1681,23,453,1227,1.000000,1.000000,1.000000,1.000000,1,0,0,0
1682,21,453,1228,1.000000,1.000000,1.000000,1.000000,0,1,0,0
1683,29,454,1228,1.000000,1.000000,1.000000,1.000000,0,1,0,0
1684,27,454,1229,1.000000,1.000000,1.000000,1.000000,1,1,0,0
1685,29,455,1229,1.000000,1.000000,1.000000,1.000000,1,1,0,0
1686,27,455,1230,1.000000,1.000000,1.000000,1.000000,1,0,0,0
1687,29,456,1230,1.000000,1.000000,1.000000,1.000000,1,0,0,0
1688,27,456,1231,1.000000,1.000000,1.000000,1.000000,0,0,0,0
1689,29,457,1231,1.000000,1.000000,1.000000,1.000000,0,0,0,0
1690,27,457,1232,1.000000,1.000000,1.000000,1.000000,1,0,0,1
1691,25,457,1233,1.000000,1.000000,1.000000,1.000000,0,0,0,0
1692,29,458,1233,1.000000,1.000000,1.000000,1.000000,0,0,0,0
1693,27,458,1234,1.000000,1.000000,1.000000,1.000000,0,0,1,0
1694,25,458,1235,1.000000,1.000000,1.000000,1.000000,0,0,0,0
1695,23,458,1236,1.000000,1.000000,1.000000,1.000000,0,0,0,1
1696,21,458,1237,1.000000,1.000000,1.000000,1.000000,0,0,0,0
1697,29,459,1237,1.000000,1.000000,1.000000,1.000000,0,0,0,0
1698,27,459,1238,1.000000,1.000000,1.000000,1.000000,1,0,0,0
1699,25,459,1239,1.000000,1.000000,1.000000,1.000000,0,0,0,1
1700,29,460,1239,1.000000,1.000000,1.000000,1.000000,0,0,0,1
1701,27,460,1240,1.000000,1.000000,1.000000,1.000000,0,0,0,0
1702,29,461,1240,1.000000,1.000000,1.000000,1.000000,0,0,0,0
1703,27,461,1241,1.000000,1.000000,1.000000,1.000000,0,0,0,0
1704,25,461,1242,1.000000,1.000000,1.000000,1.000000,1,0,0,0
1705,23,461,1243,1.000000,1.000000,1.000000,1.000000,0,0,0,0
1706,29,462,1243,1.000000,1.000000,1.000000,1.000000,0,0,0,0
1707,27,462,1244,1.000000,1.000000,1.000000,1.000000,0,0,0,0
1708,25,462,1245,1.000000,1.000000,1.000000,1.000000,0,0,1,0
1709,23,462,1246,1.000000,1.000000,1.000000,1.000000,0,1,0,0
1710,29,463,1246,1.000000,1.000000,1.000000,1.000000,0,1,0,0
1711,27,463,1247,1.000000,1.000000,1.000000,1.000000,0,0,0,0
1712,29,464,1247,1.000000,1.000000,1.000000,1.000000,0,0,0,0
1713,27,464,1248,1.000000,1.000000,1.000000,1.000000,0,0,1,0
1714,25,464,1249,1.000000,1.000000,1.000000,1.000000,0,0,1,0
1715,29,465,1249,1.000000,1.000000,1.000000,1.000000,0,0,1,0
1716,27,465,1250,1.000000,1.000000,1.000000,1.000000,0,0,0,0
1717,29,466,1250,1.000000,1.000000,1.000000,1.000000,0,0,0,0
1718,27,466,1251,1.000000,1.000000,1.000000,1.000000,0,1,0,0
1719,25,466,1252,1.000000,1.000000,1.000000,1.000000,1,1,0,0
1720,23,466,1253,1.000000,1.000000,1.000000,1.000000,0,0,0,1
1721,29,467,1253,1.000000,1.000000,1.000000,1.000000,0,0,0,1
1722,27,467,1254,1.000000,1.000000,1.000000,1.000000,1,0,0,0
1723,29,468,1254,1.000000,1.000000,1.000000,1.000000,1,0,0,0
1724,27,468,1255,1.000000,1.000000,1.000000,1.000000,0,0,0,0
1725,29,469,1255,1.000000,1.000000,1.000000,1.000000,0,0,0,0
1726,27,469,1256,1.000000,1.000000,1.000000,1.000000,0,0,0,0
1727,25,469,1257,1.000000,1.000000,1.000000,1.000000,0,0,0,0
1728,23,469,1258,1.000000,1.000000,1.000000,1.000000,0,0,0,0
1729,21,469,1259,1.000000,1.000000,1.000000,1.000000,0,0,0,0
1730,19,469,1260,1.000000,1.000000,1.000000,1.000000,0,0,0,1
1731,17,469,1261,1.000000,1.000000,1.000000,1.000000,0,0,1,0
1732,29,470,1261,1.000000,1.000000,1.000000,1.000000,0,0,1,0
1733,27,470,1262,1.000000,1.000000,1.000000,1.000000,0,0,0,0
1734,29,471,1262,1.000000,1.000000,1.000000,1.000000,0,0,0,0
1735,27,471,1263,1.000000,1.000000,1.000000,1.000000,0,0,0,0
1736,25,471,1264,1.000000,1.000000,1.000000,1.000000,0,0,1,1
1737,23,471,1265,1.000000,1.000000,1.000000,1.000000,0,0,0,1
1738,29,472,1265,1.000000,1.000000,1.000000,1.000000,0,0,0,1
1739,27,472,1266,1.000000,1.000000,1.000000,1.000000,1,0,1,1
1740,29,473,1266,1.000000,1.000000,1.000000,1.000000,1,0,1,1
1741,27,473,1267,1.000000,1.000000,1.000000,1.000000,0,0,1,0
1742,29,474,1267,1.000000,1.000000,1.000000,1.000000,0,0,1,0
1743,27,474,1268,1.000000,1.000000,1.000000,1.000000,0,1,1,0
1744,29,475,1268,1.000000,1.000000,1.000000,1.000000,0,1,1,0
1745,27,475,1269,1.000000,1.000000,1.000000,1.000000,0,0,1,0
1746,29,476,1269,1.000000,1.000000,1.000000,1.000000,0,0,1,0
1747,27,476,1270,1.000000,1.000000,1.000000,1.000000,0,0,0,1
1748,29,477,1270,1.000000,1.000000,1.000000,1.000000,0,0,0,1
1749,27,477,1271,1.000000,1.000000,1.000000,1.000000,0,0,0,0
1750,29,478,1271,1.000000,1.000000,1.000000,1.000000,0,0,0,0
1751,27,478,1272,1.000000,1.000000,1.000000,1.000000,0,0,0,0
1752,25,478,1273,1.000000,1.000000,1.000000,1.000000,0,0,0,0
1753,23,478,1274,1.000000,1.000000,1.000000,1.000000,1,1,0,0
1754,21,478,1275,1.000000,1.000000,1.000000,1.000000,1,0,1,0
1755,29,479,1275,1.000000,1.000000,1.000000,1.000000,1,0,1,0
1756,27,479,1276,1.000000,1.000000,1.000000,1.000000,0,1,0,1
1757,29,480,1276,1.000000,1.000000,1.000000,1.000000,0,1,0,1
1758,27,480,1277,1.000000,1.000000,1.000000,1.000000,0,0,0,0
1759,29,481,1277,1.000000,1.000000,1.000000,1.000000,0,0,0,0
1760,27,481,1278,1.000000,1.000000,1.000000,1.000000,0,0,1,1
1761,25,481,1279,1.000000,1.000000,1.000000,1.000000,0,0,0,1
1762,29,482,1279,1.000000,1.000000,1.000000,1.000000,0,0,1,1
1763,27,482,1280,1.000000,1.000000,1.000000,1.000000,0,0,0,0
1764,29,483,1280,1.000000,1.000000,1.000000,1.000000,0,0,0,1
1765,27,483,1281,1.000000,1.000000,1.000000,1.000000,1,0,0,0
1766,25,483,1282,1.000000,1.000000,1.000000,1.000000,1,0,1,0
1767,23,483,1283,1.000000,1.000000,1.000000,1.000000,0,0,1,0
1768,29,484,1283,1.000000,1.000000,1.000000,1.000000,0,0,1,0
1769,27,484,1284,1.000000,1.000000,1.000000,1.000000,0,0,1,0
1770,29,485,1284,1.000000,1.000000,1.000000,1.000000,0,0,1,0
1771,27,485,1285,1.000000,1.000000,1.000000,1.000000,0,0,0,0
1772,29,486,1285,1.000000,1.000000,1.000000,1.000000,0,0,0,0
1773,27,486,1286,1.000000,1.000000,1.000000,1.000000,0,0,0,0
1774,25,486,1287,1.000000,1.000000,1.000000,1.000000,0,0,0,0
1775,23,486,1288,1.000000,1.000000,1.000000,1.000000,0,0,1,0
1776,21,486,1289,1.000000,1.000000,1.000000,1.000000,0,0,0,0
1777,29,487,1289,1.000000,1.000000,1.000000,1.000000,0,0,0,0
1778,27,487,1290,1.000000,1.000000,1.000000,1.000000,0,0,0,0
1779,25,487,1291,1.000000,1.000000,1.000000,1.000000,0,0,0,0
1780,23,487,1292,1.000000,1.000000,1.000000,1.000000,0,0,0,1
1781,21,487,1293,1.000000,1.000000,1.000000,1.000000,0,0,1,0
1782,29,488,1293,1.000000,1.000000,1.000000,1.000000,0,0,1,0
1783,27,488,1294,1.000000,1.000000,1.000000,1.000000,1,0,0,0
1784,25,488,1295,1.000000,1.000000,1.000000,1.000000,1,0,0,0
1785,29,489,1295,1.000000,1.000000,1.000000,1.000000,1,0,0,0
1786,27,489,1296,1.000000,1.000000,1.000000,1.000000,1,1,0,0
1787,29,490,1296,1.000000,1.000000,1.000000,1.000000,1,1,0,0
1788,27,490,1297,1.000000,1.000000,1.000000,1.000000,0,0,0,0
1789,29,491,1297,1.000000,1.000000,1.000000,1.000000,0,0,0,0
1790,27,491,1298,1.000000,1.000000,1.000000,1.000000,0,0,0,0
1791,25,491,1299,1.000000,1.000000,1.000000,1.000000,0,0,0,0
1792,23,491,1300,1.000000,1.000000,1.000000,1.000000,0,0,0,0
1793,21,491,1301,1.000000,1.000000,1.000000,1.000000,0,0,0,0
1794,19,491,1302,1.000000,1.000000,1.000000,1.000000,0,0,0,0
1795,17,491,1303,1.000000,1.000000,1.000000,1.000000,0,0,0,0
1796,15,491,1304,1.000000,1.000000,1.000000,1.000000,0,0,1,0
1797,13,491,1305,1.000000,1.000000,1.000000,1.000000,0,0,1,0
1798,29,492,1305,1.000000,1.000000,1.000000,1.000000,0,0,1,0
1799,27,492,1306,1.000000,1.000000,1.000000,1.000000,0,0,0,0
1800,29,493,1306,1.000000,1.000000,1.000000,1.000000,0,0,0,0
1801,27,493,1307,1.000000,1.000000,1.000000,1.000000,0,0,0,0
1802,25,493,1308,1.000000,1.000000,1.000000,1.000000,0,0,0,0
1803,23,493,1309,1.000000,1.000000,1.000000,1.000000,0,0,0,0
1804,21,493,1310,1.000000,1.000000,1.000000,1.000000,0,0,0,1
1805,19,493,1311,1.000000,1.000000,1.000000,1.000000,0,0,0,0
1806,29,494,1311,1.000000,1.000000,1.000000,1.000000,0,0,0,0
1807,27,494,1312,1.000000,1.000000,1.000000,1.000000,0,0,0,0
1808,25,494,1313,1.000000,1.000000,1.000000,1.000000,0,0,0,0
1809,23,494,1314,1.000000,1.000000,1.000000,1.000000,0,0,0,0
1810,21,494,1315,1.000000,1.000000,1.000000,1.000000,0,0,0,0
1811,19,494,1316,1.000000,1.000000,1.000000,1.000000,1,0,0,0
1812,17,494,1317,1.000000,1.000000,1.000000,1.000000,1,0,0,0
1813,29,495,1317,1.000000,1.000000,1.000000,1.000000,1,0,0,0
1814,27,495,1318,1.000000,1.000000,1.000000,1.000000,1,1,0,0
1815,29,496,1318,1.000000,1.000000,1.000000,1.000000,1,1,0,0
1816,27,496,1319,1.000000,1.000000,1.000000,1.000000,1,0,0,0
1817,29,497,1319,1.000000,1.000000,1.000000,1.000000,1,0,0,0
1818,27,497,1320,1.000000,1.000000,1.000000,1.000000,0,1,0,0
1819,25,497,1321,1.000000,1.000000,1.000000,1.000000,0,0,0,0
1820,29,498,1321,1.000000,1.000000,1.000000,1.000000,0,0,0,0
1821,27,498,1322,1.000000,1.000000,1.000000,1.000000,0,0,0,0
1822,25,498,1323,1.000000,1.000000,1.000000,1.000000,0,0,0,0
1823,23,498,1324,1.000000,1.000000,1.000000,1.000000,0,0,0,0
1824,21,498,1325,1.000000,1.000000,1.000000,1.000000,0,1,0,0
1825,19,498,1326,1.000000,1.000000,1.000000,1.000000,1,1,1,0
1826,29,499,1326,1.000000,1.000000,1.000000,1.000000,1,1,1,0
1827,27,499,1327,1.000000,1.000000,1.000000,1.000000,0,1,0,0
1828,29,500,1327,1.000000,1.000000,1.000000,1.000000,0,1,0,0
1829,27,500,1328,1.000000,1.000000,1.000000,1.000000,1,1,1,0
1830,25,500,1329,1.000000,1.000000,1.000000,1.000000,0,0,0,1
1831,23,500,1330,1.000000,1.000000,1.000000,1.000000,1,1,1,0
1832,29,501,1330,1.000000,1.000000,1.000000,1.000000,1,1,1,0
1833,27,501,1331,1.000000,1.000000,1.000000,1.000000,0,0,0,0
1834,29,502,1331,1.000000,1.000000,1.000000,1.000000,0,0,0,0
1835,27,502,1332,1.000000,1.000000,1.000000,1.000000,0,0,0,1
1836,25,502,1333,1.000000,1.000000,1.000000,1.000000,1,0,0,0
1837,29,503,1333,1.000000,1.000000,1.000000,1.000000,1,0,0,0
1838,27,503,1334,1.000000,1.000000,1.000000,1.000000,0,0,0,0
1839,29,504,1334,1.000000,1.000000,1.000000,1.000000,0,0,0,0
1840,27,504,1335,1.000000,1.000000,1.000000,1.000000,1,0,0,1
1841,25,504,1336,1.000000,1.000000,1.000000,1.000000,1,0,0,0
1842,23,504,1337,1.000000,1.000000,1.000000,1.000000,0,1,1,1
1843,29,505,1337,1.000000,1.000000,1.000000,1.000000,0,1,1,1
1844,27,505,1338,1.000000,1.000000,1.000000,1.000000,0,0,0,1
1845,29,506,1338,1.000000,1.000000,1.000000,1.000000,0,0,0,1
1846,27,506,1339,1.000000,1.000000,1.000000,1.000000,0,0,0,1
1847,29,507,1339,1.000000,1.000000,1.000000,1.000000,0,0,0,1
1848,27,507,1340,1.000000,1.000000,1.000000,1.000000,1,0,0,1
1849,29,508,1340,1.000000,1.000000,1.000000,1.000000,1,0,0,1
1850,27,508,1341,1.000000,1.000000,1.000000,1.000000,0,0,0,0
1851,29,509,1341,1.000000,1.000000,1.000000,1.000000,0,0,0,0
1852,27,509,1342,1.000000,1.000000,1.000000,1.000000,1,0,0,0
1853,25,509,1343,1.000000,1.000000,1.000000,1.000000,1,0,0,0
1854,29,510,1343,1.000000,1.000000,1.000000,1.000000,1,0,0,0
1855,27,510,1344,1.000000,1.000000,1.000000,1.000000,0,0,0,0
1856,29,511,1344,1.000000,1.000000,1.000000,1.000000,0,0,0,0
1857,27,511,1345,1.000000,1.000000,1.000000,1.000000,0,1,0,0
1858,25,511,1346,1.000000,1.000000,1.000000,1.000000,0,0,0,0
1859,29,512,1346,1.000000,1.000000,1.000000,1.000000,0,0,0,0
1860,27,512,1347,1.000000,1.000000,1.000000,1.000000,0,0,0,0
1861,25,512,1348,1.000000,1.000000,1.000000,1.000000,0,0,0,0
1862,23,512,1349,1.000000,1.000000,1.000000,1.000000,0,0,0,0
1863,21,512,1350,1.000000,1.000000,1.000000,1.000000,1,0,0,1
1864,19,512,1351,1.000000,1.000000,1.000000,1.000000,0,0,1,0
1865,29,513,1351,1.000000,1.000000,1.000000,1.000000,0,0,1,0
1866,27,513,1352,1.000000,1.000000,1.000000,1.000000,0,0,0,0
1867,29,514,1352,1.000000,1.000000,1.000000,1.000000,0,0,0,0
1868,27,514,1353,1.000000,1.000000,1.000000,1.000000,0,0,0,0
1869,25,514,1354,1.000000,1.000000,1.000000,1.000000,1,0,0,0
1870,23,514,1355,1.000000,1.000000,1.000000,1.000000,0,0,0,0
1871,29,515,1355,1.000000,1.000000,1.000000,1.000000,0,0,0,0
1872,27,515,1356,1.000000,1.000000,1.000000,1.000000,0,0,0,0
1873,25,515,1357,1.000000,1.000000,1.000000,1.000000,0,0,0,0
1874,23,515,1358,1.000000,1.000000,1.000000,1.000000,0,0,0,1
1875,21,515,1359,1.000000,1.000000,1.000000,1.000000,0,0,0,0
1876,29,516,1359,1.000000,1.000000,1.000000,1.000000,0,0,0,0
1877,27,516,1360,1.000000,1.000000,1.000000,1.000000,1,0,1,0
1878,25,516,1361,1.000000,1.000000,1.000000,1.000000,0,0,0,0
1879,29,517,1361,1.000000,1.000000,1.000000,1.000000,0,0,0,0
1880,27,517,1362,1.000000,1.000000,1.000000,1.000000,1,0,0,0
1881,25,517,1363,1.000000,1.000000,1.000000,1.000000,0,0,0,0
1882,29,518,1363,1.000000,1.000000,1.000000,1.000000,0,0,0,0
1883,27,518,1364,1.000000,1.000000,1.000000,1.000000,0,0,0,0
1884,25,518,1365,1.000000,1.000000,1.000000,1.000000,0,0,0,0
1885,23,518,1366,1.000000,1.000000,1.000000,1.000000,0,0,0,0
1886,21,518,1367,1.000000,1.000000,1.000000,1.000000,0,0,0,0
1887,19,518,1368,1.000000,1.000000,1.000000,1.000000,0,0,0,0
1888,17,518,1369,1.000000,1.000000,1.000000,1.000000,0,0,0,1
1889,15,518,1370,1.000000,1.000000,1.000000,1.000000,0,0,1,0
1890,29,519,1370,1.000000,1.000000,1.000000,1.000000,0,0,1,0
1891,27,519,1371,1.000000,1.000000,1.000000,1.000000,0,0,0,0
1892,29,520,1371,1.000000,1.000000,1.000000,1.000000,0,0,0,0
1893,27,520,1372,1.000000,1.000000,1.000000,1.000000,0,0,0,1
1894,25,520,1373,1.000000,1.000000,1.000000,1.000000,0,0,0,0
1895,29,521,1373,1.000000,1.000000,1.000000,1.000000,0,0,0,0
1896,27,521,1374,1.000000,1.000000,1.000000,1.000000,0,0,0,1
1897,25,521,1375,1.000000,1.000000,1.000000,1.000000,0,0,0,0
1898,29,522,1375,1.000000,1.000000,1.000000,1.000000,0,0,0,0
1899,27,522,1376,1.000000,1.000000,1.000000,1.000000,0,0,1,0
1900,25,522,1377,1.000000,1.000000,1.000000,1.000000,0,0,0,1
1901,29,523,1377,1.000000,1.000000,1.000000,1.000000,0,0,0,1
1902,27,523,1378,1.000000,1.000000,1.000000,1.000000,0,0,0,0
1903,25,523,1379,1.000000,1.000000,1.000000,1.000000,0,0,0,0
1904,23,523,1380,1.000000,1.000000,1.000000,1.000000,0,0,0,0
1905,21,523,1381,1.000000,1.000000,1.000000,1.000000,0,0,0,0
1906,19,523,1382,1.000000,1.000000,1.000000,1.000000,0,1,0,0
1907,17,523,1383,1.000000,1.000000,1.000000,1.000000,1,0,0,0
1908,29,524,1383,1.000000,1.000000,1.000000,1.000000,1,0,0,0
1909,27,524,1384,1.000000,1.000000,1.000000,1.000000,0,0,0,0
1910,29,525,1384,1.000000,1.000000,1.000000,1.000000,0,0,0,0
1911,27,525,1385,1.000000,1.000000,1.000000,1.000000,0,0,0,1
1912,25,525,1386,1.000000,1.000000,1.000000,1.000000,0,0,0,0
1913,29,526,1386,1.000000,1.000000,1.000000,1.000000,0,0,0,0
1914,27,526,1387,1.000000,1.000000,1.000000,1.000000,0,0,0,0
1915,25,526,1388,1.000000,1.000000,1.000000,1.000000,0,0,0,0
1916,23,526,1389,1.000000,1.000000,1.000000,1.000000,0,0,0,0
1917,21,526,1390,1.000000,1.000000,1.000000,1.000000,0,0,0,0
1918,19,526,1391,1.000000,1.000000,1.000000,1.000000,0,0,0,0
1919,17,526,1392,1.000000,1.000000,1.000000,1.000000,0,0,0,0
1920,15,526,1393,1.000000,1.000000,1.000000,1.000000,0,0,0,0
1921,13,526,1394,1.000000,1.000000,1.000000,1.000000,0,0,0,0
1922,11,526,1395,1.000000,1.000000,1.000000,1.000000,0,0,0,0
1923,9,526,1396,1.000000,1.000000,1.000000,1.000000,0,0,0,0
1924,7,526,1397,1.000000,1.000000,1.000000,1.000000,0,0,0,0
1925,5,526,1398,1.000000,1.000000,1.000000,1.000000,1,0,0,0
1926,3,526,1399,1.000000,1.000000,1.000000,1.000000,0,0,0,0
1927,29,527,1399,1.000000,1.000000,1.000000,1.000000,0,0,0,0
1928,27,527,1400,1.000000,1.000000,1.000000,1.000000,0,0,0,1
1929,25,527,1401,1.000000,1.000000,1.000000,1.000000,1,0,1,0
1930,29,528,1401,1.000000,1.000000,1.000000,1.000000,1,0,1,0
1931,27,528,1402,1.000000,1.000000,1.000000,1.000000,0,0,0,0
1932,29,529,1402,1.000000,1.000000,1.000000,1.000000,0,0,0,0
1933,27,529,1403,1.000000,1.000000,1.000000,1.000000,1,0,0,1
1934,25,529,1404,1.000000,1.000000,1.000000,1.000000,0,0,0,0
1935,29,530,1404,1.000000,1.000000,1.000000,1.000000,0,0,0,0
1936,27,530,1405,1.000000,1.000000,1.000000,1.000000,0,0,0,0
1937,25,530,1406,1.000000,1.000000,1.000000,1.000000,0,1,0,0
1938,23,530,1407,1.000000,1.000000,1.000000,1.000000,0,0,0,0
1939,29,531,1407,1.000000,1.000000,1.000000,1.000000,0,0,0,0
1940,27,531,1408,1.000000,1.000000,1.000000,1.000000,0,0,0,0
1941,25,531,1409,1.000000,1.000000,1.000000,1.000000,0,0,0,0
1942,23,531,1410,1.000000,1.000000,1.000000,1.000000,0,0,0,0
1943,21,531,1411,1.000000,1.000000,1.000000,1.000000,0,0,0,1
1944,19,531,1412,1.000000,1.000000,1.000000,1.000000,1,0,0,0
1945,29,532,1412,1.000000,1.000000,1.000000,1.000000,1,0,0,0
1946,27,532,1413,1.000000,1.000000,1.000000,1.000000,0,0,0,0
1947,29,533,1413,1.000000,1.000000,1.000000,1.000000,0,0,0,0
1948,27,533,1414,1.000000,1.000000,1.000000,1.000000,0,1,0,0
1949,25,533,1415,1.000000,1.000000,1.000000,1.000000,1,1,0,0
1950,23,533,1416,1.000000,1.000000,1.000000,1.000000,0,0,1,0
1951,29,534,1416,1.000000,1.000000,1.000000,1.000000,0,0,1,0
1952,27,534,1417,1.000000,1.000000,1.000000,1.000000,0,1,0,0
1953,29,535,1417,1.000000,1.000000,1.000000,1.000000,0,1,0,0
1954,27,535,1418,1.000000,1.000000,1.000000,1.000000,0,0,0,0
1955,29,536,1418,1.000000,1.000000,1.000000,1.000000,0,0,0,0
1956,27,536,1419,1.000000,1.000000,1.000000,1.000000,0,1,0,0
1957,25,536,1420,1.000000,1.000000,1.000000,1.000000,0,0,0,0
1958,23,536,1421,1.000000,1.000000,1.000000,1.000000,0,0,0,0
1959,21,536,1422,1.000000,1.000000,1.000000,1.000000,0,0,0,0
1960,19,536,1423,1.000000,1.000000,1.000000,1.000000,0,0,0,0
1961,17,536,1424,1.000000,1.000000,1.000000,1.000000,0,0,0,0
1962,15,536,1425,1.000000,1.000000,1.000000,1.000000,0,1,0,0
1963,13,536,1426,1.000000,1.000000,1.000000,1.000000,0,0,0,0
1964,29,537,1426,1.000000,1.000000,1.000000,1.000000,0,0,0,0
1965,27,537,1427,1.000000,1.000000,1.000000,1.000000,0,0,0,1
1966,25,537,1428,1.000000,1.000000,1.000000,1.000000,0,0,0,0
1967,29,538,1428,1.000000,1.000000,1.000000,1.000000,0,0,1,0
1968,27,538,1429,1.000000,1.000000,1.000000,1.000000,0,0,0,0
1969,29,539,1429,1.000000,1.000000,1.000000,1.000000,0,1,0,0
1970,27,539,1430,1.000000,1.000000,1.000000,1.000000,0,0,0,0
1971,29,540,1430,1.000000,1.000000,1.000000,1.000000,0,0,0,0
1972,27,540,1431,1.000000,1.000000,1.000000,1.000000,0,0,0,0
1973,25,540,1432,1.000000,1.000000,1.000000,1.000000,0,0,0,0
1974,23,540,1433,1.000000,1.000000,1.000000,1.000000,0,0,0,0
1975,21,540,1434,1.000000,1.000000,1.000000,1.000000,0,0,0,0
1976,19,540,1435,1.000000,1.000000,1.000000,1.000000,0,0,0,0
1977,17,540,1436,1.000000,1.000000,1.000000,1.000000,0,0,0,0
1978,15,540,1437,1.000000,1.000000,1.000000,1.000000,1,0,0,0
1979,13,540,1438,1.000000,1.000000,1.000000,1.000000,0,0,0,0
1980,29,541,1438,1.000000,1.000000,1.000000,1.000000,0,0,0,0
1981,27,541,1439,1.000000,1.000000,1.000000,1.000000,1,0,0,0
1982,25,541,1440,1.000000,1.000000,1.000000,1.000000,0,1,0,0
1983,29,542,1440,1.000000,1.000000,1.000000,1.000000,0,1,0,0
1984,27,542,1441,1.000000,1.000000,1.000000,1.000000,0,0,0,0
1985,29,543,1441,1.000000,1.000000,1.000000,1.000000,0,0,0,0
1986,27,543,1442,1.000000,1.000000,1.000000,1.000000,1,0,0,0
1987,25,543,1443,1.000000,1.000000,1.000000,1.000000,0,0,0,0
1988,29,544,1443,1.000000,1.000000,1.000000,1.000000,0,0,0,0
1989,27,544,1444,1.000000,1.000000,1.000000,1.000000,1,1,0,0
1990,25,544,1445,1.000000,1.000000,1.000000,1.000000,0,0,0,0
1991,29,545,1445,1.000000,1.000000,1.000000,1.000000,0,0,0,0
1992,27,545,1446,1.000000,1.000000,1.000000,1.000000,0,0,0,0
1993,25,545,1447,1.000000,1.000000,1.000000,1.000000,0,0,0,0
1994,23,545,1448,1.000000,1.000000,1.000000,1.000000,0,0,0,0
1995,21,545,1449,1.000000,1.000000,1.000000,1.000000,0,0,0,0
1996,19,545,1450,1.000000,1.000000,1.000000,1.000000,0,0,0,0
1997,17,545,1451,1.000000,1.000000,1.000000,1.000000,0,0,0,0
1998,15,545,1452,1.000000,1.000000,1.000000,1.000000,0,0,0,1
1999,13,545,1453,1.000000,1.000000,1.000000,1.000000,0,0,0,0
2000,29,546,1453,1.000000,1.000000,1.000000,1.000000,0,0,0,0
