tick,energy,eats,distance,conn_1_6_weight,conn_2_7_weight,conn_3_8_weight,conn_4_9_weight,food_north_sensed,food_east_sensed,food_south_sensed,food_west_sensed
0,30,0,0,1.000000,1.000000,1.000000,1.000000,0,0,0,0
1,29,0,0,1.000000,1.000000,1.000000,1.000000,0,0,0,0
2,27,0,1,1.000000,1.000000,1.000000,1.000000,0,0,1,1
3,25,0,2,1.000000,1.000000,1.000000,1.000000,1,0,0,1
4,23,0,3,1.000000,1.000000,1.000000,1.000000,1,1,0,0
5,29,1,3,1.000000,1.000000,1.000000,1.000000,1,1,0,0
6,27,1,4,1.000000,1.000000,1.000000,1.000000,1,0,0,0
7,29,2,4,1.000000,1.000000,1.000000,1.000000,1,0,0,0
8,27,2,5,1.000000,1.000000,1.000000,1.000000,1,0,0,1
9,29,3,5,1.000000,1.000000,1.000000,1.000000,1,0,0,1
10,27,3,6,1.000000,1.000000,1.000000,1.000000,0,0,0,0
11,29,4,6,1.000000,1.000000,1.000000,1.000000,0,0,0,0
12,27,4,7,1.000000,1.000000,1.000000,1.000000,0,0,0,0
13,25,4,8,1.000000,1.000000,1.000000,1.000000,0,0,1,0
14,23,4,9,1.000000,1.000000,1.000000,1.000000,0,0,0,0
15,29,5,9,1.000000,1.000000,1.000000,1.000000,0,0,0,0
16,27,5,10,1.000000,1.000000,1.000000,1.000000,0,0,0,0
17,25,5,11,1.000000,1.000000,1.000000,1.000000,0,1,0,0
18,23,5,12,1.000000,1.000000,1.000000,1.000000,0,0,0,0
19,29,6,12,1.000000,1.000000,1.000000,1.000000,0,0,0,0
20,27,6,13,1.000000,1.000000,1.000000,1.000000,0,0,0,0
21,25,6,14,1.000000,1.000000,1.000000,1.000000,0,0,0,0
22,23,6,15,1.000000,1.000000,1.000000,1.000000,1,0,0,0
23,21,6,16,1.000000,1.000000,1.000000,1.000000,1,0,0,1
24,29,7,16,1.000000,1.000000,1.000000,1.000000,1,0,0,1
25,27,7,17,1.000000,1.000000,1.000000,1.000000,1,0,0,1
26,29,8,17,1.000000,1.000000,1.000000,1.000000,1,0,0,1
27,27,8,18,1.000000,1.000000,1.000000,1.000000,0,0,1,0
28,29,9,18,1.000000,1.000000,1.000000,1.000000,0,0,1,0
29,27,9,19,1.000000,1.000000,1.000000,1.000000,0,0,0,0
30,29,10,19,1.000000,1.000000,1.000000,1.000000,0,0,0,0
31,27,10,20,1.000000,1.000000,1.000000,1.000000,0,0,0,0
32,25,10,21,1.000000,1.000000,1.000000,1.000000,0,0,0,0
33,23,10,22,1.000000,1.000000,1.000000,1.000000,0,0,0,0
34,21,10,23,1.000000,1.000000,1.000000,1.000000,0,1,0,0
35,19,10,24,1.000000,1.000000,1.000000,1.000000,0,0,0,0
36,29,11,24,1.000000,1.000000,1.000000,1.000000,0,0,0,0
37,27,11,25,1.000000,1.000000,1.000000,1.000000,0,0,0,0
38,25,11,26,1.000000,1.000000,1.000000,1.000000,0,0,0,0
39,29,12,26,1.000000,1.000000,1.000000,1.000000,0,0,0,0
40,27,12,27,1.000000,1.000000,1.000000,1.000000,1,0,0,0
41,29,13,27,1.000000,1.000000,1.000000,1.000000,1,0,0,0
42,27,13,28,1.000000,1.000000,1.000000,1.000000,1,0,0,0
43,29,14,28,1.000000,1.000000,1.000000,1.000000,1,0,0,0
44,27,14,29,1.000000,1.000000,1.000000,1.000000,0,1,0,1
45,29,15,29,1.000000,1.000000,1.000000,1.000000,0,1,0,1
46,27,15,30,1.000000,1.000000,1.000000,1.000000,1,1,0,0
47,29,16,30,1.000000,1.000000,1.000000,1.000000,1,1,0,0
48,27,16,31,1.000000,1.000000,1.000000,1.000000,0,0,0,0
49,29,17,31,1.000000,1.000000,1.000000,1.000000,0,0,0,0
50,27,17,32,1.000000,1.000000,1.000000,1.000000,1,0,0,0
51,25,17,33,1.000000,1.000000,1.000000,1.000000,0,0,0,0
52,29,18,33,1.000000,1.000000,1.000000,1.000000,0,0,0,0
53,27,18,34,1.000000,1.000000,1.000000,1.000000,0,0,0,0
54,25,18,35,1.000000,1.000000,1.000000,1.000000,0,0,0,1
55,23,18,36,1.000000,1.000000,1.000000,1.000000,1,0,0,1
56,29,19,36,1.000000,1.000000,1.000000,1.000000,1,0,0,1
57,27,19,37,1.000000,1.000000,1.000000,1.000000,0,0,1,0
58,29,20,37,1.000000,1.000000,1.000000,1.000000,0,0,1,0
59,27,20,38,1.000000,1.000000,1.000000,1.000000,0,0,0,0
60,29,21,38,1.000000,1.000000,1.000000,1.000000,0,0,0,0
61,27,21,39,1.000000,1.000000,1.000000,1.000000,0,0,0,0
62,25,21,40,1.000000,1.000000,1.000000,1.000000,0,0,0,0
63,23,21,41,1.000000,1.000000,1.000000,1.000000,0,0,0,0
64,21,21,42,1.000000,1.000000,1.000000,1.000000,0,0,0,1
65,19,21,43,1.000000,1.000000,1.000000,1.000000,0,0,0,0
66,29,22,43,1.000000,1.000000,1.000000,1.000000,0,0,0,0
67,27,22,44,1.000000,1.000000,1.000000,1.000000,0,0,0,0
68,25,22,45,1.000000,1.000000,1.000000,1.000000,0,0,0,0
69,23,22,46,1.000000,1.000000,1.000000,1.000000,1,1,0,0
70,21,22,47,1.000000,1.000000,1.000000,1.000000,1,0,1,0
71,29,23,47,1.000000,1.000000,1.000000,1.000000,1,0,1,0
72,27,23,48,1.000000,1.000000,1.000000,1.000000,0,1,0,1
73,29,24,48,1.000000,1.000000,1.000000,1.000000,0,1,0,1
74,27,24,49,1.000000,1.000000,1.000000,1.000000,0,1,1,0
75,29,25,49,1.000000,1.000000,1.000000,1.000000,0,1,1,0
76,27,25,50,1.000000,1.000000,1.000000,1.000000,1,1,0,0
77,29,26,50,1.000000,1.000000,1.000000,1.000000,1,1,0,0
78,27,26,51,1.000000,1.000000,1.000000,1.000000,0,0,0,0
79,29,27,51,1.000000,1.000000,1.000000,1.000000,0,0,0,0
80,27,27,52,1.000000,1.000000,1.000000,1.000000,0,0,0,0
81,25,27,53,1.000000,1.000000,1.000000,1.000000,0,0,0,1
82,23,27,54,1.000000,1.000000,1.000000,1.000000,0,0,0,1
83,21,27,55,1.000000,1.000000,1.000000,1.000000,0,1,0,0
84,29,28,55,1.000000,1.000000,1.000000,1.000000,0,1,0,0
85,27,28,56,1.000000,1.000000,1.000000,1.000000,0,0,1,0
86,29,29,56,1.000000,1.000000,1.000000,1.000000,0,0,1,0
87,27,29,57,1.000000,1.000000,1.000000,1.000000,0,0,1,0
88,29,30,57,1.000000,1.000000,1.000000,1.000000,0,0,1,0
89,27,30,58,1.000000,1.000000,1.000000,1.000000,0,1,0,1
90,29,31,58,1.000000,1.000000,1.000000,1.000000,0,1,0,1
91,27,31,59,1.000000,1.000000,1.000000,1.000000,0,0,1,0
92,29,32,59,1.000000,1.000000,1.000000,1.000000,0,0,1,0
93,27,32,60,1.000000,1.000000,1.000000,1.000000,0,1,0,0
94,25,32,61,1.000000,1.000000,1.000000,1.000000,0,1,1,1
95,23,32,62,1.000000,1.000000,1.000000,1.000000,1,0,1,0
96,21,32,63,1.000000,1.000000,1.000000,1.000000,0,1,1,0
97,29,33,63,1.000000,1.000000,1.000000,1.000000,0,1,1,0
98,27,33,64,1.000000,1.000000,1.000000,1.000000,0,0,1,0
99,29,34,64,1.000000,1.000000,1.000000,1.000000,0,0,1,0
100,27,34,65,1.000000,1.000000,1.000000,1.000000,0,0,1,1
101,29,35,65,1.000000,1.000000,1.000000,1.000000,0,0,1,1
102,27,35,66,1.000000,1.000000,1.000000,1.000000,0,0,0,1
103,29,36,66,1.000000,1.000000,1.000000,1.000000,0,0,0,1
104,27,36,67,1.000000,1.000000,1.000000,1.000000,1,0,0,0
105,29,37,67,1.000000,1.000000,1.000000,1.000000,1,0,0,0
106,27,37,68,1.000000,1.000000,1.000000,1.000000,0,0,0,0
107,29,38,68,1.000000,1.000000,1.000000,1.000000,0,0,0,0
108,27,38,69,1.000000,1.000000,1.000000,1.000000,1,0,0,1
109,25,38,70,1.000000,1.000000,1.000000,1.000000,1,0,0,0
110,29,39,70,1.000000,1.000000,1.000000,1.000000,1,0,0,0
111,27,39,71,1.000000,1.000000,1.000000,1.000000,0,1,0,0
112,25,39,72,1.000000,1.000000,1.000000,1.000000,1,1,0,1
113,29,40,72,1.000000,1.000000,1.000000,1.000000,1,1,0,1
114,27,40,73,1.000000,1.000000,1.000000,1.000000,0,0,0,0
115,29,41,73,1.000000,1.000000,1.000000,1.000000,0,0,0,0
116,27,41,74,1.000000,1.000000,1.000000,1.000000,1,1,0,0
117,25,41,75,1.000000,1.000000,1.000000,1.000000,0,1,1,0
118,29,42,75,1.000000,1.000000,1.000000,1.000000,0,1,1,0
119,27,42,76,1.000000,1.000000,1.000000,1.000000,1,1,0,0
120,29,43,76,1.000000,1.000000,1.000000,1.000000,1,1,0,0
121,27,43,77,1.000000,1.000000,1.000000,1.000000,0,0,0,0
122,29,44,77,1.000000,1.000000,1.000000,1.000000,0,0,0,0
123,27,44,78,1.000000,1.000000,1.000000,1.000000,0,1,1,0
124,25,44,79,1.000000,1.000000,1.000000,1.000000,0,0,0,0
125,29,45,79,1.000000,1.000000,1.000000,1.000000,0,0,0,0
126,27,45,80,1.000000,1.000000,1.000000,1.000000,0,1,0,0
127,25,45,81,1.000000,1.000000,1.000000,1.000000,0,0,0,0
128,29,46,81,1.000000,1.000000,1.000000,1.000000,0,0,0,0
129,27,46,82,1.000000,1.000000,1.000000,1.000000,0,0,0,0
130,25,46,83,1.000000,1.000000,1.000000,1.000000,0,1,0,0
131,23,46,84,1.000000,1.000000,1.000000,1.000000,0,0,0,0
132,29,47,84,1.000000,1.000000,1.000000,1.000000,0,0,0,0
133,27,47,85,1.000000,1.000000,1.000000,1.000000,0,0,0,0
134,25,47,86,1.000000,1.000000,1.000000,1.000000,0,0,0,0
135,23,47,87,1.000000,1.000000,1.000000,1.000000,0,0,0,0
136,21,47,88,1.000000,1.000000,1.000000,1.000000,0,0,0,0
137,19,47,89,1.000000,1.000000,1.000000,1.000000,0,0,0,0
138,17,47,90,1.000000,1.000000,1.000000,1.000000,0,1,0,0
139,15,47,91,1.000000,1.000000,1.000000,1.000000,0,0,0,0
140,29,48,91,1.000000,1.000000,1.000000,1.000000,0,0,0,0
141,27,48,92,1.000000,1.000000,1.000000,1.000000,0,0,0,0
142,25,48,93,1.000000,1.000000,1.000000,1.000000,0,0,0,0
143,23,48,94,1.000000,1.000000,1.000000,1.000000,0,0,0,0
144,21,48,95,1.000000,1.000000,1.000000,1.000000,0,0,0,0
145,19,48,96,1.000000,1.000000,1.000000,1.000000,0,0,0,0
146,17,48,97,1.000000,1.000000,1.000000,1.000000,1,0,0,0
147,15,48,98,1.000000,1.000000,1.000000,1.000000,0,0,0,0
148,13,48,99,1.000000,1.000000,1.000000,1.000000,0,0,0,1
149,11,48,100,1.000000,1.000000,1.000000,1.000000,0,0,0,0
150,29,49,100,1.000000,1.000000,1.000000,1.000000,0,0,0,0
151,27,49,101,1.000000,1.000000,1.000000,1.000000,0,0,0,0
152,25,49,102,1.000000,1.000000,1.000000,1.000000,0,0,0,0
153,23,49,103,1.000000,1.000000,1.000000,1.000000,0,0,1,0
154,21,49,104,1.000000,1.000000,1.000000,1.000000,0,0,1,0
155,29,50,104,1.000000,1.000000,1.000000,1.000000,0,0,1,0
156,27,50,105,1.000000,1.000000,1.000000,1.000000,0,0,0,0
157,29,51,105,1.000000,1.000000,1.000000,1.000000,0,0,0,0
158,27,51,106,1.000000,1.000000,1.000000,1.000000,0,0,0,0
159,25,51,107,1.000000,1.000000,1.000000,1.000000,0,0,0,0
160,23,51,108,1.000000,1.000000,1.000000,1.000000,0,0,0,0
161,21,51,109,1.000000,1.000000,1.000000,1.000000,0,0,1,0
162,19,51,110,1.000000,1.000000,1.000000,1.000000,0,0,0,0
163,29,52,110,1.000000,1.000000,1.000000,1.000000,0,0,0,0
164,27,52,111,1.000000,1.000000,1.000000,1.000000,0,0,0,0
165,25,52,112,1.000000,1.000000,1.000000,1.000000,0,0,0,0
166,23,52,113,1.000000,1.000000,1.000000,1.000000,0,0,1,0
167,21,52,114,1.000000,1.000000,1.000000,1.000000,0,0,0,0
168,29,53,114,1.000000,1.000000,1.000000,1.000000,0,0,0,0
169,27,53,115,1.000000,1.000000,1.000000,1.000000,0,0,0,0
170,25,53,116,1.000000,1.000000,1.000000,1.000000,0,0,0,0
171,23,53,117,1.000000,1.000000,1.000000,1.000000,0,0,0,0
172,21,53,118,1.000000,1.000000,1.000000,1.000000,0,0,0,0
173,19,53,119,1.000000,1.000000,1.000000,1.000000,0,0,1,1
174,17,53,120,1.000000,1.000000,1.000000,1.000000,1,0,0,1
175,29,54,120,1.000000,1.000000,1.000000,1.000000,1,0,0,1
176,27,54,121,1.000000,1.000000,1.000000,1.000000,1,0,0,0
177,29,55,121,1.000000,1.000000,1.000000,1.000000,1,0,0,0
178,27,55,122,1.000000,1.000000,1.000000,1.000000,1,0,0,0
179,25,55,123,1.000000,1.000000,1.000000,1.000000,1,0,0,1
180,23,55,124,1.000000,1.000000,1.000000,1.000000,1,0,1,0
181,29,56,124,1.000000,1.000000,1.000000,1.000000,1,0,1,0
182,27,56,125,1.000000,1.000000,1.000000,1.000000,0,0,0,1
183,29,57,125,1.000000,1.000000,1.000000,1.000000,0,0,0,1
184,27,57,126,1.000000,1.000000,1.000000,1.000000,0,0,0,0
185,29,58,126,1.000000,1.000000,1.000000,1.000000,0,0,0,0
186,27,58,127,1.000000,1.000000,1.000000,1.000000,1,0,0,1
187,25,58,128,1.000000,1.000000,1.000000,1.000000,1,0,0,0
188,29,59,128,1.000000,1.000000,1.000000,1.000000,1,0,0,0
189,27,59,129,1.000000,1.000000,1.000000,1.000000,0,1,0,0
190,29,60,129,1.000000,1.000000,1.000000,1.000000,0,1,0,0
191,27,60,130,1.000000,1.000000,1.000000,1.000000,1,1,0,0
192,25,60,131,1.000000,1.000000,1.000000,1.000000,1,0,1,0
193,29,61,131,1.000000,1.000000,1.000000,1.000000,1,0,1,0
194,27,61,132,1.000000,1.000000,1.000000,1.000000,0,0,0,1
195,29,62,132,1.000000,1.000000,1.000000,1.000000,0,0,0,1
196,27,62,133,1.000000,1.000000,1.000000,1.000000,0,0,0,0
197,29,63,133,1.000000,1.000000,1.000000,1.000000,0,0,0,0
198,27,63,134,1.000000,1.000000,1.000000,1.000000,0,0,0,0
199,25,63,135,1.000000,1.000000,1.000000,1.000000,0,1,0,0
200,23,63,136,1.000000,1.000000,1.000000,1.000000,0,1,0,0
201,29,64,136,1.000000,1.000000,1.000000,1.000000,0,1,0,0
202,27,64,137,1.000000,1.000000,1.000000,1.000000,0,1,1,0
203,29,65,137,1.000000,1.000000,1.000000,1.000000,0,1,1,0
204,27,65,138,1.000000,1.000000,1.000000,1.000000,1,1,0,0
205,25,65,139,1.000000,1.000000,1.000000,1.000000,0,0,0,1
206,29,66,139,1.000000,1.000000,1.000000,1.000000,0,0,0,1
207,27,66,140,1.000000,1.000000,1.000000,1.000000,1,0,0,0
208,29,67,140,1.000000,1.000000,1.000000,1.000000,1,0,0,0
209,27,67,141,1.000000,1.000000,1.000000,1.000000,0,0,0,0
210,29,68,141,1.000000,1.000000,1.000000,1.000000,0,0,0,0
211,27,68,142,1.000000,1.000000,1.000000,1.000000,0,0,0,1
212,25,68,143,1.000000,1.000000,1.000000,1.000000,1,0,0,0
213,29,69,143,1.000000,1.000000,1.000000,1.000000,1,0,0,0
214,27,69,144,1.000000,1.000000,1.000000,1.000000,0,0,0,1
215,29,70,144,1.000000,1.000000,1.000000,1.000000,0,0,0,1
216,27,70,145,1.000000,1.000000,1.000000,1.000000,0,0,0,0
217,29,71,145,1.000000,1.000000,1.000000,1.000000,0,0,0,0
218,27,71,146,1.000000,1.000000,1.000000,1.000000,0,0,0,1
219,25,71,147,1.000000,1.000000,1.000000,1.000000,0,0,0,0
220,29,72,147,1.000000,1.000000,1.000000,1.000000,0,0,0,0
221,27,72,148,1.000000,1.000000,1.000000,1.000000,1,0,0,0
222,25,72,149,1.000000,1.000000,1.000000,1.000000,0,0,0,0
223,29,73,149,1.000000,1.000000,1.000000,1.000000,0,0,0,0
224,27,73,150,1.000000,1.000000,1.000000,1.000000,1,0,0,0
225,25,73,151,1.000000,1.000000,1.000000,1.000000,0,0,0,0
226,29,74,151,1.000000,1.000000,1.000000,1.000000,0,0,0,0
227,27,74,152,1.000000,1.000000,1.000000,1.000000,0,0,0,0
228,25,74,153,1.000000,1.000000,1.000000,1.000000,0,0,0,0
229,23,74,154,1.000000,1.000000,1.000000,1.000000,0,0,0,0
230,21,74,155,1.000000,1.000000,1.000000,1.000000,0,0,0,0
231,19,74,156,1.000000,1.000000,1.000000,1.000000,0,0,0,0
232,17,74,157,1.000000,1.000000,1.000000,1.000000,0,0,0,0
233,15,74,158,1.000000,1.000000,1.000000,1.000000,0,0,0,0
234,13,74,159,1.000000,1.000000,1.000000,1.000000,0,0,0,0
235,11,74,160,1.000000,1.000000,1.000000,1.000000,0,0,0,0
236,9,74,161,1.000000,1.000000,1.000000,1.000000,0,0,0,0
237,7,74,162,1.000000,1.000000,1.000000,1.000000,0,0,1,0
238,5,74,163,1.000000,1.000000,1.000000,1.000000,0,0,0,0
239,29,75,163,1.000000,1.000000,1.000000,1.000000,0,0,0,0
240,27,75,164,1.000000,1.000000,1.000000,1.000000,0,1,0,0
241,25,75,165,1.000000,1.000000,1.000000,1.000000,0,0,0,0
242,29,76,165,1.000000,1.000000,1.000000,1.000000,0,0,0,0
243,27,76,166,1.000000,1.000000,1.000000,1.000000,1,0,0,0
244,25,76,167,1.000000,1.000000,1.000000,1.000000,0,0,0,0
245,29,77,167,1.000000,1.000000,1.000000,1.000000,0,0,0,0
246,27,77,168,1.000000,1.000000,1.000000,1.000000,1,0,0,0
247,25,77,169,1.000000,1.000000,1.000000,1.000000,0,1,0,0
248,29,78,169,1.000000,1.000000,1.000000,1.000000,0,1,0,0
249,27,78,170,1.000000,1.000000,1.000000,1.000000,0,0,0,0
250,29,79,170,1.000000,1.000000,1.000000,1.000000,0,0,0,0
251,27,79,171,1.000000,1.000000,1.000000,1.000000,0,1,0,0
252,25,79,172,1.000000,1.000000,1.000000,1.000000,0,0,0,0
253,29,80,172,1.000000,1.000000,1.000000,1.000000,0,0,0,0
254,27,80,173,1.000000,1.000000,1.000000,1.000000,0,0,0,0
255,25,80,174,1.000000,1.000000,1.000000,1.000000,0,0,0,0
256,23,80,175,1.000000,1.000000,1.000000,1.000000,0,0,0,0
257,21,80,176,1.000000,1.000000,1.000000,1.000000,0,0,1,0
258,19,80,177,1.000000,1.000000,1.000000,1.000000,0,0,0,0
259,29,81,177,1.000000,1.000000,1.000000,1.000000,0,0,0,0
260,27,81,178,1.000000,1.000000,1.000000,1.000000,0,0,0,0
261,25,81,179,1.000000,1.000000,1.000000,1.000000,0,0,0,0
262,23,81,180,1.000000,1.000000,1.000000,1.000000,0,0,0,0
263,21,81,181,1.000000,1.000000,1.000000,1.000000,0,0,0,0
264,19,81,182,1.000000,1.000000,1.000000,1.000000,0,0,0,0
265,17,81,183,1.000000,1.000000,1.000000,1.000000,0,0,0,0
266,15,81,184,1.000000,1.000000,1.000000,1.000000,0,1,0,0
267,13,81,185,1.000000,1.000000,1.000000,1.000000,1,0,0,0
268,29,82,185,1.000000,1.000000,1.000000,1.000000,1,0,0,0
269,27,82,186,1.000000,1.000000,1.000000,1.000000,1,0,0,0
270,25,82,187,1.000000,1.000000,1.000000,1.000000,0,0,1,0
271,29,83,187,1.000000,1.000000,1.000000,1.000000,0,0,1,0
272,27,83,188,1.000000,1.000000,1.000000,1.000000,0,0,0,0
273,29,84,188,1.000000,1.000000,1.000000,1.000000,0,0,0,0
274,27,84,189,1.000000,1.000000,1.000000,1.000000,0,0,0,0
275,25,84,190,1.000000,1.000000,1.000000,1.000000,0,0,0,0
276,23,84,191,1.000000,1.000000,1.000000,1.000000,0,0,0,0
277,21,84,192,1.000000,1.000000,1.000000,1.000000,0,0,0,0
278,19,84,193,1.000000,1.000000,1.000000,1.000000,0,0,0,0
279,17,84,194,1.000000,1.000000,1.000000,1.000000,0,0,0,0
280,15,84,195,1.000000,1.000000,1.000000,1.000000,0,0,1,0
281,13,84,196,1.000000,1.000000,1.000000,1.000000,0,0,0,0
282,29,85,196,1.000000,1.000000,1.000000,1.000000,0,0,0,0
283,27,85,197,1.000000,1.000000,1.000000,1.000000,0,0,0,0
284,25,85,198,1.000000,1.000000,1.000000,1.000000,0,0,0,0
285,23,85,199,1.000000,1.000000,1.000000,1.000000,0,0,0,0
286,21,85,200,1.000000,1.000000,1.000000,1.000000,0,0,0,0
287,19,85,201,1.000000,1.000000,1.000000,1.000000,0,0,0,0
288,17,85,202,1.000000,1.000000,1.000000,1.000000,0,0,0,0
289,15,85,203,1.000000,1.000000,1.000000,1.000000,0,0,0,0
290,13,85,204,1.000000,1.000000,1.000000,1.000000,1,1,0,0
291,11,85,205,1.000000,1.000000,1.000000,1.000000,0,0,0,0
292,29,86,205,1.000000,1.000000,1.000000,1.000000,0,0,0,0
293,27,86,206,1.000000,1.000000,1.000000,1.000000,0,0,1,0
294,25,86,207,1.000000,1.000000,1.000000,1.000000,0,0,0,0
295,29,87,207,1.000000,1.000000,1.000000,1.000000,0,0,0,0
296,27,87,208,1.000000,1.000000,1.000000,1.000000,0,0,0,0
297,25,87,209,1.000000,1.000000,1.000000,1.000000,1,1,0,0
298,23,87,210,1.000000,1.000000,1.000000,1.000000,0,0,0,0
299,29,88,210,1.000000,1.000000,1.000000,1.000000,0,0,0,0
300,27,88,211,1.000000,1.000000,1.000000,1.000000,1,0,0,0
301,25,88,212,1.000000,1.000000,1.000000,1.000000,1,0,0,0
302,23,88,213,1.000000,1.000000,1.000000,1.000000,0,0,1,0
303,21,88,214,1.000000,1.000000,1.000000,1.000000,1,0,0,0
304,29,89,214,1.000000,1.000000,1.000000,1.000000,1,0,0,0
305,27,89,215,1.000000,1.000000,1.000000,1.000000,0,0,0,0
306,29,90,215,1.000000,1.000000,1.000000,1.000000,0,0,0,0
307,27,90,216,1.000000,1.000000,1.000000,1.000000,1,0,0,0
308,25,90,217,1.000000,1.000000,1.000000,1.000000,0,1,0,0
309,23,90,218,1.000000,1.000000,1.000000,1.000000,0,0,0,1
310,29,91,218,1.000000,1.000000,1.000000,1.000000,0,0,0,1
311,27,91,219,1.000000,1.000000,1.000000,1.000000,0,0,0,0
312,29,92,219,1.000000,1.000000,1.000000,1.000000,0,0,0,0
313,27,92,220,1.000000,1.000000,1.000000,1.000000,0,0,0,0
314,25,92,221,1.000000,1.000000,1.000000,1.000000,1,0,0,0
315,23,92,222,1.000000,1.000000,1.000000,1.000000,0,0,0,1
316,29,93,222,1.000000,1.000000,1.000000,1.000000,0,0,0,1
317,27,93,223,1.000000,1.000000,1.000000,1.000000,0,0,0,0
318,29,94,223,1.000000,1.000000,1.000000,1.000000,0,0,0,0
319,27,94,224,1.000000,1.000000,1.000000,1.000000,0,0,0,0
320,25,94,225,1.000000,1.000000,1.000000,1.000000,0,0,0,0
321,23,94,226,1.000000,1.000000,1.000000,1.000000,0,0,0,0
322,21,94,227,1.000000,1.000000,1.000000,1.000000,0,0,0,0
323,19,94,228,1.000000,1.000000,1.000000,1.000000,0,0,0,0
324,17,94,229,1.000000,1.000000,1.000000,1.000000,0,0,0,0
325,15,94,230,1.000000,1.000000,1.000000,1.000000,0,0,0,0
326,13,94,231,1.000000,1.000000,1.000000,1.000000,0,0,0,0
327,11,94,232,1.000000,1.000000,1.000000,1.000000,0,0,0,0
328,9,94,233,1.000000,1.000000,1.000000,1.000000,0,0,0,0
329,7,94,234,1.000000,1.000000,1.000000,1.000000,0,0,0,0
330,5,94,235,1.000000,1.000000,1.000000,1.000000,0,1,0,0
331,3,94,236,1.000000,1.000000,1.000000,1.000000,0,0,0,0
332,29,95,236,1.000000,1.000000,1.000000,1.000000,0,0,0,1
333,27,95,237,1.000000,1.000000,1.000000,1.000000,0,0,0,0
334,29,96,237,1.000000,1.000000,1.000000,1.000000,0,0,0,0
335,27,96,238,1.000000,1.000000,1.000000,1.000000,0,0,0,0
336,25,96,239,1.000000,1.000000,1.000000,1.000000,0,0,1,0
337,23,96,240,1.000000,1.000000,1.000000,1.000000,0,0,0,0
338,29,97,240,1.000000,1.000000,1.000000,1.000000,0,0,0,0
339,27,97,241,1.000000,1.000000,1.000000,1.000000,0,0,0,0
340,25,97,242,1.000000,1.000000,1.000000,1.000000,0,0,0,0
341,23,97,243,1.000000,1.000000,1.000000,1.000000,0,0,0,0
342,21,97,244,1.000000,1.000000,1.000000,1.000000,0,0,0,0
343,19,97,245,1.000000,1.000000,1.000000,1.000000,0,0,0,0
344,17,97,246,1.000000,1.000000,1.000000,1.000000,0,1,0,0
345,15,97,247,1.000000,1.000000,1.000000,1.000000,0,1,0,0
346,29,98,247,1.000000,1.000000,1.000000,1.000000,0,1,0,0
347,27,98,248,1.000000,1.000000,1.000000,1.000000,0,0,0,0
348,29,99,248,1.000000,1.000000,1.000000,1.000000,0,0,0,0
349,27,99,249,1.000000,1.000000,1.000000,1.000000,0,0,0,0
350,25,99,250,1.000000,1.000000,1.000000,1.000000,0,0,0,0
351,23,99,251,1.000000,1.000000,1.000000,1.000000,0,0,0,0
352,21,99,252,1.000000,1.000000,1.000000,1.000000,0,0,0,0
353,19,99,253,1.000000,1.000000,1.000000,1.000000,0,0,0,1
354,17,99,254,1.000000,1.000000,1.000000,1.000000,0,0,0,1
355,29,100,254,1.000000,1.000000,1.000000,1.000000,0,0,0,1
356,27,100,255,1.000000,1.000000,1.000000,1.000000,0,0,0,0
357,29,101,255,1.000000,1.000000,1.000000,1.000000,0,0,0,0
358,27,101,256,1.000000,1.000000,1.000000,1.000000,0,0,0,0
359,25,101,257,1.000000,1.000000,1.000000,1.000000,0,0,0,0
360,23,101,258,1.000000,1.000000,1.000000,1.000000,0,0,0,0
361,21,101,259,1.000000,1.000000,1.000000,1.000000,0,0,0,1
362,19,101,260,1.000000,1.000000,1.000000,1.000000,0,0,0,0
363,29,102,260,1.000000,1.000000,1.000000,1.000000,0,0,0,0
364,27,102,261,1.000000,1.000000,1.000000,1.000000,0,0,0,0
365,25,102,262,1.000000,1.000000,1.000000,1.000000,0,0,0,0
366,23,102,263,1.000000,1.000000,1.000000,1.000000,0,0,1,1
367,21,102,264,1.000000,1.000000,1.000000,1.000000,0,0,0,0
368,29,103,264,1.000000,1.000000,1.000000,1.000000,0,0,0,0
369,27,103,265,1.000000,1.000000,1.000000,1.000000,0,0,0,1
370,25,103,266,1.000000,1.000000,1.000000,1.000000,0,0,0,0
371,29,104,266,1.000000,1.000000,1.000000,1.000000,0,0,0,0
372,27,104,267,1.000000,1.000000,1.000000,1.000000,0,0,1,0
373,25,104,268,1.000000,1.000000,1.000000,1.000000,0,0,0,1
374,23,104,269,1.000000,1.000000,1.000000,1.000000,0,1,0,0
375,21,104,270,1.000000,1.000000,1.000000,1.000000,0,0,0,1
376,29,105,270,1.000000,1.000000,1.000000,1.000000,0,0,0,1
377,27,105,271,1.000000,1.000000,1.000000,1.000000,0,0,0,0
378,29,106,271,1.000000,1.000000,1.000000,1.000000,0,0,0,0
379,27,106,272,1.000000,1.000000,1.000000,1.000000,0,0,0,0
380,25,106,273,1.000000,1.000000,1.000000,1.000000,0,0,0,0
381,23,106,274,1.000000,1.000000,1.000000,1.000000,0,0,0,0
382,21,106,275,1.000000,1.000000,1.000000,1.000000,0,0,0,0
383,19,106,276,1.000000,1.000000,1.000000,1.000000,0,0,0,0
384,17,106,277,1.000000,1.000000,1.000000,1.000000,0,0,0,1
385,15,106,278,1.000000,1.000000,1.000000,1.000000,1,0,0,0
386,29,107,278,1.000000,1.000000,1.000000,1.000000,1,0,0,0
387,27,107,279,1.000000,1.000000,1.000000,1.000000,0,0,0,0
388,29,108,279,1.000000,1.000000,1.000000,1.000000,0,0,0,0
389,27,108,280,1.000000,1.000000,1.000000,1.000000,0,0,0,0
390,25,108,281,1.000000,1.000000,1.000000,1.000000,0,0,0,0
391,23,108,282,1.000000,1.000000,1.000000,1.000000,1,0,0,0
392,21,108,283,1.000000,1.000000,1.000000,1.000000,0,0,0,0
393,29,109,283,1.000000,1.000000,1.000000,1.000000,0,0,0,0
394,27,109,284,1.000000,1.000000,1.000000,1.000000,0,0,0,0
395,25,109,285,1.000000,1.000000,1.000000,1.000000,0,0,0,0
396,23,109,286,1.000000,1.000000,1.000000,1.000000,0,0,0,0
397,21,109,287,1.000000,1.000000,1.000000,1.000000,0,0,0,0
398,19,109,288,1.000000,1.000000,1.000000,1.000000,0,0,0,0
399,17,109,289,1.000000,1.000000,1.000000,1.000000,0,0,0,0
400,15,109,290,1.000000,1.000000,1.000000,1.000000,0,1,0,0
401,13,109,291,1.000000,1.000000,1.000000,1.000000,0,1,0,0
402,11,109,292,1.000000,1.000000,1.000000,1.000000,1,0,0,0
403,29,110,292,1.000000,1.000000,1.000000,1.000000,1,0,0,0
404,27,110,293,1.000000,1.000000,1.000000,1.000000,0,0,0,0
405,29,111,293,1.000000,1.000000,1.000000,1.000000,0,0,0,0
406,27,111,294,1.000000,1.000000,1.000000,1.000000,0,1,0,0
407,25,111,295,1.000000,1.000000,1.000000,1.000000,0,1,0,0
408,23,111,296,1.000000,1.000000,1.000000,1.000000,0,0,0,1
409,29,112,296,1.000000,1.000000,1.000000,1.000000,0,0,0,1
410,27,112,297,1.000000,1.000000,1.000000,1.000000,0,0,0,0
411,29,113,297,1.000000,1.000000,1.000000,1.000000,0,0,0,0
412,27,113,298,1.000000,1.000000,1.000000,1.000000,0,0,0,0
413,25,113,299,1.000000,1.000000,1.000000,1.000000,0,0,0,0
414,23,113,300,1.000000,1.000000,1.000000,1.000000,1,0,0,0
415,21,113,301,1.000000,1.000000,1.000000,1.000000,0,0,0,0
416,29,114,301,1.000000,1.000000,1.000000,1.000000,0,0,0,0
417,27,114,302,1.000000,1.000000,1.000000,1.000000,0,0,0,0
418,25,114,303,1.000000,1.000000,1.000000,1.000000,0,1,0,0
419,23,114,304,1.000000,1.000000,1.000000,1.000000,0,0,0,0
420,29,115,304,1.000000,1.000000,1.000000,1.000000,0,0,0,0
421,27,115,305,1.000000,1.000000,1.000000,1.000000,0,1,0,0
422,25,115,306,1.000000,1.000000,1.000000,1.000000,0,0,0,0
423,29,116,306,1.000000,1.000000,1.000000,1.000000,0,0,0,0
424,27,116,307,1.000000,1.000000,1.000000,1.000000,0,1,0,0
425,25,116,308,1.000000,1.000000,1.000000,1.000000,0,0,0,0
426,23,116,309,1.000000,1.000000,1.000000,1.000000,0,1,0,0
427,21,116,310,1.000000,1.000000,1.000000,1.000000,0,0,0,0
428,29,117,310,1.000000,1.000000,1.000000,1.000000,0,0,0,0
429,27,117,311,1.000000,1.000000,1.000000,1.000000,0,1,0,0
430,25,117,312,1.000000,1.000000,1.000000,1.000000,0,0,0,0
431,29,118,312,1.000000,1.000000,1.000000,1.000000,0,0,0,0
432,27,118,313,1.000000,1.000000,1.000000,1.000000,0,0,0,0
433,25,118,314,1.000000,1.000000,1.000000,1.000000,1,0,0,0
434,23,118,315,1.000000,1.000000,1.000000,1.000000,0,0,0,0
435,29,119,315,1.000000,1.000000,1.000000,1.000000,0,0,0,0
436,27,119,316,1.000000,1.000000,1.000000,1.000000,0,0,0,0
437,25,119,317,1.000000,1.000000,1.000000,1.000000,0,0,0,1
438,23,119,318,1.000000,1.000000,1.000000,1.000000,0,0,0,0
439,29,120,318,1.000000,1.000000,1.000000,1.000000,0,0,0,0
440,27,120,319,1.000000,1.000000,1.000000,1.000000,0,0,0,1
441,25,120,320,1.000000,1.000000,1.000000,1.000000,0,0,0,0
442,29,121,320,1.000000,1.000000,1.000000,1.000000,0,0,0,0
443,27,121,321,1.000000,1.000000,1.000000,1.000000,0,0,0,0
444,25,121,322,1.000000,1.000000,1.000000,1.000000,0,0,0,0
445,23,121,323,1.000000,1.000000,1.000000,1.000000,1,0,0,0
446,21,121,324,1.000000,1.000000,1.000000,1.000000,1,0,0,1
447,29,122,324,1.000000,1.000000,1.000000,1.000000,1,0,0,1
448,27,122,325,1.000000,1.000000,1.000000,1.000000,0,0,0,0
449,29,123,325,1.000000,1.000000,1.000000,1.000000,0,0,0,0
450,27,123,326,1.000000,1.000000,1.000000,1.000000,1,0,0,0
451,25,123,327,1.000000,1.000000,1.000000,1.000000,0,0,0,0
452,29,124,327,1.000000,1.000000,1.000000,1.000000,0,0,0,0
453,27,124,328,1.000000,1.000000,1.000000,1.000000,0,0,0,0
454,25,124,329,1.000000,1.000000,1.000000,1.000000,0,0,0,0
455,23,124,330,1.000000,1.000000,1.000000,1.000000,0,0,0,0
456,21,124,331,1.000000,1.000000,1.000000,1.000000,0,0,1,0
457,19,124,332,1.000000,1.000000,1.000000,1.000000,0,0,0,0
458,29,125,332,1.000000,1.000000,1.000000,1.000000,0,0,0,0
459,27,125,333,1.000000,1.000000,1.000000,1.000000,0,1,0,0
460,25,125,334,1.000000,1.000000,1.000000,1.000000,0,0,0,0
461,29,126,334,1.000000,1.000000,1.000000,1.000000,0,0,0,0
462,27,126,335,1.000000,1.000000,1.000000,1.000000,0,0,0,0
463,25,126,336,1.000000,1.000000,1.000000,1.000000,0,0,0,1
464,23,126,337,1.000000,1.000000,1.000000,1.000000,0,0,0,0
465,29,127,337,1.000000,1.000000,1.000000,1.000000,0,0,0,0
466,27,127,338,1.000000,1.000000,1.000000,1.000000,0,0,0,0
467,25,127,339,1.000000,1.000000,1.000000,1.000000,0,0,1,0
468,23,127,340,1.000000,1.000000,1.000000,1.000000,0,0,0,1
469,21,127,341,1.000000,1.000000,1.000000,1.000000,0,1,0,0
470,19,127,342,1.000000,1.000000,1.000000,1.000000,0,0,0,1
471,29,128,342,1.000000,1.000000,1.000000,1.000000,0,0,0,1
472,27,128,343,1.000000,1.000000,1.000000,1.000000,0,0,0,0
473,29,129,343,1.000000,1.000000,1.000000,1.000000,0,0,0,0
474,27,129,344,1.000000,1.000000,1.000000,1.000000,0,0,0,0
475,25,129,345,1.000000,1.000000,1.000000,1.000000,0,0,0,0
476,23,129,346,1.000000,1.000000,1.000000,1.000000,0,0,0,0
477,21,129,347,1.000000,1.000000,1.000000,1.000000,0,0,0,0
478,19,129,348,1.000000,1.000000,1.000000,1.000000,0,0,0,0
479,17,129,349,1.000000,1.000000,1.000000,1.000000,0,0,0,0
480,15,129,350,1.000000,1.000000,1.000000,1.000000,0,0,0,0
481,13,129,351,1.000000,1.000000,1.000000,1.000000,0,0,0,0
482,11,129,352,1.000000,1.000000,1.000000,1.000000,0,0,0,0
483,9,129,353,1.000000,1.000000,1.000000,1.000000,0,0,0,0
484,7,129,354,1.000000,1.000000,1.000000,1.000000,0,0,1,0
485,5,129,355,1.000000,1.000000,1.000000,1.000000,0,1,0,0
486,29,130,355,1.000000,1.000000,1.000000,1.000000,0,1,0,0
487,27,130,356,1.000000,1.000000,1.000000,1.000000,0,0,0,0
488,29,131,356,1.000000,1.000000,1.000000,1.000000,0,0,0,0
489,27,131,357,1.000000,1.000000,1.000000,1.000000,0,0,0,0
490,25,131,358,1.000000,1.000000,1.000000,1.000000,0,0,0,0
491,23,131,359,1.000000,1.000000,1.000000,1.000000,0,0,0,1
492,21,131,360,1.000000,1.000000,1.000000,1.000000,0,0,0,1
493,29,132,360,1.000000,1.000000,1.000000,1.000000,0,0,0,1
494,27,132,361,1.000000,1.000000,1.000000,1.000000,0,0,0,0
495,29,133,361,1.000000,1.000000,1.000000,1.000000,0,0,0,0
496,27,133,362,1.000000,1.000000,1.000000,1.000000,0,0,0,1
497,25,133,363,1.000000,1.000000,1.000000,1.000000,0,0,1,0
498,29,134,363,1.000000,1.000000,1.000000,1.000000,0,0,1,0
499,27,134,364,1.000000,1.000000,1.000000,1.000000,0,0,0,0
500,25,134,365,1.000000,1.000000,1.000000,1.000000,1,0,0,0
501,23,134,366,1.000000,1.000000,1.000000,1.000000,1,0,0,0
502,21,134,367,1.000000,1.000000,1.000000,1.000000,1,1,1,0
503,29,135,367,1.000000,1.000000,1.000000,1.000000,1,1,1,0
504,27,135,368,1.000000,1.000000,1.000000,1.000000,0,0,0,0
505,29,136,368,1.000000,1.000000,1.000000,1.000000,0,0,0,0
506,27,136,369,1.000000,1.000000,1.000000,1.000000,0,0,1,0
507,25,136,370,1.000000,1.000000,1.000000,1.000000,0,0,0,0
508,29,137,370,1.000000,1.000000,1.000000,1.000000,0,0,0,0
509,27,137,371,1.000000,1.000000,1.000000,1.000000,0,0,0,1
510,25,137,372,1.000000,1.000000,1.000000,1.000000,0,0,0,0
511,29,138,372,1.000000,1.000000,1.000000,1.000000,0,0,0,0
512,27,138,373,1.000000,1.000000,1.000000,1.000000,0,0,0,0
513,25,138,374,1.000000,1.000000,1.000000,1.000000,0,0,0,0
514,23,138,375,1.000000,1.000000,1.000000,1.000000,0,0,0,0
515,21,138,376,1.000000,1.000000,1.000000,1.000000,0,0,0,0
516,19,138,377,1.000000,1.000000,1.000000,1.000000,0,0,0,0
517,17,138,378,1.000000,1.000000,1.000000,1.000000,0,0,1,0
518,15,138,379,1.000000,1.000000,1.000000,1.000000,0,0,0,0
519,29,139,379,1.000000,1.000000,1.000000,1.000000,0,0,0,0
520,27,139,380,1.000000,1.000000,1.000000,1.000000,0,0,0,0
521,25,139,381,1.000000,1.000000,1.000000,1.000000,0,0,0,0
522,23,139,382,1.000000,1.000000,1.000000,1.000000,0,0,0,0
523,21,139,383,1.000000,1.000000,1.000000,1.000000,0,0,0,0
524,19,139,384,1.000000,1.000000,1.000000,1.000000,0,0,0,0
525,17,139,385,1.000000,1.000000,1.000000,1.000000,0,0,0,0
526,15,139,386,1.000000,1.000000,1.000000,1.000000,0,1,0,0
527,13,139,387,1.000000,1.000000,1.000000,1.000000,1,1,1,0
528,29,140,387,1.000000,1.000000,1.000000,1.000000,1,1,1,0
529,27,140,388,1.000000,1.000000,1.000000,1.000000,0,0,0,0
530,29,141,388,1.000000,1.000000,1.000000,1.000000,0,0,0,0
531,27,141,389,1.000000,1.000000,1.000000,1.000000,0,0,0,0
532,25,141,390,1.000000,1.000000,1.000000,1.000000,0,0,0,0
533,23,141,391,1.000000,1.000000,1.000000,1.000000,0,0,0,0
534,21,141,392,1.000000,1.000000,1.000000,1.000000,0,0,0,0
535,19,141,393,1.000000,1.000000,1.000000,1.000000,1,0,0,0
536,17,141,394,1.000000,1.000000,1.000000,1.000000,1,1,0,0
537,29,142,394,1.000000,1.000000,1.000000,1.000000,1,1,0,0
538,27,142,395,1.000000,1.000000,1.000000,1.000000,1,0,0,0
539,29,143,395,1.000000,1.000000,1.000000,1.000000,1,0,0,0
540,27,143,396,1.000000,1.000000,1.000000,1.000000,0,0,0,0
541,29,144,396,1.000000,1.000000,1.000000,1.000000,0,0,0,0
542,27,144,397,1.000000,1.000000,1.000000,1.000000,0,0,0,0
543,25,144,398,1.000000,1.000000,1.000000,1.000000,0,0,0,0
544,23,144,399,1.000000,1.000000,1.000000,1.000000,0,1,0,0
545,21,144,400,1.000000,1.000000,1.000000,1.000000,0,1,0,0
546,19,144,401,1.000000,1.000000,1.000000,1.000000,0,0,0,1
547,29,145,401,1.000000,1.000000,1.000000,1.000000,0,0,0,1
548,27,145,402,1.000000,1.000000,1.000000,1.000000,0,0,0,0
549,29,146,402,1.000000,1.000000,1.000000,1.000000,0,0,0,0
550,27,146,403,1.000000,1.000000,1.000000,1.000000,0,0,0,0
551,25,146,404,1.000000,1.000000,1.000000,1.000000,0,0,1,1
552,23,146,405,1.000000,1.000000,1.000000,1.000000,0,0,0,0
553,29,147,405,1.000000,1.000000,1.000000,1.000000,0,0,0,0
554,27,147,406,1.000000,1.000000,1.000000,1.000000,0,0,0,0
555,25,147,407,1.000000,1.000000,1.000000,1.000000,0,0,0,1
556,23,147,408,1.000000,1.000000,1.000000,1.000000,0,0,0,1
557,21,147,409,1.000000,1.000000,1.000000,1.000000,1,1,1,0
558,29,148,409,1.000000,1.000000,1.000000,1.000000,1,1,1,0
559,27,148,410,1.000000,1.000000,1.000000,1.000000,0,0,0,0
560,29,149,410,1.000000,1.000000,1.000000,1.000000,0,0,0,0
561,27,149,411,1.000000,1.000000,1.000000,1.000000,1,0,0,0
562,25,149,412,1.000000,1.000000,1.000000,1.000000,0,0,0,0
563,29,150,412,1.000000,1.000000,1.000000,1.000000,0,0,0,0
564,27,150,413,1.000000,1.000000,1.000000,1.000000,1,0,0,0
565,25,150,414,1.000000,1.000000,1.000000,1.000000,0,0,0,0
566,29,151,414,1.000000,1.000000,1.000000,1.000000,0,0,0,0
567,27,151,415,1.000000,1.000000,1.000000,1.000000,1,0,0,0
568,25,151,416,1.000000,1.000000,1.000000,1.000000,1,1,0,0
569,23,151,417,1.000000,1.000000,1.000000,1.000000,0,0,0,1
570,29,152,417,1.000000,1.000000,1.000000,1.000000,0,0,0,1
571,27,152,418,1.000000,1.000000,1.000000,1.000000,1,0,0,0
572,29,153,418,1.000000,1.000000,1.000000,1.000000,1,0,0,0
573,27,153,419,1.000000,1.000000,1.000000,1.000000,1,0,0,0
574,29,154,419,1.000000,1.000000,1.000000,1.000000,1,0,0,0
575,27,154,420,1.000000,1.000000,1.000000,1.000000,0,0,0,0
576,29,155,420,1.000000,1.000000,1.000000,1.000000,0,0,0,0
577,27,155,421,1.000000,1.000000,1.000000,1.000000,0,0,0,1
578,25,155,422,1.000000,1.000000,1.000000,1.000000,0,0,1,0
579,29,156,422,1.000000,1.000000,1.000000,1.000000,0,0,1,0
580,27,156,423,1.000000,1.000000,1.000000,1.000000,0,0,1,0
581,25,156,424,1.000000,1.000000,1.000000,1.000000,1,0,0,0
582,29,157,424,1.000000,1.000000,1.000000,1.000000,1,0,0,0
583,27,157,425,1.000000,1.000000,1.000000,1.000000,0,0,0,0
584,29,158,425,1.000000,1.000000,1.000000,1.000000,0,0,0,0
585,27,158,426,1.000000,1.000000,1.000000,1.000000,0,0,0,0
586,25,158,427,1.000000,1.000000,1.000000,1.000000,0,1,0,0
587,23,158,428,1.000000,1.000000,1.000000,1.000000,0,1,0,0
588,29,159,428,1.000000,1.000000,1.000000,1.000000,1,1,0,0
589,27,159,429,1.000000,1.000000,1.000000,1.000000,0,0,0,0
590,29,160,429,1.000000,1.000000,1.000000,1.000000,0,0,0,0
591,27,160,430,1.000000,1.000000,1.000000,1.000000,1,0,0,0
592,25,160,431,1.000000,1.000000,1.000000,1.000000,1,0,0,0
593,29,161,431,1.000000,1.000000,1.000000,1.000000,1,0,0,0
594,27,161,432,1.000000,1.000000,1.000000,1.000000,0,0,0,0
595,29,162,432,1.000000,1.000000,1.000000,1.000000,0,0,0,0
596,27,162,433,1.000000,1.000000,1.000000,1.000000,0,0,0,1
597,25,162,434,1.000000,1.000000,1.000000,1.000000,0,0,0,0
598,29,163,434,1.000000,1.000000,1.000000,1.000000,0,0,1,0
599,27,163,435,1.000000,1.000000,1.000000,1.000000,0,0,1,0
600,29,164,435,1.000000,1.000000,1.000000,1.000000,0,0,1,0
601,27,164,436,1.000000,1.000000,1.000000,1.000000,0,0,0,0
602,29,165,436,1.000000,1.000000,1.000000,1.000000,0,0,0,0
603,27,165,437,1.000000,1.000000,1.000000,1.000000,0,0,0,0
604,25,165,438,1.000000,1.000000,1.000000,1.000000,0,0,0,0
605,23,165,439,1.000000,1.000000,1.000000,1.000000,0,0,0,0
606,21,165,440,1.000000,1.000000,1.000000,1.000000,0,0,0,0
607,19,165,441,1.000000,1.000000,1.000000,1.000000,1,0,0,0
608,17,165,442,1.000000,1.000000,1.000000,1.000000,0,0,0,1
609,15,165,443,1.000000,1.000000,1.000000,1.000000,0,1,0,0
610,29,166,443,1.000000,1.000000,1.000000,1.000000,0,1,0,0
611,27,166,444,1.000000,1.000000,1.000000,1.000000,0,0,0,0
612,29,167,444,1.000000,1.000000,1.000000,1.000000,0,0,0,0
613,27,167,445,1.000000,1.000000,1.000000,1.000000,0,1,0,0
614,25,167,446,1.000000,1.000000,1.000000,1.000000,1,0,0,0
615,29,168,446,1.000000,1.000000,1.000000,1.000000,1,0,0,0
616,27,168,447,1.000000,1.000000,1.000000,1.000000,0,1,0,0
617,29,169,447,1.000000,1.000000,1.000000,1.000000,0,1,0,0
618,27,169,448,1.000000,1.000000,1.000000,1.000000,0,0,0,0
619,29,170,448,1.000000,1.000000,1.000000,1.000000,0,0,0,0
620,27,170,449,1.000000,1.000000,1.000000,1.000000,0,0,0,0
621,25,170,450,1.000000,1.000000,1.000000,1.000000,0,0,0,0
622,23,170,451,1.000000,1.000000,1.000000,1.000000,0,0,0,0
623,21,170,452,1.000000,1.000000,1.000000,1.000000,0,0,0,0
624,19,170,453,1.000000,1.000000,1.000000,1.000000,0,0,0,0
625,29,171,453,1.000000,1.000000,1.000000,1.000000,0,0,0,0
626,27,171,454,1.000000,1.000000,1.000000,1.000000,0,0,0,0
627,25,171,455,1.000000,1.000000,1.000000,1.000000,0,0,0,0
628,23,171,456,1.000000,1.000000,1.000000,1.000000,0,0,0,0
629,21,171,457,1.000000,1.000000,1.000000,1.000000,0,0,0,0
630,19,171,458,1.000000,1.000000,1.000000,1.000000,0,1,0,1
631,17,171,459,1.000000,1.000000,1.000000,1.000000,0,0,0,1
632,29,172,459,1.000000,1.000000,1.000000,1.000000,0,0,0,1
633,27,172,460,1.000000,1.000000,1.000000,1.000000,0,0,0,0
634,25,172,461,1.000000,1.000000,1.000000,1.000000,0,0,0,0
635,23,172,462,1.000000,1.000000,1.000000,1.000000,0,0,0,0
636,21,172,463,1.000000,1.000000,1.000000,1.000000,0,0,0,0
637,19,172,464,1.000000,1.000000,1.000000,1.000000,0,0,0,0
638,17,172,465,1.000000,1.000000,1.000000,1.000000,0,0,0,0
639,15,172,466,1.000000,1.000000,1.000000,1.000000,0,0,0,0
640,13,172,467,1.000000,1.000000,1.000000,1.000000,0,0,0,0
641,11,172,468,1.000000,1.000000,1.000000,1.000000,0,0,0,0
642,9,172,469,1.000000,1.000000,1.000000,1.000000,1,0,0,0
643,7,172,470,1.000000,1.000000,1.000000,1.000000,0,0,0,0
644,29,173,470,1.000000,1.000000,1.000000,1.000000,0,0,0,0
645,27,173,471,1.000000,1.000000,1.000000,1.000000,0,0,0,0
646,25,173,472,1.000000,1.000000,1.000000,1.000000,1,0,0,0
647,23,173,473,1.000000,1.000000,1.000000,1.000000,0,0,0,0
648,29,174,473,1.000000,1.000000,1.000000,1.000000,0,0,0,0
649,27,174,474,1.000000,1.000000,1.000000,1.000000,0,0,0,0
650,25,174,475,1.000000,1.000000,1.000000,1.000000,0,0,0,0
651,23,174,476,1.000000,1.000000,1.000000,1.000000,0,1,0,0
652,21,174,477,1.000000,1.000000,1.000000,1.000000,0,1,0,0
653,29,175,477,1.000000,1.000000,1.000000,1.000000,0,1,0,0
654,27,175,478,1.000000,1.000000,1.000000,1.000000,0,0,0,0
655,29,176,478,1.000000,1.000000,1.000000,1.000000,0,0,0,0
656,27,176,479,1.000000,1.000000,1.000000,1.000000,1,0,0,0
657,25,176,480,1.000000,1.000000,1.000000,1.000000,1,0,0,0
658,29,177,480,1.000000,1.000000,1.000000,1.000000,1,0,0,0
659,27,177,481,1.000000,1.000000,1.000000,1.000000,0,1,0,0
660,29,178,481,1.000000,1.000000,1.000000,1.000000,0,1,0,0
661,27,178,482,1.000000,1.000000,1.000000,1.000000,0,0,0,0
662,29,179,482,1.000000,1.000000,1.000000,1.000000,0,0,0,0
663,27,179,483,1.000000,1.000000,1.000000,1.000000,0,0,0,0
664,25,179,484,1.000000,1.000000,1.000000,1.000000,1,0,0,0
665,23,179,485,1.000000,1.000000,1.000000,1.000000,1,1,0,0
666,29,180,485,1.000000,1.000000,1.000000,1.000000,1,1,0,0
667,27,180,486,1.000000,1.000000,1.000000,1.000000,0,1,0,0
668,29,181,486,1.000000,1.000000,1.000000,1.000000,0,1,0,0
669,27,181,487,1.000000,1.000000,1.000000,1.000000,0,1,0,0
670,29,182,487,1.000000,1.000000,1.000000,1.000000,0,1,0,0
671,27,182,488,1.000000,1.000000,1.000000,1.000000,0,0,0,0
672,25,182,489,1.000000,1.000000,1.000000,1.000000,1,0,0,0
673,23,182,490,1.000000,1.000000,1.000000,1.000000,0,0,0,0
674,21,182,491,1.000000,1.000000,1.000000,1.000000,0,0,1,0
675,19,182,492,1.000000,1.000000,1.000000,1.000000,0,0,1,0
676,29,183,492,1.000000,1.000000,1.000000,1.000000,0,0,1,0
677,27,183,493,1.000000,1.000000,1.000000,1.000000,0,0,1,0
678,29,184,493,1.000000,1.000000,1.000000,1.000000,0,0,1,0
679,27,184,494,1.000000,1.000000,1.000000,1.000000,0,1,0,0
680,29,185,494,1.000000,1.000000,1.000000,1.000000,0,1,0,0
681,27,185,495,1.000000,1.000000,1.000000,1.000000,0,0,0,0
682,29,186,495,1.000000,1.000000,1.000000,1.000000,0,0,0,0
683,27,186,496,1.000000,1.000000,1.000000,1.000000,0,0,0,0
684,25,186,497,1.000000,1.000000,1.000000,1.000000,0,0,0,0
685,23,186,498,1.000000,1.000000,1.000000,1.000000,0,0,1,0
686,21,186,499,1.000000,1.000000,1.000000,1.000000,0,0,0,0
687,29,187,499,1.000000,1.000000,1.000000,1.000000,0,0,0,0
688,27,187,500,1.000000,1.000000,1.000000,1.000000,0,0,0,0
689,25,187,501,1.000000,1.000000,1.000000,1.000000,0,0,0,0
690,23,187,502,1.000000,1.000000,1.000000,1.000000,0,0,0,0
691,21,187,503,1.000000,1.000000,1.000000,1.000000,1,0,0,0
692,19,187,504,1.000000,1.000000,1.000000,1.000000,0,1,0,0
693,29,188,504,1.000000,1.000000,1.000000,1.000000,0,1,0,0
694,27,188,505,1.000000,1.000000,1.000000,1.000000,0,0,0,0
695,29,189,505,1.000000,1.000000,1.000000,1.000000,0,0,0,0
696,27,189,506,1.000000,1.000000,1.000000,1.000000,0,0,0,0
697,25,189,507,1.000000,1.000000,1.000000,1.000000,0,0,0,0
698,23,189,508,1.000000,1.000000,1.000000,1.000000,0,1,0,0
699,21,189,509,1.000000,1.000000,1.000000,1.000000,0,0,0,0
700,29,190,509,1.000000,1.000000,1.000000,1.000000,0,0,0,0
701,27,190,510,1.000000,1.000000,1.000000,1.000000,0,0,1,0
702,25,190,511,1.000000,1.000000,1.000000,1.000000,0,0,0,0
703,29,191,511,1.000000,1.000000,1.000000,1.000000,0,0,0,0
704,27,191,512,1.000000,1.000000,1.000000,1.000000,0,1,0,0
705,25,191,513,1.000000,1.000000,1.000000,1.000000,0,0,0,0
706,23,191,514,1.000000,1.000000,1.000000,1.000000,0,0,0,0
707,21,191,515,1.000000,1.000000,1.000000,1.000000,0,1,0,0
708,19,191,516,1.000000,1.000000,1.000000,1.000000,0,0,0,0
709,29,192,516,1.000000,1.000000,1.000000,1.000000,0,0,0,0
710,27,192,517,1.000000,1.000000,1.000000,1.000000,0,1,0,0
711,25,192,518,1.000000,1.000000,1.000000,1.000000,0,0,0,0
712,23,192,519,1.000000,1.000000,1.000000,1.000000,0,1,1,0
713,21,192,520,1.000000,1.000000,1.000000,1.000000,0,0,0,0
714,29,193,520,1.000000,1.000000,1.000000,1.000000,0,0,0,0
715,27,193,521,1.000000,1.000000,1.000000,1.000000,0,0,1,0
716,25,193,522,1.000000,1.000000,1.000000,1.000000,0,0,0,0
717,29,194,522,1.000000,1.000000,1.000000,1.000000,0,0,0,0
718,27,194,523,1.000000,1.000000,1.000000,1.000000,0,0,0,0
719,25,194,524,1.000000,1.000000,1.000000,1.000000,0,0,0,0
720,23,194,525,1.000000,1.000000,1.000000,1.000000,0,0,0,0
721,21,194,526,1.000000,1.000000,1.000000,1.000000,0,0,0,0
722,19,194,527,1.000000,1.000000,1.000000,1.000000,0,0,0,0
723,17,194,528,1.000000,1.000000,1.000000,1.000000,0,0,0,0
724,15,194,529,1.000000,1.000000,1.000000,1.000000,0,0,0,0
725,13,194,530,1.000000,1.000000,1.000000,1.000000,0,0,1,0
726,11,194,531,1.000000,1.000000,1.000000,1.000000,0,0,1,0
727,29,195,531,1.000000,1.000000,1.000000,1.000000,0,0,1,0
728,27,195,532,1.000000,1.000000,1.000000,1.000000,0,0,1,0
729,29,196,532,1.000000,1.000000,1.000000,1.000000,0,0,1,0
730,27,196,533,1.000000,1.000000,1.000000,1.000000,0,1,0,0
731,29,197,533,1.000000,1.000000,1.000000,1.000000,0,1,0,0
732,27,197,534,1.000000,1.000000,1.000000,1.000000,0,0,1,0
733,29,198,534,1.000000,1.000000,1.000000,1.000000,0,0,1,0
734,27,198,535,1.000000,1.000000,1.000000,1.000000,0,0,1,0
735,29,199,535,1.000000,1.000000,1.000000,1.000000,0,0,1,0
736,27,199,536,1.000000,1.000000,1.000000,1.000000,0,0,0,0
737,29,200,536,1.000000,1.000000,1.000000,1.000000,0,0,0,0
738,27,200,537,1.000000,1.000000,1.000000,1.000000,0,0,0,0
739,25,200,538,1.000000,1.000000,1.000000,1.000000,0,0,0,0
740,23,200,539,1.000000,1.000000,1.000000,1.000000,0,0,0,0
741,21,200,540,1.000000,1.000000,1.000000,1.000000,0,0,0,0
742,19,200,541,1.000000,1.000000,1.000000,1.000000,0,0,0,0
743,17,200,542,1.000000,1.000000,1.000000,1.000000,0,0,0,0
744,15,200,543,1.000000,1.000000,1.000000,1.000000,0,0,0,0
745,13,200,544,1.000000,1.000000,1.000000,1.000000,1,0,0,0
746,11,200,545,1.000000,1.000000,1.000000,1.000000,0,1,0,0
747,29,201,545,1.000000,1.000000,1.000000,1.000000,0,1,0,0
748,27,201,546,1.000000,1.000000,1.000000,1.000000,0,0,0,0
749,29,202,546,1.000000,1.000000,1.000000,1.000000,0,0,0,0
750,27,202,547,1.000000,1.000000,1.000000,1.000000,0,0,0,0
751,25,202,548,1.000000,1.000000,1.000000,1.000000,0,0,0,0
752,23,202,549,1.000000,1.000000,1.000000,1.000000,0,0,0,0
753,21,202,550,1.000000,1.000000,1.000000,1.000000,0,0,0,0
754,19,202,551,1.000000,1.000000,1.000000,1.000000,0,0,1,0
755,17,202,552,1.000000,1.000000,1.000000,1.000000,0,0,0,0
756,29,203,552,1.000000,1.000000,1.000000,1.000000,0,0,0,0
757,27,203,553,1.000000,1.000000,1.000000,1.000000,0,0,0,0
758,25,203,554,1.000000,1.000000,1.000000,1.000000,0,0,1,0
759,23,203,555,1.000000,1.000000,1.000000,1.000000,0,1,0,0
760,29,204,555,1.000000,1.000000,1.000000,1.000000,0,1,0,0
761,27,204,556,1.000000,1.000000,1.000000,1.000000,0,1,0,0
762,29,205,556,1.000000,1.000000,1.000000,1.000000,0,1,0,0
763,27,205,557,1.000000,1.000000,1.000000,1.000000,1,0,0,0
764,25,205,558,1.000000,1.000000,1.000000,1.000000,0,0,1,0
765,29,206,558,1.000000,1.000000,1.000000,1.000000,0,0,1,0
766,27,206,559,1.000000,1.000000,1.000000,1.000000,0,0,0,0
767,29,207,559,1.000000,1.000000,1.000000,1.000000,0,0,0,0
768,27,207,560,1.000000,1.000000,1.000000,1.000000,0,0,0,0
769,25,207,561,1.000000,1.000000,1.000000,1.000000,0,0,0,0
770,23,207,562,1.000000,1.000000,1.000000,1.000000,0,0,0,0
771,21,207,563,1.000000,1.000000,1.000000,1.000000,0,0,0,0
772,19,207,564,1.000000,1.000000,1.000000,1.000000,0,0,0,0
773,17,207,565,1.000000,1.000000,1.000000,1.000000,0,0,0,0
774,15,207,566,1.000000,1.000000,1.000000,1.000000,0,0,0,0
775,13,207,567,1.000000,1.000000,1.000000,1.000000,0,0,0,0
776,11,207,568,1.000000,1.000000,1.000000,1.000000,0,0,0,0
777,9,207,569,1.000000,1.000000,1.000000,1.000000,0,0,1,0
778,7,207,570,1.000000,1.000000,1.000000,1.000000,0,0,0,1
779,29,208,570,1.000000,1.000000,1.000000,1.000000,0,0,0,1
780,27,208,571,1.000000,1.000000,1.000000,1.000000,0,0,0,0
781,29,209,571,1.000000,1.000000,1.000000,1.000000,0,0,0,0
782,27,209,572,1.000000,1.000000,1.000000,1.000000,0,0,1,0
783,25,209,573,1.000000,1.000000,1.000000,1.000000,0,0,0,1
784,29,210,573,1.000000,1.000000,1.000000,1.000000,0,0,0,1
785,27,210,574,1.000000,1.000000,1.000000,1.000000,0,0,0,0
786,29,211,574,1.000000,1.000000,1.000000,1.000000,0,0,0,0
787,27,211,575,1.000000,1.000000,1.000000,1.000000,1,0,0,0
788,25,211,576,1.000000,1.000000,1.000000,1.000000,0,0,0,0
789,29,212,576,1.000000,1.000000,1.000000,1.000000,0,0,0,0
790,27,212,577,1.000000,1.000000,1.000000,1.000000,0,0,0,0
791,25,212,578,1.000000,1.000000,1.000000,1.000000,0,0,0,0
792,23,212,579,1.000000,1.000000,1.000000,1.000000,0,0,0,0
793,21,212,580,1.000000,1.000000,1.000000,1.000000,0,0,0,0
794,19,212,581,1.000000,1.000000,1.000000,1.000000,0,1,0,0
795,17,212,582,1.000000,1.000000,1.000000,1.000000,0,1,0,1
796,29,213,582,1.000000,1.000000,1.000000,1.000000,0,1,0,1
797,27,213,583,1.000000,1.000000,1.000000,1.000000,1,0,0,0
798,29,214,583,1.000000,1.000000,1.000000,1.000000,1,0,0,0
799,27,214,584,1.000000,1.000000,1.000000,1.000000,0,0,0,0
800,29,215,584,1.000000,1.000000,1.000000,1.000000,0,0,0,0
801,27,215,585,1.000000,1.000000,1.000000,1.000000,1,0,0,0
802,25,215,586,1.000000,1.000000,1.000000,1.000000,0,0,0,0
803,29,216,586,1.000000,1.000000,1.000000,1.000000,0,0,0,0
804,27,216,587,1.000000,1.000000,1.000000,1.000000,1,0,0,0
805,25,216,588,1.000000,1.000000,1.000000,1.000000,0,0,0,0
806,29,217,588,1.000000,1.000000,1.000000,1.000000,0,0,0,0
807,27,217,589,1.000000,1.000000,1.000000,1.000000,1,1,0,1
808,25,217,590,1.000000,1.000000,1.000000,1.000000,1,0,0,0
809,29,218,590,1.000000,1.000000,1.000000,1.000000,1,0,0,0
810,27,218,591,1.000000,1.000000,1.000000,1.000000,0,0,0,0
811,25,218,592,1.000000,1.000000,1.000000,1.000000,0,0,0,0
812,23,218,593,1.000000,1.000000,1.000000,1.000000,1,0,0,0
813,21,218,594,1.000000,1.000000,1.000000,1.000000,1,0,0,0
814,29,219,594,1.000000,1.000000,1.000000,1.000000,1,0,0,0
815,27,219,595,1.000000,1.000000,1.000000,1.000000,0,0,0,1
816,29,220,595,1.000000,1.000000,1.000000,1.000000,0,0,0,1
817,27,220,596,1.000000,1.000000,1.000000,1.000000,0,0,0,1
818,29,221,596,1.000000,1.000000,1.000000,1.000000,0,0,0,1
819,27,221,597,1.000000,1.000000,1.000000,1.000000,0,0,0,0
820,29,222,597,1.000000,1.000000,1.000000,1.000000,0,0,0,0
821,27,222,598,1.000000,1.000000,1.000000,1.000000,1,0,0,0
822,25,222,599,1.000000,1.000000,1.000000,1.000000,0,0,0,0
823,29,223,599,1.000000,1.000000,1.000000,1.000000,0,0,0,0
824,27,223,600,1.000000,1.000000,1.000000,1.000000,0,0,0,0
825,25,223,601,1.000000,1.000000,1.000000,1.000000,0,0,0,1
826,23,223,602,1.000000,1.000000,1.000000,1.000000,0,0,0,0
827,21,223,603,1.000000,1.000000,1.000000,1.000000,0,0,0,1
828,19,223,604,1.000000,1.000000,1.000000,1.000000,0,0,0,1
829,17,223,605,1.000000,1.000000,1.000000,1.000000,0,1,0,1
830,29,224,605,1.000000,1.000000,1.000000,1.000000,0,1,0,1
831,27,224,606,1.000000,1.000000,1.000000,1.000000,0,0,0,0
832,29,225,606,1.000000,1.000000,1.000000,1.000000,0,0,0,0
833,27,225,607,1.000000,1.000000,1.000000,1.000000,0,0,1,0
834,25,225,608,1.000000,1.000000,1.000000,1.000000,0,0,0,1
835,29,226,608,1.000000,1.000000,1.000000,1.000000,0,0,0,1
836,27,226,609,1.000000,1.000000,1.000000,1.000000,0,0,1,0
837,25,226,610,1.000000,1.000000,1.000000,1.000000,0,0,0,1
838,29,227,610,1.000000,1.000000,1.000000,1.000000,0,0,0,1
839,27,227,611,1.000000,1.000000,1.000000,1.000000,0,0,0,0
840,29,228,611,1.000000,1.000000,1.000000,1.000000,0,0,0,0
841,27,228,612,1.000000,1.000000,1.000000,1.000000,1,0,0,1
842,25,228,613,1.000000,1.000000,1.000000,1.000000,1,0,0,0
843,29,229,613,1.000000,1.000000,1.000000,1.000000,1,0,0,0
844,27,229,614,1.000000,1.000000,1.000000,1.000000,0,1,0,0
845,29,230,614,1.000000,1.000000,1.000000,1.000000,0,1,0,0
846,27,230,615,1.000000,1.000000,1.000000,1.000000,0,0,0,0
847,25,230,616,1.000000,1.000000,1.000000,1.000000,0,1,0,0
848,23,230,617,1.000000,1.000000,1.000000,1.000000,0,0,0,0
849,29,231,617,1.000000,1.000000,1.000000,1.000000,0,1,0,0
850,27,231,618,1.000000,1.000000,1.000000,1.000000,0,0,0,0
851,29,232,618,1.000000,1.000000,1.000000,1.000000,0,0,0,0
852,27,232,619,1.000000,1.000000,1.000000,1.000000,0,0,0,0
853,25,232,620,1.000000,1.000000,1.000000,1.000000,0,0,0,0
854,23,232,621,1.000000,1.000000,1.000000,1.000000,0,0,0,0
855,21,232,622,1.000000,1.000000,1.000000,1.000000,1,0,0,0
856,19,232,623,1.000000,1.000000,1.000000,1.000000,0,1,0,1
857,29,233,623,1.000000,1.000000,1.000000,1.000000,0,1,0,1
858,27,233,624,1.000000,1.000000,1.000000,1.000000,0,0,0,0
859,29,234,624,1.000000,1.000000,1.000000,1.000000,0,0,0,0
860,27,234,625,1.000000,1.000000,1.000000,1.000000,0,0,0,0
861,25,234,626,1.000000,1.000000,1.000000,1.000000,0,0,1,0
862,23,234,627,1.000000,1.000000,1.000000,1.000000,0,0,0,0
863,29,235,627,1.000000,1.000000,1.000000,1.000000,0,0,0,0
864,27,235,628,1.000000,1.000000,1.000000,1.000000,0,0,0,0
865,25,235,629,1.000000,1.000000,1.000000,1.000000,0,0,0,0
866,23,235,630,1.000000,1.000000,1.000000,1.000000,0,0,0,0
867,21,235,631,1.000000,1.000000,1.000000,1.000000,0,0,0,0
868,19,235,632,1.000000,1.000000,1.000000,1.000000,0,0,0,0
869,17,235,633,1.000000,1.000000,1.000000,1.000000,0,0,0,0
870,15,235,634,1.000000,1.000000,1.000000,1.000000,0,0,0,0
871,13,235,635,1.000000,1.000000,1.000000,1.000000,0,0,0,0
872,11,235,636,1.000000,1.000000,1.000000,1.000000,0,0,1,0
873,9,235,637,1.000000,1.000000,1.000000,1.000000,0,1,1,0
874,29,236,637,1.000000,1.000000,1.000000,1.000000,0,1,1,0
875,27,236,638,1.000000,1.000000,1.000000,1.000000,0,1,0,0
876,25,236,639,1.000000,1.000000,1.000000,1.000000,0,0,1,1
877,29,237,639,1.000000,1.000000,1.000000,1.000000,0,0,1,1
878,27,237,640,1.000000,1.000000,1.000000,1.000000,0,0,0,0
879,29,238,640,1.000000,1.000000,1.000000,1.000000,0,0,0,0
880,27,238,641,1.000000,1.000000,1.000000,1.000000,0,0,1,0
881,25,238,642,1.000000,1.000000,1.000000,1.000000,0,0,0,0
882,29,239,642,1.000000,1.000000,1.000000,1.000000,0,0,0,0
883,27,239,643,1.000000,1.000000,1.000000,1.000000,0,0,0,0
884,25,239,644,1.000000,1.000000,1.000000,1.000000,0,1,0,0
885,23,239,645,1.000000,1.000000,1.000000,1.000000,0,1,0,0
886,29,240,645,1.000000,1.000000,1.000000,1.000000,0,1,0,0
887,27,240,646,1.000000,1.000000,1.000000,1.000000,0,0,0,0
888,25,240,647,1.000000,1.000000,1.000000,1.000000,0,0,0,0
889,23,240,648,1.000000,1.000000,1.000000,1.000000,0,0,0,0
890,21,240,649,1.000000,1.000000,1.000000,1.000000,0,0,0,0
891,19,240,650,1.000000,1.000000,1.000000,1.000000,0,0,0,0
892,17,240,651,1.000000,1.000000,1.000000,1.000000,1,1,0,0
893,15,240,652,1.000000,1.000000,1.000000,1.000000,0,0,0,0
894,29,241,652,1.000000,1.000000,1.000000,1.000000,0,0,0,0
895,27,241,653,1.000000,1.000000,1.000000,1.000000,0,1,0,0
896,25,241,654,1.000000,1.000000,1.000000,1.000000,0,0,0,0
897,29,242,654,1.000000,1.000000,1.000000,1.000000,0,0,0,0
898,27,242,655,1.000000,1.000000,1.000000,1.000000,0,0,0,0
899,25,242,656,1.000000,1.000000,1.000000,1.000000,0,0,0,0
900,23,242,657,1.000000,1.000000,1.000000,1.000000,0,0,0,0
901,21,242,658,1.000000,1.000000,1.000000,1.000000,1,0,0,0
902,19,242,659,1.000000,1.000000,1.000000,1.000000,0,0,0,1
903,29,243,659,1.000000,1.000000,1.000000,1.000000,0,0,0,1
904,27,243,660,1.000000,1.000000,1.000000,1.000000,0,0,0,0
905,29,244,660,1.000000,1.000000,1.000000,1.000000,0,0,0,0
906,27,244,661,1.000000,1.000000,1.000000,1.000000,0,0,0,0
907,25,244,662,1.000000,1.000000,1.000000,1.000000,0,0,0,0
908,23,244,663,1.000000,1.000000,1.000000,1.000000,1,0,0,0
909,21,244,664,1.000000,1.000000,1.000000,1.000000,0,0,0,0
910,29,245,664,1.000000,1.000000,1.000000,1.000000,0,0,0,0
911,27,245,665,1.000000,1.000000,1.000000,1.000000,0,0,0,0
912,25,245,666,1.000000,1.000000,1.000000,1.000000,0,0,0,0
913,23,245,667,1.000000,1.000000,1.000000,1.000000,0,0,0,0
914,21,245,668,1.000000,1.000000,1.000000,1.000000,0,0,0,0
915,19,245,669,1.000000,1.000000,1.000000,1.000000,0,0,1,0
916,17,245,670,1.000000,1.000000,1.000000,1.000000,0,0,0,0
917,29,246,670,1.000000,1.000000,1.000000,1.000000,0,0,0,0
918,27,246,671,1.000000,1.000000,1.000000,1.000000,0,0,0,0
919,25,246,672,1.000000,1.000000,1.000000,1.000000,0,0,0,0
920,23,246,673,1.000000,1.000000,1.000000,1.000000,1,0,0,0
921,21,246,674,1.000000,1.000000,1.000000,1.000000,0,0,0,0
922,29,247,674,1.000000,1.000000,1.000000,1.000000,0,0,0,0
923,27,247,675,1.000000,1.000000,1.000000,1.000000,0,0,0,0
924,25,247,676,1.000000,1.000000,1.000000,1.000000,0,0,0,0
925,23,247,677,1.000000,1.000000,1.000000,1.000000,0,0,0,0
926,21,247,678,1.000000,1.000000,1.000000,1.000000,1,0,0,0
927,19,247,679,1.000000,1.000000,1.000000,1.000000,0,0,0,0
928,29,248,679,1.000000,1.000000,1.000000,1.000000,0,0,0,0
929,27,248,680,1.000000,1.000000,1.000000,1.000000,0,1,0,0
930,25,248,681,1.000000,1.000000,1.000000,1.000000,0,0,0,0
931,29,249,681,1.000000,1.000000,1.000000,1.000000,0,0,0,0
932,27,249,682,1.000000,1.000000,1.000000,1.000000,0,0,0,0
933,25,249,683,1.000000,1.000000,1.000000,1.000000,0,0,0,0
934,23,249,684,1.000000,1.000000,1.000000,1.000000,0,0,0,0
935,21,249,685,1.000000,1.000000,1.000000,1.000000,0,0,0,0
936,19,249,686,1.000000,1.000000,1.000000,1.000000,0,0,0,0
937,17,249,687,1.000000,1.000000,1.000000,1.000000,0,1,0,0
938,15,249,688,1.000000,1.000000,1.000000,1.000000,0,0,0,0
939,29,250,688,1.000000,1.000000,1.000000,1.000000,0,0,0,0
940,27,250,689,1.000000,1.000000,1.000000,1.000000,1,1,0,0
941,25,250,690,1.000000,1.000000,1.000000,1.000000,0,0,0,0
942,29,251,690,1.000000,1.000000,1.000000,1.000000,0,0,0,0
943,27,251,691,1.000000,1.000000,1.000000,1.000000,0,1,1,0
944,25,251,692,1.000000,1.000000,1.000000,1.000000,0,0,0,0
945,29,252,692,1.000000,1.000000,1.000000,1.000000,0,0,0,0
946,27,252,693,1.000000,1.000000,1.000000,1.000000,0,1,0,0
947,25,252,694,1.000000,1.000000,1.000000,1.000000,0,1,0,0
948,29,253,694,1.000000,1.000000,1.000000,1.000000,0,1,0,0
949,27,253,695,1.000000,1.000000,1.000000,1.000000,0,0,0,0
950,29,254,695,1.000000,1.000000,1.000000,1.000000,0,0,0,0
951,27,254,696,1.000000,1.000000,1.000000,1.000000,0,0,0,0
952,25,254,697,1.000000,1.000000,1.000000,1.000000,0,0,0,0
953,23,254,698,1.000000,1.000000,1.000000,1.000000,0,1,0,0
954,21,254,699,1.000000,1.000000,1.000000,1.000000,0,0,0,0
955,29,255,699,1.000000,1.000000,1.000000,1.000000,0,0,0,0
956,27,255,700,1.000000,1.000000,1.000000,1.000000,0,0,0,0
957,25,255,701,1.000000,1.000000,1.000000,1.000000,0,0,0,0
958,23,255,702,1.000000,1.000000,1.000000,1.000000,1,0,0,0
959,21,255,703,1.000000,1.000000,1.000000,1.000000,1,0,0,0
960,19,255,704,1.000000,1.000000,1.000000,1.000000,1,1,1,0
961,29,256,704,1.000000,1.000000,1.000000,1.000000,1,1,1,0
962,27,256,705,1.000000,1.000000,1.000000,1.000000,0,0,0,0
963,29,257,705,1.000000,1.000000,1.000000,1.000000,0,0,0,0
964,27,257,706,1.000000,1.000000,1.000000,1.000000,1,1,0,0
965,25,257,707,1.000000,1.000000,1.000000,1.000000,0,0,0,0
966,29,258,707,1.000000,1.000000,1.000000,1.000000,0,0,0,0
967,27,258,708,1.000000,1.000000,1.000000,1.000000,1,0,0,0
968,25,258,709,1.000000,1.000000,1.000000,1.000000,0,0,0,0
969,23,258,710,1.000000,1.000000,1.000000,1.000000,1,0,0,0
970,21,258,711,1.000000,1.000000,1.000000,1.000000,0,0,0,0
971,29,259,711,1.000000,1.000000,1.000000,1.000000,0,0,0,0
972,27,259,712,1.000000,1.000000,1.000000,1.000000,0,0,0,0
973,25,259,713,1.000000,1.000000,1.000000,1.000000,0,0,0,0
974,23,259,714,1.000000,1.000000,1.000000,1.000000,0,0,0,0
975,21,259,715,1.000000,1.000000,1.000000,1.000000,0,1,0,0
976,19,259,716,1.000000,1.000000,1.000000,1.000000,0,0,0,0
977,29,260,716,1.000000,1.000000,1.000000,1.000000,0,0,1,0
978,27,260,717,1.000000,1.000000,1.000000,1.000000,0,0,0,0
979,29,261,717,1.000000,1.000000,1.000000,1.000000,0,0,0,0
980,27,261,718,1.000000,1.000000,1.000000,1.000000,0,1,0,0
981,25,261,719,1.000000,1.000000,1.000000,1.000000,0,0,0,0
982,29,262,719,1.000000,1.000000,1.000000,1.000000,0,0,0,0
983,27,262,720,1.000000,1.000000,1.000000,1.000000,1,0,0,0
984,25,262,721,1.000000,1.000000,1.000000,1.000000,0,1,0,0
985,29,263,721,1.000000,1.000000,1.000000,1.000000,0,1,0,0
986,27,263,722,1.000000,1.000000,1.000000,1.000000,0,1,0,0
987,29,264,722,1.000000,1.000000,1.000000,1.000000,0,1,0,0
988,27,264,723,1.000000,1.000000,1.000000,1.000000,0,0,1,0
989,25,264,724,1.000000,1.000000,1.000000,1.000000,1,0,0,0
990,23,264,725,1.000000,1.000000,1.000000,1.000000,0,0,1,0
991,29,265,725,1.000000,1.000000,1.000000,1.000000,0,0,1,0
992,27,265,726,1.000000,1.000000,1.000000,1.000000,0,0,0,0
993,29,266,726,1.000000,1.000000,1.000000,1.000000,0,0,0,0
994,27,266,727,1.000000,1.000000,1.000000,1.000000,0,0,0,0
995,25,266,728,1.000000,1.000000,1.000000,1.000000,0,0,0,0
996,23,266,729,1.000000,1.000000,1.000000,1.000000,0,0,0,0
997,21,266,730,1.000000,1.000000,1.000000,1.000000,0,0,0,0
998,19,266,731,1.000000,1.000000,1.000000,1.000000,0,0,0,0
999,17,266,732,1.000000,1.000000,1.000000,1.000000,0,0,0,0
1000,15,266,733,1.000000,1.000000,1.000000,1.000000,0,0,0,0
1001,13,266,734,1.000000,1.000000,1.000000,1.000000,0,1,0,0
1002,11,266,735,1.000000,1.000000,1.000000,1.000000,0,0,0,0
1003,29,267,735,1.000000,1.000000,1.000000,1.000000,0,0,0,0
1004,27,267,736,1.000000,1.000000,1.000000,1.000000,0,0,0,0
1005,25,267,737,1.000000,1.000000,1.000000,1.000000,0,0,0,0
1006,23,267,738,1.000000,1.000000,1.000000,1.000000,0,0,1,0
1007,21,267,739,1.000000,1.000000,1.000000,1.000000,0,0,0,0
1008,19,267,740,1.000000,1.000000,1.000000,1.000000,0,0,0,0
1009,17,267,741,1.000000,1.000000,1.000000,1.000000,0,0,0,0
1010,15,267,742,1.000000,1.000000,1.000000,1.000000,0,0,1,0
1011,13,267,743,1.000000,1.000000,1.000000,1.000000,0,0,1,1
1012,29,268,743,1.000000,1.000000,1.000000,1.000000,0,0,1,1
1013,27,268,744,1.000000,1.000000,1.000000,1.000000,0,0,0,1
1014,29,269,744,1.000000,1.000000,1.000000,1.000000,0,0,0,1
1015,27,269,745,1.000000,1.000000,1.000000,1.000000,0,0,0,0
1016,29,270,745,1.000000,1.000000,1.000000,1.000000,0,0,0,0
1017,27,270,746,1.000000,1.000000,1.000000,1.000000,0,0,0,0
1018,25,270,747,1.000000,1.000000,1.000000,1.000000,1,0,0,0
1019,23,270,748,1.000000,1.000000,1.000000,1.000000,1,0,0,0
1020,29,271,748,1.000000,1.000000,1.000000,1.000000,1,0,0,0
1021,27,271,749,1.000000,1.000000,1.000000,1.000000,0,0,0,1
1022,25,271,750,1.000000,1.000000,1.000000,1.000000,0,1,0,0
1023,29,272,750,1.000000,1.000000,1.000000,1.000000,0,1,0,0
1024,27,272,751,1.000000,1.000000,1.000000,1.000000,0,0,0,0
1025,29,273,751,1.000000,1.000000,1.000000,1.000000,0,0,0,0
1026,27,273,752,1.000000,1.000000,1.000000,1.000000,0,0,0,0
1027,25,273,753,1.000000,1.000000,1.000000,1.000000,0,0,0,1
1028,23,273,754,1.000000,1.000000,1.000000,1.000000,0,0,0,0
1029,29,274,754,1.000000,1.000000,1.000000,1.000000,0,0,0,0
1030,27,274,755,1.000000,1.000000,1.000000,1.000000,0,0,0,0
1031,25,274,756,1.000000,1.000000,1.000000,1.000000,1,0,0,0
1032,23,274,757,1.000000,1.000000,1.000000,1.000000,0,0,0,0
1033,21,274,758,1.000000,1.000000,1.000000,1.000000,1,0,0,0
1034,19,274,759,1.000000,1.000000,1.000000,1.000000,0,0,0,0
1035,29,275,759,1.000000,1.000000,1.000000,1.000000,0,0,0,0
1036,27,275,760,1.000000,1.000000,1.000000,1.000000,0,0,0,0
1037,25,275,761,1.000000,1.000000,1.000000,1.000000,1,1,0,0
1038,23,275,762,1.000000,1.000000,1.000000,1.000000,0,0,0,0
1039,29,276,762,1.000000,1.000000,1.000000,1.000000,0,0,0,0
1040,27,276,763,1.000000,1.000000,1.000000,1.000000,0,1,1,0
1041,25,276,764,1.000000,1.000000,1.000000,1.000000,1,0,0,0
1042,29,277,764,1.000000,1.000000,1.000000,1.000000,1,0,0,0
1043,27,277,765,1.000000,1.000000,1.000000,1.000000,0,0,0,0
1044,29,278,765,1.000000,1.000000,1.000000,1.000000,0,0,0,0
1045,27,278,766,1.000000,1.000000,1.000000,1.000000,0,0,0,0
1046,25,278,767,1.000000,1.000000,1.000000,1.000000,0,1,0,0
1047,23,278,768,1.000000,1.000000,1.000000,1.000000,1,0,0,0
1048,29,279,768,1.000000,1.000000,1.000000,1.000000,1,0,0,0
1049,27,279,769,1.000000,1.000000,1.000000,1.000000,1,0,0,0
1050,29,280,769,1.000000,1.000000,1.000000,1.000000,1,0,0,0
1051,27,280,770,1.000000,1.000000,1.000000,1.000000,0,1,0,0
1052,29,281,770,1.000000,1.000000,1.000000,1.000000,0,1,0,0
1053,27,281,771,1.000000,1.000000,1.000000,1.000000,0,1,0,0
1054,29,282,771,1.000000,1.000000,1.000000,1.000000,0,1,0,0
1055,27,282,772,1.000000,1.000000,1.000000,1.000000,1,0,0,0
1056,25,282,773,1.000000,1.000000,1.000000,1.000000,0,0,1,0
1057,29,283,773,1.000000,1.000000,1.000000,1.000000,0,0,1,0
1058,27,283,774,1.000000,1.000000,1.000000,1.000000,0,0,0,0
1059,29,284,774,1.000000,1.000000,1.000000,1.000000,0,0,0,0
1060,27,284,775,1.000000,1.000000,1.000000,1.000000,0,0,0,0
1061,25,284,776,1.000000,1.000000,1.000000,1.000000,0,0,0,0
1062,23,284,777,1.000000,1.000000,1.000000,1.000000,0,0,0,0
1063,21,284,778,1.000000,1.000000,1.000000,1.000000,0,0,0,0
1064,19,284,779,1.000000,1.000000,1.000000,1.000000,0,0,0,0
1065,17,284,780,1.000000,1.000000,1.000000,1.000000,0,0,0,0
1066,15,284,781,1.000000,1.000000,1.000000,1.000000,0,0,1,0
1067,13,284,782,1.000000,1.000000,1.000000,1.000000,0,0,0,0
1068,11,284,783,1.000000,1.000000,1.000000,1.000000,0,0,0,1
1069,9,284,784,1.000000,1.000000,1.000000,1.000000,0,0,1,1
1070,29,285,784,1.000000,1.000000,1.000000,1.000000,0,0,1,1
1071,27,285,785,1.000000,1.000000,1.000000,1.000000,0,0,0,0
1072,29,286,785,1.000000,1.000000,1.000000,1.000000,0,0,0,0
1073,27,286,786,1.000000,1.000000,1.000000,1.000000,0,0,0,0
1074,25,286,787,1.000000,1.000000,1.000000,1.000000,0,0,0,0
1075,23,286,788,1.000000,1.000000,1.000000,1.000000,0,0,0,0
1076,21,286,789,1.000000,1.000000,1.000000,1.000000,0,0,0,0
1077,19,286,790,1.000000,1.000000,1.000000,1.000000,0,0,0,0
1078,17,286,791,1.000000,1.000000,1.000000,1.000000,0,0,0,0
1079,15,286,792,1.000000,1.000000,1.000000,1.000000,0,0,0,1
1080,13,286,793,1.000000,1.000000,1.000000,1.000000,0,0,0,0
1081,29,287,793,1.000000,1.000000,1.000000,1.000000,0,0,0,0
1082,27,287,794,1.000000,1.000000,1.000000,1.000000,0,0,0,0
1083,25,287,795,1.000000,1.000000,1.000000,1.000000,0,0,0,0
1084,23,287,796,1.000000,1.000000,1.000000,1.000000,0,0,0,0
1085,21,287,797,1.000000,1.000000,1.000000,1.000000,0,0,1,0
1086,19,287,798,1.000000,1.000000,1.000000,1.000000,0,0,1,0
1087,17,287,799,1.000000,1.000000,1.000000,1.000000,0,1,0,0
1088,15,287,800,1.000000,1.000000,1.000000,1.000000,0,0,0,1
1089,29,288,800,1.000000,1.000000,1.000000,1.000000,0,0,0,1
1090,27,288,801,1.000000,1.000000,1.000000,1.000000,0,0,0,0
1091,25,288,802,1.000000,1.000000,1.000000,1.000000,0,0,0,1
1092,23,288,803,1.000000,1.000000,1.000000,1.000000,0,0,0,0
1093,29,289,803,1.000000,1.000000,1.000000,1.000000,0,0,0,0
1094,27,289,804,1.000000,1.000000,1.000000,1.000000,0,0,0,0
1095,25,289,805,1.000000,1.000000,1.000000,1.000000,0,0,0,1
1096,23,289,806,1.000000,1.000000,1.000000,1.000000,0,0,0,0
1097,21,289,807,1.000000,1.000000,1.000000,1.000000,0,0,0,0
1098,19,289,808,1.000000,1.000000,1.000000,1.000000,0,0,1,0
1099,17,289,809,1.000000,1.000000,1.000000,1.000000,0,0,0,0
1100,29,290,809,1.000000,1.000000,1.000000,1.000000,0,0,0,0
1101,27,290,810,1.000000,1.000000,1.000000,1.000000,0,0,0,1
1102,25,290,811,1.000000,1.000000,1.000000,1.000000,0,0,1,0
1103,29,291,811,1.000000,1.000000,1.000000,1.000000,0,0,1,0
1104,27,291,812,1.000000,1.000000,1.000000,1.000000,0,0,0,0
1105,29,292,812,1.000000,1.000000,1.000000,1.000000,0,0,0,0
1106,27,292,813,1.000000,1.000000,1.000000,1.000000,0,0,0,1
1107,25,292,814,1.000000,1.000000,1.000000,1.000000,1,0,0,0
1108,29,293,814,1.000000,1.000000,1.000000,1.000000,1,0,0,0
1109,27,293,815,1.000000,1.000000,1.000000,1.000000,0,0,0,0
1110,29,294,815,1.000000,1.000000,1.000000,1.000000,0,0,0,0
1111,27,294,816,1.000000,1.000000,1.000000,1.000000,0,0,0,0
1112,25,294,817,1.000000,1.000000,1.000000,1.000000,0,1,0,0
1113,23,294,818,1.000000,1.000000,1.000000,1.000000,0,0,0,0
1114,21,294,819,1.000000,1.000000,1.000000,1.000000,0,1,0,0
1115,19,294,820,1.000000,1.000000,1.000000,1.000000,1,0,0,0
1116,29,295,820,1.000000,1.000000,1.000000,1.000000,1,0,0,0
1117,27,295,821,1.000000,1.000000,1.000000,1.000000,1,0,0,0
1118,29,296,821,1.000000,1.000000,1.000000,1.000000,1,0,0,0
1119,27,296,822,1.000000,1.000000,1.000000,1.000000,0,1,0,0
1120,29,297,822,1.000000,1.000000,1.000000,1.000000,0,1,0,0
1121,27,297,823,1.000000,1.000000,1.000000,1.000000,1,0,0,0
1122,25,297,824,1.000000,1.000000,1.000000,1.000000,0,0,0,0
1123,29,298,824,1.000000,1.000000,1.000000,1.000000,0,0,0,0
1124,27,298,825,1.000000,1.000000,1.000000,1.000000,1,0,0,0
1125,25,298,826,1.000000,1.000000,1.000000,1.000000,0,0,0,0
1126,29,299,826,1.000000,1.000000,1.000000,1.000000,0,0,0,0
1127,27,299,827,1.000000,1.000000,1.000000,1.000000,0,0,0,0
1128,25,299,828,1.000000,1.000000,1.000000,1.000000,0,0,1,0
1129,23,299,829,1.000000,1.000000,1.000000,1.000000,0,0,1,0
1130,29,300,829,1.000000,1.000000,1.000000,1.000000,0,0,1,0
1131,27,300,830,1.000000,1.000000,1.000000,1.000000,0,0,0,1
1132,29,301,830,1.000000,1.000000,1.000000,1.000000,0,0,0,1
1133,27,301,831,1.000000,1.000000,1.000000,1.000000,0,0,0,0
1134,29,302,831,1.000000,1.000000,1.000000,1.000000,0,0,0,1
1135,27,302,832,1.000000,1.000000,1.000000,1.000000,0,0,1,0
1136,29,303,832,1.000000,1.000000,1.000000,1.000000,0,0,1,0
1137,27,303,833,1.000000,1.000000,1.000000,1.000000,0,0,1,0
1138,29,304,833,1.000000,1.000000,1.000000,1.000000,0,0,1,0
1139,27,304,834,1.000000,1.000000,1.000000,1.000000,0,0,0,0
1140,29,305,834,1.000000,1.000000,1.000000,1.000000,0,0,0,0
1141,27,305,835,1.000000,1.000000,1.000000,1.000000,0,0,0,0
1142,25,305,836,1.000000,1.000000,1.000000,1.000000,0,0,0,0
1143,23,305,837,1.000000,1.000000,1.000000,1.000000,0,0,0,0
1144,21,305,838,1.000000,1.000000,1.000000,1.000000,0,0,0,0
1145,19,305,839,1.000000,1.000000,1.000000,1.000000,0,0,0,0
1146,17,305,840,1.000000,1.000000,1.000000,1.000000,0,0,0,1
1147,15,305,841,1.000000,1.000000,1.000000,1.000000,0,0,1,1
1148,13,305,842,1.000000,1.000000,1.000000,1.000000,0,1,0,0
1149,29,306,842,1.000000,1.000000,1.000000,1.000000,0,1,0,0
1150,27,306,843,1.000000,1.000000,1.000000,1.000000,0,0,1,0
1151,29,307,843,1.000000,1.000000,1.000000,1.000000,0,0,1,0
1152,27,307,844,1.000000,1.000000,1.000000,1.000000,0,0,1,0
1153,29,308,844,1.000000,1.000000,1.000000,1.000000,0,0,1,0
1154,27,308,845,1.000000,1.000000,1.000000,1.000000,0,0,0,0
1155,29,309,845,1.000000,1.000000,1.000000,1.000000,0,0,0,0
1156,27,309,846,1.000000,1.000000,1.000000,1.000000,0,0,0,0
1157,25,309,847,1.000000,1.000000,1.000000,1.000000,0,0,0,0
1158,23,309,848,1.000000,1.000000,1.000000,1.000000,0,0,0,0
1159,21,309,849,1.000000,1.000000,1.000000,1.000000,0,0,0,0
1160,19,309,850,1.000000,1.000000,1.000000,1.000000,0,0,1,0
1161,17,309,851,1.000000,1.000000,1.000000,1.000000,0,0,1,0
1162,29,310,851,1.000000,1.000000,1.000000,1.000000,0,0,1,0
1163,27,310,852,1.000000,1.000000,1.000000,1.000000,0,0,0,0
1164,29,311,852,1.000000,1.000000,1.000000,1.000000,0,0,0,0
1165,27,311,853,1.000000,1.000000,1.000000,1.000000,0,0,0,0
1166,25,311,854,1.000000,1.000000,1.000000,1.000000,0,1,0,0
1167,23,311,855,1.000000,1.000000,1.000000,1.000000,0,1,0,0
1168,21,311,856,1.000000,1.000000,1.000000,1.000000,1,0,0,0
1169,29,312,856,1.000000,1.000000,1.000000,1.000000,1,0,0,0
1170,27,312,857,1.000000,1.000000,1.000000,1.000000,0,0,0,0
1171,29,313,857,1.000000,1.000000,1.000000,1.000000,0,0,0,0
1172,27,313,858,1.000000,1.000000,1.000000,1.000000,0,1,0,0
1173,25,313,859,1.000000,1.000000,1.000000,1.000000,0,1,0,0
1174,23,313,860,1.000000,1.000000,1.000000,1.000000,0,0,1,1
1175,29,314,860,1.000000,1.000000,1.000000,1.000000,0,0,1,1
1176,27,314,861,1.000000,1.000000,1.000000,1.000000,0,0,0,0
1177,29,315,861,1.000000,1.000000,1.000000,1.000000,0,0,0,0
1178,27,315,862,1.000000,1.000000,1.000000,1.000000,0,0,1,0
1179,25,315,863,1.000000,1.000000,1.000000,1.000000,0,0,0,0
1180,29,316,863,1.000000,1.000000,1.000000,1.000000,0,0,0,0
1181,27,316,864,1.000000,1.000000,1.000000,1.000000,0,0,1,0
1182,25,316,865,1.000000,1.000000,1.000000,1.000000,0,0,0,0
1183,23,316,866,1.000000,1.000000,1.000000,1.000000,0,0,0,0
1184,21,316,867,1.000000,1.000000,1.000000,1.000000,0,0,1,0
1185,19,316,868,1.000000,1.000000,1.000000,1.000000,1,0,0,0
1186,17,316,869,1.000000,1.000000,1.000000,1.000000,0,0,1,0
1187,29,317,869,1.000000,1.000000,1.000000,1.000000,0,0,1,0
1188,27,317,870,1.000000,1.000000,1.000000,1.000000,0,0,0,0
1189,29,318,870,1.000000,1.000000,1.000000,1.000000,0,0,0,0
1190,27,318,871,1.000000,1.000000,1.000000,1.000000,0,0,0,0
1191,25,318,872,1.000000,1.000000,1.000000,1.000000,0,0,0,0
1192,23,318,873,1.000000,1.000000,1.000000,1.000000,0,0,1,0
1193,21,318,874,1.000000,1.000000,1.000000,1.000000,0,1,0,0
1194,29,319,874,1.000000,1.000000,1.000000,1.000000,0,1,0,0
1195,27,319,875,1.000000,1.000000,1.000000,1.000000,0,0,1,0
1196,29,320,875,1.000000,1.000000,1.000000,1.000000,0,0,1,0
1197,27,320,876,1.000000,1.000000,1.000000,1.000000,0,0,0,0
1198,29,321,876,1.000000,1.000000,1.000000,1.000000,0,0,0,0
1199,27,321,877,1.000000,1.000000,1.000000,1.000000,0,0,0,0
1200,25,321,878,1.000000,1.000000,1.000000,1.000000,0,0,0,1
1201,23,321,879,1.000000,1.000000,1.000000,1.000000,0,0,1,1
1202,29,322,879,1.000000,1.000000,1.000000,1.000000,0,0,1,1
1203,27,322,880,1.000000,1.000000,1.000000,1.000000,0,0,0,0
1204,29,323,880,1.000000,1.000000,1.000000,1.000000,0,0,0,0
1205,27,323,881,1.000000,1.000000,1.000000,1.000000,0,1,0,1
1206,25,323,882,1.000000,1.000000,1.000000,1.000000,0,0,0,0
1207,29,324,882,1.000000,1.000000,1.000000,1.000000,0,0,0,0
1208,27,324,883,1.000000,1.000000,1.000000,1.000000,0,0,1,0
1209,25,324,884,1.000000,1.000000,1.000000,1.000000,0,1,0,1
1210,29,325,884,1.000000,1.000000,1.000000,1.000000,0,1,0,1
1211,27,325,885,1.000000,1.000000,1.000000,1.000000,0,0,1,0
1212,29,326,885,1.000000,1.000000,1.000000,1.000000,0,0,1,0
1213,27,326,886,1.000000,1.000000,1.000000,1.000000,0,0,0,0
1214,29,327,886,1.000000,1.000000,1.000000,1.000000,0,0,0,0
1215,27,327,887,1.000000,1.000000,1.000000,1.000000,0,0,0,0
1216,25,327,888,1.000000,1.000000,1.000000,1.000000,0,0,0,0
1217,23,327,889,1.000000,1.000000,1.000000,1.000000,0,0,0,0
1218,21,327,890,1.000000,1.000000,1.000000,1.000000,0,1,0,0
1219,19,327,891,1.000000,1.000000,1.000000,1.000000,0,0,0,0
1220,29,328,891,1.000000,1.000000,1.000000,1.000000,0,0,0,0
1221,27,328,892,1.000000,1.000000,1.000000,1.000000,0,0,1,0
1222,25,328,893,1.000000,1.000000,1.000000,1.000000,0,0,0,0
1223,29,329,893,1.000000,1.000000,1.000000,1.000000,0,0,0,0
1224,27,329,894,1.000000,1.000000,1.000000,1.000000,0,0,0,0
1225,25,329,895,1.000000,1.000000,1.000000,1.000000,0,0,0,1
1226,23,329,896,1.000000,1.000000,1.000000,1.000000,0,0,1,0
1227,29,330,896,1.000000,1.000000,1.000000,1.000000,0,0,1,0
1228,27,330,897,1.000000,1.000000,1.000000,1.000000,0,0,0,1
1229,29,331,897,1.000000,1.000000,1.000000,1.000000,0,0,0,1
1230,27,331,898,1.000000,1.000000,1.000000,1.000000,0,0,0,0
1231,29,332,898,1.000000,1.000000,1.000000,1.000000,0,0,0,0
1232,27,332,899,1.000000,1.000000,1.000000,1.000000,0,0,0,0
1233,25,332,900,1.000000,1.000000,1.000000,1.000000,0,0,0,0
1234,23,332,901,1.000000,1.000000,1.000000,1.000000,0,1,0,1
1235,21,332,902,1.000000,1.000000,1.000000,1.000000,0,1,0,0
1236,29,333,902,1.000000,1.000000,1.000000,1.000000,0,1,0,0
1237,27,333,903,1.000000,1.000000,1.000000,1.000000,1,0,0,0
1238,29,334,903,1.000000,1.000000,1.000000,1.000000,1,0,0,0
1239,27,334,904,1.000000,1.000000,1.000000,1.000000,0,0,0,0
1240,29,335,904,1.000000,1.000000,1.000000,1.000000,0,0,0,0
1241,27,335,905,1.000000,1.000000,1.000000,1.000000,0,1,0,0
1242,25,335,906,1.000000,1.000000,1.000000,1.000000,1,0,0,0
1243,29,336,906,1.000000,1.000000,1.000000,1.000000,1,0,0,0
1244,27,336,907,1.000000,1.000000,1.000000,1.000000,0,0,0,0
1245,29,337,907,1.000000,1.000000,1.000000,1.000000,0,0,0,0
1246,27,337,908,1.000000,1.000000,1.000000,1.000000,0,0,0,0
1247,25,337,909,1.000000,1.000000,1.000000,1.000000,0,0,0,0
1248,23,337,910,1.000000,1.000000,1.000000,1.000000,0,0,0,0
1249,21,337,911,1.000000,1.000000,1.000000,1.000000,0,0,0,0
1250,19,337,912,1.000000,1.000000,1.000000,1.000000,0,0,0,0
1251,17,337,913,1.000000,1.000000,1.000000,1.000000,0,0,0,0
1252,15,337,914,1.000000,1.000000,1.000000,1.000000,0,0,0,1
1253,13,337,915,1.000000,1.000000,1.000000,1.000000,1,0,0,1
1254,29,338,915,1.000000,1.000000,1.000000,1.000000,1,0,0,1
1255,27,338,916,1.000000,1.000000,1.000000,1.000000,0,0,0,0
1256,29,339,916,1.000000,1.000000,1.000000,1.000000,0,0,0,0
1257,27,339,917,1.000000,1.000000,1.000000,1.000000,0,0,1,1
1258,25,339,918,1.000000,1.000000,1.000000,1.000000,0,0,1,0
1259,29,340,918,1.000000,1.000000,1.000000,1.000000,0,0,1,0
1260,27,340,919,1.000000,1.000000,1.000000,1.000000,0,1,1,1
1261,29,341,919,1.000000,1.000000,1.000000,1.000000,0,1,1,1
1262,27,341,920,1.000000,1.000000,1.000000,1.000000,0,0,0,0
1263,29,342,920,1.000000,1.000000,1.000000,1.000000,0,0,0,0
1264,27,342,921,1.000000,1.000000,1.000000,1.000000,0,0,1,1
1265,25,342,922,1.000000,1.000000,1.000000,1.000000,0,0,0,0
1266,29,343,922,1.000000,1.000000,1.000000,1.000000,0,0,0,0
1267,27,343,923,1.000000,1.000000,1.000000,1.000000,0,0,0,1
1268,25,343,924,1.000000,1.000000,1.000000,1.000000,0,0,0,0
1269,23,343,925,1.000000,1.000000,1.000000,1.000000,0,0,0,0
1270,21,343,926,1.000000,1.000000,1.000000,1.000000,0,1,0,0
1271,29,344,926,1.000000,1.000000,1.000000,1.000000,0,1,0,0
1272,27,344,927,1.000000,1.000000,1.000000,1.000000,1,0,0,0
1273,29,345,927,1.000000,1.000000,1.000000,1.000000,1,0,0,0
1274,27,345,928,1.000000,1.000000,1.000000,1.000000,0,0,0,0
1275,29,346,928,1.000000,1.000000,1.000000,1.000000,0,0,0,0
1276,27,346,929,1.000000,1.000000,1.000000,1.000000,1,0,0,1
1277,25,346,930,1.000000,1.000000,1.000000,1.000000,0,0,0,0
1278,29,347,930,1.000000,1.000000,1.000000,1.000000,0,0,0,0
1279,27,347,931,1.000000,1.000000,1.000000,1.000000,1,0,0,0
1280,25,347,932,1.000000,1.000000,1.000000,1.000000,1,0,0,0
1281,29,348,932,1.000000,1.000000,1.000000,1.000000,1,0,0,0
1282,27,348,933,1.000000,1.000000,1.000000,1.000000,0,0,0,1
1283,29,349,933,1.000000,1.000000,1.000000,1.000000,0,0,0,1
1284,27,349,934,1.000000,1.000000,1.000000,1.000000,0,0,0,1
1285,29,350,934,1.000000,1.000000,1.000000,1.000000,0,0,0,1
1286,27,350,935,1.000000,1.000000,1.000000,1.000000,0,0,0,0
1287,29,351,935,1.000000,1.000000,1.000000,1.000000,0,0,0,0
1288,27,351,936,1.000000,1.000000,1.000000,1.000000,0,0,1,1
1289,25,351,937,1.000000,1.000000,1.000000,1.000000,0,0,0,1
1290,29,352,937,1.000000,1.000000,1.000000,1.000000,0,0,0,1
1291,27,352,938,1.000000,1.000000,1.000000,1.000000,1,0,1,0
1292,25,352,939,1.000000,1.000000,1.000000,1.000000,0,0,1,0
1293,29,353,939,1.000000,1.000000,1.000000,1.000000,0,0,1,0
1294,27,353,940,1.000000,1.000000,1.000000,1.000000,0,0,1,0
1295,29,354,940,1.000000,1.000000,1.000000,1.000000,0,0,1,0
1296,27,354,941,1.000000,1.000000,1.000000,1.000000,0,0,0,0
1297,29,355,941,1.000000,1.000000,1.000000,1.000000,0,0,0,0
1298,27,355,942,1.000000,1.000000,1.000000,1.000000,0,0,0,0
1299,25,355,943,1.000000,1.000000,1.000000,1.000000,0,1,0,0
1300,23,355,944,1.000000,1.000000,1.000000,1.000000,0,0,0,0
1301,21,355,945,1.000000,1.000000,1.000000,1.000000,1,1,1,0
1302,19,355,946,1.000000,1.000000,1.000000,1.000000,0,1,0,0
1303,29,356,946,1.000000,1.000000,1.000000,1.000000,0,1,0,0
1304,27,356,947,1.000000,1.000000,1.000000,1.000000,1,1,1,0
1305,29,357,947,1.000000,1.000000,1.000000,1.000000,1,1,1,0
1306,27,357,948,1.000000,1.000000,1.000000,1.000000,0,0,0,0
1307,29,358,948,1.000000,1.000000,1.000000,1.000000,0,0,0,0
1308,27,358,949,1.000000,1.000000,1.000000,1.000000,0,1,1,0
1309,25,358,950,1.000000,1.000000,1.000000,1.000000,0,0,0,0
1310,29,359,950,1.000000,1.000000,1.000000,1.000000,0,0,0,0
1311,27,359,951,1.000000,1.000000,1.000000,1.000000,0,0,1,0
1312,25,359,952,1.000000,1.000000,1.000000,1.000000,0,0,0,0
1313,29,360,952,1.000000,1.000000,1.000000,1.000000,0,0,0,0
1314,27,360,953,1.000000,1.000000,1.000000,1.000000,0,0,0,0
1315,25,360,954,1.000000,1.000000,1.000000,1.000000,0,0,0,0
1316,23,360,955,1.000000,1.000000,1.000000,1.000000,0,0,0,0
1317,21,360,956,1.000000,1.000000,1.000000,1.000000,0,0,0,0
1318,19,360,957,1.000000,1.000000,1.000000,1.000000,0,1,0,0
1319,17,360,958,1.000000,1.000000,1.000000,1.000000,0,1,0,0
1320,29,361,958,1.000000,1.000000,1.000000,1.000000,0,1,0,0
1321,27,361,959,1.000000,1.000000,1.000000,1.000000,0,0,1,0
1322,25,361,960,1.000000,1.000000,1.000000,1.000000,0,1,0,0
1323,23,361,961,1.000000,1.000000,1.000000,1.000000,0,0,0,1
1324,29,362,961,1.000000,1.000000,1.000000,1.000000,0,0,0,1
1325,27,362,962,1.000000,1.000000,1.000000,1.000000,0,0,0,0
1326,29,363,962,1.000000,1.000000,1.000000,1.000000,0,0,0,0
1327,27,363,963,1.000000,1.000000,1.000000,1.000000,0,0,0,0
1328,25,363,964,1.000000,1.000000,1.000000,1.000000,0,1,0,0
1329,23,363,965,1.000000,1.000000,1.000000,1.000000,1,0,0,0
1330,29,364,965,1.000000,1.000000,1.000000,1.000000,1,0,0,0
1331,27,364,966,1.000000,1.000000,1.000000,1.000000,0,0,0,0
1332,29,365,966,1.000000,1.000000,1.000000,1.000000,0,0,0,0
1333,27,365,967,1.000000,1.000000,1.000000,1.000000,0,0,0,0
1334,25,365,968,1.000000,1.000000,1.000000,1.000000,0,0,0,1
1335,23,365,969,1.000000,1.000000,1.000000,1.000000,1,0,0,1
1336,29,366,969,1.000000,1.000000,1.000000,1.000000,1,0,0,1
1337,27,366,970,1.000000,1.000000,1.000000,1.000000,0,0,0,0
1338,29,367,970,1.000000,1.000000,1.000000,1.000000,0,0,0,0
1339,27,367,971,1.000000,1.000000,1.000000,1.000000,1,0,0,0
1340,25,367,972,1.000000,1.000000,1.000000,1.000000,0,0,0,0
1341,29,368,972,1.000000,1.000000,1.000000,1.000000,0,0,0,0
1342,27,368,973,1.000000,1.000000,1.000000,1.000000,0,0,0,0
1343,25,368,974,1.000000,1.000000,1.000000,1.000000,0,0,0,0
1344,23,368,975,1.000000,1.000000,1.000000,1.000000,0,0,0,0
1345,21,368,976,1.000000,1.000000,1.000000,1.000000,0,0,0,0
1346,19,368,977,1.000000,1.000000,1.000000,1.000000,0,0,1,0
1347,17,368,978,1.000000,1.000000,1.000000,1.000000,0,0,1,0
1348,29,369,978,1.000000,1.000000,1.000000,1.000000,0,0,1,0
1349,27,369,979,1.000000,1.000000,1.000000,1.000000,0,0,0,1
1350,29,370,979,1.000000,1.000000,1.000000,1.000000,0,0,0,1
1351,27,370,980,1.000000,1.000000,1.000000,1.000000,0,0,0,0
1352,29,371,980,1.000000,1.000000,1.000000,1.000000,0,0,0,0
1353,27,371,981,1.000000,1.000000,1.000000,1.000000,0,0,0,0
1354,25,371,982,1.000000,1.000000,1.000000,1.000000,0,0,0,0
1355,23,371,983,1.000000,1.000000,1.000000,1.000000,0,0,0,0
1356,21,371,984,1.000000,1.000000,1.000000,1.000000,0,0,0,1
1357,19,371,985,1.000000,1.000000,1.000000,1.000000,0,0,0,1
1358,17,371,986,1.000000,1.000000,1.000000,1.000000,0,1,0,0
1359,29,372,986,1.000000,1.000000,1.000000,1.000000,0,1,0,0
1360,27,372,987,1.000000,1.000000,1.000000,1.000000,0,0,0,0
1361,29,373,987,1.000000,1.000000,1.000000,1.000000,0,0,0,0
1362,27,373,988,1.000000,1.000000,1.000000,1.000000,0,0,0,0
1363,25,373,989,1.000000,1.000000,1.000000,1.000000,0,0,0,1
1364,23,373,990,1.000000,1.000000,1.000000,1.000000,0,0,0,0
1365,21,373,991,1.000000,1.000000,1.000000,1.000000,0,0,0,0
1366,19,373,992,1.000000,1.000000,1.000000,1.000000,1,0,0,0
1367,17,373,993,1.000000,1.000000,1.000000,1.000000,1,0,0,1
1368,29,374,993,1.000000,1.000000,1.000000,1.000000,1,0,0,1
1369,27,374,994,1.000000,1.000000,1.000000,1.000000,0,0,0,0
1370,29,375,994,1.000000,1.000000,1.000000,1.000000,0,0,0,0
1371,27,375,995,1.000000,1.000000,1.000000,1.000000,0,0,0,0
1372,25,375,996,1.000000,1.000000,1.000000,1.000000,0,0,0,0
1373,23,375,997,1.000000,1.000000,1.000000,1.000000,0,0,0,1
1374,21,375,998,1.000000,1.000000,1.000000,1.000000,0,0,0,0
1375,29,376,998,1.000000,1.000000,1.000000,1.000000,0,0,0,0
1376,27,376,999,1.000000,1.000000,1.000000,1.000000,0,0,1,0
1377,25,376,1000,1.000000,1.000000,1.000000,1.000000,0,1,0,0
1378,29,377,1000,1.000000,1.000000,1.000000,1.000000,0,1,0,0
1379,27,377,1001,1.000000,1.000000,1.000000,1.000000,0,0,0,0
1380,29,378,1001,1.000000,1.000000,1.000000,1.000000,0,0,0,0
1381,27,378,1002,1.000000,1.000000,1.000000,1.000000,0,0,0,0
1382,25,378,1003,1.000000,1.000000,1.000000,1.000000,0,0,0,0
1383,23,378,1004,1.000000,1.000000,1.000000,1.000000,0,0,0,0
1384,21,378,1005,1.000000,1.000000,1.000000,1.000000,0,0,0,0
1385,19,378,1006,1.000000,1.000000,1.000000,1.000000,1,0,0,0
1386,17,378,1007,1.000000,1.000000,1.000000,1.000000,0,0,0,0
1387,15,378,1008,1.000000,1.000000,1.000000,1.000000,0,0,0,0
1388,13,378,1009,1.000000,1.000000,1.000000,1.000000,0,0,0,0
1389,11,378,1010,1.000000,1.000000,1.000000,1.000000,0,0,0,0
1390,9,378,1011,1.000000,1.000000,1.000000,1.000000,0,0,1,0
1391,7,378,1012,1.000000,1.000000,1.000000,1.000000,0,0,0,0
1392,29,379,1012,1.000000,1.000000,1.000000,1.000000,0,0,0,0
1393,27,379,1013,1.000000,1.000000,1.000000,1.000000,0,1,0,0
1394,25,379,1014,1.000000,1.000000,1.000000,1.000000,0,0,0,0
1395,23,379,1015,1.000000,1.000000,1.000000,1.000000,1,0,0,0
1396,21,379,1016,1.000000,1.000000,1.000000,1.000000,1,0,0,0
1397,19,379,1017,1.000000,1.000000,1.000000,1.000000,0,0,0,1
1398,29,380,1017,1.000000,1.000000,1.000000,1.000000,0,0,0,1
1399,27,380,1018,1.000000,1.000000,1.000000,1.000000,0,0,0,0
1400,29,381,1018,1.000000,1.000000,1.000000,1.000000,0,0,0,0
1401,27,381,1019,1.000000,1.000000,1.000000,1.000000,0,0,0,0
1402,25,381,1020,1.000000,1.000000,1.000000,1.000000,0,0,0,0
1403,23,381,1021,1.000000,1.000000,1.000000,1.000000,0,0,0,0
1404,21,381,1022,1.000000,1.000000,1.000000,1.000000,0,0,0,0
1405,19,381,1023,1.000000,1.000000,1.000000,1.000000,0,0,0,0
1406,17,381,1024,1.000000,1.000000,1.000000,1.000000,0,0,0,0
1407,29,382,1024,1.000000,1.000000,1.000000,1.000000,0,0,0,0
1408,27,382,1025,1.000000,1.000000,1.000000,1.000000,0,0,0,0
1409,25,382,1026,1.000000,1.000000,1.000000,1.000000,0,0,1,0
1410,23,382,1027,1.000000,1.000000,1.000000,1.000000,0,1,0,1
1411,29,383,1027,1.000000,1.000000,1.000000,1.000000,0,1,0,1
1412,27,383,1028,1.000000,1.000000,1.000000,1.000000,0,0,0,0
1413,29,384,1028,1.000000,1.000000,1.000000,1.000000,0,0,0,0
1414,27,384,1029,1.000000,1.000000,1.000000,1.000000,0,0,0,0
1415,25,384,1030,1.000000,1.000000,1.000000,1.000000,0,0,0,0
1416,23,384,1031,1.000000,1.000000,1.000000,1.000000,0,0,0,0
1417,21,384,1032,1.000000,1.000000,1.000000,1.000000,0,0,0,0
1418,19,384,1033,1.000000,1.000000,1.000000,1.000000,1,0,0,1
1419,17,384,1034,1.000000,1.000000,1.000000,1.000000,1,0,0,0
1420,15,384,1035,1.000000,1.000000,1.000000,1.000000,1,1,1,1
1421,29,385,1035,1.000000,1.000000,1.000000,1.000000,1,1,1,1
1422,27,385,1036,1.000000,1.000000,1.000000,1.000000,0,0,0,0
1423,29,386,1036,1.000000,1.000000,1.000000,1.000000,0,0,0,0
1424,27,386,1037,1.000000,1.000000,1.000000,1.000000,0,0,0,1
1425,25,386,1038,1.000000,1.000000,1.000000,1.000000,0,0,0,0
1426,29,387,1038,1.000000,1.000000,1.000000,1.000000,0,0,0,0
1427,27,387,1039,1.000000,1.000000,1.000000,1.000000,1,0,0,1
1428,25,387,1040,1.000000,1.000000,1.000000,1.000000,0,0,0,0
1429,29,388,1040,1.000000,1.000000,1.000000,1.000000,0,0,0,0
1430,27,388,1041,1.000000,1.000000,1.000000,1.000000,0,0,0,0
1431,25,388,1042,1.000000,1.000000,1.000000,1.000000,0,0,0,1
1432,23,388,1043,1.000000,1.000000,1.000000,1.000000,0,0,0,0
1433,21,388,1044,1.000000,1.000000,1.000000,1.000000,0,0,0,0
1434,19,388,1045,1.000000,1.000000,1.000000,1.000000,0,0,0,0
1435,17,388,1046,1.000000,1.000000,1.000000,1.000000,0,0,0,0
1436,15,388,1047,1.000000,1.000000,1.000000,1.000000,0,0,0,0
1437,13,388,1048,1.000000,1.000000,1.000000,1.000000,0,0,0,0
1438,11,388,1049,1.000000,1.000000,1.000000,1.000000,1,0,1,0
1439,9,388,1050,1.000000,1.000000,1.000000,1.000000,0,0,0,0
1440,29,389,1050,1.000000,1.000000,1.000000,1.000000,0,0,0,0
1441,27,389,1051,1.000000,1.000000,1.000000,1.000000,1,0,0,0
1442,25,389,1052,1.000000,1.000000,1.000000,1.000000,0,1,0,0
1443,29,390,1052,1.000000,1.000000,1.000000,1.000000,0,1,0,0
1444,27,390,1053,1.000000,1.000000,1.000000,1.000000,0,0,0,0
1445,29,391,1053,1.000000,1.000000,1.000000,1.000000,0,0,0,0
1446,27,391,1054,1.000000,1.000000,1.000000,1.000000,1,0,0,0
1447,25,391,1055,1.000000,1.000000,1.000000,1.000000,1,0,0,1
1448,29,392,1055,1.000000,1.000000,1.000000,1.000000,1,0,0,1
1449,27,392,1056,1.000000,1.000000,1.000000,1.000000,0,0,0,0
1450,29,393,1056,1.000000,1.000000,1.000000,1.000000,0,0,0,0
1451,27,393,1057,1.000000,1.000000,1.000000,1.000000,0,1,0,0
1452,25,393,1058,1.000000,1.000000,1.000000,1.000000,0,0,0,0
1453,29,394,1058,1.000000,1.000000,1.000000,1.000000,0,0,0,0
1454,27,394,1059,1.000000,1.000000,1.000000,1.000000,0,0,0,0
1455,25,394,1060,1.000000,1.000000,1.000000,1.000000,0,0,0,0
1456,23,394,1061,1.000000,1.000000,1.000000,1.000000,0,0,0,0
1457,21,394,1062,1.000000,1.000000,1.000000,1.000000,0,0,0,0
1458,19,394,1063,1.000000,1.000000,1.000000,1.000000,0,0,0,0
1459,17,394,1064,1.000000,1.000000,1.000000,1.000000,0,0,1,0
1460,15,394,1065,1.000000,1.000000,1.000000,1.000000,0,0,0,0
1461,13,394,1066,1.000000,1.000000,1.000000,1.000000,0,0,0,1
1462,11,394,1067,1.000000,1.000000,1.000000,1.000000,0,0,0,1
1463,29,395,1067,1.000000,1.000000,1.000000,1.000000,0,0,0,1
1464,27,395,1068,1.000000,1.000000,1.000000,1.000000,0,0,0,0
1465,29,396,1068,1.000000,1.000000,1.000000,1.000000,0,0,0,0
1466,27,396,1069,1.000000,1.000000,1.000000,1.000000,0,0,0,1
1467,25,396,1070,1.000000,1.000000,1.000000,1.000000,0,0,0,0
1468,29,397,1070,1.000000,1.000000,1.000000,1.000000,0,0,0,0
1469,27,397,1071,1.000000,1.000000,1.000000,1.000000,0,0,0,0
1470,25,397,1072,1.000000,1.000000,1.000000,1.000000,0,0,0,0
1471,23,397,1073,1.000000,1.000000,1.000000,1.000000,0,1,0,0
1472,21,397,1074,1.000000,1.000000,1.000000,1.000000,0,1,0,0
1473,19,397,1075,1.000000,1.000000,1.000000,1.000000,0,1,0,1
1474,29,398,1075,1.000000,1.000000,1.000000,1.000000,0,1,0,1
1475,27,398,1076,1.000000,1.000000,1.000000,1.000000,0,1,0,0
1476,29,399,1076,1.000000,1.000000,1.000000,1.000000,0,1,0,0
1477,27,399,1077,1.000000,1.000000,1.000000,1.000000,0,1,0,0
1478,29,400,1077,1.000000,1.000000,1.000000,1.000000,0,1,0,0
1479,27,400,1078,1.000000,1.000000,1.000000,1.000000,0,0,0,0
1480,29,401,1078,1.000000,1.000000,1.000000,1.000000,0,0,0,0
1481,27,401,1079,1.000000,1.000000,1.000000,1.000000,0,0,0,0
1482,25,401,1080,1.000000,1.000000,1.000000,1.000000,0,0,0,0
1483,23,401,1081,1.000000,1.000000,1.000000,1.000000,0,0,0,0
1484,21,401,1082,1.000000,1.000000,1.000000,1.000000,0,0,0,0
1485,19,401,1083,1.000000,1.000000,1.000000,1.000000,0,0,0,0
1486,17,401,1084,1.000000,1.000000,1.000000,1.000000,0,0,0,0
1487,15,401,1085,1.000000,1.000000,1.000000,1.000000,0,0,0,0
1488,13,401,1086,1.000000,1.000000,1.000000,1.000000,0,0,0,0
1489,11,401,1087,1.000000,1.000000,1.000000,1.000000,0,0,0,0
1490,9,401,1088,1.000000,1.000000,1.000000,1.000000,0,0,1,0
1491,7,401,1089,1.000000,1.000000,1.000000,1.000000,1,0,0,1
1492,5,401,1090,1.000000,1.000000,1.000000,1.000000,0,1,0,0
1493,29,402,1090,1.000000,1.000000,1.000000,1.000000,0,1,0,0
1494,27,402,1091,1.000000,1.000000,1.000000,1.000000,0,0,0,0
1495,29,403,1091,1.000000,1.000000,1.000000,1.000000,0,0,0,0
1496,27,403,1092,1.000000,1.000000,1.000000,1.000000,0,0,0,0
1497,25,403,1093,1.000000,1.000000,1.000000,1.000000,0,0,0,0
1498,23,403,1094,1.000000,1.000000,1.000000,1.000000,0,0,0,0
1499,21,403,1095,1.000000,1.000000,1.000000,1.000000,0,0,0,0
1500,19,403,1096,1.000000,1.000000,1.000000,1.000000,0,0,0,0
1501,17,403,1097,1.000000,1.000000,1.000000,1.000000,0,0,0,0
1502,15,403,1098,1.000000,1.000000,1.000000,1.000000,0,0,0,0
1503,13,403,1099,1.000000,1.000000,1.000000,1.000000,0,0,0,0
1504,11,403,1100,1.000000,1.000000,1.000000,1.000000,0,0,1,0
1505,9,403,1101,1.000000,1.000000,1.000000,1.000000,0,1,0,1
1506,29,404,1101,1.000000,1.000000,1.000000,1.000000,0,1,0,1
1507,27,404,1102,1.000000,1.000000,1.000000,1.000000,0,0,0,0
1508,29,405,1102,1.000000,1.000000,1.000000,1.000000,0,0,0,0
1509,27,405,1103,1.000000,1.000000,1.000000,1.000000,0,0,0,0
1510,25,405,1104,1.000000,1.000000,1.000000,1.000000,0,0,0,0
1511,23,405,1105,1.000000,1.000000,1.000000,1.000000,0,0,0,0
1512,21,405,1106,1.000000,1.000000,1.000000,1.000000,1,0,0,0
1513,19,405,1107,1.000000,1.000000,1.000000,1.000000,0,0,0,0
1514,29,406,1107,1.000000,1.000000,1.000000,1.000000,0,0,0,0
1515,27,406,1108,1.000000,1.000000,1.000000,1.000000,0,0,0,0
1516,25,406,1109,1.000000,1.000000,1.000000,1.000000,0,0,0,0
1517,23,406,1110,1.000000,1.000000,1.000000,1.000000,1,0,0,0
1518,21,406,1111,1.000000,1.000000,1.000000,1.000000,0,0,0,0
1519,29,407,1111,1.000000,1.000000,1.000000,1.000000,0,0,0,0
1520,27,407,1112,1.000000,1.000000,1.000000,1.000000,0,0,0,0
1521,25,407,1113,1.000000,1.000000,1.000000,1.000000,0,0,0,0
1522,23,407,1114,1.000000,1.000000,1.000000,1.000000,1,0,0,0
1523,21,407,1115,1.000000,1.000000,1.000000,1.000000,1,1,0,1
1524,29,408,1115,1.000000,1.000000,1.000000,1.000000,1,1,0,1
1525,27,408,1116,1.000000,1.000000,1.000000,1.000000,1,1,0,0
1526,29,409,1116,1.000000,1.000000,1.000000,1.000000,1,1,0,0
1527,27,409,1117,1.000000,1.000000,1.000000,1.000000,0,1,0,0
1528,29,410,1117,1.000000,1.000000,1.000000,1.000000,0,1,0,0
1529,27,410,1118,1.000000,1.000000,1.000000,1.000000,0,0,0,0
1530,29,411,1118,1.000000,1.000000,1.000000,1.000000,0,0,0,0
1531,27,411,1119,1.000000,1.000000,1.000000,1.000000,0,0,0,0
1532,25,411,1120,1.000000,1.000000,1.000000,1.000000,0,0,0,0
1533,23,411,1121,1.000000,1.000000,1.000000,1.000000,0,0,1,0
1534,21,411,1122,1.000000,1.000000,1.000000,1.000000,0,1,0,0
1535,29,412,1122,1.000000,1.000000,1.000000,1.000000,0,1,0,0
1536,27,412,1123,1.000000,1.000000,1.000000,1.000000,0,0,1,0
1537,29,413,1123,1.000000,1.000000,1.000000,1.000000,0,0,1,0
1538,27,413,1124,1.000000,1.000000,1.000000,1.000000,0,1,0,0
1539,25,413,1125,1.000000,1.000000,1.000000,1.000000,0,0,0,0
1540,29,414,1125,1.000000,1.000000,1.000000,1.000000,0,0,0,0
1541,27,414,1126,1.000000,1.000000,1.000000,1.000000,1,0,0,0
1542,25,414,1127,1.000000,1.000000,1.000000,1.000000,0,1,0,0
1543,29,415,1127,1.000000,1.000000,1.000000,1.000000,0,1,0,0
1544,27,415,1128,1.000000,1.000000,1.000000,1.000000,0,0,0,0
1545,29,416,1128,1.000000,1.000000,1.000000,1.000000,0,0,0,0
1546,27,416,1129,1.000000,1.000000,1.000000,1.000000,0,0,0,0
1547,25,416,1130,1.000000,1.000000,1.000000,1.000000,0,1,0,0
1548,23,416,1131,1.000000,1.000000,1.000000,1.000000,0,1,1,0
1549,21,416,1132,1.000000,1.000000,1.000000,1.000000,1,0,0,1
1550,29,417,1132,1.000000,1.000000,1.000000,1.000000,1,0,0,1
1551,27,417,1133,1.000000,1.000000,1.000000,1.000000,0,1,0,0
1552,25,417,1134,1.000000,1.000000,1.000000,1.000000,0,1,0,1
1553,29,418,1134,1.000000,1.000000,1.000000,1.000000,0,1,0,1
1554,27,418,1135,1.000000,1.000000,1.000000,1.000000,0,0,0,0
1555,29,419,1135,1.000000,1.000000,1.000000,1.000000,0,0,0,0
1556,27,419,1136,1.000000,1.000000,1.000000,1.000000,0,0,0,1
1557,25,419,1137,1.000000,1.000000,1.000000,1.000000,0,0,0,0
1558,29,420,1137,1.000000,1.000000,1.000000,1.000000,0,0,0,0
1559,27,420,1138,1.000000,1.000000,1.000000,1.000000,0,0,0,0
1560,25,420,1139,1.000000,1.000000,1.000000,1.000000,0,0,0,0
1561,23,420,1140,1.000000,1.000000,1.000000,1.000000,0,0,0,1
1562,21,420,1141,1.000000,1.000000,1.000000,1.000000,0,0,0,0
1563,29,421,1141,1.000000,1.000000,1.000000,1.000000,0,0,0,0
1564,27,421,1142,1.000000,1.000000,1.000000,1.000000,0,0,1,0
1565,25,421,1143,1.000000,1.000000,1.000000,1.000000,0,1,1,0
1566,23,421,1144,1.000000,1.000000,1.000000,1.000000,1,0,0,0
1567,21,421,1145,1.000000,1.000000,1.000000,1.000000,0,1,1,0
1568,29,422,1145,1.000000,1.000000,1.000000,1.000000,0,1,1,0
1569,27,422,1146,1.000000,1.000000,1.000000,1.000000,0,0,0,0
1570,29,423,1146,1.000000,1.000000,1.000000,1.000000,0,0,0,0
1571,27,423,1147,1.000000,1.000000,1.000000,1.000000,0,1,1,0
1572,25,423,1148,1.000000,1.000000,1.000000,1.000000,0,0,0,0
1573,29,424,1148,1.000000,1.000000,1.000000,1.000000,0,0,0,0
1574,27,424,1149,1.000000,1.000000,1.000000,1.000000,0,0,0,0
1575,25,424,1150,1.000000,1.000000,1.000000,1.000000,0,1,0,0
1576,23,424,1151,1.000000,1.000000,1.000000,1.000000,0,0,0,0
1577,21,424,1152,1.000000,1.000000,1.000000,1.000000,0,1,0,0
1578,19,424,1153,1.000000,1.000000,1.000000,1.000000,0,0,0,0
1579,29,425,1153,1.000000,1.000000,1.000000,1.000000,0,0,0,0
1580,27,425,1154,1.000000,1.000000,1.000000,1.000000,0,0,0,0
1581,25,425,1155,1.000000,1.000000,1.000000,1.000000,0,0,0,0
1582,23,425,1156,1.000000,1.000000,1.000000,1.000000,0,0,0,0
1583,21,425,1157,1.000000,1.000000,1.000000,1.000000,0,0,0,0
1584,19,425,1158,1.000000,1.000000,1.000000,1.000000,0,0,0,0
1585,17,425,1159,1.000000,1.000000,1.000000,1.000000,0,0,0,0
1586,15,425,1160,1.000000,1.000000,1.000000,1.000000,0,0,0,0
1587,13,425,1161,1.000000,1.000000,1.000000,1.000000,0,0,0,0
1588,11,425,1162,1.000000,1.000000,1.000000,1.000000,0,0,0,0
1589,9,425,1163,1.000000,1.000000,1.000000,1.000000,0,0,0,0
1590,7,425,1164,1.000000,1.000000,1.000000,1.000000,0,0,1,0
1591,5,425,1165,1.000000,1.000000,1.000000,1.000000,0,0,0,1
1592,3,425,1166,1.000000,1.000000,1.000000,1.000000,0,1,0,0
1593,29,426,1166,1.000000,1.000000,1.000000,1.000000,0,1,0,0
1594,27,426,1167,1.000000,1.000000,1.000000,1.000000,0,0,0,0
1595,29,427,1167,1.000000,1.000000,1.000000,1.000000,0,0,0,0
1596,27,427,1168,1.000000,1.000000,1.000000,1.000000,0,0,0,0
1597,25,427,1169,1.000000,1.000000,1.000000,1.000000,0,0,0,0
1598,23,427,1170,1.000000,1.000000,1.000000,1.000000,0,0,0,0
1599,21,427,1171,1.000000,1.000000,1.000000,1.000000,0,0,0,0
1600,19,427,1172,1.000000,1.000000,1.000000,1.000000,0,0,0,0
1601,17,427,1173,1.000000,1.000000,1.000000,1.000000,0,0,0,0
1602,15,427,1174,1.000000,1.000000,1.000000,1.000000,1,1,0,0
1603,13,427,1175,1.000000,1.000000,1.000000,1.000000,1,0,1,0
1604,29,428,1175,1.000000,1.000000,1.000000,1.000000,1,0,1,0
1605,27,428,1176,1.000000,1.000000,1.000000,1.000000,0,0,0,1
1606,29,429,1176,1.000000,1.000000,1.000000,1.000000,0,0,0,1
1607,27,429,1177,1.000000,1.000000,1.000000,1.000000,0,0,0,0
1608,29,430,1177,1.000000,1.000000,1.000000,1.000000,0,0,0,0
1609,27,430,1178,1.000000,1.000000,1.000000,1.000000,0,0,0,0
1610,25,430,1179,1.000000,1.000000,1.000000,1.000000,0,0,0,0
1611,23,430,1180,1.000000,1.000000,1.000000,1.000000,0,0,0,1
1612,21,430,1181,1.000000,1.000000,1.000000,1.000000,0,0,0,0
1613,29,431,1181,1.000000,1.000000,1.000000,1.000000,0,0,0,0
1614,27,431,1182,1.000000,1.000000,1.000000,1.000000,0,0,0,0
1615,25,431,1183,1.000000,1.000000,1.000000,1.000000,1,0,0,0
1616,23,431,1184,1.000000,1.000000,1.000000,1.000000,0,0,0,0
1617,29,432,1184,1.000000,1.000000,1.000000,1.000000,0,0,0,0
1618,27,432,1185,1.000000,1.000000,1.000000,1.000000,0,0,0,0
1619,25,432,1186,1.000000,1.000000,1.000000,1.000000,0,0,0,0
1620,23,432,1187,1.000000,1.000000,1.000000,1.000000,0,0,0,0
1621,21,432,1188,1.000000,1.000000,1.000000,1.000000,0,0,0,0
1622,19,432,1189,1.000000,1.000000,1.000000,1.000000,0,0,0,0
1623,17,432,1190,1.000000,1.000000,1.000000,1.000000,0,0,0,0
1624,15,432,1191,1.000000,1.000000,1.000000,1.000000,0,0,0,0
1625,13,432,1192,1.000000,1.000000,1.000000,1.000000,0,0,0,0
1626,11,432,1193,1.000000,1.000000,1.000000,1.000000,0,0,0,0
1627,9,432,1194,1.000000,1.000000,1.000000,1.000000,0,1,0,0
1628,7,432,1195,1.000000,1.000000,1.000000,1.000000,0,0,0,0
1629,29,433,1195,1.000000,1.000000,1.000000,1.000000,0,0,0,0
1630,27,433,1196,1.000000,1.000000,1.000000,1.000000,0,0,0,0
1631,25,433,1197,1.000000,1.000000,1.000000,1.000000,0,0,0,0
1632,23,433,1198,1.000000,1.000000,1.000000,1.000000,0,0,0,0
1633,21,433,1199,1.000000,1.000000,1.000000,1.000000,0,0,0,0
1634,19,433,1200,1.000000,1.000000,1.000000,1.000000,0,0,0,0
1635,17,433,1201,1.000000,1.000000,1.000000,1.000000,1,0,0,0
1636,15,433,1202,1.000000,1.000000,1.000000,1.000000,0,0,0,0
1637,29,434,1202,1.000000,1.000000,1.000000,1.000000,0,0,0,0
1638,27,434,1203,1.000000,1.000000,1.000000,1.000000,0,0,0,0
1639,25,434,1204,1.000000,1.000000,1.000000,1.000000,0,0,0,0
1640,23,434,1205,1.000000,1.000000,1.000000,1.000000,0,0,0,0
1641,21,434,1206,1.000000,1.000000,1.000000,1.000000,1,0,0,0
1642,19,434,1207,1.000000,1.000000,1.000000,1.000000,0,0,0,1
1643,29,435,1207,1.000000,1.000000,1.000000,1.000000,0,0,0,1
1644,27,435,1208,1.000000,1.000000,1.000000,1.000000,1,0,0,0
1645,25,435,1209,1.000000,1.000000,1.000000,1.000000,0,0,1,1
1646,29,436,1209,1.000000,1.000000,1.000000,1.000000,0,0,1,1
1647,27,436,1210,1.000000,1.000000,1.000000,1.000000,0,0,0,0
1648,29,437,1210,1.000000,1.000000,1.000000,1.000000,0,0,0,0
1649,27,437,1211,1.000000,1.000000,1.000000,1.000000,0,0,0,0
1650,25,437,1212,1.000000,1.000000,1.000000,1.000000,0,0,0,0
1651,23,437,1213,1.000000,1.000000,1.000000,1.000000,0,0,0,0
1652,21,437,1214,1.000000,1.000000,1.000000,1.000000,0,0,0,0
1653,19,437,1215,1.000000,1.000000,1.000000,1.000000,0,0,0,0
1654,17,437,1216,1.000000,1.000000,1.000000,1.000000,0,0,1,0
1655,15,437,1217,1.000000,1.000000,1.000000,1.000000,0,0,0,1
1656,29,438,1217,1.000000,1.000000,1.000000,1.000000,0,0,0,1
1657,27,438,1218,1.000000,1.000000,1.000000,1.000000,0,0,0,0
1658,29,439,1218,1.000000,1.000000,1.000000,1.000000,0,0,0,0
1659,27,439,1219,1.000000,1.000000,1.000000,1.000000,0,0,0,1
1660,25,439,1220,1.000000,1.000000,1.000000,1.000000,0,0,0,0
1661,29,440,1220,1.000000,1.000000,1.000000,1.000000,0,0,0,0
1662,27,440,1221,1.000000,1.000000,1.000000,1.000000,0,0,0,0
1663,25,440,1222,1.000000,1.000000,1.000000,1.000000,0,0,0,0
1664,23,440,1223,1.000000,1.000000,1.000000,1.000000,0,0,0,0
1665,21,440,1224,1.000000,1.000000,1.000000,1.000000,0,0,0,0
1666,19,440,1225,1.000000,1.000000,1.000000,1.000000,0,0,0,0
1667,17,440,1226,1.000000,1.000000,1.000000,1.000000,1,0,0,0
1668,15,440,1227,1.000000,1.000000,1.000000,1.000000,0,0,0,1
1669,29,441,1227,1.000000,1.000000,1.000000,1.000000,0,0,0,1
1670,27,441,1228,1.000000,1.000000,1.000000,1.000000,1,0,0,0
1671,25,441,1229,1.000000,1.000000,1.000000,1.000000,0,0,1,1
1672,29,442,1229,1.000000,1.000000,1.000000,1.000000,0,0,1,1
1673,27,442,1230,1.000000,1.000000,1.000000,1.000000,0,0,0,0
1674,29,443,1230,1.000000,1.000000,1.000000,1.000000,0,0,0,0
1675,27,443,1231,1.000000,1.000000,1.000000,1.000000,1,0,0,0
1676,25,443,1232,1.000000,1.000000,1.000000,1.000000,0,0,0,0
1677,23,443,1233,1.000000,1.000000,1.000000,1.000000,1,0,0,0
1678,21,443,1234,1.000000,1.000000,1.000000,1.000000,0,0,0,0
1679,29,444,1234,1.000000,1.000000,1.000000,1.000000,0,0,0,0
1680,27,444,1235,1.000000,1.000000,1.000000,1.000000,0,0,0,0
1681,25,444,1236,1.000000,1.000000,1.000000,1.000000,0,0,0,0
1682,23,444,1237,1.000000,1.000000,1.000000,1.000000,0,0,0,0
1683,21,444,1238,1.000000,1.000000,1.000000,1.000000,0,1,0,0
1684,19,444,1239,1.000000,1.000000,1.000000,1.000000,0,0,0,0
1685,29,445,1239,1.000000,1.000000,1.000000,1.000000,0,0,0,0
1686,27,445,1240,1.000000,1.000000,1.000000,1.000000,0,0,0,0
1687,25,445,1241,1.000000,1.000000,1.000000,1.000000,0,0,1,0
1688,23,445,1242,1.000000,1.000000,1.000000,1.000000,0,0,0,0
1689,29,446,1242,1.000000,1.000000,1.000000,1.000000,0,0,0,0
1690,27,446,1243,1.000000,1.000000,1.000000,1.000000,0,0,1,0
1691,25,446,1244,1.000000,1.000000,1.000000,1.000000,0,1,0,0
1692,29,447,1244,1.000000,1.000000,1.000000,1.000000,0,1,0,0
1693,27,447,1245,1.000000,1.000000,1.000000,1.000000,0,0,0,0
1694,29,448,1245,1.000000,1.000000,1.000000,1.000000,0,0,0,0
1695,27,448,1246,1.000000,1.000000,1.000000,1.000000,0,0,0,0
1696,25,448,1247,1.000000,1.000000,1.000000,1.000000,0,0,1,0
1697,23,448,1248,1.000000,1.000000,1.000000,1.000000,0,0,0,0
1698,29,449,1248,1.000000,1.000000,1.000000,1.000000,0,0,0,0
1699,27,449,1249,1.000000,1.000000,1.000000,1.000000,0,1,0,0
1700,25,449,1250,1.000000,1.000000,1.000000,1.000000,0,1,0,0
1701,29,450,1250,1.000000,1.000000,1.000000,1.000000,0,1,0,0
1702,27,450,1251,1.000000,1.000000,1.000000,1.000000,0,0,0,0
1703,29,451,1251,1.000000,1.000000,1.000000,1.000000,0,0,0,0
1704,27,451,1252,1.000000,1.000000,1.000000,1.000000,0,0,0,0
1705,25,451,1253,1.000000,1.000000,1.000000,1.000000,0,1,0,1
1706,23,451,1254,1.000000,1.000000,1.000000,1.000000,0,0,0,0
1707,29,452,1254,1.000000,1.000000,1.000000,1.000000,0,0,0,0
1708,27,452,1255,1.000000,1.000000,1.000000,1.000000,0,0,0,0
1709,25,452,1256,1.000000,1.000000,1.000000,1.000000,0,0,0,0
1710,23,452,1257,1.000000,1.000000,1.000000,1.000000,0,0,0,0
1711,21,452,1258,1.000000,1.000000,1.000000,1.000000,0,0,0,0
1712,19,452,1259,1.000000,1.000000,1.000000,1.000000,0,0,0,1
1713,17,452,1260,1.000000,1.000000,1.000000,1.000000,0,0,0,0
1714,29,453,1260,1.000000,1.000000,1.000000,1.000000,0,0,0,0
1715,27,453,1261,1.000000,1.000000,1.000000,1.000000,0,0,0,0
1716,25,453,1262,1.000000,1.000000,1.000000,1.000000,0,0,0,0
1717,23,453,1263,1.000000,1.000000,1.000000,1.000000,0,0,1,0
1718,21,453,1264,1.000000,1.000000,1.000000,1.000000,0,0,0,0
1719,29,454,1264,1.000000,1.000000,1.000000,1.000000,0,0,0,0
1720,27,454,1265,1.000000,1.000000,1.000000,1.000000,0,0,1,0
1721,25,454,1266,1.000000,1.000000,1.000000,1.000000,0,0,0,0
1722,29,455,1266,1.000000,1.000000,1.000000,1.000000,0,0,0,0
1723,27,455,1267,1.000000,1.000000,1.000000,1.000000,0,0,0,0
1724,25,455,1268,1.000000,1.000000,1.000000,1.000000,0,0,0,0
1725,23,455,1269,1.000000,1.000000,1.000000,1.000000,0,0,0,0
1726,21,455,1270,1.000000,1.000000,1.000000,1.000000,0,0,0,0
1727,19,455,1271,1.000000,1.000000,1.000000,1.000000,0,0,0,0
1728,17,455,1272,1.000000,1.000000,1.000000,1.000000,0,0,0,0
1729,15,455,1273,1.000000,1.000000,1.000000,1.000000,0,0,0,0
1730,13,455,1274,1.000000,1.000000,1.000000,1.000000,0,0,0,0
1731,11,455,1275,1.000000,1.000000,1.000000,1.000000,0,0,0,1
1732,9,455,1276,1.000000,1.000000,1.000000,1.000000,0,0,0,1
1733,29,456,1276,1.000000,1.000000,1.000000,1.000000,0,0,0,1
1734,27,456,1277,1.000000,1.000000,1.000000,1.000000,0,0,0,0
1735,29,457,1277,1.000000,1.000000,1.000000,1.000000,0,0,0,0
1736,27,457,1278,1.000000,1.000000,1.000000,1.000000,0,0,0,0
1737,25,457,1279,1.000000,1.000000,1.000000,1.000000,0,0,0,0
1738,23,457,1280,1.000000,1.000000,1.000000,1.000000,0,1,1,0
1739,21,457,1281,1.000000,1.000000,1.000000,1.000000,0,1,1,0
1740,29,458,1281,1.000000,1.000000,1.000000,1.000000,0,1,1,0
1741,27,458,1282,1.000000,1.000000,1.000000,1.000000,1,0,0,0
1742,29,459,1282,1.000000,1.000000,1.000000,1.000000,1,0,0,0
1743,27,459,1283,1.000000,1.000000,1.000000,1.000000,0,0,0,0
1744,29,460,1283,1.000000,1.000000,1.000000,1.000000,0,0,0,0
1745,27,460,1284,1.000000,1.000000,1.000000,1.000000,0,0,0,0
1746,25,460,1285,1.000000,1.000000,1.000000,1.000000,0,0,1,0
1747,23,460,1286,1.000000,1.000000,1.000000,1.000000,0,0,1,0
1748,29,461,1286,1.000000,1.000000,1.000000,1.000000,0,0,1,0
1749,27,461,1287,1.000000,1.000000,1.000000,1.000000,0,0,0,0
1750,25,461,1288,1.000000,1.000000,1.000000,1.000000,0,0,1,0
1751,23,461,1289,1.000000,1.000000,1.000000,1.000000,0,0,1,0
1752,29,462,1289,1.000000,1.000000,1.000000,1.000000,0,0,1,0
1753,27,462,1290,1.000000,1.000000,1.000000,1.000000,0,0,0,0
1754,25,462,1291,1.000000,1.000000,1.000000,1.000000,0,0,0,0
1755,23,462,1292,1.000000,1.000000,1.000000,1.000000,0,0,0,0
1756,21,462,1293,1.000000,1.000000,1.000000,1.000000,0,0,0,0
1757,19,462,1294,1.000000,1.000000,1.000000,1.000000,0,0,0,0
1758,17,462,1295,1.000000,1.000000,1.000000,1.000000,0,0,0,0
1759,15,462,1296,1.000000,1.000000,1.000000,1.000000,0,0,0,0
1760,13,462,1297,1.000000,1.000000,1.000000,1.000000,0,0,0,0
1761,11,462,1298,1.000000,1.000000,1.000000,1.000000,0,0,0,0
1762,9,462,1299,1.000000,1.000000,1.000000,1.000000,0,0,0,0
1763,7,462,1300,1.000000,1.000000,1.000000,1.000000,1,0,0,0
1764,5,462,1301,1.000000,1.000000,1.000000,1.000000,0,0,0,0
1765,29,463,1301,1.000000,1.000000,1.000000,1.000000,0,0,0,0
1766,27,463,1302,1.000000,1.000000,1.000000,1.000000,0,0,0,0
1767,25,463,1303,1.000000,1.000000,1.000000,1.000000,0,0,0,0
1768,23,463,1304,1.000000,1.000000,1.000000,1.000000,0,0,0,1
1769,21,463,1305,1.000000,1.000000,1.000000,1.000000,1,0,0,0
1770,19,463,1306,1.000000,1.000000,1.000000,1.000000,0,0,1,0
1771,17,463,1307,1.000000,1.000000,1.000000,1.000000,1,0,0,0
1772,29,464,1307,1.000000,1.000000,1.000000,1.000000,1,0,0,0
1773,27,464,1308,1.000000,1.000000,1.000000,1.000000,0,0,0,0
1774,29,465,1308,1.000000,1.000000,1.000000,1.000000,0,0,0,0
1775,27,465,1309,1.000000,1.000000,1.000000,1.000000,0,0,0,0
1776,25,465,1310,1.000000,1.000000,1.000000,1.000000,0,0,1,1
1777,23,465,1311,1.000000,1.000000,1.000000,1.000000,0,0,1,0
1778,29,466,1311,1.000000,1.000000,1.000000,1.000000,0,0,1,0
1779,27,466,1312,1.000000,1.000000,1.000000,1.000000,0,1,0,0
1780,29,467,1312,1.000000,1.000000,1.000000,1.000000,0,1,0,0
1781,27,467,1313,1.000000,1.000000,1.000000,1.000000,0,0,0,0
1782,25,467,1314,1.000000,1.000000,1.000000,1.000000,0,0,1,0
1783,23,467,1315,1.000000,1.000000,1.000000,1.000000,0,0,0,0
1784,29,468,1315,1.000000,1.000000,1.000000,1.000000,0,0,0,0
1785,27,468,1316,1.000000,1.000000,1.000000,1.000000,0,0,0,0
1786,25,468,1317,1.000000,1.000000,1.000000,1.000000,0,0,0,0
1787,23,468,1318,1.000000,1.000000,1.000000,1.000000,1,0,0,0
1788,21,468,1319,1.000000,1.000000,1.000000,1.000000,1,0,0,0
1789,29,469,1319,1.000000,1.000000,1.000000,1.000000,1,0,0,0
1790,27,469,1320,1.000000,1.000000,1.000000,1.000000,0,0,0,0
1791,29,470,1320,1.000000,1.000000,1.000000,1.000000,0,0,0,0
1792,27,470,1321,1.000000,1.000000,1.000000,1.000000,0,0,0,0
1793,25,470,1322,1.000000,1.000000,1.000000,1.000000,0,0,0,0
1794,23,470,1323,1.000000,1.000000,1.000000,1.000000,0,0,0,0
1795,21,470,1324,1.000000,1.000000,1.000000,1.000000,0,1,0,0
1796,19,470,1325,1.000000,1.000000,1.000000,1.000000,0,0,0,0
1797,29,471,1325,1.000000,1.000000,1.000000,1.000000,0,0,0,0
1798,27,471,1326,1.000000,1.000000,1.000000,1.000000,0,1,0,0
1799,25,471,1327,1.000000,1.000000,1.000000,1.000000,0,0,0,0
1800,29,472,1327,1.000000,1.000000,1.000000,1.000000,0,0,0,0
1801,27,472,1328,1.000000,1.000000,1.000000,1.000000,1,0,0,0
1802,25,472,1329,1.000000,1.000000,1.000000,1.000000,0,1,0,0
1803,29,473,1329,1.000000,1.000000,1.000000,1.000000,0,1,0,0
1804,27,473,1330,1.000000,1.000000,1.000000,1.000000,0,0,0,0
1805,29,474,1330,1.000000,1.000000,1.000000,1.000000,0,0,0,0
1806,27,474,1331,1.000000,1.000000,1.000000,1.000000,0,0,0,0
1807,25,474,1332,1.000000,1.000000,1.000000,1.000000,0,0,0,0
1808,23,474,1333,1.000000,1.000000,1.000000,1.000000,0,0,0,0
1809,21,474,1334,1.000000,1.000000,1.000000,1.000000,0,1,1,0
1810,19,474,1335,1.000000,1.000000,1.000000,1.000000,0,1,1,0
1811,29,475,1335,1.000000,1.000000,1.000000,1.000000,0,1,1,0
1812,27,475,1336,1.000000,1.000000,1.000000,1.000000,0,0,1,0
1813,29,476,1336,1.000000,1.000000,1.000000,1.000000,0,0,1,0
1814,27,476,1337,1.000000,1.000000,1.000000,1.000000,0,0,1,0
1815,25,476,1338,1.000000,1.000000,1.000000,1.000000,1,0,1,0
1816,29,477,1338,1.000000,1.000000,1.000000,1.000000,1,0,1,0
1817,27,477,1339,1.000000,1.000000,1.000000,1.000000,0,0,0,0
1818,29,478,1339,1.000000,1.000000,1.000000,1.000000,0,0,0,0
1819,27,478,1340,1.000000,1.000000,1.000000,1.000000,0,0,0,0
1820,25,478,1341,1.000000,1.000000,1.000000,1.000000,0,0,0,0
1821,23,478,1342,1.000000,1.000000,1.000000,1.000000,0,0,0,0
1822,21,478,1343,1.000000,1.000000,1.000000,1.000000,0,0,0,0
1823,19,478,1344,1.000000,1.000000,1.000000,1.000000,0,0,0,0
1824,17,478,1345,1.000000,1.000000,1.000000,1.000000,0,0,0,0
1825,15,478,1346,1.000000,1.000000,1.000000,1.000000,0,1,0,0
1826,13,478,1347,1.000000,1.000000,1.000000,1.000000,0,0,0,0
1827,11,478,1348,1.000000,1.000000,1.000000,1.000000,0,0,0,0
1828,9,478,1349,1.000000,1.000000,1.000000,1.000000,0,0,0,0
1829,7,478,1350,1.000000,1.000000,1.000000,1.000000,1,0,0,1
1830,5,478,1351,1.000000,1.000000,1.000000,1.000000,0,1,0,0
1831,29,479,1351,1.000000,1.000000,1.000000,1.000000,0,1,0,0
1832,27,479,1352,1.000000,1.000000,1.000000,1.000000,0,0,0,0
1833,29,480,1352,1.000000,1.000000,1.000000,1.000000,0,0,0,0
1834,27,480,1353,1.000000,1.000000,1.000000,1.000000,0,0,0,0
1835,25,480,1354,1.000000,1.000000,1.000000,1.000000,0,0,0,0
1836,23,480,1355,1.000000,1.000000,1.000000,1.000000,0,0,0,0
1837,21,480,1356,1.000000,1.000000,1.000000,1.000000,0,0,0,0
1838,19,480,1357,1.000000,1.000000,1.000000,1.000000,0,0,0,0
1839,17,480,1358,1.000000,1.000000,1.000000,1.000000,0,0,0,1
1840,15,480,1359,1.000000,1.000000,1.000000,1.000000,0,0,0,0
1841,29,481,1359,1.000000,1.000000,1.000000,1.000000,0,0,0,0
1842,27,481,1360,1.000000,1.000000,1.000000,1.000000,0,0,0,0
1843,25,481,1361,1.000000,1.000000,1.000000,1.000000,0,0,0,0
1844,23,481,1362,1.000000,1.000000,1.000000,1.000000,0,0,0,0
1845,21,481,1363,1.000000,1.000000,1.000000,1.000000,0,0,0,0
1846,19,481,1364,1.000000,1.000000,1.000000,1.000000,0,0,0,1
1847,17,481,1365,1.000000,1.000000,1.000000,1.000000,0,0,0,0
1848,29,482,1365,1.000000,1.000000,1.000000,1.000000,0,0,0,0
1849,27,482,1366,1.000000,1.000000,1.000000,1.000000,0,0,0,1
1850,25,482,1367,1.000000,1.000000,1.000000,1.000000,0,0,1,0
1851,23,482,1368,1.000000,1.000000,1.000000,1.000000,0,0,0,0
1852,29,483,1368,1.000000,1.000000,1.000000,1.000000,0,0,0,0
1853,27,483,1369,1.000000,1.000000,1.000000,1.000000,0,0,0,1
1854,25,483,1370,1.000000,1.000000,1.000000,1.000000,0,0,0,0
1855,29,484,1370,1.000000,1.000000,1.000000,1.000000,0,0,0,0
1856,27,484,1371,1.000000,1.000000,1.000000,1.000000,0,0,0,1
1857,25,484,1372,1.000000,1.000000,1.000000,1.000000,0,0,0,0
1858,23,484,1373,1.000000,1.000000,1.000000,1.000000,0,0,0,1
1859,21,484,1374,1.000000,1.000000,1.000000,1.000000,0,0,0,0
1860,29,485,1374,1.000000,1.000000,1.000000,1.000000,0,0,0,0
1861,27,485,1375,1.000000,1.000000,1.000000,1.000000,0,0,1,0
1862,25,485,1376,1.000000,1.000000,1.000000,1.000000,0,0,0,0
1863,23,485,1377,1.000000,1.000000,1.000000,1.000000,0,0,0,0
1864,21,485,1378,1.000000,1.000000,1.000000,1.000000,0,0,0,0
1865,19,485,1379,1.000000,1.000000,1.000000,1.000000,0,0,1,0
1866,17,485,1380,1.000000,1.000000,1.000000,1.000000,0,0,1,0
1867,29,486,1380,1.000000,1.000000,1.000000,1.000000,0,0,1,0
1868,27,486,1381,1.000000,1.000000,1.000000,1.000000,0,0,1,0
1869,29,487,1381,1.000000,1.000000,1.000000,1.000000,0,0,1,0
1870,27,487,1382,1.000000,1.000000,1.000000,1.000000,0,1,0,0
1871,25,487,1383,1.000000,1.000000,1.000000,1.000000,0,0,0,1
1872,29,488,1383,1.000000,1.000000,1.000000,1.000000,0,0,0,1
1873,27,488,1384,1.000000,1.000000,1.000000,1.000000,0,0,0,0
1874,29,489,1384,1.000000,1.000000,1.000000,1.000000,0,0,0,0
1875,27,489,1385,1.000000,1.000000,1.000000,1.000000,0,0,0,0
1876,25,489,1386,1.000000,1.000000,1.000000,1.000000,0,0,0,1
1877,23,489,1387,1.000000,1.000000,1.000000,1.000000,0,0,0,0
1878,21,489,1388,1.000000,1.000000,1.000000,1.000000,0,0,0,1
1879,19,489,1389,1.000000,1.000000,1.000000,1.000000,0,0,0,0
1880,29,490,1389,1.000000,1.000000,1.000000,1.000000,0,0,0,0
1881,27,490,1390,1.000000,1.000000,1.000000,1.000000,0,0,0,0
1882,25,490,1391,1.000000,1.000000,1.000000,1.000000,0,0,0,0
1883,23,490,1392,1.000000,1.000000,1.000000,1.000000,0,0,0,0
1884,21,490,1393,1.000000,1.000000,1.000000,1.000000,0,0,0,0
1885,19,490,1394,1.000000,1.000000,1.000000,1.000000,0,0,1,0
1886,17,490,1395,1.000000,1.000000,1.000000,1.000000,0,0,1,0
1887,29,491,1395,1.000000,1.000000,1.000000,1.000000,0,0,1,0
1888,27,491,1396,1.000000,1.000000,1.000000,1.000000,0,0,0,0
1889,29,492,1396,1.000000,1.000000,1.000000,1.000000,0,0,0,0
1890,27,492,1397,1.000000,1.000000,1.000000,1.000000,0,0,0,0
1891,25,492,1398,1.000000,1.000000,1.000000,1.000000,0,0,0,0
1892,23,492,1399,1.000000,1.000000,1.000000,1.000000,0,0,0,0
1893,21,492,1400,1.000000,1.000000,1.000000,1.000000,0,0,0,0
1894,19,492,1401,1.000000,1.000000,1.000000,1.000000,0,0,0,0
1895,17,492,1402,1.000000,1.000000,1.000000,1.000000,1,0,0,1
1896,15,492,1403,1.000000,1.000000,1.000000,1.000000,1,0,0,0
1897,29,493,1403,1.000000,1.000000,1.000000,1.000000,1,0,0,0
1898,27,493,1404,1.000000,1.000000,1.000000,1.000000,0,0,0,0
1899,29,494,1404,1.000000,1.000000,1.000000,1.000000,0,0,0,0
1900,27,494,1405,1.000000,1.000000,1.000000,1.000000,0,1,0,1
1901,25,494,1406,1.000000,1.000000,1.000000,1.000000,1,0,0,0
1902,29,495,1406,1.000000,1.000000,1.000000,1.000000,1,0,0,0
1903,27,495,1407,1.000000,1.000000,1.000000,1.000000,0,0,0,0
1904,29,496,1407,1.000000,1.000000,1.000000,1.000000,0,0,0,0
1905,27,496,1408,1.000000,1.000000,1.000000,1.000000,0,1,0,0
1906,25,496,1409,1.000000,1.000000,1.000000,1.000000,0,0,0,0
1907,29,497,1409,1.000000,1.000000,1.000000,1.000000,0,0,0,0
1908,27,497,1410,1.000000,1.000000,1.000000,1.000000,0,0,0,0
1909,25,497,1411,1.000000,1.000000,1.000000,1.000000,0,1,0,0
1910,23,497,1412,1.000000,1.000000,1.000000,1.000000,0,1,0,0
1911,29,498,1412,1.000000,1.000000,1.000000,1.000000,0,1,0,0
1912,27,498,1413,1.000000,1.000000,1.000000,1.000000,1,0,0,0
1913,25,498,1414,1.000000,1.000000,1.000000,1.000000,0,0,1,0
1914,23,498,1415,1.000000,1.000000,1.000000,1.000000,1,0,0,0
1915,29,499,1415,1.000000,1.000000,1.000000,1.000000,1,0,0,0
1916,27,499,1416,1.000000,1.000000,1.000000,1.000000,0,0,0,0
1917,25,499,1417,1.000000,1.000000,1.000000,1.000000,0,1,0,1
1918,23,499,1418,1.000000,1.000000,1.000000,1.000000,0,0,0,0
1919,29,500,1418,1.000000,1.000000,1.000000,1.000000,0,0,0,0
1920,27,500,1419,1.000000,1.000000,1.000000,1.000000,0,0,0,0
1921,25,500,1420,1.000000,1.000000,1.000000,1.000000,0,1,0,1
1922,23,500,1421,1.000000,1.000000,1.000000,1.000000,0,0,0,0
1923,29,501,1421,1.000000,1.000000,1.000000,1.000000,0,0,0,0
1924,27,501,1422,1.000000,1.000000,1.000000,1.000000,0,0,1,0
1925,25,501,1423,1.000000,1.000000,1.000000,1.000000,0,0,0,0
1926,29,502,1423,1.000000,1.000000,1.000000,1.000000,0,0,0,0
1927,27,502,1424,1.000000,1.000000,1.000000,1.000000,0,0,1,0
1928,25,502,1425,1.000000,1.000000,1.000000,1.000000,0,0,1,0
1929,29,503,1425,1.000000,1.000000,1.000000,1.000000,0,0,1,0
1930,27,503,1426,1.000000,1.000000,1.000000,1.000000,0,0,0,0
1931,29,504,1426,1.000000,1.000000,1.000000,1.000000,0,0,0,0
1932,27,504,1427,1.000000,1.000000,1.000000,1.000000,0,0,0,0
1933,25,504,1428,1.000000,1.000000,1.000000,1.000000,0,0,0,0
1934,23,504,1429,1.000000,1.000000,1.000000,1.000000,0,0,0,0
1935,21,504,1430,1.000000,1.000000,1.000000,1.000000,0,0,0,0
1936,19,504,1431,1.000000,1.000000,1.000000,1.000000,0,0,0,0
1937,17,504,1432,1.000000,1.000000,1.000000,1.000000,0,0,0,0
1938,15,504,1433,1.000000,1.000000,1.000000,1.000000,0,0,0,0
1939,13,504,1434,1.000000,1.000000,1.000000,1.000000,1,0,0,0
1940,11,504,1435,1.000000,1.000000,1.000000,1.000000,0,0,0,0
1941,29,505,1435,1.000000,1.000000,1.000000,1.000000,0,0,0,0
1942,27,505,1436,1.000000,1.000000,1.000000,1.000000,0,0,0,0
1943,25,505,1437,1.000000,1.000000,1.000000,1.000000,0,0,0,0
1944,23,505,1438,1.000000,1.000000,1.000000,1.000000,1,0,0,0
1945,21,505,1439,1.000000,1.000000,1.000000,1.000000,0,0,0,0
1946,29,506,1439,1.000000,1.000000,1.000000,1.000000,0,0,0,0
1947,27,506,1440,1.000000,1.000000,1.000000,1.000000,0,0,0,0
1948,25,506,1441,1.000000,1.000000,1.000000,1.000000,0,0,0,1
1949,23,506,1442,1.000000,1.000000,1.000000,1.000000,0,0,1,0
1950,29,507,1442,1.000000,1.000000,1.000000,1.000000,0,0,1,0
1951,27,507,1443,1.000000,1.000000,1.000000,1.000000,0,0,0,1
1952,25,507,1444,1.000000,1.000000,1.000000,1.000000,0,1,0,1
1953,29,508,1444,1.000000,1.000000,1.000000,1.000000,0,1,0,1
1954,27,508,1445,1.000000,1.000000,1.000000,1.000000,0,0,0,0
1955,29,509,1445,1.000000,1.000000,1.000000,1.000000,0,0,0,0
1956,27,509,1446,1.000000,1.000000,1.000000,1.000000,0,0,0,0
1957,25,509,1447,1.000000,1.000000,1.000000,1.000000,0,0,0,0
1958,23,509,1448,1.000000,1.000000,1.000000,1.000000,0,0,0,1
1959,21,509,1449,1.000000,1.000000,1.000000,1.000000,0,0,0,0
1960,29,510,1449,1.000000,1.000000,1.000000,1.000000,0,0,0,0
1961,27,510,1450,1.000000,1.000000,1.000000,1.000000,0,0,0,0
1962,25,510,1451,1.000000,1.000000,1.000000,1.000000,0,0,0,0
1963,23,510,1452,1.000000,1.000000,1.000000,1.000000,0,0,1,0
1964,21,510,1453,1.000000,1.000000,1.000000,1.000000,0,0,0,1
1965,29,511,1453,1.000000,1.000000,1.000000,1.000000,0,0,0,1
1966,27,511,1454,1.000000,1.000000,1.000000,1.000000,0,0,0,0
1967,29,512,1454,1.000000,1.000000,1.000000,1.000000,0,0,0,0
1968,27,512,1455,1.000000,1.000000,1.000000,1.000000,0,0,0,1
1969,25,512,1456,1.000000,1.000000,1.000000,1.000000,0,0,0,1
1970,29,513,1456,1.000000,1.000000,1.000000,1.000000,0,0,0,1
1971,27,513,1457,1.000000,1.000000,1.000000,1.000000,1,0,0,0
1972,29,514,1457,1.000000,1.000000,1.000000,1.000000,1,0,0,0
1973,27,514,1458,1.000000,1.000000,1.000000,1.000000,0,0,0,1
1974,25,514,1459,1.000000,1.000000,1.000000,1.000000,0,0,0,0
1975,29,515,1459,1.000000,1.000000,1.000000,1.000000,0,0,0,0
1976,27,515,1460,1.000000,1.000000,1.000000,1.000000,0,0,0,0
1977,25,515,1461,1.000000,1.000000,1.000000,1.000000,1,1,0,0
1978,23,515,1462,1.000000,1.000000,1.000000,1.000000,1,0,0,0
1979,29,516,1462,1.000000,1.000000,1.000000,1.000000,1,0,0,0
1980,27,516,1463,1.000000,1.000000,1.000000,1.000000,1,0,0,0
1981,29,517,1463,1.000000,1.000000,1.000000,1.000000,1,0,0,0
1982,27,517,1464,1.000000,1.000000,1.000000,1.000000,0,0,0,1
1983,29,518,1464,1.000000,1.000000,1.000000,1.000000,0,0,0,1
1984,27,518,1465,1.000000,1.000000,1.000000,1.000000,0,0,0,1
1985,25,518,1466,1.000000,1.000000,1.000000,1.000000,1,0,1,0
1986,29,519,1466,1.000000,1.000000,1.000000,1.000000,1,0,1,0
1987,27,519,1467,1.000000,1.000000,1.000000,1.000000,0,0,0,0
1988,25,519,1468,1.000000,1.000000,1.000000,1.000000,1,0,0,0
1989,23,519,1469,1.000000,1.000000,1.000000,1.000000,0,0,0,0
1990,29,520,1469,1.000000,1.000000,1.000000,1.000000,0,0,0,0
1991,27,520,1470,1.000000,1.000000,1.000000,1.000000,1,0,0,0
1992,25,520,1471,1.000000,1.000000,1.000000,1.000000,0,0,0,0
1993,29,521,1471,1.000000,1.000000,1.000000,1.000000,0,0,0,0
1994,27,521,1472,1.000000,1.000000,1.000000,1.000000,0,0,0,1
1995,25,521,1473,1.000000,1.000000,1.000000,1.000000,0,0,0,0
1996,29,522,1473,1.000000,1.000000,1.000000,1.000000,0,0,0,0
1997,27,522,1474,1.000000,1.000000,1.000000,1.000000,0,0,0,0
1998,25,522,1475,1.000000,1.000000,1.000000,1.000000,0,0,0,0
1999,23,522,1476,1.000000,1.000000,1.000000,1.000000,0,0,0,0
2000,21,522,1477,1.000000,1.000000,1.000000,1.000000,1,0,0,0
