tick,energy,eats,distance,conn_1_6_weight,conn_2_7_weight,conn_3_8_weight,conn_4_9_weight,food_north_sensed,food_east_sensed,food_south_sensed,food_west_sensed
0,30,0,0,1.000000,1.000000,1.000000,1.000000,0,0,0,0
1,29,0,0,1.000000,1.000000,1.000000,1.000000,1,0,0,1
2,29,1,0,1.000000,1.000000,1.000000,1.000000,1,0,0,1
3,27,1,1,1.000000,1.000000,1.000000,1.000000,0,0,0,0
4,29,2,1,1.000000,1.000000,1.000000,1.000000,0,0,0,0
5,27,2,2,1.000000,1.000000,1.000000,1.000000,0,0,0,1
6,25,2,3,1.000000,1.000000,1.000000,1.000000,0,0,1,0
7,29,3,3,1.000000,1.000000,1.000000,1.000000,0,0,1,0
8,27,3,4,1.000000,1.000000,1.000000,1.000000,0,0,0,0
9,25,3,5,1.000000,1.000000,1.000000,1.000000,0,1,0,1
10,23,3,6,1.000000,1.000000,1.000000,1.000000,1,0,0,0
11,29,4,6,1.000000,1.000000,1.000000,1.000000,1,0,0,0
12,27,4,7,1.000000,1.000000,1.000000,1.000000,0,0,0,1
13,29,5,7,1.000000,1.000000,1.000000,1.000000,0,0,0,1
14,27,5,8,1.000000,1.000000,1.000000,1.000000,0,0,0,0
15,25,5,9,1.000000,1.000000,1.000000,1.000000,0,1,0,0
16,23,5,10,1.000000,1.000000,1.000000,1.000000,0,0,0,0
17,29,6,10,1.000000,1.000000,1.000000,1.000000,0,0,0,0
18,27,6,11,1.000000,1.000000,1.000000,1.000000,0,0,0,0
19,25,6,12,1.000000,1.000000,1.000000,1.000000,0,0,0,0
20,23,6,13,1.000000,1.000000,1.000000,1.000000,0,1,1,0
21,21,6,14,1.000000,1.000000,1.000000,1.000000,0,0,0,0
22,29,7,14,1.000000,1.000000,1.000000,1.000000,0,0,0,0
23,27,7,15,1.000000,1.000000,1.000000,1.000000,1,0,0,0
24,25,7,16,1.000000,1.000000,1.000000,1.000000,1,0,0,1
25,29,8,16,1.000000,1.000000,1.000000,1.000000,1,0,0,1
26,27,8,17,1.000000,1.000000,1.000000,1.000000,0,0,0,0
27,29,9,17,1.000000,1.000000,1.000000,1.000000,0,0,0,0
28,27,9,18,1.000000,1.000000,1.000000,1.000000,1,0,0,0
29,25,9,19,1.000000,1.000000,1.000000,1.000000,0,0,0,0
30,29,10,19,1.000000,1.000000,1.000000,1.000000,0,0,0,0
31,27,10,20,1.000000,1.000000,1.000000,1.000000,0,0,0,0
32,25,10,21,1.000000,1.000000,1.000000,1.000000,0,0,0,0
33,23,10,22,1.000000,1.000000,1.000000,1.000000,0,0,0,0
34,21,10,23,1.000000,1.000000,1.000000,1.000000,0,0,0,0
35,19,10,24,1.000000,1.000000,1.000000,1.000000,0,0,0,0
36,17,10,25,1.000000,1.000000,1.000000,1.000000,0,0,1,1
37,15,10,26,1.000000,1.000000,1.000000,1.000000,0,0,0,0
38,29,11,26,1.000000,1.000000,1.000000,1.000000,0,0,0,0
39,27,11,27,1.000000,1.000000,1.000000,1.000000,1,0,1,0
40,25,11,28,1.000000,1.000000,1.000000,1.000000,0,0,0,0
41,29,12,28,1.000000,1.000000,1.000000,1.000000,0,0,0,0
42,27,12,29,1.000000,1.000000,1.000000,1.000000,0,0,0,0
43,25,12,30,1.000000,1.000000,1.000000,1.000000,0,0,0,0
44,23,12,31,1.000000,1.000000,1.000000,1.000000,1,0,0,0
45,21,12,32,1.000000,1.000000,1.000000,1.000000,1,0,0,1
46,29,13,32,1.000000,1.000000,1.000000,1.000000,1,0,0,1
47,27,13,33,1.000000,1.000000,1.000000,1.000000,0,0,0,0
48,29,14,33,1.000000,1.000000,1.000000,1.000000,0,0,0,0
49,27,14,34,1.000000,1.000000,1.000000,1.000000,0,0,0,0
50,25,14,35,1.000000,1.000000,1.000000,1.000000,0,0,0,0
51,23,14,36,1.000000,1.000000,1.000000,1.000000,0,0,0,0
52,21,14,37,1.000000,1.000000,1.000000,1.000000,0,0,0,0
53,19,14,38,1.000000,1.000000,1.000000,1.000000,0,0,0,0
54,17,14,39,1.000000,1.000000,1.000000,1.000000,0,0,0,0
55,15,14,40,1.000000,1.000000,1.000000,1.000000,0,0,1,0
56,13,14,41,1.000000,1.000000,1.000000,1.000000,0,0,1,0
57,29,15,41,1.000000,1.000000,1.000000,1.000000,0,0,1,0
58,27,15,42,1.000000,1.000000,1.000000,1.000000,0,0,0,0
59,29,16,42,1.000000,1.000000,1.000000,1.000000,0,0,0,0
60,27,16,43,1.000000,1.000000,1.000000,1.000000,0,1,1,0
61,25,16,44,1.000000,1.000000,1.000000,1.000000,0,0,1,0
62,29,17,44,1.000000,1.000000,1.000000,1.000000,0,0,1,0
63,27,17,45,1.000000,1.000000,1.000000,1.000000,0,1,0,1
64,29,18,45,1.000000,1.000000,1.000000,1.000000,0,1,0,1
65,27,18,46,1.000000,1.000000,1.000000,1.000000,0,0,0,0
66,29,19,46,1.000000,1.000000,1.000000,1.000000,0,0,0,0
67,27,19,47,1.000000,1.000000,1.000000,1.000000,0,0,0,1
68,25,19,48,1.000000,1.000000,1.000000,1.000000,0,0,0,0
69,29,20,48,1.000000,1.000000,1.000000,1.000000,0,0,0,0
70,27,20,49,1.000000,1.000000,1.000000,1.000000,0,0,0,0
71,25,20,50,1.000000,1.000000,1.000000,1.000000,0,1,0,0
72,23,20,51,1.000000,1.000000,1.000000,1.000000,0,0,0,0
73,29,21,51,1.000000,1.000000,1.000000,1.000000,0,0,0,0
74,27,21,52,1.000000,1.000000,1.000000,1.000000,0,0,1,0
75,25,21,53,1.000000,1.000000,1.000000,1.000000,0,0,1,0
76,23,21,54,1.000000,1.000000,1.000000,1.000000,1,0,0,1
77,21,21,55,1.000000,1.000000,1.000000,1.000000,0,0,1,0
78,29,22,55,1.000000,1.000000,1.000000,1.000000,0,0,1,0
79,27,22,56,1.000000,1.000000,1.000000,1.000000,0,0,0,1
80,25,22,57,1.000000,1.000000,1.000000,1.000000,0,1,0,1
81,29,23,57,1.000000,1.000000,1.000000,1.000000,0,1,0,1
82,27,23,58,1.000000,1.000000,1.000000,1.000000,0,0,0,1
83,29,24,58,1.000000,1.000000,1.000000,1.000000,0,0,0,1
84,27,24,59,1.000000,1.000000,1.000000,1.000000,0,0,0,1
85,29,25,59,1.000000,1.000000,1.000000,1.000000,0,0,0,1
86,27,25,60,1.000000,1.000000,1.000000,1.000000,1,0,1,0
87,25,25,61,1.000000,1.000000,1.000000,1.000000,0,0,1,1
88,29,26,61,1.000000,1.000000,1.000000,1.000000,0,0,1,1
89,27,26,62,1.000000,1.000000,1.000000,1.000000,0,0,1,0
90,29,27,62,1.000000,1.000000,1.000000,1.000000,0,0,1,0
91,27,27,63,1.000000,1.000000,1.000000,1.000000,0,0,1,1
92,29,28,63,1.000000,1.000000,1.000000,1.000000,0,0,1,1
93,27,28,64,1.000000,1.000000,1.000000,1.000000,0,0,0,1
94,29,29,64,1.000000,1.000000,1.000000,1.000000,0,0,0,1
95,27,29,65,1.000000,1.000000,1.000000,1.000000,1,0,1,1
96,29,30,65,1.000000,1.000000,1.000000,1.000000,1,0,1,1
97,27,30,66,1.000000,1.000000,1.000000,1.000000,0,0,0,0
98,29,31,66,1.000000,1.000000,1.000000,1.000000,0,0,0,0
99,27,31,67,1.000000,1.000000,1.000000,1.000000,0,0,1,1
100,25,31,68,1.000000,1.000000,1.000000,1.000000,0,0,0,0
101,29,32,68,1.000000,1.000000,1.000000,1.000000,0,0,0,0
102,27,32,69,1.000000,1.000000,1.000000,1.000000,0,1,0,1
103,25,32,70,1.000000,1.000000,1.000000,1.000000,0,0,0,0
104,29,33,70,1.000000,1.000000,1.000000,1.000000,0,0,0,0
105,27,33,71,1.000000,1.000000,1.000000,1.000000,0,1,1,0
106,25,33,72,1.000000,1.000000,1.000000,1.000000,1,0,0,0
107,29,34,72,1.000000,1.000000,1.000000,1.000000,1,0,0,0
108,27,34,73,1.000000,1.000000,1.000000,1.000000,1,0,0,1
109,25,34,74,1.000000,1.000000,1.000000,1.000000,0,1,0,0
110,29,35,74,1.000000,1.000000,1.000000,1.000000,0,1,0,1
111,27,35,75,1.000000,1.000000,1.000000,1.000000,0,0,0,0
112,29,36,75,1.000000,1.000000,1.000000,1.000000,1,0,0,0
113,27,36,76,1.000000,1.000000,1.000000,1.000000,0,0,0,0
114,29,37,76,1.000000,1.000000,1.000000,1.000000,0,0,0,0
115,27,37,77,1.000000,1.000000,1.000000,1.000000,1,1,0,0
116,25,37,78,1.000000,1.000000,1.000000,1.000000,0,1,0,0
117,29,38,78,1.000000,1.000000,1.000000,1.000000,0,1,0,0
118,27,38,79,1.000000,1.000000,1.000000,1.000000,0,0,1,0
119,29,39,79,1.000000,1.000000,1.000000,1.000000,0,0,1,0
120,27,39,80,1.000000,1.000000,1.000000,1.000000,0,1,1,0
121,29,40,80,1.000000,1.000000,1.000000,1.000000,0,1,1,0
122,27,40,81,1.000000,1.000000,1.000000,1.000000,0,0,1,0
123,29,41,81,1.000000,1.000000,1.000000,1.000000,0,0,1,0
124,27,41,82,1.000000,1.000000,1.000000,1.000000,0,0,0,0
125,29,42,82,1.000000,1.000000,1.000000,1.000000,0,0,0,0
126,27,42,83,1.000000,1.000000,1.000000,1.000000,0,0,0,0
127,25,42,84,1.000000,1.000000,1.000000,1.000000,1,0,0,0
128,23,42,85,1.000000,1.000000,1.000000,1.000000,0,1,0,0
129,29,43,85,1.000000,1.000000,1.000000,1.000000,0,1,0,0
130,27,43,86,1.000000,1.000000,1.000000,1.000000,0,1,0,0
131,25,43,87,1.000000,1.000000,1.000000,1.000000,0,1,0,1
132,29,44,87,1.000000,1.000000,1.000000,1.000000,0,1,0,1
133,27,44,88,1.000000,1.000000,1.000000,1.000000,0,0,0,0
134,29,45,88,1.000000,1.000000,1.000000,1.000000,0,0,0,0
135,27,45,89,1.000000,1.000000,1.000000,1.000000,0,0,0,0
136,25,45,90,1.000000,1.000000,1.000000,1.000000,1,1,0,0
137,23,45,91,1.000000,1.000000,1.000000,1.000000,0,0,1,0
138,21,45,92,1.000000,1.000000,1.000000,1.000000,1,0,0,0
139,29,46,92,1.000000,1.000000,1.000000,1.000000,1,0,0,0
140,27,46,93,1.000000,1.000000,1.000000,1.000000,0,1,1,0
141,25,46,94,1.000000,1.000000,1.000000,1.000000,0,0,1,0
142,29,47,94,1.000000,1.000000,1.000000,1.000000,0,0,1,0
143,27,47,95,1.000000,1.000000,1.000000,1.000000,0,0,0,1
144,29,48,95,1.000000,1.000000,1.000000,1.000000,0,0,0,1
145,27,48,96,1.000000,1.000000,1.000000,1.000000,0,0,0,0
146,25,48,97,1.000000,1.000000,1.000000,1.000000,0,0,0,1
147,23,48,98,1.000000,1.000000,1.000000,1.000000,0,0,0,1
148,29,49,98,1.000000,1.000000,1.000000,1.000000,0,0,0,1
149,27,49,99,1.000000,1.000000,1.000000,1.000000,0,0,0,0
150,25,49,100,1.000000,1.000000,1.000000,1.000000,0,0,0,1
151,23,49,101,1.000000,1.000000,1.000000,1.000000,0,0,0,0
152,29,50,101,1.000000,1.000000,1.000000,1.000000,0,0,0,0
153,27,50,102,1.000000,1.000000,1.000000,1.000000,1,0,0,0
154,25,50,103,1.000000,1.000000,1.000000,1.000000,0,1,0,1
155,23,50,104,1.000000,1.000000,1.000000,1.000000,1,0,0,1
156,29,51,104,1.000000,1.000000,1.000000,1.000000,1,0,0,1
157,27,51,105,1.000000,1.000000,1.000000,1.000000,0,0,0,0
158,29,52,105,1.000000,1.000000,1.000000,1.000000,0,0,0,0
159,27,52,106,1.000000,1.000000,1.000000,1.000000,0,1,0,0
160,25,52,107,1.000000,1.000000,1.000000,1.000000,0,0,0,0
161,29,53,107,1.000000,1.000000,1.000000,1.000000,0,0,0,0
162,27,53,108,1.000000,1.000000,1.000000,1.000000,1,0,0,0
163,25,53,109,1.000000,1.000000,1.000000,1.000000,0,0,0,0
164,23,53,110,1.000000,1.000000,1.000000,1.000000,0,0,0,0
165,21,53,111,1.000000,1.000000,1.000000,1.000000,0,0,1,0
166,19,53,112,1.000000,1.000000,1.000000,1.000000,0,0,1,0
167,29,54,112,1.000000,1.000000,1.000000,1.000000,0,0,1,0
168,27,54,113,1.000000,1.000000,1.000000,1.000000,0,0,0,1
169,29,55,113,1.000000,1.000000,1.000000,1.000000,0,0,0,1
170,27,55,114,1.000000,1.000000,1.000000,1.000000,0,0,0,1
171,29,56,114,1.000000,1.000000,1.000000,1.000000,0,0,0,1
172,27,56,115,1.000000,1.000000,1.000000,1.000000,0,0,0,0
173,29,57,115,1.000000,1.000000,1.000000,1.000000,0,0,0,0
174,27,57,116,1.000000,1.000000,1.000000,1.000000,1,0,0,0
175,25,57,117,1.000000,1.000000,1.000000,1.000000,0,1,0,1
176,29,58,117,1.000000,1.000000,1.000000,1.000000,0,1,0,1
177,27,58,118,1.000000,1.000000,1.000000,1.000000,1,0,0,0
178,25,58,119,1.000000,1.000000,1.000000,1.000000,0,0,1,0
179,29,59,119,1.000000,1.000000,1.000000,1.000000,0,0,1,0
180,27,59,120,1.000000,1.000000,1.000000,1.000000,0,0,0,0
181,29,60,120,1.000000,1.000000,1.000000,1.000000,0,0,0,0
182,27,60,121,1.000000,1.000000,1.000000,1.000000,0,0,0,1
183,25,60,122,1.000000,1.000000,1.000000,1.000000,0,0,0,1
184,29,61,122,1.000000,1.000000,1.000000,1.000000,0,0,0,1
185,27,61,123,1.000000,1.000000,1.000000,1.000000,0,0,0,1
186,29,62,123,1.000000,1.000000,1.000000,1.000000,0,0,0,1
187,27,62,124,1.000000,1.000000,1.000000,1.000000,1,0,1,0
188,29,63,124,1.000000,1.000000,1.000000,1.000000,1,0,1,0
189,27,63,125,1.000000,1.000000,1.000000,1.000000,0,0,0,1
190,29,64,125,1.000000,1.000000,1.000000,1.000000,0,0,0,1
191,27,64,126,1.000000,1.000000,1.000000,1.000000,0,0,0,0
192,29,65,126,1.000000,1.000000,1.000000,1.000000,0,0,0,0
193,27,65,127,1.000000,1.000000,1.000000,1.000000,0,0,0,0
194,25,65,128,1.000000,1.000000,1.000000,1.000000,0,0,0,0
195,23,65,129,1.000000,1.000000,1.000000,1.000000,0,0,0,0
196,21,65,130,1.000000,1.000000,1.000000,1.000000,0,0,0,0
197,19,65,131,1.000000,1.000000,1.000000,1.000000,0,0,0,0
198,17,65,132,1.000000,1.000000,1.000000,1.000000,0,0,0,0
199,15,65,133,1.000000,1.000000,1.000000,1.000000,0,0,0,0
200,13,65,134,1.000000,1.000000,1.000000,1.000000,0,0,1,0
201,11,65,135,1.000000,1.000000,1.000000,1.000000,0,1,0,0
202,29,66,135,1.000000,1.000000,1.000000,1.000000,0,1,0,1
203,27,66,136,1.000000,1.000000,1.000000,1.000000,0,0,1,0
204,29,67,136,1.000000,1.000000,1.000000,1.000000,1,0,1,0
205,27,67,137,1.000000,1.000000,1.000000,1.000000,0,0,0,0
206,29,68,137,1.000000,1.000000,1.000000,1.000000,0,0,0,1
207,27,68,138,1.000000,1.000000,1.000000,1.000000,0,0,0,0
208,29,69,138,1.000000,1.000000,1.000000,1.000000,0,0,0,0
209,27,69,139,1.000000,1.000000,1.000000,1.000000,0,0,0,0
210,25,69,140,1.000000,1.000000,1.000000,1.000000,0,0,0,0
211,23,69,141,1.000000,1.000000,1.000000,1.000000,0,1,0,0
212,21,69,142,1.000000,1.000000,1.000000,1.000000,1,0,0,0
213,19,69,143,1.000000,1.000000,1.000000,1.000000,1,0,0,0
214,17,69,144,1.000000,1.000000,1.000000,1.000000,0,0,1,1
215,29,70,144,1.000000,1.000000,1.000000,1.000000,0,0,1,1
216,27,70,145,1.000000,1.000000,1.000000,1.000000,1,0,0,0
217,29,71,145,1.000000,1.000000,1.000000,1.000000,1,0,0,0
218,27,71,146,1.000000,1.000000,1.000000,1.000000,1,0,0,1
219,29,72,146,1.000000,1.000000,1.000000,1.000000,1,0,0,1
220,27,72,147,1.000000,1.000000,1.000000,1.000000,0,0,0,0
221,29,73,147,1.000000,1.000000,1.000000,1.000000,0,0,0,0
222,27,73,148,1.000000,1.000000,1.000000,1.000000,0,0,1,0
223,25,73,149,1.000000,1.000000,1.000000,1.000000,0,0,0,0
224,29,74,149,1.000000,1.000000,1.000000,1.000000,0,0,0,0
225,27,74,150,1.000000,1.000000,1.000000,1.000000,0,0,0,1
226,25,74,151,1.000000,1.000000,1.000000,1.000000,0,0,0,0
227,29,75,151,1.000000,1.000000,1.000000,1.000000,0,0,0,0
228,27,75,152,1.000000,1.000000,1.000000,1.000000,0,0,0,0
229,25,75,153,1.000000,1.000000,1.000000,1.000000,0,0,0,0
230,23,75,154,1.000000,1.000000,1.000000,1.000000,0,0,0,0
231,21,75,155,1.000000,1.000000,1.000000,1.000000,0,1,0,0
232,29,76,155,1.000000,1.000000,1.000000,1.000000,0,1,0,0
233,27,76,156,1.000000,1.000000,1.000000,1.000000,0,1,0,0
234,25,76,157,1.000000,1.000000,1.000000,1.000000,1,0,0,0
235,29,77,157,1.000000,1.000000,1.000000,1.000000,1,0,0,0
236,27,77,158,1.000000,1.000000,1.000000,1.000000,0,0,0,0
237,29,78,158,1.000000,1.000000,1.000000,1.000000,0,0,0,0
238,27,78,159,1.000000,1.000000,1.000000,1.000000,0,0,0,0
239,25,78,160,1.000000,1.000000,1.000000,1.000000,0,0,0,0
240,23,78,161,1.000000,1.000000,1.000000,1.000000,0,1,1,0
241,21,78,162,1.000000,1.000000,1.000000,1.000000,0,0,1,0
242,19,78,163,1.000000,1.000000,1.000000,1.000000,1,1,0,1
243,29,79,163,1.000000,1.000000,1.000000,1.000000,1,1,0,1
244,27,79,164,1.000000,1.000000,1.000000,1.000000,0,0,0,0
245,29,80,164,1.000000,1.000000,1.000000,1.000000,0,0,0,0
246,27,80,165,1.000000,1.000000,1.000000,1.000000,1,0,0,1
247,25,80,166,1.000000,1.000000,1.000000,1.000000,0,0,0,0
248,29,81,166,1.000000,1.000000,1.000000,1.000000,0,0,0,0
249,27,81,167,1.000000,1.000000,1.000000,1.000000,0,0,1,0
250,25,81,168,1.000000,1.000000,1.000000,1.000000,0,0,0,0
251,29,82,168,1.000000,1.000000,1.000000,1.000000,0,0,0,0
252,27,82,169,1.000000,1.000000,1.000000,1.000000,0,0,1,0
253,25,82,170,1.000000,1.000000,1.000000,1.000000,0,0,0,0
254,29,83,170,1.000000,1.000000,1.000000,1.000000,0,0,0,0
255,27,83,171,1.000000,1.000000,1.000000,1.000000,0,0,0,0
256,25,83,172,1.000000,1.000000,1.000000,1.000000,0,0,1,1
257,23,83,173,1.000000,1.000000,1.000000,1.000000,0,0,1,1
258,29,84,173,1.000000,1.000000,1.000000,1.000000,0,0,1,1
259,27,84,174,1.000000,1.000000,1.000000,1.000000,0,1,1,0
260,29,85,174,1.000000,1.000000,1.000000,1.000000,0,1,1,0
261,27,85,175,1.000000,1.000000,1.000000,1.000000,0,1,0,0
262,29,86,175,1.000000,1.000000,1.000000,1.000000,0,1,0,0
263,27,86,176,1.000000,1.000000,1.000000,1.000000,0,1,0,0
264,29,87,176,1.000000,1.000000,1.000000,1.000000,0,1,0,0
265,27,87,177,1.000000,1.000000,1.000000,1.000000,0,1,0,0
266,25,87,178,1.000000,1.000000,1.000000,1.000000,1,0,0,1
267,29,88,178,1.000000,1.000000,1.000000,1.000000,1,0,0,1
268,27,88,179,1.000000,1.000000,1.000000,1.000000,0,0,0,0
269,29,89,179,1.000000,1.000000,1.000000,1.000000,0,0,0,0
270,27,89,180,1.000000,1.000000,1.000000,1.000000,1,1,0,0
271,25,89,181,1.000000,1.000000,1.000000,1.000000,0,0,0,0
272,29,90,181,1.000000,1.000000,1.000000,1.000000,0,0,0,0
273,27,90,182,1.000000,1.000000,1.000000,1.000000,1,0,0,0
274,25,90,183,1.000000,1.000000,1.000000,1.000000,0,0,0,0
275,29,91,183,1.000000,1.000000,1.000000,1.000000,0,0,0,0
276,27,91,184,1.000000,1.000000,1.000000,1.000000,0,0,0,0
277,25,91,185,1.000000,1.000000,1.000000,1.000000,1,0,0,1
278,23,91,186,1.000000,1.000000,1.000000,1.000000,0,1,0,0
279,29,92,186,1.000000,1.000000,1.000000,1.000000,0,1,0,0
280,27,92,187,1.000000,1.000000,1.000000,1.000000,1,1,0,0
281,25,92,188,1.000000,1.000000,1.000000,1.000000,0,0,0,1
282,29,93,188,1.000000,1.000000,1.000000,1.000000,0,0,0,1
283,27,93,189,1.000000,1.000000,1.000000,1.000000,1,0,0,0
284,29,94,189,1.000000,1.000000,1.000000,1.000000,1,0,0,0
285,27,94,190,1.000000,1.000000,1.000000,1.000000,0,0,0,0
286,29,95,190,1.000000,1.000000,1.000000,1.000000,0,0,0,0
287,27,95,191,1.000000,1.000000,1.000000,1.000000,1,0,0,0
288,25,95,192,1.000000,1.000000,1.000000,1.000000,0,0,0,0
289,29,96,192,1.000000,1.000000,1.000000,1.000000,0,0,0,0
290,27,96,193,1.000000,1.000000,1.000000,1.000000,0,0,0,0
291,25,96,194,1.000000,1.000000,1.000000,1.000000,0,0,0,0
292,23,96,195,1.000000,1.000000,1.000000,1.000000,0,0,0,0
293,21,96,196,1.000000,1.000000,1.000000,1.000000,0,0,0,0
294,19,96,197,1.000000,1.000000,1.000000,1.000000,0,0,0,0
295,17,96,198,1.000000,1.000000,1.000000,1.000000,0,0,0,0
296,15,96,199,1.000000,1.000000,1.000000,1.000000,0,1,0,0
297,13,96,200,1.000000,1.000000,1.000000,1.000000,0,1,1,0
298,29,97,200,1.000000,1.000000,1.000000,1.000000,0,1,1,0
299,27,97,201,1.000000,1.000000,1.000000,1.000000,0,0,0,0
300,29,98,201,1.000000,1.000000,1.000000,1.000000,0,0,0,0
301,27,98,202,1.000000,1.000000,1.000000,1.000000,0,0,1,0
302,25,98,203,1.000000,1.000000,1.000000,1.000000,0,0,0,0
303,29,99,203,1.000000,1.000000,1.000000,1.000000,0,0,0,0
304,27,99,204,1.000000,1.000000,1.000000,1.000000,0,0,1,0
305,25,99,205,1.000000,1.000000,1.000000,1.000000,0,0,0,0
306,29,100,205,1.000000,1.000000,1.000000,1.000000,0,0,0,0
307,27,100,206,1.000000,1.000000,1.000000,1.000000,0,0,0,0
308,25,100,207,1.000000,1.000000,1.000000,1.000000,0,0,0,0
309,23,100,208,1.000000,1.000000,1.000000,1.000000,0,0,1,1
310,21,100,209,1.000000,1.000000,1.000000,1.000000,0,0,1,0
311,29,101,209,1.000000,1.000000,1.000000,1.000000,0,0,1,0
312,27,101,210,1.000000,1.000000,1.000000,1.000000,0,0,0,1
313,29,102,210,1.000000,1.000000,1.000000,1.000000,0,0,0,1
314,27,102,211,1.000000,1.000000,1.000000,1.000000,0,0,0,1
315,29,103,211,1.000000,1.000000,1.000000,1.000000,0,0,0,1
316,27,103,212,1.000000,1.000000,1.000000,1.000000,0,0,0,1
317,29,104,212,1.000000,1.000000,1.000000,1.000000,0,0,0,1
318,27,104,213,1.000000,1.000000,1.000000,1.000000,0,0,0,1
319,29,105,213,1.000000,1.000000,1.000000,1.000000,0,0,0,1
320,27,105,214,1.000000,1.000000,1.000000,1.000000,1,0,1,0
321,29,106,214,1.000000,1.000000,1.000000,1.000000,1,0,1,0
322,27,106,215,1.000000,1.000000,1.000000,1.000000,0,0,0,1
323,29,107,215,1.000000,1.000000,1.000000,1.000000,0,0,0,1
324,27,107,216,1.000000,1.000000,1.000000,1.000000,0,0,0,0
325,29,108,216,1.000000,1.000000,1.000000,1.000000,0,0,0,0
326,27,108,217,1.000000,1.000000,1.000000,1.000000,0,0,1,1
327,25,108,218,1.000000,1.000000,1.000000,1.000000,0,1,0,1
328,29,109,218,1.000000,1.000000,1.000000,1.000000,0,1,0,1
329,27,109,219,1.000000,1.000000,1.000000,1.000000,0,0,1,0
330,29,110,219,1.000000,1.000000,1.000000,1.000000,0,0,1,0
331,27,110,220,1.000000,1.000000,1.000000,1.000000,0,0,0,0
332,29,111,220,1.000000,1.000000,1.000000,1.000000,0,0,0,0
333,27,111,221,1.000000,1.000000,1.000000,1.000000,0,0,0,0
334,25,111,222,1.000000,1.000000,1.000000,1.000000,0,0,0,1
335,23,111,223,1.000000,1.000000,1.000000,1.000000,0,0,1,1
336,21,111,224,1.000000,1.000000,1.000000,1.000000,1,0,0,0
337,29,112,224,1.000000,1.000000,1.000000,1.000000,1,0,0,0
338,27,112,225,1.000000,1.000000,1.000000,1.000000,1,0,0,1
339,29,113,225,1.000000,1.000000,1.000000,1.000000,1,0,0,1
340,27,113,226,1.000000,1.000000,1.000000,1.000000,0,0,0,0
341,29,114,226,1.000000,1.000000,1.000000,1.000000,0,0,0,0
342,27,114,227,1.000000,1.000000,1.000000,1.000000,1,1,1,0
343,25,114,228,1.000000,1.000000,1.000000,1.000000,0,1,0,0
344,29,115,228,1.000000,1.000000,1.000000,1.000000,0,1,0,0
345,27,115,229,1.000000,1.000000,1.000000,1.000000,0,0,1,0
346,29,116,229,1.000000,1.000000,1.000000,1.000000,0,0,1,0
347,27,116,230,1.000000,1.000000,1.000000,1.000000,0,1,1,0
348,29,117,230,1.000000,1.000000,1.000000,1.000000,0,1,1,0
349,27,117,231,1.000000,1.000000,1.000000,1.000000,0,1,0,0
350,29,118,231,1.000000,1.000000,1.000000,1.000000,0,1,0,0
351,27,118,232,1.000000,1.000000,1.000000,1.000000,0,1,0,0
352,29,119,232,1.000000,1.000000,1.000000,1.000000,0,1,0,0
353,27,119,233,1.000000,1.000000,1.000000,1.000000,0,1,0,0
354,25,119,234,1.000000,1.000000,1.000000,1.000000,1,0,0,1
355,29,120,234,1.000000,1.000000,1.000000,1.000000,1,0,0,1
356,27,120,235,1.000000,1.000000,1.000000,1.000000,0,0,0,0
357,29,121,235,1.000000,1.000000,1.000000,1.000000,0,0,0,0
358,27,121,236,1.000000,1.000000,1.000000,1.000000,0,1,0,0
359,25,121,237,1.000000,1.000000,1.000000,1.000000,0,0,0,0
360,29,122,237,1.000000,1.000000,1.000000,1.000000,0,0,0,0
361,27,122,238,1.000000,1.000000,1.000000,1.000000,0,1,0,0
362,25,122,239,1.000000,1.000000,1.000000,1.000000,0,0,0,0
363,29,123,239,1.000000,1.000000,1.000000,1.000000,0,0,0,0
364,27,123,240,1.000000,1.000000,1.000000,1.000000,0,0,0,0
365,25,123,241,1.000000,1.000000,1.000000,1.000000,0,0,0,0
366,23,123,242,1.000000,1.000000,1.000000,1.000000,0,0,1,0
367,21,123,243,1.000000,1.000000,1.000000,1.000000,0,1,1,0
368,29,124,243,1.000000,1.000000,1.000000,1.000000,0,1,1,0
369,27,124,244,1.000000,1.000000,1.000000,1.000000,0,0,0,0
370,29,125,244,1.000000,1.000000,1.000000,1.000000,0,0,0,0
371,27,125,245,1.000000,1.000000,1.000000,1.000000,0,0,0,0
372,25,125,246,1.000000,1.000000,1.000000,1.000000,1,0,0,0
373,23,125,247,1.000000,1.000000,1.000000,1.000000,1,0,0,0
374,21,125,248,1.000000,1.000000,1.000000,1.000000,1,1,1,0
375,19,125,249,1.000000,1.000000,1.000000,1.000000,1,0,0,0
376,17,125,250,1.000000,1.000000,1.000000,1.000000,1,1,1,0
377,29,126,250,1.000000,1.000000,1.000000,1.000000,1,1,1,0
378,27,126,251,1.000000,1.000000,1.000000,1.000000,0,0,0,0
379,29,127,251,1.000000,1.000000,1.000000,1.000000,0,0,0,0
380,27,127,252,1.000000,1.000000,1.000000,1.000000,1,1,0,0
381,25,127,253,1.000000,1.000000,1.000000,1.000000,0,0,0,0
382,29,128,253,1.000000,1.000000,1.000000,1.000000,0,0,0,0
383,27,128,254,1.000000,1.000000,1.000000,1.000000,0,1,0,1
384,25,128,255,1.000000,1.000000,1.000000,1.000000,1,0,0,1
385,29,129,255,1.000000,1.000000,1.000000,1.000000,1,0,0,1
386,27,129,256,1.000000,1.000000,1.000000,1.000000,0,0,0,0
387,29,130,256,1.000000,1.000000,1.000000,1.000000,0,0,0,0
388,27,130,257,1.000000,1.000000,1.000000,1.000000,0,0,0,1
389,25,130,258,1.000000,1.000000,1.000000,1.000000,0,0,0,0
390,23,130,259,1.000000,1.000000,1.000000,1.000000,0,0,0,1
391,21,130,260,1.000000,1.000000,1.000000,1.000000,0,0,1,0
392,29,131,260,1.000000,1.000000,1.000000,1.000000,0,0,1,0
393,27,131,261,1.000000,1.000000,1.000000,1.000000,0,0,0,0
394,29,132,261,1.000000,1.000000,1.000000,1.000000,0,0,0,0
395,27,132,262,1.000000,1.000000,1.000000,1.000000,0,0,0,0
396,25,132,263,1.000000,1.000000,1.000000,1.000000,0,1,0,0
397,23,132,264,1.000000,1.000000,1.000000,1.000000,0,1,1,0
398,21,132,265,1.000000,1.000000,1.000000,1.000000,0,0,0,0
399,29,133,265,1.000000,1.000000,1.000000,1.000000,0,0,0,0
400,27,133,266,1.000000,1.000000,1.000000,1.000000,1,0,0,0
401,25,133,267,1.000000,1.000000,1.000000,1.000000,1,0,0,0
402,29,134,267,1.000000,1.000000,1.000000,1.000000,1,0,0,0
403,27,134,268,1.000000,1.000000,1.000000,1.000000,1,1,0,0
404,29,135,268,1.000000,1.000000,1.000000,1.000000,1,1,0,0
405,27,135,269,1.000000,1.000000,1.000000,1.000000,0,1,0,0
406,29,136,269,1.000000,1.000000,1.000000,1.000000,0,1,0,0
407,27,136,270,1.000000,1.000000,1.000000,1.000000,1,1,0,0
408,29,137,270,1.000000,1.000000,1.000000,1.000000,1,1,0,0
409,27,137,271,1.000000,1.000000,1.000000,1.000000,0,0,0,0
410,29,138,271,1.000000,1.000000,1.000000,1.000000,0,0,0,0
411,27,138,272,1.000000,1.000000,1.000000,1.000000,0,1,0,0
412,25,138,273,1.000000,1.000000,1.000000,1.000000,0,0,0,0
413,29,139,273,1.000000,1.000000,1.000000,1.000000,0,0,0,0
414,27,139,274,1.000000,1.000000,1.000000,1.000000,1,1,0,0
415,25,139,275,1.000000,1.000000,1.000000,1.000000,1,0,0,0
416,29,140,275,1.000000,1.000000,1.000000,1.000000,1,0,0,0
417,27,140,276,1.000000,1.000000,1.000000,1.000000,0,0,0,1
418,25,140,277,1.000000,1.000000,1.000000,1.000000,0,1,0,0
419,29,141,277,1.000000,1.000000,1.000000,1.000000,0,1,0,0
420,27,141,278,1.000000,1.000000,1.000000,1.000000,0,0,0,0
421,29,142,278,1.000000,1.000000,1.000000,1.000000,0,0,0,0
422,27,142,279,1.000000,1.000000,1.000000,1.000000,0,0,0,0
423,25,142,280,1.000000,1.000000,1.000000,1.000000,0,1,0,0
424,23,142,281,1.000000,1.000000,1.000000,1.000000,0,0,0,0
425,29,143,281,1.000000,1.000000,1.000000,1.000000,0,0,0,0
426,27,143,282,1.000000,1.000000,1.000000,1.000000,0,0,0,0
427,25,143,283,1.000000,1.000000,1.000000,1.000000,0,0,0,0
428,23,143,284,1.000000,1.000000,1.000000,1.000000,0,0,1,1
429,21,143,285,1.000000,1.000000,1.000000,1.000000,0,0,0,1
430,29,144,285,1.000000,1.000000,1.000000,1.000000,0,0,0,1
431,27,144,286,1.000000,1.000000,1.000000,1.000000,1,0,0,1
432,29,145,286,1.000000,1.000000,1.000000,1.000000,1,0,0,1
433,27,145,287,1.000000,1.000000,1.000000,1.000000,0,0,0,0
434,29,146,287,1.000000,1.000000,1.000000,1.000000,0,0,0,0
435,27,146,288,1.000000,1.000000,1.000000,1.000000,0,0,0,1
436,25,146,289,1.000000,1.000000,1.000000,1.000000,0,0,0,0
437,29,147,289,1.000000,1.000000,1.000000,1.000000,0,0,0,0
438,27,147,290,1.000000,1.000000,1.000000,1.000000,0,0,0,0
439,25,147,291,1.000000,1.000000,1.000000,1.000000,0,0,0,0
440,23,147,292,1.000000,1.000000,1.000000,1.000000,0,0,1,1
441,21,147,293,1.000000,1.000000,1.000000,1.000000,0,0,1,0
442,29,148,293,1.000000,1.000000,1.000000,1.000000,0,0,1,0
443,27,148,294,1.000000,1.000000,1.000000,1.000000,0,1,1,0
444,29,149,294,1.000000,1.000000,1.000000,1.000000,0,1,1,0
445,27,149,295,1.000000,1.000000,1.000000,1.000000,0,0,0,0
446,29,150,295,1.000000,1.000000,1.000000,1.000000,0,1,0,0
447,27,150,296,1.000000,1.000000,1.000000,1.000000,0,1,0,0
448,29,151,296,1.000000,1.000000,1.000000,1.000000,1,1,0,0
449,27,151,297,1.000000,1.000000,1.000000,1.000000,0,0,0,0
450,29,152,297,1.000000,1.000000,1.000000,1.000000,0,0,0,0
451,27,152,298,1.000000,1.000000,1.000000,1.000000,1,0,0,0
452,25,152,299,1.000000,1.000000,1.000000,1.000000,0,0,0,0
453,29,153,299,1.000000,1.000000,1.000000,1.000000,0,0,0,0
454,27,153,300,1.000000,1.000000,1.000000,1.000000,0,0,0,0
455,25,153,301,1.000000,1.000000,1.000000,1.000000,0,0,0,0
456,23,153,302,1.000000,1.000000,1.000000,1.000000,0,0,0,0
457,21,153,303,1.000000,1.000000,1.000000,1.000000,0,0,0,0
458,19,153,304,1.000000,1.000000,1.000000,1.000000,0,0,0,0
459,17,153,305,1.000000,1.000000,1.000000,1.000000,0,0,0,0
460,15,153,306,1.000000,1.000000,1.000000,1.000000,0,0,1,0
461,13,153,307,1.000000,1.000000,1.000000,1.000000,0,0,0,0
462,29,154,307,1.000000,1.000000,1.000000,1.000000,0,0,0,0
463,27,154,308,1.000000,1.000000,1.000000,1.000000,0,0,0,0
464,25,154,309,1.000000,1.000000,1.000000,1.000000,1,0,0,0
465,23,154,310,1.000000,1.000000,1.000000,1.000000,0,1,0,1
466,29,155,310,1.000000,1.000000,1.000000,1.000000,0,1,0,1
467,27,155,311,1.000000,1.000000,1.000000,1.000000,0,0,0,1
468,25,155,312,1.000000,1.000000,1.000000,1.000000,1,1,1,0
469,29,156,312,1.000000,1.000000,1.000000,1.000000,1,1,1,0
470,27,156,313,1.000000,1.000000,1.000000,1.000000,0,0,0,0
471,29,157,313,1.000000,1.000000,1.000000,1.000000,0,0,0,0
472,27,157,314,1.000000,1.000000,1.000000,1.000000,1,0,0,0
473,25,157,315,1.000000,1.000000,1.000000,1.000000,0,0,0,0
474,29,158,315,1.000000,1.000000,1.000000,1.000000,0,0,0,0
475,27,158,316,1.000000,1.000000,1.000000,1.000000,1,1,0,1
476,25,158,317,1.000000,1.000000,1.000000,1.000000,0,0,0,0
477,29,159,317,1.000000,1.000000,1.000000,1.000000,0,0,0,0
478,27,159,318,1.000000,1.000000,1.000000,1.000000,0,0,1,1
479,25,159,319,1.000000,1.000000,1.000000,1.000000,0,0,0,0
480,29,160,319,1.000000,1.000000,1.000000,1.000000,0,0,0,0
481,27,160,320,1.000000,1.000000,1.000000,1.000000,0,0,0,1
482,25,160,321,1.000000,1.000000,1.000000,1.000000,1,0,0,1
483,29,161,321,1.000000,1.000000,1.000000,1.000000,1,0,0,1
484,27,161,322,1.000000,1.000000,1.000000,1.000000,0,0,1,0
485,25,161,323,1.000000,1.000000,1.000000,1.000000,1,0,0,0
486,29,162,323,1.000000,1.000000,1.000000,1.000000,1,0,0,0
487,27,162,324,1.000000,1.000000,1.000000,1.000000,0,0,0,0
488,29,163,324,1.000000,1.000000,1.000000,1.000000,0,0,0,0
489,27,163,325,1.000000,1.000000,1.000000,1.000000,1,1,0,0
490,25,163,326,1.000000,1.000000,1.000000,1.000000,0,0,0,0
491,29,164,326,1.000000,1.000000,1.000000,1.000000,0,0,0,0
492,27,164,327,1.000000,1.000000,1.000000,1.000000,0,0,0,0
493,25,164,328,1.000000,1.000000,1.000000,1.000000,0,0,0,0
494,23,164,329,1.000000,1.000000,1.000000,1.000000,0,1,0,0
495,21,164,330,1.000000,1.000000,1.000000,1.000000,1,1,1,0
496,29,165,330,1.000000,1.000000,1.000000,1.000000,1,1,1,0
497,27,165,331,1.000000,1.000000,1.000000,1.000000,0,0,0,0
498,29,166,331,1.000000,1.000000,1.000000,1.000000,0,0,0,0
499,27,166,332,1.000000,1.000000,1.000000,1.000000,1,0,0,0
500,25,166,333,1.000000,1.000000,1.000000,1.000000,0,0,0,0
501,29,167,333,1.000000,1.000000,1.000000,1.000000,0,0,0,0
502,27,167,334,1.000000,1.000000,1.000000,1.000000,0,1,0,0
503,25,167,335,1.000000,1.000000,1.000000,1.000000,0,0,0,0
504,23,167,336,1.000000,1.000000,1.000000,1.000000,0,0,0,0
505,21,167,337,1.000000,1.000000,1.000000,1.000000,0,0,1,1
506,19,167,338,1.000000,1.000000,1.000000,1.000000,0,0,0,0
507,29,168,338,1.000000,1.000000,1.000000,1.000000,0,0,0,0
508,27,168,339,1.000000,1.000000,1.000000,1.000000,0,0,0,1
509,25,168,340,1.000000,1.000000,1.000000,1.000000,0,0,1,0
510,29,169,340,1.000000,1.000000,1.000000,1.000000,0,0,1,0
511,27,169,341,1.000000,1.000000,1.000000,1.000000,0,0,0,0
512,29,170,341,1.000000,1.000000,1.000000,1.000000,0,0,0,0
513,27,170,342,1.000000,1.000000,1.000000,1.000000,0,0,0,1
514,25,170,343,1.000000,1.000000,1.000000,1.000000,0,0,0,0
515,29,171,343,1.000000,1.000000,1.000000,1.000000,0,0,0,0
516,27,171,344,1.000000,1.000000,1.000000,1.000000,0,0,0,0
517,25,171,345,1.000000,1.000000,1.000000,1.000000,0,0,0,1
518,23,171,346,1.000000,1.000000,1.000000,1.000000,0,0,0,1
519,21,171,347,1.000000,1.000000,1.000000,1.000000,1,1,0,1
520,19,171,348,1.000000,1.000000,1.000000,1.000000,0,1,0,0
521,17,171,349,1.000000,1.000000,1.000000,1.000000,1,1,0,1
522,29,172,349,1.000000,1.000000,1.000000,1.000000,1,1,0,1
523,27,172,350,1.000000,1.000000,1.000000,1.000000,0,0,0,0
524,29,173,350,1.000000,1.000000,1.000000,1.000000,0,0,0,0
525,27,173,351,1.000000,1.000000,1.000000,1.000000,1,0,0,1
526,25,173,352,1.000000,1.000000,1.000000,1.000000,0,0,0,0
527,29,174,352,1.000000,1.000000,1.000000,1.000000,0,0,0,0
528,27,174,353,1.000000,1.000000,1.000000,1.000000,1,0,0,0
529,25,174,354,1.000000,1.000000,1.000000,1.000000,0,0,0,0
530,29,175,354,1.000000,1.000000,1.000000,1.000000,0,0,0,0
531,27,175,355,1.000000,1.000000,1.000000,1.000000,1,0,0,1
532,25,175,356,1.000000,1.000000,1.000000,1.000000,1,0,0,1
533,29,176,356,1.000000,1.000000,1.000000,1.000000,1,0,0,1
534,27,176,357,1.000000,1.000000,1.000000,1.000000,0,0,1,0
535,29,177,357,1.000000,1.000000,1.000000,1.000000,0,0,1,0
536,27,177,358,1.000000,1.000000,1.000000,1.000000,0,0,0,0
537,29,178,358,1.000000,1.000000,1.000000,1.000000,0,0,0,0
538,27,178,359,1.000000,1.000000,1.000000,1.000000,0,0,0,0
539,25,178,360,1.000000,1.000000,1.000000,1.000000,0,0,0,1
540,23,178,361,1.000000,1.000000,1.000000,1.000000,0,0,1,1
541,29,179,361,1.000000,1.000000,1.000000,1.000000,0,0,1,1
542,27,179,362,1.000000,1.000000,1.000000,1.000000,0,0,0,1
543,29,180,362,1.000000,1.000000,1.000000,1.000000,0,0,0,1
544,27,180,363,1.000000,1.000000,1.000000,1.000000,0,0,1,0
545,29,181,363,1.000000,1.000000,1.000000,1.000000,0,0,1,0
546,27,181,364,1.000000,1.000000,1.000000,1.000000,0,0,1,1
547,29,182,364,1.000000,1.000000,1.000000,1.000000,0,0,1,1
548,27,182,365,1.000000,1.000000,1.000000,1.000000,0,1,0,0
549,29,183,365,1.000000,1.000000,1.000000,1.000000,0,1,0,0
550,27,183,366,1.000000,1.000000,1.000000,1.000000,0,0,1,0
551,29,184,366,1.000000,1.000000,1.000000,1.000000,0,0,1,0
552,27,184,367,1.000000,1.000000,1.000000,1.000000,0,0,0,0
553,29,185,367,1.000000,1.000000,1.000000,1.000000,0,0,0,0
554,27,185,368,1.000000,1.000000,1.000000,1.000000,0,0,0,1
555,25,185,369,1.000000,1.000000,1.000000,1.000000,0,0,0,0
556,29,186,369,1.000000,1.000000,1.000000,1.000000,0,0,0,0
557,27,186,370,1.000000,1.000000,1.000000,1.000000,0,0,1,0
558,25,186,371,1.000000,1.000000,1.000000,1.000000,0,0,0,0
559,29,187,371,1.000000,1.000000,1.000000,1.000000,0,0,0,0
560,27,187,372,1.000000,1.000000,1.000000,1.000000,0,0,0,0
561,25,187,373,1.000000,1.000000,1.000000,1.000000,0,0,0,0
562,23,187,374,1.000000,1.000000,1.000000,1.000000,0,0,0,0
563,21,187,375,1.000000,1.000000,1.000000,1.000000,0,0,0,0
564,19,187,376,1.000000,1.000000,1.000000,1.000000,0,0,0,0
565,17,187,377,1.000000,1.000000,1.000000,1.000000,0,0,0,0
566,15,187,378,1.000000,1.000000,1.000000,1.000000,1,1,0,0
567,13,187,379,1.000000,1.000000,1.000000,1.000000,0,1,0,0
568,29,188,379,1.000000,1.000000,1.000000,1.000000,0,1,0,0
569,27,188,380,1.000000,1.000000,1.000000,1.000000,1,0,1,0
570,29,189,380,1.000000,1.000000,1.000000,1.000000,1,0,1,0
571,27,189,381,1.000000,1.000000,1.000000,1.000000,0,1,0,0
572,29,190,381,1.000000,1.000000,1.000000,1.000000,0,1,0,0
573,27,190,382,1.000000,1.000000,1.000000,1.000000,0,0,1,0
574,25,190,383,1.000000,1.000000,1.000000,1.000000,1,0,0,0
575,29,191,383,1.000000,1.000000,1.000000,1.000000,1,0,0,0
576,27,191,384,1.000000,1.000000,1.000000,1.000000,0,0,0,0
577,29,192,384,1.000000,1.000000,1.000000,1.000000,0,0,0,0
578,27,192,385,1.000000,1.000000,1.000000,1.000000,1,0,0,0
579,25,192,386,1.000000,1.000000,1.000000,1.000000,1,0,0,0
580,29,193,386,1.000000,1.000000,1.000000,1.000000,1,0,0,0
581,27,193,387,1.000000,1.000000,1.000000,1.000000,0,0,0,1
582,29,194,387,1.000000,1.000000,1.000000,1.000000,0,0,0,1
583,27,194,388,1.000000,1.000000,1.000000,1.000000,0,0,0,1
584,25,194,389,1.000000,1.000000,1.000000,1.000000,0,1,1,0
585,29,195,389,1.000000,1.000000,1.000000,1.000000,0,1,1,0
586,27,195,390,1.000000,1.000000,1.000000,1.000000,0,0,0,0
587,29,196,390,1.000000,1.000000,1.000000,1.000000,0,0,0,0
588,27,196,391,1.000000,1.000000,1.000000,1.000000,0,0,0,1
589,25,196,392,1.000000,1.000000,1.000000,1.000000,0,0,1,1
590,29,197,392,1.000000,1.000000,1.000000,1.000000,0,0,1,1
591,27,197,393,1.000000,1.000000,1.000000,1.000000,0,1,0,0
592,29,198,393,1.000000,1.000000,1.000000,1.000000,0,1,0,0
593,27,198,394,1.000000,1.000000,1.000000,1.000000,0,0,1,0
594,29,199,394,1.000000,1.000000,1.000000,1.000000,0,0,1,0
595,27,199,395,1.000000,1.000000,1.000000,1.000000,0,0,0,0
596,29,200,395,1.000000,1.000000,1.000000,1.000000,0,0,0,0
597,27,200,396,1.000000,1.000000,1.000000,1.000000,0,0,0,1
598,25,200,397,1.000000,1.000000,1.000000,1.000000,0,0,0,0
599,29,201,397,1.000000,1.000000,1.000000,1.000000,0,0,0,0
600,27,201,398,1.000000,1.000000,1.000000,1.000000,0,0,0,1
601,25,201,399,1.000000,1.000000,1.000000,1.000000,0,0,0,0
602,29,202,399,1.000000,1.000000,1.000000,1.000000,0,0,0,0
603,27,202,400,1.000000,1.000000,1.000000,1.000000,0,0,0,1
604,25,202,401,1.000000,1.000000,1.000000,1.000000,0,0,1,0
605,29,203,401,1.000000,1.000000,1.000000,1.000000,0,0,1,0
606,27,203,402,1.000000,1.000000,1.000000,1.000000,0,0,0,0
607,29,204,402,1.000000,1.000000,1.000000,1.000000,0,0,0,0
608,27,204,403,1.000000,1.000000,1.000000,1.000000,0,0,0,0
609,25,204,404,1.000000,1.000000,1.000000,1.000000,0,0,0,0
610,23,204,405,1.000000,1.000000,1.000000,1.000000,0,0,0,0
611,21,204,406,1.000000,1.000000,1.000000,1.000000,0,0,0,0
612,19,204,407,1.000000,1.000000,1.000000,1.000000,0,1,1,0
613,17,204,408,1.000000,1.000000,1.000000,1.000000,0,1,0,0
614,29,205,408,1.000000,1.000000,1.000000,1.000000,0,1,0,0
615,27,205,409,1.000000,1.000000,1.000000,1.000000,1,1,1,0
616,29,206,409,1.000000,1.000000,1.000000,1.000000,1,1,1,0
617,27,206,410,1.000000,1.000000,1.000000,1.000000,0,1,0,0
618,29,207,410,1.000000,1.000000,1.000000,1.000000,0,1,0,0
619,27,207,411,1.000000,1.000000,1.000000,1.000000,1,0,1,0
620,29,208,411,1.000000,1.000000,1.000000,1.000000,1,0,1,0
621,27,208,412,1.000000,1.000000,1.000000,1.000000,0,0,0,0
622,29,209,412,1.000000,1.000000,1.000000,1.000000,0,0,0,0
623,27,209,413,1.000000,1.000000,1.000000,1.000000,0,0,1,1
624,25,209,414,1.000000,1.000000,1.000000,1.000000,0,0,1,0
625,29,210,414,1.000000,1.000000,1.000000,1.000000,0,0,1,0
626,27,210,415,1.000000,1.000000,1.000000,1.000000,0,1,1,0
627,29,211,415,1.000000,1.000000,1.000000,1.000000,0,1,1,0
628,27,211,416,1.000000,1.000000,1.000000,1.000000,0,0,0,0
629,29,212,416,1.000000,1.000000,1.000000,1.000000,0,0,0,0
630,27,212,417,1.000000,1.000000,1.000000,1.000000,0,1,0,0
631,25,212,418,1.000000,1.000000,1.000000,1.000000,0,0,0,0
632,29,213,418,1.000000,1.000000,1.000000,1.000000,0,0,0,0
633,27,213,419,1.000000,1.000000,1.000000,1.000000,0,0,1,0
634,25,213,420,1.000000,1.000000,1.000000,1.000000,0,1,0,0
635,29,214,420,1.000000,1.000000,1.000000,1.000000,0,1,0,0
636,27,214,421,1.000000,1.000000,1.000000,1.000000,0,0,0,0
637,29,215,421,1.000000,1.000000,1.000000,1.000000,0,0,0,0
638,27,215,422,1.000000,1.000000,1.000000,1.000000,0,0,0,0
639,25,215,423,1.000000,1.000000,1.000000,1.000000,0,0,0,0
640,23,215,424,1.000000,1.000000,1.000000,1.000000,0,0,0,0
641,21,215,425,1.000000,1.000000,1.000000,1.000000,0,0,0,0
642,19,215,426,1.000000,1.000000,1.000000,1.000000,0,0,0,0
643,17,215,427,1.000000,1.000000,1.000000,1.000000,0,1,0,0
644,15,215,428,1.000000,1.000000,1.000000,1.000000,0,0,1,0
645,29,216,428,1.000000,1.000000,1.000000,1.000000,0,0,1,0
646,27,216,429,1.000000,1.000000,1.000000,1.000000,0,0,0,0
647,29,217,429,1.000000,1.000000,1.000000,1.000000,0,0,0,0
648,27,217,430,1.000000,1.000000,1.000000,1.000000,0,0,0,0
649,25,217,431,1.000000,1.000000,1.000000,1.000000,1,0,0,0
650,23,217,432,1.000000,1.000000,1.000000,1.000000,0,0,0,0
651,29,218,432,1.000000,1.000000,1.000000,1.000000,0,0,0,0
652,27,218,433,1.000000,1.000000,1.000000,1.000000,0,0,0,0
653,25,218,434,1.000000,1.000000,1.000000,1.000000,0,0,0,1
654,23,218,435,1.000000,1.000000,1.000000,1.000000,0,0,0,1
655,29,219,435,1.000000,1.000000,1.000000,1.000000,0,0,0,1
656,27,219,436,1.000000,1.000000,1.000000,1.000000,0,0,0,0
657,25,219,437,1.000000,1.000000,1.000000,1.000000,0,0,0,0
658,23,219,438,1.000000,1.000000,1.000000,1.000000,0,0,1,0
659,21,219,439,1.000000,1.000000,1.000000,1.000000,0,0,0,1
660,29,220,439,1.000000,1.000000,1.000000,1.000000,0,0,0,1
661,27,220,440,1.000000,1.000000,1.000000,1.000000,0,0,1,1
662,25,220,441,1.000000,1.000000,1.000000,1.000000,1,0,0,0
663,29,221,441,1.000000,1.000000,1.000000,1.000000,1,0,0,0
664,27,221,442,1.000000,1.000000,1.000000,1.000000,0,1,0,0
665,25,221,443,1.000000,1.000000,1.000000,1.000000,0,0,0,0
666,29,222,443,1.000000,1.000000,1.000000,1.000000,0,0,0,0
667,27,222,444,1.000000,1.000000,1.000000,1.000000,0,0,0,0
668,25,222,445,1.000000,1.000000,1.000000,1.000000,1,0,0,0
669,23,222,446,1.000000,1.000000,1.000000,1.000000,0,0,0,1
670,21,222,447,1.000000,1.000000,1.000000,1.000000,0,1,0,1
671,19,222,448,1.000000,1.000000,1.000000,1.000000,0,0,0,1
672,29,223,448,1.000000,1.000000,1.000000,1.000000,0,0,0,1
673,27,223,449,1.000000,1.000000,1.000000,1.000000,0,0,0,1
674,29,224,449,1.000000,1.000000,1.000000,1.000000,0,0,0,1
675,27,224,450,1.000000,1.000000,1.000000,1.000000,0,0,0,1
676,29,225,450,1.000000,1.000000,1.000000,1.000000,0,0,0,1
677,27,225,451,1.000000,1.000000,1.000000,1.000000,0,0,0,1
678,29,226,451,1.000000,1.000000,1.000000,1.000000,0,0,0,1
679,27,226,452,1.000000,1.000000,1.000000,1.000000,0,0,0,0
680,25,226,453,1.000000,1.000000,1.000000,1.000000,1,0,0,0
681,23,226,454,1.000000,1.000000,1.000000,1.000000,0,0,0,0
682,29,227,454,1.000000,1.000000,1.000000,1.000000,0,0,0,0
683,27,227,455,1.000000,1.000000,1.000000,1.000000,1,0,0,0
684,25,227,456,1.000000,1.000000,1.000000,1.000000,0,1,0,0
685,29,228,456,1.000000,1.000000,1.000000,1.000000,0,1,0,0
686,27,228,457,1.000000,1.000000,1.000000,1.000000,0,0,0,0
687,29,229,457,1.000000,1.000000,1.000000,1.000000,0,0,0,0
688,27,229,458,1.000000,1.000000,1.000000,1.000000,0,0,0,0
689,25,229,459,1.000000,1.000000,1.000000,1.000000,0,0,0,1
690,23,229,460,1.000000,1.000000,1.000000,1.000000,0,0,0,1
691,29,230,460,1.000000,1.000000,1.000000,1.000000,0,0,0,1
692,27,230,461,1.000000,1.000000,1.000000,1.000000,1,0,1,0
693,29,231,461,1.000000,1.000000,1.000000,1.000000,1,0,1,0
694,27,231,462,1.000000,1.000000,1.000000,1.000000,0,0,0,0
695,29,232,462,1.000000,1.000000,1.000000,1.000000,0,0,0,0
696,27,232,463,1.000000,1.000000,1.000000,1.000000,1,0,0,0
697,25,232,464,1.000000,1.000000,1.000000,1.000000,0,0,0,0
698,23,232,465,1.000000,1.000000,1.000000,1.000000,1,1,0,1
699,21,232,466,1.000000,1.000000,1.000000,1.000000,1,0,0,0
700,29,233,466,1.000000,1.000000,1.000000,1.000000,1,0,0,0
701,27,233,467,1.000000,1.000000,1.000000,1.000000,0,0,0,0
702,25,233,468,1.000000,1.000000,1.000000,1.000000,0,0,0,0
703,23,233,469,1.000000,1.000000,1.000000,1.000000,1,1,0,0
704,21,233,470,1.000000,1.000000,1.000000,1.000000,0,1,0,1
705,29,234,470,1.000000,1.000000,1.000000,1.000000,0,1,0,1
706,27,234,471,1.000000,1.000000,1.000000,1.000000,1,0,0,1
707,25,234,472,1.000000,1.000000,1.000000,1.000000,0,0,1,0
708,29,235,472,1.000000,1.000000,1.000000,1.000000,0,0,1,0
709,27,235,473,1.000000,1.000000,1.000000,1.000000,0,0,0,1
710,29,236,473,1.000000,1.000000,1.000000,1.000000,0,0,0,1
711,27,236,474,1.000000,1.000000,1.000000,1.000000,0,0,0,0
712,29,237,474,1.000000,1.000000,1.000000,1.000000,0,0,0,0
713,27,237,475,1.000000,1.000000,1.000000,1.000000,0,0,1,0
714,25,237,476,1.000000,1.000000,1.000000,1.000000,0,0,0,0
715,29,238,476,1.000000,1.000000,1.000000,1.000000,0,0,0,0
716,27,238,477,1.000000,1.000000,1.000000,1.000000,0,1,0,0
717,25,238,478,1.000000,1.000000,1.000000,1.000000,0,0,0,0
718,29,239,478,1.000000,1.000000,1.000000,1.000000,0,0,0,0
719,27,239,479,1.000000,1.000000,1.000000,1.000000,1,1,1,0
720,25,239,480,1.000000,1.000000,1.000000,1.000000,0,1,0,0
721,29,240,480,1.000000,1.000000,1.000000,1.000000,0,1,0,0
722,27,240,481,1.000000,1.000000,1.000000,1.000000,1,0,1,0
723,29,241,481,1.000000,1.000000,1.000000,1.000000,1,0,1,0
724,27,241,482,1.000000,1.000000,1.000000,1.000000,1,1,0,0
725,29,242,482,1.000000,1.000000,1.000000,1.000000,1,1,0,0
726,27,242,483,1.000000,1.000000,1.000000,1.000000,0,1,0,0
727,29,243,483,1.000000,1.000000,1.000000,1.000000,0,1,0,0
728,27,243,484,1.000000,1.000000,1.000000,1.000000,0,1,0,0
729,29,244,484,1.000000,1.000000,1.000000,1.000000,0,1,0,0
730,27,244,485,1.000000,1.000000,1.000000,1.000000,0,1,0,0
731,29,245,485,1.000000,1.000000,1.000000,1.000000,0,1,0,0
732,27,245,486,1.000000,1.000000,1.000000,1.000000,1,0,0,0
733,29,246,486,1.000000,1.000000,1.000000,1.000000,1,0,0,0
734,27,246,487,1.000000,1.000000,1.000000,1.000000,0,0,0,0
735,29,247,487,1.000000,1.000000,1.000000,1.000000,0,0,0,0
736,27,247,488,1.000000,1.000000,1.000000,1.000000,0,0,0,0
737,25,247,489,1.000000,1.000000,1.000000,1.000000,0,0,0,0
738,23,247,490,1.000000,1.000000,1.000000,1.000000,0,0,0,0
739,21,247,491,1.000000,1.000000,1.000000,1.000000,0,0,0,0
740,19,247,492,1.000000,1.000000,1.000000,1.000000,0,0,0,0
741,17,247,493,1.000000,1.000000,1.000000,1.000000,0,0,0,0
742,15,247,494,1.000000,1.000000,1.000000,1.000000,0,0,0,0
743,13,247,495,1.000000,1.000000,1.000000,1.000000,0,0,0,0
744,11,247,496,1.000000,1.000000,1.000000,1.000000,0,0,0,0
745,9,247,497,1.000000,1.000000,1.000000,1.000000,0,1,1,0
746,7,247,498,1.000000,1.000000,1.000000,1.000000,0,1,0,1
747,29,248,498,1.000000,1.000000,1.000000,1.000000,0,1,0,1
748,27,248,499,1.000000,1.000000,1.000000,1.000000,0,0,0,0
749,29,249,499,1.000000,1.000000,1.000000,1.000000,0,0,0,0
750,27,249,500,1.000000,1.000000,1.000000,1.000000,1,0,0,0
751,25,249,501,1.000000,1.000000,1.000000,1.000000,0,1,0,1
752,23,249,502,1.000000,1.000000,1.000000,1.000000,1,0,0,1
753,29,250,502,1.000000,1.000000,1.000000,1.000000,1,0,0,1
754,27,250,503,1.000000,1.000000,1.000000,1.000000,0,0,0,1
755,29,251,503,1.000000,1.000000,1.000000,1.000000,0,0,0,1
756,27,251,504,1.000000,1.000000,1.000000,1.000000,0,0,0,1
757,29,252,504,1.000000,1.000000,1.000000,1.000000,0,0,0,1
758,27,252,505,1.000000,1.000000,1.000000,1.000000,0,0,0,1
759,29,253,505,1.000000,1.000000,1.000000,1.000000,0,0,0,1
760,27,253,506,1.000000,1.000000,1.000000,1.000000,1,0,1,0
761,29,254,506,1.000000,1.000000,1.000000,1.000000,1,0,1,0
762,27,254,507,1.000000,1.000000,1.000000,1.000000,0,0,1,1
763,29,255,507,1.000000,1.000000,1.000000,1.000000,0,0,1,1
764,27,255,508,1.000000,1.000000,1.000000,1.000000,0,0,0,0
765,29,256,508,1.000000,1.000000,1.000000,1.000000,0,0,0,0
766,27,256,509,1.000000,1.000000,1.000000,1.000000,1,0,1,1
767,25,256,510,1.000000,1.000000,1.000000,1.000000,0,0,0,1
768,23,256,511,1.000000,1.000000,1.000000,1.000000,1,1,1,1
769,21,256,512,1.000000,1.000000,1.000000,1.000000,0,0,1,0
770,29,257,512,1.000000,1.000000,1.000000,1.000000,0,0,1,0
771,27,257,513,1.000000,1.000000,1.000000,1.000000,0,1,1,1
772,29,258,513,1.000000,1.000000,1.000000,1.000000,0,1,1,1
773,27,258,514,1.000000,1.000000,1.000000,1.000000,0,0,0,0
774,29,259,514,1.000000,1.000000,1.000000,1.000000,0,0,0,0
775,27,259,515,1.000000,1.000000,1.000000,1.000000,0,1,1,0
776,25,259,516,1.000000,1.000000,1.000000,1.000000,0,0,0,0
777,29,260,516,1.000000,1.000000,1.000000,1.000000,0,0,0,0
778,27,260,517,1.000000,1.000000,1.000000,1.000000,1,0,1,0
779,25,260,518,1.000000,1.000000,1.000000,1.000000,0,0,1,0
780,29,261,518,1.000000,1.000000,1.000000,1.000000,0,0,1,0
781,27,261,519,1.000000,1.000000,1.000000,1.000000,0,1,1,0
782,29,262,519,1.000000,1.000000,1.000000,1.000000,0,1,1,0
783,27,262,520,1.000000,1.000000,1.000000,1.000000,0,0,0,0
784,29,263,520,1.000000,1.000000,1.000000,1.000000,0,0,0,0
785,27,263,521,1.000000,1.000000,1.000000,1.000000,0,0,0,0
786,25,263,522,1.000000,1.000000,1.000000,1.000000,0,0,1,0
787,23,263,523,1.000000,1.000000,1.000000,1.000000,0,0,0,1
788,21,263,524,1.000000,1.000000,1.000000,1.000000,0,1,0,0
789,29,264,524,1.000000,1.000000,1.000000,1.000000,0,1,0,0
790,27,264,525,1.000000,1.000000,1.000000,1.000000,0,0,0,0
791,29,265,525,1.000000,1.000000,1.000000,1.000000,0,0,0,0
792,27,265,526,1.000000,1.000000,1.000000,1.000000,0,0,0,0
793,25,265,527,1.000000,1.000000,1.000000,1.000000,0,0,0,0
794,23,265,528,1.000000,1.000000,1.000000,1.000000,0,0,0,0
795,21,265,529,1.000000,1.000000,1.000000,1.000000,0,0,0,0
796,19,265,530,1.000000,1.000000,1.000000,1.000000,0,0,0,0
797,17,265,531,1.000000,1.000000,1.000000,1.000000,0,0,0,0
798,15,265,532,1.000000,1.000000,1.000000,1.000000,0,0,0,0
799,13,265,533,1.000000,1.000000,1.000000,1.000000,0,1,0,0
800,11,265,534,1.000000,1.000000,1.000000,1.000000,0,0,0,0
801,29,266,534,1.000000,1.000000,1.000000,1.000000,0,0,0,0
802,27,266,535,1.000000,1.000000,1.000000,1.000000,0,0,1,0
803,25,266,536,1.000000,1.000000,1.000000,1.000000,0,0,1,0
804,23,266,537,1.000000,1.000000,1.000000,1.000000,1,0,0,0
805,29,267,537,1.000000,1.000000,1.000000,1.000000,1,0,0,0
806,27,267,538,1.000000,1.000000,1.000000,1.000000,0,0,0,0
807,29,268,538,1.000000,1.000000,1.000000,1.000000,0,0,0,0
808,27,268,539,1.000000,1.000000,1.000000,1.000000,0,0,0,0
809,25,268,540,1.000000,1.000000,1.000000,1.000000,0,0,0,0
810,23,268,541,1.000000,1.000000,1.000000,1.000000,0,0,0,0
811,21,268,542,1.000000,1.000000,1.000000,1.000000,0,0,0,0
812,19,268,543,1.000000,1.000000,1.000000,1.000000,0,0,0,0
813,17,268,544,1.000000,1.000000,1.000000,1.000000,0,0,0,0
814,15,268,545,1.000000,1.000000,1.000000,1.000000,0,0,0,0
815,13,268,546,1.000000,1.000000,1.000000,1.000000,0,0,0,0
816,29,269,546,1.000000,1.000000,1.000000,1.000000,0,0,0,0
817,27,269,547,1.000000,1.000000,1.000000,1.000000,0,0,0,0
818,25,269,548,1.000000,1.000000,1.000000,1.000000,0,0,0,0
819,23,269,549,1.000000,1.000000,1.000000,1.000000,0,0,0,0
820,21,269,550,1.000000,1.000000,1.000000,1.000000,0,0,0,1
821,19,269,551,1.000000,1.000000,1.000000,1.000000,0,0,0,1
822,29,270,551,1.000000,1.000000,1.000000,1.000000,0,0,0,1
823,27,270,552,1.000000,1.000000,1.000000,1.000000,0,0,0,0
824,29,271,552,1.000000,1.000000,1.000000,1.000000,0,0,0,0
825,27,271,553,1.000000,1.000000,1.000000,1.000000,1,0,0,1
826,25,271,554,1.000000,1.000000,1.000000,1.000000,0,0,0,1
827,29,272,554,1.000000,1.000000,1.000000,1.000000,0,0,0,1
828,27,272,555,1.000000,1.000000,1.000000,1.000000,1,0,1,0
829,29,273,555,1.000000,1.000000,1.000000,1.000000,1,0,1,0
830,27,273,556,1.000000,1.000000,1.000000,1.000000,0,0,0,0
831,29,274,556,1.000000,1.000000,1.000000,1.000000,0,0,0,0
832,27,274,557,1.000000,1.000000,1.000000,1.000000,1,0,0,0
833,25,274,558,1.000000,1.000000,1.000000,1.000000,1,0,0,0
834,29,275,558,1.000000,1.000000,1.000000,1.000000,1,0,0,0
835,27,275,559,1.000000,1.000000,1.000000,1.000000,0,0,0,0
836,25,275,560,1.000000,1.000000,1.000000,1.000000,0,0,0,0
837,23,275,561,1.000000,1.000000,1.000000,1.000000,0,0,0,0
838,21,275,562,1.000000,1.000000,1.000000,1.000000,0,0,0,0
839,19,275,563,1.000000,1.000000,1.000000,1.000000,0,0,1,0
840,17,275,564,1.000000,1.000000,1.000000,1.000000,0,0,0,0
841,29,276,564,1.000000,1.000000,1.000000,1.000000,0,0,0,0
842,27,276,565,1.000000,1.000000,1.000000,1.000000,0,1,1,1
843,25,276,566,1.000000,1.000000,1.000000,1.000000,0,0,0,0
844,29,277,566,1.000000,1.000000,1.000000,1.000000,0,0,0,0
845,27,277,567,1.000000,1.000000,1.000000,1.000000,0,0,0,0
846,25,277,568,1.000000,1.000000,1.000000,1.000000,0,1,0,0
847,23,277,569,1.000000,1.000000,1.000000,1.000000,1,1,0,0
848,21,277,570,1.000000,1.000000,1.000000,1.000000,0,0,0,1
849,29,278,570,1.000000,1.000000,1.000000,1.000000,0,0,0,1
850,27,278,571,1.000000,1.000000,1.000000,1.000000,1,0,0,0
851,29,279,571,1.000000,1.000000,1.000000,1.000000,1,0,0,0
852,27,279,572,1.000000,1.000000,1.000000,1.000000,0,0,0,0
853,29,280,572,1.000000,1.000000,1.000000,1.000000,0,0,0,0
854,27,280,573,1.000000,1.000000,1.000000,1.000000,1,1,0,1
855,25,280,574,1.000000,1.000000,1.000000,1.000000,1,0,0,0
856,29,281,574,1.000000,1.000000,1.000000,1.000000,1,0,0,0
857,27,281,575,1.000000,1.000000,1.000000,1.000000,0,0,0,0
858,25,281,576,1.000000,1.000000,1.000000,1.000000,1,0,0,0
859,23,281,577,1.000000,1.000000,1.000000,1.000000,1,1,0,1
860,29,282,577,1.000000,1.000000,1.000000,1.000000,1,1,0,1
861,27,282,578,1.000000,1.000000,1.000000,1.000000,0,1,0,0
862,25,282,579,1.000000,1.000000,1.000000,1.000000,1,0,1,1
863,29,283,579,1.000000,1.000000,1.000000,1.000000,1,0,1,1
864,27,283,580,1.000000,1.000000,1.000000,1.000000,0,0,0,0
865,29,284,580,1.000000,1.000000,1.000000,1.000000,0,0,0,0
866,27,284,581,1.000000,1.000000,1.000000,1.000000,1,1,0,1
867,25,284,582,1.000000,1.000000,1.000000,1.000000,0,1,0,0
868,29,285,582,1.000000,1.000000,1.000000,1.000000,0,1,0,0
869,27,285,583,1.000000,1.000000,1.000000,1.000000,0,0,1,0
870,29,286,583,1.000000,1.000000,1.000000,1.000000,0,0,1,0
871,27,286,584,1.000000,1.000000,1.000000,1.000000,0,1,0,0
872,29,287,584,1.000000,1.000000,1.000000,1.000000,0,1,0,0
873,27,287,585,1.000000,1.000000,1.000000,1.000000,0,1,0,0
874,29,288,585,1.000000,1.000000,1.000000,1.000000,0,1,0,0
875,27,288,586,1.000000,1.000000,1.000000,1.000000,0,1,0,0
876,29,289,586,1.000000,1.000000,1.000000,1.000000,0,1,0,0
877,27,289,587,1.000000,1.000000,1.000000,1.000000,0,1,0,0
878,29,290,587,1.000000,1.000000,1.000000,1.000000,0,1,0,0
879,27,290,588,1.000000,1.000000,1.000000,1.000000,1,0,0,0
880,29,291,588,1.000000,1.000000,1.000000,1.000000,1,0,0,0
881,27,291,589,1.000000,1.000000,1.000000,1.000000,0,0,0,0
882,25,291,590,1.000000,1.000000,1.000000,1.000000,0,0,0,0
883,23,291,591,1.000000,1.000000,1.000000,1.000000,0,0,0,0
884,21,291,592,1.000000,1.000000,1.000000,1.000000,0,0,0,1
885,19,291,593,1.000000,1.000000,1.000000,1.000000,0,0,1,1
886,29,292,593,1.000000,1.000000,1.000000,1.000000,1,0,1,1
887,27,292,594,1.000000,1.000000,1.000000,1.000000,0,0,0,0
888,29,293,594,1.000000,1.000000,1.000000,1.000000,0,0,0,0
889,27,293,595,1.000000,1.000000,1.000000,1.000000,1,0,1,1
890,25,293,596,1.000000,1.000000,1.000000,1.000000,0,0,1,0
891,29,294,596,1.000000,1.000000,1.000000,1.000000,0,0,1,0
892,27,294,597,1.000000,1.000000,1.000000,1.000000,1,0,0,1
893,25,294,598,1.000000,1.000000,1.000000,1.000000,1,0,0,0
894,29,295,598,1.000000,1.000000,1.000000,1.000000,1,0,0,0
895,27,295,599,1.000000,1.000000,1.000000,1.000000,1,1,0,1
896,29,296,599,1.000000,1.000000,1.000000,1.000000,1,1,0,1
897,27,296,600,1.000000,1.000000,1.000000,1.000000,0,0,0,0
898,29,297,600,1.000000,1.000000,1.000000,1.000000,0,0,0,0
899,27,297,601,1.000000,1.000000,1.000000,1.000000,0,0,0,0
900,25,297,602,1.000000,1.000000,1.000000,1.000000,0,0,1,0
901,23,297,603,1.000000,1.000000,1.000000,1.000000,0,1,1,0
902,29,298,603,1.000000,1.000000,1.000000,1.000000,0,1,1,0
903,27,298,604,1.000000,1.000000,1.000000,1.000000,0,0,0,0
904,29,299,604,1.000000,1.000000,1.000000,1.000000,0,0,0,0
905,27,299,605,1.000000,1.000000,1.000000,1.000000,0,0,1,0
906,25,299,606,1.000000,1.000000,1.000000,1.000000,0,0,0,0
907,29,300,606,1.000000,1.000000,1.000000,1.000000,0,0,0,0
908,27,300,607,1.000000,1.000000,1.000000,1.000000,0,1,1,0
909,25,300,608,1.000000,1.000000,1.000000,1.000000,0,1,0,0
910,29,301,608,1.000000,1.000000,1.000000,1.000000,0,1,0,0
911,27,301,609,1.000000,1.000000,1.000000,1.000000,0,0,0,0
912,29,302,609,1.000000,1.000000,1.000000,1.000000,0,0,0,0
913,27,302,610,1.000000,1.000000,1.000000,1.000000,0,0,0,0
914,25,302,611,1.000000,1.000000,1.000000,1.000000,0,0,1,0
915,23,302,612,1.000000,1.000000,1.000000,1.000000,0,1,1,1
916,29,303,612,1.000000,1.000000,1.000000,1.000000,0,1,1,1
917,27,303,613,1.000000,1.000000,1.000000,1.000000,0,0,0,1
918,29,304,613,1.000000,1.000000,1.000000,1.000000,0,0,0,1
919,27,304,614,1.000000,1.000000,1.000000,1.000000,0,0,0,1
920,25,304,615,1.000000,1.000000,1.000000,1.000000,0,1,0,1
921,29,305,615,1.000000,1.000000,1.000000,1.000000,0,1,0,1
922,27,305,616,1.000000,1.000000,1.000000,1.000000,0,0,0,1
923,29,306,616,1.000000,1.000000,1.000000,1.000000,0,0,0,1
924,27,306,617,1.000000,1.000000,1.000000,1.000000,0,0,0,1
925,25,306,618,1.000000,1.000000,1.000000,1.000000,0,1,0,1
926,29,307,618,1.000000,1.000000,1.000000,1.000000,0,1,0,1
927,27,307,619,1.000000,1.000000,1.000000,1.000000,1,0,0,0
928,29,308,619,1.000000,1.000000,1.000000,1.000000,1,0,0,0
929,27,308,620,1.000000,1.000000,1.000000,1.000000,1,0,0,0
930,29,309,620,1.000000,1.000000,1.000000,1.000000,1,0,0,0
931,27,309,621,1.000000,1.000000,1.000000,1.000000,1,0,0,0
932,29,310,621,1.000000,1.000000,1.000000,1.000000,1,0,0,0
933,27,310,622,1.000000,1.000000,1.000000,1.000000,0,0,0,1
934,29,311,622,1.000000,1.000000,1.000000,1.000000,0,0,0,1
935,27,311,623,1.000000,1.000000,1.000000,1.000000,0,0,0,1
936,25,311,624,1.000000,1.000000,1.000000,1.000000,1,1,0,0
937,29,312,624,1.000000,1.000000,1.000000,1.000000,1,1,0,0
938,27,312,625,1.000000,1.000000,1.000000,1.000000,0,0,0,0
939,29,313,625,1.000000,1.000000,1.000000,1.000000,0,0,0,0
940,27,313,626,1.000000,1.000000,1.000000,1.000000,0,0,0,1
941,25,313,627,1.000000,1.000000,1.000000,1.000000,1,0,0,1
942,29,314,627,1.000000,1.000000,1.000000,1.000000,1,0,0,1
943,27,314,628,1.000000,1.000000,1.000000,1.000000,0,0,0,1
944,29,315,628,1.000000,1.000000,1.000000,1.000000,0,0,0,1
945,27,315,629,1.000000,1.000000,1.000000,1.000000,0,0,0,0
946,29,316,629,1.000000,1.000000,1.000000,1.000000,0,0,0,0
947,27,316,630,1.000000,1.000000,1.000000,1.000000,0,0,0,1
948,25,316,631,1.000000,1.000000,1.000000,1.000000,0,0,0,1
949,23,316,632,1.000000,1.000000,1.000000,1.000000,0,1,1,0
950,29,317,632,1.000000,1.000000,1.000000,1.000000,0,1,1,0
951,27,317,633,1.000000,1.000000,1.000000,1.000000,0,0,0,0
952,29,318,633,1.000000,1.000000,1.000000,1.000000,0,0,0,0
953,27,318,634,1.000000,1.000000,1.000000,1.000000,0,0,1,0
954,25,318,635,1.000000,1.000000,1.000000,1.000000,0,0,1,0
955,29,319,635,1.000000,1.000000,1.000000,1.000000,0,0,1,0
956,27,319,636,1.000000,1.000000,1.000000,1.000000,0,0,0,0
957,29,320,636,1.000000,1.000000,1.000000,1.000000,0,0,0,0
958,27,320,637,1.000000,1.000000,1.000000,1.000000,0,0,0,1
959,25,320,638,1.000000,1.000000,1.000000,1.000000,0,0,0,1
960,29,321,638,1.000000,1.000000,1.000000,1.000000,0,0,0,1
961,27,321,639,1.000000,1.000000,1.000000,1.000000,0,0,0,0
962,29,322,639,1.000000,1.000000,1.000000,1.000000,0,0,0,0
963,27,322,640,1.000000,1.000000,1.000000,1.000000,0,0,0,0
964,25,322,641,1.000000,1.000000,1.000000,1.000000,0,0,0,0
965,23,322,642,1.000000,1.000000,1.000000,1.000000,0,0,0,0
966,21,322,643,1.000000,1.000000,1.000000,1.000000,0,0,1,0
967,19,322,644,1.000000,1.000000,1.000000,1.000000,0,0,0,0
968,29,323,644,1.000000,1.000000,1.000000,1.000000,0,0,0,0
969,27,323,645,1.000000,1.000000,1.000000,1.000000,0,0,0,0
970,25,323,646,1.000000,1.000000,1.000000,1.000000,0,0,0,0
971,23,323,647,1.000000,1.000000,1.000000,1.000000,0,0,0,0
972,21,323,648,1.000000,1.000000,1.000000,1.000000,0,0,0,0
973,19,323,649,1.000000,1.000000,1.000000,1.000000,0,0,0,0
974,17,323,650,1.000000,1.000000,1.000000,1.000000,0,0,0,0
975,15,323,651,1.000000,1.000000,1.000000,1.000000,0,0,0,0
976,13,323,652,1.000000,1.000000,1.000000,1.000000,0,0,0,0
977,11,323,653,1.000000,1.000000,1.000000,1.000000,1,0,0,0
978,9,323,654,1.000000,1.000000,1.000000,1.000000,0,0,0,1
979,7,323,655,1.000000,1.000000,1.000000,1.000000,0,1,0,0
980,29,324,655,1.000000,1.000000,1.000000,1.000000,0,1,0,0
981,27,324,656,1.000000,1.000000,1.000000,1.000000,0,0,0,0
982,29,325,656,1.000000,1.000000,1.000000,1.000000,0,0,0,0
983,27,325,657,1.000000,1.000000,1.000000,1.000000,0,1,0,0
984,25,325,658,1.000000,1.000000,1.000000,1.000000,1,0,0,0
985,29,326,658,1.000000,1.000000,1.000000,1.000000,1,0,0,0
986,27,326,659,1.000000,1.000000,1.000000,1.000000,1,0,0,0
987,25,326,660,1.000000,1.000000,1.000000,1.000000,0,1,1,0
988,29,327,660,1.000000,1.000000,1.000000,1.000000,0,1,1,0
989,27,327,661,1.000000,1.000000,1.000000,1.000000,0,0,0,0
990,29,328,661,1.000000,1.000000,1.000000,1.000000,0,0,0,0
991,27,328,662,1.000000,1.000000,1.000000,1.000000,0,0,0,1
992,25,328,663,1.000000,1.000000,1.000000,1.000000,0,0,1,0
993,23,328,664,1.000000,1.000000,1.000000,1.000000,0,0,0,0
994,29,329,664,1.000000,1.000000,1.000000,1.000000,0,0,0,0
995,27,329,665,1.000000,1.000000,1.000000,1.000000,0,0,0,0
996,25,329,666,1.000000,1.000000,1.000000,1.000000,0,1,0,0
997,23,329,667,1.000000,1.000000,1.000000,1.000000,0,0,1,0
998,29,330,667,1.000000,1.000000,1.000000,1.000000,0,0,1,0
999,27,330,668,1.000000,1.000000,1.000000,1.000000,0,0,1,0
1000,29,331,668,1.000000,1.000000,1.000000,1.000000,0,0,1,0
1001,27,331,669,1.000000,1.000000,1.000000,1.000000,0,0,1,1
1002,29,332,669,1.000000,1.000000,1.000000,1.000000,0,0,1,1
1003,27,332,670,1.000000,1.000000,1.000000,1.000000,0,1,0,1
1004,29,333,670,1.000000,1.000000,1.000000,1.000000,0,1,0,1
1005,27,333,671,1.000000,1.000000,1.000000,1.000000,1,0,0,1
1006,29,334,671,1.000000,1.000000,1.000000,1.000000,1,0,0,1
1007,27,334,672,1.000000,1.000000,1.000000,1.000000,1,0,0,0
1008,29,335,672,1.000000,1.000000,1.000000,1.000000,1,0,0,0
1009,27,335,673,1.000000,1.000000,1.000000,1.000000,1,1,0,0
1010,29,336,673,1.000000,1.000000,1.000000,1.000000,1,1,0,0
1011,27,336,674,1.000000,1.000000,1.000000,1.000000,0,0,0,0
1012,29,337,674,1.000000,1.000000,1.000000,1.000000,0,0,0,0
1013,27,337,675,1.000000,1.000000,1.000000,1.000000,1,0,0,0
1014,25,337,676,1.000000,1.000000,1.000000,1.000000,0,0,0,0
1015,29,338,676,1.000000,1.000000,1.000000,1.000000,0,0,0,0
1016,27,338,677,1.000000,1.000000,1.000000,1.000000,0,0,0,1
1017,25,338,678,1.000000,1.000000,1.000000,1.000000,1,0,0,1
1018,23,338,679,1.000000,1.000000,1.000000,1.000000,1,0,1,0
1019,29,339,679,1.000000,1.000000,1.000000,1.000000,1,0,1,0
1020,27,339,680,1.000000,1.000000,1.000000,1.000000,0,1,0,0
1021,29,340,680,1.000000,1.000000,1.000000,1.000000,0,1,0,0
1022,27,340,681,1.000000,1.000000,1.000000,1.000000,0,0,0,0
1023,29,341,681,1.000000,1.000000,1.000000,1.000000,0,0,0,0
1024,27,341,682,1.000000,1.000000,1.000000,1.000000,0,0,0,0
1025,25,341,683,1.000000,1.000000,1.000000,1.000000,0,0,0,0
1026,23,341,684,1.000000,1.000000,1.000000,1.000000,0,0,0,0
1027,21,341,685,1.000000,1.000000,1.000000,1.000000,0,0,0,1
1028,19,341,686,1.000000,1.000000,1.000000,1.000000,0,0,0,0
1029,17,341,687,1.000000,1.000000,1.000000,1.000000,0,0,1,0
1030,15,341,688,1.000000,1.000000,1.000000,1.000000,0,0,0,0
1031,29,342,688,1.000000,1.000000,1.000000,1.000000,0,0,0,0
1032,27,342,689,1.000000,1.000000,1.000000,1.000000,0,1,0,0
1033,25,342,690,1.000000,1.000000,1.000000,1.000000,0,0,0,0
1034,29,343,690,1.000000,1.000000,1.000000,1.000000,0,0,0,0
1035,27,343,691,1.000000,1.000000,1.000000,1.000000,0,0,0,0
1036,25,343,692,1.000000,1.000000,1.000000,1.000000,0,0,1,0
1037,23,343,693,1.000000,1.000000,1.000000,1.000000,0,0,1,0
1038,21,343,694,1.000000,1.000000,1.000000,1.000000,1,0,1,0
1039,29,344,694,1.000000,1.000000,1.000000,1.000000,1,0,1,0
1040,27,344,695,1.000000,1.000000,1.000000,1.000000,0,0,1,1
1041,29,345,695,1.000000,1.000000,1.000000,1.000000,0,0,1,1
1042,27,345,696,1.000000,1.000000,1.000000,1.000000,0,1,0,1
1043,29,346,696,1.000000,1.000000,1.000000,1.000000,0,1,0,1
1044,27,346,697,1.000000,1.000000,1.000000,1.000000,0,0,1,0
1045,29,347,697,1.000000,1.000000,1.000000,1.000000,0,0,1,0
1046,27,347,698,1.000000,1.000000,1.000000,1.000000,0,0,0,0
1047,29,348,698,1.000000,1.000000,1.000000,1.000000,0,0,0,0
1048,27,348,699,1.000000,1.000000,1.000000,1.000000,0,0,0,0
1049,25,348,700,1.000000,1.000000,1.000000,1.000000,0,0,0,0
1050,23,348,701,1.000000,1.000000,1.000000,1.000000,0,0,0,0
1051,21,348,702,1.000000,1.000000,1.000000,1.000000,0,0,0,0
1052,19,348,703,1.000000,1.000000,1.000000,1.000000,0,0,0,0
1053,17,348,704,1.000000,1.000000,1.000000,1.000000,0,0,0,0
1054,15,348,705,1.000000,1.000000,1.000000,1.000000,0,0,0,0
1055,13,348,706,1.000000,1.000000,1.000000,1.000000,0,0,0,1
1056,11,348,707,1.000000,1.000000,1.000000,1.000000,1,0,0,1
1057,29,349,707,1.000000,1.000000,1.000000,1.000000,1,0,1,1
1058,27,349,708,1.000000,1.000000,1.000000,1.000000,0,0,0,1
1059,29,350,708,1.000000,1.000000,1.000000,1.000000,0,1,0,1
1060,27,350,709,1.000000,1.000000,1.000000,1.000000,0,0,0,0
1061,29,351,709,1.000000,1.000000,1.000000,1.000000,0,0,1,0
1062,27,351,710,1.000000,1.000000,1.000000,1.000000,0,0,0,0
1063,29,352,710,1.000000,1.000000,1.000000,1.000000,0,0,0,0
1064,27,352,711,1.000000,1.000000,1.000000,1.000000,0,0,0,0
1065,25,352,712,1.000000,1.000000,1.000000,1.000000,0,0,0,0
1066,23,352,713,1.000000,1.000000,1.000000,1.000000,0,0,0,0
1067,21,352,714,1.000000,1.000000,1.000000,1.000000,1,1,0,0
1068,19,352,715,1.000000,1.000000,1.000000,1.000000,0,0,0,0
1069,29,353,715,1.000000,1.000000,1.000000,1.000000,0,0,0,0
1070,27,353,716,1.000000,1.000000,1.000000,1.000000,0,1,0,0
1071,25,353,717,1.000000,1.000000,1.000000,1.000000,1,1,0,0
1072,29,354,717,1.000000,1.000000,1.000000,1.000000,1,1,0,0
1073,27,354,718,1.000000,1.000000,1.000000,1.000000,0,1,0,0
1074,29,355,718,1.000000,1.000000,1.000000,1.000000,0,1,0,0
1075,27,355,719,1.000000,1.000000,1.000000,1.000000,0,1,0,0
1076,29,356,719,1.000000,1.000000,1.000000,1.000000,0,1,0,0
1077,27,356,720,1.000000,1.000000,1.000000,1.000000,0,1,0,0
1078,29,357,720,1.000000,1.000000,1.000000,1.000000,0,1,0,0
1079,27,357,721,1.000000,1.000000,1.000000,1.000000,0,1,0,0
1080,29,358,721,1.000000,1.000000,1.000000,1.000000,0,1,0,0
1081,27,358,722,1.000000,1.000000,1.000000,1.000000,0,0,0,0
1082,25,358,723,1.000000,1.000000,1.000000,1.000000,0,0,0,0
1083,23,358,724,1.000000,1.000000,1.000000,1.000000,0,0,0,0
1084,21,358,725,1.000000,1.000000,1.000000,1.000000,0,1,0,0
1085,19,358,726,1.000000,1.000000,1.000000,1.000000,0,1,0,0
1086,17,358,727,1.000000,1.000000,1.000000,1.000000,0,1,0,1
1087,29,359,727,1.000000,1.000000,1.000000,1.000000,0,1,0,1
1088,27,359,728,1.000000,1.000000,1.000000,1.000000,0,1,1,0
1089,29,360,728,1.000000,1.000000,1.000000,1.000000,0,1,1,0
1090,27,360,729,1.000000,1.000000,1.000000,1.000000,0,0,0,0
1091,29,361,729,1.000000,1.000000,1.000000,1.000000,0,0,0,0
1092,27,361,730,1.000000,1.000000,1.000000,1.000000,0,1,0,1
1093,25,361,731,1.000000,1.000000,1.000000,1.000000,0,0,0,0
1094,29,362,731,1.000000,1.000000,1.000000,1.000000,0,0,0,0
1095,27,362,732,1.000000,1.000000,1.000000,1.000000,0,1,0,0
1096,25,362,733,1.000000,1.000000,1.000000,1.000000,0,0,0,0
1097,29,363,733,1.000000,1.000000,1.000000,1.000000,0,0,0,0
1098,27,363,734,1.000000,1.000000,1.000000,1.000000,0,0,0,0
1099,25,363,735,1.000000,1.000000,1.000000,1.000000,0,0,0,0
1100,23,363,736,1.000000,1.000000,1.000000,1.000000,0,0,1,1
1101,21,363,737,1.000000,1.000000,1.000000,1.000000,0,0,0,0
1102,29,364,737,1.000000,1.000000,1.000000,1.000000,0,0,0,0
1103,27,364,738,1.000000,1.000000,1.000000,1.000000,0,0,0,0
1104,25,364,739,1.000000,1.000000,1.000000,1.000000,0,0,0,1
1105,23,364,740,1.000000,1.000000,1.000000,1.000000,0,0,0,0
1106,29,365,740,1.000000,1.000000,1.000000,1.000000,0,0,0,0
1107,27,365,741,1.000000,1.000000,1.000000,1.000000,0,0,0,1
1108,25,365,742,1.000000,1.000000,1.000000,1.000000,0,0,0,0
1109,23,365,743,1.000000,1.000000,1.000000,1.000000,0,1,0,1
1110,21,365,744,1.000000,1.000000,1.000000,1.000000,0,0,0,0
1111,29,366,744,1.000000,1.000000,1.000000,1.000000,0,0,0,0
1112,27,366,745,1.000000,1.000000,1.000000,1.000000,0,0,0,1
1113,25,366,746,1.000000,1.000000,1.000000,1.000000,0,0,0,0
1114,23,366,747,1.000000,1.000000,1.000000,1.000000,0,0,0,1
1115,21,366,748,1.000000,1.000000,1.000000,1.000000,0,0,0,0
1116,29,367,748,1.000000,1.000000,1.000000,1.000000,0,0,0,0
1117,27,367,749,1.000000,1.000000,1.000000,1.000000,0,0,1,1
1118,25,367,750,1.000000,1.000000,1.000000,1.000000,0,0,1,1
1119,29,368,750,1.000000,1.000000,1.000000,1.000000,0,0,1,1
1120,27,368,751,1.000000,1.000000,1.000000,1.000000,0,1,0,0
1121,29,369,751,1.000000,1.000000,1.000000,1.000000,0,1,0,0
1122,27,369,752,1.000000,1.000000,1.000000,1.000000,0,0,0,0
1123,29,370,752,1.000000,1.000000,1.000000,1.000000,0,0,0,0
1124,27,370,753,1.000000,1.000000,1.000000,1.000000,0,0,0,0
1125,25,370,754,1.000000,1.000000,1.000000,1.000000,0,0,0,1
1126,23,370,755,1.000000,1.000000,1.000000,1.000000,0,0,0,0
1127,29,371,755,1.000000,1.000000,1.000000,1.000000,0,0,0,0
1128,27,371,756,1.000000,1.000000,1.000000,1.000000,0,0,0,0
1129,25,371,757,1.000000,1.000000,1.000000,1.000000,0,0,0,0
1130,23,371,758,1.000000,1.000000,1.000000,1.000000,0,0,1,0
1131,21,371,759,1.000000,1.000000,1.000000,1.000000,0,0,0,0
1132,29,372,759,1.000000,1.000000,1.000000,1.000000,0,0,0,0
1133,27,372,760,1.000000,1.000000,1.000000,1.000000,0,0,0,0
1134,25,372,761,1.000000,1.000000,1.000000,1.000000,0,0,0,0
1135,23,372,762,1.000000,1.000000,1.000000,1.000000,0,1,0,0
1136,21,372,763,1.000000,1.000000,1.000000,1.000000,0,0,0,0
1137,29,373,763,1.000000,1.000000,1.000000,1.000000,0,0,0,0
1138,27,373,764,1.000000,1.000000,1.000000,1.000000,0,0,0,0
1139,25,373,765,1.000000,1.000000,1.000000,1.000000,0,0,0,0
1140,23,373,766,1.000000,1.000000,1.000000,1.000000,0,0,0,0
1141,21,373,767,1.000000,1.000000,1.000000,1.000000,0,0,0,0
1142,19,373,768,1.000000,1.000000,1.000000,1.000000,0,0,0,0
1143,17,373,769,1.000000,1.000000,1.000000,1.000000,0,0,0,0
1144,15,373,770,1.000000,1.000000,1.000000,1.000000,0,0,0,0
1145,13,373,771,1.000000,1.000000,1.000000,1.000000,0,0,0,0
1146,11,373,772,1.000000,1.000000,1.000000,1.000000,0,0,0,1
1147,9,373,773,1.000000,1.000000,1.000000,1.000000,0,0,0,0
1148,29,374,773,1.000000,1.000000,1.000000,1.000000,0,0,0,0
1149,27,374,774,1.000000,1.000000,1.000000,1.000000,0,0,0,0
1150,25,374,775,1.000000,1.000000,1.000000,1.000000,0,0,0,0
1151,23,374,776,1.000000,1.000000,1.000000,1.000000,0,0,0,0
1152,21,374,777,1.000000,1.000000,1.000000,1.000000,0,0,0,0
1153,19,374,778,1.000000,1.000000,1.000000,1.000000,0,0,0,0
1154,17,374,779,1.000000,1.000000,1.000000,1.000000,0,0,0,1
1155,15,374,780,1.000000,1.000000,1.000000,1.000000,0,0,1,1
1156,29,375,780,1.000000,1.000000,1.000000,1.000000,0,0,1,1
1157,27,375,781,1.000000,1.000000,1.000000,1.000000,0,0,1,0
1158,29,376,781,1.000000,1.000000,1.000000,1.000000,0,0,1,0
1159,27,376,782,1.000000,1.000000,1.000000,1.000000,0,1,0,0
1160,25,376,783,1.000000,1.000000,1.000000,1.000000,0,0,0,1
1161,23,376,784,1.000000,1.000000,1.000000,1.000000,0,1,0,0
1162,29,377,784,1.000000,1.000000,1.000000,1.000000,0,1,0,0
1163,27,377,785,1.000000,1.000000,1.000000,1.000000,0,0,0,0
1164,29,378,785,1.000000,1.000000,1.000000,1.000000,0,0,0,0
1165,27,378,786,1.000000,1.000000,1.000000,1.000000,0,0,0,0
1166,25,378,787,1.000000,1.000000,1.000000,1.000000,0,0,0,0
1167,23,378,788,1.000000,1.000000,1.000000,1.000000,0,1,1,0
1168,21,378,789,1.000000,1.000000,1.000000,1.000000,0,1,0,0
1169,29,379,789,1.000000,1.000000,1.000000,1.000000,0,1,0,0
1170,27,379,790,1.000000,1.000000,1.000000,1.000000,1,1,1,0
1171,25,379,791,1.000000,1.000000,1.000000,1.000000,0,0,0,1
1172,29,380,791,1.000000,1.000000,1.000000,1.000000,0,0,0,1
1173,27,380,792,1.000000,1.000000,1.000000,1.000000,1,0,1,0
1174,29,381,792,1.000000,1.000000,1.000000,1.000000,1,0,1,0
1175,27,381,793,1.000000,1.000000,1.000000,1.000000,0,0,0,0
1176,29,382,793,1.000000,1.000000,1.000000,1.000000,0,0,0,0
1177,27,382,794,1.000000,1.000000,1.000000,1.000000,0,0,0,0
1178,25,382,795,1.000000,1.000000,1.000000,1.000000,0,0,0,0
1179,23,382,796,1.000000,1.000000,1.000000,1.000000,0,0,1,0
1180,21,382,797,1.000000,1.000000,1.000000,1.000000,0,1,0,0
1181,29,383,797,1.000000,1.000000,1.000000,1.000000,0,1,0,0
1182,27,383,798,1.000000,1.000000,1.000000,1.000000,0,0,0,0
1183,29,384,798,1.000000,1.000000,1.000000,1.000000,0,0,0,0
1184,27,384,799,1.000000,1.000000,1.000000,1.000000,0,1,0,0
1185,25,384,800,1.000000,1.000000,1.000000,1.000000,0,1,1,0
1186,23,384,801,1.000000,1.000000,1.000000,1.000000,1,0,0,1
1187,29,385,801,1.000000,1.000000,1.000000,1.000000,1,0,0,1
1188,27,385,802,1.000000,1.000000,1.000000,1.000000,0,0,1,0
1189,29,386,802,1.000000,1.000000,1.000000,1.000000,0,0,1,0
1190,27,386,803,1.000000,1.000000,1.000000,1.000000,0,0,0,0
1191,29,387,803,1.000000,1.000000,1.000000,1.000000,0,0,0,0
1192,27,387,804,1.000000,1.000000,1.000000,1.000000,0,0,0,0
1193,25,387,805,1.000000,1.000000,1.000000,1.000000,0,0,0,0
1194,23,387,806,1.000000,1.000000,1.000000,1.000000,0,0,0,0
1195,21,387,807,1.000000,1.000000,1.000000,1.000000,1,1,0,0
1196,19,387,808,1.000000,1.000000,1.000000,1.000000,0,0,0,0
1197,29,388,808,1.000000,1.000000,1.000000,1.000000,0,0,0,0
1198,27,388,809,1.000000,1.000000,1.000000,1.000000,1,0,1,0
1199,25,388,810,1.000000,1.000000,1.000000,1.000000,0,0,0,0
1200,29,389,810,1.000000,1.000000,1.000000,1.000000,0,0,0,0
1201,27,389,811,1.000000,1.000000,1.000000,1.000000,0,0,0,0
1202,29,390,811,1.000000,1.000000,1.000000,1.000000,0,0,0,0
1203,27,390,812,1.000000,1.000000,1.000000,1.000000,0,0,0,0
1204,25,390,813,1.000000,1.000000,1.000000,1.000000,0,0,0,0
1205,23,390,814,1.000000,1.000000,1.000000,1.000000,0,0,0,0
1206,21,390,815,1.000000,1.000000,1.000000,1.000000,0,0,0,0
1207,19,390,816,1.000000,1.000000,1.000000,1.000000,0,0,0,0
1208,17,390,817,1.000000,1.000000,1.000000,1.000000,1,0,0,1
1209,15,390,818,1.000000,1.000000,1.000000,1.000000,0,0,0,0
1210,29,391,818,1.000000,1.000000,1.000000,1.000000,0,0,0,0
1211,27,391,819,1.000000,1.000000,1.000000,1.000000,1,0,0,0
1212,25,391,820,1.000000,1.000000,1.000000,1.000000,0,0,0,1
1213,23,391,821,1.000000,1.000000,1.000000,1.000000,0,1,0,0
1214,21,391,822,1.000000,1.000000,1.000000,1.000000,0,0,0,1
1215,29,392,822,1.000000,1.000000,1.000000,1.000000,0,0,0,1
1216,27,392,823,1.000000,1.000000,1.000000,1.000000,0,0,0,0
1217,29,393,823,1.000000,1.000000,1.000000,1.000000,0,0,0,0
1218,27,393,824,1.000000,1.000000,1.000000,1.000000,1,0,0,0
1219,25,393,825,1.000000,1.000000,1.000000,1.000000,0,0,0,0
1220,29,394,825,1.000000,1.000000,1.000000,1.000000,0,0,0,0
1221,27,394,826,1.000000,1.000000,1.000000,1.000000,0,0,0,0
1222,25,394,827,1.000000,1.000000,1.000000,1.000000,0,0,0,0
1223,23,394,828,1.000000,1.000000,1.000000,1.000000,0,0,0,0
1224,21,394,829,1.000000,1.000000,1.000000,1.000000,0,0,0,0
1225,19,394,830,1.000000,1.000000,1.000000,1.000000,1,0,0,0
1226,17,394,831,1.000000,1.000000,1.000000,1.000000,0,0,0,0
1227,29,395,831,1.000000,1.000000,1.000000,1.000000,0,0,0,0
1228,27,395,832,1.000000,1.000000,1.000000,1.000000,0,0,0,0
1229,25,395,833,1.000000,1.000000,1.000000,1.000000,0,1,0,0
1230,23,395,834,1.000000,1.000000,1.000000,1.000000,0,1,0,0
1231,21,395,835,1.000000,1.000000,1.000000,1.000000,0,1,0,1
1232,29,396,835,1.000000,1.000000,1.000000,1.000000,0,1,0,1
1233,27,396,836,1.000000,1.000000,1.000000,1.000000,0,0,0,0
1234,29,397,836,1.000000,1.000000,1.000000,1.000000,0,0,0,0
1235,27,397,837,1.000000,1.000000,1.000000,1.000000,0,0,1,0
1236,25,397,838,1.000000,1.000000,1.000000,1.000000,0,1,1,0
1237,29,398,838,1.000000,1.000000,1.000000,1.000000,0,1,1,0
1238,27,398,839,1.000000,1.000000,1.000000,1.000000,0,1,1,1
1239,29,399,839,1.000000,1.000000,1.000000,1.000000,0,1,1,1
1240,27,399,840,1.000000,1.000000,1.000000,1.000000,0,0,0,0
1241,29,400,840,1.000000,1.000000,1.000000,1.000000,0,0,0,0
1242,27,400,841,1.000000,1.000000,1.000000,1.000000,1,0,0,0
1243,25,400,842,1.000000,1.000000,1.000000,1.000000,1,0,0,0
1244,29,401,842,1.000000,1.000000,1.000000,1.000000,1,0,0,0
1245,27,401,843,1.000000,1.000000,1.000000,1.000000,0,0,0,0
1246,29,402,843,1.000000,1.000000,1.000000,1.000000,0,0,0,0
1247,27,402,844,1.000000,1.000000,1.000000,1.000000,0,0,0,0
1248,25,402,845,1.000000,1.000000,1.000000,1.000000,0,0,0,1
1249,23,402,846,1.000000,1.000000,1.000000,1.000000,0,0,0,0
1250,29,403,846,1.000000,1.000000,1.000000,1.000000,0,0,0,0
1251,27,403,847,1.000000,1.000000,1.000000,1.000000,1,0,0,0
1252,25,403,848,1.000000,1.000000,1.000000,1.000000,0,0,0,0
1253,29,404,848,1.000000,1.000000,1.000000,1.000000,0,0,1,0
1254,27,404,849,1.000000,1.000000,1.000000,1.000000,0,0,0,0
1255,29,405,849,1.000000,1.000000,1.000000,1.000000,0,0,1,0
1256,27,405,850,1.000000,1.000000,1.000000,1.000000,0,0,0,0
1257,29,406,850,1.000000,1.000000,1.000000,1.000000,0,0,0,0
1258,27,406,851,1.000000,1.000000,1.000000,1.000000,0,1,0,0
1259,25,406,852,1.000000,1.000000,1.000000,1.000000,0,0,0,0
1260,29,407,852,1.000000,1.000000,1.000000,1.000000,1,0,0,0
1261,27,407,853,1.000000,1.000000,1.000000,1.000000,0,0,0,0
1262,29,408,853,1.000000,1.000000,1.000000,1.000000,0,0,0,0
1263,27,408,854,1.000000,1.000000,1.000000,1.000000,1,0,0,0
1264,25,408,855,1.000000,1.000000,1.000000,1.000000,0,0,0,0
1265,23,408,856,1.000000,1.000000,1.000000,1.000000,0,0,0,0
1266,21,408,857,1.000000,1.000000,1.000000,1.000000,1,0,1,0
1267,19,408,858,1.000000,1.000000,1.000000,1.000000,0,0,0,0
1268,29,409,858,1.000000,1.000000,1.000000,1.000000,0,0,0,0
1269,27,409,859,1.000000,1.000000,1.000000,1.000000,1,1,0,0
1270,25,409,860,1.000000,1.000000,1.000000,1.000000,0,0,1,0
1271,29,410,860,1.000000,1.000000,1.000000,1.000000,0,0,1,0
1272,27,410,861,1.000000,1.000000,1.000000,1.000000,0,0,1,0
1273,29,411,861,1.000000,1.000000,1.000000,1.000000,0,0,1,0
1274,27,411,862,1.000000,1.000000,1.000000,1.000000,0,0,0,0
1275,29,412,862,1.000000,1.000000,1.000000,1.000000,0,0,0,0
1276,27,412,863,1.000000,1.000000,1.000000,1.000000,0,0,0,0
1277,25,412,864,1.000000,1.000000,1.000000,1.000000,0,0,0,0
1278,23,412,865,1.000000,1.000000,1.000000,1.000000,0,1,0,0
1279,21,412,866,1.000000,1.000000,1.000000,1.000000,1,0,0,0
1280,19,412,867,1.000000,1.000000,1.000000,1.000000,0,0,1,0
1281,29,413,867,1.000000,1.000000,1.000000,1.000000,0,0,1,0
1282,27,413,868,1.000000,1.000000,1.000000,1.000000,0,0,0,0
1283,29,414,868,1.000000,1.000000,1.000000,1.000000,0,0,0,0
1284,27,414,869,1.000000,1.000000,1.000000,1.000000,0,0,0,1
1285,25,414,870,1.000000,1.000000,1.000000,1.000000,0,0,0,0
1286,29,415,870,1.000000,1.000000,1.000000,1.000000,0,0,0,0
1287,27,415,871,1.000000,1.000000,1.000000,1.000000,0,0,1,0
1288,25,415,872,1.000000,1.000000,1.000000,1.000000,0,0,0,0
1289,29,416,872,1.000000,1.000000,1.000000,1.000000,0,0,0,0
1290,27,416,873,1.000000,1.000000,1.000000,1.000000,0,0,1,0
1291,25,416,874,1.000000,1.000000,1.000000,1.000000,0,0,0,0
1292,23,416,875,1.000000,1.000000,1.000000,1.000000,0,1,0,0
1293,21,416,876,1.000000,1.000000,1.000000,1.000000,1,0,0,0
1294,29,417,876,1.000000,1.000000,1.000000,1.000000,1,0,0,0
1295,27,417,877,1.000000,1.000000,1.000000,1.000000,1,0,0,0
1296,25,417,878,1.000000,1.000000,1.000000,1.000000,0,1,1,0
1297,29,418,878,1.000000,1.000000,1.000000,1.000000,0,1,1,0
1298,27,418,879,1.000000,1.000000,1.000000,1.000000,0,0,1,0
1299,29,419,879,1.000000,1.000000,1.000000,1.000000,0,0,1,0
1300,27,419,880,1.000000,1.000000,1.000000,1.000000,0,0,0,1
1301,29,420,880,1.000000,1.000000,1.000000,1.000000,0,0,0,1
1302,27,420,881,1.000000,1.000000,1.000000,1.000000,0,0,0,1
1303,29,421,881,1.000000,1.000000,1.000000,1.000000,0,0,0,1
1304,27,421,882,1.000000,1.000000,1.000000,1.000000,0,0,0,0
1305,29,422,882,1.000000,1.000000,1.000000,1.000000,0,0,0,0
1306,27,422,883,1.000000,1.000000,1.000000,1.000000,0,0,1,0
1307,25,422,884,1.000000,1.000000,1.000000,1.000000,0,0,0,0
1308,23,422,885,1.000000,1.000000,1.000000,1.000000,0,1,0,1
1309,21,422,886,1.000000,1.000000,1.000000,1.000000,0,0,0,0
1310,29,423,886,1.000000,1.000000,1.000000,1.000000,0,0,0,0
1311,27,423,887,1.000000,1.000000,1.000000,1.000000,0,0,0,0
1312,25,423,888,1.000000,1.000000,1.000000,1.000000,0,0,0,0
1313,23,423,889,1.000000,1.000000,1.000000,1.000000,0,0,0,0
1314,21,423,890,1.000000,1.000000,1.000000,1.000000,0,0,0,0
1315,19,423,891,1.000000,1.000000,1.000000,1.000000,1,1,0,0
1316,17,423,892,1.000000,1.000000,1.000000,1.000000,0,1,0,0
1317,29,424,892,1.000000,1.000000,1.000000,1.000000,0,1,1,0
1318,27,424,893,1.000000,1.000000,1.000000,1.000000,0,0,1,0
1319,25,424,894,1.000000,1.000000,1.000000,1.000000,1,0,0,1
1320,29,425,894,1.000000,1.000000,1.000000,1.000000,1,0,0,1
1321,27,425,895,1.000000,1.000000,1.000000,1.000000,0,0,0,0
1322,29,426,895,1.000000,1.000000,1.000000,1.000000,0,0,0,0
1323,27,426,896,1.000000,1.000000,1.000000,1.000000,1,0,0,0
1324,25,426,897,1.000000,1.000000,1.000000,1.000000,1,0,0,0
1325,29,427,897,1.000000,1.000000,1.000000,1.000000,1,0,0,0
1326,27,427,898,1.000000,1.000000,1.000000,1.000000,0,0,0,0
1327,25,427,899,1.000000,1.000000,1.000000,1.000000,1,0,0,0
1328,23,427,900,1.000000,1.000000,1.000000,1.000000,0,0,0,0
1329,21,427,901,1.000000,1.000000,1.000000,1.000000,0,0,0,0
1330,19,427,902,1.000000,1.000000,1.000000,1.000000,0,0,0,0
1331,17,427,903,1.000000,1.000000,1.000000,1.000000,0,0,0,1
1332,15,427,904,1.000000,1.000000,1.000000,1.000000,1,0,0,0
1333,29,428,904,1.000000,1.000000,1.000000,1.000000,1,0,0,0
1334,27,428,905,1.000000,1.000000,1.000000,1.000000,1,1,0,1
1335,29,429,905,1.000000,1.000000,1.000000,1.000000,1,1,0,1
1336,27,429,906,1.000000,1.000000,1.000000,1.000000,0,1,0,0
1337,29,430,906,1.000000,1.000000,1.000000,1.000000,0,1,0,0
1338,27,430,907,1.000000,1.000000,1.000000,1.000000,0,1,0,1
1339,25,430,908,1.000000,1.000000,1.000000,1.000000,0,0,0,0
1340,29,431,908,1.000000,1.000000,1.000000,1.000000,0,0,0,0
1341,27,431,909,1.000000,1.000000,1.000000,1.000000,0,1,0,0
1342,25,431,910,1.000000,1.000000,1.000000,1.000000,1,0,0,0
1343,29,432,910,1.000000,1.000000,1.000000,1.000000,1,0,0,0
1344,27,432,911,1.000000,1.000000,1.000000,1.000000,0,0,0,0
1345,29,433,911,1.000000,1.000000,1.000000,1.000000,0,0,0,0
1346,27,433,912,1.000000,1.000000,1.000000,1.000000,1,0,0,0
1347,25,433,913,1.000000,1.000000,1.000000,1.000000,1,0,0,0
1348,29,434,913,1.000000,1.000000,1.000000,1.000000,1,0,0,0
1349,27,434,914,1.000000,1.000000,1.000000,1.000000,0,0,0,0
1350,25,434,915,1.000000,1.000000,1.000000,1.000000,0,0,0,1
1351,23,434,916,1.000000,1.000000,1.000000,1.000000,0,0,0,0
1352,29,435,916,1.000000,1.000000,1.000000,1.000000,0,0,0,0
1353,27,435,917,1.000000,1.000000,1.000000,1.000000,0,0,0,0
1354,25,435,918,1.000000,1.000000,1.000000,1.000000,0,0,0,0
1355,23,435,919,1.000000,1.000000,1.000000,1.000000,0,0,0,1
1356,21,435,920,1.000000,1.000000,1.000000,1.000000,0,0,0,1
1357,29,436,920,1.000000,1.000000,1.000000,1.000000,0,0,0,1
1358,27,436,921,1.000000,1.000000,1.000000,1.000000,0,0,0,1
1359,25,436,922,1.000000,1.000000,1.000000,1.000000,1,0,1,0
1360,29,437,922,1.000000,1.000000,1.000000,1.000000,1,0,1,0
1361,27,437,923,1.000000,1.000000,1.000000,1.000000,0,0,0,0
1362,29,438,923,1.000000,1.000000,1.000000,1.000000,0,0,0,0
1363,27,438,924,1.000000,1.000000,1.000000,1.000000,1,0,0,0
1364,25,438,925,1.000000,1.000000,1.000000,1.000000,0,0,0,0
1365,29,439,925,1.000000,1.000000,1.000000,1.000000,0,0,0,0
1366,27,439,926,1.000000,1.000000,1.000000,1.000000,0,0,0,0
1367,25,439,927,1.000000,1.000000,1.000000,1.000000,0,0,0,0
1368,23,439,928,1.000000,1.000000,1.000000,1.000000,0,0,0,1
1369,21,439,929,1.000000,1.000000,1.000000,1.000000,0,0,0,0
1370,29,440,929,1.000000,1.000000,1.000000,1.000000,0,0,0,0
1371,27,440,930,1.000000,1.000000,1.000000,1.000000,0,0,0,0
1372,25,440,931,1.000000,1.000000,1.000000,1.000000,0,0,0,0
1373,23,440,932,1.000000,1.000000,1.000000,1.000000,0,0,0,0
1374,21,440,933,1.000000,1.000000,1.000000,1.000000,0,1,0,1
1375,19,440,934,1.000000,1.000000,1.000000,1.000000,0,0,0,0
1376,29,441,934,1.000000,1.000000,1.000000,1.000000,0,0,0,0
1377,27,441,935,1.000000,1.000000,1.000000,1.000000,0,0,0,0
1378,25,441,936,1.000000,1.000000,1.000000,1.000000,0,0,0,0
1379,23,441,937,1.000000,1.000000,1.000000,1.000000,0,0,0,1
1380,21,441,938,1.000000,1.000000,1.000000,1.000000,0,0,0,1
1381,29,442,938,1.000000,1.000000,1.000000,1.000000,0,0,0,1
1382,27,442,939,1.000000,1.000000,1.000000,1.000000,1,0,0,0
1383,29,443,939,1.000000,1.000000,1.000000,1.000000,1,0,0,0
1384,27,443,940,1.000000,1.000000,1.000000,1.000000,0,0,0,1
1385,29,444,940,1.000000,1.000000,1.000000,1.000000,0,0,0,1
1386,27,444,941,1.000000,1.000000,1.000000,1.000000,1,0,0,0
1387,29,445,941,1.000000,1.000000,1.000000,1.000000,1,0,0,0
1388,27,445,942,1.000000,1.000000,1.000000,1.000000,0,0,1,0
1389,25,445,943,1.000000,1.000000,1.000000,1.000000,0,0,0,0
1390,29,446,943,1.000000,1.000000,1.000000,1.000000,0,0,0,0
1391,27,446,944,1.000000,1.000000,1.000000,1.000000,0,0,0,0
1392,25,446,945,1.000000,1.000000,1.000000,1.000000,0,0,0,0
1393,23,446,946,1.000000,1.000000,1.000000,1.000000,0,0,0,0
1394,21,446,947,1.000000,1.000000,1.000000,1.000000,0,0,0,0
1395,19,446,948,1.000000,1.000000,1.000000,1.000000,0,0,0,0
1396,17,446,949,1.000000,1.000000,1.000000,1.000000,0,0,0,0
1397,15,446,950,1.000000,1.000000,1.000000,1.000000,0,0,0,0
1398,13,446,951,1.000000,1.000000,1.000000,1.000000,0,0,0,0
1399,11,446,952,1.000000,1.000000,1.000000,1.000000,0,0,0,0
1400,9,446,953,1.000000,1.000000,1.000000,1.000000,1,1,0,0
1401,7,446,954,1.000000,1.000000,1.000000,1.000000,0,0,1,1
1402,29,447,954,1.000000,1.000000,1.000000,1.000000,0,0,1,1
1403,27,447,955,1.000000,1.000000,1.000000,1.000000,1,0,0,0
1404,29,448,955,1.000000,1.000000,1.000000,1.000000,1,0,0,0
1405,27,448,956,1.000000,1.000000,1.000000,1.000000,0,0,0,0
1406,29,449,956,1.000000,1.000000,1.000000,1.000000,0,0,0,0
1407,27,449,957,1.000000,1.000000,1.000000,1.000000,1,0,0,0
1408,25,449,958,1.000000,1.000000,1.000000,1.000000,0,0,0,1
1409,29,450,958,1.000000,1.000000,1.000000,1.000000,0,0,0,1
1410,27,450,959,1.000000,1.000000,1.000000,1.000000,1,0,0,0
1411,25,450,960,1.000000,1.000000,1.000000,1.000000,0,1,0,1
1412,29,451,960,1.000000,1.000000,1.000000,1.000000,0,1,0,1
1413,27,451,961,1.000000,1.000000,1.000000,1.000000,0,1,0,0
1414,29,452,961,1.000000,1.000000,1.000000,1.000000,0,1,0,0
1415,27,452,962,1.000000,1.000000,1.000000,1.000000,0,1,0,0
1416,29,453,962,1.000000,1.000000,1.000000,1.000000,0,1,0,0
1417,27,453,963,1.000000,1.000000,1.000000,1.000000,0,1,0,0
1418,29,454,963,1.000000,1.000000,1.000000,1.000000,0,1,0,0
1419,27,454,964,1.000000,1.000000,1.000000,1.000000,0,1,0,0
1420,25,454,965,1.000000,1.000000,1.000000,1.000000,0,1,0,1
1421,29,455,965,1.000000,1.000000,1.000000,1.000000,0,1,0,1
1422,27,455,966,1.000000,1.000000,1.000000,1.000000,0,1,1,0
1423,29,456,966,1.000000,1.000000,1.000000,1.000000,0,1,1,0
1424,27,456,967,1.000000,1.000000,1.000000,1.000000,0,0,0,0
1425,29,457,967,1.000000,1.000000,1.000000,1.000000,0,0,0,0
1426,27,457,968,1.000000,1.000000,1.000000,1.000000,0,1,0,1
1427,25,457,969,1.000000,1.000000,1.000000,1.000000,0,0,0,0
1428,29,458,969,1.000000,1.000000,1.000000,1.000000,0,0,0,0
1429,27,458,970,1.000000,1.000000,1.000000,1.000000,0,1,0,0
1430,25,458,971,1.000000,1.000000,1.000000,1.000000,0,0,0,0
1431,29,459,971,1.000000,1.000000,1.000000,1.000000,0,0,0,0
1432,27,459,972,1.000000,1.000000,1.000000,1.000000,1,0,1,0
1433,25,459,973,1.000000,1.000000,1.000000,1.000000,0,0,0,0
1434,29,460,973,1.000000,1.000000,1.000000,1.000000,0,0,0,0
1435,27,460,974,1.000000,1.000000,1.000000,1.000000,1,0,0,0
1436,25,460,975,1.000000,1.000000,1.000000,1.000000,1,0,0,0
1437,29,461,975,1.000000,1.000000,1.000000,1.000000,1,0,0,0
1438,27,461,976,1.000000,1.000000,1.000000,1.000000,0,0,0,0
1439,29,462,976,1.000000,1.000000,1.000000,1.000000,0,0,0,0
1440,27,462,977,1.000000,1.000000,1.000000,1.000000,0,0,0,0
1441,25,462,978,1.000000,1.000000,1.000000,1.000000,0,0,1,0
1442,23,462,979,1.000000,1.000000,1.000000,1.000000,0,0,0,0
1443,29,463,979,1.000000,1.000000,1.000000,1.000000,0,0,0,0
1444,27,463,980,1.000000,1.000000,1.000000,1.000000,0,0,0,0
1445,25,463,981,1.000000,1.000000,1.000000,1.000000,0,0,0,0
1446,23,463,982,1.000000,1.000000,1.000000,1.000000,0,0,0,0
1447,21,463,983,1.000000,1.000000,1.000000,1.000000,0,0,0,0
1448,19,463,984,1.000000,1.000000,1.000000,1.000000,0,0,0,1
1449,17,463,985,1.000000,1.000000,1.000000,1.000000,0,0,0,0
1450,29,464,985,1.000000,1.000000,1.000000,1.000000,0,0,0,0
1451,27,464,986,1.000000,1.000000,1.000000,1.000000,0,0,0,0
1452,25,464,987,1.000000,1.000000,1.000000,1.000000,0,0,0,0
1453,23,464,988,1.000000,1.000000,1.000000,1.000000,1,0,0,0
1454,21,464,989,1.000000,1.000000,1.000000,1.000000,0,0,0,0
1455,29,465,989,1.000000,1.000000,1.000000,1.000000,0,0,0,0
1456,27,465,990,1.000000,1.000000,1.000000,1.000000,0,0,0,0
1457,25,465,991,1.000000,1.000000,1.000000,1.000000,0,0,0,0
1458,23,465,992,1.000000,1.000000,1.000000,1.000000,0,0,0,1
1459,21,465,993,1.000000,1.000000,1.000000,1.000000,0,0,0,0
1460,29,466,993,1.000000,1.000000,1.000000,1.000000,0,0,0,0
1461,27,466,994,1.000000,1.000000,1.000000,1.000000,0,0,0,0
1462,25,466,995,1.000000,1.000000,1.000000,1.000000,0,0,0,0
1463,23,466,996,1.000000,1.000000,1.000000,1.000000,0,0,0,0
1464,21,466,997,1.000000,1.000000,1.000000,1.000000,0,0,0,0
1465,19,466,998,1.000000,1.000000,1.000000,1.000000,0,0,0,0
1466,17,466,999,1.000000,1.000000,1.000000,1.000000,0,0,0,0
1467,15,466,1000,1.000000,1.000000,1.000000,1.000000,0,0,0,0
1468,13,466,1001,1.000000,1.000000,1.000000,1.000000,0,0,0,0
1469,11,466,1002,1.000000,1.000000,1.000000,1.000000,0,0,0,0
1470,9,466,1003,1.000000,1.000000,1.000000,1.000000,0,0,0,1
1471,7,466,1004,1.000000,1.000000,1.000000,1.000000,0,0,1,0
1472,29,467,1004,1.000000,1.000000,1.000000,1.000000,0,0,1,0
1473,27,467,1005,1.000000,1.000000,1.000000,1.000000,0,0,0,0
1474,29,468,1005,1.000000,1.000000,1.000000,1.000000,0,0,0,0
1475,27,468,1006,1.000000,1.000000,1.000000,1.000000,0,1,1,0
1476,25,468,1007,1.000000,1.000000,1.000000,1.000000,0,0,0,0
1477,29,469,1007,1.000000,1.000000,1.000000,1.000000,0,0,0,0
1478,27,469,1008,1.000000,1.000000,1.000000,1.000000,0,1,0,0
1479,25,469,1009,1.000000,1.000000,1.000000,1.000000,0,0,0,0
1480,29,470,1009,1.000000,1.000000,1.000000,1.000000,0,0,0,0
1481,27,470,1010,1.000000,1.000000,1.000000,1.000000,0,0,0,0
1482,25,470,1011,1.000000,1.000000,1.000000,1.000000,0,0,0,0
1483,23,470,1012,1.000000,1.000000,1.000000,1.000000,0,1,0,0
1484,21,470,1013,1.000000,1.000000,1.000000,1.000000,0,0,0,0
1485,29,471,1013,1.000000,1.000000,1.000000,1.000000,0,0,0,0
1486,27,471,1014,1.000000,1.000000,1.000000,1.000000,0,0,0,0
1487,25,471,1015,1.000000,1.000000,1.000000,1.000000,0,0,0,0
1488,23,471,1016,1.000000,1.000000,1.000000,1.000000,0,0,0,0
1489,21,471,1017,1.000000,1.000000,1.000000,1.000000,0,0,0,0
1490,19,471,1018,1.000000,1.000000,1.000000,1.000000,0,0,0,0
1491,17,471,1019,1.000000,1.000000,1.000000,1.000000,0,0,0,0
1492,15,471,1020,1.000000,1.000000,1.000000,1.000000,0,0,0,0
1493,13,471,1021,1.000000,1.000000,1.000000,1.000000,0,0,0,0
1494,11,471,1022,1.000000,1.000000,1.000000,1.000000,0,0,0,0
1495,9,471,1023,1.000000,1.000000,1.000000,1.000000,0,0,0,0
1496,7,471,1024,1.000000,1.000000,1.000000,1.000000,0,0,0,0
1497,5,471,1025,1.000000,1.000000,1.000000,1.000000,0,0,1,0
1498,3,471,1026,1.000000,1.000000,1.000000,1.000000,0,0,1,0
1499,29,472,1026,1.000000,1.000000,1.000000,1.000000,0,0,1,0
1500,27,472,1027,1.000000,1.000000,1.000000,1.000000,0,0,1,0
1501,25,472,1028,1.000000,1.000000,1.000000,1.000000,1,0,0,0
1502,29,473,1028,1.000000,1.000000,1.000000,1.000000,1,0,0,0
1503,27,473,1029,1.000000,1.000000,1.000000,1.000000,0,0,0,0
1504,29,474,1029,1.000000,1.000000,1.000000,1.000000,0,0,0,0
1505,27,474,1030,1.000000,1.000000,1.000000,1.000000,0,0,0,0
1506,25,474,1031,1.000000,1.000000,1.000000,1.000000,0,1,0,0
1507,23,474,1032,1.000000,1.000000,1.000000,1.000000,0,1,0,0
1508,29,475,1032,1.000000,1.000000,1.000000,1.000000,0,1,0,0
1509,27,475,1033,1.000000,1.000000,1.000000,1.000000,0,1,0,0
1510,29,476,1033,1.000000,1.000000,1.000000,1.000000,0,1,0,0
1511,27,476,1034,1.000000,1.000000,1.000000,1.000000,1,0,0,0
1512,29,477,1034,1.000000,1.000000,1.000000,1.000000,1,0,0,0
1513,27,477,1035,1.000000,1.000000,1.000000,1.000000,0,0,0,0
1514,29,478,1035,1.000000,1.000000,1.000000,1.000000,0,0,0,0
1515,27,478,1036,1.000000,1.000000,1.000000,1.000000,0,0,0,0
1516,25,478,1037,1.000000,1.000000,1.000000,1.000000,0,0,0,0
1517,23,478,1038,1.000000,1.000000,1.000000,1.000000,0,0,0,0
1518,21,478,1039,1.000000,1.000000,1.000000,1.000000,0,0,0,0
1519,19,478,1040,1.000000,1.000000,1.000000,1.000000,0,0,1,0
1520,17,478,1041,1.000000,1.000000,1.000000,1.000000,0,0,0,0
1521,29,479,1041,1.000000,1.000000,1.000000,1.000000,0,0,0,0
1522,27,479,1042,1.000000,1.000000,1.000000,1.000000,0,0,0,0
1523,25,479,1043,1.000000,1.000000,1.000000,1.000000,0,0,0,0
1524,23,479,1044,1.000000,1.000000,1.000000,1.000000,1,0,0,0
1525,21,479,1045,1.000000,1.000000,1.000000,1.000000,0,0,0,1
1526,29,480,1045,1.000000,1.000000,1.000000,1.000000,0,1,0,1
1527,27,480,1046,1.000000,1.000000,1.000000,1.000000,0,0,0,0
1528,29,481,1046,1.000000,1.000000,1.000000,1.000000,0,0,0,0
1529,27,481,1047,1.000000,1.000000,1.000000,1.000000,0,0,0,1
1530,25,481,1048,1.000000,1.000000,1.000000,1.000000,1,0,0,0
1531,29,482,1048,1.000000,1.000000,1.000000,1.000000,1,0,0,0
1532,27,482,1049,1.000000,1.000000,1.000000,1.000000,1,0,0,0
1533,29,483,1049,1.000000,1.000000,1.000000,1.000000,1,0,0,0
1534,27,483,1050,1.000000,1.000000,1.000000,1.000000,0,0,0,0
1535,29,484,1050,1.000000,1.000000,1.000000,1.000000,0,0,0,0
1536,27,484,1051,1.000000,1.000000,1.000000,1.000000,0,0,0,0
1537,25,484,1052,1.000000,1.000000,1.000000,1.000000,0,0,0,0
1538,23,484,1053,1.000000,1.000000,1.000000,1.000000,0,0,0,0
1539,21,484,1054,1.000000,1.000000,1.000000,1.000000,0,0,0,0
1540,19,484,1055,1.000000,1.000000,1.000000,1.000000,0,0,0,0
1541,17,484,1056,1.000000,1.000000,1.000000,1.000000,0,0,0,0
1542,15,484,1057,1.000000,1.000000,1.000000,1.000000,0,0,0,0
1543,13,484,1058,1.000000,1.000000,1.000000,1.000000,0,0,0,0
1544,11,484,1059,1.000000,1.000000,1.000000,1.000000,0,1,0,0
1545,9,484,1060,1.000000,1.000000,1.000000,1.000000,0,0,0,0
1546,7,484,1061,1.000000,1.000000,1.000000,1.000000,1,0,0,0
1547,5,484,1062,1.000000,1.000000,1.000000,1.000000,0,1,0,0
1548,29,485,1062,1.000000,1.000000,1.000000,1.000000,0,1,0,0
1549,27,485,1063,1.000000,1.000000,1.000000,1.000000,0,1,0,0
1550,29,486,1063,1.000000,1.000000,1.000000,1.000000,0,1,0,0
1551,27,486,1064,1.000000,1.000000,1.000000,1.000000,1,0,0,0
1552,29,487,1064,1.000000,1.000000,1.000000,1.000000,1,0,0,0
1553,27,487,1065,1.000000,1.000000,1.000000,1.000000,0,0,0,0
1554,25,487,1066,1.000000,1.000000,1.000000,1.000000,1,0,0,0
1555,23,487,1067,1.000000,1.000000,1.000000,1.000000,0,0,0,0
1556,29,488,1067,1.000000,1.000000,1.000000,1.000000,0,0,0,0
1557,27,488,1068,1.000000,1.000000,1.000000,1.000000,0,0,0,0
1558,25,488,1069,1.000000,1.000000,1.000000,1.000000,0,0,0,0
1559,23,488,1070,1.000000,1.000000,1.000000,1.000000,0,0,0,0
1560,21,488,1071,1.000000,1.000000,1.000000,1.000000,1,0,0,0
1561,19,488,1072,1.000000,1.000000,1.000000,1.000000,0,0,0,0
1562,29,489,1072,1.000000,1.000000,1.000000,1.000000,0,0,0,0
1563,27,489,1073,1.000000,1.000000,1.000000,1.000000,0,0,1,0
1564,25,489,1074,1.000000,1.000000,1.000000,1.000000,0,1,0,0
1565,23,489,1075,1.000000,1.000000,1.000000,1.000000,0,0,0,1
1566,29,490,1075,1.000000,1.000000,1.000000,1.000000,0,1,0,1
1567,27,490,1076,1.000000,1.000000,1.000000,1.000000,0,0,0,0
1568,29,491,1076,1.000000,1.000000,1.000000,1.000000,0,0,0,0
1569,27,491,1077,1.000000,1.000000,1.000000,1.000000,0,0,0,0
1570,25,491,1078,1.000000,1.000000,1.000000,1.000000,0,0,0,0
1571,23,491,1079,1.000000,1.000000,1.000000,1.000000,0,0,0,0
1572,21,491,1080,1.000000,1.000000,1.000000,1.000000,0,1,0,0
1573,19,491,1081,1.000000,1.000000,1.000000,1.000000,0,0,1,0
1574,29,492,1081,1.000000,1.000000,1.000000,1.000000,0,0,1,0
1575,27,492,1082,1.000000,1.000000,1.000000,1.000000,0,0,0,0
1576,29,493,1082,1.000000,1.000000,1.000000,1.000000,0,0,0,0
1577,27,493,1083,1.000000,1.000000,1.000000,1.000000,0,0,1,0
1578,25,493,1084,1.000000,1.000000,1.000000,1.000000,0,0,0,0
1579,29,494,1084,1.000000,1.000000,1.000000,1.000000,0,0,0,0
1580,27,494,1085,1.000000,1.000000,1.000000,1.000000,0,0,0,0
1581,25,494,1086,1.000000,1.000000,1.000000,1.000000,0,0,0,0
1582,23,494,1087,1.000000,1.000000,1.000000,1.000000,0,0,0,0
1583,21,494,1088,1.000000,1.000000,1.000000,1.000000,0,0,0,0
1584,19,494,1089,1.000000,1.000000,1.000000,1.000000,0,0,0,0
1585,17,494,1090,1.000000,1.000000,1.000000,1.000000,0,0,0,0
1586,15,494,1091,1.000000,1.000000,1.000000,1.000000,0,0,0,0
1587,13,494,1092,1.000000,1.000000,1.000000,1.000000,0,0,0,0
1588,11,494,1093,1.000000,1.000000,1.000000,1.000000,0,0,0,0
1589,9,494,1094,1.000000,1.000000,1.000000,1.000000,0,0,0,0
1590,7,494,1095,1.000000,1.000000,1.000000,1.000000,0,0,0,0
1591,5,494,1096,1.000000,1.000000,1.000000,1.000000,1,0,0,0
1592,3,494,1097,1.000000,1.000000,1.000000,1.000000,1,0,0,0
1593,29,495,1097,1.000000,1.000000,1.000000,1.000000,1,0,0,0
1594,27,495,1098,1.000000,1.000000,1.000000,1.000000,1,0,0,0
1595,25,495,1099,1.000000,1.000000,1.000000,1.000000,0,1,0,1
1596,29,496,1099,1.000000,1.000000,1.000000,1.000000,0,1,0,1
1597,27,496,1100,1.000000,1.000000,1.000000,1.000000,0,0,0,1
1598,29,497,1100,1.000000,1.000000,1.000000,1.000000,0,0,0,1
1599,27,497,1101,1.000000,1.000000,1.000000,1.000000,1,0,0,0
1600,25,497,1102,1.000000,1.000000,1.000000,1.000000,0,0,1,0
1601,29,498,1102,1.000000,1.000000,1.000000,1.000000,0,0,1,0
1602,27,498,1103,1.000000,1.000000,1.000000,1.000000,0,0,0,0
1603,29,499,1103,1.000000,1.000000,1.000000,1.000000,0,0,0,0
1604,27,499,1104,1.000000,1.000000,1.000000,1.000000,0,0,0,0
1605,25,499,1105,1.000000,1.000000,1.000000,1.000000,0,0,0,1
1606,23,499,1106,1.000000,1.000000,1.000000,1.000000,0,0,0,0
1607,29,500,1106,1.000000,1.000000,1.000000,1.000000,0,0,0,0
1608,27,500,1107,1.000000,1.000000,1.000000,1.000000,1,0,0,0
1609,25,500,1108,1.000000,1.000000,1.000000,1.000000,1,0,0,0
1610,29,501,1108,1.000000,1.000000,1.000000,1.000000,1,0,0,0
1611,27,501,1109,1.000000,1.000000,1.000000,1.000000,0,0,0,1
1612,25,501,1110,1.000000,1.000000,1.000000,1.000000,0,1,0,1
1613,29,502,1110,1.000000,1.000000,1.000000,1.000000,0,1,0,1
1614,27,502,1111,1.000000,1.000000,1.000000,1.000000,0,0,0,0
1615,29,503,1111,1.000000,1.000000,1.000000,1.000000,0,0,0,0
1616,27,503,1112,1.000000,1.000000,1.000000,1.000000,0,0,0,0
1617,25,503,1113,1.000000,1.000000,1.000000,1.000000,0,0,0,0
1618,23,503,1114,1.000000,1.000000,1.000000,1.000000,0,1,0,0
1619,21,503,1115,1.000000,1.000000,1.000000,1.000000,1,0,0,0
1620,19,503,1116,1.000000,1.000000,1.000000,1.000000,0,0,0,0
1621,29,504,1116,1.000000,1.000000,1.000000,1.000000,0,0,0,0
1622,27,504,1117,1.000000,1.000000,1.000000,1.000000,0,1,0,0
1623,25,504,1118,1.000000,1.000000,1.000000,1.000000,0,0,0,0
1624,23,504,1119,1.000000,1.000000,1.000000,1.000000,1,1,0,0
1625,21,504,1120,1.000000,1.000000,1.000000,1.000000,0,0,0,0
1626,29,505,1120,1.000000,1.000000,1.000000,1.000000,0,0,0,0
1627,27,505,1121,1.000000,1.000000,1.000000,1.000000,0,1,0,0
1628,25,505,1122,1.000000,1.000000,1.000000,1.000000,0,0,0,0
1629,29,506,1122,1.000000,1.000000,1.000000,1.000000,0,0,0,0
1630,27,506,1123,1.000000,1.000000,1.000000,1.000000,0,0,0,0
1631,25,506,1124,1.000000,1.000000,1.000000,1.000000,0,0,0,0
1632,23,506,1125,1.000000,1.000000,1.000000,1.000000,0,0,0,0
1633,21,506,1126,1.000000,1.000000,1.000000,1.000000,0,0,0,0
1634,19,506,1127,1.000000,1.000000,1.000000,1.000000,0,1,0,0
1635,17,506,1128,1.000000,1.000000,1.000000,1.000000,0,1,0,0
1636,15,506,1129,1.000000,1.000000,1.000000,1.000000,0,1,1,0
1637,13,506,1130,1.000000,1.000000,1.000000,1.000000,1,0,0,0
1638,11,506,1131,1.000000,1.000000,1.000000,1.000000,0,1,1,0
1639,29,507,1131,1.000000,1.000000,1.000000,1.000000,0,1,1,0
1640,27,507,1132,1.000000,1.000000,1.000000,1.000000,0,0,0,0
1641,29,508,1132,1.000000,1.000000,1.000000,1.000000,0,0,0,0
1642,27,508,1133,1.000000,1.000000,1.000000,1.000000,0,0,0,0
1643,25,508,1134,1.000000,1.000000,1.000000,1.000000,0,0,0,0
1644,23,508,1135,1.000000,1.000000,1.000000,1.000000,0,0,0,0
1645,21,508,1136,1.000000,1.000000,1.000000,1.000000,0,1,0,0
1646,19,508,1137,1.000000,1.000000,1.000000,1.000000,0,0,0,0
1647,29,509,1137,1.000000,1.000000,1.000000,1.000000,0,0,0,0
1648,27,509,1138,1.000000,1.000000,1.000000,1.000000,1,0,0,0
1649,25,509,1139,1.000000,1.000000,1.000000,1.000000,0,1,0,0
1650,29,510,1139,1.000000,1.000000,1.000000,1.000000,0,1,0,0
1651,27,510,1140,1.000000,1.000000,1.000000,1.000000,1,1,0,0
1652,25,510,1141,1.000000,1.000000,1.000000,1.000000,1,0,0,0
1653,23,510,1142,1.000000,1.000000,1.000000,1.000000,1,0,1,0
1654,29,511,1142,1.000000,1.000000,1.000000,1.000000,1,0,1,0
1655,27,511,1143,1.000000,1.000000,1.000000,1.000000,0,0,0,0
1656,29,512,1143,1.000000,1.000000,1.000000,1.000000,0,0,0,0
1657,27,512,1144,1.000000,1.000000,1.000000,1.000000,1,0,0,0
1658,25,512,1145,1.000000,1.000000,1.000000,1.000000,0,0,0,1
1659,29,513,1145,1.000000,1.000000,1.000000,1.000000,0,0,0,1
1660,27,513,1146,1.000000,1.000000,1.000000,1.000000,0,0,0,0
1661,29,514,1146,1.000000,1.000000,1.000000,1.000000,0,0,0,0
1662,27,514,1147,1.000000,1.000000,1.000000,1.000000,0,0,0,0
1663,25,514,1148,1.000000,1.000000,1.000000,1.000000,0,0,0,0
1664,23,514,1149,1.000000,1.000000,1.000000,1.000000,1,0,0,1
1665,21,514,1150,1.000000,1.000000,1.000000,1.000000,0,0,0,0
1666,29,515,1150,1.000000,1.000000,1.000000,1.000000,0,0,0,0
1667,27,515,1151,1.000000,1.000000,1.000000,1.000000,0,0,0,1
1668,25,515,1152,1.000000,1.000000,1.000000,1.000000,1,0,0,0
1669,29,516,1152,1.000000,1.000000,1.000000,1.000000,1,0,0,0
1670,27,516,1153,1.000000,1.000000,1.000000,1.000000,1,0,0,0
1671,25,516,1154,1.000000,1.000000,1.000000,1.000000,1,1,1,0
1672,29,517,1154,1.000000,1.000000,1.000000,1.000000,1,1,1,0
1673,27,517,1155,1.000000,1.000000,1.000000,1.000000,0,0,0,0
1674,29,518,1155,1.000000,1.000000,1.000000,1.000000,0,0,0,0
1675,27,518,1156,1.000000,1.000000,1.000000,1.000000,0,0,0,0
1676,25,518,1157,1.000000,1.000000,1.000000,1.000000,0,0,0,0
1677,23,518,1158,1.000000,1.000000,1.000000,1.000000,0,0,0,0
1678,21,518,1159,1.000000,1.000000,1.000000,1.000000,0,0,0,0
1679,19,518,1160,1.000000,1.000000,1.000000,1.000000,0,0,0,0
1680,17,518,1161,1.000000,1.000000,1.000000,1.000000,0,1,0,0
1681,15,518,1162,1.000000,1.000000,1.000000,1.000000,0,0,0,0
1682,29,519,1162,1.000000,1.000000,1.000000,1.000000,0,0,0,0
1683,27,519,1163,1.000000,1.000000,1.000000,1.000000,0,0,0,1
1684,25,519,1164,1.000000,1.000000,1.000000,1.000000,0,0,0,0
1685,29,520,1164,1.000000,1.000000,1.000000,1.000000,0,0,0,0
1686,27,520,1165,1.000000,1.000000,1.000000,1.000000,0,0,0,1
1687,25,520,1166,1.000000,1.000000,1.000000,1.000000,0,0,1,1
1688,29,521,1166,1.000000,1.000000,1.000000,1.000000,0,0,1,1
1689,27,521,1167,1.000000,1.000000,1.000000,1.000000,0,0,0,0
1690,29,522,1167,1.000000,1.000000,1.000000,1.000000,0,0,0,0
1691,27,522,1168,1.000000,1.000000,1.000000,1.000000,0,1,1,1
1692,25,522,1169,1.000000,1.000000,1.000000,1.000000,0,0,0,1
1693,23,522,1170,1.000000,1.000000,1.000000,1.000000,1,1,0,1
1694,29,523,1170,1.000000,1.000000,1.000000,1.000000,1,1,0,1
1695,27,523,1171,1.000000,1.000000,1.000000,1.000000,0,0,0,1
1696,29,524,1171,1.000000,1.000000,1.000000,1.000000,0,0,0,1
1697,27,524,1172,1.000000,1.000000,1.000000,1.000000,1,0,1,0
1698,29,525,1172,1.000000,1.000000,1.000000,1.000000,1,0,1,0
1699,27,525,1173,1.000000,1.000000,1.000000,1.000000,0,0,0,0
1700,29,526,1173,1.000000,1.000000,1.000000,1.000000,0,0,0,0
1701,27,526,1174,1.000000,1.000000,1.000000,1.000000,0,1,0,1
1702,25,526,1175,1.000000,1.000000,1.000000,1.000000,0,0,0,0
1703,29,527,1175,1.000000,1.000000,1.000000,1.000000,0,0,0,0
1704,27,527,1176,1.000000,1.000000,1.000000,1.000000,0,1,0,0
1705,25,527,1177,1.000000,1.000000,1.000000,1.000000,0,0,0,0
1706,29,528,1177,1.000000,1.000000,1.000000,1.000000,0,0,0,0
1707,27,528,1178,1.000000,1.000000,1.000000,1.000000,0,1,1,0
1708,25,528,1179,1.000000,1.000000,1.000000,1.000000,0,0,0,1
1709,29,529,1179,1.000000,1.000000,1.000000,1.000000,0,0,0,1
1710,27,529,1180,1.000000,1.000000,1.000000,1.000000,0,0,0,1
1711,29,530,1180,1.000000,1.000000,1.000000,1.000000,0,0,0,1
1712,27,530,1181,1.000000,1.000000,1.000000,1.000000,0,0,0,1
1713,25,530,1182,1.000000,1.000000,1.000000,1.000000,0,1,1,0
1714,23,530,1183,1.000000,1.000000,1.000000,1.000000,0,0,0,1
1715,29,531,1183,1.000000,1.000000,1.000000,1.000000,0,0,0,1
1716,27,531,1184,1.000000,1.000000,1.000000,1.000000,1,0,1,0
1717,29,532,1184,1.000000,1.000000,1.000000,1.000000,1,0,1,0
1718,27,532,1185,1.000000,1.000000,1.000000,1.000000,0,0,0,0
1719,29,533,1185,1.000000,1.000000,1.000000,1.000000,0,0,0,0
1720,27,533,1186,1.000000,1.000000,1.000000,1.000000,0,1,0,1
1721,25,533,1187,1.000000,1.000000,1.000000,1.000000,1,0,0,1
1722,29,534,1187,1.000000,1.000000,1.000000,1.000000,1,0,0,1
1723,27,534,1188,1.000000,1.000000,1.000000,1.000000,0,0,0,0
1724,29,535,1188,1.000000,1.000000,1.000000,1.000000,0,0,0,0
1725,27,535,1189,1.000000,1.000000,1.000000,1.000000,0,0,0,0
1726,25,535,1190,1.000000,1.000000,1.000000,1.000000,0,1,0,0
1727,23,535,1191,1.000000,1.000000,1.000000,1.000000,0,1,0,0
1728,21,535,1192,1.000000,1.000000,1.000000,1.000000,1,0,0,1
1729,29,536,1192,1.000000,1.000000,1.000000,1.000000,1,0,0,1
1730,27,536,1193,1.000000,1.000000,1.000000,1.000000,0,0,0,0
1731,29,537,1193,1.000000,1.000000,1.000000,1.000000,0,0,0,0
1732,27,537,1194,1.000000,1.000000,1.000000,1.000000,0,0,0,1
1733,25,537,1195,1.000000,1.000000,1.000000,1.000000,0,0,0,0
1734,29,538,1195,1.000000,1.000000,1.000000,1.000000,0,0,0,0
1735,27,538,1196,1.000000,1.000000,1.000000,1.000000,0,0,0,0
1736,25,538,1197,1.000000,1.000000,1.000000,1.000000,0,0,0,0
1737,23,538,1198,1.000000,1.000000,1.000000,1.000000,0,0,1,0
1738,21,538,1199,1.000000,1.000000,1.000000,1.000000,0,0,0,0
1739,29,539,1199,1.000000,1.000000,1.000000,1.000000,0,0,0,0
1740,27,539,1200,1.000000,1.000000,1.000000,1.000000,0,0,1,1
1741,25,539,1201,1.000000,1.000000,1.000000,1.000000,0,0,1,0
1742,29,540,1201,1.000000,1.000000,1.000000,1.000000,0,0,1,0
1743,27,540,1202,1.000000,1.000000,1.000000,1.000000,0,1,1,0
1744,29,541,1202,1.000000,1.000000,1.000000,1.000000,0,1,1,0
1745,27,541,1203,1.000000,1.000000,1.000000,1.000000,0,1,0,0
1746,29,542,1203,1.000000,1.000000,1.000000,1.000000,0,1,0,0
1747,27,542,1204,1.000000,1.000000,1.000000,1.000000,1,1,0,0
1748,29,543,1204,1.000000,1.000000,1.000000,1.000000,1,1,0,0
1749,27,543,1205,1.000000,1.000000,1.000000,1.000000,0,0,0,0
1750,29,544,1205,1.000000,1.000000,1.000000,1.000000,0,0,0,0
1751,27,544,1206,1.000000,1.000000,1.000000,1.000000,0,1,0,0
1752,25,544,1207,1.000000,1.000000,1.000000,1.000000,0,0,0,0
1753,29,545,1207,1.000000,1.000000,1.000000,1.000000,0,0,0,0
1754,27,545,1208,1.000000,1.000000,1.000000,1.000000,0,0,1,0
1755,25,545,1209,1.000000,1.000000,1.000000,1.000000,0,1,0,0
1756,29,546,1209,1.000000,1.000000,1.000000,1.000000,0,1,0,0
1757,27,546,1210,1.000000,1.000000,1.000000,1.000000,0,0,0,0
1758,29,547,1210,1.000000,1.000000,1.000000,1.000000,0,0,0,0
1759,27,547,1211,1.000000,1.000000,1.000000,1.000000,0,0,0,0
1760,25,547,1212,1.000000,1.000000,1.000000,1.000000,0,1,0,0
1761,23,547,1213,1.000000,1.000000,1.000000,1.000000,0,1,1,0
1762,21,547,1214,1.000000,1.000000,1.000000,1.000000,1,0,0,0
1763,19,547,1215,1.000000,1.000000,1.000000,1.000000,0,1,1,0
1764,29,548,1215,1.000000,1.000000,1.000000,1.000000,0,1,1,0
1765,27,548,1216,1.000000,1.000000,1.000000,1.000000,0,0,0,0
1766,29,549,1216,1.000000,1.000000,1.000000,1.000000,0,0,0,0
1767,27,549,1217,1.000000,1.000000,1.000000,1.000000,0,1,0,0
1768,25,549,1218,1.000000,1.000000,1.000000,1.000000,0,0,0,0
1769,23,549,1219,1.000000,1.000000,1.000000,1.000000,0,0,0,0
1770,21,549,1220,1.000000,1.000000,1.000000,1.000000,0,0,0,0
1771,19,549,1221,1.000000,1.000000,1.000000,1.000000,0,0,0,1
1772,17,549,1222,1.000000,1.000000,1.000000,1.000000,0,0,0,0
1773,29,550,1222,1.000000,1.000000,1.000000,1.000000,0,0,0,0
1774,27,550,1223,1.000000,1.000000,1.000000,1.000000,0,0,0,0
1775,25,550,1224,1.000000,1.000000,1.000000,1.000000,0,0,0,0
1776,23,550,1225,1.000000,1.000000,1.000000,1.000000,0,0,0,0
1777,21,550,1226,1.000000,1.000000,1.000000,1.000000,0,0,0,0
1778,19,550,1227,1.000000,1.000000,1.000000,1.000000,0,0,0,0
1779,17,550,1228,1.000000,1.000000,1.000000,1.000000,0,0,0,0
1780,15,550,1229,1.000000,1.000000,1.000000,1.000000,0,0,0,0
1781,13,550,1230,1.000000,1.000000,1.000000,1.000000,0,0,0,0
1782,11,550,1231,1.000000,1.000000,1.000000,1.000000,0,0,0,0
1783,9,550,1232,1.000000,1.000000,1.000000,1.000000,0,0,1,0
1784,7,550,1233,1.000000,1.000000,1.000000,1.000000,0,1,0,1
1785,29,551,1233,1.000000,1.000000,1.000000,1.000000,0,1,0,1
1786,27,551,1234,1.000000,1.000000,1.000000,1.000000,0,0,1,0
1787,29,552,1234,1.000000,1.000000,1.000000,1.000000,0,0,1,0
1788,27,552,1235,1.000000,1.000000,1.000000,1.000000,0,0,0,0
1789,29,553,1235,1.000000,1.000000,1.000000,1.000000,0,0,0,0
1790,27,553,1236,1.000000,1.000000,1.000000,1.000000,0,0,0,0
1791,25,553,1237,1.000000,1.000000,1.000000,1.000000,0,0,0,1
1792,23,553,1238,1.000000,1.000000,1.000000,1.000000,0,0,0,1
1793,29,554,1238,1.000000,1.000000,1.000000,1.000000,0,0,0,1
1794,27,554,1239,1.000000,1.000000,1.000000,1.000000,1,0,0,0
1795,29,555,1239,1.000000,1.000000,1.000000,1.000000,1,0,0,0
1796,27,555,1240,1.000000,1.000000,1.000000,1.000000,0,0,0,0
1797,29,556,1240,1.000000,1.000000,1.000000,1.000000,0,0,0,0
1798,27,556,1241,1.000000,1.000000,1.000000,1.000000,0,0,0,0
1799,25,556,1242,1.000000,1.000000,1.000000,1.000000,0,0,0,0
1800,23,556,1243,1.000000,1.000000,1.000000,1.000000,0,0,0,1
1801,21,556,1244,1.000000,1.000000,1.000000,1.000000,0,0,0,0
1802,29,557,1244,1.000000,1.000000,1.000000,1.000000,0,0,0,0
1803,27,557,1245,1.000000,1.000000,1.000000,1.000000,0,0,0,0
1804,25,557,1246,1.000000,1.000000,1.000000,1.000000,0,0,0,0
1805,23,557,1247,1.000000,1.000000,1.000000,1.000000,0,0,0,0
1806,21,557,1248,1.000000,1.000000,1.000000,1.000000,0,1,1,0
1807,19,557,1249,1.000000,1.000000,1.000000,1.000000,0,0,0,0
1808,29,558,1249,1.000000,1.000000,1.000000,1.000000,0,0,0,0
1809,27,558,1250,1.000000,1.000000,1.000000,1.000000,0,0,0,1
1810,25,558,1251,1.000000,1.000000,1.000000,1.000000,0,0,1,0
1811,29,559,1251,1.000000,1.000000,1.000000,1.000000,0,0,1,0
1812,27,559,1252,1.000000,1.000000,1.000000,1.000000,0,0,0,1
1813,29,560,1252,1.000000,1.000000,1.000000,1.000000,0,0,0,1
1814,27,560,1253,1.000000,1.000000,1.000000,1.000000,0,0,0,1
1815,29,561,1253,1.000000,1.000000,1.000000,1.000000,0,0,0,1
1816,27,561,1254,1.000000,1.000000,1.000000,1.000000,0,0,0,0
1817,29,562,1254,1.000000,1.000000,1.000000,1.000000,0,0,0,0
1818,27,562,1255,1.000000,1.000000,1.000000,1.000000,0,0,0,1
1819,25,562,1256,1.000000,1.000000,1.000000,1.000000,1,0,0,0
1820,29,563,1256,1.000000,1.000000,1.000000,1.000000,1,0,0,0
1821,27,563,1257,1.000000,1.000000,1.000000,1.000000,1,0,0,0
1822,25,563,1258,1.000000,1.000000,1.000000,1.000000,0,0,1,0
1823,23,563,1259,1.000000,1.000000,1.000000,1.000000,1,0,0,0
1824,29,564,1259,1.000000,1.000000,1.000000,1.000000,1,0,0,0
1825,27,564,1260,1.000000,1.000000,1.000000,1.000000,0,0,0,0
1826,29,565,1260,1.000000,1.000000,1.000000,1.000000,0,0,0,0
1827,27,565,1261,1.000000,1.000000,1.000000,1.000000,0,0,0,0
1828,25,565,1262,1.000000,1.000000,1.000000,1.000000,0,0,0,0
1829,23,565,1263,1.000000,1.000000,1.000000,1.000000,0,0,0,0
1830,21,565,1264,1.000000,1.000000,1.000000,1.000000,0,0,0,0
1831,19,565,1265,1.000000,1.000000,1.000000,1.000000,0,0,0,0
1832,17,565,1266,1.000000,1.000000,1.000000,1.000000,1,0,0,0
1833,15,565,1267,1.000000,1.000000,1.000000,1.000000,0,0,0,0
1834,29,566,1267,1.000000,1.000000,1.000000,1.000000,0,0,0,0
1835,27,566,1268,1.000000,1.000000,1.000000,1.000000,0,0,0,0
1836,25,566,1269,1.000000,1.000000,1.000000,1.000000,0,0,0,0
1837,23,566,1270,1.000000,1.000000,1.000000,1.000000,0,0,0,0
1838,21,566,1271,1.000000,1.000000,1.000000,1.000000,0,0,0,0
1839,19,566,1272,1.000000,1.000000,1.000000,1.000000,0,0,0,1
1840,17,566,1273,1.000000,1.000000,1.000000,1.000000,0,0,0,0
1841,29,567,1273,1.000000,1.000000,1.000000,1.000000,0,0,0,0
1842,27,567,1274,1.000000,1.000000,1.000000,1.000000,0,0,0,1
1843,25,567,1275,1.000000,1.000000,1.000000,1.000000,0,0,0,0
1844,29,568,1275,1.000000,1.000000,1.000000,1.000000,0,0,0,0
1845,27,568,1276,1.000000,1.000000,1.000000,1.000000,1,0,1,1
1846,25,568,1277,1.000000,1.000000,1.000000,1.000000,0,0,0,1
1847,29,569,1277,1.000000,1.000000,1.000000,1.000000,0,0,0,1
1848,27,569,1278,1.000000,1.000000,1.000000,1.000000,0,0,1,1
1849,29,570,1278,1.000000,1.000000,1.000000,1.000000,0,0,1,1
1850,27,570,1279,1.000000,1.000000,1.000000,1.000000,0,0,0,1
1851,29,571,1279,1.000000,1.000000,1.000000,1.000000,0,0,0,1
1852,27,571,1280,1.000000,1.000000,1.000000,1.000000,0,0,0,1
1853,29,572,1280,1.000000,1.000000,1.000000,1.000000,0,0,0,1
1854,27,572,1281,1.000000,1.000000,1.000000,1.000000,0,0,0,1
1855,29,573,1281,1.000000,1.000000,1.000000,1.000000,0,0,0,1
1856,27,573,1282,1.000000,1.000000,1.000000,1.000000,0,0,0,0
1857,25,573,1283,1.000000,1.000000,1.000000,1.000000,1,0,0,0
1858,23,573,1284,1.000000,1.000000,1.000000,1.000000,0,0,0,0
1859,21,573,1285,1.000000,1.000000,1.000000,1.000000,0,0,0,0
1860,19,573,1286,1.000000,1.000000,1.000000,1.000000,0,0,1,0
1861,17,573,1287,1.000000,1.000000,1.000000,1.000000,0,0,0,0
1862,29,574,1287,1.000000,1.000000,1.000000,1.000000,0,0,0,0
1863,27,574,1288,1.000000,1.000000,1.000000,1.000000,0,0,1,0
1864,25,574,1289,1.000000,1.000000,1.000000,1.000000,0,0,0,0
1865,29,575,1289,1.000000,1.000000,1.000000,1.000000,0,0,0,0
1866,27,575,1290,1.000000,1.000000,1.000000,1.000000,0,0,0,0
1867,25,575,1291,1.000000,1.000000,1.000000,1.000000,0,0,0,1
1868,23,575,1292,1.000000,1.000000,1.000000,1.000000,0,0,0,0
1869,29,576,1292,1.000000,1.000000,1.000000,1.000000,0,0,0,0
1870,27,576,1293,1.000000,1.000000,1.000000,1.000000,0,0,0,0
1871,25,576,1294,1.000000,1.000000,1.000000,1.000000,0,0,0,0
1872,23,576,1295,1.000000,1.000000,1.000000,1.000000,0,0,0,1
1873,21,576,1296,1.000000,1.000000,1.000000,1.000000,0,0,0,0
1874,29,577,1296,1.000000,1.000000,1.000000,1.000000,0,0,0,0
1875,27,577,1297,1.000000,1.000000,1.000000,1.000000,0,0,0,0
1876,25,577,1298,1.000000,1.000000,1.000000,1.000000,0,0,0,0
1877,23,577,1299,1.000000,1.000000,1.000000,1.000000,1,0,0,0
1878,21,577,1300,1.000000,1.000000,1.000000,1.000000,0,1,0,1
1879,29,578,1300,1.000000,1.000000,1.000000,1.000000,0,1,0,1
1880,27,578,1301,1.000000,1.000000,1.000000,1.000000,0,0,0,1
1881,29,579,1301,1.000000,1.000000,1.000000,1.000000,0,0,0,1
1882,27,579,1302,1.000000,1.000000,1.000000,1.000000,0,0,0,1
1883,29,580,1302,1.000000,1.000000,1.000000,1.000000,0,0,0,1
1884,27,580,1303,1.000000,1.000000,1.000000,1.000000,0,0,0,1
1885,29,581,1303,1.000000,1.000000,1.000000,1.000000,0,0,0,1
1886,27,581,1304,1.000000,1.000000,1.000000,1.000000,0,0,0,1
1887,29,582,1304,1.000000,1.000000,1.000000,1.000000,0,0,0,1
1888,27,582,1305,1.000000,1.000000,1.000000,1.000000,0,0,1,0
1889,25,582,1306,1.000000,1.000000,1.000000,1.000000,0,0,0,1
1890,29,583,1306,1.000000,1.000000,1.000000,1.000000,0,0,0,1
1891,27,583,1307,1.000000,1.000000,1.000000,1.000000,0,0,0,0
1892,29,584,1307,1.000000,1.000000,1.000000,1.000000,0,0,0,0
1893,27,584,1308,1.000000,1.000000,1.000000,1.000000,0,0,0,0
1894,25,584,1309,1.000000,1.000000,1.000000,1.000000,0,1,0,0
1895,23,584,1310,1.000000,1.000000,1.000000,1.000000,0,0,1,0
1896,29,585,1310,1.000000,1.000000,1.000000,1.000000,0,0,1,0
1897,27,585,1311,1.000000,1.000000,1.000000,1.000000,0,1,0,0
1898,29,586,1311,1.000000,1.000000,1.000000,1.000000,0,1,0,0
1899,27,586,1312,1.000000,1.000000,1.000000,1.000000,0,0,1,0
1900,29,587,1312,1.000000,1.000000,1.000000,1.000000,0,0,1,0
1901,27,587,1313,1.000000,1.000000,1.000000,1.000000,0,1,0,0
1902,25,587,1314,1.000000,1.000000,1.000000,1.000000,0,0,0,1
1903,29,588,1314,1.000000,1.000000,1.000000,1.000000,0,0,0,1
1904,27,588,1315,1.000000,1.000000,1.000000,1.000000,1,0,0,0
1905,25,588,1316,1.000000,1.000000,1.000000,1.000000,0,0,0,0
1906,29,589,1316,1.000000,1.000000,1.000000,1.000000,0,0,0,0
1907,27,589,1317,1.000000,1.000000,1.000000,1.000000,0,0,0,0
1908,25,589,1318,1.000000,1.000000,1.000000,1.000000,0,0,1,0
1909,23,589,1319,1.000000,1.000000,1.000000,1.000000,0,0,0,0
1910,29,590,1319,1.000000,1.000000,1.000000,1.000000,0,0,0,0
1911,27,590,1320,1.000000,1.000000,1.000000,1.000000,0,0,0,0
1912,25,590,1321,1.000000,1.000000,1.000000,1.000000,0,0,0,0
1913,23,590,1322,1.000000,1.000000,1.000000,1.000000,0,0,0,1
1914,21,590,1323,1.000000,1.000000,1.000000,1.000000,1,1,0,0
1915,29,591,1323,1.000000,1.000000,1.000000,1.000000,1,1,0,0
1916,27,591,1324,1.000000,1.000000,1.000000,1.000000,0,0,0,0
1917,29,592,1324,1.000000,1.000000,1.000000,1.000000,0,0,0,0
1918,27,592,1325,1.000000,1.000000,1.000000,1.000000,0,0,0,1
1919,25,592,1326,1.000000,1.000000,1.000000,1.000000,0,0,0,1
1920,29,593,1326,1.000000,1.000000,1.000000,1.000000,0,0,0,1
1921,27,593,1327,1.000000,1.000000,1.000000,1.000000,0,0,0,0
1922,29,594,1327,1.000000,1.000000,1.000000,1.000000,0,0,0,0
1923,27,594,1328,1.000000,1.000000,1.000000,1.000000,0,0,0,0
1924,25,594,1329,1.000000,1.000000,1.000000,1.000000,0,0,0,0
1925,23,594,1330,1.000000,1.000000,1.000000,1.000000,1,0,0,0
1926,21,594,1331,1.000000,1.000000,1.000000,1.000000,0,0,0,0
1927,29,595,1331,1.000000,1.000000,1.000000,1.000000,0,0,0,0
1928,27,595,1332,1.000000,1.000000,1.000000,1.000000,0,0,0,0
1929,25,595,1333,1.000000,1.000000,1.000000,1.000000,0,0,0,1
1930,23,595,1334,1.000000,1.000000,1.000000,1.000000,1,0,1,0
1931,29,596,1334,1.000000,1.000000,1.000000,1.000000,1,0,1,0
1932,27,596,1335,1.000000,1.000000,1.000000,1.000000,0,0,1,1
1933,29,597,1335,1.000000,1.000000,1.000000,1.000000,0,0,1,1
1934,27,597,1336,1.000000,1.000000,1.000000,1.000000,0,0,1,1
1935,25,597,1337,1.000000,1.000000,1.000000,1.000000,1,1,0,1
1936,29,598,1337,1.000000,1.000000,1.000000,1.000000,1,1,0,1
1937,27,598,1338,1.000000,1.000000,1.000000,1.000000,0,0,0,1
1938,29,599,1338,1.000000,1.000000,1.000000,1.000000,0,0,0,1
1939,27,599,1339,1.000000,1.000000,1.000000,1.000000,1,0,1,0
1940,29,600,1339,1.000000,1.000000,1.000000,1.000000,1,0,1,0
1941,27,600,1340,1.000000,1.000000,1.000000,1.000000,0,0,0,0
1942,29,601,1340,1.000000,1.000000,1.000000,1.000000,0,0,0,0
1943,27,601,1341,1.000000,1.000000,1.000000,1.000000,1,0,0,0
1944,25,601,1342,1.000000,1.000000,1.000000,1.000000,0,0,0,0
1945,29,602,1342,1.000000,1.000000,1.000000,1.000000,0,0,0,0
1946,27,602,1343,1.000000,1.000000,1.000000,1.000000,0,0,0,0
1947,25,602,1344,1.000000,1.000000,1.000000,1.000000,0,0,0,0
1948,23,602,1345,1.000000,1.000000,1.000000,1.000000,0,0,0,0
1949,21,602,1346,1.000000,1.000000,1.000000,1.000000,0,0,0,0
1950,19,602,1347,1.000000,1.000000,1.000000,1.000000,0,1,0,0
1951,29,603,1347,1.000000,1.000000,1.000000,1.000000,0,1,0,0
1952,27,603,1348,1.000000,1.000000,1.000000,1.000000,1,1,0,0
1953,29,604,1348,1.000000,1.000000,1.000000,1.000000,1,1,0,0
1954,27,604,1349,1.000000,1.000000,1.000000,1.000000,0,0,1,0
1955,25,604,1350,1.000000,1.000000,1.000000,1.000000,1,0,0,0
1956,29,605,1350,1.000000,1.000000,1.000000,1.000000,1,0,0,0
1957,27,605,1351,1.000000,1.000000,1.000000,1.000000,0,0,0,0
1958,29,606,1351,1.000000,1.000000,1.000000,1.000000,0,0,0,0
1959,27,606,1352,1.000000,1.000000,1.000000,1.000000,0,0,0,1
1960,25,606,1353,1.000000,1.000000,1.000000,1.000000,1,0,0,1
1961,29,607,1353,1.000000,1.000000,1.000000,1.000000,1,0,0,1
1962,27,607,1354,1.000000,1.000000,1.000000,1.000000,0,0,0,1
1963,29,608,1354,1.000000,1.000000,1.000000,1.000000,0,0,0,1
1964,27,608,1355,1.000000,1.000000,1.000000,1.000000,1,0,1,0
1965,29,609,1355,1.000000,1.000000,1.000000,1.000000,1,0,1,0
1966,27,609,1356,1.000000,1.000000,1.000000,1.000000,0,0,0,0
1967,29,610,1356,1.000000,1.000000,1.000000,1.000000,0,0,0,0
1968,27,610,1357,1.000000,1.000000,1.000000,1.000000,1,0,0,0
1969,25,610,1358,1.000000,1.000000,1.000000,1.000000,0,0,0,0
1970,29,611,1358,1.000000,1.000000,1.000000,1.000000,0,0,0,0
1971,27,611,1359,1.000000,1.000000,1.000000,1.000000,0,0,0,0
1972,25,611,1360,1.000000,1.000000,1.000000,1.000000,0,0,0,0
1973,23,611,1361,1.000000,1.000000,1.000000,1.000000,0,0,0,0
1974,21,611,1362,1.000000,1.000000,1.000000,1.000000,0,1,0,0
1975,19,611,1363,1.000000,1.000000,1.000000,1.000000,0,0,1,0
1976,29,612,1363,1.000000,1.000000,1.000000,1.000000,0,0,1,0
1977,27,612,1364,1.000000,1.000000,1.000000,1.000000,0,0,1,0
1978,25,612,1365,1.000000,1.000000,1.000000,1.000000,1,0,1,1
1979,23,612,1366,1.000000,1.000000,1.000000,1.000000,0,1,1,1
1980,29,613,1366,1.000000,1.000000,1.000000,1.000000,0,1,1,1
1981,27,613,1367,1.000000,1.000000,1.000000,1.000000,1,0,1,0
1982,29,614,1367,1.000000,1.000000,1.000000,1.000000,1,0,1,0
1983,27,614,1368,1.000000,1.000000,1.000000,1.000000,0,1,0,0
1984,29,615,1368,1.000000,1.000000,1.000000,1.000000,0,1,0,0
1985,27,615,1369,1.000000,1.000000,1.000000,1.000000,0,1,0,0
1986,29,616,1369,1.000000,1.000000,1.000000,1.000000,0,1,0,0
1987,27,616,1370,1.000000,1.000000,1.000000,1.000000,1,1,0,0
1988,29,617,1370,1.000000,1.000000,1.000000,1.000000,1,1,0,0
1989,27,617,1371,1.000000,1.000000,1.000000,1.000000,1,0,0,0
1990,29,618,1371,1.000000,1.000000,1.000000,1.000000,1,0,0,0
1991,27,618,1372,1.000000,1.000000,1.000000,1.000000,1,0,0,0
1992,29,619,1372,1.000000,1.000000,1.000000,1.000000,1,0,0,0
1993,27,619,1373,1.000000,1.000000,1.000000,1.000000,0,0,0,0
1994,29,620,1373,1.000000,1.000000,1.000000,1.000000,0,0,0,0
1995,27,620,1374,1.000000,1.000000,1.000000,1.000000,0,0,0,0
1996,25,620,1375,1.000000,1.000000,1.000000,1.000000,0,0,0,0
1997,23,620,1376,1.000000,1.000000,1.000000,1.000000,0,1,0,0
1998,21,620,1377,1.000000,1.000000,1.000000,1.000000,0,0,0,0
1999,29,621,1377,1.000000,1.000000,1.000000,1.000000,0,0,0,0
2000,27,621,1378,1.000000,1.000000,1.000000,1.000000,0,1,0,0
