tick,energy,eats,distance,conn_1_6_weight,conn_2_7_weight,conn_3_8_weight,conn_4_9_weight,food_north_sensed,food_east_sensed,food_south_sensed,food_west_sensed
0,30,0,0,1.000000,1.000000,1.000000,1.000000,0,0,0,0
1,29,0,0,1.000000,1.000000,1.000000,1.000000,1,0,1,1
2,27,0,1,1.000000,1.000000,1.000000,1.000000,0,0,0,0
3,29,1,1,1.000000,1.000000,1.000000,1.000000,0,0,0,0
4,27,1,2,1.000000,1.000000,1.000000,1.000000,1,0,1,0
5,25,1,3,1.000000,1.000000,1.000000,1.000000,0,0,1,1
6,29,2,3,1.000000,1.000000,1.000000,1.000000,0,0,1,1
7,27,2,4,1.000000,1.000000,1.000000,1.000000,0,0,0,0
8,29,3,4,1.000000,1.000000,1.000000,1.000000,0,0,0,0
9,27,3,5,1.000000,1.000000,1.000000,1.000000,0,1,1,0
10,25,3,6,1.000000,1.000000,1.000000,1.000000,0,1,1,0
11,23,3,7,1.000000,1.000000,1.000000,1.000000,1,0,0,1
12,29,4,7,1.000000,1.000000,1.000000,1.000000,1,0,0,1
13,27,4,8,1.000000,1.000000,1.000000,1.000000,0,1,0,0
14,29,5,8,1.000000,1.000000,1.000000,1.000000,0,1,0,0
15,27,5,9,1.000000,1.000000,1.000000,1.000000,1,0,0,0
16,29,6,9,1.000000,1.000000,1.000000,1.000000,1,0,0,0
17,27,6,10,1.000000,1.000000,1.000000,1.000000,0,0,0,0
18,29,7,10,1.000000,1.000000,1.000000,1.000000,0,0,0,0
19,27,7,11,1.000000,1.000000,1.000000,1.000000,0,0,0,0
20,25,7,12,1.000000,1.000000,1.000000,1.000000,1,0,0,0
21,23,7,13,1.000000,1.000000,1.000000,1.000000,0,0,0,0
22,29,8,13,1.000000,1.000000,1.000000,1.000000,0,0,0,1
23,27,8,14,1.000000,1.000000,1.000000,1.000000,0,0,0,0
24,29,9,14,1.000000,1.000000,1.000000,1.000000,0,0,0,0
25,27,9,15,1.000000,1.000000,1.000000,1.000000,0,0,0,0
26,25,9,16,1.000000,1.000000,1.000000,1.000000,0,0,0,1
27,23,9,17,1.000000,1.000000,1.000000,1.000000,0,0,1,0
28,21,9,18,1.000000,1.000000,1.000000,1.000000,1,0,0,1
29,19,9,19,1.000000,1.000000,1.000000,1.000000,0,0,0,0
30,29,10,19,1.000000,1.000000,1.000000,1.000000,0,0,0,0
31,27,10,20,1.000000,1.000000,1.000000,1.000000,1,0,0,1
32,25,10,21,1.000000,1.000000,1.000000,1.000000,0,0,0,0
33,29,11,21,1.000000,1.000000,1.000000,1.000000,0,0,0,0
34,27,11,22,1.000000,1.000000,1.000000,1.000000,0,1,0,0
35,25,11,23,1.000000,1.000000,1.000000,1.000000,0,0,0,0
36,29,12,23,1.000000,1.000000,1.000000,1.000000,0,0,0,0
37,27,12,24,1.000000,1.000000,1.000000,1.000000,0,0,0,0
38,25,12,25,1.000000,1.000000,1.000000,1.000000,0,0,0,0
39,23,12,26,1.000000,1.000000,1.000000,1.000000,0,0,0,1
40,21,12,27,1.000000,1.000000,1.000000,1.000000,0,0,0,0
41,29,13,27,1.000000,1.000000,1.000000,1.000000,0,0,0,0
42,27,13,28,1.000000,1.000000,1.000000,1.000000,0,0,0,0
43,25,13,29,1.000000,1.000000,1.000000,1.000000,0,1,0,1
44,23,13,30,1.000000,1.000000,1.000000,1.000000,0,1,0,0
45,29,14,30,1.000000,1.000000,1.000000,1.000000,0,1,0,0
46,27,14,31,1.000000,1.000000,1.000000,1.000000,1,0,0,0
47,29,15,31,1.000000,1.000000,1.000000,1.000000,1,0,0,0
48,27,15,32,1.000000,1.000000,1.000000,1.000000,0,1,0,0
49,29,16,32,1.000000,1.000000,1.000000,1.000000,0,1,0,0
50,27,16,33,1.000000,1.000000,1.000000,1.000000,1,0,0,0
51,29,17,33,1.000000,1.000000,1.000000,1.000000,1,0,0,0
52,27,17,34,1.000000,1.000000,1.000000,1.000000,0,1,0,0
53,29,18,34,1.000000,1.000000,1.000000,1.000000,0,1,0,0
54,27,18,35,1.000000,1.000000,1.000000,1.000000,1,0,0,0
55,29,19,35,1.000000,1.000000,1.000000,1.000000,1,0,0,0
56,27,19,36,1.000000,1.000000,1.000000,1.000000,1,0,0,0
57,29,20,36,1.000000,1.000000,1.000000,1.000000,1,0,0,0
58,27,20,37,1.000000,1.000000,1.000000,1.000000,0,0,0,1
59,29,21,37,1.000000,1.000000,1.000000,1.000000,0,0,0,1
60,27,21,38,1.000000,1.000000,1.000000,1.000000,0,0,0,0
61,29,22,38,1.000000,1.000000,1.000000,1.000000,0,0,0,0
62,27,22,39,1.000000,1.000000,1.000000,1.000000,0,0,0,0
63,25,22,40,1.000000,1.000000,1.000000,1.000000,0,0,0,0
64,23,22,41,1.000000,1.000000,1.000000,1.000000,0,0,0,0
65,21,22,42,1.000000,1.000000,1.000000,1.000000,0,0,0,0
66,19,22,43,1.000000,1.000000,1.000000,1.000000,0,0,0,0
67,17,22,44,1.000000,1.000000,1.000000,1.000000,1,0,0,0
68,15,22,45,1.000000,1.000000,1.000000,1.000000,0,0,0,0
69,29,23,45,1.000000,1.000000,1.000000,1.000000,0,0,0,0
70,27,23,46,1.000000,1.000000,1.000000,1.000000,0,0,0,0
71,25,23,47,1.000000,1.000000,1.000000,1.000000,0,0,0,1
72,23,23,48,1.000000,1.000000,1.000000,1.000000,0,0,1,0
73,29,24,48,1.000000,1.000000,1.000000,1.000000,1,0,1,0
74,27,24,49,1.000000,1.000000,1.000000,1.000000,0,0,0,0
75,29,25,49,1.000000,1.000000,1.000000,1.000000,0,0,0,1
76,27,25,50,1.000000,1.000000,1.000000,1.000000,0,0,0,0
77,29,26,50,1.000000,1.000000,1.000000,1.000000,0,0,0,0
78,27,26,51,1.000000,1.000000,1.000000,1.000000,0,0,0,0
79,25,26,52,1.000000,1.000000,1.000000,1.000000,0,0,0,0
80,23,26,53,1.000000,1.000000,1.000000,1.000000,0,0,0,0
81,21,26,54,1.000000,1.000000,1.000000,1.000000,0,0,0,0
82,19,26,55,1.000000,1.000000,1.000000,1.000000,0,0,0,0
83,17,26,56,1.000000,1.000000,1.000000,1.000000,1,1,0,0
84,15,26,57,1.000000,1.000000,1.000000,1.000000,0,0,0,0
85,29,27,57,1.000000,1.000000,1.000000,1.000000,0,0,0,0
86,27,27,58,1.000000,1.000000,1.000000,1.000000,0,0,0,0
87,25,27,59,1.000000,1.000000,1.000000,1.000000,0,0,0,0
88,23,27,60,1.000000,1.000000,1.000000,1.000000,0,0,0,0
89,21,27,61,1.000000,1.000000,1.000000,1.000000,0,0,0,0
90,19,27,62,1.000000,1.000000,1.000000,1.000000,0,0,1,0
91,17,27,63,1.000000,1.000000,1.000000,1.000000,0,0,0,0
92,29,28,63,1.000000,1.000000,1.000000,1.000000,0,0,0,0
93,27,28,64,1.000000,1.000000,1.000000,1.000000,0,0,0,0
94,25,28,65,1.000000,1.000000,1.000000,1.000000,0,0,0,0
95,23,28,66,1.000000,1.000000,1.000000,1.000000,0,0,0,0
96,21,28,67,1.000000,1.000000,1.000000,1.000000,0,0,0,0
97,19,28,68,1.000000,1.000000,1.000000,1.000000,0,1,0,0
98,17,28,69,1.000000,1.000000,1.000000,1.000000,0,0,0,0
99,29,29,69,1.000000,1.000000,1.000000,1.000000,0,0,0,0
100,27,29,70,1.000000,1.000000,1.000000,1.000000,0,0,1,0
101,25,29,71,1.000000,1.000000,1.000000,1.000000,0,0,0,0
102,29,30,71,1.000000,1.000000,1.000000,1.000000,0,0,0,0
103,27,30,72,1.000000,1.000000,1.000000,1.000000,0,0,0,0
104,25,30,73,1.000000,1.000000,1.000000,1.000000,0,0,0,0
105,23,30,74,1.000000,1.000000,1.000000,1.000000,0,0,0,0
106,21,30,75,1.000000,1.000000,1.000000,1.000000,0,0,0,0
107,19,30,76,1.000000,1.000000,1.000000,1.000000,0,0,0,0
108,17,30,77,1.000000,1.000000,1.000000,1.000000,1,0,0,0
109,15,30,78,1.000000,1.000000,1.000000,1.000000,0,0,0,0
110,29,31,78,1.000000,1.000000,1.000000,1.000000,0,0,0,0
111,27,31,79,1.000000,1.000000,1.000000,1.000000,1,0,0,0
112,25,31,80,1.000000,1.000000,1.000000,1.000000,0,0,0,0
113,29,32,80,1.000000,1.000000,1.000000,1.000000,0,0,0,0
114,27,32,81,1.000000,1.000000,1.000000,1.000000,1,0,0,0
115,25,32,82,1.000000,1.000000,1.000000,1.000000,0,0,0,0
116,29,33,82,1.000000,1.000000,1.000000,1.000000,0,0,0,0
117,27,33,83,1.000000,1.000000,1.000000,1.000000,0,0,0,0
118,25,33,84,1.000000,1.000000,1.000000,1.000000,0,0,0,0
119,23,33,85,1.000000,1.000000,1.000000,1.000000,0,0,0,0
120,21,33,86,1.000000,1.000000,1.000000,1.000000,0,0,0,0
121,19,33,87,1.000000,1.000000,1.000000,1.000000,0,0,0,0
122,17,33,88,1.000000,1.000000,1.000000,1.000000,0,0,0,0
123,15,33,89,1.000000,1.000000,1.000000,1.000000,0,0,0,0
124,13,33,90,1.000000,1.000000,1.000000,1.000000,0,0,0,0
125,11,33,91,1.000000,1.000000,1.000000,1.000000,0,0,1,0
126,9,33,92,1.000000,1.000000,1.000000,1.000000,0,0,0,0
127,29,34,92,1.000000,1.000000,1.000000,1.000000,0,0,0,0
128,27,34,93,1.000000,1.000000,1.000000,1.000000,0,1,0,0
129,25,34,94,1.000000,1.000000,1.000000,1.000000,1,0,0,0
130,23,34,95,1.000000,1.000000,1.000000,1.000000,0,0,1,0
131,21,34,96,1.000000,1.000000,1.000000,1.000000,1,0,0,0
132,29,35,96,1.000000,1.000000,1.000000,1.000000,1,0,0,0
133,27,35,97,1.000000,1.000000,1.000000,1.000000,0,0,0,0
134,29,36,97,1.000000,1.000000,1.000000,1.000000,0,0,0,0
135,27,36,98,1.000000,1.000000,1.000000,1.000000,0,1,0,0
136,25,36,99,1.000000,1.000000,1.000000,1.000000,0,1,0,0
137,29,37,99,1.000000,1.000000,1.000000,1.000000,0,1,0,0
138,27,37,100,1.000000,1.000000,1.000000,1.000000,0,0,1,0
139,29,38,100,1.000000,1.000000,1.000000,1.000000,0,0,1,0
140,27,38,101,1.000000,1.000000,1.000000,1.000000,0,0,0,0
141,29,39,101,1.000000,1.000000,1.000000,1.000000,0,0,0,0
142,27,39,102,1.000000,1.000000,1.000000,1.000000,0,0,1,0
143,25,39,103,1.000000,1.000000,1.000000,1.000000,0,0,1,0
144,29,40,103,1.000000,1.000000,1.000000,1.000000,0,0,1,0
145,27,40,104,1.000000,1.000000,1.000000,1.000000,0,0,0,1
146,29,41,104,1.000000,1.000000,1.000000,1.000000,0,0,0,1
147,27,41,105,1.000000,1.000000,1.000000,1.000000,0,0,1,0
148,29,42,105,1.000000,1.000000,1.000000,1.000000,0,0,1,0
149,27,42,106,1.000000,1.000000,1.000000,1.000000,0,0,1,0
150,29,43,106,1.000000,1.000000,1.000000,1.000000,0,0,1,0
151,27,43,107,1.000000,1.000000,1.000000,1.000000,0,0,1,0
152,29,44,107,1.000000,1.000000,1.000000,1.000000,0,0,1,0
153,27,44,108,1.000000,1.000000,1.000000,1.000000,0,1,0,0
154,29,45,108,1.000000,1.000000,1.000000,1.000000,0,1,0,0
155,27,45,109,1.000000,1.000000,1.000000,1.000000,0,0,0,0
156,29,46,109,1.000000,1.000000,1.000000,1.000000,0,0,0,0
157,27,46,110,1.000000,1.000000,1.000000,1.000000,0,1,0,0
158,25,46,111,1.000000,1.000000,1.000000,1.000000,1,0,0,0
159,23,46,112,1.000000,1.000000,1.000000,1.000000,0,0,1,0
160,29,47,112,1.000000,1.000000,1.000000,1.000000,0,0,1,0
161,27,47,113,1.000000,1.000000,1.000000,1.000000,0,0,0,0
162,29,48,113,1.000000,1.000000,1.000000,1.000000,0,0,0,0
163,27,48,114,1.000000,1.000000,1.000000,1.000000,0,1,0,0
164,25,48,115,1.000000,1.000000,1.000000,1.000000,0,0,0,0
165,29,49,115,1.000000,1.000000,1.000000,1.000000,0,0,0,0
166,27,49,116,1.000000,1.000000,1.000000,1.000000,0,0,0,0
167,25,49,117,1.000000,1.000000,1.000000,1.000000,0,0,0,0
168,23,49,118,1.000000,1.000000,1.000000,1.000000,0,0,0,0
169,21,49,119,1.000000,1.000000,1.000000,1.000000,0,0,0,0
170,19,49,120,1.000000,1.000000,1.000000,1.000000,0,0,1,1
171,17,49,121,1.000000,1.000000,1.000000,1.000000,1,0,1,0
172,29,50,121,1.000000,1.000000,1.000000,1.000000,1,0,1,0
173,27,50,122,1.000000,1.000000,1.000000,1.000000,1,0,0,0
174,29,51,122,1.000000,1.000000,1.000000,1.000000,1,0,0,0
175,27,51,123,1.000000,1.000000,1.000000,1.000000,0,1,0,0
176,29,52,123,1.000000,1.000000,1.000000,1.000000,0,1,0,0
177,27,52,124,1.000000,1.000000,1.000000,1.000000,1,0,0,0
178,29,53,124,1.000000,1.000000,1.000000,1.000000,1,0,0,0
179,27,53,125,1.000000,1.000000,1.000000,1.000000,0,0,0,0
180,29,54,125,1.000000,1.000000,1.000000,1.000000,0,0,0,0
181,27,54,126,1.000000,1.000000,1.000000,1.000000,0,0,0,0
182,25,54,127,1.000000,1.000000,1.000000,1.000000,0,0,1,0
183,23,54,128,1.000000,1.000000,1.000000,1.000000,0,0,1,0
184,29,55,128,1.000000,1.000000,1.000000,1.000000,0,0,1,0
185,27,55,129,1.000000,1.000000,1.000000,1.000000,0,0,0,0
186,29,56,129,1.000000,1.000000,1.000000,1.000000,0,0,0,0
187,27,56,130,1.000000,1.000000,1.000000,1.000000,0,0,1,0
188,25,56,131,1.000000,1.000000,1.000000,1.000000,0,0,0,0
189,29,57,131,1.000000,1.000000,1.000000,1.000000,0,0,0,0
190,27,57,132,1.000000,1.000000,1.000000,1.000000,0,1,0,0
191,25,57,133,1.000000,1.000000,1.000000,1.000000,0,0,0,0
192,29,58,133,1.000000,1.000000,1.000000,1.000000,0,0,0,0
193,27,58,134,1.000000,1.000000,1.000000,1.000000,0,0,0,0
194,25,58,135,1.000000,1.000000,1.000000,1.000000,0,0,0,0
195,23,58,136,1.000000,1.000000,1.000000,1.000000,0,0,0,0
196,21,58,137,1.000000,1.000000,1.000000,1.000000,0,0,0,0
197,19,58,138,1.000000,1.000000,1.000000,1.000000,0,0,0,0
198,17,58,139,1.000000,1.000000,1.000000,1.000000,0,0,0,1
199,15,58,140,1.000000,1.000000,1.000000,1.000000,0,0,0,0
200,29,59,140,1.000000,1.000000,1.000000,1.000000,0,0,1,0
201,27,59,141,1.000000,1.000000,1.000000,1.000000,0,0,0,0
202,29,60,141,1.000000,1.000000,1.000000,1.000000,0,0,0,0
203,27,60,142,1.000000,1.000000,1.000000,1.000000,0,0,1,0
204,25,60,143,1.000000,1.000000,1.000000,1.000000,0,0,0,0
205,29,61,143,1.000000,1.000000,1.000000,1.000000,0,0,0,0
206,27,61,144,1.000000,1.000000,1.000000,1.000000,0,0,0,1
207,25,61,145,1.000000,1.000000,1.000000,1.000000,0,0,0,1
208,29,62,145,1.000000,1.000000,1.000000,1.000000,0,0,0,1
209,27,62,146,1.000000,1.000000,1.000000,1.000000,1,0,0,0
210,29,63,146,1.000000,1.000000,1.000000,1.000000,1,0,0,0
211,27,63,147,1.000000,1.000000,1.000000,1.000000,1,0,0,0
212,29,64,147,1.000000,1.000000,1.000000,1.000000,1,0,0,0
213,27,64,148,1.000000,1.000000,1.000000,1.000000,0,0,0,0
214,25,64,149,1.000000,1.000000,1.000000,1.000000,0,0,0,0
215,23,64,150,1.000000,1.000000,1.000000,1.000000,0,0,0,0
216,21,64,151,1.000000,1.000000,1.000000,1.000000,1,0,0,0
217,19,64,152,1.000000,1.000000,1.000000,1.000000,1,0,0,0
218,29,65,152,1.000000,1.000000,1.000000,1.000000,1,0,0,0
219,27,65,153,1.000000,1.000000,1.000000,1.000000,0,1,0,0
220,29,66,153,1.000000,1.000000,1.000000,1.000000,0,1,0,0
221,27,66,154,1.000000,1.000000,1.000000,1.000000,1,0,0,0
222,29,67,154,1.000000,1.000000,1.000000,1.000000,1,0,0,0
223,27,67,155,1.000000,1.000000,1.000000,1.000000,0,0,0,0
224,29,68,155,1.000000,1.000000,1.000000,1.000000,0,0,0,0
225,27,68,156,1.000000,1.000000,1.000000,1.000000,0,0,0,0
226,25,68,157,1.000000,1.000000,1.000000,1.000000,0,0,0,0
227,23,68,158,1.000000,1.000000,1.000000,1.000000,0,0,0,0
228,21,68,159,1.000000,1.000000,1.000000,1.000000,0,1,0,0
229,19,68,160,1.000000,1.000000,1.000000,1.000000,0,0,1,0
230,29,69,160,1.000000,1.000000,1.000000,1.000000,0,0,1,0
231,27,69,161,1.000000,1.000000,1.000000,1.000000,0,0,0,0
232,29,70,161,1.000000,1.000000,1.000000,1.000000,0,0,0,0
233,27,70,162,1.000000,1.000000,1.000000,1.000000,0,0,1,1
234,25,70,163,1.000000,1.000000,1.000000,1.000000,0,0,0,1
235,29,71,163,1.000000,1.000000,1.000000,1.000000,0,0,0,1
236,27,71,164,1.000000,1.000000,1.000000,1.000000,1,0,0,0
237,29,72,164,1.000000,1.000000,1.000000,1.000000,1,0,0,0
238,27,72,165,1.000000,1.000000,1.000000,1.000000,1,0,0,0
239,29,73,165,1.000000,1.000000,1.000000,1.000000,1,0,0,0
240,27,73,166,1.000000,1.000000,1.000000,1.000000,1,0,0,0
241,25,73,167,1.000000,1.000000,1.000000,1.000000,0,1,1,0
242,29,74,167,1.000000,1.000000,1.000000,1.000000,0,1,1,0
243,27,74,168,1.000000,1.000000,1.000000,1.000000,0,0,0,0
244,29,75,168,1.000000,1.000000,1.000000,1.000000,0,0,0,0
245,27,75,169,1.000000,1.000000,1.000000,1.000000,1,1,0,0
246,25,75,170,1.000000,1.000000,1.000000,1.000000,1,0,0,0
247,23,75,171,1.000000,1.000000,1.000000,1.000000,0,0,1,0
248,21,75,172,1.000000,1.000000,1.000000,1.000000,1,0,0,0
249,29,76,172,1.000000,1.000000,1.000000,1.000000,1,0,0,0
250,27,76,173,1.000000,1.000000,1.000000,1.000000,0,0,0,0
251,29,77,173,1.000000,1.000000,1.000000,1.000000,0,0,0,0
252,27,77,174,1.000000,1.000000,1.000000,1.000000,0,0,0,0
253,25,77,175,1.000000,1.000000,1.000000,1.000000,1,0,0,0
254,23,77,176,1.000000,1.000000,1.000000,1.000000,1,0,0,0
255,29,78,176,1.000000,1.000000,1.000000,1.000000,1,0,0,0
256,27,78,177,1.000000,1.000000,1.000000,1.000000,1,0,0,0
257,25,78,178,1.000000,1.000000,1.000000,1.000000,1,1,1,1
258,29,79,178,1.000000,1.000000,1.000000,1.000000,1,1,1,1
259,27,79,179,1.000000,1.000000,1.000000,1.000000,0,0,0,0
260,29,80,179,1.000000,1.000000,1.000000,1.000000,0,0,0,0
261,27,80,180,1.000000,1.000000,1.000000,1.000000,1,0,0,0
262,25,80,181,1.000000,1.000000,1.000000,1.000000,0,0,0,1
263,29,81,181,1.000000,1.000000,1.000000,1.000000,0,0,0,1
264,27,81,182,1.000000,1.000000,1.000000,1.000000,1,0,0,0
265,29,82,182,1.000000,1.000000,1.000000,1.000000,1,0,0,0
266,27,82,183,1.000000,1.000000,1.000000,1.000000,1,0,0,1
267,29,83,183,1.000000,1.000000,1.000000,1.000000,1,0,0,1
268,27,83,184,1.000000,1.000000,1.000000,1.000000,0,0,0,1
269,29,84,184,1.000000,1.000000,1.000000,1.000000,0,0,0,1
270,27,84,185,1.000000,1.000000,1.000000,1.000000,0,0,1,0
271,29,85,185,1.000000,1.000000,1.000000,1.000000,0,0,1,0
272,27,85,186,1.000000,1.000000,1.000000,1.000000,0,0,0,0
273,29,86,186,1.000000,1.000000,1.000000,1.000000,0,0,0,0
274,27,86,187,1.000000,1.000000,1.000000,1.000000,0,0,0,0
275,25,86,188,1.000000,1.000000,1.000000,1.000000,0,0,0,0
276,23,86,189,1.000000,1.000000,1.000000,1.000000,0,0,0,0
277,21,86,190,1.000000,1.000000,1.000000,1.000000,0,0,0,0
278,19,86,191,1.000000,1.000000,1.000000,1.000000,0,0,0,1
279,17,86,192,1.000000,1.000000,1.000000,1.000000,0,0,0,0
280,29,87,192,1.000000,1.000000,1.000000,1.000000,0,0,0,0
281,27,87,193,1.000000,1.000000,1.000000,1.000000,0,0,0,1
282,25,87,194,1.000000,1.000000,1.000000,1.000000,0,0,0,0
283,29,88,194,1.000000,1.000000,1.000000,1.000000,0,0,0,0
284,27,88,195,1.000000,1.000000,1.000000,1.000000,0,0,0,0
285,25,88,196,1.000000,1.000000,1.000000,1.000000,0,0,1,0
286,23,88,197,1.000000,1.000000,1.000000,1.000000,0,0,1,0
287,29,89,197,1.000000,1.000000,1.000000,1.000000,0,0,1,0
288,27,89,198,1.000000,1.000000,1.000000,1.000000,0,0,0,0
289,29,90,198,1.000000,1.000000,1.000000,1.000000,0,0,0,0
290,27,90,199,1.000000,1.000000,1.000000,1.000000,0,0,0,0
291,25,90,200,1.000000,1.000000,1.000000,1.000000,0,1,1,0
292,23,90,201,1.000000,1.000000,1.000000,1.000000,0,0,0,0
293,29,91,201,1.000000,1.000000,1.000000,1.000000,0,0,0,0
294,27,91,202,1.000000,1.000000,1.000000,1.000000,1,0,1,0
295,25,91,203,1.000000,1.000000,1.000000,1.000000,0,0,0,0
296,29,92,203,1.000000,1.000000,1.000000,1.000000,0,0,0,0
297,27,92,204,1.000000,1.000000,1.000000,1.000000,0,0,1,0
298,25,92,205,1.000000,1.000000,1.000000,1.000000,0,0,0,0
299,29,93,205,1.000000,1.000000,1.000000,1.000000,0,0,0,0
300,27,93,206,1.000000,1.000000,1.000000,1.000000,0,0,1,0
301,25,93,207,1.000000,1.000000,1.000000,1.000000,0,0,1,1
302,29,94,207,1.000000,1.000000,1.000000,1.000000,0,0,1,1
303,27,94,208,1.000000,1.000000,1.000000,1.000000,0,0,0,0
304,29,95,208,1.000000,1.000000,1.000000,1.000000,0,0,0,0
305,27,95,209,1.000000,1.000000,1.000000,1.000000,0,0,0,0
306,25,95,210,1.000000,1.000000,1.000000,1.000000,0,0,0,0
307,23,95,211,1.000000,1.000000,1.000000,1.000000,0,0,0,0
308,21,95,212,1.000000,1.000000,1.000000,1.000000,1,0,0,0
309,19,95,213,1.000000,1.000000,1.000000,1.000000,0,0,0,0
310,29,96,213,1.000000,1.000000,1.000000,1.000000,0,0,0,0
311,27,96,214,1.000000,1.000000,1.000000,1.000000,1,0,0,0
312,25,96,215,1.000000,1.000000,1.000000,1.000000,0,1,0,0
313,23,96,216,1.000000,1.000000,1.000000,1.000000,1,0,1,0
314,29,97,216,1.000000,1.000000,1.000000,1.000000,1,0,1,0
315,27,97,217,1.000000,1.000000,1.000000,1.000000,0,1,0,0
316,29,98,217,1.000000,1.000000,1.000000,1.000000,0,1,0,0
317,27,98,218,1.000000,1.000000,1.000000,1.000000,1,0,0,0
318,29,99,218,1.000000,1.000000,1.000000,1.000000,1,0,0,0
319,27,99,219,1.000000,1.000000,1.000000,1.000000,0,0,0,0
320,29,100,219,1.000000,1.000000,1.000000,1.000000,0,0,0,0
321,27,100,220,1.000000,1.000000,1.000000,1.000000,0,0,0,0
322,25,100,221,1.000000,1.000000,1.000000,1.000000,0,0,0,0
323,23,100,222,1.000000,1.000000,1.000000,1.000000,0,0,1,0
324,21,100,223,1.000000,1.000000,1.000000,1.000000,0,1,0,0
325,19,100,224,1.000000,1.000000,1.000000,1.000000,0,0,1,0
326,29,101,224,1.000000,1.000000,1.000000,1.000000,0,0,1,0
327,27,101,225,1.000000,1.000000,1.000000,1.000000,0,0,0,0
328,29,102,225,1.000000,1.000000,1.000000,1.000000,0,0,0,0
329,27,102,226,1.000000,1.000000,1.000000,1.000000,0,0,0,0
330,25,102,227,1.000000,1.000000,1.000000,1.000000,0,0,0,0
331,23,102,228,1.000000,1.000000,1.000000,1.000000,0,0,1,0
332,21,102,229,1.000000,1.000000,1.000000,1.000000,0,0,0,0
333,29,103,229,1.000000,1.000000,1.000000,1.000000,0,0,0,0
334,27,103,230,1.000000,1.000000,1.000000,1.000000,0,0,0,1
335,25,103,231,1.000000,1.000000,1.000000,1.000000,0,0,0,0
336,23,103,232,1.000000,1.000000,1.000000,1.000000,0,0,0,0
337,21,103,233,1.000000,1.000000,1.000000,1.000000,0,0,0,0
338,19,103,234,1.000000,1.000000,1.000000,1.000000,0,0,0,0
339,17,103,235,1.000000,1.000000,1.000000,1.000000,0,0,0,0
340,15,103,236,1.000000,1.000000,1.000000,1.000000,0,0,0,0
341,13,103,237,1.000000,1.000000,1.000000,1.000000,0,0,0,0
342,11,103,238,1.000000,1.000000,1.000000,1.000000,0,0,0,0
343,9,103,239,1.000000,1.000000,1.000000,1.000000,0,1,0,0
344,7,103,240,1.000000,1.000000,1.000000,1.000000,0,0,0,0
345,29,104,240,1.000000,1.000000,1.000000,1.000000,0,0,0,0
346,27,104,241,1.000000,1.000000,1.000000,1.000000,0,0,0,0
347,25,104,242,1.000000,1.000000,1.000000,1.000000,1,0,0,0
348,23,104,243,1.000000,1.000000,1.000000,1.000000,0,0,1,0
349,21,104,244,1.000000,1.000000,1.000000,1.000000,0,0,0,0
350,29,105,244,1.000000,1.000000,1.000000,1.000000,0,0,0,0
351,27,105,245,1.000000,1.000000,1.000000,1.000000,0,0,0,0
352,25,105,246,1.000000,1.000000,1.000000,1.000000,0,0,0,0
353,23,105,247,1.000000,1.000000,1.000000,1.000000,0,0,0,0
354,21,105,248,1.000000,1.000000,1.000000,1.000000,1,0,0,0
355,19,105,249,1.000000,1.000000,1.000000,1.000000,0,1,0,0
356,29,106,249,1.000000,1.000000,1.000000,1.000000,0,1,0,0
357,27,106,250,1.000000,1.000000,1.000000,1.000000,0,1,0,0
358,29,107,250,1.000000,1.000000,1.000000,1.000000,0,1,0,0
359,27,107,251,1.000000,1.000000,1.000000,1.000000,0,1,0,0
360,25,107,252,1.000000,1.000000,1.000000,1.000000,1,0,0,0
361,29,108,252,1.000000,1.000000,1.000000,1.000000,1,0,0,0
362,27,108,253,1.000000,1.000000,1.000000,1.000000,0,0,0,0
363,29,109,253,1.000000,1.000000,1.000000,1.000000,0,0,0,0
364,27,109,254,1.000000,1.000000,1.000000,1.000000,0,0,0,0
365,25,109,255,1.000000,1.000000,1.000000,1.000000,0,0,0,0
366,23,109,256,1.000000,1.000000,1.000000,1.000000,0,1,0,1
367,21,109,257,1.000000,1.000000,1.000000,1.000000,1,0,0,0
368,29,110,257,1.000000,1.000000,1.000000,1.000000,1,0,0,0
369,27,110,258,1.000000,1.000000,1.000000,1.000000,1,0,0,0
370,29,111,258,1.000000,1.000000,1.000000,1.000000,1,0,0,0
371,27,111,259,1.000000,1.000000,1.000000,1.000000,0,0,0,0
372,25,111,260,1.000000,1.000000,1.000000,1.000000,0,1,0,0
373,23,111,261,1.000000,1.000000,1.000000,1.000000,1,1,0,0
374,29,112,261,1.000000,1.000000,1.000000,1.000000,1,1,0,0
375,27,112,262,1.000000,1.000000,1.000000,1.000000,0,0,0,0
376,29,113,262,1.000000,1.000000,1.000000,1.000000,0,0,0,0
377,27,113,263,1.000000,1.000000,1.000000,1.000000,0,1,0,0
378,25,113,264,1.000000,1.000000,1.000000,1.000000,0,0,0,0
379,29,114,264,1.000000,1.000000,1.000000,1.000000,0,0,0,0
380,27,114,265,1.000000,1.000000,1.000000,1.000000,0,0,0,0
381,25,114,266,1.000000,1.000000,1.000000,1.000000,0,0,0,0
382,23,114,267,1.000000,1.000000,1.000000,1.000000,1,0,0,0
383,21,114,268,1.000000,1.000000,1.000000,1.000000,0,0,0,0
384,29,115,268,1.000000,1.000000,1.000000,1.000000,0,0,0,0
385,27,115,269,1.000000,1.000000,1.000000,1.000000,0,1,0,0
386,25,115,270,1.000000,1.000000,1.000000,1.000000,0,1,0,0
387,29,116,270,1.000000,1.000000,1.000000,1.000000,0,1,0,0
388,27,116,271,1.000000,1.000000,1.000000,1.000000,0,0,0,0
389,29,117,271,1.000000,1.000000,1.000000,1.000000,0,0,0,0
390,27,117,272,1.000000,1.000000,1.000000,1.000000,0,0,0,0
391,25,117,273,1.000000,1.000000,1.000000,1.000000,0,0,1,0
392,23,117,274,1.000000,1.000000,1.000000,1.000000,0,0,0,0
393,21,117,275,1.000000,1.000000,1.000000,1.000000,0,0,1,1
394,19,117,276,1.000000,1.000000,1.000000,1.000000,0,0,1,0
395,29,118,276,1.000000,1.000000,1.000000,1.000000,0,0,1,0
396,27,118,277,1.000000,1.000000,1.000000,1.000000,0,1,1,0
397,29,119,277,1.000000,1.000000,1.000000,1.000000,0,1,1,0
398,27,119,278,1.000000,1.000000,1.000000,1.000000,0,0,1,0
399,29,120,278,1.000000,1.000000,1.000000,1.000000,0,0,1,0
400,27,120,279,1.000000,1.000000,1.000000,1.000000,0,0,0,0
401,25,120,280,1.000000,1.000000,1.000000,1.000000,0,0,0,0
402,23,120,281,1.000000,1.000000,1.000000,1.000000,0,0,0,0
403,21,120,282,1.000000,1.000000,1.000000,1.000000,0,0,0,0
404,19,120,283,1.000000,1.000000,1.000000,1.000000,0,0,0,1
405,17,120,284,1.000000,1.000000,1.000000,1.000000,0,0,1,0
406,29,121,284,1.000000,1.000000,1.000000,1.000000,0,0,1,0
407,27,121,285,1.000000,1.000000,1.000000,1.000000,0,0,0,0
408,25,121,286,1.000000,1.000000,1.000000,1.000000,0,0,0,0
409,23,121,287,1.000000,1.000000,1.000000,1.000000,0,0,0,0
410,21,121,288,1.000000,1.000000,1.000000,1.000000,0,0,0,0
411,19,121,289,1.000000,1.000000,1.000000,1.000000,0,0,0,0
412,17,121,290,1.000000,1.000000,1.000000,1.000000,1,0,0,0
413,15,121,291,1.000000,1.000000,1.000000,1.000000,0,0,0,0
414,29,122,291,1.000000,1.000000,1.000000,1.000000,0,0,0,0
415,27,122,292,1.000000,1.000000,1.000000,1.000000,0,0,0,0
416,25,122,293,1.000000,1.000000,1.000000,1.000000,0,0,0,0
417,23,122,294,1.000000,1.000000,1.000000,1.000000,0,0,0,0
418,21,122,295,1.000000,1.000000,1.000000,1.000000,0,0,0,0
419,19,122,296,1.000000,1.000000,1.000000,1.000000,0,0,0,0
420,17,122,297,1.000000,1.000000,1.000000,1.000000,0,0,1,1
421,15,122,298,1.000000,1.000000,1.000000,1.000000,0,0,1,0
422,29,123,298,1.000000,1.000000,1.000000,1.000000,0,0,1,0
423,27,123,299,1.000000,1.000000,1.000000,1.000000,0,0,0,0
424,29,124,299,1.000000,1.000000,1.000000,1.000000,0,0,0,0
425,27,124,300,1.000000,1.000000,1.000000,1.000000,0,0,1,0
426,25,124,301,1.000000,1.000000,1.000000,1.000000,0,0,0,0
427,23,124,302,1.000000,1.000000,1.000000,1.000000,0,0,0,0
428,21,124,303,1.000000,1.000000,1.000000,1.000000,0,0,0,0
429,19,124,304,1.000000,1.000000,1.000000,1.000000,0,0,1,0
430,17,124,305,1.000000,1.000000,1.000000,1.000000,0,0,0,0
431,29,125,305,1.000000,1.000000,1.000000,1.000000,0,0,0,0
432,27,125,306,1.000000,1.000000,1.000000,1.000000,0,0,0,1
433,25,125,307,1.000000,1.000000,1.000000,1.000000,0,0,0,0
434,29,126,307,1.000000,1.000000,1.000000,1.000000,0,0,0,0
435,27,126,308,1.000000,1.000000,1.000000,1.000000,0,0,0,1
436,25,126,309,1.000000,1.000000,1.000000,1.000000,0,0,0,1
437,29,127,309,1.000000,1.000000,1.000000,1.000000,0,0,0,1
438,27,127,310,1.000000,1.000000,1.000000,1.000000,1,0,0,0
439,25,127,311,1.000000,1.000000,1.000000,1.000000,1,0,1,0
440,23,127,312,1.000000,1.000000,1.000000,1.000000,1,0,0,0
441,29,128,312,1.000000,1.000000,1.000000,1.000000,1,0,0,0
442,27,128,313,1.000000,1.000000,1.000000,1.000000,1,0,0,0
443,25,128,314,1.000000,1.000000,1.000000,1.000000,1,0,1,0
444,29,129,314,1.000000,1.000000,1.000000,1.000000,1,0,1,0
445,27,129,315,1.000000,1.000000,1.000000,1.000000,0,1,0,0
446,29,130,315,1.000000,1.000000,1.000000,1.000000,0,1,0,0
447,27,130,316,1.000000,1.000000,1.000000,1.000000,1,0,0,0
448,29,131,316,1.000000,1.000000,1.000000,1.000000,1,0,0,0
449,27,131,317,1.000000,1.000000,1.000000,1.000000,0,1,0,0
450,25,131,318,1.000000,1.000000,1.000000,1.000000,0,0,1,0
451,29,132,318,1.000000,1.000000,1.000000,1.000000,0,0,1,0
452,27,132,319,1.000000,1.000000,1.000000,1.000000,0,0,0,0
453,29,133,319,1.000000,1.000000,1.000000,1.000000,0,0,0,0
454,27,133,320,1.000000,1.000000,1.000000,1.000000,0,0,1,0
455,25,133,321,1.000000,1.000000,1.000000,1.000000,0,0,0,0
456,29,134,321,1.000000,1.000000,1.000000,1.000000,0,0,0,0
457,27,134,322,1.000000,1.000000,1.000000,1.000000,0,0,0,1
458,25,134,323,1.000000,1.000000,1.000000,1.000000,0,0,0,0
459,23,134,324,1.000000,1.000000,1.000000,1.000000,0,0,0,0
460,21,134,325,1.000000,1.000000,1.000000,1.000000,0,0,0,0
461,19,134,326,1.000000,1.000000,1.000000,1.000000,0,0,0,0
462,17,134,327,1.000000,1.000000,1.000000,1.000000,0,0,0,0
463,15,134,328,1.000000,1.000000,1.000000,1.000000,1,0,0,0
464,13,134,329,1.000000,1.000000,1.000000,1.000000,0,0,0,1
465,29,135,329,1.000000,1.000000,1.000000,1.000000,0,0,0,1
466,27,135,330,1.000000,1.000000,1.000000,1.000000,0,0,0,0
467,25,135,331,1.000000,1.000000,1.000000,1.000000,0,0,0,1
468,23,135,332,1.000000,1.000000,1.000000,1.000000,1,0,0,0
469,29,136,332,1.000000,1.000000,1.000000,1.000000,1,0,0,0
470,27,136,333,1.000000,1.000000,1.000000,1.000000,1,0,0,0
471,29,137,333,1.000000,1.000000,1.000000,1.000000,1,0,0,0
472,27,137,334,1.000000,1.000000,1.000000,1.000000,1,0,0,0
473,25,137,335,1.000000,1.000000,1.000000,1.000000,0,1,1,0
474,29,138,335,1.000000,1.000000,1.000000,1.000000,0,1,1,0
475,27,138,336,1.000000,1.000000,1.000000,1.000000,0,0,0,0
476,29,139,336,1.000000,1.000000,1.000000,1.000000,0,0,0,0
477,27,139,337,1.000000,1.000000,1.000000,1.000000,0,0,0,0
478,25,139,338,1.000000,1.000000,1.000000,1.000000,0,0,0,0
479,23,139,339,1.000000,1.000000,1.000000,1.000000,0,0,0,0
480,21,139,340,1.000000,1.000000,1.000000,1.000000,0,1,0,0
481,19,139,341,1.000000,1.000000,1.000000,1.000000,0,0,1,0
482,17,139,342,1.000000,1.000000,1.000000,1.000000,0,0,0,0
483,29,140,342,1.000000,1.000000,1.000000,1.000000,0,0,0,0
484,27,140,343,1.000000,1.000000,1.000000,1.000000,0,0,0,0
485,25,140,344,1.000000,1.000000,1.000000,1.000000,0,0,0,1
486,23,140,345,1.000000,1.000000,1.000000,1.000000,1,0,0,1
487,29,141,345,1.000000,1.000000,1.000000,1.000000,1,0,0,1
488,27,141,346,1.000000,1.000000,1.000000,1.000000,0,0,1,0
489,29,142,346,1.000000,1.000000,1.000000,1.000000,0,0,1,0
490,27,142,347,1.000000,1.000000,1.000000,1.000000,0,0,0,1
491,29,143,347,1.000000,1.000000,1.000000,1.000000,0,0,0,1
492,27,143,348,1.000000,1.000000,1.000000,1.000000,0,0,1,0
493,29,144,348,1.000000,1.000000,1.000000,1.000000,0,0,1,0
494,27,144,349,1.000000,1.000000,1.000000,1.000000,0,0,0,1
495,29,145,349,1.000000,1.000000,1.000000,1.000000,0,0,0,1
496,27,145,350,1.000000,1.000000,1.000000,1.000000,0,0,0,0
497,29,146,350,1.000000,1.000000,1.000000,1.000000,0,0,0,0
498,27,146,351,1.000000,1.000000,1.000000,1.000000,0,0,0,1
499,25,146,352,1.000000,1.000000,1.000000,1.000000,0,0,0,1
500,29,147,352,1.000000,1.000000,1.000000,1.000000,0,0,0,1
501,27,147,353,1.000000,1.000000,1.000000,1.000000,0,0,1,0
502,29,148,353,1.000000,1.000000,1.000000,1.000000,0,0,1,0
503,27,148,354,1.000000,1.000000,1.000000,1.000000,0,0,1,1
504,29,149,354,1.000000,1.000000,1.000000,1.000000,0,0,1,1
505,27,149,355,1.000000,1.000000,1.000000,1.000000,0,0,0,0
506,29,150,355,1.000000,1.000000,1.000000,1.000000,0,0,0,0
507,27,150,356,1.000000,1.000000,1.000000,1.000000,0,1,0,0
508,25,150,357,1.000000,1.000000,1.000000,1.000000,0,0,0,0
509,23,150,358,1.000000,1.000000,1.000000,1.000000,0,1,0,0
510,21,150,359,1.000000,1.000000,1.000000,1.000000,0,0,0,0
511,29,151,359,1.000000,1.000000,1.000000,1.000000,0,0,0,0
512,27,151,360,1.000000,1.000000,1.000000,1.000000,0,1,1,0
513,25,151,361,1.000000,1.000000,1.000000,1.000000,0,0,0,0
514,29,152,361,1.000000,1.000000,1.000000,1.000000,0,0,0,0
515,27,152,362,1.000000,1.000000,1.000000,1.000000,0,0,1,0
516,25,152,363,1.000000,1.000000,1.000000,1.000000,0,0,0,0
517,29,153,363,1.000000,1.000000,1.000000,1.000000,0,0,0,0
518,27,153,364,1.000000,1.000000,1.000000,1.000000,0,0,0,0
519,25,153,365,1.000000,1.000000,1.000000,1.000000,0,0,0,0
520,23,153,366,1.000000,1.000000,1.000000,1.000000,0,0,0,0
521,21,153,367,1.000000,1.000000,1.000000,1.000000,0,0,0,0
522,19,153,368,1.000000,1.000000,1.000000,1.000000,0,1,0,0
523,17,153,369,1.000000,1.000000,1.000000,1.000000,1,1,0,0
524,29,154,369,1.000000,1.000000,1.000000,1.000000,1,1,0,0
525,27,154,370,1.000000,1.000000,1.000000,1.000000,0,0,0,0
526,29,155,370,1.000000,1.000000,1.000000,1.000000,0,0,0,0
527,27,155,371,1.000000,1.000000,1.000000,1.000000,0,0,0,1
528,25,155,372,1.000000,1.000000,1.000000,1.000000,0,0,0,0
529,29,156,372,1.000000,1.000000,1.000000,1.000000,0,0,0,0
530,27,156,373,1.000000,1.000000,1.000000,1.000000,0,0,0,0
531,25,156,374,1.000000,1.000000,1.000000,1.000000,0,0,0,0
532,23,156,375,1.000000,1.000000,1.000000,1.000000,1,0,0,0
533,21,156,376,1.000000,1.000000,1.000000,1.000000,0,0,0,0
534,29,157,376,1.000000,1.000000,1.000000,1.000000,0,0,0,0
535,27,157,377,1.000000,1.000000,1.000000,1.000000,1,0,0,0
536,25,157,378,1.000000,1.000000,1.000000,1.000000,1,1,0,0
537,29,158,378,1.000000,1.000000,1.000000,1.000000,1,1,0,0
538,27,158,379,1.000000,1.000000,1.000000,1.000000,0,0,0,0
539,29,159,379,1.000000,1.000000,1.000000,1.000000,0,0,0,0
540,27,159,380,1.000000,1.000000,1.000000,1.000000,1,0,0,0
541,25,159,381,1.000000,1.000000,1.000000,1.000000,1,0,0,0
542,29,160,381,1.000000,1.000000,1.000000,1.000000,1,0,0,0
543,27,160,382,1.000000,1.000000,1.000000,1.000000,1,0,0,0
544,25,160,383,1.000000,1.000000,1.000000,1.000000,0,1,1,0
545,29,161,383,1.000000,1.000000,1.000000,1.000000,0,1,1,0
546,27,161,384,1.000000,1.000000,1.000000,1.000000,0,0,0,0
547,29,162,384,1.000000,1.000000,1.000000,1.000000,0,0,0,0
548,27,162,385,1.000000,1.000000,1.000000,1.000000,1,1,0,0
549,25,162,386,1.000000,1.000000,1.000000,1.000000,1,0,0,0
550,29,163,386,1.000000,1.000000,1.000000,1.000000,1,0,0,0
551,27,163,387,1.000000,1.000000,1.000000,1.000000,0,0,0,0
552,29,164,387,1.000000,1.000000,1.000000,1.000000,0,0,0,0
553,27,164,388,1.000000,1.000000,1.000000,1.000000,0,0,0,0
554,25,164,389,1.000000,1.000000,1.000000,1.000000,0,0,0,0
555,23,164,390,1.000000,1.000000,1.000000,1.000000,0,0,0,0
556,21,164,391,1.000000,1.000000,1.000000,1.000000,0,1,0,0
557,19,164,392,1.000000,1.000000,1.000000,1.000000,0,0,1,0
558,17,164,393,1.000000,1.000000,1.000000,1.000000,1,0,0,0
559,15,164,394,1.000000,1.000000,1.000000,1.000000,0,0,1,0
560,29,165,394,1.000000,1.000000,1.000000,1.000000,0,0,1,0
561,27,165,395,1.000000,1.000000,1.000000,1.000000,0,0,0,0
562,29,166,395,1.000000,1.000000,1.000000,1.000000,0,0,0,0
563,27,166,396,1.000000,1.000000,1.000000,1.000000,0,1,0,1
564,25,166,397,1.000000,1.000000,1.000000,1.000000,0,0,0,0
565,29,167,397,1.000000,1.000000,1.000000,1.000000,0,0,0,0
566,27,167,398,1.000000,1.000000,1.000000,1.000000,0,0,0,0
567,25,167,399,1.000000,1.000000,1.000000,1.000000,0,0,0,0
568,23,167,400,1.000000,1.000000,1.000000,1.000000,0,0,0,0
569,21,167,401,1.000000,1.000000,1.000000,1.000000,0,0,0,0
570,19,167,402,1.000000,1.000000,1.000000,1.000000,0,0,0,0
571,17,167,403,1.000000,1.000000,1.000000,1.000000,0,0,0,0
572,15,167,404,1.000000,1.000000,1.000000,1.000000,0,0,0,0
573,13,167,405,1.000000,1.000000,1.000000,1.000000,0,0,0,0
574,11,167,406,1.000000,1.000000,1.000000,1.000000,0,0,0,0
575,9,167,407,1.000000,1.000000,1.000000,1.000000,0,0,0,0
576,7,167,408,1.000000,1.000000,1.000000,1.000000,0,0,1,0
577,5,167,409,1.000000,1.000000,1.000000,1.000000,0,0,0,0
578,3,167,410,1.000000,1.000000,1.000000,1.000000,1,1,0,0
579,1,167,411,1.000000,1.000000,1.000000,1.000000,0,1,0,0
580,29,168,411,1.000000,1.000000,1.000000,1.000000,0,1,0,0
581,27,168,412,1.000000,1.000000,1.000000,1.000000,1,0,0,0
582,25,168,413,1.000000,1.000000,1.000000,1.000000,0,0,0,0
583,29,169,413,1.000000,1.000000,1.000000,1.000000,0,0,0,0
584,27,169,414,1.000000,1.000000,1.000000,1.000000,0,0,0,1
585,25,169,415,1.000000,1.000000,1.000000,1.000000,0,0,0,0
586,29,170,415,1.000000,1.000000,1.000000,1.000000,0,0,0,0
587,27,170,416,1.000000,1.000000,1.000000,1.000000,0,0,0,1
588,25,170,417,1.000000,1.000000,1.000000,1.000000,1,0,0,0
589,29,171,417,1.000000,1.000000,1.000000,1.000000,1,0,0,0
590,27,171,418,1.000000,1.000000,1.000000,1.000000,0,0,0,0
591,29,172,418,1.000000,1.000000,1.000000,1.000000,0,0,0,0
592,27,172,419,1.000000,1.000000,1.000000,1.000000,0,0,0,1
593,25,172,420,1.000000,1.000000,1.000000,1.000000,1,0,0,1
594,29,173,420,1.000000,1.000000,1.000000,1.000000,1,0,0,1
595,27,173,421,1.000000,1.000000,1.000000,1.000000,0,0,1,0
596,29,174,421,1.000000,1.000000,1.000000,1.000000,0,0,1,0
597,27,174,422,1.000000,1.000000,1.000000,1.000000,0,0,1,0
598,29,175,422,1.000000,1.000000,1.000000,1.000000,0,0,1,0
599,27,175,423,1.000000,1.000000,1.000000,1.000000,0,0,0,0
600,25,175,424,1.000000,1.000000,1.000000,1.000000,0,0,0,0
601,23,175,425,1.000000,1.000000,1.000000,1.000000,0,0,0,0
602,21,175,426,1.000000,1.000000,1.000000,1.000000,1,0,0,0
603,19,175,427,1.000000,1.000000,1.000000,1.000000,0,0,0,0
604,29,176,427,1.000000,1.000000,1.000000,1.000000,0,0,0,0
605,27,176,428,1.000000,1.000000,1.000000,1.000000,0,0,0,1
606,25,176,429,1.000000,1.000000,1.000000,1.000000,1,0,0,0
607,29,177,429,1.000000,1.000000,1.000000,1.000000,1,0,0,0
608,27,177,430,1.000000,1.000000,1.000000,1.000000,0,0,0,1
609,29,178,430,1.000000,1.000000,1.000000,1.000000,0,0,0,1
610,27,178,431,1.000000,1.000000,1.000000,1.000000,0,0,0,0
611,29,179,431,1.000000,1.000000,1.000000,1.000000,0,0,0,0
612,27,179,432,1.000000,1.000000,1.000000,1.000000,0,0,0,1
613,25,179,433,1.000000,1.000000,1.000000,1.000000,0,0,1,0
614,29,180,433,1.000000,1.000000,1.000000,1.000000,0,0,1,0
615,27,180,434,1.000000,1.000000,1.000000,1.000000,0,0,0,0
616,29,181,434,1.000000,1.000000,1.000000,1.000000,0,0,0,0
617,27,181,435,1.000000,1.000000,1.000000,1.000000,0,0,0,0
618,25,181,436,1.000000,1.000000,1.000000,1.000000,0,0,1,0
619,23,181,437,1.000000,1.000000,1.000000,1.000000,0,0,0,0
620,29,182,437,1.000000,1.000000,1.000000,1.000000,0,0,0,0
621,27,182,438,1.000000,1.000000,1.000000,1.000000,0,1,0,0
622,25,182,439,1.000000,1.000000,1.000000,1.000000,0,1,1,0
623,29,183,439,1.000000,1.000000,1.000000,1.000000,0,1,1,0
624,27,183,440,1.000000,1.000000,1.000000,1.000000,1,0,0,0
625,29,184,440,1.000000,1.000000,1.000000,1.000000,1,0,0,0
626,27,184,441,1.000000,1.000000,1.000000,1.000000,0,0,0,0
627,29,185,441,1.000000,1.000000,1.000000,1.000000,0,0,0,0
628,27,185,442,1.000000,1.000000,1.000000,1.000000,0,0,0,0
629,25,185,443,1.000000,1.000000,1.000000,1.000000,1,0,0,0
630,23,185,444,1.000000,1.000000,1.000000,1.000000,1,0,0,0
631,29,186,444,1.000000,1.000000,1.000000,1.000000,1,0,0,0
632,27,186,445,1.000000,1.000000,1.000000,1.000000,1,0,0,0
633,29,187,445,1.000000,1.000000,1.000000,1.000000,1,0,0,0
634,27,187,446,1.000000,1.000000,1.000000,1.000000,1,1,0,1
635,29,188,446,1.000000,1.000000,1.000000,1.000000,1,1,0,1
636,27,188,447,1.000000,1.000000,1.000000,1.000000,0,0,0,0
637,29,189,447,1.000000,1.000000,1.000000,1.000000,0,0,0,0
638,27,189,448,1.000000,1.000000,1.000000,1.000000,0,0,0,0
639,25,189,449,1.000000,1.000000,1.000000,1.000000,0,0,0,0
640,23,189,450,1.000000,1.000000,1.000000,1.000000,1,0,0,1
641,21,189,451,1.000000,1.000000,1.000000,1.000000,0,0,0,1
642,29,190,451,1.000000,1.000000,1.000000,1.000000,0,0,0,1
643,27,190,452,1.000000,1.000000,1.000000,1.000000,1,0,0,0
644,25,190,453,1.000000,1.000000,1.000000,1.000000,1,0,1,1
645,23,190,454,1.000000,1.000000,1.000000,1.000000,1,1,0,0
646,29,191,454,1.000000,1.000000,1.000000,1.000000,1,1,0,0
647,27,191,455,1.000000,1.000000,1.000000,1.000000,0,1,0,0
648,29,192,455,1.000000,1.000000,1.000000,1.000000,0,1,0,0
649,27,192,456,1.000000,1.000000,1.000000,1.000000,0,0,1,0
650,29,193,456,1.000000,1.000000,1.000000,1.000000,0,0,1,0
651,27,193,457,1.000000,1.000000,1.000000,1.000000,0,0,1,0
652,29,194,457,1.000000,1.000000,1.000000,1.000000,0,0,1,0
653,27,194,458,1.000000,1.000000,1.000000,1.000000,0,0,0,0
654,29,195,458,1.000000,1.000000,1.000000,1.000000,0,0,0,0
655,27,195,459,1.000000,1.000000,1.000000,1.000000,0,0,1,0
656,25,195,460,1.000000,1.000000,1.000000,1.000000,0,1,0,0
657,23,195,461,1.000000,1.000000,1.000000,1.000000,0,1,0,0
658,29,196,461,1.000000,1.000000,1.000000,1.000000,0,1,0,0
659,27,196,462,1.000000,1.000000,1.000000,1.000000,1,1,1,0
660,29,197,462,1.000000,1.000000,1.000000,1.000000,1,1,1,0
661,27,197,463,1.000000,1.000000,1.000000,1.000000,0,0,0,0
662,29,198,463,1.000000,1.000000,1.000000,1.000000,0,0,0,0
663,27,198,464,1.000000,1.000000,1.000000,1.000000,1,0,1,0
664,25,198,465,1.000000,1.000000,1.000000,1.000000,0,0,1,0
665,29,199,465,1.000000,1.000000,1.000000,1.000000,0,0,1,0
666,27,199,466,1.000000,1.000000,1.000000,1.000000,0,0,0,0
667,25,199,467,1.000000,1.000000,1.000000,1.000000,0,1,0,1
668,23,199,468,1.000000,1.000000,1.000000,1.000000,0,0,0,0
669,29,200,468,1.000000,1.000000,1.000000,1.000000,0,0,0,0
670,27,200,469,1.000000,1.000000,1.000000,1.000000,0,0,0,0
671,25,200,470,1.000000,1.000000,1.000000,1.000000,0,0,0,0
672,23,200,471,1.000000,1.000000,1.000000,1.000000,0,0,0,0
673,21,200,472,1.000000,1.000000,1.000000,1.000000,1,0,0,1
674,19,200,473,1.000000,1.000000,1.000000,1.000000,0,0,1,0
675,29,201,473,1.000000,1.000000,1.000000,1.000000,0,0,1,0
676,27,201,474,1.000000,1.000000,1.000000,1.000000,0,1,0,1
677,29,202,474,1.000000,1.000000,1.000000,1.000000,0,1,0,1
678,27,202,475,1.000000,1.000000,1.000000,1.000000,0,0,0,1
679,29,203,475,1.000000,1.000000,1.000000,1.000000,0,0,0,1
680,27,203,476,1.000000,1.000000,1.000000,1.000000,1,0,0,0
681,29,204,476,1.000000,1.000000,1.000000,1.000000,1,0,0,0
682,27,204,477,1.000000,1.000000,1.000000,1.000000,1,0,0,1
683,29,205,477,1.000000,1.000000,1.000000,1.000000,1,0,0,1
684,27,205,478,1.000000,1.000000,1.000000,1.000000,1,0,0,0
685,25,205,479,1.000000,1.000000,1.000000,1.000000,0,1,1,0
686,29,206,479,1.000000,1.000000,1.000000,1.000000,0,1,1,0
687,27,206,480,1.000000,1.000000,1.000000,1.000000,0,0,0,0
688,29,207,480,1.000000,1.000000,1.000000,1.000000,0,0,0,0
689,27,207,481,1.000000,1.000000,1.000000,1.000000,0,0,0,0
690,25,207,482,1.000000,1.000000,1.000000,1.000000,1,0,0,0
691,23,207,483,1.000000,1.000000,1.000000,1.000000,1,0,0,0
692,29,208,483,1.000000,1.000000,1.000000,1.000000,1,0,0,0
693,27,208,484,1.000000,1.000000,1.000000,1.000000,0,0,0,0
694,29,209,484,1.000000,1.000000,1.000000,1.000000,0,0,0,0
695,27,209,485,1.000000,1.000000,1.000000,1.000000,0,0,0,0
696,25,209,486,1.000000,1.000000,1.000000,1.000000,0,0,0,0
697,23,209,487,1.000000,1.000000,1.000000,1.000000,1,0,0,0
698,21,209,488,1.000000,1.000000,1.000000,1.000000,0,0,0,0
699,29,210,488,1.000000,1.000000,1.000000,1.000000,0,0,0,0
700,27,210,489,1.000000,1.000000,1.000000,1.000000,0,0,0,0
701,25,210,490,1.000000,1.000000,1.000000,1.000000,0,0,0,0
702,23,210,491,1.000000,1.000000,1.000000,1.000000,0,0,0,1
703,21,210,492,1.000000,1.000000,1.000000,1.000000,0,0,0,1
704,19,210,493,1.000000,1.000000,1.000000,1.000000,0,0,1,0
705,29,211,493,1.000000,1.000000,1.000000,1.000000,0,0,1,0
706,27,211,494,1.000000,1.000000,1.000000,1.000000,0,0,0,0
707,29,212,494,1.000000,1.000000,1.000000,1.000000,0,0,0,0
708,27,212,495,1.000000,1.000000,1.000000,1.000000,0,0,0,1
709,25,212,496,1.000000,1.000000,1.000000,1.000000,0,0,0,1
710,29,213,496,1.000000,1.000000,1.000000,1.000000,0,0,0,1
711,27,213,497,1.000000,1.000000,1.000000,1.000000,0,0,0,0
712,29,214,497,1.000000,1.000000,1.000000,1.000000,0,0,0,0
713,27,214,498,1.000000,1.000000,1.000000,1.000000,0,0,0,0
714,25,214,499,1.000000,1.000000,1.000000,1.000000,0,0,0,0
715,23,214,500,1.000000,1.000000,1.000000,1.000000,0,0,0,0
716,21,214,501,1.000000,1.000000,1.000000,1.000000,0,0,0,0
717,19,214,502,1.000000,1.000000,1.000000,1.000000,1,1,0,0
718,17,214,503,1.000000,1.000000,1.000000,1.000000,1,0,0,0
719,29,215,503,1.000000,1.000000,1.000000,1.000000,1,0,0,0
720,27,215,504,1.000000,1.000000,1.000000,1.000000,0,0,0,1
721,29,216,504,1.000000,1.000000,1.000000,1.000000,0,0,0,1
722,27,216,505,1.000000,1.000000,1.000000,1.000000,0,0,0,0
723,29,217,505,1.000000,1.000000,1.000000,1.000000,0,0,0,0
724,27,217,506,1.000000,1.000000,1.000000,1.000000,0,0,0,0
725,25,217,507,1.000000,1.000000,1.000000,1.000000,0,0,0,0
726,23,217,508,1.000000,1.000000,1.000000,1.000000,0,0,0,0
727,21,217,509,1.000000,1.000000,1.000000,1.000000,0,0,0,0
728,19,217,510,1.000000,1.000000,1.000000,1.000000,0,0,0,0
729,17,217,511,1.000000,1.000000,1.000000,1.000000,1,0,0,0
730,15,217,512,1.000000,1.000000,1.000000,1.000000,0,0,0,0
731,29,218,512,1.000000,1.000000,1.000000,1.000000,0,0,0,0
732,27,218,513,1.000000,1.000000,1.000000,1.000000,1,0,0,0
733,25,218,514,1.000000,1.000000,1.000000,1.000000,0,0,0,1
734,29,219,514,1.000000,1.000000,1.000000,1.000000,0,0,0,1
735,27,219,515,1.000000,1.000000,1.000000,1.000000,0,0,0,0
736,29,220,515,1.000000,1.000000,1.000000,1.000000,0,0,0,0
737,27,220,516,1.000000,1.000000,1.000000,1.000000,1,0,0,0
738,25,220,517,1.000000,1.000000,1.000000,1.000000,0,0,0,0
739,29,221,517,1.000000,1.000000,1.000000,1.000000,0,0,0,0
740,27,221,518,1.000000,1.000000,1.000000,1.000000,0,0,0,0
741,25,221,519,1.000000,1.000000,1.000000,1.000000,0,0,0,0
742,23,221,520,1.000000,1.000000,1.000000,1.000000,0,0,1,0
743,21,221,521,1.000000,1.000000,1.000000,1.000000,0,0,0,0
744,29,222,521,1.000000,1.000000,1.000000,1.000000,0,0,0,0
745,27,222,522,1.000000,1.000000,1.000000,1.000000,0,0,0,0
746,25,222,523,1.000000,1.000000,1.000000,1.000000,0,0,0,0
747,23,222,524,1.000000,1.000000,1.000000,1.000000,0,0,0,0
748,21,222,525,1.000000,1.000000,1.000000,1.000000,0,0,0,0
749,19,222,526,1.000000,1.000000,1.000000,1.000000,0,0,0,0
750,17,222,527,1.000000,1.000000,1.000000,1.000000,0,0,0,0
751,15,222,528,1.000000,1.000000,1.000000,1.000000,0,0,0,0
752,13,222,529,1.000000,1.000000,1.000000,1.000000,0,0,0,0
753,11,222,530,1.000000,1.000000,1.000000,1.000000,0,0,0,0
754,9,222,531,1.000000,1.000000,1.000000,1.000000,0,0,1,0
755,7,222,532,1.000000,1.000000,1.000000,1.000000,0,0,0,0
756,5,222,533,1.000000,1.000000,1.000000,1.000000,0,1,1,0
757,3,222,534,1.000000,1.000000,1.000000,1.000000,0,0,0,0
758,29,223,534,1.000000,1.000000,1.000000,1.000000,0,0,0,0
759,27,223,535,1.000000,1.000000,1.000000,1.000000,0,0,0,0
760,25,223,536,1.000000,1.000000,1.000000,1.000000,0,0,0,1
761,23,223,537,1.000000,1.000000,1.000000,1.000000,0,0,0,0
762,29,224,537,1.000000,1.000000,1.000000,1.000000,0,0,0,0
763,27,224,538,1.000000,1.000000,1.000000,1.000000,0,0,0,0
764,25,224,539,1.000000,1.000000,1.000000,1.000000,0,0,1,0
765,23,224,540,1.000000,1.000000,1.000000,1.000000,0,0,0,0
766,29,225,540,1.000000,1.000000,1.000000,1.000000,0,0,0,0
767,27,225,541,1.000000,1.000000,1.000000,1.000000,0,0,0,0
768,25,225,542,1.000000,1.000000,1.000000,1.000000,0,0,0,0
769,23,225,543,1.000000,1.000000,1.000000,1.000000,0,0,0,0
770,21,225,544,1.000000,1.000000,1.000000,1.000000,0,0,0,0
771,19,225,545,1.000000,1.000000,1.000000,1.000000,0,0,0,0
772,17,225,546,1.000000,1.000000,1.000000,1.000000,0,0,0,0
773,15,225,547,1.000000,1.000000,1.000000,1.000000,0,0,0,0
774,13,225,548,1.000000,1.000000,1.000000,1.000000,0,0,0,0
775,11,225,549,1.000000,1.000000,1.000000,1.000000,0,1,0,0
776,9,225,550,1.000000,1.000000,1.000000,1.000000,0,1,0,0
777,7,225,551,1.000000,1.000000,1.000000,1.000000,0,0,0,1
778,29,226,551,1.000000,1.000000,1.000000,1.000000,0,0,0,1
779,27,226,552,1.000000,1.000000,1.000000,1.000000,0,0,0,0
780,29,227,552,1.000000,1.000000,1.000000,1.000000,0,0,0,0
781,27,227,553,1.000000,1.000000,1.000000,1.000000,1,0,0,1
782,25,227,554,1.000000,1.000000,1.000000,1.000000,0,0,0,0
783,29,228,554,1.000000,1.000000,1.000000,1.000000,0,0,0,0
784,27,228,555,1.000000,1.000000,1.000000,1.000000,0,0,0,1
785,25,228,556,1.000000,1.000000,1.000000,1.000000,0,0,0,0
786,29,229,556,1.000000,1.000000,1.000000,1.000000,0,0,0,0
787,27,229,557,1.000000,1.000000,1.000000,1.000000,0,0,0,0
788,25,229,558,1.000000,1.000000,1.000000,1.000000,0,0,0,0
789,23,229,559,1.000000,1.000000,1.000000,1.000000,0,0,0,0
790,21,229,560,1.000000,1.000000,1.000000,1.000000,0,0,0,0
791,19,229,561,1.000000,1.000000,1.000000,1.000000,0,0,0,0
792,17,229,562,1.000000,1.000000,1.000000,1.000000,0,0,0,0
793,15,229,563,1.000000,1.000000,1.000000,1.000000,0,0,0,0
794,13,229,564,1.000000,1.000000,1.000000,1.000000,0,1,1,0
795,11,229,565,1.000000,1.000000,1.000000,1.000000,0,0,0,1
796,9,229,566,1.000000,1.000000,1.000000,1.000000,0,1,0,0
797,29,230,566,1.000000,1.000000,1.000000,1.000000,0,1,0,0
798,27,230,567,1.000000,1.000000,1.000000,1.000000,0,0,0,0
799,29,231,567,1.000000,1.000000,1.000000,1.000000,0,0,0,0
800,27,231,568,1.000000,1.000000,1.000000,1.000000,0,0,0,0
801,25,231,569,1.000000,1.000000,1.000000,1.000000,0,0,0,0
802,23,231,570,1.000000,1.000000,1.000000,1.000000,0,0,0,1
803,21,231,571,1.000000,1.000000,1.000000,1.000000,0,0,0,0
804,29,232,571,1.000000,1.000000,1.000000,1.000000,0,0,0,0
805,27,232,572,1.000000,1.000000,1.000000,1.000000,0,0,0,0
806,25,232,573,1.000000,1.000000,1.000000,1.000000,0,0,0,0
807,23,232,574,1.000000,1.000000,1.000000,1.000000,0,0,0,0
808,21,232,575,1.000000,1.000000,1.000000,1.000000,0,0,0,0
809,19,232,576,1.000000,1.000000,1.000000,1.000000,0,0,0,0
810,17,232,577,1.000000,1.000000,1.000000,1.000000,0,0,0,0
811,15,232,578,1.000000,1.000000,1.000000,1.000000,0,0,1,0
812,13,232,579,1.000000,1.000000,1.000000,1.000000,0,0,1,0
813,11,232,580,1.000000,1.000000,1.000000,1.000000,1,0,0,0
814,9,232,581,1.000000,1.000000,1.000000,1.000000,0,0,1,0
815,29,233,581,1.000000,1.000000,1.000000,1.000000,0,0,1,0
816,27,233,582,1.000000,1.000000,1.000000,1.000000,0,0,0,0
817,29,234,582,1.000000,1.000000,1.000000,1.000000,0,0,0,0
818,27,234,583,1.000000,1.000000,1.000000,1.000000,0,0,0,1
819,25,234,584,1.000000,1.000000,1.000000,1.000000,0,0,0,0
820,23,234,585,1.000000,1.000000,1.000000,1.000000,0,0,0,0
821,21,234,586,1.000000,1.000000,1.000000,1.000000,0,1,0,0
822,19,234,587,1.000000,1.000000,1.000000,1.000000,0,1,0,0
823,29,235,587,1.000000,1.000000,1.000000,1.000000,0,1,0,0
824,27,235,588,1.000000,1.000000,1.000000,1.000000,0,0,0,0
825,29,236,588,1.000000,1.000000,1.000000,1.000000,0,0,0,0
826,27,236,589,1.000000,1.000000,1.000000,1.000000,0,0,0,0
827,25,236,590,1.000000,1.000000,1.000000,1.000000,0,0,0,0
828,23,236,591,1.000000,1.000000,1.000000,1.000000,0,0,0,0
829,21,236,592,1.000000,1.000000,1.000000,1.000000,0,0,0,1
830,19,236,593,1.000000,1.000000,1.000000,1.000000,0,0,0,0
831,29,237,593,1.000000,1.000000,1.000000,1.000000,0,0,1,0
832,27,237,594,1.000000,1.000000,1.000000,1.000000,0,0,0,0
833,29,238,594,1.000000,1.000000,1.000000,1.000000,0,0,0,0
834,27,238,595,1.000000,1.000000,1.000000,1.000000,0,0,0,1
835,25,238,596,1.000000,1.000000,1.000000,1.000000,0,0,0,0
836,29,239,596,1.000000,1.000000,1.000000,1.000000,0,0,0,0
837,27,239,597,1.000000,1.000000,1.000000,1.000000,0,0,0,0
838,25,239,598,1.000000,1.000000,1.000000,1.000000,0,0,0,0
839,23,239,599,1.000000,1.000000,1.000000,1.000000,0,0,0,0
840,21,239,600,1.000000,1.000000,1.000000,1.000000,0,0,0,0
841,19,239,601,1.000000,1.000000,1.000000,1.000000,0,0,0,0
842,17,239,602,1.000000,1.000000,1.000000,1.000000,0,0,0,0
843,15,239,603,1.000000,1.000000,1.000000,1.000000,0,0,0,0
844,13,239,604,1.000000,1.000000,1.000000,1.000000,0,0,0,0
845,11,239,605,1.000000,1.000000,1.000000,1.000000,1,0,0,0
846,9,239,606,1.000000,1.000000,1.000000,1.000000,0,0,0,0
847,7,239,607,1.000000,1.000000,1.000000,1.000000,0,0,0,0
848,5,239,608,1.000000,1.000000,1.000000,1.000000,0,0,0,0
849,3,239,609,1.000000,1.000000,1.000000,1.000000,0,1,0,0
850,1,239,610,1.000000,1.000000,1.000000,1.000000,0,1,1,0
851,29,240,610,1.000000,1.000000,1.000000,1.000000,0,1,1,0
852,27,240,611,1.000000,1.000000,1.000000,1.000000,0,0,0,0
853,29,241,611,1.000000,1.000000,1.000000,1.000000,0,0,0,0
854,27,241,612,1.000000,1.000000,1.000000,1.000000,0,0,0,1
855,25,241,613,1.000000,1.000000,1.000000,1.000000,0,0,1,0
856,29,242,613,1.000000,1.000000,1.000000,1.000000,0,0,1,0
857,27,242,614,1.000000,1.000000,1.000000,1.000000,0,0,0,0
858,29,243,614,1.000000,1.000000,1.000000,1.000000,0,0,0,0
859,27,243,615,1.000000,1.000000,1.000000,1.000000,0,0,0,0
860,25,243,616,1.000000,1.000000,1.000000,1.000000,0,0,0,0
861,23,243,617,1.000000,1.000000,1.000000,1.000000,0,0,0,1
862,21,243,618,1.000000,1.000000,1.000000,1.000000,0,0,0,1
863,29,244,618,1.000000,1.000000,1.000000,1.000000,0,0,0,1
864,27,244,619,1.000000,1.000000,1.000000,1.000000,1,0,0,0
865,29,245,619,1.000000,1.000000,1.000000,1.000000,1,0,0,0
866,27,245,620,1.000000,1.000000,1.000000,1.000000,0,0,0,1
867,29,246,620,1.000000,1.000000,1.000000,1.000000,0,0,0,1
868,27,246,621,1.000000,1.000000,1.000000,1.000000,0,0,0,0
869,29,247,621,1.000000,1.000000,1.000000,1.000000,0,0,0,0
870,27,247,622,1.000000,1.000000,1.000000,1.000000,0,0,0,0
871,25,247,623,1.000000,1.000000,1.000000,1.000000,0,0,0,0
872,23,247,624,1.000000,1.000000,1.000000,1.000000,0,0,0,1
873,21,247,625,1.000000,1.000000,1.000000,1.000000,1,0,0,0
874,29,248,625,1.000000,1.000000,1.000000,1.000000,1,0,0,0
875,27,248,626,1.000000,1.000000,1.000000,1.000000,0,0,0,0
876,29,249,626,1.000000,1.000000,1.000000,1.000000,0,0,0,0
877,27,249,627,1.000000,1.000000,1.000000,1.000000,0,0,0,0
878,25,249,628,1.000000,1.000000,1.000000,1.000000,0,0,0,0
879,23,249,629,1.000000,1.000000,1.000000,1.000000,0,0,0,0
880,21,249,630,1.000000,1.000000,1.000000,1.000000,0,0,0,1
881,19,249,631,1.000000,1.000000,1.000000,1.000000,0,0,0,0
882,17,249,632,1.000000,1.000000,1.000000,1.000000,0,0,0,1
883,15,249,633,1.000000,1.000000,1.000000,1.000000,0,0,0,0
884,29,250,633,1.000000,1.000000,1.000000,1.000000,0,0,0,0
885,27,250,634,1.000000,1.000000,1.000000,1.000000,0,0,0,0
886,25,250,635,1.000000,1.000000,1.000000,1.000000,0,0,0,0
887,23,250,636,1.000000,1.000000,1.000000,1.000000,0,0,0,0
888,21,250,637,1.000000,1.000000,1.000000,1.000000,0,0,0,0
889,29,251,637,1.000000,1.000000,1.000000,1.000000,0,0,0,0
890,27,251,638,1.000000,1.000000,1.000000,1.000000,0,0,0,0
891,25,251,639,1.000000,1.000000,1.000000,1.000000,1,0,0,0
892,23,251,640,1.000000,1.000000,1.000000,1.000000,0,0,0,0
893,21,251,641,1.000000,1.000000,1.000000,1.000000,0,1,0,0
894,19,251,642,1.000000,1.000000,1.000000,1.000000,0,0,0,0
895,17,251,643,1.000000,1.000000,1.000000,1.000000,0,1,0,0
896,15,251,644,1.000000,1.000000,1.000000,1.000000,0,0,0,0
897,29,252,644,1.000000,1.000000,1.000000,1.000000,0,0,0,0
898,27,252,645,1.000000,1.000000,1.000000,1.000000,0,0,0,0
899,25,252,646,1.000000,1.000000,1.000000,1.000000,0,0,0,0
900,23,252,647,1.000000,1.000000,1.000000,1.000000,0,0,0,0
901,21,252,648,1.000000,1.000000,1.000000,1.000000,0,0,0,0
902,19,252,649,1.000000,1.000000,1.000000,1.000000,0,0,0,0
903,17,252,650,1.000000,1.000000,1.000000,1.000000,0,1,0,0
904,15,252,651,1.000000,1.000000,1.000000,1.000000,0,0,0,0
905,13,252,652,1.000000,1.000000,1.000000,1.000000,0,0,1,0
906,11,252,653,1.000000,1.000000,1.000000,1.000000,0,1,0,0
907,29,253,653,1.000000,1.000000,1.000000,1.000000,0,1,0,0
908,27,253,654,1.000000,1.000000,1.000000,1.000000,0,0,1,0
909,29,254,654,1.000000,1.000000,1.000000,1.000000,0,0,1,0
910,27,254,655,1.000000,1.000000,1.000000,1.000000,0,1,0,0
911,29,255,655,1.000000,1.000000,1.000000,1.000000,0,1,0,0
912,27,255,656,1.000000,1.000000,1.000000,1.000000,0,0,0,0
913,29,256,656,1.000000,1.000000,1.000000,1.000000,0,0,0,0
914,27,256,657,1.000000,1.000000,1.000000,1.000000,0,0,0,0
915,25,256,658,1.000000,1.000000,1.000000,1.000000,0,0,0,0
916,23,256,659,1.000000,1.000000,1.000000,1.000000,0,1,0,0
917,21,256,660,1.000000,1.000000,1.000000,1.000000,1,0,0,0
918,29,257,660,1.000000,1.000000,1.000000,1.000000,1,0,0,0
919,27,257,661,1.000000,1.000000,1.000000,1.000000,1,0,0,0
920,29,258,661,1.000000,1.000000,1.000000,1.000000,1,0,0,0
921,27,258,662,1.000000,1.000000,1.000000,1.000000,0,1,0,0
922,29,259,662,1.000000,1.000000,1.000000,1.000000,0,1,0,0
923,27,259,663,1.000000,1.000000,1.000000,1.000000,0,0,0,0
924,29,260,663,1.000000,1.000000,1.000000,1.000000,0,0,0,0
925,27,260,664,1.000000,1.000000,1.000000,1.000000,0,0,0,0
926,25,260,665,1.000000,1.000000,1.000000,1.000000,0,0,0,0
927,23,260,666,1.000000,1.000000,1.000000,1.000000,0,0,0,0
928,21,260,667,1.000000,1.000000,1.000000,1.000000,0,0,0,0
929,19,260,668,1.000000,1.000000,1.000000,1.000000,0,0,0,0
930,17,260,669,1.000000,1.000000,1.000000,1.000000,0,0,0,0
931,15,260,670,1.000000,1.000000,1.000000,1.000000,0,0,0,0
932,13,260,671,1.000000,1.000000,1.000000,1.000000,0,0,0,0
933,11,260,672,1.000000,1.000000,1.000000,1.000000,0,0,1,0
934,9,260,673,1.000000,1.000000,1.000000,1.000000,0,1,0,0
935,29,261,673,1.000000,1.000000,1.000000,1.000000,0,1,0,0
936,27,261,674,1.000000,1.000000,1.000000,1.000000,0,0,0,0
937,25,261,675,1.000000,1.000000,1.000000,1.000000,0,0,0,0
938,23,261,676,1.000000,1.000000,1.000000,1.000000,0,0,0,1
939,21,261,677,1.000000,1.000000,1.000000,1.000000,1,0,0,0
940,29,262,677,1.000000,1.000000,1.000000,1.000000,1,0,0,0
941,27,262,678,1.000000,1.000000,1.000000,1.000000,0,0,0,0
942,29,263,678,1.000000,1.000000,1.000000,1.000000,0,0,0,0
943,27,263,679,1.000000,1.000000,1.000000,1.000000,0,0,0,0
944,25,263,680,1.000000,1.000000,1.000000,1.000000,0,0,0,1
945,23,263,681,1.000000,1.000000,1.000000,1.000000,0,0,0,0
946,29,264,681,1.000000,1.000000,1.000000,1.000000,0,0,0,0
947,27,264,682,1.000000,1.000000,1.000000,1.000000,0,0,0,0
948,25,264,683,1.000000,1.000000,1.000000,1.000000,0,0,0,0
949,23,264,684,1.000000,1.000000,1.000000,1.000000,0,0,0,0
950,21,264,685,1.000000,1.000000,1.000000,1.000000,0,0,0,0
951,19,264,686,1.000000,1.000000,1.000000,1.000000,0,0,0,0
952,17,264,687,1.000000,1.000000,1.000000,1.000000,0,0,0,0
953,15,264,688,1.000000,1.000000,1.000000,1.000000,0,0,0,0
954,13,264,689,1.000000,1.000000,1.000000,1.000000,0,0,0,0
955,11,264,690,1.000000,1.000000,1.000000,1.000000,0,0,0,1
956,9,264,691,1.000000,1.000000,1.000000,1.000000,1,0,0,0
957,29,265,691,1.000000,1.000000,1.000000,1.000000,1,0,0,0
958,27,265,692,1.000000,1.000000,1.000000,1.000000,1,0,0,0
959,29,266,692,1.000000,1.000000,1.000000,1.000000,1,0,0,0
960,27,266,693,1.000000,1.000000,1.000000,1.000000,0,1,0,1
961,29,267,693,1.000000,1.000000,1.000000,1.000000,0,1,0,1
962,27,267,694,1.000000,1.000000,1.000000,1.000000,0,0,0,1
963,29,268,694,1.000000,1.000000,1.000000,1.000000,0,0,0,1
964,27,268,695,1.000000,1.000000,1.000000,1.000000,0,0,0,0
965,29,269,695,1.000000,1.000000,1.000000,1.000000,0,0,0,0
966,27,269,696,1.000000,1.000000,1.000000,1.000000,0,0,0,0
967,25,269,697,1.000000,1.000000,1.000000,1.000000,0,0,0,0
968,23,269,698,1.000000,1.000000,1.000000,1.000000,0,0,0,0
969,21,269,699,1.000000,1.000000,1.000000,1.000000,0,0,0,0
970,19,269,700,1.000000,1.000000,1.000000,1.000000,0,0,0,0
971,17,269,701,1.000000,1.000000,1.000000,1.000000,0,0,0,0
972,15,269,702,1.000000,1.000000,1.000000,1.000000,0,1,0,0
973,13,269,703,1.000000,1.000000,1.000000,1.000000,1,0,0,0
974,29,270,703,1.000000,1.000000,1.000000,1.000000,1,0,0,0
975,27,270,704,1.000000,1.000000,1.000000,1.000000,1,0,0,0
976,25,270,705,1.000000,1.000000,1.000000,1.000000,0,1,1,0
977,29,271,705,1.000000,1.000000,1.000000,1.000000,0,1,1,1
978,27,271,706,1.000000,1.000000,1.000000,1.000000,0,0,0,0
979,29,272,706,1.000000,1.000000,1.000000,1.000000,0,0,0,1
980,27,272,707,1.000000,1.000000,1.000000,1.000000,0,0,0,0
981,29,273,707,1.000000,1.000000,1.000000,1.000000,0,0,0,0
982,27,273,708,1.000000,1.000000,1.000000,1.000000,0,0,0,0
983,25,273,709,1.000000,1.000000,1.000000,1.000000,0,0,0,0
984,23,273,710,1.000000,1.000000,1.000000,1.000000,0,0,0,0
985,21,273,711,1.000000,1.000000,1.000000,1.000000,0,0,1,0
986,19,273,712,1.000000,1.000000,1.000000,1.000000,0,0,0,0
987,29,274,712,1.000000,1.000000,1.000000,1.000000,0,0,0,0
988,27,274,713,1.000000,1.000000,1.000000,1.000000,0,0,0,0
989,25,274,714,1.000000,1.000000,1.000000,1.000000,0,0,0,0
990,23,274,715,1.000000,1.000000,1.000000,1.000000,0,0,0,0
991,21,274,716,1.000000,1.000000,1.000000,1.000000,0,0,0,0
992,19,274,717,1.000000,1.000000,1.000000,1.000000,0,0,0,0
993,17,274,718,1.000000,1.000000,1.000000,1.000000,1,0,0,0
994,15,274,719,1.000000,1.000000,1.000000,1.000000,1,0,0,0
995,29,275,719,1.000000,1.000000,1.000000,1.000000,1,0,0,0
996,27,275,720,1.000000,1.000000,1.000000,1.000000,0,1,0,0
997,29,276,720,1.000000,1.000000,1.000000,1.000000,0,1,0,0
998,27,276,721,1.000000,1.000000,1.000000,1.000000,0,0,0,0
999,29,277,721,1.000000,1.000000,1.000000,1.000000,0,0,0,0
1000,27,277,722,1.000000,1.000000,1.000000,1.000000,0,0,0,0
1001,25,277,723,1.000000,1.000000,1.000000,1.000000,1,0,0,0
1002,23,277,724,1.000000,1.000000,1.000000,1.000000,0,1,0,0
1003,29,278,724,1.000000,1.000000,1.000000,1.000000,0,1,0,0
1004,27,278,725,1.000000,1.000000,1.000000,1.000000,0,0,0,0
1005,29,279,725,1.000000,1.000000,1.000000,1.000000,0,0,0,0
1006,27,279,726,1.000000,1.000000,1.000000,1.000000,1,0,0,0
1007,25,279,727,1.000000,1.000000,1.000000,1.000000,0,0,0,0
1008,29,280,727,1.000000,1.000000,1.000000,1.000000,0,0,0,0
1009,27,280,728,1.000000,1.000000,1.000000,1.000000,1,0,0,1
1010,25,280,729,1.000000,1.000000,1.000000,1.000000,0,0,0,0
1011,29,281,729,1.000000,1.000000,1.000000,1.000000,0,0,0,0
1012,27,281,730,1.000000,1.000000,1.000000,1.000000,0,0,0,1
1013,25,281,731,1.000000,1.000000,1.000000,1.000000,0,0,0,1
1014,23,281,732,1.000000,1.000000,1.000000,1.000000,0,0,1,0
1015,21,281,733,1.000000,1.000000,1.000000,1.000000,1,0,0,0
1016,29,282,733,1.000000,1.000000,1.000000,1.000000,1,0,0,0
1017,27,282,734,1.000000,1.000000,1.000000,1.000000,0,0,0,0
1018,29,283,734,1.000000,1.000000,1.000000,1.000000,0,0,0,0
1019,27,283,735,1.000000,1.000000,1.000000,1.000000,0,0,0,0
1020,25,283,736,1.000000,1.000000,1.000000,1.000000,1,0,0,0
1021,23,283,737,1.000000,1.000000,1.000000,1.000000,0,1,0,1
1022,29,284,737,1.000000,1.000000,1.000000,1.000000,0,1,0,1
1023,27,284,738,1.000000,1.000000,1.000000,1.000000,0,0,0,0
1024,29,285,738,1.000000,1.000000,1.000000,1.000000,0,0,0,0
1025,27,285,739,1.000000,1.000000,1.000000,1.000000,0,0,0,0
1026,25,285,740,1.000000,1.000000,1.000000,1.000000,0,0,0,0
1027,23,285,741,1.000000,1.000000,1.000000,1.000000,0,0,0,0
1028,21,285,742,1.000000,1.000000,1.000000,1.000000,0,0,0,0
1029,19,285,743,1.000000,1.000000,1.000000,1.000000,0,0,0,0
1030,17,285,744,1.000000,1.000000,1.000000,1.000000,0,0,0,0
1031,15,285,745,1.000000,1.000000,1.000000,1.000000,1,0,0,0
1032,13,285,746,1.000000,1.000000,1.000000,1.000000,0,0,0,0
1033,29,286,746,1.000000,1.000000,1.000000,1.000000,0,0,0,0
1034,27,286,747,1.000000,1.000000,1.000000,1.000000,0,0,0,0
1035,25,286,748,1.000000,1.000000,1.000000,1.000000,0,0,0,0
1036,23,286,749,1.000000,1.000000,1.000000,1.000000,0,1,0,0
1037,21,286,750,1.000000,1.000000,1.000000,1.000000,0,0,0,0
1038,19,286,751,1.000000,1.000000,1.000000,1.000000,0,1,1,0
1039,17,286,752,1.000000,1.000000,1.000000,1.000000,0,0,1,0
1040,29,287,752,1.000000,1.000000,1.000000,1.000000,0,0,1,0
1041,27,287,753,1.000000,1.000000,1.000000,1.000000,0,0,0,0
1042,29,288,753,1.000000,1.000000,1.000000,1.000000,0,0,0,0
1043,27,288,754,1.000000,1.000000,1.000000,1.000000,0,1,0,0
1044,25,288,755,1.000000,1.000000,1.000000,1.000000,0,0,1,0
1045,29,289,755,1.000000,1.000000,1.000000,1.000000,0,0,1,0
1046,27,289,756,1.000000,1.000000,1.000000,1.000000,0,0,0,0
1047,29,290,756,1.000000,1.000000,1.000000,1.000000,0,0,0,0
1048,27,290,757,1.000000,1.000000,1.000000,1.000000,0,0,1,0
1049,25,290,758,1.000000,1.000000,1.000000,1.000000,0,0,0,0
1050,29,291,758,1.000000,1.000000,1.000000,1.000000,0,0,0,0
1051,27,291,759,1.000000,1.000000,1.000000,1.000000,0,0,0,1
1052,25,291,760,1.000000,1.000000,1.000000,1.000000,0,0,0,1
1053,29,292,760,1.000000,1.000000,1.000000,1.000000,0,0,0,1
1054,27,292,761,1.000000,1.000000,1.000000,1.000000,0,0,0,0
1055,25,292,762,1.000000,1.000000,1.000000,1.000000,0,0,0,0
1056,23,292,763,1.000000,1.000000,1.000000,1.000000,0,0,0,0
1057,21,292,764,1.000000,1.000000,1.000000,1.000000,0,0,1,0
1058,19,292,765,1.000000,1.000000,1.000000,1.000000,0,0,0,1
1059,17,292,766,1.000000,1.000000,1.000000,1.000000,0,1,0,0
1060,29,293,766,1.000000,1.000000,1.000000,1.000000,0,1,0,0
1061,27,293,767,1.000000,1.000000,1.000000,1.000000,0,0,0,0
1062,29,294,767,1.000000,1.000000,1.000000,1.000000,0,0,0,0
1063,27,294,768,1.000000,1.000000,1.000000,1.000000,0,0,0,0
1064,25,294,769,1.000000,1.000000,1.000000,1.000000,0,0,0,0
1065,23,294,770,1.000000,1.000000,1.000000,1.000000,0,0,0,0
1066,21,294,771,1.000000,1.000000,1.000000,1.000000,0,0,0,0
1067,19,294,772,1.000000,1.000000,1.000000,1.000000,0,0,0,1
1068,17,294,773,1.000000,1.000000,1.000000,1.000000,0,0,0,0
1069,29,295,773,1.000000,1.000000,1.000000,1.000000,0,0,0,0
1070,27,295,774,1.000000,1.000000,1.000000,1.000000,0,0,0,0
1071,25,295,775,1.000000,1.000000,1.000000,1.000000,1,0,0,1
1072,23,295,776,1.000000,1.000000,1.000000,1.000000,0,0,0,0
1073,29,296,776,1.000000,1.000000,1.000000,1.000000,0,0,0,0
1074,27,296,777,1.000000,1.000000,1.000000,1.000000,0,0,0,1
1075,25,296,778,1.000000,1.000000,1.000000,1.000000,0,0,0,0
1076,29,297,778,1.000000,1.000000,1.000000,1.000000,0,0,0,0
1077,27,297,779,1.000000,1.000000,1.000000,1.000000,0,0,0,0
1078,25,297,780,1.000000,1.000000,1.000000,1.000000,0,0,0,1
1079,23,297,781,1.000000,1.000000,1.000000,1.000000,1,0,0,0
1080,29,298,781,1.000000,1.000000,1.000000,1.000000,1,0,0,0
1081,27,298,782,1.000000,1.000000,1.000000,1.000000,0,0,0,0
1082,29,299,782,1.000000,1.000000,1.000000,1.000000,0,0,0,0
1083,27,299,783,1.000000,1.000000,1.000000,1.000000,0,0,0,0
1084,25,299,784,1.000000,1.000000,1.000000,1.000000,0,0,0,0
1085,23,299,785,1.000000,1.000000,1.000000,1.000000,0,0,0,0
1086,21,299,786,1.000000,1.000000,1.000000,1.000000,0,0,0,0
1087,19,299,787,1.000000,1.000000,1.000000,1.000000,0,0,0,0
1088,17,299,788,1.000000,1.000000,1.000000,1.000000,0,1,0,0
1089,15,299,789,1.000000,1.000000,1.000000,1.000000,0,1,0,0
1090,13,299,790,1.000000,1.000000,1.000000,1.000000,0,0,0,1
1091,29,300,790,1.000000,1.000000,1.000000,1.000000,0,0,0,1
1092,27,300,791,1.000000,1.000000,1.000000,1.000000,0,0,0,0
1093,29,301,791,1.000000,1.000000,1.000000,1.000000,0,0,0,0
1094,27,301,792,1.000000,1.000000,1.000000,1.000000,0,0,0,0
1095,25,301,793,1.000000,1.000000,1.000000,1.000000,0,0,0,0
1096,23,301,794,1.000000,1.000000,1.000000,1.000000,0,0,0,0
1097,21,301,795,1.000000,1.000000,1.000000,1.000000,1,0,1,0
1098,19,301,796,1.000000,1.000000,1.000000,1.000000,0,0,0,0
1099,29,302,796,1.000000,1.000000,1.000000,1.000000,0,0,0,0
1100,27,302,797,1.000000,1.000000,1.000000,1.000000,0,0,1,0
1101,25,302,798,1.000000,1.000000,1.000000,1.000000,0,0,0,0
1102,29,303,798,1.000000,1.000000,1.000000,1.000000,0,0,0,0
1103,27,303,799,1.000000,1.000000,1.000000,1.000000,0,0,0,0
1104,25,303,800,1.000000,1.000000,1.000000,1.000000,0,0,0,0
1105,23,303,801,1.000000,1.000000,1.000000,1.000000,0,0,0,0
1106,21,303,802,1.000000,1.000000,1.000000,1.000000,0,0,1,0
1107,19,303,803,1.000000,1.000000,1.000000,1.000000,0,0,0,0
1108,29,304,803,1.000000,1.000000,1.000000,1.000000,0,0,0,0
1109,27,304,804,1.000000,1.000000,1.000000,1.000000,0,0,0,0
1110,25,304,805,1.000000,1.000000,1.000000,1.000000,0,1,0,0
1111,23,304,806,1.000000,1.000000,1.000000,1.000000,0,0,0,0
1112,21,304,807,1.000000,1.000000,1.000000,1.000000,0,0,0,0
1113,19,304,808,1.000000,1.000000,1.000000,1.000000,0,0,1,0
1114,17,304,809,1.000000,1.000000,1.000000,1.000000,0,0,0,0
1115,29,305,809,1.000000,1.000000,1.000000,1.000000,0,0,0,0
1116,27,305,810,1.000000,1.000000,1.000000,1.000000,0,0,0,0
1117,25,305,811,1.000000,1.000000,1.000000,1.000000,1,0,0,1
1118,23,305,812,1.000000,1.000000,1.000000,1.000000,0,0,0,0
1119,29,306,812,1.000000,1.000000,1.000000,1.000000,0,0,0,0
1120,27,306,813,1.000000,1.000000,1.000000,1.000000,0,0,0,0
1121,25,306,814,1.000000,1.000000,1.000000,1.000000,0,0,0,0
1122,23,306,815,1.000000,1.000000,1.000000,1.000000,0,0,0,0
1123,21,306,816,1.000000,1.000000,1.000000,1.000000,0,0,0,0
1124,19,306,817,1.000000,1.000000,1.000000,1.000000,0,0,0,0
1125,17,306,818,1.000000,1.000000,1.000000,1.000000,0,0,0,0
1126,15,306,819,1.000000,1.000000,1.000000,1.000000,0,0,0,0
1127,13,306,820,1.000000,1.000000,1.000000,1.000000,0,0,0,0
1128,11,306,821,1.000000,1.000000,1.000000,1.000000,0,0,0,1
1129,9,306,822,1.000000,1.000000,1.000000,1.000000,0,0,1,0
1130,29,307,822,1.000000,1.000000,1.000000,1.000000,0,0,1,0
1131,27,307,823,1.000000,1.000000,1.000000,1.000000,0,0,0,0
1132,29,308,823,1.000000,1.000000,1.000000,1.000000,0,0,0,0
1133,27,308,824,1.000000,1.000000,1.000000,1.000000,0,0,0,0
1134,25,308,825,1.000000,1.000000,1.000000,1.000000,0,1,0,0
1135,23,308,826,1.000000,1.000000,1.000000,1.000000,0,0,0,0
1136,29,309,826,1.000000,1.000000,1.000000,1.000000,0,0,0,0
1137,27,309,827,1.000000,1.000000,1.000000,1.000000,0,1,0,0
1138,25,309,828,1.000000,1.000000,1.000000,1.000000,0,0,0,0
1139,29,310,828,1.000000,1.000000,1.000000,1.000000,0,0,0,0
1140,27,310,829,1.000000,1.000000,1.000000,1.000000,0,0,0,0
1141,25,310,830,1.000000,1.000000,1.000000,1.000000,0,0,0,0
1142,23,310,831,1.000000,1.000000,1.000000,1.000000,0,0,0,0
1143,21,310,832,1.000000,1.000000,1.000000,1.000000,0,1,0,0
1144,19,310,833,1.000000,1.000000,1.000000,1.000000,0,0,0,0
1145,29,311,833,1.000000,1.000000,1.000000,1.000000,0,0,0,0
1146,27,311,834,1.000000,1.000000,1.000000,1.000000,0,0,0,0
1147,25,311,835,1.000000,1.000000,1.000000,1.000000,0,0,0,0
1148,23,311,836,1.000000,1.000000,1.000000,1.000000,0,0,0,0
1149,21,311,837,1.000000,1.000000,1.000000,1.000000,0,0,0,0
1150,19,311,838,1.000000,1.000000,1.000000,1.000000,0,0,0,0
1151,17,311,839,1.000000,1.000000,1.000000,1.000000,0,0,0,1
1152,15,311,840,1.000000,1.000000,1.000000,1.000000,0,0,0,0
1153,29,312,840,1.000000,1.000000,1.000000,1.000000,0,0,0,0
1154,27,312,841,1.000000,1.000000,1.000000,1.000000,0,0,0,0
1155,25,312,842,1.000000,1.000000,1.000000,1.000000,0,0,1,0
1156,23,312,843,1.000000,1.000000,1.000000,1.000000,0,0,0,0
1157,29,313,843,1.000000,1.000000,1.000000,1.000000,0,0,0,0
1158,27,313,844,1.000000,1.000000,1.000000,1.000000,0,0,0,0
1159,25,313,845,1.000000,1.000000,1.000000,1.000000,1,0,0,0
1160,23,313,846,1.000000,1.000000,1.000000,1.000000,0,0,0,0
1161,29,314,846,1.000000,1.000000,1.000000,1.000000,0,0,0,0
1162,27,314,847,1.000000,1.000000,1.000000,1.000000,0,0,0,0
1163,25,314,848,1.000000,1.000000,1.000000,1.000000,0,0,0,0
1164,23,314,849,1.000000,1.000000,1.000000,1.000000,0,0,0,0
1165,21,314,850,1.000000,1.000000,1.000000,1.000000,1,0,0,0
1166,19,314,851,1.000000,1.000000,1.000000,1.000000,0,0,0,0
1167,17,314,852,1.000000,1.000000,1.000000,1.000000,0,1,0,0
1168,15,314,853,1.000000,1.000000,1.000000,1.000000,0,0,0,0
1169,29,315,853,1.000000,1.000000,1.000000,1.000000,0,0,0,0
1170,27,315,854,1.000000,1.000000,1.000000,1.000000,0,0,0,0
1171,25,315,855,1.000000,1.000000,1.000000,1.000000,0,0,0,0
1172,23,315,856,1.000000,1.000000,1.000000,1.000000,0,0,0,0
1173,21,315,857,1.000000,1.000000,1.000000,1.000000,1,1,0,0
1174,19,315,858,1.000000,1.000000,1.000000,1.000000,0,0,0,0
1175,29,316,858,1.000000,1.000000,1.000000,1.000000,0,0,0,0
1176,27,316,859,1.000000,1.000000,1.000000,1.000000,0,0,0,0
1177,25,316,860,1.000000,1.000000,1.000000,1.000000,0,0,0,0
1178,23,316,861,1.000000,1.000000,1.000000,1.000000,0,0,0,0
1179,21,316,862,1.000000,1.000000,1.000000,1.000000,0,1,0,0
1180,19,316,863,1.000000,1.000000,1.000000,1.000000,1,0,0,0
1181,29,317,863,1.000000,1.000000,1.000000,1.000000,1,0,0,0
1182,27,317,864,1.000000,1.000000,1.000000,1.000000,0,0,0,0
1183,29,318,864,1.000000,1.000000,1.000000,1.000000,0,0,0,0
1184,27,318,865,1.000000,1.000000,1.000000,1.000000,0,0,0,0
1185,25,318,866,1.000000,1.000000,1.000000,1.000000,0,0,0,0
1186,23,318,867,1.000000,1.000000,1.000000,1.000000,1,0,0,0
1187,21,318,868,1.000000,1.000000,1.000000,1.000000,1,0,0,0
1188,29,319,868,1.000000,1.000000,1.000000,1.000000,1,0,0,0
1189,27,319,869,1.000000,1.000000,1.000000,1.000000,0,1,0,0
1190,29,320,869,1.000000,1.000000,1.000000,1.000000,0,1,0,0
1191,27,320,870,1.000000,1.000000,1.000000,1.000000,0,0,0,0
1192,29,321,870,1.000000,1.000000,1.000000,1.000000,0,0,0,0
1193,27,321,871,1.000000,1.000000,1.000000,1.000000,0,1,0,0
1194,25,321,872,1.000000,1.000000,1.000000,1.000000,0,0,0,0
1195,29,322,872,1.000000,1.000000,1.000000,1.000000,0,0,0,0
1196,27,322,873,1.000000,1.000000,1.000000,1.000000,0,0,0,0
1197,25,322,874,1.000000,1.000000,1.000000,1.000000,0,0,0,0
1198,23,322,875,1.000000,1.000000,1.000000,1.000000,0,1,0,0
1199,21,322,876,1.000000,1.000000,1.000000,1.000000,1,0,0,0
1200,29,323,876,1.000000,1.000000,1.000000,1.000000,1,0,0,0
1201,27,323,877,1.000000,1.000000,1.000000,1.000000,0,0,0,0
1202,29,324,877,1.000000,1.000000,1.000000,1.000000,0,0,0,0
1203,27,324,878,1.000000,1.000000,1.000000,1.000000,0,0,0,1
1204,25,324,879,1.000000,1.000000,1.000000,1.000000,0,0,0,1
1205,29,325,879,1.000000,1.000000,1.000000,1.000000,0,0,0,1
1206,27,325,880,1.000000,1.000000,1.000000,1.000000,1,0,0,0
1207,29,326,880,1.000000,1.000000,1.000000,1.000000,1,0,0,0
1208,27,326,881,1.000000,1.000000,1.000000,1.000000,0,0,0,0
1209,29,327,881,1.000000,1.000000,1.000000,1.000000,0,0,0,0
1210,27,327,882,1.000000,1.000000,1.000000,1.000000,0,0,0,0
1211,25,327,883,1.000000,1.000000,1.000000,1.000000,0,0,0,0
1212,23,327,884,1.000000,1.000000,1.000000,1.000000,0,0,0,0
1213,21,327,885,1.000000,1.000000,1.000000,1.000000,1,0,0,0
1214,19,327,886,1.000000,1.000000,1.000000,1.000000,0,0,0,0
1215,29,328,886,1.000000,1.000000,1.000000,1.000000,0,0,0,0
1216,27,328,887,1.000000,1.000000,1.000000,1.000000,0,0,0,0
1217,25,328,888,1.000000,1.000000,1.000000,1.000000,0,0,0,0
1218,23,328,889,1.000000,1.000000,1.000000,1.000000,0,0,0,0
1219,21,328,890,1.000000,1.000000,1.000000,1.000000,0,0,0,0
1220,19,328,891,1.000000,1.000000,1.000000,1.000000,1,0,0,0
1221,17,328,892,1.000000,1.000000,1.000000,1.000000,0,0,0,0
1222,29,329,892,1.000000,1.000000,1.000000,1.000000,0,0,0,0
1223,27,329,893,1.000000,1.000000,1.000000,1.000000,0,0,0,0
1224,25,329,894,1.000000,1.000000,1.000000,1.000000,0,0,0,0
1225,23,329,895,1.000000,1.000000,1.000000,1.000000,1,0,0,0
1226,21,329,896,1.000000,1.000000,1.000000,1.000000,1,0,0,0
1227,19,329,897,1.000000,1.000000,1.000000,1.000000,1,1,1,0
1228,29,330,897,1.000000,1.000000,1.000000,1.000000,1,1,1,0
1229,27,330,898,1.000000,1.000000,1.000000,1.000000,0,0,0,0
1230,29,331,898,1.000000,1.000000,1.000000,1.000000,0,0,0,0
1231,27,331,899,1.000000,1.000000,1.000000,1.000000,0,1,0,0
1232,25,331,900,1.000000,1.000000,1.000000,1.000000,0,0,0,0
1233,29,332,900,1.000000,1.000000,1.000000,1.000000,0,0,0,0
1234,27,332,901,1.000000,1.000000,1.000000,1.000000,0,0,0,0
1235,25,332,902,1.000000,1.000000,1.000000,1.000000,0,0,0,0
1236,23,332,903,1.000000,1.000000,1.000000,1.000000,0,0,0,0
1237,21,332,904,1.000000,1.000000,1.000000,1.000000,0,0,0,0
1238,19,332,905,1.000000,1.000000,1.000000,1.000000,1,0,0,0
1239,17,332,906,1.000000,1.000000,1.000000,1.000000,1,0,0,0
1240,15,332,907,1.000000,1.000000,1.000000,1.000000,0,1,1,0
1241,29,333,907,1.000000,1.000000,1.000000,1.000000,0,1,1,0
1242,27,333,908,1.000000,1.000000,1.000000,1.000000,0,0,0,0
1243,29,334,908,1.000000,1.000000,1.000000,1.000000,0,0,0,0
1244,27,334,909,1.000000,1.000000,1.000000,1.000000,0,0,1,0
1245,25,334,910,1.000000,1.000000,1.000000,1.000000,0,0,0,0
1246,29,335,910,1.000000,1.000000,1.000000,1.000000,0,0,0,0
1247,27,335,911,1.000000,1.000000,1.000000,1.000000,0,0,0,0
1248,25,335,912,1.000000,1.000000,1.000000,1.000000,0,0,0,0
1249,23,335,913,1.000000,1.000000,1.000000,1.000000,0,0,0,0
1250,21,335,914,1.000000,1.000000,1.000000,1.000000,1,0,0,1
1251,19,335,915,1.000000,1.000000,1.000000,1.000000,0,0,0,0
1252,29,336,915,1.000000,1.000000,1.000000,1.000000,0,0,0,0
1253,27,336,916,1.000000,1.000000,1.000000,1.000000,0,1,0,0
1254,25,336,917,1.000000,1.000000,1.000000,1.000000,0,1,0,0
1255,23,336,918,1.000000,1.000000,1.000000,1.000000,0,0,0,1
1256,29,337,918,1.000000,1.000000,1.000000,1.000000,0,0,0,1
1257,27,337,919,1.000000,1.000000,1.000000,1.000000,0,0,0,0
1258,29,338,919,1.000000,1.000000,1.000000,1.000000,0,0,0,0
1259,27,338,920,1.000000,1.000000,1.000000,1.000000,0,0,1,0
1260,25,338,921,1.000000,1.000000,1.000000,1.000000,0,1,1,0
1261,23,338,922,1.000000,1.000000,1.000000,1.000000,1,0,0,0
1262,29,339,922,1.000000,1.000000,1.000000,1.000000,1,0,0,0
1263,27,339,923,1.000000,1.000000,1.000000,1.000000,0,0,0,0
1264,25,339,924,1.000000,1.000000,1.000000,1.000000,0,0,0,0
1265,23,339,925,1.000000,1.000000,1.000000,1.000000,0,0,0,0
1266,21,339,926,1.000000,1.000000,1.000000,1.000000,1,0,0,0
1267,19,339,927,1.000000,1.000000,1.000000,1.000000,0,1,0,0
1268,29,340,927,1.000000,1.000000,1.000000,1.000000,0,1,0,0
1269,27,340,928,1.000000,1.000000,1.000000,1.000000,0,0,0,0
1270,29,341,928,1.000000,1.000000,1.000000,1.000000,0,0,0,0
1271,27,341,929,1.000000,1.000000,1.000000,1.000000,0,1,0,0
1272,25,341,930,1.000000,1.000000,1.000000,1.000000,0,0,0,0
1273,29,342,930,1.000000,1.000000,1.000000,1.000000,0,0,0,0
1274,27,342,931,1.000000,1.000000,1.000000,1.000000,0,0,0,0
1275,25,342,932,1.000000,1.000000,1.000000,1.000000,0,0,0,0
1276,23,342,933,1.000000,1.000000,1.000000,1.000000,0,0,1,0
1277,21,342,934,1.000000,1.000000,1.000000,1.000000,0,1,0,0
1278,29,343,934,1.000000,1.000000,1.000000,1.000000,0,1,0,0
1279,27,343,935,1.000000,1.000000,1.000000,1.000000,0,1,0,0
1280,25,343,936,1.000000,1.000000,1.000000,1.000000,0,0,1,1
1281,29,344,936,1.000000,1.000000,1.000000,1.000000,0,0,1,1
1282,27,344,937,1.000000,1.000000,1.000000,1.000000,0,0,0,0
1283,29,345,937,1.000000,1.000000,1.000000,1.000000,0,0,0,0
1284,27,345,938,1.000000,1.000000,1.000000,1.000000,0,0,0,1
1285,25,345,939,1.000000,1.000000,1.000000,1.000000,0,0,0,0
1286,29,346,939,1.000000,1.000000,1.000000,1.000000,0,0,0,0
1287,27,346,940,1.000000,1.000000,1.000000,1.000000,0,0,0,0
1288,25,346,941,1.000000,1.000000,1.000000,1.000000,0,0,0,0
1289,23,346,942,1.000000,1.000000,1.000000,1.000000,0,0,0,0
1290,21,346,943,1.000000,1.000000,1.000000,1.000000,0,0,0,0
1291,19,346,944,1.000000,1.000000,1.000000,1.000000,0,0,0,0
1292,17,346,945,1.000000,1.000000,1.000000,1.000000,0,0,1,1
1293,15,346,946,1.000000,1.000000,1.000000,1.000000,0,0,0,0
1294,29,347,946,1.000000,1.000000,1.000000,1.000000,0,0,0,0
1295,27,347,947,1.000000,1.000000,1.000000,1.000000,0,0,0,1
1296,25,347,948,1.000000,1.000000,1.000000,1.000000,0,0,0,1
1297,29,348,948,1.000000,1.000000,1.000000,1.000000,0,0,0,1
1298,27,348,949,1.000000,1.000000,1.000000,1.000000,0,0,1,0
1299,29,349,949,1.000000,1.000000,1.000000,1.000000,0,0,1,0
1300,27,349,950,1.000000,1.000000,1.000000,1.000000,0,0,0,0
1301,29,350,950,1.000000,1.000000,1.000000,1.000000,0,0,0,0
1302,27,350,951,1.000000,1.000000,1.000000,1.000000,0,0,0,0
1303,25,350,952,1.000000,1.000000,1.000000,1.000000,0,0,0,0
1304,23,350,953,1.000000,1.000000,1.000000,1.000000,0,0,0,0
1305,21,350,954,1.000000,1.000000,1.000000,1.000000,0,0,0,0
1306,19,350,955,1.000000,1.000000,1.000000,1.000000,0,1,0,0
1307,17,350,956,1.000000,1.000000,1.000000,1.000000,0,1,0,0
1308,15,350,957,1.000000,1.000000,1.000000,1.000000,0,1,0,1
1309,29,351,957,1.000000,1.000000,1.000000,1.000000,0,1,0,1
1310,27,351,958,1.000000,1.000000,1.000000,1.000000,0,0,0,0
1311,29,352,958,1.000000,1.000000,1.000000,1.000000,0,0,0,0
1312,27,352,959,1.000000,1.000000,1.000000,1.000000,0,0,0,1
1313,25,352,960,1.000000,1.000000,1.000000,1.000000,0,0,0,0
1314,29,353,960,1.000000,1.000000,1.000000,1.000000,0,0,0,0
1315,27,353,961,1.000000,1.000000,1.000000,1.000000,0,0,0,0
1316,25,353,962,1.000000,1.000000,1.000000,1.000000,0,0,0,0
1317,23,353,963,1.000000,1.000000,1.000000,1.000000,0,0,0,0
1318,21,353,964,1.000000,1.000000,1.000000,1.000000,0,0,0,0
1319,19,353,965,1.000000,1.000000,1.000000,1.000000,0,0,0,1
1320,17,353,966,1.000000,1.000000,1.000000,1.000000,0,0,0,1
1321,29,354,966,1.000000,1.000000,1.000000,1.000000,0,0,0,1
1322,27,354,967,1.000000,1.000000,1.000000,1.000000,0,0,1,0
1323,29,355,967,1.000000,1.000000,1.000000,1.000000,0,0,1,0
1324,27,355,968,1.000000,1.000000,1.000000,1.000000,0,0,0,0
1325,29,356,968,1.000000,1.000000,1.000000,1.000000,0,0,0,0
1326,27,356,969,1.000000,1.000000,1.000000,1.000000,0,0,0,0
1327,25,356,970,1.000000,1.000000,1.000000,1.000000,1,0,0,0
1328,23,356,971,1.000000,1.000000,1.000000,1.000000,0,0,0,0
1329,29,357,971,1.000000,1.000000,1.000000,1.000000,0,0,0,0
1330,27,357,972,1.000000,1.000000,1.000000,1.000000,1,0,0,0
1331,25,357,973,1.000000,1.000000,1.000000,1.000000,0,1,0,0
1332,29,358,973,1.000000,1.000000,1.000000,1.000000,0,1,0,0
1333,27,358,974,1.000000,1.000000,1.000000,1.000000,0,0,0,0
1334,29,359,974,1.000000,1.000000,1.000000,1.000000,0,0,0,0
1335,27,359,975,1.000000,1.000000,1.000000,1.000000,0,0,0,0
1336,25,359,976,1.000000,1.000000,1.000000,1.000000,0,0,0,0
1337,23,359,977,1.000000,1.000000,1.000000,1.000000,0,0,0,0
1338,21,359,978,1.000000,1.000000,1.000000,1.000000,0,0,0,0
1339,19,359,979,1.000000,1.000000,1.000000,1.000000,0,0,0,0
1340,17,359,980,1.000000,1.000000,1.000000,1.000000,0,0,0,0
1341,15,359,981,1.000000,1.000000,1.000000,1.000000,0,0,0,0
1342,13,359,982,1.000000,1.000000,1.000000,1.000000,0,0,0,1
1343,11,359,983,1.000000,1.000000,1.000000,1.000000,0,0,0,0
1344,29,360,983,1.000000,1.000000,1.000000,1.000000,0,0,0,0
1345,27,360,984,1.000000,1.000000,1.000000,1.000000,0,0,0,0
1346,25,360,985,1.000000,1.000000,1.000000,1.000000,1,0,0,0
1347,23,360,986,1.000000,1.000000,1.000000,1.000000,0,0,0,1
1348,21,360,987,1.000000,1.000000,1.000000,1.000000,0,0,0,1
1349,29,361,987,1.000000,1.000000,1.000000,1.000000,0,0,0,1
1350,27,361,988,1.000000,1.000000,1.000000,1.000000,0,0,0,0
1351,29,362,988,1.000000,1.000000,1.000000,1.000000,0,0,0,0
1352,27,362,989,1.000000,1.000000,1.000000,1.000000,0,0,0,0
1353,25,362,990,1.000000,1.000000,1.000000,1.000000,1,1,0,0
1354,23,362,991,1.000000,1.000000,1.000000,1.000000,0,0,0,0
1355,29,363,991,1.000000,1.000000,1.000000,1.000000,0,0,0,0
1356,27,363,992,1.000000,1.000000,1.000000,1.000000,0,1,0,0
1357,25,363,993,1.000000,1.000000,1.000000,1.000000,0,0,0,0
1358,29,364,993,1.000000,1.000000,1.000000,1.000000,0,0,0,0
1359,27,364,994,1.000000,1.000000,1.000000,1.000000,0,0,0,0
1360,25,364,995,1.000000,1.000000,1.000000,1.000000,0,0,0,0
1361,23,364,996,1.000000,1.000000,1.000000,1.000000,0,0,0,0
1362,21,364,997,1.000000,1.000000,1.000000,1.000000,0,0,0,0
1363,19,364,998,1.000000,1.000000,1.000000,1.000000,1,0,0,0
1364,17,364,999,1.000000,1.000000,1.000000,1.000000,0,0,0,0
1365,15,364,1000,1.000000,1.000000,1.000000,1.000000,1,0,0,0
1366,13,364,1001,1.000000,1.000000,1.000000,1.000000,0,0,0,0
1367,29,365,1001,1.000000,1.000000,1.000000,1.000000,0,0,0,0
1368,27,365,1002,1.000000,1.000000,1.000000,1.000000,0,0,0,0
1369,25,365,1003,1.000000,1.000000,1.000000,1.000000,0,0,0,0
1370,29,366,1003,1.000000,1.000000,1.000000,1.000000,0,0,0,0
1371,27,366,1004,1.000000,1.000000,1.000000,1.000000,0,0,0,0
1372,25,366,1005,1.000000,1.000000,1.000000,1.000000,0,0,0,0
1373,23,366,1006,1.000000,1.000000,1.000000,1.000000,0,0,0,0
1374,21,366,1007,1.000000,1.000000,1.000000,1.000000,0,0,1,0
1375,19,366,1008,1.000000,1.000000,1.000000,1.000000,0,0,0,0
1376,29,367,1008,1.000000,1.000000,1.000000,1.000000,0,0,0,0
1377,27,367,1009,1.000000,1.000000,1.000000,1.000000,0,0,1,0
1378,25,367,1010,1.000000,1.000000,1.000000,1.000000,0,0,0,1
1379,29,368,1010,1.000000,1.000000,1.000000,1.000000,0,0,0,1
1380,27,368,1011,1.000000,1.000000,1.000000,1.000000,0,0,0,0
1381,25,368,1012,1.000000,1.000000,1.000000,1.000000,0,0,0,0
1382,23,368,1013,1.000000,1.000000,1.000000,1.000000,0,0,0,0
1383,21,368,1014,1.000000,1.000000,1.000000,1.000000,0,0,1,0
1384,19,368,1015,1.000000,1.000000,1.000000,1.000000,0,0,0,0
1385,29,369,1015,1.000000,1.000000,1.000000,1.000000,0,0,0,0
1386,27,369,1016,1.000000,1.000000,1.000000,1.000000,0,0,0,0
1387,25,369,1017,1.000000,1.000000,1.000000,1.000000,1,0,0,0
1388,23,369,1018,1.000000,1.000000,1.000000,1.000000,0,0,0,0
1389,29,370,1018,1.000000,1.000000,1.000000,1.000000,0,0,0,0
1390,27,370,1019,1.000000,1.000000,1.000000,1.000000,1,1,0,0
1391,25,370,1020,1.000000,1.000000,1.000000,1.000000,1,0,0,0
1392,29,371,1020,1.000000,1.000000,1.000000,1.000000,1,0,0,0
1393,27,371,1021,1.000000,1.000000,1.000000,1.000000,0,0,0,1
1394,29,372,1021,1.000000,1.000000,1.000000,1.000000,0,0,0,1
1395,27,372,1022,1.000000,1.000000,1.000000,1.000000,0,0,0,0
1396,29,373,1022,1.000000,1.000000,1.000000,1.000000,0,0,0,0
1397,27,373,1023,1.000000,1.000000,1.000000,1.000000,0,0,0,0
1398,25,373,1024,1.000000,1.000000,1.000000,1.000000,0,0,0,0
1399,23,373,1025,1.000000,1.000000,1.000000,1.000000,0,0,0,0
1400,21,373,1026,1.000000,1.000000,1.000000,1.000000,0,0,0,0
1401,19,373,1027,1.000000,1.000000,1.000000,1.000000,0,0,0,1
1402,17,373,1028,1.000000,1.000000,1.000000,1.000000,1,0,0,0
1403,29,374,1028,1.000000,1.000000,1.000000,1.000000,1,0,0,0
1404,27,374,1029,1.000000,1.000000,1.000000,1.000000,1,0,0,0
1405,29,375,1029,1.000000,1.000000,1.000000,1.000000,1,0,0,0
1406,27,375,1030,1.000000,1.000000,1.000000,1.000000,0,0,0,1
1407,29,376,1030,1.000000,1.000000,1.000000,1.000000,0,0,0,1
1408,27,376,1031,1.000000,1.000000,1.000000,1.000000,0,0,0,1
1409,29,377,1031,1.000000,1.000000,1.000000,1.000000,0,0,0,1
1410,27,377,1032,1.000000,1.000000,1.000000,1.000000,0,0,0,0
1411,29,378,1032,1.000000,1.000000,1.000000,1.000000,0,0,0,0
1412,27,378,1033,1.000000,1.000000,1.000000,1.000000,0,0,0,0
1413,25,378,1034,1.000000,1.000000,1.000000,1.000000,0,0,0,1
1414,23,378,1035,1.000000,1.000000,1.000000,1.000000,0,0,1,1
1415,29,379,1035,1.000000,1.000000,1.000000,1.000000,0,0,1,1
1416,27,379,1036,1.000000,1.000000,1.000000,1.000000,0,0,0,1
1417,29,380,1036,1.000000,1.000000,1.000000,1.000000,0,0,0,1
1418,27,380,1037,1.000000,1.000000,1.000000,1.000000,0,0,0,0
1419,29,381,1037,1.000000,1.000000,1.000000,1.000000,0,0,0,0
1420,27,381,1038,1.000000,1.000000,1.000000,1.000000,0,0,0,0
1421,25,381,1039,1.000000,1.000000,1.000000,1.000000,0,0,0,0
1422,23,381,1040,1.000000,1.000000,1.000000,1.000000,0,0,0,0
1423,21,381,1041,1.000000,1.000000,1.000000,1.000000,0,1,0,0
1424,19,381,1042,1.000000,1.000000,1.000000,1.000000,0,0,0,0
1425,17,381,1043,1.000000,1.000000,1.000000,1.000000,0,1,0,0
1426,15,381,1044,1.000000,1.000000,1.000000,1.000000,0,0,0,0
1427,29,382,1044,1.000000,1.000000,1.000000,1.000000,0,0,0,0
1428,27,382,1045,1.000000,1.000000,1.000000,1.000000,0,0,0,0
1429,25,382,1046,1.000000,1.000000,1.000000,1.000000,0,0,0,0
1430,23,382,1047,1.000000,1.000000,1.000000,1.000000,0,0,1,1
1431,21,382,1048,1.000000,1.000000,1.000000,1.000000,0,0,0,0
1432,29,383,1048,1.000000,1.000000,1.000000,1.000000,0,0,0,0
1433,27,383,1049,1.000000,1.000000,1.000000,1.000000,0,1,0,0
1434,25,383,1050,1.000000,1.000000,1.000000,1.000000,0,0,0,0
1435,29,384,1050,1.000000,1.000000,1.000000,1.000000,0,0,0,0
1436,27,384,1051,1.000000,1.000000,1.000000,1.000000,0,0,0,0
1437,25,384,1052,1.000000,1.000000,1.000000,1.000000,0,0,0,0
1438,23,384,1053,1.000000,1.000000,1.000000,1.000000,0,0,0,0
1439,21,384,1054,1.000000,1.000000,1.000000,1.000000,0,1,0,0
1440,19,384,1055,1.000000,1.000000,1.000000,1.000000,0,0,0,0
1441,29,385,1055,1.000000,1.000000,1.000000,1.000000,0,0,0,0
1442,27,385,1056,1.000000,1.000000,1.000000,1.000000,0,0,0,0
1443,25,385,1057,1.000000,1.000000,1.000000,1.000000,0,0,1,0
1444,23,385,1058,1.000000,1.000000,1.000000,1.000000,0,0,0,0
1445,29,386,1058,1.000000,1.000000,1.000000,1.000000,0,0,0,0
1446,27,386,1059,1.000000,1.000000,1.000000,1.000000,0,0,0,0
1447,25,386,1060,1.000000,1.000000,1.000000,1.000000,0,0,0,0
1448,23,386,1061,1.000000,1.000000,1.000000,1.000000,0,0,0,0
1449,21,386,1062,1.000000,1.000000,1.000000,1.000000,0,0,0,0
1450,19,386,1063,1.000000,1.000000,1.000000,1.000000,0,0,0,0
1451,17,386,1064,1.000000,1.000000,1.000000,1.000000,0,0,0,0
1452,15,386,1065,1.000000,1.000000,1.000000,1.000000,0,0,0,0
1453,13,386,1066,1.000000,1.000000,1.000000,1.000000,0,0,0,0
1454,11,386,1067,1.000000,1.000000,1.000000,1.000000,1,1,0,0
1455,9,386,1068,1.000000,1.000000,1.000000,1.000000,0,0,0,0
1456,29,387,1068,1.000000,1.000000,1.000000,1.000000,0,0,0,0
1457,27,387,1069,1.000000,1.000000,1.000000,1.000000,0,0,0,1
1458,25,387,1070,1.000000,1.000000,1.000000,1.000000,0,0,0,0
1459,29,388,1070,1.000000,1.000000,1.000000,1.000000,0,0,0,0
1460,27,388,1071,1.000000,1.000000,1.000000,1.000000,0,0,0,0
1461,25,388,1072,1.000000,1.000000,1.000000,1.000000,0,0,0,0
1462,23,388,1073,1.000000,1.000000,1.000000,1.000000,0,0,0,0
1463,21,388,1074,1.000000,1.000000,1.000000,1.000000,0,0,0,0
1464,19,388,1075,1.000000,1.000000,1.000000,1.000000,0,0,0,0
1465,17,388,1076,1.000000,1.000000,1.000000,1.000000,0,1,0,1
1466,15,388,1077,1.000000,1.000000,1.000000,1.000000,0,0,0,0
1467,13,388,1078,1.000000,1.000000,1.000000,1.000000,0,0,1,1
1468,11,388,1079,1.000000,1.000000,1.000000,1.000000,0,1,0,0
1469,29,389,1079,1.000000,1.000000,1.000000,1.000000,0,1,0,0
1470,27,389,1080,1.000000,1.000000,1.000000,1.000000,0,1,0,0
1471,29,390,1080,1.000000,1.000000,1.000000,1.000000,0,1,0,0
1472,27,390,1081,1.000000,1.000000,1.000000,1.000000,0,0,1,0
1473,29,391,1081,1.000000,1.000000,1.000000,1.000000,0,0,1,0
1474,27,391,1082,1.000000,1.000000,1.000000,1.000000,0,0,0,0
1475,29,392,1082,1.000000,1.000000,1.000000,1.000000,0,0,0,0
1476,27,392,1083,1.000000,1.000000,1.000000,1.000000,0,0,0,0
1477,25,392,1084,1.000000,1.000000,1.000000,1.000000,0,0,0,0
1478,23,392,1085,1.000000,1.000000,1.000000,1.000000,0,0,0,0
1479,21,392,1086,1.000000,1.000000,1.000000,1.000000,0,0,0,0
1480,19,392,1087,1.000000,1.000000,1.000000,1.000000,0,0,0,0
1481,17,392,1088,1.000000,1.000000,1.000000,1.000000,0,0,0,0
1482,15,392,1089,1.000000,1.000000,1.000000,1.000000,0,0,0,0
1483,13,392,1090,1.000000,1.000000,1.000000,1.000000,0,0,0,0
1484,11,392,1091,1.000000,1.000000,1.000000,1.000000,0,0,0,0
1485,9,392,1092,1.000000,1.000000,1.000000,1.000000,0,0,0,0
1486,7,392,1093,1.000000,1.000000,1.000000,1.000000,0,0,0,0
1487,5,392,1094,1.000000,1.000000,1.000000,1.000000,0,0,0,1
1488,3,392,1095,1.000000,1.000000,1.000000,1.000000,0,0,0,1
1489,29,393,1095,1.000000,1.000000,1.000000,1.000000,0,0,1,1
1490,27,393,1096,1.000000,1.000000,1.000000,1.000000,0,0,0,0
1491,29,394,1096,1.000000,1.000000,1.000000,1.000000,0,0,0,0
1492,27,394,1097,1.000000,1.000000,1.000000,1.000000,0,0,0,0
1493,25,394,1098,1.000000,1.000000,1.000000,1.000000,0,0,0,0
1494,23,394,1099,1.000000,1.000000,1.000000,1.000000,0,1,0,0
1495,21,394,1100,1.000000,1.000000,1.000000,1.000000,0,1,1,0
1496,29,395,1100,1.000000,1.000000,1.000000,1.000000,0,1,1,0
1497,27,395,1101,1.000000,1.000000,1.000000,1.000000,0,0,0,0
1498,29,396,1101,1.000000,1.000000,1.000000,1.000000,0,0,0,0
1499,27,396,1102,1.000000,1.000000,1.000000,1.000000,0,0,0,1
1500,25,396,1103,1.000000,1.000000,1.000000,1.000000,0,0,0,0
1501,29,397,1103,1.000000,1.000000,1.000000,1.000000,0,0,0,0
1502,27,397,1104,1.000000,1.000000,1.000000,1.000000,0,0,0,0
1503,25,397,1105,1.000000,1.000000,1.000000,1.000000,0,0,0,0
1504,23,397,1106,1.000000,1.000000,1.000000,1.000000,0,0,0,0
1505,21,397,1107,1.000000,1.000000,1.000000,1.000000,0,0,0,0
1506,19,397,1108,1.000000,1.000000,1.000000,1.000000,0,1,0,0
1507,17,397,1109,1.000000,1.000000,1.000000,1.000000,1,0,0,0
1508,29,398,1109,1.000000,1.000000,1.000000,1.000000,1,0,0,0
1509,27,398,1110,1.000000,1.000000,1.000000,1.000000,0,0,0,0
1510,29,399,1110,1.000000,1.000000,1.000000,1.000000,0,0,0,0
1511,27,399,1111,1.000000,1.000000,1.000000,1.000000,0,0,0,0
1512,25,399,1112,1.000000,1.000000,1.000000,1.000000,0,0,0,0
1513,23,399,1113,1.000000,1.000000,1.000000,1.000000,0,1,0,0
1514,21,399,1114,1.000000,1.000000,1.000000,1.000000,0,0,1,0
1515,19,399,1115,1.000000,1.000000,1.000000,1.000000,1,0,0,0
1516,17,399,1116,1.000000,1.000000,1.000000,1.000000,0,0,0,0
1517,29,400,1116,1.000000,1.000000,1.000000,1.000000,0,0,0,0
1518,27,400,1117,1.000000,1.000000,1.000000,1.000000,0,0,0,0
1519,25,400,1118,1.000000,1.000000,1.000000,1.000000,0,0,0,0
1520,23,400,1119,1.000000,1.000000,1.000000,1.000000,1,1,0,0
1521,21,400,1120,1.000000,1.000000,1.000000,1.000000,0,1,0,0
1522,29,401,1120,1.000000,1.000000,1.000000,1.000000,0,1,0,0
1523,27,401,1121,1.000000,1.000000,1.000000,1.000000,0,1,0,0
1524,25,401,1122,1.000000,1.000000,1.000000,1.000000,1,0,0,0
1525,29,402,1122,1.000000,1.000000,1.000000,1.000000,1,0,0,0
1526,27,402,1123,1.000000,1.000000,1.000000,1.000000,0,0,0,0
1527,29,403,1123,1.000000,1.000000,1.000000,1.000000,0,0,0,0
1528,27,403,1124,1.000000,1.000000,1.000000,1.000000,0,0,0,0
1529,25,403,1125,1.000000,1.000000,1.000000,1.000000,0,0,0,0
1530,23,403,1126,1.000000,1.000000,1.000000,1.000000,0,0,0,0
1531,21,403,1127,1.000000,1.000000,1.000000,1.000000,0,0,0,0
1532,19,403,1128,1.000000,1.000000,1.000000,1.000000,0,0,0,0
1533,17,403,1129,1.000000,1.000000,1.000000,1.000000,0,0,0,0
1534,15,403,1130,1.000000,1.000000,1.000000,1.000000,0,1,0,0
1535,13,403,1131,1.000000,1.000000,1.000000,1.000000,0,0,0,0
1536,29,404,1131,1.000000,1.000000,1.000000,1.000000,0,0,0,0
1537,27,404,1132,1.000000,1.000000,1.000000,1.000000,0,1,0,0
1538,25,404,1133,1.000000,1.000000,1.000000,1.000000,0,0,0,1
1539,23,404,1134,1.000000,1.000000,1.000000,1.000000,0,0,0,0
1540,29,405,1134,1.000000,1.000000,1.000000,1.000000,0,0,0,0
1541,27,405,1135,1.000000,1.000000,1.000000,1.000000,0,0,0,1
1542,25,405,1136,1.000000,1.000000,1.000000,1.000000,0,0,0,1
1543,29,406,1136,1.000000,1.000000,1.000000,1.000000,0,0,0,1
1544,27,406,1137,1.000000,1.000000,1.000000,1.000000,0,0,0,0
1545,29,407,1137,1.000000,1.000000,1.000000,1.000000,0,0,0,0
1546,27,407,1138,1.000000,1.000000,1.000000,1.000000,0,0,0,1
1547,25,407,1139,1.000000,1.000000,1.000000,1.000000,0,0,0,0
1548,29,408,1139,1.000000,1.000000,1.000000,1.000000,0,0,0,0
1549,27,408,1140,1.000000,1.000000,1.000000,1.000000,0,0,0,0
1550,25,408,1141,1.000000,1.000000,1.000000,1.000000,0,0,0,0
1551,23,408,1142,1.000000,1.000000,1.000000,1.000000,0,0,0,1
1552,21,408,1143,1.000000,1.000000,1.000000,1.000000,0,0,0,0
1553,29,409,1143,1.000000,1.000000,1.000000,1.000000,0,0,0,0
1554,27,409,1144,1.000000,1.000000,1.000000,1.000000,0,0,1,1
1555,25,409,1145,1.000000,1.000000,1.000000,1.000000,0,0,0,1
1556,29,410,1145,1.000000,1.000000,1.000000,1.000000,0,0,0,1
1557,27,410,1146,1.000000,1.000000,1.000000,1.000000,1,0,0,0
1558,29,411,1146,1.000000,1.000000,1.000000,1.000000,1,0,0,0
1559,27,411,1147,1.000000,1.000000,1.000000,1.000000,0,0,0,0
1560,29,412,1147,1.000000,1.000000,1.000000,1.000000,0,0,0,0
1561,27,412,1148,1.000000,1.000000,1.000000,1.000000,0,0,0,0
1562,25,412,1149,1.000000,1.000000,1.000000,1.000000,0,0,0,0
1563,23,412,1150,1.000000,1.000000,1.000000,1.000000,0,0,0,0
1564,21,412,1151,1.000000,1.000000,1.000000,1.000000,0,0,0,0
1565,19,412,1152,1.000000,1.000000,1.000000,1.000000,0,0,0,0
1566,17,412,1153,1.000000,1.000000,1.000000,1.000000,0,0,0,0
1567,15,412,1154,1.000000,1.000000,1.000000,1.000000,0,1,0,0
1568,13,412,1155,1.000000,1.000000,1.000000,1.000000,0,1,1,0
1569,11,412,1156,1.000000,1.000000,1.000000,1.000000,1,1,0,0
1570,29,413,1156,1.000000,1.000000,1.000000,1.000000,1,1,0,0
1571,27,413,1157,1.000000,1.000000,1.000000,1.000000,1,1,0,0
1572,25,413,1158,1.000000,1.000000,1.000000,1.000000,0,0,0,1
1573,29,414,1158,1.000000,1.000000,1.000000,1.000000,0,0,0,1
1574,27,414,1159,1.000000,1.000000,1.000000,1.000000,1,0,0,0
1575,29,415,1159,1.000000,1.000000,1.000000,1.000000,1,0,0,0
1576,27,415,1160,1.000000,1.000000,1.000000,1.000000,0,0,0,1
1577,29,416,1160,1.000000,1.000000,1.000000,1.000000,0,0,0,1
1578,27,416,1161,1.000000,1.000000,1.000000,1.000000,0,0,0,0
1579,29,417,1161,1.000000,1.000000,1.000000,1.000000,0,0,0,0
1580,27,417,1162,1.000000,1.000000,1.000000,1.000000,0,0,0,0
1581,25,417,1163,1.000000,1.000000,1.000000,1.000000,0,0,0,0
1582,23,417,1164,1.000000,1.000000,1.000000,1.000000,0,0,0,0
1583,21,417,1165,1.000000,1.000000,1.000000,1.000000,0,0,0,0
1584,19,417,1166,1.000000,1.000000,1.000000,1.000000,0,0,0,0
1585,17,417,1167,1.000000,1.000000,1.000000,1.000000,0,0,1,0
1586,15,417,1168,1.000000,1.000000,1.000000,1.000000,0,0,0,0
1587,29,418,1168,1.000000,1.000000,1.000000,1.000000,0,0,0,0
1588,27,418,1169,1.000000,1.000000,1.000000,1.000000,0,0,0,0
1589,25,418,1170,1.000000,1.000000,1.000000,1.000000,0,0,1,1
1590,23,418,1171,1.000000,1.000000,1.000000,1.000000,0,0,0,0
1591,29,419,1171,1.000000,1.000000,1.000000,1.000000,0,0,0,0
1592,27,419,1172,1.000000,1.000000,1.000000,1.000000,0,0,0,0
1593,25,419,1173,1.000000,1.000000,1.000000,1.000000,1,0,0,0
1594,23,419,1174,1.000000,1.000000,1.000000,1.000000,1,1,0,0
1595,29,420,1174,1.000000,1.000000,1.000000,1.000000,1,1,0,0
1596,27,420,1175,1.000000,1.000000,1.000000,1.000000,1,1,0,0
1597,29,421,1175,1.000000,1.000000,1.000000,1.000000,1,1,0,0
1598,27,421,1176,1.000000,1.000000,1.000000,1.000000,0,0,0,0
1599,29,422,1176,1.000000,1.000000,1.000000,1.000000,0,0,0,0
1600,27,422,1177,1.000000,1.000000,1.000000,1.000000,0,0,0,0
1601,25,422,1178,1.000000,1.000000,1.000000,1.000000,0,0,0,0
1602,29,423,1178,1.000000,1.000000,1.000000,1.000000,0,0,0,0
1603,27,423,1179,1.000000,1.000000,1.000000,1.000000,0,1,0,0
1604,25,423,1180,1.000000,1.000000,1.000000,1.000000,0,1,0,0
1605,29,424,1180,1.000000,1.000000,1.000000,1.000000,0,1,0,0
1606,27,424,1181,1.000000,1.000000,1.000000,1.000000,1,0,0,0
1607,29,425,1181,1.000000,1.000000,1.000000,1.000000,1,0,0,0
1608,27,425,1182,1.000000,1.000000,1.000000,1.000000,1,0,0,0
1609,29,426,1182,1.000000,1.000000,1.000000,1.000000,1,0,0,0
1610,27,426,1183,1.000000,1.000000,1.000000,1.000000,0,1,0,0
1611,29,427,1183,1.000000,1.000000,1.000000,1.000000,0,1,0,0
1612,27,427,1184,1.000000,1.000000,1.000000,1.000000,0,0,0,0
1613,29,428,1184,1.000000,1.000000,1.000000,1.000000,0,0,0,0
1614,27,428,1185,1.000000,1.000000,1.000000,1.000000,0,0,0,0
1615,25,428,1186,1.000000,1.000000,1.000000,1.000000,0,0,0,0
1616,23,428,1187,1.000000,1.000000,1.000000,1.000000,0,0,0,1
1617,21,428,1188,1.000000,1.000000,1.000000,1.000000,0,0,0,0
1618,29,429,1188,1.000000,1.000000,1.000000,1.000000,0,0,0,0
1619,27,429,1189,1.000000,1.000000,1.000000,1.000000,1,0,0,0
1620,25,429,1190,1.000000,1.000000,1.000000,1.000000,0,0,0,1
1621,29,430,1190,1.000000,1.000000,1.000000,1.000000,0,0,0,1
1622,27,430,1191,1.000000,1.000000,1.000000,1.000000,1,0,0,1
1623,29,431,1191,1.000000,1.000000,1.000000,1.000000,1,0,0,1
1624,27,431,1192,1.000000,1.000000,1.000000,1.000000,1,0,0,0
1625,29,432,1192,1.000000,1.000000,1.000000,1.000000,1,0,0,0
1626,27,432,1193,1.000000,1.000000,1.000000,1.000000,0,1,0,0
1627,29,433,1193,1.000000,1.000000,1.000000,1.000000,0,1,0,0
1628,27,433,1194,1.000000,1.000000,1.000000,1.000000,1,0,0,1
1629,25,433,1195,1.000000,1.000000,1.000000,1.000000,0,0,0,1
1630,29,434,1195,1.000000,1.000000,1.000000,1.000000,0,0,0,1
1631,27,434,1196,1.000000,1.000000,1.000000,1.000000,1,0,0,0
1632,29,435,1196,1.000000,1.000000,1.000000,1.000000,1,0,0,0
1633,27,435,1197,1.000000,1.000000,1.000000,1.000000,0,0,0,0
1634,29,436,1197,1.000000,1.000000,1.000000,1.000000,0,0,0,0
1635,27,436,1198,1.000000,1.000000,1.000000,1.000000,0,0,0,0
1636,25,436,1199,1.000000,1.000000,1.000000,1.000000,0,0,1,1
1637,23,436,1200,1.000000,1.000000,1.000000,1.000000,0,0,1,0
1638,21,436,1201,1.000000,1.000000,1.000000,1.000000,1,1,1,1
1639,29,437,1201,1.000000,1.000000,1.000000,1.000000,1,1,1,1
1640,27,437,1202,1.000000,1.000000,1.000000,1.000000,0,0,0,0
1641,29,438,1202,1.000000,1.000000,1.000000,1.000000,0,0,0,0
1642,27,438,1203,1.000000,1.000000,1.000000,1.000000,0,0,0,0
1643,25,438,1204,1.000000,1.000000,1.000000,1.000000,0,0,0,0
1644,23,438,1205,1.000000,1.000000,1.000000,1.000000,0,0,0,0
1645,21,438,1206,1.000000,1.000000,1.000000,1.000000,0,0,0,0
1646,19,438,1207,1.000000,1.000000,1.000000,1.000000,0,0,0,0
1647,17,438,1208,1.000000,1.000000,1.000000,1.000000,0,0,0,0
1648,15,438,1209,1.000000,1.000000,1.000000,1.000000,0,0,0,0
1649,13,438,1210,1.000000,1.000000,1.000000,1.000000,0,1,0,0
1650,11,438,1211,1.000000,1.000000,1.000000,1.000000,0,0,0,0
1651,29,439,1211,1.000000,1.000000,1.000000,1.000000,0,0,0,0
1652,27,439,1212,1.000000,1.000000,1.000000,1.000000,0,0,1,0
1653,25,439,1213,1.000000,1.000000,1.000000,1.000000,0,0,0,0
1654,29,440,1213,1.000000,1.000000,1.000000,1.000000,0,0,0,0
1655,27,440,1214,1.000000,1.000000,1.000000,1.000000,0,0,0,0
1656,25,440,1215,1.000000,1.000000,1.000000,1.000000,1,0,0,0
1657,23,440,1216,1.000000,1.000000,1.000000,1.000000,1,1,0,0
1658,21,440,1217,1.000000,1.000000,1.000000,1.000000,0,1,1,0
1659,29,441,1217,1.000000,1.000000,1.000000,1.000000,0,1,1,0
1660,27,441,1218,1.000000,1.000000,1.000000,1.000000,0,1,0,0
1661,29,442,1218,1.000000,1.000000,1.000000,1.000000,0,1,0,0
1662,27,442,1219,1.000000,1.000000,1.000000,1.000000,1,1,0,0
1663,29,443,1219,1.000000,1.000000,1.000000,1.000000,1,1,0,0
1664,27,443,1220,1.000000,1.000000,1.000000,1.000000,0,0,0,0
1665,29,444,1220,1.000000,1.000000,1.000000,1.000000,0,0,0,0
1666,27,444,1221,1.000000,1.000000,1.000000,1.000000,0,1,0,0
1667,25,444,1222,1.000000,1.000000,1.000000,1.000000,0,0,0,0
1668,29,445,1222,1.000000,1.000000,1.000000,1.000000,0,0,0,0
1669,27,445,1223,1.000000,1.000000,1.000000,1.000000,0,0,0,0
1670,25,445,1224,1.000000,1.000000,1.000000,1.000000,0,0,1,0
1671,23,445,1225,1.000000,1.000000,1.000000,1.000000,0,1,1,0
1672,21,445,1226,1.000000,1.000000,1.000000,1.000000,0,0,0,1
1673,29,446,1226,1.000000,1.000000,1.000000,1.000000,0,0,0,1
1674,27,446,1227,1.000000,1.000000,1.000000,1.000000,0,0,1,0
1675,25,446,1228,1.000000,1.000000,1.000000,1.000000,1,0,1,0
1676,29,447,1228,1.000000,1.000000,1.000000,1.000000,1,0,1,0
1677,27,447,1229,1.000000,1.000000,1.000000,1.000000,0,0,0,0
1678,29,448,1229,1.000000,1.000000,1.000000,1.000000,0,0,0,0
1679,27,448,1230,1.000000,1.000000,1.000000,1.000000,0,0,0,0
1680,25,448,1231,1.000000,1.000000,1.000000,1.000000,0,0,0,0
1681,23,448,1232,1.000000,1.000000,1.000000,1.000000,0,0,0,0
1682,21,448,1233,1.000000,1.000000,1.000000,1.000000,0,0,0,0
1683,19,448,1234,1.000000,1.000000,1.000000,1.000000,0,0,0,0
1684,17,448,1235,1.000000,1.000000,1.000000,1.000000,0,0,0,0
1685,15,448,1236,1.000000,1.000000,1.000000,1.000000,0,0,0,0
1686,13,448,1237,1.000000,1.000000,1.000000,1.000000,0,0,0,0
1687,11,448,1238,1.000000,1.000000,1.000000,1.000000,0,0,0,1
1688,9,448,1239,1.000000,1.000000,1.000000,1.000000,0,0,0,1
1689,29,449,1239,1.000000,1.000000,1.000000,1.000000,0,0,0,1
1690,27,449,1240,1.000000,1.000000,1.000000,1.000000,0,0,0,0
1691,29,450,1240,1.000000,1.000000,1.000000,1.000000,0,0,0,0
1692,27,450,1241,1.000000,1.000000,1.000000,1.000000,1,0,0,0
1693,25,450,1242,1.000000,1.000000,1.000000,1.000000,1,0,0,0
1694,23,450,1243,1.000000,1.000000,1.000000,1.000000,0,1,1,0
1695,21,450,1244,1.000000,1.000000,1.000000,1.000000,0,0,0,1
1696,29,451,1244,1.000000,1.000000,1.000000,1.000000,0,0,0,1
1697,27,451,1245,1.000000,1.000000,1.000000,1.000000,0,0,0,0
1698,25,451,1246,1.000000,1.000000,1.000000,1.000000,0,0,0,0
1699,23,451,1247,1.000000,1.000000,1.000000,1.000000,0,0,0,0
1700,21,451,1248,1.000000,1.000000,1.000000,1.000000,0,0,0,0
1701,19,451,1249,1.000000,1.000000,1.000000,1.000000,0,0,0,0
1702,17,451,1250,1.000000,1.000000,1.000000,1.000000,0,1,0,0
1703,15,451,1251,1.000000,1.000000,1.000000,1.000000,0,0,0,0
1704,29,452,1251,1.000000,1.000000,1.000000,1.000000,0,0,0,0
1705,27,452,1252,1.000000,1.000000,1.000000,1.000000,0,0,0,0
1706,25,452,1253,1.000000,1.000000,1.000000,1.000000,0,0,0,0
1707,23,452,1254,1.000000,1.000000,1.000000,1.000000,1,0,1,0
1708,21,452,1255,1.000000,1.000000,1.000000,1.000000,0,1,1,0
1709,29,453,1255,1.000000,1.000000,1.000000,1.000000,0,1,1,0
1710,27,453,1256,1.000000,1.000000,1.000000,1.000000,0,0,0,0
1711,29,454,1256,1.000000,1.000000,1.000000,1.000000,0,0,0,0
1712,27,454,1257,1.000000,1.000000,1.000000,1.000000,1,0,0,0
1713,25,454,1258,1.000000,1.000000,1.000000,1.000000,0,0,0,0
1714,29,455,1258,1.000000,1.000000,1.000000,1.000000,0,0,0,0
1715,27,455,1259,1.000000,1.000000,1.000000,1.000000,1,0,0,0
1716,25,455,1260,1.000000,1.000000,1.000000,1.000000,0,0,0,1
1717,29,456,1260,1.000000,1.000000,1.000000,1.000000,0,0,0,1
1718,27,456,1261,1.000000,1.000000,1.000000,1.000000,0,0,0,0
1719,29,457,1261,1.000000,1.000000,1.000000,1.000000,0,0,0,0
1720,27,457,1262,1.000000,1.000000,1.000000,1.000000,0,0,1,0
1721,25,457,1263,1.000000,1.000000,1.000000,1.000000,0,0,0,0
1722,29,458,1263,1.000000,1.000000,1.000000,1.000000,0,0,0,0
1723,27,458,1264,1.000000,1.000000,1.000000,1.000000,0,0,0,0
1724,25,458,1265,1.000000,1.000000,1.000000,1.000000,0,0,0,0
1725,23,458,1266,1.000000,1.000000,1.000000,1.000000,0,1,0,0
1726,21,458,1267,1.000000,1.000000,1.000000,1.000000,0,0,1,0
1727,29,459,1267,1.000000,1.000000,1.000000,1.000000,0,0,1,0
1728,27,459,1268,1.000000,1.000000,1.000000,1.000000,0,0,0,0
1729,29,460,1268,1.000000,1.000000,1.000000,1.000000,0,0,0,0
1730,27,460,1269,1.000000,1.000000,1.000000,1.000000,0,0,0,0
1731,25,460,1270,1.000000,1.000000,1.000000,1.000000,0,0,0,0
1732,23,460,1271,1.000000,1.000000,1.000000,1.000000,0,0,0,0
1733,21,460,1272,1.000000,1.000000,1.000000,1.000000,0,0,0,0
1734,19,460,1273,1.000000,1.000000,1.000000,1.000000,0,0,0,0
1735,17,460,1274,1.000000,1.000000,1.000000,1.000000,0,0,0,0
1736,15,460,1275,1.000000,1.000000,1.000000,1.000000,0,0,0,0
1737,13,460,1276,1.000000,1.000000,1.000000,1.000000,0,0,0,0
1738,11,460,1277,1.000000,1.000000,1.000000,1.000000,0,0,0,0
1739,9,460,1278,1.000000,1.000000,1.000000,1.000000,0,0,0,0
1740,7,460,1279,1.000000,1.000000,1.000000,1.000000,0,0,0,0
1741,5,460,1280,1.000000,1.000000,1.000000,1.000000,0,0,0,0
1742,3,460,1281,1.000000,1.000000,1.000000,1.000000,0,0,0,0
1743,1,460,1282,1.000000,1.000000,1.000000,1.000000,0,0,0,0
1744,0,460,1283,1.000000,1.000000,1.000000,1.000000,0,0,0,0
