tick,energy,eats,distance,conn_1_6_weight,conn_2_7_weight,conn_3_8_weight,conn_4_9_weight,food_north_sensed,food_east_sensed,food_south_sensed,food_west_sensed
0,30,0,0,1.000000,1.000000,1.000000,1.000000,0,0,0,0
1,29,0,0,1.000000,1.000000,1.000000,1.000000,0,0,1,0
2,29,1,0,1.000000,1.000000,1.000000,1.000000,0,0,1,0
3,27,1,1,1.000000,1.000000,1.000000,1.000000,0,0,1,0
4,29,2,1,1.000000,1.000000,1.000000,1.000000,0,0,1,0
5,27,2,2,1.000000,1.000000,1.000000,1.000000,0,0,0,0
6,29,3,2,1.000000,1.000000,1.000000,1.000000,0,0,0,0
7,27,3,3,1.000000,1.000000,1.000000,1.000000,0,0,0,0
8,25,3,4,1.000000,1.000000,1.000000,1.000000,0,0,0,0
9,23,3,5,1.000000,1.000000,1.000000,1.000000,0,0,0,0
10,21,3,6,1.000000,1.000000,1.000000,1.000000,0,0,0,0
11,19,3,7,1.000000,1.000000,1.000000,1.000000,1,0,0,0
12,17,3,8,1.000000,1.000000,1.000000,1.000000,0,0,0,0
13,15,3,9,1.000000,1.000000,1.000000,1.000000,1,0,0,1
14,13,3,10,1.000000,1.000000,1.000000,1.000000,0,0,1,0
15,29,4,10,1.000000,1.000000,1.000000,1.000000,0,0,1,0
16,27,4,11,1.000000,1.000000,1.000000,1.000000,0,0,0,0
17,29,5,11,1.000000,1.000000,1.000000,1.000000,0,0,0,0
18,27,5,12,1.000000,1.000000,1.000000,1.000000,0,0,0,0
19,25,5,13,1.000000,1.000000,1.000000,1.000000,1,0,0,0
20,23,5,14,1.000000,1.000000,1.000000,1.000000,0,0,0,0
21,29,6,14,1.000000,1.000000,1.000000,1.000000,0,0,0,0
22,27,6,15,1.000000,1.000000,1.000000,1.000000,0,0,0,0
23,25,6,16,1.000000,1.000000,1.000000,1.000000,0,0,0,0
24,23,6,17,1.000000,1.000000,1.000000,1.000000,0,0,0,0
25,21,6,18,1.000000,1.000000,1.000000,1.000000,0,0,0,0
26,19,6,19,1.000000,1.000000,1.000000,1.000000,0,0,0,0
27,17,6,20,1.000000,1.000000,1.000000,1.000000,0,0,0,0
28,15,6,21,1.000000,1.000000,1.000000,1.000000,1,1,0,0
29,13,6,22,1.000000,1.000000,1.000000,1.000000,0,0,0,0
30,29,7,22,1.000000,1.000000,1.000000,1.000000,0,0,0,0
31,27,7,23,1.000000,1.000000,1.000000,1.000000,0,0,0,0
32,25,7,24,1.000000,1.000000,1.000000,1.000000,0,0,0,0
33,23,7,25,1.000000,1.000000,1.000000,1.000000,1,0,0,0
34,21,7,26,1.000000,1.000000,1.000000,1.000000,0,0,0,0
35,29,8,26,1.000000,1.000000,1.000000,1.000000,0,0,0,0
36,27,8,27,1.000000,1.000000,1.000000,1.000000,0,1,0,0
37,25,8,28,1.000000,1.000000,1.000000,1.000000,0,0,0,0
38,29,9,28,1.000000,1.000000,1.000000,1.000000,0,0,0,0
39,27,9,29,1.000000,1.000000,1.000000,1.000000,0,0,0,0
40,25,9,30,1.000000,1.000000,1.000000,1.000000,0,0,0,0
41,23,9,31,1.000000,1.000000,1.000000,1.000000,0,0,0,0
42,21,9,32,1.000000,1.000000,1.000000,1.000000,0,0,0,0
43,19,9,33,1.000000,1.000000,1.000000,1.000000,0,0,1,0
44,17,9,34,1.000000,1.000000,1.000000,1.000000,0,0,1,0
45,29,10,34,1.000000,1.000000,1.000000,1.000000,0,0,1,0
46,27,10,35,1.000000,1.000000,1.000000,1.000000,0,0,1,0
47,29,11,35,1.000000,1.000000,1.000000,1.000000,0,0,1,0
48,27,11,36,1.000000,1.000000,1.000000,1.000000,0,0,0,0
49,29,12,36,1.000000,1.000000,1.000000,1.000000,0,0,0,0
50,27,12,37,1.000000,1.000000,1.000000,1.000000,0,0,0,0
51,25,12,38,1.000000,1.000000,1.000000,1.000000,0,0,0,0
52,23,12,39,1.000000,1.000000,1.000000,1.000000,0,1,1,0
53,21,12,40,1.000000,1.000000,1.000000,1.000000,0,0,0,0
54,29,13,40,1.000000,1.000000,1.000000,1.000000,0,0,0,0
55,27,13,41,1.000000,1.000000,1.000000,1.000000,0,0,0,0
56,25,13,42,1.000000,1.000000,1.000000,1.000000,0,0,0,0
57,23,13,43,1.000000,1.000000,1.000000,1.000000,0,0,0,0
58,21,13,44,1.000000,1.000000,1.000000,1.000000,0,0,0,0
59,19,13,45,1.000000,1.000000,1.000000,1.000000,0,0,0,0
60,17,13,46,1.000000,1.000000,1.000000,1.000000,0,0,1,0
61,15,13,47,1.000000,1.000000,1.000000,1.000000,0,1,0,0
62,29,14,47,1.000000,1.000000,1.000000,1.000000,0,1,0,0
63,27,14,48,1.000000,1.000000,1.000000,1.000000,0,0,0,0
64,29,15,48,1.000000,1.000000,1.000000,1.000000,0,0,0,0
65,27,15,49,1.000000,1.000000,1.000000,1.000000,0,0,0,0
66,25,15,50,1.000000,1.000000,1.000000,1.000000,0,0,0,0
67,23,15,51,1.000000,1.000000,1.000000,1.000000,0,1,0,0
68,21,15,52,1.000000,1.000000,1.000000,1.000000,0,0,1,1
69,19,15,53,1.000000,1.000000,1.000000,1.000000,0,0,0,1
70,29,16,53,1.000000,1.000000,1.000000,1.000000,0,0,0,1
71,27,16,54,1.000000,1.000000,1.000000,1.000000,1,0,1,0
72,29,17,54,1.000000,1.000000,1.000000,1.000000,1,0,1,0
73,27,17,55,1.000000,1.000000,1.000000,1.000000,0,0,0,0
74,29,18,55,1.000000,1.000000,1.000000,1.000000,0,0,0,0
75,27,18,56,1.000000,1.000000,1.000000,1.000000,0,0,0,0
76,25,18,57,1.000000,1.000000,1.000000,1.000000,0,0,0,0
77,23,18,58,1.000000,1.000000,1.000000,1.000000,0,0,0,0
78,21,18,59,1.000000,1.000000,1.000000,1.000000,0,0,0,0
79,19,18,60,1.000000,1.000000,1.000000,1.000000,0,0,0,0
80,17,18,61,1.000000,1.000000,1.000000,1.000000,0,0,0,0
81,15,18,62,1.000000,1.000000,1.000000,1.000000,0,0,0,0
82,13,18,63,1.000000,1.000000,1.000000,1.000000,0,0,0,0
83,11,18,64,1.000000,1.000000,1.000000,1.000000,0,1,0,0
84,9,18,65,1.000000,1.000000,1.000000,1.000000,0,0,0,0
85,29,19,65,1.000000,1.000000,1.000000,1.000000,0,0,0,0
86,27,19,66,1.000000,1.000000,1.000000,1.000000,0,0,0,0
87,25,19,67,1.000000,1.000000,1.000000,1.000000,0,0,0,0
88,23,19,68,1.000000,1.000000,1.000000,1.000000,0,0,0,0
89,21,19,69,1.000000,1.000000,1.000000,1.000000,0,0,0,0
90,19,19,70,1.000000,1.000000,1.000000,1.000000,0,0,0,0
91,17,19,71,1.000000,1.000000,1.000000,1.000000,0,0,0,0
92,15,19,72,1.000000,1.000000,1.000000,1.000000,0,0,0,0
93,13,19,73,1.000000,1.000000,1.000000,1.000000,0,0,0,0
94,11,19,74,1.000000,1.000000,1.000000,1.000000,0,0,0,0
95,9,19,75,1.000000,1.000000,1.000000,1.000000,0,0,0,0
96,7,19,76,1.000000,1.000000,1.000000,1.000000,1,0,0,0
97,5,19,77,1.000000,1.000000,1.000000,1.000000,1,0,0,0
98,29,20,77,1.000000,1.000000,1.000000,1.000000,1,0,0,0
99,27,20,78,1.000000,1.000000,1.000000,1.000000,1,1,0,0
100,29,21,78,1.000000,1.000000,1.000000,1.000000,1,1,0,0
101,27,21,79,1.000000,1.000000,1.000000,1.000000,0,0,0,1
102,29,22,79,1.000000,1.000000,1.000000,1.000000,0,0,0,1
103,27,22,80,1.000000,1.000000,1.000000,1.000000,0,0,0,0
104,29,23,80,1.000000,1.000000,1.000000,1.000000,0,0,0,0
105,27,23,81,1.000000,1.000000,1.000000,1.000000,0,0,0,0
106,25,23,82,1.000000,1.000000,1.000000,1.000000,0,0,0,0
107,23,23,83,1.000000,1.000000,1.000000,1.000000,0,0,0,1
108,21,23,84,1.000000,1.000000,1.000000,1.000000,0,0,0,1
109,29,24,84,1.000000,1.000000,1.000000,1.000000,0,0,0,1
110,27,24,85,1.000000,1.000000,1.000000,1.000000,0,0,0,0
111,25,24,86,1.000000,1.000000,1.000000,1.000000,0,1,0,0
112,23,24,87,1.000000,1.000000,1.000000,1.000000,0,0,0,0
113,29,25,87,1.000000,1.000000,1.000000,1.000000,0,0,0,0
114,27,25,88,1.000000,1.000000,1.000000,1.000000,0,0,1,0
115,25,25,89,1.000000,1.000000,1.000000,1.000000,1,0,0,0
116,29,26,89,1.000000,1.000000,1.000000,1.000000,1,0,0,0
117,27,26,90,1.000000,1.000000,1.000000,1.000000,1,0,0,0
118,29,27,90,1.000000,1.000000,1.000000,1.000000,1,0,0,0
119,27,27,91,1.000000,1.000000,1.000000,1.000000,0,0,0,0
120,25,27,92,1.000000,1.000000,1.000000,1.000000,1,0,0,0
121,23,27,93,1.000000,1.000000,1.000000,1.000000,0,0,0,1
122,29,28,93,1.000000,1.000000,1.000000,1.000000,0,0,0,1
123,27,28,94,1.000000,1.000000,1.000000,1.000000,0,0,0,0
124,29,29,94,1.000000,1.000000,1.000000,1.000000,0,0,0,0
125,27,29,95,1.000000,1.000000,1.000000,1.000000,0,0,0,0
126,25,29,96,1.000000,1.000000,1.000000,1.000000,0,0,0,0
127,23,29,97,1.000000,1.000000,1.000000,1.000000,0,0,0,0
128,21,29,98,1.000000,1.000000,1.000000,1.000000,0,1,0,0
129,19,29,99,1.000000,1.000000,1.000000,1.000000,0,1,0,0
130,29,30,99,1.000000,1.000000,1.000000,1.000000,0,1,0,0
131,27,30,100,1.000000,1.000000,1.000000,1.000000,0,0,0,0
132,29,31,100,1.000000,1.000000,1.000000,1.000000,0,0,0,0
133,27,31,101,1.000000,1.000000,1.000000,1.000000,0,1,0,0
134,25,31,102,1.000000,1.000000,1.000000,1.000000,0,0,0,0
135,29,32,102,1.000000,1.000000,1.000000,1.000000,0,0,0,0
136,27,32,103,1.000000,1.000000,1.000000,1.000000,0,0,0,0
137,25,32,104,1.000000,1.000000,1.000000,1.000000,0,1,0,0
138,23,32,105,1.000000,1.000000,1.000000,1.000000,0,0,0,0
139,29,33,105,1.000000,1.000000,1.000000,1.000000,0,0,0,0
140,27,33,106,1.000000,1.000000,1.000000,1.000000,0,0,0,0
141,25,33,107,1.000000,1.000000,1.000000,1.000000,0,0,0,0
142,23,33,108,1.000000,1.000000,1.000000,1.000000,0,0,0,0
143,21,33,109,1.000000,1.000000,1.000000,1.000000,0,0,0,0
144,19,33,110,1.000000,1.000000,1.000000,1.000000,0,0,0,0
145,17,33,111,1.000000,1.000000,1.000000,1.000000,0,0,0,0
146,15,33,112,1.000000,1.000000,1.000000,1.000000,1,0,0,0
147,13,33,113,1.000000,1.000000,1.000000,1.000000,0,1,0,0
148,29,34,113,1.000000,1.000000,1.000000,1.000000,0,1,0,0
149,27,34,114,1.000000,1.000000,1.000000,1.000000,1,0,0,0
150,29,35,114,1.000000,1.000000,1.000000,1.000000,1,0,0,0
151,27,35,115,1.000000,1.000000,1.000000,1.000000,0,1,0,0
152,25,35,116,1.000000,1.000000,1.000000,1.000000,0,0,0,1
153,29,36,116,1.000000,1.000000,1.000000,1.000000,0,0,0,1
154,27,36,117,1.000000,1.000000,1.000000,1.000000,0,0,0,0
155,29,37,117,1.000000,1.000000,1.000000,1.000000,0,0,0,0
156,27,37,118,1.000000,1.000000,1.000000,1.000000,0,0,0,0
157,25,37,119,1.000000,1.000000,1.000000,1.000000,0,1,0,0
158,23,37,120,1.000000,1.000000,1.000000,1.000000,1,1,0,0
159,21,37,121,1.000000,1.000000,1.000000,1.000000,0,0,1,0
160,29,38,121,1.000000,1.000000,1.000000,1.000000,0,0,1,0
161,27,38,122,1.000000,1.000000,1.000000,1.000000,0,1,0,0
162,29,39,122,1.000000,1.000000,1.000000,1.000000,0,1,0,0
163,27,39,123,1.000000,1.000000,1.000000,1.000000,0,1,0,0
164,29,40,123,1.000000,1.000000,1.000000,1.000000,0,1,0,0
165,27,40,124,1.000000,1.000000,1.000000,1.000000,0,0,0,0
166,29,41,124,1.000000,1.000000,1.000000,1.000000,0,0,0,0
167,27,41,125,1.000000,1.000000,1.000000,1.000000,0,0,1,0
168,25,41,126,1.000000,1.000000,1.000000,1.000000,0,0,1,0
169,29,42,126,1.000000,1.000000,1.000000,1.000000,0,0,1,0
170,27,42,127,1.000000,1.000000,1.000000,1.000000,0,1,0,0
171,29,43,127,1.000000,1.000000,1.000000,1.000000,0,1,0,0
172,27,43,128,1.000000,1.000000,1.000000,1.000000,0,0,0,0
173,25,43,129,1.000000,1.000000,1.000000,1.000000,0,0,0,0
174,23,43,130,1.000000,1.000000,1.000000,1.000000,0,0,0,0
175,21,43,131,1.000000,1.000000,1.000000,1.000000,0,0,0,0
176,19,43,132,1.000000,1.000000,1.000000,1.000000,0,0,0,0
177,17,43,133,1.000000,1.000000,1.000000,1.000000,0,0,0,0
178,15,43,134,1.000000,1.000000,1.000000,1.000000,0,0,0,0
179,13,43,135,1.000000,1.000000,1.000000,1.000000,1,0,0,1
180,11,43,136,1.000000,1.000000,1.000000,1.000000,0,0,0,1
181,29,44,136,1.000000,1.000000,1.000000,1.000000,0,0,0,1
182,27,44,137,1.000000,1.000000,1.000000,1.000000,0,0,1,0
183,29,45,137,1.000000,1.000000,1.000000,1.000000,0,0,1,0
184,27,45,138,1.000000,1.000000,1.000000,1.000000,0,0,0,1
185,29,46,138,1.000000,1.000000,1.000000,1.000000,0,0,0,1
186,27,46,139,1.000000,1.000000,1.000000,1.000000,0,0,0,0
187,29,47,139,1.000000,1.000000,1.000000,1.000000,0,0,0,0
188,27,47,140,1.000000,1.000000,1.000000,1.000000,0,0,0,0
189,25,47,141,1.000000,1.000000,1.000000,1.000000,1,0,0,0
190,23,47,142,1.000000,1.000000,1.000000,1.000000,0,0,0,0
191,29,48,142,1.000000,1.000000,1.000000,1.000000,0,0,0,0
192,27,48,143,1.000000,1.000000,1.000000,1.000000,1,0,0,0
193,25,48,144,1.000000,1.000000,1.000000,1.000000,1,0,0,0
194,29,49,144,1.000000,1.000000,1.000000,1.000000,1,0,0,0
195,27,49,145,1.000000,1.000000,1.000000,1.000000,0,0,0,0
196,29,50,145,1.000000,1.000000,1.000000,1.000000,0,0,0,0
197,27,50,146,1.000000,1.000000,1.000000,1.000000,0,0,0,0
198,25,50,147,1.000000,1.000000,1.000000,1.000000,0,0,0,0
199,23,50,148,1.000000,1.000000,1.000000,1.000000,0,0,0,0
200,21,50,149,1.000000,1.000000,1.000000,1.000000,1,0,0,0
201,19,50,150,1.000000,1.000000,1.000000,1.000000,0,1,0,0
202,17,50,151,1.000000,1.000000,1.000000,1.000000,0,0,1,0
203,29,51,151,1.000000,1.000000,1.000000,1.000000,0,0,1,0
204,27,51,152,1.000000,1.000000,1.000000,1.000000,0,1,0,0
205,29,52,152,1.000000,1.000000,1.000000,1.000000,0,1,0,0
206,27,52,153,1.000000,1.000000,1.000000,1.000000,0,0,1,0
207,25,52,154,1.000000,1.000000,1.000000,1.000000,0,0,0,1
208,23,52,155,1.000000,1.000000,1.000000,1.000000,0,1,1,0
209,29,53,155,1.000000,1.000000,1.000000,1.000000,0,1,1,0
210,27,53,156,1.000000,1.000000,1.000000,1.000000,0,0,0,1
211,29,54,156,1.000000,1.000000,1.000000,1.000000,0,0,0,1
212,27,54,157,1.000000,1.000000,1.000000,1.000000,0,0,0,0
213,29,55,157,1.000000,1.000000,1.000000,1.000000,0,0,0,0
214,27,55,158,1.000000,1.000000,1.000000,1.000000,0,0,0,0
215,25,55,159,1.000000,1.000000,1.000000,1.000000,1,0,0,0
216,23,55,160,1.000000,1.000000,1.000000,1.000000,0,0,0,0
217,29,56,160,1.000000,1.000000,1.000000,1.000000,0,0,0,0
218,27,56,161,1.000000,1.000000,1.000000,1.000000,1,0,0,0
219,25,56,162,1.000000,1.000000,1.000000,1.000000,1,0,0,0
220,23,56,163,1.000000,1.000000,1.000000,1.000000,0,0,1,0
221,29,57,163,1.000000,1.000000,1.000000,1.000000,0,0,1,0
222,27,57,164,1.000000,1.000000,1.000000,1.000000,0,0,0,0
223,29,58,164,1.000000,1.000000,1.000000,1.000000,0,0,0,0
224,27,58,165,1.000000,1.000000,1.000000,1.000000,0,0,0,0
225,25,58,166,1.000000,1.000000,1.000000,1.000000,0,0,0,0
226,23,58,167,1.000000,1.000000,1.000000,1.000000,0,0,0,0
227,21,58,168,1.000000,1.000000,1.000000,1.000000,0,0,0,0
228,19,58,169,1.000000,1.000000,1.000000,1.000000,0,0,0,0
229,17,58,170,1.000000,1.000000,1.000000,1.000000,0,0,0,0
230,15,58,171,1.000000,1.000000,1.000000,1.000000,0,0,0,0
231,13,58,172,1.000000,1.000000,1.000000,1.000000,0,0,0,0
232,11,58,173,1.000000,1.000000,1.000000,1.000000,0,0,0,0
233,9,58,174,1.000000,1.000000,1.000000,1.000000,0,0,0,1
234,7,58,175,1.000000,1.000000,1.000000,1.000000,0,0,0,0
235,29,59,175,1.000000,1.000000,1.000000,1.000000,0,0,0,0
236,27,59,176,1.000000,1.000000,1.000000,1.000000,0,0,0,0
237,25,59,177,1.000000,1.000000,1.000000,1.000000,0,0,0,0
238,23,59,178,1.000000,1.000000,1.000000,1.000000,0,0,0,0
239,21,59,179,1.000000,1.000000,1.000000,1.000000,0,0,0,0
240,19,59,180,1.000000,1.000000,1.000000,1.000000,0,0,0,0
241,17,59,181,1.000000,1.000000,1.000000,1.000000,0,1,1,0
242,15,59,182,1.000000,1.000000,1.000000,1.000000,1,0,0,0
243,13,59,183,1.000000,1.000000,1.000000,1.000000,0,0,1,0
244,29,60,183,1.000000,1.000000,1.000000,1.000000,0,0,1,0
245,27,60,184,1.000000,1.000000,1.000000,1.000000,0,0,0,0
246,29,61,184,1.000000,1.000000,1.000000,1.000000,0,0,0,0
247,27,61,185,1.000000,1.000000,1.000000,1.000000,0,0,1,0
248,25,61,186,1.000000,1.000000,1.000000,1.000000,0,0,0,0
249,29,62,186,1.000000,1.000000,1.000000,1.000000,0,0,0,0
250,27,62,187,1.000000,1.000000,1.000000,1.000000,0,0,0,0
251,25,62,188,1.000000,1.000000,1.000000,1.000000,0,0,0,1
252,23,62,189,1.000000,1.000000,1.000000,1.000000,0,0,0,1
253,29,63,189,1.000000,1.000000,1.000000,1.000000,0,0,0,1
254,27,63,190,1.000000,1.000000,1.000000,1.000000,0,0,1,0
255,25,63,191,1.000000,1.000000,1.000000,1.000000,0,0,0,0
256,29,64,191,1.000000,1.000000,1.000000,1.000000,0,0,0,0
257,27,64,192,1.000000,1.000000,1.000000,1.000000,0,0,0,0
258,25,64,193,1.000000,1.000000,1.000000,1.000000,0,0,1,0
259,23,64,194,1.000000,1.000000,1.000000,1.000000,0,0,0,1
260,29,65,194,1.000000,1.000000,1.000000,1.000000,0,0,0,1
261,27,65,195,1.000000,1.000000,1.000000,1.000000,0,0,0,0
262,29,66,195,1.000000,1.000000,1.000000,1.000000,0,0,0,0
263,27,66,196,1.000000,1.000000,1.000000,1.000000,0,0,1,0
264,25,66,197,1.000000,1.000000,1.000000,1.000000,0,0,1,1
265,29,67,197,1.000000,1.000000,1.000000,1.000000,0,0,1,1
266,27,67,198,1.000000,1.000000,1.000000,1.000000,0,0,0,0
267,25,67,199,1.000000,1.000000,1.000000,1.000000,0,1,1,0
268,23,67,200,1.000000,1.000000,1.000000,1.000000,0,0,0,0
269,29,68,200,1.000000,1.000000,1.000000,1.000000,0,0,0,0
270,27,68,201,1.000000,1.000000,1.000000,1.000000,0,0,1,0
271,25,68,202,1.000000,1.000000,1.000000,1.000000,0,1,1,0
272,29,69,202,1.000000,1.000000,1.000000,1.000000,0,1,1,0
273,27,69,203,1.000000,1.000000,1.000000,1.000000,0,0,0,0
274,29,70,203,1.000000,1.000000,1.000000,1.000000,0,0,0,0
275,27,70,204,1.000000,1.000000,1.000000,1.000000,0,1,0,0
276,25,70,205,1.000000,1.000000,1.000000,1.000000,0,0,0,0
277,29,71,205,1.000000,1.000000,1.000000,1.000000,0,0,0,0
278,27,71,206,1.000000,1.000000,1.000000,1.000000,0,0,0,0
279,25,71,207,1.000000,1.000000,1.000000,1.000000,0,0,0,0
280,23,71,208,1.000000,1.000000,1.000000,1.000000,0,0,0,0
281,21,71,209,1.000000,1.000000,1.000000,1.000000,0,0,1,0
282,19,71,210,1.000000,1.000000,1.000000,1.000000,0,1,0,0
283,29,72,210,1.000000,1.000000,1.000000,1.000000,0,1,0,0
284,27,72,211,1.000000,1.000000,1.000000,1.000000,0,0,0,0
285,29,73,211,1.000000,1.000000,1.000000,1.000000,0,0,0,0
286,27,73,212,1.000000,1.000000,1.000000,1.000000,0,1,0,0
287,25,73,213,1.000000,1.000000,1.000000,1.000000,0,0,0,0
288,29,74,213,1.000000,1.000000,1.000000,1.000000,0,0,0,0
289,27,74,214,1.000000,1.000000,1.000000,1.000000,0,1,0,0
290,25,74,215,1.000000,1.000000,1.000000,1.000000,0,0,0,0
291,23,74,216,1.000000,1.000000,1.000000,1.000000,0,1,0,0
292,21,74,217,1.000000,1.000000,1.000000,1.000000,0,0,0,0
293,29,75,217,1.000000,1.000000,1.000000,1.000000,0,0,0,0
294,27,75,218,1.000000,1.000000,1.000000,1.000000,0,0,0,0
295,25,75,219,1.000000,1.000000,1.000000,1.000000,0,0,1,0
296,23,75,220,1.000000,1.000000,1.000000,1.000000,0,0,0,0
297,29,76,220,1.000000,1.000000,1.000000,1.000000,0,0,0,0
298,27,76,221,1.000000,1.000000,1.000000,1.000000,0,0,1,0
299,25,76,222,1.000000,1.000000,1.000000,1.000000,0,0,0,0
300,29,77,222,1.000000,1.000000,1.000000,1.000000,0,0,0,0
301,27,77,223,1.000000,1.000000,1.000000,1.000000,0,0,0,1
302,25,77,224,1.000000,1.000000,1.000000,1.000000,0,0,1,0
303,29,78,224,1.000000,1.000000,1.000000,1.000000,0,0,1,0
304,27,78,225,1.000000,1.000000,1.000000,1.000000,0,0,0,0
305,29,79,225,1.000000,1.000000,1.000000,1.000000,0,0,0,0
306,27,79,226,1.000000,1.000000,1.000000,1.000000,0,0,0,0
307,25,79,227,1.000000,1.000000,1.000000,1.000000,1,0,0,0
308,23,79,228,1.000000,1.000000,1.000000,1.000000,0,0,0,1
309,29,80,228,1.000000,1.000000,1.000000,1.000000,0,0,0,1
310,27,80,229,1.000000,1.000000,1.000000,1.000000,0,0,0,0
311,29,81,229,1.000000,1.000000,1.000000,1.000000,0,0,0,0
312,27,81,230,1.000000,1.000000,1.000000,1.000000,0,0,0,0
313,25,81,231,1.000000,1.000000,1.000000,1.000000,0,0,0,0
314,23,81,232,1.000000,1.000000,1.000000,1.000000,0,0,0,0
315,21,81,233,1.000000,1.000000,1.000000,1.000000,0,0,0,0
316,19,81,234,1.000000,1.000000,1.000000,1.000000,0,0,0,0
317,17,81,235,1.000000,1.000000,1.000000,1.000000,1,1,1,0
318,15,81,236,1.000000,1.000000,1.000000,1.000000,0,0,0,0
319,29,82,236,1.000000,1.000000,1.000000,1.000000,0,0,0,0
320,27,82,237,1.000000,1.000000,1.000000,1.000000,0,0,0,0
321,25,82,238,1.000000,1.000000,1.000000,1.000000,1,0,0,0
322,23,82,239,1.000000,1.000000,1.000000,1.000000,0,0,0,0
323,29,83,239,1.000000,1.000000,1.000000,1.000000,0,0,0,0
324,27,83,240,1.000000,1.000000,1.000000,1.000000,0,0,0,1
325,25,83,241,1.000000,1.000000,1.000000,1.000000,0,0,0,0
326,29,84,241,1.000000,1.000000,1.000000,1.000000,0,0,0,0
327,27,84,242,1.000000,1.000000,1.000000,1.000000,0,0,0,0
328,25,84,243,1.000000,1.000000,1.000000,1.000000,0,0,0,0
329,23,84,244,1.000000,1.000000,1.000000,1.000000,0,0,0,1
330,21,84,245,1.000000,1.000000,1.000000,1.000000,0,0,0,1
331,29,85,245,1.000000,1.000000,1.000000,1.000000,0,0,0,1
332,27,85,246,1.000000,1.000000,1.000000,1.000000,0,0,0,0
333,29,86,246,1.000000,1.000000,1.000000,1.000000,0,0,0,0
334,27,86,247,1.000000,1.000000,1.000000,1.000000,0,0,0,0
335,25,86,248,1.000000,1.000000,1.000000,1.000000,0,0,0,0
336,23,86,249,1.000000,1.000000,1.000000,1.000000,0,0,0,0
337,21,86,250,1.000000,1.000000,1.000000,1.000000,1,0,0,0
338,19,86,251,1.000000,1.000000,1.000000,1.000000,1,0,0,0
339,29,87,251,1.000000,1.000000,1.000000,1.000000,1,0,0,0
340,27,87,252,1.000000,1.000000,1.000000,1.000000,1,1,0,0
341,25,87,253,1.000000,1.000000,1.000000,1.000000,0,0,1,1
342,29,88,253,1.000000,1.000000,1.000000,1.000000,0,0,1,1
343,27,88,254,1.000000,1.000000,1.000000,1.000000,0,0,0,0
344,29,89,254,1.000000,1.000000,1.000000,1.000000,0,0,0,0
345,27,89,255,1.000000,1.000000,1.000000,1.000000,0,0,1,0
346,25,89,256,1.000000,1.000000,1.000000,1.000000,0,0,0,1
347,29,90,256,1.000000,1.000000,1.000000,1.000000,0,0,0,1
348,27,90,257,1.000000,1.000000,1.000000,1.000000,0,0,1,1
349,29,91,257,1.000000,1.000000,1.000000,1.000000,0,0,1,1
350,27,91,258,1.000000,1.000000,1.000000,1.000000,1,0,0,0
351,29,92,258,1.000000,1.000000,1.000000,1.000000,1,0,0,0
352,27,92,259,1.000000,1.000000,1.000000,1.000000,1,0,0,1
353,29,93,259,1.000000,1.000000,1.000000,1.000000,1,0,0,1
354,27,93,260,1.000000,1.000000,1.000000,1.000000,0,0,0,1
355,29,94,260,1.000000,1.000000,1.000000,1.000000,0,0,0,1
356,27,94,261,1.000000,1.000000,1.000000,1.000000,1,0,1,0
357,29,95,261,1.000000,1.000000,1.000000,1.000000,1,0,1,0
358,27,95,262,1.000000,1.000000,1.000000,1.000000,0,0,0,0
359,29,96,262,1.000000,1.000000,1.000000,1.000000,0,0,0,0
360,27,96,263,1.000000,1.000000,1.000000,1.000000,0,0,0,0
361,25,96,264,1.000000,1.000000,1.000000,1.000000,0,0,0,0
362,23,96,265,1.000000,1.000000,1.000000,1.000000,0,0,1,0
363,21,96,266,1.000000,1.000000,1.000000,1.000000,0,0,0,1
364,29,97,266,1.000000,1.000000,1.000000,1.000000,0,0,0,1
365,27,97,267,1.000000,1.000000,1.000000,1.000000,0,0,1,0
366,25,97,268,1.000000,1.000000,1.000000,1.000000,1,0,0,0
367,29,98,268,1.000000,1.000000,1.000000,1.000000,1,0,0,0
368,27,98,269,1.000000,1.000000,1.000000,1.000000,0,0,0,0
369,29,99,269,1.000000,1.000000,1.000000,1.000000,0,0,0,0
370,27,99,270,1.000000,1.000000,1.000000,1.000000,1,0,0,0
371,25,99,271,1.000000,1.000000,1.000000,1.000000,0,0,0,0
372,23,99,272,1.000000,1.000000,1.000000,1.000000,1,0,0,0
373,21,99,273,1.000000,1.000000,1.000000,1.000000,0,0,0,0
374,29,100,273,1.000000,1.000000,1.000000,1.000000,0,0,0,0
375,27,100,274,1.000000,1.000000,1.000000,1.000000,0,0,0,0
376,25,100,275,1.000000,1.000000,1.000000,1.000000,0,0,0,0
377,23,100,276,1.000000,1.000000,1.000000,1.000000,0,0,0,0
378,21,100,277,1.000000,1.000000,1.000000,1.000000,1,0,0,0
379,19,100,278,1.000000,1.000000,1.000000,1.000000,1,0,0,0
380,29,101,278,1.000000,1.000000,1.000000,1.000000,1,0,0,0
381,27,101,279,1.000000,1.000000,1.000000,1.000000,0,0,0,0
382,25,101,280,1.000000,1.000000,1.000000,1.000000,0,0,0,0
383,23,101,281,1.000000,1.000000,1.000000,1.000000,0,0,0,0
384,21,101,282,1.000000,1.000000,1.000000,1.000000,0,0,0,0
385,19,101,283,1.000000,1.000000,1.000000,1.000000,0,0,0,0
386,17,101,284,1.000000,1.000000,1.000000,1.000000,1,0,0,0
387,15,101,285,1.000000,1.000000,1.000000,1.000000,1,0,0,0
388,13,101,286,1.000000,1.000000,1.000000,1.000000,0,0,1,0
389,29,102,286,1.000000,1.000000,1.000000,1.000000,0,0,1,0
390,27,102,287,1.000000,1.000000,1.000000,1.000000,0,0,0,0
391,29,103,287,1.000000,1.000000,1.000000,1.000000,0,0,0,0
392,27,103,288,1.000000,1.000000,1.000000,1.000000,0,0,0,0
393,25,103,289,1.000000,1.000000,1.000000,1.000000,0,1,0,0
394,23,103,290,1.000000,1.000000,1.000000,1.000000,0,0,0,0
395,21,103,291,1.000000,1.000000,1.000000,1.000000,0,0,1,0
396,19,103,292,1.000000,1.000000,1.000000,1.000000,0,0,0,0
397,29,104,292,1.000000,1.000000,1.000000,1.000000,0,0,0,0
398,27,104,293,1.000000,1.000000,1.000000,1.000000,0,0,0,0
399,25,104,294,1.000000,1.000000,1.000000,1.000000,0,0,1,0
400,23,104,295,1.000000,1.000000,1.000000,1.000000,0,0,0,0
401,29,105,295,1.000000,1.000000,1.000000,1.000000,0,0,0,0
402,27,105,296,1.000000,1.000000,1.000000,1.000000,0,0,0,0
403,25,105,297,1.000000,1.000000,1.000000,1.000000,0,1,0,0
404,23,105,298,1.000000,1.000000,1.000000,1.000000,0,0,0,0
405,21,105,299,1.000000,1.000000,1.000000,1.000000,0,1,0,0
406,19,105,300,1.000000,1.000000,1.000000,1.000000,0,0,0,0
407,29,106,300,1.000000,1.000000,1.000000,1.000000,0,0,0,0
408,27,106,301,1.000000,1.000000,1.000000,1.000000,0,0,0,0
409,25,106,302,1.000000,1.000000,1.000000,1.000000,0,0,0,0
410,23,106,303,1.000000,1.000000,1.000000,1.000000,0,0,0,0
411,21,106,304,1.000000,1.000000,1.000000,1.000000,0,0,0,0
412,19,106,305,1.000000,1.000000,1.000000,1.000000,0,0,0,0
413,17,106,306,1.000000,1.000000,1.000000,1.000000,0,0,1,0
414,15,106,307,1.000000,1.000000,1.000000,1.000000,0,1,1,0
415,13,106,308,1.000000,1.000000,1.000000,1.000000,0,0,0,1
416,29,107,308,1.000000,1.000000,1.000000,1.000000,0,0,0,1
417,27,107,309,1.000000,1.000000,1.000000,1.000000,0,0,1,0
418,29,108,309,1.000000,1.000000,1.000000,1.000000,0,0,1,0
419,27,108,310,1.000000,1.000000,1.000000,1.000000,0,0,0,0
420,25,108,311,1.000000,1.000000,1.000000,1.000000,1,0,1,0
421,23,108,312,1.000000,1.000000,1.000000,1.000000,0,0,0,0
422,29,109,312,1.000000,1.000000,1.000000,1.000000,0,0,0,0
423,27,109,313,1.000000,1.000000,1.000000,1.000000,1,0,0,0
424,25,109,314,1.000000,1.000000,1.000000,1.000000,1,0,0,0
425,29,110,314,1.000000,1.000000,1.000000,1.000000,1,0,0,0
426,27,110,315,1.000000,1.000000,1.000000,1.000000,1,1,0,0
427,29,111,315,1.000000,1.000000,1.000000,1.000000,1,1,0,0
428,27,111,316,1.000000,1.000000,1.000000,1.000000,0,0,0,0
429,29,112,316,1.000000,1.000000,1.000000,1.000000,0,0,0,0
430,27,112,317,1.000000,1.000000,1.000000,1.000000,0,0,0,1
431,25,112,318,1.000000,1.000000,1.000000,1.000000,0,0,0,0
432,29,113,318,1.000000,1.000000,1.000000,1.000000,0,0,0,0
433,27,113,319,1.000000,1.000000,1.000000,1.000000,0,0,0,1
434,25,113,320,1.000000,1.000000,1.000000,1.000000,1,0,0,0
435,29,114,320,1.000000,1.000000,1.000000,1.000000,1,0,0,0
436,27,114,321,1.000000,1.000000,1.000000,1.000000,1,0,0,0
437,29,115,321,1.000000,1.000000,1.000000,1.000000,1,0,0,0
438,27,115,322,1.000000,1.000000,1.000000,1.000000,0,0,0,0
439,29,116,322,1.000000,1.000000,1.000000,1.000000,0,0,0,0
440,27,116,323,1.000000,1.000000,1.000000,1.000000,1,1,0,0
441,25,116,324,1.000000,1.000000,1.000000,1.000000,0,0,0,1
442,29,117,324,1.000000,1.000000,1.000000,1.000000,0,0,0,1
443,27,117,325,1.000000,1.000000,1.000000,1.000000,0,0,0,0
444,29,118,325,1.000000,1.000000,1.000000,1.000000,0,0,0,0
445,27,118,326,1.000000,1.000000,1.000000,1.000000,0,0,0,1
446,25,118,327,1.000000,1.000000,1.000000,1.000000,0,0,0,0
447,29,119,327,1.000000,1.000000,1.000000,1.000000,0,0,0,0
448,27,119,328,1.000000,1.000000,1.000000,1.000000,0,0,0,0
449,25,119,329,1.000000,1.000000,1.000000,1.000000,1,0,0,1
450,23,119,330,1.000000,1.000000,1.000000,1.000000,0,0,0,1
451,29,120,330,1.000000,1.000000,1.000000,1.000000,0,0,0,1
452,27,120,331,1.000000,1.000000,1.000000,1.000000,1,0,1,0
453,29,121,331,1.000000,1.000000,1.000000,1.000000,1,0,1,0
454,27,121,332,1.000000,1.000000,1.000000,1.000000,0,0,0,0
455,29,122,332,1.000000,1.000000,1.000000,1.000000,0,0,0,0
456,27,122,333,1.000000,1.000000,1.000000,1.000000,0,0,0,1
457,25,122,334,1.000000,1.000000,1.000000,1.000000,0,0,0,0
458,29,123,334,1.000000,1.000000,1.000000,1.000000,0,0,0,0
459,27,123,335,1.000000,1.000000,1.000000,1.000000,0,0,0,0
460,25,123,336,1.000000,1.000000,1.000000,1.000000,0,0,0,1
461,23,123,337,1.000000,1.000000,1.000000,1.000000,0,0,0,0
462,29,124,337,1.000000,1.000000,1.000000,1.000000,0,0,0,0
463,27,124,338,1.000000,1.000000,1.000000,1.000000,0,0,0,1
464,25,124,339,1.000000,1.000000,1.000000,1.000000,0,0,0,0
465,29,125,339,1.000000,1.000000,1.000000,1.000000,0,0,0,0
466,27,125,340,1.000000,1.000000,1.000000,1.000000,0,0,0,1
467,25,125,341,1.000000,1.000000,1.000000,1.000000,0,0,0,1
468,23,125,342,1.000000,1.000000,1.000000,1.000000,0,1,0,0
469,29,126,342,1.000000,1.000000,1.000000,1.000000,0,1,0,0
470,27,126,343,1.000000,1.000000,1.000000,1.000000,0,0,0,0
471,25,126,344,1.000000,1.000000,1.000000,1.000000,0,1,0,0
472,23,126,345,1.000000,1.000000,1.000000,1.000000,0,0,0,0
473,21,126,346,1.000000,1.000000,1.000000,1.000000,0,0,0,0
474,19,126,347,1.000000,1.000000,1.000000,1.000000,0,0,0,0
475,17,126,348,1.000000,1.000000,1.000000,1.000000,0,0,1,0
476,15,126,349,1.000000,1.000000,1.000000,1.000000,0,0,1,1
477,29,127,349,1.000000,1.000000,1.000000,1.000000,0,0,1,1
478,27,127,350,1.000000,1.000000,1.000000,1.000000,0,0,0,1
479,29,128,350,1.000000,1.000000,1.000000,1.000000,0,0,0,1
480,27,128,351,1.000000,1.000000,1.000000,1.000000,0,0,1,0
481,29,129,351,1.000000,1.000000,1.000000,1.000000,0,0,1,0
482,27,129,352,1.000000,1.000000,1.000000,1.000000,0,0,0,1
483,25,129,353,1.000000,1.000000,1.000000,1.000000,1,0,0,0
484,29,130,353,1.000000,1.000000,1.000000,1.000000,1,0,0,0
485,27,130,354,1.000000,1.000000,1.000000,1.000000,0,0,0,0
486,29,131,354,1.000000,1.000000,1.000000,1.000000,0,0,0,0
487,27,131,355,1.000000,1.000000,1.000000,1.000000,0,0,0,0
488,25,131,356,1.000000,1.000000,1.000000,1.000000,0,0,0,0
489,23,131,357,1.000000,1.000000,1.000000,1.000000,1,0,0,1
490,21,131,358,1.000000,1.000000,1.000000,1.000000,0,0,0,0
491,29,132,358,1.000000,1.000000,1.000000,1.000000,0,0,0,0
492,27,132,359,1.000000,1.000000,1.000000,1.000000,0,0,0,0
493,25,132,360,1.000000,1.000000,1.000000,1.000000,0,0,0,0
494,23,132,361,1.000000,1.000000,1.000000,1.000000,1,0,0,0
495,21,132,362,1.000000,1.000000,1.000000,1.000000,0,1,0,0
496,29,133,362,1.000000,1.000000,1.000000,1.000000,0,1,0,0
497,27,133,363,1.000000,1.000000,1.000000,1.000000,0,0,0,0
498,29,134,363,1.000000,1.000000,1.000000,1.000000,0,0,0,0
499,27,134,364,1.000000,1.000000,1.000000,1.000000,0,0,0,0
500,25,134,365,1.000000,1.000000,1.000000,1.000000,0,0,0,0
501,23,134,366,1.000000,1.000000,1.000000,1.000000,0,0,0,0
502,21,134,367,1.000000,1.000000,1.000000,1.000000,0,0,0,0
503,19,134,368,1.000000,1.000000,1.000000,1.000000,0,0,0,0
504,17,134,369,1.000000,1.000000,1.000000,1.000000,0,0,0,0
505,15,134,370,1.000000,1.000000,1.000000,1.000000,0,0,0,0
506,13,134,371,1.000000,1.000000,1.000000,1.000000,0,0,0,0
507,11,134,372,1.000000,1.000000,1.000000,1.000000,0,0,0,0
508,9,134,373,1.000000,1.000000,1.000000,1.000000,0,0,0,0
509,7,134,374,1.000000,1.000000,1.000000,1.000000,1,0,0,0
510,5,134,375,1.000000,1.000000,1.000000,1.000000,1,0,0,0
511,29,135,375,1.000000,1.000000,1.000000,1.000000,1,0,0,0
512,27,135,376,1.000000,1.000000,1.000000,1.000000,0,0,0,0
513,25,135,377,1.000000,1.000000,1.000000,1.000000,0,0,0,1
514,23,135,378,1.000000,1.000000,1.000000,1.000000,0,0,0,0
515,29,136,378,1.000000,1.000000,1.000000,1.000000,0,0,0,0
516,27,136,379,1.000000,1.000000,1.000000,1.000000,0,0,0,0
517,25,136,380,1.000000,1.000000,1.000000,1.000000,0,0,0,0
518,23,136,381,1.000000,1.000000,1.000000,1.000000,0,0,0,0
519,21,136,382,1.000000,1.000000,1.000000,1.000000,0,0,0,0
520,19,136,383,1.000000,1.000000,1.000000,1.000000,0,0,0,0
521,17,136,384,1.000000,1.000000,1.000000,1.000000,0,0,0,0
522,15,136,385,1.000000,1.000000,1.000000,1.000000,0,0,0,0
523,13,136,386,1.000000,1.000000,1.000000,1.000000,1,0,1,0
524,11,136,387,1.000000,1.000000,1.000000,1.000000,0,0,0,0
525,29,137,387,1.000000,1.000000,1.000000,1.000000,0,0,0,0
526,27,137,388,1.000000,1.000000,1.000000,1.000000,0,0,1,0
527,25,137,389,1.000000,1.000000,1.000000,1.000000,0,0,0,0
528,29,138,389,1.000000,1.000000,1.000000,1.000000,0,0,0,0
529,27,138,390,1.000000,1.000000,1.000000,1.000000,0,0,0,0
530,25,138,391,1.000000,1.000000,1.000000,1.000000,0,0,0,0
531,23,138,392,1.000000,1.000000,1.000000,1.000000,0,0,1,0
532,21,138,393,1.000000,1.000000,1.000000,1.000000,0,0,0,1
533,29,139,393,1.000000,1.000000,1.000000,1.000000,0,0,0,1
534,27,139,394,1.000000,1.000000,1.000000,1.000000,0,0,0,0
535,29,140,394,1.000000,1.000000,1.000000,1.000000,0,0,0,0
536,27,140,395,1.000000,1.000000,1.000000,1.000000,0,0,0,0
537,25,140,396,1.000000,1.000000,1.000000,1.000000,0,0,0,0
538,23,140,397,1.000000,1.000000,1.000000,1.000000,0,0,0,0
539,21,140,398,1.000000,1.000000,1.000000,1.000000,0,0,0,0
540,19,140,399,1.000000,1.000000,1.000000,1.000000,0,0,0,0
541,17,140,400,1.000000,1.000000,1.000000,1.000000,0,0,0,0
542,15,140,401,1.000000,1.000000,1.000000,1.000000,0,0,0,0
543,13,140,402,1.000000,1.000000,1.000000,1.000000,0,0,0,0
544,11,140,403,1.000000,1.000000,1.000000,1.000000,0,0,0,0
545,9,140,404,1.000000,1.000000,1.000000,1.000000,1,0,0,0
546,7,140,405,1.000000,1.000000,1.000000,1.000000,1,0,0,0
547,5,140,406,1.000000,1.000000,1.000000,1.000000,1,1,1,0
548,3,140,407,1.000000,1.000000,1.000000,1.000000,1,0,0,0
549,29,141,407,1.000000,1.000000,1.000000,1.000000,1,0,0,0
550,27,141,408,1.000000,1.000000,1.000000,1.000000,1,1,0,0
551,29,142,408,1.000000,1.000000,1.000000,1.000000,1,1,0,0
552,27,142,409,1.000000,1.000000,1.000000,1.000000,1,0,0,0
553,29,143,409,1.000000,1.000000,1.000000,1.000000,1,0,0,0
554,27,143,410,1.000000,1.000000,1.000000,1.000000,1,0,0,0
555,29,144,410,1.000000,1.000000,1.000000,1.000000,1,0,0,0
556,27,144,411,1.000000,1.000000,1.000000,1.000000,0,0,0,1
557,29,145,411,1.000000,1.000000,1.000000,1.000000,0,0,0,1
558,27,145,412,1.000000,1.000000,1.000000,1.000000,0,0,0,0
559,29,146,412,1.000000,1.000000,1.000000,1.000000,0,0,0,0
560,27,146,413,1.000000,1.000000,1.000000,1.000000,0,0,0,0
561,25,146,414,1.000000,1.000000,1.000000,1.000000,0,0,0,0
562,23,146,415,1.000000,1.000000,1.000000,1.000000,0,0,0,0
563,21,146,416,1.000000,1.000000,1.000000,1.000000,0,0,0,1
564,19,146,417,1.000000,1.000000,1.000000,1.000000,0,0,0,1
565,17,146,418,1.000000,1.000000,1.000000,1.000000,1,1,0,0
566,29,147,418,1.000000,1.000000,1.000000,1.000000,1,1,0,0
567,27,147,419,1.000000,1.000000,1.000000,1.000000,0,0,0,0
568,29,148,419,1.000000,1.000000,1.000000,1.000000,0,0,0,0
569,27,148,420,1.000000,1.000000,1.000000,1.000000,1,0,0,0
570,25,148,421,1.000000,1.000000,1.000000,1.000000,1,0,0,1
571,29,149,421,1.000000,1.000000,1.000000,1.000000,1,0,0,1
572,27,149,422,1.000000,1.000000,1.000000,1.000000,1,0,0,0
573,29,150,422,1.000000,1.000000,1.000000,1.000000,1,0,0,0
574,27,150,423,1.000000,1.000000,1.000000,1.000000,0,0,0,0
575,29,151,423,1.000000,1.000000,1.000000,1.000000,0,0,0,0
576,27,151,424,1.000000,1.000000,1.000000,1.000000,0,0,0,0
577,25,151,425,1.000000,1.000000,1.000000,1.000000,0,1,0,0
578,23,151,426,1.000000,1.000000,1.000000,1.000000,0,1,0,0
579,29,152,426,1.000000,1.000000,1.000000,1.000000,0,1,0,0
580,27,152,427,1.000000,1.000000,1.000000,1.000000,0,0,0,0
581,29,153,427,1.000000,1.000000,1.000000,1.000000,0,0,0,0
582,27,153,428,1.000000,1.000000,1.000000,1.000000,0,0,1,0
583,25,153,429,1.000000,1.000000,1.000000,1.000000,0,0,1,1
584,29,154,429,1.000000,1.000000,1.000000,1.000000,0,0,1,1
585,27,154,430,1.000000,1.000000,1.000000,1.000000,0,0,0,0
586,29,155,430,1.000000,1.000000,1.000000,1.000000,0,0,0,0
587,27,155,431,1.000000,1.000000,1.000000,1.000000,0,0,0,1
588,25,155,432,1.000000,1.000000,1.000000,1.000000,0,0,1,0
589,23,155,433,1.000000,1.000000,1.000000,1.000000,1,0,1,1
590,29,156,433,1.000000,1.000000,1.000000,1.000000,1,0,1,1
591,27,156,434,1.000000,1.000000,1.000000,1.000000,1,0,0,0
592,25,156,435,1.000000,1.000000,1.000000,1.000000,0,0,1,0
593,29,157,435,1.000000,1.000000,1.000000,1.000000,0,0,1,0
594,27,157,436,1.000000,1.000000,1.000000,1.000000,0,0,0,0
595,29,158,436,1.000000,1.000000,1.000000,1.000000,0,0,0,0
596,27,158,437,1.000000,1.000000,1.000000,1.000000,0,0,0,0
597,25,158,438,1.000000,1.000000,1.000000,1.000000,0,0,0,0
598,23,158,439,1.000000,1.000000,1.000000,1.000000,0,0,0,0
599,21,158,440,1.000000,1.000000,1.000000,1.000000,0,0,0,0
600,19,158,441,1.000000,1.000000,1.000000,1.000000,1,0,1,0
601,17,158,442,1.000000,1.000000,1.000000,1.000000,0,1,0,0
602,29,159,442,1.000000,1.000000,1.000000,1.000000,0,1,0,0
603,27,159,443,1.000000,1.000000,1.000000,1.000000,0,0,0,0
604,29,160,443,1.000000,1.000000,1.000000,1.000000,0,0,0,0
605,27,160,444,1.000000,1.000000,1.000000,1.000000,0,0,1,0
606,25,160,445,1.000000,1.000000,1.000000,1.000000,0,0,1,1
607,29,161,445,1.000000,1.000000,1.000000,1.000000,0,0,1,1
608,27,161,446,1.000000,1.000000,1.000000,1.000000,0,0,1,0
609,29,162,446,1.000000,1.000000,1.000000,1.000000,0,0,1,0
610,27,162,447,1.000000,1.000000,1.000000,1.000000,0,0,1,0
611,29,163,447,1.000000,1.000000,1.000000,1.000000,0,0,1,0
612,27,163,448,1.000000,1.000000,1.000000,1.000000,0,1,1,0
613,29,164,448,1.000000,1.000000,1.000000,1.000000,0,1,1,0
614,27,164,449,1.000000,1.000000,1.000000,1.000000,0,1,0,0
615,29,165,449,1.000000,1.000000,1.000000,1.000000,0,1,0,0
616,27,165,450,1.000000,1.000000,1.000000,1.000000,0,0,0,0
617,29,166,450,1.000000,1.000000,1.000000,1.000000,0,0,0,0
618,27,166,451,1.000000,1.000000,1.000000,1.000000,0,0,0,0
619,25,166,452,1.000000,1.000000,1.000000,1.000000,0,0,0,0
620,23,166,453,1.000000,1.000000,1.000000,1.000000,0,0,0,0
621,21,166,454,1.000000,1.000000,1.000000,1.000000,0,1,1,0
622,19,166,455,1.000000,1.000000,1.000000,1.000000,0,0,0,0
623,29,167,455,1.000000,1.000000,1.000000,1.000000,0,0,0,0
624,27,167,456,1.000000,1.000000,1.000000,1.000000,0,0,0,1
625,25,167,457,1.000000,1.000000,1.000000,1.000000,0,0,0,1
626,29,168,457,1.000000,1.000000,1.000000,1.000000,0,0,0,1
627,27,168,458,1.000000,1.000000,1.000000,1.000000,0,0,0,0
628,29,169,458,1.000000,1.000000,1.000000,1.000000,0,0,0,0
629,27,169,459,1.000000,1.000000,1.000000,1.000000,0,0,0,0
630,25,169,460,1.000000,1.000000,1.000000,1.000000,0,0,0,0
631,23,169,461,1.000000,1.000000,1.000000,1.000000,0,0,0,0
632,21,169,462,1.000000,1.000000,1.000000,1.000000,0,0,1,0
633,19,169,463,1.000000,1.000000,1.000000,1.000000,0,0,1,0
634,29,170,463,1.000000,1.000000,1.000000,1.000000,0,0,1,0
635,27,170,464,1.000000,1.000000,1.000000,1.000000,0,0,0,0
636,29,171,464,1.000000,1.000000,1.000000,1.000000,0,0,0,0
637,27,171,465,1.000000,1.000000,1.000000,1.000000,0,0,1,0
638,25,171,466,1.000000,1.000000,1.000000,1.000000,0,0,0,0
639,29,172,466,1.000000,1.000000,1.000000,1.000000,0,0,0,0
640,27,172,467,1.000000,1.000000,1.000000,1.000000,0,1,1,0
641,25,172,468,1.000000,1.000000,1.000000,1.000000,0,0,0,0
642,29,173,468,1.000000,1.000000,1.000000,1.000000,0,0,0,0
643,27,173,469,1.000000,1.000000,1.000000,1.000000,0,0,1,0
644,25,173,470,1.000000,1.000000,1.000000,1.000000,0,0,0,0
645,23,173,471,1.000000,1.000000,1.000000,1.000000,0,0,1,0
646,21,173,472,1.000000,1.000000,1.000000,1.000000,0,0,1,0
647,19,173,473,1.000000,1.000000,1.000000,1.000000,1,0,0,0
648,17,173,474,1.000000,1.000000,1.000000,1.000000,0,0,1,0
649,29,174,474,1.000000,1.000000,1.000000,1.000000,0,0,1,0
650,27,174,475,1.000000,1.000000,1.000000,1.000000,0,0,0,0
651,29,175,475,1.000000,1.000000,1.000000,1.000000,0,0,0,0
652,27,175,476,1.000000,1.000000,1.000000,1.000000,0,0,0,0
653,25,175,477,1.000000,1.000000,1.000000,1.000000,0,0,0,1
654,23,175,478,1.000000,1.000000,1.000000,1.000000,0,0,1,0
655,21,175,479,1.000000,1.000000,1.000000,1.000000,0,0,0,0
656,29,176,479,1.000000,1.000000,1.000000,1.000000,0,0,0,0
657,27,176,480,1.000000,1.000000,1.000000,1.000000,0,0,0,0
658,25,176,481,1.000000,1.000000,1.000000,1.000000,1,0,0,1
659,23,176,482,1.000000,1.000000,1.000000,1.000000,0,0,0,0
660,29,177,482,1.000000,1.000000,1.000000,1.000000,0,0,0,0
661,27,177,483,1.000000,1.000000,1.000000,1.000000,0,0,1,1
662,25,177,484,1.000000,1.000000,1.000000,1.000000,0,0,1,0
663,29,178,484,1.000000,1.000000,1.000000,1.000000,0,0,1,0
664,27,178,485,1.000000,1.000000,1.000000,1.000000,0,0,0,0
665,29,179,485,1.000000,1.000000,1.000000,1.000000,0,0,0,0
666,27,179,486,1.000000,1.000000,1.000000,1.000000,0,0,0,0
667,25,179,487,1.000000,1.000000,1.000000,1.000000,0,0,0,1
668,23,179,488,1.000000,1.000000,1.000000,1.000000,0,0,0,0
669,29,180,488,1.000000,1.000000,1.000000,1.000000,0,0,0,0
670,27,180,489,1.000000,1.000000,1.000000,1.000000,0,0,0,0
671,25,180,490,1.000000,1.000000,1.000000,1.000000,0,0,0,0
672,23,180,491,1.000000,1.000000,1.000000,1.000000,0,0,0,0
673,21,180,492,1.000000,1.000000,1.000000,1.000000,0,0,0,0
674,19,180,493,1.000000,1.000000,1.000000,1.000000,1,0,0,0
675,17,180,494,1.000000,1.000000,1.000000,1.000000,0,0,0,0
676,29,181,494,1.000000,1.000000,1.000000,1.000000,0,0,0,0
677,27,181,495,1.000000,1.000000,1.000000,1.000000,0,0,0,0
678,25,181,496,1.000000,1.000000,1.000000,1.000000,0,0,0,0
679,23,181,497,1.000000,1.000000,1.000000,1.000000,0,0,0,0
680,21,181,498,1.000000,1.000000,1.000000,1.000000,0,0,0,0
681,19,181,499,1.000000,1.000000,1.000000,1.000000,0,0,0,0
682,17,181,500,1.000000,1.000000,1.000000,1.000000,0,0,1,0
683,15,181,501,1.000000,1.000000,1.000000,1.000000,0,0,0,1
684,13,181,502,1.000000,1.000000,1.000000,1.000000,0,1,1,0
685,29,182,502,1.000000,1.000000,1.000000,1.000000,0,1,1,0
686,27,182,503,1.000000,1.000000,1.000000,1.000000,0,0,0,0
687,29,183,503,1.000000,1.000000,1.000000,1.000000,0,0,0,0
688,27,183,504,1.000000,1.000000,1.000000,1.000000,0,0,0,0
689,25,183,505,1.000000,1.000000,1.000000,1.000000,0,0,0,0
690,23,183,506,1.000000,1.000000,1.000000,1.000000,0,0,0,0
691,21,183,507,1.000000,1.000000,1.000000,1.000000,1,0,0,0
692,19,183,508,1.000000,1.000000,1.000000,1.000000,0,0,0,0
693,29,184,508,1.000000,1.000000,1.000000,1.000000,0,0,0,0
694,27,184,509,1.000000,1.000000,1.000000,1.000000,0,0,0,0
695,25,184,510,1.000000,1.000000,1.000000,1.000000,0,0,0,0
696,23,184,511,1.000000,1.000000,1.000000,1.000000,0,0,0,0
697,21,184,512,1.000000,1.000000,1.000000,1.000000,0,0,0,0
698,19,184,513,1.000000,1.000000,1.000000,1.000000,0,0,0,0
699,17,184,514,1.000000,1.000000,1.000000,1.000000,0,0,0,0
700,15,184,515,1.000000,1.000000,1.000000,1.000000,0,0,0,0
701,13,184,516,1.000000,1.000000,1.000000,1.000000,0,0,0,0
702,11,184,517,1.000000,1.000000,1.000000,1.000000,1,0,0,0
703,9,184,518,1.000000,1.000000,1.000000,1.000000,0,0,0,0
704,29,185,518,1.000000,1.000000,1.000000,1.000000,0,0,0,0
705,27,185,519,1.000000,1.000000,1.000000,1.000000,0,1,0,0
706,25,185,520,1.000000,1.000000,1.000000,1.000000,0,0,0,0
707,29,186,520,1.000000,1.000000,1.000000,1.000000,0,0,0,0
708,27,186,521,1.000000,1.000000,1.000000,1.000000,0,1,1,0
709,25,186,522,1.000000,1.000000,1.000000,1.000000,0,0,0,0
710,29,187,522,1.000000,1.000000,1.000000,1.000000,0,0,0,0
711,27,187,523,1.000000,1.000000,1.000000,1.000000,1,0,0,0
712,25,187,524,1.000000,1.000000,1.000000,1.000000,0,0,0,0
713,23,187,525,1.000000,1.000000,1.000000,1.000000,1,0,0,0
714,21,187,526,1.000000,1.000000,1.000000,1.000000,1,0,0,0
715,19,187,527,1.000000,1.000000,1.000000,1.000000,0,0,1,0
716,29,188,527,1.000000,1.000000,1.000000,1.000000,0,0,1,0
717,27,188,528,1.000000,1.000000,1.000000,1.000000,0,0,0,0
718,29,189,528,1.000000,1.000000,1.000000,1.000000,0,0,0,0
719,27,189,529,1.000000,1.000000,1.000000,1.000000,0,0,0,0
720,25,189,530,1.000000,1.000000,1.000000,1.000000,1,0,0,0
721,23,189,531,1.000000,1.000000,1.000000,1.000000,0,0,0,1
722,29,190,531,1.000000,1.000000,1.000000,1.000000,0,0,0,1
723,27,190,532,1.000000,1.000000,1.000000,1.000000,0,0,0,0
724,29,191,532,1.000000,1.000000,1.000000,1.000000,0,0,0,0
725,27,191,533,1.000000,1.000000,1.000000,1.000000,0,0,0,0
726,25,191,534,1.000000,1.000000,1.000000,1.000000,0,0,0,0
727,23,191,535,1.000000,1.000000,1.000000,1.000000,0,0,0,0
728,21,191,536,1.000000,1.000000,1.000000,1.000000,0,0,0,0
729,19,191,537,1.000000,1.000000,1.000000,1.000000,0,0,0,0
730,17,191,538,1.000000,1.000000,1.000000,1.000000,0,0,0,0
731,15,191,539,1.000000,1.000000,1.000000,1.000000,0,0,1,0
732,13,191,540,1.000000,1.000000,1.000000,1.000000,0,0,0,0
733,29,192,540,1.000000,1.000000,1.000000,1.000000,0,0,0,0
734,27,192,541,1.000000,1.000000,1.000000,1.000000,0,0,0,0
735,25,192,542,1.000000,1.000000,1.000000,1.000000,0,0,0,0
736,23,192,543,1.000000,1.000000,1.000000,1.000000,0,0,0,0
737,21,192,544,1.000000,1.000000,1.000000,1.000000,0,0,0,1
738,19,192,545,1.000000,1.000000,1.000000,1.000000,0,0,0,0
739,29,193,545,1.000000,1.000000,1.000000,1.000000,0,0,0,0
740,27,193,546,1.000000,1.000000,1.000000,1.000000,0,0,0,1
741,25,193,547,1.000000,1.000000,1.000000,1.000000,1,0,0,0
742,29,194,547,1.000000,1.000000,1.000000,1.000000,1,0,0,0
743,27,194,548,1.000000,1.000000,1.000000,1.000000,0,0,0,0
744,29,195,548,1.000000,1.000000,1.000000,1.000000,0,0,0,0
745,27,195,549,1.000000,1.000000,1.000000,1.000000,0,0,0,0
746,25,195,550,1.000000,1.000000,1.000000,1.000000,0,0,0,0
747,23,195,551,1.000000,1.000000,1.000000,1.000000,0,0,0,0
748,21,195,552,1.000000,1.000000,1.000000,1.000000,0,0,0,0
749,19,195,553,1.000000,1.000000,1.000000,1.000000,0,0,0,0
750,17,195,554,1.000000,1.000000,1.000000,1.000000,0,0,0,1
751,15,195,555,1.000000,1.000000,1.000000,1.000000,0,0,0,0
752,29,196,555,1.000000,1.000000,1.000000,1.000000,0,0,0,0
753,27,196,556,1.000000,1.000000,1.000000,1.000000,1,0,1,0
754,25,196,557,1.000000,1.000000,1.000000,1.000000,0,0,0,0
755,29,197,557,1.000000,1.000000,1.000000,1.000000,0,0,0,0
756,27,197,558,1.000000,1.000000,1.000000,1.000000,0,0,0,0
757,25,197,559,1.000000,1.000000,1.000000,1.000000,0,0,0,0
758,23,197,560,1.000000,1.000000,1.000000,1.000000,0,0,0,0
759,21,197,561,1.000000,1.000000,1.000000,1.000000,0,0,0,1
760,19,197,562,1.000000,1.000000,1.000000,1.000000,0,0,0,1
761,29,198,562,1.000000,1.000000,1.000000,1.000000,0,0,0,1
762,27,198,563,1.000000,1.000000,1.000000,1.000000,0,0,0,0
763,29,199,563,1.000000,1.000000,1.000000,1.000000,0,0,0,0
764,27,199,564,1.000000,1.000000,1.000000,1.000000,0,0,0,0
765,25,199,565,1.000000,1.000000,1.000000,1.000000,0,0,1,0
766,23,199,566,1.000000,1.000000,1.000000,1.000000,0,0,0,0
767,29,200,566,1.000000,1.000000,1.000000,1.000000,0,0,0,0
768,27,200,567,1.000000,1.000000,1.000000,1.000000,0,0,1,0
769,25,200,568,1.000000,1.000000,1.000000,1.000000,0,0,0,1
770,29,201,568,1.000000,1.000000,1.000000,1.000000,0,0,0,1
771,27,201,569,1.000000,1.000000,1.000000,1.000000,0,0,0,1
772,29,202,569,1.000000,1.000000,1.000000,1.000000,0,0,0,1
773,27,202,570,1.000000,1.000000,1.000000,1.000000,0,0,0,0
774,29,203,570,1.000000,1.000000,1.000000,1.000000,0,0,0,0
775,27,203,571,1.000000,1.000000,1.000000,1.000000,0,0,0,0
776,25,203,572,1.000000,1.000000,1.000000,1.000000,0,0,0,0
777,23,203,573,1.000000,1.000000,1.000000,1.000000,0,0,0,0
778,21,203,574,1.000000,1.000000,1.000000,1.000000,0,0,1,0
779,19,203,575,1.000000,1.000000,1.000000,1.000000,0,1,0,0
780,17,203,576,1.000000,1.000000,1.000000,1.000000,0,1,0,1
781,15,203,577,1.000000,1.000000,1.000000,1.000000,0,1,0,1
782,29,204,577,1.000000,1.000000,1.000000,1.000000,0,1,0,1
783,27,204,578,1.000000,1.000000,1.000000,1.000000,0,0,0,0
784,29,205,578,1.000000,1.000000,1.000000,1.000000,0,0,0,0
785,27,205,579,1.000000,1.000000,1.000000,1.000000,0,0,0,0
786,25,205,580,1.000000,1.000000,1.000000,1.000000,0,0,1,0
787,23,205,581,1.000000,1.000000,1.000000,1.000000,0,0,0,0
788,29,206,581,1.000000,1.000000,1.000000,1.000000,0,0,0,0
789,27,206,582,1.000000,1.000000,1.000000,1.000000,0,1,1,0
790,25,206,583,1.000000,1.000000,1.000000,1.000000,0,0,1,0
791,29,207,583,1.000000,1.000000,1.000000,1.000000,0,0,1,0
792,27,207,584,1.000000,1.000000,1.000000,1.000000,0,1,0,0
793,25,207,585,1.000000,1.000000,1.000000,1.000000,0,1,0,0
794,29,208,585,1.000000,1.000000,1.000000,1.000000,0,1,0,0
795,27,208,586,1.000000,1.000000,1.000000,1.000000,1,0,0,0
796,29,209,586,1.000000,1.000000,1.000000,1.000000,1,0,0,0
797,27,209,587,1.000000,1.000000,1.000000,1.000000,0,0,0,0
798,29,210,587,1.000000,1.000000,1.000000,1.000000,0,0,0,0
799,27,210,588,1.000000,1.000000,1.000000,1.000000,0,0,0,0
800,25,210,589,1.000000,1.000000,1.000000,1.000000,0,0,0,0
801,23,210,590,1.000000,1.000000,1.000000,1.000000,0,1,0,1
802,21,210,591,1.000000,1.000000,1.000000,1.000000,0,1,0,0
803,29,211,591,1.000000,1.000000,1.000000,1.000000,0,1,0,0
804,27,211,592,1.000000,1.000000,1.000000,1.000000,0,0,0,0
805,29,212,592,1.000000,1.000000,1.000000,1.000000,0,0,0,0
806,27,212,593,1.000000,1.000000,1.000000,1.000000,0,0,0,0
807,25,212,594,1.000000,1.000000,1.000000,1.000000,1,1,0,0
808,23,212,595,1.000000,1.000000,1.000000,1.000000,0,0,0,0
809,29,213,595,1.000000,1.000000,1.000000,1.000000,0,0,0,0
810,27,213,596,1.000000,1.000000,1.000000,1.000000,0,0,0,0
811,25,213,597,1.000000,1.000000,1.000000,1.000000,0,0,0,0
812,23,213,598,1.000000,1.000000,1.000000,1.000000,0,0,0,0
813,21,213,599,1.000000,1.000000,1.000000,1.000000,0,1,0,0
814,19,213,600,1.000000,1.000000,1.000000,1.000000,0,0,0,0
815,29,214,600,1.000000,1.000000,1.000000,1.000000,0,0,0,0
816,27,214,601,1.000000,1.000000,1.000000,1.000000,0,0,0,0
817,25,214,602,1.000000,1.000000,1.000000,1.000000,0,1,0,0
818,23,214,603,1.000000,1.000000,1.000000,1.000000,0,0,0,0
819,29,215,603,1.000000,1.000000,1.000000,1.000000,0,0,0,0
820,27,215,604,1.000000,1.000000,1.000000,1.000000,0,0,1,0
821,25,215,605,1.000000,1.000000,1.000000,1.000000,0,0,0,0
822,29,216,605,1.000000,1.000000,1.000000,1.000000,0,0,0,0
823,27,216,606,1.000000,1.000000,1.000000,1.000000,0,0,0,0
824,25,216,607,1.000000,1.000000,1.000000,1.000000,0,1,0,0
825,23,216,608,1.000000,1.000000,1.000000,1.000000,0,0,0,0
826,29,217,608,1.000000,1.000000,1.000000,1.000000,0,0,0,0
827,27,217,609,1.000000,1.000000,1.000000,1.000000,1,0,0,0
828,25,217,610,1.000000,1.000000,1.000000,1.000000,0,0,0,0
829,29,218,610,1.000000,1.000000,1.000000,1.000000,0,0,0,0
830,27,218,611,1.000000,1.000000,1.000000,1.000000,0,0,0,1
831,25,218,612,1.000000,1.000000,1.000000,1.000000,1,0,0,0
832,29,219,612,1.000000,1.000000,1.000000,1.000000,1,0,0,0
833,27,219,613,1.000000,1.000000,1.000000,1.000000,0,0,0,1
834,29,220,613,1.000000,1.000000,1.000000,1.000000,0,0,0,1
835,27,220,614,1.000000,1.000000,1.000000,1.000000,1,0,0,0
836,29,221,614,1.000000,1.000000,1.000000,1.000000,1,0,0,0
837,27,221,615,1.000000,1.000000,1.000000,1.000000,1,0,0,1
838,25,221,616,1.000000,1.000000,1.000000,1.000000,0,1,1,1
839,23,221,617,1.000000,1.000000,1.000000,1.000000,1,0,0,1
840,29,222,617,1.000000,1.000000,1.000000,1.000000,1,0,0,1
841,27,222,618,1.000000,1.000000,1.000000,1.000000,0,1,0,1
842,29,223,618,1.000000,1.000000,1.000000,1.000000,0,1,0,1
843,27,223,619,1.000000,1.000000,1.000000,1.000000,0,0,1,1
844,25,223,620,1.000000,1.000000,1.000000,1.000000,0,1,0,0
845,29,224,620,1.000000,1.000000,1.000000,1.000000,0,1,0,0
846,27,224,621,1.000000,1.000000,1.000000,1.000000,0,0,1,0
847,29,225,621,1.000000,1.000000,1.000000,1.000000,0,0,1,0
848,27,225,622,1.000000,1.000000,1.000000,1.000000,0,0,0,0
849,29,226,622,1.000000,1.000000,1.000000,1.000000,0,0,0,0
850,27,226,623,1.000000,1.000000,1.000000,1.000000,0,0,0,0
851,25,226,624,1.000000,1.000000,1.000000,1.000000,0,0,0,0
852,23,226,625,1.000000,1.000000,1.000000,1.000000,0,0,0,0
853,21,226,626,1.000000,1.000000,1.000000,1.000000,0,0,0,0
854,19,226,627,1.000000,1.000000,1.000000,1.000000,0,0,0,0
855,17,226,628,1.000000,1.000000,1.000000,1.000000,0,0,0,0
856,15,226,629,1.000000,1.000000,1.000000,1.000000,0,1,0,0
857,13,226,630,1.000000,1.000000,1.000000,1.000000,0,0,0,0
858,11,226,631,1.000000,1.000000,1.000000,1.000000,0,1,0,0
859,9,226,632,1.000000,1.000000,1.000000,1.000000,0,1,1,0
860,29,227,632,1.000000,1.000000,1.000000,1.000000,0,1,1,0
861,27,227,633,1.000000,1.000000,1.000000,1.000000,1,0,0,0
862,29,228,633,1.000000,1.000000,1.000000,1.000000,1,0,0,0
863,27,228,634,1.000000,1.000000,1.000000,1.000000,0,0,0,0
864,29,229,634,1.000000,1.000000,1.000000,1.000000,0,0,0,0
865,27,229,635,1.000000,1.000000,1.000000,1.000000,0,0,0,0
866,25,229,636,1.000000,1.000000,1.000000,1.000000,0,0,1,1
867,23,229,637,1.000000,1.000000,1.000000,1.000000,0,0,1,1
868,29,230,637,1.000000,1.000000,1.000000,1.000000,0,0,1,1
869,27,230,638,1.000000,1.000000,1.000000,1.000000,0,0,0,0
870,29,231,638,1.000000,1.000000,1.000000,1.000000,0,0,0,0
871,27,231,639,1.000000,1.000000,1.000000,1.000000,1,0,0,0
872,25,231,640,1.000000,1.000000,1.000000,1.000000,1,0,0,0
873,29,232,640,1.000000,1.000000,1.000000,1.000000,1,0,0,0
874,27,232,641,1.000000,1.000000,1.000000,1.000000,1,0,0,1
875,29,233,641,1.000000,1.000000,1.000000,1.000000,1,0,0,1
876,27,233,642,1.000000,1.000000,1.000000,1.000000,0,1,0,1
877,29,234,642,1.000000,1.000000,1.000000,1.000000,0,1,0,1
878,27,234,643,1.000000,1.000000,1.000000,1.000000,1,0,0,0
879,29,235,643,1.000000,1.000000,1.000000,1.000000,1,0,0,0
880,27,235,644,1.000000,1.000000,1.000000,1.000000,0,0,0,0
881,29,236,644,1.000000,1.000000,1.000000,1.000000,0,0,0,0
882,27,236,645,1.000000,1.000000,1.000000,1.000000,0,0,0,0
883,25,236,646,1.000000,1.000000,1.000000,1.000000,0,0,0,0
884,23,236,647,1.000000,1.000000,1.000000,1.000000,0,0,0,0
885,21,236,648,1.000000,1.000000,1.000000,1.000000,0,0,1,0
886,19,236,649,1.000000,1.000000,1.000000,1.000000,0,0,1,0
887,29,237,649,1.000000,1.000000,1.000000,1.000000,0,0,1,1
888,27,237,650,1.000000,1.000000,1.000000,1.000000,0,0,0,0
889,29,238,650,1.000000,1.000000,1.000000,1.000000,0,0,0,0
890,27,238,651,1.000000,1.000000,1.000000,1.000000,0,0,1,0
891,25,238,652,1.000000,1.000000,1.000000,1.000000,0,0,0,0
892,29,239,652,1.000000,1.000000,1.000000,1.000000,0,0,0,0
893,27,239,653,1.000000,1.000000,1.000000,1.000000,0,1,0,0
894,25,239,654,1.000000,1.000000,1.000000,1.000000,0,1,1,0
895,23,239,655,1.000000,1.000000,1.000000,1.000000,1,1,0,0
896,29,240,655,1.000000,1.000000,1.000000,1.000000,1,1,0,0
897,27,240,656,1.000000,1.000000,1.000000,1.000000,1,0,0,0
898,29,241,656,1.000000,1.000000,1.000000,1.000000,1,0,0,0
899,27,241,657,1.000000,1.000000,1.000000,1.000000,0,1,0,1
900,25,241,658,1.000000,1.000000,1.000000,1.000000,0,1,0,0
901,29,242,658,1.000000,1.000000,1.000000,1.000000,0,1,0,0
902,27,242,659,1.000000,1.000000,1.000000,1.000000,0,1,0,0
903,29,243,659,1.000000,1.000000,1.000000,1.000000,0,1,0,0
904,27,243,660,1.000000,1.000000,1.000000,1.000000,0,0,0,0
905,29,244,660,1.000000,1.000000,1.000000,1.000000,0,0,0,0
906,27,244,661,1.000000,1.000000,1.000000,1.000000,0,0,0,0
907,25,244,662,1.000000,1.000000,1.000000,1.000000,0,0,0,0
908,23,244,663,1.000000,1.000000,1.000000,1.000000,0,0,1,0
909,21,244,664,1.000000,1.000000,1.000000,1.000000,0,0,0,0
910,29,245,664,1.000000,1.000000,1.000000,1.000000,0,0,0,0
911,27,245,665,1.000000,1.000000,1.000000,1.000000,0,0,1,0
912,25,245,666,1.000000,1.000000,1.000000,1.000000,0,0,1,0
913,29,246,666,1.000000,1.000000,1.000000,1.000000,0,0,1,0
914,27,246,667,1.000000,1.000000,1.000000,1.000000,0,0,0,0
915,29,247,667,1.000000,1.000000,1.000000,1.000000,0,0,0,0
916,27,247,668,1.000000,1.000000,1.000000,1.000000,0,0,0,0
917,25,247,669,1.000000,1.000000,1.000000,1.000000,0,0,0,0
918,23,247,670,1.000000,1.000000,1.000000,1.000000,0,1,0,0
919,21,247,671,1.000000,1.000000,1.000000,1.000000,0,0,0,0
920,29,248,671,1.000000,1.000000,1.000000,1.000000,0,0,0,0
921,27,248,672,1.000000,1.000000,1.000000,1.000000,0,0,0,0
922,25,248,673,1.000000,1.000000,1.000000,1.000000,0,0,0,0
923,23,248,674,1.000000,1.000000,1.000000,1.000000,0,0,0,0
924,21,248,675,1.000000,1.000000,1.000000,1.000000,0,0,0,0
925,19,248,676,1.000000,1.000000,1.000000,1.000000,0,0,0,0
926,17,248,677,1.000000,1.000000,1.000000,1.000000,0,0,0,0
927,15,248,678,1.000000,1.000000,1.000000,1.000000,0,1,0,0
928,13,248,679,1.000000,1.000000,1.000000,1.000000,0,0,0,0
929,11,248,680,1.000000,1.000000,1.000000,1.000000,0,1,0,0
930,9,248,681,1.000000,1.000000,1.000000,1.000000,1,1,0,0
931,29,249,681,1.000000,1.000000,1.000000,1.000000,1,1,0,0
932,27,249,682,1.000000,1.000000,1.000000,1.000000,0,0,0,0
933,29,250,682,1.000000,1.000000,1.000000,1.000000,0,0,0,0
934,27,250,683,1.000000,1.000000,1.000000,1.000000,0,0,0,1
935,25,250,684,1.000000,1.000000,1.000000,1.000000,0,0,0,0
936,29,251,684,1.000000,1.000000,1.000000,1.000000,0,0,0,0
937,27,251,685,1.000000,1.000000,1.000000,1.000000,0,0,0,0
938,25,251,686,1.000000,1.000000,1.000000,1.000000,0,0,1,0
939,23,251,687,1.000000,1.000000,1.000000,1.000000,0,0,0,0
940,29,252,687,1.000000,1.000000,1.000000,1.000000,0,0,0,0
941,27,252,688,1.000000,1.000000,1.000000,1.000000,0,0,0,1
942,25,252,689,1.000000,1.000000,1.000000,1.000000,1,0,0,0
943,29,253,689,1.000000,1.000000,1.000000,1.000000,1,0,0,0
944,27,253,690,1.000000,1.000000,1.000000,1.000000,0,0,0,0
945,29,254,690,1.000000,1.000000,1.000000,1.000000,0,0,0,0
946,27,254,691,1.000000,1.000000,1.000000,1.000000,1,0,0,0
947,25,254,692,1.000000,1.000000,1.000000,1.000000,0,0,0,0
948,29,255,692,1.000000,1.000000,1.000000,1.000000,0,0,0,0
949,27,255,693,1.000000,1.000000,1.000000,1.000000,0,0,0,1
950,25,255,694,1.000000,1.000000,1.000000,1.000000,0,0,0,1
951,29,256,694,1.000000,1.000000,1.000000,1.000000,0,0,0,1
952,27,256,695,1.000000,1.000000,1.000000,1.000000,0,0,1,1
953,29,257,695,1.000000,1.000000,1.000000,1.000000,0,0,1,1
954,27,257,696,1.000000,1.000000,1.000000,1.000000,0,0,1,0
955,29,258,696,1.000000,1.000000,1.000000,1.000000,0,0,1,0
956,27,258,697,1.000000,1.000000,1.000000,1.000000,0,1,0,0
957,29,259,697,1.000000,1.000000,1.000000,1.000000,0,1,0,0
958,27,259,698,1.000000,1.000000,1.000000,1.000000,0,0,0,0
959,29,260,698,1.000000,1.000000,1.000000,1.000000,0,0,0,0
960,27,260,699,1.000000,1.000000,1.000000,1.000000,0,0,0,0
961,25,260,700,1.000000,1.000000,1.000000,1.000000,0,0,0,0
962,23,260,701,1.000000,1.000000,1.000000,1.000000,0,0,1,0
963,21,260,702,1.000000,1.000000,1.000000,1.000000,0,0,0,0
964,29,261,702,1.000000,1.000000,1.000000,1.000000,0,0,0,0
965,27,261,703,1.000000,1.000000,1.000000,1.000000,0,0,0,0
966,25,261,704,1.000000,1.000000,1.000000,1.000000,0,0,0,0
967,23,261,705,1.000000,1.000000,1.000000,1.000000,1,0,0,0
968,21,261,706,1.000000,1.000000,1.000000,1.000000,0,0,0,1
969,29,262,706,1.000000,1.000000,1.000000,1.000000,0,0,0,1
970,27,262,707,1.000000,1.000000,1.000000,1.000000,0,0,0,1
971,29,263,707,1.000000,1.000000,1.000000,1.000000,0,0,0,1
972,27,263,708,1.000000,1.000000,1.000000,1.000000,0,0,1,0
973,25,263,709,1.000000,1.000000,1.000000,1.000000,1,1,0,0
974,29,264,709,1.000000,1.000000,1.000000,1.000000,1,1,0,0
975,27,264,710,1.000000,1.000000,1.000000,1.000000,0,0,0,0
976,29,265,710,1.000000,1.000000,1.000000,1.000000,0,0,0,0
977,27,265,711,1.000000,1.000000,1.000000,1.000000,0,0,0,1
978,25,265,712,1.000000,1.000000,1.000000,1.000000,0,0,0,0
979,29,266,712,1.000000,1.000000,1.000000,1.000000,0,0,0,0
980,27,266,713,1.000000,1.000000,1.000000,1.000000,0,0,0,1
981,25,266,714,1.000000,1.000000,1.000000,1.000000,0,0,0,0
982,29,267,714,1.000000,1.000000,1.000000,1.000000,0,0,0,0
983,27,267,715,1.000000,1.000000,1.000000,1.000000,0,0,0,0
984,25,267,716,1.000000,1.000000,1.000000,1.000000,0,0,0,0
985,23,267,717,1.000000,1.000000,1.000000,1.000000,0,0,0,0
986,21,267,718,1.000000,1.000000,1.000000,1.000000,0,0,0,0
987,19,267,719,1.000000,1.000000,1.000000,1.000000,1,0,0,0
988,17,267,720,1.000000,1.000000,1.000000,1.000000,1,0,0,0
989,29,268,720,1.000000,1.000000,1.000000,1.000000,1,0,0,0
990,27,268,721,1.000000,1.000000,1.000000,1.000000,0,0,0,1
991,29,269,721,1.000000,1.000000,1.000000,1.000000,0,0,0,1
992,27,269,722,1.000000,1.000000,1.000000,1.000000,1,0,0,0
993,29,270,722,1.000000,1.000000,1.000000,1.000000,1,0,0,0
994,27,270,723,1.000000,1.000000,1.000000,1.000000,1,0,0,1
995,29,271,723,1.000000,1.000000,1.000000,1.000000,1,0,0,1
996,27,271,724,1.000000,1.000000,1.000000,1.000000,0,1,0,1
997,29,272,724,1.000000,1.000000,1.000000,1.000000,0,1,0,1
998,27,272,725,1.000000,1.000000,1.000000,1.000000,0,0,1,1
999,29,273,725,1.000000,1.000000,1.000000,1.000000,0,0,1,1
1000,27,273,726,1.000000,1.000000,1.000000,1.000000,0,0,0,0
1001,29,274,726,1.000000,1.000000,1.000000,1.000000,0,0,0,0
1002,27,274,727,1.000000,1.000000,1.000000,1.000000,0,0,0,0
1003,25,274,728,1.000000,1.000000,1.000000,1.000000,0,0,0,0
1004,23,274,729,1.000000,1.000000,1.000000,1.000000,1,0,0,0
1005,21,274,730,1.000000,1.000000,1.000000,1.000000,0,0,0,0
1006,29,275,730,1.000000,1.000000,1.000000,1.000000,0,0,0,0
1007,27,275,731,1.000000,1.000000,1.000000,1.000000,0,0,0,0
1008,25,275,732,1.000000,1.000000,1.000000,1.000000,0,1,0,0
1009,23,275,733,1.000000,1.000000,1.000000,1.000000,1,0,0,0
1010,29,276,733,1.000000,1.000000,1.000000,1.000000,1,0,0,0
1011,27,276,734,1.000000,1.000000,1.000000,1.000000,0,0,0,0
1012,29,277,734,1.000000,1.000000,1.000000,1.000000,0,0,0,0
1013,27,277,735,1.000000,1.000000,1.000000,1.000000,0,0,1,0
1014,25,277,736,1.000000,1.000000,1.000000,1.000000,0,0,1,1
1015,29,278,736,1.000000,1.000000,1.000000,1.000000,0,0,1,1
1016,27,278,737,1.000000,1.000000,1.000000,1.000000,0,0,1,1
1017,25,278,738,1.000000,1.000000,1.000000,1.000000,1,1,0,0
1018,29,279,738,1.000000,1.000000,1.000000,1.000000,1,1,0,0
1019,27,279,739,1.000000,1.000000,1.000000,1.000000,0,0,1,0
1020,29,280,739,1.000000,1.000000,1.000000,1.000000,0,0,1,0
1021,27,280,740,1.000000,1.000000,1.000000,1.000000,0,1,0,0
1022,29,281,740,1.000000,1.000000,1.000000,1.000000,0,1,0,0
1023,27,281,741,1.000000,1.000000,1.000000,1.000000,0,0,1,0
1024,29,282,741,1.000000,1.000000,1.000000,1.000000,0,0,1,0
1025,27,282,742,1.000000,1.000000,1.000000,1.000000,0,0,0,0
1026,29,283,742,1.000000,1.000000,1.000000,1.000000,0,0,0,0
1027,27,283,743,1.000000,1.000000,1.000000,1.000000,0,0,0,0
1028,25,283,744,1.000000,1.000000,1.000000,1.000000,0,0,0,0
1029,23,283,745,1.000000,1.000000,1.000000,1.000000,1,0,0,0
1030,21,283,746,1.000000,1.000000,1.000000,1.000000,0,1,0,1
1031,29,284,746,1.000000,1.000000,1.000000,1.000000,0,1,0,1
1032,27,284,747,1.000000,1.000000,1.000000,1.000000,1,0,0,0
1033,29,285,747,1.000000,1.000000,1.000000,1.000000,1,0,0,0
1034,27,285,748,1.000000,1.000000,1.000000,1.000000,0,0,0,0
1035,29,286,748,1.000000,1.000000,1.000000,1.000000,0,0,0,0
1036,27,286,749,1.000000,1.000000,1.000000,1.000000,0,0,0,0
1037,25,286,750,1.000000,1.000000,1.000000,1.000000,0,0,0,0
1038,23,286,751,1.000000,1.000000,1.000000,1.000000,0,0,0,0
1039,21,286,752,1.000000,1.000000,1.000000,1.000000,0,0,0,0
1040,19,286,753,1.000000,1.000000,1.000000,1.000000,1,0,0,0
1041,17,286,754,1.000000,1.000000,1.000000,1.000000,1,0,0,0
1042,29,287,754,1.000000,1.000000,1.000000,1.000000,1,0,0,0
1043,27,287,755,1.000000,1.000000,1.000000,1.000000,0,1,0,0
1044,29,288,755,1.000000,1.000000,1.000000,1.000000,0,1,0,0
1045,27,288,756,1.000000,1.000000,1.000000,1.000000,0,1,0,0
1046,29,289,756,1.000000,1.000000,1.000000,1.000000,0,1,0,0
1047,27,289,757,1.000000,1.000000,1.000000,1.000000,0,0,1,0
1048,29,290,757,1.000000,1.000000,1.000000,1.000000,0,0,1,0
1049,27,290,758,1.000000,1.000000,1.000000,1.000000,0,1,0,0
1050,29,291,758,1.000000,1.000000,1.000000,1.000000,0,1,0,0
1051,27,291,759,1.000000,1.000000,1.000000,1.000000,0,0,1,0
1052,29,292,759,1.000000,1.000000,1.000000,1.000000,0,0,1,0
1053,27,292,760,1.000000,1.000000,1.000000,1.000000,0,1,0,0
1054,29,293,760,1.000000,1.000000,1.000000,1.000000,0,1,0,0
1055,27,293,761,1.000000,1.000000,1.000000,1.000000,0,0,0,0
1056,29,294,761,1.000000,1.000000,1.000000,1.000000,0,0,0,0
1057,27,294,762,1.000000,1.000000,1.000000,1.000000,0,0,0,0
1058,25,294,763,1.000000,1.000000,1.000000,1.000000,0,0,0,0
1059,23,294,764,1.000000,1.000000,1.000000,1.000000,0,0,0,0
1060,21,294,765,1.000000,1.000000,1.000000,1.000000,0,0,0,0
1061,19,294,766,1.000000,1.000000,1.000000,1.000000,0,0,0,0
1062,17,294,767,1.000000,1.000000,1.000000,1.000000,0,0,0,0
1063,15,294,768,1.000000,1.000000,1.000000,1.000000,0,0,0,0
1064,13,294,769,1.000000,1.000000,1.000000,1.000000,0,0,0,0
1065,11,294,770,1.000000,1.000000,1.000000,1.000000,0,1,0,0
1066,9,294,771,1.000000,1.000000,1.000000,1.000000,0,0,0,0
1067,29,295,771,1.000000,1.000000,1.000000,1.000000,0,0,0,0
1068,27,295,772,1.000000,1.000000,1.000000,1.000000,0,0,0,0
1069,25,295,773,1.000000,1.000000,1.000000,1.000000,0,0,1,0
1070,23,295,774,1.000000,1.000000,1.000000,1.000000,0,1,1,0
1071,21,295,775,1.000000,1.000000,1.000000,1.000000,1,0,0,0
1072,29,296,775,1.000000,1.000000,1.000000,1.000000,1,0,0,0
1073,27,296,776,1.000000,1.000000,1.000000,1.000000,1,0,0,0
1074,25,296,777,1.000000,1.000000,1.000000,1.000000,0,1,0,1
1075,29,297,777,1.000000,1.000000,1.000000,1.000000,0,1,0,1
1076,27,297,778,1.000000,1.000000,1.000000,1.000000,0,0,0,0
1077,29,298,778,1.000000,1.000000,1.000000,1.000000,0,0,0,0
1078,27,298,779,1.000000,1.000000,1.000000,1.000000,0,0,0,0
1079,25,298,780,1.000000,1.000000,1.000000,1.000000,0,0,0,0
1080,23,298,781,1.000000,1.000000,1.000000,1.000000,0,0,0,0
1081,21,298,782,1.000000,1.000000,1.000000,1.000000,0,0,1,0
1082,19,298,783,1.000000,1.000000,1.000000,1.000000,0,0,0,0
1083,29,299,783,1.000000,1.000000,1.000000,1.000000,0,0,0,0
1084,27,299,784,1.000000,1.000000,1.000000,1.000000,0,0,0,0
1085,25,299,785,1.000000,1.000000,1.000000,1.000000,0,0,0,0
1086,23,299,786,1.000000,1.000000,1.000000,1.000000,0,0,0,1
1087,21,299,787,1.000000,1.000000,1.000000,1.000000,1,0,0,0
1088,19,299,788,1.000000,1.000000,1.000000,1.000000,0,0,1,0
1089,29,300,788,1.000000,1.000000,1.000000,1.000000,0,1,1,0
1090,27,300,789,1.000000,1.000000,1.000000,1.000000,0,0,0,0
1091,29,301,789,1.000000,1.000000,1.000000,1.000000,0,1,0,0
1092,27,301,790,1.000000,1.000000,1.000000,1.000000,0,0,0,0
1093,29,302,790,1.000000,1.000000,1.000000,1.000000,0,0,0,0
1094,27,302,791,1.000000,1.000000,1.000000,1.000000,0,0,0,0
1095,25,302,792,1.000000,1.000000,1.000000,1.000000,0,0,0,0
1096,23,302,793,1.000000,1.000000,1.000000,1.000000,0,0,0,0
1097,21,302,794,1.000000,1.000000,1.000000,1.000000,0,0,0,0
1098,19,302,795,1.000000,1.000000,1.000000,1.000000,0,0,0,0
1099,17,302,796,1.000000,1.000000,1.000000,1.000000,0,0,0,0
1100,15,302,797,1.000000,1.000000,1.000000,1.000000,0,0,0,0
1101,13,302,798,1.000000,1.000000,1.000000,1.000000,0,0,0,0
1102,11,302,799,1.000000,1.000000,1.000000,1.000000,0,0,0,0
1103,9,302,800,1.000000,1.000000,1.000000,1.000000,0,0,0,1
1104,7,302,801,1.000000,1.000000,1.000000,1.000000,1,0,0,0
1105,29,303,801,1.000000,1.000000,1.000000,1.000000,1,0,0,0
1106,27,303,802,1.000000,1.000000,1.000000,1.000000,0,1,0,0
1107,25,303,803,1.000000,1.000000,1.000000,1.000000,0,1,0,1
1108,23,303,804,1.000000,1.000000,1.000000,1.000000,0,1,0,0
1109,29,304,804,1.000000,1.000000,1.000000,1.000000,0,1,0,0
1110,27,304,805,1.000000,1.000000,1.000000,1.000000,0,0,0,0
1111,25,304,806,1.000000,1.000000,1.000000,1.000000,0,0,0,1
1112,23,304,807,1.000000,1.000000,1.000000,1.000000,0,0,0,0
1113,29,305,807,1.000000,1.000000,1.000000,1.000000,0,0,0,0
1114,27,305,808,1.000000,1.000000,1.000000,1.000000,0,0,1,1
1115,25,305,809,1.000000,1.000000,1.000000,1.000000,0,0,0,1
1116,29,306,809,1.000000,1.000000,1.000000,1.000000,0,0,0,1
1117,27,306,810,1.000000,1.000000,1.000000,1.000000,1,0,0,0
1118,29,307,810,1.000000,1.000000,1.000000,1.000000,1,0,0,0
1119,27,307,811,1.000000,1.000000,1.000000,1.000000,0,0,0,0
1120,29,308,811,1.000000,1.000000,1.000000,1.000000,0,0,0,0
1121,27,308,812,1.000000,1.000000,1.000000,1.000000,0,0,0,0
1122,25,308,813,1.000000,1.000000,1.000000,1.000000,0,0,0,1
1123,23,308,814,1.000000,1.000000,1.000000,1.000000,0,0,0,0
1124,21,308,815,1.000000,1.000000,1.000000,1.000000,0,0,0,1
1125,19,308,816,1.000000,1.000000,1.000000,1.000000,0,0,1,0
1126,29,309,816,1.000000,1.000000,1.000000,1.000000,0,0,1,0
1127,27,309,817,1.000000,1.000000,1.000000,1.000000,0,0,0,1
1128,29,310,817,1.000000,1.000000,1.000000,1.000000,0,0,0,1
1129,27,310,818,1.000000,1.000000,1.000000,1.000000,0,0,1,1
1130,29,311,818,1.000000,1.000000,1.000000,1.000000,0,0,1,1
1131,27,311,819,1.000000,1.000000,1.000000,1.000000,0,0,1,1
1132,29,312,819,1.000000,1.000000,1.000000,1.000000,0,0,1,1
1133,27,312,820,1.000000,1.000000,1.000000,1.000000,0,1,0,0
1134,29,313,820,1.000000,1.000000,1.000000,1.000000,0,1,0,0
1135,27,313,821,1.000000,1.000000,1.000000,1.000000,0,0,0,1
1136,25,313,822,1.000000,1.000000,1.000000,1.000000,0,0,0,0
1137,29,314,822,1.000000,1.000000,1.000000,1.000000,0,0,0,0
1138,27,314,823,1.000000,1.000000,1.000000,1.000000,0,0,0,0
1139,25,314,824,1.000000,1.000000,1.000000,1.000000,0,0,0,0
1140,23,314,825,1.000000,1.000000,1.000000,1.000000,0,0,0,0
1141,21,314,826,1.000000,1.000000,1.000000,1.000000,0,0,0,0
1142,19,314,827,1.000000,1.000000,1.000000,1.000000,0,0,0,0
1143,17,314,828,1.000000,1.000000,1.000000,1.000000,0,0,0,0
1144,15,314,829,1.000000,1.000000,1.000000,1.000000,0,0,0,0
1145,13,314,830,1.000000,1.000000,1.000000,1.000000,0,0,0,0
1146,11,314,831,1.000000,1.000000,1.000000,1.000000,0,0,0,0
1147,9,314,832,1.000000,1.000000,1.000000,1.000000,0,0,1,0
1148,7,314,833,1.000000,1.000000,1.000000,1.000000,0,1,1,0
1149,29,315,833,1.000000,1.000000,1.000000,1.000000,0,1,1,0
1150,27,315,834,1.000000,1.000000,1.000000,1.000000,0,1,1,0
1151,25,315,835,1.000000,1.000000,1.000000,1.000000,1,0,1,1
1152,29,316,835,1.000000,1.000000,1.000000,1.000000,1,0,1,1
1153,27,316,836,1.000000,1.000000,1.000000,1.000000,0,1,0,0
1154,29,317,836,1.000000,1.000000,1.000000,1.000000,0,1,0,0
1155,27,317,837,1.000000,1.000000,1.000000,1.000000,1,0,0,0
1156,29,318,837,1.000000,1.000000,1.000000,1.000000,1,0,0,0
1157,27,318,838,1.000000,1.000000,1.000000,1.000000,0,0,0,0
1158,29,319,838,1.000000,1.000000,1.000000,1.000000,0,0,0,0
1159,27,319,839,1.000000,1.000000,1.000000,1.000000,0,0,0,0
1160,25,319,840,1.000000,1.000000,1.000000,1.000000,0,0,0,0
1161,23,319,841,1.000000,1.000000,1.000000,1.000000,0,0,1,0
1162,21,319,842,1.000000,1.000000,1.000000,1.000000,0,0,0,0
1163,29,320,842,1.000000,1.000000,1.000000,1.000000,0,1,0,0
1164,27,320,843,1.000000,1.000000,1.000000,1.000000,0,0,1,0
1165,29,321,843,1.000000,1.000000,1.000000,1.000000,0,0,1,0
1166,27,321,844,1.000000,1.000000,1.000000,1.000000,0,1,0,0
1167,29,322,844,1.000000,1.000000,1.000000,1.000000,0,1,0,0
1168,27,322,845,1.000000,1.000000,1.000000,1.000000,1,0,1,0
1169,29,323,845,1.000000,1.000000,1.000000,1.000000,1,0,1,0
1170,27,323,846,1.000000,1.000000,1.000000,1.000000,0,1,0,0
1171,29,324,846,1.000000,1.000000,1.000000,1.000000,0,1,0,0
1172,27,324,847,1.000000,1.000000,1.000000,1.000000,0,1,0,0
1173,25,324,848,1.000000,1.000000,1.000000,1.000000,1,0,0,0
1174,29,325,848,1.000000,1.000000,1.000000,1.000000,1,0,0,0
1175,27,325,849,1.000000,1.000000,1.000000,1.000000,0,0,0,0
1176,29,326,849,1.000000,1.000000,1.000000,1.000000,0,0,0,0
1177,27,326,850,1.000000,1.000000,1.000000,1.000000,1,0,0,0
1178,25,326,851,1.000000,1.000000,1.000000,1.000000,1,0,0,1
1179,29,327,851,1.000000,1.000000,1.000000,1.000000,1,0,0,1
1180,27,327,852,1.000000,1.000000,1.000000,1.000000,0,0,0,1
1181,29,328,852,1.000000,1.000000,1.000000,1.000000,0,0,0,1
1182,27,328,853,1.000000,1.000000,1.000000,1.000000,0,0,1,1
1183,29,329,853,1.000000,1.000000,1.000000,1.000000,0,0,1,1
1184,27,329,854,1.000000,1.000000,1.000000,1.000000,0,0,0,0
1185,29,330,854,1.000000,1.000000,1.000000,1.000000,0,0,0,0
1186,27,330,855,1.000000,1.000000,1.000000,1.000000,0,0,0,0
1187,25,330,856,1.000000,1.000000,1.000000,1.000000,0,0,0,0
1188,23,330,857,1.000000,1.000000,1.000000,1.000000,0,1,0,0
1189,21,330,858,1.000000,1.000000,1.000000,1.000000,0,1,0,0
1190,29,331,858,1.000000,1.000000,1.000000,1.000000,0,1,0,0
1191,27,331,859,1.000000,1.000000,1.000000,1.000000,0,0,1,0
1192,29,332,859,1.000000,1.000000,1.000000,1.000000,0,0,1,0
1193,27,332,860,1.000000,1.000000,1.000000,1.000000,0,0,0,0
1194,25,332,861,1.000000,1.000000,1.000000,1.000000,0,0,0,0
1195,23,332,862,1.000000,1.000000,1.000000,1.000000,0,0,0,0
1196,21,332,863,1.000000,1.000000,1.000000,1.000000,0,0,0,0
1197,19,332,864,1.000000,1.000000,1.000000,1.000000,0,0,0,1
1198,17,332,865,1.000000,1.000000,1.000000,1.000000,1,0,0,0
1199,29,333,865,1.000000,1.000000,1.000000,1.000000,1,0,0,0
1200,27,333,866,1.000000,1.000000,1.000000,1.000000,1,0,0,0
1201,29,334,866,1.000000,1.000000,1.000000,1.000000,1,0,0,0
1202,27,334,867,1.000000,1.000000,1.000000,1.000000,0,0,0,0
1203,29,335,867,1.000000,1.000000,1.000000,1.000000,0,0,0,0
1204,27,335,868,1.000000,1.000000,1.000000,1.000000,0,0,0,0
1205,25,335,869,1.000000,1.000000,1.000000,1.000000,0,0,0,0
1206,23,335,870,1.000000,1.000000,1.000000,1.000000,0,0,0,0
1207,21,335,871,1.000000,1.000000,1.000000,1.000000,0,0,0,0
1208,19,335,872,1.000000,1.000000,1.000000,1.000000,0,0,1,0
1209,17,335,873,1.000000,1.000000,1.000000,1.000000,0,0,1,0
1210,29,336,873,1.000000,1.000000,1.000000,1.000000,0,0,1,0
1211,27,336,874,1.000000,1.000000,1.000000,1.000000,0,0,0,0
1212,29,337,874,1.000000,1.000000,1.000000,1.000000,0,0,0,0
1213,27,337,875,1.000000,1.000000,1.000000,1.000000,0,0,0,0
1214,25,337,876,1.000000,1.000000,1.000000,1.000000,0,0,0,1
1215,23,337,877,1.000000,1.000000,1.000000,1.000000,0,0,1,0
1216,21,337,878,1.000000,1.000000,1.000000,1.000000,1,0,0,1
1217,29,338,878,1.000000,1.000000,1.000000,1.000000,1,0,0,1
1218,27,338,879,1.000000,1.000000,1.000000,1.000000,0,0,0,0
1219,29,339,879,1.000000,1.000000,1.000000,1.000000,0,0,0,0
1220,27,339,880,1.000000,1.000000,1.000000,1.000000,0,1,0,1
1221,25,339,881,1.000000,1.000000,1.000000,1.000000,0,0,0,0
1222,29,340,881,1.000000,1.000000,1.000000,1.000000,0,0,0,0
1223,27,340,882,1.000000,1.000000,1.000000,1.000000,0,1,0,0
1224,25,340,883,1.000000,1.000000,1.000000,1.000000,0,0,0,0
1225,29,341,883,1.000000,1.000000,1.000000,1.000000,0,0,0,0
1226,27,341,884,1.000000,1.000000,1.000000,1.000000,0,0,0,0
1227,25,341,885,1.000000,1.000000,1.000000,1.000000,0,0,0,0
1228,23,341,886,1.000000,1.000000,1.000000,1.000000,0,0,0,0
1229,21,341,887,1.000000,1.000000,1.000000,1.000000,0,1,0,0
1230,19,341,888,1.000000,1.000000,1.000000,1.000000,0,1,0,0
1231,17,341,889,1.000000,1.000000,1.000000,1.000000,0,0,1,0
1232,29,342,889,1.000000,1.000000,1.000000,1.000000,0,0,1,0
1233,27,342,890,1.000000,1.000000,1.000000,1.000000,0,0,0,0
1234,29,343,890,1.000000,1.000000,1.000000,1.000000,0,0,0,0
1235,27,343,891,1.000000,1.000000,1.000000,1.000000,0,1,0,0
1236,25,343,892,1.000000,1.000000,1.000000,1.000000,1,0,1,0
1237,29,344,892,1.000000,1.000000,1.000000,1.000000,1,0,1,0
1238,27,344,893,1.000000,1.000000,1.000000,1.000000,0,0,0,0
1239,29,345,893,1.000000,1.000000,1.000000,1.000000,0,0,0,0
1240,27,345,894,1.000000,1.000000,1.000000,1.000000,0,0,0,0
1241,25,345,895,1.000000,1.000000,1.000000,1.000000,0,0,0,0
1242,23,345,896,1.000000,1.000000,1.000000,1.000000,0,0,0,0
1243,21,345,897,1.000000,1.000000,1.000000,1.000000,0,0,0,0
1244,19,345,898,1.000000,1.000000,1.000000,1.000000,0,0,0,0
1245,17,345,899,1.000000,1.000000,1.000000,1.000000,0,1,0,0
1246,15,345,900,1.000000,1.000000,1.000000,1.000000,0,1,0,0
1247,29,346,900,1.000000,1.000000,1.000000,1.000000,0,1,0,0
1248,27,346,901,1.000000,1.000000,1.000000,1.000000,0,1,1,0
1249,29,347,901,1.000000,1.000000,1.000000,1.000000,0,1,1,0
1250,27,347,902,1.000000,1.000000,1.000000,1.000000,0,1,0,0
1251,29,348,902,1.000000,1.000000,1.000000,1.000000,0,1,0,0
1252,27,348,903,1.000000,1.000000,1.000000,1.000000,1,0,1,0
1253,29,349,903,1.000000,1.000000,1.000000,1.000000,1,0,1,0
1254,27,349,904,1.000000,1.000000,1.000000,1.000000,0,1,0,0
1255,29,350,904,1.000000,1.000000,1.000000,1.000000,0,1,0,0
1256,27,350,905,1.000000,1.000000,1.000000,1.000000,1,0,0,0
1257,29,351,905,1.000000,1.000000,1.000000,1.000000,1,0,0,0
1258,27,351,906,1.000000,1.000000,1.000000,1.000000,0,1,0,0
1259,25,351,907,1.000000,1.000000,1.000000,1.000000,0,0,1,0
1260,29,352,907,1.000000,1.000000,1.000000,1.000000,0,0,1,0
1261,27,352,908,1.000000,1.000000,1.000000,1.000000,0,1,0,0
1262,25,352,909,1.000000,1.000000,1.000000,1.000000,0,0,0,1
1263,29,353,909,1.000000,1.000000,1.000000,1.000000,0,0,0,1
1264,27,353,910,1.000000,1.000000,1.000000,1.000000,0,0,0,0
1265,29,354,910,1.000000,1.000000,1.000000,1.000000,0,0,0,0
1266,27,354,911,1.000000,1.000000,1.000000,1.000000,0,0,0,0
1267,25,354,912,1.000000,1.000000,1.000000,1.000000,0,0,0,1
1268,23,354,913,1.000000,1.000000,1.000000,1.000000,0,0,0,0
1269,21,354,914,1.000000,1.000000,1.000000,1.000000,0,0,0,0
1270,19,354,915,1.000000,1.000000,1.000000,1.000000,0,0,0,1
1271,17,354,916,1.000000,1.000000,1.000000,1.000000,0,0,1,0
1272,29,355,916,1.000000,1.000000,1.000000,1.000000,0,0,1,0
1273,27,355,917,1.000000,1.000000,1.000000,1.000000,0,0,0,1
1274,25,355,918,1.000000,1.000000,1.000000,1.000000,0,1,1,1
1275,29,356,918,1.000000,1.000000,1.000000,1.000000,0,1,1,1
1276,27,356,919,1.000000,1.000000,1.000000,1.000000,0,0,1,1
1277,25,356,920,1.000000,1.000000,1.000000,1.000000,1,1,0,0
1278,29,357,920,1.000000,1.000000,1.000000,1.000000,1,1,0,0
1279,27,357,921,1.000000,1.000000,1.000000,1.000000,0,0,1,0
1280,29,358,921,1.000000,1.000000,1.000000,1.000000,0,0,1,0
1281,27,358,922,1.000000,1.000000,1.000000,1.000000,0,1,0,0
1282,29,359,922,1.000000,1.000000,1.000000,1.000000,0,1,0,0
1283,27,359,923,1.000000,1.000000,1.000000,1.000000,0,0,1,0
1284,29,360,923,1.000000,1.000000,1.000000,1.000000,0,0,1,0
1285,27,360,924,1.000000,1.000000,1.000000,1.000000,0,0,0,0
1286,29,361,924,1.000000,1.000000,1.000000,1.000000,0,0,0,0
1287,27,361,925,1.000000,1.000000,1.000000,1.000000,0,1,1,0
1288,25,361,926,1.000000,1.000000,1.000000,1.000000,0,0,0,0
1289,29,362,926,1.000000,1.000000,1.000000,1.000000,0,0,0,0
1290,27,362,927,1.000000,1.000000,1.000000,1.000000,0,0,0,1
1291,25,362,928,1.000000,1.000000,1.000000,1.000000,0,0,0,0
1292,29,363,928,1.000000,1.000000,1.000000,1.000000,0,0,0,0
1293,27,363,929,1.000000,1.000000,1.000000,1.000000,0,0,0,0
1294,25,363,930,1.000000,1.000000,1.000000,1.000000,0,0,0,0
1295,23,363,931,1.000000,1.000000,1.000000,1.000000,0,0,0,0
1296,21,363,932,1.000000,1.000000,1.000000,1.000000,0,0,0,0
1297,19,363,933,1.000000,1.000000,1.000000,1.000000,0,0,0,1
1298,17,363,934,1.000000,1.000000,1.000000,1.000000,0,0,0,0
1299,29,364,934,1.000000,1.000000,1.000000,1.000000,0,0,0,0
1300,27,364,935,1.000000,1.000000,1.000000,1.000000,0,0,0,0
1301,25,364,936,1.000000,1.000000,1.000000,1.000000,0,1,0,0
1302,23,364,937,1.000000,1.000000,1.000000,1.000000,0,0,0,0
1303,29,365,937,1.000000,1.000000,1.000000,1.000000,0,0,0,0
1304,27,365,938,1.000000,1.000000,1.000000,1.000000,0,1,0,0
1305,25,365,939,1.000000,1.000000,1.000000,1.000000,0,0,0,0
1306,29,366,939,1.000000,1.000000,1.000000,1.000000,0,0,0,0
1307,27,366,940,1.000000,1.000000,1.000000,1.000000,0,0,0,0
1308,25,366,941,1.000000,1.000000,1.000000,1.000000,0,0,0,0
1309,23,366,942,1.000000,1.000000,1.000000,1.000000,0,0,0,0
1310,21,366,943,1.000000,1.000000,1.000000,1.000000,0,0,0,0
1311,19,366,944,1.000000,1.000000,1.000000,1.000000,0,0,1,0
1312,17,366,945,1.000000,1.000000,1.000000,1.000000,0,0,0,0
1313,29,367,945,1.000000,1.000000,1.000000,1.000000,0,0,0,0
1314,27,367,946,1.000000,1.000000,1.000000,1.000000,0,1,0,0
1315,25,367,947,1.000000,1.000000,1.000000,1.000000,0,1,0,0
1316,23,367,948,1.000000,1.000000,1.000000,1.000000,0,1,0,1
1317,29,368,948,1.000000,1.000000,1.000000,1.000000,0,1,0,1
1318,27,368,949,1.000000,1.000000,1.000000,1.000000,0,0,0,0
1319,29,369,949,1.000000,1.000000,1.000000,1.000000,0,0,0,0
1320,27,369,950,1.000000,1.000000,1.000000,1.000000,0,0,0,0
1321,25,369,951,1.000000,1.000000,1.000000,1.000000,0,0,0,0
1322,23,369,952,1.000000,1.000000,1.000000,1.000000,1,0,0,0
1323,21,369,953,1.000000,1.000000,1.000000,1.000000,0,0,0,1
1324,29,370,953,1.000000,1.000000,1.000000,1.000000,0,0,0,1
1325,27,370,954,1.000000,1.000000,1.000000,1.000000,0,0,0,0
1326,29,371,954,1.000000,1.000000,1.000000,1.000000,0,0,0,0
1327,27,371,955,1.000000,1.000000,1.000000,1.000000,0,0,0,0
1328,25,371,956,1.000000,1.000000,1.000000,1.000000,0,0,0,0
1329,23,371,957,1.000000,1.000000,1.000000,1.000000,0,0,0,0
1330,21,371,958,1.000000,1.000000,1.000000,1.000000,0,0,1,0
1331,19,371,959,1.000000,1.000000,1.000000,1.000000,0,1,0,0
1332,29,372,959,1.000000,1.000000,1.000000,1.000000,0,1,0,0
1333,27,372,960,1.000000,1.000000,1.000000,1.000000,0,1,0,0
1334,29,373,960,1.000000,1.000000,1.000000,1.000000,0,1,0,0
1335,27,373,961,1.000000,1.000000,1.000000,1.000000,0,0,0,0
1336,29,374,961,1.000000,1.000000,1.000000,1.000000,0,0,0,0
1337,27,374,962,1.000000,1.000000,1.000000,1.000000,0,0,0,0
1338,25,374,963,1.000000,1.000000,1.000000,1.000000,0,0,0,0
1339,23,374,964,1.000000,1.000000,1.000000,1.000000,0,0,0,1
1340,21,374,965,1.000000,1.000000,1.000000,1.000000,0,0,0,0
1341,29,375,965,1.000000,1.000000,1.000000,1.000000,0,0,0,0
1342,27,375,966,1.000000,1.000000,1.000000,1.000000,1,0,0,0
1343,25,375,967,1.000000,1.000000,1.000000,1.000000,0,0,0,0
1344,29,376,967,1.000000,1.000000,1.000000,1.000000,0,0,0,0
1345,27,376,968,1.000000,1.000000,1.000000,1.000000,0,0,0,0
1346,25,376,969,1.000000,1.000000,1.000000,1.000000,1,0,0,0
1347,23,376,970,1.000000,1.000000,1.000000,1.000000,0,0,0,0
1348,29,377,970,1.000000,1.000000,1.000000,1.000000,0,0,0,0
1349,27,377,971,1.000000,1.000000,1.000000,1.000000,0,0,0,0
1350,25,377,972,1.000000,1.000000,1.000000,1.000000,0,0,0,0
1351,23,377,973,1.000000,1.000000,1.000000,1.000000,0,0,0,0
1352,21,377,974,1.000000,1.000000,1.000000,1.000000,0,0,0,1
1353,19,377,975,1.000000,1.000000,1.000000,1.000000,0,0,0,0
1354,29,378,975,1.000000,1.000000,1.000000,1.000000,0,0,0,0
1355,27,378,976,1.000000,1.000000,1.000000,1.000000,0,0,0,0
1356,25,378,977,1.000000,1.000000,1.000000,1.000000,0,0,0,0
1357,23,378,978,1.000000,1.000000,1.000000,1.000000,0,0,1,0
1358,21,378,979,1.000000,1.000000,1.000000,1.000000,0,0,0,0
1359,29,379,979,1.000000,1.000000,1.000000,1.000000,0,0,0,0
1360,27,379,980,1.000000,1.000000,1.000000,1.000000,0,0,1,0
1361,25,379,981,1.000000,1.000000,1.000000,1.000000,0,0,0,1
1362,23,379,982,1.000000,1.000000,1.000000,1.000000,0,0,0,0
1363,21,379,983,1.000000,1.000000,1.000000,1.000000,0,0,0,1
1364,19,379,984,1.000000,1.000000,1.000000,1.000000,0,0,0,0
1365,29,380,984,1.000000,1.000000,1.000000,1.000000,0,0,0,0
1366,27,380,985,1.000000,1.000000,1.000000,1.000000,0,0,0,0
1367,25,380,986,1.000000,1.000000,1.000000,1.000000,0,0,0,0
1368,23,380,987,1.000000,1.000000,1.000000,1.000000,0,0,0,0
1369,21,380,988,1.000000,1.000000,1.000000,1.000000,0,0,1,0
1370,19,380,989,1.000000,1.000000,1.000000,1.000000,0,0,0,0
1371,29,381,989,1.000000,1.000000,1.000000,1.000000,0,0,0,0
1372,27,381,990,1.000000,1.000000,1.000000,1.000000,0,0,0,0
1373,25,381,991,1.000000,1.000000,1.000000,1.000000,0,0,0,0
1374,23,381,992,1.000000,1.000000,1.000000,1.000000,1,1,0,0
1375,21,381,993,1.000000,1.000000,1.000000,1.000000,0,0,0,0
1376,29,382,993,1.000000,1.000000,1.000000,1.000000,0,0,0,0
1377,27,382,994,1.000000,1.000000,1.000000,1.000000,0,0,0,0
1378,25,382,995,1.000000,1.000000,1.000000,1.000000,1,0,0,0
1379,23,382,996,1.000000,1.000000,1.000000,1.000000,0,0,0,0
1380,29,383,996,1.000000,1.000000,1.000000,1.000000,0,0,0,0
1381,27,383,997,1.000000,1.000000,1.000000,1.000000,1,0,0,0
1382,25,383,998,1.000000,1.000000,1.000000,1.000000,0,0,0,0
1383,29,384,998,1.000000,1.000000,1.000000,1.000000,0,0,0,0
1384,27,384,999,1.000000,1.000000,1.000000,1.000000,0,0,0,0
1385,25,384,1000,1.000000,1.000000,1.000000,1.000000,0,0,0,0
1386,23,384,1001,1.000000,1.000000,1.000000,1.000000,0,0,0,1
1387,21,384,1002,1.000000,1.000000,1.000000,1.000000,1,0,0,0
1388,19,384,1003,1.000000,1.000000,1.000000,1.000000,0,0,1,1
1389,29,385,1003,1.000000,1.000000,1.000000,1.000000,0,0,1,1
1390,27,385,1004,1.000000,1.000000,1.000000,1.000000,0,0,0,0
1391,29,386,1004,1.000000,1.000000,1.000000,1.000000,0,0,0,0
1392,27,386,1005,1.000000,1.000000,1.000000,1.000000,1,0,0,0
1393,25,386,1006,1.000000,1.000000,1.000000,1.000000,1,0,0,0
1394,23,386,1007,1.000000,1.000000,1.000000,1.000000,1,0,1,1
1395,21,386,1008,1.000000,1.000000,1.000000,1.000000,0,1,1,1
1396,29,387,1008,1.000000,1.000000,1.000000,1.000000,0,1,1,1
1397,27,387,1009,1.000000,1.000000,1.000000,1.000000,0,0,1,1
1398,29,388,1009,1.000000,1.000000,1.000000,1.000000,0,0,1,1
1399,27,388,1010,1.000000,1.000000,1.000000,1.000000,0,0,0,0
1400,29,389,1010,1.000000,1.000000,1.000000,1.000000,0,0,0,0
1401,27,389,1011,1.000000,1.000000,1.000000,1.000000,0,0,0,0
1402,25,389,1012,1.000000,1.000000,1.000000,1.000000,0,0,0,0
1403,23,389,1013,1.000000,1.000000,1.000000,1.000000,0,0,1,0
1404,21,389,1014,1.000000,1.000000,1.000000,1.000000,0,1,0,0
1405,29,390,1014,1.000000,1.000000,1.000000,1.000000,0,1,0,0
1406,27,390,1015,1.000000,1.000000,1.000000,1.000000,0,0,1,0
1407,25,390,1016,1.000000,1.000000,1.000000,1.000000,1,1,0,0
1408,29,391,1016,1.000000,1.000000,1.000000,1.000000,1,1,0,0
1409,27,391,1017,1.000000,1.000000,1.000000,1.000000,0,0,1,0
1410,29,392,1017,1.000000,1.000000,1.000000,1.000000,0,0,1,0
1411,27,392,1018,1.000000,1.000000,1.000000,1.000000,0,0,0,0
1412,29,393,1018,1.000000,1.000000,1.000000,1.000000,0,0,0,0
1413,27,393,1019,1.000000,1.000000,1.000000,1.000000,0,0,0,0
1414,25,393,1020,1.000000,1.000000,1.000000,1.000000,0,0,0,0
1415,23,393,1021,1.000000,1.000000,1.000000,1.000000,0,1,0,0
1416,21,393,1022,1.000000,1.000000,1.000000,1.000000,0,0,0,0
1417,29,394,1022,1.000000,1.000000,1.000000,1.000000,0,0,0,0
1418,27,394,1023,1.000000,1.000000,1.000000,1.000000,0,0,0,0
1419,25,394,1024,1.000000,1.000000,1.000000,1.000000,0,0,0,0
1420,23,394,1025,1.000000,1.000000,1.000000,1.000000,0,0,0,0
1421,21,394,1026,1.000000,1.000000,1.000000,1.000000,0,0,0,1
1422,19,394,1027,1.000000,1.000000,1.000000,1.000000,0,0,0,0
1423,17,394,1028,1.000000,1.000000,1.000000,1.000000,0,0,0,0
1424,15,394,1029,1.000000,1.000000,1.000000,1.000000,0,0,0,0
1425,13,394,1030,1.000000,1.000000,1.000000,1.000000,0,0,1,1
1426,11,394,1031,1.000000,1.000000,1.000000,1.000000,0,0,0,0
1427,29,395,1031,1.000000,1.000000,1.000000,1.000000,0,0,0,0
1428,27,395,1032,1.000000,1.000000,1.000000,1.000000,0,0,0,0
1429,25,395,1033,1.000000,1.000000,1.000000,1.000000,0,0,0,0
1430,23,395,1034,1.000000,1.000000,1.000000,1.000000,0,1,0,1
1431,21,395,1035,1.000000,1.000000,1.000000,1.000000,0,0,0,0
1432,29,396,1035,1.000000,1.000000,1.000000,1.000000,0,0,0,0
1433,27,396,1036,1.000000,1.000000,1.000000,1.000000,0,0,0,0
1434,25,396,1037,1.000000,1.000000,1.000000,1.000000,0,0,0,0
1435,23,396,1038,1.000000,1.000000,1.000000,1.000000,0,0,0,0
1436,21,396,1039,1.000000,1.000000,1.000000,1.000000,0,0,0,1
1437,19,396,1040,1.000000,1.000000,1.000000,1.000000,0,0,0,0
1438,29,397,1040,1.000000,1.000000,1.000000,1.000000,0,0,0,0
1439,27,397,1041,1.000000,1.000000,1.000000,1.000000,0,0,0,0
1440,25,397,1042,1.000000,1.000000,1.000000,1.000000,0,0,1,0
1441,23,397,1043,1.000000,1.000000,1.000000,1.000000,0,0,0,0
1442,29,398,1043,1.000000,1.000000,1.000000,1.000000,0,0,0,0
1443,27,398,1044,1.000000,1.000000,1.000000,1.000000,0,0,0,0
1444,25,398,1045,1.000000,1.000000,1.000000,1.000000,0,0,0,0
1445,23,398,1046,1.000000,1.000000,1.000000,1.000000,0,1,0,0
1446,21,398,1047,1.000000,1.000000,1.000000,1.000000,0,1,0,0
1447,29,399,1047,1.000000,1.000000,1.000000,1.000000,0,1,0,0
1448,27,399,1048,1.000000,1.000000,1.000000,1.000000,0,0,0,0
1449,29,400,1048,1.000000,1.000000,1.000000,1.000000,0,0,0,0
1450,27,400,1049,1.000000,1.000000,1.000000,1.000000,0,0,0,0
1451,25,400,1050,1.000000,1.000000,1.000000,1.000000,1,0,0,0
1452,23,400,1051,1.000000,1.000000,1.000000,1.000000,0,1,0,0
1453,29,401,1051,1.000000,1.000000,1.000000,1.000000,0,1,0,0
1454,27,401,1052,1.000000,1.000000,1.000000,1.000000,0,1,0,0
1455,29,402,1052,1.000000,1.000000,1.000000,1.000000,0,1,0,0
1456,27,402,1053,1.000000,1.000000,1.000000,1.000000,0,0,0,0
1457,29,403,1053,1.000000,1.000000,1.000000,1.000000,0,0,0,0
1458,27,403,1054,1.000000,1.000000,1.000000,1.000000,0,0,0,0
1459,25,403,1055,1.000000,1.000000,1.000000,1.000000,0,0,1,0
1460,23,403,1056,1.000000,1.000000,1.000000,1.000000,0,0,0,0
1461,29,404,1056,1.000000,1.000000,1.000000,1.000000,0,0,0,0
1462,27,404,1057,1.000000,1.000000,1.000000,1.000000,0,0,0,0
1463,25,404,1058,1.000000,1.000000,1.000000,1.000000,0,0,0,0
1464,23,404,1059,1.000000,1.000000,1.000000,1.000000,0,0,0,0
1465,21,404,1060,1.000000,1.000000,1.000000,1.000000,0,0,0,0
1466,19,404,1061,1.000000,1.000000,1.000000,1.000000,0,0,0,0
1467,17,404,1062,1.000000,1.000000,1.000000,1.000000,0,0,0,0
1468,15,404,1063,1.000000,1.000000,1.000000,1.000000,0,0,0,0
1469,13,404,1064,1.000000,1.000000,1.000000,1.000000,0,0,0,0
1470,11,404,1065,1.000000,1.000000,1.000000,1.000000,0,0,0,0
1471,9,404,1066,1.000000,1.000000,1.000000,1.000000,0,0,0,0
1472,7,404,1067,1.000000,1.000000,1.000000,1.000000,1,1,0,0
1473,5,404,1068,1.000000,1.000000,1.000000,1.000000,0,0,0,0
1474,29,405,1068,1.000000,1.000000,1.000000,1.000000,0,0,0,0
1475,27,405,1069,1.000000,1.000000,1.000000,1.000000,0,0,1,0
1476,25,405,1070,1.000000,1.000000,1.000000,1.000000,0,0,0,0
1477,29,406,1070,1.000000,1.000000,1.000000,1.000000,0,0,0,0
1478,27,406,1071,1.000000,1.000000,1.000000,1.000000,0,0,0,0
1479,25,406,1072,1.000000,1.000000,1.000000,1.000000,0,0,0,0
1480,23,406,1073,1.000000,1.000000,1.000000,1.000000,0,0,0,0
1481,21,406,1074,1.000000,1.000000,1.000000,1.000000,0,0,0,0
1482,19,406,1075,1.000000,1.000000,1.000000,1.000000,0,0,0,1
1483,17,406,1076,1.000000,1.000000,1.000000,1.000000,0,0,0,1
1484,29,407,1076,1.000000,1.000000,1.000000,1.000000,0,0,0,1
1485,27,407,1077,1.000000,1.000000,1.000000,1.000000,0,0,0,1
1486,29,408,1077,1.000000,1.000000,1.000000,1.000000,0,0,0,1
1487,27,408,1078,1.000000,1.000000,1.000000,1.000000,0,0,0,0
1488,29,409,1078,1.000000,1.000000,1.000000,1.000000,0,0,0,0
1489,27,409,1079,1.000000,1.000000,1.000000,1.000000,0,0,0,0
1490,25,409,1080,1.000000,1.000000,1.000000,1.000000,0,0,0,0
1491,23,409,1081,1.000000,1.000000,1.000000,1.000000,0,0,0,0
1492,21,409,1082,1.000000,1.000000,1.000000,1.000000,0,0,0,0
1493,19,409,1083,1.000000,1.000000,1.000000,1.000000,0,0,0,0
1494,17,409,1084,1.000000,1.000000,1.000000,1.000000,0,0,0,0
1495,15,409,1085,1.000000,1.000000,1.000000,1.000000,1,0,0,0
1496,13,409,1086,1.000000,1.000000,1.000000,1.000000,0,0,0,1
1497,29,410,1086,1.000000,1.000000,1.000000,1.000000,0,0,0,1
1498,27,410,1087,1.000000,1.000000,1.000000,1.000000,0,0,0,0
1499,29,411,1087,1.000000,1.000000,1.000000,1.000000,0,0,0,0
1500,27,411,1088,1.000000,1.000000,1.000000,1.000000,1,0,0,0
1501,25,411,1089,1.000000,1.000000,1.000000,1.000000,0,0,0,0
1502,29,412,1089,1.000000,1.000000,1.000000,1.000000,0,0,0,0
1503,27,412,1090,1.000000,1.000000,1.000000,1.000000,1,0,0,0
1504,25,412,1091,1.000000,1.000000,1.000000,1.000000,0,0,0,0
1505,29,413,1091,1.000000,1.000000,1.000000,1.000000,0,0,0,0
1506,27,413,1092,1.000000,1.000000,1.000000,1.000000,0,0,0,0
1507,25,413,1093,1.000000,1.000000,1.000000,1.000000,0,0,0,0
1508,23,413,1094,1.000000,1.000000,1.000000,1.000000,0,0,0,0
1509,21,413,1095,1.000000,1.000000,1.000000,1.000000,0,0,0,0
1510,19,413,1096,1.000000,1.000000,1.000000,1.000000,0,0,0,0
1511,17,413,1097,1.000000,1.000000,1.000000,1.000000,0,0,0,1
1512,15,413,1098,1.000000,1.000000,1.000000,1.000000,0,0,0,0
1513,29,414,1098,1.000000,1.000000,1.000000,1.000000,0,0,0,0
1514,27,414,1099,1.000000,1.000000,1.000000,1.000000,0,0,0,0
1515,25,414,1100,1.000000,1.000000,1.000000,1.000000,0,0,0,0
1516,23,414,1101,1.000000,1.000000,1.000000,1.000000,0,0,0,0
1517,21,414,1102,1.000000,1.000000,1.000000,1.000000,0,0,1,0
1518,19,414,1103,1.000000,1.000000,1.000000,1.000000,0,0,0,0
1519,29,415,1103,1.000000,1.000000,1.000000,1.000000,0,0,0,0
1520,27,415,1104,1.000000,1.000000,1.000000,1.000000,0,0,0,0
1521,25,415,1105,1.000000,1.000000,1.000000,1.000000,0,0,0,0
1522,23,415,1106,1.000000,1.000000,1.000000,1.000000,0,0,0,1
1523,21,415,1107,1.000000,1.000000,1.000000,1.000000,0,0,0,0
1524,29,416,1107,1.000000,1.000000,1.000000,1.000000,0,0,0,0
1525,27,416,1108,1.000000,1.000000,1.000000,1.000000,0,0,0,0
1526,25,416,1109,1.000000,1.000000,1.000000,1.000000,0,0,0,1
1527,23,416,1110,1.000000,1.000000,1.000000,1.000000,0,0,1,0
1528,29,417,1110,1.000000,1.000000,1.000000,1.000000,0,0,1,0
1529,27,417,1111,1.000000,1.000000,1.000000,1.000000,0,0,1,1
1530,29,418,1111,1.000000,1.000000,1.000000,1.000000,0,0,1,1
1531,27,418,1112,1.000000,1.000000,1.000000,1.000000,0,0,0,0
1532,29,419,1112,1.000000,1.000000,1.000000,1.000000,0,0,0,0
1533,27,419,1113,1.000000,1.000000,1.000000,1.000000,0,0,0,0
1534,25,419,1114,1.000000,1.000000,1.000000,1.000000,0,0,0,0
1535,23,419,1115,1.000000,1.000000,1.000000,1.000000,0,1,0,0
1536,21,419,1116,1.000000,1.000000,1.000000,1.000000,0,0,1,0
1537,29,420,1116,1.000000,1.000000,1.000000,1.000000,0,0,1,0
1538,27,420,1117,1.000000,1.000000,1.000000,1.000000,0,1,1,0
1539,29,421,1117,1.000000,1.000000,1.000000,1.000000,0,1,1,0
1540,27,421,1118,1.000000,1.000000,1.000000,1.000000,0,0,0,0
1541,29,422,1118,1.000000,1.000000,1.000000,1.000000,0,0,0,0
1542,27,422,1119,1.000000,1.000000,1.000000,1.000000,1,0,0,0
1543,25,422,1120,1.000000,1.000000,1.000000,1.000000,0,1,0,0
1544,29,423,1120,1.000000,1.000000,1.000000,1.000000,0,1,0,0
1545,27,423,1121,1.000000,1.000000,1.000000,1.000000,0,0,0,0
1546,29,424,1121,1.000000,1.000000,1.000000,1.000000,0,0,0,0
1547,27,424,1122,1.000000,1.000000,1.000000,1.000000,0,0,0,0
1548,25,424,1123,1.000000,1.000000,1.000000,1.000000,0,0,0,0
1549,23,424,1124,1.000000,1.000000,1.000000,1.000000,0,0,0,0
1550,21,424,1125,1.000000,1.000000,1.000000,1.000000,0,0,0,1
1551,19,424,1126,1.000000,1.000000,1.000000,1.000000,0,0,0,0
1552,29,425,1126,1.000000,1.000000,1.000000,1.000000,0,0,0,0
1553,27,425,1127,1.000000,1.000000,1.000000,1.000000,0,0,0,1
1554,25,425,1128,1.000000,1.000000,1.000000,1.000000,0,0,1,0
1555,29,426,1128,1.000000,1.000000,1.000000,1.000000,0,0,1,0
1556,27,426,1129,1.000000,1.000000,1.000000,1.000000,0,0,1,0
1557,29,427,1129,1.000000,1.000000,1.000000,1.000000,0,0,1,0
1558,27,427,1130,1.000000,1.000000,1.000000,1.000000,0,0,0,0
1559,29,428,1130,1.000000,1.000000,1.000000,1.000000,0,0,0,0
1560,27,428,1131,1.000000,1.000000,1.000000,1.000000,1,0,0,0
1561,25,428,1132,1.000000,1.000000,1.000000,1.000000,0,1,0,0
1562,29,429,1132,1.000000,1.000000,1.000000,1.000000,0,1,0,0
1563,27,429,1133,1.000000,1.000000,1.000000,1.000000,0,0,0,0
1564,29,430,1133,1.000000,1.000000,1.000000,1.000000,0,0,0,0
1565,27,430,1134,1.000000,1.000000,1.000000,1.000000,0,0,0,0
1566,25,430,1135,1.000000,1.000000,1.000000,1.000000,0,0,0,0
1567,23,430,1136,1.000000,1.000000,1.000000,1.000000,0,0,0,0
1568,21,430,1137,1.000000,1.000000,1.000000,1.000000,0,0,0,0
1569,19,430,1138,1.000000,1.000000,1.000000,1.000000,0,0,1,0
1570,17,430,1139,1.000000,1.000000,1.000000,1.000000,0,0,0,0
1571,15,430,1140,1.000000,1.000000,1.000000,1.000000,0,0,0,0
1572,13,430,1141,1.000000,1.000000,1.000000,1.000000,0,0,0,0
1573,11,430,1142,1.000000,1.000000,1.000000,1.000000,0,0,1,0
1574,9,430,1143,1.000000,1.000000,1.000000,1.000000,0,0,0,0
1575,29,431,1143,1.000000,1.000000,1.000000,1.000000,0,0,0,0
1576,27,431,1144,1.000000,1.000000,1.000000,1.000000,0,0,1,0
1577,25,431,1145,1.000000,1.000000,1.000000,1.000000,0,1,0,0
1578,29,432,1145,1.000000,1.000000,1.000000,1.000000,0,1,0,0
1579,27,432,1146,1.000000,1.000000,1.000000,1.000000,0,0,0,0
1580,29,433,1146,1.000000,1.000000,1.000000,1.000000,0,0,0,0
1581,27,433,1147,1.000000,1.000000,1.000000,1.000000,0,0,0,0
1582,25,433,1148,1.000000,1.000000,1.000000,1.000000,0,0,0,0
1583,23,433,1149,1.000000,1.000000,1.000000,1.000000,0,0,0,0
1584,21,433,1150,1.000000,1.000000,1.000000,1.000000,0,0,0,0
1585,19,433,1151,1.000000,1.000000,1.000000,1.000000,0,0,0,0
1586,17,433,1152,1.000000,1.000000,1.000000,1.000000,0,0,0,0
1587,15,433,1153,1.000000,1.000000,1.000000,1.000000,1,0,0,1
1588,13,433,1154,1.000000,1.000000,1.000000,1.000000,1,0,0,0
1589,29,434,1154,1.000000,1.000000,1.000000,1.000000,1,0,0,0
1590,27,434,1155,1.000000,1.000000,1.000000,1.000000,1,1,0,0
1591,29,435,1155,1.000000,1.000000,1.000000,1.000000,1,1,0,0
1592,27,435,1156,1.000000,1.000000,1.000000,1.000000,0,1,0,0
1593,29,436,1156,1.000000,1.000000,1.000000,1.000000,0,1,0,0
1594,27,436,1157,1.000000,1.000000,1.000000,1.000000,0,0,0,0
1595,29,437,1157,1.000000,1.000000,1.000000,1.000000,0,0,0,0
1596,27,437,1158,1.000000,1.000000,1.000000,1.000000,0,0,0,0
1597,25,437,1159,1.000000,1.000000,1.000000,1.000000,0,0,0,0
1598,23,437,1160,1.000000,1.000000,1.000000,1.000000,0,0,0,0
1599,21,437,1161,1.000000,1.000000,1.000000,1.000000,0,0,0,1
1600,19,437,1162,1.000000,1.000000,1.000000,1.000000,0,0,0,0
1601,29,438,1162,1.000000,1.000000,1.000000,1.000000,0,0,0,0
1602,27,438,1163,1.000000,1.000000,1.000000,1.000000,0,0,1,0
1603,25,438,1164,1.000000,1.000000,1.000000,1.000000,0,0,0,0
1604,29,439,1164,1.000000,1.000000,1.000000,1.000000,0,0,0,0
1605,27,439,1165,1.000000,1.000000,1.000000,1.000000,0,0,0,0
1606,25,439,1166,1.000000,1.000000,1.000000,1.000000,0,0,0,0
1607,23,439,1167,1.000000,1.000000,1.000000,1.000000,0,0,0,0
1608,21,439,1168,1.000000,1.000000,1.000000,1.000000,0,0,0,0
1609,19,439,1169,1.000000,1.000000,1.000000,1.000000,0,0,0,0
1610,17,439,1170,1.000000,1.000000,1.000000,1.000000,0,0,1,0
1611,15,439,1171,1.000000,1.000000,1.000000,1.000000,0,0,0,1
1612,29,440,1171,1.000000,1.000000,1.000000,1.000000,0,0,0,1
1613,27,440,1172,1.000000,1.000000,1.000000,1.000000,0,0,0,1
1614,29,441,1172,1.000000,1.000000,1.000000,1.000000,0,0,0,1
1615,27,441,1173,1.000000,1.000000,1.000000,1.000000,0,0,1,0
1616,25,441,1174,1.000000,1.000000,1.000000,1.000000,1,0,0,0
1617,29,442,1174,1.000000,1.000000,1.000000,1.000000,1,0,0,0
1618,27,442,1175,1.000000,1.000000,1.000000,1.000000,1,0,0,0
1619,29,443,1175,1.000000,1.000000,1.000000,1.000000,1,0,0,0
1620,27,443,1176,1.000000,1.000000,1.000000,1.000000,0,0,0,0
1621,29,444,1176,1.000000,1.000000,1.000000,1.000000,0,0,0,0
1622,27,444,1177,1.000000,1.000000,1.000000,1.000000,1,0,0,0
1623,25,444,1178,1.000000,1.000000,1.000000,1.000000,0,0,0,0
1624,29,445,1178,1.000000,1.000000,1.000000,1.000000,0,0,0,0
1625,27,445,1179,1.000000,1.000000,1.000000,1.000000,0,0,0,0
1626,25,445,1180,1.000000,1.000000,1.000000,1.000000,0,0,0,0
1627,23,445,1181,1.000000,1.000000,1.000000,1.000000,0,0,0,0
1628,21,445,1182,1.000000,1.000000,1.000000,1.000000,0,0,0,0
1629,19,445,1183,1.000000,1.000000,1.000000,1.000000,0,1,0,0
1630,17,445,1184,1.000000,1.000000,1.000000,1.000000,0,1,0,0
1631,29,446,1184,1.000000,1.000000,1.000000,1.000000,0,1,0,0
1632,27,446,1185,1.000000,1.000000,1.000000,1.000000,0,0,0,0
1633,29,447,1185,1.000000,1.000000,1.000000,1.000000,0,0,0,0
1634,27,447,1186,1.000000,1.000000,1.000000,1.000000,0,0,0,0
1635,25,447,1187,1.000000,1.000000,1.000000,1.000000,0,0,0,1
1636,23,447,1188,1.000000,1.000000,1.000000,1.000000,0,0,1,0
1637,29,448,1188,1.000000,1.000000,1.000000,1.000000,0,0,1,0
1638,27,448,1189,1.000000,1.000000,1.000000,1.000000,0,0,1,0
1639,25,448,1190,1.000000,1.000000,1.000000,1.000000,1,0,0,0
1640,29,449,1190,1.000000,1.000000,1.000000,1.000000,1,0,0,0
1641,27,449,1191,1.000000,1.000000,1.000000,1.000000,0,0,0,0
1642,29,450,1191,1.000000,1.000000,1.000000,1.000000,0,0,0,0
1643,27,450,1192,1.000000,1.000000,1.000000,1.000000,0,0,0,0
1644,25,450,1193,1.000000,1.000000,1.000000,1.000000,0,0,0,0
1645,23,450,1194,1.000000,1.000000,1.000000,1.000000,0,0,1,0
1646,21,450,1195,1.000000,1.000000,1.000000,1.000000,0,0,0,0
1647,29,451,1195,1.000000,1.000000,1.000000,1.000000,0,0,0,0
1648,27,451,1196,1.000000,1.000000,1.000000,1.000000,0,0,0,0
1649,25,451,1197,1.000000,1.000000,1.000000,1.000000,0,0,0,1
1650,23,451,1198,1.000000,1.000000,1.000000,1.000000,0,0,0,0
1651,29,452,1198,1.000000,1.000000,1.000000,1.000000,0,0,0,0
1652,27,452,1199,1.000000,1.000000,1.000000,1.000000,0,0,0,0
1653,25,452,1200,1.000000,1.000000,1.000000,1.000000,0,0,0,0
1654,23,452,1201,1.000000,1.000000,1.000000,1.000000,0,0,0,0
1655,21,452,1202,1.000000,1.000000,1.000000,1.000000,0,0,0,0
1656,19,452,1203,1.000000,1.000000,1.000000,1.000000,1,0,0,0
1657,17,452,1204,1.000000,1.000000,1.000000,1.000000,0,0,0,0
1658,15,452,1205,1.000000,1.000000,1.000000,1.000000,1,1,0,0
1659,13,452,1206,1.000000,1.000000,1.000000,1.000000,1,0,0,0
1660,29,453,1206,1.000000,1.000000,1.000000,1.000000,1,0,0,0
1661,27,453,1207,1.000000,1.000000,1.000000,1.000000,1,0,0,1
1662,29,454,1207,1.000000,1.000000,1.000000,1.000000,1,0,0,1
1663,27,454,1208,1.000000,1.000000,1.000000,1.000000,0,0,0,0
1664,29,455,1208,1.000000,1.000000,1.000000,1.000000,0,0,0,0
1665,27,455,1209,1.000000,1.000000,1.000000,1.000000,0,0,0,0
1666,25,455,1210,1.000000,1.000000,1.000000,1.000000,1,0,0,0
1667,23,455,1211,1.000000,1.000000,1.000000,1.000000,0,0,0,0
1668,29,456,1211,1.000000,1.000000,1.000000,1.000000,0,0,0,0
1669,27,456,1212,1.000000,1.000000,1.000000,1.000000,0,0,0,0
1670,25,456,1213,1.000000,1.000000,1.000000,1.000000,0,0,0,0
1671,23,456,1214,1.000000,1.000000,1.000000,1.000000,0,1,0,0
1672,21,456,1215,1.000000,1.000000,1.000000,1.000000,0,0,0,0
1673,29,457,1215,1.000000,1.000000,1.000000,1.000000,0,0,0,0
1674,27,457,1216,1.000000,1.000000,1.000000,1.000000,0,0,0,0
1675,25,457,1217,1.000000,1.000000,1.000000,1.000000,0,0,0,0
1676,23,457,1218,1.000000,1.000000,1.000000,1.000000,0,0,0,0
1677,21,457,1219,1.000000,1.000000,1.000000,1.000000,0,0,0,1
1678,19,457,1220,1.000000,1.000000,1.000000,1.000000,0,0,0,0
1679,29,458,1220,1.000000,1.000000,1.000000,1.000000,0,0,0,0
1680,27,458,1221,1.000000,1.000000,1.000000,1.000000,1,0,0,1
1681,25,458,1222,1.000000,1.000000,1.000000,1.000000,0,0,0,0
1682,29,459,1222,1.000000,1.000000,1.000000,1.000000,0,0,0,0
1683,27,459,1223,1.000000,1.000000,1.000000,1.000000,1,0,0,0
1684,25,459,1224,1.000000,1.000000,1.000000,1.000000,0,0,0,0
1685,29,460,1224,1.000000,1.000000,1.000000,1.000000,0,0,0,0
1686,27,460,1225,1.000000,1.000000,1.000000,1.000000,0,0,0,0
1687,25,460,1226,1.000000,1.000000,1.000000,1.000000,0,0,0,0
1688,23,460,1227,1.000000,1.000000,1.000000,1.000000,0,0,0,0
1689,21,460,1228,1.000000,1.000000,1.000000,1.000000,0,0,0,0
1690,19,460,1229,1.000000,1.000000,1.000000,1.000000,0,0,0,0
1691,17,460,1230,1.000000,1.000000,1.000000,1.000000,1,0,0,0
1692,15,460,1231,1.000000,1.000000,1.000000,1.000000,0,0,0,0
1693,29,461,1231,1.000000,1.000000,1.000000,1.000000,0,0,0,0
1694,27,461,1232,1.000000,1.000000,1.000000,1.000000,0,0,0,0
1695,25,461,1233,1.000000,1.000000,1.000000,1.000000,0,0,0,0
1696,23,461,1234,1.000000,1.000000,1.000000,1.000000,1,1,0,0
1697,21,461,1235,1.000000,1.000000,1.000000,1.000000,0,1,0,0
1698,19,461,1236,1.000000,1.000000,1.000000,1.000000,1,0,0,1
1699,29,462,1236,1.000000,1.000000,1.000000,1.000000,1,0,0,1
1700,27,462,1237,1.000000,1.000000,1.000000,1.000000,0,0,0,0
1701,29,463,1237,1.000000,1.000000,1.000000,1.000000,0,0,0,0
1702,27,463,1238,1.000000,1.000000,1.000000,1.000000,0,0,0,1
1703,25,463,1239,1.000000,1.000000,1.000000,1.000000,0,0,0,0
1704,29,464,1239,1.000000,1.000000,1.000000,1.000000,0,0,0,0
1705,27,464,1240,1.000000,1.000000,1.000000,1.000000,1,0,0,0
1706,25,464,1241,1.000000,1.000000,1.000000,1.000000,0,0,0,0
1707,29,465,1241,1.000000,1.000000,1.000000,1.000000,0,0,0,0
1708,27,465,1242,1.000000,1.000000,1.000000,1.000000,0,0,1,0
1709,25,465,1243,1.000000,1.000000,1.000000,1.000000,0,0,0,0
1710,29,466,1243,1.000000,1.000000,1.000000,1.000000,0,0,0,0
1711,27,466,1244,1.000000,1.000000,1.000000,1.000000,0,0,0,0
1712,25,466,1245,1.000000,1.000000,1.000000,1.000000,0,0,0,0
1713,23,466,1246,1.000000,1.000000,1.000000,1.000000,0,0,0,0
1714,21,466,1247,1.000000,1.000000,1.000000,1.000000,1,0,1,0
1715,19,466,1248,1.000000,1.000000,1.000000,1.000000,0,0,0,0
1716,29,467,1248,1.000000,1.000000,1.000000,1.000000,0,0,0,0
1717,27,467,1249,1.000000,1.000000,1.000000,1.000000,0,0,1,0
1718,25,467,1250,1.000000,1.000000,1.000000,1.000000,0,0,0,0
1719,29,468,1250,1.000000,1.000000,1.000000,1.000000,0,0,0,0
1720,27,468,1251,1.000000,1.000000,1.000000,1.000000,0,0,0,0
1721,25,468,1252,1.000000,1.000000,1.000000,1.000000,0,0,0,0
1722,23,468,1253,1.000000,1.000000,1.000000,1.000000,0,0,0,0
1723,21,468,1254,1.000000,1.000000,1.000000,1.000000,0,0,0,0
1724,19,468,1255,1.000000,1.000000,1.000000,1.000000,0,0,0,0
1725,29,469,1255,1.000000,1.000000,1.000000,1.000000,0,0,0,0
1726,27,469,1256,1.000000,1.000000,1.000000,1.000000,0,0,0,0
1727,25,469,1257,1.000000,1.000000,1.000000,1.000000,0,0,0,0
1728,23,469,1258,1.000000,1.000000,1.000000,1.000000,0,0,0,0
1729,21,469,1259,1.000000,1.000000,1.000000,1.000000,0,0,0,0
1730,19,469,1260,1.000000,1.000000,1.000000,1.000000,0,0,0,0
1731,17,469,1261,1.000000,1.000000,1.000000,1.000000,0,1,0,0
1732,15,469,1262,1.000000,1.000000,1.000000,1.000000,0,0,0,0
1733,13,469,1263,1.000000,1.000000,1.000000,1.000000,0,1,1,0
1734,11,469,1264,1.000000,1.000000,1.000000,1.000000,0,0,0,0
1735,29,470,1264,1.000000,1.000000,1.000000,1.000000,0,0,0,0
1736,27,470,1265,1.000000,1.000000,1.000000,1.000000,0,1,0,1
1737,25,470,1266,1.000000,1.000000,1.000000,1.000000,0,0,0,0
1738,29,471,1266,1.000000,1.000000,1.000000,1.000000,0,0,0,0
1739,27,471,1267,1.000000,1.000000,1.000000,1.000000,0,1,0,0
1740,25,471,1268,1.000000,1.000000,1.000000,1.000000,0,0,0,0
1741,23,471,1269,1.000000,1.000000,1.000000,1.000000,0,1,0,0
1742,21,471,1270,1.000000,1.000000,1.000000,1.000000,0,0,0,0
1743,29,472,1270,1.000000,1.000000,1.000000,1.000000,0,0,0,0
1744,27,472,1271,1.000000,1.000000,1.000000,1.000000,0,0,0,0
1745,25,472,1272,1.000000,1.000000,1.000000,1.000000,0,0,0,0
1746,23,472,1273,1.000000,1.000000,1.000000,1.000000,0,0,0,0
1747,21,472,1274,1.000000,1.000000,1.000000,1.000000,0,0,0,0
1748,19,472,1275,1.000000,1.000000,1.000000,1.000000,0,0,0,0
1749,17,472,1276,1.000000,1.000000,1.000000,1.000000,0,0,0,0
1750,15,472,1277,1.000000,1.000000,1.000000,1.000000,0,0,0,0
1751,13,472,1278,1.000000,1.000000,1.000000,1.000000,0,0,0,0
1752,11,472,1279,1.000000,1.000000,1.000000,1.000000,0,0,0,0
1753,9,472,1280,1.000000,1.000000,1.000000,1.000000,0,0,0,0
1754,7,472,1281,1.000000,1.000000,1.000000,1.000000,0,0,0,0
1755,5,472,1282,1.000000,1.000000,1.000000,1.000000,0,0,0,0
1756,3,472,1283,1.000000,1.000000,1.000000,1.000000,0,0,1,1
1757,1,472,1284,1.000000,1.000000,1.000000,1.000000,0,0,0,0
1758,29,473,1284,1.000000,1.000000,1.000000,1.000000,0,0,0,0
1759,27,473,1285,1.000000,1.000000,1.000000,1.000000,0,0,0,0
1760,25,473,1286,1.000000,1.000000,1.000000,1.000000,0,0,0,0
1761,23,473,1287,1.000000,1.000000,1.000000,1.000000,0,0,0,0
1762,21,473,1288,1.000000,1.000000,1.000000,1.000000,0,0,1,0
1763,19,473,1289,1.000000,1.000000,1.000000,1.000000,0,0,0,0
1764,29,474,1289,1.000000,1.000000,1.000000,1.000000,0,0,0,0
1765,27,474,1290,1.000000,1.000000,1.000000,1.000000,0,0,0,0
1766,25,474,1291,1.000000,1.000000,1.000000,1.000000,0,0,0,0
1767,23,474,1292,1.000000,1.000000,1.000000,1.000000,0,0,0,0
1768,21,474,1293,1.000000,1.000000,1.000000,1.000000,0,0,0,0
1769,19,474,1294,1.000000,1.000000,1.000000,1.000000,0,0,0,0
1770,17,474,1295,1.000000,1.000000,1.000000,1.000000,0,0,0,0
1771,15,474,1296,1.000000,1.000000,1.000000,1.000000,0,0,0,0
1772,13,474,1297,1.000000,1.000000,1.000000,1.000000,0,0,0,0
1773,11,474,1298,1.000000,1.000000,1.000000,1.000000,0,0,0,0
1774,9,474,1299,1.000000,1.000000,1.000000,1.000000,0,0,0,1
1775,7,474,1300,1.000000,1.000000,1.000000,1.000000,0,0,0,0
1776,29,475,1300,1.000000,1.000000,1.000000,1.000000,0,0,0,0
1777,27,475,1301,1.000000,1.000000,1.000000,1.000000,1,0,0,1
1778,25,475,1302,1.000000,1.000000,1.000000,1.000000,0,0,0,0
1779,29,476,1302,1.000000,1.000000,1.000000,1.000000,0,0,0,0
1780,27,476,1303,1.000000,1.000000,1.000000,1.000000,0,0,1,0
1781,25,476,1304,1.000000,1.000000,1.000000,1.000000,0,0,0,0
1782,29,477,1304,1.000000,1.000000,1.000000,1.000000,0,0,0,0
1783,27,477,1305,1.000000,1.000000,1.000000,1.000000,0,0,1,0
1784,25,477,1306,1.000000,1.000000,1.000000,1.000000,0,0,0,0
1785,29,478,1306,1.000000,1.000000,1.000000,1.000000,0,0,0,0
1786,27,478,1307,1.000000,1.000000,1.000000,1.000000,0,0,0,0
1787,25,478,1308,1.000000,1.000000,1.000000,1.000000,0,0,0,0
1788,23,478,1309,1.000000,1.000000,1.000000,1.000000,0,0,0,0
1789,21,478,1310,1.000000,1.000000,1.000000,1.000000,0,0,0,0
1790,19,478,1311,1.000000,1.000000,1.000000,1.000000,0,0,0,0
1791,17,478,1312,1.000000,1.000000,1.000000,1.000000,0,0,0,0
1792,15,478,1313,1.000000,1.000000,1.000000,1.000000,0,1,0,0
1793,13,478,1314,1.000000,1.000000,1.000000,1.000000,0,0,0,0
1794,29,479,1314,1.000000,1.000000,1.000000,1.000000,0,0,0,0
1795,27,479,1315,1.000000,1.000000,1.000000,1.000000,0,0,0,0
1796,25,479,1316,1.000000,1.000000,1.000000,1.000000,0,0,0,0
1797,23,479,1317,1.000000,1.000000,1.000000,1.000000,0,0,1,0
1798,21,479,1318,1.000000,1.000000,1.000000,1.000000,0,0,1,0
1799,29,480,1318,1.000000,1.000000,1.000000,1.000000,0,0,1,0
1800,27,480,1319,1.000000,1.000000,1.000000,1.000000,0,0,1,1
1801,29,481,1319,1.000000,1.000000,1.000000,1.000000,0,0,1,1
1802,27,481,1320,1.000000,1.000000,1.000000,1.000000,0,0,0,0
1803,29,482,1320,1.000000,1.000000,1.000000,1.000000,0,0,0,0
1804,27,482,1321,1.000000,1.000000,1.000000,1.000000,0,1,0,0
1805,25,482,1322,1.000000,1.000000,1.000000,1.000000,0,0,0,0
1806,29,483,1322,1.000000,1.000000,1.000000,1.000000,0,0,0,0
1807,27,483,1323,1.000000,1.000000,1.000000,1.000000,0,0,0,0
1808,25,483,1324,1.000000,1.000000,1.000000,1.000000,0,1,0,0
1809,23,483,1325,1.000000,1.000000,1.000000,1.000000,1,1,1,0
1810,21,483,1326,1.000000,1.000000,1.000000,1.000000,0,0,1,0
1811,29,484,1326,1.000000,1.000000,1.000000,1.000000,0,0,1,0
1812,27,484,1327,1.000000,1.000000,1.000000,1.000000,0,1,1,0
1813,29,485,1327,1.000000,1.000000,1.000000,1.000000,0,1,1,0
1814,27,485,1328,1.000000,1.000000,1.000000,1.000000,0,0,0,0
1815,29,486,1328,1.000000,1.000000,1.000000,1.000000,0,0,0,0
1816,27,486,1329,1.000000,1.000000,1.000000,1.000000,0,1,0,0
1817,25,486,1330,1.000000,1.000000,1.000000,1.000000,0,1,0,0
1818,29,487,1330,1.000000,1.000000,1.000000,1.000000,0,1,0,0
1819,27,487,1331,1.000000,1.000000,1.000000,1.000000,0,0,0,0
1820,29,488,1331,1.000000,1.000000,1.000000,1.000000,0,0,0,0
1821,27,488,1332,1.000000,1.000000,1.000000,1.000000,0,0,0,0
1822,25,488,1333,1.000000,1.000000,1.000000,1.000000,0,0,1,0
1823,23,488,1334,1.000000,1.000000,1.000000,1.000000,0,1,0,0
1824,29,489,1334,1.000000,1.000000,1.000000,1.000000,0,1,0,0
1825,27,489,1335,1.000000,1.000000,1.000000,1.000000,0,1,0,0
1826,29,490,1335,1.000000,1.000000,1.000000,1.000000,0,1,0,0
1827,27,490,1336,1.000000,1.000000,1.000000,1.000000,0,0,0,0
1828,29,491,1336,1.000000,1.000000,1.000000,1.000000,0,0,0,0
1829,27,491,1337,1.000000,1.000000,1.000000,1.000000,0,0,0,0
1830,25,491,1338,1.000000,1.000000,1.000000,1.000000,0,0,0,0
1831,23,491,1339,1.000000,1.000000,1.000000,1.000000,0,0,0,0
1832,21,491,1340,1.000000,1.000000,1.000000,1.000000,0,0,0,0
1833,19,491,1341,1.000000,1.000000,1.000000,1.000000,0,0,0,0
1834,17,491,1342,1.000000,1.000000,1.000000,1.000000,0,0,0,0
1835,15,491,1343,1.000000,1.000000,1.000000,1.000000,0,0,0,0
1836,13,491,1344,1.000000,1.000000,1.000000,1.000000,0,0,0,0
1837,11,491,1345,1.000000,1.000000,1.000000,1.000000,0,0,0,0
1838,9,491,1346,1.000000,1.000000,1.000000,1.000000,0,0,0,0
1839,7,491,1347,1.000000,1.000000,1.000000,1.000000,0,0,1,0
1840,5,491,1348,1.000000,1.000000,1.000000,1.000000,0,1,0,1
1841,29,492,1348,1.000000,1.000000,1.000000,1.000000,0,1,0,1
1842,27,492,1349,1.000000,1.000000,1.000000,1.000000,0,0,0,0
1843,29,493,1349,1.000000,1.000000,1.000000,1.000000,0,0,0,0
1844,27,493,1350,1.000000,1.000000,1.000000,1.000000,0,0,1,0
1845,25,493,1351,1.000000,1.000000,1.000000,1.000000,0,0,1,0
1846,23,493,1352,1.000000,1.000000,1.000000,1.000000,1,1,0,0
1847,21,493,1353,1.000000,1.000000,1.000000,1.000000,0,0,1,0
1848,29,494,1353,1.000000,1.000000,1.000000,1.000000,0,0,1,0
1849,27,494,1354,1.000000,1.000000,1.000000,1.000000,0,1,0,0
1850,29,495,1354,1.000000,1.000000,1.000000,1.000000,0,1,0,0
1851,27,495,1355,1.000000,1.000000,1.000000,1.000000,0,0,0,0
1852,29,496,1355,1.000000,1.000000,1.000000,1.000000,0,0,0,0
1853,27,496,1356,1.000000,1.000000,1.000000,1.000000,0,0,0,0
1854,25,496,1357,1.000000,1.000000,1.000000,1.000000,0,0,0,0
1855,23,496,1358,1.000000,1.000000,1.000000,1.000000,0,0,0,0
1856,21,496,1359,1.000000,1.000000,1.000000,1.000000,0,0,0,0
1857,19,496,1360,1.000000,1.000000,1.000000,1.000000,0,0,0,1
1858,17,496,1361,1.000000,1.000000,1.000000,1.000000,0,0,0,1
1859,15,496,1362,1.000000,1.000000,1.000000,1.000000,0,1,0,1
1860,29,497,1362,1.000000,1.000000,1.000000,1.000000,0,1,0,1
1861,27,497,1363,1.000000,1.000000,1.000000,1.000000,0,0,0,0
1862,29,498,1363,1.000000,1.000000,1.000000,1.000000,0,0,0,0
1863,27,498,1364,1.000000,1.000000,1.000000,1.000000,0,1,0,0
1864,25,498,1365,1.000000,1.000000,1.000000,1.000000,0,0,1,0
1865,29,499,1365,1.000000,1.000000,1.000000,1.000000,0,0,1,0
1866,27,499,1366,1.000000,1.000000,1.000000,1.000000,0,1,0,0
1867,29,500,1366,1.000000,1.000000,1.000000,1.000000,0,1,0,0
1868,27,500,1367,1.000000,1.000000,1.000000,1.000000,0,0,0,0
1869,29,501,1367,1.000000,1.000000,1.000000,1.000000,0,0,0,0
1870,27,501,1368,1.000000,1.000000,1.000000,1.000000,0,0,0,0
1871,25,501,1369,1.000000,1.000000,1.000000,1.000000,1,0,0,0
1872,23,501,1370,1.000000,1.000000,1.000000,1.000000,0,0,0,0
1873,29,502,1370,1.000000,1.000000,1.000000,1.000000,0,0,0,0
1874,27,502,1371,1.000000,1.000000,1.000000,1.000000,0,1,0,0
1875,25,502,1372,1.000000,1.000000,1.000000,1.000000,0,0,0,0
1876,29,503,1372,1.000000,1.000000,1.000000,1.000000,0,0,0,0
1877,27,503,1373,1.000000,1.000000,1.000000,1.000000,1,0,0,0
1878,25,503,1374,1.000000,1.000000,1.000000,1.000000,1,0,0,0
1879,29,504,1374,1.000000,1.000000,1.000000,1.000000,1,0,0,0
1880,27,504,1375,1.000000,1.000000,1.000000,1.000000,0,0,0,0
1881,29,505,1375,1.000000,1.000000,1.000000,1.000000,0,0,0,0
1882,27,505,1376,1.000000,1.000000,1.000000,1.000000,0,0,0,0
1883,25,505,1377,1.000000,1.000000,1.000000,1.000000,0,1,0,0
1884,23,505,1378,1.000000,1.000000,1.000000,1.000000,0,0,0,0
1885,29,506,1378,1.000000,1.000000,1.000000,1.000000,0,0,0,0
1886,27,506,1379,1.000000,1.000000,1.000000,1.000000,0,0,0,0
1887,25,506,1380,1.000000,1.000000,1.000000,1.000000,0,0,0,0
1888,23,506,1381,1.000000,1.000000,1.000000,1.000000,0,0,0,0
1889,21,506,1382,1.000000,1.000000,1.000000,1.000000,0,0,1,0
1890,19,506,1383,1.000000,1.000000,1.000000,1.000000,0,0,0,0
1891,29,507,1383,1.000000,1.000000,1.000000,1.000000,0,0,0,0
1892,27,507,1384,1.000000,1.000000,1.000000,1.000000,0,0,0,0
1893,25,507,1385,1.000000,1.000000,1.000000,1.000000,0,0,0,0
1894,23,507,1386,1.000000,1.000000,1.000000,1.000000,0,0,0,0
1895,21,507,1387,1.000000,1.000000,1.000000,1.000000,0,0,0,0
1896,19,507,1388,1.000000,1.000000,1.000000,1.000000,0,0,0,0
1897,17,507,1389,1.000000,1.000000,1.000000,1.000000,0,0,0,0
1898,15,507,1390,1.000000,1.000000,1.000000,1.000000,0,0,0,0
1899,13,507,1391,1.000000,1.000000,1.000000,1.000000,0,0,1,0
1900,11,507,1392,1.000000,1.000000,1.000000,1.000000,0,0,0,0
1901,29,508,1392,1.000000,1.000000,1.000000,1.000000,0,0,0,0
1902,27,508,1393,1.000000,1.000000,1.000000,1.000000,0,0,0,0
1903,25,508,1394,1.000000,1.000000,1.000000,1.000000,0,0,0,0
1904,23,508,1395,1.000000,1.000000,1.000000,1.000000,0,0,0,0
1905,21,508,1396,1.000000,1.000000,1.000000,1.000000,0,0,1,0
1906,19,508,1397,1.000000,1.000000,1.000000,1.000000,0,0,0,0
1907,29,509,1397,1.000000,1.000000,1.000000,1.000000,0,0,0,0
1908,27,509,1398,1.000000,1.000000,1.000000,1.000000,0,0,0,0
1909,25,509,1399,1.000000,1.000000,1.000000,1.000000,0,0,0,0
1910,23,509,1400,1.000000,1.000000,1.000000,1.000000,0,0,0,0
1911,21,509,1401,1.000000,1.000000,1.000000,1.000000,0,1,0,0
1912,19,509,1402,1.000000,1.000000,1.000000,1.000000,0,1,1,0
1913,29,510,1402,1.000000,1.000000,1.000000,1.000000,0,1,1,0
1914,27,510,1403,1.000000,1.000000,1.000000,1.000000,0,1,0,0
1915,25,510,1404,1.000000,1.000000,1.000000,1.000000,1,1,1,1
1916,29,511,1404,1.000000,1.000000,1.000000,1.000000,1,1,1,1
1917,27,511,1405,1.000000,1.000000,1.000000,1.000000,0,0,0,0
1918,29,512,1405,1.000000,1.000000,1.000000,1.000000,0,0,0,0
1919,27,512,1406,1.000000,1.000000,1.000000,1.000000,0,1,1,1
1920,25,512,1407,1.000000,1.000000,1.000000,1.000000,0,0,0,0
1921,29,513,1407,1.000000,1.000000,1.000000,1.000000,0,0,0,0
1922,27,513,1408,1.000000,1.000000,1.000000,1.000000,0,0,1,0
1923,25,513,1409,1.000000,1.000000,1.000000,1.000000,0,0,0,0
1924,29,514,1409,1.000000,1.000000,1.000000,1.000000,0,0,0,0
1925,27,514,1410,1.000000,1.000000,1.000000,1.000000,0,0,0,1
1926,25,514,1411,1.000000,1.000000,1.000000,1.000000,0,0,0,0
1927,29,515,1411,1.000000,1.000000,1.000000,1.000000,0,0,0,0
1928,27,515,1412,1.000000,1.000000,1.000000,1.000000,0,0,0,0
1929,25,515,1413,1.000000,1.000000,1.000000,1.000000,0,1,0,0
1930,23,515,1414,1.000000,1.000000,1.000000,1.000000,0,0,0,0
1931,29,516,1414,1.000000,1.000000,1.000000,1.000000,0,0,0,0
1932,27,516,1415,1.000000,1.000000,1.000000,1.000000,0,0,0,0
1933,25,516,1416,1.000000,1.000000,1.000000,1.000000,0,0,0,0
1934,23,516,1417,1.000000,1.000000,1.000000,1.000000,0,0,0,0
1935,21,516,1418,1.000000,1.000000,1.000000,1.000000,0,0,0,0
1936,19,516,1419,1.000000,1.000000,1.000000,1.000000,0,0,0,0
1937,17,516,1420,1.000000,1.000000,1.000000,1.000000,0,0,0,0
1938,15,516,1421,1.000000,1.000000,1.000000,1.000000,0,0,0,0
1939,13,516,1422,1.000000,1.000000,1.000000,1.000000,0,0,0,0
1940,11,516,1423,1.000000,1.000000,1.000000,1.000000,0,0,0,0
1941,9,516,1424,1.000000,1.000000,1.000000,1.000000,0,1,0,0
1942,7,516,1425,1.000000,1.000000,1.000000,1.000000,0,0,0,0
1943,29,517,1425,1.000000,1.000000,1.000000,1.000000,0,0,0,0
1944,27,517,1426,1.000000,1.000000,1.000000,1.000000,0,1,0,0
1945,25,517,1427,1.000000,1.000000,1.000000,1.000000,0,0,0,0
1946,23,517,1428,1.000000,1.000000,1.000000,1.000000,1,0,0,0
1947,21,517,1429,1.000000,1.000000,1.000000,1.000000,1,0,0,0
1948,29,518,1429,1.000000,1.000000,1.000000,1.000000,1,0,0,0
1949,27,518,1430,1.000000,1.000000,1.000000,1.000000,0,1,0,0
1950,29,519,1430,1.000000,1.000000,1.000000,1.000000,0,1,0,0
1951,27,519,1431,1.000000,1.000000,1.000000,1.000000,0,1,0,0
1952,29,520,1431,1.000000,1.000000,1.000000,1.000000,0,1,0,0
1953,27,520,1432,1.000000,1.000000,1.000000,1.000000,1,1,1,0
1954,29,521,1432,1.000000,1.000000,1.000000,1.000000,1,1,1,0
1955,27,521,1433,1.000000,1.000000,1.000000,1.000000,0,0,0,0
1956,29,522,1433,1.000000,1.000000,1.000000,1.000000,0,0,0,0
1957,27,522,1434,1.000000,1.000000,1.000000,1.000000,0,0,0,0
1958,25,522,1435,1.000000,1.000000,1.000000,1.000000,0,0,0,0
1959,23,522,1436,1.000000,1.000000,1.000000,1.000000,0,0,0,0
1960,21,522,1437,1.000000,1.000000,1.000000,1.000000,0,0,0,0
1961,19,522,1438,1.000000,1.000000,1.000000,1.000000,0,0,0,0
1962,17,522,1439,1.000000,1.000000,1.000000,1.000000,0,0,0,0
1963,15,522,1440,1.000000,1.000000,1.000000,1.000000,1,0,0,0
1964,13,522,1441,1.000000,1.000000,1.000000,1.000000,1,1,0,1
1965,29,523,1441,1.000000,1.000000,1.000000,1.000000,1,1,0,1
1966,27,523,1442,1.000000,1.000000,1.000000,1.000000,0,0,0,0
1967,29,524,1442,1.000000,1.000000,1.000000,1.000000,0,0,0,0
1968,27,524,1443,1.000000,1.000000,1.000000,1.000000,0,1,0,0
1969,25,524,1444,1.000000,1.000000,1.000000,1.000000,0,0,0,0
1970,29,525,1444,1.000000,1.000000,1.000000,1.000000,0,0,0,0
1971,27,525,1445,1.000000,1.000000,1.000000,1.000000,0,1,0,0
1972,25,525,1446,1.000000,1.000000,1.000000,1.000000,0,0,0,0
1973,29,526,1446,1.000000,1.000000,1.000000,1.000000,0,0,0,0
1974,27,526,1447,1.000000,1.000000,1.000000,1.000000,1,0,0,0
1975,25,526,1448,1.000000,1.000000,1.000000,1.000000,0,0,0,0
1976,29,527,1448,1.000000,1.000000,1.000000,1.000000,0,0,0,0
1977,27,527,1449,1.000000,1.000000,1.000000,1.000000,1,0,0,0
1978,25,527,1450,1.000000,1.000000,1.000000,1.000000,0,0,0,0
1979,29,528,1450,1.000000,1.000000,1.000000,1.000000,0,0,0,0
1980,27,528,1451,1.000000,1.000000,1.000000,1.000000,0,0,0,0
1981,25,528,1452,1.000000,1.000000,1.000000,1.000000,0,0,0,0
1982,23,528,1453,1.000000,1.000000,1.000000,1.000000,0,0,0,0
1983,21,528,1454,1.000000,1.000000,1.000000,1.000000,0,1,0,0
1984,19,528,1455,1.000000,1.000000,1.000000,1.000000,1,0,0,0
1985,29,529,1455,1.000000,1.000000,1.000000,1.000000,1,0,0,0
1986,27,529,1456,1.000000,1.000000,1.000000,1.000000,1,1,0,0
1987,29,530,1456,1.000000,1.000000,1.000000,1.000000,1,1,0,0
1988,27,530,1457,1.000000,1.000000,1.000000,1.000000,0,0,0,0
1989,29,531,1457,1.000000,1.000000,1.000000,1.000000,0,0,0,0
1990,27,531,1458,1.000000,1.000000,1.000000,1.000000,0,1,0,0
1991,25,531,1459,1.000000,1.000000,1.000000,1.000000,0,0,0,0
1992,29,532,1459,1.000000,1.000000,1.000000,1.000000,0,0,0,0
1993,27,532,1460,1.000000,1.000000,1.000000,1.000000,0,0,0,0
1994,25,532,1461,1.000000,1.000000,1.000000,1.000000,0,1,0,0
1995,23,532,1462,1.000000,1.000000,1.000000,1.000000,0,1,0,0
1996,29,533,1462,1.000000,1.000000,1.000000,1.000000,0,1,0,0
1997,27,533,1463,1.000000,1.000000,1.000000,1.000000,0,0,0,0
1998,29,534,1463,1.000000,1.000000,1.000000,1.000000,0,0,0,0
1999,27,534,1464,1.000000,1.000000,1.000000,1.000000,0,1,1,0
2000,25,534,1465,1.000000,1.000000,1.000000,1.000000,0,1,0,0
