tick,energy,eats,distance,conn_1_6_weight,conn_2_7_weight,conn_3_8_weight,conn_4_9_weight,food_north_sensed,food_east_sensed,food_south_sensed,food_west_sensed
0,30,0,0,1.000000,1.000000,1.000000,1.000000,0,0,0,0
1,29,0,0,1.000000,1.000000,1.000000,1.000000,0,0,0,0
2,27,0,1,1.000000,1.000000,1.000000,1.000000,0,0,0,0
3,25,0,2,1.000000,1.000000,1.000000,1.000000,0,0,0,0
4,23,0,3,1.000000,1.000000,1.000000,1.000000,0,0,0,0
5,21,0,4,1.000000,1.000000,1.000000,1.000000,0,0,1,0
6,19,0,5,1.000000,1.000000,1.000000,1.000000,0,1,1,0
7,17,0,6,1.000000,1.000000,1.000000,1.000000,0,0,1,1
8,15,0,7,1.000000,1.000000,1.000000,1.000000,1,0,1,1
9,29,1,7,1.000000,1.000000,1.000000,1.000000,1,0,1,1
10,27,1,8,1.000000,1.000000,1.000000,1.000000,0,0,0,0
11,29,2,8,1.000000,1.000000,1.000000,1.000000,0,0,0,0
12,27,2,9,1.000000,1.000000,1.000000,1.000000,0,0,0,0
13,25,2,10,1.000000,1.000000,1.000000,1.000000,0,1,0,0
14,23,2,11,1.000000,1.000000,1.000000,1.000000,0,1,1,0
15,21,2,12,1.000000,1.000000,1.000000,1.000000,0,0,0,0
16,29,3,12,1.000000,1.000000,1.000000,1.000000,0,0,0,0
17,27,3,13,1.000000,1.000000,1.000000,1.000000,1,0,0,0
18,25,3,14,1.000000,1.000000,1.000000,1.000000,1,0,0,0
19,29,4,14,1.000000,1.000000,1.000000,1.000000,1,0,0,0
20,27,4,15,1.000000,1.000000,1.000000,1.000000,0,0,0,0
21,29,5,15,1.000000,1.000000,1.000000,1.000000,0,0,0,0
22,27,5,16,1.000000,1.000000,1.000000,1.000000,0,0,0,0
23,25,5,17,1.000000,1.000000,1.000000,1.000000,0,0,0,0
24,23,5,18,1.000000,1.000000,1.000000,1.000000,0,0,0,0
25,21,5,19,1.000000,1.000000,1.000000,1.000000,0,0,0,0
26,19,5,20,1.000000,1.000000,1.000000,1.000000,0,0,0,0
27,17,5,21,1.000000,1.000000,1.000000,1.000000,0,0,0,0
28,15,5,22,1.000000,1.000000,1.000000,1.000000,0,1,0,0
29,13,5,23,1.000000,1.000000,1.000000,1.000000,0,0,0,0
30,11,5,24,1.000000,1.000000,1.000000,1.000000,1,0,0,0
31,9,5,25,1.000000,1.000000,1.000000,1.000000,0,0,0,0
32,29,6,25,1.000000,1.000000,1.000000,1.000000,0,0,0,0
33,27,6,26,1.000000,1.000000,1.000000,1.000000,1,0,0,0
34,25,6,27,1.000000,1.000000,1.000000,1.000000,0,0,0,0
35,29,7,27,1.000000,1.000000,1.000000,1.000000,0,0,0,0
36,27,7,28,1.000000,1.000000,1.000000,1.000000,0,0,0,0
37,25,7,29,1.000000,1.000000,1.000000,1.000000,0,0,0,0
38,23,7,30,1.000000,1.000000,1.000000,1.000000,0,0,0,0
39,21,7,31,1.000000,1.000000,1.000000,1.000000,0,0,0,0
40,19,7,32,1.000000,1.000000,1.000000,1.000000,0,0,0,0
41,17,7,33,1.000000,1.000000,1.000000,1.000000,0,0,0,0
42,15,7,34,1.000000,1.000000,1.000000,1.000000,0,0,0,0
43,13,7,35,1.000000,1.000000,1.000000,1.000000,0,0,0,0
44,11,7,36,1.000000,1.000000,1.000000,1.000000,0,0,0,0
45,9,7,37,1.000000,1.000000,1.000000,1.000000,1,0,0,0
46,7,7,38,1.000000,1.000000,1.000000,1.000000,0,0,0,0
47,29,8,38,1.000000,1.000000,1.000000,1.000000,0,0,0,0
48,27,8,39,1.000000,1.000000,1.000000,1.000000,0,0,0,0
49,25,8,40,1.000000,1.000000,1.000000,1.000000,0,1,0,0
50,23,8,41,1.000000,1.000000,1.000000,1.000000,0,0,1,0
51,29,9,41,1.000000,1.000000,1.000000,1.000000,0,0,1,0
52,27,9,42,1.000000,1.000000,1.000000,1.000000,0,0,0,0
53,29,10,42,1.000000,1.000000,1.000000,1.000000,0,0,0,0
54,27,10,43,1.000000,1.000000,1.000000,1.000000,0,0,0,0
55,25,10,44,1.000000,1.000000,1.000000,1.000000,0,1,0,0
56,23,10,45,1.000000,1.000000,1.000000,1.000000,0,0,0,0
57,29,11,45,1.000000,1.000000,1.000000,1.000000,0,0,0,0
58,27,11,46,1.000000,1.000000,1.000000,1.000000,0,0,0,0
59,25,11,47,1.000000,1.000000,1.000000,1.000000,0,0,0,0
60,23,11,48,1.000000,1.000000,1.000000,1.000000,1,1,0,0
61,21,11,49,1.000000,1.000000,1.000000,1.000000,0,0,0,0
62,29,12,49,1.000000,1.000000,1.000000,1.000000,0,0,0,0
63,27,12,50,1.000000,1.000000,1.000000,1.000000,0,0,0,1
64,25,12,51,1.000000,1.000000,1.000000,1.000000,0,0,0,0
65,29,13,51,1.000000,1.000000,1.000000,1.000000,0,0,0,0
66,27,13,52,1.000000,1.000000,1.000000,1.000000,0,0,0,0
67,25,13,53,1.000000,1.000000,1.000000,1.000000,0,0,0,0
68,23,13,54,1.000000,1.000000,1.000000,1.000000,0,0,0,0
69,21,13,55,1.000000,1.000000,1.000000,1.000000,1,0,0,0
70,19,13,56,1.000000,1.000000,1.000000,1.000000,0,0,0,0
71,29,14,56,1.000000,1.000000,1.000000,1.000000,0,0,0,0
72,27,14,57,1.000000,1.000000,1.000000,1.000000,1,0,0,0
73,25,14,58,1.000000,1.000000,1.000000,1.000000,1,0,0,1
74,29,15,58,1.000000,1.000000,1.000000,1.000000,1,0,0,1
75,27,15,59,1.000000,1.000000,1.000000,1.000000,0,0,0,0
76,25,15,60,1.000000,1.000000,1.000000,1.000000,0,1,0,0
77,23,15,61,1.000000,1.000000,1.000000,1.000000,0,0,0,0
78,29,16,61,1.000000,1.000000,1.000000,1.000000,0,0,0,0
79,27,16,62,1.000000,1.000000,1.000000,1.000000,1,0,0,0
80,25,16,63,1.000000,1.000000,1.000000,1.000000,0,0,0,0
81,29,17,63,1.000000,1.000000,1.000000,1.000000,0,0,0,0
82,27,17,64,1.000000,1.000000,1.000000,1.000000,0,0,0,0
83,25,17,65,1.000000,1.000000,1.000000,1.000000,0,0,0,0
84,23,17,66,1.000000,1.000000,1.000000,1.000000,0,0,0,0
85,21,17,67,1.000000,1.000000,1.000000,1.000000,0,0,0,1
86,19,17,68,1.000000,1.000000,1.000000,1.000000,1,0,0,1
87,29,18,68,1.000000,1.000000,1.000000,1.000000,1,0,0,1
88,27,18,69,1.000000,1.000000,1.000000,1.000000,0,0,0,0
89,29,19,69,1.000000,1.000000,1.000000,1.000000,0,0,0,0
90,27,19,70,1.000000,1.000000,1.000000,1.000000,0,0,0,0
91,25,19,71,1.000000,1.000000,1.000000,1.000000,1,0,0,0
92,23,19,72,1.000000,1.000000,1.000000,1.000000,1,0,0,0
93,29,20,72,1.000000,1.000000,1.000000,1.000000,1,0,0,0
94,27,20,73,1.000000,1.000000,1.000000,1.000000,0,0,0,0
95,29,21,73,1.000000,1.000000,1.000000,1.000000,0,0,0,0
96,27,21,74,1.000000,1.000000,1.000000,1.000000,0,0,0,0
97,25,21,75,1.000000,1.000000,1.000000,1.000000,0,0,0,0
98,23,21,76,1.000000,1.000000,1.000000,1.000000,0,0,0,0
99,21,21,77,1.000000,1.000000,1.000000,1.000000,0,0,0,0
100,19,21,78,1.000000,1.000000,1.000000,1.000000,0,0,0,0
101,17,21,79,1.000000,1.000000,1.000000,1.000000,0,0,0,0
102,15,21,80,1.000000,1.000000,1.000000,1.000000,0,1,0,0
103,13,21,81,1.000000,1.000000,1.000000,1.000000,0,1,0,0
104,29,22,81,1.000000,1.000000,1.000000,1.000000,0,1,0,0
105,27,22,82,1.000000,1.000000,1.000000,1.000000,1,0,0,0
106,29,23,82,1.000000,1.000000,1.000000,1.000000,1,0,0,0
107,27,23,83,1.000000,1.000000,1.000000,1.000000,0,0,0,0
108,29,24,83,1.000000,1.000000,1.000000,1.000000,0,0,0,0
109,27,24,84,1.000000,1.000000,1.000000,1.000000,1,0,0,0
110,25,24,85,1.000000,1.000000,1.000000,1.000000,1,0,0,0
111,29,25,85,1.000000,1.000000,1.000000,1.000000,1,0,0,0
112,27,25,86,1.000000,1.000000,1.000000,1.000000,0,1,0,0
113,29,26,86,1.000000,1.000000,1.000000,1.000000,0,1,0,0
114,27,26,87,1.000000,1.000000,1.000000,1.000000,0,1,0,0
115,25,26,88,1.000000,1.000000,1.000000,1.000000,1,1,0,1
116,29,27,88,1.000000,1.000000,1.000000,1.000000,1,1,0,1
117,27,27,89,1.000000,1.000000,1.000000,1.000000,0,1,1,0
118,25,27,90,1.000000,1.000000,1.000000,1.000000,1,1,0,0
119,29,28,90,1.000000,1.000000,1.000000,1.000000,1,1,0,0
120,27,28,91,1.000000,1.000000,1.000000,1.000000,1,0,0,0
121,29,29,91,1.000000,1.000000,1.000000,1.000000,1,0,0,0
122,27,29,92,1.000000,1.000000,1.000000,1.000000,0,0,0,1
123,29,30,92,1.000000,1.000000,1.000000,1.000000,0,0,0,1
124,27,30,93,1.000000,1.000000,1.000000,1.000000,0,0,0,0
125,29,31,93,1.000000,1.000000,1.000000,1.000000,0,0,0,0
126,27,31,94,1.000000,1.000000,1.000000,1.000000,1,0,0,1
127,25,31,95,1.000000,1.000000,1.000000,1.000000,0,0,0,1
128,29,32,95,1.000000,1.000000,1.000000,1.000000,0,0,0,1
129,27,32,96,1.000000,1.000000,1.000000,1.000000,0,0,1,0
130,29,33,96,1.000000,1.000000,1.000000,1.000000,0,0,1,0
131,27,33,97,1.000000,1.000000,1.000000,1.000000,0,0,0,0
132,29,34,97,1.000000,1.000000,1.000000,1.000000,0,0,0,0
133,27,34,98,1.000000,1.000000,1.000000,1.000000,0,0,0,0
134,25,34,99,1.000000,1.000000,1.000000,1.000000,0,0,0,1
135,23,34,100,1.000000,1.000000,1.000000,1.000000,1,0,0,1
136,29,35,100,1.000000,1.000000,1.000000,1.000000,1,0,0,1
137,27,35,101,1.000000,1.000000,1.000000,1.000000,0,0,0,0
138,29,36,101,1.000000,1.000000,1.000000,1.000000,0,0,0,0
139,27,36,102,1.000000,1.000000,1.000000,1.000000,0,0,1,0
140,25,36,103,1.000000,1.000000,1.000000,1.000000,0,0,0,1
141,23,36,104,1.000000,1.000000,1.000000,1.000000,0,1,0,1
142,29,37,104,1.000000,1.000000,1.000000,1.000000,0,1,0,1
143,27,37,105,1.000000,1.000000,1.000000,1.000000,0,0,0,0
144,29,38,105,1.000000,1.000000,1.000000,1.000000,0,0,0,0
145,27,38,106,1.000000,1.000000,1.000000,1.000000,0,0,0,1
146,25,38,107,1.000000,1.000000,1.000000,1.000000,0,0,0,0
147,23,38,108,1.000000,1.000000,1.000000,1.000000,0,1,0,0
148,21,38,109,1.000000,1.000000,1.000000,1.000000,0,0,0,0
149,29,39,109,1.000000,1.000000,1.000000,1.000000,0,0,0,0
150,27,39,110,1.000000,1.000000,1.000000,1.000000,0,0,0,0
151,29,40,110,1.000000,1.000000,1.000000,1.000000,0,0,0,0
152,27,40,111,1.000000,1.000000,1.000000,1.000000,0,0,0,0
153,29,41,111,1.000000,1.000000,1.000000,1.000000,0,0,0,0
154,27,41,112,1.000000,1.000000,1.000000,1.000000,0,1,0,0
155,25,41,113,1.000000,1.000000,1.000000,1.000000,0,0,0,0
156,29,42,113,1.000000,1.000000,1.000000,1.000000,0,0,0,0
157,27,42,114,1.000000,1.000000,1.000000,1.000000,0,1,0,0
158,25,42,115,1.000000,1.000000,1.000000,1.000000,0,0,0,0
159,23,42,116,1.000000,1.000000,1.000000,1.000000,0,0,0,0
160,21,42,117,1.000000,1.000000,1.000000,1.000000,0,0,0,1
161,19,42,118,1.000000,1.000000,1.000000,1.000000,1,1,0,0
162,17,42,119,1.000000,1.000000,1.000000,1.000000,0,0,0,0
163,29,43,119,1.000000,1.000000,1.000000,1.000000,0,0,0,0
164,27,43,120,1.000000,1.000000,1.000000,1.000000,0,0,1,0
165,25,43,121,1.000000,1.000000,1.000000,1.000000,0,0,0,0
166,29,44,121,1.000000,1.000000,1.000000,1.000000,0,0,0,0
167,27,44,122,1.000000,1.000000,1.000000,1.000000,0,1,1,0
168,25,44,123,1.000000,1.000000,1.000000,1.000000,0,0,1,0
169,29,45,123,1.000000,1.000000,1.000000,1.000000,0,0,1,0
170,27,45,124,1.000000,1.000000,1.000000,1.000000,0,1,0,1
171,25,45,125,1.000000,1.000000,1.000000,1.000000,0,1,0,1
172,29,46,125,1.000000,1.000000,1.000000,1.000000,0,1,0,1
173,27,46,126,1.000000,1.000000,1.000000,1.000000,0,0,1,0
174,29,47,126,1.000000,1.000000,1.000000,1.000000,0,0,1,0
175,27,47,127,1.000000,1.000000,1.000000,1.000000,0,0,0,0
176,29,48,127,1.000000,1.000000,1.000000,1.000000,0,0,0,0
177,27,48,128,1.000000,1.000000,1.000000,1.000000,0,0,1,0
178,25,48,129,1.000000,1.000000,1.000000,1.000000,0,0,1,0
179,23,48,130,1.000000,1.000000,1.000000,1.000000,1,0,0,1
180,21,48,131,1.000000,1.000000,1.000000,1.000000,0,0,1,0
181,29,49,131,1.000000,1.000000,1.000000,1.000000,0,0,1,0
182,27,49,132,1.000000,1.000000,1.000000,1.000000,0,0,0,1
183,29,50,132,1.000000,1.000000,1.000000,1.000000,0,0,0,1
184,27,50,133,1.000000,1.000000,1.000000,1.000000,0,0,0,0
185,29,51,133,1.000000,1.000000,1.000000,1.000000,0,0,0,0
186,27,51,134,1.000000,1.000000,1.000000,1.000000,0,0,0,0
187,25,51,135,1.000000,1.000000,1.000000,1.000000,1,0,0,0
188,23,51,136,1.000000,1.000000,1.000000,1.000000,1,0,0,0
189,29,52,136,1.000000,1.000000,1.000000,1.000000,1,0,0,0
190,27,52,137,1.000000,1.000000,1.000000,1.000000,0,0,0,0
191,29,53,137,1.000000,1.000000,1.000000,1.000000,0,0,0,0
192,27,53,138,1.000000,1.000000,1.000000,1.000000,0,0,0,0
193,25,53,139,1.000000,1.000000,1.000000,1.000000,0,0,0,0
194,23,53,140,1.000000,1.000000,1.000000,1.000000,0,1,0,0
195,21,53,141,1.000000,1.000000,1.000000,1.000000,1,0,0,0
196,29,54,141,1.000000,1.000000,1.000000,1.000000,1,0,0,0
197,27,54,142,1.000000,1.000000,1.000000,1.000000,0,1,0,0
198,29,55,142,1.000000,1.000000,1.000000,1.000000,0,1,0,0
199,27,55,143,1.000000,1.000000,1.000000,1.000000,0,1,0,0
200,29,56,143,1.000000,1.000000,1.000000,1.000000,0,1,0,0
201,27,56,144,1.000000,1.000000,1.000000,1.000000,1,1,0,0
202,29,57,144,1.000000,1.000000,1.000000,1.000000,1,1,0,0
203,27,57,145,1.000000,1.000000,1.000000,1.000000,0,0,0,0
204,29,58,145,1.000000,1.000000,1.000000,1.000000,0,0,0,0
205,27,58,146,1.000000,1.000000,1.000000,1.000000,0,1,0,1
206,25,58,147,1.000000,1.000000,1.000000,1.000000,1,0,0,0
207,29,59,147,1.000000,1.000000,1.000000,1.000000,1,0,0,0
208,27,59,148,1.000000,1.000000,1.000000,1.000000,0,1,0,0
209,25,59,149,1.000000,1.000000,1.000000,1.000000,0,0,0,1
210,29,60,149,1.000000,1.000000,1.000000,1.000000,0,0,0,1
211,27,60,150,1.000000,1.000000,1.000000,1.000000,0,0,0,0
212,29,61,150,1.000000,1.000000,1.000000,1.000000,0,0,0,0
213,27,61,151,1.000000,1.000000,1.000000,1.000000,1,0,0,0
214,25,61,152,1.000000,1.000000,1.000000,1.000000,1,0,0,1
215,29,62,152,1.000000,1.000000,1.000000,1.000000,1,0,0,1
216,27,62,153,1.000000,1.000000,1.000000,1.000000,1,1,0,0
217,29,63,153,1.000000,1.000000,1.000000,1.000000,1,1,0,0
218,27,63,154,1.000000,1.000000,1.000000,1.000000,1,1,0,1
219,29,64,154,1.000000,1.000000,1.000000,1.000000,1,1,0,1
220,27,64,155,1.000000,1.000000,1.000000,1.000000,0,0,1,0
221,29,65,155,1.000000,1.000000,1.000000,1.000000,0,0,1,0
222,27,65,156,1.000000,1.000000,1.000000,1.000000,0,0,0,0
223,29,66,156,1.000000,1.000000,1.000000,1.000000,0,0,0,0
224,27,66,157,1.000000,1.000000,1.000000,1.000000,0,0,0,0
225,25,66,158,1.000000,1.000000,1.000000,1.000000,0,0,1,0
226,23,66,159,1.000000,1.000000,1.000000,1.000000,0,0,0,0
227,29,67,159,1.000000,1.000000,1.000000,1.000000,0,0,0,0
228,27,67,160,1.000000,1.000000,1.000000,1.000000,0,0,1,0
229,25,67,161,1.000000,1.000000,1.000000,1.000000,0,0,0,0
230,29,68,161,1.000000,1.000000,1.000000,1.000000,0,0,0,0
231,27,68,162,1.000000,1.000000,1.000000,1.000000,0,0,0,1
232,25,68,163,1.000000,1.000000,1.000000,1.000000,0,0,1,0
233,29,69,163,1.000000,1.000000,1.000000,1.000000,0,0,1,0
234,27,69,164,1.000000,1.000000,1.000000,1.000000,0,0,0,0
235,29,70,164,1.000000,1.000000,1.000000,1.000000,0,0,0,0
236,27,70,165,1.000000,1.000000,1.000000,1.000000,0,0,1,0
237,25,70,166,1.000000,1.000000,1.000000,1.000000,0,0,1,1
238,29,71,166,1.000000,1.000000,1.000000,1.000000,0,0,1,1
239,27,71,167,1.000000,1.000000,1.000000,1.000000,0,0,1,1
240,25,71,168,1.000000,1.000000,1.000000,1.000000,1,1,0,0
241,29,72,168,1.000000,1.000000,1.000000,1.000000,1,1,0,0
242,27,72,169,1.000000,1.000000,1.000000,1.000000,0,0,0,1
243,29,73,169,1.000000,1.000000,1.000000,1.000000,0,0,0,1
244,27,73,170,1.000000,1.000000,1.000000,1.000000,1,0,0,1
245,29,74,170,1.000000,1.000000,1.000000,1.000000,1,0,0,1
246,27,74,171,1.000000,1.000000,1.000000,1.000000,0,0,0,0
247,29,75,171,1.000000,1.000000,1.000000,1.000000,0,0,0,0
248,27,75,172,1.000000,1.000000,1.000000,1.000000,1,0,0,0
249,25,75,173,1.000000,1.000000,1.000000,1.000000,1,0,0,0
250,29,76,173,1.000000,1.000000,1.000000,1.000000,1,0,0,0
251,27,76,174,1.000000,1.000000,1.000000,1.000000,0,1,0,0
252,29,77,174,1.000000,1.000000,1.000000,1.000000,0,1,0,0
253,27,77,175,1.000000,1.000000,1.000000,1.000000,0,0,0,0
254,29,78,175,1.000000,1.000000,1.000000,1.000000,0,0,0,0
255,27,78,176,1.000000,1.000000,1.000000,1.000000,0,1,0,0
256,25,78,177,1.000000,1.000000,1.000000,1.000000,0,0,0,0
257,29,79,177,1.000000,1.000000,1.000000,1.000000,0,0,0,0
258,27,79,178,1.000000,1.000000,1.000000,1.000000,0,0,0,0
259,25,79,179,1.000000,1.000000,1.000000,1.000000,0,0,0,0
260,23,79,180,1.000000,1.000000,1.000000,1.000000,0,0,1,0
261,21,79,181,1.000000,1.000000,1.000000,1.000000,0,1,0,0
262,19,79,182,1.000000,1.000000,1.000000,1.000000,1,0,0,0
263,29,80,182,1.000000,1.000000,1.000000,1.000000,1,0,0,0
264,27,80,183,1.000000,1.000000,1.000000,1.000000,0,0,0,0
265,29,81,183,1.000000,1.000000,1.000000,1.000000,0,0,0,0
266,27,81,184,1.000000,1.000000,1.000000,1.000000,0,0,0,0
267,25,81,185,1.000000,1.000000,1.000000,1.000000,0,0,0,0
268,23,81,186,1.000000,1.000000,1.000000,1.000000,0,0,0,0
269,21,81,187,1.000000,1.000000,1.000000,1.000000,0,0,0,0
270,19,81,188,1.000000,1.000000,1.000000,1.000000,0,0,0,0
271,17,81,189,1.000000,1.000000,1.000000,1.000000,0,0,0,0
272,15,81,190,1.000000,1.000000,1.000000,1.000000,0,0,1,0
273,13,81,191,1.000000,1.000000,1.000000,1.000000,0,0,0,0
274,29,82,191,1.000000,1.000000,1.000000,1.000000,0,0,0,0
275,27,82,192,1.000000,1.000000,1.000000,1.000000,0,0,1,0
276,25,82,193,1.000000,1.000000,1.000000,1.000000,0,0,0,1
277,23,82,194,1.000000,1.000000,1.000000,1.000000,0,1,1,0
278,29,83,194,1.000000,1.000000,1.000000,1.000000,0,1,1,0
279,27,83,195,1.000000,1.000000,1.000000,1.000000,0,0,0,0
280,29,84,195,1.000000,1.000000,1.000000,1.000000,0,0,0,0
281,27,84,196,1.000000,1.000000,1.000000,1.000000,0,0,1,1
282,25,84,197,1.000000,1.000000,1.000000,1.000000,0,0,0,0
283,29,85,197,1.000000,1.000000,1.000000,1.000000,0,0,0,0
284,27,85,198,1.000000,1.000000,1.000000,1.000000,0,1,1,0
285,25,85,199,1.000000,1.000000,1.000000,1.000000,0,1,0,1
286,29,86,199,1.000000,1.000000,1.000000,1.000000,0,1,0,1
287,27,86,200,1.000000,1.000000,1.000000,1.000000,0,0,1,0
288,29,87,200,1.000000,1.000000,1.000000,1.000000,0,0,1,0
289,27,87,201,1.000000,1.000000,1.000000,1.000000,0,1,0,0
290,25,87,202,1.000000,1.000000,1.000000,1.000000,1,1,0,0
291,29,88,202,1.000000,1.000000,1.000000,1.000000,1,1,0,0
292,27,88,203,1.000000,1.000000,1.000000,1.000000,0,1,1,0
293,25,88,204,1.000000,1.000000,1.000000,1.000000,0,0,1,1
294,29,89,204,1.000000,1.000000,1.000000,1.000000,0,0,1,1
295,27,89,205,1.000000,1.000000,1.000000,1.000000,0,0,1,0
296,25,89,206,1.000000,1.000000,1.000000,1.000000,1,1,0,0
297,29,90,206,1.000000,1.000000,1.000000,1.000000,1,1,0,0
298,27,90,207,1.000000,1.000000,1.000000,1.000000,0,0,0,0
299,29,91,207,1.000000,1.000000,1.000000,1.000000,0,0,0,0
300,27,91,208,1.000000,1.000000,1.000000,1.000000,0,1,0,0
301,25,91,209,1.000000,1.000000,1.000000,1.000000,0,0,0,0
302,29,92,209,1.000000,1.000000,1.000000,1.000000,0,0,0,0
303,27,92,210,1.000000,1.000000,1.000000,1.000000,0,0,0,0
304,25,92,211,1.000000,1.000000,1.000000,1.000000,0,0,0,0
305,23,92,212,1.000000,1.000000,1.000000,1.000000,0,1,0,0
306,21,92,213,1.000000,1.000000,1.000000,1.000000,0,0,0,0
307,29,93,213,1.000000,1.000000,1.000000,1.000000,0,0,0,0
308,27,93,214,1.000000,1.000000,1.000000,1.000000,0,0,0,0
309,25,93,215,1.000000,1.000000,1.000000,1.000000,1,0,0,1
310,23,93,216,1.000000,1.000000,1.000000,1.000000,1,0,0,0
311,29,94,216,1.000000,1.000000,1.000000,1.000000,1,0,0,0
312,27,94,217,1.000000,1.000000,1.000000,1.000000,0,0,0,0
313,29,95,217,1.000000,1.000000,1.000000,1.000000,0,0,0,0
314,27,95,218,1.000000,1.000000,1.000000,1.000000,1,0,0,0
315,25,95,219,1.000000,1.000000,1.000000,1.000000,0,0,0,0
316,29,96,219,1.000000,1.000000,1.000000,1.000000,0,0,0,0
317,27,96,220,1.000000,1.000000,1.000000,1.000000,0,0,0,1
318,25,96,221,1.000000,1.000000,1.000000,1.000000,0,0,0,0
319,29,97,221,1.000000,1.000000,1.000000,1.000000,0,0,0,0
320,27,97,222,1.000000,1.000000,1.000000,1.000000,0,0,0,0
321,25,97,223,1.000000,1.000000,1.000000,1.000000,0,0,0,0
322,23,97,224,1.000000,1.000000,1.000000,1.000000,0,0,0,0
323,21,97,225,1.000000,1.000000,1.000000,1.000000,0,0,0,1
324,19,97,226,1.000000,1.000000,1.000000,1.000000,1,0,0,1
325,29,98,226,1.000000,1.000000,1.000000,1.000000,1,0,0,1
326,27,98,227,1.000000,1.000000,1.000000,1.000000,1,0,1,0
327,29,99,227,1.000000,1.000000,1.000000,1.000000,1,0,1,0
328,27,99,228,1.000000,1.000000,1.000000,1.000000,1,1,0,1
329,25,99,229,1.000000,1.000000,1.000000,1.000000,0,0,1,0
330,29,100,229,1.000000,1.000000,1.000000,1.000000,0,0,1,0
331,27,100,230,1.000000,1.000000,1.000000,1.000000,0,1,0,1
332,29,101,230,1.000000,1.000000,1.000000,1.000000,0,1,0,1
333,27,101,231,1.000000,1.000000,1.000000,1.000000,0,0,0,0
334,29,102,231,1.000000,1.000000,1.000000,1.000000,0,0,0,0
335,27,102,232,1.000000,1.000000,1.000000,1.000000,0,0,1,0
336,25,102,233,1.000000,1.000000,1.000000,1.000000,0,1,0,0
337,29,103,233,1.000000,1.000000,1.000000,1.000000,0,1,0,0
338,27,103,234,1.000000,1.000000,1.000000,1.000000,0,0,0,0
339,29,104,234,1.000000,1.000000,1.000000,1.000000,0,0,0,0
340,27,104,235,1.000000,1.000000,1.000000,1.000000,0,0,0,0
341,25,104,236,1.000000,1.000000,1.000000,1.000000,1,0,0,0
342,23,104,237,1.000000,1.000000,1.000000,1.000000,0,1,0,0
343,29,105,237,1.000000,1.000000,1.000000,1.000000,0,1,0,0
344,27,105,238,1.000000,1.000000,1.000000,1.000000,1,0,0,0
345,29,106,238,1.000000,1.000000,1.000000,1.000000,1,0,0,0
346,27,106,239,1.000000,1.000000,1.000000,1.000000,0,0,0,1
347,29,107,239,1.000000,1.000000,1.000000,1.000000,0,0,0,1
348,27,107,240,1.000000,1.000000,1.000000,1.000000,1,0,0,1
349,29,108,240,1.000000,1.000000,1.000000,1.000000,1,0,0,1
350,27,108,241,1.000000,1.000000,1.000000,1.000000,0,0,0,0
351,29,109,241,1.000000,1.000000,1.000000,1.000000,0,0,0,0
352,27,109,242,1.000000,1.000000,1.000000,1.000000,1,0,0,0
353,25,109,243,1.000000,1.000000,1.000000,1.000000,0,0,0,0
354,29,110,243,1.000000,1.000000,1.000000,1.000000,0,0,0,0
355,27,110,244,1.000000,1.000000,1.000000,1.000000,0,0,0,0
356,25,110,245,1.000000,1.000000,1.000000,1.000000,0,0,0,0
357,23,110,246,1.000000,1.000000,1.000000,1.000000,0,0,0,0
358,21,110,247,1.000000,1.000000,1.000000,1.000000,0,0,0,0
359,19,110,248,1.000000,1.000000,1.000000,1.000000,0,0,1,1
360,17,110,249,1.000000,1.000000,1.000000,1.000000,0,0,0,1
361,29,111,249,1.000000,1.000000,1.000000,1.000000,0,0,0,1
362,27,111,250,1.000000,1.000000,1.000000,1.000000,1,0,0,0
363,29,112,250,1.000000,1.000000,1.000000,1.000000,1,0,0,0
364,27,112,251,1.000000,1.000000,1.000000,1.000000,0,0,0,1
365,29,113,251,1.000000,1.000000,1.000000,1.000000,0,0,0,1
366,27,113,252,1.000000,1.000000,1.000000,1.000000,1,0,0,0
367,29,114,252,1.000000,1.000000,1.000000,1.000000,1,0,0,0
368,27,114,253,1.000000,1.000000,1.000000,1.000000,0,0,0,0
369,29,115,253,1.000000,1.000000,1.000000,1.000000,0,0,0,0
370,27,115,254,1.000000,1.000000,1.000000,1.000000,0,0,0,0
371,25,115,255,1.000000,1.000000,1.000000,1.000000,0,0,0,0
372,23,115,256,1.000000,1.000000,1.000000,1.000000,0,1,0,0
373,21,115,257,1.000000,1.000000,1.000000,1.000000,1,0,0,0
374,19,115,258,1.000000,1.000000,1.000000,1.000000,1,1,1,0
375,29,116,258,1.000000,1.000000,1.000000,1.000000,1,1,1,0
376,27,116,259,1.000000,1.000000,1.000000,1.000000,0,0,0,0
377,29,117,259,1.000000,1.000000,1.000000,1.000000,0,0,0,0
378,27,117,260,1.000000,1.000000,1.000000,1.000000,0,0,0,0
379,25,117,261,1.000000,1.000000,1.000000,1.000000,0,0,0,0
380,23,117,262,1.000000,1.000000,1.000000,1.000000,0,0,0,0
381,21,117,263,1.000000,1.000000,1.000000,1.000000,0,0,0,0
382,19,117,264,1.000000,1.000000,1.000000,1.000000,1,1,0,0
383,17,117,265,1.000000,1.000000,1.000000,1.000000,0,0,0,0
384,29,118,265,1.000000,1.000000,1.000000,1.000000,0,0,0,0
385,27,118,266,1.000000,1.000000,1.000000,1.000000,0,0,0,0
386,25,118,267,1.000000,1.000000,1.000000,1.000000,0,0,0,0
387,23,118,268,1.000000,1.000000,1.000000,1.000000,0,1,1,0
388,21,118,269,1.000000,1.000000,1.000000,1.000000,0,1,0,0
389,19,118,270,1.000000,1.000000,1.000000,1.000000,1,1,1,1
390,29,119,270,1.000000,1.000000,1.000000,1.000000,1,1,1,1
391,27,119,271,1.000000,1.000000,1.000000,1.000000,0,0,1,0
392,29,120,271,1.000000,1.000000,1.000000,1.000000,0,0,1,0
393,27,120,272,1.000000,1.000000,1.000000,1.000000,0,0,0,1
394,25,120,273,1.000000,1.000000,1.000000,1.000000,0,1,1,0
395,29,121,273,1.000000,1.000000,1.000000,1.000000,0,1,1,0
396,27,121,274,1.000000,1.000000,1.000000,1.000000,0,0,0,0
397,29,122,274,1.000000,1.000000,1.000000,1.000000,0,0,0,0
398,27,122,275,1.000000,1.000000,1.000000,1.000000,0,0,1,0
399,25,122,276,1.000000,1.000000,1.000000,1.000000,0,0,0,1
400,29,123,276,1.000000,1.000000,1.000000,1.000000,0,0,0,1
401,27,123,277,1.000000,1.000000,1.000000,1.000000,0,0,0,0
402,29,124,277,1.000000,1.000000,1.000000,1.000000,0,0,0,0
403,27,124,278,1.000000,1.000000,1.000000,1.000000,0,0,1,1
404,25,124,279,1.000000,1.000000,1.000000,1.000000,0,0,0,0
405,29,125,279,1.000000,1.000000,1.000000,1.000000,0,0,0,0
406,27,125,280,1.000000,1.000000,1.000000,1.000000,0,0,1,1
407,25,125,281,1.000000,1.000000,1.000000,1.000000,0,0,0,0
408,29,126,281,1.000000,1.000000,1.000000,1.000000,0,0,0,0
409,27,126,282,1.000000,1.000000,1.000000,1.000000,0,1,1,0
410,25,126,283,1.000000,1.000000,1.000000,1.000000,0,0,1,0
411,23,126,284,1.000000,1.000000,1.000000,1.000000,1,1,0,1
412,21,126,285,1.000000,1.000000,1.000000,1.000000,0,0,1,0
413,29,127,285,1.000000,1.000000,1.000000,1.000000,0,0,1,0
414,27,127,286,1.000000,1.000000,1.000000,1.000000,0,1,0,1
415,29,128,286,1.000000,1.000000,1.000000,1.000000,0,1,0,1
416,27,128,287,1.000000,1.000000,1.000000,1.000000,0,1,1,0
417,25,128,288,1.000000,1.000000,1.000000,1.000000,0,0,1,1
418,23,128,289,1.000000,1.000000,1.000000,1.000000,0,1,1,0
419,29,129,289,1.000000,1.000000,1.000000,1.000000,0,1,1,0
420,27,129,290,1.000000,1.000000,1.000000,1.000000,0,1,0,0
421,25,129,291,1.000000,1.000000,1.000000,1.000000,1,0,0,1
422,29,130,291,1.000000,1.000000,1.000000,1.000000,1,0,0,1
423,27,130,292,1.000000,1.000000,1.000000,1.000000,0,0,0,0
424,29,131,292,1.000000,1.000000,1.000000,1.000000,0,0,0,0
425,27,131,293,1.000000,1.000000,1.000000,1.000000,0,0,1,0
426,25,131,294,1.000000,1.000000,1.000000,1.000000,0,0,0,0
427,29,132,294,1.000000,1.000000,1.000000,1.000000,0,0,0,0
428,27,132,295,1.000000,1.000000,1.000000,1.000000,0,0,1,0
429,25,132,296,1.000000,1.000000,1.000000,1.000000,0,0,1,0
430,29,133,296,1.000000,1.000000,1.000000,1.000000,0,0,1,0
431,27,133,297,1.000000,1.000000,1.000000,1.000000,0,0,0,0
432,29,134,297,1.000000,1.000000,1.000000,1.000000,0,0,0,0
433,27,134,298,1.000000,1.000000,1.000000,1.000000,0,0,0,0
434,25,134,299,1.000000,1.000000,1.000000,1.000000,0,1,1,0
435,23,134,300,1.000000,1.000000,1.000000,1.000000,0,1,0,0
436,21,134,301,1.000000,1.000000,1.000000,1.000000,1,0,1,1
437,29,135,301,1.000000,1.000000,1.000000,1.000000,1,0,1,1
438,27,135,302,1.000000,1.000000,1.000000,1.000000,0,0,0,0
439,29,136,302,1.000000,1.000000,1.000000,1.000000,0,0,0,0
440,27,136,303,1.000000,1.000000,1.000000,1.000000,0,0,0,0
441,25,136,304,1.000000,1.000000,1.000000,1.000000,0,0,0,0
442,23,136,305,1.000000,1.000000,1.000000,1.000000,0,0,0,0
443,21,136,306,1.000000,1.000000,1.000000,1.000000,0,0,0,0
444,19,136,307,1.000000,1.000000,1.000000,1.000000,1,0,0,1
445,17,136,308,1.000000,1.000000,1.000000,1.000000,0,0,0,0
446,29,137,308,1.000000,1.000000,1.000000,1.000000,0,0,0,0
447,27,137,309,1.000000,1.000000,1.000000,1.000000,0,0,1,0
448,25,137,310,1.000000,1.000000,1.000000,1.000000,0,0,1,0
449,29,138,310,1.000000,1.000000,1.000000,1.000000,0,0,1,0
450,27,138,311,1.000000,1.000000,1.000000,1.000000,0,0,0,0
451,25,138,312,1.000000,1.000000,1.000000,1.000000,0,0,1,0
452,23,138,313,1.000000,1.000000,1.000000,1.000000,0,0,0,0
453,29,139,313,1.000000,1.000000,1.000000,1.000000,0,0,0,0
454,27,139,314,1.000000,1.000000,1.000000,1.000000,0,0,0,0
455,25,139,315,1.000000,1.000000,1.000000,1.000000,0,0,0,0
456,23,139,316,1.000000,1.000000,1.000000,1.000000,0,0,0,0
457,21,139,317,1.000000,1.000000,1.000000,1.000000,0,0,0,0
458,19,139,318,1.000000,1.000000,1.000000,1.000000,0,0,0,0
459,17,139,319,1.000000,1.000000,1.000000,1.000000,0,0,0,0
460,15,139,320,1.000000,1.000000,1.000000,1.000000,0,0,0,0
461,13,139,321,1.000000,1.000000,1.000000,1.000000,0,0,0,0
462,11,139,322,1.000000,1.000000,1.000000,1.000000,0,0,0,0
463,9,139,323,1.000000,1.000000,1.000000,1.000000,0,0,0,0
464,7,139,324,1.000000,1.000000,1.000000,1.000000,0,1,0,0
465,5,139,325,1.000000,1.000000,1.000000,1.000000,0,1,1,0
466,29,140,325,1.000000,1.000000,1.000000,1.000000,0,1,1,0
467,27,140,326,1.000000,1.000000,1.000000,1.000000,0,1,1,0
468,29,141,326,1.000000,1.000000,1.000000,1.000000,0,1,1,0
469,27,141,327,1.000000,1.000000,1.000000,1.000000,0,0,1,0
470,25,141,328,1.000000,1.000000,1.000000,1.000000,1,0,0,0
471,29,142,328,1.000000,1.000000,1.000000,1.000000,1,0,0,0
472,27,142,329,1.000000,1.000000,1.000000,1.000000,0,0,0,0
473,29,143,329,1.000000,1.000000,1.000000,1.000000,0,0,0,0
474,27,143,330,1.000000,1.000000,1.000000,1.000000,0,0,0,0
475,25,143,331,1.000000,1.000000,1.000000,1.000000,0,0,0,0
476,23,143,332,1.000000,1.000000,1.000000,1.000000,1,1,0,0
477,21,143,333,1.000000,1.000000,1.000000,1.000000,1,1,0,0
478,19,143,334,1.000000,1.000000,1.000000,1.000000,0,1,1,1
479,29,144,334,1.000000,1.000000,1.000000,1.000000,0,1,1,1
480,27,144,335,1.000000,1.000000,1.000000,1.000000,1,0,0,0
481,29,145,335,1.000000,1.000000,1.000000,1.000000,1,0,0,0
482,27,145,336,1.000000,1.000000,1.000000,1.000000,0,0,0,0
483,29,146,336,1.000000,1.000000,1.000000,1.000000,0,0,0,0
484,27,146,337,1.000000,1.000000,1.000000,1.000000,0,1,0,0
485,25,146,338,1.000000,1.000000,1.000000,1.000000,1,0,0,0
486,23,146,339,1.000000,1.000000,1.000000,1.000000,0,0,1,0
487,29,147,339,1.000000,1.000000,1.000000,1.000000,0,0,1,0
488,27,147,340,1.000000,1.000000,1.000000,1.000000,0,0,0,0
489,29,148,340,1.000000,1.000000,1.000000,1.000000,0,0,0,0
490,27,148,341,1.000000,1.000000,1.000000,1.000000,0,0,0,0
491,25,148,342,1.000000,1.000000,1.000000,1.000000,0,0,0,0
492,23,148,343,1.000000,1.000000,1.000000,1.000000,0,0,1,0
493,21,148,344,1.000000,1.000000,1.000000,1.000000,0,0,1,0
494,29,149,344,1.000000,1.000000,1.000000,1.000000,0,0,1,0
495,27,149,345,1.000000,1.000000,1.000000,1.000000,0,0,0,0
496,29,150,345,1.000000,1.000000,1.000000,1.000000,0,0,0,0
497,27,150,346,1.000000,1.000000,1.000000,1.000000,0,0,0,0
498,25,150,347,1.000000,1.000000,1.000000,1.000000,0,0,0,0
499,23,150,348,1.000000,1.000000,1.000000,1.000000,0,0,1,0
500,21,150,349,1.000000,1.000000,1.000000,1.000000,0,0,0,0
501,29,151,349,1.000000,1.000000,1.000000,1.000000,0,0,0,0
502,27,151,350,1.000000,1.000000,1.000000,1.000000,0,0,1,0
503,25,151,351,1.000000,1.000000,1.000000,1.000000,0,0,0,0
504,29,152,351,1.000000,1.000000,1.000000,1.000000,0,0,0,0
505,27,152,352,1.000000,1.000000,1.000000,1.000000,0,0,0,0
506,25,152,353,1.000000,1.000000,1.000000,1.000000,0,0,0,0
507,23,152,354,1.000000,1.000000,1.000000,1.000000,0,0,0,0
508,21,152,355,1.000000,1.000000,1.000000,1.000000,0,0,0,0
509,19,152,356,1.000000,1.000000,1.000000,1.000000,0,0,0,0
510,17,152,357,1.000000,1.000000,1.000000,1.000000,0,0,0,0
511,15,152,358,1.000000,1.000000,1.000000,1.000000,0,1,0,0
512,13,152,359,1.000000,1.000000,1.000000,1.000000,0,0,0,0
513,29,153,359,1.000000,1.000000,1.000000,1.000000,0,0,0,0
514,27,153,360,1.000000,1.000000,1.000000,1.000000,0,0,1,0
515,25,153,361,1.000000,1.000000,1.000000,1.000000,0,0,0,0
516,29,154,361,1.000000,1.000000,1.000000,1.000000,0,0,0,0
517,27,154,362,1.000000,1.000000,1.000000,1.000000,0,0,0,0
518,25,154,363,1.000000,1.000000,1.000000,1.000000,0,0,0,0
519,23,154,364,1.000000,1.000000,1.000000,1.000000,0,0,0,0
520,21,154,365,1.000000,1.000000,1.000000,1.000000,0,0,0,1
521,19,154,366,1.000000,1.000000,1.000000,1.000000,1,0,0,0
522,29,155,366,1.000000,1.000000,1.000000,1.000000,1,0,0,0
523,27,155,367,1.000000,1.000000,1.000000,1.000000,0,0,0,1
524,25,155,368,1.000000,1.000000,1.000000,1.000000,0,0,0,1
525,29,156,368,1.000000,1.000000,1.000000,1.000000,0,0,0,1
526,27,156,369,1.000000,1.000000,1.000000,1.000000,0,0,0,1
527,25,156,370,1.000000,1.000000,1.000000,1.000000,1,0,1,0
528,29,157,370,1.000000,1.000000,1.000000,1.000000,1,0,1,0
529,27,157,371,1.000000,1.000000,1.000000,1.000000,0,0,0,0
530,25,157,372,1.000000,1.000000,1.000000,1.000000,0,1,1,1
531,23,157,373,1.000000,1.000000,1.000000,1.000000,0,0,0,0
532,29,158,373,1.000000,1.000000,1.000000,1.000000,0,0,0,0
533,27,158,374,1.000000,1.000000,1.000000,1.000000,0,1,1,0
534,25,158,375,1.000000,1.000000,1.000000,1.000000,0,1,1,0
535,29,159,375,1.000000,1.000000,1.000000,1.000000,0,1,1,0
536,27,159,376,1.000000,1.000000,1.000000,1.000000,1,0,1,0
537,29,160,376,1.000000,1.000000,1.000000,1.000000,1,0,1,0
538,27,160,377,1.000000,1.000000,1.000000,1.000000,0,1,1,1
539,29,161,377,1.000000,1.000000,1.000000,1.000000,0,1,1,1
540,27,161,378,1.000000,1.000000,1.000000,1.000000,0,0,0,0
541,29,162,378,1.000000,1.000000,1.000000,1.000000,0,0,0,0
542,27,162,379,1.000000,1.000000,1.000000,1.000000,0,1,1,0
543,25,162,380,1.000000,1.000000,1.000000,1.000000,0,0,0,0
544,29,163,380,1.000000,1.000000,1.000000,1.000000,0,0,0,0
545,27,163,381,1.000000,1.000000,1.000000,1.000000,0,0,0,0
546,25,163,382,1.000000,1.000000,1.000000,1.000000,1,0,0,1
547,23,163,383,1.000000,1.000000,1.000000,1.000000,1,0,0,0
548,29,164,383,1.000000,1.000000,1.000000,1.000000,1,0,0,0
549,27,164,384,1.000000,1.000000,1.000000,1.000000,1,0,0,0
550,29,165,384,1.000000,1.000000,1.000000,1.000000,1,0,0,0
551,27,165,385,1.000000,1.000000,1.000000,1.000000,0,1,0,0
552,29,166,385,1.000000,1.000000,1.000000,1.000000,0,1,0,0
553,27,166,386,1.000000,1.000000,1.000000,1.000000,0,0,0,0
554,25,166,387,1.000000,1.000000,1.000000,1.000000,1,0,0,0
555,23,166,388,1.000000,1.000000,1.000000,1.000000,0,0,0,0
556,29,167,388,1.000000,1.000000,1.000000,1.000000,0,0,0,0
557,27,167,389,1.000000,1.000000,1.000000,1.000000,1,1,0,0
558,25,167,390,1.000000,1.000000,1.000000,1.000000,1,0,0,0
559,29,168,390,1.000000,1.000000,1.000000,1.000000,1,0,0,0
560,27,168,391,1.000000,1.000000,1.000000,1.000000,0,0,0,1
561,29,169,391,1.000000,1.000000,1.000000,1.000000,0,0,0,1
562,27,169,392,1.000000,1.000000,1.000000,1.000000,0,0,0,0
563,29,170,392,1.000000,1.000000,1.000000,1.000000,0,0,0,0
564,27,170,393,1.000000,1.000000,1.000000,1.000000,0,0,0,0
565,25,170,394,1.000000,1.000000,1.000000,1.000000,0,0,0,0
566,23,170,395,1.000000,1.000000,1.000000,1.000000,0,0,0,0
567,21,170,396,1.000000,1.000000,1.000000,1.000000,1,0,0,0
568,19,170,397,1.000000,1.000000,1.000000,1.000000,0,0,0,0
569,29,171,397,1.000000,1.000000,1.000000,1.000000,0,0,0,0
570,27,171,398,1.000000,1.000000,1.000000,1.000000,0,0,0,1
571,25,171,399,1.000000,1.000000,1.000000,1.000000,0,0,0,0
572,29,172,399,1.000000,1.000000,1.000000,1.000000,0,0,0,0
573,27,172,400,1.000000,1.000000,1.000000,1.000000,0,0,0,0
574,25,172,401,1.000000,1.000000,1.000000,1.000000,0,0,0,0
575,23,172,402,1.000000,1.000000,1.000000,1.000000,0,0,0,0
576,21,172,403,1.000000,1.000000,1.000000,1.000000,0,0,0,0
577,19,172,404,1.000000,1.000000,1.000000,1.000000,0,1,0,0
578,29,173,404,1.000000,1.000000,1.000000,1.000000,0,1,0,0
579,27,173,405,1.000000,1.000000,1.000000,1.000000,0,0,1,0
580,29,174,405,1.000000,1.000000,1.000000,1.000000,0,0,1,0
581,27,174,406,1.000000,1.000000,1.000000,1.000000,0,0,0,0
582,25,174,407,1.000000,1.000000,1.000000,1.000000,0,0,1,0
583,23,174,408,1.000000,1.000000,1.000000,1.000000,0,0,0,0
584,29,175,408,1.000000,1.000000,1.000000,1.000000,0,0,0,0
585,27,175,409,1.000000,1.000000,1.000000,1.000000,0,0,0,0
586,25,175,410,1.000000,1.000000,1.000000,1.000000,0,0,0,0
587,23,175,411,1.000000,1.000000,1.000000,1.000000,0,0,0,0
588,21,175,412,1.000000,1.000000,1.000000,1.000000,1,0,0,0
589,19,175,413,1.000000,1.000000,1.000000,1.000000,0,0,0,0
590,17,175,414,1.000000,1.000000,1.000000,1.000000,0,0,0,0
591,15,175,415,1.000000,1.000000,1.000000,1.000000,0,0,0,0
592,13,175,416,1.000000,1.000000,1.000000,1.000000,0,0,0,0
593,29,176,416,1.000000,1.000000,1.000000,1.000000,0,0,0,0
594,27,176,417,1.000000,1.000000,1.000000,1.000000,0,0,1,0
595,25,176,418,1.000000,1.000000,1.000000,1.000000,0,0,0,1
596,29,177,418,1.000000,1.000000,1.000000,1.000000,0,0,0,1
597,27,177,419,1.000000,1.000000,1.000000,1.000000,0,0,1,0
598,25,177,420,1.000000,1.000000,1.000000,1.000000,1,0,1,0
599,29,178,420,1.000000,1.000000,1.000000,1.000000,1,0,1,0
600,27,178,421,1.000000,1.000000,1.000000,1.000000,0,0,0,0
601,29,179,421,1.000000,1.000000,1.000000,1.000000,0,0,0,0
602,27,179,422,1.000000,1.000000,1.000000,1.000000,0,0,0,0
603,25,179,423,1.000000,1.000000,1.000000,1.000000,0,0,0,0
604,23,179,424,1.000000,1.000000,1.000000,1.000000,0,0,0,0
605,21,179,425,1.000000,1.000000,1.000000,1.000000,0,0,0,0
606,19,179,426,1.000000,1.000000,1.000000,1.000000,0,0,0,0
607,17,179,427,1.000000,1.000000,1.000000,1.000000,0,1,0,0
608,15,179,428,1.000000,1.000000,1.000000,1.000000,0,1,0,0
609,29,180,428,1.000000,1.000000,1.000000,1.000000,0,1,0,0
610,27,180,429,1.000000,1.000000,1.000000,1.000000,0,0,0,0
611,25,180,430,1.000000,1.000000,1.000000,1.000000,0,1,0,0
612,23,180,431,1.000000,1.000000,1.000000,1.000000,0,0,1,0
613,29,181,431,1.000000,1.000000,1.000000,1.000000,0,0,1,0
614,27,181,432,1.000000,1.000000,1.000000,1.000000,0,0,0,0
615,29,182,432,1.000000,1.000000,1.000000,1.000000,0,0,0,0
616,27,182,433,1.000000,1.000000,1.000000,1.000000,0,0,0,0
617,25,182,434,1.000000,1.000000,1.000000,1.000000,0,0,0,0
618,23,182,435,1.000000,1.000000,1.000000,1.000000,0,0,0,0
619,21,182,436,1.000000,1.000000,1.000000,1.000000,0,0,0,0
620,19,182,437,1.000000,1.000000,1.000000,1.000000,0,0,0,0
621,17,182,438,1.000000,1.000000,1.000000,1.000000,0,1,0,0
622,15,182,439,1.000000,1.000000,1.000000,1.000000,0,0,0,0
623,29,183,439,1.000000,1.000000,1.000000,1.000000,0,0,0,0
624,27,183,440,1.000000,1.000000,1.000000,1.000000,0,0,0,0
625,25,183,441,1.000000,1.000000,1.000000,1.000000,0,0,0,0
626,23,183,442,1.000000,1.000000,1.000000,1.000000,0,0,0,0
627,21,183,443,1.000000,1.000000,1.000000,1.000000,0,0,0,0
628,19,183,444,1.000000,1.000000,1.000000,1.000000,0,0,0,0
629,17,183,445,1.000000,1.000000,1.000000,1.000000,0,0,0,0
630,15,183,446,1.000000,1.000000,1.000000,1.000000,0,0,0,0
631,13,183,447,1.000000,1.000000,1.000000,1.000000,0,0,0,0
632,11,183,448,1.000000,1.000000,1.000000,1.000000,0,0,0,0
633,9,183,449,1.000000,1.000000,1.000000,1.000000,0,0,0,0
634,7,183,450,1.000000,1.000000,1.000000,1.000000,0,0,0,0
635,5,183,451,1.000000,1.000000,1.000000,1.000000,0,0,0,1
636,3,183,452,1.000000,1.000000,1.000000,1.000000,1,0,0,0
637,29,184,452,1.000000,1.000000,1.000000,1.000000,1,0,0,0
638,27,184,453,1.000000,1.000000,1.000000,1.000000,0,0,0,1
639,29,185,453,1.000000,1.000000,1.000000,1.000000,0,0,0,1
640,27,185,454,1.000000,1.000000,1.000000,1.000000,0,0,0,0
641,29,186,454,1.000000,1.000000,1.000000,1.000000,0,0,0,0
642,27,186,455,1.000000,1.000000,1.000000,1.000000,0,0,0,0
643,25,186,456,1.000000,1.000000,1.000000,1.000000,0,0,0,0
644,23,186,457,1.000000,1.000000,1.000000,1.000000,0,0,0,0
645,21,186,458,1.000000,1.000000,1.000000,1.000000,1,0,0,0
646,19,186,459,1.000000,1.000000,1.000000,1.000000,0,0,0,0
647,29,187,459,1.000000,1.000000,1.000000,1.000000,0,0,0,0
648,27,187,460,1.000000,1.000000,1.000000,1.000000,0,0,0,0
649,25,187,461,1.000000,1.000000,1.000000,1.000000,0,0,0,0
650,23,187,462,1.000000,1.000000,1.000000,1.000000,0,0,0,0
651,21,187,463,1.000000,1.000000,1.000000,1.000000,0,0,0,0
652,19,187,464,1.000000,1.000000,1.000000,1.000000,0,0,0,0
653,17,187,465,1.000000,1.000000,1.000000,1.000000,0,0,0,0
654,15,187,466,1.000000,1.000000,1.000000,1.000000,0,0,0,1
655,13,187,467,1.000000,1.000000,1.000000,1.000000,0,0,0,0
656,11,187,468,1.000000,1.000000,1.000000,1.000000,0,0,0,0
657,9,187,469,1.000000,1.000000,1.000000,1.000000,0,0,0,0
658,7,187,470,1.000000,1.000000,1.000000,1.000000,0,0,0,0
659,5,187,471,1.000000,1.000000,1.000000,1.000000,1,0,0,0
660,3,187,472,1.000000,1.000000,1.000000,1.000000,0,0,0,0
661,29,188,472,1.000000,1.000000,1.000000,1.000000,0,0,0,0
662,27,188,473,1.000000,1.000000,1.000000,1.000000,0,0,0,0
663,25,188,474,1.000000,1.000000,1.000000,1.000000,0,1,0,0
664,23,188,475,1.000000,1.000000,1.000000,1.000000,0,0,0,0
665,29,189,475,1.000000,1.000000,1.000000,1.000000,0,0,0,0
666,27,189,476,1.000000,1.000000,1.000000,1.000000,0,0,0,0
667,25,189,477,1.000000,1.000000,1.000000,1.000000,0,0,0,0
668,23,189,478,1.000000,1.000000,1.000000,1.000000,0,0,1,0
669,21,189,479,1.000000,1.000000,1.000000,1.000000,0,0,0,0
670,29,190,479,1.000000,1.000000,1.000000,1.000000,0,0,0,0
671,27,190,480,1.000000,1.000000,1.000000,1.000000,0,0,0,0
672,25,190,481,1.000000,1.000000,1.000000,1.000000,0,0,0,0
673,23,190,482,1.000000,1.000000,1.000000,1.000000,0,0,0,1
674,21,190,483,1.000000,1.000000,1.000000,1.000000,0,0,0,0
675,19,190,484,1.000000,1.000000,1.000000,1.000000,0,0,0,1
676,17,190,485,1.000000,1.000000,1.000000,1.000000,0,0,0,0
677,29,191,485,1.000000,1.000000,1.000000,1.000000,0,0,0,0
678,27,191,486,1.000000,1.000000,1.000000,1.000000,1,0,0,0
679,25,191,487,1.000000,1.000000,1.000000,1.000000,0,0,0,0
680,29,192,487,1.000000,1.000000,1.000000,1.000000,0,0,0,0
681,27,192,488,1.000000,1.000000,1.000000,1.000000,0,0,0,0
682,25,192,489,1.000000,1.000000,1.000000,1.000000,0,0,0,1
683,23,192,490,1.000000,1.000000,1.000000,1.000000,0,0,1,0
684,29,193,490,1.000000,1.000000,1.000000,1.000000,0,0,1,0
685,27,193,491,1.000000,1.000000,1.000000,1.000000,0,0,0,0
686,29,194,491,1.000000,1.000000,1.000000,1.000000,0,0,0,0
687,27,194,492,1.000000,1.000000,1.000000,1.000000,0,0,0,0
688,25,194,493,1.000000,1.000000,1.000000,1.000000,0,0,0,0
689,23,194,494,1.000000,1.000000,1.000000,1.000000,0,0,0,0
690,21,194,495,1.000000,1.000000,1.000000,1.000000,0,0,0,0
691,19,194,496,1.000000,1.000000,1.000000,1.000000,0,0,0,1
692,17,194,497,1.000000,1.000000,1.000000,1.000000,0,0,1,1
693,29,195,497,1.000000,1.000000,1.000000,1.000000,0,0,1,1
694,27,195,498,1.000000,1.000000,1.000000,1.000000,0,0,1,0
695,29,196,498,1.000000,1.000000,1.000000,1.000000,0,0,1,0
696,27,196,499,1.000000,1.000000,1.000000,1.000000,0,0,1,0
697,29,197,499,1.000000,1.000000,1.000000,1.000000,0,0,1,0
698,27,197,500,1.000000,1.000000,1.000000,1.000000,0,0,0,1
699,29,198,500,1.000000,1.000000,1.000000,1.000000,0,0,0,1
700,27,198,501,1.000000,1.000000,1.000000,1.000000,0,0,1,0
701,29,199,501,1.000000,1.000000,1.000000,1.000000,0,0,1,0
702,27,199,502,1.000000,1.000000,1.000000,1.000000,0,0,0,0
703,29,200,502,1.000000,1.000000,1.000000,1.000000,0,0,0,0
704,27,200,503,1.000000,1.000000,1.000000,1.000000,0,0,1,0
705,25,200,504,1.000000,1.000000,1.000000,1.000000,0,0,0,1
706,23,200,505,1.000000,1.000000,1.000000,1.000000,0,1,0,0
707,29,201,505,1.000000,1.000000,1.000000,1.000000,0,1,0,0
708,27,201,506,1.000000,1.000000,1.000000,1.000000,0,0,0,0
709,29,202,506,1.000000,1.000000,1.000000,1.000000,0,0,0,0
710,27,202,507,1.000000,1.000000,1.000000,1.000000,0,0,0,0
711,25,202,508,1.000000,1.000000,1.000000,1.000000,0,0,0,1
712,23,202,509,1.000000,1.000000,1.000000,1.000000,0,0,0,0
713,29,203,509,1.000000,1.000000,1.000000,1.000000,0,0,0,0
714,27,203,510,1.000000,1.000000,1.000000,1.000000,0,0,0,0
715,25,203,511,1.000000,1.000000,1.000000,1.000000,0,0,0,0
716,23,203,512,1.000000,1.000000,1.000000,1.000000,0,0,0,0
717,21,203,513,1.000000,1.000000,1.000000,1.000000,0,0,0,0
718,19,203,514,1.000000,1.000000,1.000000,1.000000,0,0,0,0
719,17,203,515,1.000000,1.000000,1.000000,1.000000,0,0,1,0
720,15,203,516,1.000000,1.000000,1.000000,1.000000,0,0,0,0
721,13,203,517,1.000000,1.000000,1.000000,1.000000,1,0,1,0
722,11,203,518,1.000000,1.000000,1.000000,1.000000,0,0,0,1
723,29,204,518,1.000000,1.000000,1.000000,1.000000,0,0,0,1
724,27,204,519,1.000000,1.000000,1.000000,1.000000,0,0,0,0
725,29,205,519,1.000000,1.000000,1.000000,1.000000,0,0,0,0
726,27,205,520,1.000000,1.000000,1.000000,1.000000,0,0,0,0
727,25,205,521,1.000000,1.000000,1.000000,1.000000,1,0,0,0
728,23,205,522,1.000000,1.000000,1.000000,1.000000,0,0,0,0
729,29,206,522,1.000000,1.000000,1.000000,1.000000,0,0,0,0
730,27,206,523,1.000000,1.000000,1.000000,1.000000,0,0,0,0
731,25,206,524,1.000000,1.000000,1.000000,1.000000,0,1,0,0
732,23,206,525,1.000000,1.000000,1.000000,1.000000,0,0,0,0
733,29,207,525,1.000000,1.000000,1.000000,1.000000,0,0,0,0
734,27,207,526,1.000000,1.000000,1.000000,1.000000,0,1,0,0
735,25,207,527,1.000000,1.000000,1.000000,1.000000,0,1,0,0
736,29,208,527,1.000000,1.000000,1.000000,1.000000,0,1,0,0
737,27,208,528,1.000000,1.000000,1.000000,1.000000,0,0,0,0
738,29,209,528,1.000000,1.000000,1.000000,1.000000,0,0,0,0
739,27,209,529,1.000000,1.000000,1.000000,1.000000,0,0,0,0
740,25,209,530,1.000000,1.000000,1.000000,1.000000,0,0,0,0
741,23,209,531,1.000000,1.000000,1.000000,1.000000,0,1,0,0
742,21,209,532,1.000000,1.000000,1.000000,1.000000,1,0,0,0
743,29,210,532,1.000000,1.000000,1.000000,1.000000,1,0,0,0
744,27,210,533,1.000000,1.000000,1.000000,1.000000,0,1,0,0
745,29,211,533,1.000000,1.000000,1.000000,1.000000,0,1,0,0
746,27,211,534,1.000000,1.000000,1.000000,1.000000,1,0,0,0
747,29,212,534,1.000000,1.000000,1.000000,1.000000,1,0,0,0
748,27,212,535,1.000000,1.000000,1.000000,1.000000,1,0,0,0
749,25,212,536,1.000000,1.000000,1.000000,1.000000,1,0,1,0
750,29,213,536,1.000000,1.000000,1.000000,1.000000,1,0,1,0
751,27,213,537,1.000000,1.000000,1.000000,1.000000,0,0,0,1
752,29,214,537,1.000000,1.000000,1.000000,1.000000,0,0,0,1
753,27,214,538,1.000000,1.000000,1.000000,1.000000,0,0,0,1
754,29,215,538,1.000000,1.000000,1.000000,1.000000,0,0,0,1
755,27,215,539,1.000000,1.000000,1.000000,1.000000,0,0,0,0
756,29,216,539,1.000000,1.000000,1.000000,1.000000,0,0,0,0
757,27,216,540,1.000000,1.000000,1.000000,1.000000,0,0,0,0
758,25,216,541,1.000000,1.000000,1.000000,1.000000,0,0,0,0
759,23,216,542,1.000000,1.000000,1.000000,1.000000,0,0,0,0
760,21,216,543,1.000000,1.000000,1.000000,1.000000,0,0,0,0
761,19,216,544,1.000000,1.000000,1.000000,1.000000,0,0,0,0
762,17,216,545,1.000000,1.000000,1.000000,1.000000,0,0,0,0
763,15,216,546,1.000000,1.000000,1.000000,1.000000,1,0,0,0
764,13,216,547,1.000000,1.000000,1.000000,1.000000,1,0,0,0
765,29,217,547,1.000000,1.000000,1.000000,1.000000,1,0,0,0
766,27,217,548,1.000000,1.000000,1.000000,1.000000,0,1,0,1
767,29,218,548,1.000000,1.000000,1.000000,1.000000,0,1,0,1
768,27,218,549,1.000000,1.000000,1.000000,1.000000,1,0,0,0
769,29,219,549,1.000000,1.000000,1.000000,1.000000,1,0,0,0
770,27,219,550,1.000000,1.000000,1.000000,1.000000,0,0,0,0
771,29,220,550,1.000000,1.000000,1.000000,1.000000,0,0,0,0
772,27,220,551,1.000000,1.000000,1.000000,1.000000,0,0,0,1
773,25,220,552,1.000000,1.000000,1.000000,1.000000,0,0,1,1
774,23,220,553,1.000000,1.000000,1.000000,1.000000,1,1,0,1
775,29,221,553,1.000000,1.000000,1.000000,1.000000,1,1,0,1
776,27,221,554,1.000000,1.000000,1.000000,1.000000,0,0,0,1
777,29,222,554,1.000000,1.000000,1.000000,1.000000,0,0,0,1
778,27,222,555,1.000000,1.000000,1.000000,1.000000,1,0,1,0
779,25,222,556,1.000000,1.000000,1.000000,1.000000,0,0,1,0
780,29,223,556,1.000000,1.000000,1.000000,1.000000,0,0,1,0
781,27,223,557,1.000000,1.000000,1.000000,1.000000,0,1,0,0
782,29,224,557,1.000000,1.000000,1.000000,1.000000,0,1,0,0
783,27,224,558,1.000000,1.000000,1.000000,1.000000,0,1,1,0
784,29,225,558,1.000000,1.000000,1.000000,1.000000,0,1,1,0
785,27,225,559,1.000000,1.000000,1.000000,1.000000,0,0,0,0
786,29,226,559,1.000000,1.000000,1.000000,1.000000,0,0,0,0
787,27,226,560,1.000000,1.000000,1.000000,1.000000,1,0,0,0
788,25,226,561,1.000000,1.000000,1.000000,1.000000,1,0,0,0
789,29,227,561,1.000000,1.000000,1.000000,1.000000,1,0,0,0
790,27,227,562,1.000000,1.000000,1.000000,1.000000,0,0,0,0
791,29,228,562,1.000000,1.000000,1.000000,1.000000,0,0,0,0
792,27,228,563,1.000000,1.000000,1.000000,1.000000,1,0,0,0
793,25,228,564,1.000000,1.000000,1.000000,1.000000,1,0,0,0
794,23,228,565,1.000000,1.000000,1.000000,1.000000,0,0,1,0
795,29,229,565,1.000000,1.000000,1.000000,1.000000,0,0,1,0
796,27,229,566,1.000000,1.000000,1.000000,1.000000,0,0,0,0
797,29,230,566,1.000000,1.000000,1.000000,1.000000,0,0,0,0
798,27,230,567,1.000000,1.000000,1.000000,1.000000,0,0,0,0
799,25,230,568,1.000000,1.000000,1.000000,1.000000,0,0,0,0
800,23,230,569,1.000000,1.000000,1.000000,1.000000,0,0,0,0
801,21,230,570,1.000000,1.000000,1.000000,1.000000,0,0,0,0
802,19,230,571,1.000000,1.000000,1.000000,1.000000,0,0,0,0
803,17,230,572,1.000000,1.000000,1.000000,1.000000,1,0,0,0
804,15,230,573,1.000000,1.000000,1.000000,1.000000,0,0,0,0
805,29,231,573,1.000000,1.000000,1.000000,1.000000,0,0,0,0
806,27,231,574,1.000000,1.000000,1.000000,1.000000,0,0,0,0
807,25,231,575,1.000000,1.000000,1.000000,1.000000,0,0,0,0
808,23,231,576,1.000000,1.000000,1.000000,1.000000,0,0,0,1
809,21,231,577,1.000000,1.000000,1.000000,1.000000,0,0,0,0
810,19,231,578,1.000000,1.000000,1.000000,1.000000,0,1,1,0
811,17,231,579,1.000000,1.000000,1.000000,1.000000,0,0,1,0
812,29,232,579,1.000000,1.000000,1.000000,1.000000,0,0,1,0
813,27,232,580,1.000000,1.000000,1.000000,1.000000,0,0,0,0
814,25,232,581,1.000000,1.000000,1.000000,1.000000,0,0,1,0
815,23,232,582,1.000000,1.000000,1.000000,1.000000,0,0,0,0
816,29,233,582,1.000000,1.000000,1.000000,1.000000,0,0,0,0
817,27,233,583,1.000000,1.000000,1.000000,1.000000,0,0,0,1
818,25,233,584,1.000000,1.000000,1.000000,1.000000,0,0,0,0
819,23,233,585,1.000000,1.000000,1.000000,1.000000,0,0,0,0
820,21,233,586,1.000000,1.000000,1.000000,1.000000,0,0,0,0
821,19,233,587,1.000000,1.000000,1.000000,1.000000,0,0,0,0
822,17,233,588,1.000000,1.000000,1.000000,1.000000,0,0,0,0
823,15,233,589,1.000000,1.000000,1.000000,1.000000,0,0,0,0
824,13,233,590,1.000000,1.000000,1.000000,1.000000,0,0,0,1
825,11,233,591,1.000000,1.000000,1.000000,1.000000,0,0,0,0
826,29,234,591,1.000000,1.000000,1.000000,1.000000,0,0,0,0
827,27,234,592,1.000000,1.000000,1.000000,1.000000,0,0,0,1
828,25,234,593,1.000000,1.000000,1.000000,1.000000,0,0,0,0
829,23,234,594,1.000000,1.000000,1.000000,1.000000,0,0,0,0
830,21,234,595,1.000000,1.000000,1.000000,1.000000,0,0,0,0
831,19,234,596,1.000000,1.000000,1.000000,1.000000,0,0,0,0
832,17,234,597,1.000000,1.000000,1.000000,1.000000,0,0,1,0
833,15,234,598,1.000000,1.000000,1.000000,1.000000,0,0,0,0
834,29,235,598,1.000000,1.000000,1.000000,1.000000,0,0,0,0
835,27,235,599,1.000000,1.000000,1.000000,1.000000,0,0,0,0
836,25,235,600,1.000000,1.000000,1.000000,1.000000,0,0,1,0
837,23,235,601,1.000000,1.000000,1.000000,1.000000,0,0,0,0
838,29,236,601,1.000000,1.000000,1.000000,1.000000,0,0,0,0
839,27,236,602,1.000000,1.000000,1.000000,1.000000,0,0,0,1
840,25,236,603,1.000000,1.000000,1.000000,1.000000,1,0,0,0
841,29,237,603,1.000000,1.000000,1.000000,1.000000,1,0,0,0
842,27,237,604,1.000000,1.000000,1.000000,1.000000,0,0,0,0
843,29,238,604,1.000000,1.000000,1.000000,1.000000,0,0,0,0
844,27,238,605,1.000000,1.000000,1.000000,1.000000,0,0,0,0
845,25,238,606,1.000000,1.000000,1.000000,1.000000,0,0,0,1
846,23,238,607,1.000000,1.000000,1.000000,1.000000,1,0,0,1
847,29,239,607,1.000000,1.000000,1.000000,1.000000,1,0,0,1
848,27,239,608,1.000000,1.000000,1.000000,1.000000,0,0,0,0
849,29,240,608,1.000000,1.000000,1.000000,1.000000,0,0,0,0
850,27,240,609,1.000000,1.000000,1.000000,1.000000,0,0,1,1
851,25,240,610,1.000000,1.000000,1.000000,1.000000,0,0,1,1
852,29,241,610,1.000000,1.000000,1.000000,1.000000,0,0,1,1
853,27,241,611,1.000000,1.000000,1.000000,1.000000,0,1,0,0
854,29,242,611,1.000000,1.000000,1.000000,1.000000,0,1,0,0
855,27,242,612,1.000000,1.000000,1.000000,1.000000,0,1,0,0
856,25,242,613,1.000000,1.000000,1.000000,1.000000,1,0,0,0
857,23,242,614,1.000000,1.000000,1.000000,1.000000,0,0,1,0
858,29,243,614,1.000000,1.000000,1.000000,1.000000,0,0,1,0
859,27,243,615,1.000000,1.000000,1.000000,1.000000,0,0,0,0
860,29,244,615,1.000000,1.000000,1.000000,1.000000,0,0,0,0
861,27,244,616,1.000000,1.000000,1.000000,1.000000,0,0,1,0
862,25,244,617,1.000000,1.000000,1.000000,1.000000,0,0,1,1
863,29,245,617,1.000000,1.000000,1.000000,1.000000,0,0,1,1
864,27,245,618,1.000000,1.000000,1.000000,1.000000,0,0,1,0
865,29,246,618,1.000000,1.000000,1.000000,1.000000,0,0,1,0
866,27,246,619,1.000000,1.000000,1.000000,1.000000,0,0,1,0
867,29,247,619,1.000000,1.000000,1.000000,1.000000,0,0,1,0
868,27,247,620,1.000000,1.000000,1.000000,1.000000,0,0,0,1
869,29,248,620,1.000000,1.000000,1.000000,1.000000,0,0,0,1
870,27,248,621,1.000000,1.000000,1.000000,1.000000,0,0,1,0
871,29,249,621,1.000000,1.000000,1.000000,1.000000,0,0,1,0
872,27,249,622,1.000000,1.000000,1.000000,1.000000,0,0,0,0
873,29,250,622,1.000000,1.000000,1.000000,1.000000,0,0,0,0
874,27,250,623,1.000000,1.000000,1.000000,1.000000,0,0,0,1
875,25,250,624,1.000000,1.000000,1.000000,1.000000,0,0,0,1
876,29,251,624,1.000000,1.000000,1.000000,1.000000,0,0,0,1
877,27,251,625,1.000000,1.000000,1.000000,1.000000,0,0,0,0
878,29,252,625,1.000000,1.000000,1.000000,1.000000,0,0,0,0
879,27,252,626,1.000000,1.000000,1.000000,1.000000,0,0,0,1
880,25,252,627,1.000000,1.000000,1.000000,1.000000,0,0,0,0
881,29,253,627,1.000000,1.000000,1.000000,1.000000,0,0,0,0
882,27,253,628,1.000000,1.000000,1.000000,1.000000,0,0,0,0
883,25,253,629,1.000000,1.000000,1.000000,1.000000,1,0,0,0
884,23,253,630,1.000000,1.000000,1.000000,1.000000,1,0,0,0
885,29,254,630,1.000000,1.000000,1.000000,1.000000,1,0,0,0
886,27,254,631,1.000000,1.000000,1.000000,1.000000,0,0,0,0
887,29,255,631,1.000000,1.000000,1.000000,1.000000,0,0,0,0
888,27,255,632,1.000000,1.000000,1.000000,1.000000,0,0,0,0
889,25,255,633,1.000000,1.000000,1.000000,1.000000,0,0,0,0
890,23,255,634,1.000000,1.000000,1.000000,1.000000,0,0,0,1
891,21,255,635,1.000000,1.000000,1.000000,1.000000,1,0,0,0
892,29,256,635,1.000000,1.000000,1.000000,1.000000,1,0,0,0
893,27,256,636,1.000000,1.000000,1.000000,1.000000,0,0,0,1
894,25,256,637,1.000000,1.000000,1.000000,1.000000,0,1,0,0
895,29,257,637,1.000000,1.000000,1.000000,1.000000,0,1,0,0
896,27,257,638,1.000000,1.000000,1.000000,1.000000,0,0,0,0
897,29,258,638,1.000000,1.000000,1.000000,1.000000,0,0,0,0
898,27,258,639,1.000000,1.000000,1.000000,1.000000,0,0,0,0
899,25,258,640,1.000000,1.000000,1.000000,1.000000,0,0,0,0
900,23,258,641,1.000000,1.000000,1.000000,1.000000,0,0,0,0
901,21,258,642,1.000000,1.000000,1.000000,1.000000,0,0,0,0
902,19,258,643,1.000000,1.000000,1.000000,1.000000,1,0,0,0
903,17,258,644,1.000000,1.000000,1.000000,1.000000,1,0,0,0
904,29,259,644,1.000000,1.000000,1.000000,1.000000,1,0,0,0
905,27,259,645,1.000000,1.000000,1.000000,1.000000,0,0,0,0
906,25,259,646,1.000000,1.000000,1.000000,1.000000,1,0,0,0
907,23,259,647,1.000000,1.000000,1.000000,1.000000,1,0,0,0
908,29,260,647,1.000000,1.000000,1.000000,1.000000,1,0,0,0
909,27,260,648,1.000000,1.000000,1.000000,1.000000,1,1,0,0
910,29,261,648,1.000000,1.000000,1.000000,1.000000,1,1,0,0
911,27,261,649,1.000000,1.000000,1.000000,1.000000,0,1,0,0
912,29,262,649,1.000000,1.000000,1.000000,1.000000,0,1,0,0
913,27,262,650,1.000000,1.000000,1.000000,1.000000,0,0,1,0
914,25,262,651,1.000000,1.000000,1.000000,1.000000,1,1,0,0
915,29,263,651,1.000000,1.000000,1.000000,1.000000,1,1,0,0
916,27,263,652,1.000000,1.000000,1.000000,1.000000,0,0,1,0
917,25,263,653,1.000000,1.000000,1.000000,1.000000,1,1,0,0
918,29,264,653,1.000000,1.000000,1.000000,1.000000,1,1,0,0
919,27,264,654,1.000000,1.000000,1.000000,1.000000,0,1,1,0
920,29,265,654,1.000000,1.000000,1.000000,1.000000,0,1,1,0
921,27,265,655,1.000000,1.000000,1.000000,1.000000,1,0,0,0
922,29,266,655,1.000000,1.000000,1.000000,1.000000,1,0,0,0
923,27,266,656,1.000000,1.000000,1.000000,1.000000,0,0,0,0
924,29,267,656,1.000000,1.000000,1.000000,1.000000,0,0,0,0
925,27,267,657,1.000000,1.000000,1.000000,1.000000,0,0,0,0
926,25,267,658,1.000000,1.000000,1.000000,1.000000,0,0,0,0
927,23,267,659,1.000000,1.000000,1.000000,1.000000,1,0,0,0
928,21,267,660,1.000000,1.000000,1.000000,1.000000,1,0,0,0
929,29,268,660,1.000000,1.000000,1.000000,1.000000,1,0,0,0
930,27,268,661,1.000000,1.000000,1.000000,1.000000,0,0,0,0
931,29,269,661,1.000000,1.000000,1.000000,1.000000,0,0,0,0
932,27,269,662,1.000000,1.000000,1.000000,1.000000,0,1,0,1
933,25,269,663,1.000000,1.000000,1.000000,1.000000,0,0,0,0
934,29,270,663,1.000000,1.000000,1.000000,1.000000,0,0,0,0
935,27,270,664,1.000000,1.000000,1.000000,1.000000,0,0,1,0
936,25,270,665,1.000000,1.000000,1.000000,1.000000,0,0,0,0
937,29,271,665,1.000000,1.000000,1.000000,1.000000,0,0,0,0
938,27,271,666,1.000000,1.000000,1.000000,1.000000,0,0,0,0
939,25,271,667,1.000000,1.000000,1.000000,1.000000,0,0,0,0
940,23,271,668,1.000000,1.000000,1.000000,1.000000,0,0,0,0
941,21,271,669,1.000000,1.000000,1.000000,1.000000,0,0,0,0
942,19,271,670,1.000000,1.000000,1.000000,1.000000,0,0,0,0
943,17,271,671,1.000000,1.000000,1.000000,1.000000,0,0,0,0
944,15,271,672,1.000000,1.000000,1.000000,1.000000,0,0,0,0
945,13,271,673,1.000000,1.000000,1.000000,1.000000,0,0,0,0
946,11,271,674,1.000000,1.000000,1.000000,1.000000,0,0,0,1
947,9,271,675,1.000000,1.000000,1.000000,1.000000,0,0,1,0
948,29,272,675,1.000000,1.000000,1.000000,1.000000,0,0,1,0
949,27,272,676,1.000000,1.000000,1.000000,1.000000,0,0,0,0
950,29,273,676,1.000000,1.000000,1.000000,1.000000,0,0,0,0
951,27,273,677,1.000000,1.000000,1.000000,1.000000,0,0,0,0
952,25,273,678,1.000000,1.000000,1.000000,1.000000,1,0,0,0
953,23,273,679,1.000000,1.000000,1.000000,1.000000,0,0,0,1
954,21,273,680,1.000000,1.000000,1.000000,1.000000,1,0,0,0
955,29,274,680,1.000000,1.000000,1.000000,1.000000,1,0,0,0
956,27,274,681,1.000000,1.000000,1.000000,1.000000,0,0,0,0
957,29,275,681,1.000000,1.000000,1.000000,1.000000,0,0,0,0
958,27,275,682,1.000000,1.000000,1.000000,1.000000,0,1,0,0
959,25,275,683,1.000000,1.000000,1.000000,1.000000,0,0,0,0
960,29,276,683,1.000000,1.000000,1.000000,1.000000,0,0,0,0
961,27,276,684,1.000000,1.000000,1.000000,1.000000,0,0,0,0
962,25,276,685,1.000000,1.000000,1.000000,1.000000,0,0,0,0
963,23,276,686,1.000000,1.000000,1.000000,1.000000,0,1,0,0
964,21,276,687,1.000000,1.000000,1.000000,1.000000,0,0,0,0
965,19,276,688,1.000000,1.000000,1.000000,1.000000,0,1,0,0
966,17,276,689,1.000000,1.000000,1.000000,1.000000,0,0,1,0
967,29,277,689,1.000000,1.000000,1.000000,1.000000,0,0,1,0
968,27,277,690,1.000000,1.000000,1.000000,1.000000,0,0,0,0
969,29,278,690,1.000000,1.000000,1.000000,1.000000,0,0,0,0
970,27,278,691,1.000000,1.000000,1.000000,1.000000,0,0,0,0
971,25,278,692,1.000000,1.000000,1.000000,1.000000,1,1,0,0
972,23,278,693,1.000000,1.000000,1.000000,1.000000,0,0,0,0
973,29,279,693,1.000000,1.000000,1.000000,1.000000,0,0,0,0
974,27,279,694,1.000000,1.000000,1.000000,1.000000,0,0,0,0
975,25,279,695,1.000000,1.000000,1.000000,1.000000,0,0,0,0
976,23,279,696,1.000000,1.000000,1.000000,1.000000,1,0,0,0
977,21,279,697,1.000000,1.000000,1.000000,1.000000,0,0,0,0
978,29,280,697,1.000000,1.000000,1.000000,1.000000,0,0,0,0
979,27,280,698,1.000000,1.000000,1.000000,1.000000,0,0,0,0
980,25,280,699,1.000000,1.000000,1.000000,1.000000,0,0,0,0
981,23,280,700,1.000000,1.000000,1.000000,1.000000,1,1,0,0
982,21,280,701,1.000000,1.000000,1.000000,1.000000,0,0,0,0
983,29,281,701,1.000000,1.000000,1.000000,1.000000,0,0,1,0
984,27,281,702,1.000000,1.000000,1.000000,1.000000,0,0,0,0
985,29,282,702,1.000000,1.000000,1.000000,1.000000,0,0,0,0
986,27,282,703,1.000000,1.000000,1.000000,1.000000,0,0,0,0
987,25,282,704,1.000000,1.000000,1.000000,1.000000,0,0,0,0
988,23,282,705,1.000000,1.000000,1.000000,1.000000,0,0,0,0
989,21,282,706,1.000000,1.000000,1.000000,1.000000,0,0,0,1
990,19,282,707,1.000000,1.000000,1.000000,1.000000,0,0,0,0
991,29,283,707,1.000000,1.000000,1.000000,1.000000,0,0,0,0
992,27,283,708,1.000000,1.000000,1.000000,1.000000,0,1,0,0
993,25,283,709,1.000000,1.000000,1.000000,1.000000,0,0,0,0
994,23,283,710,1.000000,1.000000,1.000000,1.000000,0,0,0,0
995,21,283,711,1.000000,1.000000,1.000000,1.000000,0,0,0,0
996,19,283,712,1.000000,1.000000,1.000000,1.000000,0,1,0,0
997,17,283,713,1.000000,1.000000,1.000000,1.000000,0,0,0,0
998,29,284,713,1.000000,1.000000,1.000000,1.000000,0,0,0,0
999,27,284,714,1.000000,1.000000,1.000000,1.000000,0,0,1,0
1000,25,284,715,1.000000,1.000000,1.000000,1.000000,0,0,1,0
1001,23,284,716,1.000000,1.000000,1.000000,1.000000,1,0,0,0
1002,29,285,716,1.000000,1.000000,1.000000,1.000000,1,0,0,0
1003,27,285,717,1.000000,1.000000,1.000000,1.000000,0,0,0,0
1004,29,286,717,1.000000,1.000000,1.000000,1.000000,0,0,0,0
1005,27,286,718,1.000000,1.000000,1.000000,1.000000,1,0,0,0
1006,25,286,719,1.000000,1.000000,1.000000,1.000000,0,0,0,0
1007,29,287,719,1.000000,1.000000,1.000000,1.000000,0,0,0,0
1008,27,287,720,1.000000,1.000000,1.000000,1.000000,0,0,0,1
1009,25,287,721,1.000000,1.000000,1.000000,1.000000,0,0,1,0
1010,23,287,722,1.000000,1.000000,1.000000,1.000000,1,0,0,0
1011,29,288,722,1.000000,1.000000,1.000000,1.000000,1,0,0,0
1012,27,288,723,1.000000,1.000000,1.000000,1.000000,0,0,0,0
1013,29,289,723,1.000000,1.000000,1.000000,1.000000,0,0,0,0
1014,27,289,724,1.000000,1.000000,1.000000,1.000000,0,0,0,0
1015,25,289,725,1.000000,1.000000,1.000000,1.000000,0,0,1,0
1016,23,289,726,1.000000,1.000000,1.000000,1.000000,0,0,1,0
1017,21,289,727,1.000000,1.000000,1.000000,1.000000,0,1,1,0
1018,29,290,727,1.000000,1.000000,1.000000,1.000000,0,1,1,0
1019,27,290,728,1.000000,1.000000,1.000000,1.000000,0,0,1,0
1020,29,291,728,1.000000,1.000000,1.000000,1.000000,0,0,1,0
1021,27,291,729,1.000000,1.000000,1.000000,1.000000,0,1,0,1
1022,29,292,729,1.000000,1.000000,1.000000,1.000000,0,1,0,1
1023,27,292,730,1.000000,1.000000,1.000000,1.000000,0,0,1,0
1024,29,293,730,1.000000,1.000000,1.000000,1.000000,0,0,1,0
1025,27,293,731,1.000000,1.000000,1.000000,1.000000,0,1,0,0
1026,29,294,731,1.000000,1.000000,1.000000,1.000000,0,1,0,0
1027,27,294,732,1.000000,1.000000,1.000000,1.000000,0,0,0,0
1028,25,294,733,1.000000,1.000000,1.000000,1.000000,1,0,0,0
1029,23,294,734,1.000000,1.000000,1.000000,1.000000,0,0,0,0
1030,21,294,735,1.000000,1.000000,1.000000,1.000000,0,0,0,1
1031,19,294,736,1.000000,1.000000,1.000000,1.000000,0,0,1,0
1032,29,295,736,1.000000,1.000000,1.000000,1.000000,1,0,1,0
1033,27,295,737,1.000000,1.000000,1.000000,1.000000,0,0,0,0
1034,29,296,737,1.000000,1.000000,1.000000,1.000000,0,1,0,0
1035,27,296,738,1.000000,1.000000,1.000000,1.000000,0,0,0,0
1036,29,297,738,1.000000,1.000000,1.000000,1.000000,0,0,1,0
1037,27,297,739,1.000000,1.000000,1.000000,1.000000,1,0,0,0
1038,25,297,740,1.000000,1.000000,1.000000,1.000000,1,0,0,0
1039,29,298,740,1.000000,1.000000,1.000000,1.000000,1,0,0,0
1040,27,298,741,1.000000,1.000000,1.000000,1.000000,0,0,0,0
1041,29,299,741,1.000000,1.000000,1.000000,1.000000,0,0,0,0
1042,27,299,742,1.000000,1.000000,1.000000,1.000000,0,0,0,0
1043,25,299,743,1.000000,1.000000,1.000000,1.000000,0,0,0,1
1044,23,299,744,1.000000,1.000000,1.000000,1.000000,1,0,0,0
1045,29,300,744,1.000000,1.000000,1.000000,1.000000,1,0,0,0
1046,27,300,745,1.000000,1.000000,1.000000,1.000000,1,0,0,1
1047,29,301,745,1.000000,1.000000,1.000000,1.000000,1,0,0,1
1048,27,301,746,1.000000,1.000000,1.000000,1.000000,0,0,0,0
1049,29,302,746,1.000000,1.000000,1.000000,1.000000,0,0,0,0
1050,27,302,747,1.000000,1.000000,1.000000,1.000000,0,1,0,0
1051,25,302,748,1.000000,1.000000,1.000000,1.000000,0,0,0,0
1052,29,303,748,1.000000,1.000000,1.000000,1.000000,0,0,0,0
1053,27,303,749,1.000000,1.000000,1.000000,1.000000,0,0,0,0
1054,25,303,750,1.000000,1.000000,1.000000,1.000000,1,0,0,0
1055,23,303,751,1.000000,1.000000,1.000000,1.000000,0,0,0,0
1056,29,304,751,1.000000,1.000000,1.000000,1.000000,0,0,0,0
1057,27,304,752,1.000000,1.000000,1.000000,1.000000,0,0,0,1
1058,25,304,753,1.000000,1.000000,1.000000,1.000000,0,0,0,0
1059,23,304,754,1.000000,1.000000,1.000000,1.000000,0,0,0,0
1060,21,304,755,1.000000,1.000000,1.000000,1.000000,0,0,0,0
1061,19,304,756,1.000000,1.000000,1.000000,1.000000,0,0,0,0
1062,17,304,757,1.000000,1.000000,1.000000,1.000000,0,0,0,0
1063,15,304,758,1.000000,1.000000,1.000000,1.000000,0,1,0,0
1064,13,304,759,1.000000,1.000000,1.000000,1.000000,0,0,0,0
1065,29,305,759,1.000000,1.000000,1.000000,1.000000,0,0,0,0
1066,27,305,760,1.000000,1.000000,1.000000,1.000000,0,0,0,0
1067,25,305,761,1.000000,1.000000,1.000000,1.000000,0,0,0,0
1068,23,305,762,1.000000,1.000000,1.000000,1.000000,0,1,0,0
1069,21,305,763,1.000000,1.000000,1.000000,1.000000,0,0,0,0
1070,29,306,763,1.000000,1.000000,1.000000,1.000000,0,0,0,0
1071,27,306,764,1.000000,1.000000,1.000000,1.000000,0,0,0,0
1072,25,306,765,1.000000,1.000000,1.000000,1.000000,0,0,0,0
1073,23,306,766,1.000000,1.000000,1.000000,1.000000,0,0,0,0
1074,21,306,767,1.000000,1.000000,1.000000,1.000000,0,0,0,0
1075,19,306,768,1.000000,1.000000,1.000000,1.000000,1,1,0,0
1076,17,306,769,1.000000,1.000000,1.000000,1.000000,0,0,0,0
1077,15,306,770,1.000000,1.000000,1.000000,1.000000,1,1,0,0
1078,13,306,771,1.000000,1.000000,1.000000,1.000000,0,0,0,0
1079,29,307,771,1.000000,1.000000,1.000000,1.000000,0,0,0,0
1080,27,307,772,1.000000,1.000000,1.000000,1.000000,1,0,0,0
1081,25,307,773,1.000000,1.000000,1.000000,1.000000,0,0,0,0
1082,29,308,773,1.000000,1.000000,1.000000,1.000000,0,0,0,0
1083,27,308,774,1.000000,1.000000,1.000000,1.000000,1,0,0,0
1084,25,308,775,1.000000,1.000000,1.000000,1.000000,1,0,0,0
1085,29,309,775,1.000000,1.000000,1.000000,1.000000,1,0,0,0
1086,27,309,776,1.000000,1.000000,1.000000,1.000000,0,0,0,0
1087,29,310,776,1.000000,1.000000,1.000000,1.000000,0,0,0,0
1088,27,310,777,1.000000,1.000000,1.000000,1.000000,0,0,0,1
1089,25,310,778,1.000000,1.000000,1.000000,1.000000,0,0,0,0
1090,29,311,778,1.000000,1.000000,1.000000,1.000000,0,0,0,0
1091,27,311,779,1.000000,1.000000,1.000000,1.000000,0,0,0,0
1092,25,311,780,1.000000,1.000000,1.000000,1.000000,0,1,0,0
1093,23,311,781,1.000000,1.000000,1.000000,1.000000,0,0,0,0
1094,29,312,781,1.000000,1.000000,1.000000,1.000000,0,0,0,0
1095,27,312,782,1.000000,1.000000,1.000000,1.000000,0,0,0,0
1096,25,312,783,1.000000,1.000000,1.000000,1.000000,0,0,0,0
1097,23,312,784,1.000000,1.000000,1.000000,1.000000,0,0,0,0
1098,21,312,785,1.000000,1.000000,1.000000,1.000000,0,0,0,1
1099,19,312,786,1.000000,1.000000,1.000000,1.000000,1,0,0,0
1100,29,313,786,1.000000,1.000000,1.000000,1.000000,1,0,0,0
1101,27,313,787,1.000000,1.000000,1.000000,1.000000,0,0,0,0
1102,29,314,787,1.000000,1.000000,1.000000,1.000000,0,0,0,0
1103,27,314,788,1.000000,1.000000,1.000000,1.000000,1,0,0,1
1104,25,314,789,1.000000,1.000000,1.000000,1.000000,1,0,0,1
1105,29,315,789,1.000000,1.000000,1.000000,1.000000,1,0,0,1
1106,27,315,790,1.000000,1.000000,1.000000,1.000000,0,0,1,0
1107,29,316,790,1.000000,1.000000,1.000000,1.000000,0,0,1,0
1108,27,316,791,1.000000,1.000000,1.000000,1.000000,0,0,1,1
1109,29,317,791,1.000000,1.000000,1.000000,1.000000,0,0,1,1
1110,27,317,792,1.000000,1.000000,1.000000,1.000000,0,0,0,0
1111,29,318,792,1.000000,1.000000,1.000000,1.000000,0,0,0,0
1112,27,318,793,1.000000,1.000000,1.000000,1.000000,0,0,0,1
1113,25,318,794,1.000000,1.000000,1.000000,1.000000,0,0,0,0
1114,29,319,794,1.000000,1.000000,1.000000,1.000000,0,0,0,0
1115,27,319,795,1.000000,1.000000,1.000000,1.000000,0,0,0,0
1116,25,319,796,1.000000,1.000000,1.000000,1.000000,0,0,0,1
1117,23,319,797,1.000000,1.000000,1.000000,1.000000,0,0,0,0
1118,29,320,797,1.000000,1.000000,1.000000,1.000000,0,0,0,0
1119,27,320,798,1.000000,1.000000,1.000000,1.000000,1,0,0,0
1120,25,320,799,1.000000,1.000000,1.000000,1.000000,0,0,0,0
1121,29,321,799,1.000000,1.000000,1.000000,1.000000,0,0,0,0
1122,27,321,800,1.000000,1.000000,1.000000,1.000000,0,0,0,0
1123,25,321,801,1.000000,1.000000,1.000000,1.000000,0,0,0,0
1124,23,321,802,1.000000,1.000000,1.000000,1.000000,0,0,0,1
1125,21,321,803,1.000000,1.000000,1.000000,1.000000,0,0,0,0
1126,29,322,803,1.000000,1.000000,1.000000,1.000000,0,0,0,0
1127,27,322,804,1.000000,1.000000,1.000000,1.000000,0,0,0,0
1128,25,322,805,1.000000,1.000000,1.000000,1.000000,0,0,0,0
1129,23,322,806,1.000000,1.000000,1.000000,1.000000,1,1,0,0
1130,21,322,807,1.000000,1.000000,1.000000,1.000000,0,0,0,0
1131,29,323,807,1.000000,1.000000,1.000000,1.000000,0,0,0,0
1132,27,323,808,1.000000,1.000000,1.000000,1.000000,0,0,0,0
1133,25,323,809,1.000000,1.000000,1.000000,1.000000,1,1,0,0
1134,23,323,810,1.000000,1.000000,1.000000,1.000000,1,0,0,0
1135,29,324,810,1.000000,1.000000,1.000000,1.000000,1,0,0,0
1136,27,324,811,1.000000,1.000000,1.000000,1.000000,0,0,0,1
1137,29,325,811,1.000000,1.000000,1.000000,1.000000,0,0,0,1
1138,27,325,812,1.000000,1.000000,1.000000,1.000000,1,0,0,0
1139,29,326,812,1.000000,1.000000,1.000000,1.000000,1,0,0,0
1140,27,326,813,1.000000,1.000000,1.000000,1.000000,0,0,0,0
1141,29,327,813,1.000000,1.000000,1.000000,1.000000,0,0,0,0
1142,27,327,814,1.000000,1.000000,1.000000,1.000000,0,0,0,0
1143,25,327,815,1.000000,1.000000,1.000000,1.000000,0,0,0,0
1144,23,327,816,1.000000,1.000000,1.000000,1.000000,0,0,0,0
1145,21,327,817,1.000000,1.000000,1.000000,1.000000,0,0,0,0
1146,19,327,818,1.000000,1.000000,1.000000,1.000000,0,0,0,0
1147,17,327,819,1.000000,1.000000,1.000000,1.000000,0,0,0,0
1148,15,327,820,1.000000,1.000000,1.000000,1.000000,0,0,1,0
1149,13,327,821,1.000000,1.000000,1.000000,1.000000,0,0,0,1
1150,11,327,822,1.000000,1.000000,1.000000,1.000000,0,1,1,0
1151,29,328,822,1.000000,1.000000,1.000000,1.000000,0,1,1,0
1152,27,328,823,1.000000,1.000000,1.000000,1.000000,0,0,0,0
1153,29,329,823,1.000000,1.000000,1.000000,1.000000,0,0,0,0
1154,27,329,824,1.000000,1.000000,1.000000,1.000000,0,0,0,0
1155,25,329,825,1.000000,1.000000,1.000000,1.000000,0,0,0,0
1156,23,329,826,1.000000,1.000000,1.000000,1.000000,0,0,0,0
1157,21,329,827,1.000000,1.000000,1.000000,1.000000,0,0,0,0
1158,19,329,828,1.000000,1.000000,1.000000,1.000000,0,0,0,0
1159,17,329,829,1.000000,1.000000,1.000000,1.000000,0,0,0,1
1160,15,329,830,1.000000,1.000000,1.000000,1.000000,0,0,1,1
1161,29,330,830,1.000000,1.000000,1.000000,1.000000,0,0,1,1
1162,27,330,831,1.000000,1.000000,1.000000,1.000000,0,0,0,0
1163,29,331,831,1.000000,1.000000,1.000000,1.000000,0,0,0,0
1164,27,331,832,1.000000,1.000000,1.000000,1.000000,0,0,0,0
1165,25,331,833,1.000000,1.000000,1.000000,1.000000,0,0,0,0
1166,23,331,834,1.000000,1.000000,1.000000,1.000000,0,0,0,0
1167,21,331,835,1.000000,1.000000,1.000000,1.000000,0,0,0,1
1168,19,331,836,1.000000,1.000000,1.000000,1.000000,0,0,0,0
1169,17,331,837,1.000000,1.000000,1.000000,1.000000,1,0,0,1
1170,15,331,838,1.000000,1.000000,1.000000,1.000000,1,0,0,0
1171,13,331,839,1.000000,1.000000,1.000000,1.000000,0,1,1,0
1172,29,332,839,1.000000,1.000000,1.000000,1.000000,0,1,1,0
1173,27,332,840,1.000000,1.000000,1.000000,1.000000,0,0,0,0
1174,29,333,840,1.000000,1.000000,1.000000,1.000000,0,0,0,0
1175,27,333,841,1.000000,1.000000,1.000000,1.000000,0,0,1,0
1176,25,333,842,1.000000,1.000000,1.000000,1.000000,0,0,0,0
1177,29,334,842,1.000000,1.000000,1.000000,1.000000,0,0,0,0
1178,27,334,843,1.000000,1.000000,1.000000,1.000000,0,0,0,0
1179,25,334,844,1.000000,1.000000,1.000000,1.000000,1,0,0,1
1180,23,334,845,1.000000,1.000000,1.000000,1.000000,1,0,0,1
1181,29,335,845,1.000000,1.000000,1.000000,1.000000,1,0,0,1
1182,27,335,846,1.000000,1.000000,1.000000,1.000000,0,0,0,1
1183,29,336,846,1.000000,1.000000,1.000000,1.000000,0,0,0,1
1184,27,336,847,1.000000,1.000000,1.000000,1.000000,0,0,0,1
1185,29,337,847,1.000000,1.000000,1.000000,1.000000,0,0,0,1
1186,27,337,848,1.000000,1.000000,1.000000,1.000000,0,0,0,0
1187,25,337,849,1.000000,1.000000,1.000000,1.000000,1,1,0,1
1188,23,337,850,1.000000,1.000000,1.000000,1.000000,0,0,0,0
1189,29,338,850,1.000000,1.000000,1.000000,1.000000,0,0,0,0
1190,27,338,851,1.000000,1.000000,1.000000,1.000000,1,1,0,0
1191,25,338,852,1.000000,1.000000,1.000000,1.000000,0,0,0,0
1192,29,339,852,1.000000,1.000000,1.000000,1.000000,0,0,0,0
1193,27,339,853,1.000000,1.000000,1.000000,1.000000,0,0,1,0
1194,25,339,854,1.000000,1.000000,1.000000,1.000000,0,0,0,0
1195,29,340,854,1.000000,1.000000,1.000000,1.000000,0,0,0,0
1196,27,340,855,1.000000,1.000000,1.000000,1.000000,0,0,0,0
1197,25,340,856,1.000000,1.000000,1.000000,1.000000,0,0,1,0
1198,23,340,857,1.000000,1.000000,1.000000,1.000000,0,1,0,0
1199,29,341,857,1.000000,1.000000,1.000000,1.000000,0,1,0,0
1200,27,341,858,1.000000,1.000000,1.000000,1.000000,0,0,0,0
1201,29,342,858,1.000000,1.000000,1.000000,1.000000,0,0,0,0
1202,27,342,859,1.000000,1.000000,1.000000,1.000000,0,0,0,0
1203,25,342,860,1.000000,1.000000,1.000000,1.000000,0,0,0,0
1204,23,342,861,1.000000,1.000000,1.000000,1.000000,0,0,0,0
1205,21,342,862,1.000000,1.000000,1.000000,1.000000,0,0,0,1
1206,19,342,863,1.000000,1.000000,1.000000,1.000000,0,0,0,1
1207,29,343,863,1.000000,1.000000,1.000000,1.000000,0,0,0,1
1208,27,343,864,1.000000,1.000000,1.000000,1.000000,0,0,0,1
1209,29,344,864,1.000000,1.000000,1.000000,1.000000,0,0,0,1
1210,27,344,865,1.000000,1.000000,1.000000,1.000000,0,0,1,0
1211,29,345,865,1.000000,1.000000,1.000000,1.000000,0,0,1,0
1212,27,345,866,1.000000,1.000000,1.000000,1.000000,0,0,0,0
1213,29,346,866,1.000000,1.000000,1.000000,1.000000,0,0,0,0
1214,27,346,867,1.000000,1.000000,1.000000,1.000000,0,0,0,0
1215,25,346,868,1.000000,1.000000,1.000000,1.000000,0,0,0,0
1216,23,346,869,1.000000,1.000000,1.000000,1.000000,0,0,0,0
1217,21,346,870,1.000000,1.000000,1.000000,1.000000,0,0,0,0
1218,19,346,871,1.000000,1.000000,1.000000,1.000000,0,0,0,0
1219,17,346,872,1.000000,1.000000,1.000000,1.000000,0,0,0,0
1220,15,346,873,1.000000,1.000000,1.000000,1.000000,0,0,0,0
1221,13,346,874,1.000000,1.000000,1.000000,1.000000,0,0,0,0
1222,11,346,875,1.000000,1.000000,1.000000,1.000000,0,0,0,0
1223,9,346,876,1.000000,1.000000,1.000000,1.000000,0,0,0,0
1224,7,346,877,1.000000,1.000000,1.000000,1.000000,0,0,0,0
1225,5,346,878,1.000000,1.000000,1.000000,1.000000,0,0,0,0
1226,3,346,879,1.000000,1.000000,1.000000,1.000000,0,0,1,1
1227,1,346,880,1.000000,1.000000,1.000000,1.000000,0,0,0,0
1228,29,347,880,1.000000,1.000000,1.000000,1.000000,0,0,0,0
1229,27,347,881,1.000000,1.000000,1.000000,1.000000,0,0,0,0
1230,25,347,882,1.000000,1.000000,1.000000,1.000000,0,0,1,0
1231,23,347,883,1.000000,1.000000,1.000000,1.000000,0,1,0,0
1232,29,348,883,1.000000,1.000000,1.000000,1.000000,0,1,0,0
1233,27,348,884,1.000000,1.000000,1.000000,1.000000,0,1,1,0
1234,25,348,885,1.000000,1.000000,1.000000,1.000000,1,0,0,0
1235,29,349,885,1.000000,1.000000,1.000000,1.000000,1,0,0,0
1236,27,349,886,1.000000,1.000000,1.000000,1.000000,0,1,0,0
1237,29,350,886,1.000000,1.000000,1.000000,1.000000,0,1,0,0
1238,27,350,887,1.000000,1.000000,1.000000,1.000000,0,0,0,0
1239,29,351,887,1.000000,1.000000,1.000000,1.000000,0,0,0,0
1240,27,351,888,1.000000,1.000000,1.000000,1.000000,1,0,0,0
1241,25,351,889,1.000000,1.000000,1.000000,1.000000,0,0,0,0
1242,29,352,889,1.000000,1.000000,1.000000,1.000000,0,0,0,0
1243,27,352,890,1.000000,1.000000,1.000000,1.000000,0,0,0,0
1244,25,352,891,1.000000,1.000000,1.000000,1.000000,1,0,0,0
1245,23,352,892,1.000000,1.000000,1.000000,1.000000,1,0,0,0
1246,29,353,892,1.000000,1.000000,1.000000,1.000000,1,0,0,0
1247,27,353,893,1.000000,1.000000,1.000000,1.000000,0,1,0,0
1248,29,354,893,1.000000,1.000000,1.000000,1.000000,0,1,0,0
1249,27,354,894,1.000000,1.000000,1.000000,1.000000,0,1,0,0
1250,29,355,894,1.000000,1.000000,1.000000,1.000000,0,1,0,0
1251,27,355,895,1.000000,1.000000,1.000000,1.000000,0,0,0,0
1252,29,356,895,1.000000,1.000000,1.000000,1.000000,0,0,0,0
1253,27,356,896,1.000000,1.000000,1.000000,1.000000,0,0,0,0
1254,25,356,897,1.000000,1.000000,1.000000,1.000000,0,0,0,0
1255,23,356,898,1.000000,1.000000,1.000000,1.000000,0,0,0,0
1256,21,356,899,1.000000,1.000000,1.000000,1.000000,0,0,0,0
1257,29,357,899,1.000000,1.000000,1.000000,1.000000,0,0,0,0
1258,27,357,900,1.000000,1.000000,1.000000,1.000000,0,0,1,0
1259,25,357,901,1.000000,1.000000,1.000000,1.000000,0,0,0,1
1260,29,358,901,1.000000,1.000000,1.000000,1.000000,0,0,0,1
1261,27,358,902,1.000000,1.000000,1.000000,1.000000,0,0,1,1
1262,25,358,903,1.000000,1.000000,1.000000,1.000000,1,0,0,0
1263,29,359,903,1.000000,1.000000,1.000000,1.000000,1,0,0,0
1264,27,359,904,1.000000,1.000000,1.000000,1.000000,0,0,0,1
1265,29,360,904,1.000000,1.000000,1.000000,1.000000,0,0,0,1
1266,27,360,905,1.000000,1.000000,1.000000,1.000000,0,0,0,0
1267,29,361,905,1.000000,1.000000,1.000000,1.000000,0,0,0,0
1268,27,361,906,1.000000,1.000000,1.000000,1.000000,0,0,0,0
1269,25,361,907,1.000000,1.000000,1.000000,1.000000,0,0,0,0
1270,23,361,908,1.000000,1.000000,1.000000,1.000000,0,0,0,0
1271,21,361,909,1.000000,1.000000,1.000000,1.000000,0,0,0,0
1272,19,361,910,1.000000,1.000000,1.000000,1.000000,0,0,0,0
1273,17,361,911,1.000000,1.000000,1.000000,1.000000,0,0,0,0
1274,15,361,912,1.000000,1.000000,1.000000,1.000000,0,0,0,0
1275,13,361,913,1.000000,1.000000,1.000000,1.000000,0,0,0,0
1276,11,361,914,1.000000,1.000000,1.000000,1.000000,0,0,0,0
1277,9,361,915,1.000000,1.000000,1.000000,1.000000,0,0,0,0
1278,7,361,916,1.000000,1.000000,1.000000,1.000000,1,0,0,0
1279,5,361,917,1.000000,1.000000,1.000000,1.000000,1,0,0,0
1280,29,362,917,1.000000,1.000000,1.000000,1.000000,1,0,0,0
1281,27,362,918,1.000000,1.000000,1.000000,1.000000,0,1,0,1
1282,29,363,918,1.000000,1.000000,1.000000,1.000000,0,1,0,1
1283,27,363,919,1.000000,1.000000,1.000000,1.000000,0,0,0,0
1284,29,364,919,1.000000,1.000000,1.000000,1.000000,0,0,0,0
1285,27,364,920,1.000000,1.000000,1.000000,1.000000,0,0,0,1
1286,25,364,921,1.000000,1.000000,1.000000,1.000000,0,0,0,0
1287,29,365,921,1.000000,1.000000,1.000000,1.000000,0,0,0,0
1288,27,365,922,1.000000,1.000000,1.000000,1.000000,0,0,0,0
1289,25,365,923,1.000000,1.000000,1.000000,1.000000,0,0,0,1
1290,23,365,924,1.000000,1.000000,1.000000,1.000000,0,0,0,0
1291,29,366,924,1.000000,1.000000,1.000000,1.000000,0,0,0,0
1292,27,366,925,1.000000,1.000000,1.000000,1.000000,0,0,0,0
1293,25,366,926,1.000000,1.000000,1.000000,1.000000,0,0,1,0
1294,23,366,927,1.000000,1.000000,1.000000,1.000000,0,0,1,0
1295,21,366,928,1.000000,1.000000,1.000000,1.000000,1,0,0,1
1296,29,367,928,1.000000,1.000000,1.000000,1.000000,1,0,0,1
1297,27,367,929,1.000000,1.000000,1.000000,1.000000,0,0,0,0
1298,29,368,929,1.000000,1.000000,1.000000,1.000000,0,0,0,0
1299,27,368,930,1.000000,1.000000,1.000000,1.000000,0,0,0,0
1300,25,368,931,1.000000,1.000000,1.000000,1.000000,0,0,0,0
1301,23,368,932,1.000000,1.000000,1.000000,1.000000,1,0,0,0
1302,21,368,933,1.000000,1.000000,1.000000,1.000000,1,0,0,0
1303,29,369,933,1.000000,1.000000,1.000000,1.000000,1,0,0,0
1304,27,369,934,1.000000,1.000000,1.000000,1.000000,0,1,0,1
1305,25,369,935,1.000000,1.000000,1.000000,1.000000,0,1,0,0
1306,29,370,935,1.000000,1.000000,1.000000,1.000000,0,1,0,0
1307,27,370,936,1.000000,1.000000,1.000000,1.000000,0,0,0,0
1308,25,370,937,1.000000,1.000000,1.000000,1.000000,1,0,0,0
1309,23,370,938,1.000000,1.000000,1.000000,1.000000,1,0,0,0
1310,29,371,938,1.000000,1.000000,1.000000,1.000000,1,0,0,0
1311,27,371,939,1.000000,1.000000,1.000000,1.000000,0,0,0,0
1312,25,371,940,1.000000,1.000000,1.000000,1.000000,0,0,0,0
1313,23,371,941,1.000000,1.000000,1.000000,1.000000,0,0,0,0
1314,21,371,942,1.000000,1.000000,1.000000,1.000000,0,0,0,0
1315,19,371,943,1.000000,1.000000,1.000000,1.000000,0,0,0,1
1316,17,371,944,1.000000,1.000000,1.000000,1.000000,0,0,0,0
1317,29,372,944,1.000000,1.000000,1.000000,1.000000,0,0,0,0
1318,27,372,945,1.000000,1.000000,1.000000,1.000000,0,0,1,1
1319,25,372,946,1.000000,1.000000,1.000000,1.000000,0,0,0,0
1320,29,373,946,1.000000,1.000000,1.000000,1.000000,0,0,0,0
1321,27,373,947,1.000000,1.000000,1.000000,1.000000,0,0,0,1
1322,25,373,948,1.000000,1.000000,1.000000,1.000000,0,1,0,0
1323,23,373,949,1.000000,1.000000,1.000000,1.000000,0,1,0,0
1324,29,374,949,1.000000,1.000000,1.000000,1.000000,0,1,0,0
1325,27,374,950,1.000000,1.000000,1.000000,1.000000,0,1,1,0
1326,29,375,950,1.000000,1.000000,1.000000,1.000000,0,1,1,0
1327,27,375,951,1.000000,1.000000,1.000000,1.000000,0,0,0,0
1328,29,376,951,1.000000,1.000000,1.000000,1.000000,0,0,0,0
1329,27,376,952,1.000000,1.000000,1.000000,1.000000,0,0,1,0
1330,25,376,953,1.000000,1.000000,1.000000,1.000000,0,0,0,0
1331,29,377,953,1.000000,1.000000,1.000000,1.000000,0,0,0,0
1332,27,377,954,1.000000,1.000000,1.000000,1.000000,0,0,0,0
1333,25,377,955,1.000000,1.000000,1.000000,1.000000,0,0,0,0
1334,23,377,956,1.000000,1.000000,1.000000,1.000000,0,0,1,0
1335,21,377,957,1.000000,1.000000,1.000000,1.000000,0,0,1,0
1336,19,377,958,1.000000,1.000000,1.000000,1.000000,1,0,0,1
1337,29,378,958,1.000000,1.000000,1.000000,1.000000,1,0,0,1
1338,27,378,959,1.000000,1.000000,1.000000,1.000000,0,0,0,0
1339,29,379,959,1.000000,1.000000,1.000000,1.000000,0,0,0,0
1340,27,379,960,1.000000,1.000000,1.000000,1.000000,0,0,0,1
1341,25,379,961,1.000000,1.000000,1.000000,1.000000,0,0,0,0
1342,29,380,961,1.000000,1.000000,1.000000,1.000000,0,0,0,0
1343,27,380,962,1.000000,1.000000,1.000000,1.000000,0,0,0,0
1344,25,380,963,1.000000,1.000000,1.000000,1.000000,0,0,0,0
1345,23,380,964,1.000000,1.000000,1.000000,1.000000,0,0,0,0
1346,21,380,965,1.000000,1.000000,1.000000,1.000000,0,0,0,0
1347,19,380,966,1.000000,1.000000,1.000000,1.000000,0,0,0,0
1348,17,380,967,1.000000,1.000000,1.000000,1.000000,0,0,0,0
1349,15,380,968,1.000000,1.000000,1.000000,1.000000,0,0,0,0
1350,13,380,969,1.000000,1.000000,1.000000,1.000000,0,0,0,0
1351,11,380,970,1.000000,1.000000,1.000000,1.000000,0,0,0,0
1352,29,381,970,1.000000,1.000000,1.000000,1.000000,0,0,0,0
1353,27,381,971,1.000000,1.000000,1.000000,1.000000,0,0,0,0
1354,25,381,972,1.000000,1.000000,1.000000,1.000000,0,0,0,0
1355,23,381,973,1.000000,1.000000,1.000000,1.000000,0,0,0,0
1356,21,381,974,1.000000,1.000000,1.000000,1.000000,0,0,0,1
1357,19,381,975,1.000000,1.000000,1.000000,1.000000,0,0,0,0
1358,29,382,975,1.000000,1.000000,1.000000,1.000000,0,0,0,0
1359,27,382,976,1.000000,1.000000,1.000000,1.000000,0,0,0,1
1360,25,382,977,1.000000,1.000000,1.000000,1.000000,0,0,0,0
1361,29,383,977,1.000000,1.000000,1.000000,1.000000,0,0,0,0
1362,27,383,978,1.000000,1.000000,1.000000,1.000000,0,0,0,0
1363,25,383,979,1.000000,1.000000,1.000000,1.000000,0,0,0,0
1364,23,383,980,1.000000,1.000000,1.000000,1.000000,0,0,0,0
1365,21,383,981,1.000000,1.000000,1.000000,1.000000,0,0,0,0
1366,19,383,982,1.000000,1.000000,1.000000,1.000000,0,0,0,0
1367,17,383,983,1.000000,1.000000,1.000000,1.000000,0,0,0,0
1368,15,383,984,1.000000,1.000000,1.000000,1.000000,0,0,0,0
1369,13,383,985,1.000000,1.000000,1.000000,1.000000,0,0,0,0
1370,11,383,986,1.000000,1.000000,1.000000,1.000000,1,0,0,0
1371,9,383,987,1.000000,1.000000,1.000000,1.000000,0,0,0,1
1372,29,384,987,1.000000,1.000000,1.000000,1.000000,0,0,0,1
1373,27,384,988,1.000000,1.000000,1.000000,1.000000,0,0,0,1
1374,29,385,988,1.000000,1.000000,1.000000,1.000000,0,0,0,1
1375,27,385,989,1.000000,1.000000,1.000000,1.000000,1,0,1,0
1376,29,386,989,1.000000,1.000000,1.000000,1.000000,1,0,1,0
1377,27,386,990,1.000000,1.000000,1.000000,1.000000,0,0,0,0
1378,29,387,990,1.000000,1.000000,1.000000,1.000000,0,0,0,0
1379,27,387,991,1.000000,1.000000,1.000000,1.000000,0,0,0,0
1380,25,387,992,1.000000,1.000000,1.000000,1.000000,1,0,0,0
1381,23,387,993,1.000000,1.000000,1.000000,1.000000,0,0,0,0
1382,29,388,993,1.000000,1.000000,1.000000,1.000000,0,0,0,0
1383,27,388,994,1.000000,1.000000,1.000000,1.000000,0,0,0,0
1384,25,388,995,1.000000,1.000000,1.000000,1.000000,0,0,0,0
1385,23,388,996,1.000000,1.000000,1.000000,1.000000,0,0,0,0
1386,21,388,997,1.000000,1.000000,1.000000,1.000000,0,0,0,0
1387,19,388,998,1.000000,1.000000,1.000000,1.000000,0,0,0,0
1388,17,388,999,1.000000,1.000000,1.000000,1.000000,0,0,0,0
1389,15,388,1000,1.000000,1.000000,1.000000,1.000000,0,0,0,0
1390,13,388,1001,1.000000,1.000000,1.000000,1.000000,0,0,0,0
1391,11,388,1002,1.000000,1.000000,1.000000,1.000000,0,0,0,0
1392,9,388,1003,1.000000,1.000000,1.000000,1.000000,1,0,0,0
1393,7,388,1004,1.000000,1.000000,1.000000,1.000000,0,0,0,1
1394,29,389,1004,1.000000,1.000000,1.000000,1.000000,0,0,0,1
1395,27,389,1005,1.000000,1.000000,1.000000,1.000000,1,1,0,1
1396,25,389,1006,1.000000,1.000000,1.000000,1.000000,1,0,0,0
1397,23,389,1007,1.000000,1.000000,1.000000,1.000000,0,1,1,0
1398,29,390,1007,1.000000,1.000000,1.000000,1.000000,0,1,1,0
1399,27,390,1008,1.000000,1.000000,1.000000,1.000000,0,0,0,0
1400,29,391,1008,1.000000,1.000000,1.000000,1.000000,0,0,0,0
1401,27,391,1009,1.000000,1.000000,1.000000,1.000000,1,1,0,0
1402,25,391,1010,1.000000,1.000000,1.000000,1.000000,0,0,0,0
1403,29,392,1010,1.000000,1.000000,1.000000,1.000000,0,0,0,0
1404,27,392,1011,1.000000,1.000000,1.000000,1.000000,0,1,0,0
1405,25,392,1012,1.000000,1.000000,1.000000,1.000000,0,0,0,0
1406,23,392,1013,1.000000,1.000000,1.000000,1.000000,1,0,0,0
1407,21,392,1014,1.000000,1.000000,1.000000,1.000000,0,0,0,0
1408,29,393,1014,1.000000,1.000000,1.000000,1.000000,0,0,0,0
1409,27,393,1015,1.000000,1.000000,1.000000,1.000000,0,0,0,0
1410,25,393,1016,1.000000,1.000000,1.000000,1.000000,0,0,0,0
1411,23,393,1017,1.000000,1.000000,1.000000,1.000000,0,0,0,0
1412,21,393,1018,1.000000,1.000000,1.000000,1.000000,0,0,0,0
1413,19,393,1019,1.000000,1.000000,1.000000,1.000000,0,0,0,0
1414,17,393,1020,1.000000,1.000000,1.000000,1.000000,0,0,0,0
1415,15,393,1021,1.000000,1.000000,1.000000,1.000000,0,0,0,0
1416,13,393,1022,1.000000,1.000000,1.000000,1.000000,0,1,0,0
1417,11,393,1023,1.000000,1.000000,1.000000,1.000000,0,1,1,0
1418,9,393,1024,1.000000,1.000000,1.000000,1.000000,0,0,1,0
1419,7,393,1025,1.000000,1.000000,1.000000,1.000000,1,1,0,0
1420,5,393,1026,1.000000,1.000000,1.000000,1.000000,0,0,0,1
1421,29,394,1026,1.000000,1.000000,1.000000,1.000000,0,0,0,1
1422,27,394,1027,1.000000,1.000000,1.000000,1.000000,1,0,0,0
1423,29,395,1027,1.000000,1.000000,1.000000,1.000000,1,0,0,0
1424,27,395,1028,1.000000,1.000000,1.000000,1.000000,0,0,0,0
1425,29,396,1028,1.000000,1.000000,1.000000,1.000000,0,0,0,0
1426,27,396,1029,1.000000,1.000000,1.000000,1.000000,0,0,0,1
1427,25,396,1030,1.000000,1.000000,1.000000,1.000000,1,0,0,0
1428,29,397,1030,1.000000,1.000000,1.000000,1.000000,1,0,0,0
1429,27,397,1031,1.000000,1.000000,1.000000,1.000000,0,0,0,0
1430,29,398,1031,1.000000,1.000000,1.000000,1.000000,0,0,0,0
1431,27,398,1032,1.000000,1.000000,1.000000,1.000000,0,0,0,0
1432,25,398,1033,1.000000,1.000000,1.000000,1.000000,0,0,0,0
1433,23,398,1034,1.000000,1.000000,1.000000,1.000000,0,0,0,0
1434,21,398,1035,1.000000,1.000000,1.000000,1.000000,0,0,0,0
1435,19,398,1036,1.000000,1.000000,1.000000,1.000000,0,0,0,0
1436,17,398,1037,1.000000,1.000000,1.000000,1.000000,0,0,0,0
1437,15,398,1038,1.000000,1.000000,1.000000,1.000000,0,0,0,0
1438,13,398,1039,1.000000,1.000000,1.000000,1.000000,0,0,0,0
1439,11,398,1040,1.000000,1.000000,1.000000,1.000000,0,0,1,0
1440,29,399,1040,1.000000,1.000000,1.000000,1.000000,0,0,1,0
1441,27,399,1041,1.000000,1.000000,1.000000,1.000000,0,1,0,0
1442,25,399,1042,1.000000,1.000000,1.000000,1.000000,0,0,0,1
1443,29,400,1042,1.000000,1.000000,1.000000,1.000000,0,0,0,1
1444,27,400,1043,1.000000,1.000000,1.000000,1.000000,0,0,0,0
1445,29,401,1043,1.000000,1.000000,1.000000,1.000000,0,0,0,0
1446,27,401,1044,1.000000,1.000000,1.000000,1.000000,0,0,0,0
1447,25,401,1045,1.000000,1.000000,1.000000,1.000000,1,1,0,0
1448,23,401,1046,1.000000,1.000000,1.000000,1.000000,0,0,0,0
1449,29,402,1046,1.000000,1.000000,1.000000,1.000000,0,0,0,0
1450,27,402,1047,1.000000,1.000000,1.000000,1.000000,1,1,0,1
1451,25,402,1048,1.000000,1.000000,1.000000,1.000000,0,0,0,1
1452,29,403,1048,1.000000,1.000000,1.000000,1.000000,0,0,0,1
1453,27,403,1049,1.000000,1.000000,1.000000,1.000000,0,0,1,0
1454,29,404,1049,1.000000,1.000000,1.000000,1.000000,0,0,1,0
1455,27,404,1050,1.000000,1.000000,1.000000,1.000000,0,0,0,0
1456,29,405,1050,1.000000,1.000000,1.000000,1.000000,0,0,0,0
1457,27,405,1051,1.000000,1.000000,1.000000,1.000000,0,0,0,0
1458,25,405,1052,1.000000,1.000000,1.000000,1.000000,0,0,0,0
1459,23,405,1053,1.000000,1.000000,1.000000,1.000000,0,0,0,0
1460,21,405,1054,1.000000,1.000000,1.000000,1.000000,0,0,0,0
1461,19,405,1055,1.000000,1.000000,1.000000,1.000000,0,0,0,0
1462,17,405,1056,1.000000,1.000000,1.000000,1.000000,0,0,0,0
1463,15,405,1057,1.000000,1.000000,1.000000,1.000000,0,0,0,0
1464,13,405,1058,1.000000,1.000000,1.000000,1.000000,0,0,0,0
1465,11,405,1059,1.000000,1.000000,1.000000,1.000000,1,1,0,0
1466,9,405,1060,1.000000,1.000000,1.000000,1.000000,0,0,0,0
1467,29,406,1060,1.000000,1.000000,1.000000,1.000000,0,0,0,0
1468,27,406,1061,1.000000,1.000000,1.000000,1.000000,1,0,0,0
1469,25,406,1062,1.000000,1.000000,1.000000,1.000000,0,0,0,0
1470,29,407,1062,1.000000,1.000000,1.000000,1.000000,0,0,0,0
1471,27,407,1063,1.000000,1.000000,1.000000,1.000000,0,0,0,0
1472,25,407,1064,1.000000,1.000000,1.000000,1.000000,1,0,0,0
1473,23,407,1065,1.000000,1.000000,1.000000,1.000000,0,1,0,0
1474,29,408,1065,1.000000,1.000000,1.000000,1.000000,0,1,0,0
1475,27,408,1066,1.000000,1.000000,1.000000,1.000000,0,0,0,0
1476,25,408,1067,1.000000,1.000000,1.000000,1.000000,0,1,0,0
1477,23,408,1068,1.000000,1.000000,1.000000,1.000000,1,0,0,0
1478,29,409,1068,1.000000,1.000000,1.000000,1.000000,1,0,0,0
1479,27,409,1069,1.000000,1.000000,1.000000,1.000000,0,0,0,0
1480,29,410,1069,1.000000,1.000000,1.000000,1.000000,0,0,0,0
1481,27,410,1070,1.000000,1.000000,1.000000,1.000000,0,0,0,0
1482,25,410,1071,1.000000,1.000000,1.000000,1.000000,0,0,0,0
1483,23,410,1072,1.000000,1.000000,1.000000,1.000000,0,0,0,0
1484,21,410,1073,1.000000,1.000000,1.000000,1.000000,0,0,1,0
1485,19,410,1074,1.000000,1.000000,1.000000,1.000000,0,0,0,0
1486,29,411,1074,1.000000,1.000000,1.000000,1.000000,0,0,0,0
1487,27,411,1075,1.000000,1.000000,1.000000,1.000000,0,1,0,0
1488,25,411,1076,1.000000,1.000000,1.000000,1.000000,0,0,0,0
1489,29,412,1076,1.000000,1.000000,1.000000,1.000000,0,0,0,0
1490,27,412,1077,1.000000,1.000000,1.000000,1.000000,0,0,0,0
1491,25,412,1078,1.000000,1.000000,1.000000,1.000000,0,0,0,0
1492,23,412,1079,1.000000,1.000000,1.000000,1.000000,0,1,1,0
1493,21,412,1080,1.000000,1.000000,1.000000,1.000000,0,0,0,1
1494,29,413,1080,1.000000,1.000000,1.000000,1.000000,0,0,0,1
1495,27,413,1081,1.000000,1.000000,1.000000,1.000000,0,0,1,0
1496,29,414,1081,1.000000,1.000000,1.000000,1.000000,0,0,1,0
1497,27,414,1082,1.000000,1.000000,1.000000,1.000000,0,0,0,0
1498,29,415,1082,1.000000,1.000000,1.000000,1.000000,0,0,0,0
1499,27,415,1083,1.000000,1.000000,1.000000,1.000000,0,0,0,0
1500,25,415,1084,1.000000,1.000000,1.000000,1.000000,0,0,0,0
1501,23,415,1085,1.000000,1.000000,1.000000,1.000000,0,0,0,0
1502,21,415,1086,1.000000,1.000000,1.000000,1.000000,0,0,0,0
1503,19,415,1087,1.000000,1.000000,1.000000,1.000000,0,0,0,0
1504,17,415,1088,1.000000,1.000000,1.000000,1.000000,0,0,0,0
1505,15,415,1089,1.000000,1.000000,1.000000,1.000000,0,0,1,0
1506,13,415,1090,1.000000,1.000000,1.000000,1.000000,0,0,1,0
1507,11,415,1091,1.000000,1.000000,1.000000,1.000000,1,1,0,0
1508,29,416,1091,1.000000,1.000000,1.000000,1.000000,1,1,0,0
1509,27,416,1092,1.000000,1.000000,1.000000,1.000000,0,0,0,0
1510,29,417,1092,1.000000,1.000000,1.000000,1.000000,0,0,0,0
1511,27,417,1093,1.000000,1.000000,1.000000,1.000000,0,0,0,1
1512,25,417,1094,1.000000,1.000000,1.000000,1.000000,1,0,0,0
1513,29,418,1094,1.000000,1.000000,1.000000,1.000000,1,0,0,0
1514,27,418,1095,1.000000,1.000000,1.000000,1.000000,0,0,0,0
1515,29,419,1095,1.000000,1.000000,1.000000,1.000000,0,0,0,0
1516,27,419,1096,1.000000,1.000000,1.000000,1.000000,0,0,0,0
1517,25,419,1097,1.000000,1.000000,1.000000,1.000000,0,0,0,0
1518,23,419,1098,1.000000,1.000000,1.000000,1.000000,0,0,0,0
1519,21,419,1099,1.000000,1.000000,1.000000,1.000000,0,0,0,0
1520,19,419,1100,1.000000,1.000000,1.000000,1.000000,0,0,0,0
1521,17,419,1101,1.000000,1.000000,1.000000,1.000000,0,0,0,0
1522,15,419,1102,1.000000,1.000000,1.000000,1.000000,1,0,0,0
1523,13,419,1103,1.000000,1.000000,1.000000,1.000000,0,0,0,0
1524,11,419,1104,1.000000,1.000000,1.000000,1.000000,0,0,0,1
1525,9,419,1105,1.000000,1.000000,1.000000,1.000000,0,0,0,0
1526,29,420,1105,1.000000,1.000000,1.000000,1.000000,0,0,0,0
1527,27,420,1106,1.000000,1.000000,1.000000,1.000000,0,0,0,0
1528,25,420,1107,1.000000,1.000000,1.000000,1.000000,0,0,0,0
1529,23,420,1108,1.000000,1.000000,1.000000,1.000000,0,0,1,0
1530,21,420,1109,1.000000,1.000000,1.000000,1.000000,0,0,1,0
1531,29,421,1109,1.000000,1.000000,1.000000,1.000000,0,0,1,0
1532,27,421,1110,1.000000,1.000000,1.000000,1.000000,0,0,0,0
1533,29,422,1110,1.000000,1.000000,1.000000,1.000000,0,0,0,0
1534,27,422,1111,1.000000,1.000000,1.000000,1.000000,0,0,0,0
1535,25,422,1112,1.000000,1.000000,1.000000,1.000000,0,0,0,0
1536,23,422,1113,1.000000,1.000000,1.000000,1.000000,0,1,0,0
1537,21,422,1114,1.000000,1.000000,1.000000,1.000000,0,0,1,0
1538,29,423,1114,1.000000,1.000000,1.000000,1.000000,0,0,1,0
1539,27,423,1115,1.000000,1.000000,1.000000,1.000000,0,1,0,0
1540,29,424,1115,1.000000,1.000000,1.000000,1.000000,0,1,0,0
1541,27,424,1116,1.000000,1.000000,1.000000,1.000000,0,0,0,0
1542,29,425,1116,1.000000,1.000000,1.000000,1.000000,0,0,0,0
1543,27,425,1117,1.000000,1.000000,1.000000,1.000000,1,1,0,0
1544,25,425,1118,1.000000,1.000000,1.000000,1.000000,1,0,0,0
1545,29,426,1118,1.000000,1.000000,1.000000,1.000000,1,0,0,0
1546,27,426,1119,1.000000,1.000000,1.000000,1.000000,0,1,0,0
1547,29,427,1119,1.000000,1.000000,1.000000,1.000000,0,1,0,0
1548,27,427,1120,1.000000,1.000000,1.000000,1.000000,0,0,0,0
1549,29,428,1120,1.000000,1.000000,1.000000,1.000000,0,0,0,0
1550,27,428,1121,1.000000,1.000000,1.000000,1.000000,1,0,1,0
1551,25,428,1122,1.000000,1.000000,1.000000,1.000000,0,0,0,0
1552,29,429,1122,1.000000,1.000000,1.000000,1.000000,0,0,0,0
1553,27,429,1123,1.000000,1.000000,1.000000,1.000000,1,0,0,0
1554,25,429,1124,1.000000,1.000000,1.000000,1.000000,0,0,0,0
1555,29,430,1124,1.000000,1.000000,1.000000,1.000000,0,0,0,0
1556,27,430,1125,1.000000,1.000000,1.000000,1.000000,0,0,0,0
1557,25,430,1126,1.000000,1.000000,1.000000,1.000000,0,0,1,0
1558,23,430,1127,1.000000,1.000000,1.000000,1.000000,0,1,0,0
1559,29,431,1127,1.000000,1.000000,1.000000,1.000000,0,1,0,0
1560,27,431,1128,1.000000,1.000000,1.000000,1.000000,0,1,1,0
1561,29,432,1128,1.000000,1.000000,1.000000,1.000000,0,1,1,0
1562,27,432,1129,1.000000,1.000000,1.000000,1.000000,0,0,0,0
1563,29,433,1129,1.000000,1.000000,1.000000,1.000000,0,0,0,0
1564,27,433,1130,1.000000,1.000000,1.000000,1.000000,1,0,0,0
1565,25,433,1131,1.000000,1.000000,1.000000,1.000000,0,0,0,0
1566,23,433,1132,1.000000,1.000000,1.000000,1.000000,0,0,1,0
1567,21,433,1133,1.000000,1.000000,1.000000,1.000000,0,0,0,0
1568,29,434,1133,1.000000,1.000000,1.000000,1.000000,0,0,0,0
1569,27,434,1134,1.000000,1.000000,1.000000,1.000000,0,0,0,0
1570,25,434,1135,1.000000,1.000000,1.000000,1.000000,0,0,1,1
1571,23,434,1136,1.000000,1.000000,1.000000,1.000000,0,0,0,0
1572,29,435,1136,1.000000,1.000000,1.000000,1.000000,0,0,0,0
1573,27,435,1137,1.000000,1.000000,1.000000,1.000000,0,0,0,1
1574,25,435,1138,1.000000,1.000000,1.000000,1.000000,0,0,0,0
1575,29,436,1138,1.000000,1.000000,1.000000,1.000000,0,0,0,0
1576,27,436,1139,1.000000,1.000000,1.000000,1.000000,1,0,1,1
1577,25,436,1140,1.000000,1.000000,1.000000,1.000000,1,0,0,0
1578,29,437,1140,1.000000,1.000000,1.000000,1.000000,1,0,0,0
1579,27,437,1141,1.000000,1.000000,1.000000,1.000000,0,1,0,0
1580,29,438,1141,1.000000,1.000000,1.000000,1.000000,0,1,0,0
1581,27,438,1142,1.000000,1.000000,1.000000,1.000000,0,0,0,0
1582,29,439,1142,1.000000,1.000000,1.000000,1.000000,0,0,0,0
1583,27,439,1143,1.000000,1.000000,1.000000,1.000000,1,0,0,0
1584,25,439,1144,1.000000,1.000000,1.000000,1.000000,0,0,0,0
1585,29,440,1144,1.000000,1.000000,1.000000,1.000000,0,0,0,0
1586,27,440,1145,1.000000,1.000000,1.000000,1.000000,0,0,0,0
1587,25,440,1146,1.000000,1.000000,1.000000,1.000000,0,0,0,0
1588,23,440,1147,1.000000,1.000000,1.000000,1.000000,0,1,0,1
1589,21,440,1148,1.000000,1.000000,1.000000,1.000000,0,0,0,0
1590,29,441,1148,1.000000,1.000000,1.000000,1.000000,0,0,0,0
1591,27,441,1149,1.000000,1.000000,1.000000,1.000000,0,0,0,0
1592,25,441,1150,1.000000,1.000000,1.000000,1.000000,1,0,0,0
1593,23,441,1151,1.000000,1.000000,1.000000,1.000000,1,0,0,0
1594,29,442,1151,1.000000,1.000000,1.000000,1.000000,1,0,0,0
1595,27,442,1152,1.000000,1.000000,1.000000,1.000000,0,1,0,1
1596,29,443,1152,1.000000,1.000000,1.000000,1.000000,0,1,0,1
1597,27,443,1153,1.000000,1.000000,1.000000,1.000000,0,0,0,0
1598,29,444,1153,1.000000,1.000000,1.000000,1.000000,0,0,0,0
1599,27,444,1154,1.000000,1.000000,1.000000,1.000000,0,0,0,0
1600,25,444,1155,1.000000,1.000000,1.000000,1.000000,0,1,0,0
1601,23,444,1156,1.000000,1.000000,1.000000,1.000000,0,0,0,0
1602,29,445,1156,1.000000,1.000000,1.000000,1.000000,0,0,0,0
1603,27,445,1157,1.000000,1.000000,1.000000,1.000000,0,1,0,0
1604,25,445,1158,1.000000,1.000000,1.000000,1.000000,0,1,0,0
1605,29,446,1158,1.000000,1.000000,1.000000,1.000000,0,1,0,0
1606,27,446,1159,1.000000,1.000000,1.000000,1.000000,1,0,0,0
1607,29,447,1159,1.000000,1.000000,1.000000,1.000000,1,0,0,0
1608,27,447,1160,1.000000,1.000000,1.000000,1.000000,0,0,0,0
1609,29,448,1160,1.000000,1.000000,1.000000,1.000000,0,0,0,0
1610,27,448,1161,1.000000,1.000000,1.000000,1.000000,0,0,0,0
1611,25,448,1162,1.000000,1.000000,1.000000,1.000000,0,0,0,0
1612,23,448,1163,1.000000,1.000000,1.000000,1.000000,0,0,0,0
1613,21,448,1164,1.000000,1.000000,1.000000,1.000000,0,0,0,0
1614,19,448,1165,1.000000,1.000000,1.000000,1.000000,0,0,0,0
1615,17,448,1166,1.000000,1.000000,1.000000,1.000000,0,0,0,0
1616,15,448,1167,1.000000,1.000000,1.000000,1.000000,0,0,1,0
1617,13,448,1168,1.000000,1.000000,1.000000,1.000000,0,0,0,0
1618,29,449,1168,1.000000,1.000000,1.000000,1.000000,0,0,0,0
1619,27,449,1169,1.000000,1.000000,1.000000,1.000000,1,0,0,0
1620,25,449,1170,1.000000,1.000000,1.000000,1.000000,0,0,0,0
1621,29,450,1170,1.000000,1.000000,1.000000,1.000000,0,1,0,0
1622,27,450,1171,1.000000,1.000000,1.000000,1.000000,0,0,0,0
1623,29,451,1171,1.000000,1.000000,1.000000,1.000000,1,0,0,0
1624,27,451,1172,1.000000,1.000000,1.000000,1.000000,0,0,0,0
1625,25,451,1173,1.000000,1.000000,1.000000,1.000000,1,0,0,0
1626,23,451,1174,1.000000,1.000000,1.000000,1.000000,0,0,0,0
1627,29,452,1174,1.000000,1.000000,1.000000,1.000000,0,0,0,0
1628,27,452,1175,1.000000,1.000000,1.000000,1.000000,0,0,0,0
1629,25,452,1176,1.000000,1.000000,1.000000,1.000000,0,0,0,0
1630,23,452,1177,1.000000,1.000000,1.000000,1.000000,1,0,0,0
1631,21,452,1178,1.000000,1.000000,1.000000,1.000000,0,0,0,0
1632,29,453,1178,1.000000,1.000000,1.000000,1.000000,0,0,0,0
1633,27,453,1179,1.000000,1.000000,1.000000,1.000000,0,0,0,0
1634,25,453,1180,1.000000,1.000000,1.000000,1.000000,1,0,0,0
1635,23,453,1181,1.000000,1.000000,1.000000,1.000000,0,1,0,0
1636,29,454,1181,1.000000,1.000000,1.000000,1.000000,0,1,0,0
1637,27,454,1182,1.000000,1.000000,1.000000,1.000000,1,1,0,0
1638,29,455,1182,1.000000,1.000000,1.000000,1.000000,1,1,0,0
1639,27,455,1183,1.000000,1.000000,1.000000,1.000000,0,1,0,0
1640,29,456,1183,1.000000,1.000000,1.000000,1.000000,0,1,0,0
1641,27,456,1184,1.000000,1.000000,1.000000,1.000000,0,1,1,0
1642,29,457,1184,1.000000,1.000000,1.000000,1.000000,0,1,1,0
1643,27,457,1185,1.000000,1.000000,1.000000,1.000000,0,0,0,0
1644,29,458,1185,1.000000,1.000000,1.000000,1.000000,0,0,0,0
1645,27,458,1186,1.000000,1.000000,1.000000,1.000000,1,1,0,0
1646,25,458,1187,1.000000,1.000000,1.000000,1.000000,1,0,0,0
1647,29,459,1187,1.000000,1.000000,1.000000,1.000000,1,0,0,0
1648,27,459,1188,1.000000,1.000000,1.000000,1.000000,0,0,0,1
1649,25,459,1189,1.000000,1.000000,1.000000,1.000000,0,1,0,0
1650,29,460,1189,1.000000,1.000000,1.000000,1.000000,0,1,0,0
1651,27,460,1190,1.000000,1.000000,1.000000,1.000000,0,0,0,0
1652,29,461,1190,1.000000,1.000000,1.000000,1.000000,0,0,0,0
1653,27,461,1191,1.000000,1.000000,1.000000,1.000000,0,0,0,0
1654,25,461,1192,1.000000,1.000000,1.000000,1.000000,0,0,0,0
1655,23,461,1193,1.000000,1.000000,1.000000,1.000000,0,0,0,0
1656,21,461,1194,1.000000,1.000000,1.000000,1.000000,0,0,0,0
1657,19,461,1195,1.000000,1.000000,1.000000,1.000000,0,0,0,0
1658,17,461,1196,1.000000,1.000000,1.000000,1.000000,0,0,0,0
1659,15,461,1197,1.000000,1.000000,1.000000,1.000000,1,0,0,1
1660,13,461,1198,1.000000,1.000000,1.000000,1.000000,0,0,0,0
1661,29,462,1198,1.000000,1.000000,1.000000,1.000000,0,0,0,0
1662,27,462,1199,1.000000,1.000000,1.000000,1.000000,0,1,0,0
1663,25,462,1200,1.000000,1.000000,1.000000,1.000000,1,0,0,0
1664,29,463,1200,1.000000,1.000000,1.000000,1.000000,1,0,0,0
1665,27,463,1201,1.000000,1.000000,1.000000,1.000000,0,1,0,0
1666,29,464,1201,1.000000,1.000000,1.000000,1.000000,0,1,0,0
1667,27,464,1202,1.000000,1.000000,1.000000,1.000000,0,0,0,0
1668,29,465,1202,1.000000,1.000000,1.000000,1.000000,0,0,0,0
1669,27,465,1203,1.000000,1.000000,1.000000,1.000000,0,0,0,0
1670,25,465,1204,1.000000,1.000000,1.000000,1.000000,0,1,0,0
1671,23,465,1205,1.000000,1.000000,1.000000,1.000000,1,0,0,0
1672,21,465,1206,1.000000,1.000000,1.000000,1.000000,0,1,1,0
1673,29,466,1206,1.000000,1.000000,1.000000,1.000000,0,1,1,0
1674,27,466,1207,1.000000,1.000000,1.000000,1.000000,0,0,0,0
1675,29,467,1207,1.000000,1.000000,1.000000,1.000000,0,0,0,0
1676,27,467,1208,1.000000,1.000000,1.000000,1.000000,0,0,0,0
1677,25,467,1209,1.000000,1.000000,1.000000,1.000000,0,0,0,0
1678,23,467,1210,1.000000,1.000000,1.000000,1.000000,0,1,0,0
1679,21,467,1211,1.000000,1.000000,1.000000,1.000000,0,0,0,0
1680,29,468,1211,1.000000,1.000000,1.000000,1.000000,0,0,0,0
1681,27,468,1212,1.000000,1.000000,1.000000,1.000000,0,1,0,0
1682,25,468,1213,1.000000,1.000000,1.000000,1.000000,0,0,0,0
1683,29,469,1213,1.000000,1.000000,1.000000,1.000000,0,0,0,0
1684,27,469,1214,1.000000,1.000000,1.000000,1.000000,0,1,0,0
1685,25,469,1215,1.000000,1.000000,1.000000,1.000000,0,0,0,0
1686,29,470,1215,1.000000,1.000000,1.000000,1.000000,0,0,0,0
1687,27,470,1216,1.000000,1.000000,1.000000,1.000000,0,0,1,0
1688,25,470,1217,1.000000,1.000000,1.000000,1.000000,0,1,0,0
1689,29,471,1217,1.000000,1.000000,1.000000,1.000000,0,1,0,0
1690,27,471,1218,1.000000,1.000000,1.000000,1.000000,0,0,0,0
1691,29,472,1218,1.000000,1.000000,1.000000,1.000000,0,0,0,0
1692,27,472,1219,1.000000,1.000000,1.000000,1.000000,1,1,0,0
1693,25,472,1220,1.000000,1.000000,1.000000,1.000000,0,0,1,0
1694,29,473,1220,1.000000,1.000000,1.000000,1.000000,0,0,1,0
1695,27,473,1221,1.000000,1.000000,1.000000,1.000000,0,0,0,0
1696,29,474,1221,1.000000,1.000000,1.000000,1.000000,0,0,0,0
1697,27,474,1222,1.000000,1.000000,1.000000,1.000000,0,0,1,0
1698,25,474,1223,1.000000,1.000000,1.000000,1.000000,0,0,1,0
1699,29,475,1223,1.000000,1.000000,1.000000,1.000000,0,0,1,0
1700,27,475,1224,1.000000,1.000000,1.000000,1.000000,0,1,1,0
1701,29,476,1224,1.000000,1.000000,1.000000,1.000000,0,1,1,0
1702,27,476,1225,1.000000,1.000000,1.000000,1.000000,0,0,0,1
1703,29,477,1225,1.000000,1.000000,1.000000,1.000000,0,0,0,1
1704,27,477,1226,1.000000,1.000000,1.000000,1.000000,0,0,1,0
1705,29,478,1226,1.000000,1.000000,1.000000,1.000000,0,0,1,0
1706,27,478,1227,1.000000,1.000000,1.000000,1.000000,0,0,1,1
1707,29,479,1227,1.000000,1.000000,1.000000,1.000000,0,0,1,1
1708,27,479,1228,1.000000,1.000000,1.000000,1.000000,0,0,0,0
1709,29,480,1228,1.000000,1.000000,1.000000,1.000000,0,0,0,0
1710,27,480,1229,1.000000,1.000000,1.000000,1.000000,0,0,1,0
1711,25,480,1230,1.000000,1.000000,1.000000,1.000000,0,0,0,0
1712,29,481,1230,1.000000,1.000000,1.000000,1.000000,0,0,0,0
1713,27,481,1231,1.000000,1.000000,1.000000,1.000000,0,0,0,0
1714,25,481,1232,1.000000,1.000000,1.000000,1.000000,0,0,0,0
1715,23,481,1233,1.000000,1.000000,1.000000,1.000000,0,0,1,0
1716,21,481,1234,1.000000,1.000000,1.000000,1.000000,0,0,0,0
1717,19,481,1235,1.000000,1.000000,1.000000,1.000000,0,0,1,0
1718,17,481,1236,1.000000,1.000000,1.000000,1.000000,0,0,1,0
1719,29,482,1236,1.000000,1.000000,1.000000,1.000000,0,0,1,0
1720,27,482,1237,1.000000,1.000000,1.000000,1.000000,0,0,0,0
1721,29,483,1237,1.000000,1.000000,1.000000,1.000000,0,0,0,0
1722,27,483,1238,1.000000,1.000000,1.000000,1.000000,0,0,1,0
1723,25,483,1239,1.000000,1.000000,1.000000,1.000000,0,0,0,0
1724,29,484,1239,1.000000,1.000000,1.000000,1.000000,0,0,0,0
1725,27,484,1240,1.000000,1.000000,1.000000,1.000000,0,0,0,0
1726,25,484,1241,1.000000,1.000000,1.000000,1.000000,0,0,0,0
1727,23,484,1242,1.000000,1.000000,1.000000,1.000000,0,0,0,0
1728,21,484,1243,1.000000,1.000000,1.000000,1.000000,0,0,0,0
1729,19,484,1244,1.000000,1.000000,1.000000,1.000000,0,0,0,0
1730,17,484,1245,1.000000,1.000000,1.000000,1.000000,0,0,0,0
1731,15,484,1246,1.000000,1.000000,1.000000,1.000000,0,0,1,0
1732,13,484,1247,1.000000,1.000000,1.000000,1.000000,0,0,0,0
1733,11,484,1248,1.000000,1.000000,1.000000,1.000000,0,0,0,1
1734,9,484,1249,1.000000,1.000000,1.000000,1.000000,0,0,0,0
1735,29,485,1249,1.000000,1.000000,1.000000,1.000000,0,0,0,0
1736,27,485,1250,1.000000,1.000000,1.000000,1.000000,0,0,0,0
1737,25,485,1251,1.000000,1.000000,1.000000,1.000000,0,0,0,0
1738,23,485,1252,1.000000,1.000000,1.000000,1.000000,0,0,1,0
1739,21,485,1253,1.000000,1.000000,1.000000,1.000000,0,0,1,0
1740,29,486,1253,1.000000,1.000000,1.000000,1.000000,0,0,1,0
1741,27,486,1254,1.000000,1.000000,1.000000,1.000000,0,0,0,0
1742,29,487,1254,1.000000,1.000000,1.000000,1.000000,0,0,0,0
1743,27,487,1255,1.000000,1.000000,1.000000,1.000000,0,0,0,0
1744,25,487,1256,1.000000,1.000000,1.000000,1.000000,0,0,0,0
1745,23,487,1257,1.000000,1.000000,1.000000,1.000000,0,0,0,0
1746,21,487,1258,1.000000,1.000000,1.000000,1.000000,0,0,0,0
1747,19,487,1259,1.000000,1.000000,1.000000,1.000000,0,0,0,0
1748,17,487,1260,1.000000,1.000000,1.000000,1.000000,0,0,0,1
1749,15,487,1261,1.000000,1.000000,1.000000,1.000000,0,0,0,0
1750,29,488,1261,1.000000,1.000000,1.000000,1.000000,0,0,0,0
1751,27,488,1262,1.000000,1.000000,1.000000,1.000000,0,0,0,0
1752,25,488,1263,1.000000,1.000000,1.000000,1.000000,0,0,0,0
1753,23,488,1264,1.000000,1.000000,1.000000,1.000000,0,0,0,0
1754,21,488,1265,1.000000,1.000000,1.000000,1.000000,0,0,0,0
1755,19,488,1266,1.000000,1.000000,1.000000,1.000000,1,0,1,0
1756,17,488,1267,1.000000,1.000000,1.000000,1.000000,0,0,0,0
1757,29,489,1267,1.000000,1.000000,1.000000,1.000000,0,0,0,0
1758,27,489,1268,1.000000,1.000000,1.000000,1.000000,0,0,1,0
1759,25,489,1269,1.000000,1.000000,1.000000,1.000000,0,0,0,0
1760,29,490,1269,1.000000,1.000000,1.000000,1.000000,0,0,0,0
1761,27,490,1270,1.000000,1.000000,1.000000,1.000000,0,0,0,0
1762,25,490,1271,1.000000,1.000000,1.000000,1.000000,0,0,0,0
1763,23,490,1272,1.000000,1.000000,1.000000,1.000000,0,0,0,0
1764,21,490,1273,1.000000,1.000000,1.000000,1.000000,0,0,0,0
1765,19,490,1274,1.000000,1.000000,1.000000,1.000000,0,0,0,0
1766,17,490,1275,1.000000,1.000000,1.000000,1.000000,0,1,0,0
1767,15,490,1276,1.000000,1.000000,1.000000,1.000000,1,0,0,0
1768,29,491,1276,1.000000,1.000000,1.000000,1.000000,1,0,0,0
1769,27,491,1277,1.000000,1.000000,1.000000,1.000000,0,0,0,0
1770,29,492,1277,1.000000,1.000000,1.000000,1.000000,0,0,0,0
1771,27,492,1278,1.000000,1.000000,1.000000,1.000000,0,0,0,0
1772,25,492,1279,1.000000,1.000000,1.000000,1.000000,0,0,0,0
1773,23,492,1280,1.000000,1.000000,1.000000,1.000000,0,0,1,0
1774,21,492,1281,1.000000,1.000000,1.000000,1.000000,0,0,1,0
1775,19,492,1282,1.000000,1.000000,1.000000,1.000000,1,0,0,0
1776,29,493,1282,1.000000,1.000000,1.000000,1.000000,1,0,0,0
1777,27,493,1283,1.000000,1.000000,1.000000,1.000000,0,0,0,0
1778,29,494,1283,1.000000,1.000000,1.000000,1.000000,0,0,0,0
1779,27,494,1284,1.000000,1.000000,1.000000,1.000000,0,0,0,0
1780,25,494,1285,1.000000,1.000000,1.000000,1.000000,0,0,0,0
1781,23,494,1286,1.000000,1.000000,1.000000,1.000000,0,0,0,0
1782,21,494,1287,1.000000,1.000000,1.000000,1.000000,0,0,0,0
1783,19,494,1288,1.000000,1.000000,1.000000,1.000000,0,0,0,0
1784,17,494,1289,1.000000,1.000000,1.000000,1.000000,0,0,0,1
1785,15,494,1290,1.000000,1.000000,1.000000,1.000000,1,0,0,0
1786,29,495,1290,1.000000,1.000000,1.000000,1.000000,1,0,0,0
1787,27,495,1291,1.000000,1.000000,1.000000,1.000000,0,0,0,0
1788,29,496,1291,1.000000,1.000000,1.000000,1.000000,0,0,0,0
1789,27,496,1292,1.000000,1.000000,1.000000,1.000000,0,0,0,1
1790,25,496,1293,1.000000,1.000000,1.000000,1.000000,0,0,0,0
1791,29,497,1293,1.000000,1.000000,1.000000,1.000000,0,0,0,0
1792,27,497,1294,1.000000,1.000000,1.000000,1.000000,0,0,0,0
1793,25,497,1295,1.000000,1.000000,1.000000,1.000000,0,0,0,0
1794,23,497,1296,1.000000,1.000000,1.000000,1.000000,0,0,0,0
1795,21,497,1297,1.000000,1.000000,1.000000,1.000000,0,0,0,0
1796,19,497,1298,1.000000,1.000000,1.000000,1.000000,0,0,0,0
1797,17,497,1299,1.000000,1.000000,1.000000,1.000000,0,0,0,0
1798,15,497,1300,1.000000,1.000000,1.000000,1.000000,0,0,0,0
1799,13,497,1301,1.000000,1.000000,1.000000,1.000000,0,0,0,0
1800,11,497,1302,1.000000,1.000000,1.000000,1.000000,0,0,0,0
1801,29,498,1302,1.000000,1.000000,1.000000,1.000000,0,0,0,0
1802,27,498,1303,1.000000,1.000000,1.000000,1.000000,0,0,0,0
1803,25,498,1304,1.000000,1.000000,1.000000,1.000000,0,0,0,0
1804,23,498,1305,1.000000,1.000000,1.000000,1.000000,0,0,1,0
1805,21,498,1306,1.000000,1.000000,1.000000,1.000000,0,0,0,0
1806,29,499,1306,1.000000,1.000000,1.000000,1.000000,0,0,0,0
1807,27,499,1307,1.000000,1.000000,1.000000,1.000000,0,0,0,0
1808,25,499,1308,1.000000,1.000000,1.000000,1.000000,0,0,0,0
1809,23,499,1309,1.000000,1.000000,1.000000,1.000000,0,0,0,1
1810,21,499,1310,1.000000,1.000000,1.000000,1.000000,0,0,1,0
1811,29,500,1310,1.000000,1.000000,1.000000,1.000000,0,0,1,0
1812,27,500,1311,1.000000,1.000000,1.000000,1.000000,0,0,0,0
1813,29,501,1311,1.000000,1.000000,1.000000,1.000000,0,0,0,0
1814,27,501,1312,1.000000,1.000000,1.000000,1.000000,0,1,0,0
1815,25,501,1313,1.000000,1.000000,1.000000,1.000000,0,0,0,0
1816,29,502,1313,1.000000,1.000000,1.000000,1.000000,0,0,0,0
1817,27,502,1314,1.000000,1.000000,1.000000,1.000000,0,0,0,0
1818,25,502,1315,1.000000,1.000000,1.000000,1.000000,0,0,0,0
1819,23,502,1316,1.000000,1.000000,1.000000,1.000000,0,0,0,0
1820,21,502,1317,1.000000,1.000000,1.000000,1.000000,0,1,0,0
1821,19,502,1318,1.000000,1.000000,1.000000,1.000000,0,0,0,0
1822,29,503,1318,1.000000,1.000000,1.000000,1.000000,0,0,0,0
1823,27,503,1319,1.000000,1.000000,1.000000,1.000000,0,0,0,0
1824,25,503,1320,1.000000,1.000000,1.000000,1.000000,0,0,0,0
1825,23,503,1321,1.000000,1.000000,1.000000,1.000000,0,0,1,0
1826,21,503,1322,1.000000,1.000000,1.000000,1.000000,0,0,0,0
1827,29,504,1322,1.000000,1.000000,1.000000,1.000000,0,0,1,0
1828,27,504,1323,1.000000,1.000000,1.000000,1.000000,0,0,0,0
1829,29,505,1323,1.000000,1.000000,1.000000,1.000000,0,0,0,0
1830,27,505,1324,1.000000,1.000000,1.000000,1.000000,0,1,0,0
1831,25,505,1325,1.000000,1.000000,1.000000,1.000000,0,0,0,0
1832,29,506,1325,1.000000,1.000000,1.000000,1.000000,0,0,0,0
1833,27,506,1326,1.000000,1.000000,1.000000,1.000000,0,0,0,0
1834,25,506,1327,1.000000,1.000000,1.000000,1.000000,0,0,0,0
1835,23,506,1328,1.000000,1.000000,1.000000,1.000000,0,0,0,0
1836,21,506,1329,1.000000,1.000000,1.000000,1.000000,0,0,0,0
1837,19,506,1330,1.000000,1.000000,1.000000,1.000000,0,0,0,0
1838,17,506,1331,1.000000,1.000000,1.000000,1.000000,1,0,0,0
1839,15,506,1332,1.000000,1.000000,1.000000,1.000000,0,0,0,0
1840,29,507,1332,1.000000,1.000000,1.000000,1.000000,0,0,0,0
1841,27,507,1333,1.000000,1.000000,1.000000,1.000000,0,0,0,0
1842,25,507,1334,1.000000,1.000000,1.000000,1.000000,0,0,0,0
1843,23,507,1335,1.000000,1.000000,1.000000,1.000000,0,0,0,0
1844,21,507,1336,1.000000,1.000000,1.000000,1.000000,0,0,0,0
1845,19,507,1337,1.000000,1.000000,1.000000,1.000000,0,0,0,0
1846,17,507,1338,1.000000,1.000000,1.000000,1.000000,0,0,0,0
1847,15,507,1339,1.000000,1.000000,1.000000,1.000000,0,0,1,0
1848,13,507,1340,1.000000,1.000000,1.000000,1.000000,0,0,1,0
1849,29,508,1340,1.000000,1.000000,1.000000,1.000000,0,0,1,0
1850,27,508,1341,1.000000,1.000000,1.000000,1.000000,0,0,0,0
1851,29,509,1341,1.000000,1.000000,1.000000,1.000000,0,0,0,0
1852,27,509,1342,1.000000,1.000000,1.000000,1.000000,0,1,0,0
1853,25,509,1343,1.000000,1.000000,1.000000,1.000000,0,0,0,0
1854,29,510,1343,1.000000,1.000000,1.000000,1.000000,0,0,0,0
1855,27,510,1344,1.000000,1.000000,1.000000,1.000000,0,0,0,0
1856,25,510,1345,1.000000,1.000000,1.000000,1.000000,0,0,0,0
1857,23,510,1346,1.000000,1.000000,1.000000,1.000000,0,0,0,0
1858,21,510,1347,1.000000,1.000000,1.000000,1.000000,0,0,0,0
1859,19,510,1348,1.000000,1.000000,1.000000,1.000000,0,0,0,0
1860,17,510,1349,1.000000,1.000000,1.000000,1.000000,0,0,0,0
1861,15,510,1350,1.000000,1.000000,1.000000,1.000000,0,0,0,0
1862,13,510,1351,1.000000,1.000000,1.000000,1.000000,0,0,0,0
1863,11,510,1352,1.000000,1.000000,1.000000,1.000000,0,0,0,0
1864,9,510,1353,1.000000,1.000000,1.000000,1.000000,1,0,0,1
1865,7,510,1354,1.000000,1.000000,1.000000,1.000000,0,0,0,0
1866,29,511,1354,1.000000,1.000000,1.000000,1.000000,0,0,0,0
1867,27,511,1355,1.000000,1.000000,1.000000,1.000000,0,0,0,0
1868,25,511,1356,1.000000,1.000000,1.000000,1.000000,0,0,0,0
1869,23,511,1357,1.000000,1.000000,1.000000,1.000000,0,0,0,0
1870,21,511,1358,1.000000,1.000000,1.000000,1.000000,0,0,0,0
1871,19,511,1359,1.000000,1.000000,1.000000,1.000000,0,0,0,0
1872,17,511,1360,1.000000,1.000000,1.000000,1.000000,0,0,0,0
1873,15,511,1361,1.000000,1.000000,1.000000,1.000000,0,0,0,0
1874,13,511,1362,1.000000,1.000000,1.000000,1.000000,0,0,0,0
1875,11,511,1363,1.000000,1.000000,1.000000,1.000000,0,0,0,1
1876,9,511,1364,1.000000,1.000000,1.000000,1.000000,0,0,1,0
1877,29,512,1364,1.000000,1.000000,1.000000,1.000000,0,0,1,0
1878,27,512,1365,1.000000,1.000000,1.000000,1.000000,0,0,0,0
1879,29,513,1365,1.000000,1.000000,1.000000,1.000000,0,0,0,0
1880,27,513,1366,1.000000,1.000000,1.000000,1.000000,0,0,1,0
1881,25,513,1367,1.000000,1.000000,1.000000,1.000000,0,0,0,0
1882,29,514,1367,1.000000,1.000000,1.000000,1.000000,0,0,0,0
1883,27,514,1368,1.000000,1.000000,1.000000,1.000000,0,0,0,0
1884,25,514,1369,1.000000,1.000000,1.000000,1.000000,0,0,0,0
1885,23,514,1370,1.000000,1.000000,1.000000,1.000000,0,0,0,0
1886,21,514,1371,1.000000,1.000000,1.000000,1.000000,0,0,0,0
1887,19,514,1372,1.000000,1.000000,1.000000,1.000000,0,0,0,0
1888,17,514,1373,1.000000,1.000000,1.000000,1.000000,0,0,0,0
1889,15,514,1374,1.000000,1.000000,1.000000,1.000000,0,0,0,0
1890,13,514,1375,1.000000,1.000000,1.000000,1.000000,0,0,0,0
1891,11,514,1376,1.000000,1.000000,1.000000,1.000000,0,0,0,0
1892,9,514,1377,1.000000,1.000000,1.000000,1.000000,0,0,0,0
1893,7,514,1378,1.000000,1.000000,1.000000,1.000000,0,0,0,0
1894,5,514,1379,1.000000,1.000000,1.000000,1.000000,0,0,0,0
1895,3,514,1380,1.000000,1.000000,1.000000,1.000000,0,0,1,0
1896,1,514,1381,1.000000,1.000000,1.000000,1.000000,0,0,0,0
1897,29,515,1381,1.000000,1.000000,1.000000,1.000000,0,0,0,0
1898,27,515,1382,1.000000,1.000000,1.000000,1.000000,0,1,0,0
1899,25,515,1383,1.000000,1.000000,1.000000,1.000000,0,0,0,0
1900,29,516,1383,1.000000,1.000000,1.000000,1.000000,0,0,0,0
1901,27,516,1384,1.000000,1.000000,1.000000,1.000000,0,0,0,0
1902,25,516,1385,1.000000,1.000000,1.000000,1.000000,1,0,0,0
1903,23,516,1386,1.000000,1.000000,1.000000,1.000000,0,0,0,0
1904,29,517,1386,1.000000,1.000000,1.000000,1.000000,0,0,0,0
1905,27,517,1387,1.000000,1.000000,1.000000,1.000000,0,0,0,0
1906,25,517,1388,1.000000,1.000000,1.000000,1.000000,0,0,0,0
1907,23,517,1389,1.000000,1.000000,1.000000,1.000000,0,0,0,0
1908,21,517,1390,1.000000,1.000000,1.000000,1.000000,0,0,0,0
1909,19,517,1391,1.000000,1.000000,1.000000,1.000000,0,0,0,0
1910,17,517,1392,1.000000,1.000000,1.000000,1.000000,0,0,0,0
1911,15,517,1393,1.000000,1.000000,1.000000,1.000000,0,0,0,0
1912,13,517,1394,1.000000,1.000000,1.000000,1.000000,0,0,0,0
1913,11,517,1395,1.000000,1.000000,1.000000,1.000000,0,0,0,0
1914,9,517,1396,1.000000,1.000000,1.000000,1.000000,0,0,0,0
1915,7,517,1397,1.000000,1.000000,1.000000,1.000000,0,0,0,0
1916,5,517,1398,1.000000,1.000000,1.000000,1.000000,0,0,1,0
1917,3,517,1399,1.000000,1.000000,1.000000,1.000000,0,0,0,0
1918,29,518,1399,1.000000,1.000000,1.000000,1.000000,0,0,0,0
1919,27,518,1400,1.000000,1.000000,1.000000,1.000000,0,0,0,0
1920,25,518,1401,1.000000,1.000000,1.000000,1.000000,0,1,0,0
1921,23,518,1402,1.000000,1.000000,1.000000,1.000000,0,0,0,0
1922,29,519,1402,1.000000,1.000000,1.000000,1.000000,0,0,0,0
1923,27,519,1403,1.000000,1.000000,1.000000,1.000000,0,0,0,0
1924,25,519,1404,1.000000,1.000000,1.000000,1.000000,0,0,0,0
1925,23,519,1405,1.000000,1.000000,1.000000,1.000000,0,0,0,0
1926,21,519,1406,1.000000,1.000000,1.000000,1.000000,0,0,0,0
1927,19,519,1407,1.000000,1.000000,1.000000,1.000000,0,0,0,0
1928,17,519,1408,1.000000,1.000000,1.000000,1.000000,0,0,0,0
1929,15,519,1409,1.000000,1.000000,1.000000,1.000000,0,0,0,0
1930,13,519,1410,1.000000,1.000000,1.000000,1.000000,0,0,0,0
1931,11,519,1411,1.000000,1.000000,1.000000,1.000000,0,0,0,0
1932,9,519,1412,1.000000,1.000000,1.000000,1.000000,0,0,0,0
1933,7,519,1413,1.000000,1.000000,1.000000,1.000000,0,0,0,0
1934,5,519,1414,1.000000,1.000000,1.000000,1.000000,0,0,0,0
1935,3,519,1415,1.000000,1.000000,1.000000,1.000000,0,0,0,0
1936,1,519,1416,1.000000,1.000000,1.000000,1.000000,0,0,0,0
1937,0,519,1417,1.000000,1.000000,1.000000,1.000000,0,0,0,0
