tick,energy,eats,distance,conn_1_6_weight,conn_2_7_weight,conn_3_8_weight,conn_4_9_weight,food_north_sensed,food_east_sensed,food_south_sensed,food_west_sensed
0,30,0,0,0.050000,0.050000,0.050000,0.050000,0,0,0,0
1,29,0,0,0.050000,0.050000,0.046548,0.057589,0,0,0,1
2,27,0,1,0.050000,0.050000,0.046326,0.058132,0,0,0,0
3,25,0,2,0.045885,0.059232,0.046326,0.058132,0,1,0,0
4,23,0,3,0.045666,0.059789,0.046326,0.058132,0,0,0,0
5,21,0,4,0.045666,0.056765,0.051411,0.058132,0,0,1,0
6,19,0,5,0.045666,0.056497,0.051899,0.058132,0,0,0,0
7,17,0,6,0.042704,0.064403,0.051899,0.058132,0,1,0,0
8,15,0,7,0.042500,0.065006,0.051899,0.058132,0,0,0,0
9,13,0,8,0.039926,0.073330,0.051899,0.058132,0,1,0,0
10,11,0,9,0.039735,0.074010,0.051899,0.058132,0,0,0,0
11,9,0,10,0.048525,0.074010,0.051899,0.052631,1,0,0,0
12,7,0,11,0.048986,0.074010,0.048093,0.060877,0,0,0,1
13,5,0,12,0.059697,0.074010,0.047864,0.055652,1,0,0,0
14,4,0,12,0.073246,0.074010,0.047864,0.050134,1,0,0,0
15,2,0,13,0.073925,0.074010,0.047864,0.049896,0,0,0,0
16,29,1,13,0.073925,0.074010,0.047864,0.049896,0,0,0,0
17,27,1,14,0.089579,0.074010,0.043290,0.055103,1,0,0,1
18,26,1,14,0.109130,0.074010,0.038946,0.061105,1,0,0,1
19,24,1,15,0.110102,0.070320,0.043051,0.061392,0,0,1,0
20,29,2,15,0.110102,0.065256,0.050112,0.061392,0,0,1,0
21,27,2,16,0.128938,0.064951,0.050588,0.056395,1,0,0,0
22,25,2,17,0.130061,0.064951,0.045766,0.068291,0,0,0,1
23,23,2,18,0.130061,0.064951,0.045548,0.068927,0,0,0,0
24,21,2,19,0.130061,0.064951,0.042186,0.079881,0,0,0,1
25,19,2,20,0.130061,0.064951,0.041984,0.080616,0,0,0,0
26,17,2,21,0.130061,0.064951,0.041984,0.080616,0,0,0,0
27,15,2,22,0.121259,0.075323,0.041984,0.080616,0,1,0,0
28,13,2,23,0.114997,0.084080,0.041984,0.080616,0,1,0,0
29,29,3,23,0.108534,0.094603,0.041984,0.080616,0,1,0,0
30,27,3,24,0.108050,0.095459,0.041984,0.080616,0,0,0,0
31,25,3,25,0.098321,0.115112,0.041984,0.080616,0,1,0,0
32,24,3,25,0.092696,0.128976,0.041984,0.080616,0,1,0,0
33,22,3,26,0.092275,0.130100,0.041984,0.080616,0,0,0,0
34,20,3,27,0.092275,0.123446,0.047061,0.080616,0,0,1,0
35,18,3,28,0.092275,0.122905,0.047509,0.080616,0,0,0,0
36,16,3,29,0.092275,0.114016,0.055782,0.080616,0,0,1,0
37,14,3,30,0.092275,0.113511,0.056308,0.080616,0,0,0,0
38,12,3,31,0.092275,0.113511,0.056308,0.080616,0,0,0,0
39,10,3,32,0.105574,0.113511,0.056308,0.075218,1,0,0,0
40,8,3,33,0.106519,0.113511,0.056308,0.074870,0,0,0,0
41,29,4,33,0.106519,0.113511,0.056308,0.074870,0,0,0,0
42,27,4,34,0.106519,0.113511,0.056308,0.074870,0,0,0,0
43,25,4,35,0.106519,0.113511,0.050971,0.090706,0,0,0,1
44,23,4,36,0.106519,0.113511,0.050729,0.091530,0,0,0,0
45,21,4,37,0.106519,0.113511,0.048139,0.101057,0,0,0,1
46,19,4,38,0.128129,0.113511,0.043331,0.111970,1,0,0,1
47,17,4,39,0.129246,0.113511,0.040906,0.123878,0,0,0,1
48,15,4,40,0.154675,0.113511,0.036793,0.136882,1,0,0,1
49,13,4,41,0.155983,0.108082,0.040680,0.137472,0,0,1,0
50,29,5,41,0.155983,0.102422,0.045606,0.137472,0,0,1,0
51,27,5,42,0.148866,0.112442,0.046042,0.137472,0,1,0,0
52,25,5,43,0.176646,0.113440,0.046042,0.125468,1,0,0,0
53,23,5,44,0.163222,0.136242,0.046042,0.124919,0,1,0,0
54,22,5,44,0.155179,0.150935,0.046042,0.124919,0,1,0,0
55,20,5,45,0.154523,0.152216,0.046042,0.124919,0,0,0,0
56,18,5,46,0.154523,0.145242,0.051098,0.124919,0,0,1,0
57,16,5,47,0.154523,0.144621,0.051582,0.124919,0,0,0,0
58,14,5,48,0.183885,0.144621,0.051582,0.113866,1,0,0,0
59,12,5,49,0.185385,0.144621,0.051582,0.113361,0,0,0,0
60,10,5,50,0.185385,0.144621,0.048027,0.129271,0,0,0,1
61,8,5,51,0.219103,0.144621,0.047798,0.118924,1,0,0,0
62,6,5,52,0.220814,0.133241,0.057182,0.118400,0,0,1,0
63,4,5,53,0.220814,0.132664,0.057721,0.118400,0,0,0,0
64,29,6,53,0.220814,0.132664,0.057721,0.118400,0,0,0,0
65,27,6,54,0.203253,0.158644,0.052257,0.142041,0,1,0,1
66,25,6,55,0.202444,0.159979,0.047058,0.170909,0,0,0,1
67,23,6,56,0.202444,0.152066,0.052465,0.172326,0,0,1,0
68,21,6,57,0.202444,0.151421,0.049082,0.196276,0,0,0,1
69,19,6,58,0.220732,0.151421,0.048848,0.189257,1,0,0,0
70,17,6,59,0.222452,0.151421,0.045039,0.215792,0,0,0,1
71,15,6,60,0.204796,0.180318,0.040528,0.255224,0,1,0,1
72,13,6,61,0.203982,0.181796,0.036451,0.299133,0,0,0,1
73,11,6,62,0.232889,0.181796,0.036275,0.283627,1,0,0,0
74,9,6,63,0.234675,0.181796,0.036275,0.282611,0,0,0,0
75,7,6,64,0.217170,0.213353,0.036275,0.282611,0,1,0,0
76,5,6,65,0.207129,0.234125,0.036275,0.282611,0,1,0,0
77,29,7,65,0.195852,0.260087,0.036275,0.282611,0,1,0,0
78,27,7,66,0.195064,0.262011,0.036275,0.282611,0,0,0,0
79,25,7,67,0.195064,0.242197,0.044335,0.282611,0,0,1,0
80,23,7,68,0.195064,0.241279,0.044759,0.282611,0,0,0,0
81,21,7,69,0.195064,0.226043,0.052579,0.282611,0,0,1,0
82,19,7,70,0.195064,0.225168,0.053077,0.282611,0,0,0,0
83,17,7,71,0.195064,0.225168,0.053077,0.282611,0,0,0,0
84,15,7,72,0.230049,0.225168,0.053077,0.261794,1,0,0,0
85,13,7,73,0.231820,0.225168,0.053077,0.260828,0,0,0,0
86,11,7,74,0.255708,0.225168,0.053077,0.248477,1,0,0,0
87,9,7,75,0.257612,0.225168,0.053077,0.247544,0,0,0,0
88,29,8,75,0.257612,0.225168,0.053077,0.247544,0,0,0,0
89,27,8,76,0.257612,0.225168,0.053077,0.247544,0,0,0,0
90,25,8,77,0.257612,0.225168,0.053077,0.247544,0,0,0,0
91,23,8,78,0.257612,0.225168,0.053077,0.247544,0,0,0,0
92,21,8,79,0.257612,0.225168,0.053077,0.247544,0,0,0,0
93,19,8,80,0.257612,0.225168,0.053077,0.247544,0,0,0,0
94,17,8,81,0.257612,0.225168,0.049659,0.274464,0,0,0,1
95,15,8,82,0.287254,0.225168,0.049423,0.261691,1,0,0,0
96,13,8,83,0.289301,0.225168,0.045354,0.296796,0,0,0,1
97,11,8,84,0.311335,0.263795,0.045137,0.277332,1,1,0,0
98,9,8,85,0.312407,0.265737,0.045137,0.276330,0,0,0,0
99,29,9,85,0.312407,0.265737,0.045137,0.276330,0,0,0,0
100,27,9,86,0.312407,0.265737,0.045137,0.276330,0,0,0,0
101,25,9,87,0.312407,0.265737,0.045137,0.276330,0,0,0,0
102,23,9,88,0.312407,0.251346,0.052028,0.276330,0,0,1,0
103,21,9,89,0.312407,0.250405,0.052522,0.276330,0,0,0,0
104,29,10,89,0.312407,0.250405,0.052522,0.276330,0,0,0,0
105,27,10,90,0.312407,0.250405,0.052522,0.276330,0,0,0,0
106,25,10,91,0.340938,0.250405,0.052522,0.263508,1,0,0,0
107,23,10,92,0.343185,0.250405,0.052522,0.262537,0,0,0,0
108,29,11,92,0.343185,0.250405,0.052522,0.262537,0,0,0,0
109,27,11,93,0.343185,0.250405,0.052522,0.262537,0,0,0,0
110,25,11,94,0.343185,0.250405,0.049373,0.288411,0,0,0,1
111,23,11,95,0.343185,0.250405,0.049138,0.290463,0,0,0,0
112,29,12,95,0.343185,0.250405,0.049138,0.290463,0,0,0,0
113,27,12,96,0.343185,0.250405,0.045962,0.320079,0,0,0,1
114,25,12,97,0.319902,0.291743,0.041362,0.369643,0,1,0,1
115,23,12,98,0.318815,0.282516,0.043385,0.397980,0,0,1,1
116,29,13,98,0.318815,0.268530,0.046378,0.431923,0,0,1,1
117,27,13,99,0.318815,0.267548,0.046599,0.434377,0,0,0,0
118,29,14,99,0.318815,0.267548,0.046599,0.434377,0,0,0,0
119,27,14,100,0.347637,0.267548,0.046599,0.418474,1,0,0,0
120,25,14,101,0.349905,0.267548,0.046599,0.417258,0,0,0,0
121,23,14,102,0.349905,0.249325,0.055761,0.417258,0,0,1,0
122,21,14,103,0.349905,0.248390,0.056288,0.417258,0,0,0,0
123,19,14,104,0.349905,0.248390,0.056288,0.417258,0,0,0,0
124,17,14,105,0.334142,0.275369,0.056288,0.417258,0,1,0,0
125,15,14,106,0.333029,0.277364,0.052675,0.451618,0,0,0,1
126,13,14,107,0.333029,0.277364,0.052425,0.454095,0,0,0,0
127,29,15,107,0.333029,0.277364,0.052425,0.454095,0,0,0,0
128,27,15,108,0.333029,0.277364,0.052425,0.454095,0,0,0,0
129,25,15,109,0.319827,0.301993,0.052425,0.454095,0,1,0,0
130,23,15,110,0.318739,0.283341,0.063246,0.454095,0,0,1,0
131,21,15,111,0.347558,0.282325,0.063838,0.438031,1,0,0,0
132,19,15,112,0.349826,0.282325,0.060622,0.464009,0,0,0,1
133,29,16,112,0.349826,0.282325,0.055422,0.511439,0,0,0,1
134,27,16,113,0.349826,0.282325,0.055160,0.513938,0,0,0,0
135,29,17,113,0.349826,0.282325,0.055160,0.513938,0,0,0,0
136,27,17,114,0.349826,0.282325,0.055160,0.513938,0,0,0,0
137,25,17,115,0.349826,0.282325,0.055160,0.513938,0,0,0,0
138,23,17,116,0.349826,0.282325,0.055160,0.513938,0,0,0,0
139,21,17,117,0.349826,0.282325,0.055160,0.513938,0,0,0,0
140,19,17,118,0.386982,0.282325,0.055160,0.493942,1,0,0,0
141,17,17,119,0.389354,0.282325,0.055160,0.492692,0,0,0,0
142,15,17,120,0.389354,0.282325,0.052356,0.520182,0,0,0,1
143,13,17,121,0.389354,0.270315,0.058335,0.522678,0,0,1,0
144,29,18,121,0.389354,0.249149,0.071598,0.522678,0,0,1,0
145,27,18,122,0.389354,0.248214,0.068334,0.552511,0,0,0,1
146,25,18,123,0.389354,0.229118,0.082529,0.554983,0,0,1,0
147,23,18,124,0.389354,0.228235,0.083286,0.554983,0,0,0,0
148,29,19,124,0.389354,0.228235,0.083286,0.554983,0,0,0,0
149,27,19,125,0.389354,0.228235,0.083286,0.554983,0,0,0,0
150,25,19,126,0.389354,0.228235,0.083286,0.554983,0,0,0,0
151,23,19,127,0.389354,0.228235,0.083286,0.554983,0,0,0,0
152,21,19,128,0.389354,0.228235,0.083286,0.554983,0,0,0,0
153,19,19,129,0.389354,0.228235,0.083286,0.554983,0,0,0,0
154,17,19,130,0.389354,0.228235,0.083286,0.554983,0,0,0,0
155,15,19,131,0.389354,0.228235,0.083286,0.554983,0,0,0,0
156,13,19,132,0.389354,0.228235,0.083286,0.554983,0,0,0,0
157,11,19,133,0.389354,0.228235,0.083286,0.554983,0,0,0,0
158,9,19,134,0.389354,0.228235,0.083286,0.554983,0,0,0,0
159,7,19,135,0.389354,0.228235,0.083286,0.554983,0,0,0,0
160,5,19,136,0.389354,0.228235,0.083286,0.554983,0,0,0,0
161,3,19,137,0.389354,0.228235,0.079174,0.581978,0,0,0,1
162,1,19,138,0.389354,0.228235,0.078809,0.584411,0,0,0,0
163,29,20,138,0.389354,0.228235,0.078809,0.584411,0,0,0,0
164,27,20,139,0.389354,0.228235,0.074900,0.610881,0,0,0,1
165,25,20,140,0.415777,0.218679,0.082472,0.600142,1,0,1,0
166,29,21,140,0.445167,0.208586,0.091978,0.585668,1,0,1,0
167,27,21,141,0.474954,0.207761,0.092813,0.571043,1,0,0,0
168,29,22,141,0.504930,0.207761,0.092813,0.556292,1,0,0,0
169,27,22,142,0.492431,0.228145,0.092813,0.555058,0,1,0,0
170,29,23,142,0.477444,0.249904,0.092813,0.555058,0,1,0,0
171,27,23,143,0.503676,0.251778,0.092813,0.541440,1,0,0,0
172,29,24,143,0.538606,0.251778,0.092813,0.524020,1,0,0,0
173,27,24,144,0.523669,0.278990,0.092813,0.522773,0,1,0,0
174,25,24,145,0.497439,0.323027,0.092813,0.522773,0,1,0,0
175,23,24,146,0.496189,0.325214,0.092813,0.522773,0,0,0,0
176,21,24,147,0.477453,0.358898,0.092813,0.522773,0,1,0,0
177,19,24,148,0.506184,0.361199,0.092813,0.507789,1,0,0,0
178,29,25,148,0.538614,0.361199,0.092813,0.491540,1,0,0,0
179,27,25,149,0.541100,0.361199,0.092813,0.490291,0,0,0,0
180,29,26,149,0.541100,0.361199,0.092813,0.490291,0,0,0,0
181,27,26,150,0.527417,0.386914,0.092813,0.490291,0,1,0,0
182,25,26,151,0.511195,0.418136,0.092813,0.490291,0,1,0,0
183,29,27,151,0.494947,0.450038,0.092813,0.490291,0,1,0,0
184,27,27,152,0.493697,0.438922,0.102459,0.490291,0,0,1,0
185,29,28,152,0.493697,0.421758,0.116013,0.490291,0,0,1,0
186,27,28,153,0.493697,0.420538,0.117038,0.490291,0,0,0,0
187,29,29,153,0.493697,0.420538,0.117038,0.490291,0,0,0,0
188,27,29,154,0.493697,0.420538,0.117038,0.490291,0,0,0,0
189,25,29,155,0.493697,0.420538,0.117038,0.490291,0,0,0,0
190,23,29,156,0.493697,0.420538,0.117038,0.490291,0,0,0,0
191,21,29,157,0.493697,0.420538,0.117038,0.490291,0,0,0,0
192,19,29,158,0.493697,0.420538,0.117038,0.490291,0,0,0,0
193,17,29,159,0.493697,0.420538,0.117038,0.490291,0,0,0,0
194,15,29,160,0.493697,0.420538,0.117038,0.490291,0,0,0,0
195,13,29,161,0.493697,0.420538,0.117038,0.490291,0,0,0,0
196,11,29,162,0.493697,0.403574,0.132239,0.490291,0,0,1,0
197,9,29,163,0.521186,0.402371,0.133387,0.476556,1,0,0,0
198,7,29,164,0.523681,0.402371,0.133387,0.475308,0,0,0,0
199,29,30,164,0.523681,0.402371,0.133387,0.475308,0,0,0,0
200,27,30,165,0.523681,0.402371,0.133387,0.475308,0,0,0,0
201,25,30,166,0.523681,0.402371,0.133387,0.475308,0,0,0,0
202,23,30,167,0.523681,0.402371,0.127145,0.502785,0,0,0,1
203,21,30,168,0.551031,0.389212,0.139212,0.491536,1,0,1,0
204,29,31,168,0.580522,0.375039,0.154168,0.476551,1,0,1,0
205,27,31,169,0.609457,0.373867,0.155472,0.461607,1,0,0,0
206,29,32,169,0.637650,0.373867,0.155472,0.446731,1,0,0,0
207,27,32,170,0.627201,0.399922,0.155472,0.445495,0,1,0,0
208,29,33,170,0.607133,0.441291,0.155472,0.445495,0,1,0,0
209,27,33,171,0.631908,0.443757,0.155472,0.431949,1,0,0,0
210,29,34,171,0.659392,0.443757,0.155472,0.417285,1,0,0,0
211,27,34,172,0.661638,0.443757,0.155472,0.416069,0,0,0,0
212,29,35,172,0.661638,0.443757,0.155472,0.416069,0,0,0,0
213,27,35,173,0.685851,0.443757,0.155472,0.402766,1,0,0,0
214,25,35,174,0.688006,0.443757,0.155472,0.401563,0,0,0,0
215,29,36,174,0.688006,0.443757,0.155472,0.401563,0,0,0,0
216,27,36,175,0.711162,0.443757,0.148375,0.414842,1,0,0,1
217,25,36,176,0.713216,0.443757,0.147743,0.416056,0,0,0,0
218,29,37,176,0.713216,0.443757,0.147743,0.416056,0,0,0,0
219,27,37,177,0.713216,0.443757,0.138531,0.452869,0,0,0,1
220,25,37,178,0.713216,0.443757,0.137934,0.455347,0,0,0,0
221,23,37,179,0.713216,0.443757,0.137934,0.455347,0,0,0,0
222,21,37,180,0.713216,0.430222,0.151492,0.455347,0,0,1,0
223,29,38,180,0.713216,0.413146,0.170312,0.455347,0,0,1,0
224,27,38,181,0.713216,0.398672,0.187886,0.455347,0,0,1,0
225,29,39,181,0.713216,0.376118,0.218511,0.455347,0,0,1,0
226,27,39,182,0.713216,0.362138,0.239633,0.455347,0,0,1,0
227,29,40,182,0.713216,0.337115,0.281867,0.455347,0,0,1,0
228,27,40,183,0.693418,0.379551,0.283892,0.455347,0,1,0,0
229,25,40,184,0.692356,0.381906,0.283892,0.455347,0,0,0,0
230,29,41,184,0.692356,0.381906,0.283892,0.455347,0,0,0,0
231,27,41,185,0.692356,0.381906,0.283892,0.455347,0,0,0,0
232,25,41,186,0.692356,0.381906,0.268878,0.492719,0,0,0,1
233,23,41,187,0.692356,0.381906,0.267895,0.495218,0,0,0,0
234,29,42,187,0.692356,0.381906,0.267895,0.495218,0,0,0,0
235,27,42,188,0.692356,0.381906,0.267895,0.495218,0,0,0,0
236,25,42,189,0.692356,0.381906,0.267895,0.495218,0,0,0,0
237,23,42,190,0.692356,0.381906,0.267895,0.495218,0,0,0,0
238,21,42,191,0.692356,0.381906,0.267895,0.495218,0,0,0,0
239,19,42,192,0.692356,0.381906,0.267895,0.495218,0,0,0,0
240,17,42,193,0.692356,0.381906,0.257234,0.522705,0,0,0,1
241,15,42,194,0.715323,0.381906,0.256279,0.511470,1,0,0,0
242,29,43,194,0.739169,0.381906,0.256279,0.496472,1,0,0,0
243,27,43,195,0.741097,0.381906,0.256279,0.495222,0,0,0,0
244,29,44,195,0.741097,0.381906,0.256279,0.495222,0,0,0,0
245,27,44,196,0.741097,0.381906,0.245924,0.522709,0,0,0,1
246,25,44,197,0.741097,0.381906,0.244997,0.525204,0,0,0,0
247,23,44,198,0.761688,0.369002,0.265857,0.511475,1,0,1,0
248,21,44,199,0.763503,0.367838,0.267809,0.510225,0,0,0,0
249,29,45,199,0.763503,0.367838,0.267809,0.510225,0,0,0,0
250,27,45,200,0.763503,0.367838,0.267809,0.510225,0,0,0,0
251,25,45,201,0.763503,0.367838,0.267809,0.510225,0,0,0,0
252,23,45,202,0.763503,0.367838,0.267809,0.510225,0,0,0,0
253,21,45,203,0.763503,0.367838,0.267809,0.510225,0,0,0,0
254,19,45,204,0.763503,0.367838,0.267809,0.510225,0,0,0,0
255,17,45,205,0.763503,0.367838,0.267809,0.510225,0,0,0,0
256,15,45,206,0.763503,0.367838,0.267809,0.510225,0,0,0,0
257,13,45,207,0.763503,0.367838,0.267809,0.510225,0,0,0,0
258,11,45,208,0.763503,0.367838,0.267809,0.510225,0,0,0,0
259,9,45,209,0.763503,0.367838,0.267809,0.510225,0,0,0,0
260,7,45,210,0.782838,0.367838,0.267809,0.496477,1,0,0,0
261,5,45,211,0.784538,0.367838,0.257150,0.522714,0,0,0,1
262,29,46,211,0.784538,0.367838,0.245843,0.552546,0,0,0,1
263,27,46,212,0.784538,0.367838,0.244916,0.555018,0,0,0,0
264,29,47,212,0.784538,0.367838,0.244916,0.555018,0,0,0,0
265,27,47,213,0.784538,0.367838,0.244916,0.555018,0,0,0,0
266,25,47,214,0.802602,0.367838,0.244916,0.541400,1,0,0,0
267,23,47,215,0.804186,0.367838,0.234875,0.567348,0,0,0,1
268,21,47,216,0.804186,0.355136,0.254212,0.569803,0,0,1,0
269,29,48,216,0.804186,0.333674,0.291791,0.569803,0,0,1,0
270,27,48,217,0.804186,0.320458,0.305386,0.596557,0,0,1,1
271,25,48,218,0.820981,0.319369,0.306447,0.585689,1,0,0,0
272,29,49,218,0.837998,0.319369,0.306447,0.571065,1,0,0,0
273,27,49,219,0.853688,0.319369,0.306447,0.556314,1,0,0,0
274,29,50,219,0.868099,0.319369,0.306447,0.541462,1,0,0,0
275,27,50,220,0.869245,0.319369,0.306447,0.540221,0,0,0,0
276,25,50,221,0.881291,0.319369,0.306447,0.526535,1,0,0,0
277,23,50,222,0.882337,0.319369,0.306447,0.525289,0,0,0,0
278,29,51,222,0.882337,0.319369,0.306447,0.525289,0,0,0,0
279,27,51,223,0.882337,0.319369,0.306447,0.525289,0,0,0,0
280,25,51,224,0.882337,0.319369,0.306447,0.525289,0,0,0,0
281,23,51,225,0.882337,0.319369,0.306447,0.525289,0,0,0,0
282,21,51,226,0.882337,0.319369,0.306447,0.525289,0,0,0,0
283,19,51,227,0.882337,0.319369,0.306447,0.525289,0,0,0,0
284,17,51,228,0.882337,0.319369,0.306447,0.525289,0,0,0,0
285,15,51,229,0.875976,0.332539,0.332477,0.525289,0,1,1,0
286,13,51,230,0.869322,0.358496,0.334697,0.525289,0,1,0,0
287,29,52,230,0.859979,0.396016,0.334697,0.525289,0,1,0,0
288,27,52,231,0.872198,0.398408,0.334697,0.511560,1,0,0,0
289,29,53,231,0.885034,0.398408,0.334697,0.496562,1,0,0,0
290,27,53,232,0.886051,0.398408,0.334697,0.495312,0,0,0,0
291,29,54,232,0.886051,0.398408,0.334697,0.495312,0,0,0,0
292,27,54,233,0.886051,0.398408,0.334697,0.495312,0,0,0,0
293,25,54,234,0.886051,0.398408,0.321460,0.525293,0,0,0,1
294,23,54,235,0.896735,0.385295,0.344736,0.514063,1,0,1,0
295,29,55,235,0.907371,0.371177,0.372285,0.499068,1,0,1,0
296,27,55,236,0.908211,0.370010,0.374622,0.497818,0,0,0,0
297,29,56,236,0.908211,0.370010,0.374622,0.497818,0,0,0,0
298,27,56,237,0.908211,0.370010,0.374622,0.497818,0,0,0,0
299,25,56,238,0.908211,0.370010,0.374622,0.497818,0,0,0,0
300,23,56,239,0.908211,0.357275,0.400696,0.497818,0,0,1,0
301,21,56,240,0.908211,0.356127,0.403098,0.497818,0,0,0,0
302,19,56,241,0.908211,0.356127,0.403098,0.497818,0,0,0,0
303,17,56,242,0.917013,0.356127,0.403098,0.484072,1,0,0,0
304,15,56,243,0.921839,0.381695,0.403098,0.469105,1,1,0,0
305,29,57,243,0.926063,0.410358,0.403098,0.454191,1,1,0,0
306,27,57,244,0.934212,0.412778,0.388741,0.467853,1,0,0,1
307,29,58,244,0.941243,0.412778,0.374575,0.482814,1,0,0,1
308,27,58,245,0.941796,0.412778,0.360618,0.511554,0,0,0,1
309,29,59,245,0.941796,0.412778,0.346893,0.541469,0,0,0,1
310,27,59,246,0.941796,0.399507,0.358296,0.571096,0,0,1,1
311,29,60,246,0.941796,0.385196,0.372195,0.600231,0,0,1,1
312,27,60,247,0.947565,0.384012,0.360580,0.615731,1,0,0,1
313,29,61,247,0.953241,0.384012,0.346855,0.629834,1,0,0,1
314,27,61,248,0.953687,0.384012,0.333379,0.656258,0,0,0,1
315,29,62,248,0.953687,0.384012,0.320169,0.682843,0,0,0,1
316,27,62,249,0.953687,0.371080,0.343399,0.685009,0,0,1,0
317,29,63,249,0.953687,0.350316,0.384988,0.685009,0,0,1,0
318,27,63,250,0.953687,0.349178,0.387356,0.685009,0,0,0,0
319,25,63,251,0.953687,0.349178,0.374380,0.708292,0,0,0,1
320,23,63,252,0.953687,0.349178,0.373209,0.710358,0,0,0,0
321,29,64,252,0.953687,0.349178,0.373209,0.710358,0,0,0,0
322,27,64,253,0.953687,0.349178,0.373209,0.710358,0,0,0,0
323,25,64,254,0.953687,0.349178,0.373209,0.710358,0,0,0,0
324,23,64,255,0.953687,0.349178,0.373209,0.710358,0,0,0,0
325,21,64,256,0.953687,0.349178,0.373209,0.710358,0,0,0,0
326,19,64,257,0.953687,0.349178,0.373209,0.710358,0,0,0,0
327,17,64,258,0.950737,0.379227,0.373209,0.710358,0,1,0,0
328,15,64,259,0.947856,0.407826,0.373209,0.710358,0,1,0,0
329,13,64,260,0.942967,0.432170,0.394478,0.746027,0,1,1,1
330,29,65,260,0.939093,0.449417,0.411308,0.771694,0,1,1,1
331,27,65,261,0.944855,0.450655,0.412518,0.763687,1,0,0,0
332,29,66,261,0.951277,0.450655,0.412518,0.751772,1,0,0,0
333,27,66,262,0.951740,0.450655,0.399250,0.770896,0,0,0,1
334,29,67,262,0.951740,0.450655,0.384942,0.791455,0,0,0,1
335,27,67,263,0.951740,0.435845,0.412474,0.793105,0,0,1,0
336,29,68,263,0.951740,0.421148,0.441806,0.793105,0,0,1,0
337,27,68,264,0.951740,0.419929,0.444272,0.793105,0,0,0,0
338,29,69,264,0.951740,0.419929,0.444272,0.793105,0,0,0,0
339,27,69,265,0.951740,0.419929,0.444272,0.793105,0,0,0,0
340,25,69,266,0.951740,0.419929,0.444272,0.793105,0,0,0,0
341,23,69,267,0.951740,0.419929,0.444272,0.793105,0,0,0,0
342,21,69,268,0.951740,0.419929,0.444272,0.793105,0,0,0,0
343,19,69,269,0.951740,0.419929,0.444272,0.793105,0,0,0,0
344,17,69,270,0.956570,0.419929,0.430734,0.801998,1,0,0,1
345,15,69,271,0.956985,0.419929,0.429508,0.802792,0,0,0,0
346,29,70,271,0.956985,0.419929,0.429508,0.802792,0,0,0,0
347,27,70,272,0.956985,0.419929,0.429508,0.802792,0,0,0,0
348,25,70,273,0.961311,0.419929,0.429508,0.793953,1,0,0,0
349,23,70,274,0.961683,0.419929,0.416081,0.810653,0,0,0,1
350,29,71,274,0.961683,0.419929,0.401574,0.828444,0,0,0,1
351,27,71,275,0.961683,0.419929,0.400373,0.829866,0,0,0,0
352,29,72,275,0.961683,0.419929,0.400373,0.829866,0,0,0,0
353,27,72,276,0.961683,0.404176,0.431920,0.829866,0,0,1,0
354,25,72,277,0.961683,0.389807,0.447928,0.844887,0,0,1,1
355,29,73,277,0.961683,0.375625,0.462804,0.860022,0,0,1,1
356,27,73,278,0.961683,0.374452,0.464048,0.861226,0,0,0,0
357,29,74,278,0.961683,0.374452,0.464048,0.861226,0,0,0,0
358,27,74,279,0.961683,0.374452,0.464048,0.861226,0,0,0,0
359,25,74,280,0.965554,0.374452,0.464048,0.854533,1,0,0,0
360,23,74,281,0.969346,0.374452,0.450396,0.860652,1,0,0,1
361,29,75,281,0.972733,0.374452,0.435588,0.867706,1,0,0,1
362,27,75,282,0.972998,0.374452,0.420893,0.880403,0,0,0,1
363,29,76,282,0.972998,0.374452,0.406336,0.892517,0,0,0,1
364,27,76,283,0.972998,0.374452,0.405130,0.893476,0,0,0,0
365,29,77,283,0.972998,0.374452,0.405130,0.893476,0,0,0,0
366,27,77,284,0.972998,0.374452,0.405130,0.893476,0,0,0,0
367,25,77,285,0.972998,0.374452,0.405130,0.893476,0,0,0,0
368,23,77,286,0.972998,0.374452,0.391940,0.903540,0,0,0,1
369,21,77,287,0.972998,0.374452,0.390748,0.904412,0,0,0,0
370,29,78,287,0.972998,0.374452,0.390748,0.904412,0,0,0,0
371,27,78,288,0.972998,0.374452,0.390748,0.904412,0,0,0,0
372,25,78,289,0.972998,0.374452,0.390748,0.904412,0,0,0,0
373,23,78,290,0.972998,0.374452,0.390748,0.904412,0,0,0,0
374,21,78,291,0.972998,0.374452,0.390748,0.904412,0,0,0,0
375,19,78,292,0.972998,0.374452,0.390748,0.904412,0,0,0,0
376,17,78,293,0.975755,0.374452,0.390748,0.899560,1,0,0,0
377,15,78,294,0.975992,0.374452,0.377729,0.908695,0,0,0,1
378,29,79,294,0.975992,0.374452,0.363724,0.918212,0,0,0,1
379,27,79,295,0.975992,0.374452,0.362567,0.918963,0,0,0,0
380,29,80,295,0.975992,0.374452,0.362567,0.918963,0,0,0,0
381,27,80,296,0.975992,0.374452,0.349945,0.926818,0,0,0,1
382,25,80,297,0.978450,0.374452,0.348808,0.923718,1,0,0,0
383,23,80,298,0.978661,0.361652,0.361393,0.930826,0,0,1,1
384,29,81,298,0.978661,0.347909,0.375343,0.938195,0,0,1,1
385,27,81,299,0.978661,0.346775,0.376515,0.938775,0,0,0,0
386,29,82,299,0.978661,0.346775,0.376515,0.938775,0,0,0,0
387,27,82,300,0.980851,0.346775,0.376515,0.935544,1,0,0,0
388,25,82,301,0.981039,0.346775,0.363686,0.941620,0,0,0,1
389,23,82,302,0.981039,0.346775,0.362529,0.942170,0,0,0,0
390,29,83,302,0.981039,0.346775,0.362529,0.942170,0,0,0,0
391,27,83,303,0.981039,0.346775,0.362529,0.942170,0,0,0,0
392,25,83,304,0.981039,0.346775,0.362529,0.942170,0,0,0,0
393,23,83,305,0.981039,0.333300,0.390656,0.942170,0,0,1,0
394,21,83,306,0.981039,0.332189,0.393037,0.942170,0,0,0,0
395,19,83,307,0.981039,0.332189,0.393037,0.942170,0,0,0,0
396,17,83,308,0.981039,0.332189,0.393037,0.942170,0,0,0,0
397,15,83,309,0.981039,0.317918,0.424413,0.942170,0,0,1,0
398,13,83,310,0.981039,0.316834,0.426856,0.942170,0,0,0,0
399,29,84,310,0.981039,0.316834,0.426856,0.942170,0,0,0,0
400,27,84,311,0.981039,0.301866,0.461384,0.942170,0,0,1,0
401,25,84,312,0.981039,0.300812,0.463869,0.942170,0,0,0,0
402,29,85,312,0.981039,0.300812,0.463869,0.942170,0,0,0,0
403,27,85,313,0.981039,0.300812,0.463869,0.942170,0,0,0,0
404,25,85,314,0.981039,0.300812,0.463869,0.942170,0,0,0,0
405,23,85,315,0.981039,0.300812,0.463869,0.942170,0,0,0,0
406,21,85,316,0.982038,0.324397,0.463869,0.939106,1,1,0,0
407,19,85,317,0.981137,0.351185,0.463869,0.938821,0,1,0,0
408,29,86,317,0.979701,0.386030,0.463869,0.938821,0,1,0,0
409,27,86,318,0.981697,0.388400,0.463869,0.935591,1,0,0,0
410,25,86,319,0.983742,0.388400,0.463869,0.931888,1,0,0,0
411,29,87,319,0.985563,0.388400,0.463869,0.927988,1,0,0,0
412,27,87,320,0.986528,0.417229,0.463869,0.923532,1,1,0,0
413,29,88,320,0.987304,0.446644,0.463869,0.919195,1,1,0,0
414,27,88,321,0.987367,0.449115,0.450219,0.926691,0,0,0,1
415,29,89,321,0.987367,0.449115,0.435412,0.934469,0,0,0,1
416,27,89,322,0.988674,0.449115,0.434183,0.931669,1,0,0,0
417,29,90,322,0.989948,0.449115,0.434183,0.927758,1,0,0,0
418,27,90,323,0.990047,0.449115,0.420718,0.934517,0,0,0,1
419,29,91,323,0.990047,0.449115,0.406163,0.941517,0,0,0,1
420,27,91,324,0.990047,0.449115,0.391769,0.947812,0,0,0,1
421,25,91,325,0.990623,0.478940,0.376385,0.951176,1,1,0,1
422,29,92,325,0.991165,0.508924,0.362401,0.953894,1,1,0,1
423,27,92,326,0.991209,0.497676,0.374023,0.958716,0,0,1,1
424,25,92,327,0.990672,0.511424,0.403685,0.959112,0,1,1,0
425,23,92,328,0.990626,0.495177,0.423072,0.964285,0,0,1,1
426,29,93,328,0.990626,0.480186,0.437776,0.968213,0,0,1,1
427,27,93,329,0.990626,0.465230,0.466239,0.968521,0,0,1,0
428,29,94,329,0.990626,0.447860,0.501182,0.968521,0,0,1,0
429,27,94,330,0.990053,0.476425,0.488684,0.971996,0,1,0,1
430,29,95,330,0.989446,0.506405,0.473705,0.975098,0,1,0,1
431,27,95,331,0.989394,0.508904,0.472458,0.975340,0,0,0,0
432,29,96,331,0.989394,0.508904,0.472458,0.975340,0,0,0,0
433,27,96,332,0.989394,0.508904,0.472458,0.975340,0,0,0,0
434,25,96,333,0.990494,0.508904,0.472458,0.973986,1,0,0,0
435,23,96,334,0.991564,0.508904,0.472458,0.972425,1,0,0,0
436,21,96,335,0.992248,0.527629,0.509925,0.970203,1,1,1,0
437,29,97,335,0.992697,0.542557,0.539849,0.968423,1,1,1,0
438,27,97,336,0.992289,0.573393,0.542333,0.968270,0,1,0,0
439,29,98,336,0.991817,0.602481,0.542333,0.968270,0,1,0,0
440,27,98,337,0.992848,0.588038,0.576842,0.966052,1,0,1,0
441,29,99,337,0.993656,0.573436,0.605858,0.964033,1,0,1,0
442,27,99,338,0.994372,0.572213,0.608246,0.961899,1,0,0,0
443,29,100,338,0.995008,0.572213,0.608246,0.959644,1,0,0,0
444,27,100,339,0.995058,0.572213,0.595072,0.963538,0,0,0,1
445,29,101,339,0.995058,0.572213,0.580542,0.967545,0,0,0,1
446,27,101,340,0.995573,0.572213,0.565870,0.969530,1,0,0,1
447,29,102,340,0.996074,0.572213,0.551081,0.971258,1,0,0,1
448,27,102,341,0.996113,0.558704,0.576912,0.971397,0,0,1,0
449,29,103,341,0.996113,0.543867,0.605926,0.971397,0,0,1,0
450,27,103,342,0.996113,0.542626,0.608313,0.971397,0,0,0,0
451,29,104,342,0.996113,0.542626,0.608313,0.971397,0,0,0,0
452,27,104,343,0.996113,0.542626,0.608313,0.971397,0,0,0,0
453,25,104,344,0.996113,0.528950,0.634219,0.971397,0,0,1,0
454,23,104,345,0.996339,0.542632,0.663863,0.969686,1,1,1,0
455,29,105,345,0.996552,0.557484,0.690139,0.967876,1,1,1,0
456,27,105,346,0.996569,0.558717,0.692277,0.967721,0,0,0,0
457,29,106,346,0.996569,0.558717,0.692277,0.967721,0,0,0,0
458,27,106,347,0.996927,0.558717,0.692277,0.965962,1,0,0,0
459,25,106,348,0.997275,0.558717,0.692277,0.963938,1,0,0,0
460,29,107,348,0.997584,0.558717,0.692277,0.961798,1,0,0,0
461,27,107,349,0.997858,0.558717,0.680449,0.963599,1,0,0,1
462,29,108,349,0.998101,0.558717,0.667276,0.965650,1,0,0,1
463,27,108,350,0.998120,0.558717,0.666166,0.965816,0,0,0,0
464,29,109,350,0.998120,0.558717,0.666166,0.965816,0,0,0,0
465,27,109,351,0.998316,0.558717,0.666166,0.963957,1,0,0,0
466,25,109,352,0.998507,0.558717,0.666166,0.961819,1,0,0,0
467,23,109,353,0.998522,0.545120,0.678294,0.965511,0,0,1,1
468,29,110,353,0.998522,0.530209,0.691256,0.969308,0,0,1,1
469,27,110,354,0.998522,0.528964,0.692323,0.969605,0,0,0,0
470,29,111,354,0.998522,0.528964,0.692323,0.969605,0,0,0,0
471,27,111,355,0.998522,0.528964,0.692323,0.969605,0,0,0,0
472,25,111,356,0.998522,0.528964,0.692323,0.969605,0,0,0,0
473,23,111,357,0.998522,0.528964,0.692323,0.969605,0,0,0,0
474,21,111,358,0.998703,0.528964,0.692323,0.967635,1,0,0,0
475,19,111,359,0.998616,0.566124,0.692323,0.967478,0,1,0,0
476,29,112,359,0.998531,0.595356,0.692323,0.967478,0,1,0,0
477,27,112,360,0.998524,0.597765,0.692323,0.967478,0,0,0,0
478,29,113,360,0.998524,0.597765,0.692323,0.967478,0,0,0,0
479,27,113,361,0.998524,0.597765,0.692323,0.967478,0,0,0,0
480,25,113,362,0.998524,0.597765,0.680496,0.970782,0,0,0,1
481,23,113,363,0.998524,0.597765,0.679409,0.971065,0,0,0,0
482,29,114,363,0.998524,0.597765,0.679409,0.971065,0,0,0,0
483,27,114,364,0.998524,0.597765,0.679409,0.971065,0,0,0,0
484,25,114,365,0.998524,0.597765,0.679409,0.971065,0,0,0,0
485,23,114,366,0.998603,0.623935,0.679409,0.969483,1,1,0,0
486,21,114,367,0.998684,0.651684,0.679409,0.967661,1,1,0,0
487,29,115,367,0.998761,0.678447,0.679409,0.965735,1,1,0,0
488,27,115,368,0.998833,0.704095,0.679409,0.963698,1,1,0,0
489,29,116,368,0.998901,0.728522,0.679409,0.961544,1,1,0,0
490,27,116,369,0.998845,0.751649,0.679409,0.961359,0,1,0,0
491,29,117,369,0.998774,0.773423,0.679409,0.961359,0,1,0,0
492,27,117,370,0.998768,0.765459,0.702926,0.961359,0,0,1,0
493,29,118,370,0.998768,0.754530,0.727411,0.961359,0,0,1,0
494,27,118,371,0.998768,0.743262,0.750600,0.961359,0,0,1,0
495,29,119,371,0.998768,0.731661,0.772438,0.961359,0,0,1,0
496,27,119,372,0.998699,0.741377,0.792896,0.961359,0,1,1,0
497,29,120,372,0.998618,0.752727,0.811966,0.961359,0,1,1,0
498,27,120,373,0.998612,0.753658,0.813492,0.961359,0,0,0,0
499,29,121,373,0.998612,0.753658,0.813492,0.961359,0,0,0,0
500,27,121,374,0.998612,0.743318,0.829660,0.961359,0,0,1,0
501,25,121,375,0.998612,0.742364,0.831073,0.961359,0,0,0,0
502,29,122,375,0.998612,0.742364,0.831073,0.961359,0,0,0,0
503,27,122,376,0.998757,0.742364,0.831073,0.959269,1,0,0,0
504,25,122,377,0.998898,0.742364,0.831073,0.956864,1,0,0,0
505,29,123,377,0.999023,0.742364,0.831073,0.954325,1,0,0,0
506,27,123,378,0.999134,0.742364,0.831073,0.951643,1,0,0,0
507,29,124,378,0.999232,0.742364,0.831073,0.948813,1,0,0,0
508,27,124,379,0.999197,0.762887,0.831073,0.948570,0,1,0,0
509,29,125,379,0.999147,0.783961,0.831073,0.948570,0,1,0,0
510,27,125,380,0.999143,0.776260,0.846008,0.948570,0,0,1,0
511,29,126,380,0.999143,0.765682,0.861052,0.948570,0,0,1,0
512,27,126,381,0.999143,0.754760,0.874845,0.948570,0,0,1,0
513,29,127,381,0.999143,0.743500,0.887450,0.948570,0,0,1,0
514,27,127,382,0.999095,0.763059,0.888449,0.948570,0,1,0,0
515,25,127,383,0.999090,0.764867,0.882891,0.953701,0,0,0,1
516,29,128,383,0.999090,0.764867,0.876556,0.958742,0,0,0,1
517,27,128,384,0.999039,0.784122,0.869928,0.963256,0,1,0,1
518,25,128,385,0.999135,0.785815,0.869363,0.961636,1,0,0,0
519,23,128,386,0.999144,0.776426,0.875494,0.965345,0,0,1,1
520,29,129,386,0.999144,0.765853,0.881901,0.969159,0,0,1,1
521,27,129,387,0.999144,0.764956,0.882421,0.969458,0,0,0,0
522,29,130,387,0.999144,0.764956,0.882421,0.969458,0,0,0,0
523,27,130,388,0.999144,0.764956,0.876605,0.972566,0,0,0,1
524,25,130,389,0.999234,0.764956,0.876064,0.971345,1,0,0,0
525,29,131,389,0.999321,0.764956,0.876064,0.969631,1,0,0,0
526,27,131,390,0.999398,0.764956,0.876064,0.967818,1,0,0,0
527,29,132,390,0.999436,0.784206,0.876064,0.965900,1,1,0,0
528,27,132,391,0.999497,0.785899,0.876064,0.963872,1,0,0,0
529,25,132,392,0.999502,0.776512,0.881924,0.967373,0,0,1,1
530,29,133,392,0.999502,0.765942,0.888042,0.970971,0,0,1,1
531,27,133,393,0.999502,0.765046,0.888539,0.971253,0,0,0,0
532,29,134,393,0.999502,0.765046,0.888539,0.971253,0,0,0,0
533,27,134,394,0.999474,0.784290,0.888539,0.971253,0,1,0,0
534,25,134,395,0.999472,0.785982,0.882986,0.974183,0,0,0,1
535,29,135,395,0.999472,0.785982,0.876655,0.977048,0,0,0,1
536,27,135,396,0.999472,0.776598,0.887610,0.977272,0,0,1,0
537,29,136,396,0.999472,0.766031,0.899079,0.977272,0,0,1,0
538,27,136,397,0.999472,0.765135,0.899986,0.977272,0,0,0,0
539,29,137,397,0.999472,0.765135,0.899986,0.977272,0,0,0,0
540,27,137,398,0.999442,0.784374,0.899986,0.977272,0,1,0,0
541,25,137,399,0.999439,0.776685,0.909498,0.977272,0,0,1,0
542,29,138,399,0.999439,0.766120,0.918939,0.977272,0,0,1,0
543,27,138,400,0.999439,0.765224,0.919684,0.977272,0,0,0,0
544,29,139,400,0.999439,0.765224,0.919684,0.977272,0,0,0,0
545,27,139,401,0.999407,0.784459,0.919684,0.977272,0,1,0,0
546,25,139,402,0.999404,0.786149,0.919684,0.977272,0,0,0,0
547,29,140,402,0.999404,0.786149,0.919684,0.977272,0,0,0,0
548,27,140,403,0.999404,0.786149,0.919684,0.977272,0,0,0,0
549,25,140,404,0.999404,0.786149,0.915535,0.979602,0,0,0,1
550,23,140,405,0.999404,0.786149,0.915149,0.979802,0,0,0,0
551,21,140,406,0.999404,0.776771,0.919332,0.981877,0,0,1,1
552,19,140,407,0.999404,0.775904,0.919702,0.982055,0,0,0,0
553,29,141,407,0.999404,0.775904,0.919702,0.982055,0,0,0,0
554,27,141,408,0.999404,0.766209,0.927491,0.982055,0,0,1,0
555,25,141,409,0.999404,0.755304,0.931753,0.983903,0,0,1,1
556,29,142,409,0.999404,0.744060,0.935479,0.985705,0,0,1,1
557,27,142,410,0.999404,0.743108,0.932403,0.987309,0,0,0,1
558,25,142,411,0.999371,0.763591,0.928530,0.988734,0,1,0,1
559,29,143,411,0.999332,0.784620,0.924454,0.990001,0,1,0,1
560,27,143,412,0.999329,0.786310,0.924105,0.990100,0,0,0,0
561,29,144,412,0.999329,0.786310,0.924105,0.990100,0,0,0,0
562,27,144,413,0.999329,0.776937,0.931499,0.990100,0,0,1,0
563,25,144,414,0.999291,0.794656,0.932137,0.990100,0,1,0,0
564,29,145,414,0.999247,0.813602,0.932137,0.990100,0,1,0,0
565,27,145,415,0.999201,0.823277,0.938801,0.990100,0,1,1,0
566,29,146,415,0.999152,0.831852,0.945370,0.990100,0,1,1,0
567,27,146,416,0.999147,0.824756,0.951272,0.990100,0,0,1,0
568,29,147,416,0.999147,0.815929,0.956565,0.990100,0,0,1,0
569,27,147,417,0.999193,0.831230,0.956981,0.989548,1,1,0,0
570,25,147,418,0.999152,0.847455,0.956981,0.989496,0,1,0,0
571,29,148,418,0.999100,0.862381,0.956981,0.989496,0,1,0,0
572,27,148,419,0.999044,0.869930,0.961307,0.989496,0,1,1,0
573,25,148,420,0.999091,0.882443,0.961679,0.988910,1,1,0,0
574,23,148,421,0.999044,0.889034,0.965550,0.988855,0,1,1,0
575,29,149,421,0.998985,0.894828,0.969343,0.988855,0,1,1,0
576,27,149,422,0.998980,0.890040,0.972730,0.988855,0,0,1,0
577,29,150,422,0.998980,0.884041,0.975753,0.988855,0,0,1,0
578,27,150,423,0.998980,0.883528,0.974669,0.990010,0,0,0,1
579,29,151,423,0.998980,0.883528,0.973149,0.991135,0,0,0,1
580,27,151,424,0.998980,0.883528,0.973018,0.991223,0,0,0,0
581,29,152,424,0.998980,0.883528,0.973018,0.991223,0,0,0,0
582,27,152,425,0.998980,0.883528,0.973018,0.991223,0,0,0,0
583,25,152,426,0.998980,0.883528,0.973018,0.991223,0,0,0,0
584,23,152,427,0.998980,0.877759,0.974428,0.992134,0,0,1,1
585,21,152,428,0.998980,0.877222,0.973156,0.993021,0,0,0,1
586,29,153,428,0.998980,0.877222,0.971548,0.993809,0,0,0,1
587,27,153,429,0.999087,0.871186,0.972901,0.994198,1,0,1,1
588,29,154,429,0.999191,0.864315,0.974443,0.994535,1,0,1,1
589,27,154,430,0.999199,0.863728,0.974567,0.994562,0,0,0,0
590,29,155,430,0.999199,0.863728,0.974567,0.994562,0,0,0,0
591,27,155,431,0.999283,0.863728,0.974567,0.994257,1,0,0,0
592,25,155,432,0.999364,0.863728,0.974567,0.993905,1,0,0,0
593,29,156,432,0.999436,0.863728,0.974567,0.993531,1,0,0,0
594,27,156,433,0.999410,0.876210,0.973171,0.994175,0,1,0,1
595,29,157,433,0.999374,0.888695,0.971563,0.994834,0,1,0,1
596,27,157,434,0.999437,0.889684,0.971425,0.994598,1,0,0,0
597,29,158,434,0.999501,0.889684,0.971425,0.994267,1,0,0,0
598,27,158,435,0.999506,0.889684,0.969862,0.994838,0,0,0,1
599,29,159,435,0.999506,0.889684,0.968062,0.995422,0,0,0,1
600,27,159,436,0.999506,0.889684,0.966159,0.995940,0,0,0,1
601,29,160,436,0.999506,0.889684,0.964146,0.996400,0,0,0,1
602,27,160,437,0.999506,0.889684,0.962018,0.996807,0,0,0,1
603,25,160,438,0.999478,0.900066,0.961835,0.996839,0,1,0,0
604,29,161,438,0.999446,0.910393,0.961835,0.996839,0,1,0,0
605,27,161,439,0.999443,0.911209,0.961835,0.996839,0,0,0,0
606,29,162,439,0.999443,0.911209,0.961835,0.996839,0,0,0,0
607,27,162,440,0.999443,0.911209,0.961835,0.996839,0,0,0,0
608,25,162,441,0.999443,0.911209,0.961835,0.996839,0,0,0,0
609,23,162,442,0.999443,0.911209,0.961835,0.996839,0,0,0,0
610,21,162,443,0.999443,0.911209,0.961835,0.996839,0,0,0,0
611,19,162,444,0.999443,0.911209,0.961835,0.996839,0,0,0,0
612,17,162,445,0.999443,0.906667,0.965691,0.996839,0,0,1,0
613,15,162,446,0.999473,0.915217,0.966023,0.996662,1,1,0,0
614,29,163,446,0.999504,0.924111,0.966023,0.996456,1,1,0,0
615,27,163,447,0.999478,0.928557,0.969469,0.996439,0,1,1,0
616,29,164,447,0.999446,0.932444,0.972843,0.996439,0,1,1,0
617,27,164,448,0.999412,0.939366,0.973107,0.996439,0,1,0,0
618,29,165,448,0.999376,0.945879,0.973107,0.996439,0,1,0,0
619,27,165,449,0.999406,0.949119,0.975853,0.996239,1,1,1,0
620,25,165,450,0.999409,0.949361,0.974774,0.996614,0,0,0,1
621,29,166,450,0.999409,0.949361,0.973260,0.996998,0,0,0,1
622,27,166,451,0.999471,0.946657,0.975873,0.996861,1,0,1,0
623,29,167,451,0.999531,0.943551,0.978555,0.996668,1,0,1,0
624,27,167,452,0.999536,0.943285,0.978765,0.996651,0,0,0,0
625,29,168,452,0.999536,0.943285,0.978765,0.996651,0,0,0,0
626,27,168,453,0.999536,0.943285,0.978765,0.996651,0,0,0,0
627,25,168,454,0.999584,0.943285,0.978765,0.996463,1,0,0,0
628,23,168,455,0.999588,0.940277,0.979881,0.996816,0,0,1,1
629,29,169,455,0.999588,0.936825,0.981033,0.997177,0,0,1,1
630,27,169,456,0.999588,0.936529,0.980083,0.997497,0,0,0,1
631,29,170,456,0.999588,0.936529,0.978880,0.997780,0,0,0,1
632,27,170,457,0.999588,0.936529,0.977607,0.998032,0,0,0,1
633,29,171,457,0.999588,0.936529,0.976258,0.998255,0,0,0,1
634,27,171,458,0.999588,0.936529,0.976142,0.998273,0,0,0,0
635,25,171,459,0.999631,0.933187,0.978585,0.998175,1,0,1,0
636,23,171,460,0.999635,0.932876,0.977625,0.998358,0,0,0,1
637,29,172,460,0.999635,0.932876,0.976278,0.998544,0,0,0,1
638,27,172,461,0.999635,0.932876,0.976162,0.998559,0,0,0,0
639,29,173,461,0.999635,0.932876,0.976162,0.998559,0,0,0,0
640,27,173,462,0.999635,0.932876,0.976162,0.998559,0,0,0,0
641,25,173,463,0.999635,0.932876,0.976162,0.998559,0,0,0,0
642,23,173,464,0.999673,0.932876,0.976162,0.998478,1,0,0,0
643,21,173,465,0.999677,0.932876,0.976162,0.998470,0,0,0,0
644,29,174,465,0.999677,0.932876,0.976162,0.998470,0,0,0,0
645,27,174,466,0.999677,0.932876,0.976162,0.998470,0,0,0,0
646,25,174,467,0.999677,0.932876,0.976162,0.998470,0,0,0,0
647,23,174,468,0.999677,0.932876,0.976162,0.998470,0,0,0,0
648,21,174,469,0.999677,0.932876,0.976162,0.998470,0,0,0,0
649,19,174,470,0.999677,0.932876,0.976162,0.998470,0,0,0,0
650,17,174,471,0.999677,0.932876,0.976162,0.998470,0,0,0,0
651,15,174,472,0.999677,0.932876,0.976162,0.998470,0,0,0,0
652,13,174,473,0.999677,0.932876,0.976162,0.998470,0,0,0,0
653,11,174,474,0.999658,0.939472,0.976162,0.998470,0,1,0,0
654,9,174,475,0.999637,0.945974,0.976162,0.998470,0,1,0,0
655,7,174,476,0.999635,0.946485,0.974852,0.998630,0,0,0,1
656,29,175,476,0.999635,0.946485,0.973342,0.998785,0,0,0,1
657,27,175,477,0.999635,0.946485,0.973212,0.998798,0,0,0,0
658,29,176,477,0.999635,0.946485,0.973212,0.998798,0,0,0,0
659,27,176,478,0.999674,0.946485,0.973212,0.998730,1,0,0,0
660,25,176,479,0.999677,0.946485,0.973212,0.998723,0,0,0,0
661,23,176,480,0.999677,0.946485,0.973212,0.998723,0,0,0,0
662,21,176,481,0.999677,0.946485,0.973212,0.998723,0,0,0,0
663,19,176,482,0.999677,0.946485,0.973212,0.998723,0,0,0,0
664,17,176,483,0.999677,0.943636,0.975947,0.998723,0,0,1,0
665,15,176,484,0.999659,0.948992,0.976182,0.998723,0,1,0,0
666,29,177,484,0.999638,0.954521,0.976182,0.998723,0,1,0,0
667,27,177,485,0.999615,0.959477,0.976182,0.998723,0,1,0,0
668,29,178,485,0.999587,0.964605,0.976182,0.998723,0,1,0,0
669,27,178,486,0.999585,0.964947,0.976182,0.998723,0,0,0,0
670,25,178,487,0.999629,0.964947,0.976182,0.998652,1,0,0,0
671,23,178,488,0.999632,0.964947,0.976182,0.998645,0,0,0,0
672,29,179,488,0.999632,0.964947,0.974873,0.998786,0,0,0,1
673,27,179,489,0.999632,0.964947,0.974750,0.998799,0,0,0,0
674,29,180,489,0.999632,0.964947,0.974750,0.998799,0,0,0,0
675,27,180,490,0.999632,0.964947,0.974750,0.998799,0,0,0,0
676,25,180,491,0.999632,0.964947,0.974750,0.998799,0,0,0,0
677,23,180,492,0.999632,0.964947,0.974750,0.998799,0,0,0,0
678,21,180,493,0.999632,0.964947,0.974750,0.998799,0,0,0,0
679,19,180,494,0.999632,0.964947,0.973364,0.998924,0,0,0,1
680,17,180,495,0.999632,0.963043,0.975968,0.998935,0,0,1,0
681,29,181,495,0.999632,0.960852,0.978639,0.998935,0,0,1,0
682,27,181,496,0.999632,0.960664,0.978848,0.998935,0,0,0,0
683,25,181,497,0.999632,0.958537,0.981019,0.998935,0,0,1,0
684,23,181,498,0.999632,0.958338,0.981206,0.998935,0,0,0,0
685,29,182,498,0.999632,0.958338,0.981206,0.998935,0,0,0,0
686,27,182,499,0.999632,0.958338,0.980167,0.999046,0,0,0,1
687,25,182,500,0.999671,0.958338,0.978969,0.999106,1,0,0,1
688,29,183,500,0.999708,0.958338,0.977701,0.999159,1,0,0,1
689,27,183,501,0.999741,0.956092,0.979889,0.999116,1,0,1,0
690,29,184,501,0.999771,0.953509,0.982133,0.999061,1,0,1,0
691,27,184,502,0.999773,0.953287,0.982308,0.999056,0,0,0,0
692,29,185,502,0.999773,0.953287,0.982308,0.999056,0,0,0,0
693,27,185,503,0.999797,0.953287,0.982308,0.999003,1,0,0,0
694,25,185,504,0.999788,0.957969,0.982308,0.998998,0,1,0,0
695,29,186,504,0.999774,0.962564,0.982308,0.998998,0,1,0,0
696,27,186,505,0.999797,0.962924,0.982308,0.998942,1,0,0,0
697,29,187,505,0.999820,0.962924,0.982308,0.998877,1,0,0,0
698,27,187,506,0.999841,0.962924,0.982308,0.998807,1,0,0,0
699,29,188,506,0.999859,0.962924,0.982308,0.998734,1,0,0,0
700,27,188,507,0.999860,0.962924,0.981329,0.998861,0,0,0,1
701,29,189,507,0.999860,0.962924,0.980200,0.998990,0,0,0,1
702,27,189,508,0.999875,0.962924,0.979005,0.999054,1,0,0,1
703,29,190,508,0.999889,0.962924,0.977738,0.999109,1,0,0,1
704,27,190,509,0.999890,0.962924,0.977630,0.999113,0,0,0,0
705,29,191,509,0.999890,0.962924,0.977630,0.999113,0,0,0,0
706,27,191,510,0.999902,0.960914,0.979923,0.999063,1,0,1,0
707,25,191,511,0.999903,0.958603,0.982163,0.999059,0,0,1,0
708,29,192,511,0.999903,0.956161,0.984157,0.999059,0,0,1,0
709,27,192,512,0.999903,0.955951,0.984313,0.999059,0,0,0,0
710,29,193,512,0.999903,0.955951,0.984313,0.999059,0,0,0,0
711,27,193,513,0.999903,0.955951,0.983443,0.999157,0,0,0,1
712,25,193,514,0.999913,0.955951,0.982440,0.999210,1,0,0,1
713,23,193,515,0.999914,0.953582,0.984171,0.999214,0,0,1,0
714,29,194,515,0.999914,0.950859,0.985944,0.999214,0,0,1,0
715,27,194,516,0.999914,0.950625,0.986083,0.999214,0,0,0,0
716,25,194,517,0.999914,0.950625,0.985309,0.999296,0,0,0,1
717,23,194,518,0.999914,0.950625,0.984417,0.999376,0,0,0,1
718,29,195,518,0.999914,0.950625,0.983472,0.999447,0,0,0,1
719,27,195,519,0.999914,0.950625,0.983390,0.999453,0,0,0,0
720,29,196,519,0.999914,0.950625,0.983390,0.999453,0,0,0,0
721,27,196,520,0.999914,0.950625,0.983390,0.999453,0,0,0,0
722,25,196,521,0.999914,0.950625,0.983390,0.999453,0,0,0,0
723,23,196,522,0.999914,0.950625,0.983390,0.999453,0,0,0,0
724,21,196,523,0.999914,0.950625,0.983390,0.999453,0,0,0,0
725,19,196,524,0.999914,0.947985,0.985103,0.999453,0,0,1,0
726,17,196,525,0.999914,0.947739,0.985249,0.999453,0,0,0,0
727,29,197,525,0.999914,0.947739,0.985249,0.999453,0,0,0,0
728,27,197,526,0.999914,0.947739,0.985249,0.999453,0,0,0,0
729,25,197,527,0.999914,0.947739,0.985249,0.999453,0,0,0,0
730,23,197,528,0.999914,0.947739,0.985249,0.999453,0,0,0,0
731,21,197,529,0.999914,0.947739,0.985249,0.999453,0,0,0,0
732,19,197,530,0.999914,0.947739,0.985249,0.999453,0,0,0,0
733,17,197,531,0.999914,0.947739,0.985249,0.999453,0,0,0,0
734,15,197,532,0.999914,0.947739,0.985249,0.999453,0,0,0,0
735,13,197,533,0.999914,0.947739,0.985249,0.999453,0,0,0,0
736,11,197,534,0.999914,0.947739,0.984430,0.999510,0,0,0,1
737,9,197,535,0.999914,0.947739,0.984354,0.999515,0,0,0,0
738,29,198,535,0.999914,0.947739,0.984354,0.999515,0,0,0,0
739,27,198,536,0.999914,0.947739,0.984354,0.999515,0,0,0,0
740,25,198,537,0.999914,0.947739,0.984354,0.999515,0,0,0,0
741,23,198,538,0.999914,0.944953,0.985968,0.999515,0,0,1,0
742,21,198,539,0.999914,0.944693,0.986107,0.999515,0,0,0,0
743,19,198,540,0.999914,0.944693,0.986107,0.999515,0,0,0,0
744,17,198,541,0.999923,0.944693,0.986107,0.999487,1,0,0,0
745,15,198,542,0.999931,0.944693,0.986107,0.999456,1,0,0,0
746,29,199,542,0.999939,0.944693,0.986107,0.999422,1,0,0,0
747,27,199,543,0.999936,0.950190,0.986107,0.999419,0,1,0,0
748,29,200,543,0.999933,0.955596,0.986107,0.999419,0,1,0,0
749,27,200,544,0.999928,0.960439,0.986107,0.999419,0,1,0,0
750,29,201,544,0.999923,0.965784,0.986107,0.999419,0,1,0,0
751,27,201,545,0.999922,0.966114,0.986107,0.999419,0,0,0,0
752,29,202,545,0.999922,0.966114,0.986107,0.999419,0,0,0,0
753,27,202,546,0.999922,0.966114,0.986107,0.999419,0,0,0,0
754,25,202,547,0.999931,0.966114,0.986107,0.999387,1,0,0,0
755,23,202,548,0.999935,0.969552,0.986107,0.999349,1,1,0,0
756,21,202,549,0.999935,0.969847,0.985334,0.999414,0,0,0,1
757,29,203,549,0.999935,0.969847,0.984444,0.999481,0,0,0,1
758,27,203,550,0.999942,0.969847,0.984367,0.999457,1,0,0,0
759,29,204,550,0.999949,0.969847,0.984367,0.999420,1,0,0,0
760,27,204,551,0.999955,0.969847,0.984367,0.999385,1,0,0,0
761,25,204,552,0.999955,0.968200,0.985980,0.999382,0,0,1,0
762,29,205,552,0.999955,0.966305,0.987553,0.999382,0,0,1,0
763,27,205,553,0.999955,0.966142,0.987676,0.999382,0,0,0,0
764,29,206,553,0.999955,0.966142,0.987676,0.999382,0,0,0,0
765,27,206,554,0.999955,0.966142,0.987676,0.999382,0,0,0,0
766,25,206,555,0.999955,0.966142,0.987676,0.999382,0,0,0,0
767,23,206,556,0.999955,0.964301,0.988951,0.999382,0,0,1,0
768,21,206,557,0.999955,0.964128,0.989061,0.999382,0,0,0,0
769,29,207,557,0.999955,0.964128,0.989061,0.999382,0,0,0,0
770,27,207,558,0.999953,0.967761,0.989061,0.999382,0,1,0,0
771,25,207,559,0.999950,0.969733,0.990194,0.999382,0,1,1,0
772,29,208,559,0.999947,0.971449,0.991299,0.999382,0,1,1,0
773,27,208,560,0.999947,0.971588,0.991385,0.999382,0,0,0,0
774,25,208,561,0.999944,0.974485,0.991385,0.999382,0,1,0,0
775,23,208,562,0.999943,0.974734,0.991385,0.999382,0,0,0,0
776,29,209,562,0.999943,0.974734,0.991385,0.999382,0,0,0,0
777,27,209,563,0.999949,0.974734,0.991385,0.999347,1,0,0,0
778,25,209,564,0.999947,0.977318,0.991385,0.999344,0,1,0,0
779,23,209,565,0.999947,0.977539,0.990903,0.999412,0,0,0,1
780,21,209,566,0.999944,0.979842,0.990858,0.999418,0,1,0,0
781,29,210,566,0.999940,0.982091,0.990858,0.999418,0,1,0,0
782,27,210,567,0.999940,0.982267,0.990858,0.999418,0,0,0,0
783,29,211,567,0.999940,0.982267,0.990858,0.999418,0,0,0,0
784,27,211,568,0.999940,0.982267,0.990858,0.999418,0,0,0,0
785,25,211,569,0.999940,0.982267,0.990858,0.999418,0,0,0,0
786,23,211,570,0.999946,0.982267,0.990858,0.999385,1,0,0,0
787,21,211,571,0.999944,0.984093,0.990858,0.999382,0,1,0,0
788,19,211,572,0.999943,0.984250,0.990348,0.999447,0,0,0,1
789,29,212,572,0.999943,0.984250,0.989758,0.999510,0,0,0,1
790,27,212,573,0.999943,0.984250,0.989708,0.999515,0,0,0,0
791,29,213,573,0.999943,0.984250,0.989708,0.999515,0,0,0,0
792,27,213,574,0.999949,0.984250,0.989708,0.999487,1,0,0,0
793,25,213,575,0.999950,0.984250,0.989134,0.999539,0,0,0,1
794,29,214,575,0.999950,0.984250,0.988471,0.999591,0,0,0,1
795,27,214,576,0.999955,0.984250,0.988414,0.999572,1,0,0,0
796,29,215,576,0.999960,0.984250,0.988414,0.999546,1,0,0,0
797,27,215,577,0.999965,0.984250,0.988414,0.999518,1,0,0,0
798,25,215,578,0.999965,0.983376,0.989614,0.999515,0,0,1,0
799,29,216,578,0.999965,0.982369,0.990783,0.999515,0,0,1,0
800,27,216,579,0.999965,0.982282,0.990874,0.999515,0,0,0,0
801,29,217,579,0.999965,0.982282,0.990874,0.999515,0,0,0,0
802,27,217,580,0.999965,0.982282,0.990874,0.999515,0,0,0,0
803,25,217,581,0.999965,0.982282,0.990874,0.999515,0,0,0,0
804,23,217,582,0.999965,0.982282,0.990874,0.999515,0,0,0,0
805,21,217,583,0.999965,0.982282,0.990874,0.999515,0,0,0,0
806,19,217,584,0.999965,0.982282,0.990874,0.999515,0,0,0,0
807,17,217,585,0.999965,0.982282,0.990874,0.999515,0,0,0,0
808,15,217,586,0.999965,0.981301,0.991822,0.999515,0,0,1,0
809,13,217,587,0.999965,0.981210,0.991903,0.999515,0,0,0,0
810,29,218,587,0.999965,0.981210,0.991450,0.999566,0,0,0,1
811,27,218,588,0.999965,0.980171,0.992300,0.999570,0,0,1,0
812,25,218,589,0.999963,0.982122,0.992376,0.999570,0,1,0,0
813,29,219,589,0.999961,0.984120,0.992376,0.999570,0,1,0,0
814,27,219,590,0.999961,0.984277,0.992376,0.999570,0,0,0,0
815,29,220,590,0.999961,0.984277,0.992376,0.999570,0,0,0,0
816,27,220,591,0.999961,0.984277,0.992376,0.999570,0,0,0,0
817,25,220,592,0.999961,0.984277,0.992376,0.999570,0,0,0,0
818,23,220,593,0.999961,0.984277,0.992376,0.999570,0,0,0,0
819,21,220,594,0.999961,0.984277,0.992376,0.999570,0,0,0,0
820,19,220,595,0.999961,0.984277,0.992376,0.999570,0,0,0,0
821,17,220,596,0.999961,0.984277,0.992376,0.999570,0,0,0,0
822,15,220,597,0.999961,0.984277,0.992376,0.999570,0,0,0,0
823,13,220,598,0.999958,0.985899,0.992376,0.999570,0,1,0,0
824,11,220,599,0.999958,0.986038,0.992376,0.999570,0,0,0,0
825,29,221,599,0.999958,0.986038,0.992376,0.999570,0,0,0,0
826,27,221,600,0.999956,0.987481,0.992376,0.999570,0,1,0,0
827,25,221,601,0.999953,0.988887,0.992376,0.999570,0,1,0,0
828,29,222,601,0.999950,0.990137,0.992376,0.999570,0,1,0,0
829,27,222,602,0.999950,0.990235,0.992376,0.999570,0,0,0,0
830,29,223,602,0.999950,0.990235,0.992376,0.999570,0,0,0,0
831,27,223,603,0.999950,0.990235,0.992376,0.999570,0,0,0,0
832,25,223,604,0.999955,0.990235,0.992376,0.999546,1,0,0,0
833,23,223,605,0.999956,0.990235,0.992376,0.999544,0,0,0,0
834,29,224,605,0.999956,0.990235,0.992376,0.999544,0,0,0,0
835,27,224,606,0.999956,0.990235,0.991950,0.999592,0,0,0,1
836,25,224,607,0.999960,0.990235,0.991457,0.999617,1,0,0,1
837,23,224,608,0.999961,0.989690,0.992307,0.999619,0,0,1,0
838,29,225,608,0.999961,0.989061,0.993175,0.999619,0,0,1,0
839,27,225,609,0.999965,0.989007,0.993242,0.999598,1,0,0,0
840,25,225,610,0.999965,0.989007,0.993242,0.999596,0,0,0,0
841,29,226,610,0.999965,0.989007,0.993242,0.999596,0,0,0,0
842,27,226,611,0.999969,0.989007,0.993242,0.999573,1,0,0,0
843,25,226,612,0.999969,0.989007,0.993242,0.999571,0,0,0,0
844,29,227,612,0.999969,0.989007,0.993242,0.999571,0,0,0,0
845,27,227,613,0.999969,0.989007,0.993242,0.999571,0,0,0,0
846,25,227,614,0.999969,0.989007,0.993242,0.999571,0,0,0,0
847,23,227,615,0.999969,0.989007,0.993242,0.999571,0,0,0,0
848,21,227,616,0.999969,0.989007,0.993242,0.999571,0,0,0,0
849,19,227,617,0.999969,0.989007,0.993242,0.999571,0,0,0,0
850,17,227,618,0.999969,0.989007,0.993242,0.999571,0,0,0,0
851,15,227,619,0.999969,0.989007,0.993242,0.999571,0,0,0,0
852,13,227,620,0.999969,0.988394,0.993945,0.999571,0,0,1,0
853,11,227,621,0.999969,0.988336,0.994006,0.999571,0,0,0,0
854,29,228,621,0.999969,0.988336,0.994006,0.999571,0,0,0,0
855,27,228,622,0.999969,0.988336,0.993670,0.999616,0,0,0,1
856,25,228,623,0.999969,0.988336,0.993638,0.999620,0,0,0,0
857,23,228,624,0.999969,0.988336,0.993282,0.999659,0,0,0,1
858,21,228,625,0.999969,0.988336,0.993248,0.999663,0,0,0,0
859,29,229,625,0.999969,0.988336,0.993248,0.999663,0,0,0,0
860,27,229,626,0.999969,0.988336,0.993248,0.999663,0,0,0,0
861,25,229,627,0.999969,0.988336,0.993248,0.999663,0,0,0,0
862,23,229,628,0.999969,0.988336,0.992870,0.999698,0,0,0,1
863,21,229,629,0.999972,0.988336,0.992434,0.999717,1,0,0,1
864,29,230,629,0.999975,0.988336,0.991971,0.999734,1,0,0,1
865,27,230,630,0.999976,0.988336,0.991480,0.999763,0,0,0,1
866,29,231,630,0.999976,0.988336,0.990959,0.999790,0,0,0,1
867,27,231,631,0.999976,0.988336,0.990407,0.999814,0,0,0,1
868,29,232,631,0.999976,0.988336,0.989821,0.999835,0,0,0,1
869,27,232,632,0.999976,0.988336,0.989771,0.999836,0,0,0,0
870,25,232,633,0.999976,0.988336,0.989771,0.999836,0,0,0,0
871,23,232,634,0.999974,0.988955,0.990832,0.999836,0,1,1,0
872,21,232,635,0.999973,0.990149,0.990922,0.999836,0,1,0,0
873,29,233,635,0.999971,0.991258,0.990922,0.999836,0,1,0,0
874,27,233,636,0.999971,0.991345,0.990922,0.999836,0,0,0,0
875,29,234,636,0.999971,0.991345,0.990922,0.999836,0,0,0,0
876,27,234,637,0.999971,0.991345,0.990922,0.999836,0,0,0,0
877,25,234,638,0.999969,0.992243,0.990922,0.999836,0,1,0,0
878,23,234,639,0.999969,0.991891,0.991865,0.999836,0,0,1,0
879,29,235,639,0.999969,0.991395,0.992782,0.999836,0,0,1,0
880,27,235,640,0.999969,0.990869,0.993597,0.999836,0,0,1,0
881,29,236,640,0.999969,0.990311,0.994320,0.999836,0,0,1,0
882,27,236,641,0.999969,0.990263,0.994377,0.999836,0,0,0,0
883,29,237,641,0.999969,0.990263,0.994377,0.999836,0,0,0,0
884,27,237,642,0.999969,0.989720,0.994962,0.999836,0,0,1,0
885,25,237,643,0.999969,0.989669,0.995012,0.999836,0,0,0,0
886,29,238,643,0.999969,0.989669,0.995012,0.999836,0,0,0,0
887,27,238,644,0.999967,0.990218,0.995532,0.999836,0,1,1,0
888,25,238,645,0.999967,0.990266,0.995577,0.999836,0,0,0,0
889,29,239,645,0.999967,0.990266,0.995577,0.999836,0,0,0,0
890,27,239,646,0.999967,0.990266,0.995577,0.999836,0,0,0,0
891,25,239,647,0.999967,0.990266,0.995577,0.999836,0,0,0,0
892,23,239,648,0.999967,0.990266,0.995577,0.999836,0,0,0,0
893,21,239,649,0.999967,0.990266,0.995577,0.999836,0,0,0,0
894,19,239,650,0.999967,0.990266,0.995328,0.999854,0,0,0,1
895,17,239,651,0.999967,0.989723,0.995794,0.999855,0,0,1,0
896,29,240,651,0.999967,0.989096,0.996270,0.999855,0,0,1,0
897,27,240,652,0.999967,0.988431,0.996693,0.999855,0,0,1,0
898,29,241,652,0.999967,0.987726,0.997067,0.999855,0,0,1,0
899,27,241,653,0.999967,0.987665,0.997097,0.999855,0,0,0,0
900,29,242,653,0.999967,0.987665,0.997097,0.999855,0,0,0,0
901,27,242,654,0.999967,0.986979,0.997252,0.999870,0,0,1,1
902,25,242,655,0.999967,0.986915,0.997266,0.999871,0,0,0,0
903,29,243,655,0.999967,0.986915,0.997266,0.999871,0,0,0,0
904,27,243,656,0.999965,0.987608,0.997551,0.999871,0,1,1,0
905,25,243,657,0.999965,0.986983,0.997829,0.999871,0,0,1,0
906,23,243,658,0.999967,0.988271,0.997729,0.999878,1,1,0,1
907,29,244,658,0.999969,0.989590,0.997590,0.999885,1,1,0,1
908,27,244,659,0.999969,0.989693,0.997578,0.999886,0,0,0,0
909,29,245,659,0.999969,0.989693,0.997578,0.999886,0,0,0,0
910,27,245,660,0.999967,0.990762,0.997441,0.999898,0,1,0,1
911,25,245,661,0.999967,0.990342,0.997697,0.999899,0,0,1,0
912,29,246,661,0.999967,0.989753,0.997958,0.999899,0,0,1,0
913,27,246,662,0.999967,0.989127,0.998190,0.999899,0,0,1,0
914,29,247,662,0.999967,0.988465,0.998395,0.999899,0,0,1,0
915,27,247,663,0.999967,0.987762,0.998496,0.999910,0,0,1,1
916,29,248,663,0.999967,0.987017,0.998584,0.999920,0,0,1,1
917,27,248,664,0.999967,0.986953,0.998512,0.999929,0,0,0,1
918,29,249,664,0.999967,0.986953,0.998420,0.999937,0,0,0,1
919,27,249,665,0.999971,0.986227,0.998578,0.999934,1,0,1,0
920,29,250,665,0.999974,0.985390,0.998739,0.999930,1,0,1,0
921,27,250,666,0.999974,0.985318,0.998752,0.999930,0,0,0,0
922,29,251,666,0.999974,0.985318,0.998752,0.999930,0,0,0,0
923,27,251,667,0.999977,0.985318,0.998752,0.999926,1,0,0,0
924,25,251,668,0.999980,0.985318,0.998752,0.999921,1,0,0,0
925,29,252,668,0.999982,0.985318,0.998752,0.999916,1,0,0,0
926,27,252,669,0.999981,0.986834,0.998752,0.999916,0,1,0,0
927,29,253,669,0.999980,0.988312,0.998752,0.999916,0,1,0,0
928,27,253,670,0.999981,0.989626,0.998752,0.999911,1,1,0,0
929,29,254,670,0.999982,0.990794,0.998752,0.999906,1,1,0,0
930,27,254,671,0.999982,0.990885,0.998752,0.999905,0,0,0,0
931,29,255,671,0.999982,0.990885,0.998752,0.999905,0,0,0,0
932,27,255,672,0.999984,0.990885,0.998752,0.999900,1,0,0,0
933,25,255,673,0.999984,0.990885,0.998752,0.999899,0,0,0,0
934,29,256,673,0.999984,0.990885,0.998752,0.999899,0,0,0,0
935,27,256,674,0.999984,0.990885,0.998752,0.999899,0,0,0,0
936,25,256,675,0.999984,0.990885,0.998752,0.999899,0,0,0,0
937,23,256,676,0.999984,0.990885,0.998752,0.999899,0,0,0,0
938,21,256,677,0.999984,0.990885,0.998752,0.999899,0,0,0,0
939,19,256,678,0.999984,0.990885,0.998752,0.999899,0,0,0,0
940,29,257,678,0.999984,0.990885,0.998752,0.999899,0,0,0,0
941,27,257,679,0.999983,0.991370,0.998882,0.999899,0,1,1,0
942,25,257,680,0.999985,0.990933,0.999009,0.999894,1,0,1,0
943,29,258,680,0.999987,0.990379,0.999122,0.999887,1,0,1,0
944,27,258,681,0.999987,0.990331,0.999082,0.999898,0,0,0,1
945,29,259,681,0.999987,0.990331,0.999025,0.999910,0,0,0,1
946,27,259,682,0.999988,0.990331,0.998965,0.999916,1,0,0,1
947,29,260,682,0.999989,0.990331,0.998901,0.999921,1,0,0,1
948,27,260,683,0.999990,0.990331,0.998896,0.999921,0,0,0,0
949,29,261,683,0.999990,0.990331,0.998896,0.999921,0,0,0,0
950,27,261,684,0.999991,0.990331,0.998896,0.999917,1,0,0,0
951,25,261,685,0.999991,0.990331,0.998896,0.999916,0,0,0,0
952,29,262,685,0.999991,0.990331,0.998896,0.999916,0,0,0,0
953,27,262,686,0.999992,0.990331,0.998833,0.999921,1,0,0,1
954,25,262,687,0.999993,0.990331,0.998828,0.999917,1,0,0,0
955,29,263,687,0.999994,0.990331,0.998828,0.999911,1,0,0,0
956,27,263,688,0.999994,0.990331,0.998828,0.999906,1,0,0,0
957,29,264,688,0.999995,0.990331,0.998828,0.999900,1,0,0,0
958,27,264,689,0.999995,0.990331,0.998828,0.999900,0,0,0,0
959,29,265,689,0.999995,0.990331,0.998828,0.999900,0,0,0,0
960,27,265,690,0.999995,0.990331,0.998828,0.999900,0,0,0,0
961,25,265,691,0.999995,0.990331,0.998828,0.999900,0,0,0,0
962,23,265,692,0.999995,0.989791,0.998950,0.999900,0,0,1,0
963,21,265,693,0.999995,0.989741,0.998961,0.999900,0,0,0,0
964,29,266,693,0.999995,0.989741,0.998961,0.999900,0,0,0,0
965,27,266,694,0.999995,0.990286,0.999069,0.999900,0,1,1,0
966,25,266,695,0.999994,0.990848,0.999175,0.999900,0,1,1,0
967,29,267,695,0.999994,0.991377,0.999269,0.999900,0,1,1,0
968,27,267,696,0.999994,0.992311,0.999276,0.999894,1,1,0,0
969,29,268,696,0.999995,0.993179,0.999276,0.999887,1,1,0,0
970,27,268,697,0.999995,0.992868,0.999352,0.999887,0,0,1,0
971,29,269,697,0.999995,0.992432,0.999425,0.999887,0,0,1,0
972,27,269,698,0.999995,0.991969,0.999491,0.999887,0,0,1,0
973,29,270,698,0.999995,0.991477,0.999548,0.999887,0,0,1,0
974,27,270,699,0.999995,0.990956,0.999577,0.999899,0,0,1,1
975,29,271,699,0.999995,0.990404,0.999602,0.999910,0,0,1,1
976,27,271,700,0.999995,0.990357,0.999581,0.999920,0,0,0,1
977,25,271,701,0.999995,0.990869,0.999623,0.999917,1,1,1,0
978,29,272,701,0.999995,0.991398,0.999666,0.999912,1,1,1,0
979,27,272,702,0.999995,0.991440,0.999669,0.999911,0,0,0,0
980,29,273,702,0.999995,0.991440,0.999669,0.999911,0,0,0,0
981,27,273,703,0.999995,0.991440,0.999669,0.999911,0,0,0,0
982,25,273,704,0.999995,0.991440,0.999669,0.999911,0,0,0,0
983,23,273,705,0.999995,0.991440,0.999669,0.999911,0,0,0,0
984,21,273,706,0.999996,0.990962,0.999704,0.999906,1,0,1,0
985,19,273,707,0.999996,0.990917,0.999707,0.999906,0,0,0,0
986,29,274,707,0.999996,0.990917,0.999707,0.999906,0,0,0,0
987,27,274,708,0.999996,0.990917,0.999707,0.999906,0,0,0,0
988,25,274,709,0.999996,0.991860,0.999707,0.999900,1,1,0,0
989,23,274,710,0.999996,0.992778,0.999707,0.999900,0,1,0,0
990,29,275,710,0.999996,0.993593,0.999707,0.999900,0,1,0,0
991,27,275,711,0.999996,0.993301,0.999738,0.999894,1,0,1,0
992,29,276,711,0.999996,0.992891,0.999767,0.999888,1,0,1,0
993,27,276,712,0.999997,0.992856,0.999770,0.999881,1,0,0,0
994,29,277,712,0.999997,0.992856,0.999770,0.999873,1,0,0,0
995,27,277,713,0.999997,0.992856,0.999770,0.999873,0,0,0,0
996,25,277,714,0.999998,0.992856,0.999770,0.999866,1,0,0,0
997,23,277,715,0.999998,0.992856,0.999757,0.999879,0,0,0,1
998,29,278,715,0.999998,0.992856,0.999742,0.999893,0,0,0,1
999,27,278,716,0.999998,0.992856,0.999726,0.999900,1,0,0,1
1000,29,279,716,0.999998,0.992856,0.999709,0.999905,1,0,0,1
1001,27,279,717,0.999998,0.992456,0.999738,0.999906,0,0,1,0
1002,29,280,717,0.999998,0.991994,0.999768,0.999906,0,0,1,0
1003,27,280,718,0.999998,0.991955,0.999770,0.999906,0,0,0,0
1004,29,281,718,0.999998,0.991955,0.999770,0.999906,0,0,0,0
1005,27,281,719,0.999998,0.991505,0.999794,0.999906,0,0,1,0
1006,25,281,720,0.999998,0.991917,0.999818,0.999906,0,1,1,0
1007,29,282,720,0.999998,0.992385,0.999838,0.999906,0,1,1,0
1008,27,282,721,0.999998,0.992827,0.999857,0.999906,0,1,1,0
1009,29,283,721,0.999998,0.993243,0.999873,0.999906,0,1,1,0
1010,27,283,722,0.999998,0.993276,0.999874,0.999906,0,0,0,0
1011,29,284,722,0.999998,0.993276,0.999874,0.999906,0,0,0,0
1012,27,284,723,0.999998,0.993276,0.999874,0.999901,1,0,0,0
1013,25,284,724,0.999998,0.993276,0.999874,0.999895,1,0,0,0
1014,23,284,725,0.999998,0.992900,0.999887,0.999888,1,0,1,0
1015,21,284,726,0.999998,0.992465,0.999900,0.999881,1,0,1,0
1016,29,285,726,0.999999,0.992004,0.999911,0.999874,1,0,1,0
1017,27,285,727,0.999999,0.991964,0.999907,0.999886,0,0,0,1
1018,25,285,728,0.999999,0.992799,0.999902,0.999894,1,1,0,1
1019,29,286,728,0.999999,0.993612,0.999896,0.999900,1,1,0,1
1020,27,286,729,0.999999,0.993675,0.999895,0.999900,0,0,0,0
1021,29,287,729,0.999999,0.993675,0.999895,0.999900,0,0,0,0
1022,27,287,730,0.999999,0.993321,0.999906,0.999895,1,0,1,0
1023,25,287,731,0.999999,0.993288,0.999907,0.999894,0,0,0,0
1024,29,288,731,0.999999,0.993288,0.999907,0.999894,0,0,0,0
1025,27,288,732,0.999999,0.993288,0.999907,0.999894,0,0,0,0
1026,25,288,733,0.999999,0.993288,0.999902,0.999900,1,0,0,1
1027,23,288,734,0.999999,0.993288,0.999901,0.999900,0,0,0,0
1028,29,289,734,0.999999,0.993288,0.999901,0.999900,0,0,0,0
1029,27,289,735,0.999999,0.992912,0.999912,0.999900,0,0,1,0
1030,25,289,736,0.999999,0.992877,0.999913,0.999900,0,0,0,0
1031,29,290,736,0.999999,0.992877,0.999913,0.999900,0,0,0,0
1032,27,290,737,0.999999,0.992877,0.999913,0.999900,0,0,0,0
1033,25,290,738,0.999999,0.992877,0.999913,0.999900,0,0,0,0
1034,23,290,739,0.999999,0.992877,0.999913,0.999900,0,0,0,0
1035,21,290,740,0.999999,0.992877,0.999913,0.999900,0,0,0,0
1036,19,290,741,0.999999,0.992877,0.999913,0.999900,0,0,0,0
1037,17,290,742,0.999999,0.992877,0.999913,0.999900,0,0,0,0
1038,15,290,743,0.999999,0.993618,0.999913,0.999900,0,1,0,0
1039,13,290,744,0.999999,0.993327,0.999922,0.999895,1,0,1,0
1040,29,291,744,0.999999,0.992918,0.999931,0.999888,1,0,1,0
1041,27,291,745,0.999999,0.992883,0.999931,0.999888,0,0,0,0
1042,29,292,745,0.999999,0.992883,0.999931,0.999888,0,0,0,0
1043,27,292,746,0.999999,0.992883,0.999931,0.999888,0,0,0,0
1044,25,292,747,0.999999,0.992883,0.999931,0.999888,0,0,0,0
1045,23,292,748,0.999999,0.992883,0.999931,0.999881,1,0,0,0
1046,21,292,749,0.999999,0.992883,0.999931,0.999881,0,0,0,0
1047,29,293,749,0.999999,0.992883,0.999931,0.999881,0,0,0,0
1048,27,293,750,0.999999,0.992883,0.999931,0.999881,0,0,0,0
1049,25,293,751,0.999999,0.992883,0.999931,0.999881,0,0,0,0
1050,23,293,752,0.999999,0.992883,0.999931,0.999874,1,0,0,0
1051,21,293,753,0.999999,0.993623,0.999931,0.999873,0,1,0,0
1052,19,293,754,0.999999,0.993687,0.999931,0.999866,1,0,0,0
1053,29,294,754,0.999999,0.993687,0.999931,0.999858,1,0,0,0
1054,27,294,755,0.999999,0.993687,0.999931,0.999857,0,0,0,0
1055,29,295,755,0.999999,0.993687,0.999931,0.999857,0,0,0,0
1056,27,295,756,0.999999,0.994344,0.999931,0.999857,0,1,0,0
1057,25,295,757,0.999999,0.994086,0.999938,0.999857,0,0,1,0
1058,29,296,757,0.999999,0.993723,0.999945,0.999857,0,0,1,0
1059,27,296,758,0.999999,0.993339,0.999952,0.999857,0,0,1,0
1060,29,297,758,0.999999,0.992931,0.999957,0.999857,0,0,1,0
1061,27,297,759,0.999999,0.992896,0.999958,0.999857,0,0,0,0
1062,29,298,759,0.999999,0.992896,0.999958,0.999857,0,0,0,0
1063,27,298,760,0.999999,0.992896,0.999958,0.999857,0,0,0,0
1064,25,298,761,0.999999,0.993635,0.999958,0.999857,0,1,0,0
1065,23,298,762,0.999999,0.994034,0.999962,0.999849,1,1,1,0
1066,29,299,762,0.999999,0.994380,0.999966,0.999840,1,1,1,0
1067,27,299,763,0.999999,0.994990,0.999967,0.999839,0,1,0,0
1068,25,299,764,0.999999,0.995305,0.999968,0.999848,1,1,1,1
1069,29,300,764,1.000000,0.995578,0.999970,0.999857,1,1,1,1
1070,27,300,765,1.000000,0.995600,0.999970,0.999857,0,0,0,0
1071,29,301,765,1.000000,0.995600,0.999970,0.999857,0,0,0,0
1072,27,301,766,0.999999,0.996059,0.999970,0.999857,0,1,0,0
1073,25,301,767,0.999999,0.996098,0.999970,0.999857,0,0,0,0
1074,29,302,767,0.999999,0.996098,0.999970,0.999857,0,0,0,0
1075,27,302,768,1.000000,0.996505,0.999970,0.999849,1,1,0,0
1076,25,302,769,1.000000,0.996345,0.999974,0.999849,0,0,1,0
1077,29,303,769,1.000000,0.996121,0.999977,0.999849,0,0,1,0
1078,27,303,770,1.000000,0.996101,0.999977,0.999849,0,0,0,0
1079,29,304,770,1.000000,0.996101,0.999977,0.999849,0,0,0,0
1080,27,304,771,0.999999,0.996508,0.999977,0.999849,0,1,0,0
1081,25,304,772,0.999999,0.996543,0.999977,0.999849,0,0,0,0
1082,29,305,772,0.999999,0.996543,0.999977,0.999849,0,0,0,0
1083,27,305,773,0.999999,0.996543,0.999977,0.999849,0,0,0,0
1084,25,305,774,1.000000,0.996543,0.999977,0.999840,1,0,0,0
1085,23,305,775,1.000000,0.996543,0.999977,0.999839,0,0,0,0
1086,29,306,775,1.000000,0.996543,0.999977,0.999839,0,0,0,0
1087,27,306,776,1.000000,0.996543,0.999977,0.999839,0,0,0,0
1088,25,306,777,1.000000,0.996543,0.999977,0.999839,0,0,0,0
1089,23,306,778,1.000000,0.996543,0.999977,0.999839,0,0,0,0
1090,21,306,779,1.000000,0.996543,0.999977,0.999839,0,0,0,0
1091,19,306,780,1.000000,0.996348,0.999978,0.999856,0,0,1,1
1092,17,306,781,1.000000,0.996330,0.999977,0.999872,0,0,0,1
1093,29,307,781,1.000000,0.996330,0.999975,0.999887,0,0,0,1
1094,27,307,782,1.000000,0.996124,0.999977,0.999894,1,0,1,1
1095,29,308,782,1.000000,0.995886,0.999978,0.999900,1,0,1,1
1096,27,308,783,1.000000,0.995866,0.999978,0.999895,1,0,0,0
1097,29,309,783,1.000000,0.995866,0.999978,0.999889,1,0,0,0
1098,27,309,784,1.000000,0.996297,0.999978,0.999882,1,1,0,0
1099,29,310,784,1.000000,0.996716,0.999978,0.999874,1,1,0,0
1100,27,310,785,1.000000,0.997088,0.999978,0.999874,0,1,0,0
1101,29,311,785,1.000000,0.997418,0.999978,0.999874,0,1,0,0
1102,27,311,786,1.000000,0.997300,0.999980,0.999874,0,0,1,0
1103,29,312,786,1.000000,0.997134,0.999983,0.999874,0,0,1,0
1104,27,312,787,1.000000,0.997120,0.999983,0.999874,0,0,0,0
1105,29,313,787,1.000000,0.997120,0.999983,0.999874,0,0,0,0
1106,27,313,788,1.000000,0.997120,0.999983,0.999874,0,0,0,0
1107,25,313,789,1.000000,0.997120,0.999983,0.999867,1,0,0,0
1108,23,313,790,1.000000,0.997420,0.999983,0.999866,0,1,0,0
1109,29,314,790,1.000000,0.997713,0.999983,0.999866,0,1,0,0
1110,27,314,791,1.000000,0.997736,0.999983,0.999866,0,0,0,0
1111,29,315,791,1.000000,0.997736,0.999983,0.999866,0,0,0,0
1112,27,315,792,1.000000,0.997736,0.999983,0.999866,0,0,0,0
1113,25,315,793,1.000000,0.997736,0.999983,0.999866,0,0,0,0
1114,23,315,794,1.000000,0.997736,0.999983,0.999866,0,0,0,0
1115,21,315,795,1.000000,0.997736,0.999983,0.999866,0,0,0,0
1116,19,315,796,1.000000,0.997736,0.999983,0.999866,0,0,0,0
1117,17,315,797,1.000000,0.997736,0.999983,0.999859,1,0,0,0
1118,15,315,798,1.000000,0.997736,0.999983,0.999858,0,0,0,0
1119,29,316,798,1.000000,0.997736,0.999983,0.999858,0,0,0,0
1120,27,316,799,1.000000,0.997736,0.999982,0.999873,0,0,0,1
1121,25,316,800,1.000000,0.997736,0.999981,0.999887,0,0,0,1
1122,29,317,800,1.000000,0.997736,0.999980,0.999900,0,0,0,1
1123,27,317,801,1.000000,0.997736,0.999979,0.999901,0,0,0,0
1124,29,318,801,1.000000,0.997736,0.999979,0.999901,0,0,0,0
1125,27,318,802,1.000000,0.997736,0.999978,0.999911,0,0,0,1
1126,25,318,803,1.000000,0.997736,0.999977,0.999921,0,0,0,1
1127,29,319,803,1.000000,0.997736,0.999976,0.999930,0,0,0,1
1128,27,319,804,1.000000,0.997736,0.999975,0.999931,0,0,0,0
1129,29,320,804,1.000000,0.997736,0.999975,0.999931,0,0,0,0
1130,27,320,805,1.000000,0.997736,0.999975,0.999931,0,0,0,0
1131,25,320,806,1.000000,0.997608,0.999978,0.999931,0,0,1,0
1132,23,320,807,1.000000,0.997596,0.999978,0.999931,0,0,0,0
1133,21,320,808,1.000000,0.997596,0.999978,0.999931,0,0,0,0
1134,19,320,809,1.000000,0.997596,0.999978,0.999931,0,0,0,0
1135,17,320,810,1.000000,0.997596,0.999978,0.999931,0,0,0,0
1136,15,320,811,1.000000,0.997596,0.999978,0.999931,0,0,0,0
1137,13,320,812,1.000000,0.997596,0.999978,0.999931,0,0,0,0
1138,11,320,813,1.000000,0.997596,0.999978,0.999931,0,0,0,0
1139,9,320,814,1.000000,0.997596,0.999978,0.999931,0,0,0,0
1140,7,320,815,1.000000,0.997596,0.999978,0.999931,0,0,0,0
1141,5,320,816,1.000000,0.997596,0.999977,0.999938,0,0,0,1
1142,3,320,817,1.000000,0.997596,0.999977,0.999939,0,0,0,0
1143,29,321,817,1.000000,0.997596,0.999977,0.999939,0,0,0,0
1144,27,321,818,1.000000,0.997596,0.999977,0.999939,0,0,0,0
1145,25,321,819,1.000000,0.997596,0.999977,0.999939,0,0,0,0
1146,23,321,820,1.000000,0.997596,0.999977,0.999939,0,0,0,0
1147,21,321,821,1.000000,0.997596,0.999977,0.999939,0,0,0,0
1148,19,321,822,1.000000,0.997461,0.999979,0.999939,0,0,1,0
1149,17,321,823,1.000000,0.997305,0.999982,0.999939,0,0,1,0
1150,29,322,823,1.000000,0.997139,0.999984,0.999939,0,0,1,0
1151,27,322,824,1.000000,0.996963,0.999986,0.999939,0,0,1,0
1152,29,323,824,1.000000,0.996776,0.999987,0.999939,0,0,1,0
1153,27,323,825,1.000000,0.996760,0.999987,0.999939,0,0,0,0
1154,25,323,826,1.000000,0.996760,0.999987,0.999939,0,0,0,0
1155,23,323,827,1.000000,0.996760,0.999987,0.999939,0,0,0,0
1156,21,323,828,1.000000,0.996760,0.999987,0.999939,0,0,0,0
1157,19,323,829,1.000000,0.996760,0.999987,0.999939,0,0,0,0
1158,17,323,830,1.000000,0.996760,0.999987,0.999935,1,0,0,0
1159,15,323,831,1.000000,0.996760,0.999987,0.999935,0,0,0,0
1160,29,324,831,1.000000,0.996760,0.999987,0.999935,0,0,0,0
1161,27,324,832,1.000000,0.996760,0.999987,0.999935,0,0,0,0
1162,25,324,833,1.000000,0.997098,0.999987,0.999935,0,1,0,0
1163,23,324,834,1.000000,0.997427,0.999987,0.999935,0,1,0,0
1164,29,325,834,1.000000,0.997719,0.999987,0.999935,0,1,0,0
1165,27,325,835,1.000000,0.997742,0.999987,0.999935,0,0,0,0
1166,25,325,836,1.000000,0.997615,0.999989,0.999931,1,0,1,0
1167,23,325,837,1.000000,0.997603,0.999989,0.999931,0,0,0,0
1168,29,326,837,1.000000,0.997603,0.999989,0.999931,0,0,0,0
1169,27,326,838,1.000000,0.997468,0.999990,0.999931,0,0,1,0
1170,25,326,839,1.000000,0.997455,0.999990,0.999931,0,0,0,0
1171,29,327,839,1.000000,0.997455,0.999990,0.999931,0,0,0,0
1172,27,327,840,1.000000,0.997721,0.999990,0.999931,0,1,0,0
1173,25,327,841,1.000000,0.997979,0.999990,0.999931,0,1,0,0
1174,29,328,841,1.000000,0.998209,0.999990,0.999931,0,1,0,0
1175,27,328,842,1.000000,0.998226,0.999990,0.999931,0,0,0,0
1176,29,329,842,1.000000,0.998226,0.999990,0.999931,0,0,0,0
1177,27,329,843,1.000000,0.998226,0.999990,0.999931,0,0,0,0
1178,25,329,844,1.000000,0.998226,0.999990,0.999931,0,0,0,0
1179,23,329,845,1.000000,0.998226,0.999990,0.999931,0,0,0,0
1180,21,329,846,1.000000,0.998226,0.999990,0.999931,0,0,0,0
1181,19,329,847,1.000000,0.998127,0.999991,0.999931,0,0,1,0
1182,17,329,848,1.000000,0.998117,0.999991,0.999931,0,0,0,0
1183,29,330,848,1.000000,0.998117,0.999991,0.999931,0,0,0,0
1184,27,330,849,1.000000,0.998117,0.999991,0.999931,0,0,0,0
1185,25,330,850,1.000000,0.998314,0.999991,0.999931,0,1,0,0
1186,23,330,851,1.000000,0.998331,0.999991,0.999931,0,0,0,0
1187,21,330,852,1.000000,0.998331,0.999991,0.999931,0,0,0,0
1188,19,330,853,1.000000,0.998331,0.999991,0.999931,0,0,0,0
1189,17,330,854,1.000000,0.998331,0.999991,0.999927,1,0,0,0
1190,15,330,855,1.000000,0.998505,0.999991,0.999927,0,1,0,0
1191,29,331,855,1.000000,0.998675,0.999991,0.999927,0,1,0,0
1192,27,331,856,1.000000,0.998688,0.999991,0.999927,0,0,0,0
1193,29,332,856,1.000000,0.998688,0.999991,0.999927,0,0,0,0
1194,27,332,857,1.000000,0.998688,0.999991,0.999927,0,0,0,0
1195,25,332,858,1.000000,0.998688,0.999991,0.999927,0,0,0,0
1196,23,332,859,1.000000,0.998688,0.999991,0.999927,0,0,0,0
1197,21,332,860,1.000000,0.998688,0.999991,0.999927,0,0,0,0
1198,19,332,861,1.000000,0.998825,0.999991,0.999927,0,1,0,0
1199,17,332,862,1.000000,0.998837,0.999991,0.999927,0,0,0,0
1200,29,333,862,1.000000,0.998837,0.999991,0.999927,0,0,0,0
1201,27,333,863,1.000000,0.998837,0.999991,0.999927,0,0,0,0
1202,25,333,864,1.000000,0.998771,0.999992,0.999927,0,0,1,0
1203,23,333,865,1.000000,0.998765,0.999992,0.999935,0,0,0,1
1204,29,334,865,1.000000,0.998765,0.999991,0.999942,0,0,0,1
1205,27,334,866,1.000000,0.998765,0.999991,0.999943,0,0,0,0
1206,29,335,866,1.000000,0.998765,0.999991,0.999943,0,0,0,0
1207,27,335,867,1.000000,0.998765,0.999991,0.999943,0,0,0,0
1208,25,335,868,1.000000,0.998765,0.999991,0.999943,0,0,0,0
1209,23,335,869,1.000000,0.998765,0.999991,0.999943,0,0,0,0
1210,21,335,870,1.000000,0.998765,0.999991,0.999943,0,0,0,0
1211,19,335,871,1.000000,0.998765,0.999991,0.999943,0,0,0,0
1212,17,335,872,1.000000,0.998765,0.999991,0.999943,0,0,0,0
1213,15,335,873,1.000000,0.998765,0.999991,0.999943,0,0,0,0
1214,13,335,874,1.000000,0.998765,0.999991,0.999943,0,0,0,0
1215,11,335,875,1.000000,0.998765,0.999991,0.999943,0,0,0,0
1216,9,335,876,1.000000,0.998765,0.999991,0.999943,0,0,0,0
1217,7,335,877,1.000000,0.998765,0.999991,0.999943,0,0,0,0
1218,5,335,878,1.000000,0.998696,0.999992,0.999943,0,0,1,0
1219,3,335,879,1.000000,0.998689,0.999992,0.999943,0,0,0,0
1220,29,336,879,1.000000,0.998689,0.999992,0.999949,0,0,0,1
1221,27,336,880,1.000000,0.998689,0.999992,0.999949,0,0,0,0
1222,29,337,880,1.000000,0.998689,0.999992,0.999949,0,0,0,0
1223,27,337,881,1.000000,0.998689,0.999992,0.999949,0,0,0,0
1224,25,337,882,1.000000,0.998689,0.999992,0.999946,1,0,0,0
1225,23,337,883,1.000000,0.998826,0.999992,0.999946,0,1,0,0
1226,29,338,883,1.000000,0.998959,0.999992,0.999946,0,1,0,0
1227,27,338,884,1.000000,0.998970,0.999992,0.999946,0,0,0,0
1228,29,339,884,1.000000,0.998970,0.999992,0.999946,0,0,0,0
1229,27,339,885,1.000000,0.998912,0.999993,0.999946,0,0,1,0
1230,25,339,886,1.000000,0.998906,0.999993,0.999946,0,0,0,0
1231,29,340,886,1.000000,0.998906,0.999993,0.999946,0,0,0,0
1232,27,340,887,1.000000,0.998906,0.999993,0.999946,0,0,0,0
1233,25,340,888,1.000000,0.999021,0.999993,0.999946,0,1,0,0
1234,23,340,889,1.000000,0.999031,0.999993,0.999946,0,0,0,0
1235,29,341,889,1.000000,0.999031,0.999993,0.999946,0,0,0,0
1236,27,341,890,1.000000,0.999031,0.999993,0.999946,0,0,0,0
1237,25,341,891,1.000000,0.999132,0.999993,0.999943,1,1,0,0
1238,23,341,892,1.000000,0.999230,0.999993,0.999943,0,1,0,0
1239,29,342,892,1.000000,0.999318,0.999993,0.999943,0,1,0,0
1240,27,342,893,1.000000,0.999287,0.999993,0.999939,1,0,1,0
1241,25,342,894,1.000000,0.999283,0.999993,0.999936,1,0,0,0
1242,29,343,894,1.000000,0.999283,0.999993,0.999932,1,0,0,0
1243,27,343,895,1.000000,0.999283,0.999993,0.999927,1,0,0,0
1244,29,344,895,1.000000,0.999283,0.999993,0.999923,1,0,0,0
1245,27,344,896,1.000000,0.999358,0.999993,0.999923,0,1,0,0
1246,29,345,896,1.000000,0.999431,0.999993,0.999923,0,1,0,0
1247,27,345,897,1.000000,0.999437,0.999993,0.999918,1,0,0,0
1248,29,346,897,1.000000,0.999437,0.999993,0.999913,1,0,0,0
1249,27,346,898,1.000000,0.999437,0.999993,0.999913,0,0,0,0
1250,29,347,898,1.000000,0.999437,0.999993,0.999913,0,0,0,0
1251,27,347,899,1.000000,0.999496,0.999993,0.999913,0,1,0,0
1252,25,347,900,1.000000,0.999553,0.999993,0.999913,0,1,0,0
1253,29,348,900,1.000000,0.999604,0.999993,0.999913,0,1,0,0
1254,27,348,901,1.000000,0.999608,0.999993,0.999913,0,0,0,0
1255,29,349,901,1.000000,0.999608,0.999993,0.999913,0,0,0,0
1256,27,349,902,1.000000,0.999608,0.999993,0.999913,0,0,0,0
1257,25,349,903,1.000000,0.999608,0.999993,0.999913,0,0,0,0
1258,23,349,904,1.000000,0.999608,0.999993,0.999922,0,0,0,1
1259,21,349,905,1.000000,0.999608,0.999993,0.999923,0,0,0,0
1260,29,350,905,1.000000,0.999608,0.999993,0.999923,0,0,0,0
1261,27,350,906,1.000000,0.999608,0.999993,0.999931,0,0,0,1
1262,25,350,907,1.000000,0.999585,0.999993,0.999935,1,0,1,1
1263,29,351,907,1.000000,0.999560,0.999993,0.999939,1,0,1,1
1264,27,351,908,1.000000,0.999604,0.999993,0.999939,0,1,0,0
1265,29,352,908,1.000000,0.999649,0.999993,0.999939,0,1,0,0
1266,27,352,909,1.000000,0.999652,0.999993,0.999936,1,0,0,0
1267,29,353,909,1.000000,0.999652,0.999993,0.999932,1,0,0,0
1268,27,353,910,1.000000,0.999652,0.999993,0.999931,0,0,0,0
1269,29,354,910,1.000000,0.999652,0.999993,0.999931,0,0,0,0
1270,27,354,911,1.000000,0.999652,0.999993,0.999939,0,0,0,1
1271,25,354,912,1.000000,0.999652,0.999993,0.999936,1,0,0,0
1272,29,355,912,1.000000,0.999652,0.999993,0.999932,1,0,0,0
1273,27,355,913,1.000000,0.999652,0.999993,0.999939,0,0,0,1
1274,25,355,914,1.000000,0.999652,0.999993,0.999939,0,0,0,0
1275,29,356,914,1.000000,0.999652,0.999993,0.999939,0,0,0,0
1276,27,356,915,1.000000,0.999652,0.999993,0.999936,1,0,0,0
1277,25,356,916,1.000000,0.999689,0.999992,0.999939,1,1,0,1
1278,23,356,917,1.000000,0.999724,0.999992,0.999943,1,1,0,1
1279,21,356,918,1.000000,0.999742,0.999993,0.999943,0,1,1,0
1280,29,357,918,1.000000,0.999757,0.999993,0.999943,0,1,1,0
1281,27,357,919,1.000000,0.999744,0.999994,0.999940,1,0,1,0
1282,29,358,919,1.000000,0.999728,0.999995,0.999936,1,0,1,0
1283,27,358,920,1.000000,0.999756,0.999995,0.999942,0,1,0,1
1284,29,359,920,1.000000,0.999783,0.999994,0.999949,0,1,0,1
1285,27,359,921,1.000000,0.999786,0.999994,0.999949,0,0,0,0
1286,29,360,921,1.000000,0.999786,0.999994,0.999949,0,0,0,0
1287,27,360,922,1.000000,0.999786,0.999994,0.999955,0,0,0,1
1288,25,360,923,1.000000,0.999786,0.999994,0.999960,0,0,0,1
1289,23,360,924,1.000000,0.999808,0.999994,0.999960,0,1,0,0
1290,29,361,924,1.000000,0.999830,0.999994,0.999960,0,1,0,0
1291,27,361,925,1.000000,0.999832,0.999994,0.999960,0,0,0,0
1292,29,362,925,1.000000,0.999832,0.999994,0.999960,0,0,0,0
1293,27,362,926,1.000000,0.999832,0.999994,0.999960,0,0,0,0
1294,25,362,927,1.000000,0.999832,0.999994,0.999960,0,0,0,0
1295,23,362,928,1.000000,0.999832,0.999994,0.999960,0,0,0,0
1296,21,362,929,1.000000,0.999832,0.999994,0.999960,0,0,0,0
1297,19,362,930,1.000000,0.999832,0.999994,0.999960,0,0,0,0
1298,17,362,931,1.000000,0.999832,0.999994,0.999960,0,0,0,0
1299,15,362,932,1.000000,0.999832,0.999994,0.999960,0,0,0,0
1300,13,362,933,1.000000,0.999849,0.999994,0.999960,0,1,0,0
1301,11,362,934,1.000000,0.999851,0.999994,0.999960,0,0,0,0
1302,29,363,934,1.000000,0.999851,0.999994,0.999960,0,0,0,0
1303,27,363,935,1.000000,0.999851,0.999994,0.999960,0,0,0,0
1304,25,363,936,1.000000,0.999851,0.999994,0.999960,0,0,0,0
1305,23,363,937,1.000000,0.999851,0.999994,0.999958,1,0,0,0
1306,21,363,938,1.000000,0.999866,0.999994,0.999955,1,1,0,0
1307,19,363,939,1.000000,0.999868,0.999993,0.999960,0,0,0,1
1308,29,364,939,1.000000,0.999868,0.999993,0.999964,0,0,0,1
1309,27,364,940,1.000000,0.999868,0.999992,0.999967,1,0,0,1
1310,29,365,940,1.000000,0.999868,0.999992,0.999969,1,0,0,1
1311,27,365,941,1.000000,0.999868,0.999991,0.999970,1,0,0,1
1312,29,366,941,1.000000,0.999868,0.999991,0.999972,1,0,0,1
1313,27,366,942,1.000000,0.999881,0.999991,0.999972,0,1,0,0
1314,25,366,943,1.000000,0.999883,0.999990,0.999974,1,0,0,1
1315,23,366,944,1.000000,0.999895,0.999990,0.999974,0,1,0,0
1316,29,367,944,1.000000,0.999907,0.999990,0.999974,0,1,0,0
1317,27,367,945,1.000000,0.999908,0.999990,0.999972,1,0,0,0
1318,29,368,945,1.000000,0.999908,0.999990,0.999971,1,0,0,0
1319,27,368,946,1.000000,0.999908,0.999990,0.999971,0,0,0,0
1320,29,369,946,1.000000,0.999908,0.999990,0.999971,0,0,0,0
1321,27,369,947,1.000000,0.999917,0.999990,0.999971,0,1,0,0
1322,25,369,948,1.000000,0.999914,0.999991,0.999971,0,0,1,0
1323,29,370,948,1.000000,0.999908,0.999992,0.999971,0,0,1,0
1324,27,370,949,1.000000,0.999908,0.999992,0.999971,0,0,0,0
1325,29,371,949,1.000000,0.999908,0.999992,0.999971,0,0,0,0
1326,27,371,950,1.000000,0.999903,0.999993,0.999974,0,0,1,1
1327,25,371,951,1.000000,0.999902,0.999992,0.999977,0,0,0,1
1328,23,371,952,1.000000,0.999912,0.999992,0.999979,0,1,0,1
1329,29,372,952,1.000000,0.999922,0.999991,0.999982,0,1,0,1
1330,27,372,953,1.000000,0.999923,0.999991,0.999982,0,0,0,0
1331,29,373,953,1.000000,0.999923,0.999991,0.999982,0,0,0,0
1332,27,373,954,1.000000,0.999923,0.999991,0.999983,1,0,0,1
1333,25,373,955,1.000000,0.999923,0.999990,0.999985,0,0,0,1
1334,29,374,955,1.000000,0.999923,0.999990,0.999986,1,0,0,1
1335,27,374,956,1.000000,0.999919,0.999991,0.999986,0,0,1,0
1336,29,375,956,1.000000,0.999914,0.999992,0.999986,0,0,1,0
1337,27,375,957,1.000000,0.999913,0.999991,0.999987,0,0,0,1
1338,29,376,957,1.000000,0.999913,0.999991,0.999989,0,0,0,1
1339,27,376,958,1.000000,0.999913,0.999991,0.999989,0,0,0,0
1340,29,377,958,1.000000,0.999913,0.999991,0.999989,0,0,0,0
1341,27,377,959,1.000000,0.999913,0.999991,0.999989,0,0,0,0
1342,25,377,960,1.000000,0.999913,0.999991,0.999989,0,0,0,0
1343,23,377,961,1.000000,0.999913,0.999991,0.999989,0,0,0,0
1344,21,377,962,1.000000,0.999913,0.999991,0.999989,0,0,0,0
1345,19,377,963,1.000000,0.999913,0.999991,0.999989,0,0,0,0
1346,17,377,964,1.000000,0.999913,0.999991,0.999989,0,0,0,0
1347,15,377,965,1.000000,0.999913,0.999991,0.999988,1,0,0,0
1348,13,377,966,1.000000,0.999913,0.999991,0.999987,1,0,0,0
1349,11,377,967,1.000000,0.999909,0.999991,0.999989,0,0,1,1
1350,29,378,967,1.000000,0.999903,0.999992,0.999990,0,0,1,1
1351,27,378,968,1.000000,0.999902,0.999992,0.999990,0,0,0,0
1352,29,379,968,1.000000,0.999902,0.999992,0.999990,0,0,0,0
1353,27,379,969,1.000000,0.999908,0.999993,0.999990,0,1,1,0
1354,25,379,970,1.000000,0.999913,0.999993,0.999990,0,1,1,0
1355,29,380,970,1.000000,0.999918,0.999994,0.999990,0,1,1,0
1356,27,380,971,1.000000,0.999927,0.999994,0.999991,0,1,0,1
1357,29,381,971,1.000000,0.999935,0.999994,0.999992,0,1,0,1
1358,27,381,972,1.000000,0.999936,0.999994,0.999992,0,0,0,0
1359,29,382,972,1.000000,0.999936,0.999994,0.999992,0,0,0,0
1360,27,382,973,1.000000,0.999936,0.999994,0.999992,0,0,0,0
1361,25,382,974,1.000000,0.999936,0.999993,0.999993,0,0,0,1
1362,23,382,975,1.000000,0.999936,0.999993,0.999993,0,0,0,0
1363,29,383,975,1.000000,0.999936,0.999993,0.999993,0,0,0,0
1364,27,383,976,1.000000,0.999936,0.999993,0.999993,0,0,0,0
1365,25,383,977,1.000000,0.999936,0.999993,0.999993,0,0,0,0
1366,23,383,978,1.000000,0.999943,0.999993,0.999993,0,1,0,0
1367,21,383,979,1.000000,0.999940,0.999994,0.999993,1,0,1,0
1368,29,384,979,1.000000,0.999936,0.999995,0.999992,1,0,1,0
1369,27,384,980,1.000000,0.999936,0.999995,0.999992,0,0,0,0
1370,29,385,980,1.000000,0.999936,0.999995,0.999992,0,0,0,0
1371,27,385,981,1.000000,0.999932,0.999995,0.999993,0,0,1,1
1372,25,385,982,1.000000,0.999928,0.999995,0.999993,0,0,1,0
1373,29,386,982,1.000000,0.999924,0.999996,0.999993,0,0,1,0
1374,27,386,983,1.000000,0.999931,0.999996,0.999994,0,1,0,1
1375,29,387,983,1.000000,0.999939,0.999996,0.999995,0,1,0,1
1376,27,387,984,1.000000,0.999940,0.999996,0.999995,0,0,0,0
1377,29,388,984,1.000000,0.999940,0.999996,0.999995,0,0,0,0
1378,27,388,985,1.000000,0.999940,0.999996,0.999995,0,0,0,0
1379,25,388,986,1.000000,0.999940,0.999996,0.999995,0,0,0,0
1380,23,388,987,1.000000,0.999940,0.999996,0.999995,0,0,0,0
1381,21,388,988,1.000000,0.999940,0.999996,0.999995,0,0,0,0
1382,19,388,989,1.000000,0.999940,0.999996,0.999995,0,0,0,0
1383,17,388,990,1.000000,0.999940,0.999996,0.999995,0,0,0,0
1384,15,388,991,1.000000,0.999940,0.999996,0.999995,0,0,0,0
1385,13,388,992,1.000000,0.999940,0.999996,0.999995,0,0,0,0
1386,11,388,993,1.000000,0.999946,0.999996,0.999995,0,1,0,0
1387,9,388,994,1.000000,0.999947,0.999996,0.999995,0,0,0,0
1388,29,389,994,1.000000,0.999947,0.999996,0.999995,0,0,0,0
1389,27,389,995,1.000000,0.999947,0.999996,0.999995,0,0,0,0
1390,25,389,996,1.000000,0.999944,0.999996,0.999995,0,0,1,0
1391,23,389,997,1.000000,0.999943,0.999996,0.999995,0,0,0,0
1392,29,390,997,1.000000,0.999943,0.999996,0.999995,0,0,0,0
1393,27,390,998,1.000000,0.999943,0.999996,0.999995,0,0,0,0
1394,25,390,999,1.000000,0.999943,0.999996,0.999995,0,0,0,0
1395,23,390,1000,1.000000,0.999943,0.999996,0.999995,0,0,0,0
1396,21,390,1001,1.000000,0.999949,0.999996,0.999995,0,1,0,0
1397,19,390,1002,1.000000,0.999955,0.999996,0.999995,0,1,0,0
1398,17,390,1003,1.000000,0.999953,0.999996,0.999995,1,0,1,1
1399,29,391,1003,1.000000,0.999950,0.999996,0.999995,1,0,1,1
1400,27,391,1004,1.000000,0.999955,0.999996,0.999995,0,1,0,0
1401,29,392,1004,1.000000,0.999960,0.999996,0.999995,0,1,0,0
1402,27,392,1005,1.000000,0.999961,0.999996,0.999995,1,0,0,0
1403,29,393,1005,1.000000,0.999961,0.999996,0.999995,1,0,0,0
1404,27,393,1006,1.000000,0.999961,0.999996,0.999995,0,0,0,0
1405,29,394,1006,1.000000,0.999961,0.999996,0.999995,0,0,0,0
1406,27,394,1007,1.000000,0.999965,0.999996,0.999995,0,1,0,0
1407,25,394,1008,1.000000,0.999969,0.999996,0.999995,0,1,0,0
1408,29,395,1008,1.000000,0.999972,0.999996,0.999995,0,1,0,0
1409,27,395,1009,1.000000,0.999973,0.999996,0.999995,0,0,0,0
1410,29,396,1009,1.000000,0.999973,0.999996,0.999995,0,0,0,0
1411,27,396,1010,1.000000,0.999973,0.999996,0.999995,0,0,0,0
1412,25,396,1011,1.000000,0.999975,0.999996,0.999995,0,1,0,0
1413,23,396,1012,1.000000,0.999978,0.999996,0.999995,0,1,0,0
1414,29,397,1012,1.000000,0.999981,0.999996,0.999995,0,1,0,0
1415,27,397,1013,1.000000,0.999983,0.999996,0.999995,0,1,0,0
1416,29,398,1013,1.000000,0.999985,0.999996,0.999995,0,1,0,0
1417,27,398,1014,1.000000,0.999985,0.999996,0.999995,0,0,0,0
1418,29,399,1014,1.000000,0.999985,0.999996,0.999995,0,0,0,0
1419,27,399,1015,1.000000,0.999987,0.999996,0.999994,1,1,0,0
1420,25,399,1016,1.000000,0.999987,0.999996,0.999994,1,0,0,0
1421,29,400,1016,1.000000,0.999987,0.999996,0.999994,1,0,0,0
1422,27,400,1017,1.000000,0.999987,0.999996,0.999994,0,0,0,1
1423,25,400,1018,1.000000,0.999988,0.999996,0.999995,0,1,0,1
1424,29,401,1018,1.000000,0.999989,0.999996,0.999995,0,1,0,1
1425,27,401,1019,1.000000,0.999990,0.999996,0.999995,0,0,0,0
1426,29,402,1019,1.000000,0.999990,0.999996,0.999995,0,0,0,0
1427,27,402,1020,1.000000,0.999990,0.999996,0.999995,0,0,0,0
1428,25,402,1021,1.000000,0.999990,0.999996,0.999995,1,0,0,0
1429,23,402,1022,1.000000,0.999990,0.999996,0.999995,0,0,0,0
1430,29,403,1022,1.000000,0.999990,0.999996,0.999995,0,0,0,0
1431,27,403,1023,1.000000,0.999991,0.999996,0.999995,1,1,0,0
1432,25,403,1024,1.000000,0.999991,0.999996,0.999995,0,0,0,0
1433,29,404,1024,1.000000,0.999991,0.999996,0.999995,0,0,0,0
1434,27,404,1025,1.000000,0.999990,0.999996,0.999995,1,0,1,0
1435,25,404,1026,1.000000,0.999990,0.999996,0.999995,0,0,0,0
1436,29,405,1026,1.000000,0.999990,0.999996,0.999995,0,0,0,0
1437,27,405,1027,1.000000,0.999991,0.999996,0.999995,0,1,0,0
1438,25,405,1028,1.000000,0.999991,0.999996,0.999995,0,0,0,0
1439,29,406,1028,1.000000,0.999991,0.999996,0.999995,0,0,0,0
1440,27,406,1029,1.000000,0.999991,0.999997,0.999995,0,0,1,0
1441,25,406,1030,1.000000,0.999991,0.999997,0.999995,0,0,0,0
1442,29,407,1030,1.000000,0.999991,0.999997,0.999995,0,0,0,0
1443,27,407,1031,1.000000,0.999991,0.999997,0.999995,0,0,0,0
1444,25,407,1032,1.000000,0.999991,0.999997,0.999995,0,0,0,0
1445,23,407,1033,1.000000,0.999991,0.999997,0.999995,0,0,0,0
1446,21,407,1034,1.000000,0.999990,0.999997,0.999995,0,0,1,0
1447,19,407,1035,1.000000,0.999990,0.999997,0.999995,0,0,1,0
1448,29,408,1035,1.000000,0.999989,0.999998,0.999995,0,0,1,0
1449,27,408,1036,1.000000,0.999989,0.999998,0.999995,0,0,0,1
1450,29,409,1036,1.000000,0.999989,0.999997,0.999996,0,0,0,1
1451,27,409,1037,1.000000,0.999989,0.999997,0.999996,0,0,0,0
1452,29,410,1037,1.000000,0.999989,0.999997,0.999996,0,0,0,0
1453,27,410,1038,1.000000,0.999989,0.999997,0.999996,0,0,0,0
1454,25,410,1039,1.000000,0.999988,0.999998,0.999996,0,0,1,0
1455,23,410,1040,1.000000,0.999988,0.999998,0.999996,0,0,0,0
1456,29,411,1040,1.000000,0.999988,0.999998,0.999996,0,0,0,0
1457,27,411,1041,1.000000,0.999988,0.999998,0.999996,0,0,1,1
1458,25,411,1042,1.000000,0.999988,0.999998,0.999996,0,0,0,0
1459,29,412,1042,1.000000,0.999988,0.999998,0.999996,0,0,0,0
1460,27,412,1043,1.000000,0.999988,0.999998,0.999997,0,0,0,1
1461,25,412,1044,1.000000,0.999988,0.999998,0.999997,0,0,0,0
1462,29,413,1044,1.000000,0.999988,0.999998,0.999997,0,0,0,0
1463,27,413,1045,1.000000,0.999988,0.999998,0.999997,0,0,0,0
1464,25,413,1046,1.000000,0.999988,0.999998,0.999997,0,0,0,0
1465,23,413,1047,1.000000,0.999988,0.999998,0.999997,0,0,0,0
1466,21,413,1048,1.000000,0.999989,0.999998,0.999997,0,1,0,0
1467,19,413,1049,1.000000,0.999989,0.999998,0.999997,0,0,0,0
1468,29,414,1049,1.000000,0.999989,0.999998,0.999997,0,0,0,0
1469,27,414,1050,1.000000,0.999990,0.999998,0.999997,0,1,1,0
1470,25,414,1051,1.000000,0.999991,0.999998,0.999997,0,1,0,0
1471,23,414,1052,1.000000,0.999991,0.999998,0.999997,1,0,0,1
1472,29,415,1052,1.000000,0.999991,0.999998,0.999997,1,0,0,1
1473,27,415,1053,1.000000,0.999991,0.999998,0.999997,0,0,0,0
1474,29,416,1053,1.000000,0.999991,0.999998,0.999997,0,0,0,0
1475,27,416,1054,1.000000,0.999991,0.999998,0.999997,0,0,0,0
1476,25,416,1055,1.000000,0.999991,0.999998,0.999997,0,0,0,0
1477,23,416,1056,1.000000,0.999991,0.999998,0.999997,0,0,0,0
1478,21,416,1057,1.000000,0.999991,0.999998,0.999997,0,0,0,0
1479,19,416,1058,1.000000,0.999991,0.999998,0.999997,0,0,0,0
1480,17,416,1059,1.000000,0.999991,0.999998,0.999997,0,0,0,0
1481,15,416,1060,1.000000,0.999991,0.999998,0.999997,1,0,0,0
1482,13,416,1061,1.000000,0.999991,0.999998,0.999997,1,0,0,0
1483,29,417,1061,1.000000,0.999991,0.999998,0.999996,1,0,0,0
1484,27,417,1062,1.000000,0.999991,0.999998,0.999996,0,0,0,0
1485,29,418,1062,1.000000,0.999991,0.999998,0.999996,0,0,0,0
1486,27,418,1063,1.000000,0.999991,0.999998,0.999996,0,0,0,0
1487,25,418,1064,1.000000,0.999991,0.999998,0.999996,0,0,0,0
1488,23,418,1065,1.000000,0.999991,0.999998,0.999996,0,0,0,0
1489,21,418,1066,1.000000,0.999991,0.999998,0.999996,0,0,0,0
1490,19,418,1067,1.000000,0.999991,0.999998,0.999996,0,0,0,0
1491,17,418,1068,1.000000,0.999991,0.999998,0.999996,0,0,0,0
1492,15,418,1069,1.000000,0.999991,0.999998,0.999996,0,0,0,0
1493,13,418,1070,1.000000,0.999991,0.999998,0.999996,0,0,0,0
1494,11,418,1071,1.000000,0.999991,0.999998,0.999997,0,0,0,1
1495,9,418,1072,1.000000,0.999991,0.999998,0.999997,0,0,0,0
1496,29,419,1072,1.000000,0.999991,0.999998,0.999997,0,0,0,0
1497,27,419,1073,1.000000,0.999991,0.999997,0.999997,0,0,0,1
1498,25,419,1074,1.000000,0.999991,0.999997,0.999997,0,0,0,0
1499,29,420,1074,1.000000,0.999991,0.999997,0.999997,0,0,0,0
1500,27,420,1075,1.000000,0.999990,0.999998,0.999997,0,0,1,0
1501,25,420,1076,1.000000,0.999990,0.999998,0.999997,0,0,0,0
1502,29,421,1076,1.000000,0.999990,0.999998,0.999997,0,0,0,0
1503,27,421,1077,1.000000,0.999990,0.999998,0.999997,0,0,1,0
1504,25,421,1078,1.000000,0.999990,0.999998,0.999997,0,0,0,0
1505,29,422,1078,1.000000,0.999990,0.999998,0.999997,0,0,0,0
1506,27,422,1079,1.000000,0.999990,0.999998,0.999997,0,0,0,0
1507,25,422,1080,1.000000,0.999990,0.999998,0.999997,0,0,0,0
1508,23,422,1081,1.000000,0.999990,0.999998,0.999997,0,0,0,0
1509,21,422,1082,1.000000,0.999990,0.999998,0.999997,0,0,0,0
1510,19,422,1083,1.000000,0.999990,0.999998,0.999997,0,0,0,0
1511,17,422,1084,1.000000,0.999990,0.999998,0.999997,0,0,0,0
1512,15,422,1085,1.000000,0.999990,0.999998,0.999997,0,0,0,0
1513,13,422,1086,1.000000,0.999990,0.999998,0.999997,0,0,0,0
1514,29,423,1086,1.000000,0.999990,0.999998,0.999997,0,0,0,0
1515,27,423,1087,1.000000,0.999990,0.999998,0.999997,0,0,0,0
1516,25,423,1088,1.000000,0.999990,0.999998,0.999997,0,0,0,0
1517,23,423,1089,1.000000,0.999991,0.999998,0.999997,0,1,0,0
1518,21,423,1090,1.000000,0.999991,0.999998,0.999997,0,0,0,0
1519,29,424,1090,1.000000,0.999991,0.999998,0.999997,0,0,0,0
1520,27,424,1091,1.000000,0.999991,0.999998,0.999997,1,0,0,0
1521,25,424,1092,1.000000,0.999991,0.999998,0.999997,0,0,0,0
1522,29,425,1092,1.000000,0.999991,0.999998,0.999997,0,0,0,0
1523,27,425,1093,1.000000,0.999991,0.999998,0.999997,0,0,0,0
1524,25,425,1094,1.000000,0.999991,0.999998,0.999997,0,0,0,0
1525,23,425,1095,1.000000,0.999992,0.999998,0.999997,0,1,0,0
1526,21,425,1096,1.000000,0.999991,0.999998,0.999997,0,0,1,0
1527,29,426,1096,1.000000,0.999991,0.999998,0.999997,0,0,1,0
1528,27,426,1097,1.000000,0.999991,0.999998,0.999997,0,0,0,0
1529,25,426,1098,1.000000,0.999991,0.999998,0.999997,0,0,0,0
1530,23,426,1099,1.000000,0.999991,0.999998,0.999997,0,0,0,0
1531,21,426,1100,1.000000,0.999991,0.999998,0.999997,0,0,0,0
1532,19,426,1101,1.000000,0.999991,0.999998,0.999997,0,0,0,0
1533,17,426,1102,1.000000,0.999991,0.999998,0.999997,1,0,0,0
1534,15,426,1103,1.000000,0.999991,0.999998,0.999997,0,0,0,0
1535,29,427,1103,1.000000,0.999991,0.999998,0.999997,0,0,0,0
1536,27,427,1104,1.000000,0.999991,0.999998,0.999997,0,0,0,0
1537,25,427,1105,1.000000,0.999991,0.999998,0.999997,0,0,0,1
1538,23,427,1106,1.000000,0.999991,0.999998,0.999998,0,0,0,1
1539,29,428,1106,1.000000,0.999991,0.999998,0.999998,0,0,0,1
1540,27,428,1107,1.000000,0.999991,0.999998,0.999998,0,0,0,0
1541,29,429,1107,1.000000,0.999991,0.999998,0.999998,0,0,0,0
1542,27,429,1108,1.000000,0.999991,0.999998,0.999998,0,0,0,0
1543,25,429,1109,1.000000,0.999991,0.999998,0.999998,1,0,0,0
1544,23,429,1110,1.000000,0.999991,0.999998,0.999998,0,0,0,0
1545,29,430,1110,1.000000,0.999991,0.999998,0.999998,0,0,0,0
1546,27,430,1111,1.000000,0.999991,0.999998,0.999998,0,0,0,0
1547,25,430,1112,1.000000,0.999992,0.999998,0.999998,0,1,0,0
1548,23,430,1113,1.000000,0.999993,0.999998,0.999998,0,1,0,0
1549,29,431,1113,1.000000,0.999994,0.999998,0.999998,0,1,0,0
1550,27,431,1114,1.000000,0.999994,0.999998,0.999998,0,0,0,0
1551,29,432,1114,1.000000,0.999994,0.999998,0.999998,0,0,0,0
1552,27,432,1115,1.000000,0.999994,0.999998,0.999998,0,0,0,0
1553,25,432,1116,1.000000,0.999994,0.999998,0.999998,1,0,0,0
1554,23,432,1117,1.000000,0.999994,0.999998,0.999998,0,0,0,1
1555,29,433,1117,1.000000,0.999994,0.999998,0.999998,0,0,0,1
1556,27,433,1118,1.000000,0.999994,0.999998,0.999998,0,0,0,0
1557,29,434,1118,1.000000,0.999994,0.999998,0.999998,0,0,0,0
1558,27,434,1119,1.000000,0.999994,0.999998,0.999998,0,0,0,0
1559,25,434,1120,1.000000,0.999994,0.999998,0.999998,0,0,0,0
1560,23,434,1121,1.000000,0.999994,0.999998,0.999998,1,0,0,0
1561,21,434,1122,1.000000,0.999994,0.999998,0.999998,1,1,0,1
1562,29,435,1122,1.000000,0.999995,0.999998,0.999998,1,1,0,1
1563,27,435,1123,1.000000,0.999995,0.999998,0.999998,0,0,0,0
1564,29,436,1123,1.000000,0.999995,0.999998,0.999998,0,0,0,0
1565,27,436,1124,1.000000,0.999995,0.999997,0.999998,1,0,0,1
1566,25,436,1125,1.000000,0.999995,0.999997,0.999998,1,0,0,1
1567,29,437,1125,1.000000,0.999995,0.999997,0.999998,1,0,0,1
1568,27,437,1126,1.000000,0.999995,0.999997,0.999999,0,0,0,1
1569,29,438,1126,1.000000,0.999995,0.999997,0.999999,0,0,0,1
1570,27,438,1127,1.000000,0.999995,0.999997,0.999999,1,0,1,0
1571,29,439,1127,1.000000,0.999994,0.999997,0.999999,1,0,1,0
1572,27,439,1128,1.000000,0.999994,0.999997,0.999999,1,0,0,0
1573,29,440,1128,1.000000,0.999994,0.999997,0.999998,1,0,0,0
1574,27,440,1129,1.000000,0.999995,0.999997,0.999998,1,1,0,0
1575,25,440,1130,1.000000,0.999995,0.999998,0.999998,0,1,1,0
1576,29,441,1130,1.000000,0.999996,0.999998,0.999998,0,1,1,0
1577,27,441,1131,1.000000,0.999996,0.999998,0.999998,0,1,0,0
1578,29,442,1131,1.000000,0.999996,0.999998,0.999998,0,1,0,0
1579,27,442,1132,1.000000,0.999996,0.999998,0.999998,1,0,0,0
1580,29,443,1132,1.000000,0.999996,0.999998,0.999998,1,0,0,0
1581,27,443,1133,1.000000,0.999996,0.999998,0.999998,1,0,0,0
1582,29,444,1133,1.000000,0.999996,0.999998,0.999998,1,0,0,0
1583,27,444,1134,1.000000,0.999996,0.999998,0.999998,1,0,0,0
1584,29,445,1134,1.000000,0.999996,0.999998,0.999998,1,0,0,0
1585,27,445,1135,1.000000,0.999996,0.999998,0.999998,0,0,0,0
1586,29,446,1135,1.000000,0.999996,0.999998,0.999998,0,0,0,0
1587,27,446,1136,1.000000,0.999996,0.999998,0.999998,0,0,0,0
1588,25,446,1137,1.000000,0.999997,0.999998,0.999998,0,1,0,0
1589,23,446,1138,1.000000,0.999997,0.999998,0.999998,0,1,1,0
1590,29,447,1138,1.000000,0.999997,0.999998,0.999998,0,1,1,0
1591,27,447,1139,1.000000,0.999997,0.999998,0.999998,0,0,0,0
1592,29,448,1139,1.000000,0.999997,0.999998,0.999998,0,0,0,0
1593,27,448,1140,1.000000,0.999998,0.999998,0.999998,0,1,0,0
1594,25,448,1141,1.000000,0.999998,0.999998,0.999998,0,0,0,0
1595,23,448,1142,1.000000,0.999998,0.999998,0.999998,0,0,0,0
1596,21,448,1143,1.000000,0.999998,0.999998,0.999998,0,1,0,0
1597,19,448,1144,1.000000,0.999998,0.999998,0.999998,0,1,0,0
1598,29,449,1144,1.000000,0.999998,0.999998,0.999998,0,1,0,0
1599,27,449,1145,1.000000,0.999998,0.999998,0.999998,0,0,0,0
1600,25,449,1146,1.000000,0.999998,0.999998,0.999998,0,0,0,0
1601,23,449,1147,1.000000,0.999998,0.999999,0.999998,0,0,1,0
1602,21,449,1148,1.000000,0.999998,0.999999,0.999998,0,0,0,0
1603,29,450,1148,1.000000,0.999998,0.999999,0.999998,0,0,0,0
1604,27,450,1149,1.000000,0.999998,0.999999,0.999998,0,0,0,0
1605,25,450,1150,1.000000,0.999998,0.999999,0.999998,0,1,0,0
1606,23,450,1151,1.000000,0.999998,0.999999,0.999998,0,0,0,0
1607,29,451,1151,1.000000,0.999998,0.999999,0.999998,0,0,0,0
1608,27,451,1152,1.000000,0.999998,0.999999,0.999998,1,0,0,0
1609,25,451,1153,1.000000,0.999998,0.999999,0.999998,0,0,0,0
1610,23,451,1154,1.000000,0.999998,0.999999,0.999998,0,0,0,0
1611,21,451,1155,1.000000,0.999998,0.999999,0.999998,0,0,0,0
1612,19,451,1156,1.000000,0.999998,0.999999,0.999998,0,0,1,0
1613,17,451,1157,1.000000,0.999998,0.999999,0.999998,0,0,0,0
1614,29,452,1157,1.000000,0.999998,0.999999,0.999998,0,0,0,0
1615,27,452,1158,1.000000,0.999998,0.999999,0.999998,0,0,1,1
1616,25,452,1159,1.000000,0.999998,0.999999,0.999998,0,0,0,0
1617,29,453,1159,1.000000,0.999998,0.999999,0.999998,0,0,0,0
1618,27,453,1160,1.000000,0.999998,0.999999,0.999998,0,0,0,0
1619,25,453,1161,1.000000,0.999998,0.999999,0.999998,0,0,1,1
1620,23,453,1162,1.000000,0.999998,0.999999,0.999998,0,0,0,0
1621,29,454,1162,1.000000,0.999998,0.999999,0.999998,0,0,0,0
1622,27,454,1163,1.000000,0.999998,0.999999,0.999998,0,0,0,0
1623,25,454,1164,1.000000,0.999998,0.999999,0.999998,0,0,0,0
1624,23,454,1165,1.000000,0.999998,0.999999,0.999998,0,0,0,0
1625,21,454,1166,1.000000,0.999998,0.999999,0.999998,0,0,1,0
1626,19,454,1167,1.000000,0.999998,0.999999,0.999998,0,0,0,0
1627,17,454,1168,1.000000,0.999998,0.999999,0.999998,0,0,0,0
1628,15,454,1169,1.000000,0.999998,0.999999,0.999998,0,0,0,0
1629,13,454,1170,1.000000,0.999998,0.999999,0.999998,0,0,0,0
1630,11,454,1171,1.000000,0.999998,0.999999,0.999998,0,0,0,0
1631,9,454,1172,1.000000,0.999998,0.999999,0.999998,0,0,1,0
1632,7,454,1173,1.000000,0.999998,0.999999,0.999998,0,0,0,0
1633,29,455,1173,1.000000,0.999998,0.999999,0.999998,0,0,0,0
1634,27,455,1174,1.000000,0.999998,0.999999,0.999998,0,0,0,0
1635,25,455,1175,1.000000,0.999998,0.999999,0.999998,0,0,0,0
1636,23,455,1176,1.000000,0.999998,0.999999,0.999998,0,0,1,0
1637,21,455,1177,1.000000,0.999998,0.999999,0.999998,0,0,0,0
1638,29,456,1177,1.000000,0.999998,0.999999,0.999998,0,0,0,0
1639,27,456,1178,1.000000,0.999998,0.999999,0.999998,0,0,0,0
1640,25,456,1179,1.000000,0.999998,0.999999,0.999998,0,0,0,0
1641,23,456,1180,1.000000,0.999998,0.999999,0.999998,0,0,0,0
1642,21,456,1181,1.000000,0.999998,0.999999,0.999998,0,0,0,0
1643,19,456,1182,1.000000,0.999998,0.999999,0.999998,0,0,0,0
1644,17,456,1183,1.000000,0.999998,0.999999,0.999998,0,0,0,1
1645,15,456,1184,1.000000,0.999998,0.999999,0.999998,0,0,0,1
1646,13,456,1185,1.000000,0.999998,0.999999,0.999998,0,1,0,0
1647,11,456,1186,1.000000,0.999998,0.999999,0.999999,0,0,0,1
1648,29,457,1186,1.000000,0.999998,0.999999,0.999999,0,0,0,1
1649,27,457,1187,1.000000,0.999998,0.999999,0.999999,0,0,0,0
1650,29,458,1187,1.000000,0.999998,0.999999,0.999999,0,0,0,0
1651,27,458,1188,1.000000,0.999998,0.999999,0.999999,0,0,0,0
1652,25,458,1189,1.000000,0.999998,0.999999,0.999999,0,0,0,0
1653,23,458,1190,1.000000,0.999998,0.999999,0.999999,0,0,0,0
1654,21,458,1191,1.000000,0.999998,0.999999,0.999999,0,0,0,0
1655,19,458,1192,1.000000,0.999998,0.999999,0.999999,0,0,0,0
1656,17,458,1193,1.000000,0.999998,0.999999,0.999999,0,0,0,0
1657,15,458,1194,1.000000,0.999998,0.999999,0.999999,0,1,0,0
1658,13,458,1195,1.000000,0.999998,0.999999,0.999999,0,0,0,0
1659,29,459,1195,1.000000,0.999998,0.999999,0.999999,0,0,0,0
1660,27,459,1196,1.000000,0.999998,0.999999,0.999999,0,0,0,0
1661,25,459,1197,1.000000,0.999998,0.999999,0.999999,0,0,1,0
1662,23,459,1198,1.000000,0.999998,0.999999,0.999999,0,0,1,0
1663,29,460,1198,1.000000,0.999998,0.999999,0.999999,0,0,1,0
1664,27,460,1199,1.000000,0.999998,0.999999,0.999999,0,0,0,0
1665,29,461,1199,1.000000,0.999998,0.999999,0.999999,0,0,0,0
1666,27,461,1200,1.000000,0.999998,0.999999,0.999999,0,0,0,0
1667,25,461,1201,1.000000,0.999998,0.999999,0.999999,0,0,0,0
1668,23,461,1202,1.000000,0.999998,0.999999,0.999999,0,0,0,0
1669,21,461,1203,1.000000,0.999998,0.999999,0.999999,0,1,0,0
1670,19,461,1204,1.000000,0.999998,0.999999,0.999999,1,0,1,0
1671,29,462,1204,1.000000,0.999998,0.999999,0.999999,1,0,1,0
1672,27,462,1205,1.000000,0.999998,1.000000,0.999999,0,0,1,0
1673,29,463,1205,1.000000,0.999998,1.000000,0.999999,0,0,1,0
1674,27,463,1206,1.000000,0.999998,1.000000,0.999999,1,0,0,0
1675,25,463,1207,1.000000,0.999998,1.000000,0.999999,0,1,0,0
1676,23,463,1208,1.000000,0.999998,1.000000,0.999999,1,0,0,1
1677,29,464,1208,1.000000,0.999998,1.000000,0.999999,1,0,0,1
1678,27,464,1209,1.000000,0.999998,1.000000,0.999999,0,0,0,0
1679,29,465,1209,1.000000,0.999998,1.000000,0.999999,0,0,0,0
1680,27,465,1210,1.000000,0.999998,1.000000,0.999999,1,1,0,0
1681,25,465,1211,1.000000,0.999998,1.000000,0.999999,0,0,0,0
1682,29,466,1211,1.000000,0.999998,1.000000,0.999999,0,0,0,0
1683,27,466,1212,1.000000,0.999998,1.000000,0.999999,0,0,1,0
1684,25,466,1213,1.000000,0.999998,1.000000,0.999999,0,0,0,0
1685,29,467,1213,1.000000,0.999998,1.000000,0.999999,0,0,0,0
1686,27,467,1214,1.000000,0.999998,1.000000,0.999999,0,0,0,0
1687,25,467,1215,1.000000,0.999998,1.000000,0.999999,0,0,0,0
1688,23,467,1216,1.000000,0.999998,1.000000,0.999999,0,0,0,0
1689,21,467,1217,1.000000,0.999998,1.000000,0.999999,0,0,1,0
1690,19,467,1218,1.000000,0.999998,1.000000,0.999999,0,0,1,0
1691,29,468,1218,1.000000,0.999998,1.000000,0.999999,0,0,1,0
1692,27,468,1219,1.000000,0.999998,1.000000,0.999999,0,0,0,0
1693,29,469,1219,1.000000,0.999998,1.000000,0.999999,0,0,0,0
1694,27,469,1220,1.000000,0.999998,1.000000,0.999999,0,0,0,0
1695,25,469,1221,1.000000,0.999998,1.000000,0.999999,0,0,0,0
1696,23,469,1222,1.000000,0.999998,1.000000,0.999999,0,0,0,0
1697,21,469,1223,1.000000,0.999998,1.000000,0.999999,0,0,0,0
1698,19,469,1224,1.000000,0.999998,1.000000,0.999999,0,0,0,0
1699,17,469,1225,1.000000,0.999998,1.000000,0.999999,0,1,0,0
1700,15,469,1226,1.000000,0.999998,1.000000,0.999999,0,1,0,0
1701,29,470,1226,1.000000,0.999998,1.000000,0.999999,0,1,0,0
1702,27,470,1227,1.000000,0.999998,1.000000,0.999999,0,0,1,0
1703,25,470,1228,1.000000,0.999998,1.000000,0.999999,1,0,0,0
1704,29,471,1228,1.000000,0.999998,1.000000,0.999999,1,0,0,0
1705,27,471,1229,1.000000,0.999998,1.000000,0.999998,0,1,0,0
1706,25,471,1230,1.000000,0.999998,1.000000,0.999998,0,0,0,0
1707,29,472,1230,1.000000,0.999998,1.000000,0.999998,0,0,0,0
1708,27,472,1231,1.000000,0.999998,1.000000,0.999998,0,0,1,0
1709,25,472,1232,1.000000,0.999998,1.000000,0.999998,0,0,0,0
1710,29,473,1232,1.000000,0.999998,1.000000,0.999998,0,0,0,0
1711,27,473,1233,1.000000,0.999998,1.000000,0.999998,0,0,0,0
1712,25,473,1234,1.000000,0.999998,1.000000,0.999998,0,0,0,0
1713,23,473,1235,1.000000,0.999998,1.000000,0.999998,0,0,0,0
1714,21,473,1236,1.000000,0.999998,1.000000,0.999998,0,0,0,0
1715,19,473,1237,1.000000,0.999998,1.000000,0.999998,0,0,0,0
1716,17,473,1238,1.000000,0.999998,1.000000,0.999998,0,0,0,0
1717,15,473,1239,1.000000,0.999998,1.000000,0.999998,0,0,0,0
1718,13,473,1240,1.000000,0.999998,1.000000,0.999998,0,0,0,0
1719,11,473,1241,1.000000,0.999998,1.000000,0.999998,0,0,1,0
1720,9,473,1242,1.000000,0.999998,1.000000,0.999998,0,0,0,0
1721,29,474,1242,1.000000,0.999998,1.000000,0.999998,0,0,0,0
1722,27,474,1243,1.000000,0.999998,1.000000,0.999998,0,0,0,0
1723,25,474,1244,1.000000,0.999998,1.000000,0.999998,0,0,0,0
1724,23,474,1245,1.000000,0.999998,1.000000,0.999998,0,0,0,0
1725,21,474,1246,1.000000,0.999998,1.000000,0.999998,0,0,0,0
1726,19,474,1247,1.000000,0.999998,1.000000,0.999998,0,0,0,0
1727,17,474,1248,1.000000,0.999998,1.000000,0.999998,0,0,0,0
1728,15,474,1249,1.000000,0.999998,1.000000,0.999998,0,0,0,0
1729,13,474,1250,1.000000,0.999998,1.000000,0.999998,0,0,0,0
1730,11,474,1251,1.000000,0.999998,1.000000,0.999998,0,0,1,0
1731,9,474,1252,1.000000,0.999998,1.000000,0.999998,0,0,0,0
1732,29,475,1252,1.000000,0.999998,1.000000,0.999998,0,0,0,0
1733,27,475,1253,1.000000,0.999998,1.000000,0.999998,0,0,0,0
1734,25,475,1254,1.000000,0.999998,1.000000,0.999998,0,0,0,0
1735,23,475,1255,1.000000,0.999998,1.000000,0.999999,0,0,0,1
1736,21,475,1256,1.000000,0.999998,1.000000,0.999999,0,0,0,0
1737,29,476,1256,1.000000,0.999998,1.000000,0.999999,0,0,0,0
1738,27,476,1257,1.000000,0.999998,1.000000,0.999999,0,0,1,0
1739,25,476,1258,1.000000,0.999998,1.000000,0.999999,0,0,1,0
1740,29,477,1258,1.000000,0.999998,1.000000,0.999999,0,0,1,0
1741,27,477,1259,1.000000,0.999998,1.000000,0.999999,0,0,0,1
1742,29,478,1259,1.000000,0.999998,1.000000,0.999999,0,0,0,1
1743,27,478,1260,1.000000,0.999998,1.000000,0.999999,0,0,0,0
1744,29,479,1260,1.000000,0.999998,1.000000,0.999999,0,0,0,0
1745,27,479,1261,1.000000,0.999998,1.000000,0.999999,0,0,0,0
1746,25,479,1262,1.000000,0.999998,1.000000,0.999999,0,0,0,0
1747,23,479,1263,1.000000,0.999998,1.000000,0.999999,0,0,0,0
1748,21,479,1264,1.000000,0.999998,1.000000,0.999999,0,0,0,0
1749,19,479,1265,1.000000,0.999998,1.000000,0.999999,0,0,0,0
1750,17,479,1266,1.000000,0.999998,1.000000,0.999999,0,0,0,0
1751,15,479,1267,1.000000,0.999998,1.000000,0.999999,0,0,0,0
1752,13,479,1268,1.000000,0.999998,1.000000,0.999999,0,0,0,0
1753,11,479,1269,1.000000,0.999998,1.000000,0.999999,0,0,0,0
1754,9,479,1270,1.000000,0.999998,1.000000,0.999999,0,0,0,0
1755,7,479,1271,1.000000,0.999998,1.000000,0.999999,0,1,0,1
1756,5,479,1272,1.000000,0.999998,1.000000,0.999999,0,0,1,0
1757,29,480,1272,1.000000,0.999998,1.000000,0.999999,0,0,1,0
1758,27,480,1273,1.000000,0.999998,1.000000,0.999999,0,0,1,0
1759,29,481,1273,1.000000,0.999997,1.000000,0.999999,0,0,1,0
1760,27,481,1274,1.000000,0.999997,1.000000,0.999999,0,0,1,0
1761,29,482,1274,1.000000,0.999997,1.000000,0.999999,0,0,1,0
1762,27,482,1275,1.000000,0.999997,1.000000,0.999999,0,0,0,0
1763,25,482,1276,1.000000,0.999997,1.000000,0.999999,0,0,1,0
1764,23,482,1277,1.000000,0.999997,1.000000,0.999999,0,0,0,0
1765,29,483,1277,1.000000,0.999997,1.000000,0.999999,0,0,0,0
1766,27,483,1278,1.000000,0.999997,1.000000,0.999999,0,1,0,0
1767,25,483,1279,1.000000,0.999998,1.000000,0.999999,0,1,0,0
1768,29,484,1279,1.000000,0.999998,1.000000,0.999999,0,1,0,0
1769,27,484,1280,1.000000,0.999998,1.000000,0.999999,0,0,0,0
1770,29,485,1280,1.000000,0.999998,1.000000,0.999999,0,0,0,0
1771,27,485,1281,1.000000,0.999998,1.000000,0.999999,1,0,0,0
1772,25,485,1282,1.000000,0.999998,1.000000,0.999999,0,0,0,0
1773,29,486,1282,1.000000,0.999998,1.000000,0.999999,0,0,0,0
1774,27,486,1283,1.000000,0.999998,1.000000,0.999999,0,1,0,0
1775,25,486,1284,1.000000,0.999998,1.000000,0.999999,0,0,0,0
1776,29,487,1284,1.000000,0.999998,1.000000,0.999999,0,0,0,0
1777,27,487,1285,1.000000,0.999998,1.000000,0.999999,0,0,0,0
1778,25,487,1286,1.000000,0.999998,1.000000,0.999999,0,0,0,0
1779,23,487,1287,1.000000,0.999998,1.000000,0.999999,0,0,0,0
1780,21,487,1288,1.000000,0.999998,1.000000,0.999999,1,0,0,0
1781,19,487,1289,1.000000,0.999998,1.000000,0.999999,0,0,0,1
1782,29,488,1289,1.000000,0.999998,1.000000,0.999999,0,0,0,1
1783,27,488,1290,1.000000,0.999998,1.000000,0.999999,0,0,0,0
1784,29,489,1290,1.000000,0.999998,1.000000,0.999999,0,0,0,0
1785,27,489,1291,1.000000,0.999998,1.000000,0.999999,0,0,0,0
1786,25,489,1292,1.000000,0.999998,1.000000,0.999999,0,0,0,0
1787,23,489,1293,1.000000,0.999998,1.000000,0.999999,0,0,0,0
1788,21,489,1294,1.000000,0.999998,1.000000,0.999999,0,0,0,0
1789,19,489,1295,1.000000,0.999998,1.000000,0.999999,0,0,0,0
1790,17,489,1296,1.000000,0.999998,1.000000,0.999999,0,0,0,0
1791,15,489,1297,1.000000,0.999998,1.000000,0.999999,0,0,0,0
1792,13,489,1298,1.000000,0.999998,1.000000,0.999999,0,0,0,0
1793,11,489,1299,1.000000,0.999998,1.000000,0.999999,0,1,1,0
1794,9,489,1300,1.000000,0.999998,1.000000,0.999999,0,0,0,0
1795,29,490,1300,1.000000,0.999998,1.000000,0.999999,0,0,0,0
1796,27,490,1301,1.000000,0.999998,1.000000,0.999999,0,1,0,0
1797,25,490,1302,1.000000,0.999998,1.000000,0.999999,0,0,0,0
1798,29,491,1302,1.000000,0.999998,1.000000,0.999999,0,0,0,0
1799,27,491,1303,1.000000,0.999998,1.000000,0.999999,0,0,0,0
1800,25,491,1304,1.000000,0.999998,1.000000,0.999999,0,0,0,0
1801,23,491,1305,1.000000,0.999998,1.000000,0.999999,0,0,0,0
1802,21,491,1306,1.000000,0.999998,1.000000,0.999999,1,0,0,0
1803,19,491,1307,1.000000,0.999998,1.000000,0.999999,0,0,0,1
1804,29,492,1307,1.000000,0.999998,1.000000,0.999999,0,0,0,1
1805,27,492,1308,1.000000,0.999998,1.000000,0.999999,0,0,0,0
1806,29,493,1308,1.000000,0.999998,1.000000,0.999999,0,0,0,0
1807,27,493,1309,1.000000,0.999998,1.000000,0.999999,0,0,0,0
1808,25,493,1310,1.000000,0.999998,1.000000,0.999999,0,0,0,0
1809,23,493,1311,1.000000,0.999998,1.000000,0.999999,0,0,0,0
1810,21,493,1312,1.000000,0.999998,1.000000,0.999999,0,0,0,0
1811,19,493,1313,1.000000,0.999998,1.000000,0.999999,0,0,0,1
1812,17,493,1314,1.000000,0.999998,1.000000,0.999999,0,0,0,0
1813,29,494,1314,1.000000,0.999998,1.000000,0.999999,0,0,0,0
1814,27,494,1315,1.000000,0.999998,1.000000,0.999999,1,0,0,1
1815,25,494,1316,1.000000,0.999998,1.000000,0.999999,0,0,1,0
1816,29,495,1316,1.000000,0.999998,1.000000,0.999999,0,0,1,0
1817,27,495,1317,1.000000,0.999998,1.000000,0.999999,0,0,0,1
1818,29,496,1317,1.000000,0.999998,1.000000,1.000000,0,0,0,1
1819,27,496,1318,1.000000,0.999998,1.000000,1.000000,0,0,0,0
1820,29,497,1318,1.000000,0.999998,1.000000,1.000000,0,0,0,0
1821,27,497,1319,1.000000,0.999998,1.000000,1.000000,0,0,1,0
1822,25,497,1320,1.000000,0.999998,1.000000,1.000000,0,0,0,0
1823,29,498,1320,1.000000,0.999998,1.000000,1.000000,0,0,0,0
1824,27,498,1321,1.000000,0.999998,1.000000,1.000000,0,0,0,0
1825,25,498,1322,1.000000,0.999998,1.000000,1.000000,0,0,1,0
1826,23,498,1323,1.000000,0.999998,1.000000,1.000000,0,0,0,0
1827,29,499,1323,1.000000,0.999998,1.000000,1.000000,0,0,0,0
1828,27,499,1324,1.000000,0.999998,1.000000,1.000000,0,0,0,0
1829,25,499,1325,1.000000,0.999998,1.000000,1.000000,0,0,0,0
1830,23,499,1326,1.000000,0.999998,1.000000,1.000000,0,0,0,0
1831,21,499,1327,1.000000,0.999998,1.000000,1.000000,0,0,0,0
1832,19,499,1328,1.000000,0.999998,1.000000,1.000000,0,0,0,0
1833,17,499,1329,1.000000,0.999998,1.000000,1.000000,0,0,0,0
1834,15,499,1330,1.000000,0.999998,1.000000,1.000000,0,1,0,0
1835,13,499,1331,1.000000,0.999998,1.000000,1.000000,0,0,1,0
1836,29,500,1331,1.000000,0.999998,1.000000,1.000000,0,0,1,0
1837,27,500,1332,1.000000,0.999998,1.000000,1.000000,0,0,0,0
1838,29,501,1332,1.000000,0.999998,1.000000,1.000000,0,0,0,0
1839,27,501,1333,1.000000,0.999998,1.000000,1.000000,0,0,0,0
1840,25,501,1334,1.000000,0.999998,1.000000,1.000000,0,0,0,0
1841,23,501,1335,1.000000,0.999998,1.000000,1.000000,0,0,0,0
1842,21,501,1336,1.000000,0.999998,1.000000,1.000000,0,0,0,0
1843,19,501,1337,1.000000,0.999998,1.000000,1.000000,0,0,0,0
1844,17,501,1338,1.000000,0.999998,1.000000,1.000000,0,0,0,0
1845,15,501,1339,1.000000,0.999998,1.000000,1.000000,0,0,0,0
1846,13,501,1340,1.000000,0.999998,1.000000,1.000000,0,0,1,0
1847,11,501,1341,1.000000,0.999998,1.000000,1.000000,0,1,0,1
1848,9,501,1342,1.000000,0.999998,1.000000,1.000000,0,1,0,0
1849,29,502,1342,1.000000,0.999998,1.000000,1.000000,0,1,0,0
1850,27,502,1343,1.000000,0.999999,1.000000,1.000000,0,1,0,0
1851,29,503,1343,1.000000,0.999999,1.000000,1.000000,0,1,0,0
1852,27,503,1344,1.000000,0.999999,1.000000,1.000000,0,1,0,0
1853,29,504,1344,1.000000,0.999999,1.000000,1.000000,0,1,0,0
1854,27,504,1345,1.000000,0.999999,1.000000,1.000000,0,0,0,0
1855,29,505,1345,1.000000,0.999999,1.000000,1.000000,0,0,0,0
1856,27,505,1346,1.000000,0.999999,1.000000,1.000000,0,0,0,0
1857,25,505,1347,1.000000,0.999999,1.000000,1.000000,0,0,0,0
1858,23,505,1348,1.000000,0.999999,1.000000,1.000000,0,0,0,0
1859,21,505,1349,1.000000,0.999999,1.000000,1.000000,0,0,0,0
1860,19,505,1350,1.000000,0.999999,1.000000,1.000000,0,1,0,0
1861,17,505,1351,1.000000,0.999999,1.000000,1.000000,0,0,1,0
1862,29,506,1351,1.000000,0.999999,1.000000,1.000000,0,0,1,0
1863,27,506,1352,1.000000,0.999999,1.000000,1.000000,0,0,1,0
1864,29,507,1352,1.000000,0.999999,1.000000,1.000000,0,0,1,0
1865,27,507,1353,1.000000,0.999999,1.000000,1.000000,0,1,0,0
1866,29,508,1353,1.000000,0.999999,1.000000,1.000000,0,1,0,0
1867,27,508,1354,1.000000,0.999999,1.000000,1.000000,0,0,0,0
1868,29,509,1354,1.000000,0.999999,1.000000,1.000000,0,0,0,0
1869,27,509,1355,1.000000,0.999999,1.000000,1.000000,0,0,0,0
1870,25,509,1356,1.000000,0.999999,1.000000,1.000000,0,0,0,0
1871,23,509,1357,1.000000,0.999999,1.000000,1.000000,0,0,0,0
1872,21,509,1358,1.000000,0.999999,1.000000,1.000000,0,0,0,0
1873,19,509,1359,1.000000,0.999999,1.000000,1.000000,0,0,0,0
1874,17,509,1360,1.000000,0.999999,1.000000,1.000000,0,0,0,0
1875,15,509,1361,1.000000,0.999999,1.000000,1.000000,0,0,1,0
1876,13,509,1362,1.000000,0.999999,1.000000,1.000000,0,1,0,0
1877,11,509,1363,1.000000,0.999999,1.000000,1.000000,0,0,0,1
1878,29,510,1363,1.000000,0.999999,1.000000,1.000000,0,0,0,1
1879,27,510,1364,1.000000,0.999999,1.000000,1.000000,0,0,0,0
1880,29,511,1364,1.000000,0.999999,1.000000,1.000000,0,0,0,0
1881,27,511,1365,1.000000,0.999999,1.000000,1.000000,0,0,0,0
1882,25,511,1366,1.000000,0.999999,1.000000,1.000000,0,0,0,0
1883,23,511,1367,1.000000,0.999999,1.000000,1.000000,0,0,1,1
1884,21,511,1368,1.000000,0.999999,1.000000,1.000000,1,0,1,0
1885,19,511,1369,1.000000,0.999999,1.000000,1.000000,0,0,1,0
1886,29,512,1369,1.000000,0.999999,1.000000,1.000000,0,0,1,0
1887,27,512,1370,1.000000,0.999999,1.000000,1.000000,0,0,1,0
1888,29,513,1370,1.000000,0.999999,1.000000,1.000000,0,0,1,0
1889,27,513,1371,1.000000,0.999999,1.000000,1.000000,0,1,0,0
1890,29,514,1371,1.000000,0.999999,1.000000,1.000000,0,1,0,0
1891,27,514,1372,1.000000,0.999999,1.000000,1.000000,0,0,0,0
1892,29,515,1372,1.000000,0.999999,1.000000,1.000000,0,0,0,0
1893,27,515,1373,1.000000,0.999999,1.000000,1.000000,0,0,0,0
1894,25,515,1374,1.000000,0.999999,1.000000,1.000000,0,0,0,0
1895,23,515,1375,1.000000,0.999999,1.000000,1.000000,0,0,0,0
1896,21,515,1376,1.000000,0.999999,1.000000,1.000000,0,0,0,0
1897,19,515,1377,1.000000,0.999999,1.000000,1.000000,0,0,0,0
1898,17,515,1378,1.000000,0.999999,1.000000,1.000000,0,0,0,0
1899,15,515,1379,1.000000,0.999999,1.000000,1.000000,0,0,0,0
1900,13,515,1380,1.000000,0.999999,1.000000,1.000000,1,0,0,0
1901,11,515,1381,1.000000,0.999999,1.000000,1.000000,0,0,0,0
1902,29,516,1381,1.000000,0.999999,1.000000,1.000000,0,0,1,0
1903,27,516,1382,1.000000,0.999999,1.000000,1.000000,0,0,0,0
1904,29,517,1382,1.000000,0.999999,1.000000,1.000000,0,0,1,0
1905,27,517,1383,1.000000,0.999999,1.000000,1.000000,0,0,0,0
1906,29,518,1383,1.000000,0.999999,1.000000,1.000000,0,1,0,0
1907,27,518,1384,1.000000,0.999999,1.000000,1.000000,0,0,0,0
1908,29,519,1384,1.000000,0.999999,1.000000,1.000000,0,0,0,0
1909,27,519,1385,1.000000,0.999999,1.000000,1.000000,0,0,1,0
1910,25,519,1386,1.000000,0.999999,1.000000,1.000000,0,1,0,0
1911,23,519,1387,1.000000,0.999999,1.000000,1.000000,0,0,0,1
1912,29,520,1387,1.000000,0.999999,1.000000,1.000000,0,0,0,1
1913,27,520,1388,1.000000,0.999999,1.000000,1.000000,0,0,0,0
1914,29,521,1388,1.000000,0.999999,1.000000,1.000000,0,0,0,0
1915,27,521,1389,1.000000,0.999999,1.000000,1.000000,0,0,0,0
1916,25,521,1390,1.000000,0.999999,1.000000,1.000000,0,0,0,0
1917,23,521,1391,1.000000,0.999999,1.000000,1.000000,0,0,1,0
1918,21,521,1392,1.000000,0.999999,1.000000,1.000000,0,0,0,1
1919,29,522,1392,1.000000,0.999999,1.000000,1.000000,0,0,0,1
1920,27,522,1393,1.000000,0.999999,1.000000,1.000000,0,0,0,1
1921,29,523,1393,1.000000,0.999999,1.000000,1.000000,0,0,0,1
1922,27,523,1394,1.000000,0.999999,1.000000,1.000000,0,0,1,0
1923,29,524,1394,1.000000,0.999999,1.000000,1.000000,0,0,1,0
1924,27,524,1395,1.000000,0.999999,1.000000,1.000000,0,0,0,0
1925,29,525,1395,1.000000,0.999999,1.000000,1.000000,0,0,0,0
1926,27,525,1396,1.000000,0.999999,1.000000,1.000000,0,0,0,0
1927,25,525,1397,1.000000,0.999999,1.000000,1.000000,0,0,0,0
1928,23,525,1398,1.000000,0.999999,1.000000,1.000000,0,0,0,0
1929,21,525,1399,1.000000,0.999999,1.000000,1.000000,0,0,0,0
1930,19,525,1400,1.000000,0.999999,1.000000,1.000000,0,0,0,0
1931,17,525,1401,1.000000,0.999999,1.000000,1.000000,0,0,0,0
1932,15,525,1402,1.000000,0.999999,1.000000,1.000000,0,0,0,0
1933,13,525,1403,1.000000,0.999999,1.000000,1.000000,0,1,0,0
1934,11,525,1404,1.000000,0.999999,1.000000,1.000000,0,0,0,0
1935,29,526,1404,1.000000,0.999999,1.000000,1.000000,0,0,0,1
1936,27,526,1405,1.000000,0.999999,1.000000,1.000000,1,1,0,0
1937,25,526,1406,1.000000,0.999999,1.000000,1.000000,0,0,0,1
1938,29,527,1406,1.000000,0.999999,1.000000,1.000000,0,0,0,1
1939,27,527,1407,1.000000,0.999999,1.000000,1.000000,1,0,0,0
1940,29,528,1407,1.000000,0.999999,1.000000,1.000000,1,0,0,0
1941,27,528,1408,1.000000,0.999999,1.000000,1.000000,1,0,0,0
1942,29,529,1408,1.000000,0.999999,1.000000,1.000000,1,0,0,0
1943,27,529,1409,1.000000,0.999999,1.000000,1.000000,0,0,0,0
1944,29,530,1409,1.000000,0.999999,1.000000,1.000000,0,0,0,0
1945,27,530,1410,1.000000,0.999999,1.000000,1.000000,0,0,0,0
1946,25,530,1411,1.000000,0.999999,1.000000,1.000000,1,0,0,0
1947,23,530,1412,1.000000,0.999999,1.000000,1.000000,0,1,0,0
1948,29,531,1412,1.000000,0.999999,1.000000,1.000000,0,1,0,0
1949,27,531,1413,1.000000,0.999999,1.000000,1.000000,0,0,0,0
1950,29,532,1413,1.000000,0.999999,1.000000,1.000000,0,0,0,0
1951,27,532,1414,1.000000,0.999999,1.000000,1.000000,0,0,0,0
1952,25,532,1415,1.000000,0.999999,1.000000,1.000000,0,1,0,0
1953,23,532,1416,1.000000,0.999999,1.000000,1.000000,0,0,0,0
1954,29,533,1416,1.000000,0.999999,1.000000,1.000000,0,0,0,0
1955,27,533,1417,1.000000,0.999999,1.000000,1.000000,0,0,0,0
1956,25,533,1418,1.000000,0.999999,1.000000,1.000000,0,0,0,0
1957,23,533,1419,1.000000,0.999999,1.000000,1.000000,0,0,0,0
1958,21,533,1420,1.000000,0.999999,1.000000,1.000000,0,0,0,0
1959,19,533,1421,1.000000,0.999999,1.000000,1.000000,0,0,0,0
1960,17,533,1422,1.000000,0.999999,1.000000,1.000000,0,0,0,0
1961,15,533,1423,1.000000,0.999999,1.000000,1.000000,0,0,0,0
1962,13,533,1424,1.000000,0.999999,1.000000,1.000000,0,0,0,0
1963,11,533,1425,1.000000,0.999999,1.000000,1.000000,0,0,0,0
1964,9,533,1426,1.000000,0.999999,1.000000,1.000000,0,0,0,0
1965,7,533,1427,1.000000,0.999999,1.000000,1.000000,1,0,0,0
1966,5,533,1428,1.000000,1.000000,1.000000,1.000000,1,1,0,0
1967,3,533,1429,1.000000,0.999999,1.000000,1.000000,0,0,1,0
1968,29,534,1429,1.000000,0.999999,1.000000,1.000000,0,0,1,0
1969,27,534,1430,1.000000,1.000000,1.000000,1.000000,0,1,0,0
1970,29,535,1430,1.000000,1.000000,1.000000,1.000000,0,1,0,0
1971,27,535,1431,1.000000,1.000000,1.000000,1.000000,0,1,0,0
1972,29,536,1431,1.000000,1.000000,1.000000,1.000000,0,1,0,0
1973,27,536,1432,1.000000,1.000000,1.000000,1.000000,0,0,1,0
1974,25,536,1433,1.000000,1.000000,1.000000,1.000000,1,0,0,0
1975,29,537,1433,1.000000,1.000000,1.000000,1.000000,1,0,0,0
1976,27,537,1434,1.000000,1.000000,1.000000,1.000000,0,0,0,0
1977,29,538,1434,1.000000,1.000000,1.000000,1.000000,0,0,0,0
1978,27,538,1435,1.000000,1.000000,1.000000,1.000000,0,0,0,0
1979,25,538,1436,1.000000,1.000000,1.000000,1.000000,0,0,0,0
1980,23,538,1437,1.000000,1.000000,1.000000,1.000000,0,0,0,0
1981,21,538,1438,1.000000,1.000000,1.000000,1.000000,0,0,0,0
1982,19,538,1439,1.000000,1.000000,1.000000,1.000000,0,0,0,0
1983,17,538,1440,1.000000,1.000000,1.000000,1.000000,0,0,0,0
1984,15,538,1441,1.000000,1.000000,1.000000,1.000000,0,0,0,1
1985,13,538,1442,1.000000,1.000000,1.000000,1.000000,1,0,0,0
1986,29,539,1442,1.000000,1.000000,1.000000,1.000000,1,1,0,0
1987,27,539,1443,1.000000,1.000000,1.000000,1.000000,0,0,0,0
1988,29,540,1443,1.000000,1.000000,1.000000,1.000000,0,0,0,0
1989,27,540,1444,1.000000,1.000000,1.000000,1.000000,0,0,1,0
1990,25,540,1445,1.000000,1.000000,1.000000,1.000000,0,0,0,0
1991,29,541,1445,1.000000,1.000000,1.000000,1.000000,1,0,0,0
1992,27,541,1446,1.000000,1.000000,1.000000,1.000000,0,0,0,0
1993,29,542,1446,1.000000,1.000000,1.000000,1.000000,0,0,0,0
1994,27,542,1447,1.000000,1.000000,1.000000,1.000000,1,0,0,0
1995,25,542,1448,1.000000,1.000000,1.000000,1.000000,0,1,0,0
1996,29,543,1448,1.000000,1.000000,1.000000,1.000000,0,1,0,0
1997,27,543,1449,1.000000,1.000000,1.000000,1.000000,0,1,0,0
1998,29,544,1449,1.000000,1.000000,1.000000,1.000000,0,1,0,0
1999,27,544,1450,1.000000,1.000000,1.000000,1.000000,0,0,0,0
2000,29,545,1450,1.000000,1.000000,1.000000,1.000000,0,0,0,0
