tick,energy,eats,distance,conn_1_6_weight,conn_2_7_weight,conn_3_8_weight,conn_4_9_weight,food_north_sensed,food_east_sensed,food_south_sensed,food_west_sensed
0,30,0,0,0.050000,0.050000,0.050000,0.050000,0,0,0,0
1,29,0,0,0.060918,0.045231,0.060918,0.045231,1,0,1,0
2,27,0,1,0.061490,0.045015,0.061490,0.045015,0,0,0,0
3,25,0,2,0.061490,0.045015,0.061490,0.045015,0,0,0,0
4,23,0,3,0.061490,0.045015,0.061490,0.045015,0,0,0,0
5,21,0,4,0.061490,0.045015,0.061490,0.045015,0,0,0,0
6,19,0,5,0.068758,0.045015,0.061490,0.042500,1,0,0,0
7,17,0,6,0.069398,0.045015,0.061490,0.042296,0,0,0,0
8,15,0,7,0.069398,0.045015,0.058110,0.047409,0,0,0,1
9,13,0,8,0.069398,0.042704,0.064102,0.047860,0,0,1,0
10,29,1,8,0.069398,0.039544,0.074349,0.047860,0,0,1,0
11,27,1,9,0.078239,0.039354,0.075038,0.044977,1,0,0,0
12,25,1,10,0.071638,0.043511,0.090905,0.044763,0,1,1,0
13,23,1,11,0.067741,0.046072,0.101277,0.044763,0,1,1,0
14,29,2,11,0.061102,0.051143,0.123038,0.044763,0,1,1,0
15,28,2,11,0.055075,0.056739,0.148709,0.044763,0,1,1,0
16,27,2,11,0.049611,0.062907,0.178653,0.044763,0,1,1,0
17,25,2,12,0.049376,0.059734,0.189137,0.050158,0,0,1,1
18,29,3,12,0.049376,0.053834,0.206559,0.061682,0,0,1,1
19,27,3,13,0.046628,0.059971,0.207378,0.062261,0,1,0,0
20,25,3,14,0.046406,0.054820,0.225141,0.075645,0,0,1,1
21,23,3,15,0.056586,0.054561,0.226014,0.069247,1,0,0,0
22,21,3,16,0.063905,0.054561,0.226014,0.065165,1,0,0,0
23,29,4,16,0.072100,0.054561,0.226014,0.061307,1,0,0,0
24,27,4,17,0.080514,0.054561,0.226014,0.057937,1,0,0,0
25,29,5,17,0.093127,0.054561,0.226014,0.053712,1,0,0,0
26,27,5,18,0.093972,0.054561,0.226014,0.053458,0,0,0,0
27,29,6,18,0.093972,0.054561,0.226014,0.053458,0,0,0,0
28,27,6,19,0.093972,0.054561,0.212308,0.062116,0,0,0,1
29,25,6,20,0.093972,0.054561,0.211472,0.062699,0,0,0,0
30,23,6,21,0.113356,0.054561,0.211472,0.056792,1,0,0,0
31,22,6,21,0.137320,0.054561,0.211472,0.051167,1,0,0,0
32,21,6,21,0.161327,0.054561,0.211472,0.046737,1,0,0,0
33,19,6,22,0.155314,0.060493,0.211472,0.046514,0,1,0,0
34,29,7,22,0.143234,0.072182,0.211472,0.046514,0,1,0,0
35,27,7,23,0.142620,0.072852,0.211472,0.046514,0,0,0,0
36,25,7,24,0.142620,0.072852,0.211472,0.046514,0,0,0,0
37,23,7,25,0.170171,0.066056,0.229484,0.051388,1,0,1,1
38,21,7,26,0.171583,0.065748,0.230369,0.051631,0,0,0,0
39,19,7,27,0.171583,0.065748,0.220749,0.057265,0,0,0,1
40,17,7,28,0.171583,0.065748,0.219889,0.057805,0,0,0,0
41,29,8,28,0.171583,0.065748,0.219889,0.057805,0,0,0,0
42,27,8,29,0.171583,0.059853,0.256005,0.057805,0,0,1,0
43,25,8,30,0.171583,0.056558,0.279465,0.057805,0,0,1,0
44,29,9,30,0.171583,0.052429,0.312718,0.057805,0,0,1,0
45,27,9,31,0.171583,0.052180,0.314867,0.057805,0,0,0,0
46,25,9,32,0.171583,0.052180,0.314867,0.057805,0,0,0,0
47,23,9,33,0.171583,0.052180,0.314867,0.057805,0,0,0,0
48,21,9,34,0.187001,0.063543,0.314867,0.052333,1,1,0,0
49,20,9,34,0.204276,0.077893,0.314867,0.047127,1,1,0,0
50,18,9,35,0.205088,0.078611,0.314867,0.046903,0,0,0,0
51,29,10,35,0.205088,0.078611,0.314867,0.046903,0,0,0,0
52,27,10,36,0.205088,0.078611,0.314867,0.046903,0,0,0,0
53,25,10,37,0.194679,0.088515,0.314867,0.046903,0,1,0,0
54,23,10,38,0.193895,0.089322,0.314867,0.046903,0,0,0,0
55,21,10,39,0.193895,0.089322,0.314867,0.046903,0,0,0,0
56,19,10,40,0.193895,0.089322,0.299952,0.053542,0,0,0,1
57,17,10,41,0.211614,0.089322,0.287493,0.056924,1,0,0,1
58,29,11,41,0.250525,0.089322,0.265473,0.063111,1,0,0,1
59,27,11,42,0.252403,0.089322,0.264498,0.063407,0,0,0,0
60,25,11,43,0.252403,0.089322,0.264498,0.063407,0,0,0,0
61,23,11,44,0.252403,0.089322,0.264498,0.063407,0,0,0,0
62,21,11,45,0.252403,0.089322,0.264498,0.063407,0,0,0,0
63,19,11,46,0.252403,0.089322,0.264498,0.063407,0,0,0,0
64,17,11,47,0.252403,0.089322,0.264498,0.063407,0,0,0,0
65,15,11,48,0.240321,0.100429,0.264498,0.063407,0,1,0,0
66,13,11,49,0.239408,0.101332,0.264498,0.063407,0,0,0,0
67,29,12,49,0.239408,0.101332,0.264498,0.063407,0,0,0,0
68,27,12,50,0.239408,0.101332,0.264498,0.063407,0,0,0,0
69,25,12,51,0.279603,0.101332,0.244558,0.069921,1,0,0,1
70,23,12,52,0.281617,0.101332,0.243635,0.070246,0,0,0,0
71,21,12,53,0.304348,0.101332,0.233630,0.073916,1,0,0,1
72,19,12,54,0.306465,0.096423,0.252898,0.074258,0,0,1,0
73,29,13,54,0.306465,0.089661,0.284228,0.074258,0,0,1,0
74,27,13,55,0.306465,0.083329,0.317799,0.074258,0,0,1,0
75,25,13,56,0.336943,0.082947,0.319967,0.069578,1,0,0,0
76,23,13,57,0.375852,0.082947,0.319967,0.064261,1,0,0,0
77,21,13,58,0.378197,0.082947,0.308109,0.070839,0,0,0,1
78,29,14,58,0.378197,0.082947,0.295456,0.079119,0,0,0,1
79,27,14,59,0.378197,0.082947,0.294415,0.079848,0,0,0,0
80,25,14,60,0.378197,0.082947,0.294415,0.079848,0,0,0,0
81,23,14,61,0.378197,0.082947,0.294415,0.079848,0,0,0,0
82,21,14,62,0.378197,0.082947,0.294415,0.079848,0,0,0,0
83,19,14,63,0.378197,0.082947,0.294415,0.079848,0,0,0,0
84,17,14,64,0.378197,0.077049,0.328641,0.079848,0,0,1,0
85,15,14,65,0.378197,0.076694,0.318776,0.088276,0,0,0,1
86,29,15,65,0.378197,0.076694,0.305878,0.098380,0,0,0,1
87,27,15,66,0.378197,0.076694,0.304816,0.099267,0,0,0,0
88,29,16,66,0.378197,0.076694,0.304816,0.099267,0,0,0,0
89,27,16,67,0.378197,0.076694,0.283011,0.119601,0,0,0,1
90,25,16,68,0.378197,0.076694,0.269995,0.133924,0,0,0,1
91,29,17,68,0.378197,0.076694,0.255453,0.152228,0,0,0,1
92,27,17,69,0.404361,0.072881,0.275878,0.146495,1,0,1,0
93,29,18,69,0.435996,0.068600,0.302531,0.138539,1,0,1,0
94,27,18,70,0.470660,0.068281,0.304641,0.130380,1,0,0,0
95,29,19,70,0.500622,0.068281,0.304641,0.123714,1,0,0,0
96,27,19,71,0.503122,0.068281,0.304641,0.123172,0,0,0,0
97,29,20,71,0.503122,0.068281,0.304641,0.123172,0,0,0,0
98,27,20,72,0.503122,0.068281,0.304641,0.123172,0,0,0,0
99,25,20,73,0.503122,0.068281,0.304641,0.123172,0,0,0,0
100,23,20,74,0.503122,0.068281,0.304641,0.123172,0,0,0,0
101,21,20,75,0.503122,0.068281,0.304641,0.123172,0,0,0,0
102,19,20,76,0.503122,0.068281,0.304641,0.123172,0,0,0,0
103,17,20,77,0.530588,0.068281,0.293105,0.129225,1,0,0,1
104,15,20,78,0.533078,0.068281,0.292070,0.129788,0,0,0,0
105,29,21,78,0.533078,0.068281,0.292070,0.129788,0,0,0,0
106,27,21,79,0.533078,0.068281,0.273795,0.151423,0,0,0,1
107,25,21,80,0.533078,0.068281,0.262015,0.167439,0,0,0,1
108,29,22,80,0.533078,0.068281,0.248691,0.187804,0,0,0,1
109,27,22,81,0.533078,0.068281,0.247757,0.189330,0,0,0,0
110,25,22,82,0.560344,0.064856,0.258136,0.197902,1,0,1,1
111,23,22,83,0.589681,0.064553,0.248663,0.207585,1,0,0,1
112,29,23,83,0.618402,0.064553,0.237609,0.217613,1,0,0,1
113,27,23,84,0.646327,0.064553,0.236703,0.209206,1,0,0,0
114,29,24,84,0.675494,0.064553,0.236703,0.198640,1,0,0,0
115,27,24,85,0.677686,0.064553,0.236703,0.197845,0,0,0,0
116,29,25,85,0.677686,0.064553,0.236703,0.197845,0,0,0,0
117,27,25,86,0.677686,0.064553,0.236703,0.197845,0,0,0,0
118,25,25,87,0.701273,0.064553,0.236703,0.189248,1,0,0,0
119,23,25,88,0.703368,0.064553,0.226021,0.207465,0,0,0,1
120,29,26,88,0.703368,0.064553,0.211478,0.236720,0,0,0,1
121,27,26,89,0.703368,0.064553,0.201632,0.259024,0,0,0,1
122,29,27,89,0.703368,0.064553,0.188275,0.292882,0,0,0,1
123,27,27,90,0.703368,0.064553,0.187511,0.294953,0,0,0,0
124,25,27,91,0.703368,0.064553,0.179262,0.318286,0,0,0,1
125,23,27,92,0.703368,0.064553,0.178527,0.320455,0,0,0,0
126,21,27,93,0.703368,0.064553,0.178527,0.320455,0,0,0,0
127,19,27,94,0.703368,0.064553,0.170590,0.344825,0,0,0,1
128,17,27,95,0.703368,0.064553,0.159549,0.381760,0,0,0,1
129,15,27,96,0.703368,0.064553,0.148460,0.422566,0,0,0,1
130,13,27,97,0.725841,0.064553,0.147828,0.411618,1,0,0,0
131,29,28,97,0.749117,0.064553,0.147828,0.397161,1,0,0,0
132,27,28,98,0.771045,0.064553,0.147828,0.382880,1,0,0,0
133,29,29,98,0.791594,0.064553,0.147828,0.368797,1,0,0,0
134,27,29,99,0.793244,0.064553,0.147828,0.367634,0,0,0,0
135,29,30,99,0.793244,0.064553,0.147828,0.367634,0,0,0,0
136,27,30,100,0.778976,0.075560,0.147828,0.367634,0,1,0,0
137,25,30,101,0.768488,0.084342,0.147828,0.367634,0,1,0,0
138,29,31,101,0.754895,0.096618,0.147828,0.367634,0,1,0,0
139,27,31,102,0.753970,0.097491,0.147828,0.367634,0,0,0,0
140,29,32,102,0.753970,0.097491,0.147828,0.367634,0,0,0,0
141,27,32,103,0.753970,0.097491,0.147828,0.367634,0,0,0,0
142,25,32,104,0.753970,0.097491,0.147828,0.367634,0,0,0,0
143,23,32,105,0.734003,0.117509,0.147828,0.367634,0,1,0,0
144,22,32,105,0.720130,0.132761,0.147828,0.367634,0,1,0,0
145,20,32,106,0.719122,0.133913,0.147828,0.367634,0,0,0,0
146,18,32,107,0.719122,0.127650,0.162177,0.367634,0,0,1,0
147,16,32,108,0.719122,0.127093,0.163536,0.367634,0,0,0,0
148,14,32,109,0.740845,0.127093,0.163536,0.354934,1,0,0,0
149,12,32,110,0.763266,0.127093,0.163536,0.341309,1,0,0,0
150,29,33,110,0.784316,0.127093,0.163536,0.327940,1,0,0,0
151,27,33,111,0.786008,0.127093,0.163536,0.326838,0,0,0,0
152,29,34,111,0.786008,0.127093,0.163536,0.326838,0,0,0,0
153,27,34,112,0.786008,0.127093,0.163536,0.326838,0,0,0,0
154,25,34,113,0.786008,0.127093,0.163536,0.326838,0,0,0,0
155,23,34,114,0.795126,0.139757,0.163536,0.314844,1,1,0,0
156,21,34,115,0.795941,0.140959,0.163536,0.313765,0,0,0,0
157,29,35,115,0.795941,0.140959,0.163536,0.313765,0,0,0,0
158,27,35,116,0.781808,0.162746,0.163536,0.313765,0,1,0,0
159,25,35,117,0.780955,0.164109,0.163536,0.313765,0,0,0,0
160,23,35,118,0.771415,0.179708,0.163536,0.313765,0,1,0,0
161,21,35,119,0.770533,0.181182,0.163536,0.313765,0,0,0,0
162,19,35,120,0.780126,0.198022,0.163536,0.302035,1,1,0,0
163,17,35,121,0.780984,0.199610,0.163536,0.300981,0,0,0,0
164,29,36,121,0.780984,0.199610,0.163536,0.300981,0,0,0,0
165,27,36,122,0.780984,0.199610,0.163536,0.300981,0,0,0,0
166,25,36,123,0.780984,0.199610,0.163536,0.300981,0,0,0,0
167,23,36,124,0.771444,0.217712,0.163536,0.300981,0,1,0,0
168,21,36,125,0.770563,0.219415,0.163536,0.300981,0,0,0,0
169,29,37,125,0.770563,0.219415,0.163536,0.300981,0,0,0,0
170,27,37,126,0.770563,0.207645,0.183531,0.300981,0,0,1,0
171,25,37,127,0.770563,0.206822,0.185029,0.300981,0,0,0,0
172,23,37,128,0.770563,0.206822,0.174689,0.331172,0,0,0,1
173,21,37,129,0.770563,0.206822,0.173968,0.333387,0,0,0,0
174,19,37,130,0.770563,0.206822,0.173968,0.333387,0,0,0,0
175,17,37,131,0.770563,0.206822,0.173968,0.333387,0,0,0,0
176,15,37,132,0.770563,0.206822,0.173968,0.333387,0,0,0,0
177,13,37,133,0.770563,0.206822,0.173968,0.333387,0,0,0,0
178,11,37,134,0.770563,0.206822,0.173968,0.333387,0,0,0,0
179,9,37,135,0.770563,0.206822,0.173968,0.333387,0,0,0,0
180,7,37,136,0.760708,0.215977,0.182001,0.358225,0,1,1,1
181,5,37,137,0.759798,0.216824,0.182745,0.360524,0,0,0,0
182,29,38,137,0.759798,0.216824,0.182745,0.360524,0,0,0,0
183,27,38,138,0.769705,0.226295,0.199696,0.347935,1,1,1,0
184,25,38,139,0.770591,0.227171,0.201294,0.346800,0,0,0,0
185,29,39,139,0.770591,0.227171,0.201294,0.346800,0,0,0,0
186,27,39,140,0.770591,0.227171,0.191806,0.374420,0,0,0,1
187,25,39,141,0.770591,0.227171,0.191031,0.376762,0,0,0,0
188,29,40,141,0.770591,0.227171,0.191031,0.376762,0,0,0,0
189,27,40,142,0.770591,0.227171,0.191031,0.376762,0,0,0,0
190,25,40,143,0.789507,0.227171,0.191031,0.363929,1,0,0,0
191,23,40,144,0.781950,0.247006,0.191031,0.362772,0,1,0,0
192,29,41,144,0.765343,0.283922,0.191031,0.362772,0,1,0,0
193,27,41,145,0.783725,0.285955,0.191031,0.350147,1,0,0,0
194,29,42,145,0.803428,0.285955,0.191031,0.336610,1,0,0,0
195,27,42,146,0.805007,0.285955,0.191031,0.335493,0,0,0,0
196,29,43,146,0.805007,0.285955,0.191031,0.335493,0,0,0,0
197,27,43,147,0.805007,0.285955,0.191031,0.335493,0,0,0,0
198,25,43,148,0.805007,0.285955,0.191031,0.335493,0,0,0,0
199,23,43,149,0.805007,0.285955,0.181172,0.365021,0,0,0,1
200,21,43,150,0.805007,0.285955,0.180430,0.367339,0,0,0,0
201,19,43,151,0.805007,0.285955,0.168181,0.407613,0,0,0,1
202,17,43,152,0.805007,0.285955,0.167482,0.410027,0,0,0,0
203,29,44,152,0.805007,0.285955,0.167482,0.410027,0,0,0,0
204,27,44,153,0.805007,0.285955,0.159940,0.436855,0,0,0,1
205,25,44,154,0.821748,0.285955,0.159268,0.425811,1,0,0,0
206,23,44,155,0.831088,0.308886,0.159268,0.411205,1,1,0,0
207,29,45,155,0.839358,0.335024,0.159268,0.396752,1,1,0,0
208,27,45,156,0.840032,0.337252,0.159268,0.395556,0,0,0,0
209,29,46,156,0.840032,0.337252,0.159268,0.395556,0,0,0,0
210,27,46,157,0.830417,0.369172,0.159268,0.395556,0,1,0,0
211,25,46,158,0.829713,0.371501,0.159268,0.395556,0,0,0,0
212,23,46,159,0.829713,0.358744,0.174503,0.395556,0,0,1,0
213,21,46,160,0.829713,0.357594,0.168098,0.422110,0,0,0,1
214,19,46,161,0.820347,0.387938,0.167398,0.424549,0,1,0,0
215,17,46,162,0.819610,0.390312,0.158519,0.456559,0,0,0,1
216,15,46,163,0.835355,0.390312,0.157852,0.445413,1,0,0,0
217,13,46,164,0.836731,0.377298,0.172979,0.444178,0,0,1,0
218,29,47,164,0.836731,0.360988,0.193863,0.444178,0,0,1,0
219,27,47,165,0.836731,0.359835,0.195425,0.444178,0,0,0,0
220,29,48,165,0.836731,0.359835,0.195425,0.444178,0,0,0,0
221,27,48,166,0.836731,0.343861,0.206650,0.478943,0,0,1,1
222,25,48,167,0.836731,0.329337,0.227833,0.481439,0,0,1,0
223,29,49,167,0.836731,0.312974,0.255218,0.481439,0,0,1,0
224,27,49,168,0.836731,0.297062,0.284690,0.481439,0,0,1,0
225,25,49,169,0.836731,0.296018,0.271619,0.518921,0,0,0,1
226,23,49,170,0.851255,0.296018,0.270630,0.507681,1,0,0,0
227,29,50,170,0.865869,0.296018,0.270630,0.492682,1,0,0,0
228,27,50,171,0.867030,0.296018,0.270630,0.491432,0,0,0,0
229,29,51,171,0.867030,0.296018,0.270630,0.491432,0,0,0,0
230,27,51,172,0.867030,0.296018,0.270630,0.491432,0,0,0,0
231,25,51,173,0.867030,0.296018,0.270630,0.491432,0,0,0,0
232,23,51,174,0.867030,0.296018,0.270630,0.491432,0,0,0,0
233,21,51,175,0.867030,0.296018,0.270630,0.491432,0,0,0,0
234,19,51,176,0.867030,0.296018,0.270630,0.491432,0,0,0,0
235,17,51,177,0.867030,0.296018,0.270630,0.491432,0,0,0,0
236,15,51,178,0.854475,0.341478,0.270630,0.491432,0,1,0,0
237,13,51,179,0.853853,0.343727,0.270630,0.491432,0,0,0,0
238,29,52,179,0.853853,0.343727,0.270630,0.491432,0,0,0,0
239,27,52,180,0.853853,0.343727,0.270630,0.491432,0,0,0,0
240,25,52,181,0.867099,0.343727,0.270630,0.477695,1,0,0,0
241,23,52,182,0.868251,0.343727,0.270630,0.476448,0,0,0,0
242,21,52,183,0.868251,0.343727,0.270630,0.476448,0,0,0,0
243,19,52,184,0.868251,0.343727,0.258938,0.506427,0,0,0,1
244,17,52,185,0.868251,0.343727,0.257978,0.508927,0,0,0,0
245,29,53,185,0.868251,0.343727,0.257978,0.508927,0,0,0,0
246,27,53,186,0.868251,0.343727,0.246647,0.538856,0,0,0,1
247,25,53,187,0.868251,0.343727,0.245717,0.541341,0,0,0,0
248,29,54,187,0.868251,0.343727,0.245717,0.541341,0,0,0,0
249,27,54,188,0.868251,0.343727,0.245717,0.541341,0,0,0,0
250,25,54,189,0.868251,0.343727,0.245717,0.541341,0,0,0,0
251,23,54,190,0.861843,0.368912,0.235654,0.568517,0,1,0,1
252,21,54,191,0.861248,0.371240,0.234753,0.570970,0,0,0,0
253,19,54,192,0.852685,0.404426,0.222396,0.604902,0,1,0,1
254,17,54,193,0.852057,0.406834,0.221531,0.607292,0,0,0,0
255,29,55,193,0.852057,0.406834,0.221531,0.607292,0,0,0,0
256,27,55,194,0.845001,0.433606,0.221531,0.607292,0,1,0,0
257,25,55,195,0.844347,0.436061,0.221531,0.607292,0,0,0,0
258,23,55,196,0.844347,0.436061,0.212179,0.633225,0,0,0,1
259,21,55,197,0.844347,0.436061,0.211343,0.635547,0,0,0,0
260,29,56,197,0.844347,0.436061,0.211343,0.635547,0,0,0,0
261,27,56,198,0.858309,0.436061,0.211343,0.622724,1,0,0,0
262,25,56,199,0.872335,0.436061,0.211343,0.608535,1,0,0,0
263,29,57,199,0.885159,0.436061,0.211343,0.594160,1,0,0,0
264,27,57,200,0.896848,0.436061,0.211343,0.579621,1,0,0,0
265,29,58,200,0.907474,0.436061,0.211343,0.564941,1,0,0,0
266,27,58,201,0.902327,0.470727,0.211343,0.563712,0,1,0,0
267,29,59,201,0.896459,0.503189,0.211343,0.563712,0,1,0,0
268,27,59,202,0.905846,0.505688,0.211343,0.550145,1,0,0,0
269,29,60,202,0.915633,0.505688,0.211343,0.535259,1,0,0,0
270,27,60,203,0.916405,0.505688,0.211343,0.534015,0,0,0,0
271,29,61,203,0.916405,0.505688,0.211343,0.534015,0,0,0,0
272,27,61,204,0.916405,0.505688,0.211343,0.534015,0,0,0,0
273,25,61,205,0.916405,0.505688,0.211343,0.534015,0,0,0,0
274,23,61,206,0.912103,0.533145,0.211343,0.534015,0,1,0,0
275,21,61,207,0.911702,0.535634,0.211343,0.534015,0,0,0,0
276,29,62,207,0.911702,0.535634,0.211343,0.534015,0,0,0,0
277,27,62,208,0.905488,0.572696,0.211343,0.534015,0,1,0,0
278,25,62,209,0.905061,0.575143,0.211343,0.534015,0,0,0,0
279,29,63,209,0.905061,0.575143,0.211343,0.534015,0,0,0,0
280,27,63,210,0.900238,0.601798,0.211343,0.534015,0,1,0,0
281,25,63,211,0.899789,0.604195,0.211343,0.534015,0,0,0,0
282,29,64,211,0.899789,0.604195,0.211343,0.534015,0,0,0,0
283,27,64,212,0.909318,0.604195,0.211343,0.520308,1,0,0,0
284,25,64,213,0.910142,0.604195,0.211343,0.519060,0,0,0,0
285,29,65,213,0.910142,0.604195,0.211343,0.519060,0,0,0,0
286,27,65,214,0.905123,0.632537,0.211343,0.519060,0,1,0,0
287,25,65,215,0.913801,0.634861,0.202308,0.532774,1,0,0,1
288,23,65,216,0.914589,0.634861,0.201501,0.534019,0,0,0,0
289,29,66,216,0.914589,0.634861,0.201501,0.534019,0,0,0,0
290,27,66,217,0.914589,0.611398,0.235502,0.534019,0,0,1,0
291,25,66,218,0.914589,0.610210,0.237302,0.534019,0,0,0,0
292,23,66,219,0.914589,0.610210,0.237302,0.534019,0,0,0,0
293,21,66,220,0.914589,0.610210,0.237302,0.534019,0,0,0,0
294,19,66,221,0.914589,0.610210,0.227479,0.561275,0,0,0,1
295,17,66,222,0.914589,0.610210,0.217094,0.590596,0,0,0,1
296,29,67,222,0.914589,0.610210,0.207055,0.619294,0,0,0,1
297,27,67,223,0.914589,0.610210,0.206234,0.621652,0,0,0,0
298,29,68,223,0.914589,0.610210,0.206234,0.621652,0,0,0,0
299,27,68,224,0.914589,0.610210,0.206234,0.621652,0,0,0,0
300,25,68,225,0.914589,0.610210,0.206234,0.621652,0,0,0,0
301,23,68,226,0.914589,0.610210,0.197363,0.647191,0,0,0,1
302,21,68,227,0.914589,0.610210,0.196571,0.649474,0,0,0,0
303,29,69,227,0.914589,0.610210,0.196571,0.649474,0,0,0,0
304,27,69,228,0.914589,0.610210,0.196571,0.649474,0,0,0,0
305,25,69,229,0.914589,0.610210,0.196571,0.649474,0,0,0,0
306,23,69,230,0.914589,0.610210,0.196571,0.649474,0,0,0,0
307,21,69,231,0.914589,0.610210,0.196571,0.649474,0,0,0,0
308,19,69,232,0.914589,0.610210,0.196571,0.649474,0,0,0,0
309,17,69,233,0.922832,0.610210,0.196571,0.636861,1,0,0,0
310,15,69,234,0.923544,0.610210,0.196571,0.635705,0,0,0,0
311,29,70,234,0.923544,0.610210,0.196571,0.635705,0,0,0,0
312,27,70,235,0.923544,0.610210,0.196571,0.635705,0,0,0,0
313,25,70,236,0.923544,0.610210,0.196571,0.635705,0,0,0,0
314,23,70,237,0.923544,0.584979,0.231748,0.635705,0,0,1,0
315,21,70,238,0.923544,0.583765,0.233529,0.635705,0,0,0,0
316,19,70,239,0.923544,0.583765,0.223816,0.660816,0,0,0,1
317,17,70,240,0.923544,0.583765,0.222947,0.663058,0,0,0,0
318,29,71,240,0.923544,0.583765,0.222947,0.663058,0,0,0,0
319,27,71,241,0.923544,0.583765,0.222947,0.663058,0,0,0,0
320,25,71,242,0.923544,0.583765,0.222947,0.663058,0,0,0,0
321,23,71,243,0.923544,0.560522,0.257488,0.663058,0,0,1,0
322,21,71,244,0.923544,0.559291,0.259399,0.663058,0,0,0,0
323,29,72,244,0.923544,0.559291,0.259399,0.663058,0,0,0,0
324,27,72,245,0.923544,0.559291,0.259399,0.663058,0,0,0,0
325,25,72,246,0.923544,0.559291,0.259399,0.663058,0,0,0,0
326,23,72,247,0.919577,0.586221,0.259399,0.663058,0,1,0,0
327,21,72,248,0.919208,0.575272,0.281033,0.663058,0,0,1,0
328,19,72,249,0.927041,0.560555,0.305850,0.650672,1,0,1,0
329,17,72,250,0.927717,0.559323,0.307973,0.649535,0,0,0,0
330,29,73,250,0.927717,0.559323,0.307973,0.649535,0,0,0,0
331,27,73,251,0.927717,0.538284,0.345268,0.649535,0,0,1,0
332,25,73,252,0.927717,0.537042,0.335154,0.674185,0,0,0,1
333,29,74,252,0.927717,0.537042,0.321908,0.700021,0,0,0,1
334,27,74,253,0.927717,0.537042,0.320817,0.702121,0,0,0,0
335,29,75,253,0.927717,0.537042,0.320817,0.702121,0,0,0,0
336,27,75,254,0.927717,0.537042,0.320817,0.702121,0,0,0,0
337,25,75,255,0.927717,0.537042,0.320817,0.702121,0,0,0,0
338,23,75,256,0.927717,0.537042,0.320817,0.702121,0,0,0,0
339,21,75,257,0.927717,0.515857,0.358865,0.702121,0,0,1,0
340,19,75,258,0.923949,0.542021,0.361166,0.702121,0,1,0,0
341,29,76,258,0.919634,0.571641,0.361166,0.702121,0,1,0,0
342,27,76,259,0.919264,0.560594,0.386880,0.702121,0,0,1,0
343,29,77,259,0.919264,0.542049,0.422971,0.702121,0,0,1,0
344,27,77,260,0.919264,0.540808,0.425411,0.702121,0,0,0,0
345,29,78,260,0.919264,0.540808,0.425411,0.702121,0,0,0,0
346,27,78,261,0.919264,0.540808,0.425411,0.702121,0,0,0,0
347,25,78,262,0.919264,0.527124,0.438903,0.724652,0,0,1,1
348,23,78,263,0.919264,0.525878,0.426625,0.747994,0,0,0,1
349,29,79,263,0.919264,0.525878,0.412010,0.769989,0,0,0,1
350,27,79,264,0.919264,0.525878,0.410799,0.771760,0,0,0,0
351,29,80,264,0.919264,0.525878,0.410799,0.771760,0,0,0,0
352,27,80,265,0.919264,0.525878,0.410799,0.771760,0,0,0,0
353,25,80,266,0.915096,0.539571,0.437640,0.771760,0,1,1,0
354,23,80,267,0.914708,0.540813,0.440101,0.771760,0,0,0,0
355,29,81,267,0.914708,0.540813,0.440101,0.771760,0,0,0,0
356,27,81,268,0.914708,0.540813,0.440101,0.771760,0,0,0,0
357,25,81,269,0.914708,0.527129,0.467346,0.771760,0,0,1,0
358,23,81,270,0.914708,0.512155,0.497294,0.771760,0,0,1,0
359,29,82,270,0.914708,0.497158,0.527270,0.771760,0,0,1,0
360,27,82,271,0.909509,0.528381,0.529763,0.771760,0,1,0,0
361,25,82,272,0.909097,0.517157,0.557060,0.771760,0,0,1,0
362,23,82,273,0.913550,0.543313,0.559528,0.761941,1,1,0,0
363,29,83,273,0.918182,0.572916,0.559528,0.750902,1,1,0,0
364,27,83,274,0.918558,0.575363,0.559528,0.749967,0,0,0,0
365,29,84,274,0.918558,0.575363,0.559528,0.749967,0,0,0,0
366,27,84,275,0.918558,0.575363,0.545935,0.770073,0,0,0,1
367,25,84,276,0.918558,0.575363,0.544695,0.771843,0,0,0,0
368,29,85,276,0.918558,0.575363,0.544695,0.771843,0,0,0,0
369,27,85,277,0.918558,0.575363,0.544695,0.771843,0,0,0,0
370,25,85,278,0.918558,0.575363,0.544695,0.771843,0,0,0,0
371,23,85,279,0.918558,0.575363,0.544695,0.771843,0,0,0,0
372,21,85,280,0.918558,0.575363,0.544695,0.771843,0,0,0,0
373,19,85,281,0.918558,0.575363,0.544695,0.771843,0,0,0,0
374,17,85,282,0.914356,0.602014,0.544695,0.771843,0,1,0,0
375,15,85,283,0.913965,0.604410,0.544695,0.771843,0,0,0,0
376,29,86,283,0.913965,0.604410,0.544695,0.771843,0,0,0,0
377,27,86,284,0.913965,0.604410,0.544695,0.771843,0,0,0,0
378,25,86,285,0.913965,0.604410,0.544695,0.771843,0,0,0,0
379,23,86,286,0.913965,0.604410,0.544695,0.771843,0,0,0,0
380,21,86,287,0.913965,0.604410,0.529783,0.792340,0,0,0,1
381,19,86,288,0.913965,0.604410,0.514815,0.811449,0,0,0,1
382,29,87,288,0.913965,0.604410,0.499820,0.829182,0,0,0,1
383,27,87,289,0.922263,0.604410,0.498570,0.822731,1,0,0,0
384,29,88,289,0.930475,0.604410,0.498570,0.813825,1,0,0,0
385,27,88,290,0.931122,0.604410,0.498570,0.813067,0,0,0,0
386,29,89,290,0.931122,0.604410,0.498570,0.813067,0,0,0,0
387,27,89,291,0.931122,0.604410,0.498570,0.813067,0,0,0,0
388,25,89,292,0.931122,0.604410,0.498570,0.813067,0,0,0,0
389,23,89,293,0.931122,0.604410,0.498570,0.813067,0,0,0,0
390,21,89,294,0.927518,0.630416,0.498570,0.813067,0,1,0,0
391,19,89,295,0.927182,0.632746,0.498570,0.813067,0,0,0,0
392,17,89,296,0.923388,0.657951,0.498570,0.813067,0,1,0,0
393,15,89,297,0.923035,0.660201,0.498570,0.813067,0,0,0,0
394,29,90,297,0.923035,0.660201,0.498570,0.813067,0,0,0,0
395,27,90,298,0.923035,0.660201,0.498570,0.813067,0,0,0,0
396,25,90,299,0.923035,0.660201,0.498570,0.813067,0,0,0,0
397,23,90,300,0.926860,0.684468,0.498570,0.804577,1,1,0,0
398,21,90,301,0.934313,0.686627,0.498570,0.794985,1,0,0,0
399,29,91,301,0.941887,0.686627,0.498570,0.784203,1,0,0,0
400,27,91,302,0.942434,0.686627,0.498570,0.783357,0,0,0,0
401,29,92,302,0.942434,0.686627,0.498570,0.783357,0,0,0,0
402,27,92,303,0.942434,0.686627,0.498570,0.783357,0,0,0,0
403,25,92,304,0.948144,0.686627,0.498570,0.773891,1,0,0,0
404,23,92,305,0.948635,0.686627,0.498570,0.773016,0,0,0,0
405,29,93,305,0.948635,0.686627,0.498570,0.773016,0,0,0,0
406,27,93,306,0.945894,0.709842,0.498570,0.773016,0,1,0,0
407,25,93,307,0.945639,0.711902,0.498570,0.773016,0,0,0,0
408,29,94,307,0.945639,0.711902,0.498570,0.773016,0,0,0,0
409,27,94,308,0.945639,0.711902,0.498570,0.773016,0,0,0,0
410,25,94,309,0.945639,0.711902,0.498570,0.773016,0,0,0,0
411,23,94,310,0.945639,0.711902,0.498570,0.773016,0,0,0,0
412,21,94,311,0.945639,0.711902,0.498570,0.773016,0,0,0,0
413,19,94,312,0.945639,0.711902,0.498570,0.773016,0,0,0,0
414,17,94,313,0.945639,0.711902,0.498570,0.773016,0,0,0,0
415,15,94,314,0.945639,0.711902,0.498570,0.773016,0,0,0,0
416,13,94,315,0.945639,0.711902,0.498570,0.773016,0,0,0,0
417,11,94,316,0.945639,0.711902,0.498570,0.773016,0,0,0,0
418,9,94,317,0.945639,0.711902,0.498570,0.773016,0,0,0,0
419,7,94,318,0.945639,0.700503,0.512318,0.791788,0,0,1,1
420,5,94,319,0.945639,0.699454,0.513567,0.793436,0,0,0,0
421,29,95,319,0.945639,0.699454,0.513567,0.793436,0,0,0,0
422,27,95,320,0.945639,0.686705,0.543469,0.793436,0,0,1,0
423,25,95,321,0.945639,0.685629,0.545950,0.793436,0,0,0,0
424,29,96,321,0.945639,0.685629,0.545950,0.793436,0,0,0,0
425,27,96,322,0.945639,0.685629,0.545950,0.793436,0,0,0,0
426,25,96,323,0.945639,0.685629,0.545950,0.793436,0,0,0,0
427,23,96,324,0.945639,0.685629,0.545950,0.793436,0,0,0,0
428,21,96,325,0.945639,0.685629,0.545950,0.793436,0,0,0,0
429,19,96,326,0.945639,0.685629,0.545950,0.793436,0,0,0,0
430,17,96,327,0.945639,0.685629,0.545950,0.793436,0,0,0,0
431,15,96,328,0.945639,0.685629,0.545950,0.793436,0,0,0,0
432,13,96,329,0.945639,0.685629,0.545950,0.793436,0,0,0,0
433,11,96,330,0.945639,0.673666,0.559550,0.810935,0,0,1,1
434,9,96,331,0.945639,0.672567,0.560782,0.812468,0,0,0,0
435,29,97,331,0.945639,0.672567,0.560782,0.812468,0,0,0,0
436,27,97,332,0.951047,0.672567,0.560782,0.803957,1,0,0,0
437,25,97,333,0.956364,0.672567,0.560782,0.794343,1,0,0,0
438,29,98,333,0.961127,0.672567,0.560782,0.784382,1,0,0,0
439,27,98,334,0.961500,0.672567,0.560782,0.783537,0,0,0,0
440,29,99,334,0.961500,0.672567,0.560782,0.783537,0,0,0,0
441,27,99,335,0.961500,0.672567,0.560782,0.783537,0,0,0,0
442,25,99,336,0.961500,0.672567,0.560782,0.783537,0,0,0,0
443,23,99,337,0.961500,0.672567,0.547197,0.801663,0,0,0,1
444,21,99,338,0.961500,0.660352,0.573077,0.803253,0,0,1,0
445,29,100,338,0.961500,0.646779,0.602172,0.803253,0,0,1,0
446,27,100,339,0.961500,0.645636,0.591353,0.820110,0,0,0,1
447,29,101,339,0.961500,0.645636,0.576784,0.837193,0,0,0,1
448,27,101,340,0.961500,0.645636,0.575563,0.838556,0,0,0,0
449,29,102,340,0.961500,0.645636,0.575563,0.838556,0,0,0,0
450,27,102,341,0.965389,0.645636,0.575563,0.830984,1,0,0,0
451,25,102,342,0.969199,0.645636,0.575563,0.822403,1,0,0,0
452,23,102,343,0.967832,0.658126,0.602211,0.821673,0,1,1,0
453,29,103,343,0.965916,0.671506,0.630608,0.821673,0,1,1,0
454,27,103,344,0.965751,0.672609,0.632937,0.821673,0,0,0,0
455,29,104,344,0.965751,0.672609,0.632937,0.821673,0,0,0,0
456,27,104,345,0.965751,0.660395,0.658136,0.821673,0,0,1,0
457,25,104,346,0.965751,0.659273,0.660386,0.821673,0,0,0,0
458,29,105,346,0.965751,0.659273,0.660386,0.821673,0,0,0,0
459,27,105,347,0.963889,0.683574,0.660386,0.821673,0,1,0,0
460,25,105,348,0.963715,0.685737,0.660386,0.821673,0,0,0,0
461,29,106,348,0.963715,0.673776,0.684645,0.821673,0,0,1,0
462,27,106,349,0.963715,0.672677,0.686804,0.821673,0,0,0,0
463,25,106,350,0.967388,0.672677,0.686804,0.813484,1,0,0,0
464,23,106,351,0.967703,0.672677,0.674865,0.828945,0,0,0,1
465,29,107,351,0.967703,0.672677,0.661575,0.845349,0,0,0,1
466,27,107,352,0.967703,0.672677,0.660456,0.846656,0,0,0,0
467,29,108,352,0.967703,0.672677,0.660456,0.846656,0,0,0,0
468,27,108,353,0.967703,0.672677,0.660456,0.846656,0,0,0,0
469,25,108,354,0.967703,0.672677,0.660456,0.846656,0,0,0,0
470,23,108,355,0.967703,0.672677,0.660456,0.846656,0,0,0,0
471,21,108,356,0.965943,0.696465,0.660456,0.846656,0,1,0,0
472,19,108,357,0.969249,0.698579,0.660456,0.839391,1,0,0,0
473,29,109,357,0.972647,0.698579,0.660456,0.831151,1,0,0,0
474,27,109,358,0.972913,0.698579,0.660456,0.830449,0,0,0,0
475,29,110,358,0.972913,0.698579,0.660456,0.830449,0,0,0,0
476,27,110,359,0.972913,0.698579,0.660456,0.830449,0,0,0,0
477,25,110,360,0.974328,0.721271,0.660456,0.822577,1,1,0,0
478,23,110,361,0.977065,0.723281,0.648025,0.829771,1,0,0,1
479,29,111,361,0.979617,0.723281,0.634231,0.838092,1,0,0,1
480,27,111,362,0.979817,0.723281,0.633071,0.838771,0,0,0,0
481,29,112,362,0.979817,0.723281,0.633071,0.838771,0,0,0,0
482,27,112,363,0.980879,0.744797,0.633071,0.831207,1,1,0,0
483,25,112,364,0.980973,0.746698,0.633071,0.830505,0,0,0,0
484,29,113,364,0.980973,0.746698,0.633071,0.830505,0,0,0,0
485,27,113,365,0.979921,0.766984,0.620212,0.845480,0,1,0,1
486,25,113,366,0.978709,0.787797,0.619034,0.846787,0,1,0,0
487,29,114,366,0.977425,0.807221,0.619034,0.846787,0,1,0,0
488,27,114,367,0.979640,0.808777,0.619034,0.839527,1,0,0,0
489,29,115,367,0.981911,0.808777,0.619034,0.831292,1,0,0,0
490,27,115,368,0.982089,0.808777,0.619034,0.830591,0,0,0,0
491,29,116,368,0.982089,0.808777,0.619034,0.830591,0,0,0,0
492,27,116,369,0.981098,0.825265,0.619034,0.830591,0,1,0,0
493,25,116,370,0.981005,0.826707,0.619034,0.830591,0,0,0,0
494,29,117,370,0.981005,0.826707,0.619034,0.830591,0,0,0,0
495,27,117,371,0.981005,0.826707,0.619034,0.830591,0,0,0,0
496,25,117,372,0.981005,0.826707,0.619034,0.830591,0,0,0,0
497,23,117,373,0.981005,0.826707,0.619034,0.830591,0,0,0,0
498,21,117,374,0.981005,0.826707,0.619034,0.830591,0,0,0,0
499,19,117,375,0.981005,0.826707,0.619034,0.830591,0,0,0,0
500,17,117,376,0.981005,0.826707,0.619034,0.830591,0,0,0,0
501,15,117,377,0.981005,0.826707,0.619034,0.830591,0,0,0,0
502,13,117,378,0.981005,0.826707,0.619034,0.830591,0,0,0,0
503,11,117,379,0.981005,0.826707,0.605989,0.845560,0,0,0,1
504,29,118,379,0.981005,0.826707,0.591583,0.860641,0,0,0,1
505,27,118,380,0.981005,0.826707,0.590375,0.861840,0,0,0,0
506,29,119,380,0.981005,0.826707,0.590375,0.861840,0,0,0,0
507,27,119,381,0.979955,0.841954,0.590375,0.861840,0,1,0,0
508,25,119,382,0.979857,0.843284,0.590375,0.861840,0,0,0,0
509,23,119,383,0.981927,0.843284,0.590375,0.855172,1,0,0,0
510,21,119,384,0.982104,0.835205,0.619079,0.854553,0,0,1,0
511,19,119,385,0.982104,0.834516,0.608422,0.867745,0,0,0,1
512,29,120,385,0.982104,0.834516,0.594045,0.880967,0,0,0,1
513,27,120,386,0.982104,0.826794,0.619124,0.882015,0,0,1,0
514,29,121,386,0.982104,0.818046,0.647026,0.882015,0,0,1,0
515,27,121,387,0.982104,0.817302,0.636695,0.893031,0,0,0,1
516,29,122,387,0.982104,0.817302,0.622714,0.904007,0,0,0,1
517,27,122,388,0.982104,0.817302,0.621540,0.904875,0,0,0,0
518,29,123,388,0.982104,0.817302,0.621540,0.904875,0,0,0,0
519,27,123,389,0.982104,0.817302,0.621540,0.904875,0,0,0,0
520,25,123,390,0.982104,0.817302,0.621540,0.904875,0,0,0,0
521,23,123,391,0.982104,0.817302,0.621540,0.904875,0,0,0,0
522,21,123,392,0.982104,0.808959,0.647082,0.904875,0,0,1,0
523,19,123,393,0.982104,0.808186,0.649365,0.904875,0,0,0,0
524,29,124,393,0.982104,0.808186,0.649365,0.904875,0,0,0,0
525,27,124,394,0.982104,0.808186,0.649365,0.904875,0,0,0,0
526,25,124,395,0.982104,0.808186,0.649365,0.904875,0,0,0,0
527,23,124,396,0.981114,0.824714,0.649365,0.904875,0,1,0,0
528,21,124,397,0.981021,0.826160,0.649365,0.904875,0,0,0,0
529,29,125,397,0.981021,0.826160,0.649365,0.904875,0,0,0,0
530,27,125,398,0.979972,0.841445,0.649365,0.904875,0,1,0,0
531,25,125,399,0.979874,0.842779,0.649365,0.904875,0,0,0,0
532,29,126,399,0.979874,0.842779,0.649365,0.904875,0,0,0,0
533,27,126,400,0.979874,0.842779,0.649365,0.904875,0,0,0,0
534,25,126,401,0.979874,0.842779,0.649365,0.904875,0,0,0,0
535,23,126,402,0.979874,0.842779,0.649365,0.904875,0,0,0,0
536,21,126,403,0.979874,0.842779,0.649365,0.904875,0,0,0,0
537,19,126,404,0.981942,0.842779,0.636751,0.909514,1,0,0,1
538,17,126,405,0.982119,0.842779,0.622772,0.918578,0,0,0,1
539,15,126,406,0.981130,0.849942,0.647137,0.919326,0,1,1,0
540,29,127,406,0.979989,0.857448,0.674075,0.919326,0,1,1,0
541,27,127,407,0.979891,0.858059,0.664126,0.927149,0,0,0,1
542,29,128,407,0.979891,0.858059,0.650624,0.934882,0,0,0,1
543,27,128,408,0.979891,0.858059,0.649488,0.935490,0,0,0,0
544,29,129,408,0.979891,0.858059,0.649488,0.935490,0,0,0,0
545,27,129,409,0.979891,0.858059,0.649488,0.935490,0,0,0,0
546,25,129,410,0.979891,0.858059,0.649488,0.935490,0,0,0,0
547,23,129,411,0.979891,0.851240,0.661913,0.941846,0,0,1,1
548,21,129,412,0.979891,0.850607,0.650646,0.948107,0,0,0,1
549,29,130,412,0.979891,0.850607,0.636897,0.953727,0,0,0,1
550,27,130,413,0.979891,0.843495,0.660851,0.954169,0,0,1,0
551,29,131,413,0.979891,0.835424,0.687251,0.954169,0,0,1,0
552,27,131,414,0.979891,0.834737,0.689400,0.954169,0,0,0,0
553,25,131,415,0.979891,0.827022,0.712496,0.954169,0,0,1,0
554,23,131,416,0.979891,0.826307,0.714544,0.954169,0,0,0,0
555,29,132,416,0.979891,0.826307,0.714544,0.954169,0,0,0,0
556,27,132,417,0.978781,0.841582,0.714544,0.954169,0,1,0,0
557,25,132,418,0.977502,0.856984,0.714544,0.954169,0,1,0,0
558,29,133,418,0.975913,0.873358,0.714544,0.954169,0,1,0,0
559,27,133,419,0.978274,0.874464,0.714544,0.951708,1,0,0,0
560,29,134,419,0.980694,0.874464,0.714544,0.948881,1,0,0,0
561,27,134,420,0.980883,0.874464,0.714544,0.948639,0,0,0,0
562,29,135,420,0.980883,0.874464,0.714544,0.948639,0,0,0,0
563,27,135,421,0.982849,0.874464,0.714544,0.945898,1,0,0,0
564,25,135,422,0.983018,0.874464,0.714544,0.945642,0,0,0,0
565,29,136,422,0.983018,0.874464,0.703207,0.951050,0,0,0,1
566,27,136,423,0.983018,0.874464,0.702163,0.951516,0,0,0,0
567,29,137,423,0.983018,0.874464,0.702163,0.951516,0,0,0,0
568,27,137,424,0.983018,0.874464,0.702163,0.951516,0,0,0,0
569,25,137,425,0.983018,0.874464,0.690546,0.956367,0,0,0,1
570,23,137,426,0.983018,0.874464,0.689478,0.956784,0,0,0,0
571,29,138,426,0.983018,0.874464,0.689478,0.956784,0,0,0,0
572,27,138,427,0.983018,0.868312,0.712571,0.956784,0,0,1,0
573,25,138,428,0.983018,0.867741,0.714619,0.956784,0,0,0,0
574,29,139,428,0.982077,0.879906,0.714619,0.956784,0,1,0,0
575,27,139,429,0.981989,0.880963,0.714619,0.956784,0,0,0,0
576,29,140,429,0.984003,0.880963,0.714619,0.954240,1,0,0,0
577,27,140,430,0.984160,0.880963,0.714619,0.954021,0,0,0,0
578,29,141,430,0.984160,0.880963,0.714619,0.954021,0,0,0,0
579,27,141,431,0.984160,0.880963,0.703283,0.958633,0,0,0,1
580,25,141,432,0.984160,0.880963,0.702240,0.959029,0,0,0,0
581,29,142,432,0.984160,0.880963,0.690624,0.963158,0,0,0,1
582,27,142,433,0.984160,0.880963,0.689556,0.963513,0,0,0,0
583,29,143,433,0.984160,0.880963,0.689556,0.963513,0,0,0,0
584,27,143,434,0.984160,0.880963,0.689556,0.963513,0,0,0,0
585,25,143,435,0.984160,0.875084,0.712645,0.963513,0,0,1,0
586,23,143,436,0.984160,0.874538,0.714693,0.963513,0,0,0,0
587,29,144,436,0.984160,0.874538,0.714693,0.963513,0,0,0,0
588,27,144,437,0.983282,0.886161,0.714693,0.963513,0,1,0,0
589,25,144,438,0.983199,0.887170,0.714693,0.963513,0,0,0,0
590,29,145,438,0.982269,0.897760,0.714693,0.963513,0,1,0,0
591,27,145,439,0.982181,0.898678,0.714693,0.963513,0,0,0,0
592,29,146,439,0.984016,0.898678,0.714693,0.961534,1,0,0,0
593,27,146,440,0.984174,0.898678,0.714693,0.961349,0,0,0,0
594,29,147,440,0.984174,0.898678,0.714693,0.961349,0,0,0,0
595,27,147,441,0.984174,0.898678,0.714693,0.961349,0,0,0,0
596,25,147,442,0.984174,0.898678,0.714693,0.961349,0,0,0,0
597,23,147,443,0.984174,0.898678,0.714693,0.961349,0,0,0,0
598,21,147,444,0.983296,0.908302,0.714693,0.961349,0,1,0,0
599,19,147,445,0.984944,0.909134,0.714693,0.959257,1,0,0,0
600,29,148,445,0.986631,0.909134,0.714693,0.956852,1,0,0,0
601,27,148,446,0.986763,0.909134,0.714693,0.956646,0,0,0,0
602,29,149,446,0.986763,0.909134,0.714693,0.956646,0,0,0,0
603,27,149,447,0.986763,0.909134,0.714693,0.956646,0,0,0,0
604,25,149,448,0.987464,0.917856,0.714693,0.954312,1,1,0,0
605,23,149,449,0.987526,0.918610,0.714693,0.954094,0,0,0,0
606,29,150,449,0.987526,0.918610,0.714693,0.954094,0,0,0,0
607,27,150,450,0.987526,0.914411,0.736632,0.954094,0,0,1,0
608,25,150,451,0.987526,0.914020,0.738572,0.954094,0,0,0,0
609,29,151,451,0.987526,0.914020,0.738572,0.954094,0,0,0,0
610,27,151,452,0.986832,0.922313,0.738572,0.954094,0,1,0,0
611,25,151,453,0.986767,0.923030,0.738572,0.954094,0,0,0,0
612,29,152,453,0.986767,0.923030,0.738572,0.954094,0,0,0,0
613,27,152,454,0.986767,0.923030,0.738572,0.954094,0,0,0,0
614,25,152,455,0.986767,0.923030,0.738572,0.954094,0,0,0,0
615,23,152,456,0.986767,0.923030,0.738572,0.954094,0,0,0,0
616,21,152,457,0.986767,0.923030,0.738572,0.954094,0,0,0,0
617,19,152,458,0.986767,0.923030,0.738572,0.954094,0,0,0,0
618,17,152,459,0.986767,0.923030,0.738572,0.954094,0,0,0,0
619,15,152,460,0.986767,0.923030,0.738572,0.954094,0,0,0,0
620,13,152,461,0.986767,0.923030,0.738572,0.954094,0,0,0,0
621,11,152,462,0.986767,0.923030,0.738572,0.954094,0,0,0,0
622,9,152,463,0.986767,0.923030,0.738572,0.954094,0,0,0,0
623,7,152,464,0.986767,0.923030,0.727827,0.958698,0,0,0,1
624,5,152,465,0.986767,0.923030,0.726836,0.959094,0,0,0,0
625,29,153,465,0.986767,0.923030,0.726836,0.959094,0,0,0,0
626,27,153,466,0.986031,0.930521,0.726836,0.959094,0,1,0,0
627,25,153,467,0.985962,0.931167,0.726836,0.959094,0,0,0,0
628,29,154,467,0.985962,0.931167,0.726836,0.959094,0,0,0,0
629,27,154,468,0.985962,0.931167,0.726836,0.959094,0,0,0,0
630,25,154,469,0.985962,0.931167,0.726836,0.959094,0,0,0,0
631,23,154,470,0.985962,0.931167,0.715793,0.963217,0,0,0,1
632,21,154,471,0.985962,0.931167,0.714776,0.963571,0,0,0,0
633,29,155,471,0.985962,0.931167,0.714776,0.963571,0,0,0,0
634,27,155,472,0.987413,0.931167,0.714776,0.961595,1,0,0,0
635,25,155,473,0.988827,0.931167,0.703444,0.963404,1,0,0,1
636,29,156,473,0.990084,0.931167,0.690789,0.965467,1,0,0,1
637,27,156,474,0.990182,0.931167,0.689721,0.965633,0,0,0,0
638,29,157,474,0.990182,0.931167,0.689721,0.965633,0,0,0,0
639,27,157,475,0.990182,0.931167,0.689721,0.965633,0,0,0,0
640,25,157,476,0.990182,0.931167,0.689721,0.965633,0,0,0,0
641,23,157,477,0.990182,0.931167,0.689721,0.965633,0,0,0,0
642,21,157,478,0.990182,0.931167,0.689721,0.965633,0,0,0,0
643,19,157,479,0.990704,0.937920,0.689721,0.963765,1,1,0,0
644,17,157,480,0.990233,0.944578,0.689721,0.963590,0,1,0,0
645,29,158,480,0.989637,0.950561,0.689721,0.963590,0,1,0,0
646,27,158,481,0.990665,0.951031,0.677841,0.965476,1,0,0,1
647,25,158,482,0.990758,0.951031,0.676749,0.965642,0,0,0,0
648,29,159,482,0.990758,0.951031,0.676749,0.965642,0,0,0,0
649,27,159,483,0.990758,0.951031,0.676749,0.965642,0,0,0,0
650,25,159,484,0.990242,0.953535,0.700374,0.965642,0,1,1,0
651,23,159,485,0.990193,0.953757,0.702472,0.965642,0,0,0,0
652,29,160,485,0.990193,0.953757,0.702472,0.965642,0,0,0,0
653,27,160,486,0.991210,0.953757,0.702472,0.963775,1,0,0,0
654,25,160,487,0.992201,0.953757,0.690862,0.965485,1,0,0,1
655,29,161,487,0.993081,0.953757,0.677916,0.967434,1,0,0,1
656,27,161,488,0.993150,0.953757,0.676824,0.967592,0,0,0,0
657,29,162,488,0.993150,0.953757,0.676824,0.967592,0,0,0,0
658,27,162,489,0.993862,0.953757,0.676824,0.965826,1,0,0,0
659,25,162,490,0.993923,0.953757,0.676824,0.965661,0,0,0,0
660,29,163,490,0.993923,0.953757,0.676824,0.965661,0,0,0,0
661,27,163,491,0.993923,0.953757,0.676824,0.965661,0,0,0,0
662,25,163,492,0.994247,0.958393,0.676824,0.963794,1,1,0,0
663,23,163,493,0.994276,0.958792,0.676824,0.963620,0,0,0,0
664,29,164,493,0.994276,0.958792,0.676824,0.963620,0,0,0,0
665,27,164,494,0.994872,0.958792,0.676824,0.961646,1,0,0,0
666,25,164,495,0.995194,0.962944,0.676824,0.959376,1,1,0,0
667,29,165,495,0.995473,0.967014,0.676824,0.956978,1,1,0,0
668,27,165,496,0.995496,0.967332,0.676824,0.956772,0,0,0,0
669,29,166,496,0.995496,0.967332,0.676824,0.956772,0,0,0,0
670,27,166,497,0.995243,0.970650,0.676824,0.956772,0,1,0,0
671,25,166,498,0.995219,0.970935,0.676824,0.956772,0,0,0,0
672,29,167,498,0.995219,0.970935,0.676824,0.956772,0,0,0,0
673,27,167,499,0.995219,0.970935,0.676824,0.956772,0,0,0,0
674,25,167,500,0.995219,0.970935,0.676824,0.956772,0,0,0,0
675,23,167,501,0.995219,0.970935,0.664689,0.961119,0,0,0,1
676,21,167,502,0.995219,0.970935,0.663574,0.961493,0,0,0,0
677,29,168,502,0.995219,0.970935,0.663574,0.961493,0,0,0,0
678,27,168,503,0.995718,0.970935,0.663574,0.959409,1,0,0,0
679,25,168,504,0.996202,0.970935,0.663574,0.957012,1,0,0,0
680,29,169,504,0.996632,0.970935,0.663574,0.954481,1,0,0,0
681,27,169,505,0.996666,0.970935,0.663574,0.954264,0,0,0,0
682,29,170,505,0.996666,0.970935,0.663574,0.954264,0,0,0,0
683,27,170,506,0.997044,0.970935,0.663574,0.951579,1,0,0,0
684,25,170,507,0.997073,0.970935,0.651198,0.956215,0,0,0,1
685,23,170,508,0.996908,0.973897,0.650062,0.956634,0,1,0,0
686,29,171,508,0.996718,0.976793,0.650062,0.956634,0,1,0,0
687,27,171,509,0.996702,0.977020,0.650062,0.956634,0,0,0,0
688,29,172,509,0.996702,0.977020,0.650062,0.956634,0,0,0,0
689,27,172,510,0.996702,0.977020,0.650062,0.956634,0,0,0,0
690,25,172,511,0.996702,0.977020,0.650062,0.956634,0,0,0,0
691,23,172,512,0.996702,0.975755,0.674693,0.956634,0,0,1,0
692,21,172,513,0.996702,0.975637,0.676888,0.956634,0,0,0,0
693,19,172,514,0.996702,0.974298,0.700507,0.956634,0,0,1,0
694,17,172,515,0.996702,0.974173,0.702605,0.956634,0,0,0,0
695,15,172,516,0.996702,0.972756,0.725114,0.956634,0,0,1,0
696,13,172,517,0.996702,0.972623,0.727107,0.956634,0,0,0,0
697,29,173,517,0.996702,0.972623,0.727107,0.956634,0,0,0,0
698,27,173,518,0.996702,0.972623,0.716071,0.960994,0,0,0,1
699,25,173,519,0.996702,0.972623,0.703729,0.965270,0,0,0,1
700,29,174,519,0.996702,0.972623,0.691081,0.969093,0,0,0,1
701,27,174,520,0.996702,0.972623,0.690013,0.969392,0,0,0,0
702,29,175,520,0.996702,0.972623,0.690013,0.969392,0,0,0,0
703,27,175,521,0.996702,0.971124,0.713083,0.969392,0,0,1,0
704,25,175,522,0.996517,0.973940,0.703805,0.972507,0,1,0,1
705,29,176,522,0.996303,0.976832,0.691159,0.975553,0,1,0,1
706,27,176,523,0.996284,0.977058,0.690091,0.975792,0,0,0,0
707,29,177,523,0.996284,0.977058,0.690091,0.975792,0,0,0,0
708,27,177,524,0.996284,0.977058,0.690091,0.975792,0,0,0,0
709,25,177,525,0.996075,0.978262,0.713157,0.975792,0,1,1,0
710,23,177,526,0.995834,0.980588,0.715203,0.975792,0,1,0,0
711,29,178,526,0.995579,0.982755,0.715203,0.975792,0,1,0,0
712,27,178,527,0.996020,0.982925,0.715203,0.974461,1,0,0,0
713,25,178,528,0.996059,0.981979,0.737117,0.974337,0,0,1,0
714,29,179,528,0.996059,0.980888,0.759755,0.974337,0,0,1,0
715,27,179,529,0.996059,0.980795,0.761581,0.974337,0,0,0,0
716,29,180,529,0.996059,0.980795,0.761581,0.974337,0,0,0,0
717,27,180,530,0.996059,0.979733,0.781027,0.974337,0,0,1,0
718,25,180,531,0.996059,0.979634,0.773252,0.976960,0,0,0,1
719,29,181,531,0.996059,0.979634,0.762575,0.979524,0,0,0,1
720,27,181,532,0.996059,0.978510,0.781111,0.979725,0,0,1,0
721,29,182,532,0.996059,0.977215,0.800992,0.979725,0,0,1,0
722,27,182,533,0.996059,0.977103,0.793740,0.981808,0,0,0,1
723,29,183,533,0.996059,0.977103,0.783758,0.983841,0,0,0,1
724,27,183,534,0.996059,0.977103,0.782911,0.984000,0,0,0,0
725,29,184,534,0.996059,0.977103,0.782911,0.984000,0,0,0,0
726,27,184,535,0.996059,0.977103,0.782911,0.984000,0,0,0,0
727,25,184,536,0.996059,0.977103,0.782911,0.984000,0,0,0,0
728,23,184,537,0.996059,0.977103,0.782911,0.984000,0,0,0,0
729,21,184,538,0.996059,0.977103,0.782911,0.984000,0,0,0,0
730,19,184,539,0.996059,0.977103,0.782911,0.984000,0,0,0,0
731,17,184,540,0.996059,0.977103,0.782911,0.984000,0,0,0,0
732,15,184,541,0.996059,0.977103,0.782911,0.984000,0,0,0,0
733,13,184,542,0.996059,0.977103,0.782911,0.984000,0,0,0,0
734,11,184,543,0.996059,0.977103,0.782911,0.984000,0,0,0,0
735,9,184,544,0.996059,0.977103,0.782911,0.984000,0,0,0,0
736,7,184,545,0.996059,0.975843,0.792126,0.985650,0,0,1,1
737,5,184,546,0.996059,0.974391,0.810480,0.985792,0,0,1,0
738,29,185,546,0.996059,0.972722,0.829706,0.985792,0,0,1,0
739,27,185,547,0.996059,0.972590,0.823271,0.987259,0,0,0,1
740,25,185,548,0.995838,0.975387,0.822544,0.987385,0,1,0,0
741,29,186,548,0.995583,0.978122,0.822544,0.987385,0,1,0,0
742,27,186,549,0.995561,0.978336,0.822544,0.987385,0,0,0,0
743,29,187,549,0.995561,0.978336,0.822544,0.987385,0,0,0,0
744,27,187,550,0.995561,0.978336,0.822544,0.987385,0,0,0,0
745,25,187,551,0.995561,0.978336,0.822544,0.987385,0,0,0,0
746,23,187,552,0.995561,0.978336,0.822544,0.987385,0,0,0,0
747,21,187,553,0.995561,0.977142,0.830443,0.988690,0,0,1,1
748,19,187,554,0.995561,0.975766,0.846076,0.988802,0,0,1,0
749,29,188,554,0.995561,0.974310,0.861114,0.988802,0,0,1,0
750,27,188,555,0.995311,0.976823,0.862310,0.988802,0,1,0,0
751,29,189,555,0.995024,0.979402,0.862310,0.988802,0,1,0,0
752,27,189,556,0.994999,0.979603,0.862310,0.988802,0,0,0,0
753,29,190,556,0.994999,0.979603,0.862310,0.988802,0,0,0,0
754,27,190,557,0.994999,0.979603,0.862310,0.988802,0,0,0,0
755,25,190,558,0.994999,0.979603,0.862310,0.988802,0,0,0,0
756,23,190,559,0.994999,0.978478,0.874903,0.988802,0,0,1,0
757,21,190,560,0.994999,0.978372,0.875997,0.988802,0,0,0,0
758,19,190,561,0.994999,0.977180,0.887503,0.988802,0,0,1,0
759,17,190,562,0.994999,0.977069,0.888501,0.988802,0,0,0,0
760,29,191,562,0.994999,0.977069,0.888501,0.988802,0,0,0,0
761,27,191,563,0.994999,0.977069,0.882946,0.989962,0,0,0,1
762,25,191,564,0.994999,0.975807,0.888027,0.991093,0,0,1,1
763,29,192,564,0.994999,0.974353,0.893867,0.992096,0,0,1,1
764,27,192,565,0.994999,0.972814,0.904332,0.992175,0,0,1,0
765,29,193,565,0.994999,0.971185,0.914261,0.992175,0,0,1,0
766,27,193,566,0.994999,0.969462,0.923247,0.992175,0,0,1,0
767,25,193,567,0.995520,0.969314,0.923956,0.991737,1,0,0,0
768,23,193,568,0.995565,0.967639,0.931364,0.991696,0,0,1,0
769,29,194,568,0.995565,0.965711,0.938679,0.991696,0,0,1,0
770,27,194,569,0.995565,0.965545,0.939255,0.991696,0,0,0,0
771,29,195,569,0.995565,0.965545,0.939255,0.991696,0,0,0,0
772,27,195,570,0.995565,0.963672,0.945261,0.991696,0,0,1,0
773,25,195,571,0.995565,0.963497,0.945778,0.991696,0,0,0,0
774,29,196,571,0.995565,0.963497,0.945778,0.991696,0,0,0,0
775,27,196,572,0.995316,0.967191,0.945778,0.991696,0,1,0,0
776,25,196,573,0.995292,0.967509,0.945778,0.991696,0,0,0,0
777,29,197,573,0.995292,0.967509,0.945778,0.991696,0,0,0,0
778,27,197,574,0.995292,0.967509,0.945778,0.991696,0,0,0,0
779,25,197,575,0.995292,0.967509,0.945778,0.991696,0,0,0,0
780,23,197,576,0.995028,0.970809,0.945778,0.991696,0,1,0,0
781,21,197,577,0.995003,0.971092,0.945778,0.991696,0,0,0,0
782,19,197,578,0.995270,0.972600,0.951174,0.991232,1,1,1,0
783,17,197,579,0.995294,0.972734,0.951638,0.991189,0,0,0,0
784,29,198,579,0.995294,0.972734,0.951638,0.991189,0,0,0,0
785,27,198,580,0.995784,0.971240,0.956477,0.990696,1,0,1,0
786,25,198,581,0.995826,0.969520,0.961228,0.990650,0,0,1,0
787,29,199,581,0.995826,0.967700,0.965480,0.990650,0,0,1,0
788,27,199,582,0.995826,0.967544,0.965813,0.990650,0,0,0,0
789,29,200,582,0.995826,0.967544,0.965813,0.990650,0,0,0,0
790,27,200,583,0.995826,0.967544,0.965813,0.990650,0,0,0,0
791,25,200,584,0.995592,0.970841,0.965813,0.990650,0,1,0,0
792,23,200,585,0.995570,0.969545,0.969280,0.990650,0,0,1,0
793,21,200,586,0.995570,0.969397,0.969578,0.990650,0,0,0,0
794,29,201,586,0.995570,0.969397,0.969578,0.990650,0,0,0,0
795,27,201,587,0.995570,0.969397,0.969578,0.990650,0,0,0,0
796,25,201,588,0.995321,0.972511,0.969578,0.990650,0,1,0,0
797,23,201,589,0.995034,0.974201,0.972674,0.990650,0,1,1,0
798,29,202,589,0.994729,0.975670,0.975703,0.990650,0,1,1,0
799,27,202,590,0.994986,0.978267,0.975940,0.990128,1,1,0,0
800,29,203,590,0.995277,0.980688,0.975940,0.989526,1,1,0,0
801,27,203,591,0.995301,0.980878,0.975940,0.989474,0,0,0,0
802,29,204,591,0.995301,0.980878,0.975940,0.989474,0,0,0,0
803,27,204,592,0.995037,0.982844,0.975940,0.989474,0,1,0,0
804,25,204,593,0.995012,0.982072,0.978403,0.989474,0,0,1,0
805,29,205,593,0.995012,0.980987,0.980809,0.989474,0,0,1,0
806,27,205,594,0.995012,0.980894,0.980997,0.989474,0,0,0,0
807,29,206,594,0.995012,0.980894,0.980997,0.989474,0,0,0,0
808,27,206,595,0.995012,0.980894,0.979947,0.990565,0,0,0,1
809,25,206,596,0.995012,0.980894,0.979849,0.990658,0,0,0,0
810,29,207,596,0.995012,0.980894,0.979849,0.990658,0,0,0,0
811,27,207,597,0.995012,0.980894,0.979849,0.990658,0,0,0,0
812,25,207,598,0.995532,0.980894,0.979849,0.990137,1,0,0,0
813,23,207,599,0.995576,0.980894,0.979849,0.990088,0,0,0,0
814,29,208,599,0.995328,0.982859,0.979849,0.990088,0,1,0,0
815,27,208,600,0.995305,0.983028,0.979849,0.990088,0,0,0,0
816,29,209,600,0.995794,0.983028,0.979849,0.989535,1,0,0,0
817,27,209,601,0.995836,0.983028,0.979849,0.989483,0,0,0,0
818,29,210,601,0.995836,0.983028,0.979849,0.989483,0,0,0,0
819,27,210,602,0.995602,0.984777,0.979849,0.989483,0,1,0,0
820,25,210,603,0.995580,0.984927,0.979849,0.989483,0,0,0,0
821,29,211,603,0.995580,0.984090,0.981919,0.989483,0,0,1,0
822,27,211,604,0.995580,0.984012,0.982097,0.989483,0,0,0,0
823,29,212,604,0.995580,0.984012,0.982097,0.989483,0,0,0,0
824,27,212,605,0.995580,0.984012,0.982097,0.989483,0,0,0,0
825,25,212,606,0.995580,0.984012,0.982097,0.989483,0,0,0,0
826,23,212,607,0.995580,0.984012,0.981106,0.990573,0,0,0,1
827,21,212,608,0.995580,0.984012,0.981014,0.990667,0,0,0,0
828,29,213,608,0.996041,0.984012,0.981014,0.990145,1,0,0,0
829,27,213,609,0.996080,0.984012,0.981014,0.990097,0,0,0,0
830,29,214,609,0.995860,0.985661,0.981014,0.990097,0,1,0,0
831,27,214,610,0.995840,0.985802,0.981014,0.990097,0,0,0,0
832,29,215,610,0.996273,0.985802,0.981014,0.989544,1,0,0,0
833,27,215,611,0.996311,0.985802,0.981014,0.989492,0,0,0,0
834,25,215,612,0.996311,0.985802,0.979964,0.990581,0,0,0,1
835,23,215,613,0.996311,0.985802,0.979866,0.990675,0,0,0,0
836,29,216,613,0.996311,0.985802,0.979866,0.990675,0,0,0,0
837,27,216,614,0.996103,0.987269,0.979866,0.990675,0,1,0,0
838,25,216,615,0.996084,0.987395,0.979866,0.990675,0,0,0,0
839,23,216,616,0.996492,0.987395,0.979866,0.990154,1,0,0,0
840,21,216,617,0.996332,0.988699,0.979866,0.990105,0,1,0,0
841,29,217,617,0.996107,0.989970,0.979866,0.990105,0,1,0,0
842,27,217,618,0.996495,0.990069,0.979866,0.989553,1,0,0,0
843,29,218,618,0.996892,0.990069,0.979866,0.988916,1,0,0,0
844,27,218,619,0.996923,0.990069,0.979866,0.988861,0,0,0,0
845,29,219,619,0.996923,0.990069,0.979866,0.988861,0,0,0,0
846,27,219,620,0.996923,0.990069,0.978755,0.990015,0,0,0,1
847,25,219,621,0.996923,0.990069,0.978651,0.990114,0,0,0,0
848,29,220,621,0.996923,0.990069,0.978651,0.990114,0,0,0,0
849,27,220,622,0.996923,0.989515,0.979773,0.991139,0,0,1,1
850,25,220,623,0.996923,0.989463,0.979872,0.991227,0,0,0,0
851,29,221,623,0.996923,0.989463,0.979872,0.991227,0,0,0,0
852,27,221,624,0.997244,0.988875,0.981940,0.990737,1,0,1,0
853,25,221,625,0.997272,0.988820,0.982117,0.990691,0,0,0,0
854,29,222,625,0.997272,0.988820,0.982117,0.990691,0,0,0,0
855,27,222,626,0.997272,0.988197,0.983959,0.990691,0,0,1,0
856,25,222,627,0.997272,0.987478,0.985755,0.990691,0,0,1,0
857,29,223,627,0.997272,0.986716,0.987353,0.990691,0,0,1,0
858,27,223,628,0.997272,0.986651,0.987478,0.990691,0,0,0,0
859,29,224,628,0.997272,0.986651,0.987478,0.990691,0,0,0,0
860,27,224,629,0.997272,0.986651,0.986781,0.991657,0,0,0,1
861,25,224,630,0.997272,0.986651,0.985977,0.992598,0,0,0,1
862,29,225,630,0.997272,0.986651,0.985125,0.993433,0,0,0,1
863,27,225,631,0.997272,0.986651,0.984221,0.994175,0,0,0,1
864,29,226,631,0.997272,0.986651,0.983182,0.994885,0,0,0,1
865,27,226,632,0.997557,0.985909,0.984841,0.994652,1,0,1,0
866,29,227,632,0.997834,0.985052,0.986540,0.994324,1,0,1,0
867,27,227,633,0.997855,0.984979,0.986673,0.994295,0,0,0,0
868,29,228,633,0.997855,0.984979,0.986673,0.994295,0,0,0,0
869,27,228,634,0.997855,0.984145,0.988051,0.994295,0,0,1,0
870,25,228,635,0.997855,0.983183,0.989394,0.994295,0,0,1,0
871,23,228,636,0.998079,0.982165,0.990588,0.993976,1,0,1,0
872,29,229,636,0.998297,0.981085,0.991648,0.993606,1,0,1,0
873,27,229,637,0.998219,0.982948,0.991268,0.994243,0,1,0,1
874,25,229,638,0.998110,0.984006,0.992136,0.994300,0,1,1,0
875,29,230,638,0.997993,0.984926,0.993023,0.994300,0,1,1,0
876,27,230,639,0.997983,0.985000,0.993093,0.994300,0,0,0,0
877,29,231,639,0.997983,0.985000,0.993093,0.994300,0,0,0,0
878,27,231,640,0.997983,0.985000,0.992706,0.994894,0,0,0,1
879,25,231,641,0.998194,0.985000,0.992670,0.994661,1,0,0,0
880,29,232,641,0.998399,0.985000,0.992670,0.994334,1,0,0,0
881,27,232,642,0.998415,0.985000,0.992670,0.994305,0,0,0,0
882,29,233,642,0.998415,0.985000,0.992670,0.994305,0,0,0,0
883,27,233,643,0.998415,0.985000,0.992670,0.994305,0,0,0,0
884,25,233,644,0.998581,0.985000,0.992260,0.994609,1,0,0,1
885,23,233,645,0.998742,0.985000,0.992221,0.994335,1,0,0,0
886,29,234,645,0.998884,0.985000,0.992221,0.993988,1,0,0,0
887,27,234,646,0.998833,0.986549,0.991786,0.994587,0,1,0,1
888,29,235,646,0.998761,0.988059,0.991284,0.995199,0,1,0,1
889,27,235,647,0.998755,0.988177,0.991241,0.995247,0,0,0,0
890,29,236,647,0.998755,0.988177,0.991241,0.995247,0,0,0,0
891,27,236,648,0.998755,0.988177,0.990751,0.995742,0,0,0,1
892,25,236,649,0.998755,0.988177,0.990705,0.995785,0,0,0,0
893,29,237,649,0.998755,0.988177,0.990705,0.995785,0,0,0,0
894,27,237,650,0.998755,0.988177,0.990705,0.995785,0,0,0,0
895,25,237,651,0.998755,0.988177,0.990705,0.995785,0,0,0,0
896,23,237,652,0.998755,0.988177,0.990705,0.995785,0,0,0,0
897,21,237,653,0.998755,0.988177,0.990705,0.995785,0,0,0,0
898,19,237,654,0.998755,0.988177,0.990705,0.995785,0,0,0,0
899,17,237,655,0.998755,0.988177,0.990186,0.996224,0,0,0,1
900,15,237,656,0.998755,0.988177,0.989587,0.996652,0,0,0,1
901,29,238,656,0.998755,0.988177,0.988952,0.997031,0,0,0,1
902,27,238,657,0.998755,0.987518,0.990048,0.997061,0,0,1,0
903,29,239,657,0.998755,0.986758,0.991168,0.997061,0,0,1,0
904,27,239,658,0.998755,0.986693,0.991256,0.997061,0,0,0,0
905,29,240,658,0.998755,0.986693,0.991256,0.997061,0,0,0,0
906,27,240,659,0.998755,0.986693,0.990767,0.997367,0,0,0,1
907,25,240,660,0.998755,0.985953,0.991685,0.997394,0,0,1,0
908,29,241,660,0.998755,0.985100,0.992622,0.997394,0,0,1,0
909,27,241,661,0.998755,0.985026,0.992287,0.997666,0,0,0,1
910,29,242,661,0.998755,0.985026,0.991815,0.997930,0,0,0,1
911,27,242,662,0.998755,0.985026,0.991774,0.997951,0,0,0,0
912,25,242,663,0.998755,0.984195,0.992629,0.997951,0,0,1,0
913,23,242,664,0.998755,0.983236,0.993461,0.997951,0,0,1,0
914,29,243,664,0.998755,0.982221,0.994199,0.997951,0,0,1,0
915,27,243,665,0.998755,0.982133,0.994257,0.997951,0,0,0,0
916,29,244,665,0.998755,0.982133,0.994257,0.997951,0,0,0,0
917,27,244,666,0.998685,0.983973,0.994257,0.997951,0,1,0,0
918,25,244,667,0.998679,0.984131,0.994257,0.997951,0,0,0,0
919,29,245,667,0.998679,0.984131,0.994257,0.997951,0,0,0,0
920,27,245,668,0.998679,0.984131,0.994257,0.997951,0,0,0,0
921,25,245,669,0.998604,0.985768,0.994257,0.997951,0,1,0,0
922,23,245,670,0.998744,0.985908,0.994257,0.997836,1,0,0,0
923,21,245,671,0.998756,0.985908,0.994257,0.997825,0,0,0,0
924,29,246,671,0.998756,0.985908,0.994257,0.997825,0,0,0,0
925,27,246,672,0.998823,0.987364,0.994257,0.997703,1,1,0,0
926,25,246,673,0.998763,0.988784,0.994257,0.997691,0,1,0,0
927,23,246,674,0.998687,0.989484,0.994563,0.997932,0,1,1,1
928,29,247,674,0.998606,0.990092,0.994879,0.998167,0,1,1,1
929,27,247,675,0.998599,0.990141,0.994905,0.998185,0,0,0,0
930,29,248,675,0.998599,0.990141,0.994905,0.998185,0,0,0,0
931,27,248,676,0.998745,0.990141,0.994905,0.998083,1,0,0,0
932,25,248,677,0.998758,0.990141,0.994905,0.998073,0,0,0,0
933,23,248,678,0.998758,0.990141,0.994905,0.998073,0,0,0,0
934,21,248,679,0.998688,0.991163,0.994619,0.998275,0,1,0,1
935,19,248,680,0.998681,0.990762,0.995155,0.998292,0,0,1,0
936,29,249,680,0.998681,0.990198,0.995703,0.998292,0,0,1,0
937,27,249,681,0.998681,0.990149,0.995746,0.998292,0,0,0,0
938,29,250,681,0.998681,0.990149,0.995746,0.998292,0,0,0,0
939,27,250,682,0.998681,0.990149,0.995507,0.998470,0,0,0,1
940,25,250,683,0.998681,0.990149,0.995232,0.998644,0,0,0,1
941,29,251,683,0.998681,0.990149,0.994939,0.998798,0,0,0,1
942,27,251,684,0.998681,0.990149,0.994914,0.998810,0,0,0,0
943,29,252,684,0.998681,0.990149,0.994914,0.998810,0,0,0,0
944,27,252,685,0.998681,0.990149,0.994914,0.998810,0,0,0,0
945,25,252,686,0.998681,0.990149,0.994628,0.998934,0,0,0,1
946,23,252,687,0.998681,0.990149,0.994602,0.998945,0,0,0,0
947,29,253,687,0.998681,0.990149,0.994602,0.998945,0,0,0,0
948,27,253,688,0.998819,0.990149,0.994602,0.998885,1,0,0,0
949,25,253,689,0.998953,0.990149,0.994602,0.998817,1,0,0,0
950,23,253,690,0.998964,0.989600,0.995164,0.998811,0,0,1,0
951,29,254,690,0.998964,0.988965,0.995711,0.998811,0,0,1,0
952,27,254,691,0.998964,0.988911,0.995754,0.998811,0,0,0,0
953,29,255,691,0.998964,0.988911,0.995754,0.998811,0,0,0,0
954,27,255,692,0.998964,0.988911,0.995754,0.998811,0,0,0,0
955,25,255,693,0.998964,0.988911,0.995754,0.998811,0,0,0,0
956,23,255,694,0.998905,0.990060,0.995754,0.998811,0,1,0,0
957,21,255,695,0.998900,0.990158,0.995754,0.998811,0,0,0,0
958,29,256,695,0.998900,0.990158,0.995754,0.998811,0,0,0,0
959,27,256,696,0.998959,0.991179,0.995754,0.998744,1,1,0,0
960,25,256,697,0.998906,0.992173,0.995754,0.998738,0,1,0,0
961,29,257,697,0.998838,0.993056,0.995754,0.998738,0,1,0,0
962,27,257,698,0.998767,0.993492,0.996196,0.998738,0,1,1,0
963,29,258,698,0.998691,0.993869,0.996627,0.998738,0,1,1,0
964,27,258,699,0.998684,0.993900,0.996661,0.998738,0,0,0,0
965,29,259,699,0.998684,0.993900,0.996661,0.998738,0,0,0,0
966,27,259,700,0.998755,0.994535,0.996661,0.998667,1,1,0,0
967,25,259,701,0.998761,0.994589,0.996661,0.998660,0,0,0,0
968,29,260,701,0.998761,0.994589,0.996661,0.998660,0,0,0,0
969,27,260,702,0.998761,0.994589,0.996473,0.998800,0,0,0,1
970,25,260,703,0.998761,0.994589,0.996455,0.998812,0,0,0,0
971,29,261,703,0.998761,0.994589,0.996455,0.998812,0,0,0,0
972,27,261,704,0.998761,0.994589,0.996455,0.998812,0,0,0,0
973,25,261,705,0.998761,0.994589,0.996455,0.998812,0,0,0,0
974,23,261,706,0.998761,0.994589,0.996455,0.998812,0,0,0,0
975,21,261,707,0.998761,0.994589,0.996455,0.998812,0,0,0,0
976,19,261,708,0.998691,0.995152,0.996455,0.998812,0,1,0,0
977,17,261,709,0.998685,0.995201,0.996455,0.998812,0,0,0,0
978,29,262,709,0.998685,0.995201,0.996455,0.998812,0,0,0,0
979,27,262,710,0.998685,0.995201,0.996455,0.998812,0,0,0,0
980,25,262,711,0.998685,0.995201,0.996455,0.998812,0,0,0,0
981,23,262,712,0.998822,0.995201,0.996455,0.998745,1,0,0,0
982,21,262,713,0.998834,0.995201,0.996455,0.998739,0,0,0,0
983,29,263,713,0.998834,0.995201,0.996455,0.998739,0,0,0,0
984,27,263,714,0.998834,0.995201,0.996455,0.998739,0,0,0,0
985,25,263,715,0.998834,0.995201,0.996455,0.998739,0,0,0,0
986,23,263,716,0.998834,0.994931,0.996825,0.998739,0,0,1,0
987,21,263,717,0.998834,0.994906,0.996857,0.998739,0,0,0,0
988,29,264,717,0.998834,0.994906,0.996857,0.998739,0,0,0,0
989,27,264,718,0.998768,0.995178,0.997185,0.998739,0,1,1,0
990,25,264,719,0.998762,0.995202,0.997056,0.998871,0,0,0,1
991,29,265,719,0.998762,0.995202,0.996875,0.998999,0,0,0,1
992,27,265,720,0.998762,0.994933,0.997028,0.999112,0,0,1,1
993,29,266,720,0.998762,0.994622,0.997201,0.999213,0,0,1,1
994,27,266,721,0.998762,0.994595,0.997215,0.999221,0,0,0,0
995,29,267,721,0.998762,0.994595,0.997215,0.999221,0,0,0,0
996,27,267,722,0.998762,0.994292,0.997505,0.999221,0,0,1,0
997,25,267,723,0.998762,0.994264,0.997391,0.999303,0,0,0,1
998,29,268,723,0.998762,0.994264,0.997231,0.999382,0,0,0,1
999,27,268,724,0.998762,0.994264,0.997217,0.999388,0,0,0,0
1000,29,269,724,0.998762,0.994264,0.997217,0.999388,0,0,0,0
1001,27,269,725,0.998762,0.994264,0.997217,0.999388,0,0,0,0
1002,25,269,726,0.998891,0.994264,0.997217,0.999353,1,0,0,0
1003,23,269,727,0.998902,0.994264,0.997217,0.999350,0,0,0,0
1004,21,269,728,0.998902,0.993942,0.997366,0.999418,0,0,1,1
1005,19,269,729,0.998902,0.993912,0.997379,0.999424,0,0,0,0
1006,29,270,729,0.998902,0.993912,0.997379,0.999424,0,0,0,0
1007,27,270,730,0.998902,0.993912,0.997379,0.999424,0,0,0,0
1008,25,270,731,0.998902,0.993912,0.997379,0.999424,0,0,0,0
1009,23,270,732,0.998902,0.993571,0.997653,0.999424,0,0,1,0
1010,21,270,733,0.998902,0.993177,0.997919,0.999424,0,0,1,0
1011,29,271,733,0.998902,0.992760,0.998155,0.999424,0,0,1,0
1012,27,271,734,0.998902,0.992316,0.998364,0.999424,0,0,1,0
1013,25,271,735,0.999017,0.992278,0.998381,0.999391,1,0,0,0
1014,29,272,735,0.999129,0.992278,0.998381,0.999354,1,0,0,0
1015,27,272,736,0.999137,0.992278,0.998381,0.999351,0,0,0,0
1016,29,273,736,0.999137,0.992278,0.998381,0.999351,0,0,0,0
1017,27,273,737,0.999137,0.992278,0.998289,0.999419,0,0,0,1
1018,25,273,738,0.999228,0.992278,0.998281,0.999392,1,0,0,0
1019,29,274,738,0.999315,0.992278,0.998281,0.999355,1,0,0,0
1020,27,274,739,0.999322,0.992278,0.998281,0.999351,0,0,0,0
1021,29,275,739,0.999322,0.992278,0.998281,0.999351,0,0,0,0
1022,27,275,740,0.999322,0.992278,0.998281,0.999351,0,0,0,0
1023,25,275,741,0.999322,0.992278,0.998281,0.999351,0,0,0,0
1024,23,275,742,0.999322,0.992278,0.998281,0.999351,0,0,0,0
1025,21,275,743,0.999322,0.992278,0.998281,0.999351,0,0,0,0
1026,19,275,744,0.999322,0.992278,0.998281,0.999351,0,0,0,0
1027,17,275,745,0.999322,0.992278,0.998281,0.999351,0,0,0,0
1028,15,275,746,0.999322,0.992278,0.998281,0.999351,0,0,0,0
1029,13,275,747,0.999322,0.992278,0.998281,0.999351,0,0,0,0
1030,11,275,748,0.999322,0.992278,0.998281,0.999351,0,0,0,0
1031,9,275,749,0.999322,0.992278,0.998281,0.999351,0,0,0,0
1032,7,275,750,0.999322,0.992278,0.998281,0.999351,0,0,0,0
1033,5,275,751,0.999322,0.991846,0.998460,0.999351,0,0,1,0
1034,3,275,752,0.999322,0.991806,0.998476,0.999351,0,0,0,0
1035,29,276,752,0.999393,0.991806,0.998476,0.999315,1,0,0,0
1036,27,276,753,0.999399,0.991806,0.998476,0.999311,0,0,0,0
1037,29,277,753,0.999399,0.991806,0.998476,0.999311,0,0,0,0
1038,27,277,754,0.999399,0.991806,0.998476,0.999311,0,0,0,0
1039,25,277,755,0.999399,0.991806,0.998476,0.999311,0,0,0,0
1040,23,277,756,0.999399,0.991806,0.998476,0.999311,0,0,0,0
1041,21,277,757,0.999399,0.991806,0.998390,0.999383,0,0,0,1
1042,19,277,758,0.999399,0.991806,0.998382,0.999390,0,0,0,0
1043,29,278,758,0.999399,0.991806,0.998382,0.999390,0,0,0,0
1044,27,278,759,0.999399,0.991806,0.998382,0.999390,0,0,0,0
1045,25,278,760,0.999399,0.991806,0.998382,0.999390,0,0,0,0
1046,23,278,761,0.999462,0.991806,0.998382,0.999355,1,0,0,0
1047,21,278,762,0.999523,0.991806,0.998382,0.999315,1,0,0,0
1048,29,279,762,0.999577,0.991806,0.998382,0.999273,1,0,0,0
1049,27,279,763,0.999625,0.991806,0.998382,0.999228,1,0,0,0
1050,25,279,764,0.999608,0.992242,0.998551,0.999225,0,1,1,0
1051,29,280,764,0.999584,0.992692,0.998716,0.999225,0,1,1,0
1052,27,280,765,0.999626,0.992728,0.998728,0.999181,1,0,0,0
1053,29,281,765,0.999668,0.992728,0.998728,0.999130,1,0,0,0
1054,27,281,766,0.999671,0.992728,0.998728,0.999126,0,0,0,0
1055,29,282,766,0.999671,0.992728,0.998728,0.999126,0,0,0,0
1056,27,282,767,0.999671,0.992728,0.998728,0.999126,0,0,0,0
1057,25,282,768,0.999671,0.992728,0.998657,0.999217,0,0,0,1
1058,23,282,769,0.999671,0.992728,0.998650,0.999225,0,0,0,0
1059,29,283,769,0.999671,0.992728,0.998650,0.999225,0,0,0,0
1060,27,283,770,0.999671,0.992728,0.998650,0.999225,0,0,0,0
1061,25,283,771,0.999671,0.992728,0.998650,0.999225,0,0,0,0
1062,23,283,772,0.999671,0.992728,0.998650,0.999225,0,0,0,0
1063,21,283,773,0.999671,0.992321,0.998722,0.999306,0,0,1,1
1064,19,283,774,0.999671,0.992283,0.998729,0.999313,0,0,0,0
1065,29,284,774,0.999671,0.992283,0.998729,0.999313,0,0,0,0
1066,27,284,775,0.999653,0.993085,0.998729,0.999313,0,1,0,0
1067,25,284,776,0.999651,0.992770,0.998862,0.999313,0,0,1,0
1068,23,284,777,0.999688,0.992734,0.998873,0.999275,1,0,0,0
1069,29,285,777,0.999723,0.992734,0.998873,0.999230,1,0,0,0
1070,27,285,778,0.999726,0.992734,0.998873,0.999226,0,0,0,0
1071,29,286,778,0.999726,0.992734,0.998873,0.999226,0,0,0,0
1072,27,286,779,0.999726,0.992734,0.998873,0.999226,0,0,0,0
1073,25,286,780,0.999726,0.992734,0.998873,0.999226,0,0,0,0
1074,23,286,781,0.999726,0.992734,0.998873,0.999226,0,0,0,0
1075,21,286,782,0.999726,0.992734,0.998873,0.999226,0,0,0,0
1076,19,286,783,0.999755,0.992734,0.998873,0.999182,1,0,0,0
1077,17,286,784,0.999757,0.992734,0.998809,0.999264,0,0,0,1
1078,29,287,784,0.999757,0.992734,0.998736,0.999348,0,0,0,1
1079,27,287,785,0.999782,0.992734,0.998658,0.999389,1,0,0,1
1080,25,287,786,0.999785,0.992328,0.998724,0.999456,0,0,1,1
1081,29,288,786,0.999785,0.991858,0.998798,0.999517,0,0,1,1
1082,27,288,787,0.999785,0.991818,0.998737,0.999572,0,0,0,1
1083,29,289,787,0.999785,0.991818,0.998659,0.999621,0,0,0,1
1084,27,289,788,0.999785,0.991818,0.998577,0.999664,0,0,0,1
1085,25,289,789,0.999807,0.991818,0.998569,0.999648,1,0,0,0
1086,23,289,790,0.999829,0.991818,0.998569,0.999627,1,0,0,0
1087,29,290,790,0.999849,0.991818,0.998569,0.999604,1,0,0,0
1088,27,290,791,0.999850,0.991818,0.998489,0.999643,0,0,0,1
1089,29,291,791,0.999850,0.991818,0.998396,0.999684,0,0,0,1
1090,27,291,792,0.999850,0.991818,0.998388,0.999687,0,0,0,0
1091,25,291,793,0.999866,0.991818,0.998388,0.999669,1,0,0,0
1092,23,291,794,0.999867,0.991818,0.998297,0.999703,0,0,0,1
1093,29,292,794,0.999867,0.991818,0.998192,0.999736,0,0,0,1
1094,27,292,795,0.999867,0.991818,0.998183,0.999739,0,0,0,0
1095,29,293,795,0.999867,0.991818,0.998183,0.999739,0,0,0,0
1096,27,293,796,0.999867,0.991818,0.998183,0.999739,0,0,0,0
1097,25,293,797,0.999867,0.991818,0.998183,0.999739,0,0,0,0
1098,23,293,798,0.999881,0.991818,0.998183,0.999724,1,0,0,0
1099,21,293,799,0.999876,0.992668,0.998183,0.999723,0,1,0,0
1100,19,293,800,0.999875,0.992741,0.998081,0.999752,0,0,0,1
1101,29,294,800,0.999875,0.992741,0.997963,0.999780,0,0,0,1
1102,27,294,801,0.999875,0.992741,0.997953,0.999782,0,0,0,0
1103,25,294,802,0.999875,0.992741,0.997837,0.999805,0,0,0,1
1104,23,294,803,0.999875,0.992741,0.997827,0.999807,0,0,0,0
1105,29,295,803,0.999875,0.992741,0.997827,0.999807,0,0,0,0
1106,27,295,804,0.999875,0.992741,0.997827,0.999807,0,0,0,0
1107,25,295,805,0.999888,0.992741,0.997704,0.999817,1,0,0,1
1108,23,295,806,0.999901,0.992741,0.997693,0.999808,1,0,0,0
1109,29,296,806,0.999912,0.992741,0.997693,0.999796,1,0,0,0
1110,27,296,807,0.999913,0.992741,0.997693,0.999795,0,0,0,0
1111,29,297,807,0.999913,0.992741,0.997693,0.999795,0,0,0,0
1112,27,297,808,0.999913,0.992741,0.997693,0.999795,0,0,0,0
1113,25,297,809,0.999913,0.992741,0.997693,0.999795,0,0,0,0
1114,23,297,810,0.999913,0.992741,0.997693,0.999795,0,0,0,0
1115,21,297,811,0.999913,0.992741,0.997693,0.999795,0,0,0,0
1116,19,297,812,0.999913,0.992741,0.997693,0.999795,0,0,0,0
1117,17,297,813,0.999923,0.992741,0.997693,0.999783,1,0,0,0
1118,15,297,814,0.999924,0.992741,0.997693,0.999781,0,0,0,0
1119,29,298,814,0.999924,0.992741,0.997693,0.999781,0,0,0,0
1120,27,298,815,0.999924,0.992741,0.997693,0.999781,0,0,0,0
1121,25,298,816,0.999924,0.992741,0.997693,0.999781,0,0,0,0
1122,23,298,817,0.999924,0.992741,0.997693,0.999781,0,0,0,0
1123,21,298,818,0.999924,0.992741,0.997693,0.999781,0,0,0,0
1124,19,298,819,0.999924,0.992334,0.997934,0.999781,0,0,1,0
1125,17,298,820,0.999932,0.992296,0.997954,0.999769,1,0,0,0
1126,29,299,820,0.999939,0.992296,0.997954,0.999755,1,0,0,0
1127,27,299,821,0.999940,0.992296,0.997954,0.999754,0,0,0,0
1128,29,300,821,0.999940,0.992296,0.997954,0.999754,0,0,0,0
1129,27,300,822,0.999940,0.992296,0.997954,0.999754,0,0,0,0
1130,25,300,823,0.999940,0.992296,0.997954,0.999754,0,0,0,0
1131,23,300,824,0.999940,0.992296,0.997954,0.999754,0,0,0,0
1132,21,300,825,0.999940,0.992296,0.997954,0.999754,0,0,0,0
1133,19,300,826,0.999940,0.992296,0.997954,0.999754,0,0,0,0
1134,29,301,826,0.999940,0.992296,0.997954,0.999754,0,0,0,0
1135,27,301,827,0.999940,0.992296,0.997954,0.999754,0,0,0,0
1136,25,301,828,0.999940,0.992296,0.997954,0.999754,0,0,0,0
1137,23,301,829,0.999940,0.992296,0.997954,0.999754,0,0,0,0
1138,21,301,830,0.999940,0.992296,0.997954,0.999754,0,0,0,0
1139,19,301,831,0.999946,0.992296,0.997954,0.999740,1,0,0,0
1140,17,301,832,0.999950,0.993097,0.997839,0.999752,1,1,0,1
1141,15,301,833,0.999947,0.993876,0.997706,0.999779,0,1,0,1
1142,13,301,834,0.999950,0.994568,0.997565,0.999793,1,1,0,1
1143,29,302,834,0.999953,0.995182,0.997415,0.999805,1,1,0,1
1144,27,302,835,0.999953,0.995230,0.997256,0.999827,0,0,0,1
1145,25,302,836,0.999950,0.995727,0.997088,0.999846,0,1,0,1
1146,29,303,836,0.999947,0.996211,0.996909,0.999864,0,1,0,1
1147,27,303,837,0.999952,0.996249,0.996893,0.999858,1,0,0,0
1148,29,304,837,0.999958,0.996249,0.996893,0.999849,1,0,0,0
1149,27,304,838,0.999958,0.996249,0.996893,0.999848,0,0,0,0
1150,29,305,838,0.999958,0.996249,0.996893,0.999848,0,0,0,0
1151,27,305,839,0.999958,0.996249,0.996893,0.999848,0,0,0,0
1152,25,305,840,0.999958,0.996249,0.996719,0.999864,0,0,0,1
1153,23,305,841,0.999963,0.996249,0.996517,0.999873,1,0,0,1
1154,29,306,841,0.999967,0.996249,0.996303,0.999880,1,0,0,1
1155,27,306,842,0.999971,0.996038,0.996672,0.999874,1,0,1,0
1156,29,307,842,0.999974,0.995795,0.997049,0.999866,1,0,1,0
1157,27,307,843,0.999974,0.995774,0.996914,0.999879,0,0,0,1
1158,29,308,843,0.999974,0.995774,0.996725,0.999893,0,0,0,1
1159,27,308,844,0.999974,0.995536,0.997052,0.999894,0,0,1,0
1160,29,309,844,0.999974,0.995262,0.997386,0.999894,0,0,1,0
1161,27,309,845,0.999974,0.995239,0.997412,0.999894,0,0,0,0
1162,29,310,845,0.999974,0.995239,0.997412,0.999894,0,0,0,0
1163,27,310,846,0.999974,0.995239,0.997412,0.999894,0,0,0,0
1164,25,310,847,0.999974,0.995239,0.997412,0.999894,0,0,0,0
1165,23,310,848,0.999974,0.995239,0.997412,0.999894,0,0,0,0
1166,21,310,849,0.999974,0.995239,0.997412,0.999894,0,0,0,0
1167,19,310,850,0.999974,0.995239,0.997266,0.999905,0,0,0,1
1168,17,310,851,0.999977,0.995239,0.997098,0.999911,1,0,0,1
1169,29,311,851,0.999980,0.995239,0.996920,0.999916,1,0,0,1
1170,27,311,852,0.999980,0.995239,0.996904,0.999917,0,0,0,0
1171,29,312,852,0.999980,0.995239,0.996904,0.999917,0,0,0,0
1172,27,312,853,0.999980,0.994972,0.997227,0.999917,0,0,1,0
1173,25,312,854,0.999980,0.994947,0.997101,0.999926,0,0,0,1
1174,29,313,854,0.999980,0.994947,0.996923,0.999934,0,0,0,1
1175,27,313,855,0.999980,0.994947,0.996907,0.999935,0,0,0,0
1176,29,314,855,0.999980,0.994947,0.996907,0.999935,0,0,0,0
1177,27,314,856,0.999982,0.994947,0.996907,0.999931,1,0,0,0
1178,25,314,857,0.999982,0.994947,0.996907,0.999931,0,0,0,0
1179,29,315,857,0.999982,0.994947,0.996907,0.999931,0,0,0,0
1180,27,315,858,0.999982,0.994947,0.996907,0.999931,0,0,0,0
1181,25,315,859,0.999981,0.995473,0.996907,0.999931,0,1,0,0
1182,23,315,860,0.999983,0.995518,0.996907,0.999927,1,0,0,0
1183,29,316,860,0.999985,0.995518,0.996907,0.999922,1,0,0,0
1184,27,316,861,0.999985,0.995518,0.996907,0.999922,0,0,0,0
1185,29,317,861,0.999985,0.995518,0.996907,0.999922,0,0,0,0
1186,27,317,862,0.999987,0.995518,0.996907,0.999917,1,0,0,0
1187,25,317,863,0.999987,0.995518,0.996907,0.999917,0,0,0,0
1188,23,317,864,0.999987,0.995518,0.996907,0.999917,0,0,0,0
1189,21,317,865,0.999987,0.995518,0.996907,0.999917,0,0,0,0
1190,19,317,866,0.999987,0.995267,0.997230,0.999917,0,0,1,0
1191,17,317,867,0.999986,0.995739,0.997258,0.999917,0,1,0,0
1192,29,318,867,0.999985,0.996221,0.997258,0.999917,0,1,0,0
1193,27,318,868,0.999984,0.996649,0.997258,0.999917,0,1,0,0
1194,29,319,868,0.999983,0.997029,0.997258,0.999917,0,1,0,0
1195,27,319,869,0.999985,0.997058,0.997258,0.999912,1,0,0,0
1196,29,320,869,0.999987,0.997058,0.997258,0.999907,1,0,0,0
1197,27,320,870,0.999987,0.997058,0.997258,0.999906,0,0,0,0
1198,29,321,870,0.999987,0.997058,0.997258,0.999906,0,0,0,0
1199,27,321,871,0.999987,0.997058,0.997258,0.999906,0,0,0,0
1200,25,321,872,0.999987,0.997058,0.997103,0.999916,0,0,0,1
1201,23,321,873,0.999987,0.997058,0.997089,0.999917,0,0,0,0
1202,29,322,873,0.999987,0.997058,0.997089,0.999917,0,0,0,0
1203,27,322,874,0.999987,0.997058,0.997089,0.999917,0,0,0,0
1204,25,322,875,0.999987,0.997058,0.997089,0.999917,0,0,0,0
1205,23,322,876,0.999987,0.997058,0.997089,0.999917,0,0,0,0
1206,21,322,877,0.999987,0.997058,0.997089,0.999917,0,0,0,0
1207,29,323,877,0.999987,0.997058,0.997089,0.999917,0,0,0,0
1208,27,323,878,0.999987,0.997058,0.997089,0.999917,0,0,0,0
1209,25,323,879,0.999987,0.996893,0.997393,0.999917,0,0,1,0
1210,23,323,880,0.999987,0.996877,0.997419,0.999917,0,0,0,0
1211,29,324,880,0.999987,0.996877,0.997419,0.999917,0,0,0,0
1212,27,324,881,0.999987,0.996877,0.997419,0.999917,0,0,0,0
1213,25,324,882,0.999987,0.996702,0.997688,0.999917,0,0,1,0
1214,23,324,883,0.999987,0.996685,0.997711,0.999917,0,0,0,0
1215,21,324,884,0.999987,0.996685,0.997583,0.999926,0,0,0,1
1216,19,324,885,0.999987,0.996685,0.997434,0.999934,0,0,0,1
1217,29,325,885,0.999987,0.996685,0.997276,0.999942,0,0,0,1
1218,27,325,886,0.999987,0.996685,0.997262,0.999942,0,0,0,0
1219,29,326,886,0.999987,0.996685,0.997262,0.999942,0,0,0,0
1220,27,326,887,0.999987,0.996685,0.997109,0.999948,0,0,0,1
1221,25,326,888,0.999987,0.996685,0.997094,0.999949,0,0,0,0
1222,29,327,888,0.999987,0.996685,0.997094,0.999949,0,0,0,0
1223,27,327,889,0.999987,0.996685,0.997094,0.999949,0,0,0,0
1224,25,327,890,0.999987,0.996685,0.997094,0.999949,0,0,0,0
1225,23,327,891,0.999987,0.996685,0.997094,0.999949,0,0,0,0
1226,21,327,892,0.999987,0.996685,0.997094,0.999949,0,0,0,0
1227,19,327,893,0.999987,0.996685,0.997094,0.999949,0,0,0,0
1228,17,327,894,0.999987,0.996685,0.997094,0.999949,0,0,0,0
1229,15,327,895,0.999987,0.996685,0.997094,0.999949,0,0,0,0
1230,13,327,896,0.999987,0.996685,0.997094,0.999949,0,0,0,0
1231,11,327,897,0.999987,0.996685,0.997094,0.999949,0,0,0,0
1232,9,327,898,0.999988,0.996499,0.997397,0.999946,1,0,1,0
1233,7,327,899,0.999988,0.996482,0.997279,0.999951,0,0,0,1
1234,5,327,900,0.999988,0.996849,0.997265,0.999952,0,1,0,0
1235,29,328,900,0.999987,0.997206,0.997265,0.999952,0,1,0,0
1236,27,328,901,0.999987,0.997234,0.997265,0.999952,0,0,0,0
1237,29,329,901,0.999987,0.997234,0.997265,0.999952,0,0,0,0
1238,27,329,902,0.999987,0.997234,0.997265,0.999952,0,0,0,0
1239,25,329,903,0.999987,0.997234,0.997265,0.999952,0,0,0,0
1240,23,329,904,0.999987,0.997234,0.997265,0.999952,0,0,0,0
1241,21,329,905,0.999987,0.997234,0.997265,0.999952,0,0,0,0
1242,19,329,906,0.999987,0.997234,0.997265,0.999952,0,0,0,0
1243,17,329,907,0.999987,0.997234,0.997265,0.999952,0,0,0,0
1244,15,329,908,0.999987,0.997234,0.997265,0.999952,0,0,0,0
1245,13,329,909,0.999987,0.997234,0.997265,0.999952,0,0,0,0
1246,11,329,910,0.999987,0.997234,0.997265,0.999952,0,0,0,0
1247,9,329,911,0.999987,0.997234,0.997265,0.999952,0,0,0,0
1248,7,329,912,0.999987,0.997078,0.997550,0.999952,0,0,1,0
1249,5,329,913,0.999987,0.997063,0.997575,0.999952,0,0,0,0
1250,29,330,913,0.999987,0.997063,0.997575,0.999952,0,0,0,0
1251,27,330,914,0.999988,0.997063,0.997575,0.999949,1,0,0,0
1252,25,330,915,0.999988,0.997063,0.997439,0.999954,0,0,0,1
1253,29,331,915,0.999988,0.997063,0.997281,0.999959,0,0,0,1
1254,27,331,916,0.999988,0.997063,0.997267,0.999960,0,0,0,0
1255,29,332,916,0.999988,0.997063,0.997267,0.999960,0,0,0,0
1256,27,332,917,0.999988,0.997063,0.997267,0.999960,0,0,0,0
1257,25,332,918,0.999988,0.997063,0.997267,0.999960,0,0,0,0
1258,23,332,919,0.999988,0.997063,0.997267,0.999960,0,0,0,0
1259,21,332,920,0.999988,0.997063,0.997267,0.999960,0,0,0,0
1260,19,332,921,0.999988,0.997063,0.997267,0.999960,0,0,0,0
1261,17,332,922,0.999988,0.997063,0.997267,0.999960,0,0,0,0
1262,15,332,923,0.999988,0.997063,0.997267,0.999960,0,0,0,0
1263,13,332,924,0.999988,0.997063,0.997267,0.999960,0,0,0,0
1264,11,332,925,0.999988,0.997370,0.997267,0.999960,0,1,0,0
1265,9,332,926,0.999987,0.997668,0.997267,0.999960,0,1,0,0
1266,29,333,926,0.999986,0.997933,0.997267,0.999960,0,1,0,0
1267,27,333,927,0.999986,0.997953,0.997267,0.999960,0,0,0,0
1268,29,334,927,0.999986,0.997953,0.997267,0.999960,0,0,0,0
1269,27,334,928,0.999987,0.997953,0.997267,0.999958,1,0,0,0
1270,25,334,929,0.999988,0.997953,0.997267,0.999957,0,0,0,0
1271,29,335,929,0.999988,0.997953,0.997267,0.999957,0,0,0,0
1272,27,335,930,0.999988,0.997953,0.997267,0.999957,0,0,0,0
1273,25,335,931,0.999988,0.997953,0.997267,0.999957,0,0,0,0
1274,23,335,932,0.999989,0.997838,0.997553,0.999955,1,0,1,0
1275,21,335,933,0.999988,0.998054,0.997577,0.999955,0,1,0,0
1276,29,336,933,0.999988,0.998275,0.997577,0.999955,0,1,0,0
1277,27,336,934,0.999987,0.998471,0.997577,0.999955,0,1,0,0
1278,29,337,934,0.999986,0.998644,0.997577,0.999955,0,1,0,0
1279,27,337,935,0.999987,0.998658,0.997577,0.999952,1,0,0,0
1280,29,338,935,0.999989,0.998658,0.997577,0.999949,1,0,0,0
1281,27,338,936,0.999989,0.998658,0.997577,0.999949,0,0,0,0
1282,29,339,936,0.999989,0.998658,0.997577,0.999949,0,0,0,0
1283,27,339,937,0.999989,0.998658,0.997577,0.999949,0,0,0,0
1284,25,339,938,0.999989,0.998658,0.997577,0.999949,0,0,0,0
1285,23,339,939,0.999989,0.998658,0.997577,0.999949,0,0,0,0
1286,21,339,940,0.999989,0.998658,0.997577,0.999949,0,0,0,0
1287,19,339,941,0.999989,0.998658,0.997577,0.999949,0,0,0,0
1288,17,339,942,0.999990,0.998658,0.997577,0.999946,1,0,0,0
1289,15,339,943,0.999990,0.998658,0.997577,0.999946,0,0,0,0
1290,29,340,943,0.999990,0.998658,0.997577,0.999946,0,0,0,0
1291,27,340,944,0.999990,0.998582,0.997830,0.999946,0,0,1,0
1292,25,340,945,0.999990,0.998724,0.997852,0.999946,0,1,0,0
1293,23,340,946,0.999990,0.998737,0.997731,0.999951,0,0,0,1
1294,29,341,946,0.999989,0.998869,0.997591,0.999957,0,1,0,1
1295,27,341,947,0.999989,0.998880,0.997579,0.999957,0,0,0,0
1296,29,342,947,0.999989,0.998880,0.997579,0.999957,0,0,0,0
1297,27,342,948,0.999989,0.998880,0.997579,0.999957,0,0,0,0
1298,25,342,949,0.999989,0.998880,0.997579,0.999957,0,0,0,0
1299,23,342,950,0.999989,0.998880,0.997443,0.999962,0,0,0,1
1300,21,342,951,0.999989,0.998880,0.997286,0.999966,0,0,0,1
1301,29,343,951,0.999989,0.998880,0.997119,0.999970,0,0,0,1
1302,27,343,952,0.999990,0.998880,0.997105,0.999969,1,0,0,0
1303,25,343,953,0.999990,0.998880,0.997105,0.999969,0,0,0,0
1304,29,344,953,0.999990,0.998880,0.997105,0.999969,0,0,0,0
1305,27,344,954,0.999991,0.998880,0.997105,0.999967,1,0,0,0
1306,25,344,955,0.999991,0.998880,0.996942,0.999970,0,0,0,1
1307,29,345,955,0.999991,0.998880,0.996754,0.999973,0,0,0,1
1308,27,345,956,0.999991,0.998880,0.996554,0.999976,0,0,0,1
1309,29,346,956,0.999991,0.998880,0.996342,0.999979,0,0,0,1
1310,27,346,957,0.999991,0.998880,0.996118,0.999982,0,0,0,1
1311,25,346,958,0.999992,0.998940,0.996307,0.999983,1,1,1,1
1312,29,347,958,0.999992,0.999002,0.996522,0.999984,1,1,1,1
1313,27,347,959,0.999992,0.999007,0.996539,0.999984,0,0,0,0
1314,29,348,959,0.999992,0.999007,0.996539,0.999984,0,0,0,0
1315,27,348,960,0.999993,0.999007,0.996539,0.999983,1,0,0,0
1316,25,348,961,0.999993,0.999007,0.996539,0.999983,0,0,0,0
1317,23,348,962,0.999993,0.999111,0.996345,0.999985,0,1,0,1
1318,21,348,963,0.999993,0.999120,0.996326,0.999985,0,0,0,0
1319,29,349,963,0.999993,0.999120,0.996326,0.999985,0,0,0,0
1320,27,349,964,0.999993,0.999120,0.996326,0.999985,0,0,0,0
1321,25,349,965,0.999993,0.999120,0.996326,0.999985,0,0,0,0
1322,23,349,966,0.999993,0.999070,0.996710,0.999985,0,0,1,0
1323,21,349,967,0.999993,0.999065,0.996742,0.999985,0,0,0,0
1324,29,350,967,0.999993,0.999065,0.996742,0.999985,0,0,0,0
1325,27,350,968,0.999993,0.999065,0.996742,0.999985,0,0,0,0
1326,25,350,969,0.999994,0.999065,0.996742,0.999984,1,0,0,0
1327,23,350,970,0.999993,0.999163,0.996742,0.999984,0,1,0,0
1328,29,351,970,0.999993,0.999258,0.996742,0.999984,0,1,0,0
1329,27,351,971,0.999993,0.999265,0.996742,0.999984,0,0,0,0
1330,29,352,971,0.999993,0.999265,0.996742,0.999984,0,0,0,0
1331,27,352,972,0.999993,0.999342,0.996742,0.999983,1,1,0,0
1332,25,352,973,0.999993,0.999349,0.996742,0.999983,0,0,0,0
1333,29,353,973,0.999993,0.999349,0.996742,0.999983,0,0,0,0
1334,27,353,974,0.999993,0.999423,0.996742,0.999983,0,1,0,0
1335,25,353,975,0.999993,0.999429,0.996742,0.999983,0,0,0,0
1336,29,354,975,0.999993,0.999429,0.996742,0.999983,0,0,0,0
1337,27,354,976,0.999993,0.999429,0.996742,0.999983,0,0,0,0
1338,25,354,977,0.999993,0.999429,0.996742,0.999983,0,0,0,0
1339,23,354,978,0.999993,0.999429,0.996742,0.999983,0,0,0,0
1340,21,354,979,0.999993,0.999429,0.996742,0.999983,0,0,0,0
1341,19,354,980,0.999992,0.999488,0.996742,0.999983,0,1,0,0
1342,17,354,981,0.999993,0.999493,0.996742,0.999982,1,0,0,0
1343,29,355,981,0.999994,0.999493,0.996742,0.999981,1,0,0,0
1344,27,355,982,0.999994,0.999493,0.996742,0.999981,0,0,0,0
1345,29,356,982,0.999994,0.999493,0.996742,0.999981,0,0,0,0
1346,27,356,983,0.999994,0.999493,0.996742,0.999981,0,0,0,0
1347,25,356,984,0.999994,0.999493,0.996742,0.999981,0,0,0,0
1348,23,356,985,0.999994,0.999493,0.996742,0.999981,0,0,0,0
1349,21,356,986,0.999994,0.999493,0.996742,0.999981,0,0,0,0
1350,19,356,987,0.999994,0.999493,0.996742,0.999981,0,0,0,0
1351,17,356,988,0.999994,0.999465,0.997082,0.999981,0,0,1,0
1352,15,356,989,0.999994,0.999432,0.997413,0.999981,0,0,1,0
1353,13,356,990,0.999995,0.999429,0.997439,0.999980,1,0,0,0
1354,29,357,990,0.999995,0.999429,0.997439,0.999978,1,0,0,0
1355,27,357,991,0.999995,0.999397,0.997706,0.999978,0,0,1,0
1356,25,357,992,0.999995,0.999394,0.997601,0.999980,0,0,0,1
1357,23,357,993,0.999995,0.999394,0.997589,0.999981,0,0,0,0
1358,29,358,993,0.999995,0.999394,0.997589,0.999981,0,0,0,0
1359,27,358,994,0.999996,0.999394,0.997589,0.999980,1,0,0,0
1360,25,358,995,0.999996,0.999394,0.997589,0.999978,1,0,0,0
1361,29,359,995,0.999997,0.999394,0.997589,0.999977,1,0,0,0
1362,27,359,996,0.999997,0.999394,0.997589,0.999977,0,0,0,0
1363,29,360,996,0.999997,0.999394,0.997589,0.999977,0,0,0,0
1364,27,360,997,0.999997,0.999394,0.997589,0.999977,0,0,0,0
1365,25,360,998,0.999997,0.999394,0.997589,0.999977,0,0,0,0
1366,23,360,999,0.999997,0.999394,0.997589,0.999977,0,0,0,0
1367,21,360,1000,0.999997,0.999360,0.997841,0.999977,0,0,1,0
1368,19,360,1001,0.999997,0.999357,0.997863,0.999977,0,0,0,0
1369,29,361,1001,0.999997,0.999357,0.997863,0.999977,0,0,0,0
1370,27,361,1002,0.999997,0.999320,0.998086,0.999977,0,0,1,0
1371,25,361,1003,0.999997,0.999388,0.998105,0.999977,0,1,0,0
1372,29,362,1003,0.999996,0.999458,0.998105,0.999977,0,1,0,0
1373,27,362,1004,0.999996,0.999519,0.998105,0.999977,0,1,0,0
1374,29,363,1004,0.999996,0.999574,0.998105,0.999977,0,1,0,0
1375,27,363,1005,0.999996,0.999578,0.998105,0.999976,1,0,0,0
1376,29,364,1005,0.999997,0.999578,0.998105,0.999974,1,0,0,0
1377,27,364,1006,0.999997,0.999578,0.998105,0.999974,0,0,0,0
1378,29,365,1006,0.999997,0.999578,0.998105,0.999974,0,0,0,0
1379,27,365,1007,0.999997,0.999578,0.998105,0.999974,0,0,0,0
1380,25,365,1008,0.999997,0.999578,0.998105,0.999974,0,0,0,0
1381,23,365,1009,0.999997,0.999578,0.998105,0.999974,0,0,0,0
1382,21,365,1010,0.999997,0.999578,0.997998,0.999977,0,0,0,1
1383,19,365,1011,0.999997,0.999578,0.997875,0.999979,0,0,0,1
1384,29,366,1011,0.999997,0.999578,0.997744,0.999982,0,0,0,1
1385,27,366,1012,0.999997,0.999578,0.997733,0.999982,0,0,0,0
1386,29,367,1012,0.999997,0.999578,0.997733,0.999982,0,0,0,0
1387,27,367,1013,0.999997,0.999578,0.997733,0.999982,0,0,0,0
1388,25,367,1014,0.999997,0.999578,0.997733,0.999981,1,0,0,0
1389,23,367,1015,0.999997,0.999578,0.997733,0.999981,0,0,0,0
1390,29,368,1015,0.999997,0.999578,0.997733,0.999981,0,0,0,0
1391,27,368,1016,0.999997,0.999578,0.997733,0.999981,0,0,0,0
1392,25,368,1017,0.999997,0.999578,0.997733,0.999980,1,0,0,0
1393,23,368,1018,0.999997,0.999622,0.997606,0.999982,0,1,0,1
1394,29,369,1018,0.999997,0.999665,0.997458,0.999984,0,1,0,1
1395,27,369,1019,0.999997,0.999669,0.997446,0.999984,0,0,0,0
1396,29,370,1019,0.999997,0.999669,0.997446,0.999984,0,0,0,0
1397,27,370,1020,0.999997,0.999669,0.997446,0.999984,0,0,0,0
1398,25,370,1021,0.999997,0.999669,0.997446,0.999984,0,0,0,0
1399,23,370,1022,0.999997,0.999669,0.997446,0.999984,0,0,0,0
1400,21,370,1023,0.999997,0.999669,0.997446,0.999984,0,0,0,0
1401,19,370,1024,0.999997,0.999650,0.997712,0.999984,0,0,1,0
1402,17,370,1025,0.999997,0.999648,0.997608,0.999986,0,0,0,1
1403,29,371,1025,0.999997,0.999648,0.997461,0.999987,0,0,0,1
1404,27,371,1026,0.999997,0.999648,0.997448,0.999987,0,0,0,0
1405,29,372,1026,0.999997,0.999648,0.997448,0.999987,0,0,0,0
1406,27,372,1027,0.999997,0.999648,0.997448,0.999987,0,0,0,0
1407,25,372,1028,0.999997,0.999648,0.997448,0.999987,0,0,0,0
1408,23,372,1029,0.999997,0.999648,0.997448,0.999987,0,0,0,0
1409,21,372,1030,0.999997,0.999685,0.997448,0.999987,0,1,0,0
1410,19,372,1031,0.999997,0.999688,0.997448,0.999987,0,0,0,0
1411,29,373,1031,0.999997,0.999688,0.997448,0.999987,0,0,0,0
1412,27,373,1032,0.999997,0.999688,0.997448,0.999987,0,0,0,0
1413,25,373,1033,0.999997,0.999688,0.997448,0.999987,0,0,0,0
1414,23,373,1034,0.999997,0.999688,0.997448,0.999987,0,0,0,0
1415,21,373,1035,0.999997,0.999688,0.997448,0.999987,0,0,0,0
1416,19,373,1036,0.999997,0.999688,0.997448,0.999987,0,0,0,0
1417,17,373,1037,0.999997,0.999688,0.997448,0.999987,0,0,0,0
1418,15,373,1038,0.999997,0.999688,0.997448,0.999987,0,0,0,0
1419,13,373,1039,0.999997,0.999721,0.997448,0.999987,0,1,0,0
1420,11,373,1040,0.999997,0.999752,0.997448,0.999987,0,1,0,0
1421,9,373,1041,0.999997,0.999755,0.997304,0.999989,0,0,0,1
1422,29,374,1041,0.999997,0.999755,0.997139,0.999990,0,0,0,1
1423,27,374,1042,0.999997,0.999755,0.997124,0.999990,0,0,0,0
1424,29,375,1042,0.999997,0.999755,0.997124,0.999990,0,0,0,0
1425,27,375,1043,0.999997,0.999755,0.997124,0.999990,0,0,0,0
1426,25,375,1044,0.999997,0.999741,0.997425,0.999990,0,0,1,0
1427,23,375,1045,0.999997,0.999740,0.997307,0.999991,0,0,0,1
1428,29,376,1045,0.999997,0.999740,0.997141,0.999992,0,0,0,1
1429,27,376,1046,0.999997,0.999740,0.997127,0.999992,0,0,0,0
1430,29,377,1046,0.999997,0.999740,0.997127,0.999992,0,0,0,0
1431,27,377,1047,0.999997,0.999740,0.997127,0.999992,0,0,0,0
1432,25,377,1048,0.999997,0.999740,0.997127,0.999992,0,0,0,0
1433,23,377,1049,0.999997,0.999740,0.997127,0.999992,0,0,0,0
1434,21,377,1050,0.999997,0.999740,0.996965,0.999993,0,0,0,1
1435,19,377,1051,0.999997,0.999740,0.996950,0.999993,1,0,0,0
1436,29,378,1051,0.999997,0.999740,0.996950,0.999992,1,0,0,0
1437,27,378,1052,0.999997,0.999740,0.996779,0.999993,0,0,0,1
1438,29,379,1052,0.999997,0.999740,0.996581,0.999994,0,0,0,1
1439,27,379,1053,0.999998,0.999740,0.996564,0.999994,1,0,0,0
1440,29,380,1053,0.999998,0.999740,0.996564,0.999993,1,0,0,0
1441,27,380,1054,0.999998,0.999740,0.996564,0.999993,1,0,0,0
1442,29,381,1054,0.999998,0.999740,0.996564,0.999992,1,0,0,0
1443,27,381,1055,0.999998,0.999740,0.996564,0.999992,0,0,0,0
1444,29,382,1055,0.999998,0.999740,0.996564,0.999992,0,0,0,0
1445,27,382,1056,0.999998,0.999740,0.996564,0.999992,0,0,0,0
1446,25,382,1057,0.999998,0.999740,0.996564,0.999992,0,0,0,0
1447,23,382,1058,0.999998,0.999740,0.996564,0.999992,0,0,0,0
1448,21,382,1059,0.999998,0.999740,0.996371,0.999993,0,0,0,1
1449,19,382,1060,0.999998,0.999740,0.996353,0.999993,0,0,0,0
1450,29,383,1060,0.999998,0.999740,0.996353,0.999993,0,0,0,0
1451,27,383,1061,0.999998,0.999740,0.996353,0.999993,0,0,0,0
1452,25,383,1062,0.999998,0.999767,0.996353,0.999993,1,1,0,0
1453,23,383,1063,0.999998,0.999769,0.996353,0.999993,0,0,0,0
1454,29,384,1063,0.999998,0.999769,0.996353,0.999993,0,0,0,0
1455,27,384,1064,0.999998,0.999756,0.996733,0.999993,0,0,1,0
1456,25,384,1065,0.999998,0.999755,0.996766,0.999993,0,0,0,0
1457,29,385,1065,0.999998,0.999755,0.996766,0.999993,0,0,0,0
1458,27,385,1066,0.999998,0.999741,0.997103,0.999993,0,0,1,0
1459,25,385,1067,0.999998,0.999725,0.997431,0.999993,0,0,1,0
1460,23,385,1068,0.999999,0.999708,0.997723,0.999992,1,0,1,0
1461,29,386,1068,0.999999,0.999690,0.997981,0.999992,1,0,1,0
1462,27,386,1069,0.999999,0.999721,0.998001,0.999992,0,1,0,0
1463,29,387,1069,0.999999,0.999753,0.998001,0.999992,0,1,0,0
1464,27,387,1070,0.999999,0.999742,0.998210,0.999992,0,0,1,0
1465,29,388,1070,0.999999,0.999726,0.998413,0.999992,0,0,1,0
1466,27,388,1071,0.999999,0.999725,0.998429,0.999992,0,0,0,0
1467,29,389,1071,0.999999,0.999725,0.998429,0.999992,0,0,0,0
1468,27,389,1072,0.999999,0.999709,0.998593,0.999992,0,0,1,0
1469,25,389,1073,0.999999,0.999691,0.998753,0.999992,0,0,1,0
1470,29,390,1073,0.999999,0.999672,0.998894,0.999992,0,0,1,0
1471,27,390,1074,0.999999,0.999705,0.998905,0.999992,0,1,0,0
1472,29,391,1074,0.999998,0.999738,0.998905,0.999992,0,1,0,0
1473,27,391,1075,0.999998,0.999768,0.998905,0.999992,0,1,0,0
1474,25,391,1076,0.999998,0.999770,0.998844,0.999993,0,0,0,1
1475,29,392,1076,0.999998,0.999770,0.998772,0.999993,0,0,0,1
1476,27,392,1077,0.999998,0.999770,0.998766,0.999994,0,0,0,0
1477,29,393,1077,0.999998,0.999770,0.998766,0.999994,0,0,0,0
1478,27,393,1078,0.999998,0.999770,0.998766,0.999994,0,0,0,0
1479,25,393,1079,0.999998,0.999757,0.998895,0.999994,0,0,1,0
1480,23,393,1080,0.999998,0.999743,0.998965,0.999994,0,0,1,1
1481,29,394,1080,0.999998,0.999727,0.999025,0.999995,0,0,1,1
1482,27,394,1081,0.999998,0.999710,0.999131,0.999995,0,0,1,0
1483,29,395,1081,0.999998,0.999692,0.999230,0.999995,0,0,1,0
1484,27,395,1082,0.999998,0.999690,0.999238,0.999995,0,0,0,0
1485,29,396,1082,0.999998,0.999690,0.999238,0.999995,0,0,0,0
1486,27,396,1083,0.999998,0.999690,0.999238,0.999995,0,0,0,0
1487,25,396,1084,0.999998,0.999690,0.999238,0.999995,0,0,0,0
1488,23,396,1085,0.999998,0.999690,0.999238,0.999995,0,0,0,0
1489,21,396,1086,0.999998,0.999690,0.999195,0.999995,1,0,0,1
1490,19,396,1087,0.999998,0.999690,0.999145,0.999996,0,0,0,1
1491,29,397,1087,0.999998,0.999690,0.999079,0.999996,0,0,0,1
1492,27,397,1088,0.999998,0.999690,0.999074,0.999996,0,0,0,0
1493,29,398,1088,0.999998,0.999690,0.999074,0.999996,0,0,0,0
1494,27,398,1089,0.999998,0.999690,0.999074,0.999996,0,0,0,0
1495,25,398,1090,0.999998,0.999723,0.999074,0.999996,0,1,0,0
1496,23,398,1091,0.999998,0.999754,0.999074,0.999996,0,1,0,0
1497,21,398,1092,0.999998,0.999743,0.999124,0.999997,0,0,1,1
1498,29,399,1092,0.999998,0.999727,0.999175,0.999997,0,0,1,1
1499,27,399,1093,0.999998,0.999726,0.999179,0.999997,0,0,0,0
1500,29,400,1093,0.999998,0.999726,0.999179,0.999997,0,0,0,0
1501,27,400,1094,0.999998,0.999710,0.999265,0.999997,0,0,1,0
1502,25,400,1095,0.999998,0.999692,0.999348,0.999997,0,0,1,0
1503,29,401,1095,0.999998,0.999673,0.999422,0.999997,0,0,1,0
1504,27,401,1096,0.999998,0.999672,0.999428,0.999997,0,0,0,0
1505,29,402,1096,0.999998,0.999672,0.999428,0.999997,0,0,0,0
1506,27,402,1097,0.999998,0.999672,0.999428,0.999997,0,0,0,0
1507,25,402,1098,0.999998,0.999653,0.999488,0.999997,0,0,1,0
1508,23,402,1099,0.999998,0.999652,0.999493,0.999997,0,0,0,0
1509,29,403,1099,0.999998,0.999652,0.999493,0.999997,0,0,0,0
1510,27,403,1100,0.999998,0.999652,0.999493,0.999997,0,0,0,0
1511,25,403,1101,0.999998,0.999652,0.999493,0.999997,0,0,0,0
1512,23,403,1102,0.999998,0.999632,0.999546,0.999997,0,0,1,0
1513,21,403,1103,0.999998,0.999609,0.999598,0.999997,0,0,1,0
1514,29,404,1103,0.999998,0.999585,0.999643,0.999997,0,0,1,0
1515,27,404,1104,0.999998,0.999583,0.999647,0.999997,0,0,0,0
1516,29,405,1104,0.999998,0.999583,0.999647,0.999997,0,0,0,0
1517,27,405,1105,0.999998,0.999583,0.999647,0.999997,0,0,0,0
1518,25,405,1106,0.999998,0.999583,0.999647,0.999997,0,0,0,0
1519,23,405,1107,0.999998,0.999583,0.999647,0.999997,0,0,0,0
1520,21,405,1108,0.999998,0.999583,0.999647,0.999997,0,0,0,0
1521,19,405,1109,0.999998,0.999583,0.999647,0.999997,0,0,0,0
1522,17,405,1110,0.999998,0.999583,0.999647,0.999997,0,0,0,0
1523,15,405,1111,0.999998,0.999583,0.999647,0.999997,0,0,0,0
1524,13,405,1112,0.999998,0.999583,0.999647,0.999997,0,0,0,0
1525,11,405,1113,0.999998,0.999627,0.999647,0.999997,0,1,0,0
1526,9,405,1114,0.999998,0.999630,0.999647,0.999997,0,0,0,0
1527,29,406,1114,0.999998,0.999630,0.999647,0.999997,0,0,0,0
1528,27,406,1115,0.999998,0.999630,0.999647,0.999997,0,0,0,0
1529,25,406,1116,0.999998,0.999630,0.999647,0.999997,0,0,0,0
1530,23,406,1117,0.999998,0.999630,0.999647,0.999997,0,0,0,0
1531,21,406,1118,0.999998,0.999630,0.999647,0.999997,0,0,0,0
1532,19,406,1119,0.999998,0.999630,0.999647,0.999997,0,0,0,0
1533,17,406,1120,0.999998,0.999610,0.999666,0.999997,0,0,1,1
1534,15,406,1121,0.999998,0.999608,0.999668,0.999997,0,0,0,0
1535,29,407,1121,0.999998,0.999608,0.999668,0.999997,0,0,0,0
1536,27,407,1122,0.999998,0.999608,0.999668,0.999997,0,0,0,0
1537,25,407,1123,0.999998,0.999608,0.999668,0.999997,0,0,0,0
1538,23,407,1124,0.999998,0.999586,0.999702,0.999997,0,0,1,0
1539,21,407,1125,0.999998,0.999560,0.999736,0.999997,0,0,1,0
1540,29,408,1125,0.999998,0.999533,0.999766,0.999997,0,0,1,0
1541,27,408,1126,0.999998,0.999531,0.999768,0.999997,0,0,0,0
1542,29,409,1126,0.999998,0.999531,0.999768,0.999997,0,0,0,0
1543,27,409,1127,0.999998,0.999531,0.999768,0.999997,0,0,0,0
1544,25,409,1128,0.999998,0.999504,0.999793,0.999997,0,0,1,0
1545,23,409,1129,0.999998,0.999502,0.999795,0.999997,0,0,0,0
1546,29,410,1129,0.999998,0.999502,0.999795,0.999997,0,0,0,0
1547,27,410,1130,0.999998,0.999474,0.999816,0.999997,0,0,1,0
1548,25,410,1131,0.999998,0.999471,0.999808,0.999998,0,0,0,1
1549,29,411,1131,0.999998,0.999471,0.999796,0.999998,0,0,0,1
1550,27,411,1132,0.999998,0.999441,0.999806,0.999998,0,0,1,1
1551,29,412,1132,0.999998,0.999407,0.999817,0.999998,0,0,1,1
1552,27,412,1133,0.999998,0.999404,0.999818,0.999998,1,0,0,0
1553,29,413,1133,0.999999,0.999404,0.999818,0.999998,1,0,0,0
1554,27,413,1134,0.999999,0.999404,0.999808,0.999998,0,0,0,1
1555,29,414,1134,0.999999,0.999404,0.999796,0.999999,0,0,0,1
1556,27,414,1135,0.999999,0.999404,0.999795,0.999999,1,0,0,0
1557,29,415,1135,0.999999,0.999404,0.999795,0.999998,1,0,0,0
1558,27,415,1136,0.999999,0.999404,0.999795,0.999998,0,0,0,0
1559,29,416,1136,0.999999,0.999404,0.999795,0.999998,0,0,0,0
1560,27,416,1137,0.999999,0.999466,0.999795,0.999998,0,1,0,0
1561,25,416,1138,0.999999,0.999471,0.999795,0.999998,1,0,0,0
1562,23,416,1139,0.999999,0.999442,0.999817,0.999998,0,0,1,0
1563,29,417,1139,0.999999,0.999407,0.999837,0.999998,0,0,1,0
1564,27,417,1140,0.999999,0.999404,0.999839,0.999998,0,0,0,0
1565,29,418,1140,0.999999,0.999404,0.999839,0.999998,0,0,0,0
1566,27,418,1141,0.999999,0.999404,0.999839,0.999998,0,0,0,0
1567,25,418,1142,0.999999,0.999404,0.999839,0.999998,0,0,0,0
1568,23,418,1143,0.999999,0.999404,0.999839,0.999998,0,0,0,0
1569,21,418,1144,0.999999,0.999404,0.999839,0.999998,0,0,0,0
1570,19,418,1145,0.999999,0.999404,0.999839,0.999998,0,0,0,0
1571,17,418,1146,0.999999,0.999436,0.999856,0.999998,0,1,1,0
1572,15,418,1147,0.999999,0.999439,0.999849,0.999999,0,0,0,1
1573,29,419,1147,0.999999,0.999439,0.999840,0.999999,0,0,0,1
1574,27,419,1148,0.999999,0.999407,0.999848,0.999999,0,0,1,1
1575,29,420,1148,0.999999,0.999371,0.999857,0.999999,0,0,1,1
1576,27,420,1149,0.999999,0.999368,0.999857,0.999999,1,0,0,0
1577,29,421,1149,0.999999,0.999368,0.999857,0.999999,1,0,0,0
1578,27,421,1150,0.999999,0.999368,0.999849,0.999999,0,0,0,1
1579,29,422,1150,0.999999,0.999368,0.999840,0.999999,0,0,0,1
1580,27,422,1151,0.999999,0.999368,0.999839,0.999999,1,0,0,0
1581,29,423,1151,0.999999,0.999368,0.999839,0.999999,1,0,0,0
1582,27,423,1152,0.999999,0.999368,0.999839,0.999999,0,0,0,0
1583,29,424,1152,0.999999,0.999368,0.999839,0.999999,0,0,0,0
1584,27,424,1153,0.999999,0.999368,0.999839,0.999999,0,0,0,0
1585,25,424,1154,0.999999,0.999368,0.999839,0.999999,0,0,0,0
1586,23,424,1155,0.999999,0.999368,0.999839,0.999999,0,0,0,0
1587,21,424,1156,0.999999,0.999368,0.999830,0.999999,0,0,0,1
1588,19,424,1157,0.999999,0.999368,0.999820,0.999999,1,0,0,1
1589,29,425,1157,0.999999,0.999368,0.999809,0.999999,1,0,0,1
1590,27,425,1158,0.999999,0.999368,0.999808,0.999999,0,0,0,0
1591,29,426,1158,0.999999,0.999368,0.999808,0.999999,0,0,0,0
1592,27,426,1159,0.999999,0.999332,0.999828,0.999999,0,0,1,0
1593,25,426,1160,0.999999,0.999291,0.999847,0.999999,0,0,1,0
1594,29,427,1160,0.999999,0.999247,0.999865,0.999999,0,0,1,0
1595,27,427,1161,0.999999,0.999323,0.999858,0.999999,0,1,0,1
1596,29,428,1161,0.999999,0.999399,0.999850,0.999999,0,1,0,1
1597,27,428,1162,0.999999,0.999372,0.999865,0.999999,0,0,1,0
1598,29,429,1162,0.999999,0.999333,0.999880,0.999999,0,0,1,0
1599,27,429,1163,0.999999,0.999330,0.999881,0.999999,0,0,0,0
1600,29,430,1163,0.999999,0.999330,0.999881,0.999999,0,0,0,0
1601,27,430,1164,0.999999,0.999330,0.999881,0.999999,0,0,0,0
1602,25,430,1165,0.999999,0.999330,0.999881,0.999999,0,0,0,0
1603,23,430,1166,0.999999,0.999330,0.999881,0.999999,0,0,0,0
1604,21,430,1167,0.999999,0.999330,0.999881,0.999999,0,0,0,0
1605,19,430,1168,0.999999,0.999330,0.999881,0.999999,0,0,0,0
1606,17,430,1169,0.999999,0.999330,0.999881,0.999999,0,0,0,0
1607,15,430,1170,0.999999,0.999330,0.999881,0.999999,0,0,0,0
1608,13,430,1171,0.999999,0.999330,0.999881,0.999999,0,0,0,0
1609,11,430,1172,0.999999,0.999330,0.999881,0.999999,0,0,0,0
1610,9,430,1173,0.999999,0.999330,0.999881,0.999999,0,0,0,0
1611,7,430,1174,0.999999,0.999330,0.999881,0.999999,0,0,0,0
1612,5,430,1175,0.999999,0.999330,0.999881,0.999999,1,0,0,0
1613,3,430,1176,0.999999,0.999330,0.999875,0.999999,0,0,0,1
1614,1,430,1177,0.999999,0.999400,0.999867,0.999999,1,1,0,1
1615,29,431,1177,1.000000,0.999468,0.999859,0.999999,1,1,0,1
1616,27,431,1178,1.000000,0.999473,0.999858,0.999999,0,0,0,0
1617,29,432,1178,1.000000,0.999473,0.999858,0.999999,0,0,0,0
1618,27,432,1179,1.000000,0.999444,0.999873,0.999999,0,0,1,0
1619,25,432,1180,1.000000,0.999409,0.999887,0.999999,0,0,1,0
1620,29,433,1180,1.000000,0.999373,0.999900,0.999999,0,0,1,0
1621,27,433,1181,1.000000,0.999370,0.999901,0.999999,0,0,0,0
1622,29,434,1181,1.000000,0.999370,0.999901,0.999999,0,0,0,0
1623,27,434,1182,1.000000,0.999370,0.999901,0.999999,0,0,0,0
1624,25,434,1183,1.000000,0.999370,0.999901,0.999999,0,0,0,0
1625,23,434,1184,1.000000,0.999334,0.999911,0.999999,0,0,1,0
1626,21,434,1185,1.000000,0.999331,0.999907,1.000000,0,0,0,1
1627,29,435,1185,1.000000,0.999331,0.999902,1.000000,0,0,0,1
1628,27,435,1186,1.000000,0.999331,0.999901,1.000000,0,0,0,0
1629,29,436,1186,1.000000,0.999331,0.999901,1.000000,0,0,0,0
1630,27,436,1187,1.000000,0.999331,0.999901,1.000000,0,0,0,0
1631,25,436,1188,1.000000,0.999331,0.999901,1.000000,1,0,0,0
1632,23,436,1189,1.000000,0.999331,0.999901,1.000000,1,0,0,0
1633,21,436,1190,1.000000,0.999367,0.999912,1.000000,0,1,1,0
1634,29,437,1190,1.000000,0.999404,0.999922,1.000000,0,1,1,0
1635,27,437,1191,1.000000,0.999407,0.999922,1.000000,0,0,0,0
1636,29,438,1191,1.000000,0.999407,0.999922,1.000000,0,0,0,0
1637,27,438,1192,1.000000,0.999469,0.999922,1.000000,1,1,0,0
1638,25,438,1193,1.000000,0.999529,0.999922,0.999999,1,1,0,0
1639,29,439,1193,1.000000,0.999583,0.999922,0.999999,1,1,0,0
1640,27,439,1194,1.000000,0.999564,0.999930,0.999999,0,0,1,0
1641,25,439,1195,1.000000,0.999561,0.999931,0.999999,1,0,0,0
1642,23,439,1196,1.000000,0.999537,0.999938,0.999999,0,0,1,0
1643,29,440,1196,1.000000,0.999508,0.999945,0.999999,0,0,1,0
1644,27,440,1197,1.000000,0.999506,0.999946,0.999999,0,0,0,0
1645,29,441,1197,1.000000,0.999506,0.999946,0.999999,0,0,0,0
1646,27,441,1198,1.000000,0.999506,0.999946,0.999999,0,0,0,0
1647,25,441,1199,1.000000,0.999506,0.999946,0.999999,0,0,0,0
1648,23,441,1200,1.000000,0.999506,0.999946,0.999999,0,0,0,0
1649,21,441,1201,1.000000,0.999506,0.999946,0.999999,0,0,0,0
1650,19,441,1202,1.000000,0.999506,0.999946,0.999999,0,0,0,0
1651,17,441,1203,1.000000,0.999506,0.999946,0.999999,0,0,0,0
1652,15,441,1204,1.000000,0.999506,0.999946,0.999999,0,0,0,0
1653,13,441,1205,1.000000,0.999506,0.999946,0.999999,0,0,0,0
1654,11,441,1206,1.000000,0.999557,0.999946,0.999999,1,1,0,0
1655,9,441,1207,1.000000,0.999608,0.999946,0.999999,1,1,0,0
1656,7,441,1208,1.000000,0.999590,0.999949,0.999999,0,0,1,1
1657,29,442,1208,1.000000,0.999564,0.999952,0.999999,0,0,1,1
1658,27,442,1209,1.000000,0.999608,0.999952,0.999999,0,1,0,0
1659,29,443,1209,1.000000,0.999653,0.999952,0.999999,0,1,0,0
1660,27,443,1210,1.000000,0.999674,0.999957,0.999999,0,1,1,0
1661,29,444,1210,1.000000,0.999693,0.999962,0.999999,0,1,1,0
1662,27,444,1211,1.000000,0.999695,0.999962,0.999999,0,0,0,0
1663,29,445,1211,1.000000,0.999695,0.999962,0.999999,0,0,0,0
1664,27,445,1212,1.000000,0.999678,0.999966,0.999999,1,0,1,0
1665,25,445,1213,1.000000,0.999676,0.999967,0.999999,0,0,0,0
1666,29,446,1213,1.000000,0.999676,0.999967,0.999999,0,0,0,0
1667,27,446,1214,1.000000,0.999658,0.999970,0.999999,0,0,1,0
1668,25,446,1215,1.000000,0.999637,0.999974,0.999999,0,0,1,0
1669,29,447,1215,1.000000,0.999614,0.999977,0.999999,0,0,1,0
1670,27,447,1216,1.000000,0.999612,0.999977,0.999999,0,0,0,0
1671,29,448,1216,1.000000,0.999612,0.999977,0.999999,0,0,0,0
1672,27,448,1217,1.000000,0.999612,0.999977,0.999999,0,0,0,0
1673,25,448,1218,1.000000,0.999653,0.999977,0.999999,0,1,0,0
1674,23,448,1219,1.000000,0.999657,0.999977,0.999999,0,0,0,0
1675,21,448,1220,1.000000,0.999692,0.999977,0.999999,0,1,0,0
1676,19,448,1221,1.000000,0.999696,0.999977,0.999999,0,0,0,0
1677,29,449,1221,1.000000,0.999696,0.999977,0.999999,0,0,0,0
1678,27,449,1222,1.000000,0.999727,0.999977,0.999999,0,1,0,0
1679,25,449,1223,1.000000,0.999730,0.999977,0.999999,0,0,0,0
1680,29,450,1223,1.000000,0.999730,0.999977,0.999999,0,0,0,0
1681,27,450,1224,1.000000,0.999715,0.999979,0.999999,0,0,1,0
1682,25,450,1225,1.000000,0.999697,0.999982,0.999999,0,0,1,0
1683,29,451,1225,1.000000,0.999679,0.999984,0.999999,0,0,1,0
1684,27,451,1226,1.000000,0.999659,0.999986,0.999999,0,0,1,0
1685,29,452,1226,1.000000,0.999638,0.999987,0.999999,0,0,1,0
1686,27,452,1227,1.000000,0.999636,0.999987,0.999999,0,0,0,0
1687,29,453,1227,1.000000,0.999636,0.999987,0.999999,0,0,0,0
1688,27,453,1228,1.000000,0.999636,0.999987,0.999999,0,0,0,1
1689,25,453,1229,1.000000,0.999636,0.999986,1.000000,0,0,0,1
1690,23,453,1230,1.000000,0.999674,0.999986,1.000000,0,1,0,0
1691,29,454,1230,1.000000,0.999711,0.999986,1.000000,0,1,0,0
1692,27,454,1231,1.000000,0.999714,0.999986,1.000000,0,0,0,0
1693,29,455,1231,1.000000,0.999714,0.999986,1.000000,0,0,0,0
1694,27,455,1232,1.000000,0.999714,0.999986,1.000000,0,0,0,0
1695,25,455,1233,1.000000,0.999714,0.999986,1.000000,0,0,0,0
1696,23,455,1234,1.000000,0.999714,0.999986,1.000000,0,0,0,0
1697,21,455,1235,1.000000,0.999714,0.999986,1.000000,0,0,0,0
1698,19,455,1236,1.000000,0.999714,0.999986,1.000000,0,0,0,0
1699,17,455,1237,1.000000,0.999714,0.999986,1.000000,0,0,0,0
1700,15,455,1238,1.000000,0.999714,0.999986,1.000000,0,0,0,0
1701,13,455,1239,1.000000,0.999714,0.999986,1.000000,0,0,0,0
1702,11,455,1240,1.000000,0.999714,0.999986,1.000000,1,0,0,0
1703,9,455,1241,1.000000,0.999714,0.999986,1.000000,1,0,0,0
1704,7,455,1242,1.000000,0.999698,0.999987,0.999999,1,0,1,0
1705,29,456,1242,1.000000,0.999679,0.999989,0.999999,1,0,1,0
1706,27,456,1243,1.000000,0.999678,0.999989,0.999999,0,0,0,0
1707,29,457,1243,1.000000,0.999678,0.999989,0.999999,0,0,0,0
1708,27,457,1244,1.000000,0.999678,0.999989,0.999999,0,0,0,0
1709,25,457,1245,1.000000,0.999678,0.999989,0.999999,0,0,0,0
1710,23,457,1246,1.000000,0.999678,0.999989,0.999999,1,0,0,0
1711,21,457,1247,1.000000,0.999678,0.999989,0.999999,0,0,0,0
1712,29,458,1247,1.000000,0.999678,0.999989,0.999999,0,0,0,0
1713,27,458,1248,1.000000,0.999678,0.999989,0.999999,0,0,0,0
1714,25,458,1249,1.000000,0.999678,0.999989,0.999999,0,0,0,0
1715,23,458,1250,1.000000,0.999678,0.999989,0.999999,0,0,0,0
1716,21,458,1251,1.000000,0.999678,0.999989,0.999999,0,0,0,0
1717,19,458,1252,1.000000,0.999678,0.999989,0.999999,0,0,0,0
1718,17,458,1253,1.000000,0.999678,0.999989,0.999999,0,0,0,0
1719,15,458,1254,1.000000,0.999678,0.999989,0.999999,0,0,0,0
1720,13,458,1255,1.000000,0.999678,0.999989,0.999999,0,0,0,0
1721,11,458,1256,1.000000,0.999678,0.999989,0.999999,0,0,0,0
1722,9,458,1257,1.000000,0.999678,0.999989,0.999999,0,0,0,0
1723,7,458,1258,1.000000,0.999678,0.999989,0.999999,0,0,0,0
1724,5,458,1259,1.000000,0.999678,0.999989,0.999999,0,0,0,0
1725,3,458,1260,1.000000,0.999678,0.999989,0.999999,0,0,0,0
1726,1,458,1261,1.000000,0.999678,0.999989,0.999999,0,0,0,0
1727,0,458,1262,1.000000,0.999678,0.999989,0.999999,0,0,0,0
