tick,energy,eats,distance,conn_1_6_weight,conn_2_7_weight,conn_3_8_weight,conn_4_9_weight,food_north_sensed,food_east_sensed,food_south_sensed,food_west_sensed
0,30,0,0,0.050000,0.050000,0.050000,0.050000,0,0,0,0
1,29,0,0,0.060918,0.045231,0.060918,0.045231,1,0,1,0
2,27,0,1,0.061490,0.045015,0.061490,0.045015,0,0,0,0
3,25,0,2,0.061490,0.045015,0.057293,0.051889,0,0,0,1
4,23,0,3,0.061490,0.045015,0.057023,0.052381,0,0,0,0
5,21,0,4,0.057837,0.050918,0.057023,0.052381,0,1,0,0
6,19,0,5,0.054646,0.054144,0.063206,0.052381,0,1,1,0
7,29,1,5,0.049222,0.060048,0.077486,0.052381,0,1,1,0
8,28,1,5,0.044312,0.066551,0.094669,0.052381,0,1,1,0
9,26,1,6,0.044100,0.066861,0.095526,0.052381,0,0,0,0
10,24,1,7,0.044100,0.066861,0.095526,0.052381,0,0,0,0
11,22,1,8,0.044100,0.066861,0.095526,0.052381,0,0,0,0
12,20,1,9,0.044100,0.066861,0.095526,0.052381,0,0,0,0
13,18,1,10,0.044100,0.066861,0.095526,0.052381,0,0,0,0
14,16,1,11,0.044100,0.066861,0.095526,0.052381,0,0,0,0
15,14,1,12,0.044100,0.066861,0.095526,0.052381,0,0,0,0
16,12,1,13,0.044100,0.066861,0.095526,0.052381,0,0,0,0
17,10,1,14,0.044100,0.066861,0.095526,0.052381,0,0,0,0
18,8,1,15,0.044100,0.066861,0.095526,0.052381,0,0,0,0
19,6,1,16,0.044100,0.066861,0.095526,0.052381,0,0,0,0
20,4,1,17,0.039870,0.073703,0.115191,0.052381,0,1,1,0
21,2,1,18,0.039679,0.074044,0.110669,0.058091,0,0,0,1
22,29,2,18,0.039679,0.074044,0.104889,0.064984,0,0,0,1
23,27,2,19,0.035857,0.089721,0.094982,0.079632,0,1,0,1
24,25,2,20,0.035684,0.090538,0.094552,0.080365,0,0,0,0
25,23,2,21,0.032235,0.109299,0.085921,0.097242,0,1,0,1
26,21,2,22,0.032079,0.110273,0.080941,0.109217,0,0,0,1
27,19,2,23,0.035658,0.110273,0.080569,0.104901,1,0,0,0
28,17,2,24,0.036002,0.104511,0.089877,0.104432,0,0,1,0
29,15,2,25,0.042359,0.104043,0.090695,0.096730,1,0,0,0
30,13,2,26,0.040564,0.114709,0.090695,0.096293,0,1,0,0
31,29,3,26,0.037016,0.135378,0.090695,0.096293,0,1,0,0
32,27,3,27,0.036838,0.136548,0.090695,0.096293,0,0,0,0
33,25,3,28,0.034096,0.156458,0.090695,0.096293,0,1,0,0
34,23,3,29,0.033931,0.157777,0.090695,0.096293,0,0,0,0
35,21,3,30,0.032170,0.172898,0.090695,0.096293,0,1,0,0
36,19,3,31,0.032014,0.166540,0.100145,0.096293,0,0,1,0
37,17,3,32,0.030349,0.181575,0.101046,0.096293,0,1,0,0
38,15,3,33,0.028628,0.200034,0.101046,0.096293,0,1,0,0
39,29,4,33,0.026740,0.223309,0.101046,0.096293,0,1,0,0
40,27,4,34,0.026610,0.225043,0.101046,0.096293,0,0,0,0
41,25,4,35,0.026610,0.225043,0.101046,0.096293,0,0,0,0
42,23,4,36,0.026610,0.225043,0.101046,0.096293,0,0,0,0
43,21,4,37,0.026610,0.225043,0.101046,0.096293,0,0,0,0
44,19,4,38,0.026610,0.225043,0.101046,0.096293,0,0,0,0
45,17,4,39,0.026610,0.213054,0.114437,0.096293,0,0,1,0
46,15,4,40,0.026610,0.212216,0.115450,0.096293,0,0,0,0
47,13,4,41,0.024016,0.249331,0.105133,0.116096,0,1,0,1
48,11,4,42,0.022646,0.272402,0.104663,0.117122,0,1,0,0
49,29,5,42,0.021352,0.296769,0.104663,0.117122,0,1,0,0
50,27,5,43,0.023879,0.286425,0.116405,0.111048,1,0,1,0
51,29,6,43,0.029551,0.264456,0.140912,0.100625,1,0,1,0
52,27,6,44,0.029838,0.263483,0.142123,0.100172,0,0,0,0
53,29,7,44,0.029838,0.263483,0.142123,0.100172,0,0,0,0
54,27,7,45,0.029838,0.263483,0.142123,0.100172,0,0,0,0
55,25,7,46,0.029838,0.263483,0.142123,0.100172,0,0,0,0
56,23,7,47,0.029838,0.243595,0.155388,0.120667,0,0,1,1
57,21,7,48,0.036521,0.242673,0.156044,0.110921,1,0,0,0
58,20,7,48,0.045059,0.242673,0.156044,0.100509,1,0,0,0
59,18,7,49,0.045490,0.242673,0.156044,0.100057,0,0,0,0
60,16,7,50,0.045490,0.242673,0.146403,0.114338,0,0,0,1
61,14,7,51,0.041133,0.283214,0.145778,0.115350,0,1,0,0
62,13,7,51,0.038638,0.310274,0.145778,0.115350,0,1,0,0
63,11,7,52,0.038453,0.312414,0.145778,0.115350,0,0,0,0
64,29,8,52,0.038453,0.312414,0.145778,0.115350,0,0,0,0
65,27,8,53,0.038453,0.312414,0.138452,0.128122,0,0,0,1
66,29,9,53,0.038453,0.312414,0.131436,0.142082,0,0,0,1
67,27,9,54,0.038453,0.312414,0.130865,0.143301,0,0,0,0
68,29,10,54,0.038453,0.312414,0.130865,0.143301,0,0,0,0
69,27,10,55,0.038453,0.291325,0.155245,0.143301,0,0,1,0
70,25,10,56,0.038453,0.290293,0.156556,0.143301,0,0,0,0
71,23,10,57,0.038453,0.290293,0.148783,0.158617,0,0,0,1
72,21,10,58,0.038453,0.290293,0.148149,0.159951,0,0,0,0
73,19,10,59,0.042712,0.290293,0.148149,0.152686,1,0,0,0
74,17,10,60,0.043121,0.290293,0.148149,0.152039,0,0,0,0
75,15,10,61,0.038982,0.335290,0.135360,0.181029,0,1,0,1
76,13,10,62,0.038794,0.337518,0.134775,0.182511,0,0,0,0
77,11,10,63,0.044338,0.337518,0.134775,0.172282,1,0,0,0
78,9,10,64,0.041656,0.354474,0.153174,0.171569,0,1,1,0
79,7,10,65,0.041456,0.355618,0.154471,0.171569,0,0,0,0
80,29,11,65,0.041456,0.355618,0.154471,0.171569,0,0,0,0
81,27,11,66,0.041456,0.355618,0.154471,0.171569,0,0,0,0
82,25,11,67,0.041456,0.355618,0.154471,0.171569,0,0,0,0
83,23,11,68,0.041456,0.340856,0.172161,0.171569,0,0,1,0
84,21,11,69,0.041456,0.339732,0.173586,0.171569,0,0,0,0
85,19,11,70,0.041456,0.339732,0.173586,0.171569,0,0,0,0
86,17,11,71,0.041456,0.339732,0.173586,0.171569,0,0,0,0
87,15,11,72,0.041456,0.339732,0.173586,0.171569,0,0,0,0
88,13,11,73,0.038756,0.371756,0.173586,0.171569,0,1,0,0
89,11,11,74,0.038570,0.374092,0.173586,0.171569,0,0,0,0
90,9,11,75,0.038570,0.374092,0.162390,0.195439,0,0,0,1
91,7,11,76,0.038570,0.374092,0.161709,0.197011,0,0,0,0
92,29,12,76,0.038570,0.374092,0.161709,0.197011,0,0,0,0
93,27,12,77,0.038570,0.374092,0.161709,0.197011,0,0,0,0
94,25,12,78,0.038570,0.374092,0.161709,0.197011,0,0,0,0
95,23,12,79,0.038570,0.374092,0.161709,0.197011,0,0,0,0
96,21,12,80,0.038570,0.374092,0.161709,0.197011,0,0,0,0
97,19,12,81,0.038570,0.374092,0.161709,0.197011,0,0,0,0
98,17,12,82,0.038570,0.374092,0.161709,0.197011,0,0,0,0
99,15,12,83,0.038570,0.374092,0.161709,0.197011,0,0,0,0
100,13,12,84,0.042842,0.374092,0.161709,0.188442,1,0,0,0
101,11,12,85,0.043252,0.374092,0.161709,0.187677,0,0,0,0
102,29,13,85,0.043252,0.374092,0.161709,0.187677,0,0,0,0
103,27,13,86,0.052778,0.374092,0.147953,0.204186,1,0,0,1
104,25,13,87,0.053278,0.374092,0.147323,0.204999,0,0,0,0
105,29,14,87,0.053278,0.374092,0.147323,0.204999,0,0,0,0
106,27,14,88,0.053278,0.374092,0.134593,0.241235,0,0,0,1
107,25,14,89,0.059079,0.374092,0.127744,0.253314,1,0,0,1
108,29,15,89,0.067949,0.374092,0.119603,0.267743,1,0,0,1
109,27,15,90,0.068582,0.374092,0.119076,0.268723,0,0,0,0
110,29,16,90,0.068582,0.374092,0.119076,0.268723,0,0,0,0
111,27,16,91,0.065144,0.400153,0.119076,0.268723,0,1,0,0
112,25,16,92,0.064840,0.402553,0.119076,0.268723,0,0,0,0
113,29,17,92,0.064840,0.402553,0.119076,0.268723,0,0,0,0
114,27,17,93,0.069206,0.436605,0.119076,0.255176,1,1,0,0
115,25,17,94,0.069528,0.439065,0.119076,0.254226,0,0,0,0
116,29,18,94,0.069528,0.439065,0.119076,0.254226,0,0,0,0
117,27,18,95,0.069528,0.439065,0.119076,0.254226,0,0,0,0
118,25,18,96,0.069528,0.439065,0.119076,0.254226,0,0,0,0
119,23,18,97,0.069528,0.439065,0.119076,0.254226,0,0,0,0
120,21,18,98,0.069528,0.425564,0.131060,0.254226,0,0,1,0
121,19,18,99,0.069528,0.424341,0.132199,0.254226,0,0,0,0
122,17,18,100,0.076620,0.450164,0.158105,0.234812,1,1,1,0
123,15,18,101,0.076974,0.451401,0.159436,0.233914,0,0,0,0
124,29,19,101,0.076974,0.451401,0.159436,0.233914,0,0,0,0
125,27,19,102,0.076974,0.451401,0.150902,0.257946,0,0,0,1
126,25,19,103,0.076974,0.451401,0.150262,0.259860,0,0,0,0
127,23,19,104,0.085905,0.451401,0.150262,0.248474,1,0,0,0
128,21,19,105,0.086690,0.451401,0.150262,0.247540,0,0,0,0
129,19,19,106,0.086690,0.434127,0.168959,0.247540,0,0,1,0
130,17,19,107,0.086690,0.432899,0.170363,0.247540,0,0,0,0
131,15,19,108,0.104745,0.432899,0.170363,0.228480,1,0,0,0
132,13,19,109,0.105682,0.432899,0.170363,0.227599,0,0,0,0
133,11,19,110,0.105682,0.412155,0.195668,0.227599,0,0,1,0
134,9,19,111,0.105682,0.410943,0.197241,0.227599,0,0,0,0
135,7,19,112,0.105682,0.410943,0.188665,0.247459,0,0,0,1
136,5,19,113,0.127147,0.410943,0.172375,0.269461,1,0,0,1
137,3,19,114,0.128257,0.397691,0.187819,0.270445,0,0,1,0
138,29,20,114,0.128257,0.371647,0.223586,0.270445,0,0,1,0
139,28,20,114,0.128257,0.346324,0.263966,0.270445,0,0,1,0
140,26,20,115,0.139238,0.389244,0.265909,0.252093,1,1,0,0
141,24,20,116,0.139837,0.391621,0.265909,0.251150,0,0,0,0
142,29,21,116,0.139837,0.391621,0.265909,0.251150,0,0,0,0
143,27,21,117,0.165573,0.391621,0.265909,0.232792,1,0,0,0
144,25,21,118,0.166954,0.391621,0.265909,0.231899,0,0,0,0
145,23,21,119,0.188796,0.391621,0.265909,0.218791,1,0,0,0
146,21,21,120,0.190328,0.391621,0.265909,0.217937,0,0,0,0
147,19,21,121,0.207804,0.391621,0.265909,0.208695,1,0,0,0
148,17,21,122,0.209450,0.391621,0.265909,0.207869,0,0,0,0
149,15,21,123,0.209450,0.370387,0.302406,0.207869,0,0,1,0
150,13,21,124,0.209450,0.369221,0.304515,0.207869,0,0,0,0
151,11,21,125,0.209450,0.369221,0.304515,0.207869,0,0,0,0
152,9,21,126,0.209450,0.369221,0.304515,0.207869,0,0,0,0
153,7,21,127,0.199674,0.383292,0.330460,0.207869,0,1,1,0
154,5,21,128,0.198875,0.371536,0.357486,0.207869,0,0,1,0
155,29,22,128,0.198875,0.346217,0.409375,0.207869,0,0,1,0
156,27,22,129,0.216108,0.393890,0.411793,0.191085,1,1,0,0
157,25,22,130,0.216955,0.396277,0.411793,0.190312,0,0,0,0
158,29,23,130,0.216955,0.396277,0.411793,0.190312,0,0,0,0
159,27,23,131,0.216955,0.396277,0.411793,0.190312,0,0,0,0
160,25,23,132,0.216955,0.396277,0.411793,0.190312,0,0,0,0
161,23,23,133,0.245283,0.396277,0.411793,0.178270,1,0,0,0
162,21,23,134,0.247135,0.396277,0.411793,0.177538,0,0,0,0
163,19,23,135,0.247135,0.396277,0.411793,0.177538,0,0,0,0
164,17,23,136,0.247135,0.396277,0.391359,0.203649,0,0,0,1
165,15,23,137,0.247135,0.396277,0.377156,0.223743,0,0,0,1
166,29,24,137,0.247135,0.396277,0.363160,0.245214,0,0,0,1
167,27,24,138,0.247135,0.396277,0.338103,0.288062,0,0,0,1
168,25,24,139,0.274027,0.396277,0.336985,0.275895,1,0,0,0
169,23,24,140,0.276016,0.396277,0.336985,0.274896,0,0,0,0
170,21,24,141,0.304787,0.396277,0.336985,0.261150,1,0,0,0
171,19,24,142,0.306906,0.396277,0.323702,0.283883,0,0,0,1
172,17,24,143,0.330744,0.383190,0.347058,0.274808,1,0,1,0
173,29,25,143,0.381039,0.357530,0.398366,0.253413,1,0,1,0
174,27,25,144,0.383398,0.356381,0.381701,0.283763,0,0,0,1
175,25,25,145,0.358882,0.405800,0.356083,0.330418,0,1,0,1
176,23,25,146,0.357732,0.408211,0.337945,0.366668,0,0,0,1
177,21,25,147,0.385711,0.408211,0.336826,0.355124,1,0,0,0
178,19,25,148,0.414475,0.394988,0.361782,0.341495,1,0,1,0
179,29,26,148,0.443842,0.380736,0.389887,0.328123,1,0,1,0
180,27,26,149,0.446311,0.379557,0.392266,0.327021,0,0,0,0
181,29,27,149,0.446311,0.379557,0.392266,0.327021,0,0,0,0
182,27,27,150,0.478604,0.379557,0.392266,0.312867,1,0,0,0
183,25,27,151,0.481099,0.379557,0.392266,0.311792,0,0,0,0
184,29,28,151,0.481099,0.379557,0.392266,0.311792,0,0,0,0
185,27,28,152,0.481099,0.379557,0.392266,0.311792,0,0,0,0
186,25,28,153,0.481099,0.379557,0.392266,0.311792,0,0,0,0
187,23,28,154,0.481099,0.379557,0.392266,0.311792,0,0,0,0
188,21,28,155,0.481099,0.379557,0.392266,0.311792,0,0,0,0
189,19,28,156,0.467385,0.405754,0.392266,0.311792,0,1,0,0
190,17,28,157,0.466140,0.408165,0.392266,0.311792,0,0,0,0
191,29,29,157,0.466140,0.408165,0.392266,0.311792,0,0,0,0
192,27,29,158,0.466140,0.408165,0.392266,0.311792,0,0,0,0
193,25,29,159,0.466140,0.408165,0.392266,0.311792,0,0,0,0
194,23,29,160,0.501082,0.391362,0.426065,0.296959,1,0,1,0
195,21,29,161,0.503582,0.377159,0.455618,0.295915,0,0,1,0
196,29,30,161,0.503582,0.362006,0.487994,0.295915,0,0,1,0
197,27,30,162,0.503582,0.360851,0.490493,0.295915,0,0,0,0
198,29,31,162,0.503582,0.360851,0.490493,0.295915,0,0,0,0
199,27,31,163,0.503582,0.348256,0.517985,0.295915,0,0,1,0
200,25,31,164,0.503582,0.347122,0.520482,0.295915,0,0,0,0
201,29,32,164,0.503582,0.347122,0.520482,0.295915,0,0,0,0
202,27,32,165,0.503582,0.347122,0.520482,0.295915,0,0,0,0
203,25,32,166,0.503582,0.347122,0.520482,0.295915,0,0,0,0
204,23,32,167,0.503582,0.347122,0.520482,0.295915,0,0,0,0
205,21,32,168,0.503582,0.347122,0.520482,0.295915,0,0,0,0
206,19,32,169,0.503582,0.347122,0.520482,0.295915,0,0,0,0
207,17,32,170,0.488584,0.374752,0.520482,0.295915,0,1,0,0
208,15,32,171,0.487335,0.377095,0.520482,0.295915,0,0,0,0
209,29,33,171,0.487335,0.377095,0.520482,0.295915,0,0,0,0
210,27,33,172,0.487335,0.377095,0.520482,0.295915,0,0,0,0
211,25,33,173,0.487335,0.377095,0.520482,0.295915,0,0,0,0
212,23,33,174,0.467376,0.415309,0.520482,0.295915,0,1,0,0
213,21,33,175,0.466131,0.403213,0.550333,0.295915,0,0,1,0
214,29,34,175,0.466131,0.388855,0.579834,0.295915,0,0,1,0
215,27,34,176,0.466131,0.387667,0.582270,0.295915,0,0,0,0
216,29,35,176,0.466131,0.387667,0.582270,0.295915,0,0,0,0
217,27,35,177,0.466131,0.374686,0.608784,0.295915,0,0,1,0
218,25,35,178,0.466131,0.373515,0.611166,0.295915,0,0,0,0
219,29,36,178,0.466131,0.373515,0.611166,0.295915,0,0,0,0
220,27,36,179,0.466131,0.373515,0.611166,0.295915,0,0,0,0
221,25,36,180,0.466131,0.373515,0.611166,0.295915,0,0,0,0
222,23,36,181,0.466131,0.373515,0.611166,0.295915,0,0,0,0
223,21,36,182,0.466131,0.360729,0.636997,0.295915,0,0,1,0
224,19,36,183,0.466131,0.359576,0.639309,0.295915,0,0,0,0
225,29,37,183,0.466131,0.359576,0.639309,0.295915,0,0,0,0
226,27,37,184,0.466131,0.359576,0.639309,0.295915,0,0,0,0
227,25,37,185,0.466131,0.359576,0.639309,0.295915,0,0,0,0
228,23,37,186,0.466131,0.347001,0.651901,0.319289,0,0,1,1
229,21,37,187,0.466131,0.333523,0.677562,0.321463,0,0,1,0
230,29,38,187,0.466131,0.320310,0.703250,0.321463,0,0,1,0
231,27,38,188,0.466131,0.307379,0.727719,0.321463,0,0,1,0
232,29,39,188,0.466131,0.294742,0.750891,0.321463,0,0,1,0
233,27,39,189,0.466131,0.293703,0.752761,0.321463,0,0,0,0
234,29,40,189,0.466131,0.293703,0.752761,0.321463,0,0,0,0
235,27,40,190,0.466131,0.293703,0.752761,0.321463,0,0,0,0
236,25,40,191,0.466131,0.293703,0.752761,0.321463,0,0,0,0
237,23,40,192,0.466131,0.293703,0.752761,0.321463,0,0,0,0
238,21,40,193,0.451232,0.319146,0.752761,0.321463,0,1,0,0
239,19,40,194,0.449994,0.321319,0.752761,0.321463,0,0,0,0
240,17,40,195,0.449994,0.321319,0.752761,0.321463,0,0,0,0
241,15,40,196,0.449994,0.321319,0.752761,0.321463,0,0,0,0
242,13,40,197,0.431504,0.354810,0.752761,0.321463,0,1,0,0
243,11,40,198,0.407150,0.401744,0.752761,0.321463,0,1,0,0
244,9,40,199,0.432698,0.390968,0.772711,0.309575,1,0,1,0
245,29,41,199,0.462343,0.376771,0.793151,0.296887,1,0,1,0
246,27,41,200,0.451174,0.401696,0.794791,0.295843,0,1,0,0
247,29,42,200,0.433902,0.435728,0.794791,0.295843,0,1,0,0
248,27,42,201,0.432674,0.438187,0.794791,0.295843,0,0,0,0
249,29,43,201,0.432674,0.438187,0.794791,0.295843,0,0,0,0
250,27,43,202,0.432674,0.438187,0.794791,0.295843,0,0,0,0
251,25,43,203,0.432674,0.438187,0.794791,0.295843,0,0,0,0
252,23,43,204,0.432674,0.438187,0.794791,0.295843,0,0,0,0
253,21,43,205,0.418004,0.467899,0.794791,0.295843,0,1,0,0
254,19,43,206,0.416788,0.470389,0.794791,0.295843,0,0,0,0
255,29,44,206,0.416788,0.470389,0.794791,0.295843,0,0,0,0
256,27,44,207,0.416788,0.456710,0.812203,0.295843,0,0,1,0
257,25,44,208,0.416788,0.455469,0.813728,0.295843,0,0,0,0
258,29,45,208,0.416788,0.455469,0.813728,0.295843,0,0,0,0
259,27,45,209,0.416788,0.455469,0.813728,0.295843,0,0,0,0
260,25,45,210,0.431435,0.485346,0.813728,0.283486,1,1,0,0
261,23,45,211,0.419209,0.515337,0.813728,0.282470,0,1,0,0
262,29,46,211,0.404669,0.545227,0.813728,0.282470,0,1,0,0
263,27,46,212,0.435080,0.547707,0.813728,0.269470,1,0,0,0
264,25,46,213,0.424048,0.574803,0.813728,0.268486,0,1,0,0
265,23,46,214,0.422826,0.563776,0.829880,0.268486,0,0,1,0
266,29,47,214,0.422826,0.548972,0.846210,0.268486,0,0,1,0
267,27,47,215,0.422826,0.547734,0.847512,0.268486,0,0,0,0
268,29,48,215,0.422826,0.547734,0.847512,0.268486,0,0,0,0
269,27,48,216,0.409459,0.561324,0.861238,0.268486,0,1,1,0
270,25,48,217,0.408250,0.562555,0.862433,0.268486,0,0,0,0
271,29,49,217,0.408250,0.562555,0.862433,0.268486,0,0,0,0
272,27,49,218,0.408250,0.562555,0.855172,0.292643,0,0,0,1
273,25,49,219,0.408250,0.562555,0.854552,0.294713,0,0,0,0
274,23,49,220,0.408250,0.562555,0.854552,0.294713,0,0,0,0
275,21,49,221,0.408250,0.548981,0.867744,0.294713,0,0,1,0
276,19,49,222,0.408250,0.547743,0.868892,0.294713,0,0,0,0
277,29,50,222,0.408250,0.547743,0.868892,0.294713,0,0,0,0
278,27,50,223,0.408250,0.547743,0.868892,0.294713,0,0,0,0
279,25,50,224,0.408250,0.534088,0.880966,0.294713,0,0,1,0
280,23,50,225,0.408250,0.532844,0.882015,0.294713,0,0,0,0
281,21,50,226,0.408250,0.532844,0.872896,0.331165,0,0,0,1
282,19,50,227,0.408250,0.532844,0.872341,0.333380,0,0,0,0
283,17,50,228,0.452312,0.532844,0.872341,0.313670,1,0,0,0
284,15,50,229,0.454789,0.532844,0.872341,0.312594,0,0,0,0
285,29,51,229,0.454789,0.532844,0.872341,0.312594,0,0,0,0
286,27,51,230,0.454789,0.532844,0.872341,0.312594,0,0,0,0
287,25,51,231,0.454789,0.532844,0.872341,0.312594,0,0,0,0
288,23,51,232,0.454789,0.532844,0.872341,0.312594,0,0,0,0
289,21,51,233,0.454789,0.532844,0.872341,0.312594,0,0,0,0
290,19,51,234,0.454789,0.532844,0.872341,0.312594,0,0,0,0
291,17,51,235,0.454789,0.532844,0.872341,0.312594,0,0,0,0
292,15,51,236,0.454789,0.532844,0.872341,0.312594,0,0,0,0
293,13,51,237,0.494656,0.532844,0.872341,0.295650,1,0,0,0
294,11,51,238,0.497155,0.532844,0.872341,0.294608,0,0,0,0
295,29,52,238,0.497155,0.532844,0.872341,0.294608,0,0,0,0
296,27,52,239,0.497155,0.532844,0.872341,0.294608,0,0,0,0
297,25,52,240,0.534606,0.532844,0.872341,0.279250,1,0,0,0
298,23,52,241,0.523397,0.560112,0.872341,0.278244,0,1,0,0
299,29,53,241,0.508414,0.589453,0.872341,0.278244,0,1,0,0
300,27,53,242,0.507165,0.591873,0.872341,0.278244,0,0,0,0
301,29,54,242,0.507165,0.591873,0.872341,0.278244,0,0,0,0
302,27,54,243,0.493416,0.618180,0.872341,0.278244,0,1,0,0
303,25,54,244,0.478428,0.646111,0.872341,0.278244,0,1,0,0
304,23,54,245,0.477180,0.648398,0.866102,0.300814,0,0,0,1
305,29,55,245,0.477180,0.648398,0.854097,0.344393,0,0,0,1
306,27,55,246,0.490914,0.673087,0.853474,0.334292,1,1,0,0
307,25,55,247,0.478425,0.698971,0.853474,0.333179,0,1,0,0
308,29,56,247,0.463475,0.723654,0.853474,0.333179,0,1,0,0
309,27,56,248,0.462232,0.725653,0.840544,0.378921,0,0,0,1
310,25,56,249,0.492153,0.725653,0.839874,0.367216,1,0,0,0
311,23,56,250,0.494653,0.725653,0.832351,0.391904,0,0,0,1
312,29,57,250,0.494653,0.725653,0.823099,0.423252,0,0,0,1
313,27,57,251,0.534603,0.725653,0.822371,0.406253,1,0,0,0
314,25,57,252,0.537091,0.725653,0.822371,0.405047,0,0,0,0
315,29,58,252,0.537091,0.725653,0.822371,0.405047,0,0,0,0
316,27,58,253,0.550737,0.747050,0.822371,0.391858,1,1,0,0
317,25,58,254,0.551974,0.748940,0.822371,0.390667,0,0,0,0
318,29,59,254,0.551974,0.748940,0.822371,0.390667,0,0,0,0
319,27,59,255,0.551974,0.738470,0.837924,0.390667,0,0,1,0
320,25,59,256,0.551974,0.737505,0.839282,0.390667,0,0,0,0
321,29,60,256,0.551974,0.737505,0.839282,0.390667,0,0,0,0
322,27,60,257,0.551974,0.737505,0.839282,0.390667,0,0,0,0
323,25,60,258,0.551974,0.737505,0.839282,0.390667,0,0,0,0
324,23,60,259,0.551974,0.737505,0.831037,0.419549,0,0,0,1
325,21,60,260,0.551974,0.726732,0.845323,0.421984,0,0,1,0
326,29,61,260,0.551974,0.714669,0.860422,0.421984,0,0,1,0
327,27,61,261,0.551974,0.713649,0.854947,0.449002,0,0,0,1
328,29,62,261,0.551974,0.713649,0.847360,0.478826,0,0,0,1
329,27,62,262,0.551974,0.713649,0.846713,0.481321,0,0,0,0
330,29,63,262,0.551974,0.713649,0.846713,0.481321,0,0,0,0
331,27,63,263,0.551974,0.713649,0.846713,0.481321,0,0,0,0
332,25,63,264,0.551974,0.713649,0.846713,0.481321,0,0,0,0
333,23,63,265,0.551974,0.702291,0.860499,0.481321,0,0,1,0
334,21,63,266,0.551974,0.701246,0.855026,0.508810,0,0,0,1
335,29,64,266,0.551974,0.701246,0.847443,0.538740,0,0,0,1
336,27,64,267,0.551974,0.701246,0.846796,0.541225,0,0,0,0
337,29,65,267,0.551974,0.701246,0.846796,0.541225,0,0,0,0
338,27,65,268,0.551974,0.701246,0.839537,0.568402,0,0,0,1
339,25,65,269,0.551974,0.701246,0.838863,0.570856,0,0,0,0
340,29,66,269,0.551974,0.701246,0.838863,0.570856,0,0,0,0
341,27,66,270,0.579013,0.701246,0.838863,0.557337,1,0,0,0
342,25,66,271,0.594778,0.723816,0.838863,0.542491,1,1,0,0
343,29,67,271,0.609160,0.747204,0.838863,0.527568,1,1,0,0
344,27,67,272,0.636203,0.749093,0.838863,0.512595,1,0,0,0
345,29,68,272,0.663538,0.749093,0.838863,0.497598,1,0,0,0
346,27,68,273,0.665771,0.749093,0.831302,0.523833,0,0,0,1
347,29,69,273,0.665771,0.749093,0.821273,0.558595,0,0,0,1
348,27,69,274,0.665771,0.749093,0.812310,0.587963,0,0,0,1
349,29,70,274,0.665771,0.749093,0.799827,0.626146,0,0,0,1
350,27,70,275,0.665771,0.749093,0.799027,0.628487,0,0,0,0
351,29,71,275,0.665771,0.749093,0.799027,0.628487,0,0,0,0
352,27,71,276,0.665771,0.749093,0.799027,0.628487,0,0,0,0
353,25,71,277,0.665771,0.749093,0.799027,0.628487,0,0,0,0
354,23,71,278,0.665771,0.749093,0.799027,0.628487,0,0,0,0
355,21,71,279,0.665771,0.749093,0.799027,0.628487,0,0,0,0
356,19,71,280,0.665771,0.749093,0.799027,0.628487,0,0,0,0
357,17,71,281,0.665771,0.749093,0.799027,0.628487,0,0,0,0
358,15,71,282,0.665771,0.749093,0.799027,0.628487,0,0,0,0
359,13,71,283,0.665771,0.738627,0.816163,0.628487,0,0,1,0
360,11,71,284,0.665771,0.726893,0.833544,0.628487,0,0,1,0
361,29,72,284,0.689828,0.714835,0.849587,0.615565,1,0,1,0
362,27,72,285,0.680133,0.735797,0.850865,0.614382,0,1,0,0
363,29,73,285,0.666953,0.758511,0.850865,0.614382,0,1,0,0
364,27,73,286,0.665842,0.760342,0.850865,0.614382,0,0,0,0
365,29,74,286,0.665842,0.760342,0.850865,0.614382,0,0,0,0
366,27,74,287,0.665842,0.760342,0.850865,0.614382,0,0,0,0
367,25,74,288,0.665842,0.750190,0.857722,0.640126,0,0,1,1
368,23,74,289,0.665842,0.749253,0.858332,0.642429,0,0,0,0
369,29,75,289,0.665842,0.749253,0.858332,0.642429,0,0,0,0
370,27,75,290,0.653506,0.759457,0.871234,0.642429,0,1,1,0
371,25,75,291,0.639807,0.779887,0.872356,0.642429,0,1,0,0
372,29,76,291,0.625877,0.799850,0.872356,0.642429,0,1,0,0
373,27,76,292,0.624706,0.801451,0.872356,0.642429,0,0,0,0
374,29,77,292,0.624706,0.801451,0.872356,0.642429,0,0,0,0
375,27,77,293,0.611733,0.818428,0.872356,0.642429,0,1,0,0
376,25,77,294,0.610546,0.819914,0.872356,0.642429,0,0,0,0
377,29,78,294,0.610546,0.819914,0.872356,0.642429,0,0,0,0
378,27,78,295,0.636393,0.819914,0.872356,0.629707,1,0,0,0
379,25,78,296,0.625929,0.835638,0.872356,0.628541,0,1,0,0
380,29,79,296,0.611787,0.851516,0.872356,0.628541,0,1,0,0
381,27,79,297,0.636445,0.852780,0.872356,0.615620,1,0,0,0
382,29,80,297,0.666003,0.852780,0.872356,0.600136,1,0,0,0
383,27,80,298,0.668228,0.852780,0.872356,0.598936,0,0,0,0
384,29,81,298,0.668228,0.852780,0.872356,0.598936,0,0,0,0
385,27,81,299,0.668228,0.852780,0.872356,0.598936,0,0,0,0
386,25,81,300,0.668228,0.852780,0.872356,0.598936,0,0,0,0
387,23,81,301,0.668228,0.852780,0.872356,0.598936,0,0,0,0
388,21,81,302,0.668228,0.852780,0.872356,0.598936,0,0,0,0
389,19,81,303,0.668228,0.852780,0.872356,0.598936,0,0,0,0
390,17,81,304,0.668228,0.852780,0.872356,0.598936,0,0,0,0
391,15,81,305,0.668228,0.852780,0.866117,0.625078,0,0,0,1
392,13,81,306,0.668228,0.852780,0.865537,0.627421,0,0,0,0
393,29,82,306,0.668228,0.852780,0.865537,0.627421,0,0,0,0
394,27,82,307,0.668228,0.852780,0.865537,0.627421,0,0,0,0
395,25,82,308,0.668228,0.852780,0.865537,0.627421,0,0,0,0
396,23,82,309,0.692190,0.852780,0.859018,0.640194,1,0,0,1
397,21,82,310,0.682536,0.866107,0.858413,0.641346,0,1,0,0
398,19,82,311,0.704884,0.867267,0.851607,0.653906,1,0,0,1
399,29,83,311,0.729271,0.867267,0.843878,0.667367,1,0,0,1
400,27,83,312,0.731246,0.867267,0.843219,0.668477,0,0,0,0
401,29,84,312,0.731246,0.867267,0.843219,0.668477,0,0,0,0
402,27,84,313,0.720313,0.879470,0.843219,0.668477,0,1,0,0
403,25,84,314,0.719305,0.880530,0.843219,0.668477,0,0,0,0
404,29,85,314,0.719305,0.880530,0.843219,0.668477,0,0,0,0
405,27,85,315,0.719305,0.880530,0.843219,0.668477,0,0,0,0
406,25,85,316,0.719305,0.880530,0.843219,0.668477,0,0,0,0
407,23,85,317,0.719305,0.880530,0.843219,0.668477,0,0,0,0
408,21,85,318,0.719305,0.880530,0.843219,0.668477,0,0,0,0
409,19,85,319,0.719305,0.874633,0.857266,0.668477,0,0,1,0
410,17,85,320,0.719305,0.874085,0.851687,0.692430,0,0,0,1
411,29,86,320,0.719305,0.874085,0.843961,0.717430,0,0,0,1
412,27,86,321,0.719305,0.874085,0.843303,0.719457,0,0,0,0
413,29,87,321,0.719305,0.874085,0.843303,0.719457,0,0,0,0
414,27,87,322,0.719305,0.874085,0.835910,0.741164,0,0,0,1
415,25,87,323,0.719305,0.874085,0.835224,0.743082,0,0,0,0
416,29,88,323,0.719305,0.874085,0.835224,0.743082,0,0,0,0
417,27,88,324,0.719305,0.874085,0.835224,0.743082,0,0,0,0
418,25,88,325,0.708080,0.885745,0.835224,0.743082,0,1,0,0
419,23,88,326,0.695538,0.897382,0.835224,0.743082,0,1,0,0
420,29,89,326,0.682697,0.907958,0.835224,0.743082,0,1,0,0
421,27,89,327,0.705039,0.908793,0.835224,0.732455,1,0,0,0
422,29,90,327,0.729418,0.908793,0.835224,0.720548,1,0,0,0
423,27,90,328,0.731392,0.908793,0.835224,0.719541,0,0,0,0
424,29,91,328,0.731392,0.908793,0.835224,0.719541,0,0,0,0
425,27,91,329,0.752495,0.908793,0.835224,0.708322,1,0,0,0
426,25,91,330,0.754357,0.908793,0.835224,0.707289,0,0,0,0
427,29,92,330,0.754357,0.908793,0.835224,0.707289,0,0,0,0
428,27,92,331,0.754357,0.908793,0.835224,0.707289,0,0,0,0
429,25,92,332,0.754357,0.908793,0.835224,0.707289,0,0,0,0
430,23,92,333,0.754357,0.908793,0.835224,0.707289,0,0,0,0
431,21,92,334,0.774217,0.908793,0.835224,0.695785,1,0,0,0
432,19,92,335,0.775965,0.908793,0.835224,0.694727,0,0,0,0
433,29,93,335,0.775965,0.908793,0.835224,0.694727,0,0,0,0
434,27,93,336,0.775965,0.908793,0.835224,0.694727,0,0,0,0
435,25,93,337,0.775965,0.908793,0.835224,0.694727,0,0,0,0
436,23,93,338,0.775965,0.908793,0.835224,0.694727,0,0,0,0
437,21,93,339,0.775965,0.908793,0.835224,0.694727,0,0,0,0
438,19,93,340,0.794558,0.908793,0.835224,0.682950,1,0,0,0
439,17,93,341,0.796190,0.908793,0.835224,0.681868,0,0,0,0
440,29,94,341,0.796190,0.908793,0.835224,0.681868,0,0,0,0
441,27,94,342,0.813511,0.908793,0.835224,0.669830,1,0,0,0
442,25,94,343,0.806606,0.917545,0.835224,0.668724,0,1,0,0
443,29,95,343,0.797088,0.926215,0.835224,0.668724,0,1,0,0
444,27,95,344,0.796280,0.926899,0.835224,0.668724,0,0,0,0
445,29,96,344,0.796280,0.926899,0.835224,0.668724,0,0,0,0
446,27,96,345,0.796280,0.926899,0.835224,0.668724,0,0,0,0
447,25,96,346,0.796280,0.926899,0.835224,0.668724,0,0,0,0
448,23,96,347,0.796280,0.923092,0.849858,0.668724,0,0,1,0
449,21,96,348,0.796280,0.922737,0.851134,0.668724,0,0,0,0
450,29,97,348,0.796280,0.922737,0.851134,0.668724,0,0,0,0
451,27,97,349,0.787226,0.926576,0.864587,0.668724,0,1,1,0
452,25,97,350,0.777017,0.934056,0.865758,0.668724,0,1,0,0
453,29,98,350,0.766464,0.941103,0.865758,0.668724,0,1,0,0
454,27,98,351,0.765569,0.941657,0.859248,0.692668,0,0,0,1
455,25,98,352,0.765569,0.941657,0.858643,0.694796,0,0,0,0
456,29,99,352,0.765569,0.941657,0.858643,0.694796,0,0,0,0
457,27,99,353,0.765569,0.941657,0.858643,0.694796,0,0,0,0
458,25,99,354,0.765569,0.941657,0.858643,0.694796,0,0,0,0
459,23,99,355,0.765569,0.941657,0.858643,0.694796,0,0,0,0
460,21,99,356,0.765569,0.941657,0.858643,0.694796,0,0,0,0
461,19,99,357,0.765569,0.941657,0.858643,0.694796,0,0,0,0
462,17,99,358,0.765569,0.938568,0.871520,0.694796,0,0,1,0
463,15,99,359,0.755567,0.944377,0.872640,0.694796,0,1,0,0
464,29,100,359,0.744331,0.950380,0.872640,0.694796,0,1,0,0
465,27,100,360,0.743380,0.948222,0.884415,0.694796,0,0,1,0
466,25,100,361,0.763847,0.945203,0.896172,0.683021,1,0,1,0
467,29,101,361,0.784860,0.942018,0.906860,0.669903,1,0,1,0
468,27,101,362,0.786549,0.941745,0.907704,0.668797,0,0,0,0
469,29,102,362,0.786549,0.941745,0.907704,0.668797,0,0,0,0
470,27,102,363,0.786549,0.941745,0.907704,0.668797,0,0,0,0
471,25,102,364,0.786549,0.941745,0.907704,0.668797,0,0,0,0
472,23,102,365,0.786549,0.941745,0.907704,0.668797,0,0,0,0
473,21,102,366,0.786549,0.941745,0.907704,0.668797,0,0,0,0
474,19,102,367,0.786549,0.941745,0.907704,0.668797,0,0,0,0
475,17,102,368,0.786549,0.941745,0.903002,0.692737,0,0,0,1
476,15,102,369,0.786549,0.941745,0.902564,0.694866,0,0,0,0
477,29,103,369,0.786549,0.941745,0.902564,0.694866,0,0,0,0
478,27,103,370,0.786549,0.941745,0.902564,0.694866,0,0,0,0
479,25,103,371,0.786549,0.941745,0.902564,0.694866,0,0,0,0
480,23,103,372,0.786549,0.941745,0.902564,0.694866,0,0,0,0
481,21,103,373,0.786549,0.941745,0.902564,0.694866,0,0,0,0
482,19,103,374,0.786549,0.941745,0.902564,0.694866,0,0,0,0
483,17,103,375,0.786549,0.941745,0.902564,0.694866,0,0,0,0
484,15,103,376,0.786549,0.941745,0.902564,0.694866,0,0,0,0
485,13,103,377,0.786549,0.941745,0.902564,0.694866,0,0,0,0
486,11,103,378,0.804486,0.941745,0.902564,0.683092,1,0,0,0
487,9,103,379,0.806059,0.941745,0.902564,0.682010,0,0,0,0
488,29,104,379,0.806059,0.941745,0.902564,0.682010,0,0,0,0
489,27,104,380,0.814526,0.947519,0.897629,0.693828,1,1,0,1
490,25,104,381,0.831326,0.948017,0.897169,0.683117,1,0,0,0
491,29,105,381,0.847544,0.948017,0.897169,0.670000,1,0,0,0
492,27,105,382,0.848836,0.948017,0.891994,0.692831,0,0,0,1
493,29,106,382,0.848836,0.948017,0.886088,0.717812,0,0,0,1
494,27,106,383,0.841655,0.953200,0.885583,0.719838,0,1,0,0
495,25,106,384,0.840988,0.953646,0.885583,0.719838,0,0,0,0
496,29,107,384,0.840988,0.953646,0.885583,0.719838,0,0,0,0
497,27,107,385,0.840988,0.953646,0.885583,0.719838,0,0,0,0
498,25,107,386,0.840988,0.953646,0.879902,0.741525,0,0,0,1
499,23,107,387,0.840988,0.953646,0.873428,0.763906,0,0,0,1
500,29,108,387,0.840988,0.953646,0.866658,0.784916,0,0,0,1
501,27,108,388,0.840988,0.953646,0.859583,0.804538,0,0,0,1
502,29,109,388,0.840988,0.953646,0.852197,0.822777,0,0,0,1
503,27,109,389,0.840988,0.953646,0.851568,0.824235,0,0,0,0
504,29,110,389,0.840988,0.953646,0.851568,0.824235,0,0,0,0
505,27,110,390,0.840988,0.953646,0.851568,0.824235,0,0,0,0
506,25,110,391,0.840988,0.953646,0.851568,0.824235,0,0,0,0
507,23,110,392,0.840988,0.953646,0.851568,0.824235,0,0,0,0
508,21,110,393,0.840988,0.953646,0.851568,0.824235,0,0,0,0
509,19,110,394,0.833508,0.956023,0.864987,0.824235,0,1,1,0
510,17,110,395,0.832814,0.953878,0.872415,0.839657,0,0,1,1
511,29,111,395,0.832814,0.951172,0.878958,0.855214,0,0,1,1
512,27,111,396,0.832814,0.950940,0.879490,0.856452,0,0,0,0
513,29,112,396,0.832814,0.950940,0.879490,0.856452,0,0,0,0
514,27,112,397,0.825028,0.955845,0.879490,0.856452,0,1,0,0
515,25,112,398,0.824306,0.956267,0.879490,0.856452,0,0,0,0
516,29,113,398,0.824306,0.956267,0.879490,0.856452,0,0,0,0
517,27,113,399,0.824306,0.956267,0.879490,0.856452,0,0,0,0
518,25,113,400,0.816212,0.960663,0.879490,0.856452,0,1,0,0
519,23,113,401,0.815462,0.961041,0.879490,0.856452,0,0,0,0
520,29,114,401,0.815462,0.961041,0.879490,0.856452,0,0,0,0
521,27,114,402,0.815462,0.961041,0.879490,0.856452,0,0,0,0
522,25,114,403,0.831494,0.961041,0.879490,0.849570,1,0,0,0
523,23,114,404,0.825113,0.964974,0.873549,0.862550,0,1,0,1
524,29,115,404,0.816299,0.968828,0.866784,0.876216,0,1,0,1
525,27,115,405,0.815550,0.969130,0.866207,0.877301,0,0,0,0
526,29,116,405,0.815550,0.969130,0.866207,0.877301,0,0,0,0
527,27,116,406,0.815550,0.969130,0.859715,0.888701,0,0,0,1
528,25,116,407,0.815550,0.969130,0.852335,0.900071,0,0,0,1
529,29,117,407,0.815550,0.969130,0.844637,0.910398,0,0,0,1
530,27,117,408,0.815550,0.967446,0.857971,0.911214,0,0,1,0
531,29,118,408,0.815550,0.965507,0.872024,0.911214,0,0,1,0
532,27,118,409,0.815550,0.965340,0.866934,0.919753,0,0,0,1
533,25,118,410,0.807145,0.968854,0.866357,0.920492,0,1,0,0
534,23,118,411,0.806367,0.969156,0.859872,0.928210,0,0,0,1
535,29,119,411,0.806367,0.969156,0.852498,0.935838,0,0,0,1
536,27,119,412,0.806367,0.969156,0.851869,0.936439,0,0,0,0
537,25,119,413,0.806367,0.969156,0.851869,0.936439,0,0,0,0
538,23,119,414,0.806367,0.969156,0.851869,0.936439,0,0,0,0
539,21,119,415,0.806367,0.969156,0.851869,0.936439,0,0,0,0
540,19,119,416,0.823017,0.969156,0.851869,0.933093,1,0,0,0
541,17,119,417,0.816385,0.972293,0.851869,0.932781,0,1,0,0
542,29,120,417,0.807234,0.975363,0.851869,0.932781,0,1,0,0
543,27,120,418,0.797740,0.978100,0.851869,0.932781,0,1,0,0
544,25,120,419,0.787900,0.980539,0.844806,0.939385,0,1,0,1
545,29,121,419,0.777715,0.982712,0.836790,0.945896,0,1,0,1
546,27,121,420,0.776850,0.981934,0.850677,0.946408,0,0,1,0
547,29,122,420,0.776850,0.980841,0.865338,0.946408,0,0,1,0
548,27,122,421,0.776850,0.980747,0.866504,0.946408,0,0,0,0
549,29,123,421,0.776850,0.980747,0.866504,0.946408,0,0,0,0
550,27,123,422,0.776850,0.979683,0.878767,0.946408,0,0,1,0
551,25,123,423,0.776850,0.979583,0.879832,0.946408,0,0,0,0
552,29,124,423,0.776850,0.979583,0.879832,0.946408,0,0,0,0
553,27,124,424,0.767184,0.981681,0.873906,0.951744,0,1,0,1
554,25,124,425,0.766291,0.981860,0.873355,0.952203,0,0,0,0
555,29,125,425,0.766291,0.981860,0.873355,0.952203,0,0,0,0
556,27,125,426,0.766291,0.981860,0.867158,0.956988,0,0,0,1
557,25,125,427,0.766291,0.980857,0.872825,0.961686,0,0,1,1
558,29,126,427,0.766291,0.979700,0.879349,0.965889,0,0,1,1
559,27,126,428,0.766291,0.979601,0.879880,0.966219,0,0,0,0
560,29,127,428,0.766291,0.979601,0.879880,0.966219,0,0,0,0
561,27,127,429,0.766291,0.978475,0.891070,0.966219,0,0,1,0
562,25,127,430,0.766291,0.978370,0.892041,0.966219,0,0,0,0
563,23,127,431,0.766291,0.978370,0.892041,0.966219,0,0,0,0
564,21,127,432,0.766291,0.978370,0.892041,0.966219,0,0,0,0
565,19,127,433,0.766291,0.978370,0.892041,0.966219,0,0,0,0
566,17,127,434,0.766291,0.978370,0.892041,0.966219,0,0,0,0
567,15,127,435,0.766291,0.978370,0.892041,0.966219,0,0,0,0
568,13,127,436,0.766291,0.978370,0.892041,0.966219,0,0,0,0
569,11,127,437,0.766291,0.978370,0.892041,0.966219,0,0,0,0
570,29,128,437,0.766291,0.978370,0.892041,0.966219,0,0,0,0
571,27,128,438,0.766291,0.978370,0.892041,0.966219,0,0,0,0
572,25,128,439,0.766291,0.978370,0.892041,0.966219,0,0,0,0
573,23,128,440,0.785463,0.978370,0.892041,0.964381,1,0,0,0
574,21,128,441,0.777801,0.980589,0.892041,0.964209,0,1,0,0
575,29,129,441,0.767274,0.982756,0.892041,0.964209,0,1,0,0
576,27,129,442,0.766381,0.982926,0.892041,0.964209,0,0,0,0
577,29,130,442,0.766381,0.982926,0.892041,0.964209,0,0,0,0
578,27,130,443,0.766381,0.982926,0.892041,0.964209,0,0,0,0
579,25,130,444,0.766381,0.982926,0.892041,0.964209,0,0,0,0
580,23,130,445,0.766381,0.982926,0.892041,0.964209,0,0,0,0
581,21,130,446,0.766381,0.982926,0.892041,0.964209,0,0,0,0
582,19,130,447,0.766381,0.982926,0.892041,0.964209,0,0,0,0
583,17,130,448,0.785547,0.982926,0.892041,0.962267,1,0,0,0
584,15,130,449,0.787232,0.982926,0.892041,0.962085,0,0,0,0
585,13,130,450,0.777887,0.984685,0.892041,0.962085,0,1,0,0
586,11,130,451,0.777023,0.984836,0.892041,0.962085,0,0,0,0
587,29,131,451,0.777023,0.984836,0.892041,0.962085,0,0,0,0
588,27,131,452,0.767363,0.986401,0.892041,0.962085,0,1,0,0
589,25,131,453,0.766470,0.986535,0.892041,0.962085,0,0,0,0
590,23,131,454,0.766470,0.986535,0.892041,0.962085,0,0,0,0
591,21,131,455,0.766470,0.986535,0.892041,0.962085,0,0,0,0
592,19,131,456,0.766470,0.986535,0.892041,0.962085,0,0,0,0
593,17,131,457,0.766470,0.985787,0.902225,0.962085,0,0,1,0
594,15,131,458,0.766470,0.985717,0.903107,0.962085,0,0,0,0
595,13,131,459,0.766470,0.985717,0.903107,0.962085,0,0,0,0
596,11,131,460,0.766470,0.985717,0.903107,0.962085,0,0,0,0
597,9,131,461,0.766470,0.985717,0.903107,0.962085,0,0,0,0
598,7,131,462,0.766470,0.985717,0.903107,0.962085,0,0,0,0
599,5,131,463,0.766470,0.984923,0.907824,0.965917,0,0,1,1
600,3,131,464,0.766470,0.984849,0.908242,0.966246,0,0,0,0
601,29,132,464,0.766470,0.984849,0.908242,0.966246,0,0,0,0
602,27,132,465,0.766470,0.984849,0.903564,0.969670,0,0,0,1
603,25,132,466,0.766470,0.984849,0.898219,0.973022,0,0,0,1
604,23,132,467,0.756495,0.986413,0.897762,0.973285,0,1,0,0
605,29,133,467,0.745287,0.987938,0.897762,0.973285,0,1,0,0
606,27,133,468,0.744338,0.988057,0.897762,0.973285,0,0,0,0
607,29,134,468,0.744338,0.988057,0.897762,0.973285,0,0,0,0
608,27,134,469,0.744338,0.988057,0.897762,0.973285,0,0,0,0
609,25,134,470,0.764753,0.987392,0.902710,0.974682,1,0,1,1
610,23,134,471,0.785709,0.987330,0.903149,0.973422,1,0,0,0
611,29,135,471,0.805277,0.987330,0.903149,0.971828,1,0,0,0
612,27,135,472,0.806845,0.987330,0.898241,0.974578,0,0,0,1
613,29,136,472,0.806845,0.987330,0.892635,0.977401,0,0,0,1
614,27,136,473,0.806845,0.987330,0.886760,0.979916,0,0,0,1
615,25,136,474,0.798142,0.988640,0.880606,0.982157,0,1,0,1
616,29,137,474,0.788317,0.989918,0.874164,0.984152,0,1,0,1
617,27,137,475,0.787482,0.990018,0.873614,0.984308,0,0,0,0
618,29,138,475,0.787482,0.990018,0.873614,0.984308,0,0,0,0
619,27,138,476,0.787482,0.990018,0.867428,0.985927,0,0,0,1
620,25,138,477,0.787482,0.990018,0.860387,0.987505,0,0,0,1
621,29,139,477,0.787482,0.990018,0.853037,0.988909,0,0,0,1
622,27,139,478,0.787482,0.989461,0.865765,0.989019,0,0,1,0
623,29,140,478,0.787482,0.988818,0.879157,0.989019,0,0,1,0
624,27,140,479,0.787482,0.988763,0.874310,0.990157,0,0,0,1
625,25,140,480,0.778146,0.989927,0.873760,0.990254,0,1,0,0
626,23,140,481,0.777282,0.990026,0.867580,0.991265,0,0,0,1
627,29,141,481,0.777282,0.990026,0.860546,0.992250,0,0,0,1
628,27,141,482,0.777282,0.990026,0.859946,0.992327,0,0,0,0
629,25,141,483,0.777282,0.990026,0.853202,0.993124,0,0,0,1
630,23,141,484,0.777282,0.990026,0.852576,0.993193,0,0,0,0
631,29,142,484,0.777282,0.990026,0.852576,0.993193,0,0,0,0
632,27,142,485,0.795795,0.990026,0.852576,0.992811,1,0,0,0
633,25,142,486,0.797420,0.990026,0.845541,0.993527,0,0,0,1
634,29,143,486,0.797420,0.990026,0.837555,0.994258,0,0,0,1
635,27,143,487,0.797420,0.990026,0.829240,0.994907,0,0,0,1
636,29,144,487,0.797420,0.990026,0.820589,0.995483,0,0,0,1
637,27,144,488,0.797420,0.990026,0.819853,0.995528,0,0,0,0
638,29,145,488,0.797420,0.990026,0.819853,0.995528,0,0,0,0
639,27,145,489,0.797420,0.990026,0.811600,0.995994,0,0,0,1
640,25,145,490,0.797420,0.990026,0.810836,0.996034,0,0,0,0
641,29,146,490,0.797420,0.990026,0.810836,0.996034,0,0,0,0
642,27,146,491,0.797420,0.990026,0.810836,0.996034,0,0,0,0
643,25,146,492,0.797420,0.990026,0.810836,0.996034,0,0,0,0
644,23,146,493,0.797420,0.990026,0.810836,0.996034,0,0,0,0
645,21,146,494,0.797420,0.990026,0.810836,0.996034,0,0,0,0
646,19,146,495,0.797420,0.990026,0.810836,0.996034,0,0,0,0
647,17,146,496,0.797420,0.990026,0.810836,0.996034,0,0,0,0
648,15,146,497,0.806172,0.990556,0.827184,0.995811,1,1,1,0
649,13,146,498,0.798254,0.991103,0.843724,0.995790,0,1,1,0
650,29,147,498,0.788433,0.991618,0.858954,0.995790,0,1,1,0
651,27,147,499,0.787599,0.991659,0.853430,0.996229,0,0,0,1
652,25,147,500,0.778266,0.992526,0.852805,0.996267,0,1,0,0
653,29,148,500,0.767754,0.993369,0.852805,0.996267,0,1,0,0
654,27,148,501,0.766863,0.993435,0.845778,0.996656,0,0,0,1
655,25,148,502,0.766863,0.993435,0.845126,0.996690,0,0,0,0
656,29,149,502,0.766863,0.993435,0.845126,0.996690,0,0,0,0
657,27,149,503,0.766863,0.993435,0.845126,0.996690,0,0,0,0
658,25,149,504,0.766863,0.993435,0.837803,0.997035,0,0,0,1
659,23,149,505,0.766863,0.993067,0.851619,0.997065,0,0,1,0
660,29,150,505,0.766863,0.992643,0.866202,0.997065,0,0,1,0
661,27,150,506,0.766863,0.992606,0.867361,0.997065,0,0,0,0
662,29,151,506,0.766863,0.992606,0.867361,0.997065,0,0,0,0
663,27,151,507,0.766863,0.992606,0.867361,0.997065,0,0,0,0
664,25,151,508,0.766863,0.992606,0.867361,0.997065,0,0,0,0
665,23,151,509,0.756899,0.993375,0.867361,0.997065,0,1,0,0
666,21,151,510,0.755979,0.993441,0.867361,0.997065,0,0,0,0
667,29,152,510,0.755979,0.993441,0.867361,0.997065,0,0,0,0
668,27,152,511,0.755979,0.993441,0.867361,0.997065,0,0,0,0
669,25,152,512,0.755979,0.993441,0.867361,0.997065,0,0,0,0
670,23,152,513,0.745704,0.994123,0.867361,0.997065,0,1,0,0
671,21,152,514,0.734173,0.994787,0.867361,0.997065,0,1,0,0
672,29,153,514,0.722314,0.995377,0.867361,0.997065,0,1,0,0
673,27,153,515,0.721311,0.995166,0.879557,0.997065,0,0,1,0
674,29,154,515,0.721311,0.994869,0.891746,0.997065,0,0,1,0
675,27,154,516,0.721311,0.994844,0.892712,0.997065,0,0,0,0
676,29,155,516,0.721311,0.994844,0.892712,0.997065,0,0,0,0
677,27,155,517,0.721311,0.994844,0.892712,0.997065,0,0,0,0
678,25,155,518,0.721311,0.994844,0.892712,0.997065,0,0,0,0
679,23,155,519,0.721311,0.994844,0.892712,0.997065,0,0,0,0
680,21,155,520,0.721311,0.994844,0.892712,0.997065,0,0,0,0
681,19,155,521,0.721311,0.994844,0.887340,0.997371,0,0,0,1
682,17,155,522,0.721311,0.994844,0.886840,0.997397,0,0,0,0
683,29,156,522,0.721311,0.994844,0.886840,0.997397,0,0,0,0
684,27,156,523,0.721311,0.994844,0.886840,0.997397,0,0,0,0
685,25,156,524,0.721311,0.994844,0.881213,0.997669,0,0,0,1
686,23,156,525,0.721311,0.994555,0.891814,0.997692,0,0,1,0
687,29,157,525,0.721311,0.994221,0.902901,0.997692,0,0,1,0
688,27,157,526,0.721311,0.994192,0.903778,0.997692,0,0,0,0
689,29,158,526,0.721311,0.994192,0.903778,0.997692,0,0,0,0
690,27,158,527,0.721311,0.994192,0.903778,0.997692,0,0,0,0
691,25,158,528,0.721311,0.994192,0.903778,0.997692,0,0,0,0
692,23,158,529,0.721311,0.994192,0.903778,0.997692,0,0,0,0
693,21,158,530,0.721311,0.994192,0.903778,0.997692,0,0,0,0
694,19,158,531,0.721311,0.994192,0.903778,0.997692,0,0,0,0
695,17,158,532,0.721311,0.994192,0.903778,0.997692,0,0,0,0
696,15,158,533,0.721311,0.994192,0.903778,0.997692,0,0,0,0
697,13,158,534,0.721311,0.993867,0.912964,0.997692,0,0,1,0
698,11,158,535,0.710134,0.994478,0.913759,0.997692,0,1,0,0
699,9,158,536,0.697642,0.995102,0.909334,0.997933,0,1,0,1
700,29,159,536,0.684850,0.995656,0.904275,0.998168,0,1,0,1
701,27,159,537,0.683771,0.995699,0.903842,0.998186,0,0,0,0
702,29,160,537,0.683771,0.995699,0.903842,0.998186,0,0,0,0
703,27,160,538,0.683771,0.995458,0.913023,0.998186,0,0,1,0
704,25,160,539,0.683771,0.995435,0.913817,0.998186,0,0,0,0
705,23,160,540,0.683771,0.995435,0.909395,0.998376,0,0,0,1
706,21,160,541,0.683771,0.995435,0.904339,0.998560,0,0,0,1
707,29,161,541,0.683771,0.995435,0.899031,0.998723,0,0,0,1
708,27,161,542,0.707106,0.995435,0.898578,0.998665,1,0,0,0
709,29,162,542,0.731380,0.995435,0.898578,0.998583,1,0,0,0
710,27,162,543,0.754346,0.995435,0.898578,0.998495,1,0,0,0
711,25,162,544,0.745930,0.995911,0.898578,0.998488,0,1,0,0
712,29,163,544,0.734406,0.996374,0.898578,0.998488,0,1,0,0
713,27,163,545,0.733431,0.996410,0.898578,0.998488,0,0,0,0
714,29,164,545,0.733431,0.996410,0.898578,0.998488,0,0,0,0
715,27,164,546,0.733431,0.996410,0.898578,0.998488,0,0,0,0
716,25,164,547,0.733431,0.996410,0.893464,0.998646,0,0,0,1
717,23,164,548,0.733431,0.996410,0.887629,0.998799,0,0,0,1
718,29,165,548,0.733431,0.996410,0.881515,0.998936,0,0,0,1
719,27,165,549,0.754428,0.996410,0.875116,0.999003,1,0,0,1
720,29,166,549,0.776032,0.996410,0.868423,0.999061,1,0,0,1
721,27,166,550,0.796252,0.996410,0.867851,0.999013,1,0,0,0
722,29,167,550,0.815086,0.996410,0.867851,0.998952,1,0,0,0
723,27,167,551,0.816593,0.996410,0.867851,0.998947,0,0,0,0
724,29,168,551,0.816593,0.996410,0.867851,0.998947,0,0,0,0
725,27,168,552,0.816593,0.996410,0.867851,0.998947,0,0,0,0
726,25,168,553,0.816593,0.996208,0.880008,0.998947,0,0,1,0
727,23,168,554,0.816593,0.996189,0.881064,0.998947,0,0,0,0
728,21,168,555,0.816593,0.995975,0.892158,0.998947,0,0,1,0
729,19,168,556,0.816593,0.995728,0.903214,0.998947,0,0,1,0
730,29,169,556,0.816593,0.995466,0.913247,0.998947,0,0,1,0
731,27,169,557,0.816593,0.995443,0.914040,0.998947,0,0,0,0
732,29,170,557,0.816593,0.995443,0.914040,0.998947,0,0,0,0
733,27,170,558,0.816593,0.995443,0.914040,0.998947,0,0,0,0
734,25,170,559,0.816593,0.995443,0.914040,0.998947,0,0,0,0
735,23,170,560,0.816593,0.995443,0.914040,0.998947,0,0,0,0
736,21,170,561,0.816593,0.995443,0.914040,0.998947,0,0,0,0
737,19,170,562,0.816593,0.995443,0.914040,0.998947,0,0,0,0
738,17,170,563,0.816593,0.995443,0.914040,0.998947,0,0,0,0
739,15,170,564,0.816593,0.995443,0.914040,0.998947,0,0,0,0
740,13,170,565,0.816593,0.995443,0.914040,0.998947,0,0,0,0
741,11,170,566,0.816593,0.995443,0.914040,0.998947,0,0,0,0
742,9,170,567,0.816593,0.995443,0.914040,0.998947,0,0,0,0
743,7,170,568,0.816593,0.995443,0.914040,0.998947,0,0,0,0
744,5,170,569,0.808225,0.995918,0.914040,0.998947,0,1,0,0
745,3,170,570,0.798767,0.996380,0.914040,0.998947,0,1,0,0
746,29,171,570,0.788965,0.996608,0.922331,0.998947,0,1,1,0
747,27,171,571,0.797184,0.996977,0.923047,0.998888,1,1,0,0
748,29,172,571,0.806726,0.997320,0.923047,0.998819,1,1,0,0
749,27,172,572,0.807506,0.997346,0.923047,0.998813,0,0,0,0
750,29,173,572,0.807506,0.997346,0.923047,0.998813,0,0,0,0
751,27,173,573,0.807506,0.997346,0.919057,0.998937,0,0,0,1
752,25,173,574,0.824079,0.997346,0.918685,0.998889,1,0,0,0
753,29,174,574,0.840859,0.997346,0.918685,0.998820,1,0,0,0
754,27,174,575,0.842197,0.997346,0.918685,0.998814,0,0,0,0
755,29,175,575,0.842197,0.997346,0.918685,0.998814,0,0,0,0
756,27,175,576,0.842197,0.997346,0.918685,0.998814,0,0,0,0
757,25,175,577,0.842197,0.997346,0.918685,0.998814,0,0,0,0
758,23,175,578,0.842197,0.997197,0.926565,0.998814,0,0,1,0
759,21,175,579,0.842197,0.997183,0.927245,0.998814,0,0,0,0
760,29,176,579,0.856320,0.997183,0.927245,0.998748,1,0,0,0
761,27,176,580,0.857550,0.997183,0.927245,0.998741,0,0,0,0
762,29,177,580,0.850711,0.997477,0.927245,0.998741,0,1,0,0
763,27,177,581,0.850076,0.997502,0.927245,0.998741,0,0,0,0
764,25,177,582,0.842943,0.997763,0.927245,0.998741,0,1,0,0
765,23,177,583,0.834849,0.998017,0.927245,0.998741,0,1,0,0
766,29,178,583,0.826424,0.998242,0.927245,0.998741,0,1,0,0
767,27,178,584,0.825706,0.998259,0.927245,0.998741,0,0,0,0
768,29,179,584,0.825706,0.998259,0.927245,0.998741,0,0,0,0
769,27,179,585,0.817662,0.998441,0.927245,0.998741,0,1,0,0
770,25,179,586,0.808560,0.998618,0.927245,0.998741,0,1,0,0
771,29,180,586,0.799115,0.998775,0.927245,0.998741,0,1,0,0
772,27,180,587,0.798312,0.998719,0.934356,0.998741,0,0,1,0
773,29,181,587,0.798312,0.998640,0.941372,0.998741,0,0,1,0
774,27,181,588,0.789325,0.998776,0.941924,0.998741,0,1,0,0
775,29,182,588,0.779189,0.998915,0.941924,0.998741,0,1,0,0
776,27,182,589,0.778328,0.998926,0.941924,0.998741,0,0,0,0
777,25,182,590,0.768707,0.999038,0.941924,0.998741,0,1,0,0
778,23,182,591,0.767818,0.999048,0.941924,0.998741,0,0,0,0
779,29,183,591,0.767818,0.999048,0.941924,0.998741,0,0,0,0
780,27,183,592,0.767818,0.999048,0.941924,0.998741,0,0,0,0
781,25,183,593,0.767818,0.999048,0.941924,0.998741,0,0,0,0
782,23,183,594,0.767818,0.999048,0.941924,0.998741,0,0,0,0
783,21,183,595,0.786900,0.999048,0.941924,0.998670,1,0,0,0
784,19,183,596,0.806386,0.999048,0.941924,0.998588,1,0,0,0
785,29,184,596,0.824491,0.999048,0.941924,0.998502,1,0,0,0
786,27,184,597,0.825938,0.999048,0.941924,0.998494,0,0,0,0
787,25,184,598,0.841239,0.999048,0.941924,0.998409,1,0,0,0
788,23,184,599,0.842575,0.999048,0.941924,0.998401,0,0,0,0
789,29,185,599,0.842575,0.999048,0.941924,0.998401,0,0,0,0
790,27,185,600,0.842575,0.999048,0.941924,0.998401,0,0,0,0
791,25,185,601,0.856669,0.999048,0.941924,0.998311,1,0,0,0
792,23,185,602,0.857897,0.999048,0.941924,0.998303,0,0,0,0
793,29,186,602,0.857897,0.999048,0.941924,0.998303,0,0,0,0
794,27,186,603,0.870832,0.999048,0.941924,0.998207,1,0,0,0
795,25,186,604,0.871957,0.999048,0.941924,0.998198,0,0,0,0
796,23,186,605,0.883787,0.999048,0.941924,0.998097,1,0,0,0
797,21,186,606,0.879100,0.999147,0.941924,0.998088,0,1,0,0
798,29,187,606,0.872589,0.999244,0.941924,0.998088,0,1,0,0
799,27,187,607,0.883857,0.999252,0.941924,0.997980,1,0,0,0
800,29,188,607,0.895664,0.999252,0.941924,0.997856,1,0,0,0
801,27,188,608,0.891397,0.999330,0.941924,0.997845,0,1,0,0
802,29,189,608,0.885463,0.999406,0.941924,0.997845,0,1,0,0
803,27,189,609,0.884955,0.999412,0.941924,0.997845,0,0,0,0
804,25,189,610,0.879247,0.999473,0.941924,0.997845,0,1,0,0
805,23,189,611,0.878717,0.999479,0.941924,0.997845,0,0,0,0
806,29,190,611,0.878717,0.999479,0.941924,0.997845,0,0,0,0
807,27,190,612,0.878717,0.999479,0.941924,0.997845,0,0,0,0
808,25,190,613,0.878717,0.999479,0.938848,0.998070,0,0,0,1
809,23,190,614,0.872743,0.999533,0.938561,0.998089,0,1,0,0
810,21,190,615,0.872188,0.999538,0.938561,0.998089,0,0,0,0
811,29,191,615,0.872188,0.999538,0.938561,0.998089,0,0,0,0
812,27,191,616,0.865942,0.999586,0.938561,0.998089,0,1,0,0
813,25,191,617,0.865362,0.999590,0.938561,0.998089,0,0,0,0
814,29,192,617,0.865362,0.999590,0.938561,0.998089,0,0,0,0
815,27,192,618,0.865362,0.999590,0.938561,0.998089,0,0,0,0
816,25,192,619,0.865362,0.999590,0.938561,0.998089,0,0,0,0
817,23,192,620,0.865362,0.999590,0.938561,0.998089,0,0,0,0
818,21,192,621,0.865362,0.999590,0.935320,0.998289,0,0,0,1
819,19,192,622,0.865362,0.999590,0.935017,0.998306,0,0,0,0
820,29,193,622,0.865362,0.999590,0.935017,0.998306,0,0,0,0
821,27,193,623,0.865362,0.999567,0.938287,0.998483,0,0,1,1
822,25,193,624,0.865362,0.999565,0.935335,0.998655,0,0,0,1
823,29,194,624,0.865362,0.999565,0.931618,0.998808,0,0,0,1
824,27,194,625,0.865362,0.999565,0.927704,0.998943,0,0,0,1
825,29,195,625,0.865362,0.999565,0.923584,0.999063,0,0,0,1
826,27,195,626,0.865362,0.999565,0.923232,0.999072,0,0,0,0
827,29,196,626,0.865362,0.999565,0.923232,0.999072,0,0,0,0
828,27,196,627,0.865362,0.999565,0.923232,0.999072,0,0,0,0
829,25,196,628,0.865362,0.999565,0.923232,0.999072,0,0,0,0
830,23,196,629,0.865362,0.999565,0.923232,0.999072,0,0,0,0
831,21,196,630,0.865362,0.999565,0.923232,0.999072,0,0,0,0
832,19,196,631,0.865362,0.999565,0.923232,0.999072,0,0,0,0
833,17,196,632,0.865362,0.999565,0.923232,0.999072,0,0,0,0
834,15,196,633,0.865362,0.999565,0.923232,0.999072,0,0,0,0
835,13,196,634,0.865362,0.999565,0.923232,0.999072,0,0,0,0
836,11,196,635,0.858836,0.999588,0.930704,0.999072,0,1,1,0
837,9,196,636,0.851417,0.999633,0.931349,0.999072,0,1,0,0
838,7,196,637,0.864264,0.999637,0.927756,0.999122,1,0,0,1
839,29,197,637,0.877784,0.999637,0.923639,0.999173,1,0,0,1
840,27,197,638,0.878857,0.999637,0.923286,0.999177,0,0,0,0
841,29,198,638,0.878857,0.999637,0.923286,0.999177,0,0,0,0
842,27,198,639,0.878857,0.999637,0.919307,0.999263,0,0,0,1
843,25,198,640,0.878857,0.999637,0.918936,0.999271,0,0,0,0
844,29,199,640,0.878857,0.999637,0.918936,0.999271,0,0,0,0
845,27,199,641,0.878857,0.999637,0.918936,0.999271,0,0,0,0
846,25,199,642,0.878857,0.999637,0.918936,0.999271,0,0,0,0
847,23,199,643,0.878857,0.999637,0.918936,0.999271,0,0,0,0
848,21,199,644,0.890131,0.999637,0.918936,0.999230,1,0,0,0
849,19,199,645,0.885667,0.999675,0.914753,0.999307,0,1,0,1
850,29,200,645,0.879461,0.999712,0.909966,0.999386,0,1,0,1
851,27,200,646,0.878931,0.999715,0.909557,0.999392,0,0,0,0
852,29,201,646,0.878931,0.999715,0.909557,0.999392,0,0,0,0
853,27,201,647,0.878931,0.999715,0.904939,0.999455,0,0,0,1
854,25,201,648,0.878931,0.999715,0.904508,0.999461,0,0,0,0
855,23,201,649,0.878931,0.999715,0.899661,0.999517,0,0,0,1
856,21,201,650,0.878931,0.999715,0.899210,0.999522,0,0,0,0
857,29,202,650,0.878931,0.999715,0.899210,0.999522,0,0,0,0
858,27,202,651,0.878931,0.999715,0.899210,0.999522,0,0,0,0
859,25,202,652,0.890198,0.999715,0.899210,0.999495,1,0,0,0
860,23,202,653,0.891176,0.999715,0.894125,0.999546,0,0,0,1
861,29,203,653,0.891176,0.999715,0.888321,0.999597,0,0,0,1
862,27,203,654,0.891176,0.999715,0.887825,0.999601,0,0,0,0
863,29,204,654,0.891176,0.999715,0.887825,0.999601,0,0,0,0
864,27,204,655,0.891176,0.999715,0.887825,0.999601,0,0,0,0
865,25,204,656,0.885737,0.999745,0.887825,0.999601,0,1,0,0
866,23,204,657,0.879535,0.999774,0.887825,0.999601,0,1,0,0
867,29,205,657,0.873044,0.999799,0.887825,0.999601,0,1,0,0
868,27,205,658,0.872490,0.999801,0.887825,0.999601,0,0,0,0
869,29,206,658,0.872490,0.999801,0.887825,0.999601,0,0,0,0
870,27,206,659,0.878495,0.999822,0.887825,0.999579,1,1,0,0
871,25,206,660,0.884767,0.999842,0.887825,0.999553,1,1,0,0
872,29,207,660,0.890756,0.999860,0.887825,0.999525,1,1,0,0
873,27,207,661,0.885806,0.999876,0.882240,0.999573,0,1,0,1
874,29,208,661,0.879607,0.999890,0.875874,0.999621,0,1,0,1
875,27,208,662,0.890334,0.999885,0.886890,0.999604,1,0,1,0
876,29,209,662,0.901556,0.999878,0.898424,0.999580,1,0,1,0
877,27,209,663,0.902443,0.999871,0.908904,0.999577,0,0,1,0
878,25,209,664,0.911744,0.999870,0.909732,0.999554,1,0,0,0
879,29,210,664,0.920972,0.999870,0.909732,0.999526,1,0,0,0
880,27,210,665,0.917646,0.999884,0.909732,0.999524,0,1,0,0
881,25,210,666,0.917268,0.999885,0.909732,0.999524,0,0,0,0
882,29,211,666,0.917268,0.999885,0.909732,0.999524,0,0,0,0
883,27,211,667,0.913006,0.999897,0.909732,0.999524,0,1,0,0
884,25,211,668,0.912609,0.999898,0.909732,0.999524,0,0,0,0
885,23,211,669,0.921026,0.999898,0.909732,0.999497,1,0,0,0
886,21,211,670,0.929359,0.999898,0.909732,0.999466,1,0,0,0
887,29,212,670,0.936874,0.999898,0.909732,0.999433,1,0,0,0
888,27,212,671,0.937465,0.999898,0.909732,0.999430,0,0,0,0
889,29,213,671,0.937465,0.999898,0.909732,0.999430,0,0,0,0
890,27,213,672,0.937465,0.999898,0.909732,0.999430,0,0,0,0
891,25,213,673,0.934170,0.999908,0.909732,0.999430,0,1,0,0
892,23,213,674,0.930391,0.999919,0.909732,0.999430,0,1,0,0
893,29,214,674,0.926412,0.999928,0.909732,0.999430,0,1,0,0
894,27,214,675,0.933287,0.999929,0.909732,0.999398,1,0,0,0
895,25,214,676,0.930441,0.999933,0.918401,0.999395,0,1,1,0
896,29,215,676,0.926465,0.999937,0.926989,0.999395,0,1,1,0
897,27,215,677,0.926124,0.999937,0.927666,0.999395,0,0,0,0
898,29,216,677,0.926124,0.999937,0.927666,0.999395,0,0,0,0
899,27,216,678,0.926124,0.999933,0.934738,0.999395,0,0,1,0
900,25,216,679,0.926124,0.999933,0.935348,0.999395,0,0,0,0
901,29,217,679,0.926124,0.999933,0.935348,0.999395,0,0,0,0
902,27,217,680,0.926124,0.999933,0.935348,0.999395,0,0,0,0
903,25,217,681,0.926124,0.999933,0.935348,0.999395,0,0,0,0
904,23,217,682,0.926124,0.999933,0.935348,0.999395,0,0,0,0
905,21,217,683,0.926124,0.999933,0.935348,0.999395,0,0,0,0
906,19,217,684,0.926124,0.999933,0.935348,0.999395,0,0,0,0
907,17,217,685,0.926124,0.999929,0.941716,0.999395,0,0,1,0
908,15,217,686,0.926124,0.999929,0.942265,0.999395,0,0,0,0
909,29,218,686,0.926124,0.999929,0.942265,0.999395,0,0,0,0
910,27,218,687,0.933336,0.999929,0.942265,0.999361,1,0,0,0
911,25,218,688,0.933958,0.999929,0.942265,0.999358,0,0,0,0
912,29,219,688,0.930491,0.999936,0.942265,0.999358,0,1,0,0
913,27,219,689,0.930168,0.999937,0.942265,0.999358,0,0,0,0
914,29,220,689,0.930168,0.999937,0.942265,0.999358,0,0,0,0
915,27,220,690,0.930168,0.999937,0.939206,0.999425,0,0,0,1
916,25,220,691,0.930168,0.999937,0.938920,0.999431,0,0,0,0
917,29,221,691,0.930168,0.999937,0.938920,0.999431,0,0,0,0
918,27,221,692,0.930168,0.999937,0.938920,0.999431,0,0,0,0
919,25,221,693,0.930168,0.999937,0.938920,0.999431,0,0,0,0
920,23,221,694,0.930168,0.999937,0.938920,0.999431,0,0,0,0
921,21,221,695,0.930168,0.999937,0.938920,0.999431,0,0,0,0
922,19,221,696,0.930168,0.999937,0.935696,0.999490,0,0,0,1
923,17,221,697,0.930168,0.999937,0.935395,0.999495,0,0,0,0
924,29,222,697,0.930168,0.999937,0.935395,0.999495,0,0,0,0
925,27,222,698,0.930168,0.999937,0.935395,0.999495,0,0,0,0
926,25,222,699,0.926518,0.999940,0.941760,0.999495,0,1,1,0
927,23,222,700,0.926177,0.999941,0.942308,0.999495,0,0,0,0
928,29,223,700,0.922336,0.999947,0.942308,0.999495,0,1,0,0
929,27,223,701,0.921977,0.999947,0.942308,0.999495,0,0,0,0
930,29,224,701,0.921977,0.999947,0.942308,0.999495,0,0,0,0
931,27,224,702,0.921977,0.999944,0.948029,0.999495,0,0,1,0
932,25,224,703,0.921977,0.999944,0.945776,0.999548,0,0,0,1
933,23,224,704,0.917937,0.999950,0.945519,0.999553,0,1,0,0
934,29,225,704,0.913312,0.999956,0.945519,0.999553,0,1,0,0
935,27,225,705,0.912916,0.999956,0.945519,0.999553,0,0,0,0
936,29,226,705,0.912916,0.999956,0.945519,0.999553,0,0,0,0
937,27,226,706,0.912916,0.999956,0.945519,0.999553,0,0,0,0
938,25,226,707,0.908453,0.999961,0.945519,0.999553,0,1,0,0
939,23,226,708,0.908037,0.999959,0.950939,0.999553,0,0,1,0
940,21,226,709,0.903349,0.999963,0.951405,0.999553,0,1,0,0
941,19,226,710,0.897994,0.999967,0.948804,0.999599,0,1,0,1
942,29,227,710,0.892376,0.999971,0.945817,0.999645,0,1,0,1
943,27,227,711,0.891896,0.999971,0.945561,0.999648,0,0,0,0
944,29,228,711,0.891896,0.999971,0.945561,0.999648,0,0,0,0
945,27,228,712,0.891896,0.999971,0.945561,0.999648,0,0,0,0
946,25,228,713,0.891896,0.999971,0.942666,0.999685,0,0,0,1
947,23,228,714,0.891896,0.999971,0.942396,0.999688,0,0,0,0
948,29,229,714,0.891896,0.999971,0.942396,0.999688,0,0,0,0
949,27,229,715,0.902093,0.999971,0.942396,0.999671,1,0,0,0
950,25,229,716,0.898059,0.999974,0.942396,0.999669,0,1,0,0
951,29,230,716,0.892445,0.999977,0.942396,0.999669,0,1,0,0
952,27,230,717,0.902156,0.999977,0.942396,0.999651,1,0,0,0
953,29,231,717,0.912288,0.999977,0.942396,0.999629,1,0,0,0
954,27,231,718,0.908633,0.999980,0.942396,0.999627,0,1,0,0
955,29,232,718,0.903539,0.999982,0.942396,0.999627,0,1,0,0
956,27,232,719,0.903103,0.999982,0.942396,0.999627,0,0,0,0
957,29,233,719,0.903103,0.999982,0.942396,0.999627,0,0,0,0
958,27,233,720,0.903103,0.999982,0.942396,0.999627,0,0,0,0
959,25,233,721,0.898192,0.999984,0.942396,0.999627,0,1,0,0
960,23,233,722,0.907439,0.999984,0.942396,0.999606,1,0,0,0
961,29,234,722,0.917075,0.999984,0.942396,0.999582,1,0,0,0
962,27,234,723,0.913600,0.999986,0.942396,0.999580,0,1,0,0
963,29,235,723,0.908755,0.999988,0.942396,0.999580,0,1,0,0
964,27,235,724,0.908341,0.999988,0.942396,0.999580,0,0,0,0
965,29,236,724,0.908341,0.999988,0.942396,0.999580,0,0,0,0
966,27,236,725,0.908341,0.999988,0.942396,0.999580,0,0,0,0
967,25,236,726,0.908341,0.999988,0.942396,0.999580,0,0,0,0
968,23,236,727,0.908341,0.999988,0.942396,0.999580,0,0,0,0
969,21,236,728,0.908341,0.999988,0.942396,0.999580,0,0,0,0
970,19,236,729,0.908341,0.999988,0.942396,0.999580,0,0,0,0
971,17,236,730,0.908341,0.999988,0.942396,0.999580,0,0,0,0
972,15,236,731,0.903667,0.999989,0.942396,0.999580,0,1,0,0
973,13,236,732,0.903232,0.999989,0.942396,0.999580,0,0,0,0
974,29,237,732,0.903232,0.999989,0.942396,0.999580,0,0,0,0
975,27,237,733,0.912465,0.999989,0.942396,0.999556,1,0,0,0
976,25,237,734,0.921624,0.999989,0.942396,0.999529,1,0,0,0
977,29,238,734,0.929898,0.999989,0.942396,0.999500,1,0,0,0
978,27,238,735,0.937359,0.999989,0.942396,0.999469,1,0,0,0
979,29,239,735,0.944075,0.999989,0.942396,0.999436,1,0,0,0
980,27,239,736,0.950108,0.999989,0.942396,0.999401,1,0,0,0
981,29,240,736,0.955522,0.999989,0.942396,0.999364,1,0,0,0
982,27,240,737,0.953578,0.999990,0.939343,0.999428,0,1,0,1
983,29,241,737,0.950855,0.999991,0.935841,0.999493,0,1,0,1
984,27,241,738,0.950621,0.999991,0.935541,0.999498,0,0,0,0
985,29,242,738,0.950621,0.999991,0.935541,0.999498,0,0,0,0
986,27,242,739,0.950621,0.999991,0.935541,0.999498,0,0,0,0
987,25,242,740,0.950621,0.999991,0.935541,0.999498,0,0,0,0
988,23,242,741,0.953145,0.999992,0.941891,0.999470,1,1,1,0
989,21,242,742,0.953368,0.999992,0.942439,0.999467,0,0,0,0
990,29,243,742,0.953368,0.999992,0.942439,0.999467,0,0,0,0
991,27,243,743,0.953368,0.999992,0.942439,0.999467,0,0,0,0
992,25,243,744,0.953368,0.999992,0.942439,0.999467,0,0,0,0
993,23,243,745,0.953368,0.999992,0.942439,0.999467,0,0,0,0
994,21,243,746,0.953368,0.999992,0.942439,0.999467,0,0,0,0
995,19,243,747,0.953368,0.999991,0.948148,0.999467,0,0,1,0
996,17,243,748,0.953368,0.999991,0.948639,0.999467,0,0,0,0
997,29,244,748,0.953368,0.999991,0.948639,0.999467,0,0,0,0
998,27,244,749,0.953368,0.999991,0.945899,0.999523,0,0,0,1
999,25,244,750,0.953368,0.999991,0.942752,0.999577,0,0,0,1
1000,29,245,750,0.953368,0.999991,0.939434,0.999625,0,0,0,1
1001,27,245,751,0.953368,0.999991,0.945166,0.999629,0,0,1,0
1002,25,245,752,0.958042,0.999991,0.945684,0.999608,1,0,0,0
1003,29,246,752,0.962629,0.999991,0.945684,0.999584,1,0,0,0
1004,27,246,753,0.962989,0.999991,0.945684,0.999582,0,0,0,0
1005,29,247,753,0.962989,0.999991,0.945684,0.999582,0,0,0,0
1006,27,247,754,0.962989,0.999991,0.945684,0.999582,0,0,0,0
1007,25,247,755,0.962989,0.999991,0.945684,0.999582,0,0,0,0
1008,23,247,756,0.962989,0.999991,0.945684,0.999582,0,0,0,0
1009,21,247,757,0.962989,0.999991,0.945684,0.999582,0,0,0,0
1010,19,247,758,0.962989,0.999991,0.945684,0.999582,0,0,0,0
1011,17,247,759,0.962989,0.999991,0.945684,0.999582,0,0,0,0
1012,15,247,760,0.962989,0.999991,0.945684,0.999582,0,0,0,0
1013,13,247,761,0.962989,0.999991,0.945684,0.999582,0,0,0,0
1014,11,247,762,0.962989,0.999991,0.945684,0.999582,0,0,0,0
1015,9,247,763,0.960983,0.999991,0.951088,0.999582,0,1,1,0
1016,7,247,764,0.960795,0.999991,0.951553,0.999582,0,0,0,0
1017,29,248,764,0.960795,0.999991,0.951553,0.999582,0,0,0,0
1018,27,248,765,0.964753,0.999991,0.951553,0.999558,1,0,0,0
1019,25,248,766,0.965093,0.999991,0.951553,0.999556,0,0,0,0
1020,29,249,766,0.965093,0.999991,0.951553,0.999556,0,0,0,0
1021,27,249,767,0.966903,0.999992,0.951553,0.999531,1,1,0,0
1022,25,249,768,0.970407,0.999992,0.956401,0.999502,1,0,1,0
1023,23,249,769,0.969093,0.999992,0.959039,0.999552,0,1,1,1
1024,29,250,769,0.967248,0.999993,0.961337,0.999603,0,1,1,1
1025,27,250,770,0.967090,0.999992,0.965409,0.999607,0,0,1,0
1026,29,251,770,0.967090,0.999992,0.969217,0.999607,0,0,1,0
1027,27,251,771,0.967090,0.999991,0.972618,0.999607,0,0,1,0
1028,29,252,771,0.967090,0.999991,0.975652,0.999607,0,0,1,0
1029,27,252,772,0.967090,0.999991,0.975890,0.999607,0,0,0,0
1030,29,253,772,0.967090,0.999991,0.975890,0.999607,0,0,0,0
1031,27,253,773,0.967090,0.999991,0.975890,0.999607,0,0,0,0
1032,25,253,774,0.967090,0.999991,0.975890,0.999607,0,0,0,0
1033,23,253,775,0.967090,0.999991,0.975890,0.999607,0,0,0,0
1034,21,253,776,0.967090,0.999991,0.975890,0.999607,0,0,0,0
1035,19,253,777,0.967090,0.999990,0.978358,0.999607,0,0,1,0
1036,17,253,778,0.967090,0.999990,0.978570,0.999607,0,0,0,0
1037,29,254,778,0.967090,0.999990,0.978570,0.999607,0,0,0,0
1038,27,254,779,0.967090,0.999990,0.978570,0.999607,0,0,0,0
1039,25,254,780,0.967090,0.999990,0.978570,0.999607,0,0,0,0
1040,23,254,781,0.967090,0.999990,0.978570,0.999607,0,0,0,0
1041,21,254,782,0.967090,0.999990,0.978570,0.999607,0,0,0,0
1042,19,254,783,0.965298,0.999991,0.978570,0.999607,0,1,0,0
1043,17,254,784,0.965131,0.999991,0.978570,0.999607,0,0,0,0
1044,29,255,784,0.965131,0.999991,0.978570,0.999607,0,0,0,0
1045,27,255,785,0.963236,0.999992,0.980769,0.999607,0,1,1,0
1046,25,255,786,0.963059,0.999992,0.980958,0.999607,0,0,0,0
1047,29,256,786,0.963059,0.999992,0.980958,0.999607,0,0,0,0
1048,27,256,787,0.966796,0.999992,0.980958,0.999584,1,0,0,0
1049,25,256,788,0.965326,0.999993,0.979906,0.999626,0,1,0,1
1050,29,257,788,0.963266,0.999994,0.978692,0.999669,0,1,0,1
1051,27,257,789,0.963089,0.999994,0.978588,0.999672,0,0,0,0
1052,29,258,789,0.963089,0.999994,0.978588,0.999672,0,0,0,0
1053,27,258,790,0.963089,0.999994,0.978588,0.999672,0,0,0,0
1054,25,258,791,0.963089,0.999994,0.977408,0.999706,0,0,0,1
1055,23,258,792,0.966823,0.999994,0.977297,0.999693,1,0,0,0
1056,29,259,792,0.970480,0.999994,0.977297,0.999674,1,0,0,0
1057,27,259,793,0.973745,0.999994,0.977297,0.999654,1,0,0,0
1058,29,260,793,0.976657,0.999994,0.977297,0.999632,1,0,0,0
1059,27,260,794,0.979254,0.999994,0.977297,0.999610,1,0,0,0
1060,29,261,794,0.981567,0.999994,0.977297,0.999586,1,0,0,0
1061,27,261,795,0.980738,0.999994,0.976048,0.999627,0,1,0,1
1062,29,262,795,0.979575,0.999995,0.974608,0.999669,0,1,0,1
1063,27,262,796,0.979475,0.999995,0.974484,0.999673,0,0,0,0
1064,29,263,796,0.979475,0.999995,0.974484,0.999673,0,0,0,0
1065,27,263,797,0.980554,0.999996,0.974484,0.999654,1,1,0,0
1066,25,263,798,0.980649,0.999996,0.974484,0.999653,0,0,0,0
1067,29,264,798,0.980649,0.999996,0.974484,0.999653,0,0,0,0
1068,27,264,799,0.980649,0.999995,0.977093,0.999653,0,0,1,0
1069,25,264,800,0.980649,0.999995,0.977316,0.999653,0,0,0,0
1070,23,264,801,0.982639,0.999995,0.977316,0.999633,1,0,0,0
1071,21,264,802,0.982810,0.999995,0.977316,0.999631,0,0,0,0
1072,29,265,802,0.982810,0.999995,0.977316,0.999631,0,0,0,0
1073,27,265,803,0.982810,0.999995,0.977316,0.999631,0,0,0,0
1074,25,265,804,0.982810,0.999995,0.977316,0.999631,0,0,0,0
1075,23,265,805,0.981858,0.999996,0.977316,0.999631,0,1,0,0
1076,21,265,806,0.981769,0.999996,0.977316,0.999631,0,0,0,0
1077,29,266,806,0.981769,0.999996,0.977316,0.999631,0,0,0,0
1078,27,266,807,0.981769,0.999996,0.979642,0.999631,0,0,1,0
1079,25,266,808,0.981769,0.999996,0.978728,0.999670,0,0,0,1
1080,29,267,808,0.981769,0.999996,0.977446,0.999707,0,0,0,1
1081,27,267,809,0.981769,0.999995,0.978525,0.999740,0,0,1,1
1082,29,268,809,0.981769,0.999995,0.979753,0.999770,0,0,1,1
1083,27,268,810,0.981769,0.999995,0.979852,0.999772,0,0,0,0
1084,29,269,810,0.981769,0.999995,0.979852,0.999772,0,0,0,0
1085,27,269,811,0.981769,0.999995,0.979852,0.999772,0,0,0,0
1086,25,269,812,0.981769,0.999995,0.979852,0.999772,0,0,0,0
1087,23,269,813,0.981769,0.999995,0.981923,0.999772,0,0,1,0
1088,21,269,814,0.981769,0.999995,0.982100,0.999772,0,0,0,0
1089,19,269,815,0.981769,0.999994,0.983943,0.999772,0,0,1,0
1090,17,269,816,0.981769,0.999994,0.985741,0.999772,0,0,1,0
1091,29,270,816,0.981769,0.999994,0.987341,0.999772,0,0,1,0
1092,27,270,817,0.981769,0.999993,0.988763,0.999772,0,0,1,0
1093,29,271,817,0.981769,0.999993,0.990026,0.999772,0,0,1,0
1094,27,271,818,0.981769,0.999993,0.990125,0.999772,0,0,0,0
1095,29,272,818,0.981769,0.999993,0.990125,0.999772,0,0,0,0
1096,27,272,819,0.981769,0.999992,0.991149,0.999772,0,0,1,0
1097,25,272,820,0.981769,0.999992,0.991237,0.999772,0,0,0,0
1098,29,273,820,0.981769,0.999992,0.991237,0.999772,0,0,0,0
1099,27,273,821,0.980760,0.999993,0.991237,0.999772,0,1,0,0
1100,25,273,822,0.980666,0.999993,0.991237,0.999772,0,0,0,0
1101,29,274,822,0.980666,0.999993,0.991237,0.999772,0,0,0,0
1102,27,274,823,0.979598,0.999994,0.992147,0.999772,0,1,1,0
1103,25,274,824,0.979498,0.999994,0.992225,0.999772,0,0,0,0
1104,29,275,824,0.979498,0.999994,0.992225,0.999772,0,0,0,0
1105,27,275,825,0.979498,0.999994,0.992225,0.999772,0,0,0,0
1106,25,275,826,0.979498,0.999994,0.992225,0.999772,0,0,0,0
1107,23,275,827,0.979498,0.999994,0.992225,0.999772,0,0,0,0
1108,21,275,828,0.979498,0.999994,0.992225,0.999772,0,0,0,0
1109,19,275,829,0.979498,0.999994,0.992225,0.999772,0,0,0,0
1110,17,275,830,0.979498,0.999994,0.992225,0.999772,0,0,0,0
1111,15,275,831,0.979498,0.999994,0.992225,0.999772,0,0,0,0
1112,13,275,832,0.979498,0.999994,0.992225,0.999772,0,0,0,0
1113,29,276,832,0.979498,0.999994,0.992225,0.999772,0,0,0,0
1114,27,276,833,0.981604,0.999994,0.992225,0.999759,1,0,0,0
1115,25,276,834,0.983659,0.999994,0.992225,0.999745,1,0,0,0
1116,23,276,835,0.985489,0.999993,0.993033,0.999729,1,0,1,0
1117,29,277,835,0.987116,0.999993,0.993820,0.999712,1,0,1,0
1118,27,277,836,0.988563,0.999993,0.993881,0.999694,1,0,0,0
1119,29,278,836,0.989849,0.999993,0.993881,0.999676,1,0,0,0
1120,27,278,837,0.990483,0.999994,0.993881,0.999656,1,1,0,0
1121,25,278,838,0.990531,0.999994,0.993881,0.999654,0,0,0,0
1122,29,279,838,0.990531,0.999994,0.993881,0.999654,0,0,0,0
1123,27,279,839,0.990002,0.999994,0.993881,0.999654,0,1,0,0
1124,25,279,840,0.989952,0.999994,0.993881,0.999654,0,0,0,0
1125,29,280,840,0.989952,0.999994,0.993881,0.999654,0,0,0,0
1126,27,280,841,0.990994,0.999994,0.993881,0.999634,1,0,0,0
1127,25,280,842,0.992009,0.999994,0.993881,0.999612,1,0,0,0
1128,29,281,842,0.992911,0.999994,0.993881,0.999588,1,0,0,0
1129,27,281,843,0.992588,0.999995,0.993538,0.999629,0,1,0,1
1130,29,282,843,0.992135,0.999996,0.993142,0.999671,0,1,0,1
1131,27,282,844,0.992096,0.999996,0.993108,0.999674,0,0,0,0
1132,29,283,844,0.992096,0.999996,0.993108,0.999674,0,0,0,0
1133,27,283,845,0.992096,0.999996,0.992722,0.999709,0,0,0,1
1134,25,283,846,0.992096,0.999996,0.992686,0.999711,0,0,0,0
1135,29,284,846,0.992096,0.999996,0.992686,0.999711,0,0,0,0
1136,27,284,847,0.992096,0.999995,0.993076,0.999742,0,0,1,1
1137,25,284,848,0.992096,0.999995,0.992725,0.999771,0,0,0,1
1138,29,285,848,0.992096,0.999995,0.992279,0.999797,0,0,0,1
1139,27,285,849,0.992096,0.999995,0.992654,0.999820,0,0,1,1
1140,25,285,850,0.991653,0.999996,0.992691,0.999822,0,1,0,0
1141,29,286,850,0.991143,0.999996,0.992691,0.999822,0,1,0,0
1142,27,286,851,0.991099,0.999996,0.993451,0.999822,0,0,1,0
1143,29,287,851,0.991099,0.999996,0.994190,0.999822,0,0,1,0
1144,27,287,852,0.991099,0.999995,0.994847,0.999822,0,0,1,0
1145,29,288,852,0.991099,0.999995,0.995430,0.999822,0,0,1,0
1146,27,288,853,0.991099,0.999995,0.995947,0.999822,0,0,1,0
1147,29,289,853,0.991099,0.999994,0.996406,0.999822,0,0,1,0
1148,27,289,854,0.991099,0.999994,0.996441,0.999822,0,0,0,0
1149,29,290,854,0.991099,0.999994,0.996441,0.999822,0,0,0,0
1150,27,290,855,0.991099,0.999994,0.996813,0.999822,0,0,1,0
1151,25,290,856,0.991099,0.999994,0.996844,0.999822,0,0,0,0
1152,29,291,856,0.991099,0.999994,0.996844,0.999822,0,0,0,0
1153,27,291,857,0.991099,0.999994,0.997174,0.999822,0,0,1,0
1154,25,291,858,0.991099,0.999994,0.997202,0.999822,0,0,0,0
1155,29,292,858,0.991099,0.999994,0.997202,0.999822,0,0,0,0
1156,27,292,859,0.990602,0.999994,0.997494,0.999822,0,1,1,0
1157,25,292,860,0.990556,0.999994,0.997519,0.999822,0,0,0,0
1158,29,293,860,0.990556,0.999994,0.997519,0.999822,0,0,0,0
1159,27,293,861,0.990028,0.999995,0.997519,0.999822,0,1,0,0
1160,25,293,862,0.989979,0.999995,0.997519,0.999822,0,0,0,0
1161,29,294,862,0.989979,0.999995,0.997519,0.999822,0,0,0,0
1162,27,294,863,0.989979,0.999995,0.997519,0.999822,0,0,0,0
1163,25,294,864,0.989420,0.999995,0.997519,0.999822,0,1,0,0
1164,23,294,865,0.989367,0.999995,0.997519,0.999822,0,0,0,0
1165,21,294,866,0.989367,0.999995,0.997519,0.999822,0,0,0,0
1166,19,294,867,0.989367,0.999995,0.997519,0.999822,0,0,0,0
1167,17,294,868,0.989367,0.999995,0.997778,0.999822,0,0,1,0
1168,15,294,869,0.989367,0.999995,0.997800,0.999822,0,0,0,0
1169,29,295,869,0.989367,0.999995,0.997800,0.999822,0,0,0,0
1170,27,295,870,0.988774,0.999996,0.997800,0.999822,0,1,0,0
1171,25,295,871,0.988719,0.999995,0.998030,0.999822,0,0,1,0
1172,29,296,871,0.988719,0.999995,0.998254,0.999822,0,0,1,0
1173,27,296,872,0.988719,0.999995,0.998271,0.999822,0,0,0,0
1174,25,296,873,0.988719,0.999995,0.998467,0.999822,0,0,1,0
1175,23,296,874,0.988090,0.999995,0.998482,0.999822,0,1,0,0
1176,21,296,875,0.988031,0.999995,0.998397,0.999841,0,0,0,1
1177,29,297,875,0.988031,0.999995,0.998298,0.999859,0,0,0,1
1178,27,297,876,0.988031,0.999995,0.998290,0.999860,0,0,0,0
1179,29,298,876,0.988031,0.999995,0.998290,0.999860,0,0,0,0
1180,27,298,877,0.988031,0.999995,0.998381,0.999875,0,0,1,1
1181,25,298,878,0.988031,0.999995,0.998389,0.999876,0,0,0,0
1182,29,299,878,0.988031,0.999995,0.998389,0.999876,0,0,0,0
1183,27,299,879,0.988031,0.999995,0.998299,0.999889,0,0,0,1
1184,25,299,880,0.989270,0.999995,0.998290,0.999884,1,0,0,0
1185,29,300,880,0.990478,0.999995,0.998290,0.999877,1,0,0,0
1186,27,300,881,0.990572,0.999995,0.998290,0.999876,0,0,0,0
1187,29,301,881,0.990572,0.999995,0.998290,0.999876,0,0,0,0
1188,27,301,882,0.990572,0.999995,0.998194,0.999889,0,0,0,1
1189,25,301,883,0.990572,0.999995,0.998083,0.999902,0,0,0,1
1190,29,302,883,0.990572,0.999995,0.997965,0.999913,0,0,0,1
1191,27,302,884,0.990572,0.999995,0.997840,0.999923,0,0,0,1
1192,25,302,885,0.990046,0.999996,0.997829,0.999923,0,1,0,0
1193,23,302,886,0.989996,0.999996,0.997707,0.999931,0,0,0,1
1194,29,303,886,0.989996,0.999996,0.997565,0.999939,0,0,0,1
1195,27,303,887,0.989996,0.999996,0.997553,0.999940,0,0,0,0
1196,29,304,887,0.989996,0.999996,0.997553,0.999940,0,0,0,0
1197,27,304,888,0.989996,0.999996,0.997553,0.999940,0,0,0,0
1198,25,304,889,0.989996,0.999996,0.997416,0.999946,0,0,0,1
1199,23,304,890,0.991034,0.999996,0.997403,0.999944,1,0,0,0
1200,21,304,891,0.992044,0.999996,0.997257,0.999946,1,0,0,1
1201,29,305,891,0.992942,0.999996,0.997088,0.999950,1,0,0,1
1202,27,305,892,0.992621,0.999996,0.997074,0.999950,0,1,0,0
1203,29,306,892,0.992169,0.999997,0.997074,0.999950,0,1,0,0
1204,27,306,893,0.992130,0.999997,0.997074,0.999950,0,0,0,0
1205,29,307,893,0.992130,0.999997,0.997074,0.999950,0,0,0,0
1206,27,307,894,0.992130,0.999997,0.997074,0.999950,0,0,0,0
1207,25,307,895,0.992130,0.999996,0.997379,0.999950,0,0,1,0
1208,23,307,896,0.992130,0.999996,0.997405,0.999950,0,0,0,0
1209,29,308,896,0.992130,0.999996,0.997405,0.999950,0,0,0,0
1210,27,308,897,0.992130,0.999996,0.997405,0.999950,0,0,0,0
1211,25,308,898,0.992130,0.999996,0.997405,0.999950,0,0,0,0
1212,23,308,899,0.992130,0.999996,0.997259,0.999955,0,0,0,1
1213,21,308,900,0.992130,0.999996,0.997246,0.999956,0,0,0,0
1214,29,309,900,0.992130,0.999996,0.997246,0.999956,0,0,0,0
1215,27,309,901,0.992130,0.999996,0.997091,0.999960,0,0,0,1
1216,25,309,902,0.992948,0.999996,0.997076,0.999958,1,0,0,0
1217,29,310,902,0.993744,0.999996,0.997076,0.999956,1,0,0,0
1218,27,310,903,0.993806,0.999996,0.996912,0.999960,0,0,0,1
1219,25,310,904,0.993806,0.999996,0.996896,0.999961,0,0,0,0
1220,29,311,904,0.993806,0.999996,0.996896,0.999961,0,0,0,0
1221,27,311,905,0.993806,0.999996,0.996896,0.999961,0,0,0,0
1222,25,311,906,0.993459,0.999997,0.996896,0.999961,0,1,0,0
1223,23,311,907,0.993427,0.999997,0.996896,0.999961,0,0,0,0
1224,29,312,907,0.993427,0.999997,0.996896,0.999961,0,0,0,0
1225,27,312,908,0.993427,0.999997,0.996896,0.999961,0,0,0,0
1226,25,312,909,0.993427,0.999997,0.996896,0.999961,0,0,0,0
1227,23,312,910,0.993427,0.999997,0.996896,0.999961,0,0,0,0
1228,21,312,911,0.993059,0.999997,0.996896,0.999961,0,1,0,0
1229,19,312,912,0.993024,0.999997,0.996896,0.999961,0,0,0,0
1230,29,313,912,0.993024,0.999997,0.996896,0.999961,0,0,0,0
1231,27,313,913,0.993024,0.999997,0.996896,0.999961,0,0,0,0
1232,25,313,914,0.993024,0.999997,0.996896,0.999961,0,0,0,0
1233,23,313,915,0.993024,0.999997,0.996896,0.999961,0,0,0,0
1234,21,313,916,0.993024,0.999997,0.996896,0.999961,0,0,0,0
1235,19,313,917,0.992634,0.999997,0.996896,0.999961,0,1,0,0
1236,17,313,918,0.992597,0.999997,0.996896,0.999961,0,0,0,0
1237,29,314,918,0.992597,0.999997,0.996896,0.999961,0,0,0,0
1238,27,314,919,0.993367,0.999997,0.996896,0.999958,1,0,0,0
1239,25,314,920,0.993065,0.999998,0.996722,0.999963,0,1,0,1
1240,29,315,920,0.992640,0.999998,0.996520,0.999967,0,1,0,1
1241,27,315,921,0.992604,0.999998,0.996503,0.999967,0,0,0,0
1242,29,316,921,0.992604,0.999998,0.996503,0.999967,0,0,0,0
1243,27,316,922,0.992604,0.999998,0.996503,0.999967,0,0,0,0
1244,25,316,923,0.993373,0.999998,0.996503,0.999965,1,0,0,0
1245,23,316,924,0.993438,0.999998,0.996503,0.999965,0,0,0,0
1246,29,317,924,0.993438,0.999998,0.996503,0.999965,0,0,0,0
1247,27,317,925,0.993438,0.999998,0.996503,0.999965,0,0,0,0
1248,25,317,926,0.993438,0.999998,0.996503,0.999965,0,0,0,0
1249,23,317,927,0.993438,0.999998,0.996503,0.999965,0,0,0,0
1250,21,317,928,0.993438,0.999998,0.996503,0.999965,0,0,0,0
1251,19,317,929,0.993438,0.999998,0.996503,0.999965,0,0,0,0
1252,17,317,930,0.993438,0.999998,0.996503,0.999965,0,0,0,0
1253,15,317,931,0.993788,0.999998,0.996503,0.999963,1,1,0,0
1254,13,317,932,0.993819,0.999998,0.996503,0.999963,0,0,0,0
1255,29,318,932,0.993819,0.999998,0.996503,0.999963,0,0,0,0
1256,27,318,933,0.993819,0.999998,0.996868,0.999963,0,0,1,0
1257,25,318,934,0.993819,0.999998,0.996899,0.999963,0,0,0,0
1258,29,319,934,0.993819,0.999998,0.996899,0.999963,0,0,0,0
1259,27,319,935,0.993473,0.999998,0.997223,0.999963,0,1,1,0
1260,25,319,936,0.993440,0.999998,0.997250,0.999963,0,0,0,0
1261,29,320,936,0.993440,0.999998,0.997250,0.999963,0,0,0,0
1262,27,320,937,0.993440,0.999998,0.997250,0.999963,0,0,0,0
1263,25,320,938,0.993440,0.999998,0.997250,0.999963,0,0,0,0
1264,23,320,939,0.993440,0.999998,0.997250,0.999963,0,0,0,0
1265,21,320,940,0.993440,0.999998,0.997250,0.999963,0,0,0,0
1266,19,320,941,0.993440,0.999998,0.997250,0.999963,0,0,0,0
1267,17,320,942,0.993440,0.999998,0.997250,0.999963,0,0,0,0
1268,15,320,943,0.993440,0.999998,0.997250,0.999963,0,0,0,0
1269,13,320,944,0.993440,0.999998,0.997538,0.999963,0,0,1,0
1270,11,320,945,0.993440,0.999998,0.997562,0.999963,0,0,0,0
1271,29,321,945,0.993440,0.999998,0.997562,0.999963,0,0,0,0
1272,27,321,946,0.993440,0.999998,0.997562,0.999963,0,0,0,0
1273,25,321,947,0.993073,0.999998,0.997562,0.999963,0,1,0,0
1274,23,321,948,0.993763,0.999998,0.997562,0.999961,1,0,0,0
1275,21,321,949,0.993825,0.999998,0.997817,0.999961,0,0,1,0
1276,29,322,949,0.993825,0.999998,0.998064,0.999961,0,0,1,0
1277,27,322,950,0.993825,0.999998,0.998084,0.999961,0,0,0,0
1278,25,322,951,0.993479,0.999998,0.997976,0.999965,0,1,0,1
1279,23,322,952,0.993446,0.999998,0.998178,0.999965,0,0,1,0
1280,29,323,952,0.993446,0.999998,0.998385,0.999965,0,0,1,0
1281,27,323,953,0.993446,0.999998,0.998401,0.999965,0,0,0,0
1282,29,324,953,0.993446,0.999998,0.998401,0.999965,0,0,0,0
1283,27,324,954,0.993079,0.999998,0.998401,0.999965,0,1,0,0
1284,25,324,955,0.993045,0.999998,0.998401,0.999965,0,0,0,0
1285,29,325,955,0.993045,0.999998,0.998401,0.999965,0,0,0,0
1286,27,325,956,0.993045,0.999998,0.998401,0.999965,0,0,0,0
1287,25,325,957,0.993415,0.999999,0.998401,0.999963,1,1,0,0
1288,23,325,958,0.993448,0.999999,0.998401,0.999963,0,0,0,0
1289,29,326,958,0.993448,0.999999,0.998401,0.999963,0,0,0,0
1290,27,326,959,0.994130,0.999999,0.998401,0.999961,1,0,0,0
1291,25,326,960,0.994188,0.999999,0.998401,0.999961,0,0,0,0
1292,29,327,960,0.994188,0.999999,0.998401,0.999961,0,0,0,0
1293,27,327,961,0.994188,0.999999,0.998401,0.999961,0,0,0,0
1294,25,327,962,0.994188,0.999999,0.998401,0.999961,0,0,0,0
1295,23,327,963,0.994188,0.999999,0.998401,0.999961,0,0,0,0
1296,21,327,964,0.994188,0.999999,0.998401,0.999961,0,0,0,0
1297,19,327,965,0.994188,0.999999,0.998401,0.999961,0,0,0,0
1298,17,327,966,0.994188,0.999999,0.998401,0.999961,0,0,0,0
1299,15,327,967,0.994188,0.999999,0.998401,0.999961,0,0,0,0
1300,13,327,968,0.994188,0.999999,0.998401,0.999961,0,0,0,0
1301,11,327,969,0.994188,0.999999,0.998401,0.999961,0,0,0,0
1302,9,327,970,0.994188,0.999999,0.998401,0.999961,0,0,0,0
1303,7,327,971,0.993862,0.999999,0.998401,0.999961,0,1,0,0
1304,5,327,972,0.993832,0.999999,0.998401,0.999961,0,0,0,0
1305,29,328,972,0.993832,0.999999,0.998401,0.999961,0,0,0,0
1306,27,328,973,0.993832,0.999999,0.998401,0.999961,0,0,0,0
1307,25,328,974,0.994474,0.999999,0.998401,0.999959,1,0,0,0
1308,23,328,975,0.994529,0.999999,0.998401,0.999958,0,0,0,0
1309,29,329,975,0.994529,0.999999,0.998401,0.999958,0,0,0,0
1310,27,329,976,0.994529,0.999999,0.998401,0.999958,0,0,0,0
1311,25,329,977,0.994529,0.999999,0.998401,0.999958,0,0,0,0
1312,23,329,978,0.994529,0.999999,0.998401,0.999958,0,0,0,0
1313,21,329,979,0.994529,0.999999,0.998401,0.999958,0,0,0,0
1314,19,329,980,0.994529,0.999999,0.998401,0.999958,0,0,0,0
1315,17,329,981,0.994529,0.999999,0.998401,0.999958,0,0,0,0
1316,15,329,982,0.994529,0.999999,0.998401,0.999958,0,0,0,0
1317,13,329,983,0.994529,0.999999,0.998401,0.999958,0,0,0,0
1318,11,329,984,0.994529,0.999999,0.998401,0.999958,0,0,0,0
1319,9,329,985,0.994529,0.999999,0.998401,0.999958,0,0,0,0
1320,7,329,986,0.994529,0.999999,0.998401,0.999958,0,0,0,0
1321,5,329,987,0.994529,0.999999,0.998401,0.999958,0,0,0,0
1322,3,329,988,0.995099,0.999999,0.998487,0.999961,1,0,1,1
1323,1,329,989,0.995147,0.999999,0.998494,0.999961,0,0,0,0
1324,29,330,989,0.995147,0.999999,0.998494,0.999961,0,0,0,0
1325,27,330,990,0.995147,0.999999,0.998494,0.999961,0,0,0,0
1326,25,330,991,0.995147,0.999999,0.998494,0.999961,0,0,0,0
1327,23,330,992,0.995147,0.999999,0.998575,0.999965,0,0,1,1
1328,21,330,993,0.995147,0.999999,0.998582,0.999965,0,0,0,0
1329,29,331,993,0.995147,0.999999,0.998582,0.999965,0,0,0,0
1330,27,331,994,0.995653,0.999998,0.998730,0.999963,1,0,1,0
1331,25,331,995,0.995696,0.999998,0.998874,0.999963,0,0,1,0
1332,29,332,995,0.995696,0.999998,0.999002,0.999963,0,0,1,0
1333,27,332,996,0.995696,0.999998,0.999012,0.999963,0,0,0,0
1334,29,333,996,0.995696,0.999998,0.999012,0.999963,0,0,0,0
1335,27,333,997,0.995696,0.999998,0.999115,0.999963,0,0,1,0
1336,25,333,998,0.995696,0.999998,0.999216,0.999963,0,0,1,0
1337,29,334,998,0.995696,0.999998,0.999305,0.999963,0,0,1,0
1338,27,334,999,0.995696,0.999998,0.999312,0.999963,0,0,0,0
1339,29,335,999,0.995696,0.999998,0.999312,0.999963,0,0,0,0
1340,27,335,1000,0.995696,0.999998,0.999273,0.999967,0,0,0,1
1341,25,335,1001,0.995696,0.999998,0.999269,0.999967,0,0,0,0
1342,29,336,1001,0.995696,0.999998,0.999269,0.999967,0,0,0,0
1343,27,336,1002,0.995696,0.999998,0.999269,0.999967,0,0,0,0
1344,25,336,1003,0.995696,0.999998,0.999346,0.999967,0,0,1,0
1345,23,336,1004,0.995696,0.999998,0.999352,0.999967,0,0,0,0
1346,29,337,1004,0.995696,0.999998,0.999352,0.999967,0,0,0,0
1347,27,337,1005,0.995696,0.999998,0.999352,0.999967,0,0,0,0
1348,25,337,1006,0.995696,0.999998,0.999420,0.999967,0,0,1,0
1349,23,337,1007,0.995455,0.999998,0.999393,0.999971,0,1,0,1
1350,29,338,1007,0.995176,0.999998,0.999356,0.999974,0,1,0,1
1351,27,338,1008,0.995152,0.999998,0.999353,0.999974,0,0,0,0
1352,29,339,1008,0.995152,0.999998,0.999353,0.999974,0,0,0,0
1353,27,339,1009,0.995152,0.999998,0.999353,0.999974,0,0,0,0
1354,25,339,1010,0.995411,0.999998,0.999353,0.999973,1,1,0,0
1355,23,339,1011,0.995433,0.999998,0.999353,0.999973,0,0,0,0
1356,29,340,1011,0.995433,0.999998,0.999353,0.999973,0,0,0,0
1357,27,340,1012,0.995177,0.999998,0.999421,0.999973,0,1,1,0
1358,25,340,1013,0.995153,0.999998,0.999486,0.999973,0,0,1,0
1359,29,341,1013,0.995153,0.999998,0.999545,0.999973,0,0,1,0
1360,27,341,1014,0.995153,0.999998,0.999524,0.999976,0,0,0,1
1361,25,341,1015,0.994881,0.999998,0.999521,0.999976,0,1,0,0
1362,29,342,1015,0.994513,0.999999,0.999521,0.999976,0,1,0,0
1363,27,342,1016,0.994486,0.999999,0.999521,0.999976,0,0,0,0
1364,29,343,1016,0.994486,0.999999,0.999521,0.999976,0,0,0,0
1365,27,343,1017,0.994486,0.999999,0.999521,0.999976,0,0,0,0
1366,25,343,1018,0.994177,0.999999,0.999521,0.999976,0,1,0,0
1367,23,343,1019,0.994757,0.999999,0.999521,0.999974,1,0,0,0
1368,29,344,1019,0.995350,0.999999,0.999521,0.999973,1,0,0,0
1369,27,344,1020,0.995876,0.999999,0.999521,0.999971,1,0,0,0
1370,29,345,1020,0.996343,0.999999,0.999521,0.999969,1,0,0,0
1371,27,345,1021,0.996176,0.999999,0.999494,0.999972,0,1,0,1
1372,29,346,1021,0.995941,0.999999,0.999463,0.999976,0,1,0,1
1373,27,346,1022,0.995921,0.999999,0.999461,0.999976,0,0,0,0
1374,29,347,1022,0.995921,0.999999,0.999461,0.999976,0,0,0,0
1375,27,347,1023,0.995921,0.999999,0.999430,0.999978,0,0,0,1
1376,25,347,1024,0.995921,0.999999,0.999395,0.999981,0,0,0,1
1377,29,348,1024,0.995921,0.999999,0.999358,0.999983,0,0,0,1
1378,27,348,1025,0.995921,0.999999,0.999355,0.999983,0,0,0,0
1379,29,349,1025,0.995921,0.999999,0.999355,0.999983,0,0,0,0
1380,27,349,1026,0.995921,0.999999,0.999355,0.999983,0,0,0,0
1381,25,349,1027,0.995921,0.999999,0.999355,0.999983,0,0,0,0
1382,23,349,1028,0.995921,0.999999,0.999355,0.999983,0,0,0,0
1383,21,349,1029,0.995921,0.999999,0.999355,0.999983,0,0,0,0
1384,19,349,1030,0.995921,0.999999,0.999355,0.999983,0,0,0,0
1385,17,349,1031,0.995921,0.999999,0.999355,0.999983,0,0,0,0
1386,15,349,1032,0.995921,0.999999,0.999422,0.999983,0,0,1,0
1387,13,349,1033,0.995921,0.999999,0.999488,0.999983,0,0,1,0
1388,29,350,1033,0.995692,0.999999,0.999546,0.999983,0,1,1,0
1389,27,350,1034,0.995670,0.999999,0.999597,0.999983,0,0,1,0
1390,29,351,1034,0.995670,0.999999,0.999643,0.999983,0,0,1,0
1391,27,351,1035,0.995670,0.999999,0.999647,0.999983,0,0,0,0
1392,29,352,1035,0.995670,0.999999,0.999647,0.999983,0,0,0,0
1393,27,352,1036,0.995670,0.999999,0.999647,0.999983,0,0,0,0
1394,25,352,1037,0.996121,0.999999,0.999647,0.999982,1,0,0,0
1395,23,352,1038,0.996160,0.999999,0.999627,0.999984,0,0,0,1
1396,29,353,1038,0.996160,0.999999,0.999604,0.999986,0,0,0,1
1397,27,353,1039,0.996160,0.999999,0.999602,0.999986,0,0,0,0
1398,29,354,1039,0.996160,0.999999,0.999602,0.999986,0,0,0,0
1399,27,354,1040,0.996160,0.999999,0.999602,0.999986,0,0,0,0
1400,25,354,1041,0.996160,0.999999,0.999602,0.999986,0,0,0,0
1401,23,354,1042,0.996160,0.999999,0.999602,0.999986,0,0,0,0
1402,21,354,1043,0.996160,0.999999,0.999602,0.999986,0,0,0,0
1403,19,354,1044,0.996160,0.999999,0.999602,0.999986,0,0,0,0
1404,17,354,1045,0.996160,0.999999,0.999602,0.999986,0,0,0,0
1405,15,354,1046,0.996160,0.999999,0.999602,0.999986,0,0,0,0
1406,13,354,1047,0.996160,0.999999,0.999602,0.999986,0,0,0,0
1407,11,354,1048,0.996160,0.999999,0.999602,0.999986,0,0,0,0
1408,9,354,1049,0.996160,0.999999,0.999602,0.999986,0,0,0,0
1409,7,354,1050,0.995944,0.999999,0.999602,0.999986,0,1,0,0
1410,5,354,1051,0.995695,0.999999,0.999623,0.999987,0,1,1,1
1411,29,355,1051,0.995431,0.999999,0.999645,0.999989,0,1,1,1
1412,27,355,1052,0.995408,0.999999,0.999647,0.999989,0,0,0,0
1413,29,356,1052,0.995408,0.999999,0.999647,0.999989,0,0,0,0
1414,27,356,1053,0.995887,0.999999,0.999647,0.999988,1,0,0,0
1415,25,356,1054,0.995928,0.999999,0.999647,0.999988,0,0,0,0
1416,23,356,1055,0.995699,0.999999,0.999647,0.999988,0,1,0,0
1417,21,356,1056,0.995678,0.999999,0.999647,0.999988,0,0,0,0
1418,29,357,1056,0.995678,0.999999,0.999647,0.999988,0,0,0,0
1419,27,357,1057,0.995678,0.999999,0.999647,0.999988,0,0,0,0
1420,25,357,1058,0.996128,0.999999,0.999684,0.999988,1,0,1,0
1421,23,357,1059,0.996167,0.999999,0.999687,0.999988,0,0,0,0
1422,29,358,1059,0.996167,0.999999,0.999687,0.999988,0,0,0,0
1423,27,358,1060,0.996167,0.999999,0.999687,0.999988,0,0,0,0
1424,25,358,1061,0.996167,0.999999,0.999687,0.999988,0,0,0,0
1425,23,358,1062,0.996167,0.999999,0.999687,0.999988,0,0,0,0
1426,21,358,1063,0.996167,0.999999,0.999687,0.999988,0,0,0,0
1427,19,358,1064,0.996167,0.999999,0.999669,0.999989,0,0,0,1
1428,29,359,1064,0.996167,0.999999,0.999649,0.999990,0,0,0,1
1429,27,359,1065,0.996167,0.999999,0.999666,0.999991,0,0,1,1
1430,29,360,1065,0.996167,0.999999,0.999686,0.999992,0,0,1,1
1431,27,360,1066,0.996167,0.999999,0.999670,0.999993,0,0,0,1
1432,29,361,1066,0.996167,0.999999,0.999649,0.999994,0,0,0,1
1433,27,361,1067,0.996167,0.999999,0.999648,0.999994,0,0,0,0
1434,29,362,1067,0.996167,0.999999,0.999648,0.999994,0,0,0,0
1435,27,362,1068,0.996167,0.999999,0.999648,0.999994,0,0,0,0
1436,25,362,1069,0.996167,0.999999,0.999648,0.999994,0,0,0,0
1437,23,362,1070,0.996167,0.999999,0.999648,0.999994,0,0,0,0
1438,21,362,1071,0.996167,0.999999,0.999628,0.999995,0,0,0,1
1439,19,362,1072,0.996167,0.999999,0.999626,0.999995,0,0,0,0
1440,29,363,1072,0.996167,0.999999,0.999626,0.999995,0,0,0,0
1441,27,363,1073,0.996167,0.999999,0.999665,0.999995,0,0,1,0
1442,25,363,1074,0.996167,0.999999,0.999668,0.999995,0,0,0,0
1443,29,364,1074,0.996167,0.999999,0.999668,0.999995,0,0,0,0
1444,27,364,1075,0.996167,0.999999,0.999668,0.999995,0,0,0,0
1445,25,364,1076,0.996167,0.999999,0.999668,0.999995,0,0,0,0
1446,23,364,1077,0.996167,0.999999,0.999668,0.999995,0,0,0,0
1447,21,364,1078,0.996167,0.999999,0.999668,0.999995,0,0,0,0
1448,19,364,1079,0.996167,0.999999,0.999703,0.999995,0,0,1,0
1449,17,364,1080,0.996167,0.999999,0.999689,0.999995,0,0,0,1
1450,29,365,1080,0.996167,0.999999,0.999670,0.999996,0,0,0,1
1451,27,365,1081,0.996167,0.999999,0.999650,0.999996,0,0,0,1
1452,29,366,1081,0.996167,0.999999,0.999628,0.999997,0,0,0,1
1453,27,366,1082,0.996167,0.999999,0.999626,0.999997,0,0,0,0
1454,29,367,1082,0.996167,0.999999,0.999626,0.999997,0,0,0,0
1455,27,367,1083,0.996167,0.999999,0.999605,0.999997,0,0,0,1
1456,25,367,1084,0.996167,0.999999,0.999625,0.999997,0,0,1,1
1457,29,368,1084,0.996167,0.999999,0.999647,0.999998,0,0,1,1
1458,27,368,1085,0.996167,0.999999,0.999685,0.999998,0,0,1,0
1459,25,368,1086,0.996372,0.999999,0.999688,0.999998,1,1,0,0
1460,29,369,1086,0.996583,0.999999,0.999688,0.999997,1,1,0,0
1461,27,369,1087,0.996600,0.999999,0.999688,0.999997,0,0,0,0
1462,29,370,1087,0.996600,0.999999,0.999688,0.999997,0,0,0,0
1463,27,370,1088,0.996600,0.999999,0.999721,0.999997,0,0,1,0
1464,25,370,1089,0.996409,0.999999,0.999753,0.999997,0,1,1,0
1465,29,371,1089,0.996188,0.999999,0.999781,0.999997,0,1,1,0
1466,27,371,1090,0.996169,0.999999,0.999806,0.999997,0,0,1,0
1467,29,372,1090,0.996169,0.999999,0.999828,0.999997,0,0,1,0
1468,27,372,1091,0.996169,0.999999,0.999829,0.999997,0,0,0,0
1469,25,372,1092,0.996169,0.999999,0.999847,0.999997,0,0,1,0
1470,23,372,1093,0.996169,0.999999,0.999849,0.999997,0,0,0,0
1471,29,373,1093,0.996169,0.999999,0.999849,0.999997,0,0,0,0
1472,27,373,1094,0.996169,0.999999,0.999865,0.999997,0,0,1,0
1473,25,373,1095,0.996169,0.999999,0.999866,0.999997,0,0,0,0
1474,29,374,1095,0.996169,0.999999,0.999866,0.999997,0,0,0,0
1475,27,374,1096,0.996169,0.999999,0.999858,0.999998,0,0,0,1
1476,25,374,1097,0.996169,0.999999,0.999873,0.999998,0,0,1,0
1477,23,374,1098,0.996569,0.999999,0.999874,0.999998,1,0,0,0
1478,29,375,1098,0.996957,0.999999,0.999874,0.999997,1,0,0,0
1479,27,375,1099,0.996988,0.999999,0.999874,0.999997,0,0,0,0
1480,29,376,1099,0.996988,0.999999,0.999874,0.999997,0,0,0,0
1481,27,376,1100,0.996988,0.999999,0.999874,0.999997,0,0,0,0
1482,25,376,1101,0.996988,0.999999,0.999867,0.999998,0,0,0,1
1483,23,376,1102,0.996988,0.999999,0.999866,0.999998,0,0,0,0
1484,29,377,1102,0.996988,0.999999,0.999866,0.999998,0,0,0,0
1485,27,377,1103,0.996988,0.999999,0.999880,0.999998,0,0,1,0
1486,25,377,1104,0.996988,0.999999,0.999875,0.999998,0,0,0,1
1487,23,377,1105,0.996818,0.999999,0.999881,0.999998,0,1,1,1
1488,29,378,1105,0.996623,0.999999,0.999888,0.999998,0,1,1,1
1489,27,378,1106,0.996606,0.999999,0.999888,0.999998,0,0,0,0
1490,29,379,1106,0.996606,0.999999,0.999888,0.999998,0,0,0,0
1491,27,379,1107,0.996606,0.999999,0.999882,0.999999,0,0,0,1
1492,25,379,1108,0.996606,0.999999,0.999881,0.999999,0,0,0,0
1493,29,380,1108,0.996606,0.999999,0.999881,0.999999,0,0,0,0
1494,27,380,1109,0.996960,0.999999,0.999881,0.999999,1,0,0,0
1495,25,380,1110,0.996990,0.999999,0.999875,0.999999,0,0,0,1
1496,23,380,1111,0.996821,0.999999,0.999874,0.999999,0,1,0,0
1497,29,381,1111,0.996626,0.999999,0.999874,0.999999,0,1,0,0
1498,27,381,1112,0.996609,0.999999,0.999874,0.999999,0,0,0,0
1499,29,382,1112,0.996609,0.999999,0.999874,0.999999,0,0,0,0
1500,27,382,1113,0.996609,0.999999,0.999874,0.999999,0,0,0,0
1501,25,382,1114,0.996609,0.999999,0.999874,0.999999,0,0,0,0
1502,23,382,1115,0.996609,0.999999,0.999874,0.999999,0,0,0,0
1503,21,382,1116,0.996418,0.999999,0.999874,0.999999,0,1,0,0
1504,19,382,1117,0.996198,0.999999,0.999874,0.999999,0,1,0,0
1505,29,383,1117,0.995965,0.999999,0.999874,0.999999,0,1,0,0
1506,27,383,1118,0.995945,0.999999,0.999874,0.999999,0,0,0,0
1507,29,384,1118,0.995945,0.999999,0.999874,0.999999,0,0,0,0
1508,27,384,1119,0.996368,0.999999,0.999874,0.999999,1,0,0,0
1509,25,384,1120,0.996404,0.999999,0.999874,0.999999,0,0,0,0
1510,29,385,1120,0.996404,0.999999,0.999874,0.999999,0,0,0,0
1511,27,385,1121,0.996404,0.999999,0.999874,0.999999,0,0,0,0
1512,25,385,1122,0.996202,0.999999,0.999874,0.999999,0,1,0,0
1513,23,385,1123,0.996581,0.999999,0.999874,0.999999,1,0,0,0
1514,29,386,1123,0.996968,0.999999,0.999874,0.999998,1,0,0,0
1515,27,386,1124,0.997312,0.999999,0.999874,0.999998,1,0,0,0
1516,29,387,1124,0.997616,0.999999,0.999874,0.999998,1,0,0,0
1517,27,387,1125,0.997887,0.999999,0.999874,0.999998,1,0,0,0
1518,25,387,1126,0.998020,0.999999,0.999874,0.999998,1,1,0,0
1519,29,388,1126,0.998135,1.000000,0.999874,0.999998,1,1,0,0
1520,27,388,1127,0.998040,1.000000,0.999874,0.999998,0,1,0,0
1521,29,389,1127,0.997919,1.000000,0.999874,0.999998,0,1,0,0
1522,27,389,1128,0.997909,1.000000,0.999874,0.999998,0,0,0,0
1523,29,390,1128,0.997909,1.000000,0.999874,0.999998,0,0,0,0
1524,27,390,1129,0.997909,1.000000,0.999874,0.999998,0,0,0,0
1525,25,390,1130,0.997909,1.000000,0.999874,0.999998,0,0,0,0
1526,23,390,1131,0.997909,1.000000,0.999874,0.999998,0,0,0,0
1527,21,390,1132,0.997909,1.000000,0.999887,0.999998,0,0,1,0
1528,19,390,1133,0.997791,1.000000,0.999888,0.999998,0,1,0,0
1529,29,391,1133,0.997655,1.000000,0.999888,0.999998,0,1,0,0
1530,27,391,1134,0.997644,1.000000,0.999888,0.999998,0,0,0,0
1531,29,392,1134,0.997644,1.000000,0.999888,0.999998,0,0,0,0
1532,27,392,1135,0.997511,1.000000,0.999888,0.999998,0,1,0,0
1533,25,392,1136,0.997358,1.000000,0.999888,0.999998,0,1,0,0
1534,29,393,1136,0.997196,1.000000,0.999888,0.999998,0,1,0,0
1535,27,393,1137,0.997476,1.000000,0.999888,0.999998,1,0,0,0
1536,29,394,1137,0.997762,1.000000,0.999888,0.999998,1,0,0,0
1537,27,394,1138,0.997784,1.000000,0.999888,0.999998,0,0,0,0
1538,25,394,1139,0.998016,1.000000,0.999888,0.999997,1,0,0,0
1539,23,394,1140,0.998036,1.000000,0.999888,0.999997,0,0,0,0
1540,29,395,1140,0.998036,1.000000,0.999888,0.999997,0,0,0,0
1541,27,395,1141,0.998036,1.000000,0.999888,0.999997,0,0,0,0
1542,25,395,1142,0.998036,1.000000,0.999888,0.999997,0,0,0,0
1543,23,395,1143,0.998036,1.000000,0.999888,0.999997,0,0,0,0
1544,21,395,1144,0.998036,1.000000,0.999888,0.999997,0,0,0,0
1545,19,395,1145,0.997925,1.000000,0.999888,0.999997,0,1,0,0
1546,17,395,1146,0.997915,1.000000,0.999888,0.999997,0,0,0,0
1547,29,396,1146,0.997915,1.000000,0.999888,0.999997,0,0,0,0
1548,27,396,1147,0.997915,1.000000,0.999888,0.999997,0,0,0,0
1549,25,396,1148,0.997915,1.000000,0.999888,0.999997,0,0,0,0
1550,23,396,1149,0.997915,1.000000,0.999888,0.999997,0,0,0,0
1551,21,396,1150,0.997915,1.000000,0.999888,0.999997,0,0,0,0
1552,19,396,1151,0.997915,1.000000,0.999900,0.999997,0,0,1,0
1553,17,396,1152,0.997915,1.000000,0.999901,0.999997,0,0,0,0
1554,29,397,1152,0.997915,1.000000,0.999901,0.999997,0,0,0,0
1555,27,397,1153,0.997797,1.000000,0.999895,0.999998,0,1,0,1
1556,25,397,1154,0.997786,1.000000,0.999889,0.999998,0,0,0,1
1557,23,397,1155,0.997662,1.000000,0.999888,0.999998,0,1,0,0
1558,29,398,1155,0.997518,1.000000,0.999888,0.999998,0,1,0,0
1559,27,398,1156,0.997506,1.000000,0.999888,0.999998,0,0,0,0
1560,29,399,1156,0.997506,1.000000,0.999888,0.999998,0,0,0,0
1561,27,399,1157,0.997365,1.000000,0.999888,0.999998,0,1,0,0
1562,25,399,1158,0.997352,1.000000,0.999900,0.999998,0,0,1,0
1563,23,399,1159,0.997629,1.000000,0.999911,0.999998,1,0,1,0
1564,29,400,1159,0.997897,1.000000,0.999922,0.999998,1,0,1,0
1565,27,400,1160,0.997918,1.000000,0.999922,0.999998,0,0,0,0
1566,29,401,1160,0.997918,1.000000,0.999922,0.999998,0,0,0,0
1567,27,401,1161,0.997801,1.000000,0.999922,0.999998,0,1,0,0
1568,25,401,1162,0.998021,1.000000,0.999930,0.999998,1,0,1,0
1569,23,401,1163,0.998146,1.000000,0.999931,0.999997,1,1,0,0
1570,29,402,1163,0.998254,1.000000,0.999931,0.999997,1,1,0,0
1571,27,402,1164,0.998263,1.000000,0.999931,0.999997,0,0,0,0
1572,29,403,1164,0.998263,1.000000,0.999931,0.999997,0,0,0,0
1573,27,403,1165,0.998263,1.000000,0.999927,0.999998,0,0,0,1
1574,25,403,1166,0.998444,1.000000,0.999927,0.999997,1,0,0,0
1575,23,403,1167,0.998460,1.000000,0.999935,0.999997,0,0,1,0
1576,29,404,1167,0.998460,1.000000,0.999942,0.999997,0,0,1,0
1577,27,404,1168,0.998460,1.000000,0.999943,0.999997,0,0,0,0
1578,29,405,1168,0.998460,1.000000,0.999943,0.999997,0,0,0,0
1579,27,405,1169,0.998460,1.000000,0.999943,0.999997,0,0,0,0
1580,25,405,1170,0.998460,1.000000,0.999943,0.999997,0,0,0,0
1581,23,405,1171,0.998460,1.000000,0.999943,0.999997,0,0,0,0
1582,21,405,1172,0.998460,1.000000,0.999939,0.999998,0,0,0,1
1583,19,405,1173,0.998621,1.000000,0.999945,0.999998,1,0,1,0
1584,29,406,1173,0.998777,1.000000,0.999952,0.999997,1,0,1,0
1585,27,406,1174,0.998789,1.000000,0.999952,0.999997,0,0,0,0
1586,29,407,1174,0.998789,1.000000,0.999952,0.999997,0,0,0,0
1587,27,407,1175,0.998789,1.000000,0.999957,0.999997,0,0,1,0
1588,25,407,1176,0.998789,1.000000,0.999958,0.999997,0,0,0,0
1589,29,408,1176,0.998789,1.000000,0.999958,0.999997,0,0,0,0
1590,27,408,1177,0.998789,1.000000,0.999958,0.999997,0,0,0,0
1591,25,408,1178,0.998789,1.000000,0.999962,0.999997,0,0,1,0
1592,23,408,1179,0.998789,1.000000,0.999962,0.999997,0,0,0,0
1593,29,409,1179,0.998789,1.000000,0.999962,0.999997,0,0,0,0
1594,27,409,1180,0.998789,1.000000,0.999962,0.999997,0,0,0,0
1595,25,409,1181,0.998789,1.000000,0.999962,0.999997,0,0,0,0
1596,23,409,1182,0.998789,1.000000,0.999964,0.999998,0,0,1,1
1597,21,409,1183,0.998789,1.000000,0.999968,0.999998,0,0,1,0
1598,29,410,1183,0.998789,1.000000,0.999972,0.999998,0,0,1,0
1599,27,410,1184,0.998721,1.000000,0.999974,0.999998,0,1,1,1
1600,29,411,1184,0.998642,1.000000,0.999975,0.999998,0,1,1,1
1601,27,411,1185,0.998636,1.000000,0.999974,0.999998,0,0,0,1
1602,29,412,1185,0.998636,1.000000,0.999972,0.999999,0,0,0,1
1603,27,412,1186,0.998636,1.000000,0.999974,0.999999,0,0,1,1
1604,29,413,1186,0.998636,1.000000,0.999975,0.999999,0,0,1,1
1605,27,413,1187,0.998636,1.000000,0.999975,0.999999,0,0,0,0
1606,29,414,1187,0.998636,1.000000,0.999975,0.999999,0,0,0,0
1607,27,414,1188,0.998636,1.000000,0.999975,0.999999,0,0,0,0
1608,25,414,1189,0.998778,1.000000,0.999975,0.999999,1,0,0,0
1609,23,414,1190,0.998790,1.000000,0.999974,0.999999,0,0,0,1
1610,29,415,1190,0.998790,1.000000,0.999972,0.999999,0,0,0,1
1611,27,415,1191,0.998917,1.000000,0.999972,0.999999,1,0,0,0
1612,29,416,1191,0.999040,1.000000,0.999972,0.999999,1,0,0,0
1613,27,416,1192,0.999049,1.000000,0.999972,0.999999,0,0,0,0
1614,29,417,1192,0.999049,1.000000,0.999972,0.999999,0,0,0,0
1615,27,417,1193,0.999049,1.000000,0.999972,0.999999,0,0,0,0
1616,25,417,1194,0.998996,1.000000,0.999972,0.999999,0,1,0,0
1617,23,417,1195,0.999096,1.000000,0.999972,0.999999,1,0,0,0
1618,29,418,1195,0.999199,1.000000,0.999972,0.999999,1,0,0,0
1619,27,418,1196,0.999162,1.000000,0.999972,0.999999,0,1,0,0
1620,25,418,1197,0.999158,1.000000,0.999971,0.999999,0,0,0,1
1621,29,419,1197,0.999158,1.000000,0.999969,0.999999,0,0,0,1
1622,27,419,1198,0.999158,1.000000,0.999969,0.999999,0,0,0,0
1623,29,420,1198,0.999158,1.000000,0.999969,0.999999,0,0,0,0
1624,27,420,1199,0.999158,1.000000,0.999969,0.999999,0,0,0,0
1625,25,420,1200,0.999158,1.000000,0.999969,0.999999,0,0,0,0
1626,23,420,1201,0.999158,1.000000,0.999972,0.999999,0,0,1,0
1627,21,420,1202,0.999158,1.000000,0.999972,0.999999,0,0,0,0
1628,29,421,1202,0.999158,1.000000,0.999972,0.999999,0,0,0,0
1629,27,421,1203,0.999158,1.000000,0.999972,0.999999,0,0,0,0
1630,25,421,1204,0.999158,1.000000,0.999975,0.999999,0,0,1,0
1631,23,421,1205,0.999158,1.000000,0.999978,0.999999,0,0,1,0
1632,29,422,1205,0.999158,1.000000,0.999980,0.999999,0,0,1,0
1633,27,422,1206,0.999111,1.000000,0.999982,0.999999,0,1,1,1
1634,29,423,1206,0.999056,1.000000,0.999983,0.999999,0,1,1,1
1635,27,423,1207,0.999051,1.000000,0.999982,0.999999,0,0,0,1
1636,29,424,1207,0.999051,1.000000,0.999981,0.999999,0,0,0,1
1637,27,424,1208,0.998998,1.000000,0.999980,0.999999,0,1,0,1
1638,25,424,1209,0.999098,1.000000,0.999979,0.999999,1,0,0,0
1639,29,425,1209,0.999200,1.000000,0.999979,0.999999,1,0,0,0
1640,27,425,1210,0.999208,1.000000,0.999978,0.999999,0,0,0,1
1641,29,426,1210,0.999208,1.000000,0.999977,1.000000,0,0,0,1
1642,27,426,1211,0.999208,1.000000,0.999977,1.000000,0,0,0,0
1643,29,427,1211,0.999208,1.000000,0.999977,1.000000,0,0,0,0
1644,27,427,1212,0.999208,1.000000,0.999977,1.000000,0,0,0,0
1645,25,427,1213,0.999208,1.000000,0.999977,1.000000,0,0,0,0
1646,23,427,1214,0.999208,1.000000,0.999977,1.000000,0,0,0,0
1647,21,427,1215,0.999208,1.000000,0.999977,1.000000,0,0,0,0
1648,19,427,1216,0.999208,1.000000,0.999977,1.000000,0,0,0,0
1649,17,427,1217,0.999208,1.000000,0.999975,1.000000,0,0,0,1
1650,15,427,1218,0.999208,1.000000,0.999974,1.000000,0,0,0,1
1651,29,428,1218,0.999208,1.000000,0.999972,1.000000,0,0,0,1
1652,27,428,1219,0.999291,1.000000,0.999972,1.000000,1,0,0,0
1653,29,429,1219,0.999372,1.000000,0.999972,1.000000,1,0,0,0
1654,27,429,1220,0.999378,1.000000,0.999972,1.000000,0,0,0,0
1655,29,430,1220,0.999378,1.000000,0.999972,1.000000,0,0,0,0
1656,27,430,1221,0.999378,1.000000,0.999972,1.000000,0,0,0,0
1657,25,430,1222,0.999378,1.000000,0.999972,1.000000,0,0,0,0
1658,23,430,1223,0.999378,1.000000,0.999970,1.000000,0,0,0,1
1659,21,430,1224,0.999378,1.000000,0.999970,1.000000,0,0,0,0
1660,29,431,1224,0.999378,1.000000,0.999970,1.000000,0,0,0,0
1661,27,431,1225,0.999378,1.000000,0.999970,1.000000,0,0,0,0
1662,25,431,1226,0.999378,1.000000,0.999970,1.000000,0,0,0,0
1663,23,431,1227,0.999378,1.000000,0.999970,1.000000,0,0,0,0
1664,21,431,1228,0.999378,1.000000,0.999970,1.000000,0,0,0,0
1665,19,431,1229,0.999378,1.000000,0.999970,1.000000,0,0,0,0
1666,17,431,1230,0.999378,1.000000,0.999970,1.000000,0,0,0,0
1667,15,431,1231,0.999378,1.000000,0.999970,1.000000,0,0,0,0
1668,13,431,1232,0.999378,1.000000,0.999970,1.000000,0,0,0,0
1669,11,431,1233,0.999378,1.000000,0.999970,1.000000,0,0,0,0
1670,9,431,1234,0.999378,1.000000,0.999973,1.000000,0,0,1,0
1671,7,431,1235,0.999378,1.000000,0.999972,1.000000,0,0,0,1
1672,29,432,1235,0.999378,1.000000,0.999970,1.000000,0,0,0,1
1673,27,432,1236,0.999378,1.000000,0.999973,1.000000,0,0,1,0
1674,29,433,1236,0.999378,1.000000,0.999976,1.000000,0,0,1,0
1675,27,433,1237,0.999378,1.000000,0.999977,1.000000,0,0,0,0
1676,29,434,1237,0.999378,1.000000,0.999977,1.000000,0,0,0,0
1677,27,434,1238,0.999378,1.000000,0.999977,1.000000,0,0,0,0
1678,25,434,1239,0.999378,1.000000,0.999977,1.000000,0,0,0,0
1679,23,434,1240,0.999378,1.000000,0.999977,1.000000,0,0,0,0
1680,21,434,1241,0.999378,1.000000,0.999977,1.000000,0,0,0,0
1681,19,434,1242,0.999378,1.000000,0.999979,1.000000,0,0,1,0
1682,17,434,1243,0.999378,1.000000,0.999979,1.000000,0,0,0,0
1683,29,435,1243,0.999378,1.000000,0.999979,1.000000,0,0,0,0
1684,27,435,1244,0.999378,1.000000,0.999979,1.000000,0,0,0,0
1685,25,435,1245,0.999378,1.000000,0.999979,1.000000,0,0,0,0
1686,23,435,1246,0.999378,1.000000,0.999979,1.000000,0,0,0,0
1687,21,435,1247,0.999378,1.000000,0.999979,1.000000,0,0,0,0
1688,19,435,1248,0.999378,1.000000,0.999979,1.000000,0,0,0,0
1689,17,435,1249,0.999378,1.000000,0.999979,1.000000,0,0,0,0
1690,15,435,1250,0.999378,1.000000,0.999979,1.000000,0,0,0,0
1691,13,435,1251,0.999378,1.000000,0.999979,1.000000,0,0,0,0
1692,11,435,1252,0.999378,1.000000,0.999979,1.000000,0,0,0,0
1693,9,435,1253,0.999378,1.000000,0.999979,1.000000,0,0,0,0
1694,7,435,1254,0.999378,1.000000,0.999979,1.000000,0,0,0,0
1695,5,435,1255,0.999378,1.000000,0.999981,1.000000,0,0,1,0
1696,3,435,1256,0.999378,1.000000,0.999984,1.000000,0,0,1,0
1697,1,435,1257,0.999411,1.000000,0.999984,1.000000,1,1,0,0
1698,29,436,1257,0.999446,1.000000,0.999984,1.000000,1,1,0,0
1699,27,436,1258,0.999448,1.000000,0.999984,1.000000,0,0,0,0
1700,29,437,1258,0.999448,1.000000,0.999984,1.000000,0,0,0,0
1701,27,437,1259,0.999448,1.000000,0.999985,1.000000,0,0,1,0
1702,25,437,1260,0.999417,1.000000,0.999986,1.000000,0,1,0,0
1703,29,438,1260,0.999381,1.000000,0.999986,1.000000,0,1,0,0
1704,27,438,1261,0.999378,1.000000,0.999986,1.000000,0,0,0,0
1705,29,439,1261,0.999378,1.000000,0.999986,1.000000,0,0,0,0
1706,27,439,1262,0.999443,1.000000,0.999986,1.000000,1,0,0,0
1707,25,439,1263,0.999449,1.000000,0.999986,1.000000,0,0,0,0
1708,29,440,1263,0.999449,1.000000,0.999986,1.000000,0,0,0,0
1709,27,440,1264,0.999449,1.000000,0.999986,1.000000,0,0,0,0
1710,25,440,1265,0.999449,1.000000,0.999986,1.000000,0,0,0,0
1711,23,440,1266,0.999449,1.000000,0.999986,1.000000,0,0,0,0
1712,21,440,1267,0.999507,1.000000,0.999986,1.000000,1,0,0,0
1713,19,440,1268,0.999563,1.000000,0.999986,1.000000,1,0,0,0
1714,29,441,1268,0.999612,1.000000,0.999986,1.000000,1,0,0,0
1715,27,441,1269,0.999616,1.000000,0.999986,1.000000,0,0,0,0
1716,29,442,1269,0.999616,1.000000,0.999986,1.000000,0,0,0,0
1717,27,442,1270,0.999616,1.000000,0.999986,1.000000,0,0,0,0
1718,25,442,1271,0.999595,1.000000,0.999986,1.000000,0,1,0,0
1719,23,442,1272,0.999592,1.000000,0.999986,1.000000,0,0,0,0
1720,29,443,1272,0.999592,1.000000,0.999986,1.000000,0,0,0,0
1721,27,443,1273,0.999592,1.000000,0.999986,1.000000,0,0,0,0
1722,25,443,1274,0.999570,1.000000,0.999986,1.000000,0,1,0,0
1723,23,443,1275,0.999613,1.000000,0.999986,1.000000,1,0,0,0
1724,29,444,1275,0.999657,1.000000,0.999986,1.000000,1,0,0,0
1725,27,444,1276,0.999660,1.000000,0.999986,1.000000,0,0,0,0
1726,29,445,1276,0.999660,1.000000,0.999986,1.000000,0,0,0,0
1727,27,445,1277,0.999660,1.000000,0.999986,1.000000,0,0,0,0
1728,25,445,1278,0.999660,1.000000,0.999986,1.000000,0,0,0,0
1729,23,445,1279,0.999660,1.000000,0.999986,1.000000,0,0,0,0
1730,21,445,1280,0.999660,1.000000,0.999986,1.000000,0,0,0,0
1731,19,445,1281,0.999641,1.000000,0.999986,1.000000,0,1,0,0
1732,17,445,1282,0.999619,1.000000,0.999987,1.000000,0,1,1,0
1733,29,446,1282,0.999595,1.000000,0.999989,1.000000,0,1,1,0
1734,27,446,1283,0.999593,1.000000,0.999989,1.000000,0,0,0,0
1735,29,447,1283,0.999593,1.000000,0.999989,1.000000,0,0,0,0
1736,27,447,1284,0.999570,1.000000,0.999989,1.000000,0,1,0,0
1737,25,447,1285,0.999568,1.000000,0.999989,1.000000,0,0,0,0
1738,29,448,1285,0.999568,1.000000,0.999989,1.000000,0,0,0,0
1739,27,448,1286,0.999568,1.000000,0.999989,1.000000,0,0,0,0
1740,25,448,1287,0.999568,1.000000,0.999989,1.000000,0,0,0,0
1741,23,448,1288,0.999568,1.000000,0.999989,1.000000,0,0,0,0
1742,21,448,1289,0.999568,1.000000,0.999989,1.000000,0,0,0,0
1743,19,448,1290,0.999568,1.000000,0.999989,1.000000,0,0,0,0
1744,17,448,1291,0.999568,1.000000,0.999989,1.000000,0,0,0,0
1745,15,448,1292,0.999568,1.000000,0.999989,1.000000,0,0,0,0
1746,13,448,1293,0.999568,1.000000,0.999989,1.000000,0,0,0,0
1747,11,448,1294,0.999568,1.000000,0.999989,1.000000,0,0,0,0
1748,9,448,1295,0.999568,1.000000,0.999988,1.000000,0,0,0,1
1749,7,448,1296,0.999568,1.000000,0.999989,1.000000,0,0,1,0
1750,5,448,1297,0.999613,1.000000,0.999989,1.000000,1,0,0,0
1751,29,449,1297,0.999657,1.000000,0.999989,1.000000,1,0,0,0
1752,27,449,1298,0.999661,1.000000,0.999989,1.000000,0,0,0,0
1753,29,450,1298,0.999661,1.000000,0.999989,1.000000,0,0,0,0
1754,27,450,1299,0.999661,1.000000,0.999989,1.000000,0,0,0,1
1755,25,450,1300,0.999696,1.000000,0.999988,1.000000,1,0,0,1
1756,29,451,1300,0.999731,1.000000,0.999987,1.000000,1,0,0,1
1757,27,451,1301,0.999761,1.000000,0.999987,1.000000,1,0,0,0
1758,29,452,1301,0.999788,1.000000,0.999987,1.000000,1,0,0,0
1759,27,452,1302,0.999802,1.000000,0.999987,1.000000,1,1,0,1
1760,29,453,1302,0.999813,1.000000,0.999986,1.000000,1,1,0,1
1761,27,453,1303,0.999814,1.000000,0.999986,1.000000,0,0,0,0
1762,29,454,1303,0.999814,1.000000,0.999986,1.000000,0,0,0,0
1763,27,454,1304,0.999814,1.000000,0.999986,1.000000,0,0,0,0
1764,25,454,1305,0.999814,1.000000,0.999986,1.000000,0,0,0,0
1765,23,454,1306,0.999814,1.000000,0.999986,1.000000,0,0,0,0
1766,21,454,1307,0.999814,1.000000,0.999986,1.000000,0,0,0,0
1767,19,454,1308,0.999814,1.000000,0.999986,1.000000,0,0,0,0
1768,17,454,1309,0.999814,1.000000,0.999986,1.000000,0,0,0,0
1769,15,454,1310,0.999814,1.000000,0.999986,1.000000,0,0,0,0
1770,13,454,1311,0.999814,1.000000,0.999986,1.000000,0,0,1,1
1771,11,454,1312,0.999814,1.000000,0.999986,1.000000,0,0,0,0
1772,29,455,1312,0.999814,1.000000,0.999986,1.000000,0,0,0,1
1773,27,455,1313,0.999814,1.000000,0.999986,1.000000,0,0,0,0
1774,29,456,1313,0.999834,1.000000,0.999986,1.000000,1,0,0,0
1775,27,456,1314,0.999853,1.000000,0.999985,1.000000,1,0,0,1
1776,25,456,1315,0.999846,1.000000,0.999984,1.000000,0,1,0,1
1777,23,456,1316,0.999853,1.000000,0.999983,1.000000,1,1,0,1
1778,29,457,1316,0.999862,1.000000,0.999982,1.000000,1,1,0,1
1779,27,457,1317,0.999863,1.000000,0.999982,1.000000,0,0,0,0
1780,29,458,1317,0.999863,1.000000,0.999982,1.000000,0,0,0,0
1781,27,458,1318,0.999863,1.000000,0.999982,1.000000,0,0,0,0
1782,25,458,1319,0.999863,1.000000,0.999982,1.000000,0,0,0,0
1783,23,458,1320,0.999863,1.000000,0.999982,1.000000,0,0,0,0
1784,21,458,1321,0.999863,1.000000,0.999982,1.000000,0,0,0,0
1785,19,458,1322,0.999855,1.000000,0.999982,1.000000,0,1,0,0
1786,17,458,1323,0.999854,1.000000,0.999982,1.000000,0,0,0,0
1787,29,459,1323,0.999854,1.000000,0.999982,1.000000,0,0,0,0
1788,27,459,1324,0.999854,1.000000,0.999984,1.000000,0,0,1,0
1789,25,459,1325,0.999846,1.000000,0.999984,1.000000,0,1,0,0
1790,23,459,1326,0.999836,1.000000,0.999985,1.000000,0,1,1,1
1791,21,459,1327,0.999853,1.000000,0.999986,1.000000,1,0,1,0
1792,29,460,1327,0.999870,1.000000,0.999988,1.000000,1,0,1,0
1793,27,460,1328,0.999864,1.000000,0.999987,1.000000,0,1,0,1
1794,29,461,1328,0.999855,1.000000,0.999987,1.000000,0,1,0,1
1795,27,461,1329,0.999854,1.000000,0.999987,1.000000,0,0,0,0
1796,29,462,1329,0.999854,1.000000,0.999987,1.000000,0,0,0,0
1797,27,462,1330,0.999854,1.000000,0.999987,1.000000,0,0,0,0
1798,25,462,1331,0.999854,1.000000,0.999987,1.000000,0,0,0,0
1799,23,462,1332,0.999854,1.000000,0.999987,1.000000,0,0,0,0
1800,21,462,1333,0.999854,1.000000,0.999987,1.000000,0,0,0,0
1801,19,462,1334,0.999854,1.000000,0.999987,1.000000,0,0,0,0
1802,17,462,1335,0.999854,1.000000,0.999987,1.000000,0,0,0,0
1803,15,462,1336,0.999854,1.000000,0.999987,1.000000,0,0,0,0
1804,13,462,1337,0.999854,1.000000,0.999987,1.000000,0,0,0,0
1805,11,462,1338,0.999854,1.000000,0.999987,1.000000,0,0,0,0
1806,9,462,1339,0.999854,1.000000,0.999987,1.000000,0,0,0,0
1807,7,462,1340,0.999854,1.000000,0.999987,1.000000,0,0,0,0
1808,5,462,1341,0.999854,1.000000,0.999987,1.000000,0,0,0,0
1809,3,462,1342,0.999870,1.000000,0.999987,1.000000,1,0,0,0
1810,1,462,1343,0.999871,1.000000,0.999987,1.000000,0,0,0,0
1811,29,463,1343,0.999871,1.000000,0.999987,1.000000,0,0,0,0
1812,27,463,1344,0.999871,1.000000,0.999987,1.000000,0,0,0,0
1813,25,463,1345,0.999884,1.000000,0.999987,1.000000,1,0,0,0
1814,23,463,1346,0.999898,1.000000,0.999987,1.000000,1,0,0,0
1815,29,464,1346,0.999909,1.000000,0.999987,1.000000,1,0,0,0
1816,27,464,1347,0.999920,1.000000,0.999987,1.000000,1,0,0,0
1817,29,465,1347,0.999929,1.000000,0.999987,1.000000,1,0,0,0
1818,27,465,1348,0.999929,1.000000,0.999987,1.000000,0,0,0,0
1819,25,465,1349,0.999929,1.000000,0.999987,1.000000,0,0,0,0
1820,23,465,1350,0.999929,1.000000,0.999987,1.000000,0,0,0,0
1821,21,465,1351,0.999937,1.000000,0.999987,1.000000,1,0,0,0
1822,19,465,1352,0.999937,1.000000,0.999986,1.000000,0,0,0,1
1823,29,466,1352,0.999937,1.000000,0.999985,1.000000,0,0,0,1
1824,27,466,1353,0.999937,1.000000,0.999985,1.000000,0,0,0,0
1825,29,467,1353,0.999937,1.000000,0.999985,1.000000,0,0,0,0
1826,27,467,1354,0.999937,1.000000,0.999985,1.000000,0,0,0,0
1827,25,467,1355,0.999937,1.000000,0.999985,1.000000,0,0,0,0
1828,23,467,1356,0.999937,1.000000,0.999985,1.000000,0,0,0,0
1829,21,467,1357,0.999937,1.000000,0.999986,1.000000,0,0,1,0
1830,19,467,1358,0.999937,1.000000,0.999987,1.000000,0,0,0,0
1831,29,468,1358,0.999937,1.000000,0.999987,1.000000,0,0,0,0
1832,27,468,1359,0.999937,1.000000,0.999987,1.000000,0,0,0,0
1833,25,468,1360,0.999944,1.000000,0.999987,1.000000,1,0,0,0
1834,23,468,1361,0.999950,1.000000,0.999987,1.000000,1,0,0,0
1835,29,469,1361,0.999956,1.000000,0.999987,1.000000,1,0,0,0
1836,27,469,1362,0.999954,1.000000,0.999987,1.000000,0,1,0,0
1837,29,470,1362,0.999951,1.000000,0.999987,1.000000,0,1,0,0
1838,27,470,1363,0.999951,1.000000,0.999987,1.000000,0,0,0,0
1839,29,471,1363,0.999951,1.000000,0.999987,1.000000,0,0,0,0
1840,27,471,1364,0.999951,1.000000,0.999987,1.000000,0,0,0,0
1841,25,471,1365,0.999951,1.000000,0.999987,1.000000,0,0,0,0
1842,23,471,1366,0.999951,1.000000,0.999987,1.000000,0,0,0,0
1843,21,471,1367,0.999951,1.000000,0.999987,1.000000,0,0,0,0
1844,19,471,1368,0.999956,1.000000,0.999987,1.000000,1,0,0,0
1845,17,471,1369,0.999961,1.000000,0.999986,1.000000,1,0,0,1
1846,29,472,1369,0.999965,1.000000,0.999985,1.000000,1,0,0,1
1847,27,472,1370,0.999966,1.000000,0.999985,1.000000,0,0,0,0
1848,29,473,1370,0.999966,1.000000,0.999985,1.000000,0,0,0,0
1849,27,473,1371,0.999966,1.000000,0.999985,1.000000,0,0,0,0
1850,25,473,1372,0.999966,1.000000,0.999985,1.000000,0,0,0,0
1851,23,473,1373,0.999966,1.000000,0.999985,1.000000,0,0,0,0
1852,21,473,1374,0.999966,1.000000,0.999985,1.000000,0,0,0,0
1853,19,473,1375,0.999966,1.000000,0.999984,1.000000,0,0,0,1
1854,17,473,1376,0.999966,1.000000,0.999984,1.000000,0,0,0,0
1855,29,474,1376,0.999966,1.000000,0.999984,1.000000,0,0,0,0
1856,27,474,1377,0.999966,1.000000,0.999986,1.000000,0,0,1,0
1857,25,474,1378,0.999966,1.000000,0.999985,1.000000,0,0,0,1
1858,29,475,1378,0.999966,1.000000,0.999984,1.000000,0,0,0,1
1859,27,475,1379,0.999966,1.000000,0.999984,1.000000,0,0,0,0
1860,29,476,1379,0.999966,1.000000,0.999984,1.000000,0,0,0,0
1861,27,476,1380,0.999966,1.000000,0.999984,1.000000,0,0,0,0
1862,25,476,1381,0.999966,1.000000,0.999984,1.000000,0,0,0,0
1863,23,476,1382,0.999966,1.000000,0.999984,1.000000,0,0,0,0
1864,21,476,1383,0.999966,1.000000,0.999984,1.000000,0,0,0,0
1865,19,476,1384,0.999966,1.000000,0.999983,1.000000,0,0,0,1
1866,17,476,1385,0.999966,1.000000,0.999983,1.000000,0,0,0,0
1867,29,477,1385,0.999966,1.000000,0.999983,1.000000,0,0,0,0
1868,27,477,1386,0.999966,1.000000,0.999983,1.000000,0,0,0,0
1869,25,477,1387,0.999966,1.000000,0.999983,1.000000,0,0,0,0
1870,23,477,1388,0.999966,1.000000,0.999983,1.000000,0,0,0,0
1871,21,477,1389,0.999966,1.000000,0.999983,1.000000,0,0,0,0
1872,19,477,1390,0.999966,1.000000,0.999983,1.000000,0,0,0,0
1873,17,477,1391,0.999966,1.000000,0.999983,1.000000,0,0,0,0
1874,15,477,1392,0.999966,1.000000,0.999983,1.000000,0,0,0,0
1875,13,477,1393,0.999966,1.000000,0.999983,1.000000,0,0,0,0
1876,11,477,1394,0.999966,1.000000,0.999983,1.000000,0,0,0,0
1877,9,477,1395,0.999966,1.000000,0.999983,1.000000,0,0,0,0
1878,7,477,1396,0.999966,1.000000,0.999982,1.000000,0,0,0,1
1879,5,477,1397,0.999966,1.000000,0.999984,1.000000,0,0,1,0
1880,29,478,1397,0.999966,1.000000,0.999986,1.000000,0,0,1,0
1881,27,478,1398,0.999966,1.000000,0.999986,1.000000,0,0,0,0
1882,29,479,1398,0.999966,1.000000,0.999986,1.000000,0,0,0,0
1883,27,479,1399,0.999966,1.000000,0.999987,1.000000,0,0,1,0
1884,25,479,1400,0.999966,1.000000,0.999987,1.000000,0,0,0,0
1885,29,480,1400,0.999966,1.000000,0.999987,1.000000,0,0,0,0
1886,27,480,1401,0.999966,1.000000,0.999987,1.000000,0,0,0,0
1887,25,480,1402,0.999966,1.000000,0.999987,1.000000,0,0,0,0
1888,23,480,1403,0.999966,1.000000,0.999987,1.000000,0,0,0,0
1889,21,480,1404,0.999966,1.000000,0.999987,1.000000,0,0,0,0
1890,19,480,1405,0.999966,1.000000,0.999987,1.000000,0,0,0,0
1891,17,480,1406,0.999966,1.000000,0.999987,1.000000,0,0,0,0
1892,15,480,1407,0.999966,1.000000,0.999987,1.000000,0,0,0,1
1893,13,480,1408,0.999966,1.000000,0.999987,1.000000,0,0,0,0
1894,11,480,1409,0.999969,1.000000,0.999986,1.000000,1,0,0,1
1895,9,480,1410,0.999970,1.000000,0.999985,1.000000,0,0,0,1
1896,29,481,1410,0.999970,1.000000,0.999984,1.000000,0,0,0,1
1897,27,481,1411,0.999970,1.000000,0.999985,1.000000,0,0,1,1
1898,29,482,1411,0.999970,1.000000,0.999986,1.000000,0,0,1,1
1899,27,482,1412,0.999970,1.000000,0.999986,1.000000,0,0,0,0
1900,29,483,1412,0.999970,1.000000,0.999986,1.000000,0,0,0,0
1901,27,483,1413,0.999970,1.000000,0.999986,1.000000,0,0,0,0
1902,25,483,1414,0.999970,1.000000,0.999986,1.000000,0,0,0,0
1903,23,483,1415,0.999973,1.000000,0.999987,1.000000,1,0,1,0
1904,21,483,1416,0.999973,1.000000,0.999987,1.000000,0,0,0,0
1905,29,484,1416,0.999973,1.000000,0.999987,1.000000,0,0,0,0
1906,27,484,1417,0.999976,1.000000,0.999987,1.000000,1,0,0,0
1907,25,484,1418,0.999979,1.000000,0.999987,1.000000,1,0,0,0
1908,23,484,1419,0.999979,1.000000,0.999989,1.000000,0,0,1,0
1909,29,485,1419,0.999979,1.000000,0.999990,1.000000,0,0,1,0
1910,27,485,1420,0.999979,1.000000,0.999990,1.000000,0,0,0,0
1911,29,486,1420,0.999979,1.000000,0.999990,1.000000,0,0,0,0
1912,27,486,1421,0.999979,1.000000,0.999990,1.000000,0,0,0,0
1913,25,486,1422,0.999979,1.000000,0.999990,1.000000,0,0,0,0
1914,23,486,1423,0.999981,1.000000,0.999991,1.000000,1,0,1,0
1915,21,486,1424,0.999981,1.000000,0.999991,1.000000,0,0,0,0
1916,29,487,1424,0.999981,1.000000,0.999991,1.000000,0,0,0,0
1917,27,487,1425,0.999981,1.000000,0.999991,1.000000,0,0,0,0
1918,25,487,1426,0.999982,1.000000,0.999991,1.000000,1,1,0,0
1919,23,487,1427,0.999982,1.000000,0.999991,1.000000,0,0,0,0
1920,29,488,1427,0.999982,1.000000,0.999991,1.000000,0,0,0,0
1921,27,488,1428,0.999982,1.000000,0.999991,1.000000,0,0,0,1
1922,25,488,1429,0.999984,1.000000,0.999991,1.000000,1,0,0,0
1923,29,489,1429,0.999986,1.000000,0.999991,1.000000,1,0,0,0
1924,27,489,1430,0.999986,1.000000,0.999991,1.000000,0,0,0,0
1925,25,489,1431,0.999986,1.000000,0.999991,1.000000,0,0,0,0
1926,23,489,1432,0.999985,1.000000,0.999991,1.000000,0,1,0,0
1927,21,489,1433,0.999985,1.000000,0.999992,1.000000,0,0,1,0
1928,29,490,1433,0.999985,1.000000,0.999993,1.000000,0,0,1,0
1929,27,490,1434,0.999985,1.000000,0.999993,1.000000,0,0,0,0
1930,29,491,1434,0.999985,1.000000,0.999993,1.000000,0,0,0,0
1931,27,491,1435,0.999985,1.000000,0.999993,1.000000,0,0,1,0
1932,25,491,1436,0.999985,1.000000,0.999994,1.000000,0,0,0,0
1933,23,491,1437,0.999985,1.000000,0.999993,1.000000,0,0,0,1
1934,21,491,1438,0.999985,1.000000,0.999993,1.000000,0,0,0,0
1935,29,492,1438,0.999985,1.000000,0.999993,1.000000,0,0,0,0
1936,27,492,1439,0.999985,1.000000,0.999993,1.000000,0,0,0,0
1937,25,492,1440,0.999985,1.000000,0.999993,1.000000,0,0,0,0
1938,23,492,1441,0.999984,1.000000,0.999993,1.000000,0,1,0,0
1939,21,492,1442,0.999984,1.000000,0.999994,1.000000,0,0,1,0
1940,29,493,1442,0.999984,1.000000,0.999995,1.000000,0,0,1,0
1941,27,493,1443,0.999984,1.000000,0.999995,1.000000,0,1,0,0
1942,29,494,1443,0.999982,1.000000,0.999995,1.000000,0,1,0,0
1943,27,494,1444,0.999982,1.000000,0.999995,1.000000,0,0,0,0
1944,25,494,1445,0.999981,1.000000,0.999995,1.000000,0,1,0,0
1945,23,494,1446,0.999981,1.000000,0.999995,1.000000,0,0,0,0
1946,29,495,1446,0.999981,1.000000,0.999995,1.000000,0,0,0,0
1947,27,495,1447,0.999981,1.000000,0.999995,1.000000,0,0,0,0
1948,25,495,1448,0.999981,1.000000,0.999995,1.000000,0,0,0,0
1949,23,495,1449,0.999981,1.000000,0.999995,1.000000,0,0,0,0
1950,21,495,1450,0.999981,1.000000,0.999995,1.000000,0,0,0,0
1951,19,495,1451,0.999981,1.000000,0.999994,1.000000,0,0,0,1
1952,17,495,1452,0.999981,1.000000,0.999994,1.000000,0,0,0,0
1953,29,496,1452,0.999981,1.000000,0.999994,1.000000,0,0,0,0
1954,27,496,1453,0.999981,1.000000,0.999994,1.000000,0,0,0,0
1955,25,496,1454,0.999981,1.000000,0.999994,1.000000,0,0,0,0
1956,23,496,1455,0.999983,1.000000,0.999994,1.000000,1,0,0,0
1957,21,496,1456,0.999985,1.000000,0.999994,1.000000,1,0,0,0
1958,29,497,1456,0.999987,1.000000,0.999994,1.000000,1,0,0,0
1959,27,497,1457,0.999987,1.000000,0.999994,1.000000,0,0,0,0
1960,29,498,1457,0.999987,1.000000,0.999994,1.000000,0,0,0,0
1961,27,498,1458,0.999988,1.000000,0.999994,1.000000,1,1,0,0
1962,25,498,1459,0.999988,1.000000,0.999994,1.000000,0,0,0,0
1963,29,499,1459,0.999988,1.000000,0.999994,1.000000,0,0,0,0
1964,27,499,1460,0.999989,1.000000,0.999994,1.000000,1,0,0,0
1965,25,499,1461,0.999990,1.000000,0.999994,1.000000,1,0,0,0
1966,29,500,1461,0.999992,1.000000,0.999994,1.000000,1,0,0,0
1967,27,500,1462,0.999993,1.000000,0.999994,1.000000,1,0,0,0
1968,29,501,1462,0.999993,1.000000,0.999994,1.000000,1,0,0,0
1969,27,501,1463,0.999993,1.000000,0.999994,1.000000,0,1,0,1
1970,29,502,1463,0.999993,1.000000,0.999994,1.000000,0,1,0,1
1971,27,502,1464,0.999993,1.000000,0.999994,1.000000,1,0,0,0
1972,29,503,1464,0.999994,1.000000,0.999994,1.000000,1,0,0,0
1973,27,503,1465,0.999995,1.000000,0.999994,1.000000,1,0,0,0
1974,29,504,1465,0.999995,1.000000,0.999994,1.000000,1,0,0,0
1975,27,504,1466,0.999995,1.000000,0.999993,1.000000,0,0,0,1
1976,25,504,1467,0.999995,1.000000,0.999993,1.000000,0,1,0,0
1977,29,505,1467,0.999995,1.000000,0.999993,1.000000,0,1,0,0
1978,27,505,1468,0.999995,1.000000,0.999993,1.000000,0,0,0,0
1979,29,506,1468,0.999995,1.000000,0.999993,1.000000,0,0,0,0
1980,27,506,1469,0.999995,1.000000,0.999993,1.000000,0,1,0,0
1981,25,506,1470,0.999994,1.000000,0.999993,1.000000,0,1,0,0
1982,29,507,1470,0.999994,1.000000,0.999993,1.000000,0,1,0,0
1983,27,507,1471,0.999993,1.000000,0.999993,1.000000,0,1,0,0
1984,29,508,1471,0.999993,1.000000,0.999993,1.000000,0,1,0,0
1985,27,508,1472,0.999993,1.000000,0.999993,1.000000,0,0,0,0
1986,29,509,1472,0.999993,1.000000,0.999993,1.000000,0,0,0,0
1987,27,509,1473,0.999993,1.000000,0.999993,1.000000,0,0,0,0
1988,25,509,1474,0.999993,1.000000,0.999993,1.000000,0,0,0,0
1989,23,509,1475,0.999993,1.000000,0.999993,1.000000,0,0,0,0
1990,21,509,1476,0.999993,1.000000,0.999993,1.000000,0,0,0,0
1991,19,509,1477,0.999993,1.000000,0.999993,1.000000,0,0,0,1
1992,17,509,1478,0.999993,1.000000,0.999993,1.000000,0,0,0,0
1993,15,509,1479,0.999993,1.000000,0.999993,1.000000,0,0,1,0
1994,13,509,1480,0.999993,1.000000,0.999993,1.000000,0,0,0,1
1995,29,510,1480,0.999993,1.000000,0.999993,1.000000,0,0,0,1
1996,27,510,1481,0.999993,1.000000,0.999993,1.000000,0,0,1,1
1997,25,510,1482,0.999994,1.000000,0.999994,1.000000,1,0,1,0
1998,23,510,1483,0.999994,1.000000,0.999994,1.000000,1,0,0,0
1999,29,511,1483,0.999995,1.000000,0.999994,1.000000,1,0,0,0
2000,27,511,1484,0.999996,1.000000,0.999994,1.000000,1,0,0,0
